# https://github.com/mikedh/trimesh
mtllib material.mtl
usemtl material_0
v -0.17419054 0.25403607 0.00000000
v -0.16272380 0.26037346 0.00000000
v -0.15126395 0.26670706 0.00000000
v -0.13979721 0.27304446 0.00000000
v -0.12833735 0.27937806 0.00000000
v -0.11687062 0.28571545 0.00000000
v -0.10541076 0.29204905 0.00000000
v -0.10150786 0.28417344 0.01641262
v -0.09637874 0.26809764 0.02521676
v -0.09076252 0.25017844 0.02781316
v -0.08534122 0.23642620 0.02781316
v -0.07958089 0.22278484 0.02781316
v -0.07345062 0.20932375 0.02781316
v -0.06688702 0.19607010 0.02781316
v -0.05982306 0.18308935 0.02781316
v -0.05215586 0.17044004 0.02781316
v -0.04377595 0.15825071 0.02781316
v -0.03454437 0.14670437 0.02781316
v -0.02427834 0.13606153 0.02781316
v -0.01280338 0.12675306 0.02781316
v 0.00000000 0.11940095 0.02781316
v 0.01280338 0.12675306 0.02781316
v 0.02427834 0.13606153 0.02781316
v 0.03454437 0.14670437 0.02781316
v 0.04377595 0.15825071 0.02781316
v 0.05215586 0.17044004 0.02781316
v 0.05982306 0.18308935 0.02781316
v 0.06688702 0.19607010 0.02781316
v 0.07345062 0.20932375 0.02781316
v 0.07958089 0.22278484 0.02781316
v 0.08534122 0.23642620 0.02781316
v 0.09076252 0.25017844 0.02781316
v 0.09637874 0.26809764 0.02521676
v 0.10150786 0.28417344 0.01641262
v 0.10541076 0.29204905 0.00000000
v 0.11687750 0.28571165 0.00000000
v 0.12833735 0.27937806 0.00000000
v 0.13980409 0.27304066 0.00000000
v 0.15126395 0.26670706 0.00000000
v 0.16273068 0.26036966 0.00000000
v 0.17419054 0.25403607 0.00000000
v 0.17452697 0.24541000 0.01671719
v 0.17548159 0.22828399 0.02548795
v 0.17695900 0.20958903 0.02781316
v 0.17866340 0.19486175 0.02781316
v 0.18086100 0.18017423 0.02781316
v 0.18362991 0.16558154 0.02781316
v 0.18706595 0.15114876 0.02781316
v 0.19129766 0.13692930 0.02781316
v 0.19648712 0.12301906 0.02781316
v 0.20507341 0.10639084 0.02545867
v 0.21441828 0.09208700 0.01670912
v 0.21982341 0.08536800 0.00000000
v 0.21997317 0.07050533 0.00000000
v 0.22012337 0.05559804 0.00000000
v 0.22027312 0.04073537 0.00000000
v 0.22042288 0.02587271 0.00000000
v 0.22057263 0.01101004 0.00000000
v 0.22072283 -0.00389726 0.00000000
v 0.22087259 -0.01875992 0.00000000
v 0.22102234 -0.03362259 0.00000000
v 0.22117254 -0.04852988 0.00000000
v 0.22132230 -0.06339255 0.00000000
v 0.22147205 -0.07825521 0.00000000
v 0.22162225 -0.09316251 0.00000000
v 0.22177201 -0.10802517 0.00000000
v 0.22192176 -0.12288784 0.00000000
v 0.22207152 -0.13775050 0.00000000
v 0.22222172 -0.15265780 0.00000000
v 0.22237147 -0.16752047 0.00000000
v 0.22252123 -0.18238313 0.00000000
v 0.22267143 -0.19729043 0.00000000
v 0.22282118 -0.21215309 0.00000000
v 0.22297094 -0.22701576 0.00000000
v 0.22312114 -0.24192306 0.00000000
v 0.22327089 -0.25678572 0.00000000
v 0.22342065 -0.27164839 0.00000000
v 0.22357040 -0.28651105 0.00000000
v 0.22372060 -0.30141835 0.00000000
v 0.22387036 -0.31628101 0.00000000
v 0.22402011 -0.33114368 0.00000000
v 0.22417031 -0.34605097 0.00000000
v 0.22432007 -0.36091364 0.00000000
v 0.21556569 -0.36089579 0.01682088
v 0.19825182 -0.36096435 0.02556714
v 0.17945157 -0.36104773 0.02781316
v 0.16451036 -0.36109238 0.02781316
v 0.14954671 -0.36113709 0.02781316
v 0.13458307 -0.36118181 0.02781316
v 0.11964186 -0.36122646 0.02781316
v 0.10467821 -0.36127118 0.02781316
v 0.08973700 -0.36131583 0.02781316
v 0.07477336 -0.36136055 0.02781316
v 0.05980971 -0.36140527 0.02781316
v 0.04486850 -0.36144992 0.02781316
v 0.02990486 -0.36149464 0.02781316
v 0.01496364 -0.36153929 0.02781316
v 0.00000000 -0.36158400 0.02781316
v -0.01496364 -0.36153929 0.02781316
v -0.02990486 -0.36149464 0.02781316
v -0.04486850 -0.36144992 0.02781316
v -0.05980971 -0.36140527 0.02781316
v -0.07477336 -0.36136055 0.02781316
v -0.08973700 -0.36131583 0.02781316
v -0.10467821 -0.36127118 0.02781316
v -0.11964186 -0.36122646 0.02781316
v -0.13458307 -0.36118181 0.02781316
v -0.14954671 -0.36113709 0.02781316
v -0.16451036 -0.36109238 0.02781316
v -0.17945157 -0.36104773 0.02781316
v -0.19825182 -0.36096435 0.02556714
v -0.21556569 -0.36089579 0.01682088
v -0.22432007 -0.36091364 0.00000000
v -0.22417031 -0.34605097 0.00000000
v -0.22402011 -0.33114368 0.00000000
v -0.22387036 -0.31628101 0.00000000
v -0.22372060 -0.30141835 0.00000000
v -0.22357085 -0.28655568 0.00000000
v -0.22342065 -0.27164839 0.00000000
v -0.22327089 -0.25678572 0.00000000
v -0.22312114 -0.24192306 0.00000000
v -0.22297094 -0.22701576 0.00000000
v -0.22282118 -0.21215309 0.00000000
v -0.22267143 -0.19729043 0.00000000
v -0.22252123 -0.18238313 0.00000000
v -0.22237147 -0.16752047 0.00000000
v -0.22222172 -0.15265780 0.00000000
v -0.22207196 -0.13779514 0.00000000
v -0.22192176 -0.12288784 0.00000000
v -0.22177201 -0.10802517 0.00000000
v -0.22162225 -0.09316251 0.00000000
v -0.22147205 -0.07825521 0.00000000
v -0.22132230 -0.06339255 0.00000000
v -0.22117254 -0.04852988 0.00000000
v -0.22102234 -0.03362259 0.00000000
v -0.22087259 -0.01875992 0.00000000
v -0.22072283 -0.00389726 0.00000000
v -0.22057308 0.01096541 0.00000000
v -0.22042288 0.02587271 0.00000000
v -0.22027312 0.04073537 0.00000000
v -0.22012337 0.05559804 0.00000000
v -0.21997317 0.07050533 0.00000000
v -0.21982341 0.08536800 0.00000000
v -0.21441828 0.09208700 0.01670912
v -0.20507341 0.10639084 0.02545867
v -0.19648712 0.12301906 0.02781316
v -0.19129766 0.13692930 0.02781316
v -0.18706595 0.15114876 0.02781316
v -0.18362991 0.16558154 0.02781316
v -0.18086100 0.18017423 0.02781316
v -0.17866340 0.19486175 0.02781316
v -0.17695900 0.20958903 0.02781316
v -0.17548159 0.22828399 0.02548795
v -0.17452697 0.24541000 0.01671719
v -0.12886213 -0.29121801 0.02781316
v 0.19664015 -0.20234190 0.02557086
v -0.17958195 -0.08741798 0.02780544
v 0.07084451 -0.33179804 0.02781316
v -0.11163806 -0.02834035 0.02781316
v -0.06371185 0.16706962 0.02781316
v 0.03065354 0.01952905 0.02781316
v 0.17427407 -0.07405102 0.02781316
v -0.12197891 0.25459988 0.02518876
v 0.15762441 0.20842502 0.02781316
v 0.02594419 -0.12390590 0.02781316
v -0.08168626 0.21181459 0.02781316
v 0.17496955 -0.04350000 0.02781316
v 0.10714453 0.15114611 0.02781316
v 0.13268147 0.02859452 0.02781316
v 0.17299092 -0.24401594 0.02781316
v 0.08155490 0.03563782 0.02781316
v 0.15976955 -0.17931167 0.02781316
v 0.08276343 -0.35743428 0.02781316
v 0.08138105 -0.09924886 0.02781316
v 0.01350033 -0.17049033 0.02781316
v -0.12146196 0.10224757 0.02781316
v 0.13735700 -0.11471030 0.02781316
v 0.05210307 -0.10019293 0.02781316
v -0.12289280 0.22688722 0.02781316
v 0.07596095 -0.05233635 0.02781316
v -0.00149180 -0.07639989 0.02781316
v 0.08846683 0.02841546 0.02781316
v -0.14902437 0.17110967 0.02781316
v -0.10464513 -0.11972309 0.02781316
v 0.09325556 0.03923457 0.02781316
v -0.06482945 -0.15674785 0.02781316
v 0.00569596 -0.28060823 0.02781316
v -0.06724409 -0.35138260 0.02781316
v -0.16703494 0.25078103 0.01450561
v -0.11920502 -0.21370273 0.02781316
v 0.07167166 -0.18872012 0.02781316
v 0.11732706 -0.31838089 0.02781316
v -0.09293426 -0.16762367 0.02781316
v 0.09985433 0.25844847 0.02690490
v -0.14754982 -0.30278901 0.02781316
v 0.18324084 -0.19595301 0.02771667
v -0.13698782 -0.17537352 0.02781316
v -0.13905646 -0.16372459 0.02781316
v -0.11202174 0.22566265 0.02781316
v 0.00933950 -0.26150974 0.02781316
v 0.13395629 0.27397494 0.00840679
v -0.11817688 -0.09729787 0.02781316
v -0.02558602 -0.20344856 0.02781316
v -0.05484491 -0.15738387 0.02781316
v -0.18349896 -0.02725971 0.02758164
v -0.13299407 -0.02118666 0.02781316
v 0.08387987 0.01907307 0.02781316
v -0.18211665 -0.27291002 0.02779195
v 0.02646261 0.12483048 0.02781316
v -0.04323101 -0.34001923 0.02781316
v 0.11721510 -0.04939541 0.02781316
v -0.17971876 0.00930547 0.02777919
v 0.14300532 0.23950519 0.02601923
v -0.21459793 0.00642595 0.01419457
v -0.06020155 -0.02256238 0.02781316
v 0.21856079 -0.02453498 0.00910665
v 0.08799446 -0.30974186 0.02781316
v 0.11280528 0.22006571 0.02781316
v 0.02908345 0.04191618 0.02781316
v -0.09160123 -0.03992802 0.02781316
v 0.18615750 0.01089172 0.02725387
v -0.04306372 0.00834443 0.02781316
v 0.19265202 -0.16727151 0.02645355
v 0.03004686 0.10159277 0.02781316
v -0.10097694 0.05376793 0.02781316
v -0.03178343 0.09631082 0.02781316
v 0.08246559 0.08196372 0.02781316
v 0.11159298 -0.05695950 0.02781316
v -0.06261507 -0.19726209 0.02781316
v -0.11854828 0.18835743 0.02781316
v -0.13468329 0.12605915 0.02781316
v -0.08384191 0.17006890 0.02781316
v -0.18806520 -0.32177755 0.02742754
v 0.04109997 -0.01267086 0.02781316
v -0.09431225 -0.31413860 0.02781316
v -0.14179403 0.20072390 0.02781316
v 0.19950560 -0.34777449 0.02516406
v -0.13102442 -0.19117015 0.02781316
v 0.21745385 0.04617964 0.00981208
v 0.06669871 -0.17801059 0.02781316
v -0.17836423 -0.14660811 0.02781316
v 0.05128788 -0.05291555 0.02781316
v 0.06828230 -0.19873561 0.02781316
v 0.08608858 -0.04948327 0.02781316
v 0.03179106 -0.05140615 0.02781316
v 0.03317426 0.00775309 0.02781316
v 0.06965546 -0.10228873 0.02781316
v -0.19222163 -0.13009965 0.02646526
v -0.14616931 0.16105340 0.02781316
v -0.21731577 -0.03036136 0.01124933
v 0.21755603 -0.04920743 0.01117536
v 0.19313006 0.10226148 0.02681702
v 0.09191760 -0.20007765 0.02781316
v 0.09745718 -0.32746074 0.02781316
v 0.15884340 -0.34554653 0.02781316
v -0.18535552 0.14354482 0.02781316
v -0.14809659 0.01401568 0.02781316
v 0.22054974 -0.10196662 0.00642036
v 0.04485082 -0.26056542 0.02781316
v 0.12550662 0.01088395 0.02781316
v -0.10951830 -0.05201782 0.02781316
v 0.06854857 -0.12905598 0.02781316
v -0.15573322 -0.06756945 0.02781316
v -0.02290662 -0.04213251 0.02781316
v 0.02958303 -0.00263238 0.02781316
v -0.02420926 -0.14074376 0.02781316
v -0.12052724 -0.08589315 0.02781316
v 0.15874833 0.25822608 0.01143605
v -0.17712308 -0.11724321 0.02781316
v 0.12626302 0.19171278 0.02781316
v -0.02958435 -0.24219173 0.02781316
v 0.14819270 0.01606676 0.02781316
v 0.14026096 0.09137835 0.02781316
v -0.15154458 -0.00373973 0.02781316
v -0.07813378 -0.11096229 0.02781316
v 0.17201946 -0.00277065 0.02781316
v 0.02334300 -0.06924253 0.02781316
v 0.20199263 -0.28282085 0.02410292
v -0.03260899 -0.14589343 0.02781316
v -0.00215974 -0.09373786 0.02781316
v -0.08883233 -0.33982958 0.02781316
v -0.12816870 0.03520785 0.02781316
v 0.12345140 0.12705141 0.02781316
v -0.05809411 -0.24001151 0.02781316
v 0.16957802 0.25312864 0.01024888
v 0.14607945 -0.00124602 0.02781316
v -0.12696977 -0.26506901 0.02781316
v 0.20069555 -0.11608562 0.02395859
v -0.02391206 0.08571423 0.02781316
v 0.12548814 0.00103643 0.02781316
v 0.05682255 -0.03456000 0.02781316
v -0.17601840 0.14218215 0.02781316
v -0.21176654 -0.32890457 0.01942987
v -0.14197854 0.18991678 0.02781316
v -0.15009365 0.05724516 0.02781316
v 0.12365155 0.03240437 0.02781316
v 0.04189000 0.01955063 0.02781316
v 0.14080231 0.13664134 0.02781316
v -0.17535115 0.13488104 0.02781316
v 0.00480120 0.10329859 0.02781316
v -0.00330546 0.07856362 0.02781316
v -0.15663827 -0.12017022 0.02781316
v -0.09528776 -0.15295577 0.02781316
v -0.03290525 -0.21351399 0.02781316
v -0.16858187 0.01157432 0.02781316
v 0.19767494 0.00507839 0.02460797
v -0.15466073 0.08096028 0.02781316
v -0.04774203 0.09443808 0.02781316
v 0.03645181 -0.24187072 0.02781316
v -0.18385206 -0.00235608 0.02752809
v 0.18002797 0.05175946 0.02775150
v -0.13594596 -0.12184774 0.02781316
v -0.11257196 0.14192850 0.02781316
v 0.14060389 -0.25976472 0.02781316
v 0.10916940 -0.23483312 0.02781316
v -0.20075031 -0.07844444 0.02379081
v 0.15301803 0.11881801 0.02781316
v -0.21207613 -0.27507269 0.01884886
v 0.17547793 -0.06342943 0.02781316
v 0.05163545 -0.00911200 0.02781316
v -0.12776220 -0.16724111 0.02781316
v -0.19062719 -0.05672143 0.02663769
v 0.02383805 0.05034041 0.02781316
v -0.15193861 0.03390815 0.02781316
v -0.03717572 0.08431945 0.02781316
v 0.19243524 -0.22908723 0.02662379
v 0.18788267 -0.27545747 0.02739597
v -0.11684495 -0.22883331 0.02781316
v 0.06786763 0.14786487 0.02781316
v 0.05361169 -0.08985023 0.02781316
v -0.09283535 -0.28131767 0.02781316
v -0.17108227 0.20022431 0.02781316
v 0.20318508 -0.15001603 0.02308316
v 0.11986580 0.21273696 0.02781316
v -0.03402343 -0.11185345 0.02781316
v 0.09852440 0.03035545 0.02781316
v -0.07675814 -0.34351405 0.02781316
v -0.10297850 -0.27737420 0.02781316
v -0.19025451 0.12834255 0.02781316
v -0.04355693 -0.07739753 0.02781316
v 0.06261013 -0.24506818 0.02781316
v -0.04897066 -0.29071063 0.02781316
v -0.18286292 0.04228112 0.02757618
v 0.09416289 0.24304307 0.02781316
v -0.20955380 -0.21366507 0.02010307
v -0.19150210 -0.18871641 0.02672433
v 0.15189200 -0.01654159 0.02781316
v -0.19873935 -0.29515090 0.02523537
v 0.13401047 -0.06648936 0.02781316
v -0.10657217 -0.21087091 0.02781316
v -0.07966020 -0.02364468 0.02781316
v 0.06790897 0.10307115 0.02781316
v 0.21878022 0.02070127 0.00773191
v -0.00428410 -0.03699904 0.02781316
v 0.00256943 -0.18872728 0.02781316
v 0.12408785 -0.01745865 0.02781316
v -0.11563640 -0.12397499 0.02781316
v -0.06162333 -0.16555699 0.02781316
v 0.11570634 -0.13952096 0.02781316
v 0.07653835 -0.28285545 0.02781316
v 0.07522932 0.05229066 0.02781316
v 0.15570362 -0.10461370 0.02781316
v 0.21273584 -0.08456512 0.01685964
v -0.00378876 -0.30267721 0.02781316
v 0.18484169 -0.11568397 0.02754212
v -0.11953911 -0.29180577 0.02781316
v -0.10713579 0.15623748 0.02781316
v -0.09038778 -0.14145401 0.02781316
v 0.07182779 0.18861428 0.02781316
v 0.14947097 0.00588488 0.02781316
v -0.03156353 -0.06090056 0.02781316
v 0.11056106 0.01710090 0.02781316
v -0.01138653 -0.22391339 0.02781316
v -0.04278480 -0.25597147 0.02781316
v -0.03759479 -0.35355410 0.02781316
v 0.12814412 -0.35489648 0.02781316
v -0.15180884 -0.12940449 0.02781316
v -0.00819073 -0.10234585 0.02781316
v 0.07022691 -0.32293493 0.02781316
v 0.13033481 0.04046504 0.02781316
v 0.06638360 0.07485188 0.02781316
v 0.16695234 0.21142272 0.02781316
v -0.08321935 -0.13287541 0.02781316
v -0.06166566 -0.27169941 0.02781316
v 0.17220982 0.19495063 0.02781316
v 0.12679466 -0.21141319 0.02781316
v 0.09417549 0.09711238 0.02781316
v -0.11930330 0.06693814 0.02781316
v 0.12920084 -0.00707534 0.02781316
v -0.02906000 -0.25705422 0.02781316
v -0.08992324 -0.05095659 0.02781316
v 0.04074448 -0.28123241 0.02781316
v 0.01214401 -0.22634337 0.02781316
v 0.01190627 -0.20257685 0.02781316
v 0.16596912 0.19288374 0.02781316
v 0.04780773 -0.19476120 0.02781316
v -0.18976704 -0.14195364 0.02694666
v -0.14857003 -0.17273268 0.02781316
v 0.16295729 0.17918767 0.02781316
v -0.16285852 0.15639016 0.02781316
v -0.05610766 0.14644569 0.02781316
v -0.20528064 -0.19937899 0.02235355
v 0.15127735 -0.08872596 0.02781316
v -0.07489993 -0.15797749 0.02781316
v 0.10346924 0.08296444 0.02781316
v -0.06408256 -0.07357304 0.02781316
v 0.15183890 0.08707038 0.02781316
v -0.15675985 0.25310709 0.01723100
v 0.14187039 -0.34193686 0.02781316
v -0.19444666 0.08095140 0.02538366
v -0.09207805 -0.23495656 0.02781316
v 0.03412396 -0.29112730 0.02781316
v 0.06180891 0.17266436 0.02781316
v -0.03505865 -0.28897577 0.02781316
v -0.19513980 -0.20697336 0.02597625
v -0.17261843 -0.00951829 0.02781316
v -0.18122266 -0.34769566 0.02781315
v -0.16500998 0.02793582 0.02781316
v -0.15974695 -0.10321927 0.02781316
v -0.01527193 -0.16043796 0.02781316
v -0.22088874 -0.14462277 0.00666308
v -0.13102303 0.13531458 0.02781316
v 0.09666114 -0.04285719 0.02781316
v -0.15808596 0.05875297 0.02781316
v 0.03767874 0.02843497 0.02781316
v 0.11617443 -0.34048658 0.02781316
v -0.04217035 -0.14177190 0.02781316
v -0.05190370 -0.31131070 0.02781316
v -0.10833742 0.27341432 0.02105073
v -0.19716158 -0.02230368 0.02487021
v 0.20230602 -0.09702475 0.02323167
v 0.08541169 -0.23139758 0.02781316
v -0.20473111 -0.35189813 0.02329228
v 0.12792183 -0.16981451 0.02781316
v 0.14686688 -0.28081132 0.02781316
v -0.12230604 0.04467579 0.02781316
v 0.17386216 -0.19976155 0.02781316
v 0.14397800 -0.07628197 0.02781316
v 0.15155300 -0.26760787 0.02781316
v -0.10445428 0.01852701 0.02781316
v 0.09290409 -0.09457892 0.02781316
v 0.21697207 -0.11042011 0.01280044
v 0.14933735 0.14888791 0.02781316
v 0.21257990 -0.26599227 0.01842227
v -0.02649950 -0.23377128 0.02781316
v 0.01432048 -0.09054542 0.02781316
v -0.13470559 -0.07101673 0.02781316
v -0.18228312 -0.30106821 0.02779481
v -0.02349072 -0.13096777 0.02781316
v 0.09410946 -0.15647643 0.02781316
v 0.16310088 0.24699750 0.01895092
v -0.07802405 -0.24489655 0.02781316
v -0.18139615 -0.12578682 0.02776832
v -0.11981709 -0.05956636 0.02781316
v 0.00590128 -0.03676424 0.02781316
v 0.02492128 0.09086765 0.02781316
v -0.07046564 -0.06450865 0.02781316
v -0.20497414 -0.15903370 0.02230551
v -0.11621955 0.03647067 0.02781316
v -0.03133470 -0.12359513 0.02781316
v 0.05331080 -0.14743673 0.02781316
v 0.04554824 -0.29400466 0.02781316
v 0.14814856 -0.24380382 0.02781316
v -0.12696002 0.00820779 0.02781316
v 0.21122530 -0.17321145 0.01872492
v 0.15544069 0.07663939 0.02781316
v 0.13256373 -0.18880327 0.02781316
v 0.01530759 -0.29946418 0.02781316
v 0.06308305 -0.08616839 0.02781316
v -0.18302084 -0.10745423 0.02767695
v -0.05062973 0.07027625 0.02781316
v -0.19709696 0.07057387 0.02457998
v 0.21678217 0.03234703 0.01110452
v 0.16312985 -0.08512884 0.02781316
v -0.17100508 -0.35128841 0.02781316
v 0.12186590 -0.23842184 0.02781316
v -0.02294053 -0.28996847 0.02781316
v 0.07537288 -0.14189397 0.02781316
v 0.09658007 0.11140009 0.02781316
v 0.13075061 -0.12422059 0.02781316
v 0.00506636 -0.08748286 0.02781316
v 0.16754146 -0.18364989 0.02781316
v -0.02824920 0.03028573 0.02781316
v -0.15251024 0.19051734 0.02781316
v -0.11332475 -0.27991138 0.02781316
v 0.01889706 -0.16082858 0.02781316
v 0.01615152 -0.32711734 0.02781316
v 0.05611024 -0.21428825 0.02781316
v 0.04290271 0.11883768 0.02781316
v -0.02380874 -0.05252291 0.02781316
v 0.13585344 -0.23800924 0.02781316
v -0.02375321 -0.33131601 0.02781316
v -0.19510158 -0.03474972 0.02552910
v -0.20588889 0.08024141 0.02052856
v 0.00058950 -0.04781292 0.02781316
v 0.04034116 0.08342818 0.02781316
v 0.00284077 -0.17773750 0.02781316
v -0.21784610 0.07366139 0.00857666
v -0.00643758 -0.21142230 0.02781316
v 0.14068496 0.15553294 0.02781316
v 0.16987479 0.22217272 0.02691479
v 0.14558152 0.12727351 0.02781316
v 0.09739055 0.20784325 0.02781316
v -0.12882078 0.14937273 0.02781316
v 0.17722018 0.07156857 0.02781268
v -0.11239421 -0.14150343 0.02781316
v 0.04198658 -0.23152171 0.02781316
v -0.03243736 -0.34349513 0.02781316
v -0.17152079 -0.23461600 0.02781316
v 0.03315108 -0.13268765 0.02781316
v -0.08084213 -0.05679860 0.02781316
v 0.17257943 -0.32885213 0.02781316
v -0.17585253 0.17272089 0.02781316
v 0.06412348 0.02889510 0.02781316
v 0.03494120 0.13408402 0.02781316
v -0.10933993 0.06305887 0.02781316
v 0.03573226 0.12319919 0.02781316
v -0.20053098 -0.13712905 0.02410057
v 0.08775947 -0.27326732 0.02781316
v -0.11359374 -0.04030306 0.02781316
v -0.11848654 -0.14976988 0.02781316
v 0.10997054 0.00805134 0.02781316
v -0.07703092 -0.22665407 0.02781316
v 0.12768279 0.09178496 0.02781316
v -0.08467321 -0.20425452 0.02781316
v 0.09771446 -0.21240523 0.02781316
v 0.15751168 0.00037174 0.02781316
v 0.17941349 -0.30825503 0.02781316
v -0.18402345 -0.17796255 0.02765753
v 0.03167054 -0.03874893 0.02781316
v -0.10109712 0.08939329 0.02781316
v -0.03477884 -0.01089543 0.02781316
v -0.09167694 -0.18125338 0.02781316
v -0.14886614 -0.35318913 0.02781316
v 0.09201000 -0.08204506 0.02781316
v 0.08131997 -0.02245866 0.02781316
v 0.02834429 -0.18983567 0.02781316
v 0.07567646 0.02660664 0.02781316
v 0.18482658 -0.05086921 0.02748092
v 0.13716861 -0.15390953 0.02781316
v -0.02296162 -0.01086709 0.02781316
v -0.13479018 -0.23283368 0.02781316
v -0.17745615 -0.15925447 0.02781316
v 0.01497645 -0.14058714 0.02781316
v 0.08362162 -0.32896265 0.02781316
v -0.11675835 -0.11182950 0.02781316
v -0.00609886 -0.16629772 0.02781316
v 0.13694858 -0.21651096 0.02781316
v -0.14648668 0.14572855 0.02781316
v 0.14528770 0.22657669 0.02762600
v -0.01536261 -0.23439541 0.02781316
v 0.13385100 -0.33463729 0.02781316
v -0.12454527 -0.07160639 0.02781316
v 0.16802970 0.15176034 0.02781316
v 0.17358664 0.00601198 0.02781316
v 0.11987131 0.06914040 0.02781316
v 0.12731458 -0.14683305 0.02781316
v 0.06391848 0.12334110 0.02781316
v 0.21538980 0.01359693 0.01320732
v 0.07444841 -0.20909326 0.02781316
v -0.05099574 -0.26552335 0.02781316
v -0.12184128 -0.04870972 0.02781316
v 0.08708391 -0.11906289 0.02781316
v -0.06300190 0.07121294 0.02781316
v -0.05677559 0.00583513 0.02781316
v 0.09516058 -0.01403250 0.02781316
v 0.12020341 -0.00793839 0.02781316
v 0.20190421 -0.27126715 0.02409249
v 0.17724134 -0.02173325 0.02781316
v 0.20942712 0.03884380 0.01848159
v 0.17108735 0.06074351 0.02781316
v 0.02847254 -0.26277852 0.02781316
v -0.17477079 0.11436498 0.02781316
v 0.00891550 -0.30711162 0.02781316
v -0.13959774 -0.19753953 0.02781316
v -0.21904948 -0.13382372 0.01017836
v 0.00082196 -0.31370066 0.02781316
v 0.02382403 -0.22094464 0.02781316
v -0.02506710 -0.16387431 0.02781316
v 0.15214732 -0.12399106 0.02781316
v 0.04931741 -0.35277077 0.02781316
v 0.00429801 -0.13694359 0.02781316
v 0.10285312 0.21659676 0.02781316
v -0.08305634 -0.17535106 0.02781316
v -0.15682659 0.00606269 0.02781316
v -0.01379565 -0.12975584 0.02781316
v -0.19474780 -0.08840531 0.02577156
v 0.01233733 -0.05007291 0.02781316
v 0.18649097 -0.07651903 0.02732357
v -0.03707176 -0.20020357 0.02781316
v 0.21653178 -0.34633490 0.01582826
v 0.09975909 0.18722072 0.02781316
v 0.17798995 -0.09485120 0.02781316
v 0.17774544 0.17339093 0.02781316
v 0.01891343 -0.33774073 0.02781316
v 0.19197798 -0.05928692 0.02636509
v 0.21925435 -0.20593383 0.01099798
v -0.11497147 0.10890559 0.02781316
v 0.21686799 -0.27914058 0.01483655
v -0.14192027 0.00363879 0.02781316
v 0.02385101 -0.30763151 0.02781316
v 0.07132347 0.16818366 0.02781316
v 0.09257692 -0.12900554 0.02781316
v -0.06629199 0.04278277 0.02781316
v 0.14816853 0.20487343 0.02781316
v -0.17871352 0.14875769 0.02781316
v -0.07294465 -0.16845458 0.02781316
v -0.00653217 -0.26603499 0.02781316
v -0.15271439 -0.04279344 0.02781316
v -0.10646424 -0.13173622 0.02781316
v -0.02100506 0.02064361 0.02781316
v 0.10365575 0.16867104 0.02781316
v 0.01827088 -0.26821584 0.02781316
v -0.00849435 -0.06838713 0.02781316
v -0.13282918 0.26775966 0.01615499
v 0.05591474 -0.07865466 0.02781316
v -0.15724344 0.18016998 0.02781316
v 0.05691717 0.07471627 0.02781316
v -0.04092632 -0.22344473 0.02781316
v 0.10174426 -0.03474751 0.02781316
v 0.04426779 -0.12742170 0.02781316
v -0.21492805 0.08085748 0.01294507
v 0.06519038 -0.26712231 0.02781316
v 0.16248624 0.11255224 0.02781316
v 0.17199766 0.02471783 0.02781316
v 0.20803784 -0.35321558 0.02175372
v -0.15203043 -0.25584631 0.02781316
v 0.10965668 0.05453614 0.02781316
v 0.17364508 0.11584879 0.02781316
v -0.15610999 -0.22160840 0.02781316
v 0.11948996 -0.10632686 0.02781316
v 0.08299536 -0.08898248 0.02781316
v 0.11468529 0.27962984 0.01458279
v 0.05030686 0.03098376 0.02781316
v 0.11618422 -0.18472761 0.02781316
v -0.02999763 -0.03407254 0.02781316
v -0.07512943 -0.09988533 0.02781316
v -0.18179201 -0.21398541 0.02778461
v -0.09567183 0.18026520 0.02781316
v -0.15950825 -0.32877075 0.02781316
v -0.05258191 -0.23002461 0.02781316
v 0.05268211 -0.23234204 0.02781316
v 0.20834755 0.00886680 0.01944024
v -0.13890698 -0.29653584 0.02781316
v 0.09131664 0.21763993 0.02781316
v 0.11694559 0.04010958 0.02781316
v 0.11875408 0.14946563 0.02781316
v 0.14483174 -0.14427156 0.02781316
v -0.06413836 -0.09717483 0.02781316
v -0.12281844 0.14063604 0.02781316
v -0.05296391 -0.18871533 0.02781316
v 0.11263870 0.03119515 0.02781316
v 0.16300044 -0.12394362 0.02781316
v 0.06981980 0.00406021 0.02781316
v 0.01812316 -0.27860307 0.02781316
v 0.03381675 -0.02194105 0.02781316
v 0.03597308 0.09192135 0.02781316
v -0.17164603 0.12861360 0.02781316
v 0.01827433 -0.00711109 0.02781316
v -0.12700043 -0.11604828 0.02781316
v -0.02737346 -0.07977660 0.02781316
v 0.16612058 0.20240250 0.02781316
v -0.08763497 0.20244831 0.02781316
v 0.13443558 -0.13837309 0.02781316
v 0.09204282 -0.10789859 0.02781316
v -0.09920478 -0.22112112 0.02781316
v -0.20342063 -0.09673129 0.02273932
v -0.16972398 -0.30647443 0.02781316
v 0.01001947 -0.23965100 0.02781316
v -0.00082453 -0.23268874 0.02781316
v -0.19384950 -0.11791934 0.02607211
v 0.00872815 0.00143164 0.02781316
v -0.15771256 0.23655299 0.02471457
v 0.15534974 -0.13437894 0.02781316
v 0.04696220 -0.20629883 0.02781316
v 0.01540215 -0.06119637 0.02781316
v 0.21882599 -0.06475351 0.00936399
v -0.14780796 0.22526285 0.02762075
v 0.02858194 -0.28296457 0.02781316
v 0.17854884 -0.26050244 0.02781316
v -0.03567944 -0.04772787 0.02781316
v 0.17081427 -0.21941235 0.02781316
v -0.13274251 0.08448744 0.02781316
v -0.13234235 -0.05704879 0.02781316
v -0.06571819 -0.33900423 0.02781316
v 0.18415105 -0.12635773 0.02760981
v -0.20821861 -0.11739970 0.02032634
v 0.17060951 -0.35669943 0.02781316
v 0.20676747 -0.10856900 0.02111494
v 0.12896324 0.26947870 0.01648130
v 0.08949260 0.18732293 0.02781316
v -0.21938439 -0.25488294 0.01152839
v -0.20222294 0.02631962 0.02272009
v -0.12649194 -0.12653814 0.02781316
v -0.19370026 -0.34643315 0.02660757
v -0.19664394 -0.33304962 0.02591786
v 0.07109054 0.01631471 0.02781316
v -0.05137427 -0.14529026 0.02781316
v 0.18252140 -0.08509196 0.02769399
v -0.21565967 -0.00681899 0.01313010
v 0.10488329 -0.20327300 0.02781316
v 0.07549450 -0.06736286 0.02781316
v -0.06516026 -0.32671063 0.02781316
v -0.14384977 -0.07963977 0.02781316
v -0.02761201 -0.22421335 0.02781316
v -0.13609163 0.05553291 0.02781316
v 0.17398072 0.03443665 0.02781316
v 0.07998727 0.14365227 0.02781316
v -0.01755578 -0.35184406 0.02781316
v -0.04464531 -0.06201323 0.02781316
v -0.08852649 -0.19315943 0.02781316
v -0.15217423 0.09499875 0.02781316
v 0.04933184 -0.32828578 0.02781316
v -0.13168263 -0.21750939 0.02781316
v -0.16048899 0.03759002 0.02781316
v 0.10260665 -0.07812418 0.02781316
v -0.01116234 0.03064920 0.02781316
v -0.04436907 0.04747408 0.02781316
v 0.19774815 -0.12447420 0.02501160
v -0.08537397 -0.32439469 0.02781316
v 0.07924394 -0.19801941 0.02781316
v -0.07081307 -0.21005394 0.02781316
v 0.19523731 -0.18092190 0.02588593
v 0.19887901 -0.05226580 0.02439027
v -0.10179104 -0.00642540 0.02781316
v 0.02456866 -0.24461323 0.02781316
v 0.05995320 -0.16151895 0.02781316
v -0.11020825 0.21248432 0.02781316
v 0.06882363 -0.34860068 0.02781316
v -0.13682441 -0.26201348 0.02781316
v -0.15315104 0.15337006 0.02781316
v -0.08238962 -0.06766227 0.02781316
v 0.16705800 0.23588549 0.02329421
v 0.09408738 0.17657787 0.02781316
v 0.21371986 -0.03191736 0.01549013
v -0.19074496 0.02961170 0.02643739
v -0.16080416 0.01717986 0.02781316
v 0.04562314 0.14881848 0.02781316
v 0.00334727 0.02748215 0.02781316
v -0.22076984 -0.31675308 0.01037811
v 0.10360087 0.22627389 0.02781316
v 0.11656025 0.25332732 0.02618451
v -0.06317530 0.15801696 0.02781316
v -0.00423515 -0.32483353 0.02781316
v -0.04050823 -0.27888637 0.02781316
v -0.01942103 -0.21469118 0.02781316
v -0.00478344 -0.00153473 0.02781316
v 0.08423952 -0.16355254 0.02781316
v 0.21563449 0.07000811 0.01218227
v -0.17283136 0.04740648 0.02781316
v 0.05960275 -0.33065068 0.02781316
v -0.12147945 0.08429763 0.02781316
v 0.00320639 0.03814921 0.02781316
v -0.04387719 -0.20934075 0.02781316
v -0.21889050 -0.11470092 0.01012275
v 0.10875676 -0.06832477 0.02781316
v 0.15672535 -0.20492908 0.02781316
v -0.20546991 -0.30649237 0.02276853
v 0.15019559 0.21745829 0.02781316
v -0.01972166 0.03997514 0.02781316
v 0.16330358 -0.07147009 0.02781316
v 0.19920772 -0.04208081 0.02423526
v -0.20732823 -0.03092434 0.02033785
v -0.04994019 -0.19954284 0.02781316
v -0.19280527 -0.04609067 0.02614820
v 0.16992440 -0.09491455 0.02781316
v 0.14168886 -0.12328742 0.02781316
v 0.06875232 0.13589600 0.02781316
v 0.02006479 -0.08045982 0.02781316
v 0.20897143 -0.09185651 0.01969571
v -0.16104174 -0.13534018 0.02781316
v -0.05420628 -0.32153937 0.02781316
v -0.14298918 0.06232918 0.02781316
v 0.10095537 -0.18190507 0.02781316
v 0.11218333 -0.08191481 0.02781316
v 0.13046999 0.23296889 0.02772573
v -0.11526687 0.01239300 0.02781316
v -0.12618484 -0.22592500 0.02781316
v -0.17450052 0.09365201 0.02781316
v 0.13644383 -0.28645800 0.02781316
v -0.19604428 0.03983125 0.02502679
v 0.16173104 -0.02097984 0.02781316
v -0.09110167 -0.24835589 0.02781316
v -0.18924358 0.01822176 0.02675643
v -0.14352788 -0.22075577 0.02781316
v 0.16120167 0.02006563 0.02781316
v 0.07434354 0.11397852 0.02781316
v 0.18192373 -0.21870446 0.02778208
v 0.21737263 0.07966893 0.00936070
v 0.12404741 -0.27712779 0.02781316
v -0.18849492 -0.07805773 0.02704730
v -0.22001072 -0.23422612 0.01026089
v 0.14513328 -0.33017285 0.02781316
v -0.21907205 -0.34439809 0.01311683
v -0.19793785 -0.10703276 0.02489524
v 0.17781836 -0.35280751 0.02781316
v 0.13564269 0.20064707 0.02781316
v -0.00178819 -0.11186884 0.02781316
v 0.18642395 0.02120253 0.02720399
v 0.13697879 0.26257399 0.01823332
v 0.12488301 -0.15880657 0.02781316
v 0.04871612 -0.15585539 0.02781316
v 0.01025230 -0.21324558 0.02781316
v 0.01620439 -0.12121464 0.02781316
v 0.09768468 0.14292143 0.02781316
v -0.10213078 -0.03449870 0.02781316
v 0.16471424 0.03327529 0.02781316
v -0.07644129 0.14684406 0.02781316
v 0.19432570 0.05488961 0.02549334
v 0.12357219 0.27855454 0.01024952
v -0.17401605 -0.01995802 0.02781316
v -0.10524538 0.18922466 0.02781316
v 0.01875858 -0.25429157 0.02781316
v 0.20580420 -0.29372626 0.02255547
v -0.20156926 -0.32063978 0.02439517
v -0.05023226 -0.01730864 0.02781316
v -0.06287101 -0.12961033 0.02781316
v 0.12636725 0.02143012 0.02781316
v 0.00962063 -0.14818275 0.02781316
v -0.10549081 0.11390155 0.02781316
v -0.12282556 -0.34026884 0.02781316
v -0.11979186 -0.19044217 0.02781316
v 0.06765167 -0.15298562 0.02781316
v -0.10176344 0.22665945 0.02781316
v 0.21876800 -0.13067930 0.01058008
v -0.11918223 -0.17129072 0.02781316
v -0.17117721 0.16320450 0.02781316
v -0.17195802 -0.09661887 0.02781316
v 0.09568160 -0.05180845 0.02781316
v 0.00572701 -0.02267686 0.02781316
v -0.00617377 -0.27752060 0.02781316
v 0.05220812 -0.28559104 0.02781316
v -0.11179064 -0.33892367 0.02781316
v 0.12220716 -0.33160708 0.02781316
v -0.14734931 -0.23172560 0.02781316
v 0.08532593 -0.01448635 0.02781316
v -0.00148857 0.00812441 0.02781316
v -0.18400073 0.11022321 0.02781316
v -0.07849748 0.03731413 0.02781316
v -0.12057871 0.20777143 0.02781316
v -0.15999250 -0.16921909 0.02781316
v -0.04184515 -0.03382282 0.02781316
v -0.00746637 -0.35507563 0.02781316
v -0.14608288 0.04193258 0.02781316
v 0.02341024 -0.04514463 0.02781316
v 0.00401659 -0.16744645 0.02781316
v 0.11398922 0.16186439 0.02781316
v 0.16516140 -0.10297849 0.02781316
v -0.16328716 0.04596720 0.02781316
v -0.21640749 0.08663407 0.01120457
v 0.18679342 -0.34618006 0.02757478
v -0.07196008 -0.17878015 0.02781316
v 0.01891079 0.11919297 0.02781316
v 0.04617717 -0.34135889 0.02781316
v 0.16441462 0.12356899 0.02781316
v 0.20829173 -0.20987407 0.02083125
v 0.20940719 -0.33779745 0.02092999
v 0.04831493 -0.31607645 0.02781316
v -0.14404168 0.02475473 0.02781316
v -0.11514120 0.16496839 0.02781316
v 0.17336139 0.01560413 0.02781316
v 0.08174853 -0.10955729 0.02781316
v -0.06340230 -0.17429038 0.02781316
v 0.14994964 -0.19759874 0.02781316
v -0.06605453 0.01184706 0.02781316
v -0.04642817 -0.24330882 0.02781316
v -0.18472955 -0.19856047 0.02762136
v 0.21883344 -0.29225760 0.01276393
v -0.13167065 0.10620633 0.02781316
v 0.08544661 -0.18966808 0.02781316
v 0.11416532 -0.01714819 0.02781316
v 0.11134526 0.13735792 0.02781316
v -0.08221712 -0.12206462 0.02781316
v 0.00496395 -0.27091539 0.02781316
v -0.21883589 -0.16301787 0.01097700
v -0.08269782 -0.25428477 0.02781316
v 0.15758746 0.16994343 0.02781316
v -0.03860567 0.06985312 0.02781316
v -0.04586566 -0.00448699 0.02781316
v 0.19506789 -0.30275110 0.02622310
v -0.08429082 0.15615888 0.02781316
v 0.00425171 -0.00879436 0.02781316
v -0.11408495 -0.07683159 0.02781316
v -0.11188292 0.19967462 0.02781316
v 0.10829504 0.17744188 0.02781316
v 0.08778605 0.13434302 0.02781316
v 0.15700754 -0.33194884 0.02781316
v -0.01221367 -0.15158864 0.02781316
v 0.14059089 0.02218845 0.02781316
v 0.02938387 -0.33984537 0.02781316
v -0.21158808 -0.07489232 0.01771566
v -0.16706222 -0.05767989 0.02781316
v 0.20058507 0.02966075 0.02341841
v -0.13552264 0.16913063 0.02781316
v 0.03042999 -0.27326432 0.02781316
v -0.06148105 0.13098951 0.02781316
v 0.14212131 -0.00949553 0.02781316
v -0.04391542 -0.17698869 0.02781316
v 0.10165816 0.01259751 0.02781316
v -0.18739729 0.06317321 0.02699599
v 0.17157320 -0.19126952 0.02781316
v 0.00115508 -0.22076851 0.02781316
v -0.00982724 -0.31297520 0.02781316
v 0.14945030 0.02555903 0.02781316
v 0.08035292 -0.07768595 0.02781316
v 0.00703552 -0.32110621 0.02781316
v 0.03665832 0.05280026 0.02781316
v -0.17817318 0.05580404 0.02780491
v -0.20509419 0.00020868 0.02142945
v 0.20599663 0.06178152 0.02057472
v -0.00337658 0.09458636 0.02781316
v -0.07349635 -0.25667476 0.02781316
v 0.13374698 -0.01423295 0.02781316
v -0.00273660 -0.15747245 0.02781316
v 0.15151250 -0.34028663 0.02781316
v 0.03536034 -0.08599805 0.02781316
v -0.14130730 -0.01058343 0.02781316
v -0.12283724 0.02289853 0.02781316
v 0.11293497 -0.03637379 0.02781316
v -0.17080599 -0.10729725 0.02781316
v -0.22160089 -0.32568534 0.00909590
v -0.10982866 0.08393917 0.02781316
v 0.01580438 0.06901932 0.02781316
v -0.03783447 -0.29851173 0.02781316
v -0.04916495 -0.11247145 0.02781316
v 0.06847554 -0.07625567 0.02781316
v 0.15969888 0.06369237 0.02781316
v 0.12914576 -0.20039264 0.02781316
v 0.04304513 -0.09554513 0.02781316
v -0.13915030 0.24297211 0.02572075
v -0.13160896 -0.00314355 0.02781316
v 0.00728284 0.07703944 0.02781316
v 0.08525415 -0.21888570 0.02781316
v 0.14857459 0.06560739 0.02781316
v 0.16341271 -0.19811485 0.02781316
v 0.09350244 -0.02242450 0.02781316
v -0.17309039 -0.18403586 0.02781316
v -0.01544720 -0.17123362 0.02781316
v 0.21977476 -0.11871609 0.00859600
v 0.04481906 -0.22026626 0.02781316
v -0.19241811 0.05128950 0.02600569
v 0.17986304 -0.16401241 0.02781111
v 0.16311325 -0.21159448 0.02781316
v -0.06821932 -0.05425781 0.02781316
v -0.21697527 0.04872117 0.01055665
v 0.05946794 0.09570279 0.02781316
v -0.18868772 0.12234173 0.02781316
v 0.15920564 -0.09462621 0.02781316
v 0.01915907 -0.11113600 0.02781316
v -0.02828437 -0.27944817 0.02781316
v 0.16934394 -0.02685622 0.02781316
v 0.19859752 -0.01896966 0.02437109
v -0.16988004 -0.03205771 0.02781316
v 0.03298992 -0.09657816 0.02781316
v -0.09468183 0.11217459 0.02781316
v -0.14286141 0.21329637 0.02781316
v 0.20033955 0.07957723 0.02331087
v -0.08506867 -0.00861018 0.02781316
v -0.11718131 0.05548148 0.02781316
v -0.01476796 -0.30105222 0.02781316
v 0.03801669 0.07262645 0.02781316
v 0.08300726 0.04575540 0.02781316
v 0.08682995 -0.25064571 0.02781316
v -0.06960281 -0.12030994 0.02781316
v -0.19311709 0.11508287 0.02774351
v -0.21885783 -0.30724171 0.01292123
v -0.09456265 0.23673947 0.02781316
v -0.18649295 -0.28694353 0.02754884
v -0.10079809 -0.14161487 0.02781316
v 0.13891357 -0.03696766 0.02781316
v -0.10149598 -0.30332550 0.02781316
v -0.05255059 -0.17152407 0.02781316
v -0.15997370 -0.35467219 0.02781316
v -0.04227123 -0.10187856 0.02781316
v 0.05933350 -0.22423640 0.02781316
v -0.06309857 -0.31176716 0.02781316
v -0.15956083 -0.17915493 0.02781316
v -0.05576445 -0.12146894 0.02781316
v -0.08571478 0.12470914 0.02781316
v 0.04204342 0.09997974 0.02781316
v 0.21950434 -0.18968544 0.01035425
v -0.10125975 0.21688651 0.02781316
v 0.21670390 -0.32643163 0.01547414
v 0.14056680 0.03332752 0.02781316
v -0.11501371 -0.32594764 0.02781316
v -0.21694400 -0.17736434 0.01364148
v 0.14389321 -0.02695086 0.02781316
v -0.17021045 -0.22129239 0.02781316
v 0.14038355 0.17803025 0.02781316
v -0.05879997 -0.20734872 0.02781316
v -0.17661402 -0.26051513 0.02781316
v -0.10218246 -0.26711045 0.02781316
v -0.13798578 0.07628417 0.02781316
v 0.14092794 0.00898392 0.02781316
v -0.01959678 -0.24681309 0.02781316
v -0.14290758 0.26711216 0.01126983
v -0.08109497 -0.03708082 0.02781316
v 0.14274182 0.19357975 0.02781316
v -0.20249002 0.05957308 0.02243999
v 0.07115056 -0.16633122 0.02781316
v -0.02086990 -0.12017782 0.02781316
v -0.01557933 -0.02096780 0.02781316
v 0.06764158 -0.03496706 0.02781316
v -0.13327474 0.25890001 0.02140164
v -0.06058946 -0.04538095 0.02781316
v -0.05382233 -0.03387240 0.02781316
v 0.05584476 0.15364586 0.02781316
v -0.15866026 0.16580335 0.02781316
v -0.12262968 0.17407748 0.02781316
v -0.03836938 0.11771974 0.02781316
v 0.04097238 -0.00218722 0.02781316
v 0.04782907 -0.18344933 0.02781316
v -0.13514804 0.04440957 0.02781316
v 0.17387837 0.08347343 0.02781316
v -0.17298577 -0.20698881 0.02781316
v -0.12766763 -0.33069605 0.02781316
v -0.09976393 0.07671103 0.02781316
v 0.13425122 0.18645526 0.02781316
v 0.08049887 -0.03296836 0.02781316
v 0.08051682 0.00934909 0.02781316
v -0.21414601 -0.04089196 0.01516125
v 0.13649949 -0.24922104 0.02781316
v -0.10112795 -0.28948828 0.02781316
v -0.02402184 0.06365901 0.02781316
v -0.16039505 -0.18883469 0.02781316
v -0.08103894 -0.31131457 0.02781316
v 0.10533171 0.24311961 0.02781303
v -0.10339825 0.13565063 0.02781316
v 0.13071329 0.17481003 0.02781316
v 0.17769228 -0.00994496 0.02781316
v 0.10124889 -0.11914554 0.02781316
v 0.14718945 0.18472709 0.02781316
v -0.18766095 0.13287841 0.02781316
v -0.13586053 0.01501271 0.02781316
v -0.08102848 -0.14814118 0.02781316
v -0.15830082 0.12051074 0.02781316
v 0.01338512 -0.10082618 0.02781316
v 0.15774878 -0.18973438 0.02781316
v 0.20687772 -0.01075364 0.02048590
v -0.08058916 0.11529240 0.02781316
v 0.12273409 -0.19136165 0.02781316
v -0.20026523 -0.17699168 0.02434417
v -0.20040304 -0.22821811 0.02447780
v -0.07023986 0.03104839 0.02781316
v 0.09096272 -0.18118923 0.02781316
v -0.18650749 -0.01382855 0.02724050
v -0.19057315 -0.16665749 0.02685194
v 0.16955052 -0.01497041 0.02781316
v -0.05364241 -0.10116704 0.02781316
v 0.17512343 -0.27208755 0.02781316
v -0.07153314 -0.27843669 0.02781316
v 0.02971406 -0.01224419 0.02781316
v -0.09271372 -0.06334352 0.02781316
v -0.16758701 -0.12651378 0.02781316
v -0.14396094 0.08608521 0.02781316
v -0.15015130 -0.33750530 0.02781316
v 0.10903777 -0.19230037 0.02781316
v -0.08851683 0.03766382 0.02781316
v 0.18584523 0.03087273 0.02726839
v 0.20148282 -0.06649492 0.02344781
v 0.21925489 -0.17796401 0.01056361
v -0.15240604 0.20419347 0.02781316
v 0.14805771 -0.09965436 0.02781316
v -0.06336626 -0.10977853 0.02781316
v 0.12922168 0.10441746 0.02781316
v 0.16565582 -0.23086242 0.02781316
v -0.07371613 0.07904456 0.02781316
v -0.17762380 -0.31445852 0.02781316
v 0.00448895 0.05130815 0.02781316
v -0.06614405 0.05779166 0.02781316
v 0.17514079 -0.28414469 0.02781316
v 0.12808378 -0.05566947 0.02781316
v 0.07060663 -0.31238461 0.02781316
v -0.21498844 -0.09585647 0.01487016
v 0.15198537 -0.02416138 0.02781316
v -0.14006241 0.03455564 0.02781316
v -0.15302667 0.13622386 0.02781316
v 0.21140231 -0.12010442 0.01820612
v -0.08669501 0.07248287 0.02781316
v 0.15981553 -0.23972524 0.02781316
v 0.13537388 0.22458172 0.02781316
v 0.02751981 0.06024317 0.02781316
v 0.07043418 0.06265956 0.02781316
v 0.02197456 0.07839094 0.02781316
v 0.21858875 0.00444850 0.00848578
v 0.04813635 0.08000694 0.02781316
v -0.09974116 -0.23744487 0.02781316
v 0.04326500 -0.25119997 0.02781316
v 0.05975842 0.02008716 0.02781316
v 0.14877683 0.17282861 0.02781316
v -0.00315458 -0.28965500 0.02781316
v -0.16418936 -0.31734786 0.02781316
v 0.13253398 -0.08542776 0.02781316
v 0.10578536 -0.02492974 0.02781316
v -0.07525470 0.16277804 0.02781316
v 0.09235666 -0.31907151 0.02781316
v 0.21792173 0.06190850 0.00866158
v 0.05073045 -0.30454425 0.02781316
v 0.17530089 -0.29802948 0.02781316
v -0.17621876 -0.07520892 0.02781316
v -0.02344205 -0.15213604 0.02781316
v -0.03378463 -0.17872769 0.02781316
v -0.06075734 -0.21818705 0.02781316
v -0.13661797 -0.27341485 0.02781316
v -0.16220493 -0.00777732 0.02781316
v -0.18409631 -0.23889944 0.02769248
v 0.05270686 0.11734020 0.02781316
v 0.14324426 0.11550881 0.02781316
v 0.18343005 -0.17471467 0.02769366
v 0.13822812 0.06188124 0.02781316
v -0.09252357 0.14563336 0.02781316
v -0.21752519 -0.12497298 0.01227991
v 0.13273434 0.07945283 0.02781316
v 0.04389599 0.00852381 0.02781316
v -0.08622258 -0.15599492 0.02781316
v 0.00398482 0.01708914 0.02781316
v 0.12042498 -0.07302918 0.02781316
v 0.10928068 -0.17868343 0.02781316
v -0.13148142 0.21876628 0.02781316
v 0.07636122 -0.35340503 0.02781316
v -0.03206829 -0.18975790 0.02781316
v 0.11840095 -0.35123225 0.02781316
v 0.20498188 -0.16257853 0.02231898
v -0.03648695 0.13092899 0.02781316
v -0.04527421 -0.12995129 0.02781316
v -0.14162372 -0.34821365 0.02781316
v 0.16700915 -0.03743078 0.02781316
v -0.06964481 -0.23598789 0.02781316
v -0.12740370 -0.18040985 0.02781316
v 0.15946648 -0.22150731 0.02781316
v 0.09466500 0.04891272 0.02781316
v -0.02616478 -0.30105923 0.02781316
v 0.22091357 -0.08495879 0.00472896
v 0.14176353 -0.01858542 0.02781316
v 0.02089208 -0.28993121 0.02781316
v -0.15790875 -0.30501329 0.02781316
v 0.20936516 -0.18421007 0.02003595
v -0.21887999 -0.08516241 0.00963392
v 0.04967252 -0.24269266 0.02781316
v 0.04210357 0.10950299 0.02781316
v 0.11864115 0.26951174 0.02012994
v 0.01567128 -0.31550571 0.02781316
v 0.02667410 -0.17915599 0.02781316
v -0.20951445 -0.01839456 0.01883160
v -0.22257794 -0.35449950 0.00769322
v 0.01937082 -0.15064184 0.02781316
v -0.21422797 -0.14392952 0.01607258
v 0.02077190 -0.23458232 0.02781316
v -0.11947919 -0.01991355 0.02781316
v -0.16820125 0.12148253 0.02781316
v 0.03945920 0.03786517 0.02781316
v -0.13478703 0.06658428 0.02781316
v 0.18424044 0.12489518 0.02781316
v 0.08753422 -0.35077635 0.02781316
v 0.11883244 0.05933413 0.02781316
v 0.07592615 0.09666069 0.02781316
v -0.12196220 -0.23896237 0.02781316
v -0.12816799 -0.30465925 0.02781316
v 0.10869792 -0.27061432 0.02781316
v 0.08348692 -0.00692130 0.02781316
v -0.18283322 0.07503052 0.02754996
v 0.16256953 -0.30034572 0.02781316
v -0.06700358 -0.18785857 0.02781316
v 0.10524029 0.03702637 0.02781316
v 0.08493522 0.09168321 0.02781316
v 0.13408008 0.01630358 0.02781316
v -0.08828632 0.08384128 0.02781316
v 0.20162025 -0.17338814 0.02382468
v 0.11427352 0.08949438 0.02781316
v -0.01756366 -0.27477107 0.02781316
v -0.04501456 -0.16427782 0.02781316
v -0.13862649 0.11747593 0.02781316
v 0.19911408 -0.32987865 0.02522793
v 0.14921818 -0.06784754 0.02781316
v -0.10166002 -0.16239982 0.02781316
v 0.10489955 0.09762595 0.02781316
v 0.11175926 -0.28336513 0.02781316
v 0.19802634 -0.00439089 0.02452003
v -0.05850190 -0.29914392 0.02781316
v -0.03536120 -0.24855510 0.02781316
v 0.15142018 -0.23229679 0.02781316
v -0.02693457 0.05102307 0.02781316
v 0.10798498 0.11120843 0.02781316
v -0.08252850 0.18022581 0.02781316
v 0.03258994 -0.25389090 0.02781316
v -0.01855528 -0.09975812 0.02781316
v -0.10626917 0.25408567 0.02702194
v 0.12256392 0.23768788 0.02770929
v 0.02625885 -0.29852070 0.02781316
v 0.06948311 -0.21746924 0.02781316
v 0.09728611 -0.28905738 0.02781316
v -0.02205914 -0.19111721 0.02781316
v 0.20963506 -0.07556518 0.01914687
v 0.16319579 -0.32321100 0.02781316
v 0.14921677 -0.18345250 0.02781316
v -0.01121955 -0.25369016 0.02781316
v 0.11064272 0.12412884 0.02781316
v -0.16320192 -0.02211859 0.02781316
v -0.03733668 -0.08853353 0.02781316
v 0.02391051 -0.10123857 0.02781316
v 0.15954851 0.15839663 0.02781316
v -0.15871291 -0.09215911 0.02781316
v 0.09788972 -0.22625438 0.02781316
v -0.11707156 -0.30904008 0.02781316
v -0.05181192 0.01944523 0.02781316
v 0.16389942 -0.27202890 0.02781316
v -0.14038829 0.09739496 0.02781316
v -0.21224925 -0.25877224 0.01860928
v -0.16490796 0.11103204 0.02781316
v 0.07760923 -0.30414202 0.02781316
v 0.09534435 -0.33612476 0.02781316
v 0.00355173 -0.12282447 0.02781316
v 0.11430682 -0.16230957 0.02781316
v -0.09068276 0.06162265 0.02781316
v -0.11524721 0.13144491 0.02781316
v 0.21836920 -0.08976944 0.01055898
v -0.04583875 0.03385913 0.02781316
v 0.19088000 -0.18944346 0.02683840
v -0.10997928 0.04759297 0.02781316
v 0.09070328 0.01121946 0.02781316
v 0.05268731 0.00181697 0.02781316
v -0.20922130 -0.16868505 0.02002812
v -0.03692249 0.05766140 0.02781316
v -0.14701529 -0.15068511 0.02781316
v -0.11305691 0.07460582 0.02781316
v 0.21767052 -0.07897315 0.01144483
v 0.12057794 0.18119132 0.02781316
v 0.07850498 -0.34614512 0.02781316
v -0.19177815 -0.26399636 0.02681236
v -0.13022940 -0.24561702 0.02781316
v 0.08648191 0.22645650 0.02781316
v -0.14900963 0.12148464 0.02781316
v -0.00666617 -0.12280214 0.02781316
v 0.17736162 -0.03265737 0.02781316
v 0.19457285 0.06881882 0.02538252
v -0.04790059 -0.04782140 0.02781316
v -0.20236157 -0.06649144 0.02307529
v -0.01166622 -0.04320353 0.02781316
v -0.15285857 -0.29096336 0.02781316
v -0.08225545 -0.35267094 0.02781316
v -0.11405502 -0.25065310 0.02781316
v 0.04047394 -0.04402095 0.02781316
v -0.10252898 0.14663257 0.02781316
v -0.21786439 -0.20455077 0.01287023
v -0.01869046 0.00024162 0.02781316
v 0.16622554 0.16965915 0.02781316
v 0.08429324 0.10592173 0.02781316
v 0.06014038 -0.02600385 0.02781316
v 0.16012007 0.22254190 0.02726433
v 0.12216473 -0.30560849 0.02781316
v -0.09306224 0.16785867 0.02781316
v -0.07812354 0.09205225 0.02781316
v -0.19820101 -0.24139797 0.02523440
v -0.01323543 -0.28747633 0.02781316
v -0.16762896 0.13951348 0.02781316
v 0.03692440 -0.30152065 0.02781316
v 0.12624138 -0.29175910 0.02781316
v 0.07282960 -0.29389340 0.02781316
v 0.13917131 -0.29904888 0.02781316
v 0.12371597 0.22377009 0.02781316
v -0.11060811 0.28688513 0.00839572
v 0.08233162 0.19455299 0.02781316
v 0.02316145 0.01337411 0.02781316
v 0.05768258 0.08464307 0.02781316
v -0.05621879 0.04716638 0.02781316
v 0.16423094 0.05240234 0.02781316
v -0.05047025 -0.21722771 0.02781316
v -0.03393251 0.04098785 0.02781316
v 0.02271889 -0.17064368 0.02781316
v 0.09728076 -0.06986309 0.02781316
v -0.09263041 -0.21257286 0.02781316
v 0.06313688 -0.14154986 0.02781316
v -0.21079858 -0.10722357 0.01855429
v 0.08130370 0.18164914 0.02781316
v -0.09051346 0.00230278 0.02781316
v 0.07390621 -0.01005017 0.02781316
v 0.06834634 -0.05997384 0.02781316
v 0.03062593 0.11255534 0.02781316
v -0.00302310 -0.33718388 0.02781316
v 0.01699297 0.09850453 0.02781316
v -0.08704116 -0.30231393 0.02781316
v -0.17406809 0.06886421 0.02781316
v -0.10716729 -0.31649173 0.02781316
v -0.02870726 0.01110735 0.02781316
v 0.09863225 -0.27689554 0.02781316
v 0.16406876 -0.24982697 0.02781316
v -0.02990881 -0.32227845 0.02781316
v -0.07406732 -0.08695806 0.02781316
v -0.10897143 -0.35090190 0.02781316
v -0.10191149 -0.05910720 0.02781316
v 0.04871957 0.06922099 0.02781316
v 0.15704732 -0.11448369 0.02781316
v -0.08721603 0.05221069 0.02781316
v -0.05133842 0.05939598 0.02781316
v -0.14321542 0.17968086 0.02781316
v -0.13116252 -0.34911039 0.02781316
v 0.11602829 -0.29521466 0.02781316
v 0.08775109 0.07334008 0.02781316
v -0.00708295 0.04291957 0.02781316
v -0.03932278 -0.23459173 0.02781316
v 0.05892586 0.03924814 0.02781316
v -0.12862560 0.23515110 0.02766552
v -0.20761288 0.03667547 0.01973657
v -0.21729435 0.01705546 0.01055662
v -0.17366514 -0.28023970 0.02781316
v 0.17608641 -0.33741696 0.02781316
v -0.17205443 -0.33798387 0.02781316
v -0.01048610 0.06570949 0.02781316
v 0.15535609 0.12827020 0.02781316
v -0.16774121 0.23706442 0.02270235
v 0.05931548 -0.31737213 0.02781316
v 0.13521850 0.12731736 0.02781316
v -0.10874177 -0.18838147 0.02781316
v -0.20753650 0.08887767 0.01978644
v -0.00740150 -0.19036588 0.02781316
v -0.17609482 -0.13476077 0.02781316
v 0.15193098 0.19469413 0.02781316
v -0.06098633 0.08618485 0.02781316
v -0.11749405 0.23758466 0.02780287
v -0.17699080 -0.05051400 0.02781316
v -0.08372735 0.02527650 0.02781316
v -0.14457565 -0.32581285 0.02781316
v -0.14569527 -0.05443307 0.02781316
v -0.05220155 0.10701307 0.02781316
v 0.11102996 0.26169371 0.02490383
v 0.00374947 -0.10151263 0.02781316
v -0.09382338 -0.11423802 0.02781316
v -0.07450021 0.10515308 0.02781316
v -0.20778209 -0.33993824 0.02181634
v -0.02297285 -0.10920081 0.02781316
v 0.02256005 -0.19767837 0.02781316
v -0.01200445 -0.05278366 0.02781316
v -0.08406395 0.14171200 0.02781316
v -0.16409233 -0.16070075 0.02781316
v -0.03097152 -0.09972215 0.02781316
v -0.10130448 -0.17748587 0.02781316
v -0.15848622 -0.27860763 0.02781316
v -0.11401324 -0.26423511 0.02781316
v 0.02928969 -0.15384919 0.02781316
v 0.08847086 0.00003885 0.02781316
v -0.12626486 0.16102818 0.02781316
v 0.07589820 0.20068459 0.02781316
v 0.20894570 -0.13046862 0.01995964
v 0.06250000 -0.06904593 0.02781316
v -0.14070189 -0.03294497 0.02781316
v -0.17883649 0.03051063 0.02779721
v -0.11056275 0.17815813 0.02781316
v -0.10672019 -0.15205059 0.02781316
v 0.02688426 -0.31710429 0.02781316
v -0.13753854 0.14212493 0.02781316
v 0.05291132 0.10407115 0.02781316
v 0.02133913 -0.13320504 0.02781316
v 0.11972042 0.04829094 0.02781316
v -0.17108680 0.03706181 0.02781316
v 0.15927601 0.19819453 0.02781316
v 0.18920306 -0.14549145 0.02704285
v 0.18819099 -0.29101913 0.02737862
v 0.09775131 -0.26040761 0.02781316
v -0.03839037 0.10585876 0.02781316
v 0.10446893 0.25146297 0.02744036
v 0.03010186 -0.07710247 0.02781316
v 0.08665072 -0.03999691 0.02781316
v -0.12680068 0.06146536 0.02781316
v 0.13926564 -0.10519779 0.02781316
v 0.04792544 -0.03236926 0.02781316
v 0.08768928 0.05718294 0.02781316
v -0.03469445 -0.07159413 0.02781316
v 0.07084486 0.03952156 0.02781316
v 0.08613672 -0.28731687 0.02781316
v 0.06675283 0.08897036 0.02781316
v 0.01102514 -0.12968939 0.02781316
v 0.19435920 0.04068823 0.02552414
v 0.06089887 -0.09865999 0.02781316
v 0.03785328 -0.32240931 0.02781316
v 0.12159731 0.08026759 0.02781316
v 0.03766988 -0.31093501 0.02781316
v 0.10757732 0.23489468 0.02781316
v 0.21513217 -0.30338438 0.01669582
v -0.13054642 0.18157265 0.02781316
v 0.19491081 -0.08746255 0.02572598
v 0.16957853 0.04441783 0.02781316
v -0.20325651 0.09701511 0.02360350
v 0.08189664 -0.26199799 0.02781316
v -0.14330826 0.10832192 0.02781316
v -0.15368134 0.10814239 0.02781316
v 0.13614002 -0.02880121 0.02781316
v 0.04868662 0.09171198 0.02781316
v -0.14603978 -0.11935105 0.02781316
v 0.00287302 0.06530091 0.02781316
v 0.05061943 -0.07081884 0.02781316
v -0.15275210 0.06762119 0.02781316
v 0.10516040 -0.34041245 0.02781316
v 0.20560878 -0.22475435 0.02231877
v -0.15555110 -0.34660514 0.02781316
v 0.16600007 -0.33788045 0.02781316
v -0.13310342 -0.28283680 0.02781316
v 0.05656827 0.14308444 0.02781316
v 0.15294760 -0.30670227 0.02781316
v 0.07773898 -0.00004996 0.02781316
v 0.03531859 -0.12080669 0.02781316
v -0.16879774 0.07966559 0.02781316
v 0.00955667 -0.07905373 0.02781316
v -0.21339819 -0.24507085 0.01764069
v 0.04110604 -0.13991505 0.02781316
v -0.08298363 -0.16520276 0.02781316
v -0.14637895 -0.09334413 0.02781316
v 0.13922585 0.16654140 0.02781316
v 0.00749474 -0.33868328 0.02781316
v -0.13696899 -0.15307442 0.02781316
v -0.04529699 -0.15318583 0.02781316
v 0.12447433 -0.13252523 0.02781316
v -0.06668906 -0.24741055 0.02781316
v 0.21002886 -0.00091630 0.01833423
v -0.10798784 -0.08705750 0.02781316
v 0.21832482 -0.05712418 0.01009878
v 0.11536616 -0.15014057 0.02781316
v -0.11046979 -0.29556872 0.02781316
v -0.00608001 -0.17715156 0.02781316
v 0.18685840 0.08104142 0.02705248
v 0.09821425 -0.35514511 0.02781316
v 0.02773722 -0.14267913 0.02781316
v -0.21703438 0.03667407 0.01065431
v -0.12335081 0.27970760 0.00863329
v 0.04044678 0.06243641 0.02781316
v 0.14301126 0.07657068 0.02781316
v -0.10134962 -0.33753750 0.02781316
v 0.03726451 -0.18577331 0.02781316
v -0.01496976 -0.14108119 0.02781316
v -0.07131280 -0.00521982 0.02781316
v 0.01924386 0.10886704 0.02781316
v -0.20939015 -0.08629008 0.01938461
v 0.04410907 -0.11624029 0.02781316
v -0.07499917 -0.26746190 0.02781316
v 0.18939763 -0.35564501 0.02731191
v -0.17415472 0.02103912 0.02781316
v -0.04114979 -0.31716653 0.02781316
v -0.18084052 0.12052191 0.02781316
v -0.12979754 0.24746063 0.02587595
v -0.03254800 -0.31015153 0.02781316
v -0.02456561 -0.08966230 0.02781316
v -0.04483486 0.14602991 0.02781316
v 0.12081846 0.16987429 0.02781316
v -0.17291557 -0.32586890 0.02781316
v 0.13326301 0.24402130 0.02619963
v 0.10727766 0.27230406 0.02184313
v -0.14386883 0.13180499 0.02781316
v 0.03849727 -0.03098675 0.02781316
v -0.05376918 -0.07514787 0.02781316
v -0.05858931 0.03032163 0.02781316
v -0.06088730 -0.14406193 0.02781316
v 0.01151119 -0.18025577 0.02781316
v 0.16482231 0.08977285 0.02781316
v 0.09886314 0.15914762 0.02781316
v 0.01189455 -0.19209964 0.02781316
v 0.22082883 -0.16008861 0.00720518
v -0.15571324 -0.08040320 0.02781316
v 0.15941898 0.14657199 0.02781316
v 0.06409166 -0.28129631 0.02781316
v 0.21283590 -0.25000908 0.01811255
v 0.19545685 -0.10211211 0.02561856
v 0.00742318 -0.24945866 0.02781316
v -0.14990541 -0.20840310 0.02781316
v 0.08257455 -0.17300402 0.02781316
v -0.22170076 -0.24701020 0.00721450
v 0.05673070 -0.17609484 0.02781316
v -0.21821744 -0.19089929 0.01224304
v 0.16412102 -0.06096302 0.02781316
v 0.05011487 -0.04304502 0.02781316
v -0.21056522 -0.13579779 0.01892411
v 0.13788779 -0.27276949 0.02781316
v -0.09876114 -0.20209810 0.02781316
v 0.03251339 -0.06463691 0.02781316
v -0.04924946 0.08115360 0.02781316
v -0.06842210 -0.03290413 0.02781316
v -0.13511252 -0.09754263 0.02781316
v 0.16248764 0.13532760 0.02781316
v 0.01257920 -0.01528419 0.02781316
v -0.17994368 -0.03932313 0.02778714
v 0.05662427 0.13240911 0.02781316
v -0.08951918 -0.27110991 0.02781316
v -0.01825344 -0.26196083 0.02781316
v -0.07094978 -0.01686206 0.02781316
v -0.21720705 -0.22182529 0.01385189
v 0.11755212 -0.17229686 0.02781316
v 0.17042938 0.14181155 0.02781316
v 0.08655649 -0.34004034 0.02781316
v -0.12009675 0.21747001 0.02781316
v 0.21272042 -0.15609448 0.01746678
v 0.19942322 0.01692916 0.02393263
v -0.12671036 -0.15700130 0.02781316
v -0.02780900 -0.02262160 0.02781316
v 0.10241282 -0.14526660 0.02781316
v -0.01627394 -0.03184681 0.02781316
v 0.13001682 -0.02407203 0.02781316
v -0.05518648 -0.34286896 0.02781316
v -0.01563566 0.07571968 0.02781316
v 0.07054804 0.17895711 0.02781316
v -0.15766074 -0.14928049 0.02781316
v 0.10040020 -0.10415637 0.02781316
v 0.09725806 -0.00559617 0.02781316
v 0.17622673 -0.34499238 0.02781316
v 0.16570095 -0.26045329 0.02781316
v 0.19542613 -0.21504515 0.02592511
v -0.16615002 -0.07123488 0.02781316
v -0.15416368 0.04722930 0.02781316
v 0.15141845 0.24978304 0.02096298
v -0.12383811 0.27022496 0.01797687
v 0.13103607 0.21445074 0.02781316
v -0.06294008 -0.28685009 0.02781316
v -0.00505395 0.05553252 0.02781316
v -0.14465727 -0.06571603 0.02781316
v 0.07344718 0.08374261 0.02781316
v 0.00873128 -0.15839255 0.02781316
v 0.09904438 0.12746676 0.02781316
v -0.14413459 0.05084904 0.02781316
v -0.12905061 -0.31956940 0.02781316
v 0.05069207 -0.16681157 0.02781316
v 0.00908377 -0.35512499 0.02781316
v 0.02787123 0.06971690 0.02781316
v 0.05549692 -0.12090335 0.02781316
v 0.06460053 -0.23517074 0.02781316
v 0.07780040 0.15740518 0.02781316
v -0.04674063 -0.34990596 0.02781316
v 0.01918902 -0.18457361 0.02781316
v -0.12035322 -0.13534828 0.02781316
v -0.05196492 -0.27865707 0.02781316
v -0.09344757 0.01545489 0.02781316
v 0.21757822 -0.00505403 0.01045976
v -0.17227703 -0.19494000 0.02781316
v 0.13867957 -0.32127732 0.02781316
v 0.11851795 0.01407413 0.02781316
v -0.17940760 0.15721304 0.02781316
v 0.20682790 -0.31180552 0.02215254
v 0.06844289 -0.01735602 0.02781316
v -0.21786798 -0.01966567 0.01022963
v 0.08925543 0.16577766 0.02781316
v 0.10864446 -0.09959632 0.02781316
v 0.07344614 -0.22807051 0.02781316
v 0.18474817 -0.32359955 0.02770435
v 0.15734533 -0.03904122 0.02781316
v -0.17664602 -0.06301199 0.02781316
v -0.16791486 -0.14222843 0.02781316
v -0.01157778 0.08765347 0.02781316
v 0.11144595 -0.00588574 0.02781316
v 0.14328838 0.04358424 0.02781316
v -0.20691020 0.04857684 0.02010387
v 0.09857406 -0.30589060 0.02781316
v 0.09829484 0.23593583 0.02781316
v 0.19201423 -0.15659397 0.02656248
v -0.05199137 0.12143003 0.02781316
v 0.18532943 -0.33409526 0.02767534
v 0.20801193 0.07321898 0.01923104
v -0.13749308 -0.33653594 0.02781316
v 0.06090125 -0.04324760 0.02781316
v 0.00355655 -0.06852107 0.02781316
v -0.16900070 0.00139702 0.02781316
v 0.14107092 -0.20684736 0.02781316
v -0.00460272 -0.13408652 0.02781316
v 0.10984504 -0.11173400 0.02781316
v -0.18308749 -0.22699453 0.02774021
v -0.13291249 0.27485496 0.00784499
v -0.08003441 -0.21592643 0.02781316
v -0.20566553 -0.04403695 0.02136201
v 0.12206988 -0.08401770 0.02781316
v -0.09976186 -0.19105840 0.02781316
v 0.14113335 0.10365598 0.02781316
v 0.11040452 0.20721988 0.02781316
v 0.10682205 -0.04600043 0.02781316
v -0.10588602 0.23577362 0.02781316
v 0.07699478 -0.24194069 0.02781316
v 0.04862440 -0.10820070 0.02781316
v 0.05069982 -0.13612631 0.02781316
v 0.09553978 0.02039163 0.02781316
v 0.12967435 0.15031794 0.02781316
v 0.02712080 -0.32788714 0.02781316
v -0.01576646 0.05295692 0.02781316
v -0.16511208 -0.28637956 0.02781316
v -0.17278725 -0.17079779 0.02781316
v 0.01577904 0.03477722 0.02781316
v -0.12457381 0.19880581 0.02781316
v 0.14653756 -0.04203099 0.02781316
v -0.20958388 0.06955692 0.01813674
v 0.18439450 -0.23926183 0.02767401
v 0.21732632 -0.16722209 0.01306898
v 0.05875862 -0.13071437 0.02781316
v 0.18411437 0.00052376 0.02750024
v 0.15306762 0.10770531 0.02781316
v -0.19790598 -0.27866239 0.02543094
v -0.18262184 -0.33396115 0.02779464
v 0.17188553 -0.20824438 0.02781316
v 0.12019039 -0.22367581 0.02781316
v 0.16730336 -0.34877085 0.02781316
v -0.10159282 -0.25672317 0.02781316
v -0.12681421 0.07419621 0.02781316
v 0.17063493 0.16045242 0.02781316
v -0.02428227 -0.17688856 0.02781316
v -0.19435165 0.00587794 0.02562323
v -0.09568660 0.04448598 0.02781316
v -0.19181435 -0.30902655 0.02688538
v -0.08188155 0.01303661 0.02781316
v 0.12686651 -0.09350762 0.02781316
v -0.21987424 -0.04236150 0.00662134
v -0.01327673 -0.09041759 0.02781316
v -0.00509609 -0.08430733 0.02781316
v 0.15162915 0.13809547 0.02781316
v -0.15073859 -0.19519499 0.02781316
v -0.05009039 -0.08931032 0.02781316
v 0.14785613 -0.16366309 0.02781316
v -0.14141159 -0.13115318 0.02781316
v 0.12782260 -0.11272728 0.02781316
v 0.08083204 0.17106856 0.02781316
v 0.10450822 -0.31741286 0.02781316
v 0.14056257 0.21189097 0.02781316
v 0.02371377 -0.20894178 0.02781316
v -0.11479990 -0.16055102 0.02781316
v -0.17104229 0.21616495 0.02762508
v -0.09012629 -0.07431323 0.02781316
v -0.16791496 -0.08435771 0.02781316
v -0.20451197 0.01513620 0.02165753
v 0.00710801 0.09030006 0.02781316
v 0.02179637 -0.01988734 0.02781316
v -0.16964838 0.18597093 0.02781316
v -0.20912238 -0.28749228 0.02080340
v -0.19528977 0.10552496 0.02684567
v -0.08528086 -0.08315643 0.02781316
v 0.11754719 0.10185418 0.02781316
v -0.16217405 -0.24553495 0.02781316
v 0.18396076 0.06231090 0.02745263
v 0.09420877 0.22846482 0.02781316
v 0.15812063 -0.28097048 0.02781316
v 0.07323886 -0.11984792 0.02781316
v 0.15606501 0.01145027 0.02781316
v 0.13488541 -0.04656327 0.02781316
v -0.08209225 -0.28011615 0.02781316
v -0.04146797 -0.12045676 0.02781316
v -0.07088921 0.18546659 0.02781316
v 0.00575224 -0.05882351 0.02781316
v 0.10516262 0.19772392 0.02781316
v -0.14532973 -0.28263784 0.02781316
v -0.14589687 -0.26784859 0.02781316
v 0.08167756 0.06399516 0.02781316
v -0.07658644 0.00336692 0.02781316
v -0.21236452 -0.31692668 0.01894201
v -0.05358160 0.15866614 0.02781316
v 0.08927315 -0.14286985 0.02781316
v 0.11139150 -0.12835802 0.02781316
v 0.20359147 0.04808546 0.02195884
v 0.13157181 -0.30908849 0.02781316
v -0.07089869 -0.13344640 0.02781316
v -0.16139842 -0.20073037 0.02781316
v -0.00768315 0.01959370 0.02781316
v -0.11646510 0.11950160 0.02781316
v -0.02428633 0.12150529 0.02781316
v -0.13179968 0.19253170 0.02781316
v 0.10774708 0.06552272 0.02781316
v -0.04868652 0.13452958 0.02781316
v -0.00388420 -0.01653102 0.02781316
v -0.21968484 -0.10277770 0.00845401
v 0.02653383 0.03069395 0.02781316
v 0.18676401 -0.25065553 0.02748850
v 0.21650758 -0.04014896 0.01249183
v -0.16813383 0.06227699 0.02781316
v -0.16301138 0.20766224 0.02781316
v 0.14034284 -0.05866430 0.02781316
v -0.13978335 -0.04516112 0.02781316
v -0.11141256 0.02662325 0.02781316
v -0.18913916 -0.06760094 0.02692648
v 0.21288041 -0.19755838 0.01767144
v -0.20373924 -0.14781510 0.02282813
v 0.15807602 -0.35543156 0.02781316
v -0.13994597 -0.25336274 0.02781316
v 0.18144428 0.04200769 0.02768145
v 0.15784420 0.04235695 0.02781316
v 0.09266394 -0.06116216 0.02781316
v 0.17667875 -0.22986158 0.02781316
v -0.10290691 -0.07138560 0.02781316
v -0.14914436 0.24230737 0.02440813
v -0.09952033 0.24469758 0.02781316
v -0.12835278 -0.14519122 0.02781316
v -0.14040381 -0.14215241 0.02781316
v -0.12384072 -0.01063648 0.02781316
v 0.10507737 0.00040841 0.02781316
v 0.20255888 -0.03196854 0.02283404
v 0.16489069 -0.28963393 0.02781316
v 0.12740250 0.25130405 0.02526717
v -0.02326084 0.10945339 0.02781316
v -0.05431079 -0.13472206 0.02781316
v 0.15841390 -0.14383212 0.02781316
v -0.18782739 0.09819099 0.02726113
v 0.15856243 -0.15948733 0.02781316
v 0.06173075 0.11171668 0.02781316
v -0.13805917 0.22876333 0.02772623
v -0.13811607 -0.20884688 0.02781316
v 0.21210923 -0.10185699 0.01751852
v 0.22191989 -0.35387605 0.00903029
v -0.08860859 -0.22457960 0.02781316
v 0.04048436 -0.26890981 0.02781316
v -0.01297996 -0.33383885 0.02781316
v 0.11673038 0.19593413 0.02781316
v -0.15440213 -0.01564849 0.02781316
v 0.20864835 -0.05811147 0.01968478
v -0.00394285 -0.02723079 0.02781316
v -0.20511031 -0.05509999 0.02171434
v 0.10959664 -0.32914780 0.02781316
v 0.04562383 -0.08380021 0.02781316
v -0.07625302 -0.14067653 0.02781316
v 0.09566380 -0.24115369 0.02781316
v -0.01255509 -0.11317170 0.02781316
v 0.15276809 -0.25490498 0.02781316
v 0.11853030 -0.02748507 0.02781316
v 0.05618489 -0.25386508 0.02781316
v -0.01015534 -0.34454294 0.02781316
v -0.21996325 -0.26575162 0.01083704
v -0.18090810 0.12856208 0.02781316
v -0.09843352 -0.08024410 0.02781316
v 0.16456617 0.00858133 0.02781316
v -0.15215291 -0.31591376 0.02781316
v 0.01414156 -0.02874239 0.02781316
v -0.10835519 -0.16976191 0.02781316
v -0.03442315 -0.13426869 0.02781316
v -0.11056061 -0.22134351 0.02781316
v 0.07461157 -0.27206614 0.02781316
v -0.05932795 -0.00698482 0.02781316
v -0.00897629 0.10876900 0.02781316
v 0.03169128 -0.22971916 0.02781316
v 0.03965588 -0.16143190 0.02781316
v -0.05697142 -0.06055900 0.02781316
v 0.03704612 -0.10633451 0.02781316
v 0.05779169 -0.01681070 0.02781316
v -0.17354163 -0.24749411 0.02781316
v 0.16951062 0.18626182 0.02781316
v 0.20254486 -0.19288752 0.02353453
v 0.12026325 -0.06298261 0.02781316
v 0.12374658 -0.04345508 0.02781316
v -0.07131333 -0.30186768 0.02781316
v -0.03760475 0.02157632 0.02781316
v 0.14910389 0.26116265 0.01405950
v -0.21549677 0.06061577 0.01248606
v -0.01788427 -0.06179391 0.02781316
v 0.17879075 -0.18392465 0.02781316
v -0.02151987 -0.34171390 0.02781316
v -0.21473819 -0.35145193 0.01742713
v 0.04470045 0.13882040 0.02781316
v -0.16381062 -0.29641685 0.02781316
v -0.07500910 -0.19768376 0.02781316
v 0.20936917 -0.02149167 0.01895494
v -0.00535809 -0.24331905 0.02781316
v -0.11574850 -0.00111842 0.02781316
v 0.01540937 0.08484931 0.02781316
v 0.01258241 0.01205644 0.02781316
v -0.18700453 -0.25175411 0.02746521
v -0.20462018 -0.26648773 0.02296852
v -0.05561057 -0.35358267 0.02781316
v -0.06968478 0.15282876 0.02781316
v 0.13869428 -0.35177214 0.02781316
v 0.00506883 -0.33019408 0.02781316
v -0.15714767 -0.05464148 0.02781316
v -0.09200305 0.13406541 0.02781316
v 0.15391859 0.05285533 0.02781316
v -0.10129070 0.20286606 0.02781316
v -0.11297739 -0.20054276 0.02781316
v -0.01436736 -0.07921032 0.02781316
v 0.19198450 -0.31458645 0.02686571
v 0.07632821 0.07278421 0.02781316
v -0.08495507 -0.09394325 0.02781316
v -0.09008776 -0.02890611 0.02781316
v -0.10370645 0.16837647 0.02781316
v -0.07503265 -0.04542639 0.02781316
v 0.13667730 -0.00145847 0.02781316
v 0.17181432 -0.14276653 0.02781316
v 0.18419706 0.11146069 0.02781316
v -0.15556909 -0.03162606 0.02781316
v 0.00083351 -0.34849146 0.02781316
v 0.12984428 -0.10190249 0.02781316
v 0.18689836 -0.06703603 0.02725969
v 0.21002330 0.02305075 0.01815865
v -0.12405043 -0.03097304 0.02781316
v -0.07609370 -0.29129941 0.02781316
v -0.09793901 -0.32692071 0.02781316
v -0.18282210 0.13699414 0.02781316
v -0.21672124 -0.29695258 0.01516601
v 0.22096442 -0.33715043 0.01039570
v 0.16879492 -0.13247909 0.02781316
v -0.07631111 0.13378567 0.02781316
v -0.07107736 0.12304727 0.02781316
v 0.03395082 -0.17302377 0.02781316
v -0.12450599 -0.25499376 0.02781316
v 0.21756478 -0.21996799 0.01341898
v 0.06327567 -0.30456721 0.02781316
v -0.16830887 -0.15220697 0.02781316
v 0.02336765 -0.35103821 0.02781316
v -0.06244021 -0.08584913 0.02781316
v 0.00887733 -0.11229538 0.02781316
v -0.02122669 -0.07077412 0.02781316
v -0.14606764 -0.02244203 0.02781316
v -0.07115869 0.02078322 0.02781316
v -0.02805628 0.07465028 0.02781316
v 0.02883999 -0.11246155 0.02781316
v 0.15704089 0.02967105 0.02781316
v 0.17645765 0.18635119 0.02781316
v 0.21256410 -0.06741048 0.01685870
v -0.13201875 -0.08553835 0.02781316
v 0.03532713 -0.21378378 0.02781316
v -0.16584558 -0.04342855 0.02781316
v 0.14746628 -0.11251659 0.02781316
v -0.07699217 -0.33202223 0.02781316
v 0.06418068 0.05163717 0.02781316
v -0.10440698 0.10167390 0.02781316
v 0.05602044 -0.06114501 0.02781316
v 0.14927401 -0.22111413 0.02781316
v 0.09464028 -0.17005092 0.02781316
v -0.06177905 0.17553603 0.02781316
v -0.16765388 -0.26912723 0.02781316
v 0.05527936 -0.26441824 0.02781316
v -0.12899955 0.09414762 0.02781316
v -0.09241968 0.09613650 0.02781316
v 0.12526154 0.26091441 0.02246612
v 0.11505645 0.22998784 0.02781316
v -0.20224515 -0.25286184 0.02389284
v -0.15311953 0.26195096 0.01063179
v 0.18690339 -0.01782730 0.02719206
v 0.11534580 0.24238078 0.02767188
v 0.17373833 0.20283179 0.02781316
v -0.01518401 -0.32341925 0.02781316
v 0.21791581 -0.14207723 0.01198868
v 0.00457773 -0.29660195 0.02781316
v -0.15519598 0.21733826 0.02779214
v 0.11840601 -0.12006950 0.02781316
v 0.12017458 0.11514882 0.02781316
v 0.17285050 -0.05391961 0.02781316
v -0.00080367 -0.25621318 0.02781316
v -0.10458415 -0.22991477 0.02781316
v 0.16005085 -0.01203424 0.02781316
v 0.06085296 0.00854595 0.02781316
v 0.05124680 0.01640424 0.02781316
v 0.06388832 -0.05139827 0.02781316
v -0.06378117 0.11303491 0.02781316
v 0.06579953 -0.34061460 0.02781316
v 0.14891761 -0.35116140 0.02781316
v -0.06593977 -0.22575044 0.02781316
v -0.02836935 -0.26840244 0.02781316
v 0.05214688 -0.27466056 0.02781316
v -0.18746494 -0.09767860 0.02722538
v -0.07709693 0.04943269 0.02781316
v 0.10569397 0.04601218 0.02781316
v 0.12855849 -0.26384734 0.02781316
v -0.05427232 -0.33260808 0.02781316
v 0.14985351 0.03701345 0.02781316
v -0.22152446 -0.27652203 0.00827139
v -0.11200176 0.24663841 0.02749968
v 0.20325414 -0.08346073 0.02275424
v 0.08718895 0.11989544 0.02781316
v 0.05399422 0.04796396 0.02781316
v -0.09443068 -0.12800584 0.02781316
v 0.19588071 0.08969516 0.02505614
v 0.09798030 -0.19239703 0.02781316
v 0.19700099 -0.25962550 0.02563028
v -0.12682189 -0.10502544 0.02781316
v 0.18097654 -0.13612326 0.02778551
v 0.12551745 -0.18033703 0.02781316
v 0.08477899 0.20855972 0.02781316
v 0.07064367 -0.25485856 0.02781316
v 0.14254704 -0.18916304 0.02781316
v 0.04714397 -0.02169923 0.02781316
v -0.07535552 -0.07562651 0.02781316
v 0.20489596 0.09504658 0.02253329
v -0.01158276 -0.00958688 0.02781316
v 0.07411487 -0.04269463 0.02781316
v 0.15252000 -0.31980099 0.02781316
v 0.14330006 -0.31122318 0.02781316
v 0.03877440 -0.14933701 0.02781316
v 0.18012134 0.09565210 0.02778363
v 0.01648020 0.02329236 0.02781316
v 0.19611891 -0.13543175 0.02552830
v -0.10398571 0.03695152 0.02781316
v 0.09315229 0.19831034 0.02781316
v -0.08293078 -0.23658704 0.02781316
v -0.06291412 -0.25951361 0.02781316
v 0.15227294 -0.17329329 0.02781316
v 0.17383774 -0.12072392 0.02781316
v -0.01824990 0.09774944 0.02781316
v 0.01586104 -0.03953653 0.02781316
v -0.16621259 0.17432910 0.02781316
v -0.16167729 0.07096074 0.02781316
v 0.11055449 0.07567378 0.02781316
v 0.12798559 0.05479112 0.02781316
v -0.02665176 -0.35252605 0.02781316
v 0.06632113 0.15915086 0.02781316
v 0.15017062 -0.21180644 0.02781316
v -0.15007564 -0.10752542 0.02781316
v -0.21466180 -0.06329816 0.01486871
v 0.04071500 -0.05536410 0.02781316
v 0.08698829 -0.07086661 0.02781316
v -0.06935668 -0.14792895 0.02781316
v -0.09387915 0.19300755 0.02781316
v -0.04556410 -0.30415883 0.02781316
v -0.16180815 -0.21196007 0.02781316
v -0.14400662 0.25558059 0.02008245
v -0.10317464 0.00580666 0.02781316
v 0.15440101 0.09788959 0.02781316
v 0.17133740 0.17826517 0.02781316
v 0.20415987 -0.32198525 0.02340527
v 0.20889255 -0.04695357 0.01945177
v 0.07672366 0.12713243 0.02781316
v 0.12499309 0.20380636 0.02781316
v -0.04010432 -0.02140969 0.02781316
v 0.10815253 -0.24985011 0.02781316
v 0.06012838 -0.20435626 0.02781316
v -0.13240478 0.20736477 0.02781316
v -0.17476497 -0.29334925 0.02781316
v -0.16472759 0.22367388 0.02685450
v 0.01365452 -0.07063405 0.02781316
v -0.13326181 0.02562705 0.02781316
v -0.14586668 0.07292252 0.02781316
v 0.11047887 0.28716034 0.00802221
v -0.03458856 -0.16734955 0.02781316
v 0.13597784 -0.17879452 0.02781316
v -0.19525301 0.08999681 0.02526101
v -0.09579099 -0.09081739 0.02781316
v 0.04347439 -0.06432207 0.02781316
v -0.09623875 0.02815609 0.02781316
v 0.12604826 0.13815858 0.02781316
v 0.18902636 -0.09485086 0.02699007
v -0.11738474 0.15195510 0.02781316
v -0.07277612 -0.31826735 0.02781316
v 0.03854141 -0.33402464 0.02781316
v 0.09905100 0.05825274 0.02781316
v 0.16972478 -0.16230245 0.02781316
v 0.07164008 -0.11049633 0.02781316
v -0.10894751 -0.01504614 0.02781316
v 0.19606369 -0.33901615 0.02607536
v -0.11458362 0.09410334 0.02781316
v 0.07669638 -0.33815953 0.02781316
v 0.13242107 0.11595766 0.02781316
v 0.15492003 0.18158667 0.02781316
v 0.11484270 -0.21028005 0.02781316
v 0.21981099 -0.26029544 0.01098461
v 0.14569741 -0.05132640 0.02781316
v -0.01503692 -0.18317885 0.02781316
v -0.15116182 -0.13986340 0.02781316
v 0.21880827 -0.15058842 0.01082880
v 0.13860539 -0.19815364 0.02781316
v -0.01374982 -0.20083624 0.02781316
v 0.04021859 -0.07478994 0.02781316
v 0.21098689 0.08616673 0.01692160
v 0.10501634 -0.29557624 0.02781316
v -0.07747784 0.19872071 0.02781316
v -0.11074425 -0.23951742 0.02781316
v -0.09133411 0.22674492 0.02781316
v -0.07261001 0.17396459 0.02781316
v 0.16125663 -0.16924268 0.02781316
v 0.01299547 -0.34646299 0.02781316
v 0.05973673 -0.35221124 0.02781316
v 0.10257013 -0.05808285 0.02781316
v -0.03944357 -0.26729156 0.02781316
v 0.17153964 -0.17375652 0.02781316
v -0.12424985 0.12727122 0.02781316
v 0.05908335 -0.19007471 0.02781316
v 0.17195568 -0.08373782 0.02781316
v 0.07207293 -0.02652947 0.02781316
v 0.00127338 -0.14866940 0.02781316
v 0.02518225 -0.03076461 0.02781316
v -0.07731523 0.06417048 0.02781316
v -0.01405987 0.00963604 0.02781316
v -0.08923048 -0.29218247 0.02781316
v 0.01459485 0.05814110 0.02781316
v -0.12949994 -0.04046789 0.02781316
v -0.08978411 -0.10395798 0.02781316
v 0.15491651 -0.04818492 0.02781316
v 0.14159642 -0.22761443 0.02781316
v -0.21399388 0.02616215 0.01462724
v 0.18981670 -0.00930727 0.02670140
v -0.04269483 -0.18881965 0.02781316
v -0.21927522 -0.28556522 0.01210493
v 0.15512840 0.23613637 0.02522640
v 0.05611911 -0.34244474 0.02781316
v -0.22052408 -0.33609842 0.01106057
v -0.09558834 0.15691485 0.02781316
v 0.11653287 -0.09440047 0.02781316
v -0.08901678 0.21820085 0.02781316
v -0.17017181 0.15078461 0.02781316
v 0.15095927 -0.29329049 0.02781316
v 0.02052773 0.00334150 0.02781316
v 0.04317316 -0.17357271 0.02781316
v -0.06596430 0.14171150 0.02781316
v 0.19399037 -0.10969516 0.02601788
v -0.19129635 -0.15429525 0.02669785
v 0.11589493 -0.26243819 0.02781316
v -0.13186629 -0.13539012 0.02781316
v -0.21008914 -0.23419338 0.01989772
v 0.21714406 -0.09638762 0.01240156
v 0.13665235 -0.16477212 0.02781316
v 0.22002171 -0.07196527 0.00700740
v 0.13264580 0.00652327 0.02781316
v -0.08655910 0.10466419 0.02781316
v 0.12841283 0.16101285 0.02781316
v -0.00582973 -0.14424988 0.02781316
v 0.06009457 0.06416385 0.02781316
v 0.10557397 0.02393337 0.02781316
v 0.12806470 -0.34427822 0.02781316
v 0.08291066 -0.06001821 0.02781316
v -0.10322950 -0.09887221 0.02781316
v 0.08830851 -0.29850023 0.02781316
v -0.09733013 0.12390544 0.02781316
v 0.15003592 0.16148008 0.02781316
v 0.17818317 0.15236784 0.02781316
v 0.14214360 -0.08543506 0.02781316
v 0.10328654 -0.08952945 0.02781316
v 0.09232007 -0.03090667 0.02781316
v -0.05427146 -0.25248610 0.02781316
v -0.12674932 0.11576965 0.02781316
v 0.18324187 -0.10434770 0.02766025
v -0.07955570 -0.18635000 0.02781316
v -0.16288029 -0.34097839 0.02781316
v -0.12315707 -0.27532147 0.02781316
v 0.10191860 -0.13428763 0.02781316
v 0.05637021 0.16303939 0.02781316
v -0.09652335 -0.35042268 0.02781316
v 0.13057087 -0.22696266 0.02781316
v 0.11760642 0.02390500 0.02781316
v -0.09392358 0.21018566 0.02781316
v -0.15997230 0.14497735 0.02781316
v 0.11702835 0.00311895 0.02781316
v 0.16525789 -0.31104466 0.02781316
v 0.11776409 -0.20019173 0.02781316
v -0.16426918 -0.25739307 0.02781316
v -0.21939585 -0.07216572 0.00841448
v 0.15989216 0.18837072 0.02781316
v -0.16122964 0.13118313 0.02781316
v 0.09667035 0.00432437 0.02781316
v 0.19013383 -0.02798305 0.02667693
v 0.09597870 -0.34635443 0.02781316
v -0.10033301 -0.02309464 0.02781316
v 0.20785953 -0.14104485 0.02068047
v 0.17335083 0.12956431 0.02781316
v 0.16551632 -0.15172304 0.02781316
v 0.21922954 -0.31456747 0.01254705
v 0.21559048 -0.23521892 0.01566031
v -0.03522911 -0.15590256 0.02781316
v 0.03553695 -0.19996502 0.02781316
v 0.15979450 -0.02981948 0.02781316
v -0.16185627 0.19490030 0.02781316
v -0.00416977 -0.05872456 0.02781316
v -0.15436480 0.02422632 0.02781316
v -0.10071912 -0.04587496 0.02781316
v 0.10878062 -0.21983188 0.02781316
v -0.15102170 -0.16059518 0.02781316
v 0.15008904 -0.15330288 0.02781316
v -0.12769623 0.05190304 0.02781316
v 0.18082666 0.13908709 0.02781316
v -0.05741913 -0.18124308 0.02781316
v 0.09673968 0.06945776 0.02781316
v 0.15404488 -0.05900192 0.02781316
v 0.13908470 -0.09465964 0.02781316
v 0.14303187 -0.17373748 0.02781316
v -0.13936517 -0.31264667 0.02781316
v 0.16581083 0.07412393 0.02781316
v -0.10731365 0.12502931 0.02781316
v -0.11575315 0.27879119 0.01480884
v 0.14035477 0.25300330 0.02228615
v 0.14494325 0.05377402 0.02781316
v 0.10476403 -0.16844461 0.02781316
v 0.13188752 -0.07575957 0.02781316
v 0.02354402 -0.05681330 0.02781316
v -0.16332950 0.08914784 0.02781316
v -0.20039892 -0.00960799 0.02365534
v 0.07097869 -0.09316772 0.02781316
v 0.16629701 -0.11299527 0.02781316
v 0.01409142 0.04524413 0.02781316
v -0.12627528 -0.20360141 0.02781316
v -0.09185403 -0.01656487 0.02781316
v 0.14347011 -0.13296432 0.02781316
v 0.08062197 -0.31799011 0.02781316
v 0.11071680 0.18720383 0.02781316
v 0.12729046 -0.03489806 0.02781316
v 0.01084793 -0.28845943 0.02781316
v 0.18338510 -0.20730218 0.02771505
v 0.20080152 -0.24172315 0.02438546
v -0.14188098 -0.24304915 0.02781316
v -0.15238743 -0.24260509 0.02781316
v -0.03430891 -0.33291776 0.02781316
v -0.16049126 -0.23236231 0.02781316
v -0.20591926 -0.12676277 0.02166923
v 0.19775135 -0.07548588 0.02485272
v 0.07375207 -0.08448054 0.02781316
v 0.17430176 -0.10763300 0.02781316
v -0.13868859 -0.10954444 0.02781316
v 0.02493965 -0.08976200 0.02781316
v 0.03659106 -0.34990877 0.02781316
v 0.10529539 -0.15627253 0.02781316
v 0.14994051 -0.03313515 0.02781316
v -0.16476697 -0.11528087 0.02781316
v -0.08860021 -0.26177920 0.02781316
v 0.12335295 -0.25106581 0.02781316
v -0.15536996 -0.26861224 0.02781316
v 0.15176307 -0.00811824 0.02781316
v 0.21717362 -0.01372647 0.01121200
v 0.10469511 -0.01355146 0.02781316
v -0.10371948 0.26203092 0.02584061
v -0.13764904 0.15535957 0.02781316
v 0.05118151 0.05786909 0.02781316
v -0.21707537 -0.05324417 0.01191443
v 0.17502208 0.16665571 0.02781316
v -0.16558743 0.05414439 0.02781316
v -0.10192668 -0.24658494 0.02781316
v 0.04477439 0.04590851 0.02781316
v -0.02114226 -0.31380197 0.02781316
v -0.17528324 0.10402620 0.02781316
v 0.07783083 -0.18061763 0.02781316
v 0.08568968 -0.20779164 0.02781316
v 0.10862550 -0.35119669 0.02781316
v -0.09994501 0.06597064 0.02781316
v 0.09391011 0.08356627 0.02781316
v -0.18100390 0.08560026 0.02768184
v 0.03109601 0.08140290 0.02781316
v -0.03180345 0.00009220 0.02781316
v -0.12037559 -0.35127599 0.02781316
v -0.20711132 -0.18748466 0.02136177
v -0.08285105 0.18979711 0.02781316
v 0.08888999 0.15277807 0.02781316
v 0.17753866 -0.15270916 0.02781316
v 0.08051575 -0.15355248 0.02781316
v -0.11574866 0.26382890 0.02337672
v 0.06790799 -0.35716001 0.02781316
v 0.12827349 -0.32206782 0.02781316
v 0.16447567 -0.00474610 0.02781316
v -0.06444339 0.09775508 0.02781316
v 0.04699364 0.12823034 0.02781316
v -0.11209894 -0.06599219 0.02781316
v 0.17390704 -0.31812579 0.02781316
v 0.08090970 -0.13100770 0.02781316
v -0.21622398 -0.15336850 0.01417713
v -0.00003416 -0.20135212 0.02781316
v -0.11405090 -0.17965938 0.02781316
v 0.11054003 -0.30697283 0.02781316
v 0.06063274 -0.11178210 0.02781316
v -0.16352685 0.10030599 0.02781316
v 0.16405521 -0.04883825 0.02781316
v 0.14330919 0.26845038 0.00901689
v -0.14444772 -0.18474067 0.02781316
v 0.02972042 -0.16349823 0.02781316
v 0.15546774 -0.07831581 0.02781316
v 0.13529780 0.04944102 0.02781316
v -0.19595869 -0.21846862 0.02579761
v 0.06313136 -0.00536195 0.02781316
v 0.13040012 0.06750894 0.02781316
v 0.16903891 0.10268971 0.02781316
v 0.13768593 0.14461029 0.02781316
v -0.10707212 -0.10785228 0.02781316
v 0.18767282 -0.03906499 0.02711234
v 0.21291402 0.05398913 0.01543235
v 0.00836039 0.11364296 0.02781316
v -0.04370283 -0.32795620 0.02781316
v 0.05986108 -0.29389441 0.02781316
v -0.17419054 0.25403607 0.00000000
v -0.16272380 0.26037346 0.00000000
v -0.15126395 0.26670706 0.00000000
v -0.13979721 0.27304446 0.00000000
v -0.12833735 0.27937806 0.00000000
v -0.11687062 0.28571545 0.00000000
v -0.10541076 0.29204905 0.00000000
v -0.09388412 0.29007860 -0.01072664
v -0.08406786 0.28296145 -0.01989270
v -0.07035229 0.27406206 -0.02622955
v -0.05487179 0.26631670 -0.02781316
v -0.04149383 0.26154931 -0.02781316
v -0.02787339 0.25757458 -0.02781316
v -0.01402103 0.25444193 -0.02781316
v 0.00000000 0.25220539 -0.02781316
v 0.01402103 0.25444193 -0.02781316
v 0.02787339 0.25757458 -0.02781316
v 0.04149383 0.26154931 -0.02781316
v 0.05487179 0.26631670 -0.02781316
v 0.07035229 0.27406206 -0.02622955
v 0.08406786 0.28296145 -0.01989270
v 0.09388412 0.29007860 -0.01072664
v 0.10541076 0.29204905 0.00000000
v 0.11687750 0.28571165 0.00000000
v 0.12833735 0.27937806 0.00000000
v 0.13980409 0.27304066 0.00000000
v 0.15126395 0.26670706 0.00000000
v 0.16273068 0.26036966 0.00000000
v 0.17419054 0.25403607 0.00000000
v 0.17452697 0.24541000 -0.01671719
v 0.17548159 0.22828399 -0.02548795
v 0.17695900 0.20958903 -0.02781316
v 0.17866340 0.19486175 -0.02781316
v 0.18086100 0.18017423 -0.02781316
v 0.18362991 0.16558154 -0.02781316
v 0.18706595 0.15114876 -0.02781316
v 0.19129766 0.13692930 -0.02781316
v 0.19648712 0.12301906 -0.02781316
v 0.20507341 0.10639084 -0.02545867
v 0.21441828 0.09208700 -0.01670912
v 0.21982341 0.08536800 0.00000000
v 0.21997317 0.07050533 0.00000000
v 0.22012337 0.05559804 0.00000000
v 0.22027312 0.04073537 0.00000000
v 0.22042288 0.02587271 0.00000000
v 0.22057263 0.01101004 0.00000000
v 0.22072283 -0.00389726 0.00000000
v 0.22087259 -0.01875992 0.00000000
v 0.22102234 -0.03362259 0.00000000
v 0.22117254 -0.04852988 0.00000000
v 0.22132230 -0.06339255 0.00000000
v 0.22147205 -0.07825521 0.00000000
v 0.22162225 -0.09316251 0.00000000
v 0.22177201 -0.10802517 0.00000000
v 0.22192176 -0.12288784 0.00000000
v 0.22207152 -0.13775050 0.00000000
v 0.22222172 -0.15265780 0.00000000
v 0.22237147 -0.16752047 0.00000000
v 0.22252123 -0.18238313 0.00000000
v 0.22267143 -0.19729043 0.00000000
v 0.22282118 -0.21215309 0.00000000
v 0.22297094 -0.22701576 0.00000000
v 0.22312114 -0.24192306 0.00000000
v 0.22327089 -0.25678572 0.00000000
v 0.22342065 -0.27164839 0.00000000
v 0.22357040 -0.28651105 0.00000000
v 0.22372060 -0.30141835 0.00000000
v 0.22387036 -0.31628101 0.00000000
v 0.22402011 -0.33114368 0.00000000
v 0.22417031 -0.34605097 0.00000000
v 0.22432007 -0.36091364 0.00000000
v 0.21556569 -0.36089579 -0.01682088
v 0.19825182 -0.36096435 -0.02556714
v 0.17945157 -0.36104773 -0.02781316
v 0.16451036 -0.36109238 -0.02781316
v 0.14954671 -0.36113709 -0.02781316
v 0.13458307 -0.36118181 -0.02781316
v 0.11964186 -0.36122646 -0.02781316
v 0.10467821 -0.36127118 -0.02781316
v 0.08973700 -0.36131583 -0.02781316
v 0.07477336 -0.36136055 -0.02781316
v 0.05980971 -0.36140527 -0.02781316
v 0.04486850 -0.36144992 -0.02781316
v 0.02990486 -0.36149464 -0.02781316
v 0.01496364 -0.36153929 -0.02781316
v 0.00000000 -0.36158400 -0.02781316
v -0.01496364 -0.36153929 -0.02781316
v -0.02990486 -0.36149464 -0.02781316
v -0.04486850 -0.36144992 -0.02781316
v -0.05980971 -0.36140527 -0.02781316
v -0.07477336 -0.36136055 -0.02781316
v -0.08973700 -0.36131583 -0.02781316
v -0.10467821 -0.36127118 -0.02781316
v -0.11964186 -0.36122646 -0.02781316
v -0.13458307 -0.36118181 -0.02781316
v -0.14954671 -0.36113709 -0.02781316
v -0.16451036 -0.36109238 -0.02781316
v -0.17945157 -0.36104773 -0.02781316
v -0.19825182 -0.36096435 -0.02556714
v -0.21556569 -0.36089579 -0.01682088
v -0.22432007 -0.36091364 0.00000000
v -0.22417031 -0.34605097 0.00000000
v -0.22402011 -0.33114368 0.00000000
v -0.22387036 -0.31628101 0.00000000
v -0.22372060 -0.30141835 0.00000000
v -0.22357085 -0.28655568 0.00000000
v -0.22342065 -0.27164839 0.00000000
v -0.22327089 -0.25678572 0.00000000
v -0.22312114 -0.24192306 0.00000000
v -0.22297094 -0.22701576 0.00000000
v -0.22282118 -0.21215309 0.00000000
v -0.22267143 -0.19729043 0.00000000
v -0.22252123 -0.18238313 0.00000000
v -0.22237147 -0.16752047 0.00000000
v -0.22222172 -0.15265780 0.00000000
v -0.22207196 -0.13779514 0.00000000
v -0.22192176 -0.12288784 0.00000000
v -0.22177201 -0.10802517 0.00000000
v -0.22162225 -0.09316251 0.00000000
v -0.22147205 -0.07825521 0.00000000
v -0.22132230 -0.06339255 0.00000000
v -0.22117254 -0.04852988 0.00000000
v -0.22102234 -0.03362259 0.00000000
v -0.22087259 -0.01875992 0.00000000
v -0.22072283 -0.00389726 0.00000000
v -0.22057308 0.01096541 0.00000000
v -0.22042288 0.02587271 0.00000000
v -0.22027312 0.04073537 0.00000000
v -0.22012337 0.05559804 0.00000000
v -0.21997317 0.07050533 0.00000000
v -0.21982341 0.08536800 0.00000000
v -0.21441828 0.09208700 -0.01670912
v -0.20507341 0.10639084 -0.02545867
v -0.19648712 0.12301906 -0.02781316
v -0.19129766 0.13692930 -0.02781316
v -0.18706595 0.15114876 -0.02781316
v -0.18362991 0.16558154 -0.02781316
v -0.18086100 0.18017423 -0.02781316
v -0.17866340 0.19486175 -0.02781316
v -0.17695900 0.20958903 -0.02781316
v -0.17548159 0.22828399 -0.02548795
v -0.17452697 0.24541000 -0.01671719
v 0.04892024 0.15410999 -0.02781316
v -0.10844485 0.06383912 -0.02781316
v -0.03120628 -0.22700640 -0.02781316
v 0.07922449 -0.33461360 -0.02781316
v 0.08278979 0.03218700 -0.02781316
v 0.21231458 -0.17180938 -0.01790961
v -0.02882065 0.14064736 -0.02781316
v -0.15277108 0.03705926 -0.02781316
v 0.06197002 -0.19649889 -0.02781316
v -0.01647820 0.08059513 -0.02781316
v -0.09806148 0.11664199 -0.02781316
v 0.19337089 0.00561107 -0.02588261
v 0.10288549 0.12681433 -0.02781316
v -0.21247641 -0.01493595 -0.01647762
v -0.14029678 0.06993371 -0.02781316
v 0.17883542 -0.03958475 -0.02780895
v 0.01213849 -0.02450079 -0.02781316
v 0.21096484 0.07722343 -0.01697852
v 0.14364162 0.03226163 -0.02781316
v 0.17764833 -0.19834272 -0.02781316
v 0.14084739 -0.28949978 -0.02781316
v 0.15929345 0.12012355 -0.02781316
v -0.17059575 -0.01680825 -0.02781316
v -0.00049574 0.22483686 -0.02781316
v 0.13334988 -0.33169733 -0.02781316
v -0.12711465 0.20390282 -0.02781316
v -0.11293595 0.03577217 -0.02781316
v 0.10139506 0.14541823 -0.02781316
v 0.12209137 -0.17890456 -0.02781316
v -0.05007137 0.13700015 -0.02781316
v -0.14598600 -0.03265663 -0.02781316
v 0.14563335 -0.13236996 -0.02781316
v 0.15938675 0.21342654 -0.02781316
v -0.03583491 0.00435210 -0.02781316
v -0.04678104 -0.12154498 -0.02781316
v 0.04397638 0.00449944 -0.02781316
v 0.17310124 -0.23559981 -0.02781316
v -0.22156021 -0.30954856 -0.00886474
v -0.02668753 0.09554615 -0.02781316
v -0.21946198 0.03661544 -0.00551159
v 0.13473248 -0.34653179 -0.02781316
v 0.10007433 0.28489187 -0.01592088
v -0.00968748 -0.17439366 -0.02781316
v -0.14850925 -0.22787115 -0.02781316
v -0.13880605 0.26065024 -0.01881280
v 0.11494147 0.15214237 -0.02781316
v 0.14319209 -0.18786462 -0.02781316
v -0.12403872 0.22429659 -0.02781316
v -0.01436490 -0.29977646 -0.02781316
v 0.03225251 -0.28134891 -0.02781316
v 0.02055267 0.05153668 -0.02781316
v -0.04811655 -0.01324222 -0.02781316
v 0.10230333 -0.15794416 -0.02781316
v -0.15508403 -0.21781462 -0.02781316
v -0.15400770 -0.25556749 -0.02781316
v 0.03418268 -0.07036752 -0.02781316
v -0.02891462 -0.28324525 -0.02781316
v -0.17298050 0.14654267 -0.02781316
v -0.04734957 -0.23714238 -0.02781316
v -0.08864329 0.19101178 -0.02781316
v -0.08811323 -0.28948220 -0.02781316
v -0.08560903 0.25930794 -0.02731515
v -0.06279386 -0.16129987 -0.02781316
v 0.21314129 0.05810449 -0.01516846
v -0.21607982 0.03993177 -0.01199152
v -0.04453641 0.08117279 -0.02781316
v -0.06916672 0.14500869 -0.02781316
v 0.21314010 0.03231282 -0.01542490
v 0.02825625 0.16467078 -0.02781316
v -0.09401010 0.02535334 -0.02781316
v 0.01625685 0.06361686 -0.02781316
v 0.09459341 -0.24850325 -0.02781316
v -0.04121859 0.06839998 -0.02781316
v -0.11416627 0.07468624 -0.02781316
v -0.14733300 0.12120420 -0.02781316
v -0.07075894 -0.24635662 -0.02781316
v -0.15765493 0.07855938 -0.02781316
v -0.18072671 -0.33325429 -0.02781316
v 0.16279554 -0.31396661 -0.02781316
v 0.06328913 0.24375124 -0.02781316
v 0.17250798 -0.11888741 -0.02781316
v 0.17780939 -0.08395525 -0.02781316
v -0.19852547 0.09573555 -0.02485133
v -0.16655788 0.25384743 -0.01151417
v 0.21011460 0.08671023 -0.01767767
v 0.20458029 -0.13608185 -0.02238346
v 0.01290386 -0.04932702 -0.02781316
v 0.20530057 -0.35478808 -0.02306040
v 0.15538331 -0.33915885 -0.02781316
v 0.15724475 0.26047527 -0.00945631
v 0.06778235 -0.15451171 -0.02781316
v 0.14654973 0.19341993 -0.02781316
v -0.21859399 0.01888183 -0.00817532
v -0.12494031 0.05744884 -0.02781316
v 0.21672354 -0.09301474 -0.01289131
v -0.12813733 -0.29903914 -0.02781316
v 0.13007804 -0.20830767 -0.02781316
v -0.06061490 -0.11790167 -0.02781316
v 0.20272946 0.06628407 -0.02229317
v 0.14216533 -0.27972696 -0.02781316
v 0.13012939 -0.28051218 -0.02781316
v -0.12148772 -0.04199460 -0.02781316
v 0.15190083 -0.12153833 -0.02781316
v -0.10548816 0.09357006 -0.02781316
v -0.08168796 0.14370439 -0.02781316
v 0.15728440 -0.18484805 -0.02781316
v -0.08142533 0.24535042 -0.02781316
v 0.00622040 -0.24111294 -0.02781316
v 0.16718110 0.07790572 -0.02781316
v -0.16373675 0.22988980 -0.02563433
v -0.18181606 0.10966102 -0.02781316
v -0.19769504 0.03635306 -0.02449252
v -0.16229439 0.19097800 -0.02781316
v -0.10916268 0.17773603 -0.02781316
v 0.19045328 -0.08930603 -0.02673311
v -0.12521884 -0.28217150 -0.02781316
v -0.10166194 0.10396230 -0.02781316
v 0.13869759 -0.32511032 -0.02781316
v 0.21073698 -0.12376882 -0.01871791
v 0.15235413 0.06044810 -0.02781316
v -0.08096100 -0.25862547 -0.02781316
v -0.15800110 -0.27963059 -0.02781316
v -0.03047134 0.24011736 -0.02781316
v 0.05729499 -0.08975735 -0.02781316
v -0.17537584 -0.02953839 -0.02781316
v -0.01531073 -0.11169576 -0.02781316
v 0.12064393 0.21619811 -0.02781316
v 0.03914255 0.05823856 -0.02781316
v 0.17065761 0.15130203 -0.02781316
v -0.03220446 -0.02918108 -0.02781316
v 0.10055041 -0.23921969 -0.02781316
v -0.08432040 -0.30245235 -0.02781316
v -0.07518911 0.25295377 -0.02781316
v -0.14115507 0.05254809 -0.02781316
v -0.19194064 -0.18986343 -0.02664314
v -0.15890954 0.10281140 -0.02781316
v -0.08380922 -0.09061310 -0.02781316
v -0.19021842 0.06080013 -0.02648187
v 0.11498701 0.01225898 -0.02781316
v 0.04729876 0.09992169 -0.02781316
v -0.20614605 -0.20302638 -0.02194655
v -0.00209140 -0.23385703 -0.02781316
v -0.21719832 0.07479671 -0.00975560
v 0.04568126 -0.07095953 -0.02781316
v -0.08476941 0.27216364 -0.02446013
v -0.09454991 -0.31286903 -0.02781316
v -0.17275463 0.11681065 -0.02781316
v 0.08217843 0.08460931 -0.02781316
v 0.00152674 -0.17323940 -0.02781316
v -0.15107693 0.11152804 -0.02781316
v -0.19510685 -0.21276113 -0.02599876
v 0.01539388 -0.19569826 -0.02781316
v 0.00528820 0.23419135 -0.02781316
v -0.11079323 0.21630342 -0.02781316
v -0.16838390 -0.35382061 -0.02781316
v 0.08197042 -0.31377686 -0.02781316
v 0.16978853 0.21785653 -0.02748881
v 0.12222034 -0.27051047 -0.02781316
v -0.13226479 -0.30999327 -0.02781316
v -0.01264459 -0.07317929 -0.02781316
v -0.10970006 0.27465779 -0.02001890
v -0.16734775 -0.12942024 -0.02781316
v 0.12805291 -0.33883515 -0.02781316
v 0.17617140 0.01138619 -0.02781316
v 0.12606026 -0.10429123 -0.02781316
v 0.10272379 -0.07831072 -0.02781316
v -0.11462799 -0.23494501 -0.02781316
v -0.21160398 -0.00622551 -0.01714647
v 0.09313643 -0.22137154 -0.02781316
v -0.08717871 0.03609816 -0.02781316
v -0.09475587 0.06609991 -0.02781316
v -0.13051081 -0.35188632 -0.02781316
v 0.14805628 -0.06833664 -0.02781316
v -0.14982896 0.23025173 -0.02698838
v 0.21608223 -0.21391218 -0.01496758
v -0.04088266 -0.20247820 -0.02781316
v -0.06984310 -0.27562817 -0.02781316
v 0.19480407 -0.20438880 -0.02605202
v 0.10770602 -0.01850273 -0.02781316
v -0.19796869 -0.14806182 -0.02501699
v 0.11720174 0.25177027 -0.02641846
v -0.06329391 -0.00532677 -0.02781316
v 0.19957035 -0.15957550 -0.02452681
v -0.15885651 -0.26629916 -0.02781316
v 0.13102135 -0.29020939 -0.02781316
v 0.03413146 0.09867875 -0.02781316
v -0.13158332 -0.15820817 -0.02781316
v -0.01370176 0.05236996 -0.02781316
v -0.10577675 -0.30753184 -0.02781316
v -0.03192470 0.11373041 -0.02781316
v -0.17668829 -0.13702348 -0.02781316
v -0.07688962 -0.23380635 -0.02781316
v -0.11465229 0.05633479 -0.02781316
v 0.14869478 -0.17380027 -0.02781316
v 0.05140719 -0.02085276 -0.02781316
v -0.07700352 -0.01090107 -0.02781316
v 0.04622368 -0.35161120 -0.02781316
v -0.08963672 0.01371836 -0.02781316
v 0.00227624 -0.16210907 -0.02781316
v 0.01606109 0.19747436 -0.02781316
v -0.13443099 0.00418088 -0.02781316
v 0.18669606 -0.06324557 -0.02728098
v 0.11767079 -0.33149744 -0.02781316
v 0.10905220 0.08854091 -0.02781316
v 0.18718760 -0.10026370 -0.02726565
v 0.02404761 -0.18761667 -0.02781316
v -0.08123596 0.18114886 -0.02781316
v 0.14020379 0.18101367 -0.02781316
v 0.14057497 0.15343206 -0.02781316
v -0.08318822 0.07052721 -0.02781316
v -0.09917960 -0.07564288 -0.02781316
v 0.08780123 0.01772975 -0.02781316
v 0.08997108 0.22554446 -0.02781316
v 0.15793479 0.05084706 -0.02781316
v -0.18212189 -0.25451829 -0.02778686
v 0.00086506 -0.02358050 -0.02781316
v -0.11576578 0.08823987 -0.02781316
v 0.02547647 0.06932038 -0.02781316
v 0.15776016 0.19640561 -0.02781316
v -0.00743294 0.04212789 -0.02781316
v 0.14435442 -0.22640210 -0.02781316
v 0.05335637 -0.05377218 -0.02781316
v -0.10435632 0.02436834 -0.02781316
v -0.03797415 0.18741639 -0.02781316
v 0.02353433 -0.31730166 -0.02781316
v -0.21603651 -0.17944721 -0.01465759
v -0.22013169 -0.32181378 -0.01142425
v 0.03438552 -0.17935587 -0.02781316
v 0.03088188 -0.20042543 -0.02781316
v -0.03711032 -0.11759471 -0.02781316
v -0.01127352 -0.12155937 -0.02781316
v -0.21312589 -0.16951093 -0.01724787
v -0.16289615 0.15092339 -0.02781316
v 0.20493104 0.09665835 -0.02294234
v 0.18675782 -0.23633015 -0.02747458
v 0.09099592 -0.23148223 -0.02781316
v 0.16879045 0.25382041 -0.00987462
v -0.07899098 0.05478461 -0.02781316
v 0.01564864 -0.03621337 -0.02781316
v 0.16516668 -0.27819816 -0.02781316
v 0.03313661 -0.31047612 -0.02781316
v 0.07736463 0.12437573 -0.02781316
v -0.19883711 -0.22457660 -0.02498625
v -0.11138677 -0.07384800 -0.02781316
v -0.09298231 -0.22559626 -0.02781316
v 0.07271542 -0.30964674 -0.02781316
v 0.10884564 0.10752456 -0.02781316
v -0.16072657 0.02966722 -0.02781316
v 0.02317770 -0.25525249 -0.02781316
v 0.14942224 0.23052921 -0.02698093
v -0.07532103 0.21486339 -0.02781316
v -0.04290650 -0.22428130 -0.02781316
v -0.20182216 -0.01217274 -0.02307186
v 0.06088130 -0.02585983 -0.02781316
v 0.03822844 -0.09257579 -0.02781316
v -0.10898027 -0.14567942 -0.02781316
v -0.13351103 0.06156846 -0.02781316
v -0.17776578 0.08655180 -0.02780681
v -0.04566396 -0.28272993 -0.02781316
v -0.17453718 0.04994105 -0.02781316
v 0.16582644 0.11262066 -0.02781316
v 0.20824724 -0.05263087 -0.01990562
v 0.21046814 -0.07528683 -0.01856054
v -0.13726962 -0.13928947 -0.02781316
v -0.08971346 0.15400479 -0.02781316
v 0.14493670 0.12278573 -0.02781316
v 0.21337950 -0.15234437 -0.01689293
v -0.19621665 -0.11117431 -0.02543144
v 0.00021450 0.02187185 -0.02781316
v -0.06292806 -0.13754957 -0.02781316
v 0.08928988 0.14255442 -0.02781316
v -0.01483871 0.18677000 -0.02781316
v 0.07125472 -0.04019251 -0.02781316
v 0.06479176 -0.01506974 -0.02781316
v -0.12160571 -0.15158040 -0.02781316
v -0.10640171 -0.08672885 -0.02781316
v -0.16044734 -0.00929477 -0.02781316
v 0.11923078 -0.12854923 -0.02781316
v -0.10822073 -0.00468098 -0.02781316
v -0.08358320 -0.27435164 -0.02781316
v -0.16874526 -0.05834672 -0.02781316
v -0.01029190 -0.08608315 -0.02781316
v 0.03163849 0.00300656 -0.02781316
v -0.00679876 0.19932567 -0.02781316
v -0.16543143 0.05643530 -0.02781316
v 0.12705605 0.11312738 -0.02781316
v 0.02048114 -0.35447265 -0.02781316
v 0.11424178 -0.22134057 -0.02781316
v 0.09951714 0.11395748 -0.02781316
v 0.14473189 -0.01970814 -0.02781316
v 0.01345509 0.08676387 -0.02781316
v 0.07716198 -0.16217826 -0.02781316
v -0.21018486 -0.31790915 -0.02035894
v -0.14763197 -0.01177985 -0.02781316
v -0.06057836 0.24710694 -0.02781316
v -0.21466642 -0.20715284 -0.01625248
v -0.14016179 -0.23925727 -0.02781316
v 0.03718489 0.11079403 -0.02781316
v 0.02244624 -0.07320094 -0.02781316
v 0.10515159 -0.33237864 -0.02781316
v -0.08705707 -0.01040088 -0.02781316
v -0.19822059 -0.03979309 -0.02457600
v 0.08144379 -0.02049938 -0.02781316
v 0.19223207 -0.31705406 -0.02682670
v 0.04713984 0.20814269 -0.02781316
v 0.05560357 0.04543911 -0.02781316
v 0.17881373 0.08174751 -0.02778456
v 0.12950714 -0.29902502 -0.02781316
v -0.11038180 0.28581404 -0.01029301
v -0.06936504 -0.12528552 -0.02781316
v 0.12729621 0.13579901 -0.02781316
v -0.07997917 0.22404921 -0.02781316
v 0.14213395 0.25689306 -0.01993072
v -0.01902407 -0.26296710 -0.02781316
v 0.04594777 0.17219577 -0.02781316
v -0.07359001 -0.04044013 -0.02781316
v 0.02573037 0.22331607 -0.02781316
v 0.02873490 0.05920621 -0.02781316
v 0.18830356 -0.30591665 -0.02738295
v 0.14020381 -0.29969817 -0.02781316
v -0.03221788 -0.32862281 -0.02781316
v -0.00801248 0.23405894 -0.02781316
v -0.05324895 -0.00506030 -0.02781316
v 0.14834185 -0.09339173 -0.02781316
v 0.10039085 -0.31781059 -0.02781316
v -0.03390187 -0.21460315 -0.02781316
v -0.20839513 -0.15649323 -0.02045677
v 0.09277661 -0.33059428 -0.02781316
v -0.11736613 0.04331154 -0.02781316
v -0.10749873 -0.06026494 -0.02781316
v -0.02168989 -0.03154231 -0.02781316
v 0.14526651 0.26621346 -0.01073751
v -0.03309787 0.07551287 -0.02781316
v -0.15546859 -0.07005419 -0.02781316
v 0.16807137 0.24463018 -0.01871728
v -0.00337804 -0.05786713 -0.02781316
v 0.15318324 0.09322459 -0.02781316
v -0.19608786 -0.13115700 -0.02552494
v -0.01192765 -0.03914334 -0.02781316
v 0.21738088 0.00679598 -0.01058313
v -0.12371591 0.04842246 -0.02781316
v 0.03664586 0.25365456 -0.02781316
v 0.00537550 -0.33297566 -0.02781316
v 0.09291375 -0.27622017 -0.02781316
v -0.20936580 0.07753578 -0.01823978
v -0.16941745 0.24428574 -0.01847535
v -0.07926958 -0.17744292 -0.02781316
v 0.18324619 -0.22397206 -0.02773105
v 0.09750622 -0.14813476 -0.02781316
v 0.18289623 -0.24735884 -0.02775763
v 0.20078903 -0.28048734 -0.02452668
v -0.03344046 -0.15502323 -0.02781316
v -0.00885598 0.09765471 -0.02781316
v -0.15721793 0.25574203 -0.01492748
v -0.11005070 -0.24334211 -0.02781316
v -0.09564900 -0.13107449 -0.02781316
v -0.13184802 -0.06067810 -0.02781316
v 0.05286813 0.00998030 -0.02781316
v -0.05867742 0.05215201 -0.02781316
v -0.13229839 0.19059606 -0.02781316
v 0.06033132 -0.29458533 -0.02781316
v 0.17992600 0.14329971 -0.02781316
v 0.03436884 0.20239507 -0.02781316
v -0.16098443 0.16164845 -0.02781316
v -0.12014472 -0.29040938 -0.02781316
v 0.14850607 0.24343000 -0.02416488
v -0.05508083 -0.22670536 -0.02781316
v 0.04475907 -0.32787739 -0.02781316
v -0.09056329 0.24532243 -0.02781316
v -0.15911499 0.20211488 -0.02781316
v -0.20908218 -0.07933604 -0.01954171
v -0.13891675 0.26942613 -0.01113041
v 0.00231924 0.12683295 -0.02781316
v 0.01338473 0.22363748 -0.02781316
v -0.02399958 -0.05527422 -0.02781316
v -0.04615253 -0.17717468 -0.02781316
v 0.08792302 0.15482495 -0.02781316
v 0.14939346 -0.04401912 -0.02781316
v -0.22098842 -0.26598605 -0.00911634
v -0.04732950 -0.04870951 -0.02781316
v -0.00883280 -0.01601909 -0.02781316
v -0.02353286 0.07209556 -0.02781316
v 0.07444455 0.25047425 -0.02781316
v -0.14244696 -0.35042152 -0.02781316
v 0.14583891 0.05120128 -0.02781316
v -0.02156543 -0.07866789 -0.02781316
v 0.03724802 0.24463979 -0.02781316
v -0.13585776 -0.23065079 -0.02781316
v 0.09806448 -0.34096076 -0.02781316
v -0.08970340 0.28199475 -0.01917455
v -0.02846195 0.15841459 -0.02781316
v -0.03638851 0.08933301 -0.02781316
v -0.04490925 -0.21244968 -0.02781316
v 0.07447552 0.16152415 -0.02781316
v 0.11160458 -0.18736376 -0.02781316
v 0.08956285 0.28132483 -0.01962806
v -0.03526583 -0.07503866 -0.02781316
v -0.16528576 -0.25118177 -0.02781316
v -0.01571319 0.09106692 -0.02781316
v -0.17299120 -0.24195371 -0.02781316
v 0.12343849 0.26534718 -0.02091334
v 0.18797378 -0.07539887 -0.02712195
v 0.03961614 -0.16749070 -0.02781316
v -0.10393346 -0.19426376 -0.02781316
v 0.16641769 -0.20815245 -0.02781316
v -0.11638174 -0.13460281 -0.02781316
v 0.02075626 -0.34158527 -0.02781316
v 0.11400762 0.04392318 -0.02781316
v -0.15082085 -0.29016295 -0.02781316
v -0.17514025 0.01286353 -0.02781316
v -0.10811740 0.19459351 -0.02781316
v -0.03163885 -0.01895501 -0.02781316
v -0.15481677 0.06499009 -0.02781316
v 0.03393756 0.21473302 -0.02781316
v 0.12118911 -0.00965393 -0.02781316
v -0.01991366 -0.10271352 -0.02781316
v 0.10880195 0.13838124 -0.02781316
v 0.10971462 0.11918850 -0.02781316
v 0.09003204 -0.20788413 -0.02781316
v -0.16308186 0.13868877 -0.02781316
v -0.01204078 -0.32037315 -0.02781316
v 0.13990850 -0.01218966 -0.02781316
v -0.17370730 -0.33842358 -0.02781316
v 0.21670023 -0.26980468 -0.01491188
v -0.16729854 -0.14422936 -0.02781316
v -0.01697645 0.15706715 -0.02781316
v 0.03389887 0.23230881 -0.02781316
v -0.18790227 0.05166122 -0.02693236
v -0.19759480 -0.34787109 -0.02570996
v -0.04324737 -0.26480472 -0.02781316
v -0.04171142 0.23595273 -0.02781316
v 0.15575026 -0.13764452 -0.02781316
v -0.17454629 -0.30131866 -0.02781316
v -0.21895642 -0.27902113 -0.01243762
v -0.11484544 0.10127583 -0.02781316
v -0.15866558 -0.13612355 -0.02781316
v 0.05640437 0.23078243 -0.02781316
v 0.07922460 0.14878548 -0.02781316
v -0.01029639 0.03187173 -0.02781316
v 0.06320432 -0.16858553 -0.02781316
v -0.02273430 0.16740218 -0.02781316
v 0.02295230 0.12734791 -0.02781316
v 0.03147297 0.03441083 -0.02781316
v -0.13533915 0.18127660 -0.02781316
v 0.17352404 0.16204620 -0.02781316
v -0.15086598 0.01208543 -0.02781316
v 0.13788878 -0.23526627 -0.02781316
v 0.10870899 -0.20756433 -0.02781316
v 0.17914299 -0.34806747 -0.02781316
v -0.11021733 -0.16406241 -0.02781316
v 0.20775073 0.05073168 -0.01955540
v -0.09825180 -0.16440902 -0.02781316
v 0.21843765 -0.06674984 -0.01007245
v 0.15576133 0.10426383 -0.02781316
v -0.21818840 -0.12472316 -0.01136294
v -0.04599295 0.11425871 -0.02781316
v -0.10149300 0.20946438 -0.02781316
v -0.12563607 -0.25656237 -0.02781316
v -0.19287291 -0.15744596 -0.02638546
v -0.13741633 0.09708640 -0.02781316
v -0.03012864 -0.10817042 -0.02781316
v -0.06525561 -0.09240279 -0.02781316
v 0.07490660 0.05947234 -0.02781316
v 0.21557193 -0.34143232 -0.01664710
v 0.13770801 0.22882523 -0.02773206
v -0.00684306 -0.35361517 -0.02781316
v 0.04109223 0.16195130 -0.02781316
v 0.08304338 -0.35446995 -0.02781316
v 0.12673442 0.12424344 -0.02781316
v 0.15339324 -0.05690507 -0.02781316
v -0.07300637 -0.18730982 -0.02781316
v -0.07370012 0.19235416 -0.02781316
v -0.02399059 -0.21765001 -0.02781316
v -0.21784837 -0.14802544 -0.01215967
v -0.00035579 0.04962739 -0.02781316
v -0.20864742 -0.11763994 -0.02006517
v -0.05809479 0.17157350 -0.02781316
v 0.09479299 -0.13677203 -0.02781316
v -0.05424496 -0.18779489 -0.02781316
v -0.12861032 0.17270001 -0.02781316
v -0.13039348 -0.12045601 -0.02781316
v 0.09175126 -0.04381205 -0.02781316
v 0.08183580 0.17633667 -0.02781316
v -0.05433825 -0.13117401 -0.02781316
v -0.13731039 -0.07288384 -0.02781316
v -0.05324644 0.22044768 -0.02781316
v 0.00956586 0.05407675 -0.02781316
v -0.15992323 -0.19306838 -0.02781316
v -0.13711501 0.20030076 -0.02781316
v 0.08573979 0.24684325 -0.02781316
v 0.08419342 0.09470270 -0.02781316
v -0.09141034 0.09986198 -0.02781316
v -0.09827778 -0.35061234 -0.02781316
v -0.21411857 -0.35103331 -0.01791102
v -0.15903977 -0.11555087 -0.02781316
v -0.01336054 -0.18905872 -0.02781316
v -0.17580853 0.06107189 -0.02781316
v -0.08169522 0.04509308 -0.02781316
v 0.08022782 0.19863167 -0.02781316
v -0.08774557 0.05860652 -0.02781316
v -0.05560166 -0.21501689 -0.02781316
v -0.12837151 0.16080771 -0.02781316
v 0.01375882 -0.33665564 -0.02781316
v -0.10960389 0.26272753 -0.02483417
v 0.04039921 -0.30183260 -0.02781316
v -0.16250095 -0.30685411 -0.02781316
v 0.00415032 -0.19564974 -0.02781316
v -0.11195062 -0.34274876 -0.02781316
v 0.00469374 0.01003412 -0.02781316
v 0.03304040 -0.25047851 -0.02781316
v -0.21807861 -0.07289202 -0.01074703
v 0.05675549 -0.14540349 -0.02781316
v 0.17431577 0.02134053 -0.02781316
v 0.20302282 -0.26972877 -0.02365415
v -0.01878587 0.06372105 -0.02781316
v -0.09590902 -0.05026407 -0.02781316
v -0.16256033 -0.02648410 -0.02781316
v -0.10038246 0.12861702 -0.02781316
v -0.07862563 -0.34838835 -0.02781316
v 0.04211647 -0.15483120 -0.02781316
v 0.13101326 -0.22166440 -0.02781316
v 0.19845705 -0.22796125 -0.02511548
v 0.02283999 -0.17337051 -0.02781316
v -0.00827041 -0.14032236 -0.02781316
v -0.03764822 -0.30317909 -0.02781316
v -0.11834655 -0.14348819 -0.02781316
v 0.10743329 -0.32358430 -0.02781316
v -0.10368922 0.03786810 -0.02781316
v 0.21013854 -0.28837991 -0.02020646
v 0.18756258 -0.18414990 -0.02732515
v 0.04727249 0.11287485 -0.02781316
v 0.01005201 -0.29658458 -0.02781316
v -0.14344781 -0.05375000 -0.02781316
v 0.05387442 0.24593312 -0.02781316
v 0.11017196 0.21156723 -0.02781316
v -0.01046583 -0.24533409 -0.02781316
v 0.06869109 0.11382034 -0.02781316
v 0.21793046 -0.12076442 -0.01167297
v -0.00094266 -0.12891419 -0.02781316
v 0.19975803 -0.17337485 -0.02450996
v 0.17470870 -0.27346807 -0.02781316
v 0.16536620 -0.05837693 -0.02781316
v -0.06712555 0.05794624 -0.02781316
v -0.20853977 -0.10640185 -0.02006170
v -0.14115543 0.03773133 -0.02781316
v 0.21912657 0.03393978 -0.00656535
v 0.20402171 -0.30964353 -0.02341100
v 0.03723090 -0.04493991 -0.02781316
v -0.06623145 -0.07894252 -0.02781316
v -0.06767939 0.16425913 -0.02781316
v -0.04048626 -0.06143811 -0.02781316
v -0.20531019 -0.09673123 -0.02182727
v -0.02653713 -0.31720122 -0.02781316
v -0.19004488 -0.13905420 -0.02689510
v 0.11308314 -0.27879078 -0.02781316
v -0.12482890 -0.23000759 -0.02781316
v 0.15923338 0.23744602 -0.02418268
v 0.08114079 0.07066452 -0.02781316
v 0.21747190 -0.04309940 -0.01120859
v 0.21251379 -0.19236465 -0.01791568
v -0.16947549 0.09483782 -0.02781316
v -0.01854320 0.17959617 -0.02781316
v 0.21248818 0.04187002 -0.01595103
v 0.09644768 0.02573050 -0.02781316
v 0.00030636 0.07154854 -0.02781316
v 0.12268615 -0.16580016 -0.02781316
v -0.06298397 -0.33575844 -0.02781316
v -0.15515656 -0.33669549 -0.02781316
v -0.06071697 0.18562380 -0.02781316
v -0.12456718 -0.01642191 -0.02781316
v -0.01415496 -0.06215677 -0.02781316
v -0.08461581 0.09169830 -0.02781316
v 0.15313815 -0.31695873 -0.02781316
v -0.07570353 0.09726301 -0.02781316
v 0.11204876 0.27972764 -0.01576459
v 0.14205407 0.20638488 -0.02781316
v -0.12519736 -0.27270670 -0.02781316
v 0.05685532 -0.34891714 -0.02781316
v 0.04035719 0.02508553 -0.02781316
v -0.10548767 -0.12854531 -0.02781316
v -0.02479812 0.05447733 -0.02781316
v -0.18369964 -0.07947744 -0.02760816
v 0.20629466 -0.23734255 -0.02204524
v 0.10098523 -0.06137266 -0.02781316
v 0.12104610 -0.29474260 -0.02781316
v 0.18841879 -0.27427917 -0.02733150
v 0.12466604 0.22803438 -0.02781316
v 0.04702221 0.13985750 -0.02781316
v 0.19917677 0.01786265 -0.02402276
v -0.16909690 0.19613721 -0.02781316
v -0.18016927 -0.20856381 -0.02781207
v 0.03777130 0.18460240 -0.02781316
v -0.21914169 -0.00819117 -0.00757289
v 0.03979922 -0.21421041 -0.02781316
v 0.04856597 0.25415954 -0.02781316
v -0.21909963 -0.01671607 -0.00785953
v 0.19378072 -0.02310226 -0.02585181
v 0.09118272 0.07932004 -0.02781316
v -0.00682339 0.13541234 -0.02781316
v -0.15810879 -0.20642429 -0.02781316
v -0.12271998 0.13021438 -0.02781316
v -0.18574840 -0.17923930 -0.02751734
v -0.17027721 -0.15525533 -0.02781316
v -0.17903243 -0.31303643 -0.02781316
v -0.09077900 -0.24203711 -0.02781316
v -0.13098582 0.14887883 -0.02781316
v 0.02751276 -0.03458478 -0.02781316
v -0.21691338 -0.23368460 -0.01430718
v 0.17308938 0.18488256 -0.02781316
v -0.14626113 -0.24785691 -0.02781316
v 0.17703092 0.05583107 -0.02781316
v -0.16949990 -0.20362827 -0.02781316
v 0.12593048 -0.08665208 -0.02781316
v -0.02043990 -0.22844729 -0.02781316
v -0.18053614 -0.06621025 -0.02777736
v -0.11387070 0.02433593 -0.02781316
v -0.11385891 -0.29946688 -0.02781316
v -0.17419522 0.07210173 -0.02781316
v -0.15300307 -0.09482064 -0.02781316
v 0.06900491 -0.34170590 -0.02781316
v -0.12676917 -0.14053041 -0.02781316
v 0.19803582 -0.01410646 -0.02455056
v -0.21814760 -0.11264910 -0.01124536
v -0.20958426 -0.04236436 -0.01895162
v -0.00532714 -0.03180509 -0.02781316
v -0.13644014 -0.03958734 -0.02781316
v 0.17018511 -0.29049957 -0.02781316
v -0.01985573 -0.20688597 -0.02781316
v -0.03942881 -0.01577188 -0.02781316
v 0.20681172 -0.08973654 -0.02098421
v 0.05949141 -0.24056139 -0.02781316
v -0.09369245 0.17748659 -0.02781316
v 0.08026625 0.23176826 -0.02781316
v -0.02579269 0.02397439 -0.02781316
v -0.00946787 -0.22594179 -0.02781316
v 0.02480714 -0.04743141 -0.02781316
v 0.15872543 -0.03291448 -0.02781316
v 0.00394626 -0.27117664 -0.02781316
v -0.17981074 -0.12648615 -0.02780775
v -0.09247195 0.07750904 -0.02781316
v -0.10195446 -0.33709291 -0.02781316
v 0.08380886 -0.03304176 -0.02781316
v 0.00409685 -0.01247091 -0.02781316
v 0.22296844 -0.35538895 -0.00677725
v -0.14939104 -0.04460588 -0.02781316
v -0.05731727 -0.17360614 -0.02781316
v -0.09713983 0.27770640 -0.02123313
v 0.09501421 -0.07146166 -0.02781316
v -0.12120077 -0.21674590 -0.02781316
v 0.05292158 -0.21927005 -0.02781316
v -0.18008247 -0.26974390 -0.02781316
v -0.04817133 0.17943928 -0.02781316
v 0.13003478 -0.01518964 -0.02781316
v -0.11271291 -0.27693927 -0.02781316
v 0.08779097 -0.19604534 -0.02781316
v -0.02374827 0.24849265 -0.02781316
v 0.06512383 -0.26633434 -0.02781316
v 0.10692848 -0.09720726 -0.02781316
v -0.15933836 -0.29108811 -0.02781316
v -0.05283726 -0.27343454 -0.02781316
v 0.03284465 -0.12045025 -0.02781316
v -0.14890922 -0.17033130 -0.02781316
v 0.09463971 0.00501844 -0.02781316
v -0.14725339 -0.11884192 -0.02781316
v -0.02611780 -0.18391040 -0.02781316
v 0.08414230 -0.09739586 -0.02781316
v -0.21638721 -0.22413052 -0.01476091
v 0.20684484 -0.34621711 -0.02231289
v 0.00386962 0.03355217 -0.02781316
v 0.21857068 -0.30398428 -0.01323009
v -0.09057784 -0.32891960 -0.02781316
v -0.08610633 -0.13502490 -0.02781316
v -0.03492847 -0.35456064 -0.02781316
v -0.02717911 0.18858882 -0.02781316
v -0.13268701 -0.33736622 -0.02781316
v -0.00084758 -0.21991187 -0.02781316
v -0.03778330 0.02840904 -0.02781316
v 0.17225420 0.03134888 -0.02781316
v -0.16260032 0.00504222 -0.02781316
v 0.09167893 0.19608141 -0.02781316
v 0.11647541 0.12788468 -0.02781316
v -0.01906443 -0.33996705 -0.02781316
v -0.21675204 0.06367340 -0.01067037
v 0.05516258 0.12954128 -0.02781316
v 0.07751947 -0.22854117 -0.02781316
v 0.11324970 0.20088830 -0.02781316
v 0.08179276 -0.21769950 -0.02781316
v 0.01771531 0.00669381 -0.02781316
v 0.18830684 0.03540278 -0.02689173
v 0.08515496 -0.18460139 -0.02781316
v 0.01005644 0.09854304 -0.02781316
v 0.16701177 -0.22322926 -0.02781316
v -0.20512216 -0.19099650 -0.02238892
v 0.12369910 -0.03511672 -0.02781316
v -0.13223382 0.24360305 -0.02639211
v 0.11598479 -0.05739774 -0.02781316
v 0.01676856 -0.20625465 -0.02781316
v -0.05330750 -0.20192189 -0.02781316
v -0.13721737 -0.27607562 -0.02781316
v 0.01072126 0.17567323 -0.02781316
v -0.12258299 -0.12574955 -0.02781316
v -0.01578420 -0.13071483 -0.02781316
v 0.11286762 -0.30202398 -0.02781316
v 0.01363481 -0.09710335 -0.02781316
v 0.08543460 -0.06795866 -0.02781316
v -0.00700779 0.18144537 -0.02781316
v 0.02028398 -0.08556019 -0.02781316
v 0.11632497 -0.31945531 -0.02781316
v -0.05074016 0.24216368 -0.02781316
v -0.18290473 0.09701592 -0.02767496
v -0.03766629 -0.18396149 -0.02781316
v 0.07878385 -0.13066035 -0.02781316
v 0.06731448 -0.35350569 -0.02781316
v 0.18779782 -0.11838467 -0.02720847
v 0.01981768 -0.06142187 -0.02781316
v 0.04560956 0.19547788 -0.02781316
v 0.12724826 -0.19129078 -0.02781316
v -0.08890281 0.16653384 -0.02781316
v -0.16611352 -0.29714797 -0.02781316
v 0.13391540 0.05185266 -0.02781316
v -0.09551478 -0.14209057 -0.02781316
v 0.10086656 -0.21380718 -0.02781316
v -0.00819616 -0.10156000 -0.02781316
v -0.10289162 0.07239288 -0.02781316
v 0.16689928 0.19245352 -0.02781316
v -0.04123515 0.21597640 -0.02781316
v -0.11977643 -0.08616013 -0.02781316
v -0.06073165 0.19786619 -0.02781316
v -0.00029116 0.00032393 -0.02781316
v -0.21926136 -0.08457943 -0.00892625
v -0.13722963 -0.19988469 -0.02781316
v 0.09331831 0.06739987 -0.02781316
v 0.20035468 -0.21587882 -0.02445122
v 0.06753683 0.22649735 -0.02781316
v 0.10986750 -0.03023246 -0.02781316
v 0.10866842 -0.14083748 -0.02781316
v -0.01276884 -0.04958655 -0.02781316
v -0.07654199 -0.19912168 -0.02781316
v 0.17964723 0.09438707 -0.02778831
v -0.17611775 -0.34917415 -0.02781316
v 0.10900306 0.06883276 -0.02781316
v 0.00263265 0.14001137 -0.02781316
v -0.16900330 0.22003174 -0.02725164
v -0.13433171 -0.14855582 -0.02781316
v -0.18190616 -0.05264036 -0.02771068
v 0.02931318 -0.14690364 -0.02781316
v 0.09168856 -0.29752272 -0.02781316
v -0.10181679 -0.01925416 -0.02781316
v 0.02166351 0.18302753 -0.02781316
v 0.04942019 -0.29286189 -0.02781316
v 0.15131326 0.25508827 -0.01794460
v -0.21654419 -0.04999226 -0.01257202
v -0.16968845 0.18745689 -0.02781316
v -0.01861239 -0.35259350 -0.02781316
v 0.18593999 0.04730105 -0.02723402
v -0.03710015 -0.23687536 -0.02781316
v 0.05257545 -0.09928953 -0.02781316
v -0.04594045 -0.07401785 -0.02781316
v 0.05769369 -0.28406163 -0.02781316
v -0.03649283 -0.27480526 -0.02781316
v 0.05928927 0.09287270 -0.02781316
v 0.08076395 0.11373471 -0.02781316
v -0.13140993 -0.19067011 -0.02781316
v -0.08399466 0.13332331 -0.02781316
v -0.13399547 -0.08409607 -0.02781316
v 0.02579226 0.13820649 -0.02781316
v 0.03712191 -0.02314580 -0.02781316
v 0.11425554 0.23553616 -0.02781316
v -0.08893800 -0.15894475 -0.02781316
v -0.13023785 -0.02954674 -0.02781316
v -0.22045687 -0.29166171 -0.01047435
v 0.18142779 -0.28474308 -0.02780746
v -0.09987905 0.22336655 -0.02781316
v 0.06891143 0.14948998 -0.02781316
v 0.05937089 0.19587957 -0.02781316
v 0.16147952 -0.23556641 -0.02781316
v 0.10556867 -0.11076911 -0.02781316
v -0.20851558 -0.32701003 -0.02136262
v 0.10186206 0.05876458 -0.02781316
v -0.02735414 -0.29440546 -0.02781316
v -0.07568870 -0.07074346 -0.02781316
v 0.05061075 0.18410794 -0.02781316
v 0.00321557 0.16558326 -0.02781316
v -0.21442200 -0.19186329 -0.01633336
v 0.07352020 0.00566315 -0.02781316
v 0.13390295 0.27071642 -0.01288108
v 0.13871159 0.00529596 -0.02781316
v 0.17575057 0.04091658 -0.02781316
v 0.11903245 -0.25890621 -0.02781316
v -0.12369874 0.21448372 -0.02781316
v 0.05398008 -0.27265185 -0.02781316
v -0.20071844 -0.33553973 -0.02473872
v -0.15000556 0.09061414 -0.02781316
v 0.11845823 0.16756146 -0.02781316
v 0.19208218 -0.34779145 -0.02690630
v -0.06010316 0.11739471 -0.02781316
v -0.14056267 -0.29607553 -0.02781316
v -0.11892885 -0.35286486 -0.02781316
v -0.21470188 -0.25640307 -0.01665862
v 0.16328288 0.02179083 -0.02781316
v -0.18511954 0.03227507 -0.02735683
v -0.13284561 -0.26554568 -0.02781316
v 0.12209233 0.27706851 -0.01306934
v -0.04033486 -0.29252581 -0.02781316
v -0.19845548 -0.32170427 -0.02539763
v -0.17453545 0.13417815 -0.02781316
v 0.05405612 -0.00542430 -0.02781316
v 0.14232246 -0.14609080 -0.02781316
v 0.13678947 -0.10677575 -0.02781316
v -0.05820476 0.07719802 -0.02781316
v -0.11619042 -0.33276983 -0.02781316
v 0.07991652 0.13594131 -0.02781316
v 0.19819318 -0.03504141 -0.02456898
v 0.20014190 -0.08131963 -0.02403567
v -0.08102619 -0.24563888 -0.02781316
v -0.08820606 -0.10516277 -0.02781316
v 0.11103901 -0.00825837 -0.02781316
v -0.14662879 0.26710890 -0.00815673
v -0.07710908 -0.10029246 -0.02781316
v -0.09251218 -0.26332041 -0.02781316
v -0.03993663 0.24570507 -0.02781316
v 0.20920668 -0.01206567 -0.01900173
v 0.05339646 0.02315790 -0.02781316
v 0.21777926 -0.28013414 -0.01386911
v -0.18736623 0.00507055 -0.02709174
v 0.03869297 -0.28990974 -0.02781316
v 0.16795838 -0.24682844 -0.02781316
v -0.00031461 -0.09309125 -0.02781316
v 0.13350474 -0.13710350 -0.02781316
v -0.12436155 0.01472216 -0.02781316
v 0.01728075 -0.10765094 -0.02781316
v -0.04407864 0.12693476 -0.02781316
v -0.15312890 -0.31312923 -0.02781316
v 0.19514731 -0.29173885 -0.02617924
v 0.02367475 -0.13164580 -0.02781316
v -0.15371990 0.19291231 -0.02781316
v 0.08225104 -0.30275201 -0.02781316
v -0.06911607 0.13103086 -0.02781316
v 0.01389999 -0.32487516 -0.02781316
v -0.13160378 -0.04919022 -0.02781316
v -0.10298618 0.24861355 -0.02770405
v -0.12350330 0.08077479 -0.02781316
v -0.00451165 -0.19203561 -0.02781316
v 0.19886163 -0.11043866 -0.02460021
v 0.09645926 -0.08826291 -0.02781316
v -0.09797911 0.26646432 -0.02554485
v 0.12696214 0.14866278 -0.02781316
v 0.00329810 0.11217174 -0.02781316
v -0.18379743 -0.03962779 -0.02756681
v 0.02328572 0.09264680 -0.02781316
v -0.18424948 -0.23526148 -0.02768073
v -0.06415206 -0.18250729 -0.02781316
v -0.12113354 -0.31029340 -0.02781316
v 0.15288870 0.12783840 -0.02781316
v -0.20191714 -0.17968947 -0.02373308
v -0.20101157 0.04579788 -0.02316982
v -0.16660611 -0.31646149 -0.02781316
v 0.16016533 0.00137948 -0.02781316
v -0.14850383 0.00012621 -0.02781316
v 0.09359930 0.03937548 -0.02781316
v 0.02012742 -0.30418190 -0.02781316
v -0.19870938 -0.16828340 -0.02484523
v 0.00492373 0.06276071 -0.02781316
v -0.18026145 -0.00985242 -0.02776708
v -0.13404022 0.13546834 -0.02781316
v -0.04837499 0.00445814 -0.02781316
v 0.17373110 -0.09523440 -0.02781316
v -0.13021171 0.26701231 -0.01776765
v 0.02132107 0.20894518 -0.02781316
v 0.16391166 -0.14606747 -0.02781316
v 0.04133347 0.07887844 -0.02781316
v 0.21049548 -0.11280213 -0.01881063
v 0.12171338 -0.24858813 -0.02781316
v 0.10607970 0.03390296 -0.02781316
v 0.08072998 -0.04458387 -0.02781316
v 0.06862971 -0.21802857 -0.02781316
v 0.13425672 -0.27148990 -0.02781316
v 0.15015347 0.16022077 -0.02781316
v -0.12543228 -0.11017335 -0.02781316
v 0.04626950 -0.34190169 -0.02781316
v 0.00930948 -0.08701046 -0.02781316
v -0.00857401 0.01240175 -0.02781316
v 0.21756943 -0.10755676 -0.01198673
v 0.15350927 -0.08121254 -0.02781316
v -0.00982120 -0.16337433 -0.02781316
v 0.07106947 0.10232765 -0.02781316
v 0.04807175 -0.20435405 -0.02781316
v 0.10468120 0.27240991 -0.02241586
v -0.14394430 -0.10535424 -0.02781316
v -0.11828768 0.16966588 -0.02781316
v 0.05373992 -0.06471708 -0.02781316
v 0.08081945 -0.11348170 -0.02781316
v 0.12034219 -0.02265895 -0.02781316
v 0.10481046 -0.28626377 -0.02781316
v -0.16751641 -0.10698117 -0.02781316
v -0.04733265 0.25338855 -0.02781316
v -0.05930114 0.14066502 -0.02781316
v -0.08964133 -0.19796063 -0.02781316
v -0.03328131 -0.14227002 -0.02781316
v -0.04122932 0.14107475 -0.02781316
v 0.07382079 -0.19132045 -0.02781316
v -0.02200627 -0.19512518 -0.02781316
v -0.02070783 -0.27433627 -0.02781316
v 0.13819706 0.08813622 -0.02781316
v 0.11042720 -0.17291430 -0.02781316
v 0.20000713 -0.24707570 -0.02467853
v -0.02962019 -0.00782060 -0.02781316
v 0.02882692 -0.29646405 -0.02781316
v 0.15806528 0.08325731 -0.02781316
v -0.09697724 -0.06433713 -0.02781316
v -0.10667889 0.04827603 -0.02781316
v 0.19109337 -0.15115078 -0.02672996
v -0.10981714 -0.15502367 -0.02781316
v 0.20127987 -0.33685229 -0.02455328
v -0.04549103 0.22698304 -0.02781316
v 0.21948992 -0.16151539 -0.00990870
v -0.21611132 0.08560901 -0.01131693
v 0.16747968 0.10073833 -0.02781316
v 0.12804116 0.15989459 -0.02781316
v -0.08694931 -0.03842642 -0.02781316
v -0.06172435 -0.30529613 -0.02781316
v -0.11878409 -0.19421936 -0.02781316
v -0.14248495 -0.30599493 -0.02781316
v -0.00786207 -0.27990895 -0.02781316
v 0.03858907 0.01460527 -0.02781316
v 0.04988952 -0.23169021 -0.02781316
v 0.01305346 0.11088891 -0.02781316
v 0.13703358 -0.19974731 -0.02781316
v -0.08346541 -0.18773149 -0.02781316
v -0.12364163 -0.34325389 -0.02781316
v 0.18297443 -0.26442863 -0.02776140
v -0.19217847 -0.00632484 -0.02620076
v 0.15840786 0.16975730 -0.02781316
v -0.17287917 -0.00114214 -0.02781316
v 0.07690418 -0.34670791 -0.02781316
v -0.14887744 0.04688403 -0.02781316
v 0.01105623 -0.31244851 -0.02781316
v 0.14997812 -0.29335062 -0.02781316
v -0.11364859 -0.22417975 -0.02781316
v -0.20975702 -0.28831754 -0.02043670
v -0.04794437 0.09318943 -0.02781316
v 0.17233309 -0.01612403 -0.02781316
v 0.11031950 -0.26757626 -0.02781316
v -0.11817122 -0.03041742 -0.02781316
v 0.05421318 -0.24991526 -0.02781316
v 0.03124481 0.17512031 -0.02781316
v -0.00121807 -0.18319301 -0.02781316
v -0.12723918 0.10634965 -0.02781316
v 0.21508784 -0.13393059 -0.01515687
v 0.21874862 -0.23509215 -0.01212904
v 0.03713375 0.14647380 -0.02781316
v 0.19547438 0.09450692 -0.02555053
v 0.13208975 -0.26000503 -0.02781316
v 0.16195417 -0.17141019 -0.02781316
v -0.02115449 -0.14105897 -0.02781316
v -0.20987414 -0.03187742 -0.01867299
v -0.07550450 -0.13582371 -0.02781316
v -0.14255567 0.25115035 -0.02255078
v 0.16576838 -0.08331027 -0.02781316
v 0.04672014 -0.26410547 -0.02781316
v 0.14081943 -0.11785814 -0.02781316
v -0.20431958 0.00836368 -0.02179230
v 0.07721468 -0.06089438 -0.02781316
v -0.02934341 -0.09680118 -0.02781316
v 0.05101566 -0.19016121 -0.02781316
v -0.10039304 0.01402996 -0.02781316
v 0.14668502 0.06963152 -0.02781316
v -0.01677541 -0.18068926 -0.02781316
v -0.20868182 -0.05637655 -0.01965183
v 0.03646026 0.06994221 -0.02781316
v -0.05364011 -0.09576522 -0.02781316
v -0.08124029 0.00752571 -0.02781316
v -0.07867666 0.16831808 -0.02781316
v -0.02286078 -0.25125921 -0.02781316
v -0.09278109 -0.09636554 -0.02781316
v 0.06414950 0.26508493 -0.02771749
v 0.22038427 -0.10025852 -0.00681197
v 0.08680496 0.16655810 -0.02781316
v 0.01138796 0.07398601 -0.02781316
v 0.13154200 0.18727976 -0.02781316
v 0.09186589 -0.30804497 -0.02781316
v 0.02023016 -0.28787521 -0.02781316
v -0.21877572 -0.21425984 -0.01180743
v -0.21548891 0.02898069 -0.01289802
v -0.05298103 -0.14863588 -0.02781316
v -0.21695499 -0.34150989 -0.01537790
v 0.16087205 0.22543677 -0.02680961
v 0.20070326 -0.12383039 -0.02398535
v 0.17380689 0.06941408 -0.02781316
v 0.07496829 -0.27170973 -0.02781316
v 0.00471879 -0.14142812 -0.02781316
v 0.09970858 0.15396373 -0.02781316
v -0.06376529 0.21943120 -0.02781316
v -0.17081640 -0.26187945 -0.02781316
v -0.17146891 0.16070574 -0.02781316
v 0.02858766 -0.26591132 -0.02781316
v -0.11062896 0.16206303 -0.02781316
v -0.09608129 0.03578805 -0.02781316
v 0.08526135 -0.24035952 -0.02781316
v -0.07599250 -0.11327473 -0.02781316
v 0.08776018 -0.34370989 -0.02781316
v -0.00313585 -0.29497176 -0.02781316
v 0.00041249 -0.04777187 -0.02781316
v -0.18865610 0.06907669 -0.02677017
v 0.11848275 0.00215163 -0.02781316
v -0.22109001 -0.34770652 -0.01036477
v -0.05047128 0.07148863 -0.02781316
v -0.01055416 -0.20024680 -0.02781316
v 0.20335931 -0.04473018 -0.02252556
v 0.11587994 -0.11507220 -0.02781316
v 0.12833377 0.01090711 -0.02781316
v 0.20659430 0.00887062 -0.02053667
v -0.07021257 0.07632401 -0.02781316
v -0.17193845 0.02771800 -0.02781316
v -0.20624479 -0.27645664 -0.02226323
v 0.06189822 -0.20830442 -0.02781316
v -0.10654627 -0.11852354 -0.02781316
v -0.06925646 0.11256854 -0.02781316
v -0.10084075 0.28729040 -0.01334005
v -0.10080505 -0.11068861 -0.02781316
v -0.15628786 0.26245480 -0.00676602
v 0.09157697 -0.25860344 -0.02781316
v -0.06586135 0.01611253 -0.02781316
v 0.15389100 0.18611518 -0.02781316
v 0.11843890 -0.34204807 -0.02781316
v 0.08140838 -0.32454395 -0.02781316
v 0.02924024 -0.35333805 -0.02781316
v 0.00501449 -0.25819117 -0.02781316
v -0.03791778 -0.03856987 -0.02781316
v -0.02626500 -0.24016428 -0.02781316
v -0.22177179 -0.20571481 -0.00591790
v -0.00632464 0.06121850 -0.02781316
v -0.17455654 -0.32486712 -0.02781316
v 0.15483873 0.14752873 -0.02781316
v -0.00750090 0.19105839 -0.02781316
v 0.13547559 -0.09457566 -0.02781316
v -0.15468030 -0.12643799 -0.02781316
v 0.16846662 -0.15710802 -0.02781316
v -0.03494758 0.25297278 -0.02781316
v -0.08944962 -0.11410773 -0.02781316
v -0.04960302 0.19249464 -0.02781316
v 0.21921332 -0.17687133 -0.01061165
v -0.11496840 -0.25306972 -0.02781316
v -0.22310532 -0.33900964 -0.00594612
v -0.15470328 -0.14664145 -0.02781316
v -0.13679210 0.21100060 -0.02781316
v -0.05292895 -0.06590322 -0.02781316
v 0.20583646 -0.29917607 -0.02256603
v -0.21937485 -0.02799721 -0.00749564
v 0.21647688 -0.31340352 -0.01556625
v -0.16315056 0.17084673 -0.02781316
v -0.12195245 0.27414891 -0.01585081
v -0.08894194 0.21375765 -0.02781316
v -0.15962260 0.09093305 -0.02781316
v -0.12287661 -0.18237876 -0.02781316
v 0.02313534 0.24993833 -0.02781316
v 0.00366235 -0.28476903 -0.02781316
v -0.04444978 -0.02583295 -0.02781316
v -0.12264155 -0.09956763 -0.02781316
v 0.05721871 0.11706473 -0.02781316
v 0.13191012 0.25757411 -0.02232678
v 0.02438994 -0.02247420 -0.02781316
v 0.18334272 -0.20982425 -0.02771871
v 0.20008803 -0.06942219 -0.02401075
v 0.21942782 -0.20289781 -0.01068615
v -0.10742237 0.11387671 -0.02781316
v 0.16362219 -0.02035034 -0.02781316
v 0.16850299 -0.32700707 -0.02781316
v 0.08318392 -0.14633862 -0.02781316
v -0.05184744 0.06118108 -0.02781316
v 0.12301996 0.18183203 -0.02781316
v 0.04597130 0.23736539 -0.02781316
v -0.20823611 -0.06786517 -0.02000899
v -0.12106666 0.24493883 -0.02714976
v 0.14746802 -0.25425589 -0.02781316
v 0.14779625 0.21753276 -0.02781316
v 0.16683685 -0.00688206 -0.02781316
v -0.13659280 0.22133125 -0.02781316
v -0.11552607 -0.17393834 -0.02781316
v 0.01145699 0.04332241 -0.02781316
v 0.06372799 -0.00022841 -0.02781316
v -0.10923127 -0.35252684 -0.02781316
v -0.19559213 -0.07361541 -0.02550133
v 0.15851951 0.07067741 -0.02781316
v -0.04319183 -0.15169277 -0.02781316
v 0.12100140 -0.28408659 -0.02781316
v 0.13011383 -0.14698949 -0.02781316
v -0.00249240 -0.11464571 -0.02781316
v 0.10406830 -0.22734657 -0.02781316
v 0.11149135 0.28686343 -0.00751083
v 0.05972027 -0.10812593 -0.02781316
v -0.14392658 0.24003275 -0.02578990
v -0.01055609 0.17093501 -0.02781316
v 0.13723776 0.24294972 -0.02596382
v 0.17544918 -0.06062409 -0.02781316
v -0.22098029 -0.18817921 -0.00751532
v -0.01730786 0.21393164 -0.02781316
v 0.02779771 -0.34429684 -0.02781316
v 0.10172205 0.01346742 -0.02781316
v -0.07969854 0.10740780 -0.02781316
v 0.04246996 -0.05692654 -0.02781316
v -0.05781032 -0.05556777 -0.02781316
v -0.02009207 0.04082795 -0.02781316
v -0.20251205 -0.23496975 -0.02371807
v -0.16856803 -0.27436742 -0.02781316
v -0.07659587 0.03569108 -0.02781316
v -0.20598410 -0.35535127 -0.02275858
v -0.21982428 -0.33140089 -0.01198750
v -0.02660124 0.21988914 -0.02781316
v 0.00183661 -0.34423836 -0.02781316
v -0.12233552 0.06763979 -0.02781316
v 0.12088657 -0.13977383 -0.02781316
v -0.02460141 0.00192235 -0.02781316
v -0.15829988 -0.18050570 -0.02781316
v 0.17994391 -0.32493022 -0.02781316
v -0.05728971 0.08583350 -0.02781316
v -0.02303237 0.23212725 -0.02781316
v 0.14784233 0.08094515 -0.02781316
v -0.16033096 0.24003456 -0.02306117
v 0.08154233 0.21467775 -0.02781316
v -0.13295137 0.08627898 -0.02781316
v 0.13627517 0.11846237 -0.02781316
v 0.07235199 -0.05219192 -0.02781316
v -0.14232024 -0.09351216 -0.02781316
v -0.21371320 -0.09071742 -0.01605303
v -0.07584455 -0.15691706 -0.02781316
v 0.04680122 -0.28147036 -0.02781316
v 0.14037208 -0.05508520 -0.02781316
v 0.19995041 -0.09875666 -0.02417240
v -0.21123836 0.04606512 -0.01701240
v -0.00707862 -0.26799605 -0.02781316
v -0.06525079 -0.20736094 -0.02781316
v 0.15502729 -0.22592586 -0.02781316
v -0.19556857 0.01564979 -0.02524711
v 0.13195476 -0.30737686 -0.02781316
v -0.17743191 -0.09972234 -0.02781316
v 0.12865440 -0.35570602 -0.02781316
v -0.04101912 -0.34743212 -0.02781316
v 0.10245263 -0.03908621 -0.02781316
v 0.17065917 0.12561624 -0.02781316
v -0.03421942 0.22744438 -0.02781316
v -0.16595037 0.20907474 -0.02781316
v -0.01820063 -0.00793980 -0.02781316
v 0.21551968 -0.02032093 -0.01345824
v 0.05400584 -0.15993727 -0.02781316
v -0.05274927 -0.34696187 -0.02781316
v -0.12093658 -0.00085305 -0.02781316
v -0.06400710 -0.19546555 -0.02781316
v 0.15612972 0.01356878 -0.02781316
v -0.00348977 -0.33176052 -0.02781316
v 0.17206830 -0.18815443 -0.02781316
v -0.08603894 -0.07709792 -0.02781316
v 0.14961031 0.00482056 -0.02781316
v -0.07702705 -0.28758180 -0.02781316
v 0.05934112 0.05709321 -0.02781316
v -0.17064285 0.10573002 -0.02781316
v -0.18385086 0.02174453 -0.02750508
v 0.10914992 0.16057357 -0.02781316
v -0.05557263 -0.01977699 -0.02781316
v -0.07303930 0.00148035 -0.02781316
v 0.20207549 0.03562163 -0.02274459
v -0.20827368 0.03549825 -0.01931069
v -0.01017334 0.12577988 -0.02781316
v 0.03699133 -0.26132471 -0.02781316
v 0.12395797 -0.23034395 -0.02781316
v -0.01802384 0.13594254 -0.02781316
v 0.12500793 0.04103487 -0.02781316
v 0.09072427 0.11943559 -0.02781316
v 0.07217872 -0.02782086 -0.02781316
v -0.11172034 0.12654316 -0.02781316
v -0.14502056 -0.06479584 -0.02781316
v -0.07469974 0.06519112 -0.02781316
v -0.15730949 0.21485081 -0.02781236
v 0.12743215 0.10126643 -0.02781316
v -0.12113431 -0.06593047 -0.02781316
v -0.03692592 0.17329299 -0.02781316
v -0.01331451 -0.02494401 -0.02781316
v -0.06771444 -0.21987967 -0.02781316
v -0.17047342 -0.18669872 -0.02781316
v -0.04333916 -0.33616458 -0.02781316
v -0.08871799 0.12369845 -0.02781316
v 0.03599765 -0.33585228 -0.02781316
v 0.01796638 -0.21954262 -0.02781316
v -0.15359258 -0.10713450 -0.02781316
v -0.09959685 -0.23583908 -0.02781316
v -0.09780252 -0.28278330 -0.02781316
v 0.10822376 0.22299438 -0.02781316
v -0.09365392 -0.18714947 -0.02781316
v -0.11155080 0.22656196 -0.02781316
v -0.17924632 0.15528390 -0.02781316
v -0.12463897 0.11916214 -0.02781316
v 0.13797490 0.04172508 -0.02781316
v 0.04543476 -0.01380601 -0.02781316
v 0.11192311 -0.15871346 -0.02781316
v 0.03687984 0.13396644 -0.02781316
v 0.15768799 -0.32719769 -0.02781316
v -0.11765010 -0.26484469 -0.02781316
v 0.21011460 -0.06375006 -0.01873045
v -0.02398523 -0.15162670 -0.02781316
v -0.02887375 0.03495207 -0.02781316
v -0.16853480 0.17847890 -0.02781316
v 0.17095940 -0.30364681 -0.02781316
v 0.11794907 0.02986480 -0.02781316
v 0.12811091 -0.24100781 -0.02781316
v -0.10330113 -0.03856950 -0.02781316
v 0.09554066 -0.28761205 -0.02781316
v 0.16547058 0.06089319 -0.02781316
v 0.02801599 -0.21272773 -0.02781316
v -0.19540555 -0.06148913 -0.02551943
v -0.11252653 -0.31778478 -0.02781316
v -0.05604632 0.25618654 -0.02781316
v 0.02605739 -0.09717415 -0.02781316
v 0.15000269 -0.20003103 -0.02781316
v -0.10816610 -0.21436140 -0.02781316
v -0.01809458 0.10304504 -0.02781316
v -0.06782164 -0.29388678 -0.02781316
v 0.12876151 -0.06091463 -0.02781316
v -0.06110235 -0.03287955 -0.02781316
v -0.21860087 0.00732457 -0.00840233
v 0.18987709 -0.04728125 -0.02676129
v -0.11431528 0.20538344 -0.02781316
v -0.04980979 -0.30514939 -0.02781316
v -0.15794916 0.18129126 -0.02781316
v -0.08067680 0.20306099 -0.02781316
v 0.10112138 -0.19720143 -0.02781316
v -0.03407445 0.06108358 -0.02781316
v -0.06691660 0.20688542 -0.02781316
v -0.20277850 -0.02198133 -0.02268856
v -0.12401595 -0.24269085 -0.02781316
v 0.14920990 0.17544955 -0.02781316
v 0.18987938 -0.12998941 -0.02690769
v -0.17840554 -0.19435902 -0.02781316
v 0.06030736 -0.31252409 -0.02781316
v -0.10788582 -0.02804351 -0.02781316
v 0.13253978 -0.15688974 -0.02781316
v -0.13543890 -0.17802885 -0.02781316
v 0.04409929 -0.12372636 -0.02781316
v -0.11833455 0.28121954 -0.01057175
v 0.18619219 -0.03246811 -0.02730556
v 0.13562426 -0.16808551 -0.02781316
v 0.04613446 -0.31416386 -0.02781316
v -0.18528550 -0.29226578 -0.02764985
v -0.18739560 0.04253313 -0.02702925
v 0.14235484 -0.21343459 -0.02781316
v 0.16948420 0.23464179 -0.02348380
v 0.00406838 -0.03719580 -0.02781316
v 0.11406406 -0.04406124 -0.02781316
v 0.02811152 0.19321826 -0.02781316
v 0.00877392 -0.11743295 -0.02781316
v 0.10521027 0.17106260 -0.02781316
v 0.02380756 0.11616753 -0.02781316
v -0.03865281 0.16140731 -0.02781316
v -0.13342485 -0.21960585 -0.02781316
v 0.08813008 0.12938096 -0.02781316
v -0.19155292 -0.33365586 -0.02697057
v 0.00369075 0.08121120 -0.02781316
v 0.09572543 0.09074960 -0.02781316
v -0.14692654 -0.13870380 -0.02781316
v 0.01045348 0.24450309 -0.02781316
v 0.00554222 -0.35494040 -0.02781316
v -0.18745202 -0.01997758 -0.02711655
v -0.05603244 -0.08094582 -0.02781316
v 0.09316415 -0.11329390 -0.02781316
v -0.06550215 -0.02426337 -0.02781316
v -0.00947830 -0.25687136 -0.02781316
v -0.11418063 -0.20439820 -0.02781316
v 0.19494832 0.08478163 -0.02522424
v -0.13225433 0.07471782 -0.02781316
v -0.05312567 -0.24615420 -0.02781316
v -0.03872784 -0.09237523 -0.02781316
v 0.14055249 -0.35491996 -0.02781316
v -0.09709972 -0.27287120 -0.02781316
v 0.17763408 -0.15088812 -0.02781316
v 0.05959202 -0.07704630 -0.02781316
v -0.15396259 0.24691713 -0.02165596
v 0.00813836 -0.06146104 -0.02781316
v -0.10367803 -0.25614767 -0.02781316
v -0.10032469 0.16578548 -0.02781316
v 0.14512303 -0.16023772 -0.02781316
v -0.10038683 -0.24631589 -0.02781316
v 0.06921625 0.04541392 -0.02781316
v 0.20462793 0.02639299 -0.02153713
v 0.21921172 -0.07490790 -0.00883445
v -0.15442308 -0.32428492 -0.02781316
v 0.14772053 -0.34822976 -0.02781316
v 0.06275675 0.13638775 -0.02781316
v 0.02338051 -0.27439796 -0.02781316
v 0.12965671 0.17283487 -0.02781316
v 0.04951979 -0.17601929 -0.02781316
v 0.06995860 -0.24838932 -0.02781316
v 0.18623040 -0.17271078 -0.02746290
v 0.16729974 0.00868729 -0.02781316
v 0.13430582 -0.02698362 -0.02781316
v 0.11074914 -0.35258253 -0.02781316
v 0.08523844 -0.26727325 -0.02781316
v -0.18674511 -0.32256761 -0.02755834
v 0.05333967 -0.35686781 -0.02781316
v 0.00255559 -0.20597914 -0.02781316
v 0.16717313 -0.34887244 -0.02781316
v -0.17330543 -0.09053824 -0.02781316
v 0.06178089 0.25541712 -0.02781316
v 0.10139862 -0.30650809 -0.02781316
v -0.11792044 -0.11600850 -0.02781316
v 0.04990537 0.08529642 -0.02781316
v -0.14437873 -0.28426427 -0.02781316
v -0.21873852 -0.03947812 -0.00905578
v -0.21792044 -0.06107373 -0.01080719
v 0.07596796 -0.20498716 -0.02781316
v 0.05314165 -0.33404126 -0.02781316
v 0.09626850 -0.10119949 -0.02781316
v -0.10506495 -0.13779239 -0.02781316
v 0.15884378 -0.28813222 -0.02781316
v 0.05580472 -0.32285594 -0.02781316
v 0.01351520 0.14539350 -0.02781316
v -0.03515620 0.13302380 -0.02781316
v 0.20810572 -0.20276000 -0.02089645
v 0.20631113 -0.02516101 -0.02089937
v -0.07682198 -0.21077261 -0.02781316
v -0.10063619 -0.20489938 -0.02781316
v -0.14561971 -0.26529385 -0.02781316
v -0.02995079 -0.20412968 -0.02781316
v 0.05646322 -0.12048299 -0.02781316
v -0.03969827 0.10220535 -0.02781316
v 0.00839226 -0.21503573 -0.02781316
v 0.06608664 -0.33072258 -0.02781316
v 0.17577127 -0.12991313 -0.02781316
v -0.14858904 0.02471590 -0.02781316
v 0.19340148 -0.25799254 -0.02648790
v -0.08671873 -0.23297772 -0.02781316
v -0.03089617 -0.26291915 -0.02781316
v -0.03100327 -0.33882280 -0.02781316
v -0.01253487 -0.15180753 -0.02781316
v 0.18361548 0.11976060 -0.02781316
v 0.13686005 -0.04053701 -0.02781316
v -0.14431656 0.19378887 -0.02781316
v 0.21647287 -0.24762633 -0.01491585
v -0.05329624 0.10507260 -0.02781316
v 0.10202188 0.07835564 -0.02781316
v -0.00638236 0.08408568 -0.02781316
v -0.03124409 0.19896757 -0.02781316
v 0.16851463 -0.10642779 -0.02781316
v -0.08111361 0.08178219 -0.02781316
v -0.02442765 -0.11942644 -0.02781316
v -0.13375463 -0.28808290 -0.02781316
v -0.14089131 -0.12819330 -0.02781316
v -0.17298700 -0.17590762 -0.02781316
v -0.04162968 0.04022153 -0.02781316
v -0.05349843 0.04360131 -0.02781316
v -0.00359826 0.21553908 -0.02781316
v -0.02745993 0.17721037 -0.02781316
v -0.06052776 -0.23826803 -0.02781316
v -0.06727452 -0.32126049 -0.02781316
v -0.05615619 0.23159554 -0.02781316
v -0.05162656 0.03320002 -0.02781316
v 0.04000724 -0.27281754 -0.02781316
v 0.00938333 0.21389686 -0.02781316
v -0.00041650 -0.24944805 -0.02781316
v -0.10345819 -0.32441738 -0.02781316
v 0.10251106 -0.27665110 -0.02781316
v 0.17081501 0.17285383 -0.02781316
v 0.04148595 -0.10174249 -0.02781316
v -0.04062223 -0.00488387 -0.02781316
v -0.11403989 0.25079087 -0.02687762
v 0.22083666 -0.32298662 -0.01037166
v 0.11556713 0.07865452 -0.02781316
v -0.17034805 -0.04416163 -0.02781316
v -0.19429425 -0.03005224 -0.02573610
v -0.00900449 0.10929908 -0.02781316
v -0.11203006 0.01031403 -0.02781316
v -0.02379666 0.01259735 -0.02781316
v 0.02573438 0.02427866 -0.02781316
v -0.18435786 -0.11759727 -0.02758593
v -0.15149139 0.15687445 -0.02781316
v -0.19282893 -0.10138573 -0.02627073
v -0.13115289 -0.09416221 -0.02781316
v -0.07399962 -0.14641596 -0.02781316
v 0.07139390 -0.08749391 -0.02781316
v -0.15159428 -0.02285907 -0.02781316
v 0.01206573 0.12166493 -0.02781316
v -0.06944706 -0.17146802 -0.02781316
v -0.19389614 0.08567262 -0.02552862
v 0.06396723 -0.25557362 -0.02781316
v -0.12552832 0.09464936 -0.02781316
v -0.07014271 0.08760335 -0.02781316
v 0.20434266 -0.00149284 -0.02183132
v 0.09521389 -0.03009143 -0.02781316
v 0.09575252 0.17768098 -0.02781316
v -0.18275871 0.12132154 -0.02781316
v -0.18626202 0.12963521 -0.02781316
v 0.07111532 0.09065885 -0.02781316
v 0.12473480 -0.07275536 -0.02781316
v -0.02848023 0.10530781 -0.02781316
v -0.06232453 0.06722819 -0.02781316
v 0.03126350 -0.05816144 -0.02781316
v -0.06044810 0.09497060 -0.02781316
v -0.03167068 0.20987250 -0.02781316
v -0.01400110 -0.21686692 -0.02781316
v -0.20858811 -0.21655670 -0.02069923
v -0.04199982 -0.10382349 -0.02781316
v 0.01404511 0.15803034 -0.02781316
v -0.21118448 0.01493461 -0.01731555
v 0.08537657 -0.28907550 -0.02781316
v -0.12877241 0.03777846 -0.02781316
v 0.06110213 0.15558389 -0.02781316
v -0.03752691 0.01494873 -0.02781316
v -0.14919331 -0.27456625 -0.02781316
v 0.11505362 -0.07797632 -0.02781316
v -0.21569098 -0.29999978 -0.01617218
v -0.13537713 0.02678078 -0.02781316
v 0.05674688 0.14433904 -0.02781316
v 0.02383845 -0.00484574 -0.02781316
v -0.10537640 0.08227156 -0.02781316
v 0.10148726 0.20468574 -0.02781316
v 0.17259226 -0.13995413 -0.02781316
v 0.22239804 -0.33796015 -0.00772295
v 0.18069966 -0.33673239 -0.02781316
v 0.22067167 -0.12986012 -0.00683972
v 0.17248309 0.20163689 -0.02781316
v -0.08001024 -0.16624899 -0.02781316
v -0.00893383 -0.34299152 -0.02781316
v -0.09975421 0.05622698 -0.02781316
v -0.17522403 0.17096331 -0.02781316
v -0.13868623 -0.16615548 -0.02781316
v -0.12271498 -0.32517253 -0.02781316
v 0.05964667 -0.34059541 -0.02781316
v -0.10432649 -0.22732463 -0.02781316
v 0.15058937 -0.24099655 -0.02781316
v 0.11923999 -0.15163156 -0.02781316
v -0.15273203 0.14364992 -0.02781316
v 0.16248368 0.18095352 -0.02781316
v -0.11682630 0.11293108 -0.02781316
v -0.10854137 -0.28775882 -0.02781316
v -0.15734895 -0.05521455 -0.02781316
v 0.17424628 -0.16638072 -0.02781316
v -0.14049955 0.17147380 -0.02781316
v -0.21150262 -0.26744045 -0.01919158
v 0.00867415 -0.22786365 -0.02781316
v -0.00500944 0.11805977 -0.02781316
v -0.00724700 0.16010821 -0.02781316
v 0.04415751 -0.25303713 -0.02781316
v 0.15976938 0.24996024 -0.01824501
v 0.06224646 -0.18243820 -0.02781316
v -0.11779946 0.15290243 -0.02781316
v 0.07171332 0.23863348 -0.02781316
v -0.11249525 -0.10713728 -0.02781316
v -0.00143011 -0.06915794 -0.02781316
v -0.11016776 -0.18472936 -0.02781316
v -0.21472420 0.00180681 -0.01410731
v -0.15596788 -0.24024345 -0.02781316
v 0.13990441 0.16677146 -0.02781316
v -0.14673703 0.10191112 -0.02781316
v 0.21822012 -0.35044002 -0.01416568
v 0.16242342 -0.19689286 -0.02781316
v 0.09723350 0.13484156 -0.02781316
v -0.09641279 0.23659617 -0.02781316
v -0.14750831 -0.08161018 -0.02781316
v -0.21178420 -0.33482208 -0.01945763
v 0.06655374 0.12554404 -0.02781316
v -0.03010043 -0.12991569 -0.02781316
v -0.13774353 0.11107446 -0.02781316
v 0.21762379 0.02241252 -0.00993056
v 0.16108841 -0.06992824 -0.02781316
v -0.13354400 0.04797832 -0.02781316
v 0.04535616 -0.11210147 -0.02781316
v 0.00097208 0.17805265 -0.02781316
v -0.04323812 -0.13597472 -0.02781316
v 0.11755087 -0.09962126 -0.02781316
v -0.01240142 -0.33132608 -0.02781316
v 0.00195573 0.15213387 -0.02781316
v -0.02496341 -0.04260245 -0.02781316
v 0.15887214 -0.25312735 -0.02781316
v -0.12994606 -0.13126362 -0.02781316
v -0.16132251 0.11609389 -0.02781316
v -0.16483261 -0.32956243 -0.02781316
v -0.08925568 -0.34306740 -0.02781316
v -0.14827341 0.20545141 -0.02781316
v -0.02197046 -0.32815964 -0.02781316
v -0.07581761 0.26581410 -0.02687163
v 0.01439721 -0.15549263 -0.02781316
v -0.01346365 -0.31050566 -0.02781316
v 0.07569499 -0.28253545 -0.02781316
v 0.06200496 -0.04855236 -0.02781316
v 0.01075741 0.18698700 -0.02781316
v 0.16909928 0.13969181 -0.02781316
v 0.10393005 0.24762671 -0.02772619
v 0.01107501 -0.00209597 -0.02781316
v 0.21806095 -0.02945755 -0.01007402
v -0.08581010 -0.14753221 -0.02781316
v -0.01002977 0.07245747 -0.02781316
v 0.01245727 -0.16883125 -0.02781316
v 0.13473899 -0.17916366 -0.02781316
v 0.12629759 0.24347140 -0.02695784
v 0.02753754 -0.16059480 -0.02781316
v 0.21595215 0.06721948 -0.01179008
v -0.02220791 -0.16168922 -0.02781316
v -0.07141160 0.24319127 -0.02781316
v -0.06285258 -0.25363324 -0.02781316
v 0.07143575 0.13833302 -0.02781316
v -0.13950545 -0.25694449 -0.02781316
v 0.08757807 0.18639186 -0.02781316
v -0.20722878 -0.34385095 -0.02211414
v 0.14695985 -0.03121075 -0.02781316
v -0.00709490 -0.00652760 -0.02781316
v -0.05886003 -0.26467088 -0.02781316
v 0.06993769 -0.32079745 -0.02781316
v 0.08674653 -0.17242984 -0.02781316
v 0.01162721 -0.12959546 -0.02781316
v 0.10283251 -0.29705294 -0.02781316
v 0.05285873 -0.30369235 -0.02781316
v -0.17160502 -0.08081304 -0.02781316
v 0.21079078 -0.03596209 -0.01802809
v -0.05255860 -0.10872584 -0.02781316
v -0.05375842 -0.29336815 -0.02781316
v -0.07031153 0.22936921 -0.02781316
v 0.09713831 0.16413116 -0.02781316
v 0.16374499 0.04070858 -0.02781316
v 0.16742580 -0.33881127 -0.02781316
v -0.05539527 0.12665943 -0.02781316
v -0.00040851 -0.30745797 -0.02781316
v -0.13418908 -0.00761809 -0.02781316
v -0.08537678 -0.06349735 -0.02781316
v 0.20679022 -0.18347064 -0.02151185
v 0.09854574 -0.18317004 -0.02781316
v 0.07609363 0.01877552 -0.02781316
v -0.09856432 -0.29712325 -0.02781316
v -0.20712236 -0.14133099 -0.02110118
v -0.16880561 -0.21810629 -0.02781316
v 0.03526645 -0.32279025 -0.02781316
v 0.06467619 -0.13111402 -0.02781316
v 0.17288597 -0.35593884 -0.02781316
v -0.06573797 0.10313733 -0.02781316
v 0.12146129 -0.30602323 -0.02781316
v -0.15249803 -0.30087299 -0.02781316
v 0.08459075 0.26151333 -0.02703731
v 0.18554571 0.06381909 -0.02726416
v -0.19977491 -0.08620781 -0.02419044
v 0.15738513 -0.35179651 -0.02781316
v 0.06666044 -0.30193786 -0.02781316
v -0.21871539 -0.19876089 -0.01167430
v -0.00806544 0.20747393 -0.02781316
v -0.07310392 -0.30776010 -0.02781316
v -0.16509385 -0.23044622 -0.02781316
v 0.06426393 0.06832678 -0.02781316
v -0.15984255 -0.03892967 -0.02781316
v -0.04892205 -0.25548179 -0.02781316
v -0.04479813 -0.19206872 -0.02781316
v -0.07278717 0.02631090 -0.02781316
v 0.01325223 -0.27789047 -0.02781316
v -0.07056392 0.04771669 -0.02781316
v -0.10102548 0.18609696 -0.02781316
v 0.21510769 -0.08335828 -0.01461645
v -0.04451651 0.05287500 -0.02781316
v 0.22066375 -0.08585031 -0.00561357
v 0.14996086 0.02316582 -0.02781316
v -0.07166605 -0.26344207 -0.02781316
v 0.13463643 0.21722260 -0.02781316
v 0.16149440 -0.04701088 -0.02781316
v -0.21139566 -0.24475484 -0.01910872
v 0.09528578 -0.01933469 -0.02781316
v -0.19316992 -0.27130280 -0.02656249
v -0.01442995 -0.23681053 -0.02781316
v -0.16478932 -0.34258315 -0.02781316
v -0.06166330 0.00605954 -0.02781316
v -0.18795096 -0.09105447 -0.02714822
v 0.11218597 -0.29147468 -0.02781316
v 0.01059802 -0.07458284 -0.02781316
v -0.00013655 0.10219815 -0.02781316
v 0.15265307 -0.14978525 -0.02781316
v -0.09526390 0.08812626 -0.02781316
v 0.11031698 -0.31159029 -0.02781316
v 0.11397425 0.05806275 -0.02781316
v 0.09661671 0.21644207 -0.02781316
v -0.01972951 0.12303844 -0.02781316
v 0.05072730 -0.03223363 -0.02781316
v -0.09947058 -0.17978809 -0.02781316
v -0.21846676 -0.10047697 -0.01057524
v 0.22081137 -0.11463449 -0.00604338
v 0.03047748 0.04551275 -0.02781316
v -0.21200299 0.05551961 -0.01626755
v -0.08898669 0.11155068 -0.02781316
v 0.18128688 -0.02221875 -0.02772735
v 0.03932862 -0.19127144 -0.02781316
v 0.15030009 -0.30589994 -0.02781316
v -0.04277053 0.20208809 -0.02781316
v 0.00143913 0.09148267 -0.02781316
v 0.10515442 -0.12562674 -0.02781316
v 0.14191102 0.01427496 -0.02781316
v 0.00232054 0.19206287 -0.02781316
v 0.17146164 -0.02894473 -0.02781316
v -0.16349979 -0.09697698 -0.02781316
v -0.06033022 -0.28280484 -0.02781316
v -0.19665844 -0.12186809 -0.02533465
v 0.21820397 -0.14401610 -0.01161793
v -0.08996952 0.22709623 -0.02781316
v -0.09491233 -0.12180051 -0.02781316
v -0.09589433 0.25545283 -0.02750716
v -0.06464073 -0.06675524 -0.02781316
v 0.03993500 -0.03336267 -0.02781316
v 0.12433107 -0.31436879 -0.02781316
v -0.14843905 -0.19878234 -0.02781316
v 0.02956188 -0.23981732 -0.02781316
v -0.08991297 -0.17344876 -0.02781316
v -0.04867487 0.16511426 -0.02781316
v 0.02366144 0.14994895 -0.02781316
v -0.13395613 -0.10472909 -0.02781316
v -0.16301278 0.01798383 -0.02781316
v -0.21896171 -0.16056618 -0.01074748
v 0.15957678 -0.11263089 -0.02781316
v -0.18082417 -0.14935147 -0.02779314
v -0.12073827 0.18350635 -0.02781316
v -0.06129055 -0.04459836 -0.02781316
v -0.11362214 -0.01566130 -0.02781316
v 0.18193613 -0.01079728 -0.02768398
v 0.02535537 0.24129036 -0.02781316
v -0.13811874 0.01527222 -0.02781316
v -0.01857448 0.19475935 -0.02781316
v 0.16036689 -0.09620067 -0.02781316
v 0.18782397 -0.14036551 -0.02723495
v 0.10148391 0.19363554 -0.02781316
v 0.09210728 0.10519364 -0.02781316
v -0.15638584 0.05257656 -0.02781316
v -0.17930098 -0.10948489 -0.02781120
v 0.07635537 -0.29507922 -0.02781316
v 0.12579697 -0.32477183 -0.02781316
v -0.09121822 -0.25265351 -0.02781316
v 0.13643256 0.19632572 -0.02781316
v 0.21824749 0.04839192 -0.00827801
v 0.06403033 0.01523926 -0.02781316
v -0.10290802 0.15162328 -0.02781316
v -0.06335978 0.02964012 -0.02781316
v 0.03151857 -0.08312040 -0.02781316
v 0.14431727 -0.26597267 -0.02781316
v 0.02547350 -0.33052681 -0.02781316
v 0.10948487 0.02182702 -0.02781316
v -0.19802813 0.02642470 -0.02441079
v -0.09311490 0.04730693 -0.02781316
v 0.08414941 0.00421001 -0.02781316
v 0.12738451 -0.11741588 -0.02781316
v -0.20552529 0.06551925 -0.02082646
v 0.11741137 -0.19915692 -0.02781316
v 0.04567281 0.12534649 -0.02781316
v 0.18555265 0.10430162 -0.02770200
v 0.21468785 -0.33139196 -0.01730429
v 0.13658827 -0.07075305 -0.02781316
v -0.03294689 -0.19344206 -0.02781316
v -0.06498450 0.03953280 -0.02781316
v -0.18704932 -0.30278396 -0.02751198
v -0.04875603 0.15091481 -0.02781316
v -0.12041248 0.23372819 -0.02781316
v -0.06558688 0.25838492 -0.02781316
v 0.06150319 -0.03674141 -0.02781316
v -0.22215174 -0.22001200 -0.00516759
v 0.17230643 -0.17783713 -0.02781316
v 0.02061784 0.07796983 -0.02781316
v 0.16753951 0.08986996 -0.02781316
v -0.01406341 0.02225963 -0.02781316
v -0.08776492 0.00002884 -0.02781316
v -0.00979715 0.14665224 -0.02781316
v 0.16670675 -0.26395347 -0.02781316
v 0.01784045 0.03402297 -0.02781316
v -0.00724552 -0.20996374 -0.02781316
v -0.01575018 0.24181061 -0.02781316
v 0.21077320 -0.10111722 -0.01852815
v -0.02601825 -0.30603709 -0.02781316
v 0.04448585 0.03709954 -0.02781316
v 0.13724784 0.14309589 -0.02781316
v 0.15229964 -0.27823635 -0.02781316
v 0.21251793 0.01690530 -0.01615404
v -0.09473552 -0.02945077 -0.02781316
v -0.01581175 -0.28802990 -0.02781316
v 0.10563560 -0.25617797 -0.02781316
v 0.20301476 -0.14629724 -0.02314069
v 0.06504354 -0.27678378 -0.02781316
v -0.21750067 -0.13650662 -0.01246320
v 0.04296440 -0.14292149 -0.02781316
v 0.07072765 -0.10124084 -0.02781316
v -0.15722313 -0.15761281 -0.02781316
v 0.05905610 0.10470676 -0.02781316
v -0.16462408 0.06848239 -0.02781316
v 0.18705376 0.01428623 -0.02712435
v 0.11109403 -0.06784124 -0.02781316
v -0.04009596 -0.31352499 -0.02781316
v -0.08371715 0.02470791 -0.02781316
v -0.16864294 -0.28656696 -0.02781316
v -0.05312756 0.20876639 -0.02781316
v -0.03471676 -0.05074225 -0.02781316
v 0.08163181 0.04608965 -0.02781316
v -0.19972838 -0.25935512 -0.02481213
v 0.12929734 0.20717162 -0.02781316
v 0.05787910 0.21413234 -0.02781316
v 0.12249307 -0.35000580 -0.02781316
v -0.17439932 0.03918862 -0.02781316
v 0.06982437 0.03023816 -0.02781316
v 0.07412481 -0.17642020 -0.02781316
v 0.19227643 -0.00482647 -0.02617460
v -0.21392302 -0.02335572 -0.01520721
v -0.20239936 -0.00033274 -0.02276205
v 0.04466251 0.22287162 -0.02781316
v 0.22036924 -0.05692573 -0.00562320
v -0.06381344 0.23731905 -0.02781316
v 0.12369484 0.05330121 -0.02781316
v 0.15993728 -0.30066409 -0.02781316
v 0.17504787 -0.25642662 -0.02781316
v -0.10501438 -0.17250286 -0.02781316
v 0.17464101 -0.21601643 -0.02781316
v -0.07572746 -0.02745712 -0.02781316
v -0.02611608 0.08470572 -0.02781316
v 0.15482898 -0.01907848 -0.02781316
v -0.09935000 0.00255830 -0.02781316
v 0.03222896 -0.01242620 -0.02781316
v -0.09654522 -0.01132916 -0.02781316
v -0.14239203 -0.32855827 -0.02781316
v -0.14558449 -0.18543291 -0.02781316
v -0.09489412 0.20051215 -0.02781316
v -0.20174533 -0.29860862 -0.02425239
v -0.05007354 -0.03575082 -0.02781316
v 0.00506836 0.20378400 -0.02781316
v -0.10225981 -0.09989184 -0.02781316
v 0.14195311 0.09887006 -0.02781316
v -0.04943449 -0.16391932 -0.02781316
v -0.12507878 -0.07590556 -0.02781316
v 0.07356842 0.26251629 -0.02742957
v 0.13977957 -0.00378168 -0.02781316
v 0.20755833 -0.32230451 -0.02183988
v -0.02685980 0.12813028 -0.02781316
v -0.14263675 -0.21225286 -0.02781316
v 0.08871229 -0.05547761 -0.02781316
v -0.05961656 0.15564374 -0.02781316
v 0.08158998 0.10389287 -0.02781316
v -0.03721864 -0.25006430 -0.02781316
v 0.16298932 -0.12787037 -0.02781316
v 0.01295002 0.13379559 -0.02781316
v 0.01787485 -0.23492531 -0.02781316
v -0.02223997 0.14776342 -0.02781316
v -0.13310573 -0.24829339 -0.02781316
v 0.07089145 -0.14232059 -0.02781316
v 0.09874934 -0.26613182 -0.02781316
v 0.12676380 -0.04848837 -0.02781316
v -0.02205982 -0.01860689 -0.02781316
v 0.08477788 -0.08199298 -0.02781316
v 0.05818614 0.16622148 -0.02781316
v 0.02133442 -0.11845518 -0.02781316
v -0.08319317 -0.05109356 -0.02781316
v -0.14506405 -0.33965229 -0.02781316
v 0.02696277 -0.22628125 -0.02781316
v -0.01923557 0.11393308 -0.02781316
v 0.04510176 -0.08274486 -0.02781316
v -0.14685710 0.18286770 -0.02781316
v -0.03558578 0.12154870 -0.02781316
v 0.10986188 -0.24638367 -0.02781316
v 0.16916066 0.04973169 -0.02781316
v 0.06917131 0.20334487 -0.02781316
v 0.17776254 0.00057217 -0.02781311
v 0.16441114 0.20494309 -0.02781316
v -0.12242028 0.14124559 -0.02781316
v 0.11578220 0.09794660 -0.02781316
v 0.12645824 0.07863558 -0.02781316
v 0.17365803 -0.07205162 -0.02781316
v -0.13414556 0.23166916 -0.02768969
v 0.18151002 0.13113809 -0.02781316
v 0.02778815 0.10636621 -0.02781316
v 0.21893518 -0.25942167 -0.01220692
v 0.07527082 -0.26034670 -0.02781316
v 0.20955122 -0.16255020 -0.01978080
v 0.12399472 0.19800259 -0.02781316
v -0.16965725 -0.11847320 -0.02781316
v 0.06470792 -0.06287410 -0.02781316
v -0.17233634 0.20271600 -0.02781316
v 0.09850708 -0.00737668 -0.02781316
v -0.02692677 -0.06658456 -0.02781316
v -0.10647273 -0.26663030 -0.02781316
v -0.21196617 -0.30936095 -0.01916361
v 0.06341909 -0.22931230 -0.02781316
v -0.15157791 0.17052249 -0.02781316
v 0.08977113 0.20669607 -0.02781316
v 0.12021245 -0.21203369 -0.02781316
v 0.13677636 0.02275939 -0.02781316
v 0.13727396 0.13089596 -0.02781316
v -0.06370358 -0.14972164 -0.02781316
v 0.19531259 -0.19333534 -0.02589857
v 0.18597286 -0.16161069 -0.02747784
v 0.10240862 0.09958448 -0.02781316
v -0.13187492 -0.32239987 -0.02781316
v -0.03303571 -0.17478603 -0.02781316
v 0.07309893 -0.07364437 -0.02781316
v 0.07339643 -0.23900667 -0.02781316
v -0.12064797 0.19476824 -0.02781316
v -0.18286890 -0.16524448 -0.02772002
v 0.01909275 0.10293946 -0.02781316
v 0.15605718 -0.26682749 -0.02781316
v 0.14889798 -0.10617519 -0.02781316
v 0.05965069 0.07974745 -0.02781316
v 0.15852177 0.03156454 -0.02781316
v 0.15126859 0.04054447 -0.02781316
v -0.14249719 0.08400988 -0.02781316
v 0.01319599 0.02009332 -0.02781316
v -0.15654891 0.12863701 -0.02781316
v 0.19187858 0.07396939 -0.02608110
v -0.02690805 -0.34792361 -0.02781316
v 0.10253245 0.04730224 -0.02781316
v -0.06728254 -0.01465309 -0.02781316
v 0.01824502 0.16914671 -0.02781316
v -0.19561684 -0.28450659 -0.02605069
v 0.03788699 -0.35627521 -0.02781316
v 0.00417909 -0.10460069 -0.02781316
v -0.13169233 0.27522407 -0.00841054
v -0.12044962 -0.16127828 -0.02781316
v -0.14066748 0.16017031 -0.02781316
v 0.09718349 0.25786565 -0.02718366
v 0.01235637 -0.34806029 -0.02781316
v 0.05554039 -0.26139056 -0.02781316
v 0.03902657 0.09025061 -0.02781316
v -0.22075929 -0.35677972 -0.01102044
v 0.04975022 -0.04328260 -0.02781316
v -0.06776690 -0.23089282 -0.02781316
v 0.04517592 0.05065657 -0.02781316
v 0.11226417 -0.08772771 -0.02781316
v 0.19848638 0.04469552 -0.02417926
v 0.13053744 0.03175442 -0.02781316
v 0.14738279 -0.32980627 -0.02781316
v 0.21487363 -0.00233253 -0.01398823
v -0.13787869 -0.02030892 -0.02781316
v 0.04077921 -0.00487790 -0.02781316
v -0.16766899 0.08199826 -0.02781316
v -0.03272890 0.04737566 -0.02781316
v -0.02004234 0.20395238 -0.02781316
v 0.05131774 -0.13319638 -0.02781316
v -0.01414181 0.22477561 -0.02781316
v -0.04087376 -0.32340293 -0.02781316
v -0.02224744 -0.17127861 -0.02781316
v 0.07269762 0.18761891 -0.02781316
v 0.14887744 0.11225674 -0.02781316
v 0.12481556 0.06633969 -0.02781316
v 0.15997048 0.13526852 -0.02781316
v 0.15500500 -0.21314192 -0.02781316
v 0.21990434 -0.29305673 -0.01133422
v -0.18771442 -0.35462467 -0.02749812
v -0.19925604 0.07490150 -0.02377087
v -0.15573413 -0.35025444 -0.02781316
v -0.14755201 0.21738899 -0.02781316
v -0.00339109 0.24363858 -0.02781316
v 0.08933799 -0.15890913 -0.02781316
v -0.12348722 0.02820507 -0.02781316
v 0.14464788 -0.31828050 -0.02781316
v 0.09129243 -0.31919625 -0.02781316
v -0.17110644 -0.16533207 -0.02781316
v -0.03670581 -0.16539753 -0.02781316
v 0.02960831 0.08269752 -0.02781316
v 0.14004202 -0.08227182 -0.02781316
v 0.08185236 -0.25171343 -0.02781316
v -0.11394483 -0.12498736 -0.02781316
v 0.11827229 0.14065109 -0.02781316
v 0.15247312 0.20566512 -0.02781316
v -0.08140560 -0.22140114 -0.02781316
v 0.18793423 0.02551609 -0.02697053
v 0.08090859 0.27319679 -0.02462121
v -0.13552425 0.12310014 -0.02781316
v -0.19336043 0.10808654 -0.02731311
v 0.09742909 -0.35212614 -0.02781316
v -0.06553828 -0.10527060 -0.02781316
v 0.08698992 -0.00881261 -0.02781316
v 0.13646897 0.07503199 -0.02781316
v -0.09660061 -0.21656104 -0.02781316
v 0.03685918 -0.34655423 -0.02781316
v 0.03423176 0.12253362 -0.02781316
v 0.03546915 -0.13345328 -0.02781316
v 0.04988268 0.06786658 -0.02781316
v -0.03596392 0.15016394 -0.02781316
v -0.11905678 -0.05486150 -0.02781316
v 0.07089001 0.21599417 -0.02781316
v -0.19681912 -0.31069959 -0.02581552
v -0.09897610 -0.15239220 -0.02781316
v 0.07500961 -0.00832335 -0.02781316
v 0.09864732 -0.16968752 -0.02781316
v -0.14843154 0.07532730 -0.02781316
v -0.19291128 -0.20093266 -0.02647028
v 0.06091973 0.17994459 -0.02781316
v 0.10250751 0.23297718 -0.02781316
v -0.05268873 -0.32927219 -0.02781316
v -0.20081897 0.05553016 -0.02321032
v -0.16006428 -0.08355236 -0.02781316
v -0.12631116 -0.16999599 -0.02781316
v 0.14078846 -0.30983755 -0.02781316
v 0.10648394 0.00199514 -0.02781316
v -0.09462139 -0.08604601 -0.02781316
v -0.19575071 -0.24670580 -0.02592371
v -0.04556895 -0.08586010 -0.02781316
v 0.15733267 -0.16050823 -0.02781316
v 0.01648171 -0.01309054 -0.02781316
v -0.11024170 0.14031939 -0.02781316
v 0.12477233 0.02071434 -0.02781316
v -0.00079100 -0.08041686 -0.02781316
v -0.18243071 0.14105213 -0.02781316
v 0.00070986 -0.32039358 -0.02781316
v -0.06571550 -0.34899069 -0.02781316
v -0.07658555 -0.33354405 -0.02781316
v -0.16101574 -0.16888847 -0.02781316
v -0.05668547 0.02260245 -0.02781316
v 0.21882964 -0.01119174 -0.00831570
v 0.11802086 0.11235846 -0.02781316
v 0.10477447 0.18534845 -0.02781316
v -0.00024362 -0.15169581 -0.02781316
v 0.16846768 -0.03968824 -0.02781316
v 0.19587517 0.05603465 -0.02502863
v 0.15247480 -0.00741147 -0.02781316
v -0.08819382 -0.20916089 -0.02781316
v -0.21866316 0.04942277 -0.00733576
v 0.08429292 -0.27883792 -0.02781316
v -0.16786932 -0.07083508 -0.02781316
v 0.21384562 -0.22458202 -0.01711211
v 0.12535032 0.08983288 -0.02781316
v -0.08558633 -0.02231478 -0.02781316
v -0.07509359 -0.08558996 -0.02781316
v -0.08196086 0.23535370 -0.02781316
v 0.06840566 -0.28829463 -0.02781316
v 0.11568099 0.18982172 -0.02781316
v 0.04356545 -0.24157052 -0.02781316
v -0.20668488 0.08790458 -0.02016423
v 0.01580482 -0.24758821 -0.02781316
v 0.19421290 -0.32861729 -0.02646713
v -0.06942745 0.17777642 -0.02781316
v -0.12053015 0.26286425 -0.02273617
v -0.16385490 0.04243721 -0.02781316
v -0.19782335 -0.05007726 -0.02474497
v -0.21964097 0.03058361 -0.00511884
v -0.07596635 0.15531136 -0.02781316
v 0.03125246 -0.10824035 -0.02781316
v 0.10279081 -0.05087135 -0.02781316
v -0.14247503 -0.31719280 -0.02781316
v -0.14543030 0.13364805 -0.02781316
v -0.01849083 -0.09184878 -0.02781316
v 0.14219223 -0.33882749 -0.02781316
v 0.14712834 0.13788137 -0.02781316
v 0.21611684 -0.05448713 -0.01315801
v -0.14583502 0.06086711 -0.02781316
v -0.17604282 0.18477869 -0.02781316
v 0.01505999 -0.26377128 -0.02781316
v -0.10774304 0.23692568 -0.02781316
v -0.18430055 0.07801869 -0.02739830
v 0.07045236 0.17292114 -0.02781316
v 0.06947974 -0.11754326 -0.02781316
v -0.10948342 -0.04736086 -0.02781316
v 0.01794890 0.23425888 -0.02781316
v -0.14868601 0.25925850 -0.01594460
v -0.13794298 -0.11516496 -0.02781316
v 0.19404744 0.11018321 -0.02741890
v 0.10867255 -0.34219643 -0.02781316
v 0.17604789 0.11065710 -0.02781316
v 0.08937342 0.05532979 -0.02781316
v 0.13778002 0.06217539 -0.02781316
v -0.09615165 0.14031672 -0.02781316
v 0.18088071 -0.29693315 -0.02781286
v 0.09267801 0.27155825 -0.02422059
v -0.04591944 0.02277241 -0.02781316
v 0.17527299 -0.31451458 -0.02781316
v -0.20869294 0.02409172 -0.01910452
v 0.11268929 0.17799846 -0.02781316
v 0.13370396 -0.12719422 -0.02781316
v -0.22084029 -0.24787791 -0.00905209
v -0.17868768 -0.28294605 -0.02781316
v -0.18617705 -0.34384717 -0.02762261
v 0.17586012 -0.05022201 -0.02781316
v 0.20759846 -0.25853639 -0.02148430
v -0.02993456 -0.08506881 -0.02781316
v 0.09048525 -0.12562543 -0.02781316
v -0.01320880 0.00323596 -0.02781316
v 0.19728450 -0.05736025 -0.02494425
v -0.12736522 -0.20631038 -0.02781316
v 0.13713398 -0.24885968 -0.02781316
v -0.08180683 -0.31862562 -0.02781316
v -0.14193124 0.14718854 -0.02781316
v 0.07185485 0.07829806 -0.02781316
v 0.05859482 0.03418836 -0.02781316
v 0.11389018 -0.23554781 -0.02781316
v 0.18028278 -0.10871489 -0.02779625
v -0.05441819 -0.31711163 -0.02781316
v -0.14480660 -0.15444896 -0.02781316
v 0.12910873 -0.00097308 -0.02781316
v -0.07175316 -0.05550308 -0.02781316
v -0.18118474 -0.22252872 -0.02780132
v 0.01120529 -0.18310610 -0.02781316
v -0.11292278 -0.09588016 -0.02781316
v -0.08231695 -0.12392056 -0.02781316
v 0.03177650 0.15563977 -0.02781316
v 0.13740462 0.10797708 -0.02781316
v 0.13355575 -0.31741526 -0.02781316
v -0.05197624 0.01348578 -0.02781316
v 0.22040426 -0.18909242 -0.00875286
v -0.07663332 0.12114512 -0.02781316
v 0.11170296 0.26473653 -0.02384478
v 0.09277054 0.23858129 -0.02781316
v -0.16820552 0.12655756 -0.02781316
v 0.03827190 -0.22799066 -0.02781316
v -0.07628934 0.01573238 -0.02781316
v -0.12909368 0.25525194 -0.02380151
v 0.16172670 0.15865504 -0.02781316
v 0.02609920 0.01362067 -0.02781316
v -0.22374558 -0.35336755 -0.00422284
v -0.20890605 -0.12928291 -0.01997702
v 0.01698763 -0.14292869 -0.02781316
v -0.10541076 0.29204905 0.00000000
v -0.09122865 0.29374613 0.00000000
v -0.08843471 0.28603011 0.01634401
v -0.08267716 0.27055504 0.02517521
v -0.07601898 0.25329545 0.02781316
v -0.07056522 0.23994205 0.02781316
v -0.06488264 0.22670820 0.02781316
v -0.05891497 0.21358299 0.02781316
v -0.05261907 0.20062572 0.02781316
v -0.04591902 0.18788056 0.02781316
v -0.03870036 0.17540668 0.02781316
v -0.03081517 0.16334545 0.02781316
v -0.02202779 0.15193671 0.02781316
v -0.01194616 0.14166006 0.02781316
v 0.00000000 0.13368424 0.02781316
v 0.01194616 0.14166006 0.02781316
v 0.02202779 0.15193671 0.02781316
v 0.03081517 0.16334545 0.02781316
v 0.03870036 0.17540668 0.02781316
v 0.04591902 0.18788056 0.02781316
v 0.05261907 0.20062572 0.02781316
v 0.05891497 0.21358299 0.02781316
v 0.06488264 0.22670820 0.02781316
v 0.07056522 0.23994205 0.02781316
v 0.07601898 0.25329545 0.02781316
v 0.08267716 0.27055504 0.02517521
v 0.08843471 0.28603011 0.01634401
v 0.09122865 0.29374613 0.00000000
v 0.10541076 0.29204905 0.00000000
v 0.10150786 0.28417344 0.01641262
v 0.09637874 0.26809764 0.02521676
v 0.09076252 0.25017844 0.02781316
v 0.08534122 0.23642620 0.02781316
v 0.07958089 0.22278484 0.02781316
v 0.07345062 0.20932375 0.02781316
v 0.06688702 0.19607010 0.02781316
v 0.05982306 0.18308935 0.02781316
v 0.05215586 0.17044004 0.02781316
v 0.04377595 0.15825071 0.02781316
v 0.03454437 0.14670437 0.02781316
v 0.02427834 0.13606153 0.02781316
v 0.01280338 0.12675306 0.02781316
v 0.00000000 0.11940095 0.02781316
v -0.01280338 0.12675306 0.02781316
v -0.02427834 0.13606153 0.02781316
v -0.03454437 0.14670437 0.02781316
v -0.04377595 0.15825071 0.02781316
v -0.05215586 0.17044004 0.02781316
v -0.05982306 0.18308935 0.02781316
v -0.06688702 0.19607010 0.02781316
v -0.07345062 0.20932375 0.02781316
v -0.07958089 0.22278484 0.02781316
v -0.08534122 0.23642620 0.02781316
v -0.09076252 0.25017844 0.02781316
v -0.09637874 0.26809764 0.02521676
v -0.10150786 0.28417344 0.01641262
v -0.00831529 0.13370022 0.02781316
v -0.07573927 0.23205969 0.02781316
v 0.09567571 0.28958142 0.01115125
v -0.01682024 0.13569146 0.02781316
v -0.04156013 0.16691159 0.02781316
v 0.00802647 0.13217717 0.02781316
v -0.09358820 0.28869013 0.01269508
v -0.02367155 0.14423786 0.02781316
v 0.06334839 0.20520187 0.02781316
v -0.06320580 0.20498229 0.02781316
v 0.07519037 0.23138749 0.02781316
v 0.05066818 0.18085121 0.02781316
v -0.08126234 0.24553806 0.02781316
v -0.00210187 0.12636491 0.02781316
v 0.02455809 0.14463291 0.02781316
v -0.04950090 0.17933878 0.02781316
v 0.09108480 0.27680049 0.02207664
v 0.05732730 0.19274239 0.02781316
v -0.09947790 0.29162881 0.00631314
v 0.08629163 0.26036295 0.02716225
v -0.10541076 0.29204905 0.00000000
v -0.09122865 0.29374613 0.00000000
v -0.08439234 0.29065916 -0.01569655
v -0.07022517 0.28465849 -0.02458368
v -0.05384984 0.27835188 -0.02776348
v -0.04027123 0.27394009 -0.02781316
v -0.02704186 0.27047065 -0.02781316
v -0.01360697 0.26790076 -0.02781316
v 0.00000000 0.26648869 -0.02781316
v 0.01360697 0.26790076 -0.02781316
v 0.02704186 0.27047065 -0.02781316
v 0.04027123 0.27394009 -0.02781316
v 0.05384984 0.27835188 -0.02776348
v 0.07022517 0.28465849 -0.02458368
v 0.08439234 0.29065916 -0.01569655
v 0.09122865 0.29374613 0.00000000
v 0.10541076 0.29204905 0.00000000
v 0.09388412 0.29007860 -0.01072664
v 0.08406786 0.28296145 -0.01989270
v 0.07035229 0.27406206 -0.02622955
v 0.05487179 0.26631670 -0.02781316
v 0.04149383 0.26154931 -0.02781316
v 0.02787339 0.25757458 -0.02781316
v 0.01402103 0.25444193 -0.02781316
v 0.00000000 0.25220539 -0.02781316
v -0.01402103 0.25444193 -0.02781316
v -0.02787339 0.25757458 -0.02781316
v -0.04149383 0.26154931 -0.02781316
v -0.05487179 0.26631670 -0.02781316
v -0.07035229 0.27406206 -0.02622955
v -0.08406786 0.28296145 -0.01989270
v -0.09388412 0.29007860 -0.01072664
v -0.09779366 0.29263735 -0.00339185
v 0.04422261 0.26677184 -0.02781316
v -0.01720326 0.25970454 -0.02781316
v -0.02458383 0.26252842 -0.02781316
v -0.00491010 0.25729406 -0.02781316
v -0.00784564 0.26307510 -0.02781316
v -0.08842321 0.28986445 -0.01275733
v 0.04771956 0.27207751 -0.02781316
v -0.06213752 0.27567533 -0.02723155
v 0.05435791 0.27238036 -0.02781208
v 0.06218270 0.27290421 -0.02741560
v -0.09090987 0.29275222 -0.00609141
v -0.03430012 0.26908255 -0.02781316
v -0.03243774 0.26292692 -0.02781316
v 0.06402814 0.27896915 -0.02670067
v 0.00653779 0.25996802 -0.02781316
v 0.03388023 0.26564606 -0.02781316
v 0.02036214 0.26228645 -0.02781316
v -0.04237470 0.26723817 -0.02781316
v -0.02001710 0.26610672 -0.02781316
vn -0.44610109 0.80074698 0.39974754
vn -0.46606638 0.78899466 0.40033681
vn -0.45662125 0.83721368 0.30094899
vn -0.48855219 0.82862140 0.27331911
vn -0.46533839 0.85486810 0.22947920
vn -0.46804025 0.82723589 0.31083615
vn -0.33027488 0.88141653 0.33767351
vn -0.23087232 0.64821237 0.72561608
vn -0.10659863 0.28552130 0.95242549
vn -0.01551163 0.05995036 0.99808083
vn 0.00000000 0.00000000 1.00000000
vn 0.00000000 0.00000000 1.00000000
vn 0.00000000 0.00000000 1.00000000
vn 0.00000000 0.00000000 1.00000000
vn 0.00000000 0.00000000 1.00000000
vn 0.00000000 0.00000000 1.00000000
vn 0.00000000 0.00000000 1.00000000
vn 0.00000000 0.00000000 1.00000000
vn 0.00000000 0.00000000 1.00000000
vn 0.00000000 0.00000000 1.00000000
vn 0.00000000 0.00000000 1.00000000
vn 0.00000000 0.00000000 1.00000000
vn 0.00000000 0.00000000 1.00000000
vn 0.00000000 0.00000000 1.00000000
vn 0.00000000 0.00000000 1.00000000
vn 0.00000000 0.00000000 1.00000000
vn 0.00000000 0.00000000 1.00000000
vn 0.00000000 0.00000000 1.00000000
vn 0.00000000 0.00000000 1.00000000
vn 0.00000000 0.00000000 1.00000000
vn 0.00000000 0.00000000 1.00000000
vn 0.00640045 0.04844341 0.99880542
vn 0.12492173 0.28336271 0.95084180
vn 0.23431110 0.64564794 0.72679918
vn 0.32631560 0.88467618 0.33296573
vn 0.47590693 0.82050551 0.31667540
vn 0.45386922 0.85088538 0.26456910
vn 0.47372696 0.84695428 0.24135287
vn 0.47358713 0.81697144 0.32904847
vn 0.45260643 0.83790860 0.30505180
vn 0.51997948 0.79799547 0.30467125
vn 0.30246568 0.59665410 0.74331582
vn 0.06050689 0.27374402 0.95989746
vn 0.01884239 0.03995420 0.99902384
vn 0.00000000 0.00000000 1.00000000
vn 0.00000000 0.00000000 1.00000000
vn 0.00000000 0.00000000 1.00000000
vn 0.00000000 0.00000000 1.00000000
vn 0.00000000 0.00000000 1.00000000
vn 0.03533966 -0.03757679 0.99866866
vn 0.20279047 -0.16374517 0.96543438
vn 0.62066334 -0.33354585 0.70959438
vn 0.93454360 0.02847658 0.35470741
vn 0.95639015 0.01412838 0.29175036
vn 0.94461887 -0.00470638 0.32813570
vn 0.95786007 -0.00078914 0.28723417
vn 0.96415892 0.03709029 0.26272018
vn 0.95596585 0.01408120 0.29313993
vn 0.96029068 -0.01044805 0.27880576
vn 0.95857671 0.02716734 0.28353594
vn 0.93476402 -0.00947118 0.35514295
vn 0.94944884 0.02853619 0.31262210
vn 0.96671426 0.03058179 0.25402420
vn 0.96865433 0.01656971 0.24785930
vn 0.96151587 -0.00030367 0.27474925
vn 0.96021879 -0.01230541 0.27897753
vn 0.96509016 -0.00636547 0.26184052
vn 0.94921880 -0.00220764 0.31460895
vn 0.95982291 0.04466141 0.27702950
vn 0.95267216 -0.01317362 0.30371404
vn 0.95718150 0.01136842 0.28926516
vn 0.92790133 0.00332725 0.37281101
vn 0.94154259 -0.01093980 0.33671630
vn 0.91630380 -0.01044423 0.40034768
vn 0.88581867 -0.01389574 0.46382345
vn 0.91360092 0.07462065 0.39970630
vn 0.90520882 -0.00825801 0.42488681
vn 0.92488844 0.02755696 0.37923869
vn 0.91776501 0.00605963 0.39707765
vn 0.92678746 -0.01588195 0.37525027
vn 0.92853370 0.05339117 0.36738883
vn 0.93896462 0.01927354 0.34347338
vn 0.93445712 -0.11410610 0.33729764
vn 0.67548042 -0.08473479 0.73249315
vn 0.28321713 -0.04619667 0.95794255
vn 0.03710730 -0.01635597 0.99917743
vn 0.00000000 0.00000000 1.00000000
vn 0.00000000 0.00000000 1.00000000
vn 0.00000000 0.00000000 1.00000000
vn 0.00000000 0.00000000 1.00000000
vn 0.00000000 0.00000000 1.00000000
vn 0.00000000 0.00000000 1.00000000
vn 0.00000000 0.00000000 1.00000000
vn 0.00000000 0.00000000 1.00000000
vn 0.00000000 0.00000000 1.00000000
vn 0.00000000 0.00000000 1.00000000
vn 0.00000000 0.00000000 1.00000000
vn 0.00000000 0.00000000 1.00000000
vn 0.00000000 0.00000000 1.00000000
vn 0.00000000 0.00000000 1.00000000
vn 0.00000000 0.00000000 1.00000000
vn 0.00000000 0.00000000 1.00000000
vn 0.00000000 0.00000000 1.00000000
vn 0.00000000 0.00000000 1.00000000
vn 0.00000000 0.00000000 1.00000000
vn 0.00000000 0.00000000 1.00000000
vn 0.00000000 0.00000000 1.00000000
vn 0.00000000 0.00000000 1.00000000
vn 0.00000000 0.00000000 1.00000000
vn -0.05433173 -0.00720645 0.99849694
vn -0.27040271 -0.03242204 0.96220122
vn -0.67727724 -0.06432930 0.73291015
vn -0.93762384 -0.13138778 0.32186765
vn -0.95070858 0.03338383 0.30828349
vn -0.95973223 -0.00675743 0.28083515
vn -0.95282047 0.03938071 0.30096897
vn -0.92072226 0.02943050 0.38910713
vn -0.93897511 -0.04133676 0.34149232
vn -0.96372722 0.03092831 0.26509110
vn -0.95645433 -0.01042026 0.29169597
vn -0.96991111 0.03365951 0.24112130
vn -0.93920089 0.03946275 0.34109292
vn -0.93010617 0.00116100 0.36728893
vn -0.93826827 0.00410401 0.34588410
vn -0.93282557 0.02121611 0.35970312
vn -0.94244663 -0.01279878 0.33411158
vn -0.94688766 -0.01740730 0.32109306
vn -0.96816726 0.03602257 0.24769847
vn -0.95165462 0.00656739 0.30709990
vn -0.96652046 -0.00375119 0.25656214
vn -0.94441325 0.00978000 0.32861522
vn -0.96831171 0.00015853 0.24974467
vn -0.93872279 0.03282996 0.34310599
vn -0.96058572 -0.03106256 0.27624298
vn -0.96035378 0.04108649 0.27573995
vn -0.94951320 0.02480573 0.31274487
vn -0.92792816 0.01832737 0.37230824
vn -0.93697375 -0.02187690 0.34871419
vn -0.93902408 0.01242899 0.34362668
vn -0.95603700 0.00883706 0.29311288
vn -0.94661821 0.02574659 0.32132705
vn -0.95967541 -0.02209469 0.28024086
vn -0.95079106 0.02081963 0.30913252
vn -0.57794129 -0.33802755 0.74277941
vn -0.21744802 -0.17421068 0.96039940
vn -0.03806336 -0.02142870 0.99904554
vn 0.00000000 0.00000000 1.00000000
vn 0.00000000 0.00000000 1.00000000
vn 0.00000000 0.00000000 1.00000000
vn 0.00000000 0.00000000 1.00000000
vn 0.00000000 0.00000000 1.00000000
vn -0.02278568 0.03513152 0.99912291
vn -0.07156957 0.27438411 0.95895316
vn -0.25230280 0.61998463 0.74294169
vn 0.00000000 0.00000000 1.00000000
vn 0.28458821 0.00062031 0.95864966
vn -0.05537636 -0.00283833 0.99846152
vn 0.00000000 0.00000000 1.00000000
vn 0.00000000 0.00000000 1.00000000
vn 0.00000000 0.00000000 1.00000000
vn 0.00000000 0.00000000 1.00000000
vn 0.01839799 0.00200813 0.99982873
vn -0.13545950 0.26915597 0.95352283
vn 0.00305720 0.01150793 0.99992911
vn 0.00000000 0.00000000 1.00000000
vn 0.00000000 0.00000000 1.00000000
vn 0.02244389 -0.00016324 0.99974809
vn 0.00000000 0.00000000 1.00000000
vn 0.00000000 0.00000000 1.00000000
vn 0.00792091 -0.00101896 0.99996811
vn 0.00000000 0.00000000 1.00000000
vn 0.00000000 0.00000000 1.00000000
vn 0.00000000 0.00000000 1.00000000
vn 0.00000000 0.00000000 1.00000000
vn 0.00000000 0.00000000 1.00000000
vn 0.00000000 0.00000000 1.00000000
vn 0.00000000 0.00000000 1.00000000
vn 0.00000000 0.00000000 1.00000000
vn -0.00361672 0.00434221 0.99998403
vn 0.00000000 0.00000000 1.00000000
vn 0.00000000 0.00000000 1.00000000
vn 0.00000000 0.00000000 1.00000000
vn 0.00000000 0.00000000 1.00000000
vn 0.00000000 0.00000000 1.00000000
vn 0.00000000 0.00000000 1.00000000
vn 0.00000000 0.00000000 1.00000000
vn 0.00000000 0.00000000 1.00000000
vn 0.00000000 0.00000000 1.00000000
vn -0.33747546 0.70365543 0.62528342
vn 0.00000000 0.00000000 1.00000000
vn 0.00000000 0.00000000 1.00000000
vn 0.00000000 0.00000000 1.00000000
vn 0.00000000 0.00000000 1.00000000
vn 0.05389674 0.17222928 0.98358132
vn 0.00000000 0.00000000 1.00000000
vn 0.07618306 -0.00117966 0.99709315
vn 0.00000000 0.00000000 1.00000000
vn 0.00000000 0.00000000 1.00000000
vn -0.00010898 0.00022527 0.99999997
vn 0.00000000 0.00000000 1.00000000
vn 0.44020891 0.78407530 0.43754091
vn 0.00000000 0.00000000 1.00000000
vn 0.00000000 0.00000000 1.00000000
vn 0.00000000 0.00000000 1.00000000
vn -0.10348015 -0.00216593 0.99462916
vn 0.00000000 0.00000000 1.00000000
vn 0.00000000 0.00000000 1.00000000
vn -0.06430486 0.00201479 0.99792827
vn 0.00000000 0.00000000 1.00000000
vn 0.00000000 0.00000000 1.00000000
vn 0.00000000 0.00000000 1.00000000
vn -0.06522461 0.00318005 0.99786554
vn 0.11768740 0.20950779 0.97069880
vn -0.77612799 0.01153029 0.63046998
vn 0.00000000 0.00000000 1.00000000
vn 0.88716009 -0.02976438 0.46050088
vn 0.00000000 0.00000000 1.00000000
vn 0.00000000 0.00000000 1.00000000
vn 0.00000000 0.00000000 1.00000000
vn 0.00000000 0.00000000 1.00000000
vn 0.14170944 0.00208896 0.98990609
vn 0.00000000 0.00000000 1.00000000
vn 0.20975855 0.01015156 0.97770052
vn 0.00000000 0.00000000 1.00000000
vn 0.00000000 0.00000000 1.00000000
vn 0.00000000 0.00000000 1.00000000
vn 0.00000000 0.00000000 1.00000000
vn 0.00000000 0.00000000 1.00000000
vn 0.00000000 0.00000000 1.00000000
vn 0.00000000 0.00000000 1.00000000
vn 0.00000000 0.00000000 1.00000000
vn 0.00000000 0.00000000 1.00000000
vn -0.11775194 0.00226437 0.99304046
vn 0.00000000 0.00000000 1.00000000
vn 0.00000000 0.00000000 1.00000000
vn 0.00000000 0.00000000 1.00000000
vn 0.31531210 0.01183481 0.94891423
vn 0.00000000 0.00000000 1.00000000
vn 0.86597988 0.04802134 0.49776781
vn 0.00000000 0.00000000 1.00000000
vn -0.04164455 0.00040508 0.99913241
vn 0.00000000 0.00000000 1.00000000
vn 0.00000000 0.00000000 1.00000000
vn 0.00000000 0.00000000 1.00000000
vn 0.00000000 0.00000000 1.00000000
vn 0.00000000 0.00000000 1.00000000
vn 0.00000000 0.00000000 1.00000000
vn -0.20702882 0.00485840 0.97832278
vn 0.00000000 0.00000000 1.00000000
vn -0.84196234 0.01994486 0.53916752
vn 0.84788210 0.01972881 0.52981763
vn 0.14749768 -0.07117822 0.98649789
vn 0.00000000 0.00000000 1.00000000
vn 0.00000000 0.00000000 1.00000000
vn 0.00000000 0.00000000 1.00000000
vn 0.00000000 0.00000000 1.00000000
vn 0.00000000 0.00000000 1.00000000
vn 0.92787747 0.00286630 0.37287421
vn 0.00000000 0.00000000 1.00000000
vn 0.00000000 0.00000000 1.00000000
vn 0.00000000 0.00000000 1.00000000
vn 0.00000000 0.00000000 1.00000000
vn 0.00000000 0.00000000 1.00000000
vn 0.00000000 0.00000000 1.00000000
vn 0.00000000 0.00000000 1.00000000
vn 0.00000000 0.00000000 1.00000000
vn 0.00000000 0.00000000 1.00000000
vn 0.39231161 0.74332252 0.54181475
vn -0.03792093 0.00055880 0.99928059
vn 0.00000000 0.00000000 1.00000000
vn 0.00000000 0.00000000 1.00000000
vn 0.00000000 0.00000000 1.00000000
vn 0.00000000 0.00000000 1.00000000
vn 0.00000000 0.00000000 1.00000000
vn 0.00000000 0.00000000 1.00000000
vn 0.00883752 0.00225627 0.99995840
vn 0.00000000 0.00000000 1.00000000
vn 0.37014125 0.00507506 0.92896162
vn 0.00000000 0.00000000 1.00000000
vn 0.00000000 0.00000000 1.00000000
vn 0.00000000 0.00000000 1.00000000
vn 0.00000000 0.00000000 1.00000000
vn 0.00000000 0.00000000 1.00000000
vn 0.00000000 0.00000000 1.00000000
vn 0.46769984 0.75024609 0.46731967
vn 0.00000000 0.00000000 1.00000000
vn 0.00000000 0.00000000 1.00000000
vn 0.36108954 -0.00360950 0.93252416
vn 0.00000000 0.00000000 1.00000000
vn 0.00000000 0.00000000 1.00000000
vn 0.00000000 0.00000000 1.00000000
vn 0.00000000 0.00000000 1.00000000
vn -0.57750393 -0.00698151 0.81635805
vn 0.00000000 0.00000000 1.00000000
vn 0.00000000 0.00000000 1.00000000
vn 0.00000000 0.00000000 1.00000000
vn 0.00000000 0.00000000 1.00000000
vn 0.00000000 0.00000000 1.00000000
vn 0.00000000 0.00000000 1.00000000
vn 0.00000000 0.00000000 1.00000000
vn 0.00000000 0.00000000 1.00000000
vn 0.00000000 0.00000000 1.00000000
vn 0.00000000 0.00000000 1.00000000
vn 0.00000000 0.00000000 1.00000000
vn -0.00118767 -0.00028958 0.99999925
vn 0.32871684 -0.00216011 0.94442606
vn 0.00000000 0.00000000 1.00000000
vn 0.00000000 0.00000000 1.00000000
vn 0.00000000 0.00000000 1.00000000
vn -0.11476360 -0.00071692 0.99339257
vn 0.07538109 -0.00047291 0.99715469
vn 0.00000000 0.00000000 1.00000000
vn 0.00000000 0.00000000 1.00000000
vn 0.00000000 0.00000000 1.00000000
vn 0.00000000 0.00000000 1.00000000
vn -0.37439648 -0.00324710 0.92726303
vn 0.00000000 0.00000000 1.00000000
vn -0.59617424 0.03752006 0.80197788
vn 0.03100662 0.00074218 0.99951890
vn 0.00000000 0.00000000 1.00000000
vn 0.00000000 0.00000000 1.00000000
vn -0.19667781 0.00565936 0.98045184
vn 0.00000000 0.00000000 1.00000000
vn 0.00000000 0.00000000 1.00000000
vn 0.00000000 0.00000000 1.00000000
vn 0.19446082 -0.00178063 0.98090867
vn 0.12926755 0.00401778 0.99160161
vn 0.00000000 0.00000000 1.00000000
vn 0.00000000 0.00000000 1.00000000
vn 0.00000000 0.00000000 1.00000000
vn 0.00000000 0.00000000 1.00000000
vn 0.00000000 0.00000000 1.00000000
vn 0.41422825 0.03317203 0.90956834
vn 0.00000000 0.00000000 1.00000000
vn 0.00000000 0.00000000 1.00000000
vn 0.00000000 0.00000000 1.00000000
vn 0.00000000 0.00000000 1.00000000
vn 0.00000000 0.00000000 1.00000000
vn 0.00000000 0.00000000 1.00000000
vn 0.00000000 0.00000000 1.00000000
vn 0.00000000 0.00000000 1.00000000
vn 0.00000000 0.00000000 1.00000000
vn -0.10130409 0.00346447 0.99484948
vn 0.00548177 0.00744427 0.99995727
vn -0.52872080 -0.00809664 0.84875718
vn -0.19522339 -0.01283818 0.98067477
vn 0.00000000 0.00000000 1.00000000
vn -0.30784978 -0.00277123 0.95143094
vn 0.00000000 0.00000000 1.00000000
vn 0.00000000 0.00000000 1.00000000
vn 0.00000000 0.00000000 1.00000000
vn 0.00000000 0.00000000 1.00000000
vn 0.91021821 -0.00220947 0.41412308
vn 0.00000000 0.00000000 1.00000000
vn 0.00000000 0.00000000 1.00000000
vn 0.00000000 0.00000000 1.00000000
vn 0.00000000 0.00000000 1.00000000
vn 0.00000000 0.00000000 1.00000000
vn 0.00000000 0.00000000 1.00000000
vn 0.00000000 0.00000000 1.00000000
vn 0.00000000 0.00000000 1.00000000
vn 0.00000000 0.00000000 1.00000000
vn 0.65654423 -0.00738615 0.75425136
vn 0.00000000 0.00000000 1.00000000
vn 0.11149598 -0.00323784 0.99375961
vn 0.00000000 0.00000000 1.00000000
vn 0.00000000 0.00000000 1.00000000
vn 0.00000000 0.00000000 1.00000000
vn 0.00000000 0.00000000 1.00000000
vn 0.00000000 0.00000000 1.00000000
vn 0.00000000 0.00000000 1.00000000
vn 0.00000000 0.00000000 1.00000000
vn 0.00000000 0.00000000 1.00000000
vn 0.00000000 0.00000000 1.00000000
vn 0.00000000 0.00000000 1.00000000
vn 0.00000000 0.00000000 1.00000000
vn 0.00000000 0.00000000 1.00000000
vn 0.00000000 0.00000000 1.00000000
vn 0.00000000 0.00000000 1.00000000
vn 0.00000000 0.00000000 1.00000000
vn 0.00000000 0.00000000 1.00000000
vn 0.00563525 0.03698175 0.99930005
vn 0.00000000 0.00000000 1.00000000
vn 0.00000000 0.00000000 1.00000000
vn 0.00000000 0.00000000 1.00000000
vn 0.00000000 0.00000000 1.00000000
vn 0.00000000 0.00000000 1.00000000
vn 0.00000000 0.00000000 1.00000000
vn 0.00000000 0.00000000 1.00000000
vn 0.00000000 0.00000000 1.00000000
vn 0.00000000 0.00000000 1.00000000
vn 0.00000000 0.00000000 1.00000000
vn 0.00000000 0.00000000 1.00000000
vn 0.00000000 0.00000000 1.00000000
vn 0.00000000 0.00000000 1.00000000
vn 0.00000000 0.00000000 1.00000000
vn -0.16565817 0.00110545 0.98618262
vn 0.00000000 0.00000000 1.00000000
vn 0.00000000 0.00000000 1.00000000
vn 0.00000000 0.00000000 1.00000000
vn 0.00000000 0.00000000 1.00000000
vn -0.44768117 0.00962264 0.89414148
vn 0.00000000 0.00000000 1.00000000
vn 0.00000000 0.00000000 1.00000000
vn 0.00000000 0.00000000 1.00000000
vn 0.00000000 0.00000000 1.00000000
vn 0.00000000 0.00000000 1.00000000
vn -0.34794838 0.57523876 0.74029203
vn 0.00000000 0.00000000 1.00000000
vn -0.27556783 -0.00339774 0.96127562
vn 0.00000000 0.00000000 1.00000000
vn 0.00000000 0.00000000 1.00000000
vn 0.00000000 0.00000000 1.00000000
vn 0.00000000 0.00000000 1.00000000
vn -0.25271754 0.02812140 0.96713134
vn -0.01716851 0.00019388 0.99985259
vn -0.05320338 -0.00913490 0.99854191
vn -0.00028965 0.00005054 0.99999996
vn 0.00000000 0.00000000 1.00000000
vn 0.00000000 0.00000000 1.00000000
vn -0.92655524 -0.02272708 0.37547154
vn 0.00000000 0.00000000 1.00000000
vn 0.00000000 0.00000000 1.00000000
vn 0.00000000 0.00000000 1.00000000
vn 0.00000000 0.00000000 1.00000000
vn 0.00000000 0.00000000 1.00000000
vn 0.00000000 0.00000000 1.00000000
vn 0.00000000 0.00000000 1.00000000
vn -0.22567059 0.44087397 0.86873640
vn -0.31624778 0.00365231 0.94866960
vn 0.39464701 0.01736616 0.91866869
vn 0.00000000 0.00000000 1.00000000
vn -0.40436502 -0.01632051 0.91445206
vn 0.00000000 0.00000000 1.00000000
vn 0.00000000 0.00000000 1.00000000
vn 0.00000000 0.00000000 1.00000000
vn 0.00543033 0.00020960 0.99998523
vn 0.00000000 0.00000000 1.00000000
vn 0.00000000 0.00000000 1.00000000
vn 0.00000000 0.00000000 1.00000000
vn 0.00000000 0.00000000 1.00000000
vn 0.80018366 0.02010868 0.59941784
vn 0.00000000 0.00000000 1.00000000
vn 0.62673479 -0.02025686 0.77896929
vn 0.00000000 0.00000000 1.00000000
vn 0.00000000 0.00000000 1.00000000
vn 0.00000000 0.00000000 1.00000000
vn -0.06472424 0.00085470 0.99790282
vn 0.00000000 0.00000000 1.00000000
vn 0.00000000 0.00000000 1.00000000
vn 0.25236260 0.52027606 0.81585902
vn 0.00000000 0.00000000 1.00000000
vn -0.07171037 -0.00136367 0.99742456
vn 0.00000000 0.00000000 1.00000000
vn 0.00000000 0.00000000 1.00000000
vn 0.00000000 0.00000000 1.00000000
vn 0.00000000 0.00000000 1.00000000
vn -0.45431511 -0.00978863 0.89078727
vn 0.00000000 0.00000000 1.00000000
vn 0.00000000 0.00000000 1.00000000
vn 0.00000000 0.00000000 1.00000000
vn 0.00000000 0.00000000 1.00000000
vn 0.00000000 0.00000000 1.00000000
vn 0.00000000 0.00000000 1.00000000
vn 0.60060429 0.01289260 0.79944248
vn 0.00000000 0.00000000 1.00000000
vn 0.00000000 0.00000000 1.00000000
vn 0.00000000 0.00000000 1.00000000
vn 0.00000000 0.00000000 1.00000000
vn -0.08868717 -0.00572643 0.99604307
vn 0.00000000 0.00000000 1.00000000
vn -0.33044742 -0.00221776 0.94382180
vn 0.85082929 0.00731587 0.52539128
vn 0.00000000 0.00000000 1.00000000
vn -0.00000024 0.00000008 1.00000000
vn 0.00000000 0.00000000 1.00000000
vn 0.00000000 0.00000000 1.00000000
vn 0.00000000 0.00000000 1.00000000
vn 0.00000000 0.00000000 1.00000000
vn 0.00000000 0.00000000 1.00000000
vn 0.00000000 0.00000000 1.00000000
vn 0.00000000 0.00000000 1.00000000
vn 0.00000000 0.00000000 1.00000000
vn 0.00000000 0.00000000 1.00000000
vn 0.00000000 0.00000000 1.00000000
vn 0.00000000 0.00000000 1.00000000
vn 0.00000000 0.00000000 1.00000000
vn 0.00000000 0.00000000 1.00000000
vn 0.00000000 0.00000000 1.00000000
vn 0.00000000 0.00000000 1.00000000
vn 0.00000000 0.00000000 1.00000000
vn 0.00000000 0.00000000 1.00000000
vn -0.27256056 0.00148256 0.96213749
vn -0.51273111 -0.00836608 0.85850848
vn 0.00000000 0.00000000 1.00000000
vn 0.00000000 0.00000000 1.00000000
vn 0.00000000 0.00000000 1.00000000
vn -0.90269161 0.00113823 0.43028661
vn 0.00000000 0.00000000 1.00000000
vn 0.00000000 0.00000000 1.00000000
vn 0.04837233 0.15888152 0.98611195
vn 0.00000000 0.00000000 1.00000000
vn 0.00000000 0.00000000 1.00000000
vn 0.00000000 0.00000000 1.00000000
vn 0.05413106 0.00079056 0.99853353
vn 0.00000000 0.00000000 1.00000000
vn 0.00000000 0.00000000 1.00000000
vn 0.00000000 0.00000000 1.00000000
vn -0.00400635 -0.00010119 0.99999197
vn 0.00000000 0.00000000 1.00000000
vn 0.00000000 0.00000000 1.00000000
vn 0.00445846 0.00019601 0.99999004
vn 0.00000000 0.00000000 1.00000000
vn 0.00000000 0.00000000 1.00000000
vn 0.00000000 0.00000000 1.00000000
vn 0.00000000 0.00000000 1.00000000
vn 0.00000000 0.00000000 1.00000000
vn -0.34997651 0.00417636 0.93674917
vn 0.00000000 0.00000000 1.00000000
vn 0.00000000 0.00000000 1.00000000
vn 0.00000000 0.00000000 1.00000000
vn 0.00000000 0.00000000 1.00000000
vn 0.00000000 0.00000000 1.00000000
vn 0.00000000 0.00000000 1.00000000
vn 0.00000000 0.00000000 1.00000000
vn 0.00000000 0.00000000 1.00000000
vn 0.00000000 0.00000000 1.00000000
vn 0.04945442 0.00465163 0.99876555
vn -0.08893483 -0.00251399 0.99603427
vn 0.00000000 0.00000000 1.00000000
vn 0.00000000 0.00000000 1.00000000
vn 0.00000000 0.00000000 1.00000000
vn 0.00000000 0.00000000 1.00000000
vn 0.00000000 0.00000000 1.00000000
vn 0.00000000 0.00000000 1.00000000
vn 0.00000000 0.00000000 1.00000000
vn 0.00000000 0.00000000 1.00000000
vn 0.00000000 0.00000000 1.00000000
vn 0.11605507 -0.00214998 0.99324045
vn 0.00000000 0.00000000 1.00000000
vn 0.00000000 0.00000000 1.00000000
vn 0.00000000 0.00000000 1.00000000
vn -0.03941920 -0.00554410 0.99920738
vn 0.00000000 0.00000000 1.00000000
vn 0.00000000 0.00000000 1.00000000
vn 0.00000000 0.00000000 1.00000000
vn 0.00000000 0.00000000 1.00000000
vn 0.00000000 0.00000000 1.00000000
vn 0.00000000 0.00000000 1.00000000
vn 0.05902099 0.08514564 0.99461889
vn 0.00000000 0.00000000 1.00000000
vn 0.00000000 0.00000000 1.00000000
vn 0.00000000 0.00000000 1.00000000
vn 0.00000000 0.00000000 1.00000000
vn 0.01923187 0.00141953 0.99981404
vn 0.00000000 0.00000000 1.00000000
vn 0.00000000 0.00000000 1.00000000
vn 0.00000000 0.00000000 1.00000000
vn 0.79404633 -0.01111463 0.60775561
vn 0.00000000 0.00000000 1.00000000
vn 0.00000000 0.00000000 1.00000000
vn 0.00000000 0.00000000 1.00000000
vn 0.00000000 0.00000000 1.00000000
vn 0.00000000 0.00000000 1.00000000
vn 0.00000000 0.00000000 1.00000000
vn 0.00000000 0.00000000 1.00000000
vn 0.00000000 0.00000000 1.00000000
vn 0.37777795 0.00203654 0.92589399
vn 0.03747061 -0.00383491 0.99929037
vn 0.60079746 0.04392873 0.79819339
vn 0.00908158 -0.00054037 0.99995862
vn 0.00000000 0.00000000 1.00000000
vn 0.00000000 0.00000000 1.00000000
vn 0.00000000 0.00000000 1.00000000
vn 0.00000000 0.00000000 1.00000000
vn -0.86908727 0.01820060 0.49432383
vn 0.00000000 0.00000000 1.00000000
vn 0.00000000 0.00000000 1.00000000
vn 0.00000000 0.00000000 1.00000000
vn 0.00000000 0.00000000 1.00000000
vn 0.00000000 0.00000000 1.00000000
vn 0.00000000 0.00000000 1.00000000
vn 0.00000000 0.00000000 1.00000000
vn 0.00000000 0.00000000 1.00000000
vn 0.00000000 0.00000000 1.00000000
vn 0.00000000 0.00000000 1.00000000
vn -0.26448824 -0.00712882 0.96436256
vn 0.00000000 0.00000000 1.00000000
vn 0.12845020 0.00380248 0.99170867
vn 0.00000000 0.00000000 1.00000000
vn 0.70937924 0.03091071 0.70414886
vn 0.00000000 0.00000000 1.00000000
vn 0.03027016 0.00049610 0.99954163
vn 0.00000000 0.00000000 1.00000000
vn 0.00000000 0.00000000 1.00000000
vn 0.22490847 -0.00090313 0.97437948
vn 0.85087401 0.06352989 0.52151450
vn 0.00000000 0.00000000 1.00000000
vn 0.76124623 0.04482544 0.64691178
vn 0.00000000 0.00000000 1.00000000
vn 0.00000000 0.00000000 1.00000000
vn 0.00000000 0.00000000 1.00000000
vn 0.00000000 0.00000000 1.00000000
vn 0.00000000 0.00000000 1.00000000
vn 0.00000000 0.00000000 1.00000000
vn 0.00000000 0.00000000 1.00000000
vn 0.00000000 0.00000000 1.00000000
vn 0.00000000 0.00000000 1.00000000
vn 0.00000000 0.00000000 1.00000000
vn 0.00000000 0.00000000 1.00000000
vn 0.00000000 0.00000000 1.00000000
vn 0.00000000 0.00000000 1.00000000
vn 0.00000000 0.00000000 1.00000000
vn 0.00000000 0.00000000 1.00000000
vn -0.32498433 0.58203554 0.74539910
vn 0.00000000 0.00000000 1.00000000
vn 0.00000000 0.00000000 1.00000000
vn 0.00000000 0.00000000 1.00000000
vn 0.00000000 0.00000000 1.00000000
vn 0.00000000 0.00000000 1.00000000
vn 0.00000000 0.00000000 1.00000000
vn -0.79643048 -0.00070705 0.60472968
vn 0.00000000 0.00000000 1.00000000
vn 0.00000000 0.00000000 1.00000000
vn 0.01910124 -0.00053984 0.99981741
vn 0.46511739 0.02312473 0.88494693
vn 0.00000000 0.00000000 1.00000000
vn 0.00000000 0.00000000 1.00000000
vn 0.00000000 0.00000000 1.00000000
vn 0.00000000 0.00000000 1.00000000
vn 0.00000000 0.00000000 1.00000000
vn 0.00000000 0.00000000 1.00000000
vn 0.36904192 0.65656402 0.65782349
vn 0.00000000 0.00000000 1.00000000
vn 0.00000000 0.00000000 1.00000000
vn 0.00000000 0.00000000 1.00000000
vn 0.00000000 0.00000000 1.00000000
vn -0.06730319 -0.00023498 0.99773254
vn 0.00000000 0.00000000 1.00000000
vn 0.00000000 0.00000000 1.00000000
vn 0.00000000 0.00000000 1.00000000
vn 0.00000000 0.00000000 1.00000000
vn 0.57105102 -0.01116374 0.82083866
vn 0.00000000 0.00000000 1.00000000
vn 0.00000000 0.00000000 1.00000000
vn 0.00000000 0.00000000 1.00000000
vn 0.00000000 0.00000000 1.00000000
vn 0.00000000 0.00000000 1.00000000
vn 0.00000000 0.00000000 1.00000000
vn 0.00000000 0.00000000 1.00000000
vn 0.00000000 0.00000000 1.00000000
vn 0.00000000 0.00000000 1.00000000
vn 0.00000000 0.00000000 1.00000000
vn 0.00000000 0.00000000 1.00000000
vn 0.00000000 0.00000000 1.00000000
vn 0.00000000 0.00000000 1.00000000
vn 0.00000000 0.00000000 1.00000000
vn 0.00000000 0.00000000 1.00000000
vn 0.00000000 0.00000000 1.00000000
vn 0.00000000 0.00000000 1.00000000
vn 0.00000000 0.00000000 1.00000000
vn 0.00000000 0.00000000 1.00000000
vn 0.00000000 0.00000000 1.00000000
vn 0.00000000 0.00000000 1.00000000
vn 0.00000000 0.00000000 1.00000000
vn 0.00000000 0.00000000 1.00000000
vn -0.42095883 0.00935331 0.90703152
vn -0.00041732 0.00010780 0.99999991
vn 0.00000000 0.00000000 1.00000000
vn 0.00000000 0.00000000 1.00000000
vn -0.24030485 0.00278132 0.97069349
vn 0.00000000 0.00000000 1.00000000
vn -0.15366801 0.29748038 0.94227998
vn 0.00000000 0.00000000 1.00000000
vn 0.00000000 0.00000000 1.00000000
vn 0.00000000 0.00000000 1.00000000
vn 0.88144609 0.00247262 0.47227818
vn -0.06120246 0.09876773 0.99322666
vn 0.00000000 0.00000000 1.00000000
vn 0.04408453 -0.00115035 0.99902714
vn 0.00000000 0.00000000 1.00000000
vn 0.00111486 0.00021024 0.99999936
vn 0.00000000 0.00000000 1.00000000
vn 0.00000000 0.00000000 1.00000000
vn 0.00000000 0.00000000 1.00000000
vn 0.10103556 -0.00291008 0.99487856
vn -0.53847068 0.00052330 0.84264408
vn 0.00000000 0.00000000 1.00000000
vn 0.49459912 0.00205976 0.86911879
vn 0.33155779 0.59545828 0.73177788
vn 0.00000000 0.00000000 1.00000000
vn -0.83753841 0.00600877 0.54634541
vn -0.42781810 -0.00562089 0.90384738
vn 0.00000000 0.00000000 1.00000000
vn -0.19403648 -0.00418878 0.98098537
vn -0.25940430 0.00109131 0.96576820
vn 0.00000000 0.00000000 1.00000000
vn 0.00000000 0.00000000 1.00000000
vn 0.07641300 0.00022237 0.99707623
vn -0.79994908 0.02040918 0.59972071
vn 0.00000000 0.00000000 1.00000000
vn 0.00000000 0.00000000 1.00000000
vn 0.00000000 0.00000000 1.00000000
vn 0.00000000 0.00000000 1.00000000
vn 0.00000000 0.00000000 1.00000000
vn 0.00000000 0.00000000 1.00000000
vn 0.01930584 -0.00476418 0.99980227
vn 0.00000000 0.00000000 1.00000000
vn 0.00000000 0.00000000 1.00000000
vn 0.00000000 0.00000000 1.00000000
vn 0.00000000 0.00000000 1.00000000
vn 0.00000000 0.00000000 1.00000000
vn 0.00000000 0.00000000 1.00000000
vn 0.00000000 0.00000000 1.00000000
vn 0.00000000 0.00000000 1.00000000
vn 0.00000000 0.00000000 1.00000000
vn 0.00000000 0.00000000 1.00000000
vn 0.00000000 0.00000000 1.00000000
vn 0.30955723 0.00766499 0.95084992
vn 0.00000000 0.00000000 1.00000000
vn 0.00000000 0.00000000 1.00000000
vn 0.00000000 0.00000000 1.00000000
vn 0.24938732 -0.00391173 0.96839592
vn 0.33915553 -0.02200697 0.94047287
vn 0.00000000 0.00000000 1.00000000
vn 0.00000000 0.00000000 1.00000000
vn 0.00000000 0.00000000 1.00000000
vn 0.00000000 0.00000000 1.00000000
vn 0.00000000 0.00000000 1.00000000
vn 0.00000000 0.00000000 1.00000000
vn 0.00000000 0.00000000 1.00000000
vn 0.00000000 0.00000000 1.00000000
vn 0.14685340 0.36047516 0.92113611
vn 0.00000000 0.00000000 1.00000000
vn 0.73243110 0.01283318 0.68072020
vn -0.21215618 -0.00261640 0.97723227
vn 0.00000000 0.00000000 1.00000000
vn 0.00000000 0.00000000 1.00000000
vn 0.00000000 0.00000000 1.00000000
vn -0.86567588 0.02692132 0.49988049
vn 0.00000000 0.00000000 1.00000000
vn 0.11001814 0.18945774 0.97570578
vn 0.00000000 0.00000000 1.00000000
vn 0.00000000 0.00000000 1.00000000
vn 0.00000000 0.00000000 1.00000000
vn 0.00000000 0.00000000 1.00000000
vn 0.00000000 0.00000000 1.00000000
vn 0.00000000 0.00000000 1.00000000
vn 0.80767316 -0.00071729 0.58963001
vn -0.00878501 -0.00309286 0.99995663
vn 0.00000000 0.00000000 1.00000000
vn 0.00000000 0.00000000 1.00000000
vn 0.00000000 0.00000000 1.00000000
vn 0.00000000 0.00000000 1.00000000
vn -0.86173116 0.00113944 0.50736387
vn 0.00000000 0.00000000 1.00000000
vn 0.00000000 0.00000000 1.00000000
vn -0.44264362 0.02986279 0.89620022
vn 0.02118670 0.04172882 0.99890431
vn 0.00000000 0.00000000 1.00000000
vn 0.00000000 0.00000000 1.00000000
vn 0.33058819 0.00593438 0.94375645
vn -0.53087394 0.01063979 0.84738401
vn 0.00000000 0.00000000 1.00000000
vn -0.23090583 -0.00013259 0.97297610
vn 0.00000000 0.00000000 1.00000000
vn 0.00000000 0.00000000 1.00000000
vn 0.00000000 0.00000000 1.00000000
vn 0.00000000 0.00000000 1.00000000
vn 0.55323625 0.00794783 0.83298648
vn 0.00000000 0.00000000 1.00000000
vn 0.00000000 0.00000000 1.00000000
vn 0.00000000 0.00000000 1.00000000
vn 0.00000000 0.00000000 1.00000000
vn 0.00000000 0.00000000 1.00000000
vn 0.04853692 0.06049215 0.99698790
vn 0.00000000 0.00000000 1.00000000
vn 0.00000000 0.00000000 1.00000000
vn -0.01731798 0.00108390 0.99984944
vn 0.00000000 0.00000000 1.00000000
vn -0.31157670 0.01229416 0.95014147
vn 0.00000000 0.00000000 1.00000000
vn 0.00000000 0.00000000 1.00000000
vn -0.19207679 -0.00070830 0.98137964
vn 0.00000000 0.00000000 1.00000000
vn 0.00000000 0.00000000 1.00000000
vn 0.00000000 0.00000000 1.00000000
vn 0.06500317 -0.00435076 0.99787557
vn 0.87893024 0.09959579 0.46643576
vn 0.00000000 0.00000000 1.00000000
vn -0.15652993 0.00014029 0.98767321
vn -0.86386653 0.02453290 0.50312300
vn 0.00000000 0.00000000 1.00000000
vn -0.78941458 0.02480374 0.61335911
vn -0.31362805 0.00500410 0.94953273
vn 0.01783693 0.00010761 0.99984090
vn 0.00000000 0.00000000 1.00000000
vn 0.00000000 0.00000000 1.00000000
vn 0.14936574 0.00388716 0.98877438
vn 0.29894589 0.53490552 0.79025783
vn 0.00000000 0.00000000 1.00000000
vn 0.00000000 0.00000000 1.00000000
vn 0.00000000 0.00000000 1.00000000
vn 0.00000000 0.00000000 1.00000000
vn 0.00000000 0.00000000 1.00000000
vn 0.00000000 0.00000000 1.00000000
vn 0.00000000 0.00000000 1.00000000
vn 0.00000000 0.00000000 1.00000000
vn 0.27176660 0.00235162 0.96236032
vn 0.38868654 0.77445310 0.49914444
vn -0.01899765 0.00284141 0.99981549
vn 0.00000000 0.00000000 1.00000000
vn 0.00000000 0.00000000 1.00000000
vn 0.44045832 -0.02014602 0.89754699
vn -0.34157977 -0.00446966 0.93984216
vn 0.00000000 0.00000000 1.00000000
vn 0.00000000 0.00000000 1.00000000
vn 0.00000000 0.00000000 1.00000000
vn 0.00000000 0.00000000 1.00000000
vn 0.00000000 0.00000000 1.00000000
vn 0.00000000 0.00000000 1.00000000
vn 0.00000000 0.00000000 1.00000000
vn 0.00000000 0.00000000 1.00000000
vn 0.00000000 0.00000000 1.00000000
vn 0.85618394 0.00215341 0.51666665
vn 0.00000000 0.00000000 1.00000000
vn 0.00000000 0.00000000 1.00000000
vn -0.01160739 -0.00133521 0.99993174
vn 0.00000000 0.00000000 1.00000000
vn 0.00000000 0.00000000 1.00000000
vn 0.00000000 0.00000000 1.00000000
vn 0.00000000 0.00000000 1.00000000
vn 0.00000000 0.00000000 1.00000000
vn 0.00000000 0.00000000 1.00000000
vn 0.00000000 0.00000000 1.00000000
vn 0.00000000 0.00000000 1.00000000
vn 0.00000000 0.00000000 1.00000000
vn -0.02422750 -0.02243289 0.99945475
vn 0.00000000 0.00000000 1.00000000
vn 0.00000000 0.00000000 1.00000000
vn 0.00000000 0.00000000 1.00000000
vn 0.00000000 0.00000000 1.00000000
vn 0.00000000 0.00000000 1.00000000
vn 0.00000000 0.00000000 1.00000000
vn 0.00000000 0.00000000 1.00000000
vn 0.00000000 0.00000000 1.00000000
vn 0.00000000 0.00000000 1.00000000
vn 0.00000000 0.00000000 1.00000000
vn 0.00000000 0.00000000 1.00000000
vn -0.89211651 -0.06749534 0.44673539
vn 0.09784903 -0.00084063 0.99520091
vn 0.00000000 0.00000000 1.00000000
vn 0.00000000 0.00000000 1.00000000
vn 0.00000000 0.00000000 1.00000000
vn 0.00000000 0.00000000 1.00000000
vn 0.51386721 0.01466838 0.85774432
vn 0.50843315 0.00778853 0.86106624
vn 0.00000000 0.00000000 1.00000000
vn 0.00000000 0.00000000 1.00000000
vn 0.00000000 0.00000000 1.00000000
vn 0.02296623 0.00201012 0.99973422
vn 0.00000000 0.00000000 1.00000000
vn 0.00000000 0.00000000 1.00000000
vn 0.00000000 0.00000000 1.00000000
vn 0.00000000 0.00000000 1.00000000
vn 0.00000000 0.00000000 1.00000000
vn -0.10401517 0.01820580 0.99440907
vn 0.81750604 -0.00690829 0.57587859
vn 0.00000000 0.00000000 1.00000000
vn 0.00000000 0.00000000 1.00000000
vn 0.00000000 0.00000000 1.00000000
vn 0.00000000 0.00000000 1.00000000
vn 0.00000000 0.00000000 1.00000000
vn 0.00000000 0.00000000 1.00000000
vn -0.84780388 0.01460614 0.53010871
vn 0.00000000 0.00000000 1.00000000
vn 0.00000000 0.00000000 1.00000000
vn 0.00000000 0.00000000 1.00000000
vn 0.00000000 0.00000000 1.00000000
vn 0.24283127 0.00953596 0.97002167
vn 0.00000000 0.00000000 1.00000000
vn 0.00000000 0.00000000 1.00000000
vn 0.00000000 0.00000000 1.00000000
vn 0.00000000 0.00000000 1.00000000
vn 0.00000000 0.00000000 1.00000000
vn 0.00000000 0.00000000 1.00000000
vn 0.00000000 0.00000000 1.00000000
vn 0.00000000 0.00000000 1.00000000
vn 0.00000000 0.00000000 1.00000000
vn 0.00000000 0.00000000 1.00000000
vn -0.63342501 0.00697676 0.77377263
vn 0.00000000 0.00000000 1.00000000
vn 0.38183345 0.01058153 0.92417057
vn 0.00000000 0.00000000 1.00000000
vn 0.00000000 0.00000000 1.00000000
vn 0.00000000 0.00000000 1.00000000
vn 0.00000000 0.00000000 1.00000000
vn 0.00000000 0.00000000 1.00000000
vn 0.00000000 0.00000000 1.00000000
vn -0.17035410 0.00079773 0.98538259
vn 0.00247601 -0.00072228 0.99999667
vn 0.00000000 0.00000000 1.00000000
vn 0.00000000 0.00000000 1.00000000
vn 0.00000000 0.00000000 1.00000000
vn 0.00000000 0.00000000 1.00000000
vn 0.00000000 0.00000000 1.00000000
vn 0.00000000 0.00000000 1.00000000
vn -0.05415921 0.00170068 0.99853086
vn -0.50553941 -0.01598183 0.86265549
vn 0.53116350 0.01325940 0.84716558
vn 0.00000000 0.00000000 1.00000000
vn 0.00000000 0.00000000 1.00000000
vn 0.00000000 0.00000000 1.00000000
vn 0.00000000 0.00000000 1.00000000
vn 0.00000000 0.00000000 1.00000000
vn 0.00000000 0.00000000 1.00000000
vn 0.00000000 0.00000000 1.00000000
vn 0.00000000 0.00000000 1.00000000
vn 0.00000000 0.00000000 1.00000000
vn -0.00439108 0.00084520 0.99999000
vn -0.88073659 0.00523346 0.47357752
vn 0.00000000 0.00000000 1.00000000
vn 0.00000000 0.00000000 1.00000000
vn 0.00000000 0.00000000 1.00000000
vn 0.00000000 0.00000000 1.00000000
vn 0.00000000 0.00000000 1.00000000
vn 0.00000000 0.00000000 1.00000000
vn 0.00000000 0.00000000 1.00000000
vn 0.00000000 0.00000000 1.00000000
vn -0.13310466 0.22839242 0.96442732
vn 0.00000000 0.00000000 1.00000000
vn 0.00000000 0.00000000 1.00000000
vn 0.00000000 0.00000000 1.00000000
vn 0.00000000 0.00000000 1.00000000
vn 0.00000000 0.00000000 1.00000000
vn 0.00000000 0.00000000 1.00000000
vn -0.02072600 -0.00756937 0.99975654
vn 0.00000000 0.00000000 1.00000000
vn 0.89805653 0.01477349 0.43963190
vn 0.00000000 0.00000000 1.00000000
vn -0.25107871 0.00646107 0.96794511
vn 0.05054743 0.00605274 0.99870332
vn 0.00000000 0.00000000 1.00000000
vn 0.00000000 0.00000000 1.00000000
vn -0.85609410 0.01196543 0.51668146
vn 0.00000000 0.00000000 1.00000000
vn -0.00154411 -0.00215212 0.99999649
vn 0.00000000 0.00000000 1.00000000
vn 0.00000000 0.00000000 1.00000000
vn 0.00000000 0.00000000 1.00000000
vn 0.00000000 0.00000000 1.00000000
vn 0.34252695 0.02162651 0.93925906
vn -0.00508060 0.00096000 0.99998663
vn 0.00000000 0.00000000 1.00000000
vn 0.00000000 0.00000000 1.00000000
vn -0.00166059 0.00464674 0.99998783
vn 0.40115517 0.00832158 0.91597232
vn 0.00000000 0.00000000 1.00000000
vn 0.00000000 0.00000000 1.00000000
vn 0.00000000 0.00000000 1.00000000
vn 0.00000000 0.00000000 1.00000000
vn 0.00000000 0.00000000 1.00000000
vn 0.00000000 0.00000000 1.00000000
vn 0.00000000 0.00000000 1.00000000
vn -0.06970144 -0.04563194 0.99652368
vn -0.80867424 0.03520639 0.58720225
vn 0.00000000 0.00000000 1.00000000
vn -0.10788774 -0.00020345 0.99416306
vn 0.00000000 0.00000000 1.00000000
vn 0.00000000 0.00000000 1.00000000
vn 0.00000000 0.00000000 1.00000000
vn 0.00000000 0.00000000 1.00000000
vn 0.00000000 0.00000000 1.00000000
vn 0.00000000 0.00000000 1.00000000
vn 0.00000000 0.00000000 1.00000000
vn 0.00000000 0.00000000 1.00000000
vn 0.00000000 0.00000000 1.00000000
vn 0.00000000 0.00000000 1.00000000
vn 0.00000000 0.00000000 1.00000000
vn 0.00000000 0.00000000 1.00000000
vn 0.85950820 -0.06761261 0.50663023
vn 0.00000000 0.00000000 1.00000000
vn 0.72650657 0.02378971 0.68674759
vn 0.00000000 0.00000000 1.00000000
vn 0.00000000 0.00000000 1.00000000
vn -0.78190517 0.00488491 0.62337825
vn 0.00000000 0.00000000 1.00000000
vn -0.00203792 -0.00043762 0.99999783
vn 0.00000000 0.00000000 1.00000000
vn 0.00000000 0.00000000 1.00000000
vn -0.02457565 0.00099286 0.99969748
vn 0.00000000 0.00000000 1.00000000
vn 0.00000000 0.00000000 1.00000000
vn 0.00000000 0.00000000 1.00000000
vn 0.00000000 0.00000000 1.00000000
vn -0.41467473 0.72672482 0.54764578
vn 0.00000000 0.00000000 1.00000000
vn 0.00000000 0.00000000 1.00000000
vn -0.44578367 0.00124613 0.89513986
vn 0.00000000 0.00000000 1.00000000
vn 0.00000000 0.00000000 1.00000000
vn 0.00000000 0.00000000 1.00000000
vn 0.00000000 0.00000000 1.00000000
vn -0.20833766 0.44656195 0.87015966
vn 0.00000000 0.00000000 1.00000000
vn 0.00000000 0.00000000 1.00000000
vn 0.00000000 0.00000000 1.00000000
vn 0.00000000 0.00000000 1.00000000
vn 0.00000000 0.00000000 1.00000000
vn 0.00000000 0.00000000 1.00000000
vn 0.00000000 0.00000000 1.00000000
vn 0.00000000 0.00000000 1.00000000
vn 0.00000000 0.00000000 1.00000000
vn 0.02220749 -0.00166998 0.99975199
vn -0.00508296 0.00183548 0.99998540
vn 0.00000000 0.00000000 1.00000000
vn 0.00000000 0.00000000 1.00000000
vn 0.00000000 0.00000000 1.00000000
vn 0.00000000 0.00000000 1.00000000
vn 0.00000000 0.00000000 1.00000000
vn -0.70837505 -0.00458741 0.70582133
vn 0.00000000 0.00000000 1.00000000
vn 0.00000000 0.00000000 1.00000000
vn 0.00000000 0.00000000 1.00000000
vn 0.00000000 0.00000000 1.00000000
vn 0.00000000 0.00000000 1.00000000
vn 0.01996649 0.03646919 0.99913529
vn 0.00000000 0.00000000 1.00000000
vn 0.00000000 0.00000000 1.00000000
vn 0.03866556 0.00194571 0.99925031
vn 0.00000000 0.00000000 1.00000000
vn 0.00000000 0.00000000 1.00000000
vn 0.00000000 0.00000000 1.00000000
vn 0.00000000 0.00000000 1.00000000
vn 0.00000000 0.00000000 1.00000000
vn 0.00000000 0.00000000 1.00000000
vn 0.00000000 0.00000000 1.00000000
vn 0.00000000 0.00000000 1.00000000
vn 0.52730552 0.01112190 0.84960296
vn 0.00000000 0.00000000 1.00000000
vn 0.00000000 0.00000000 1.00000000
vn -0.35897626 0.01783260 0.93317632
vn -0.34453533 0.00744841 0.93874380
vn 0.00000000 0.00000000 1.00000000
vn 0.00000000 0.00000000 1.00000000
vn -0.14775466 0.00901965 0.98898291
vn -0.19003996 -0.00128392 0.98177552
vn 0.00000000 0.00000000 1.00000000
vn 0.00000000 0.00000000 1.00000000
vn 0.01426129 -0.00218939 0.99989591
vn 0.00000000 0.00000000 1.00000000
vn 0.00000000 0.00000000 1.00000000
vn 0.00000000 0.00000000 1.00000000
vn -0.00079581 0.00001196 0.99999968
vn 0.00000000 0.00000000 1.00000000
vn 0.00000000 0.00000000 1.00000000
vn 0.00000000 0.00000000 1.00000000
vn 0.00000000 0.00000000 1.00000000
vn 0.14303599 -0.00422370 0.98970848
vn 0.38511068 0.02328849 0.92257651
vn 0.85828104 0.00940963 0.51309367
vn -0.00011198 0.00050131 0.99999987
vn 0.00000000 0.00000000 1.00000000
vn 0.00000000 0.00000000 1.00000000
vn 0.00000000 0.00000000 1.00000000
vn 0.00000000 0.00000000 1.00000000
vn 0.00000000 0.00000000 1.00000000
vn -0.02527790 -0.00170150 0.99967901
vn 0.00000000 0.00000000 1.00000000
vn 0.00000000 0.00000000 1.00000000
vn 0.01649028 -0.00000592 0.99986403
vn 0.00000000 0.00000000 1.00000000
vn 0.00000000 0.00000000 1.00000000
vn -0.74711915 0.01044806 0.66460802
vn 0.00000000 0.00000000 1.00000000
vn 0.00000000 0.00000000 1.00000000
vn 0.00000000 0.00000000 1.00000000
vn 0.61360892 -0.00014991 0.78961007
vn 0.00000000 0.00000000 1.00000000
vn 0.00000000 0.00000000 1.00000000
vn 0.01877662 0.03186433 0.99931582
vn 0.00000000 0.00000000 1.00000000
vn 0.00000000 0.00000000 1.00000000
vn 0.00000000 0.00000000 1.00000000
vn 0.89318742 0.03253936 0.44850577
vn 0.00000000 0.00000000 1.00000000
vn 0.00000000 0.00000000 1.00000000
vn 0.00000000 0.00000000 1.00000000
vn 0.00000000 0.00000000 1.00000000
vn 0.00000000 0.00000000 1.00000000
vn 0.00000000 0.00000000 1.00000000
vn 0.00000000 0.00000000 1.00000000
vn 0.00000000 0.00000000 1.00000000
vn 0.00000000 0.00000000 1.00000000
vn 0.00000000 0.00000000 1.00000000
vn 0.00000000 0.00000000 1.00000000
vn 0.88963052 -0.03842131 0.45506191
vn 0.00000000 0.00000000 1.00000000
vn 0.02696016 -0.00145007 0.99963546
vn -0.03035635 0.00346677 0.99953313
vn 0.00000000 0.00000000 1.00000000
vn 0.00000000 0.00000000 1.00000000
vn 0.00000000 0.00000000 1.00000000
vn 0.00000000 0.00000000 1.00000000
vn 0.00000000 0.00000000 1.00000000
vn -0.09316103 0.00683625 0.99562759
vn 0.00000000 0.00000000 1.00000000
vn 0.00000000 0.00000000 1.00000000
vn 0.08320780 -0.00989852 0.99648306
vn 0.00000000 0.00000000 1.00000000
vn 0.00000000 0.00000000 1.00000000
vn -0.80791181 0.01889693 0.58900035
vn 0.00000000 0.00000000 1.00000000
vn 0.00000000 0.00000000 1.00000000
vn 0.00000000 0.00000000 1.00000000
vn 0.00000000 0.00000000 1.00000000
vn 0.00000000 0.00000000 1.00000000
vn 0.00000000 0.00000000 1.00000000
vn -0.00185166 0.00270103 0.99999464
vn 0.00000000 0.00000000 1.00000000
vn 0.00000000 0.00000000 1.00000000
vn 0.00000000 0.00000000 1.00000000
vn 0.44660019 0.00403613 0.89472453
vn 0.00000000 0.00000000 1.00000000
vn 0.00000000 0.00000000 1.00000000
vn 0.00000000 0.00000000 1.00000000
vn 0.00000000 0.00000000 1.00000000
vn 0.00000000 0.00000000 1.00000000
vn 0.00000000 0.00000000 1.00000000
vn 0.00000000 0.00000000 1.00000000
vn 0.00000000 0.00000000 1.00000000
vn 0.00000000 0.00000000 1.00000000
vn 0.95864201 0.01959884 0.28393904
vn 0.00000000 0.00000000 1.00000000
vn 0.00000000 0.00000000 1.00000000
vn 0.00000000 0.00000000 1.00000000
vn 0.55301149 0.00667911 0.83314686
vn -0.87603791 -0.02137892 0.48176813
vn 0.00000000 0.00000000 1.00000000
vn 0.00000000 0.00000000 1.00000000
vn 0.26205918 0.48347159 0.83521268
vn 0.00000000 0.00000000 1.00000000
vn 0.00000000 0.00000000 1.00000000
vn -0.58570394 0.02208605 0.81022411
vn -0.90322019 -0.06797243 0.42376060
vn 0.00000000 0.00000000 1.00000000
vn -0.68462477 -0.00496044 0.72887881
vn 0.00000000 0.00000000 1.00000000
vn 0.00000000 0.00000000 1.00000000
vn 0.00000000 0.00000000 1.00000000
vn 0.00000000 0.00000000 1.00000000
vn 0.00000000 0.00000000 1.00000000
vn 0.00000000 0.00000000 1.00000000
vn 0.00000000 0.00000000 1.00000000
vn 0.00000000 0.00000000 1.00000000
vn 0.00000000 0.00000000 1.00000000
vn 0.00000000 0.00000000 1.00000000
vn 0.00000000 0.00000000 1.00000000
vn 0.00000000 0.00000000 1.00000000
vn 0.00000000 0.00000000 1.00000000
vn -0.10700453 -0.00004601 0.99425853
vn 0.00000000 0.00000000 1.00000000
vn 0.00000000 0.00000000 1.00000000
vn 0.00000000 0.00000000 1.00000000
vn 0.00000000 0.00000000 1.00000000
vn 0.00000000 0.00000000 1.00000000
vn 0.00000000 0.00000000 1.00000000
vn 0.37357247 -0.00259408 0.92759737
vn 0.00000000 0.00000000 1.00000000
vn 0.00000000 0.00000000 1.00000000
vn 0.00000000 0.00000000 1.00000000
vn 0.00000000 0.00000000 1.00000000
vn 0.30248718 0.02518483 0.95282067
vn 0.00000000 0.00000000 1.00000000
vn 0.00000000 0.00000000 1.00000000
vn 0.00000000 0.00000000 1.00000000
vn 0.00000000 0.00000000 1.00000000
vn 0.33781601 -0.02794551 0.94079721
vn 0.00000000 0.00000000 1.00000000
vn 0.00000000 0.00000000 1.00000000
vn 0.00000000 0.00000000 1.00000000
vn 0.00000000 0.00000000 1.00000000
vn 0.00000000 0.00000000 1.00000000
vn 0.00000000 0.00000000 1.00000000
vn 0.00000000 0.00000000 1.00000000
vn 0.00000000 0.00000000 1.00000000
vn -0.08582199 0.14543500 0.98563850
vn 0.03736578 0.07395238 0.99656151
vn 0.00000000 0.00000000 1.00000000
vn 0.00000000 0.00000000 1.00000000
vn 0.00000000 0.00000000 1.00000000
vn 0.00000000 0.00000000 1.00000000
vn 0.56563430 0.00726504 0.82462419
vn 0.00000000 0.00000000 1.00000000
vn 0.00000000 0.00000000 1.00000000
vn 0.00000000 0.00000000 1.00000000
vn 0.00000000 0.00000000 1.00000000
vn 0.00000000 0.00000000 1.00000000
vn 0.00000000 0.00000000 1.00000000
vn 0.00000000 0.00000000 1.00000000
vn 0.00000000 0.00000000 1.00000000
vn 0.00000000 0.00000000 1.00000000
vn 0.00000000 0.00000000 1.00000000
vn 0.00000000 0.00000000 1.00000000
vn 0.00000000 0.00000000 1.00000000
vn 0.00000000 0.00000000 1.00000000
vn 0.00000000 0.00000000 1.00000000
vn -0.59884859 -0.04558026 0.79956414
vn 0.00000000 0.00000000 1.00000000
vn 0.00000000 0.00000000 1.00000000
vn 0.00000000 0.00000000 1.00000000
vn 0.00000000 0.00000000 1.00000000
vn 0.00000000 0.00000000 1.00000000
vn 0.00000000 0.00000000 1.00000000
vn 0.00000000 0.00000000 1.00000000
vn 0.85742687 -0.03263752 0.51356982
vn 0.00000000 0.00000000 1.00000000
vn 0.17033030 0.01074711 0.98532842
vn 0.00000000 0.00000000 1.00000000
vn 0.00000000 0.00000000 1.00000000
vn 0.00000000 0.00000000 1.00000000
vn -0.54093486 -0.00063807 0.84106425
vn 0.00000000 0.00000000 1.00000000
vn 0.00000000 0.00000000 1.00000000
vn 0.00000000 0.00000000 1.00000000
vn 0.83422150 0.02443194 0.55088798
vn 0.00000000 0.00000000 1.00000000
vn 0.00000000 0.00000000 1.00000000
vn -0.17980222 0.00234373 0.98369999
vn 0.00000000 0.00000000 1.00000000
vn 0.00000000 0.00000000 1.00000000
vn 0.00000000 0.00000000 1.00000000
vn 0.00000000 0.00000000 1.00000000
vn 0.04069468 0.00066028 0.99917141
vn 0.28454640 0.00598288 0.95864360
vn 0.00000000 0.00000000 1.00000000
vn -0.41206681 0.00942710 0.91110486
vn 0.00000000 0.00000000 1.00000000
vn 0.00000000 0.00000000 1.00000000
vn 0.00000000 0.00000000 1.00000000
vn 0.00000000 0.00000000 1.00000000
vn 0.00000000 0.00000000 1.00000000
vn 0.00000000 0.00000000 1.00000000
vn -0.80714900 0.01453916 0.59016870
vn 0.00000000 0.00000000 1.00000000
vn 0.00000000 0.00000000 1.00000000
vn 0.00000000 0.00000000 1.00000000
vn 0.00000000 0.00000000 1.00000000
vn 0.03458434 0.13405034 0.99037085
vn 0.00000000 0.00000000 1.00000000
vn 0.00000000 0.00000000 1.00000000
vn 0.00000000 0.00000000 1.00000000
vn -0.29727270 0.00406085 0.95478398
vn 0.00000000 0.00000000 1.00000000
vn 0.00000000 0.00000000 1.00000000
vn 0.00000000 0.00000000 1.00000000
vn 0.00000000 0.00000000 1.00000000
vn 0.00000000 0.00000000 1.00000000
vn 0.00000000 0.00000000 1.00000000
vn 0.00097311 0.00335041 0.99999391
vn -0.39640394 0.80804139 0.43581306
vn 0.00000000 0.00000000 1.00000000
vn 0.00000000 0.00000000 1.00000000
vn 0.00000000 0.00000000 1.00000000
vn 0.00000000 0.00000000 1.00000000
vn 0.00115528 -0.00005424 0.99999933
vn 0.00000000 0.00000000 1.00000000
vn 0.00000000 0.00000000 1.00000000
vn 0.00000000 0.00000000 1.00000000
vn 0.00000000 0.00000000 1.00000000
vn 0.00000000 0.00000000 1.00000000
vn 0.00000000 0.00000000 1.00000000
vn -0.60795412 -0.00031052 0.79397210
vn 0.00000000 0.00000000 1.00000000
vn 0.00000000 0.00000000 1.00000000
vn 0.00000000 0.00000000 1.00000000
vn 0.00000000 0.00000000 1.00000000
vn 0.00000000 0.00000000 1.00000000
vn 0.00000000 0.00000000 1.00000000
vn 0.00000000 0.00000000 1.00000000
vn 0.00000000 0.00000000 1.00000000
vn -0.02277337 0.00085754 0.99974029
vn 0.00000000 0.00000000 1.00000000
vn 0.00000000 0.00000000 1.00000000
vn 0.00000000 0.00000000 1.00000000
vn 0.00000000 0.00000000 1.00000000
vn 0.00000000 0.00000000 1.00000000
vn 0.00000000 0.00000000 1.00000000
vn 0.00000000 0.00000000 1.00000000
vn 0.00000000 0.00000000 1.00000000
vn 0.00000000 0.00000000 1.00000000
vn 0.00000000 0.00000000 1.00000000
vn 0.00000000 0.00000000 1.00000000
vn 0.00000000 0.00000000 1.00000000
vn 0.00000000 0.00000000 1.00000000
vn 0.00000000 0.00000000 1.00000000
vn 0.00000000 0.00000000 1.00000000
vn 0.00000000 0.00000000 1.00000000
vn 0.00000000 0.00000000 1.00000000
vn 0.00000000 0.00000000 1.00000000
vn 0.00000000 0.00000000 1.00000000
vn -0.04085994 0.08199528 0.99579478
vn -0.56421326 0.01069209 0.82555986
vn -0.85958148 0.00818035 0.51093323
vn -0.00644261 -0.00198994 0.99997727
vn 0.00927023 0.00040106 0.99995695
vn -0.00056742 0.00020487 0.99999982
vn 0.00000000 0.00000000 1.00000000
vn 0.00000000 0.00000000 1.00000000
vn -0.14510609 0.41741162 0.89705728
vn 0.00000000 0.00000000 1.00000000
vn 0.00000000 0.00000000 1.00000000
vn 0.00000000 0.00000000 1.00000000
vn -0.50657412 -0.13861441 0.85098102
vn 0.00000000 0.00000000 1.00000000
vn -0.03187545 -0.00081711 0.99949151
vn 0.00000000 0.00000000 1.00000000
vn 0.00000000 0.00000000 1.00000000
vn -0.02918794 0.05622779 0.99799123
vn -0.04557919 -0.00170268 0.99895928
vn 0.00000000 0.00000000 1.00000000
vn 0.00000000 0.00000000 1.00000000
vn 0.00000000 0.00000000 1.00000000
vn 0.00000000 0.00000000 1.00000000
vn 0.13677052 0.27977307 0.95027409
vn 0.00000000 0.00000000 1.00000000
vn 0.00000000 0.00000000 1.00000000
vn 0.00000000 0.00000000 1.00000000
vn -0.47541348 0.01776371 0.87958313
vn 0.00000000 0.00000000 1.00000000
vn 0.00000000 0.00000000 1.00000000
vn 0.00000000 0.00000000 1.00000000
vn 0.00000000 0.00000000 1.00000000
vn 0.00000000 0.00000000 1.00000000
vn 0.00000000 0.00000000 1.00000000
vn 0.00000000 0.00000000 1.00000000
vn 0.00000000 0.00000000 1.00000000
vn 0.00000000 0.00000000 1.00000000
vn 0.00000000 0.00000000 1.00000000
vn 0.00000000 0.00000000 1.00000000
vn 0.00000000 0.00000000 1.00000000
vn 0.00000000 0.00000000 1.00000000
vn 0.54582088 0.00668552 0.83787521
vn 0.00000000 0.00000000 1.00000000
vn 0.00000000 0.00000000 1.00000000
vn -0.05279494 -0.00535251 0.99859103
vn 0.00000000 0.00000000 1.00000000
vn 0.00000000 0.00000000 1.00000000
vn 0.00000000 0.00000000 1.00000000
vn 0.00000000 0.00000000 1.00000000
vn 0.00000000 0.00000000 1.00000000
vn 0.00000000 0.00000000 1.00000000
vn 0.00000000 0.00000000 1.00000000
vn -0.00619655 0.00171760 0.99997933
vn 0.00000000 0.00000000 1.00000000
vn 0.16864206 0.00575552 0.98566056
vn 0.13354655 -0.01045428 0.99098740
vn 0.00000000 0.00000000 1.00000000
vn 0.00000000 0.00000000 1.00000000
vn 0.06350742 0.09350492 0.99359128
vn 0.00000000 0.00000000 1.00000000
vn 0.00000000 0.00000000 1.00000000
vn 0.00000000 0.00000000 1.00000000
vn 0.00000000 0.00000000 1.00000000
vn 0.00000000 0.00000000 1.00000000
vn 0.00000000 0.00000000 1.00000000
vn 0.00000000 0.00000000 1.00000000
vn 0.00000000 0.00000000 1.00000000
vn 0.00000000 0.00000000 1.00000000
vn 0.00000000 0.00000000 1.00000000
vn 0.00000000 0.00000000 1.00000000
vn 0.28058402 -0.00126106 0.95982864
vn 0.00000000 0.00000000 1.00000000
vn 0.00000000 0.00000000 1.00000000
vn 0.00000000 0.00000000 1.00000000
vn 0.00000000 0.00000000 1.00000000
vn 0.00403092 0.00308275 0.99998712
vn 0.68602963 0.01044980 0.72749855
vn 0.00000000 0.00000000 1.00000000
vn 0.26587256 -0.00681408 0.96398410
vn 0.00412685 0.00073688 0.99999121
vn -0.33435017 -0.19705085 0.92161865
vn 0.00000000 0.00000000 1.00000000
vn 0.00000000 0.00000000 1.00000000
vn 0.00000000 0.00000000 1.00000000
vn 0.00000000 0.00000000 1.00000000
vn 0.00000000 0.00000000 1.00000000
vn 0.00000000 0.00000000 1.00000000
vn 0.00000000 0.00000000 1.00000000
vn 0.00000000 0.00000000 1.00000000
vn 0.00000000 0.00000000 1.00000000
vn 0.00000000 0.00000000 1.00000000
vn 0.45600685 0.00022191 0.88997624
vn 0.00000000 0.00000000 1.00000000
vn 0.00000000 0.00000000 1.00000000
vn 0.00000000 0.00000000 1.00000000
vn 0.00000000 0.00000000 1.00000000
vn 0.00000000 0.00000000 1.00000000
vn 0.00000000 0.00000000 1.00000000
vn 0.00000000 0.00000000 1.00000000
vn -0.00630492 -0.00045365 0.99998002
vn 0.00000000 0.00000000 1.00000000
vn -0.62943156 0.01577524 0.77689578
vn 0.00000000 0.00000000 1.00000000
vn 0.00000000 0.00000000 1.00000000
vn 0.00000000 0.00000000 1.00000000
vn 0.00000000 0.00000000 1.00000000
vn 0.00000000 0.00000000 1.00000000
vn 0.00000000 0.00000000 1.00000000
vn 0.00000000 0.00000000 1.00000000
vn 0.00000000 0.00000000 1.00000000
vn 0.00000000 0.00000000 1.00000000
vn 0.61975681 0.00640010 0.78476783
vn 0.00000000 0.00000000 1.00000000
vn 0.86618946 0.01797836 0.49939223
vn 0.00000000 0.00000000 1.00000000
vn 0.00000000 0.00000000 1.00000000
vn 0.00000000 0.00000000 1.00000000
vn 0.15749570 -0.00696003 0.98749515
vn 0.00000000 0.00000000 1.00000000
vn 0.00000000 0.00000000 1.00000000
vn -0.85813283 -0.00360102 0.51341512
vn -0.39389840 0.80276417 0.44767593
vn 0.00000000 0.00000000 1.00000000
vn 0.00000000 0.00000000 1.00000000
vn 0.00000000 0.00000000 1.00000000
vn 0.00000000 0.00000000 1.00000000
vn 0.00000000 0.00000000 1.00000000
vn 0.00000000 0.00000000 1.00000000
vn 0.00000000 0.00000000 1.00000000
vn -0.56713452 0.00309245 0.82361938
vn 0.00000000 0.00000000 1.00000000
vn 0.00000000 0.00000000 1.00000000
vn 0.12561155 -0.03752355 0.99136962
vn -0.02532228 -0.00120231 0.99967862
vn 0.00000000 0.00000000 1.00000000
vn 0.00000000 0.00000000 1.00000000
vn -0.11901560 0.22105767 0.96797148
vn 0.00000000 0.00000000 1.00000000
vn 0.00000000 0.00000000 1.00000000
vn 0.00000000 0.00000000 1.00000000
vn 0.00000000 0.00000000 1.00000000
vn -0.00744960 0.00151280 0.99997111
vn 0.10640635 0.19774527 0.97446113
vn 0.18929855 0.42053906 0.88730658
vn 0.00000000 0.00000000 1.00000000
vn 0.00000000 0.00000000 1.00000000
vn 0.00000000 0.00000000 1.00000000
vn 0.00000000 0.00000000 1.00000000
vn 0.00000000 0.00000000 1.00000000
vn 0.00000000 0.00000000 1.00000000
vn 0.00050494 0.00017540 0.99999986
vn 0.00000000 0.00000000 1.00000000
vn 0.00000000 0.00000000 1.00000000
vn 0.91931050 -0.01204543 0.39334859
vn 0.00000000 0.00000000 1.00000000
vn 0.00000000 0.00000000 1.00000000
vn 0.00000000 0.00000000 1.00000000
vn 0.66252987 0.02311059 0.74867888
vn 0.27045043 0.00664078 0.96271100
vn 0.00000000 0.00000000 1.00000000
vn 0.00000000 0.00000000 1.00000000
vn 0.00000000 0.00000000 1.00000000
vn -0.91757120 0.00870406 0.39747621
vn 0.00000000 0.00000000 1.00000000
vn -0.81866606 0.00500257 0.57424808
vn 0.00000000 0.00000000 1.00000000
vn 0.00000000 0.00000000 1.00000000
vn -0.58981791 0.01695132 0.80735834
vn 0.00000000 0.00000000 1.00000000
vn 0.00000000 0.00000000 1.00000000
vn 0.00000000 0.00000000 1.00000000
vn 0.00000000 0.00000000 1.00000000
vn 0.00000000 0.00000000 1.00000000
vn 0.00000000 0.00000000 1.00000000
vn 0.00000000 0.00000000 1.00000000
vn 0.00000000 0.00000000 1.00000000
vn -0.06894956 -0.00445767 0.99761019
vn 0.00000000 0.00000000 1.00000000
vn 0.00000000 0.00000000 1.00000000
vn 0.00000000 0.00000000 1.00000000
vn 0.00000000 0.00000000 1.00000000
vn -0.77869081 0.00699517 0.62736886
vn 0.00000000 0.00000000 1.00000000
vn 0.00000000 0.00000000 1.00000000
vn 0.00000000 0.00000000 1.00000000
vn 0.00000000 0.00000000 1.00000000
vn 0.63971853 0.06786854 0.76560699
vn 0.35743604 0.00759058 0.93390677
vn 0.00000000 0.00000000 1.00000000
vn 0.00000000 0.00000000 1.00000000
vn 0.00000000 0.00000000 1.00000000
vn 0.00000000 0.00000000 1.00000000
vn 0.00000000 0.00000000 1.00000000
vn 0.00000000 0.00000000 1.00000000
vn 0.00000000 0.00000000 1.00000000
vn 0.00000000 0.00000000 1.00000000
vn 0.00000000 0.00000000 1.00000000
vn 0.00000000 0.00000000 1.00000000
vn 0.00000000 0.00000000 1.00000000
vn 0.01074128 0.00105461 0.99994175
vn 0.00000000 0.00000000 1.00000000
vn 0.25089406 0.00431355 0.96800494
vn 0.00000000 0.00000000 1.00000000
vn 0.00000000 0.00000000 1.00000000
vn 0.24662548 0.44676799 0.85998502
vn -0.30154894 0.53040091 0.79230241
vn 0.00000000 0.00000000 1.00000000
vn 0.00000000 0.00000000 1.00000000
vn 0.00000000 0.00000000 1.00000000
vn 0.00000000 0.00000000 1.00000000
vn 0.00000000 0.00000000 1.00000000
vn 0.00000000 0.00000000 1.00000000
vn 0.00000000 0.00000000 1.00000000
vn 0.00000000 0.00000000 1.00000000
vn 0.00000000 0.00000000 1.00000000
vn 0.00000000 0.00000000 1.00000000
vn 0.00000000 0.00000000 1.00000000
vn 0.00000000 0.00000000 1.00000000
vn 0.00000000 0.00000000 1.00000000
vn 0.00000000 0.00000000 1.00000000
vn 0.00000000 0.00000000 1.00000000
vn 0.00000000 0.00000000 1.00000000
vn 0.00000000 0.00000000 1.00000000
vn 0.00000000 0.00000000 1.00000000
vn 0.00000000 0.00000000 1.00000000
vn 0.00000000 0.00000000 1.00000000
vn 0.85468779 -0.00258633 0.51913591
vn -0.01729253 0.00572388 0.99983409
vn 0.00000000 0.00000000 1.00000000
vn 0.00000000 0.00000000 1.00000000
vn 0.00000000 0.00000000 1.00000000
vn 0.46656959 0.02147522 0.88422374
vn 0.00000000 0.00000000 1.00000000
vn -0.87692647 0.02231100 0.48010644
vn 0.00000000 0.00000000 1.00000000
vn 0.00000000 0.00000000 1.00000000
vn 0.00000000 0.00000000 1.00000000
vn 0.09064511 0.01349155 0.99579187
vn 0.00000000 0.00000000 1.00000000
vn -0.03855485 0.00105979 0.99925592
vn 0.00000000 0.00000000 1.00000000
vn 0.00000000 0.00000000 1.00000000
vn 0.00000000 0.00000000 1.00000000
vn 0.00000000 0.00000000 1.00000000
vn -0.54758323 0.01154780 0.83667154
vn 0.00000000 0.00000000 1.00000000
vn 0.00000263 0.00000370 1.00000000
vn 0.20290068 0.00354590 0.97919290
vn 0.00000000 0.00000000 1.00000000
vn 0.08740375 0.00622391 0.99615353
vn 0.57695179 0.00126352 0.81677723
vn 0.00000000 0.00000000 1.00000000
vn 0.00000000 0.00000000 1.00000000
vn 0.00000000 0.00000000 1.00000000
vn -0.00594570 -0.00114568 0.99998167
vn 0.00000000 0.00000000 1.00000000
vn 0.00000000 0.00000000 1.00000000
vn 0.00000000 0.00000000 1.00000000
vn -0.08882646 -0.00163415 0.99604578
vn -0.43861786 0.79401997 0.42088795
vn 0.00000000 0.00000000 1.00000000
vn -0.48736002 -0.00850484 0.87315971
vn 0.00000000 0.00000000 1.00000000
vn 0.00000000 0.00000000 1.00000000
vn 0.00000000 0.00000000 1.00000000
vn 0.00000000 0.00000000 1.00000000
vn 0.00000000 0.00000000 1.00000000
vn -0.00365583 0.00746599 0.99996545
vn 0.00000000 0.00000000 1.00000000
vn 0.00000000 0.00000000 1.00000000
vn 0.00000000 0.00000000 1.00000000
vn 0.00000000 0.00000000 1.00000000
vn 0.00000000 0.00000000 1.00000000
vn 0.00000000 0.00000000 1.00000000
vn 0.00000000 0.00000000 1.00000000
vn 0.00000000 0.00000000 1.00000000
vn -0.01676073 0.00222119 0.99985706
vn 0.00000000 0.00000000 1.00000000
vn 0.00000000 0.00000000 1.00000000
vn 0.00000000 0.00000000 1.00000000
vn -0.61396472 -0.00856164 0.78928703
vn 0.09313119 0.00320358 0.99564869
vn 0.79304680 0.01277815 0.60902668
vn 0.00000000 0.00000000 1.00000000
vn 0.11338310 0.00270641 0.99354766
vn 0.00000000 0.00000000 1.00000000
vn -0.28410071 0.00468920 0.95878298
vn -0.05970984 0.00143668 0.99821474
vn 0.00327896 0.00023988 0.99999460
vn 0.00000000 0.00000000 1.00000000
vn 0.00000000 0.00000000 1.00000000
vn 0.00000000 0.00000000 1.00000000
vn 0.00000000 0.00000000 1.00000000
vn 0.00000000 0.00000000 1.00000000
vn 0.00000000 0.00000000 1.00000000
vn -0.26346669 0.00393009 0.96466049
vn 0.00000000 0.00000000 1.00000000
vn -0.17563765 0.00707644 0.98442945
vn 0.00000000 0.00000000 1.00000000
vn 0.00000000 0.00000000 1.00000000
vn -0.93263430 -0.00037280 0.36082283
vn 0.00000000 0.00000000 1.00000000
vn 0.00000000 0.00000000 1.00000000
vn 0.00000000 0.00000000 1.00000000
vn 0.00000000 0.00000000 1.00000000
vn 0.00000000 0.00000000 1.00000000
vn 0.00000000 0.00000000 1.00000000
vn 0.00000000 0.00000000 1.00000000
vn 0.00000000 0.00000000 1.00000000
vn 0.00000000 0.00000000 1.00000000
vn 0.00000000 0.00000000 1.00000000
vn 0.00088256 0.00262623 0.99999616
vn 0.00000000 0.00000000 1.00000000
vn 0.00000000 0.00000000 1.00000000
vn -0.03485508 0.09204358 0.99514476
vn 0.00000000 0.00000000 1.00000000
vn -0.00020749 -0.00004631 0.99999998
vn -0.48675030 0.01148727 0.87346562
vn 0.00000000 0.00000000 1.00000000
vn 0.00000000 0.00000000 1.00000000
vn 0.00000000 0.00000000 1.00000000
vn -0.50849963 -0.02592266 0.86067191
vn -0.13783195 -0.10534458 0.98483749
vn 0.00000000 0.00000000 1.00000000
vn 0.00000000 0.00000000 1.00000000
vn 0.00000000 0.00000000 1.00000000
vn 0.11807996 0.01291364 0.99292012
vn 0.00000000 0.00000000 1.00000000
vn 0.00000000 0.00000000 1.00000000
vn 0.00000000 0.00000000 1.00000000
vn 0.00000000 0.00000000 1.00000000
vn 0.00000000 0.00000000 1.00000000
vn 0.00000000 0.00000000 1.00000000
vn 0.00000000 0.00000000 1.00000000
vn 0.00000000 0.00000000 1.00000000
vn 0.00000000 0.00000000 1.00000000
vn 0.00000000 0.00000000 1.00000000
vn 0.00000000 0.00000000 1.00000000
vn 0.00000000 0.00000000 1.00000000
vn 0.00000000 0.00000000 1.00000000
vn 0.00000000 0.00000000 1.00000000
vn -0.59507251 0.00963390 0.80361427
vn 0.00000000 0.00000000 1.00000000
vn 0.00000000 0.00000000 1.00000000
vn 0.00000000 0.00000000 1.00000000
vn 0.48037443 -0.01396364 0.87695235
vn 0.00000000 0.00000000 1.00000000
vn 0.00000000 0.00000000 1.00000000
vn 0.00000000 0.00000000 1.00000000
vn 0.00000000 0.00000000 1.00000000
vn 0.00000000 0.00000000 1.00000000
vn 0.00000000 0.00000000 1.00000000
vn 0.00000000 0.00000000 1.00000000
vn 0.00000000 0.00000000 1.00000000
vn 0.00000000 0.00000000 1.00000000
vn 0.00000000 0.00000000 1.00000000
vn -0.89576449 0.04286189 0.44245772
vn 0.00000000 0.00000000 1.00000000
vn 0.11794620 -0.00645134 0.99299903
vn 0.83833579 0.03664955 0.54392087
vn -0.00025831 -0.00014946 0.99999996
vn -0.00273820 0.01639342 0.99986187
vn 0.00000000 0.00000000 1.00000000
vn 0.00000000 0.00000000 1.00000000
vn 0.00000000 0.00000000 1.00000000
vn -0.17042493 0.00345654 0.98536460
vn 0.65958972 -0.00170172 0.75162391
vn -0.42387779 -0.00582576 0.90570066
vn 0.00000000 0.00000000 1.00000000
vn 0.00000000 0.00000000 1.00000000
vn 0.08861983 0.00590199 0.99604804
vn 0.00000000 0.00000000 1.00000000
vn 0.00000000 0.00000000 1.00000000
vn 0.02657275 0.00065328 0.99964667
vn 0.00000000 0.00000000 1.00000000
vn -0.17230978 0.29728459 0.93911193
vn -0.01512963 0.02732742 0.99951203
vn 0.00000000 0.00000000 1.00000000
vn 0.00000000 0.00000000 1.00000000
vn 0.00000000 0.00000000 1.00000000
vn 0.00000000 0.00000000 1.00000000
vn 0.41667097 0.00284286 0.90905292
vn 0.00000000 0.00000000 1.00000000
vn 0.14359133 0.25628441 0.95587647
vn 0.00000000 0.00000000 1.00000000
vn 0.00000000 0.00000000 1.00000000
vn 0.00000000 0.00000000 1.00000000
vn -0.12075324 -0.04760688 0.99154034
vn 0.00000000 0.00000000 1.00000000
vn 0.00000000 0.00000000 1.00000000
vn -0.04583920 0.07494815 0.99613330
vn 0.00000000 0.00000000 1.00000000
vn 0.64824929 -0.00266191 0.76142352
vn 0.89334822 -0.01764644 0.44901843
vn 0.00000000 0.00000000 1.00000000
vn 0.00000000 0.00000000 1.00000000
vn 0.00000000 0.00000000 1.00000000
vn 0.00000000 0.00000000 1.00000000
vn 0.00000000 0.00000000 1.00000000
vn 0.55457039 0.00661080 0.83211056
vn 0.00000000 0.00000000 1.00000000
vn -0.48294393 0.00694853 0.87562371
vn 0.00000000 0.00000000 1.00000000
vn 0.00000000 0.00000000 1.00000000
vn 0.00000000 0.00000000 1.00000000
vn 0.00000000 0.00000000 1.00000000
vn 0.00000000 0.00000000 1.00000000
vn 0.00000000 0.00000000 1.00000000
vn 0.00000000 0.00000000 1.00000000
vn 0.00000000 0.00000000 1.00000000
vn 0.00000000 0.00000000 1.00000000
vn -0.84123896 0.00540587 0.54063647
vn 0.00000000 0.00000000 1.00000000
vn 0.00000000 0.00000000 1.00000000
vn 0.00000000 0.00000000 1.00000000
vn 0.00000000 0.00000000 1.00000000
vn 0.00000000 0.00000000 1.00000000
vn 0.00000000 0.00000000 1.00000000
vn 0.00000000 0.00000000 1.00000000
vn 0.00000000 0.00000000 1.00000000
vn 0.00000000 0.00000000 1.00000000
vn 0.00000000 0.00000000 1.00000000
vn 0.00000000 0.00000000 1.00000000
vn 0.00000000 0.00000000 1.00000000
vn 0.00000000 0.00000000 1.00000000
vn 0.00000000 0.00000000 1.00000000
vn 0.00000000 0.00000000 1.00000000
vn 0.00000000 0.00000000 1.00000000
vn -0.00970772 -0.00066023 0.99995266
vn 0.00000000 0.00000000 1.00000000
vn 0.39419972 -0.01703384 0.91886693
vn 0.00000000 0.00000000 1.00000000
vn 0.00000000 0.00000000 1.00000000
vn 0.00000000 0.00000000 1.00000000
vn 0.00000000 0.00000000 1.00000000
vn 0.37937436 0.66711284 0.64112055
vn -0.81145828 0.00520423 0.58438718
vn 0.00000000 0.00000000 1.00000000
vn 0.04327690 0.00162745 0.99906179
vn 0.00000000 0.00000000 1.00000000
vn -0.64026481 0.00350023 0.76814629
vn 0.00000000 0.00000000 1.00000000
vn 0.00000000 0.00000000 1.00000000
vn 0.00000000 0.00000000 1.00000000
vn 0.59586096 0.01006902 0.80302449
vn 0.00000000 0.00000000 1.00000000
vn 0.00000000 0.00000000 1.00000000
vn 0.00000000 0.00000000 1.00000000
vn 0.00000000 0.00000000 1.00000000
vn -0.12016536 -0.00087875 0.99275350
vn -0.43425951 -0.00331422 0.90078171
vn 0.00000000 0.00000000 1.00000000
vn 0.00000000 0.00000000 1.00000000
vn 0.00000000 0.00000000 1.00000000
vn 0.00000000 0.00000000 1.00000000
vn 0.00000000 0.00000000 1.00000000
vn 0.00000000 0.00000000 1.00000000
vn 0.00000000 0.00000000 1.00000000
vn 0.00000000 0.00000000 1.00000000
vn 0.00000000 0.00000000 1.00000000
vn 0.00000000 0.00000000 1.00000000
vn 0.18110196 -0.01491614 0.98335120
vn 0.00000000 0.00000000 1.00000000
vn 0.00000000 0.00000000 1.00000000
vn 0.00000000 0.00000000 1.00000000
vn 0.00000000 0.00000000 1.00000000
vn 0.00000000 0.00000000 1.00000000
vn 0.00000000 0.00000000 1.00000000
vn 0.01200503 -0.00170435 0.99992648
vn 0.03839312 -0.01907728 0.99908059
vn 0.00000000 0.00000000 1.00000000
vn 0.00000000 0.00000000 1.00000000
vn 0.00000000 0.00000000 1.00000000
vn 0.13282853 0.01686796 0.99099549
vn 0.62036655 0.00750575 0.78427610
vn 0.00000000 0.00000000 1.00000000
vn 0.00000000 0.00000000 1.00000000
vn 0.00000000 0.00000000 1.00000000
vn 0.00000000 0.00000000 1.00000000
vn -0.74022726 0.00205814 0.67235360
vn 0.86648057 0.00887072 0.49913199
vn 0.00313624 0.00093485 0.99999465
vn 0.00000000 0.00000000 1.00000000
vn 0.00000000 0.00000000 1.00000000
vn 0.00000000 0.00000000 1.00000000
vn 0.00000000 0.00000000 1.00000000
vn 0.79864185 -0.00765750 0.60175790
vn 0.00000000 0.00000000 1.00000000
vn 0.00000000 0.00000000 1.00000000
vn 0.00000000 0.00000000 1.00000000
vn 0.00000000 0.00000000 1.00000000
vn 0.00000000 0.00000000 1.00000000
vn 0.00000000 0.00000000 1.00000000
vn 0.00000000 0.00000000 1.00000000
vn 0.00000000 0.00000000 1.00000000
vn 0.00000000 0.00000000 1.00000000
vn 0.00000000 0.00000000 1.00000000
vn 0.00000000 0.00000000 1.00000000
vn 0.00000000 0.00000000 1.00000000
vn 0.66444544 0.01230200 0.74723552
vn 0.00000000 0.00000000 1.00000000
vn 0.00000000 0.00000000 1.00000000
vn -0.00048113 0.00015921 0.99999987
vn 0.00000000 0.00000000 1.00000000
vn 0.00000000 0.00000000 1.00000000
vn 0.00000000 0.00000000 1.00000000
vn 0.00000000 0.00000000 1.00000000
vn 0.00000000 0.00000000 1.00000000
vn 0.00000000 0.00000000 1.00000000
vn 0.00000000 0.00000000 1.00000000
vn 0.00000000 0.00000000 1.00000000
vn -0.00040998 -0.00007449 0.99999991
vn 0.00000000 0.00000000 1.00000000
vn 0.00000000 0.00000000 1.00000000
vn 0.00000000 0.00000000 1.00000000
vn 0.22621589 0.37061317 0.90081755
vn 0.00273821 0.00495867 0.99998396
vn -0.36636977 0.01638657 0.93032504
vn -0.46640820 0.72172367 0.51144729
vn 0.13995214 -0.00187960 0.99015648
vn 0.04047151 0.08180963 0.99582591
vn 0.00000000 0.00000000 1.00000000
vn 0.00000000 0.00000000 1.00000000
vn 0.82006504 -0.00337017 0.57226040
vn 0.00000000 0.00000000 1.00000000
vn -0.03113563 0.05768013 0.99784948
vn 0.00000000 0.00000000 1.00000000
vn 0.00000000 0.00000000 1.00000000
vn 0.01161210 0.00070560 0.99993233
vn 0.00000000 0.00000000 1.00000000
vn 0.00000000 0.00000000 1.00000000
vn 0.00000000 0.00000000 1.00000000
vn 0.00000000 0.00000000 1.00000000
vn 0.00000000 0.00000000 1.00000000
vn 0.00000000 0.00000000 1.00000000
vn 0.00000000 0.00000000 1.00000000
vn 0.00000000 0.00000000 1.00000000
vn 0.00000000 0.00000000 1.00000000
vn 0.00000000 0.00000000 1.00000000
vn 0.00000000 0.00000000 1.00000000
vn 0.00000000 0.00000000 1.00000000
vn -0.14911869 0.00263729 0.98881579
vn 0.00000000 0.00000000 1.00000000
vn 0.00000000 0.00000000 1.00000000
vn 0.00000000 0.00000000 1.00000000
vn 0.00000000 0.00000000 1.00000000
vn 0.00000000 0.00000000 1.00000000
vn -0.89977072 0.01005505 0.43624713
vn -0.07110409 0.10291482 0.99214553
vn 0.42330834 -0.01163754 0.90591093
vn 0.00000000 0.00000000 1.00000000
vn 0.00000000 0.00000000 1.00000000
vn 0.00000000 0.00000000 1.00000000
vn 0.28989055 -0.05843545 0.95527418
vn 0.00000000 0.00000000 1.00000000
vn 0.28016441 0.00477944 0.95994013
vn 0.00000000 0.00000000 1.00000000
vn 0.06141129 -0.00721093 0.99808650
vn 0.00000000 0.00000000 1.00000000
vn 0.00000000 0.00000000 1.00000000
vn 0.00000000 0.00000000 1.00000000
vn 0.00000000 0.00000000 1.00000000
vn 0.00000000 0.00000000 1.00000000
vn 0.00000000 0.00000000 1.00000000
vn 0.37823860 -0.21902819 0.89942327
vn 0.00000000 0.00000000 1.00000000
vn 0.00000000 0.00000000 1.00000000
vn 0.00000000 0.00000000 1.00000000
vn 0.00000000 0.00000000 1.00000000
vn 0.00000000 0.00000000 1.00000000
vn 0.06014552 -0.01738859 0.99803815
vn 0.00000000 0.00000000 1.00000000
vn 0.28348880 -0.01958203 0.95877560
vn 0.00000000 0.00000000 1.00000000
vn 0.00000000 0.00000000 1.00000000
vn 0.00000000 0.00000000 1.00000000
vn 0.00000000 0.00000000 1.00000000
vn 0.00000000 0.00000000 1.00000000
vn 0.01146929 -0.00104230 0.99993368
vn 0.00000000 0.00000000 1.00000000
vn 0.00000000 0.00000000 1.00000000
vn 0.00000000 0.00000000 1.00000000
vn 0.00000000 0.00000000 1.00000000
vn 0.00000000 0.00000000 1.00000000
vn 0.00000000 0.00000000 1.00000000
vn 0.00000000 0.00000000 1.00000000
vn 0.00000000 0.00000000 1.00000000
vn 0.00000000 0.00000000 1.00000000
vn 0.00000000 0.00000000 1.00000000
vn -0.74415535 0.01993998 0.66770892
vn 0.00000000 0.00000000 1.00000000
vn 0.00000000 0.00000000 1.00000000
vn 0.00000000 0.00000000 1.00000000
vn 0.00000000 0.00000000 1.00000000
vn 0.00000000 0.00000000 1.00000000
vn 0.00000000 0.00000000 1.00000000
vn -0.25598840 0.48248495 0.83766235
vn 0.00000000 0.00000000 1.00000000
vn 0.00000000 0.00000000 1.00000000
vn 0.00000000 0.00000000 1.00000000
vn 0.41594876 -0.02287142 0.90910039
vn 0.57029145 -0.00091573 0.82144192
vn 0.00000000 0.00000000 1.00000000
vn 0.00000000 0.00000000 1.00000000
vn 0.00000000 0.00000000 1.00000000
vn 0.00000000 0.00000000 1.00000000
vn 0.00000000 0.00000000 1.00000000
vn 0.00000000 0.00000000 1.00000000
vn -0.00749160 0.00285055 0.99996787
vn -0.03252252 0.16324688 0.98604906
vn 0.00000000 0.00000000 1.00000000
vn 0.00000000 0.00000000 1.00000000
vn 0.00000000 0.00000000 1.00000000
vn 0.39684332 0.81166004 0.42862964
vn 0.00000000 0.00000000 1.00000000
vn 0.00000000 0.00000000 1.00000000
vn -0.27346888 -0.05270678 0.96043572
vn 0.00000000 0.00000000 1.00000000
vn 0.00000000 0.00000000 1.00000000
vn 0.00000000 0.00000000 1.00000000
vn 0.00000000 0.00000000 1.00000000
vn 0.16706289 0.00102855 0.98594571
vn 0.00000000 0.00000000 1.00000000
vn 0.00000000 0.00000000 1.00000000
vn 0.00000000 0.00000000 1.00000000
vn 0.00000000 0.00000000 1.00000000
vn 0.00007110 -0.00001778 1.00000000
vn 0.00000000 0.00000000 1.00000000
vn 0.00000000 0.00000000 1.00000000
vn 0.24232155 0.00639782 0.97017490
vn 0.00000000 0.00000000 1.00000000
vn 0.00000000 0.00000000 1.00000000
vn 0.00000000 0.00000000 1.00000000
vn 0.00000000 0.00000000 1.00000000
vn 0.00000000 0.00000000 1.00000000
vn 0.86317373 0.02526096 0.50427473
vn 0.00000000 0.00000000 1.00000000
vn 0.00000000 0.00000000 1.00000000
vn 0.00000000 0.00000000 1.00000000
vn 0.84274691 0.02564835 0.53769862
vn 0.00000000 0.00000000 1.00000000
vn 0.00000000 0.00000000 1.00000000
vn 0.00000000 0.00000000 1.00000000
vn 0.65450857 -0.13720347 0.74350100
vn 0.00000000 0.00000000 1.00000000
vn 0.00000000 0.00000000 1.00000000
vn 0.00000000 0.00000000 1.00000000
vn 0.00000000 0.00000000 1.00000000
vn 0.00000000 0.00000000 1.00000000
vn 0.00000000 0.00000000 1.00000000
vn 0.00000000 0.00000000 1.00000000
vn 0.00000000 0.00000000 1.00000000
vn 0.00000000 0.00000000 1.00000000
vn 0.00000000 0.00000000 1.00000000
vn 0.00292204 -0.00011898 0.99999572
vn 0.00000000 0.00000000 1.00000000
vn 0.00000000 0.00000000 1.00000000
vn 0.00437324 0.00038090 0.99999036
vn 0.00000000 0.00000000 1.00000000
vn 0.00000000 0.00000000 1.00000000
vn 0.00000000 0.00000000 1.00000000
vn 0.00000000 0.00000000 1.00000000
vn 0.00000000 0.00000000 1.00000000
vn 0.00000000 0.00000000 1.00000000
vn 0.00000000 0.00000000 1.00000000
vn 0.00000000 0.00000000 1.00000000
vn 0.00000000 0.00000000 1.00000000
vn 0.00000000 0.00000000 1.00000000
vn 0.00000000 0.00000000 1.00000000
vn -0.75118388 -0.00622012 0.66006370
vn 0.20414174 0.00707249 0.97891579
vn 0.00000000 0.00000000 1.00000000
vn -0.83078713 -0.02926957 0.55582014
vn 0.14225571 0.25276590 0.95701239
vn 0.00000000 0.00000000 1.00000000
vn -0.83985564 -0.00218847 0.54280541
vn 0.00000000 0.00000000 1.00000000
vn 0.00000000 0.00000000 1.00000000
vn 0.00000000 0.00000000 1.00000000
vn 0.00000000 0.00000000 1.00000000
vn 0.00000000 0.00000000 1.00000000
vn 0.00000000 0.00000000 1.00000000
vn 0.00000000 0.00000000 1.00000000
vn 0.00000000 0.00000000 1.00000000
vn 0.24400355 -0.01367090 0.96967797
vn -0.19645959 -0.00021154 0.98051190
vn 0.00000000 0.00000000 1.00000000
vn 0.00000000 0.00000000 1.00000000
vn -0.54443404 0.02730258 0.83835920
vn 0.81035385 -0.00992207 0.58585681
vn 0.00000000 0.00000000 1.00000000
vn 0.92531736 -0.00573020 0.37915030
vn 0.00000000 0.00000000 1.00000000
vn 0.00000000 0.00000000 1.00000000
vn 0.00000000 0.00000000 1.00000000
vn 0.00000000 0.00000000 1.00000000
vn 0.00000000 0.00000000 1.00000000
vn 0.00000000 0.00000000 1.00000000
vn 0.00000000 0.00000000 1.00000000
vn 0.00000000 0.00000000 1.00000000
vn 0.00000000 0.00000000 1.00000000
vn 0.00000000 0.00000000 1.00000000
vn 0.00000000 0.00000000 1.00000000
vn 0.00000000 0.00000000 1.00000000
vn 0.00000000 0.00000000 1.00000000
vn 0.00000000 0.00000000 1.00000000
vn 0.00000000 0.00000000 1.00000000
vn 0.00000000 0.00000000 1.00000000
vn 0.00000000 0.00000000 1.00000000
vn 0.00000000 0.00000000 1.00000000
vn 0.08482250 0.00060985 0.99639589
vn 0.00000000 0.00000000 1.00000000
vn 0.00000000 0.00000000 1.00000000
vn 0.00000000 0.00000000 1.00000000
vn 0.00000000 0.00000000 1.00000000
vn 0.00000000 0.00000000 1.00000000
vn 0.00000000 0.00000000 1.00000000
vn 0.00000000 0.00000000 1.00000000
vn 0.00000000 0.00000000 1.00000000
vn 0.00000000 0.00000000 1.00000000
vn 0.00000000 0.00000000 1.00000000
vn 0.00000000 0.00000000 1.00000000
vn 0.00000000 0.00000000 1.00000000
vn 0.00000000 0.00000000 1.00000000
vn 0.00000000 0.00000000 1.00000000
vn -0.89864469 0.04261209 0.43660272
vn 0.00000000 0.00000000 1.00000000
vn 0.00000000 0.00000000 1.00000000
vn 0.00000000 0.00000000 1.00000000
vn 0.19419661 -0.00618205 0.98094315
vn 0.00000000 0.00000000 1.00000000
vn 0.00000000 0.00000000 1.00000000
vn 0.51964743 -0.02517697 0.85400976
vn 0.00000000 0.00000000 1.00000000
vn 0.00000000 0.00000000 1.00000000
vn 0.82106911 -0.00427488 0.57081279
vn 0.74815045 -0.02086954 0.66320085
vn 0.00000000 0.00000000 1.00000000
vn 0.00000000 0.00000000 1.00000000
vn 0.00000000 0.00000000 1.00000000
vn 0.00000000 0.00000000 1.00000000
vn 0.00000000 0.00000000 1.00000000
vn 0.00000000 0.00000000 1.00000000
vn 0.00000000 0.00000000 1.00000000
vn 0.00000000 0.00000000 1.00000000
vn 0.00000000 0.00000000 1.00000000
vn 0.00000000 0.00000000 1.00000000
vn 0.00000000 0.00000000 1.00000000
vn 0.00000000 0.00000000 1.00000000
vn 0.00000000 0.00000000 1.00000000
vn 0.00000000 0.00000000 1.00000000
vn 0.00000000 0.00000000 1.00000000
vn 0.00000000 0.00000000 1.00000000
vn 0.00000000 0.00000000 1.00000000
vn 0.00000000 0.00000000 1.00000000
vn 0.00001326 -0.00000241 1.00000000
vn 0.00000000 0.00000000 1.00000000
vn -0.36177687 0.64858466 0.66966815
vn 0.21247186 0.39581168 0.89341414
vn 0.00000000 0.00000000 1.00000000
vn 0.00000000 0.00000000 1.00000000
vn 0.00000000 0.00000000 1.00000000
vn 0.00000000 0.00000000 1.00000000
vn 0.00000000 0.00000000 1.00000000
vn -0.39057727 0.00457185 0.92055879
vn 0.00000000 0.00000000 1.00000000
vn 0.00000000 0.00000000 1.00000000
vn 0.00000000 0.00000000 1.00000000
vn 0.00000000 0.00000000 1.00000000
vn 0.00000000 0.00000000 1.00000000
vn 0.00000000 0.00000000 1.00000000
vn 0.00000000 0.00000000 1.00000000
vn 0.00000000 0.00000000 1.00000000
vn 0.00000000 0.00000000 1.00000000
vn 0.00000000 0.00000000 1.00000000
vn 0.08341322 0.00086951 0.99651467
vn 0.35407521 -0.00092005 0.93521650
vn 0.00000000 0.00000000 1.00000000
vn 0.00000000 0.00000000 1.00000000
vn 0.00000000 0.00000000 1.00000000
vn 0.00000000 0.00000000 1.00000000
vn -0.47439184 0.01544680 0.88017827
vn 0.31376908 0.01411915 0.94939434
vn 0.00000000 0.00000000 1.00000000
vn 0.00983631 -0.00217513 0.99994926
vn 0.00000000 0.00000000 1.00000000
vn 0.00000000 0.00000000 1.00000000
vn 0.00000000 0.00000000 1.00000000
vn 0.00000000 0.00000000 1.00000000
vn 0.00000000 0.00000000 1.00000000
vn 0.00000000 0.00000000 1.00000000
vn 0.00000000 0.00000000 1.00000000
vn 0.00000000 0.00000000 1.00000000
vn 0.00000000 0.00000000 1.00000000
vn 0.00000000 0.00000000 1.00000000
vn 0.83710400 0.01653791 0.54679374
vn 0.00000000 0.00000000 1.00000000
vn -0.10715148 0.22225477 0.96908275
vn 0.00000000 0.00000000 1.00000000
vn 0.00000000 0.00000000 1.00000000
vn -0.82538856 -0.01762033 0.56429004
vn 0.00000000 0.00000000 1.00000000
vn -0.00020409 0.00004777 0.99999998
vn 0.00000000 0.00000000 1.00000000
vn 0.00000000 0.00000000 1.00000000
vn 0.00000000 0.00000000 1.00000000
vn -0.01264504 -0.00688801 0.99989632
vn 0.00000000 0.00000000 1.00000000
vn 0.00000000 0.00000000 1.00000000
vn 0.00000000 0.00000000 1.00000000
vn 0.00000000 0.00000000 1.00000000
vn 0.00000000 0.00000000 1.00000000
vn -0.08296295 -0.00637115 0.99653227
vn 0.00000000 0.00000000 1.00000000
vn 0.00000000 0.00000000 1.00000000
vn 0.00000000 0.00000000 1.00000000
vn -0.50033316 0.01396609 0.86572032
vn 0.00000000 0.00000000 1.00000000
vn 0.00000000 0.00000000 1.00000000
vn 0.03837294 0.00714314 0.99923796
vn 0.00000000 0.00000000 1.00000000
vn -0.20656680 0.34215466 0.91665716
vn 0.00000000 0.00000000 1.00000000
vn 0.00000000 0.00000000 1.00000000
vn 0.00000000 0.00000000 1.00000000
vn 0.00000000 0.00000000 1.00000000
vn 0.00000000 0.00000000 1.00000000
vn 0.00000000 0.00000000 1.00000000
vn 0.01423425 0.00159300 0.99989742
vn 0.00000000 0.00000000 1.00000000
vn -0.75400416 -0.01504146 0.65669740
vn 0.00000000 0.00000000 1.00000000
vn 0.00000000 0.00000000 1.00000000
vn 0.00000000 0.00000000 1.00000000
vn 0.00000000 0.00000000 1.00000000
vn 0.00000000 0.00000000 1.00000000
vn 0.00000000 0.00000000 1.00000000
vn 0.45109763 0.76628262 0.45751707
vn 0.00000000 0.00000000 1.00000000
vn 0.00000000 0.00000000 1.00000000
vn 0.00000000 0.00000000 1.00000000
vn 0.00000000 0.00000000 1.00000000
vn -0.25577764 0.00194366 0.96673369
vn 0.00000000 0.00000000 1.00000000
vn 0.00000000 0.00000000 1.00000000
vn 0.00068435 -0.00053244 0.99999962
vn 0.00000000 0.00000000 1.00000000
vn 0.00000000 0.00000000 1.00000000
vn 0.16088394 0.00037090 0.98697326
vn 0.72866152 -0.00772351 0.68483044
vn 0.00000000 0.00000000 1.00000000
vn 0.00000000 0.00000000 1.00000000
vn 0.00000000 0.00000000 1.00000000
vn -0.49596489 0.79822202 -0.34184854
vn -0.48037858 0.81383630 -0.32696620
vn -0.46361560 0.86064348 -0.21060242
vn -0.46593767 0.84310402 -0.26847288
vn -0.43490676 0.83939335 -0.32599834
vn -0.46520879 0.83683226 -0.28860449
vn -0.34192542 0.87153860 -0.35143630
vn -0.12471636 0.79685593 -0.59115688
vn -0.17419855 0.44859610 -0.87659363
vn -0.15275532 0.16813370 -0.97385670
vn -0.02054004 0.02774766 -0.99940391
vn 0.00000000 0.00000000 -1.00000000
vn 0.00000000 0.00000000 -1.00000000
vn 0.00000000 0.00000000 -1.00000000
vn 0.00000000 0.00000000 -1.00000000
vn 0.00000000 0.00000000 -1.00000000
vn 0.00000000 0.00000000 -1.00000000
vn 0.00000000 0.00000000 -1.00000000
vn 0.00840433 0.02836179 -0.99956239
vn 0.11744146 0.18902462 -0.97492420
vn 0.18408493 0.47104026 -0.86268987
vn 0.19015556 0.77795517 -0.59885443
vn 0.31757417 0.86929970 -0.37876732
vn 0.49072532 0.80026980 -0.34461123
vn 0.45028820 0.81802591 -0.35787448
vn 0.44068243 0.83383813 -0.33243489
vn 0.45516014 0.84442062 -0.28245895
vn 0.46914090 0.84204389 -0.26621212
vn 0.52377247 0.79583905 -0.30381344
vn 0.26531070 0.61423336 -0.74318746
vn 0.01348215 0.26542185 -0.96403811
vn 0.01727494 0.03773327 -0.99913852
vn 0.00000000 0.00000000 -1.00000000
vn 0.00000000 0.00000000 -1.00000000
vn 0.00000000 0.00000000 -1.00000000
vn 0.00000000 0.00000000 -1.00000000
vn 0.00000000 0.00000000 -1.00000000
vn 0.03461617 -0.02349097 -0.99912456
vn 0.17094115 -0.20533369 -0.96364786
vn 0.61722712 -0.37212073 -0.69322207
vn 0.87643081 -0.07608115 -0.47547943
vn 0.91811168 0.05661031 -0.39225784
vn 0.94038780 0.03950514 -0.33780192
vn 0.94676476 0.02144601 -0.32121108
vn 0.96900840 -0.01377970 -0.24664313
vn 0.93891707 0.02091871 -0.34350712
vn 0.94783385 0.02935860 -0.31740994
vn 0.95101746 -0.00619081 -0.30907519
vn 0.95682808 0.00056954 -0.29065391
vn 0.94924954 0.02995245 -0.31309449
vn 0.97173303 -0.01492894 -0.23560994
vn 0.97532445 0.03150422 -0.21851703
vn 0.96180479 0.00655301 -0.27365783
vn 0.96560204 0.01643949 -0.25950422
vn 0.96611827 0.01254797 -0.25779456
vn 0.94147634 -0.01160207 -0.33687934
vn 0.92901671 0.02052589 -0.36946805
vn 0.95933442 0.00417004 -0.28224118
vn 0.96232160 0.02461640 -0.27079730
vn 0.96172646 -0.00521541 -0.27396172
vn 0.92626403 -0.02445505 -0.37608096
vn 0.91274492 0.03532693 -0.40699965
vn 0.92631673 -0.01496131 -0.37644851
vn 0.93012637 0.03285831 -0.36576670
vn 0.92387461 -0.00110496 -0.38269372
vn 0.93639327 0.03116072 -0.34956639
vn 0.93818862 -0.00616794 -0.34606945
vn 0.93185964 0.03639078 -0.36098937
vn 0.96726370 0.02980873 -0.25201663
vn 0.95223128 0.00270181 -0.30536583
vn 0.94074873 -0.14555811 -0.30627546
vn 0.66666907 -0.05453995 -0.74335573
vn 0.27053165 -0.03156363 -0.96219352
vn 0.04797888 -0.01119422 -0.99878562
vn 0.00000000 0.00000000 -1.00000000
vn 0.00000000 0.00000000 -1.00000000
vn 0.00000000 0.00000000 -1.00000000
vn 0.00000000 0.00000000 -1.00000000
vn 0.00000000 0.00000000 -1.00000000
vn 0.00000000 0.00000000 -1.00000000
vn 0.00000000 0.00000000 -1.00000000
vn 0.00000000 0.00000000 -1.00000000
vn 0.00000000 0.00000000 -1.00000000
vn 0.00000000 0.00000000 -1.00000000
vn 0.00000000 0.00000000 -1.00000000
vn 0.00000000 0.00000000 -1.00000000
vn 0.00000000 0.00000000 -1.00000000
vn 0.00000000 0.00000000 -1.00000000
vn 0.00000000 0.00000000 -1.00000000
vn 0.00000000 0.00000000 -1.00000000
vn 0.00000000 0.00000000 -1.00000000
vn 0.00000000 0.00000000 -1.00000000
vn 0.00000000 0.00000000 -1.00000000
vn 0.00000000 0.00000000 -1.00000000
vn 0.00000000 0.00000000 -1.00000000
vn 0.00000000 0.00000000 -1.00000000
vn 0.00000000 0.00000000 -1.00000000
vn -0.03672026 -0.01855179 -0.99915337
vn -0.27374332 -0.04991252 -0.96050681
vn -0.66425353 -0.09285162 -0.74171816
vn -0.94201087 -0.15503381 -0.29762400
vn -0.97279347 0.01068075 -0.23142770
vn -0.95523376 0.04330850 -0.29266505
vn -0.95833165 -0.01101931 -0.28544530
vn -0.93652050 0.02350560 -0.34982400
vn -0.94889113 0.02609540 -0.31452291
vn -0.95412823 -0.01780073 -0.29886864
vn -0.93505381 0.00933216 -0.35438296
vn -0.94375221 0.05309431 -0.32636293
vn -0.93258189 -0.04274695 -0.35841836
vn -0.96738356 0.00413005 -0.25328243
vn -0.96362682 0.01492906 -0.26683415
vn -0.93931274 0.06721039 -0.33641394
vn -0.91902639 -0.02531720 -0.39338217
vn -0.94735198 0.02119623 -0.31949171
vn -0.94236927 0.00449358 -0.33454442
vn -0.94987256 0.00865971 -0.31251742
vn -0.95309709 0.00408141 -0.30263721
vn -0.93833051 0.00479056 -0.34570639
vn -0.96126269 0.02451756 -0.27454132
vn -0.95457111 0.01009015 -0.29781233
vn -0.95087258 -0.00467393 -0.30954723
vn -0.97312530 -0.00248358 -0.23026284
vn -0.97686564 0.01077082 -0.21358255
vn -0.95714485 0.03389726 -0.28761906
vn -0.97310865 0.00807988 -0.23020486
vn -0.98250745 -0.01254326 -0.18580038
vn -0.96775802 0.02898920 -0.25020799
vn -0.94168019 0.03317927 -0.33486947
vn -0.95973506 0.00205638 -0.28089925
vn -0.95530516 0.02347825 -0.29468765
vn -0.58331460 -0.29494052 -0.75680523
vn -0.22936859 -0.17149513 -0.95811245
vn -0.03261212 -0.02654817 -0.99911543
vn 0.00000000 0.00000000 -1.00000000
vn 0.00000000 0.00000000 -1.00000000
vn 0.00000000 0.00000000 -1.00000000
vn 0.00000000 0.00000000 -1.00000000
vn 0.00000000 0.00000000 -1.00000000
vn -0.01774647 0.03948399 -0.99906260
vn -0.07877785 0.28200466 -0.95617332
vn -0.27135129 0.60924120 -0.74511317
vn 0.00000000 0.00000000 -1.00000000
vn 0.00000000 0.00000000 -1.00000000
vn 0.00000000 0.00000000 -1.00000000
vn 0.00000000 0.00000000 -1.00000000
vn 0.00000000 0.00000000 -1.00000000
vn 0.62507699 -0.01071156 -0.78048960
vn 0.00000000 0.00000000 -1.00000000
vn 0.00000000 0.00000000 -1.00000000
vn 0.00000000 0.00000000 -1.00000000
vn 0.00000000 0.00000000 -1.00000000
vn 0.00000000 0.00000000 -1.00000000
vn 0.24556485 -0.00038568 -0.96938009
vn 0.00000000 0.00000000 -1.00000000
vn -0.67152970 0.01025520 -0.74090667
vn 0.00000000 0.00000000 -1.00000000
vn 0.04328973 -0.00141281 -0.99906156
vn 0.00000000 0.00000000 -1.00000000
vn 0.69655916 0.02255108 -0.71714488
vn 0.00000000 0.00000000 -1.00000000
vn 0.04434966 0.00308882 -0.99901129
vn 0.00000000 0.00000000 -1.00000000
vn 0.00000000 0.00000000 -1.00000000
vn -0.01228232 -0.00256211 -0.99992129
vn 0.00000000 0.00000000 -1.00000000
vn 0.00000000 0.00000000 -1.00000000
vn 0.00000000 0.00000000 -1.00000000
vn 0.00000000 0.00000000 -1.00000000
vn 0.00000000 0.00000000 -1.00000000
vn 0.00000000 0.00000000 -1.00000000
vn 0.00000000 0.00000000 -1.00000000
vn 0.00000000 0.00000000 -1.00000000
vn 0.00000000 0.00000000 -1.00000000
vn 0.01102780 0.03452984 -0.99934282
vn 0.00000000 0.00000000 -1.00000000
vn 0.00000000 0.00000000 -1.00000000
vn 0.00000000 0.00000000 -1.00000000
vn 0.00845458 0.00035077 -0.99996420
vn -0.88290212 0.04621666 -0.46727708
vn 0.00000000 0.00000000 -1.00000000
vn -0.94143793 0.09330966 -0.32401841
vn 0.00000000 0.00000000 -1.00000000
vn 0.18183938 0.68655978 -0.70396741
vn 0.00000000 0.00000000 -1.00000000
vn 0.00000000 0.00000000 -1.00000000
vn -0.29243434 0.52517957 -0.79916743
vn 0.00000000 0.00000000 -1.00000000
vn 0.00000000 0.00000000 -1.00000000
vn -0.00239556 0.00249932 -0.99999401
vn 0.00000000 0.00000000 -1.00000000
vn 0.00000000 0.00000000 -1.00000000
vn 0.00000000 0.00000000 -1.00000000
vn 0.00000000 0.00000000 -1.00000000
vn 0.00000000 0.00000000 -1.00000000
vn 0.00000000 0.00000000 -1.00000000
vn 0.00000000 0.00000000 -1.00000000
vn 0.00000000 0.00000000 -1.00000000
vn 0.00000000 0.00000000 -1.00000000
vn 0.00000000 0.00000000 -1.00000000
vn 0.00000000 0.00000000 -1.00000000
vn 0.00000000 0.00000000 -1.00000000
vn 0.00000000 0.00000000 -1.00000000
vn -0.02753053 0.11935029 -0.99247044
vn 0.00000000 0.00000000 -1.00000000
vn 0.72677682 0.00397819 -0.68686216
vn -0.82069710 0.02289381 -0.57090467
vn 0.00000000 0.00000000 -1.00000000
vn 0.00000000 0.00000000 -1.00000000
vn 0.70054880 -0.01507375 -0.71344528
vn 0.00000000 0.00000000 -1.00000000
vn 0.00000000 0.00000000 -1.00000000
vn 0.00000000 0.00000000 -1.00000000
vn 0.00000000 0.00000000 -1.00000000
vn 0.00000000 0.00000000 -1.00000000
vn 0.00000000 0.00000000 -1.00000000
vn 0.00000000 0.00000000 -1.00000000
vn 0.00000000 0.00000000 -1.00000000
vn 0.00000000 0.00000000 -1.00000000
vn -0.03213350 -0.00008816 -0.99948358
vn 0.00000000 0.00000000 -1.00000000
vn 0.00000000 0.00000000 -1.00000000
vn 0.01413897 -0.00162492 -0.99989872
vn 0.04182426 -0.00533594 -0.99911073
vn -0.28151246 -0.13685136 -0.94974862
vn -0.39291295 0.74669422 -0.53671888
vn 0.62323160 -0.17284825 -0.76269644
vn 0.44741902 -0.02121472 -0.89407279
vn 0.00000000 0.00000000 -1.00000000
vn 0.42737260 -0.03046963 -0.90356199
vn 0.00000000 0.00000000 -1.00000000
vn 0.42719816 0.76998017 -0.47395388
vn 0.00000000 0.00000000 -1.00000000
vn 0.00000000 0.00000000 -1.00000000
vn -0.89552218 0.00354260 -0.44500277
vn 0.00000000 0.00000000 -1.00000000
vn 0.79738176 -0.01591481 -0.60326532
vn 0.00000000 0.00000000 -1.00000000
vn 0.00000000 0.00000000 -1.00000000
vn 0.00000000 0.00000000 -1.00000000
vn 0.45481853 0.00910309 -0.89053761
vn 0.00000000 0.00000000 -1.00000000
vn 0.00000000 0.00000000 -1.00000000
vn 0.00000000 0.00000000 -1.00000000
vn 0.00000000 0.00000000 -1.00000000
vn 0.00000000 0.00000000 -1.00000000
vn 0.00000000 0.00000000 -1.00000000
vn 0.00000000 0.00000000 -1.00000000
vn -0.00498030 0.01134058 -0.99992329
vn 0.00000000 0.00000000 -1.00000000
vn 0.00086451 0.00028339 -0.99999959
vn -0.08956043 0.25100517 -0.96383367
vn -0.02094187 -0.00468495 -0.99976972
vn -0.32896219 0.00284126 -0.94433882
vn 0.00000000 0.00000000 -1.00000000
vn 0.00000000 0.00000000 -1.00000000
vn 0.19137419 -0.00103549 -0.98151661
vn 0.00000000 0.00000000 -1.00000000
vn 0.00000000 0.00000000 -1.00000000
vn 0.00000000 0.00000000 -1.00000000
vn 0.60369237 0.00029029 -0.79721731
vn 0.00000000 0.00000000 -1.00000000
vn 0.00000000 0.00000000 -1.00000000
vn 0.00000000 0.00000000 -1.00000000
vn 0.00000000 0.00000000 -1.00000000
vn 0.00000000 0.00000000 -1.00000000
vn -0.03922531 0.00441244 -0.99922065
vn 0.00000000 0.00000000 -1.00000000
vn 0.00000000 0.00000000 -1.00000000
vn 0.00000000 0.00000000 -1.00000000
vn 0.00000000 0.00000000 -1.00000000
vn 0.00000000 0.00000000 -1.00000000
vn 0.00000000 0.00000000 -1.00000000
vn 0.00000000 0.00000000 -1.00000000
vn -0.01483373 0.02975202 -0.99944724
vn 0.00000000 0.00000000 -1.00000000
vn -0.19909451 0.00294236 -0.97997588
vn 0.00000000 0.00000000 -1.00000000
vn 0.00000000 0.00000000 -1.00000000
vn -0.22052393 0.01190038 -0.97530896
vn 0.00000000 0.00000000 -1.00000000
vn 0.00000000 0.00000000 -1.00000000
vn -0.46124051 0.00913283 -0.88722815
vn 0.00000000 0.00000000 -1.00000000
vn -0.87050473 -0.00317255 -0.49214982
vn 0.00000000 0.00000000 -1.00000000
vn -0.03741505 0.33928549 -0.93993908
vn 0.00000000 0.00000000 -1.00000000
vn 0.00000000 0.00000000 -1.00000000
vn 0.00000000 0.00000000 -1.00000000
vn 0.00000000 0.00000000 -1.00000000
vn 0.00000000 0.00000000 -1.00000000
vn -0.24001951 -0.00248746 -0.97076488
vn 0.00000000 0.00000000 -1.00000000
vn 0.00000000 0.00000000 -1.00000000
vn 0.00000000 0.00000000 -1.00000000
vn 0.00000000 0.00000000 -1.00000000
vn 0.00000000 0.00000000 -1.00000000
vn 0.04352198 0.11293919 -0.99264826
vn 0.00000000 0.00000000 -1.00000000
vn 0.00000000 0.00000000 -1.00000000
vn 0.00000000 0.00000000 -1.00000000
vn -0.26238847 0.48025756 -0.83696175
vn -0.00013127 0.00004284 -0.99999999
vn 0.00000000 0.00000000 -1.00000000
vn 0.04279676 -0.00180634 -0.99908217
vn 0.00000000 0.00000000 -1.00000000
vn 0.00000000 0.00000000 -1.00000000
vn 0.00000000 0.00000000 -1.00000000
vn -0.64637833 0.01397368 -0.76288911
vn 0.00000000 0.00000000 -1.00000000
vn 0.00000000 0.00000000 -1.00000000
vn 0.00000000 0.00000000 -1.00000000
vn 0.00000000 0.00000000 -1.00000000
vn 0.00000000 0.00000000 -1.00000000
vn -0.08441978 0.14881245 -0.98525538
vn 0.75214877 -0.01930840 -0.65871042
vn 0.00000000 0.00000000 -1.00000000
vn 0.00000000 0.00000000 -1.00000000
vn 0.23142270 0.00152366 -0.97285210
vn 0.00000000 0.00000000 -1.00000000
vn -0.30065538 0.01180134 -0.95365983
vn 0.09884556 0.19460481 -0.97588858
vn 0.00000000 0.00000000 -1.00000000
vn 0.33757782 0.00477474 -0.94128551
vn 0.00000000 0.00000000 -1.00000000
vn 0.00000000 0.00000000 -1.00000000
vn 0.00000000 0.00000000 -1.00000000
vn 0.00000000 0.00000000 -1.00000000
vn 0.00000000 0.00000000 -1.00000000
vn 0.00000000 0.00000000 -1.00000000
vn 0.00000000 0.00000000 -1.00000000
vn -0.02782968 -0.00056967 -0.99961252
vn 0.00000000 0.00000000 -1.00000000
vn 0.00000000 0.00000000 -1.00000000
vn 0.00000000 0.00000000 -1.00000000
vn 0.00000000 0.00000000 -1.00000000
vn 0.00000000 0.00000000 -1.00000000
vn 0.00000000 0.00000000 -1.00000000
vn 0.00000000 0.00000000 -1.00000000
vn 0.00000000 0.00000000 -1.00000000
vn 0.00000000 0.00000000 -1.00000000
vn 0.00000000 0.00000000 -1.00000000
vn 0.13395693 -0.00284776 -0.99098306
vn 0.00000000 0.00000000 -1.00000000
vn 0.00000000 0.00000000 -1.00000000
vn 0.13774358 -0.00786056 -0.99043673
vn 0.00000000 0.00000000 -1.00000000
vn 0.00000000 0.00000000 -1.00000000
vn 0.00000000 0.00000000 -1.00000000
vn 0.00000000 0.00000000 -1.00000000
vn 0.00000000 0.00000000 -1.00000000
vn 0.00000000 0.00000000 -1.00000000
vn 0.00000000 0.00000000 -1.00000000
vn 0.00000000 0.00000000 -1.00000000
vn 0.00000000 0.00000000 -1.00000000
vn -0.07376123 -0.00143664 -0.99727490
vn 0.00000000 0.00000000 -1.00000000
vn 0.00000000 0.00000000 -1.00000000
vn 0.00000000 0.00000000 -1.00000000
vn 0.00000000 0.00000000 -1.00000000
vn 0.00000000 0.00000000 -1.00000000
vn 0.00000000 0.00000000 -1.00000000
vn 0.00000000 0.00000000 -1.00000000
vn 0.00000000 0.00000000 -1.00000000
vn 0.00000000 0.00000000 -1.00000000
vn 0.00000000 0.00000000 -1.00000000
vn -0.76199084 0.04598125 -0.64595332
vn -0.82873358 0.01118919 -0.55953146
vn 0.00000000 0.00000000 -1.00000000
vn 0.00000000 0.00000000 -1.00000000
vn 0.00000000 0.00000000 -1.00000000
vn 0.00000000 0.00000000 -1.00000000
vn -0.67722499 -0.00343760 -0.73576796
vn 0.00000000 0.00000000 -1.00000000
vn 0.34886034 -0.23257398 -0.90785781
vn 0.13502628 -0.00245474 -0.99083898
vn 0.00000000 0.00000000 -1.00000000
vn 0.46351000 0.74939132 -0.47283309
vn 0.00000000 0.00000000 -1.00000000
vn 0.00000000 0.00000000 -1.00000000
vn 0.00007941 -0.00003055 -1.00000000
vn 0.00000000 0.00000000 -1.00000000
vn 0.00000000 0.00000000 -1.00000000
vn -0.31792151 -0.00580529 -0.94809926
vn 0.00000000 0.00000000 -1.00000000
vn 0.00000000 0.00000000 -1.00000000
vn 0.00000000 0.00000000 -1.00000000
vn 0.00000000 0.00000000 -1.00000000
vn 0.00000000 0.00000000 -1.00000000
vn 0.00000000 0.00000000 -1.00000000
vn 0.06689724 0.15397211 -0.98580797
vn 0.00000000 0.00000000 -1.00000000
vn 0.00000000 0.00000000 -1.00000000
vn -0.40620177 -0.00434422 -0.91377309
vn 0.00000000 0.00000000 -1.00000000
vn 0.00000000 0.00000000 -1.00000000
vn 0.00000000 0.00000000 -1.00000000
vn 0.00000000 0.00000000 -1.00000000
vn -0.05400794 -0.00160962 -0.99853921
vn 0.00000000 0.00000000 -1.00000000
vn -0.03105048 -0.00102151 -0.99951730
vn 0.00000000 0.00000000 -1.00000000
vn 0.55146240 0.02931871 -0.83368437
vn 0.59697469 -0.01766661 -0.80206553
vn 0.00000000 0.00000000 -1.00000000
vn 0.00000000 0.00000000 -1.00000000
vn 0.00000000 0.00000000 -1.00000000
vn 0.67892854 0.03961826 -0.73313466
vn -0.28654305 0.01406875 -0.95796406
vn 0.00000000 0.00000000 -1.00000000
vn 0.00000000 0.00000000 -1.00000000
vn 0.00000000 0.00000000 -1.00000000
vn 0.00000000 0.00000000 -1.00000000
vn 0.00000000 0.00000000 -1.00000000
vn 0.00000000 0.00000000 -1.00000000
vn 0.00000000 0.00000000 -1.00000000
vn 0.00000000 0.00000000 -1.00000000
vn 0.00000000 0.00000000 -1.00000000
vn 0.00000000 0.00000000 -1.00000000
vn 0.00000000 0.00000000 -1.00000000
vn 0.00000000 0.00000000 -1.00000000
vn -0.00279192 0.00049660 -0.99999598
vn 0.00000000 0.00000000 -1.00000000
vn 0.00000000 0.00000000 -1.00000000
vn 0.00000000 0.00000000 -1.00000000
vn 0.00000000 0.00000000 -1.00000000
vn 0.00000000 0.00000000 -1.00000000
vn 0.00000000 0.00000000 -1.00000000
vn 0.00000000 0.00000000 -1.00000000
vn 0.00000000 0.00000000 -1.00000000
vn 0.00000000 0.00000000 -1.00000000
vn 0.00000000 0.00000000 -1.00000000
vn 0.00000000 0.00000000 -1.00000000
vn -0.54585372 0.00984483 -0.83782265
vn 0.00000000 0.00000000 -1.00000000
vn 0.00000000 0.00000000 -1.00000000
vn -0.67993270 0.03402627 -0.73248463
vn 0.00000000 0.00000000 -1.00000000
vn 0.00000000 0.00000000 -1.00000000
vn 0.00000000 0.00000000 -1.00000000
vn 0.00000000 0.00000000 -1.00000000
vn 0.00000000 0.00000000 -1.00000000
vn -0.33696088 0.01013184 -0.94146413
vn 0.00000000 0.00000000 -1.00000000
vn 0.18512583 0.00345482 -0.98270875
vn 0.00000000 0.00000000 -1.00000000
vn 0.00000000 0.00000000 -1.00000000
vn 0.07557940 -0.00723764 -0.99711352
vn 0.00000000 0.00000000 -1.00000000
vn -0.37391323 0.77255675 -0.51317148
vn 0.00000000 0.00000000 -1.00000000
vn 0.00000000 0.00000000 -1.00000000
vn 0.00000000 0.00000000 -1.00000000
vn 0.25657376 0.48179858 -0.83787829
vn 0.00000000 0.00000000 -1.00000000
vn 0.00000000 0.00000000 -1.00000000
vn 0.00000000 0.00000000 -1.00000000
vn 0.00000000 0.00000000 -1.00000000
vn 0.00000000 0.00000000 -1.00000000
vn 0.13441998 0.00045399 -0.99092435
vn 0.00000000 0.00000000 -1.00000000
vn 0.00000000 0.00000000 -1.00000000
vn 0.00000000 0.00000000 -1.00000000
vn 0.00000000 0.00000000 -1.00000000
vn 0.00000000 0.00000000 -1.00000000
vn 0.00000000 0.00000000 -1.00000000
vn 0.00000000 0.00000000 -1.00000000
vn -0.52889705 0.00147538 -0.84868471
vn 0.00000000 0.00000000 -1.00000000
vn 0.00000000 0.00000000 -1.00000000
vn 0.00000000 0.00000000 -1.00000000
vn 0.00000000 0.00000000 -1.00000000
vn 0.40514521 0.75436414 -0.51651921
vn 0.00000000 0.00000000 -1.00000000
vn 0.00000000 0.00000000 -1.00000000
vn 0.22666590 0.52504789 -0.82033364
vn 0.00000000 0.00000000 -1.00000000
vn 0.00000000 0.00000000 -1.00000000
vn -0.27712750 -0.00292815 -0.96082869
vn 0.00000000 0.00000000 -1.00000000
vn 0.86660382 0.05566157 -0.49588266
vn 0.00000000 0.00000000 -1.00000000
vn 0.00000000 0.00000000 -1.00000000
vn 0.00000000 0.00000000 -1.00000000
vn 0.00000000 0.00000000 -1.00000000
vn -0.61620470 -0.01127522 -0.78750532
vn -0.15615109 0.52401103 -0.83727491
vn 0.00000000 0.00000000 -1.00000000
vn 0.08926319 0.00549052 -0.99599294
vn 0.00000000 0.00000000 -1.00000000
vn 0.07854688 -0.00947722 -0.99686537
vn 0.34951577 0.00396290 -0.93692210
vn 0.00000000 0.00000000 -1.00000000
vn 0.00000000 0.00000000 -1.00000000
vn -0.38849557 0.62767871 -0.67460405
vn 0.00000000 0.00000000 -1.00000000
vn 0.00000000 0.00000000 -1.00000000
vn 0.00000000 0.00000000 -1.00000000
vn 0.00000000 0.00000000 -1.00000000
vn 0.00000000 0.00000000 -1.00000000
vn 0.00000000 0.00000000 -1.00000000
vn 0.00000000 0.00000000 -1.00000000
vn 0.00000000 0.00000000 -1.00000000
vn 0.00000000 0.00000000 -1.00000000
vn 0.00000000 0.00000000 -1.00000000
vn 0.00000000 0.00000000 -1.00000000
vn 0.16448108 0.31036439 -0.93627983
vn 0.00000000 0.00000000 -1.00000000
vn 0.00000000 0.00000000 -1.00000000
vn -0.00080709 0.01624643 -0.99986769
vn 0.00000453 0.00001987 -1.00000000
vn -0.56901428 0.00073041 -0.82232732
vn -0.41595269 0.72553865 -0.54824906
vn 0.00000000 0.00000000 -1.00000000
vn 0.00000000 0.00000000 -1.00000000
vn 0.00000000 0.00000000 -1.00000000
vn 0.00000000 0.00000000 -1.00000000
vn 0.00000000 0.00000000 -1.00000000
vn 0.00000000 0.00000000 -1.00000000
vn -0.88405294 0.04728627 -0.46498860
vn 0.00000000 0.00000000 -1.00000000
vn 0.00000000 0.00000000 -1.00000000
vn 0.00000000 0.00000000 -1.00000000
vn 0.01047307 0.02019233 -0.99974126
vn 0.00000000 0.00000000 -1.00000000
vn 0.00000000 0.00000000 -1.00000000
vn 0.00000000 0.00000000 -1.00000000
vn 0.00000000 0.00000000 -1.00000000
vn 0.00000000 0.00000000 -1.00000000
vn 0.00000000 0.00000000 -1.00000000
vn -0.12967335 0.56327774 -0.81602881
vn 0.00000000 0.00000000 -1.00000000
vn 0.00000000 0.00000000 -1.00000000
vn 0.00000000 0.00000000 -1.00000000
vn 0.00000000 0.00000000 -1.00000000
vn 0.00000000 0.00000000 -1.00000000
vn 0.14756142 0.53201529 -0.83377776
vn 0.00000000 0.00000000 -1.00000000
vn -0.00047704 -0.00006210 -0.99999988
vn 0.00000000 0.00000000 -1.00000000
vn -0.00459522 0.00231792 -0.99998676
vn 0.23381590 0.46086667 -0.85611450
vn 0.15177393 0.00454441 -0.98840479
vn 0.00000000 0.00000000 -1.00000000
vn 0.00000000 0.00000000 -1.00000000
vn 0.00130967 -0.00005746 -0.99999914
vn 0.00000000 0.00000000 -1.00000000
vn 0.00000000 0.00000000 -1.00000000
vn 0.00000000 0.00000000 -1.00000000
vn 0.00000000 0.00000000 -1.00000000
vn -0.04167762 -0.00172227 -0.99912963
vn 0.00000000 0.00000000 -1.00000000
vn 0.00000000 0.00000000 -1.00000000
vn 0.00000000 0.00000000 -1.00000000
vn 0.00000000 0.00000000 -1.00000000
vn 0.00000000 0.00000000 -1.00000000
vn 0.00000000 0.00000000 -1.00000000
vn 0.00000000 0.00000000 -1.00000000
vn 0.00000000 0.00000000 -1.00000000
vn 0.00000000 0.00000000 -1.00000000
vn 0.00000000 0.00000000 -1.00000000
vn 0.00000000 0.00000000 -1.00000000
vn 0.00000000 0.00000000 -1.00000000
vn -0.00413061 -0.00160164 -0.99999019
vn 0.74164748 -0.01133028 -0.67069415
vn -0.00040832 -0.00014195 -0.99999991
vn 0.00000000 0.00000000 -1.00000000
vn 0.00000000 0.00000000 -1.00000000
vn -0.17102884 0.00045080 -0.98526592
vn -0.25327067 0.01047319 -0.96733876
vn 0.00000000 0.00000000 -1.00000000
vn 0.00000000 0.00000000 -1.00000000
vn 0.00000000 0.00000000 -1.00000000
vn -0.00962299 0.00137593 -0.99995275
vn -0.81063008 0.00486618 -0.58553838
vn 0.00000000 0.00000000 -1.00000000
vn 0.00000000 0.00000000 -1.00000000
vn 0.00000000 0.00000000 -1.00000000
vn 0.00000000 0.00000000 -1.00000000
vn 0.00000000 0.00000000 -1.00000000
vn 0.00000000 0.00000000 -1.00000000
vn 0.00000000 0.00000000 -1.00000000
vn 0.00000000 0.00000000 -1.00000000
vn 0.00000000 0.00000000 -1.00000000
vn 0.00000000 0.00000000 -1.00000000
vn 0.00000000 0.00000000 -1.00000000
vn 0.00000000 0.00000000 -1.00000000
vn 0.00000000 0.00000000 -1.00000000
vn 0.00000000 0.00000000 -1.00000000
vn 0.03323375 -0.00175236 -0.99944607
vn 0.00000000 0.00000000 -1.00000000
vn 0.55486416 0.03266744 -0.83129935
vn 0.00000000 0.00000000 -1.00000000
vn 0.86004827 -0.00210433 -0.51020834
vn 0.00000000 0.00000000 -1.00000000
vn -0.84178192 0.00834697 -0.53975321
vn 0.00000000 0.00000000 -1.00000000
vn 0.00000000 0.00000000 -1.00000000
vn 0.00000000 0.00000000 -1.00000000
vn -0.22155604 0.00619814 -0.97512794
vn 0.00000000 0.00000000 -1.00000000
vn 0.00000000 0.00000000 -1.00000000
vn 0.00000000 0.00000000 -1.00000000
vn 0.00000000 0.00000000 -1.00000000
vn 0.65421861 0.01396214 -0.75617661
vn 0.02958073 0.08370915 -0.99605108
vn 0.00000000 0.00000000 -1.00000000
vn 0.00000000 0.00000000 -1.00000000
vn 0.00000000 0.00000000 -1.00000000
vn 0.00000000 0.00000000 -1.00000000
vn 0.00000000 0.00000000 -1.00000000
vn 0.00000000 0.00000000 -1.00000000
vn 0.00000000 0.00000000 -1.00000000
vn 0.00000000 0.00000000 -1.00000000
vn -0.82112094 0.01236828 -0.57062021
vn 0.00000000 0.00000000 -1.00000000
vn -0.54594033 0.00639994 -0.83779962
vn 0.00000000 0.00000000 -1.00000000
vn 0.00000000 0.00000000 -1.00000000
vn 0.00000000 0.00000000 -1.00000000
vn 0.00000000 0.00000000 -1.00000000
vn 0.00000000 0.00000000 -1.00000000
vn 0.00000000 0.00000000 -1.00000000
vn 0.00000000 0.00000000 -1.00000000
vn 0.00000000 0.00000000 -1.00000000
vn 0.00000000 0.00000000 -1.00000000
vn 0.00000000 0.00000000 -1.00000000
vn 0.00000000 0.00000000 -1.00000000
vn 0.00000000 0.00000000 -1.00000000
vn 0.00000000 0.00000000 -1.00000000
vn 0.01165821 0.02432883 -0.99963603
vn 0.00000000 0.00000000 -1.00000000
vn 0.00000000 0.00000000 -1.00000000
vn 0.00000000 0.00000000 -1.00000000
vn -0.62095955 0.00646056 -0.78381598
vn 0.00000000 0.00000000 -1.00000000
vn 0.00000000 0.00000000 -1.00000000
vn -0.04243318 0.00179033 -0.99909770
vn 0.00000000 0.00000000 -1.00000000
vn 0.00000000 0.00000000 -1.00000000
vn 0.00000000 0.00000000 -1.00000000
vn 0.00000000 0.00000000 -1.00000000
vn 0.00000000 0.00000000 -1.00000000
vn 0.00000000 0.00000000 -1.00000000
vn -0.16040143 0.28448810 -0.94516554
vn 0.00000000 0.00000000 -1.00000000
vn 0.00000000 0.00000000 -1.00000000
vn 0.00000000 0.00000000 -1.00000000
vn 0.00000000 0.00000000 -1.00000000
vn 0.00000000 0.00000000 -1.00000000
vn 0.00000000 0.00000000 -1.00000000
vn -0.84706854 0.00810963 -0.53142179
vn 0.00000000 0.00000000 -1.00000000
vn 0.02964295 0.00554437 -0.99954517
vn 0.39134831 -0.01001721 -0.92018811
vn 0.00000000 0.00000000 -1.00000000
vn 0.00000000 0.00000000 -1.00000000
vn 0.00000000 0.00000000 -1.00000000
vn 0.00000000 0.00000000 -1.00000000
vn 0.00000000 0.00000000 -1.00000000
vn 0.00000000 0.00000000 -1.00000000
vn 0.00000000 0.00000000 -1.00000000
vn 0.30289300 -0.00670170 -0.95300101
vn 0.00000000 0.00000000 -1.00000000
vn 0.00000000 0.00000000 -1.00000000
vn 0.00000000 0.00000000 -1.00000000
vn 0.00000000 0.00000000 -1.00000000
vn 0.00000000 0.00000000 -1.00000000
vn 0.00000000 0.00000000 -1.00000000
vn 0.54139043 0.01693556 -0.84060073
vn 0.14317706 -0.00397502 -0.98968911
vn 0.00000000 0.00000000 -1.00000000
vn 0.00000000 0.00000000 -1.00000000
vn 0.00000000 0.00000000 -1.00000000
vn 0.00000000 0.00000000 -1.00000000
vn 0.00000000 0.00000000 -1.00000000
vn 0.00000000 0.00000000 -1.00000000
vn 0.00000000 0.00000000 -1.00000000
vn 0.81804910 0.00923619 -0.57507422
vn 0.00000000 0.00000000 -1.00000000
vn 0.32988672 -0.01132395 -0.94395260
vn 0.01119785 0.00026626 -0.99993727
vn 0.00000000 0.00000000 -1.00000000
vn 0.00000000 0.00000000 -1.00000000
vn -0.55098182 0.02344703 -0.83418779
vn 0.00000000 0.00000000 -1.00000000
vn 0.92256859 0.07676014 -0.37812044
vn 0.39809937 0.01546844 -0.91721187
vn 0.00000000 0.00000000 -1.00000000
vn 0.00000000 0.00000000 -1.00000000
vn 0.00000000 0.00000000 -1.00000000
vn 0.00000000 0.00000000 -1.00000000
vn -0.46987632 0.00351675 -0.88272525
vn 0.00000000 0.00000000 -1.00000000
vn -0.18031354 -0.00273380 -0.98360538
vn 0.00000000 0.00000000 -1.00000000
vn 0.00000000 0.00000000 -1.00000000
vn 0.16263873 0.31796552 -0.93404848
vn 0.00000000 0.00000000 -1.00000000
vn 0.84188362 -0.00831285 -0.53959509
vn 0.62785962 0.05025554 -0.77670244
vn -0.00362010 0.00098759 -0.99999296
vn 0.00000000 0.00000000 -1.00000000
vn 0.71042900 0.02438590 -0.70334627
vn 0.00000000 0.00000000 -1.00000000
vn 0.00000000 0.00000000 -1.00000000
vn 0.00000000 0.00000000 -1.00000000
vn 0.00000000 0.00000000 -1.00000000
vn 0.00000000 0.00000000 -1.00000000
vn 0.00000000 0.00000000 -1.00000000
vn 0.00000000 0.00000000 -1.00000000
vn 0.00000000 0.00000000 -1.00000000
vn 0.00000000 0.00000000 -1.00000000
vn 0.00000000 0.00000000 -1.00000000
vn 0.00000000 0.00000000 -1.00000000
vn 0.35233314 0.61678212 -0.70387583
vn 0.00000000 0.00000000 -1.00000000
vn 0.00000000 0.00000000 -1.00000000
vn 0.00000000 0.00000000 -1.00000000
vn 0.00000000 0.00000000 -1.00000000
vn 0.00000000 0.00000000 -1.00000000
vn 0.00000000 0.00000000 -1.00000000
vn -0.10463139 0.00058823 -0.99451090
vn 0.46156750 -0.00469634 -0.88709266
vn 0.00000000 0.00000000 -1.00000000
vn 0.00000000 0.00000000 -1.00000000
vn 0.15234081 0.00445919 -0.98831796
vn 0.01562473 0.02975734 -0.99943502
vn 0.00000000 0.00000000 -1.00000000
vn 0.36398727 0.01627309 -0.93126175
vn 0.00000000 0.00000000 -1.00000000
vn -0.05702849 0.00135298 -0.99837163
vn 0.00000000 0.00000000 -1.00000000
vn -0.91172516 0.05833838 -0.40663727
vn 0.00000000 0.00000000 -1.00000000
vn 0.00000000 0.00000000 -1.00000000
vn -0.90696656 0.01431871 -0.42095918
vn 0.25230104 0.00833303 -0.96761291
vn 0.00000000 0.00000000 -1.00000000
vn 0.00000000 0.00000000 -1.00000000
vn 0.00000000 0.00000000 -1.00000000
vn 0.00000000 0.00000000 -1.00000000
vn -0.11721110 0.00397157 -0.99309908
vn -0.00216207 -0.00058510 -0.99999749
vn -0.03966752 0.00153302 -0.99921176
vn 0.00000000 0.00000000 -1.00000000
vn 0.00000000 0.00000000 -1.00000000
vn 0.00000000 0.00000000 -1.00000000
vn -0.77026513 0.02524370 -0.63722396
vn 0.00000000 0.00000000 -1.00000000
vn 0.00000000 0.00000000 -1.00000000
vn 0.05212711 -0.00825609 -0.99860633
vn -0.00003261 -0.00001422 -1.00000000
vn 0.00000000 0.00000000 -1.00000000
vn 0.00000000 0.00000000 -1.00000000
vn -0.07347825 0.00155203 -0.99729561
vn 0.00000000 0.00000000 -1.00000000
vn 0.00000000 0.00000000 -1.00000000
vn -0.02801195 -0.00385879 -0.99960014
vn 0.00000000 0.00000000 -1.00000000
vn 0.00000000 0.00000000 -1.00000000
vn 0.00000000 0.00000000 -1.00000000
vn 0.32704658 0.00281854 -0.94500402
vn -0.84047557 0.00813529 -0.54178837
vn -0.58680002 0.01510452 -0.80959100
vn 0.00000000 0.00000000 -1.00000000
vn 0.00000000 0.00000000 -1.00000000
vn 0.00015000 0.00011015 -0.99999998
vn 0.00000000 0.00000000 -1.00000000
vn 0.00000000 0.00000000 -1.00000000
vn 0.50010165 0.03467128 -0.86527235
vn 0.00000000 0.00000000 -1.00000000
vn 0.00000000 0.00000000 -1.00000000
vn 0.00000000 0.00000000 -1.00000000
vn 0.00000000 0.00000000 -1.00000000
vn 0.00000000 0.00000000 -1.00000000
vn 0.00000000 0.00000000 -1.00000000
vn 0.00000000 0.00000000 -1.00000000
vn 0.00000000 0.00000000 -1.00000000
vn -0.06208264 -0.00047813 -0.99807090
vn 0.00000000 0.00000000 -1.00000000
vn 0.00000000 0.00000000 -1.00000000
vn 0.00000000 0.00000000 -1.00000000
vn 0.00000000 0.00000000 -1.00000000
vn 0.91310658 -0.06117327 -0.40310570
vn 0.00000000 0.00000000 -1.00000000
vn 0.00000000 0.00000000 -1.00000000
vn -0.13251316 0.48095488 -0.86667333
vn 0.00000000 0.00000000 -1.00000000
vn 0.00000000 0.00000000 -1.00000000
vn 0.00000000 0.00000000 -1.00000000
vn -0.04679298 -0.00490649 -0.99889256
vn 0.00000000 0.00000000 -1.00000000
vn 0.00000000 0.00000000 -1.00000000
vn 0.00000000 0.00000000 -1.00000000
vn 0.00000000 0.00000000 -1.00000000
vn 0.00000000 0.00000000 -1.00000000
vn 0.00000000 0.00000000 -1.00000000
vn 0.00000000 0.00000000 -1.00000000
vn 0.00000000 0.00000000 -1.00000000
vn 0.00000000 0.00000000 -1.00000000
vn 0.00000000 0.00000000 -1.00000000
vn 0.00000000 0.00000000 -1.00000000
vn 0.00000000 0.00000000 -1.00000000
vn 0.00000000 0.00000000 -1.00000000
vn 0.00000000 0.00000000 -1.00000000
vn 0.00000000 0.00000000 -1.00000000
vn -0.73481170 -0.01883996 -0.67800946
vn 0.45467452 0.00893765 -0.89061282
vn 0.00000000 0.00000000 -1.00000000
vn 0.78803395 -0.00095022 -0.61563105
vn 0.00000000 0.00000000 -1.00000000
vn 0.00000000 0.00000000 -1.00000000
vn 0.00000000 0.00000000 -1.00000000
vn 0.00000000 0.00000000 -1.00000000
vn 0.00000000 0.00000000 -1.00000000
vn 0.00000000 0.00000000 -1.00000000
vn 0.00000000 0.00000000 -1.00000000
vn 0.02450498 -0.00108549 -0.99969912
vn 0.00000000 0.00000000 -1.00000000
vn 0.00000000 0.00000000 -1.00000000
vn 0.00000000 0.00000000 -1.00000000
vn 0.00000000 0.00000000 -1.00000000
vn -0.85148083 -0.03205618 -0.52340500
vn 0.00000000 0.00000000 -1.00000000
vn 0.00000000 0.00000000 -1.00000000
vn 0.00000000 0.00000000 -1.00000000
vn 0.00000000 0.00000000 -1.00000000
vn 0.00000000 0.00000000 -1.00000000
vn 0.17637444 -0.00532573 -0.98430874
vn 0.00000000 0.00000000 -1.00000000
vn 0.00000000 0.00000000 -1.00000000
vn 0.00149570 -0.00021939 -0.99999886
vn -0.43943716 0.01374313 -0.89816820
vn 0.00000000 0.00000000 -1.00000000
vn -0.09977348 0.18582848 -0.97750347
vn 0.00000000 0.00000000 -1.00000000
vn 0.00000000 0.00000000 -1.00000000
vn 0.00000000 0.00000000 -1.00000000
vn 0.00000000 0.00000000 -1.00000000
vn 0.00000000 0.00000000 -1.00000000
vn 0.00000000 0.00000000 -1.00000000
vn 0.00000000 0.00000000 -1.00000000
vn 0.00000000 0.00000000 -1.00000000
vn 0.00000000 0.00000000 -1.00000000
vn 0.00000000 0.00000000 -1.00000000
vn 0.00000000 0.00000000 -1.00000000
vn 0.00000000 0.00000000 -1.00000000
vn 0.00000000 0.00000000 -1.00000000
vn 0.00000000 0.00000000 -1.00000000
vn -0.07979592 -0.03185192 -0.99630220
vn 0.00000000 0.00000000 -1.00000000
vn 0.00000000 0.00000000 -1.00000000
vn 0.00000000 0.00000000 -1.00000000
vn 0.14442804 0.01589322 -0.98938766
vn 0.00000000 0.00000000 -1.00000000
vn 0.00000000 0.00000000 -1.00000000
vn 0.00000000 0.00000000 -1.00000000
vn 0.00000000 0.00000000 -1.00000000
vn 0.00000000 0.00000000 -1.00000000
vn 0.00000000 0.00000000 -1.00000000
vn 0.00000000 0.00000000 -1.00000000
vn 0.00000000 0.00000000 -1.00000000
vn 0.00000000 0.00000000 -1.00000000
vn 0.00000000 0.00000000 -1.00000000
vn 0.00000000 0.00000000 -1.00000000
vn 0.00000000 0.00000000 -1.00000000
vn 0.00000000 0.00000000 -1.00000000
vn 0.00000000 0.00000000 -1.00000000
vn 0.00000000 0.00000000 -1.00000000
vn -0.88417408 -0.04825612 -0.46465853
vn 0.00000000 0.00000000 -1.00000000
vn 0.00000000 0.00000000 -1.00000000
vn 0.34939920 -0.00515622 -0.93695977
vn 0.00000000 0.00000000 -1.00000000
vn 0.00000000 0.00000000 -1.00000000
vn 0.00000000 0.00000000 -1.00000000
vn 0.00000000 0.00000000 -1.00000000
vn 0.00000000 0.00000000 -1.00000000
vn 0.06537825 -0.01792570 -0.99769953
vn -0.01122008 0.00077489 -0.99993675
vn 0.00000000 0.00000000 -1.00000000
vn 0.00000000 0.00000000 -1.00000000
vn -0.03545975 0.12126955 -0.99198604
vn 0.00000000 0.00000000 -1.00000000
vn -0.09040542 0.00034869 -0.99590498
vn 0.00000000 0.00000000 -1.00000000
vn 0.00000000 0.00000000 -1.00000000
vn 0.00000000 0.00000000 -1.00000000
vn 0.00000000 0.00000000 -1.00000000
vn 0.00000000 0.00000000 -1.00000000
vn 0.30545477 0.54572367 -0.78030959
vn -0.81390392 0.00862423 -0.58093548
vn 0.00000000 0.00000000 -1.00000000
vn 0.00000000 0.00000000 -1.00000000
vn 0.13758573 0.01990482 -0.99028984
vn 0.00000000 0.00000000 -1.00000000
vn 0.00000000 0.00000000 -1.00000000
vn 0.00000000 0.00000000 -1.00000000
vn 0.00000000 0.00000000 -1.00000000
vn 0.00000000 0.00000000 -1.00000000
vn 0.00000000 0.00000000 -1.00000000
vn 0.00000000 0.00000000 -1.00000000
vn 0.00000000 0.00000000 -1.00000000
vn 0.00000000 0.00000000 -1.00000000
vn 0.00000000 0.00000000 -1.00000000
vn 0.00000000 0.00000000 -1.00000000
vn 0.00000000 0.00000000 -1.00000000
vn 0.01969297 0.03169696 -0.99930350
vn 0.00000000 0.00000000 -1.00000000
vn 0.00000000 0.00000000 -1.00000000
vn -0.86286135 -0.02299169 -0.50491750
vn 0.06690101 0.00090373 -0.99775921
vn 0.00000000 0.00000000 -1.00000000
vn 0.00000000 0.00000000 -1.00000000
vn 0.00000000 0.00000000 -1.00000000
vn 0.00000000 0.00000000 -1.00000000
vn 0.00000000 0.00000000 -1.00000000
vn -0.50650319 0.01099978 -0.86216792
vn 0.00000000 0.00000000 -1.00000000
vn 0.00000000 0.00000000 -1.00000000
vn 0.00000000 0.00000000 -1.00000000
vn 0.00000000 0.00000000 -1.00000000
vn 0.00000000 0.00000000 -1.00000000
vn -0.66815440 -0.00154156 -0.74402105
vn 0.00000000 0.00000000 -1.00000000
vn 0.38394534 0.70764293 -0.59315046
vn 0.00000000 0.00000000 -1.00000000
vn 0.03561074 -0.00032512 -0.99936568
vn 0.00000000 0.00000000 -1.00000000
vn 0.00000000 0.00000000 -1.00000000
vn 0.00000000 0.00000000 -1.00000000
vn -0.32000811 -0.00058923 -0.94741462
vn 0.00000000 0.00000000 -1.00000000
vn 0.00000000 0.00000000 -1.00000000
vn 0.17344171 0.01114347 -0.98478109
vn 0.00000000 0.00000000 -1.00000000
vn 0.00000000 0.00000000 -1.00000000
vn 0.00000000 0.00000000 -1.00000000
vn -0.69068504 0.00439650 -0.72314235
vn 0.00000000 0.00000000 -1.00000000
vn -0.12968319 -0.00134504 -0.99155457
vn 0.00000000 0.00000000 -1.00000000
vn 0.36706183 0.71406676 -0.59613276
vn 0.00000000 0.00000000 -1.00000000
vn -0.29030999 0.01229465 -0.95685367
vn 0.00000000 0.00000000 -1.00000000
vn 0.00000000 0.00000000 -1.00000000
vn 0.00000000 0.00000000 -1.00000000
vn 0.00000000 0.00000000 -1.00000000
vn 0.00000000 0.00000000 -1.00000000
vn 0.00000000 0.00000000 -1.00000000
vn 0.00000000 0.00000000 -1.00000000
vn 0.33748367 0.00274183 -0.94132739
vn 0.37181023 -0.01227136 -0.92822765
vn 0.00000000 0.00000000 -1.00000000
vn 0.00000000 0.00000000 -1.00000000
vn 0.00000000 0.00000000 -1.00000000
vn -0.42483222 0.79273255 -0.43714150
vn 0.00000000 0.00000000 -1.00000000
vn 0.00000000 0.00000000 -1.00000000
vn 0.00000000 0.00000000 -1.00000000
vn 0.59247463 0.00858552 -0.80554336
vn 0.00000000 0.00000000 -1.00000000
vn 0.77633380 0.02826895 -0.62968778
vn -0.16046780 0.02316253 -0.98676927
vn 0.00000000 0.00000000 -1.00000000
vn 0.00123142 0.00008972 -0.99999924
vn 0.00000000 0.00000000 -1.00000000
vn 0.00000000 0.00000000 -1.00000000
vn 0.00000000 0.00000000 -1.00000000
vn 0.00000000 0.00000000 -1.00000000
vn 0.00000000 0.00000000 -1.00000000
vn 0.00000000 0.00000000 -1.00000000
vn 0.23115725 0.00813064 -0.97288243
vn 0.00000000 0.00000000 -1.00000000
vn 0.00000000 0.00000000 -1.00000000
vn 0.00000000 0.00000000 -1.00000000
vn 0.00000000 0.00000000 -1.00000000
vn 0.00000000 0.00000000 -1.00000000
vn 0.00000000 0.00000000 -1.00000000
vn -0.04413820 0.07119023 -0.99648571
vn 0.00000000 0.00000000 -1.00000000
vn 0.00000000 0.00000000 -1.00000000
vn 0.32460560 0.00580391 -0.94583166
vn 0.00000000 0.00000000 -1.00000000
vn -0.10171609 0.26816435 -0.95798837
vn 0.00000000 0.00000000 -1.00000000
vn 0.00000000 0.00000000 -1.00000000
vn -0.11011523 0.01073524 -0.99386085
vn 0.00000000 0.00000000 -1.00000000
vn -0.10139349 0.00760078 -0.99481736
vn 0.00000000 0.00000000 -1.00000000
vn 0.00000000 0.00000000 -1.00000000
vn 0.00000000 0.00000000 -1.00000000
vn -0.38779460 0.00935647 -0.92169833
vn -0.39833741 0.00972652 -0.91718739
vn 0.00000000 0.00000000 -1.00000000
vn 0.00000000 0.00000000 -1.00000000
vn 0.00000000 0.00000000 -1.00000000
vn 0.00000000 0.00000000 -1.00000000
vn 0.00000000 0.00000000 -1.00000000
vn -0.32136525 0.00355758 -0.94694863
vn 0.00000000 0.00000000 -1.00000000
vn -0.05921676 -0.00323860 -0.99823989
vn 0.00000000 0.00000000 -1.00000000
vn 0.00000000 0.00000000 -1.00000000
vn 0.02240872 0.00253030 -0.99974569
vn -0.30179403 0.55189188 -0.77739032
vn 0.00000000 0.00000000 -1.00000000
vn 0.00000000 0.00000000 -1.00000000
vn 0.00000000 0.00000000 -1.00000000
vn 0.59610252 0.00582474 -0.80288720
vn 0.00000000 0.00000000 -1.00000000
vn 0.00000000 0.00000000 -1.00000000
vn 0.00000000 0.00000000 -1.00000000
vn 0.00000000 0.00000000 -1.00000000
vn 0.00000000 0.00000000 -1.00000000
vn 0.00000000 0.00000000 -1.00000000
vn 0.00000000 0.00000000 -1.00000000
vn 0.00000000 0.00000000 -1.00000000
vn 0.00000000 0.00000000 -1.00000000
vn 0.00000000 0.00000000 -1.00000000
vn 0.81483086 -0.01295093 -0.57955409
vn 0.00000000 0.00000000 -1.00000000
vn 0.00000000 0.00000000 -1.00000000
vn 0.00000000 0.00000000 -1.00000000
vn 0.00000000 0.00000000 -1.00000000
vn 0.18335605 0.40432483 -0.89604798
vn 0.00000000 0.00000000 -1.00000000
vn 0.00000000 0.00000000 -1.00000000
vn 0.00000000 0.00000000 -1.00000000
vn 0.00000000 0.00000000 -1.00000000
vn 0.00000000 0.00000000 -1.00000000
vn 0.00000000 0.00000000 -1.00000000
vn -0.00004953 -0.00001747 -1.00000000
vn 0.00000000 0.00000000 -1.00000000
vn 0.00000000 0.00000000 -1.00000000
vn 0.00000000 0.00000000 -1.00000000
vn 0.00000000 0.00000000 -1.00000000
vn 0.00000000 0.00000000 -1.00000000
vn 0.00000000 0.00000000 -1.00000000
vn 0.00000000 0.00000000 -1.00000000
vn 0.00000000 0.00000000 -1.00000000
vn 0.00000000 0.00000000 -1.00000000
vn 0.00000000 0.00000000 -1.00000000
vn 0.33327796 0.01680620 -0.94267882
vn 0.00000000 0.00000000 -1.00000000
vn 0.00000000 0.00000000 -1.00000000
vn 0.00000000 0.00000000 -1.00000000
vn 0.00000000 0.00000000 -1.00000000
vn 0.00000000 0.00000000 -1.00000000
vn 0.19045147 0.00806457 -0.98166349
vn 0.00000000 0.00000000 -1.00000000
vn 0.33224471 -0.00013977 -0.94319321
vn 0.00000000 0.00000000 -1.00000000
vn 0.86891072 0.06336944 -0.49089559
vn -0.86570428 -0.04855174 -0.49819558
vn 0.00065351 -0.00025727 -0.99999975
vn 0.00000000 0.00000000 -1.00000000
vn 0.00000000 0.00000000 -1.00000000
vn 0.00000000 0.00000000 -1.00000000
vn 0.00000000 0.00000000 -1.00000000
vn 0.00000000 0.00000000 -1.00000000
vn 0.00000000 0.00000000 -1.00000000
vn 0.00000000 0.00000000 -1.00000000
vn 0.00000000 0.00000000 -1.00000000
vn 0.00000000 0.00000000 -1.00000000
vn 0.00000000 0.00000000 -1.00000000
vn 0.00000000 0.00000000 -1.00000000
vn 0.00000000 0.00000000 -1.00000000
vn 0.08132775 0.01375473 -0.99659250
vn -0.23446332 0.00409248 -0.97211635
vn 0.00000000 0.00000000 -1.00000000
vn -0.01700579 0.00399405 -0.99984741
vn 0.00000000 0.00000000 -1.00000000
vn 0.00000000 0.00000000 -1.00000000
vn 0.00000000 0.00000000 -1.00000000
vn 0.00000000 0.00000000 -1.00000000
vn 0.00000000 0.00000000 -1.00000000
vn -0.53488655 0.00855306 -0.84488060
vn 0.00000000 0.00000000 -1.00000000
vn 0.00615296 0.00197962 -0.99997911
vn 0.00000000 0.00000000 -1.00000000
vn 0.00000000 0.00000000 -1.00000000
vn 0.00000000 0.00000000 -1.00000000
vn 0.00000000 0.00000000 -1.00000000
vn 0.00000000 0.00000000 -1.00000000
vn 0.00000000 0.00000000 -1.00000000
vn 0.73488086 -0.00704121 -0.67815967
vn 0.83278738 0.03318828 -0.55259725
vn 0.00000000 0.00000000 -1.00000000
vn 0.24942085 -0.09627493 -0.96359762
vn 0.00000000 0.00000000 -1.00000000
vn 0.00000000 0.00000000 -1.00000000
vn 0.00000000 0.00000000 -1.00000000
vn -0.60046777 0.00303764 -0.79964319
vn 0.00000000 0.00000000 -1.00000000
vn -0.21112930 0.37622838 -0.90215111
vn 0.00000000 0.00000000 -1.00000000
vn 0.00000000 0.00000000 -1.00000000
vn 0.00000000 0.00000000 -1.00000000
vn -0.45883155 0.01800399 -0.88834085
vn 0.00000000 0.00000000 -1.00000000
vn 0.00000000 0.00000000 -1.00000000
vn 0.00000000 0.00000000 -1.00000000
vn 0.00000000 0.00000000 -1.00000000
vn 0.00000000 0.00000000 -1.00000000
vn 0.00000000 0.00000000 -1.00000000
vn -0.55494001 -0.00405899 -0.83188047
vn 0.00000000 0.00000000 -1.00000000
vn 0.00000000 0.00000000 -1.00000000
vn 0.00000000 0.00000000 -1.00000000
vn 0.00000000 0.00000000 -1.00000000
vn 0.00000000 0.00000000 -1.00000000
vn 0.00000000 0.00000000 -1.00000000
vn 0.03226794 0.07272861 -0.99682964
vn 0.92081897 0.02039451 -0.38945667
vn 0.00000000 0.00000000 -1.00000000
vn 0.00000000 0.00000000 -1.00000000
vn 0.00000000 0.00000000 -1.00000000
vn 0.00000000 0.00000000 -1.00000000
vn 0.00000000 0.00000000 -1.00000000
vn -0.82344807 0.01493546 -0.56719503
vn -0.77729537 -0.01314117 -0.62899859
vn 0.00000000 0.00000000 -1.00000000
vn -0.71053882 0.00947022 -0.70359428
vn 0.07696181 0.15997400 -0.98411646
vn 0.35545635 0.00227366 -0.93469011
vn 0.03226699 0.00334385 -0.99947369
vn 0.00000000 0.00000000 -1.00000000
vn 0.00000000 0.00000000 -1.00000000
vn 0.00000000 0.00000000 -1.00000000
vn 0.00000000 0.00000000 -1.00000000
vn -0.00067562 0.00052670 -0.99999963
vn 0.00000000 0.00000000 -1.00000000
vn 0.00000000 0.00000000 -1.00000000
vn 0.00000000 0.00000000 -1.00000000
vn 0.00000000 0.00000000 -1.00000000
vn 0.00000000 0.00000000 -1.00000000
vn 0.00000000 0.00000000 -1.00000000
vn 0.00000000 0.00000000 -1.00000000
vn 0.00000000 0.00000000 -1.00000000
vn 0.00000000 0.00000000 -1.00000000
vn -0.19549044 0.00144282 -0.98070455
vn 0.00000000 0.00000000 -1.00000000
vn -0.85967857 0.02009626 -0.51043991
vn 0.00000000 0.00000000 -1.00000000
vn 0.00000000 0.00000000 -1.00000000
vn 0.45178803 0.00992330 -0.89207012
vn 0.00000000 0.00000000 -1.00000000
vn 0.00000000 0.00000000 -1.00000000
vn 0.52688337 0.01128553 -0.84986267
vn 0.00000000 0.00000000 -1.00000000
vn -0.01417003 0.00089001 -0.99989920
vn -0.44545907 0.02522314 -0.89494693
vn 0.00000000 0.00000000 -1.00000000
vn 0.00000000 0.00000000 -1.00000000
vn 0.00000000 0.00000000 -1.00000000
vn -0.20346213 0.75495974 -0.62340914
vn 0.00000000 0.00000000 -1.00000000
vn -0.51660748 0.76163448 -0.39119003
vn 0.00000000 0.00000000 -1.00000000
vn 0.00000000 0.00000000 -1.00000000
vn 0.00000000 0.00000000 -1.00000000
vn 0.00000000 0.00000000 -1.00000000
vn 0.00000000 0.00000000 -1.00000000
vn 0.00000000 0.00000000 -1.00000000
vn 0.00000000 0.00000000 -1.00000000
vn 0.00000000 0.00000000 -1.00000000
vn 0.00000000 0.00000000 -1.00000000
vn -0.93708445 0.00427731 -0.34907655
vn 0.00000000 0.00000000 -1.00000000
vn -0.00694447 0.00102744 -0.99997536
vn 0.00000000 0.00000000 -1.00000000
vn 0.00000000 0.00000000 -1.00000000
vn 0.00000000 0.00000000 -1.00000000
vn 0.00000000 0.00000000 -1.00000000
vn 0.00000000 0.00000000 -1.00000000
vn 0.00000000 0.00000000 -1.00000000
vn 0.00000000 0.00000000 -1.00000000
vn 0.00000000 0.00000000 -1.00000000
vn 0.84689321 -0.01218010 -0.53162350
vn 0.00000000 0.00000000 -1.00000000
vn -0.93897674 0.02023637 -0.34338488
vn 0.00000000 0.00000000 -1.00000000
vn 0.00000000 0.00000000 -1.00000000
vn 0.00000000 0.00000000 -1.00000000
vn 0.45162490 -0.00296727 -0.89220298
vn -0.90860714 -0.00398450 -0.41763283
vn 0.72024017 0.00720816 -0.69368735
vn 0.00000000 0.00000000 -1.00000000
vn -0.33715770 0.62300324 -0.70582692
vn 0.00000000 0.00000000 -1.00000000
vn 0.00000000 0.00000000 -1.00000000
vn 0.00000000 0.00000000 -1.00000000
vn 0.00000000 0.00000000 -1.00000000
vn 0.00000000 0.00000000 -1.00000000
vn 0.00000000 0.00000000 -1.00000000
vn 0.00000000 0.00000000 -1.00000000
vn 0.00000000 0.00000000 -1.00000000
vn 0.21089597 0.38989616 -0.89638378
vn 0.00000000 0.00000000 -1.00000000
vn 0.09188333 0.00601655 -0.99575160
vn 0.36044043 0.00760386 -0.93275124
vn 0.85432967 -0.01710691 -0.51944988
vn 0.00000000 0.00000000 -1.00000000
vn 0.00000000 0.00000000 -1.00000000
vn 0.00000000 0.00000000 -1.00000000
vn 0.00000000 0.00000000 -1.00000000
vn 0.00000000 0.00000000 -1.00000000
vn 0.00000000 0.00000000 -1.00000000
vn 0.00000000 0.00000000 -1.00000000
vn -0.54695131 0.00550363 -0.83714633
vn -0.07157014 0.12503151 -0.98956800
vn 0.00000000 0.00000000 -1.00000000
vn 0.01742673 0.02838879 -0.99944504
vn 0.00209844 -0.00048478 -0.99999768
vn -0.01276500 0.01565272 -0.99979600
vn 0.00000000 0.00000000 -1.00000000
vn 0.00000000 0.00000000 -1.00000000
vn 0.00000000 0.00000000 -1.00000000
vn 0.00000000 0.00000000 -1.00000000
vn -0.27831271 0.00127196 -0.96048968
vn 0.00000000 0.00000000 -1.00000000
vn 0.00000000 0.00000000 -1.00000000
vn 0.00000000 0.00000000 -1.00000000
vn 0.00000000 0.00000000 -1.00000000
vn 0.00000000 0.00000000 -1.00000000
vn 0.00000000 0.00000000 -1.00000000
vn 0.47420570 0.76623513 -0.43360429
vn 0.00000000 0.00000000 -1.00000000
vn -0.14181370 0.22462679 -0.96407037
vn 0.00000000 0.00000000 -1.00000000
vn 0.12177250 0.20702753 -0.97072708
vn 0.02399411 -0.00222229 -0.99970963
vn -0.91640082 0.05351618 -0.39666806
vn 0.00000000 0.00000000 -1.00000000
vn 0.00000000 0.00000000 -1.00000000
vn 0.00000000 0.00000000 -1.00000000
vn 0.00000000 0.00000000 -1.00000000
vn 0.00000000 0.00000000 -1.00000000
vn 0.00000000 0.00000000 -1.00000000
vn 0.00000000 0.00000000 -1.00000000
vn -0.39114027 0.01581226 -0.92019523
vn 0.00000000 0.00000000 -1.00000000
vn 0.00000000 0.00000000 -1.00000000
vn -0.43128778 -0.05744360 -0.90038385
vn -0.81912161 0.02892128 -0.57289034
vn 0.00000000 0.00000000 -1.00000000
vn 0.00000000 0.00000000 -1.00000000
vn 0.00000000 0.00000000 -1.00000000
vn 0.00000000 0.00000000 -1.00000000
vn 0.00000000 0.00000000 -1.00000000
vn 0.00000000 0.00000000 -1.00000000
vn 0.04495189 0.00551231 -0.99897394
vn 0.00000000 0.00000000 -1.00000000
vn 0.00000000 0.00000000 -1.00000000
vn 0.00000000 0.00000000 -1.00000000
vn -0.20752825 0.37230500 -0.90461097
vn 0.00000000 0.00000000 -1.00000000
vn 0.00000000 0.00000000 -1.00000000
vn 0.00000000 0.00000000 -1.00000000
vn 0.00000000 0.00000000 -1.00000000
vn 0.00000000 0.00000000 -1.00000000
vn -0.70554281 -0.01266310 -0.70855415
vn 0.00000000 0.00000000 -1.00000000
vn 0.00000000 0.00000000 -1.00000000
vn 0.00000000 0.00000000 -1.00000000
vn 0.35136455 0.01058438 -0.93617890
vn -0.65442959 0.01782402 -0.75591284
vn 0.00000000 0.00000000 -1.00000000
vn 0.00000000 0.00000000 -1.00000000
vn 0.00000000 0.00000000 -1.00000000
vn -0.29388967 -0.00826188 -0.95580364
vn 0.00000000 0.00000000 -1.00000000
vn -0.04236124 0.00318375 -0.99909729
vn 0.00000000 0.00000000 -1.00000000
vn 0.00000000 0.00000000 -1.00000000
vn 0.00000000 0.00000000 -1.00000000
vn 0.00000000 0.00000000 -1.00000000
vn 0.00000000 0.00000000 -1.00000000
vn -0.00524451 0.01896756 -0.99980634
vn 0.00000000 0.00000000 -1.00000000
vn 0.78212822 -0.00182908 -0.62311484
vn 0.00000000 0.00000000 -1.00000000
vn 0.00000000 0.00000000 -1.00000000
vn 0.00000000 0.00000000 -1.00000000
vn 0.00000000 0.00000000 -1.00000000
vn 0.00000000 0.00000000 -1.00000000
vn 0.00000000 0.00000000 -1.00000000
vn 0.01233352 0.00302929 -0.99991935
vn 0.00000000 0.00000000 -1.00000000
vn 0.00000000 0.00000000 -1.00000000
vn 0.00000000 0.00000000 -1.00000000
vn 0.00000000 0.00000000 -1.00000000
vn -0.00233417 -0.00180346 -0.99999565
vn -0.11816874 -0.02536107 -0.99266961
vn 0.00000000 0.00000000 -1.00000000
vn 0.00000000 0.00000000 -1.00000000
vn 0.00000000 0.00000000 -1.00000000
vn 0.42604804 0.00835551 -0.90466195
vn -0.56344271 0.00433964 -0.82614374
vn 0.00000000 0.00000000 -1.00000000
vn 0.00000000 0.00000000 -1.00000000
vn 0.00000000 0.00000000 -1.00000000
vn 0.00000000 0.00000000 -1.00000000
vn 0.00000000 0.00000000 -1.00000000
vn 0.00000000 0.00000000 -1.00000000
vn 0.00000000 0.00000000 -1.00000000
vn 0.00000000 0.00000000 -1.00000000
vn 0.00000000 0.00000000 -1.00000000
vn 0.00000000 0.00000000 -1.00000000
vn -0.01797264 0.04732924 -0.99871764
vn 0.00000000 0.00000000 -1.00000000
vn 0.00000000 0.00000000 -1.00000000
vn 0.00000000 0.00000000 -1.00000000
vn 0.00000000 0.00000000 -1.00000000
vn 0.00000000 0.00000000 -1.00000000
vn -0.00558868 0.00187153 -0.99998263
vn 0.00000000 0.00000000 -1.00000000
vn 0.00000000 0.00000000 -1.00000000
vn 0.00000000 0.00000000 -1.00000000
vn 0.00000000 0.00000000 -1.00000000
vn 0.00000000 0.00000000 -1.00000000
vn 0.00000000 0.00000000 -1.00000000
vn 0.00000000 0.00000000 -1.00000000
vn 0.00000000 0.00000000 -1.00000000
vn 0.00000000 0.00000000 -1.00000000
vn 0.00000000 0.00000000 -1.00000000
vn 0.00000000 0.00000000 -1.00000000
vn 0.00000000 0.00000000 -1.00000000
vn 0.00000000 0.00000000 -1.00000000
vn 0.00000000 0.00000000 -1.00000000
vn 0.00000000 0.00000000 -1.00000000
vn 0.00000000 0.00000000 -1.00000000
vn 0.00000000 0.00000000 -1.00000000
vn 0.00000000 0.00000000 -1.00000000
vn 0.58860962 0.00130732 -0.80841636
vn 0.00000000 0.00000000 -1.00000000
vn 0.00000000 0.00000000 -1.00000000
vn 0.00000000 0.00000000 -1.00000000
vn 0.00682806 -0.00178279 -0.99997510
vn 0.00000000 0.00000000 -1.00000000
vn 0.00000000 0.00000000 -1.00000000
vn 0.00000000 0.00000000 -1.00000000
vn 0.00000000 0.00000000 -1.00000000
vn 0.00000000 0.00000000 -1.00000000
vn 0.00000000 0.00000000 -1.00000000
vn -0.27536286 0.00259165 -0.96133687
vn 0.00000000 0.00000000 -1.00000000
vn 0.00000000 0.00000000 -1.00000000
vn 0.00000000 0.00000000 -1.00000000
vn 0.00000000 0.00000000 -1.00000000
vn 0.00000000 0.00000000 -1.00000000
vn 0.00000000 0.00000000 -1.00000000
vn 0.00000000 0.00000000 -1.00000000
vn 0.00000000 0.00000000 -1.00000000
vn 0.00000000 0.00000000 -1.00000000
vn -0.90192352 -0.02189282 -0.43134056
vn 0.18401782 0.00269495 -0.98291921
vn 0.00000000 0.00000000 -1.00000000
vn 0.00000000 0.00000000 -1.00000000
vn 0.00000000 0.00000000 -1.00000000
vn 0.00000000 0.00000000 -1.00000000
vn 0.00000000 0.00000000 -1.00000000
vn 0.00000000 0.00000000 -1.00000000
vn 0.00000000 0.00000000 -1.00000000
vn -0.42221186 -0.00461233 -0.90648545
vn 0.00000000 0.00000000 -1.00000000
vn 0.00000000 0.00000000 -1.00000000
vn 0.18095514 -0.00609458 -0.98347247
vn -0.04108156 0.00030834 -0.99915575
vn 0.00000000 0.00000000 -1.00000000
vn 0.00000000 0.00000000 -1.00000000
vn 0.00000000 0.00000000 -1.00000000
vn 0.00000000 0.00000000 -1.00000000
vn 0.00000000 0.00000000 -1.00000000
vn -0.45230086 0.73203825 -0.50945454
vn 0.13003890 0.00300181 -0.99150435
vn 0.00000000 0.00000000 -1.00000000
vn 0.00000000 0.00000000 -1.00000000
vn -0.09781522 0.00916630 -0.99516238
vn -0.16287527 0.00477429 -0.98663512
vn 0.00000000 0.00000000 -1.00000000
vn 0.14363942 0.36534243 -0.91972421
vn 0.00000000 0.00000000 -1.00000000
vn 0.00000000 0.00000000 -1.00000000
vn 0.00000000 0.00000000 -1.00000000
vn 0.00000000 0.00000000 -1.00000000
vn 0.00000000 0.00000000 -1.00000000
vn 0.00000000 0.00000000 -1.00000000
vn 0.00000000 0.00000000 -1.00000000
vn 0.00000000 0.00000000 -1.00000000
vn 0.00000000 0.00000000 -1.00000000
vn -0.16807760 -0.01394597 -0.98567511
vn 0.00000000 0.00000000 -1.00000000
vn 0.00000000 0.00000000 -1.00000000
vn 0.00000000 0.00000000 -1.00000000
vn 0.00000000 0.00000000 -1.00000000
vn 0.00000000 0.00000000 -1.00000000
vn -0.15491341 -0.01115286 -0.98786510
vn 0.00000000 0.00000000 -1.00000000
vn 0.00000000 0.00000000 -1.00000000
vn 0.00000000 0.00000000 -1.00000000
vn 0.00000000 0.00000000 -1.00000000
vn 0.00000000 0.00000000 -1.00000000
vn 0.31180243 -0.02887553 -0.94970809
vn 0.00000000 0.00000000 -1.00000000
vn 0.00000000 0.00000000 -1.00000000
vn 0.00000000 0.00000000 -1.00000000
vn 0.00000000 0.00000000 -1.00000000
vn 0.00000000 0.00000000 -1.00000000
vn 0.03360863 0.00398735 -0.99942712
vn 0.00000000 0.00000000 -1.00000000
vn -0.25979071 0.40763326 -0.87541071
vn 0.00000000 0.00000000 -1.00000000
vn 0.00000000 0.00000000 -1.00000000
vn 0.00000000 0.00000000 -1.00000000
vn 0.00000000 0.00000000 -1.00000000
vn 0.00000000 0.00000000 -1.00000000
vn 0.00000000 0.00000000 -1.00000000
vn 0.48648390 -0.00239383 -0.87368626
vn 0.88841682 0.01682522 -0.45872920
vn 0.00000000 0.00000000 -1.00000000
vn 0.00000000 0.00000000 -1.00000000
vn 0.00000000 0.00000000 -1.00000000
vn 0.00000000 0.00000000 -1.00000000
vn 0.00000000 0.00000000 -1.00000000
vn 0.00000000 0.00000000 -1.00000000
vn 0.00000000 0.00000000 -1.00000000
vn 0.11865754 0.00132466 -0.99293436
vn 0.00000087 -0.00000067 -1.00000000
vn 0.00000000 0.00000000 -1.00000000
vn 0.00000000 0.00000000 -1.00000000
vn 0.00000000 0.00000000 -1.00000000
vn -0.09901009 0.01406097 -0.99498708
vn 0.00000000 0.00000000 -1.00000000
vn 0.00000000 0.00000000 -1.00000000
vn 0.00000000 0.00000000 -1.00000000
vn -0.01666046 0.00093602 -0.99986077
vn 0.00721608 0.00596674 -0.99995616
vn 0.00000000 0.00000000 -1.00000000
vn 0.00000000 0.00000000 -1.00000000
vn 0.00000000 0.00000000 -1.00000000
vn 0.00000000 0.00000000 -1.00000000
vn -0.88090386 0.00493095 -0.47326956
vn -0.85159384 0.00840598 -0.52413478
vn 0.00000000 0.00000000 -1.00000000
vn 0.00000000 0.00000000 -1.00000000
vn 0.00000000 0.00000000 -1.00000000
vn 0.00000000 0.00000000 -1.00000000
vn 0.00000000 0.00000000 -1.00000000
vn 0.00000000 0.00000000 -1.00000000
vn 0.00000000 0.00000000 -1.00000000
vn 0.00000000 0.00000000 -1.00000000
vn 0.50825509 0.00730977 -0.86117555
vn 0.51647444 -0.00299405 -0.85629737
vn 0.00000000 0.00000000 -1.00000000
vn 0.00000000 0.00000000 -1.00000000
vn 0.00000000 0.00000000 -1.00000000
vn 0.00000000 0.00000000 -1.00000000
vn 0.00000000 0.00000000 -1.00000000
vn 0.00000000 0.00000000 -1.00000000
vn 0.00000000 0.00000000 -1.00000000
vn 0.00000000 0.00000000 -1.00000000
vn 0.02885700 0.00016814 -0.99958354
vn 0.00000000 0.00000000 -1.00000000
vn 0.20198564 -0.01317955 -0.97929980
vn 0.00000000 0.00000000 -1.00000000
vn 0.00000000 0.00000000 -1.00000000
vn 0.00000000 0.00000000 -1.00000000
vn 0.00000000 0.00000000 -1.00000000
vn 0.00621115 -0.00621050 -0.99996142
vn 0.00000000 0.00000000 -1.00000000
vn 0.00000000 0.00000000 -1.00000000
vn 0.74928528 0.00917947 -0.66218374
vn 0.00000000 0.00000000 -1.00000000
vn 0.00000000 0.00000000 -1.00000000
vn 0.00000000 0.00000000 -1.00000000
vn 0.00000000 0.00000000 -1.00000000
vn 0.00053887 -0.00004612 -0.99999985
vn 0.00000000 0.00000000 -1.00000000
vn 0.00000000 0.00000000 -1.00000000
vn 0.00000000 0.00000000 -1.00000000
vn 0.00000000 0.00000000 -1.00000000
vn -0.01005094 -0.00280610 -0.99994555
vn 0.00000000 0.00000000 -1.00000000
vn 0.00000000 0.00000000 -1.00000000
vn 0.00000000 0.00000000 -1.00000000
vn 0.00000000 0.00000000 -1.00000000
vn 0.00000000 0.00000000 -1.00000000
vn 0.00000000 0.00000000 -1.00000000
vn 0.00000000 0.00000000 -1.00000000
vn 0.00000000 0.00000000 -1.00000000
vn 0.00000000 0.00000000 -1.00000000
vn 0.00000000 0.00000000 -1.00000000
vn 0.00000000 0.00000000 -1.00000000
vn 0.00000000 0.00000000 -1.00000000
vn 0.00000000 0.00000000 -1.00000000
vn 0.00000000 0.00000000 -1.00000000
vn 0.00000000 0.00000000 -1.00000000
vn 0.00000000 0.00000000 -1.00000000
vn -0.08183201 0.15696295 -0.98420839
vn 0.85744852 0.05524509 -0.51159556
vn 0.00000000 0.00000000 -1.00000000
vn -0.00672289 0.00015429 -0.99997739
vn -0.26199648 0.00584612 -0.96505112
vn 0.00000000 0.00000000 -1.00000000
vn 0.00000000 0.00000000 -1.00000000
vn 0.00000000 0.00000000 -1.00000000
vn 0.00000000 0.00000000 -1.00000000
vn -0.11055990 0.00049700 -0.99386934
vn 0.00000000 0.00000000 -1.00000000
vn -0.23324949 0.00786529 -0.97238512
vn 0.00000000 0.00000000 -1.00000000
vn 0.00000000 0.00000000 -1.00000000
vn 0.00000000 0.00000000 -1.00000000
vn 0.00000000 0.00000000 -1.00000000
vn 0.00000000 0.00000000 -1.00000000
vn 0.00000000 0.00000000 -1.00000000
vn -0.26748779 -0.02984423 -0.96309896
vn 0.00000000 0.00000000 -1.00000000
vn 0.00000000 0.00000000 -1.00000000
vn 0.00000000 0.00000000 -1.00000000
vn 0.46420753 0.00991711 -0.88567094
vn 0.00000000 0.00000000 -1.00000000
vn 0.00000000 0.00000000 -1.00000000
vn -0.00584268 -0.00598735 -0.99996501
vn 0.00000000 0.00000000 -1.00000000
vn 0.00000000 0.00000000 -1.00000000
vn 0.00000000 0.00000000 -1.00000000
vn 0.00000000 0.00000000 -1.00000000
vn 0.00000000 0.00000000 -1.00000000
vn 0.00000000 0.00000000 -1.00000000
vn 0.00000000 0.00000000 -1.00000000
vn 0.00000000 0.00000000 -1.00000000
vn 0.00000000 0.00000000 -1.00000000
vn -0.51111215 -0.03926210 -0.85861683
vn 0.00000000 0.00000000 -1.00000000
vn 0.00000000 0.00000000 -1.00000000
vn -0.64582480 0.02474839 -0.76308443
vn 0.00000000 0.00000000 -1.00000000
vn 0.00000000 0.00000000 -1.00000000
vn 0.00000000 0.00000000 -1.00000000
vn 0.00000000 0.00000000 -1.00000000
vn 0.00000000 0.00000000 -1.00000000
vn 0.00000000 0.00000000 -1.00000000
vn -0.70788141 0.00622541 -0.70630387
vn 0.00000000 0.00000000 -1.00000000
vn 0.00000000 0.00000000 -1.00000000
vn 0.00000000 0.00000000 -1.00000000
vn 0.00000000 0.00000000 -1.00000000
vn 0.00000000 0.00000000 -1.00000000
vn 0.01452935 0.00068721 -0.99989421
vn 0.90953385 -0.00976351 -0.41551515
vn 0.05982905 0.00112300 -0.99820801
vn 0.91280199 -0.04394005 -0.40603177
vn 0.00000000 0.00000000 -1.00000000
vn 0.00000000 0.00000000 -1.00000000
vn 0.00000000 0.00000000 -1.00000000
vn 0.00000000 0.00000000 -1.00000000
vn 0.00000000 0.00000000 -1.00000000
vn 0.00000000 0.00000000 -1.00000000
vn 0.00000000 0.00000000 -1.00000000
vn 0.00000000 0.00000000 -1.00000000
vn 0.00000000 0.00000000 -1.00000000
vn 0.00000000 0.00000000 -1.00000000
vn 0.00000000 0.00000000 -1.00000000
vn 0.00000000 0.00000000 -1.00000000
vn 0.00000000 0.00000000 -1.00000000
vn 0.00000000 0.00000000 -1.00000000
vn 0.00000000 0.00000000 -1.00000000
vn 0.00000000 0.00000000 -1.00000000
vn 0.01419292 -0.00205763 -0.99989716
vn 0.00000000 0.00000000 -1.00000000
vn -0.56626363 0.00307135 -0.82421846
vn 0.00000000 0.00000000 -1.00000000
vn 0.00000000 0.00000000 -1.00000000
vn 0.00000000 0.00000000 -1.00000000
vn 0.00000000 0.00000000 -1.00000000
vn 0.29580124 0.53601257 -0.79069094
vn 0.00000000 0.00000000 -1.00000000
vn 0.00000000 0.00000000 -1.00000000
vn 0.00000000 0.00000000 -1.00000000
vn 0.00000000 0.00000000 -1.00000000
vn 0.00000000 0.00000000 -1.00000000
vn 0.00000000 0.00000000 -1.00000000
vn -0.75816905 -0.00261719 -0.65205279
vn 0.00000000 0.00000000 -1.00000000
vn 0.00000000 0.00000000 -1.00000000
vn 0.00000000 0.00000000 -1.00000000
vn 0.75873140 0.00441870 -0.65138862
vn 0.00000000 0.00000000 -1.00000000
vn 0.00000000 0.00000000 -1.00000000
vn -0.00125065 0.00239698 -0.99999635
vn 0.00000000 0.00000000 -1.00000000
vn -0.56873140 0.02584670 -0.82211711
vn 0.00000000 0.00000000 -1.00000000
vn 0.00000000 0.00000000 -1.00000000
vn 0.00000000 0.00000000 -1.00000000
vn 0.86164640 -0.04975575 -0.50506419
vn 0.00000000 0.00000000 -1.00000000
vn 0.00000000 0.00000000 -1.00000000
vn 0.00000000 0.00000000 -1.00000000
vn 0.00000000 0.00000000 -1.00000000
vn 0.00000000 0.00000000 -1.00000000
vn 0.00000000 0.00000000 -1.00000000
vn 0.00000000 0.00000000 -1.00000000
vn 0.00000000 0.00000000 -1.00000000
vn 0.00000000 0.00000000 -1.00000000
vn 0.00000000 0.00000000 -1.00000000
vn 0.00000000 0.00000000 -1.00000000
vn 0.00000000 0.00000000 -1.00000000
vn 0.00000000 0.00000000 -1.00000000
vn 0.00000000 0.00000000 -1.00000000
vn -0.00001452 0.00001222 -1.00000000
vn 0.00000000 0.00000000 -1.00000000
vn -0.07531102 0.16272083 -0.98379377
vn 0.00000000 0.00000000 -1.00000000
vn 0.00000000 0.00000000 -1.00000000
vn 0.00000000 0.00000000 -1.00000000
vn 0.00000000 0.00000000 -1.00000000
vn 0.00000000 0.00000000 -1.00000000
vn 0.00000000 0.00000000 -1.00000000
vn 0.03715097 0.07740566 -0.99630727
vn 0.00000000 0.00000000 -1.00000000
vn 0.86669940 0.02383969 -0.49826079
vn 0.00000000 0.00000000 -1.00000000
vn 0.00000000 0.00000000 -1.00000000
vn 0.00000000 0.00000000 -1.00000000
vn 0.00000000 0.00000000 -1.00000000
vn 0.08529561 0.13856197 -0.98667383
vn 0.00000000 0.00000000 -1.00000000
vn 0.84303695 0.05879516 -0.53463243
vn 0.00000000 0.00000000 -1.00000000
vn 0.00000000 0.00000000 -1.00000000
vn 0.00000000 0.00000000 -1.00000000
vn 0.00000000 0.00000000 -1.00000000
vn 0.00000000 0.00000000 -1.00000000
vn 0.00000000 0.00000000 -1.00000000
vn -0.45478494 0.00888135 -0.89055701
vn 0.00000000 0.00000000 -1.00000000
vn 0.00000000 0.00000000 -1.00000000
vn 0.00000000 0.00000000 -1.00000000
vn 0.00000000 0.00000000 -1.00000000
vn 0.00000000 0.00000000 -1.00000000
vn 0.00000000 0.00000000 -1.00000000
vn 0.00000000 0.00000000 -1.00000000
vn 0.00000000 0.00000000 -1.00000000
vn -0.00694434 -0.00039984 -0.99997581
vn 0.61950363 -0.00989257 -0.78493145
vn 0.00000000 0.00000000 -1.00000000
vn 0.00000000 0.00000000 -1.00000000
vn 0.00000000 0.00000000 -1.00000000
vn 0.00000000 0.00000000 -1.00000000
vn 0.00000000 0.00000000 -1.00000000
vn 0.00000000 0.00000000 -1.00000000
vn 0.00000000 0.00000000 -1.00000000
vn 0.00000000 0.00000000 -1.00000000
vn 0.00000000 0.00000000 -1.00000000
vn 0.00000000 0.00000000 -1.00000000
vn 0.49103566 -0.01237657 -0.87105155
vn 0.00000000 0.00000000 -1.00000000
vn 0.00000000 0.00000000 -1.00000000
vn 0.00000000 0.00000000 -1.00000000
vn -0.50171055 0.00716567 -0.86500588
vn -0.00033783 -0.00018268 -0.99999993
vn 0.00000000 0.00000000 -1.00000000
vn 0.00000000 0.00000000 -1.00000000
vn 0.00000000 0.00000000 -1.00000000
vn 0.00000000 0.00000000 -1.00000000
vn 0.00000000 0.00000000 -1.00000000
vn 0.00000000 0.00000000 -1.00000000
vn 0.03927622 0.14130920 -0.98918607
vn 0.14544920 -0.00396442 -0.98935778
vn -0.35014723 -0.00927579 -0.93664875
vn 0.00000000 0.00000000 -1.00000000
vn 0.00000000 0.00000000 -1.00000000
vn -0.82248381 -0.00275897 -0.56878182
vn 0.00000000 0.00000000 -1.00000000
vn 0.00000000 0.00000000 -1.00000000
vn -0.00161453 -0.00030459 -0.99999865
vn 0.00000000 0.00000000 -1.00000000
vn 0.00000000 0.00000000 -1.00000000
vn 0.00000000 0.00000000 -1.00000000
vn 0.00000000 0.00000000 -1.00000000
vn 0.00000000 0.00000000 -1.00000000
vn 0.00000000 0.00000000 -1.00000000
vn 0.00000000 0.00000000 -1.00000000
vn 0.00000000 0.00000000 -1.00000000
vn 0.71962018 0.01354870 -0.69423572
vn 0.00000000 0.00000000 -1.00000000
vn 0.94187455 -0.02336540 -0.33515128
vn 0.00000000 0.00000000 -1.00000000
vn 0.00000000 0.00000000 -1.00000000
vn 0.00090672 0.00230974 -0.99999692
vn 0.00000000 0.00000000 -1.00000000
vn -0.56976079 0.00911174 -0.82176007
vn 0.00000000 0.00000000 -1.00000000
vn -0.21164888 0.00493849 -0.97733329
vn 0.00000000 0.00000000 -1.00000000
vn 0.00000000 0.00000000 -1.00000000
vn 0.00000000 0.00000000 -1.00000000
vn -0.16056552 0.00130216 -0.98702433
vn 0.00000000 0.00000000 -1.00000000
vn 0.00000000 0.00000000 -1.00000000
vn 0.00000000 0.00000000 -1.00000000
vn 0.00000000 0.00000000 -1.00000000
vn 0.00000000 0.00000000 -1.00000000
vn 0.00000000 0.00000000 -1.00000000
vn 0.00000000 0.00000000 -1.00000000
vn 0.00000000 0.00000000 -1.00000000
vn 0.00000000 0.00000000 -1.00000000
vn 0.00000000 0.00000000 -1.00000000
vn 0.00000000 0.00000000 -1.00000000
vn -0.85274513 0.05133572 -0.51979841
vn 0.92951568 0.01777331 -0.36835405
vn 0.00000000 0.00000000 -1.00000000
vn -0.70670250 0.01693205 -0.70730819
vn 0.00000000 0.00000000 -1.00000000
vn 0.07270115 -0.00179609 -0.99735215
vn 0.00000000 0.00000000 -1.00000000
vn 0.00000000 0.00000000 -1.00000000
vn 0.00000000 0.00000000 -1.00000000
vn 0.00000000 0.00000000 -1.00000000
vn 0.00000000 0.00000000 -1.00000000
vn 0.00000000 0.00000000 -1.00000000
vn 0.00000000 0.00000000 -1.00000000
vn 0.00984984 -0.00053533 -0.99995135
vn 0.00000000 0.00000000 -1.00000000
vn 0.00000000 0.00000000 -1.00000000
vn -0.28639737 -0.00251482 -0.95810763
vn 0.83532363 -0.01291106 -0.54960689
vn 0.00000000 0.00000000 -1.00000000
vn 0.00000000 0.00000000 -1.00000000
vn -0.04711327 0.10250289 -0.99361637
vn 0.00000000 0.00000000 -1.00000000
vn 0.00000000 0.00000000 -1.00000000
vn 0.00000000 0.00000000 -1.00000000
vn 0.00000000 0.00000000 -1.00000000
vn 0.00000000 0.00000000 -1.00000000
vn 0.00000000 0.00000000 -1.00000000
vn 0.00000000 0.00000000 -1.00000000
vn 0.00000000 0.00000000 -1.00000000
vn 0.00000000 0.00000000 -1.00000000
vn 0.00000000 0.00000000 -1.00000000
vn -0.85748991 -0.05259211 -0.51180575
vn 0.00000000 0.00000000 -1.00000000
vn -0.06659366 0.00329537 -0.99777474
vn 0.00000000 0.00000000 -1.00000000
vn 0.00000000 0.00000000 -1.00000000
vn 0.00000000 0.00000000 -1.00000000
vn 0.09130719 0.00443355 -0.99581290
vn 0.00000000 0.00000000 -1.00000000
vn 0.00000000 0.00000000 -1.00000000
vn 0.00000000 0.00000000 -1.00000000
vn 0.00000000 0.00000000 -1.00000000
vn 0.15148587 0.00407309 -0.98845103
vn 0.00000000 0.00000000 -1.00000000
vn 0.00000000 0.00000000 -1.00000000
vn 0.00000000 0.00000000 -1.00000000
vn -0.05847670 0.00526661 -0.99827488
vn 0.00000000 0.00000000 -1.00000000
vn 0.00000000 0.00000000 -1.00000000
vn 0.00000000 0.00000000 -1.00000000
vn 0.00000000 0.00000000 -1.00000000
vn 0.89505481 -0.01487924 -0.44570786
vn 0.00000000 0.00000000 -1.00000000
vn 0.00000000 0.00000000 -1.00000000
vn 0.00000000 0.00000000 -1.00000000
vn 0.00000000 0.00000000 -1.00000000
vn 0.00000000 0.00000000 -1.00000000
vn 0.00000000 0.00000000 -1.00000000
vn 0.00000000 0.00000000 -1.00000000
vn -0.34015020 -0.00353515 -0.94036447
vn 0.00000000 0.00000000 -1.00000000
vn 0.00000000 0.00000000 -1.00000000
vn 0.00000000 0.00000000 -1.00000000
vn -0.51697200 0.00708033 -0.85597303
vn 0.00000000 0.00000000 -1.00000000
vn 0.00000000 0.00000000 -1.00000000
vn 0.06394696 -0.04075018 -0.99712096
vn 0.63955185 0.02055201 -0.76847319
vn 0.00000000 0.00000000 -1.00000000
vn 0.00000000 0.00000000 -1.00000000
vn 0.00000000 0.00000000 -1.00000000
vn -0.11890349 -0.00461890 -0.99289507
vn 0.00000000 0.00000000 -1.00000000
vn -0.01792865 0.03565637 -0.99920328
vn -0.02167528 0.03861466 -0.99901906
vn 0.00000000 0.00000000 -1.00000000
vn -0.93996884 -0.03623645 -0.33933097
vn 0.01390368 -0.00193457 -0.99990147
vn 0.00000000 0.00000000 -1.00000000
vn 0.00112962 -0.00007847 -0.99999936
vn 0.00000000 0.00000000 -1.00000000
vn 0.00000000 0.00000000 -1.00000000
vn 0.00000000 0.00000000 -1.00000000
vn 0.00081170 -0.00004715 -0.99999967
vn 0.00000000 0.00000000 -1.00000000
vn 0.00000000 0.00000000 -1.00000000
vn 0.00000000 0.00000000 -1.00000000
vn 0.60691064 0.00746968 -0.79473498
vn 0.00000000 0.00000000 -1.00000000
vn 0.00000000 0.00000000 -1.00000000
vn 0.00000000 0.00000000 -1.00000000
vn 0.00000000 0.00000000 -1.00000000
vn 0.70377752 0.02436047 -0.71000265
vn 0.00000000 0.00000000 -1.00000000
vn 0.00000000 0.00000000 -1.00000000
vn 0.00000000 0.00000000 -1.00000000
vn 0.42642342 0.01571532 -0.90438714
vn 0.00000000 0.00000000 -1.00000000
vn -0.81532298 0.00043620 -0.57900626
vn 0.00000000 0.00000000 -1.00000000
vn 0.00000000 0.00000000 -1.00000000
vn 0.00000000 0.00000000 -1.00000000
vn 0.00000000 0.00000000 -1.00000000
vn 0.00000000 0.00000000 -1.00000000
vn 0.13905071 -0.01661583 -0.99014586
vn 0.00000000 0.00000000 -1.00000000
vn 0.00000000 0.00000000 -1.00000000
vn 0.00000000 0.00000000 -1.00000000
vn -0.00209805 -0.00087870 -0.99999741
vn 0.00000000 0.00000000 -1.00000000
vn 0.00000000 0.00000000 -1.00000000
vn 0.00000000 0.00000000 -1.00000000
vn -0.33086699 -0.00507567 -0.94366375
vn 0.00000000 0.00000000 -1.00000000
vn 0.00000000 0.00000000 -1.00000000
vn 0.00000000 0.00000000 -1.00000000
vn -0.02699874 0.00087157 -0.99963509
vn 0.00000000 0.00000000 -1.00000000
vn 0.00000000 0.00000000 -1.00000000
vn 0.22078293 -0.00173758 -0.97532142
vn -0.71570614 -0.01633161 -0.69821056
vn -0.42246043 0.02029313 -0.90615417
vn 0.00000000 0.00000000 -1.00000000
vn 0.94114055 0.06018229 -0.33261474
vn 0.00000000 0.00000000 -1.00000000
vn 0.00000000 0.00000000 -1.00000000
vn 0.00000000 0.00000000 -1.00000000
vn 0.02052314 -0.00017314 -0.99978936
vn 0.00000000 0.00000000 -1.00000000
vn 0.00523405 0.00066689 -0.99998608
vn 0.00000000 0.00000000 -1.00000000
vn 0.00000000 0.00000000 -1.00000000
vn 0.00000000 0.00000000 -1.00000000
vn 0.00000000 0.00000000 -1.00000000
vn 0.00000000 0.00000000 -1.00000000
vn 0.00000000 0.00000000 -1.00000000
vn 0.00000000 0.00000000 -1.00000000
vn 0.00000000 0.00000000 -1.00000000
vn 0.00000000 0.00000000 -1.00000000
vn -0.35261419 0.00036145 -0.93576872
vn 0.00000000 0.00000000 -1.00000000
vn 0.00000000 0.00000000 -1.00000000
vn 0.00000000 0.00000000 -1.00000000
vn 0.00000000 0.00000000 -1.00000000
vn 0.00000000 0.00000000 -1.00000000
vn 0.00000000 0.00000000 -1.00000000
vn 0.05700529 0.09124898 -0.99419516
vn 0.00000000 0.00000000 -1.00000000
vn 0.47560562 0.00635264 -0.87963568
vn 0.00000000 0.00000000 -1.00000000
vn 0.00000000 0.00000000 -1.00000000
vn 0.00000000 0.00000000 -1.00000000
vn 0.00000000 0.00000000 -1.00000000
vn 0.00000000 0.00000000 -1.00000000
vn 0.00000000 0.00000000 -1.00000000
vn 0.00000000 0.00000000 -1.00000000
vn 0.00000000 0.00000000 -1.00000000
vn 0.00000000 0.00000000 -1.00000000
vn 0.00000000 0.00000000 -1.00000000
vn 0.00000000 0.00000000 -1.00000000
vn 0.00000000 0.00000000 -1.00000000
vn 0.00000000 0.00000000 -1.00000000
vn 0.00000000 0.00000000 -1.00000000
vn 0.00000000 0.00000000 -1.00000000
vn 0.00000000 0.00000000 -1.00000000
vn 0.00000000 0.00000000 -1.00000000
vn 0.00000000 0.00000000 -1.00000000
vn 0.00000000 0.00000000 -1.00000000
vn 0.00000000 0.00000000 -1.00000000
vn 0.00000000 0.00000000 -1.00000000
vn 0.00000000 0.00000000 -1.00000000
vn 0.00000000 0.00000000 -1.00000000
vn 0.00000000 0.00000000 -1.00000000
vn 0.00000000 0.00000000 -1.00000000
vn 0.00000000 0.00000000 -1.00000000
vn 0.00854997 -0.00118084 -0.99996275
vn 0.00000000 0.00000000 -1.00000000
vn 0.05730021 0.00835242 -0.99832205
vn 0.00224476 0.00606334 -0.99997910
vn 0.00000000 0.00000000 -1.00000000
vn 0.00000000 0.00000000 -1.00000000
vn 0.00000000 0.00000000 -1.00000000
vn 0.02044210 0.00092243 -0.99979061
vn -0.03792792 0.06962629 -0.99685187
vn 0.00000000 0.00000000 -1.00000000
vn 0.00000000 0.00000000 -1.00000000
vn 0.83481397 0.02074587 -0.55014112
vn 0.00000000 0.00000000 -1.00000000
vn 0.55228111 0.01971003 -0.83342492
vn 0.00000000 0.00000000 -1.00000000
vn -0.00359047 0.00010222 -0.99999355
vn 0.00000000 0.00000000 -1.00000000
vn 0.00000000 0.00000000 -1.00000000
vn 0.00000000 0.00000000 -1.00000000
vn 0.00000000 0.00000000 -1.00000000
vn 0.00000000 0.00000000 -1.00000000
vn -0.58588735 -0.01173558 -0.81030753
vn 0.00000000 0.00000000 -1.00000000
vn 0.00000000 0.00000000 -1.00000000
vn 0.00000000 0.00000000 -1.00000000
vn 0.00000000 0.00000000 -1.00000000
vn 0.00000000 0.00000000 -1.00000000
vn 0.00000000 0.00000000 -1.00000000
vn 0.00000000 0.00000000 -1.00000000
vn 0.26235941 0.01505544 -0.96485277
vn 0.11760382 -0.00081639 -0.99306026
vn 0.00000000 0.00000000 -1.00000000
vn 0.00000000 0.00000000 -1.00000000
vn 0.00000000 0.00000000 -1.00000000
vn 0.00000000 0.00000000 -1.00000000
vn 0.00000000 0.00000000 -1.00000000
vn 0.00000000 0.00000000 -1.00000000
vn -0.08338124 -0.00208571 -0.99651554
vn 0.00000000 0.00000000 -1.00000000
vn 0.00000000 0.00000000 -1.00000000
vn 0.00000000 0.00000000 -1.00000000
vn 0.00000000 0.00000000 -1.00000000
vn 0.00000000 0.00000000 -1.00000000
vn 0.00000000 0.00000000 -1.00000000
vn 0.00000000 0.00000000 -1.00000000
vn 0.00000000 0.00000000 -1.00000000
vn 0.00000000 0.00000000 -1.00000000
vn 0.25491569 0.00023263 -0.96696325
vn 0.00000000 0.00000000 -1.00000000
vn 0.00000000 0.00000000 -1.00000000
vn 0.00000000 0.00000000 -1.00000000
vn 0.00000000 0.00000000 -1.00000000
vn -0.23739553 -0.00095473 -0.97141261
vn 0.00000000 0.00000000 -1.00000000
vn 0.00000000 0.00000000 -1.00000000
vn -0.37038833 0.82398150 -0.42879712
vn 0.00000000 0.00000000 -1.00000000
vn 0.00000000 0.00000000 -1.00000000
vn 0.06985336 0.14558368 -0.98687684
vn 0.00000000 0.00000000 -1.00000000
vn 0.00000000 0.00000000 -1.00000000
vn 0.00000000 0.00000000 -1.00000000
vn -0.84178887 -0.16413767 -0.51424734
vn 0.00000000 0.00000000 -1.00000000
vn 0.00000000 0.00000000 -1.00000000
vn 0.00000000 0.00000000 -1.00000000
vn 0.00000000 0.00000000 -1.00000000
vn 0.36214761 -0.00060122 -0.93212056
vn 0.00000000 0.00000000 -1.00000000
vn 0.00000000 0.00000000 -1.00000000
vn 0.77063943 0.00490896 -0.63725251
vn 0.00000000 0.00000000 -1.00000000
vn 0.00000000 0.00000000 -1.00000000
vn -0.00021663 0.00005668 -0.99999997
vn 0.00000000 0.00000000 -1.00000000
vn 0.00000000 0.00000000 -1.00000000
vn 0.00000000 0.00000000 -1.00000000
vn 0.00000000 0.00000000 -1.00000000
vn 0.00000000 0.00000000 -1.00000000
vn 0.00000000 0.00000000 -1.00000000
vn 0.00000000 0.00000000 -1.00000000
vn 0.00000000 0.00000000 -1.00000000
vn 0.00000000 0.00000000 -1.00000000
vn 0.00000000 0.00000000 -1.00000000
vn 0.00000000 0.00000000 -1.00000000
vn 0.83917369 0.00454148 -0.54384455
vn -0.10854766 -0.02999562 -0.99363860
vn -0.36918012 0.00754425 -0.92932724
vn 0.00000000 0.00000000 -1.00000000
vn -0.00904583 0.02949038 -0.99952413
vn 0.00000000 0.00000000 -1.00000000
vn 0.00000000 0.00000000 -1.00000000
vn 0.00000000 0.00000000 -1.00000000
vn 0.00000000 0.00000000 -1.00000000
vn 0.00000000 0.00000000 -1.00000000
vn -0.00383699 0.00048434 -0.99999252
vn 0.00000000 0.00000000 -1.00000000
vn 0.00000000 0.00000000 -1.00000000
vn 0.00000000 0.00000000 -1.00000000
vn 0.00000000 0.00000000 -1.00000000
vn 0.00000000 0.00000000 -1.00000000
vn 0.00000000 0.00000000 -1.00000000
vn 0.00000000 0.00000000 -1.00000000
vn 0.00000000 0.00000000 -1.00000000
vn 0.17278236 0.00755083 -0.98493108
vn 0.12158530 0.30459166 -0.94469092
vn 0.00000000 0.00000000 -1.00000000
vn -0.10061748 -0.06762139 -0.99262454
vn 0.00000000 0.00000000 -1.00000000
vn 0.00000000 0.00000000 -1.00000000
vn 0.00000000 0.00000000 -1.00000000
vn 0.00000000 0.00000000 -1.00000000
vn 0.00000000 0.00000000 -1.00000000
vn 0.00000000 0.00000000 -1.00000000
vn 0.00000000 0.00000000 -1.00000000
vn 0.00000000 0.00000000 -1.00000000
vn 0.00000000 0.00000000 -1.00000000
vn 0.00000000 0.00000000 -1.00000000
vn 0.00000000 0.00000000 -1.00000000
vn 0.00000000 0.00000000 -1.00000000
vn -0.26073301 0.00518514 -0.96539702
vn 0.00000000 0.00000000 -1.00000000
vn 0.00000000 0.00000000 -1.00000000
vn 0.00000000 0.00000000 -1.00000000
vn 0.00000000 0.00000000 -1.00000000
vn -0.20831969 0.00252957 -0.97805752
vn 0.00000000 0.00000000 -1.00000000
vn 0.00032506 0.00224069 -0.99999744
vn 0.00000000 0.00000000 -1.00000000
vn -0.39702889 0.01137632 -0.91773561
vn 0.00000000 0.00000000 -1.00000000
vn 0.00000000 0.00000000 -1.00000000
vn 0.00000000 0.00000000 -1.00000000
vn 0.00000000 0.00000000 -1.00000000
vn 0.00000000 0.00000000 -1.00000000
vn -0.25505199 0.00337108 -0.96692146
vn 0.00000000 0.00000000 -1.00000000
vn 0.00000000 0.00000000 -1.00000000
vn 0.00000000 0.00000000 -1.00000000
vn 0.00000000 0.00000000 -1.00000000
vn 0.00000000 0.00000000 -1.00000000
vn 0.00000000 0.00000000 -1.00000000
vn 0.00000000 0.00000000 -1.00000000
vn 0.00000000 0.00000000 -1.00000000
vn 0.00000000 0.00000000 -1.00000000
vn 0.00000000 0.00000000 -1.00000000
vn 0.00000000 0.00000000 -1.00000000
vn 0.00000000 0.00000000 -1.00000000
vn 0.90080947 0.01591758 -0.43392272
vn 0.00000000 0.00000000 -1.00000000
vn 0.00000000 0.00000000 -1.00000000
vn 0.00000000 0.00000000 -1.00000000
vn 0.00014580 0.00002037 -0.99999999
vn 0.31162109 0.01992901 -0.94999744
vn 0.00000000 0.00000000 -1.00000000
vn 0.00000000 0.00000000 -1.00000000
vn -0.90806147 0.08865924 -0.40934569
vn 0.00000000 0.00000000 -1.00000000
vn -0.00114951 0.00019424 -0.99999932
vn 0.67997829 0.01625479 -0.73305205
vn 0.00000000 0.00000000 -1.00000000
vn 0.00000000 0.00000000 -1.00000000
vn 0.00000000 0.00000000 -1.00000000
vn 0.00000000 0.00000000 -1.00000000
vn 0.00000000 0.00000000 -1.00000000
vn 0.00000000 0.00000000 -1.00000000
vn 0.00000000 0.00000000 -1.00000000
vn -0.48759439 -0.10256417 -0.86702497
vn 0.00000000 0.00000000 -1.00000000
vn 0.20203542 -0.01466402 -0.97926843
vn 0.00000000 0.00000000 -1.00000000
vn -0.18509988 0.39212445 -0.90109736
vn 0.00000000 0.00000000 -1.00000000
vn -0.31750832 0.00187718 -0.94825363
vn -0.95284786 0.00486133 -0.30340951
vn 0.00000000 0.00000000 -1.00000000
vn 0.00000000 0.00000000 -1.00000000
vn 0.00000000 0.00000000 -1.00000000
vn 0.00000000 0.00000000 -1.00000000
vn 0.00000000 0.00000000 -1.00000000
vn 0.00000000 0.00000000 -1.00000000
vn 0.00000000 0.00000000 -1.00000000
vn 0.00000000 0.00000000 -1.00000000
vn 0.78683850 0.03286110 -0.61628347
vn 0.00000000 0.00000000 -1.00000000
vn 0.00000000 0.00000000 -1.00000000
vn 0.00000000 0.00000000 -1.00000000
vn -0.01173047 0.01976385 -0.99973586
vn -0.12910059 0.00469692 -0.99162038
vn 0.00000000 0.00000000 -1.00000000
vn 0.00000000 0.00000000 -1.00000000
vn 0.00000000 0.00000000 -1.00000000
vn 0.00000000 0.00000000 -1.00000000
vn -0.32473373 0.61778319 -0.71616474
vn 0.00000000 0.00000000 -1.00000000
vn 0.10406217 -0.07115295 -0.99202234
vn 0.00000000 0.00000000 -1.00000000
vn 0.00348550 -0.00148738 -0.99999282
vn 0.00000000 0.00000000 -1.00000000
vn 0.00000000 0.00000000 -1.00000000
vn 0.00000000 0.00000000 -1.00000000
vn 0.04699803 -0.00196711 -0.99889305
vn 0.09770517 0.34380602 -0.93394385
vn 0.00000000 0.00000000 -1.00000000
vn 0.02182754 0.00309262 -0.99975697
vn -0.57550291 -0.01540366 -0.81765465
vn 0.00000000 0.00000000 -1.00000000
vn 0.00000000 0.00000000 -1.00000000
vn -0.88672897 -0.02311140 -0.46171159
vn -0.04074466 0.00047267 -0.99916948
vn -0.09416371 0.00243930 -0.99555374
vn 0.03157960 -0.00081158 -0.99950091
vn 0.49200876 0.01513802 -0.87045863
vn 0.00000000 0.00000000 -1.00000000
vn 0.00000000 0.00000000 -1.00000000
vn 0.00000000 0.00000000 -1.00000000
vn 0.32016322 -0.00170785 -0.94736086
vn 0.00000000 0.00000000 -1.00000000
vn 0.00000000 0.00000000 -1.00000000
vn 0.00000000 0.00000000 -1.00000000
vn 0.00000000 0.00000000 -1.00000000
vn 0.00000000 0.00000000 -1.00000000
vn 0.00000000 0.00000000 -1.00000000
vn 0.00000000 0.00000000 -1.00000000
vn 0.06631545 -0.00304253 -0.99779407
vn 0.00000000 0.00000000 -1.00000000
vn 0.00000000 0.00000000 -1.00000000
vn 0.00000000 0.00000000 -1.00000000
vn 0.00000000 0.00000000 -1.00000000
vn -0.07056666 0.00093794 -0.99750662
vn 0.00000000 0.00000000 -1.00000000
vn 0.00000000 0.00000000 -1.00000000
vn 0.00000000 0.00000000 -1.00000000
vn 0.00000000 0.00000000 -1.00000000
vn 0.00000000 0.00000000 -1.00000000
vn 0.00000000 0.00000000 -1.00000000
vn 0.00000000 0.00000000 -1.00000000
vn 0.88121244 0.02302897 -0.47215918
vn 0.00000000 0.00000000 -1.00000000
vn 0.18207766 0.33075501 -0.92598534
vn 0.00266965 0.00889001 -0.99995692
vn 0.00000000 0.00000000 -1.00000000
vn 0.00000000 0.00000000 -1.00000000
vn 0.00000000 0.00000000 -1.00000000
vn -0.17374526 0.32550455 -0.92944036
vn 0.00000000 0.00000000 -1.00000000
vn 0.00000000 0.00000000 -1.00000000
vn -0.96234941 -0.00370448 -0.27179017
vn -0.54656402 0.00699465 -0.83738811
vn 0.00000000 0.00000000 -1.00000000
vn -0.26811949 0.91124960 0.31262776
vn 0.01367157 0.95157457 0.30711386
vn -0.02228702 0.65429401 0.75591180
vn -0.05106437 0.29098932 0.95536257
vn -0.01324006 0.06262577 0.99794925
vn 0.00000000 0.00000000 1.00000000
vn 0.00000000 0.00000000 1.00000000
vn 0.00000000 0.00000000 1.00000000
vn 0.00000000 0.00000000 1.00000000
vn 0.00000000 0.00000000 1.00000000
vn 0.00000000 0.00000000 1.00000000
vn 0.00000000 0.00000000 1.00000000
vn 0.00000000 0.00000000 1.00000000
vn 0.00000000 0.00000000 1.00000000
vn 0.00000000 0.00000000 1.00000000
vn 0.00000000 0.00000000 1.00000000
vn 0.00000000 0.00000000 1.00000000
vn 0.00000000 0.00000000 1.00000000
vn 0.00000000 0.00000000 1.00000000
vn 0.00000000 0.00000000 1.00000000
vn 0.00000000 0.00000000 1.00000000
vn 0.00000000 0.00000000 1.00000000
vn 0.00000000 0.00000000 1.00000000
vn 0.00000000 0.00000000 1.00000000
vn -0.00687192 0.05092580 0.99867880
vn 0.07847623 0.28127579 0.95641278
vn 0.13195890 0.65879090 0.74066281
vn 0.03090403 0.94032762 0.33886415
vn 0.19715788 0.90673726 0.37276845
vn 0.10298566 0.68886131 0.71754028
vn 0.03726568 0.30498393 0.95162812
vn 0.02951513 0.04750438 0.99843487
vn 0.00000000 0.00000000 1.00000000
vn 0.00000000 0.00000000 1.00000000
vn 0.00000000 0.00000000 1.00000000
vn 0.00000000 0.00000000 1.00000000
vn 0.00000000 0.00000000 1.00000000
vn 0.00000000 0.00000000 1.00000000
vn 0.00000000 0.00000000 1.00000000
vn 0.00000000 0.00000000 1.00000000
vn 0.00000000 0.00000000 1.00000000
vn 0.00000000 0.00000000 1.00000000
vn 0.00000000 0.00000000 1.00000000
vn 0.00000000 0.00000000 1.00000000
vn 0.00000000 0.00000000 1.00000000
vn 0.00000000 0.00000000 1.00000000
vn 0.00000000 0.00000000 1.00000000
vn 0.00000000 0.00000000 1.00000000
vn 0.00000000 0.00000000 1.00000000
vn 0.00000000 0.00000000 1.00000000
vn 0.00000000 0.00000000 1.00000000
vn 0.00000000 0.00000000 1.00000000
vn 0.00000000 0.00000000 1.00000000
vn -0.01430894 0.07539665 0.99705095
vn -0.05048832 0.32024961 0.94598685
vn -0.15880920 0.65676985 0.73717908
vn 0.00000000 0.00000000 1.00000000
vn 0.00000000 0.00000000 1.00000000
vn 0.08402965 0.85301863 0.51507110
vn 0.00000000 0.00000000 1.00000000
vn 0.00000000 0.00000000 1.00000000
vn 0.00000000 0.00000000 1.00000000
vn -0.00604329 0.85257496 0.52257001
vn 0.00000000 0.00000000 1.00000000
vn 0.00000000 0.00000000 1.00000000
vn 0.00000000 0.00000000 1.00000000
vn 0.00000000 0.00000000 1.00000000
vn 0.00000000 0.00000000 1.00000000
vn 0.00000000 0.00000000 1.00000000
vn 0.00000000 0.00000000 1.00000000
vn 0.00000000 0.00000000 1.00000000
vn 0.00000000 0.00000000 1.00000000
vn 0.05740645 0.46315125 0.88441813
vn 0.00000000 0.00000000 1.00000000
vn -0.20505541 0.89624994 0.39330435
vn 0.02895602 0.15367878 0.98769650
vn -0.19063737 0.94545907 -0.26412977
vn -0.06000241 0.98739313 -0.14647362
vn -0.49147867 0.49082829 -0.71939996
vn -0.26408028 0.20315920 -0.94286157
vn -0.05120214 0.04341170 -0.99774434
vn -0.00164031 0.00051483 -0.99999852
vn 0.00000000 0.00000000 -1.00000000
vn 0.00000000 0.00000000 -1.00000000
vn 0.00000000 0.00000000 -1.00000000
vn 0.00000000 0.00000000 -1.00000000
vn 0.00000000 0.00000000 -1.00000000
vn 0.00027809 0.00111206 -0.99999934
vn 0.05834937 0.03740740 -0.99759513
vn 0.27124054 0.21228965 -0.93880865
vn 0.38203142 0.55908414 -0.73585115
vn 0.14236679 0.94683992 -0.28848893
vn 0.11348541 0.94837168 -0.29616249
vn 0.22637465 0.89292153 -0.38916020
vn 0.36511201 0.37492020 -0.85213148
vn 0.22029162 0.10309915 -0.96997019
vn 0.02981298 -0.00921434 -0.99951302
vn 0.00000000 0.00000000 -1.00000000
vn 0.00000000 0.00000000 -1.00000000
vn 0.00000000 0.00000000 -1.00000000
vn 0.00000000 0.00000000 -1.00000000
vn 0.00000000 0.00000000 -1.00000000
vn 0.00000000 0.00000000 -1.00000000
vn 0.00000000 0.00000000 -1.00000000
vn -0.03388937 0.00021306 -0.99942557
vn -0.20377154 0.11355419 -0.97241072
vn -0.37372000 0.39010198 -0.84151875
vn -0.18057748 0.85360439 -0.48862185
vn -0.17799972 0.94377180 -0.27858731
vn 0.00000000 0.00000000 -1.00000000
vn 0.00000000 0.00000000 -1.00000000
vn 0.00000000 0.00000000 -1.00000000
vn 0.00000000 0.00000000 -1.00000000
vn 0.00000000 0.00000000 -1.00000000
vn -0.38822672 0.67483853 -0.62759299
vn 0.00052457 0.00311904 -0.99999500
vn -0.11377814 0.07508612 -0.99066473
vn 0.03345701 0.01476990 -0.99933102
vn 0.10769655 -0.00133420 -0.99418292
vn -0.06039947 0.96026952 -0.27245981
vn 0.00000000 0.00000000 -1.00000000
vn 0.00000000 0.00000000 -1.00000000
vn 0.11507548 0.16615362 -0.97936235
vn 0.00000000 0.00000000 -1.00000000
vn 0.00000000 0.00000000 -1.00000000
vn 0.00000000 0.00000000 -1.00000000
vn -0.00062518 0.00074057 -0.99999953
vn 0.00000000 0.00000000 -1.00000000
vt 0.03477049 0.92700204
vt 0.04272397 0.93139774
vt 0.05067267 0.93579081
vt 0.05862615 0.94018651
vt 0.06657485 0.94457957
vt 0.07452833 0.94897527
vt 0.08247703 0.95336834
vt 0.08569542 0.94363302
vt 0.08907839 0.93394221
vt 0.09263724 0.92432634
vt 0.09639752 0.91478761
vt 0.10039297 0.90532578
vt 0.10464500 0.89598900
vt 0.10919760 0.88679610
vt 0.11409725 0.87779248
vt 0.11941532 0.86901876
vt 0.12522773 0.86056408
vt 0.13163088 0.85255539
vt 0.13875153 0.84517338
vt 0.14671071 0.83871690
vt 0.15559130 0.83361738
vt 0.16447189 0.83871690
vt 0.17243107 0.84517338
vt 0.17955172 0.85255539
vt 0.18595487 0.86056408
vt 0.19176728 0.86901876
vt 0.19708535 0.87779248
vt 0.20198500 0.88679610
vt 0.20653760 0.89598900
vt 0.21078963 0.90532578
vt 0.21478508 0.91478761
vt 0.21854536 0.92432634
vt 0.22210421 0.93394221
vt 0.22548718 0.94363302
vt 0.22870557 0.95336834
vt 0.23665904 0.94897264
vt 0.24460775 0.94457957
vt 0.25256122 0.94018387
vt 0.26050993 0.93579081
vt 0.26846340 0.93139510
vt 0.27641211 0.92700204
vt 0.27681331 0.91671546
vt 0.27744287 0.90644182
vt 0.27833235 0.89617300
vt 0.27951454 0.88595797
vt 0.28103883 0.87577052
vt 0.28295938 0.86564884
vt 0.28534266 0.85563807
vt 0.28827783 0.84577527
vt 0.29187731 0.83612695
vt 0.29627270 0.82681707
vt 0.30161514 0.81802770
vt 0.30806366 0.81001169
vt 0.30816753 0.79970275
vt 0.30827171 0.78936286
vt 0.30837559 0.77905392
vt 0.30847946 0.76874498
vt 0.30858333 0.75843605
vt 0.30868751 0.74809615
vt 0.30879138 0.73778722
vt 0.30889525 0.72747828
vt 0.30899944 0.71713839
vt 0.30910331 0.70682945
vt 0.30920718 0.69652051
vt 0.30931136 0.68618062
vt 0.30941523 0.67587168
vt 0.30951910 0.66556275
vt 0.30962297 0.65525381
vt 0.30972716 0.64491392
vt 0.30983103 0.63460498
vt 0.30993490 0.62429604
vt 0.31003908 0.61395615
vt 0.31014295 0.60364721
vt 0.31024682 0.59333828
vt 0.31035101 0.58299838
vt 0.31045488 0.57268944
vt 0.31055875 0.56238051
vt 0.31066262 0.55207157
vt 0.31076680 0.54173168
vt 0.31087067 0.53142274
vt 0.31097455 0.52111380
vt 0.31107873 0.51077391
vt 0.31118260 0.50046497
vt 0.30080362 0.50043396
vt 0.29044021 0.50040299
vt 0.28006123 0.50037197
vt 0.26969781 0.50034100
vt 0.25931883 0.50030998
vt 0.24893986 0.50027897
vt 0.23857644 0.50024800
vt 0.22819746 0.50021698
vt 0.21783404 0.50018601
vt 0.20745507 0.50015499
vt 0.19707609 0.50012397
vt 0.18671267 0.50009300
vt 0.17633369 0.50006199
vt 0.16597028 0.50003102
vt 0.15559130 0.50000000
vt 0.14521232 0.50003102
vt 0.13484891 0.50006199
vt 0.12446993 0.50009300
vt 0.11410651 0.50012397
vt 0.10372753 0.50015499
vt 0.09334856 0.50018601
vt 0.08298514 0.50021698
vt 0.07260616 0.50024800
vt 0.06224274 0.50027897
vt 0.05186377 0.50030998
vt 0.04148479 0.50034100
vt 0.03112137 0.50037197
vt 0.02074239 0.50040299
vt 0.01037898 0.50043396
vt 0.00000000 0.50046497
vt 0.00010387 0.51077391
vt 0.00020805 0.52111380
vt 0.00031193 0.53142274
vt 0.00041580 0.54173168
vt 0.00051967 0.55204061
vt 0.00062385 0.56238051
vt 0.00072772 0.57268944
vt 0.00083159 0.58299838
vt 0.00093578 0.59333828
vt 0.00103965 0.60364721
vt 0.00114352 0.61395615
vt 0.00124770 0.62429604
vt 0.00135157 0.63460498
vt 0.00145544 0.64491392
vt 0.00155931 0.65522285
vt 0.00166350 0.66556275
vt 0.00176737 0.67587168
vt 0.00187124 0.68618062
vt 0.00197542 0.69652051
vt 0.00207929 0.70682945
vt 0.00218316 0.71713839
vt 0.00228735 0.72747828
vt 0.00239122 0.73778722
vt 0.00249509 0.74809615
vt 0.00259896 0.75840509
vt 0.00270314 0.76874498
vt 0.00280701 0.77905392
vt 0.00291089 0.78936286
vt 0.00301507 0.79970275
vt 0.00311894 0.81001169
vt 0.00956746 0.81802770
vt 0.01490990 0.82681707
vt 0.01930529 0.83612695
vt 0.02290477 0.84577527
vt 0.02583994 0.85563807
vt 0.02822322 0.86564884
vt 0.03014377 0.87577052
vt 0.03166806 0.88595797
vt 0.03285025 0.89617300
vt 0.03373973 0.90644182
vt 0.03436929 0.91671546
vt 0.06621086 0.54880676
vt 0.28932425 0.61042559
vt 0.03119650 0.69016343
vt 0.20472997 0.52065993
vt 0.07815770 0.73114210
vt 0.11139994 0.86668099
vt 0.17685299 0.76434494
vt 0.27647005 0.69943660
vt 0.07236188 0.92490209
vt 0.26492163 0.89536563
vt 0.17358652 0.66485661
vt 0.09893266 0.89771668
vt 0.27695244 0.72062718
vt 0.22990813 0.85563623
vt 0.24762089 0.77063287
vt 0.27558004 0.58154673
vt 0.21215884 0.77551819
vt 0.26640953 0.62642645
vt 0.21299709 0.50287830
vt 0.21203825 0.68195905
vt 0.16495530 0.63254504
vt 0.07134371 0.82171957
vt 0.25086389 0.67123479
vt 0.19173066 0.68130423
vt 0.07035127 0.90817125
vt 0.20827879 0.71449817
vt 0.15455657 0.69780739
vt 0.21695304 0.77050867
vt 0.05222607 0.86948322
vt 0.08300808 0.66775786
vt 0.22027456 0.77801295
vt 0.11062476 0.64207701
vt 0.15954209 0.55616585
vt 0.10894993 0.50707582
vt 0.04177341 0.92105372
vt 0.07290915 0.60257236
vt 0.20530369 0.61990063
vt 0.23697086 0.52996624
vt 0.09113090 0.63453340
vt 0.22400274 0.92852672
vt 0.05324884 0.54078097
vt 0.28210549 0.61487791
vt 0.06057478 0.62915800
vt 0.05913994 0.63723785
vt 0.07789157 0.90732187
vt 0.16206930 0.56941280
vt 0.24694370 0.93800671
vt 0.07362229 0.68331228
vt 0.13784451 0.60968479
vt 0.11755016 0.64163585
vt 0.02921561 0.73188257
vt 0.06334489 0.73610400
vt 0.21377146 0.76402867
vt 0.02954715 0.56150266
vt 0.17394611 0.83738338
vt 0.12560571 0.51495761
vt 0.23689321 0.71653805
vt 0.03128311 0.75725024
vt 0.25361672 0.91481545
vt 0.01093542 0.75521422
vt 0.11383473 0.73514978
vt 0.30379221 0.73374734
vt 0.21662540 0.53595838
vt 0.23383450 0.90343976
vt 0.17576396 0.77987295
vt 0.09205550 0.72310475
vt 0.28332300 0.75833998
vt 0.12572175 0.75658715
vt 0.28709595 0.63475628
vt 0.17643219 0.82126540
vt 0.08555239 0.78809347
vt 0.13354590 0.81760177
vt 0.21279050 0.80765044
vt 0.23299363 0.71129150
vt 0.11216068 0.61397580
vt 0.07336468 0.88144649
vt 0.06217323 0.83823560
vt 0.09743747 0.86876133
vt 0.02630584 0.52759859
vt 0.18409877 0.74201067
vt 0.09017510 0.53290875
vt 0.05724113 0.89002403
vt 0.29111363 0.50954966
vt 0.06471107 0.61820125
vt 0.30286939 0.78279436
vt 0.20185439 0.62732890
vt 0.03187556 0.64911006
vt 0.19116523 0.71409643
vt 0.20295279 0.61295375
vt 0.21530345 0.71647711
vt 0.17764199 0.71514337
vt 0.17860140 0.75617698
vt 0.20390523 0.67985056
vt 0.02437671 0.66053925
vt 0.05420637 0.86250806
vt 0.00868008 0.72970180
vt 0.30268178 0.71663005
vt 0.28799956 0.82270970
vt 0.21934654 0.61202290
vt 0.22318886 0.52366834
vt 0.26576714 0.51112380
vt 0.02702631 0.85036389
vt 0.05286959 0.76052079
vt 0.30589611 0.68004706
vt 0.18670041 0.57006780
vt 0.24264431 0.75834859
vt 0.07962799 0.71471910
vt 0.20313748 0.66128444
vt 0.04757273 0.70393230
vt 0.13970297 0.72157569
vt 0.17611047 0.74897349
vt 0.13879944 0.65317765
vt 0.07199205 0.69122274
vt 0.26383749 0.92653614
vt 0.03273644 0.66947793
vt 0.24316896 0.88377380
vt 0.13507121 0.58281203
vt 0.25837967 0.76194345
vt 0.25287811 0.81418055
vt 0.05047802 0.74820542
vt 0.10139670 0.67383446
vt 0.27490622 0.74887758
vt 0.17178230 0.70277183
vt 0.29241793 0.55459811
vt 0.13297328 0.64960577
vt 0.15409328 0.68578155
vt 0.09397605 0.51508915
vt 0.06669184 0.77521996
vt 0.24121879 0.83892384
vt 0.11529648 0.58432425
vt 0.27145229 0.92318721
vt 0.25691389 0.74993509
vt 0.06752343 0.56694405
vt 0.29146947 0.67024733
vt 0.13900558 0.81025184
vt 0.24263149 0.75151822
vt 0.19500415 0.72682808
vt 0.03350266 0.84941871
vt 0.01290850 0.52262455
vt 0.05711315 0.88252808
vt 0.05148441 0.79050533
vt 0.24135761 0.77327543
vt 0.18464675 0.76435991
vt 0.25325360 0.84557554
vt 0.03396548 0.84435457
vt 0.15892148 0.82244858
vt 0.15329859 0.80529208
vt 0.04694497 0.66744772
vt 0.08949848 0.64470724
vt 0.13276779 0.60270328
vt 0.03866073 0.75882744
vt 0.28960829 0.75429061
vt 0.04831662 0.80695444
vt 0.12247681 0.81630281
vt 0.18087475 0.58303468
vt 0.02906816 0.74915507
vt 0.27999376 0.78669566
vt 0.06129743 0.66628417
vt 0.07750994 0.84924278
vt 0.25311597 0.57062317
vt 0.23131261 0.58791606
vt 0.01972949 0.69635520
vt 0.26172658 0.83321305
vt 0.01273787 0.55996259
vt 0.27730506 0.70680387
vt 0.19140631 0.74447914
vt 0.06697379 0.63479874
vt 0.02535199 0.71143665
vt 0.17212568 0.78571610
vt 0.05020472 0.77431847
vt 0.12980574 0.80928440
vt 0.28707374 0.59188140
vt 0.28470467 0.55972634
vt 0.07454613 0.59207760
vt 0.20266516 0.85336033
vt 0.19277706 0.68847806
vt 0.09119950 0.55567377
vt 0.03692643 0.88967751
vt 0.29293624 0.64671014
vt 0.23873177 0.89835645
vt 0.13199221 0.67321634
vt 0.22392910 0.77185427
vt 0.10235086 0.51253355
vt 0.08416408 0.55840901
vt 0.02362831 0.83981939
vt 0.12537965 0.69711541
vt 0.19901850 0.58081688
vt 0.12162462 0.54915869
vt 0.02966723 0.78011688
vt 0.22090390 0.91937716
vt 0.01437573 0.60255684
vt 0.02467507 0.61988393
vt 0.26094555 0.73932588
vt 0.02056747 0.54605040
vt 0.24854269 0.70468146
vt 0.08167146 0.60453655
vt 0.10033796 0.73439908
vt 0.20269384 0.82229082
vt 0.30428807 0.76512726
vt 0.15261979 0.72513632
vt 0.15737349 0.61989566
vt 0.24166023 0.73868980
vt 0.07538439 0.66480868
vt 0.11284856 0.63596687
vt 0.23584672 0.65402580
vt 0.20867929 0.55460715
vt 0.20777133 0.78706882
vt 0.26358934 0.67823792
vt 0.29884072 0.69210048
vt 0.15296336 0.54085851
vt 0.28282538 0.67054962
vt 0.07267743 0.54839909
vt 0.08128053 0.85916768
vt 0.09289717 0.65268501
vt 0.20541199 0.88162464
vt 0.25926630 0.75488117
vt 0.13369843 0.70855793
vt 0.23227788 0.76266074
vt 0.14769345 0.59549012
vt 0.12591521 0.57325422
vt 0.12951507 0.50556964
vt 0.24447372 0.50463855
vt 0.05029473 0.66104272
vt 0.14991011 0.67981094
vt 0.20430159 0.52680750
vt 0.24599321 0.77886641
vt 0.20163583 0.80271757
vt 0.27139160 0.89744487
vt 0.09786929 0.65863524
vt 0.11281920 0.56234512
vt 0.27503825 0.88601962
vt 0.24353771 0.60416042
vt 0.22091264 0.81815774
vt 0.07284098 0.79722850
vt 0.24520667 0.74589179
vt 0.13543491 0.57250321
vt 0.09321937 0.71545519
vt 0.18385220 0.55573290
vt 0.16401454 0.59380466
vt 0.16384964 0.61028942
vt 0.27070962 0.88458600
vt 0.18875136 0.61571045
vt 0.02568220 0.65232118
vt 0.05254120 0.63098972
vt 0.26862058 0.87508622
vt 0.04263052 0.85927358
vt 0.11667430 0.85237596
vt 0.01696989 0.61246957
vt 0.26051923 0.68925787
vt 0.10363974 0.64122411
vt 0.22735890 0.80834455
vt 0.11114281 0.69976813
vt 0.26090872 0.81119248
vt 0.04894339 0.92258922
vt 0.25399444 0.51362752
vt 0.02347404 0.80692053
vt 0.09172477 0.58783043
vt 0.17926012 0.54886968
vt 0.19846276 0.87056158
vt 0.13127417 0.55036201
vt 0.02267370 0.60721542
vt 0.03586093 0.74419733
vt 0.02989800 0.50963308
vt 0.04113825 0.77017599
vt 0.04478875 0.67920512
vt 0.14499849 0.63951749
vt 0.00512574 0.65045945
vt 0.06471203 0.84465528
vt 0.22263672 0.72107304
vt 0.04594084 0.79155116
vt 0.18172576 0.77052220
vt 0.23617139 0.51463345
vt 0.12634140 0.65246452
vt 0.11959022 0.53487022
vt 0.08238539 0.93693588
vt 0.02182381 0.73529913
vt 0.29236671 0.68346598
vt 0.21483395 0.59029899
vt 0.01711701 0.50668268
vt 0.24431953 0.63301380
vt 0.25746007 0.55602498
vt 0.07075825 0.78178705
vt 0.27618434 0.61224215
vt 0.25545630 0.69788918
vt 0.26071042 0.56518306
vt 0.08314046 0.76364992
vt 0.22003078 0.68519818
vt 0.30203808 0.67416974
vt 0.25917361 0.85406992
vt 0.29876934 0.56626064
vt 0.13721090 0.58865256
vt 0.16552417 0.68799587
vt 0.06215776 0.70154122
vt 0.02941254 0.54197197
vt 0.13929784 0.65995840
vt 0.22086684 0.64226526
vt 0.26666981 0.91841011
vt 0.10147281 0.58093592
vt 0.03017125 0.66354796
vt 0.07248462 0.70948334
vt 0.15968451 0.72529919
vt 0.17287702 0.81382632
vt 0.10671542 0.70605530
vt 0.01719312 0.64045348
vt 0.07497992 0.77609587
vt 0.13385715 0.66507216
vt 0.19256836 0.64853532
vt 0.18718414 0.54687391
vt 0.25834905 0.58169386
vt 0.06753019 0.75649237
vt 0.29784657 0.63061478
vt 0.26340697 0.80395741
vt 0.24753922 0.61984295
vt 0.16620884 0.54308712
vt 0.19934652 0.69103183
vt 0.02933888 0.67626071
vt 0.12047387 0.79954386
vt 0.02198611 0.79971902
vt 0.30215711 0.77319740
vt 0.26874028 0.69175288
vt 0.03697997 0.50714115
vt 0.24011906 0.58542687
vt 0.13967945 0.54967346
vt 0.20787090 0.65237985
vt 0.22258048 0.82806788
vt 0.24628161 0.66463834
vt 0.15910539 0.69012010
vt 0.27180022 0.62341741
vt 0.13599729 0.77180592
vt 0.04980823 0.88294463
vt 0.07698779 0.55664919
vt 0.16869855 0.63924656
vt 0.16679420 0.52390652
vt 0.19451009 0.60216624
vt 0.18534918 0.83322669
vt 0.13907725 0.71436877
vt 0.24982100 0.58571305
vt 0.13911577 0.52099427
vt 0.02294699 0.72666947
vt 0.01686580 0.80641469
vt 0.15600018 0.71763568
vt 0.18357245 0.80866620
vt 0.15756170 0.62751831
vt 0.00776030 0.80185889
vt 0.15112611 0.60415410
vt 0.25317221 0.85867900
vt 0.27318435 0.90317139
vt 0.25656852 0.83907789
vt 0.22314265 0.89496211
vt 0.06623954 0.85440619
vt 0.27847215 0.80043981
vt 0.07763323 0.65265073
vt 0.18471373 0.59021289
vt 0.13309233 0.51254668
vt 0.03662226 0.58806665
vt 0.17858531 0.65876547
vt 0.09951815 0.71140310
vt 0.27529462 0.52270325
vt 0.03361771 0.87060078
vt 0.20006818 0.77084135
vt 0.17982697 0.84380175
vt 0.07975171 0.79453778
vt 0.18037565 0.83625189
vt 0.01977929 0.65565182
vt 0.21646240 0.56125759
vt 0.07680121 0.72284462
vt 0.07340750 0.64691701
vt 0.23186829 0.75638385
vt 0.10216166 0.59358915
vt 0.24415373 0.81446258
vt 0.09686087 0.60912576
vt 0.22336731 0.60347232
vt 0.26484343 0.75105718
vt 0.28003481 0.53698967
vt 0.02869089 0.62735475
vt 0.17755840 0.72392258
vt 0.08546903 0.81280368
vt 0.13146825 0.74324213
vt 0.09200299 0.62507965
vt 0.05233582 0.50582279
vt 0.21941062 0.69389183
vt 0.21199588 0.73522172
vt 0.17525127 0.61912686
vt 0.20808147 0.76925405
vt 0.28271216 0.71550495
vt 0.25073322 0.64404570
vt 0.13966482 0.74326178
vt 0.06209909 0.58930289
vt 0.03250542 0.64033838
vt 0.16597916 0.65328629
vt 0.21359234 0.52262659
vt 0.07460620 0.67323296
vt 0.15136105 0.63545309
vt 0.25058061 0.60062454
vt 0.05398625 0.85187854
vt 0.25597216 0.90724555
vt 0.14493559 0.58821965
vt 0.24843208 0.51869059
vt 0.06920509 0.70113222
vt 0.27213887 0.85606228
vt 0.27599324 0.75496933
vt 0.23873559 0.79875601
vt 0.24389834 0.64895404
vt 0.19992598 0.83635032
vt 0.30089270 0.76018908
vt 0.20722968 0.60576955
vt 0.12021999 0.56662891
vt 0.07108061 0.71701365
vt 0.21599383 0.66821578
vt 0.11189237 0.80019356
vt 0.11621102 0.75484666
vt 0.22159591 0.74106621
vt 0.23896594 0.74529317
vt 0.29235305 0.56261187
vt 0.27852819 0.73572488
vt 0.29658565 0.77769891
vt 0.27425970 0.79293183
vt 0.17534022 0.56853276
vt 0.03436802 0.83012437
vt 0.16177521 0.53778275
vt 0.05876450 0.61378337
vt 0.00728123 0.65794095
vt 0.15616142 0.53321250
vt 0.17211596 0.59754928
vt 0.13820444 0.63713400
vt 0.26112265 0.66479754
vt 0.18979849 0.50611297
vt 0.15857246 0.65581350
vt 0.22693155 0.90103365
vt 0.09798235 0.62917358
vt 0.04681435 0.75500450
vt 0.14602246 0.66079901
vt 0.02306329 0.68945456
vt 0.16414863 0.71606812
vt 0.28364144 0.69771163
vt 0.12987785 0.61193556
vt 0.30149239 0.51053377
vt 0.22478550 0.88065805
vt 0.27904743 0.68500932
vt 0.27887783 0.87106553
vt 0.16870990 0.51653800
vt 0.28656566 0.70965516
vt 0.30389023 0.60792290
vt 0.07584560 0.82633767
vt 0.30177437 0.55714111
vt 0.05715357 0.75332325
vt 0.17213467 0.53742215
vt 0.20506218 0.86745370
vt 0.21980385 0.66131943
vt 0.10961032 0.78047403
vt 0.25836291 0.89290220
vt 0.03163330 0.85397960
vt 0.10499595 0.63395707
vt 0.15106050 0.56627403
vt 0.04966662 0.72111726
vt 0.08174632 0.65942539
vt 0.14102192 0.76511802
vt 0.22748826 0.86779175
vt 0.16826422 0.56476137
vt 0.14969951 0.70336514
vt 0.06553821 0.93275931
vt 0.19437449 0.69624345
vt 0.04652522 0.87576756
vt 0.19506978 0.80262351
vt 0.12720428 0.59581519
vt 0.22616243 0.72669802
vt 0.18629601 0.66241800
vt 0.01057996 0.80684217
vt 0.20080819 0.56551985
vt 0.26829386 0.82886703
vt 0.27489110 0.76794395
vt 0.29600238 0.50576528
vt 0.05014103 0.57334103
vt 0.23165059 0.78862631
vt 0.27603377 0.83115356
vt 0.04731139 0.59708889
vt 0.23847108 0.67704966
vt 0.21315796 0.68907994
vt 0.23309611 0.94105877
vt 0.19048479 0.77229008
vt 0.23617818 0.62266988
vt 0.13478456 0.72716619
vt 0.10348055 0.68151758
vt 0.02981625 0.60237309
vt 0.08923208 0.87583361
vt 0.04495431 0.52275970
vt 0.11911981 0.59125129
vt 0.19213229 0.58964390
vt 0.29590357 0.75690714
vt 0.05924362 0.54511825
vt 0.21892970 0.90175721
vt 0.23670627 0.77861986
vt 0.23796067 0.85447063
vt 0.25604847 0.65073072
vt 0.11110410 0.68339762
vt 0.07040284 0.84834631
vt 0.11885485 0.61990395
vt 0.23371896 0.77243670
vt 0.26865051 0.66483044
vt 0.20401921 0.75361556
vt 0.16816176 0.55755665
vt 0.17904703 0.73558074
vt 0.18054269 0.81455717
vt 0.03653540 0.84000740
vt 0.16826661 0.74586700
vt 0.06750216 0.67030675
vt 0.13660471 0.69546526
vt 0.27081468 0.89118833
vt 0.09480655 0.89122010
vt 0.24883756 0.65482197
vt 0.21943339 0.67595948
vt 0.08678158 0.59742687
vt 0.01817052 0.68366825
vt 0.03786855 0.53822472
vt 0.16254093 0.58457431
vt 0.15501939 0.58940342
vt 0.02351065 0.66898502
vt 0.16164526 0.75179234
vt 0.04767541 0.91220567
vt 0.26334389 0.65759237
vt 0.18816489 0.60770780
vt 0.16627443 0.70835274
vt 0.30391781 0.70585067
vt 0.05346778 0.90632444
vt 0.17541611 0.55453146
vt 0.27943508 0.57011148
vt 0.13084358 0.71769467
vt 0.27407029 0.59861210
vt 0.06351938 0.80940092
vt 0.06379693 0.71122956
vt 0.11000831 0.51566162
vt 0.28247529 0.66314747
vt 0.01527559 0.66932800
vt 0.27392826 0.50338800
vt 0.29501084 0.67545420
vt 0.24295992 0.93394623
vt 0.21766452 0.88072895
vt 0.00729092 0.57397027
vt 0.01900591 0.76901790
vt 0.06785485 0.66303085
vt 0.02324409 0.51048862
vt 0.02166494 0.51976694
vt 0.20490062 0.76211544
vt 0.11995744 0.65002414
vt 0.28154184 0.69177192
vt 0.01009387 0.74602843
vt 0.22833971 0.60980656
vt 0.20795526 0.70407559
vt 0.11039530 0.52418862
vt 0.05581524 0.69556017
vt 0.13643925 0.59528206
vt 0.06119638 0.78931768
vt 0.27626658 0.77468505
vt 0.21107151 0.85043841
vt 0.14341438 0.50675575
vt 0.12462473 0.70778617
vt 0.09418818 0.61682146
vt 0.05004128 0.81669170
vt 0.18980850 0.52309608
vt 0.06425453 0.59993202
vt 0.04427406 0.77687227
vt 0.22676060 0.69661140
vt 0.14784896 0.77205802
vt 0.12481634 0.78372797
vt 0.28982633 0.66443295
vt 0.09637481 0.52579499
vt 0.21055592 0.61345052
vt 0.10647444 0.60510321
vt 0.28852348 0.62528451
vt 0.29036056 0.71451510
vt 0.08498772 0.74634260
vt 0.17263244 0.58113244
vt 0.19717562 0.63876771
vt 0.07914944 0.89818121
vt 0.20332826 0.50900540
vt 0.06068812 0.56906340
vt 0.04936376 0.85717880
vt 0.09844480 0.70386791
vt 0.27017402 0.91112761
vt 0.22085152 0.87327603
vt 0.29955530 0.72861798
vt 0.02542102 0.77131691
vt 0.04405545 0.76271552
vt 0.18723610 0.85402176
vt 0.15791301 0.76986132
vt 0.00612697 0.53105838
vt 0.22745020 0.90774584
vt 0.23532401 0.92449301
vt 0.11177210 0.86040195
vt 0.15265375 0.52549060
vt 0.12749427 0.55736015
vt 0.14212063 0.60188676
vt 0.15227345 0.74973483
vt 0.21402092 0.63735718
vt 0.30119205 0.79931791
vt 0.03571324 0.78368109
vt 0.19693253 0.52145575
vt 0.07133158 0.80926926
vt 0.15781529 0.77726013
vt 0.12515751 0.60559789
vt 0.00738041 0.67120488
vt 0.23102639 0.70340839
vt 0.26429803 0.60865788
vt 0.01674199 0.53817532
vt 0.25976891 0.90163122
vt 0.14191210 0.77852661
vt 0.26886077 0.70122676
vt 0.29053238 0.72157898
vt 0.01589174 0.72930845
vt 0.12095214 0.61239385
vt 0.02418718 0.71880680
vt 0.27345306 0.68496538
vt 0.25386853 0.66528559
vt 0.20327880 0.84505856
vt 0.16950849 0.69499137
vt 0.29635983 0.68704440
vt 0.04389067 0.65692564
vt 0.11799312 0.52777547
vt 0.05641216 0.79403166
vt 0.22561525 0.62462763
vt 0.23340311 0.69398217
vt 0.24581799 0.91190289
vt 0.07564071 0.75939529
vt 0.06806787 0.59409484
vt 0.03455548 0.81575758
vt 0.25023050 0.55210836
vt 0.02253143 0.77839740
vt 0.26777004 0.73624745
vt 0.09240200 0.57853649
vt 0.02621483 0.76341919
vt 0.05603851 0.59768028
vt 0.26740286 0.76471712
vt 0.20715694 0.82985631
vt 0.28144398 0.59909975
vt 0.30291048 0.80602395
vt 0.24163219 0.55857992
vt 0.02646608 0.69664119
vt 0.00663074 0.58830038
vt 0.25625762 0.52178718
vt 0.00772551 0.51187921
vt 0.02127476 0.67653005
vt 0.27892842 0.50608749
vt 0.24967482 0.88997074
vt 0.15435099 0.67320567
vt 0.28344906 0.76549110
vt 0.24853173 0.92917895
vt 0.24221177 0.64064905
vt 0.18938143 0.64269603
vt 0.16270242 0.60288945
vt 0.16683087 0.66672330
vt 0.22334665 0.84993149
vt 0.08475207 0.72687059
vt 0.26983923 0.77387951
vt 0.10257063 0.85265228
vt 0.28767933 0.78884429
vt 0.23954199 0.94082283
vt 0.03489152 0.73695620
vt 0.08259174 0.88204801
vt 0.16860250 0.57441942
vt 0.29462155 0.54702955
vt 0.01895423 0.52836746
vt 0.12074955 0.73879384
vt 0.11198316 0.66089994
vt 0.24324126 0.76566355
vt 0.16226429 0.64801787
vt 0.08242151 0.82980293
vt 0.07039791 0.51478447
vt 0.07250212 0.61870619
vt 0.20251537 0.64468654
vt 0.08500686 0.90801326
vt 0.30362861 0.66012118
vt 0.07292497 0.63198988
vt 0.03686057 0.86400009
vt 0.03631900 0.68378324
vt 0.22195730 0.71486433
vt 0.15956363 0.73507038
vt 0.15130909 0.55830746
vt 0.19180353 0.55270970
vt 0.07805186 0.51571750
vt 0.24035577 0.52079238
vt 0.05338791 0.59007147
vt 0.21477447 0.74075142
vt 0.15455881 0.75643454
vt 0.02796601 0.82725158
vt 0.10114443 0.77668090
vt 0.07195635 0.89491229
vt 0.04461843 0.63342679
vt 0.12656697 0.72733940
vt 0.15041253 0.50451429
vt 0.05426632 0.77988432
vt 0.17182895 0.71948644
vt 0.15837726 0.63465632
vt 0.23465570 0.86307057
vt 0.27014938 0.67937213
vt 0.04233321 0.78268278
vt 0.00906490 0.81221549
vt 0.28423895 0.51067516
vt 0.10567886 0.62679512
vt 0.16870807 0.83347312
vt 0.18762038 0.51402840
vt 0.26963140 0.83650839
vt 0.29602521 0.60518726
vt 0.29681343 0.51645810
vt 0.18910316 0.53156463
vt 0.05568213 0.76796954
vt 0.07572788 0.86522355
vt 0.27583700 0.76162257
vt 0.21229313 0.67480899
vt 0.11161464 0.62990928
vt 0.25959831 0.61374230
vt 0.10977502 0.75901661
vt 0.12338812 0.58203719
vt 0.02828194 0.61306696
vt 0.30333375 0.54804495
vt 0.06426283 0.82446542
vt 0.21485818 0.61924311
vt 0.23477784 0.73890513
vt 0.23282181 0.84607257
vt 0.09856444 0.66613374
vt 0.15903436 0.56288892
vt 0.00757894 0.63769000
vt 0.09823103 0.57442414
vt 0.26489600 0.86867430
vt 0.12881391 0.79925037
vt 0.12377828 0.74768711
vt 0.28861305 0.54078429
vt 0.09712610 0.85911316
vt 0.15854034 0.74469946
vt 0.07646051 0.69750795
vt 0.07798786 0.88929624
vt 0.23070614 0.87387532
vt 0.21648084 0.84398139
vt 0.26449376 0.52055533
vt 0.14711974 0.64565550
vt 0.25310696 0.76618954
vt 0.17597233 0.51507820
vt 0.01312804 0.69880976
vt 0.03971478 0.71079182
vt 0.29122586 0.77133721
vt 0.06159104 0.86811053
vt 0.17669794 0.56125967
vt 0.11294725 0.84165535
vt 0.25416848 0.74421312
vt 0.12513099 0.62803770
vt 0.22610271 0.75953714
vt 0.02727850 0.79460029
vt 0.27459669 0.61813233
vt 0.15639248 0.59767145
vt 0.14877500 0.53371570
vt 0.25925196 0.76852742
vt 0.21132513 0.69691536
vt 0.16047123 0.52807592
vt 0.18101798 0.78742228
vt 0.03217924 0.78950402
vt 0.01728051 0.75090433
vt 0.29439762 0.79361074
vt 0.15324926 0.81640566
vt 0.10461328 0.57276641
vt 0.24835994 0.74092718
vt 0.15369316 0.64157441
vt 0.26068233 0.51477213
vt 0.18011769 0.69114998
vt 0.05757873 0.74345854
vt 0.07038980 0.76668205
vt 0.23392446 0.72557001
vt 0.03711806 0.67637658
vt 0.00527925 0.52486559
vt 0.07941272 0.80902063
vt 0.16655342 0.79867203
vt 0.12934882 0.54374774
vt 0.12148985 0.67278769
vt 0.20308682 0.69790742
vt 0.26636051 0.79497719
vt 0.24516847 0.61180442
vt 0.18544796 0.68452800
vt 0.06032267 0.91707017
vt 0.06430563 0.74861894
vt 0.16064277 0.80423489
vt 0.21472468 0.59897739
vt 0.25864455 0.79630547
vt 0.26893647 0.61338432
vt 0.22044580 0.73524542
vt 0.03553357 0.62314969
vt 0.14487692 0.63202948
vt 0.30475532 0.66842333
vt 0.18667838 0.59801981
vt 0.02454392 0.78635006
vt 0.28026127 0.63703735
vt 0.26872876 0.60403467
vt 0.10827350 0.71316542
vt 0.00879306 0.78455571
vt 0.19683903 0.81718003
vt 0.02471506 0.83565714
vt 0.26601839 0.68516538
vt 0.16888028 0.67371398
vt 0.13597290 0.55697048
vt 0.27305045 0.73217152
vt 0.29015826 0.73760967
vt 0.03776031 0.72856370
vt 0.17847353 0.68381148
vt 0.08991876 0.82860509
vt 0.05650078 0.89874446
vt 0.29102478 0.80595963
vt 0.09658657 0.74482721
vt 0.07431283 0.78928201
vt 0.14534805 0.54198563
vt 0.18196017 0.80117398
vt 0.21316621 0.78253588
vt 0.21581768 0.57694823
vt 0.10731389 0.66735081
vt 0.02197472 0.83099162
vt 0.00785136 0.53765158
vt 0.09000142 0.91500489
vt 0.02719991 0.55176190
vt 0.08567644 0.65257344
vt 0.25194355 0.72515810
vt 0.08519238 0.54040885
vt 0.11914153 0.63182803
vt 0.04463147 0.50479412
vt 0.12627143 0.68013505
vt 0.19674578 0.59526607
vt 0.11182532 0.53455360
vt 0.04491784 0.62653516
vt 0.11691236 0.66654691
vt 0.09613842 0.83729921
vt 0.18475316 0.82014658
vt 0.30418251 0.61919419
vt 0.08535623 0.90123463
vt 0.30162581 0.52433907
vt 0.25309025 0.77391574
vt 0.07581630 0.52471784
vt 0.00925776 0.62773541
vt 0.25539749 0.73210587
vt 0.03753113 0.59730808
vt 0.25296314 0.87428342
vt 0.11480688 0.60697958
vt 0.03308954 0.57010268
vt 0.08471622 0.56552808
vt 0.05988258 0.80371103
vt 0.25334074 0.75703070
vt 0.14199872 0.57960659
vt 0.05831919 0.93272365
vt 0.09934278 0.72507960
vt 0.25459887 0.88506876
vt 0.01888619 0.79208227
vt 0.20494225 0.63542985
vt 0.14111567 0.66744245
vt 0.14478528 0.73625580
vt 0.20250838 0.72654574
vt 0.06506097 0.92691847
vt 0.11356567 0.71932252
vt 0.11825943 0.72730501
vt 0.19432595 0.85737010
vt 0.04554249 0.86580268
vt 0.07053377 0.87154173
vt 0.12897780 0.83245127
vt 0.18401027 0.74928226
vt 0.18876616 0.62355651
vt 0.06185087 0.78160239
vt 0.27619559 0.80869759
vt 0.03560614 0.60722922
vt 0.06703938 0.52142428
vt 0.08639375 0.80400710
vt 0.24870968 0.88012712
vt 0.21142636 0.72793206
vt 0.21143881 0.75728399
vt 0.01131548 0.72239324
vt 0.25026911 0.57793641
vt 0.08544764 0.55000653
vt 0.13892944 0.79495405
vt 0.04433922 0.61982116
vt 0.09938164 0.53486753
vt 0.22864041 0.91941156
vt 0.08387294 0.84488837
vt 0.24625572 0.87204983
vt 0.27884097 0.74390139
vt 0.22581884 0.66815845
vt 0.25768381 0.87892844
vt 0.02542724 0.84296553
vt 0.06135668 0.76121235
vt 0.09938890 0.64804670
vt 0.04579181 0.83438715
vt 0.16487539 0.68086500
vt 0.26500790 0.61919712
vt 0.29499716 0.74329929
vt 0.09969362 0.83076764
vt 0.24072125 0.61806843
vt 0.01987742 0.62800345
vt 0.01973213 0.59247264
vt 0.10687202 0.77233490
vt 0.21868422 0.62512415
vt 0.02763285 0.74119352
vt 0.02520995 0.63518538
vt 0.27319373 0.74041567
vt 0.11838423 0.68062857
vt 0.27705918 0.56207590
vt 0.10597499 0.55767205
vt 0.17620136 0.74230661
vt 0.09128386 0.70686345
vt 0.03935078 0.66304775
vt 0.05573813 0.81050916
vt 0.05144441 0.51670130
vt 0.23122131 0.61741731
vt 0.09419488 0.77692345
vt 0.28312403 0.77219924
vt 0.29185700 0.70464248
vt 0.30396941 0.62732392
vt 0.04988050 0.89243057
vt 0.25828604 0.68167779
vt 0.11163964 0.67465553
vt 0.24522113 0.82322464
vt 0.27049232 0.59067018
vt 0.10446084 0.80562567
vt 0.03238914 0.53268685
vt 0.15870489 0.78638733
vt 0.10971293 0.79088438
vt 0.27707122 0.55371291
vt 0.24443187 0.71218628
vt 0.20456497 0.53412534
vt 0.01071405 0.68426932
vt 0.26101032 0.73404069
vt 0.05844220 0.77476758
vt 0.04945002 0.84528597
vt 0.29794273 0.66745024
vt 0.09545852 0.80107439
vt 0.26644142 0.58452282
vt 0.24948837 0.90657213
vt 0.17467940 0.79258478
vt 0.20444535 0.79426082
vt 0.17083314 0.80517231
vt 0.30395979 0.75385216
vt 0.18897929 0.80629319
vt 0.08640954 0.58610451
vt 0.18560046 0.57656379
vt 0.19704051 0.76473205
vt 0.25878483 0.87067550
vt 0.15340325 0.54989089
vt 0.04170743 0.53068276
vt 0.24751858 0.69154554
vt 0.22896540 0.73350775
vt 0.10339367 0.86370430
vt 0.21965107 0.52948721
vt 0.30345413 0.79370672
vt 0.19077860 0.53956351
vt 0.27718226 0.54408224
vt 0.03336369 0.69863346
vt 0.13933159 0.64527582
vt 0.13215785 0.62683151
vt 0.11344922 0.59946198
vt 0.06083131 0.56115527
vt 0.04308386 0.74540489
vt 0.02855247 0.58508902
vt 0.19214946 0.83218802
vt 0.25494737 0.83091775
vt 0.28217118 0.62960844
vt 0.25146811 0.79372097
vt 0.09141575 0.85181252
vt 0.00869270 0.66407637
vt 0.24765756 0.80590885
vt 0.18603813 0.75671157
vt 0.09578620 0.64259925
vt 0.15835522 0.76265259
vt 0.23911962 0.70014536
vt 0.23138979 0.62686220
vt 0.06439409 0.90253846
vt 0.20855643 0.50567304
vt 0.13334832 0.61918081
vt 0.23771573 0.50718011
vt 0.29399781 0.63799477
vt 0.13028348 0.84161338
vt 0.12418852 0.66066344
vt 0.05735926 0.50927385
vt 0.27143101 0.72483687
vt 0.10728476 0.58711509
vt 0.06722245 0.62566474
vt 0.26619931 0.59715901
vt 0.22125217 0.78472584
vt 0.13744307 0.54198077
vt 0.30671807 0.69184965
vt 0.25392032 0.73790825
vt 0.17008232 0.54969930
vt 0.04606375 0.53923818
vt 0.29666836 0.62298712
vt 0.00728627 0.69169419
vt 0.19004480 0.58246457
vt 0.18479488 0.82675203
vt 0.23588424 0.93412085
vt 0.16646110 0.53196050
vt 0.17409280 0.62653443
vt 0.01451585 0.73799785
vt 0.00424992 0.50488325
vt 0.16902715 0.64631221
vt 0.01129562 0.65092468
vt 0.16999896 0.58809001
vt 0.07271899 0.73698704
vt 0.03892474 0.83506119
vt 0.18296071 0.77706311
vt 0.06210127 0.79698306
vt 0.28338285 0.83742825
vt 0.21630617 0.50749633
vt 0.23801502 0.79195426
vt 0.20825466 0.81784444
vt 0.07099674 0.58505195
vt 0.06669232 0.53948375
vt 0.23098558 0.56309775
vt 0.21349890 0.74599863
vt 0.02973633 0.80283180
vt 0.26835163 0.54247567
vt 0.10911675 0.62049821
vt 0.22858733 0.77648131
vt 0.21450347 0.81439200
vt 0.24859098 0.76210772
vt 0.09435477 0.80895273
vt 0.29206736 0.63050113
vt 0.23485289 0.81287380
vt 0.14340892 0.56021458
vt 0.12436862 0.63685412
vt 0.05943817 0.83228217
vt 0.29087157 0.52196275
vt 0.25909096 0.70373941
vt 0.08507860 0.63815673
vt 0.22835098 0.81851396
vt 0.23310896 0.55425362
vt 0.28981813 0.74772226
vt 0.11501362 0.54330925
vt 0.13106431 0.57839831
vt 0.26061829 0.58967529
vt 0.13690913 0.78618960
vt 0.23049108 0.82793494
vt 0.09834847 0.87580629
vt 0.17819610 0.57469733
vt 0.14272112 0.68160582
vt 0.08267629 0.92559861
vt 0.24031014 0.91513245
vt 0.17380478 0.54374153
vt 0.20378568 0.59995986
vt 0.22307020 0.55030540
vt 0.14029079 0.61823798
vt 0.29677263 0.69834379
vt 0.26878601 0.52661601
vt 0.25908998 0.62355431
vt 0.14780927 0.57483657
vt 0.23233452 0.83689671
vt 0.04239234 0.73545760
vt 0.12969409 0.68939134
vt 0.17217594 0.68057896
vt 0.26625621 0.86066529
vt 0.04550598 0.68687659
vt 0.22348888 0.59386638
vt 0.07438895 0.53644514
vt 0.11965388 0.76428680
vt 0.26927405 0.56211658
vt 0.05821617 0.81835374
vt 0.01263252 0.57126865
vt 0.04120901 0.82781260
vt 0.20942207 0.53984250
vt 0.22172338 0.51765886
vt 0.15805483 0.66560670
vt 0.23487599 0.63821932
vt 0.09269256 0.79354161
vt 0.07565435 0.84197123
vt 0.30335594 0.68849683
vt 0.12379695 0.77428447
vt 0.28617349 0.61938062
vt 0.07930825 0.78381044
vt 0.21850427 0.75858131
vt 0.19213590 0.75205962
vt 0.01461490 0.63375547
vt 0.12998138 0.79079403
vt 0.05361959 0.64628220
vt 0.07717357 0.80254690
vt 0.30271627 0.69598371
vt 0.23922571 0.87647598
vt 0.21004337 0.51070861
vt 0.02440888 0.56766954
vt 0.06526250 0.58043620
vt 0.21557627 0.90787249
vt 0.05223629 0.83506266
vt 0.15096756 0.66562219
vt 0.27861161 0.72814777
vt 0.28779553 0.79850522
vt 0.12236683 0.71762980
vt 0.01881966 0.70464386
vt 0.14749946 0.72083282
vt 0.04956662 0.54898339
vt 0.09853786 0.50618222
vt 0.07648127 0.57694311
vt 0.18366455 0.72026584
vt 0.08447588 0.85250559
vt 0.00853423 0.60887941
vt 0.14262735 0.75096693
vt 0.27088749 0.86847712
vt 0.21405818 0.82426802
vt 0.19730545 0.73276273
vt 0.26609099 0.90390009
vt 0.24032634 0.53882534
vt 0.09104213 0.86722829
vt 0.10140380 0.81464797
vt 0.02094133 0.58333413
vt 0.14641103 0.55140204
vt 0.03932168 0.84756770
vt 0.18120254 0.54166072
vt 0.24315395 0.54843146
vt 0.20610686 0.54695108
vt 0.25212232 0.54337517
vt 0.24140230 0.90600917
vt 0.08043215 0.94696382
vt 0.21269757 0.88574381
vt 0.17165638 0.76007580
vt 0.19560068 0.80950887
vt 0.11659722 0.78351455
vt 0.26950400 0.78714628
vt 0.12058448 0.60012739
vt 0.13205527 0.77922904
vt 0.17134941 0.63243868
vt 0.22306649 0.70234140
vt 0.09134165 0.60335605
vt 0.19938386 0.65261853
vt 0.01364166 0.67638473
vt 0.21198460 0.87679353
vt 0.09280999 0.75239658
vt 0.20685360 0.74382842
vt 0.20299721 0.70920071
vt 0.17683384 0.82886918
vt 0.15349444 0.51692424
vt 0.16737784 0.81912336
vt 0.09521843 0.54111049
vt 0.03485542 0.79856444
vt 0.08125868 0.53127659
vt 0.13567957 0.75850354
vt 0.22400390 0.55874102
vt 0.26939151 0.57751612
vt 0.13484616 0.52726284
vt 0.10421725 0.69048410
vt 0.08000731 0.50740924
vt 0.08490417 0.70980182
vt 0.18938383 0.79881191
vt 0.26452135 0.67139197
vt 0.09509713 0.78701335
vt 0.11998230 0.79199716
vt 0.05625523 0.87542831
vt 0.06461528 0.50865186
vt 0.23607002 0.54603464
vt 0.21645659 0.80166897
vt 0.15067847 0.78056891
vt 0.12831651 0.58808348
vt 0.19646304 0.77802236
vt 0.06672395 0.91327166
vt 0.01576103 0.77619588
vt 0.00857174 0.76259196
vt 0.03513492 0.55642146
vt 0.27772711 0.51676258
vt 0.03625212 0.51636936
vt 0.14831801 0.79637629
vt 0.26334829 0.83976921
vt 0.04055229 0.91178702
vt 0.19673328 0.53066593
vt 0.24938060 0.83910831
vt 0.08016660 0.62013552
vt 0.01564886 0.81359077
vt 0.15045752 0.61875911
vt 0.03344965 0.65732753
vt 0.26097259 0.88584170
vt 0.11329039 0.81057827
vt 0.07418837 0.91542383
vt 0.03282819 0.71576218
vt 0.09751693 0.76833144
vt 0.05531176 0.52481134
vt 0.05453518 0.71304386
vt 0.11938363 0.82502499
vt 0.23116542 0.92971215
vt 0.15819198 0.68038887
vt 0.09051419 0.67156237
vt 0.10391699 0.82373488
vt 0.01534561 0.51497474
vt 0.13965703 0.67505625
vt 0.17123924 0.61368707
vt 0.14726486 0.71418791
vt 0.09728346 0.84909262
vt 0.04177474 0.63933522
vt 0.13410905 0.68163077
vt 0.08532520 0.62769285
vt 0.04566321 0.55755349
vt 0.07651024 0.56752245
vt 0.17590701 0.64408755
vt 0.21695583 0.75082629
vt 0.06801236 0.86249057
vt 0.20823528 0.88999677
vt 0.29636904 0.66026281
vt 0.19894211 0.70290819
vt 0.05799865 0.72794828
vt 0.03178589 0.77195951
vt 0.07890355 0.87437213
vt 0.08156879 0.64533509
vt 0.17423857 0.53085171
vt 0.06019279 0.84937903
vt 0.19229128 0.82298443
vt 0.17039240 0.65840660
vt 0.23863093 0.78429456
vt 0.03692329 0.77650589
vt 0.26606720 0.88826963
vt 0.28520320 0.64986825
vt 0.28489427 0.54893233
vt 0.22339287 0.57017726
vt 0.12896324 0.82422435
vt 0.22750087 0.92421956
vt 0.17647034 0.69732007
vt 0.21569336 0.72305696
vt 0.06764071 0.79343251
vt 0.25218775 0.67783279
vt 0.18883301 0.72834760
vt 0.21641372 0.79046217
vt 0.13152678 0.70114072
vt 0.20473021 0.77821201
vt 0.21533684 0.55151265
vt 0.20189192 0.81251033
vt 0.16323848 0.66084510
vt 0.28771815 0.77899418
vt 0.19783154 0.68236749
vt 0.18184682 0.52717207
vt 0.23993277 0.80647398
vt 0.18171962 0.53513080
vt 0.23020832 0.91372532
vt 0.30050340 0.54032462
vt 0.06504261 0.87674048
vt 0.28820729 0.69010822
vt 0.27321316 0.78160812
vt 0.01742354 0.82006833
vt 0.21239587 0.56907415
vt 0.05619083 0.82593283
vt 0.04899593 0.82580830
vt 0.25001978 0.73082245
vt 0.18936097 0.81441196
vt 0.05429622 0.66801591
vt 0.15758406 0.79609289
vt 0.19070159 0.70167847
vt 0.04964047 0.79770227
vt 0.22853191 0.51468487
vt 0.29443259 0.59486881
vt 0.04769905 0.51038954
vt 0.27073110 0.51644110
vt 0.06326904 0.55462008
vt 0.19482779 0.85004456
vt 0.26167773 0.53806668
vt 0.20951206 0.75076468
vt 0.18008873 0.66700626
vt 0.03851101 0.80605642
vt 0.16221993 0.69596665
vt 0.01187434 0.58077172
vt 0.18410298 0.65375245
vt 0.09803278 0.63621257
vt 0.05406097 0.68605465
vt 0.25216015 0.86631461
vt 0.16078975 0.51588424
vt 0.06058784 0.64462494
vt 0.12417272 0.64454767
vt 0.24192830 0.65887813
vt 0.10933491 0.57919218
vt 0.29699563 0.75012072
vt 0.08068954 0.69041513
vt 0.30341464 0.71114090
vt 0.23561076 0.64665990
vt 0.07896803 0.54578905
vt 0.15137413 0.62792473
vt 0.28358665 0.80699448
vt 0.22371397 0.50446610
vt 0.17483020 0.65183525
vt 0.00877021 0.77619950
vt 0.07162202 0.94193407
vt 0.18364571 0.79410604
vt 0.25478576 0.80390975
vt 0.08529389 0.51667897
vt 0.18143844 0.62194457
vt 0.14520808 0.65294360
vt 0.10612782 0.74717880
vt 0.16893909 0.82631092
vt 0.01456074 0.69090505
vt 0.18618592 0.67017357
vt 0.10357091 0.56528431
vt 0.28564255 0.50410609
vt 0.03479533 0.76539235
vt 0.12704927 0.53080853
vt 0.03015798 0.83439489
vt 0.06676786 0.92025947
vt 0.13301559 0.53567423
vt 0.13855228 0.68860841
vt 0.12449326 0.85208757
vt 0.23939254 0.86862634
vt 0.03565483 0.52477245
vt 0.24691399 0.91804679
vt 0.22812867 0.93628617
vt 0.05580202 0.84222098
vt 0.18229350 0.72930653
vt 0.11829630 0.69867580
vt 0.11495300 0.77183082
vt 0.11335908 0.65087612
vt 0.16357561 0.62577161
vt 0.26991419 0.81306695
vt 0.22416405 0.86118619
vt 0.16384152 0.61755655
vt 0.30585559 0.63973054
vt 0.04758658 0.69503064
vt 0.26616637 0.85246357
vt 0.20004610 0.55568859
vt 0.29893306 0.57734665
vt 0.28852849 0.67994652
vt 0.16074012 0.57777159
vt 0.05161497 0.60624826
vt 0.21286607 0.63080152
vt 0.00472489 0.57944057
vt 0.19494045 0.62865768
vt 0.00820747 0.61834908
vt 0.26942776 0.70851460
vt 0.19035162 0.72094276
vt 0.01378090 0.65656551
vt 0.25123205 0.56160289
vt 0.08708929 0.61062148
vt 0.17814301 0.70596634
vt 0.12143124 0.80708852
vt 0.10813285 0.72797661
vt 0.06187551 0.68314251
vt 0.26829483 0.84466431
vt 0.16431640 0.74019803
vt 0.03108384 0.72352125
vt 0.19486663 0.84264001
vt 0.09349964 0.56275400
vt 0.14293047 0.56909992
vt 0.10637961 0.73910360
vt 0.00909546 0.59689652
vt 0.23712697 0.63129201
vt 0.27380332 0.84916167
vt 0.21562800 0.51494296
vt 0.07229064 0.90163935
vt 0.29883462 0.64248684
vt 0.29057842 0.76250802
vt 0.06770335 0.64190121
vt 0.13630262 0.73510871
vt 0.22662615 0.65004055
vt 0.14430349 0.72870998
vt 0.24577265 0.73410267
vt 0.11731324 0.51298100
vt 0.14474621 0.80331949
vt 0.20452434 0.87492631
vt 0.04623577 0.64725647
vt 0.22523018 0.67855514
vt 0.22305075 0.74691777
vt 0.27782444 0.51150816
vt 0.27052362 0.57014557
vt 0.28867721 0.60161641
vt 0.04034750 0.70138991
vt 0.04866138 0.78355819
vt 0.25867226 0.92053314
vt 0.07177035 0.93447684
vt 0.24647961 0.89954514
vt 0.11193525 0.55183641
vt 0.15208582 0.78931742
vt 0.05525515 0.70521785
vt 0.20653521 0.80888430
vt 0.16164743 0.64093622
vt 0.22428976 0.83921193
vt 0.05561769 0.78606889
vt 0.06608013 0.52914187
vt 0.19075197 0.63509668
vt 0.16189192 0.50448005
vt 0.17492315 0.79915588
vt 0.19408468 0.66693921
vt 0.20039906 0.58768187
vt 0.20955466 0.85997761
vt 0.12317139 0.50810005
vt 0.16890105 0.62277670
vt 0.07211275 0.65692002
vt 0.11954776 0.55751920
vt 0.09077486 0.76151905
vt 0.30282612 0.74725672
vt 0.03609773 0.61558643
vt 0.25178124 0.52795724
vt 0.23779688 0.76056134
vt 0.03115187 0.85984434
vt 0.29524269 0.53448864
vt 0.20306417 0.73876098
vt 0.00811085 0.73712235
vt 0.21750002 0.86578487
vt 0.23094850 0.68171805
vt 0.20653449 0.59260669
vt 0.28311501 0.52634026
vt 0.26472806 0.72371985
vt 0.03306734 0.70709341
vt 0.03912338 0.65214786
vt 0.14756080 0.81159692
vt 0.23289165 0.74671691
vt 0.25497797 0.78102993
vt 0.01620928 0.78445121
vt 0.22396354 0.53862967
vt 0.22376987 0.91444748
vt 0.28673444 0.64216318
vt 0.11952941 0.83502478
vt 0.28344093 0.51905952
vt 0.29565339 0.80154248
vt 0.06022432 0.51737366
vt 0.19783319 0.72080225
vt 0.15805817 0.70327224
vt 0.03837023 0.75176833
vt 0.25343992 0.60732734
vt 0.15239879 0.65779519
vt 0.23178124 0.67329920
vt 0.02910759 0.59334788
vt 0.06489251 0.93874445
vt 0.10007840 0.60102998
vt 0.01689567 0.72021487
vt 0.24026054 0.69252358
vt 0.08639518 0.61827877
vt 0.25348322 0.82269647
vt 0.23216930 0.89452973
vt 0.22968445 0.71889284
vt 0.08214739 0.91433497
vt 0.20899587 0.58298615
vt 0.18931781 0.67574994
vt 0.19075735 0.65638037
vt 0.22185893 0.76494324
vt 0.24553511 0.85506181
vt 0.17440264 0.52337258
vt 0.14465548 0.78753095
vt 0.04106742 0.55216278
vt 0.03574383 0.63233178
vt 0.16653584 0.77492127
vt 0.06918529 0.88869362
vt 0.25723165 0.72164610
vt 0.01450418 0.79900176
vt 0.28278910 0.58483718
vt 0.30225164 0.63477083
vt 0.19634704 0.66013416
vt 0.28224941 0.75115209
vt 0.26176098 0.82550514
vt 0.02105129 0.55748799
vt 0.02917878 0.51915698
vt 0.27481333 0.60635835
vt 0.23895691 0.59565491
vt 0.27163507 0.50888737
vt 0.08512521 0.57273283
vt 0.06763133 0.80226279
vt 0.27394589 0.86209121
vt 0.13874880 0.62810715
vt 0.02341822 0.75484983
vt 0.08922184 0.78165539
vt 0.02431896 0.53643667
vt 0.09879719 0.75984170
vt 0.24358755 0.68594124
vt 0.00581671 0.72138932
vt 0.14638238 0.68808453
vt 0.15205659 0.69232268
vt 0.26076324 0.84658415
vt 0.05103707 0.61540957
vt 0.12084795 0.68885255
vt 0.25814622 0.63728051
vt 0.05750639 0.65982980
vt 0.24425071 0.67261024
vt 0.21165745 0.86945470
vt 0.22807955 0.53063768
vt 0.25308731 0.89776966
vt 0.17203947 0.60587462
vt 0.07596460 0.63943908
vt 0.03702156 0.89992339
vt 0.09307854 0.69925472
vt 0.03912332 0.69228774
vt 0.01764367 0.76125867
vt 0.16052151 0.81343263
vt 0.17070954 0.73700523
vt 0.03792099 0.87979118
vt 0.01458521 0.55135023
vt 0.02153299 0.82514076
vt 0.09643939 0.69312097
vt 0.23712355 0.82144671
vt 0.04310528 0.58049312
vt 0.28206751 0.79400769
vt 0.22093572 0.90926549
vt 0.26526582 0.55591458
vt 0.20639072 0.66767127
vt 0.26384001 0.75874139
vt 0.24914957 0.71850245
vt 0.09865105 0.55650715
vt 0.12682858 0.66724897
vt 0.10642163 0.87944136
vt 0.15958113 0.70999859
vt 0.22853345 0.88794321
vt 0.05478872 0.55475808
vt 0.05439534 0.56501610
vt 0.21224391 0.79518721
vt 0.10246995 0.75313468
vt 0.01253169 0.53093218
vt 0.11842641 0.86085222
vt 0.21751231 0.65170297
vt 0.23285388 0.66176856
vt 0.29295811 0.78411328
vt 0.24685121 0.53641157
vt 0.10641505 0.65823919
vt 0.04364327 0.61157016
vt 0.15026217 0.76438978
vt 0.07480960 0.83368719
vt 0.13874598 0.83507698
vt 0.06417334 0.88434182
vt 0.23032607 0.79624674
vt 0.12182170 0.84411080
vt 0.15289717 0.73933321
vt 0.00645465 0.67947876
vt 0.17399551 0.77208906
vt 0.28406812 0.57693069
vt 0.30175529 0.72291111
vt 0.03897150 0.79399546
vt 0.04252450 0.89483655
vt 0.25293491 0.71010903
vt 0.05863576 0.71947501
vt 0.07831411 0.76926557
vt 0.02613660 0.70389298
vt 0.29894983 0.61372698
vt 0.01792764 0.64823607
vt 0.26523487 0.50426742
vt 0.05852296 0.57506367
vt 0.28076167 0.77992955
vt 0.26507408 0.78017867
vt 0.21986421 0.70837648
vt 0.27813797 0.59136437
vt 0.08421374 0.70128536
vt 0.05367590 0.91609298
vt 0.08656272 0.92052475
vt 0.06656415 0.65009283
vt 0.05820540 0.65220059
vt 0.06969377 0.74342174
vt 0.22847433 0.75108262
vt 0.29243773 0.72858876
vt 0.26996161 0.54990550
vt 0.24260032 0.92264813
vt 0.13945728 0.82671763
vt 0.11792064 0.65735438
vt 0.26546923 0.65103552
vt 0.02659353 0.81941956
vt 0.26557225 0.64017687
vt 0.19840854 0.82828748
vt 0.06009989 0.90898725
vt 0.05979221 0.60594045
vt 0.29841176 0.68010668
vt 0.30613968 0.50531230
vt 0.09413124 0.59502803
vt 0.18367177 0.56428002
vt 0.14658823 0.51924440
vt 0.23655700 0.88670179
vt 0.04849599 0.73994535
vt 0.29613467 0.71045038
vt 0.15285649 0.73191171
vt 0.01721819 0.71254204
vt 0.23160894 0.52249817
vt 0.18723657 0.69267443
vt 0.10270122 0.65322428
vt 0.22194495 0.58353202
vt 0.14688293 0.67230199
vt 0.26155322 0.57399395
vt 0.23780545 0.73173534
vt 0.19456187 0.57471524
vt 0.14854743 0.51181990
vt 0.00677205 0.56643280
vt 0.03011110 0.83997166
vt 0.08731654 0.69514099
vt 0.26973652 0.75675146
vt 0.05005607 0.53167747
vt 0.16540007 0.73086325
vt 0.08043474 0.63305028
vt 0.13171496 0.65766884
vt 0.07890503 0.59727262
vt 0.20734285 0.56209074
vt 0.11444067 0.74595458
vt 0.14936523 0.82624292
vt 0.17757278 0.59146316
vt 0.18309713 0.63882808
vt 0.11607519 0.70879484
vt 0.18128697 0.67704435
vt 0.19567636 0.73913922
vt 0.03522058 0.57913423
vt 0.27316606 0.87999294
vt 0.29261909 0.61697520
vt 0.23900745 0.70711379
vt 0.24142353 0.72065834
vt 0.10612745 0.54142001
vt 0.12950816 0.76576495
vt 0.25698937 0.92828599
vt 0.01012765 0.79280284
vt 0.14318654 0.70793829
vt 0.27960287 0.62322682
vt 0.14066484 0.51378216
vt 0.01094916 0.50698438
vt 0.18659611 0.84708697
vt 0.04197014 0.54520078
vt 0.10356402 0.61368333
vt 0.29657416 0.73584973
vt 0.15187486 0.58203010
vt 0.07530664 0.75002359
vt 0.16627943 0.80965192
vt 0.16431862 0.75916184
vt 0.02698448 0.57616833
vt 0.01728096 0.56592356
vt 0.11701909 0.50554983
vt 0.10725704 0.85680334
vt 0.25179145 0.50680564
vt 0.15910710 0.52177246
vt 0.04659164 0.71289931
vt 0.09177679 0.84378884
vt 0.26235122 0.78746048
vt 0.08533476 0.89150986
vt 0.07722872 0.61170029
vt 0.14562592 0.69585804
vt 0.28696388 0.53258007
vt 0.20853353 0.80128341
vt 0.09666536 0.68563909
vt 0.09310527 0.73074969
vt 0.08365917 0.86758744
vt 0.10354768 0.71929101
vt 0.25039244 0.74978773
vt 0.27476394 0.65177463
vt 0.28335276 0.82810991
vt 0.04768657 0.72886310
vt 0.15616944 0.50908116
vt 0.24565297 0.68011846
vt 0.28384391 0.70428835
vt 0.29698414 0.76674449
vt 0.06954832 0.72931604
vt 0.10281172 0.54875030
vt 0.08765953 0.52404291
vt 0.02878353 0.84582025
vt 0.00952953 0.54478628
vt 0.30518717 0.51691048
vt 0.27266964 0.65891013
vt 0.10266093 0.84359481
vt 0.10629112 0.83614652
vt 0.17914003 0.63078781
vt 0.06923234 0.57393237
vt 0.30237823 0.59818520
vt 0.19948013 0.53954759
vt 0.03885009 0.64522662
vt 0.17179941 0.50731470
vt 0.11228196 0.69125328
vt 0.16174873 0.67290981
vt 0.14086819 0.70170949
vt 0.05427689 0.73523325
vt 0.10623471 0.76521485
vt 0.13613110 0.80257774
vt 0.17559509 0.67279456
vt 0.26451689 0.77137956
vt 0.27798460 0.88005493
vt 0.29872161 0.70399917
vt 0.06402139 0.69146884
vt 0.18009465 0.60251614
vt 0.04055866 0.72067674
vt 0.25787582 0.67275638
vt 0.10218853 0.52050443
vt 0.20010785 0.78661555
vt 0.08317327 0.82132167
vt 0.19444780 0.70838837
vt 0.25912968 0.59743172
vt 0.22123502 0.63284982
vt 0.11274055 0.87255340
vt 0.03930440 0.56412921
vt 0.19393378 0.56739543
vt 0.06611554 0.81610135
vt 0.09148782 0.81748086
vt 0.24066575 0.92850056
vt 0.23539594 0.91032188
vt 0.01865978 0.57537736
vt 0.05118156 0.92924238
vt 0.28376793 0.73841936
vt 0.23525515 0.91829991
vt 0.27609845 0.89148610
vt 0.14505947 0.52647157
vt 0.30280243 0.65221306
vt 0.15876647 0.54507239
vt 0.04807089 0.90130544
vt 0.23771924 0.66751758
vt 0.23894594 0.83066805
vt 0.27548264 0.71340000
vt 0.15503387 0.57308657
vt 0.08305038 0.59132749
vt 0.26660464 0.74245223
vt 0.19779970 0.75672692
vt 0.19113674 0.76217753
vt 0.19990506 0.71514884
vt 0.11135185 0.82920182
vt 0.20123070 0.51454465
vt 0.25888248 0.50722926
vt 0.10985462 0.59421592
vt 0.13591395 0.56463194
vt 0.19176105 0.56029123
vt 0.02698658 0.68303386
vt 0.10211587 0.78508649
vt 0.22890200 0.78271398
vt 0.24476113 0.56779142
vt 0.11794731 0.52009807
vt 0.25953163 0.77647235
vt 0.00513255 0.55896791
vt 0.07841187 0.92095460
vt 0.29290022 0.69287291
vt 0.21606668 0.83396037
vt 0.19304239 0.78406776
vt 0.09009296 0.66201283
vt 0.28859689 0.81352991
vt 0.22355170 0.61735027
vt 0.28960574 0.57069325
vt 0.06762599 0.67795233
vt 0.28080578 0.65637933
vt 0.24265182 0.62571525
vt 0.21439510 0.89545906
vt 0.20459066 0.57402615
vt 0.25446377 0.61959341
vt 0.18829097 0.73574847
vt 0.10332374 0.69834382
vt 0.29458548 0.81875059
vt 0.14755735 0.74414975
vt 0.20699833 0.72118579
vt 0.26138114 0.52898124
vt 0.25498607 0.53493092
vt 0.18248573 0.64721726
vt 0.28021247 0.81722603
vt 0.16702218 0.76695522
vt 0.28894083 0.65683512
vt 0.08346547 0.77642939
vt 0.22020293 0.88834995
vt 0.09806944 0.58669951
vt 0.11195326 0.57079735
vt 0.26120978 0.63060087
vt 0.27616740 0.66706367
vt 0.14293293 0.81859961
vt 0.16659272 0.72337629
vt 0.04030410 0.87171626
vt 0.04344984 0.80001863
vt 0.23227332 0.80328765
vt 0.24436376 0.78880317
vt 0.13710530 0.50628271
vt 0.20159249 0.86118843
vt 0.25975159 0.60388766
vt 0.05149689 0.67621832
vt 0.01094052 0.70685218
vt 0.18383175 0.71239809
vt 0.21592750 0.70164534
vt 0.10748461 0.64819391
vt 0.09047551 0.88467187
vt 0.12398745 0.53983085
vt 0.04335907 0.60378109
vt 0.05770722 0.92445319
vt 0.08402804 0.75482692
vt 0.26268584 0.81869682
vt 0.27443313 0.87444636
vt 0.29370163 0.52743097
vt 0.29628263 0.71818943
vt 0.20880782 0.83898004
vt 0.24228812 0.89216207
vt 0.12777442 0.73594930
vt 0.23060729 0.57750007
vt 0.19729712 0.60905519
vt 0.06375363 0.89463023
vt 0.03437206 0.54732851
vt 0.04186985 0.90422352
vt 0.16506225 0.70180665
vt 0.06315918 0.76857459
vt 0.05441629 0.80137934
vt 0.23070710 0.94723847
vt 0.13160023 0.63472353
vt 0.24990729 0.62678515
vt 0.02292509 0.81374296
vt 0.08914943 0.68780722
vt 0.18574570 0.70618472
vt 0.08883886 0.77032877
vt 0.24302000 0.84662792
vt 0.28502826 0.68499269
vt 0.07417172 0.85619736
vt 0.10511284 0.53004499
vt 0.18232412 0.51911553
vt 0.22429435 0.79120419
vt 0.27331460 0.63822426
vt 0.20528178 0.67415766
vt 0.08002390 0.74036315
vt 0.28920975 0.51562944
vt 0.07611462 0.81607064
vt 0.20878890 0.51624752
vt 0.24744027 0.83122907
vt 0.26304584 0.87675020
vt 0.23524768 0.60494638
vt 0.30427866 0.57021701
vt 0.25664891 0.71519868
vt 0.14516150 0.62374412
vt 0.05074351 0.65378828
vt 0.30361093 0.64631150
vt 0.25172979 0.61335741
vt 0.14605424 0.61149673
vt 0.18348743 0.69892407
vt 0.29764470 0.81095345
vt 0.22843199 0.54578384
vt 0.10185167 0.88863460
vt 0.07877765 0.58466696
vt 0.09224078 0.90807255
vt 0.10522806 0.87146343
vt 0.26744098 0.63341043
vt 0.16460513 0.51048813
vt 0.19702546 0.50650107
vt 0.22673527 0.71051232
vt 0.12823273 0.56540246
vt 0.27457341 0.63027957
vt 0.06941000 0.83907631
vt 0.19657228 0.61896106
vt 0.27486198 0.69271771
vt 0.20558201 0.73239815
vt 0.15647453 0.64768032
vt 0.17305803 0.72946061
vt 0.10196445 0.79530882
vt 0.14583919 0.75748303
vt 0.09369989 0.54813780
vt 0.16571448 0.79112676
vt 0.06576846 0.72273029
vt 0.09331588 0.67869274
vt 0.26304339 0.71737766
vt 0.25380441 0.59292303
vt 0.01138752 0.76890318
vt 0.28531970 0.74432424
vt 0.12597761 0.61983159
vt 0.00745427 0.55268776
vt 0.26182208 0.91211084
vt 0.19451624 0.51327524
vt 0.00642253 0.51763895
vt 0.08928999 0.85963751
vt 0.23642000 0.68532195
vt 0.09384811 0.90214627
vt 0.03755793 0.85538550
vt 0.26029860 0.54736926
vt 0.16982960 0.75311704
vt 0.18553676 0.63040707
vt 0.10983761 0.84909227
vt 0.28773656 0.67468909
vt 0.02483948 0.64375868
vt 0.23597752 0.56876882
vt 0.06412713 0.65689100
vt 0.01402699 0.58831791
vt 0.30220894 0.68390337
vt 0.25037514 0.63651127
vt 0.30535311 0.70085460
vt 0.24759614 0.75532397
vt 0.09555279 0.82339577
vt 0.24466010 0.86247993
vt 0.15154772 0.65074576
vt 0.19727367 0.79530422
vt 0.22881877 0.76739984
vt 0.24441863 0.51200351
vt 0.21309921 0.70916993
vt 0.08398998 0.68222029
vt 0.21684323 0.54375572
vt 0.08808186 0.83674175
vt 0.25965815 0.86280401
vt 0.27918145 0.85648365
vt 0.25418394 0.69154048
vt 0.22723218 0.68870056
vt 0.21962570 0.72936208
vt 0.11794791 0.57567172
vt 0.06767633 0.83109866
vt 0.28195606 0.67841503
vt 0.10041044 0.62154457
vt 0.04261543 0.51429232
vt 0.07016796 0.55983281
vt 0.22628336 0.65765570
vt 0.19469040 0.86388557
vt 0.08864146 0.50774164
vt 0.24615694 0.59337511
vt 0.23716463 0.76738015
vt 0.09044469 0.89658683
vt 0.04463244 0.85135750
vt 0.23676368 0.75296268
vt 0.27021631 0.53505474
vt 0.23727400 0.61194377
vt 0.04165207 0.57226818
vt 0.00664522 0.70071172
vt 0.26649457 0.88145571
vt 0.04376034 0.84178966
vt 0.22264311 0.75379878
vt 0.28551982 0.73137028
vt 0.22216337 0.51056343
vt 0.08599902 0.73478060
vt 0.29570421 0.65292789
vt 0.27582968 0.84066682
vt 0.27039556 0.64556228
vt 0.30363600 0.53257081
vt 0.30084560 0.58760531
vt 0.13115593 0.64266331
vt 0.18024019 0.61210102
vt 0.26642683 0.73011616
vt 0.04332570 0.88598471
vt 0.15269909 0.71006723
vt 0.04852188 0.76760303
vt 0.08573122 0.71897988
vt 0.23104294 0.59832110
vt 0.05084070 0.63940845
vt 0.25969500 0.64446648
vt 0.06701955 0.78679996
vt 0.28101501 0.84727195
vt 0.11576465 0.62508680
vt 0.22269120 0.79897614
vt 0.26243882 0.70987485
vt 0.25206225 0.68514219
vt 0.25480005 0.63029278
vt 0.05892582 0.53394357
vt 0.27059983 0.80221265
vt 0.08115717 0.83752128
vt 0.07735331 0.94046349
vt 0.25111524 0.92297827
vt 0.25612581 0.78809770
vt 0.22825698 0.63396398
vt 0.24707019 0.69825152
vt 0.17192173 0.71139290
vt 0.04230385 0.81263343
vt 0.02001535 0.74410062
vt 0.20482304 0.68617700
vt 0.27093706 0.67242436
vt 0.16536529 0.78218125
vt 0.06800513 0.60957877
vt 0.09188016 0.73930973
vt 0.25510402 0.65857357
vt 0.21151174 0.53023729
vt 0.23238591 0.88064634
vt 0.24388161 0.72659360
vt 0.16311556 0.55072015
vt 0.28220069 0.60700594
vt 0.29169226 0.58310502
vt 0.05718082 0.58221730
vt 0.04989341 0.58252532
vt 0.13179419 0.51988328
vt 0.04427249 0.58962984
vt 0.01666542 0.66283572
vt 0.28976049 0.69841120
vt 0.20674669 0.69220254
vt 0.27648925 0.67614370
vt 0.05939510 0.67481790
vt 0.17288977 0.68853926
vt 0.18097133 0.50809809
vt 0.22862555 0.64240669
vt 0.25959198 0.72781637
vt 0.04130680 0.67083904
vt 0.09413705 0.56922590
vt 0.24115050 0.57665685
vt 0.04782469 0.56448642
vt 0.26085613 0.74516842
vt 0.30241026 0.74124004
vt 0.22820918 0.74139987
vt 0.08486566 0.93034801
vt 0.06011615 0.85855875
vt 0.19109146 0.79093809
vt 0.00895213 0.71382892
vt 0.27698888 0.86639390
vt 0.04073772 0.78835459
vt 0.08489364 0.57976484
vt 0.18664740 0.78264207
vt 0.14092676 0.53314224
vt 0.03401258 0.82295325
vt 0.20957577 0.62552062
vt 0.21502677 0.60667237
vt 0.23093535 0.50720478
vt 0.08626815 0.79655743
vt 0.22072857 0.80876199
vt 0.03072540 0.81017686
vt 0.17715990 0.80726144
vt 0.13353201 0.75086329
vt 0.07209723 0.50714977
vt 0.01589288 0.62071769
vt 0.09812474 0.88244507
vt 0.21724654 0.85676819
vt 0.27873441 0.64487829
vt 0.21143806 0.64429335
vt 0.07700244 0.93072593
vt 0.20269316 0.50306854
vt 0.24456345 0.52740894
vt 0.26967375 0.74750738
vt 0.11089253 0.81860353
vt 0.18818670 0.83974156
vt 0.07783802 0.70502630
vt 0.27621547 0.53014318
vt 0.21171131 0.65993071
vt 0.00980614 0.64437874
vt 0.15556760 0.61113891
vt 0.07648412 0.62618527
vt 0.23226329 0.53787902
vt 0.19764695 0.67326583
vt 0.04216696 0.82037287
vt 0.26938211 0.71692450
vt 0.25335977 0.93404594
vt 0.05540049 0.62266083
vt 0.17620577 0.63739485
vt 0.26342573 0.69647848
vt 0.24943560 0.78509227
vt 0.02220884 0.59924112
vt 0.19938003 0.74708022
vt 0.24603851 0.79762442
vt 0.27283887 0.82202625
vt 0.25109204 0.85110291
vt 0.08132469 0.67599160
vt 0.28421386 0.72368774
vt 0.29899909 0.78820385
vt 0.16139018 0.82962357
vt 0.12527845 0.52332468
vt 0.19711172 0.54695038
vt 0.03477049 0.42700204
vt 0.04272397 0.43139774
vt 0.05067267 0.43579081
vt 0.05862615 0.44018651
vt 0.06657485 0.44457957
vt 0.07452833 0.44897527
vt 0.08247703 0.45336834
vt 0.09091526 0.44829787
vt 0.09958017 0.44360196
vt 0.10844982 0.43933112
vt 0.11753152 0.43552005
vt 0.12681065 0.43221332
vt 0.13625795 0.42945640
vt 0.14586613 0.42728355
vt 0.15559130 0.42573226
vt 0.16531647 0.42728355
vt 0.17492465 0.42945640
vt 0.18437195 0.43221332
vt 0.19365108 0.43552005
vt 0.20273278 0.43933112
vt 0.21160243 0.44360196
vt 0.22026734 0.44829787
vt 0.22870557 0.45336834
vt 0.23665904 0.44897264
vt 0.24460775 0.44457957
vt 0.25256122 0.44018387
vt 0.26050993 0.43579081
vt 0.26846340 0.43139510
vt 0.27641211 0.42700204
vt 0.27681331 0.41671546
vt 0.27744287 0.40644182
vt 0.27833235 0.39617300
vt 0.27951454 0.38595797
vt 0.28103883 0.37577052
vt 0.28295938 0.36564884
vt 0.28534266 0.35563807
vt 0.28827783 0.34577527
vt 0.29187731 0.33612695
vt 0.29627270 0.32681707
vt 0.30161514 0.31802770
vt 0.30806366 0.31001169
vt 0.30816753 0.29970275
vt 0.30827171 0.28936286
vt 0.30837559 0.27905392
vt 0.30847946 0.26874498
vt 0.30858333 0.25843605
vt 0.30868751 0.24809615
vt 0.30879138 0.23778722
vt 0.30889525 0.22747828
vt 0.30899944 0.21713839
vt 0.30910331 0.20682945
vt 0.30920718 0.19652051
vt 0.30931136 0.18618062
vt 0.30941523 0.17587168
vt 0.30951910 0.16556275
vt 0.30962297 0.15525381
vt 0.30972716 0.14491392
vt 0.30983103 0.13460498
vt 0.30993490 0.12429604
vt 0.31003908 0.11395615
vt 0.31014295 0.10364721
vt 0.31024682 0.09333828
vt 0.31035101 0.08299838
vt 0.31045488 0.07268944
vt 0.31055875 0.06238051
vt 0.31066262 0.05207157
vt 0.31076680 0.04173168
vt 0.31087067 0.03142274
vt 0.31097455 0.02111380
vt 0.31107873 0.01077391
vt 0.31118260 0.00046497
vt 0.30080362 0.00043396
vt 0.29044021 0.00040299
vt 0.28006123 0.00037197
vt 0.26969781 0.00034100
vt 0.25931883 0.00030998
vt 0.24893986 0.00027897
vt 0.23857644 0.00024800
vt 0.22819746 0.00021698
vt 0.21783404 0.00018601
vt 0.20745507 0.00015499
vt 0.19707609 0.00012397
vt 0.18671267 0.00009300
vt 0.17633369 0.00006199
vt 0.16597028 0.00003102
vt 0.15559130 0.00000000
vt 0.14521232 0.00003102
vt 0.13484891 0.00006199
vt 0.12446993 0.00009300
vt 0.11410651 0.00012397
vt 0.10372753 0.00015499
vt 0.09334856 0.00018601
vt 0.08298514 0.00021698
vt 0.07260616 0.00024800
vt 0.06224274 0.00027897
vt 0.05186377 0.00030998
vt 0.04148479 0.00034100
vt 0.03112137 0.00037197
vt 0.02074239 0.00040299
vt 0.01037898 0.00043396
vt 0.00000000 0.00046497
vt 0.00010387 0.01077391
vt 0.00020805 0.02111380
vt 0.00031193 0.03142274
vt 0.00041580 0.04173168
vt 0.00051967 0.05204061
vt 0.00062385 0.06238051
vt 0.00072772 0.07268944
vt 0.00083159 0.08299838
vt 0.00093578 0.09333828
vt 0.00103965 0.10364721
vt 0.00114352 0.11395615
vt 0.00124770 0.12429604
vt 0.00135157 0.13460498
vt 0.00145544 0.14491392
vt 0.00155931 0.15522285
vt 0.00166350 0.16556275
vt 0.00176737 0.17587168
vt 0.00187124 0.18618062
vt 0.00197542 0.19652051
vt 0.00207929 0.20682945
vt 0.00218316 0.21713839
vt 0.00228735 0.22747828
vt 0.00239122 0.23778722
vt 0.00249509 0.24809615
vt 0.00259896 0.25840509
vt 0.00270314 0.26874498
vt 0.00280701 0.27905392
vt 0.00291089 0.28936286
vt 0.00301507 0.29970275
vt 0.00311894 0.31001169
vt 0.00956746 0.31802770
vt 0.01490990 0.32681707
vt 0.01930529 0.33612695
vt 0.02290477 0.34577527
vt 0.02583994 0.35563807
vt 0.02822322 0.36564884
vt 0.03014377 0.37577052
vt 0.03166806 0.38595797
vt 0.03285025 0.39617300
vt 0.03373973 0.40644182
vt 0.03436929 0.41671546
vt 0.18952301 0.35769202
vt 0.08037255 0.29507898
vt 0.13394622 0.09334476
vt 0.21054243 0.01870702
vt 0.21301537 0.27312466
vt 0.29856430 0.13158689
vt 0.13560092 0.34835416
vt 0.04962731 0.27650412
vt 0.19857450 0.11450517
vt 0.14416181 0.30670117
vt 0.08757459 0.33170373
vt 0.28722700 0.25466617
vt 0.22695401 0.33875940
vt 0.01251872 0.24039621
vt 0.05827964 0.29930627
vt 0.27951155 0.22334161
vt 0.16401071 0.23380527
vt 0.29761212 0.30431911
vt 0.25522299 0.27317643
vt 0.27881048 0.11322627
vt 0.25328487 0.04999855
vt 0.26607930 0.33411859
vt 0.03726388 0.23914092
vt 0.15524745 0.40674909
vt 0.24808450 0.02072979
vt 0.06742294 0.39222897
vt 0.07725747 0.27561138
vt 0.22592022 0.35166331
vt 0.24027545 0.12670882
vt 0.12086115 0.34582442
vt 0.05433353 0.22814828
vt 0.25660447 0.15898582
vt 0.26614401 0.39883474
vt 0.13073574 0.25381801
vt 0.12314336 0.16649417
vt 0.18609388 0.25392021
vt 0.27565656 0.08738427
vt 0.00525366 0.03605881
vt 0.13708048 0.31707138
vt 0.00574618 0.27617233
vt 0.24904349 0.01044041
vt 0.22449425 0.44414290
vt 0.14887194 0.12983764
vt 0.05258336 0.09274497
vt 0.06136843 0.42787181
vt 0.23531619 0.35632726
vt 0.25491118 0.12049401
vt 0.06955644 0.40637435
vt 0.14562762 0.04287051
vt 0.17796206 0.05565210
vt 0.16984690 0.28654585
vt 0.12221704 0.24161436
vt 0.22655021 0.14124723
vt 0.04802301 0.09972030
vt 0.04876956 0.07353443
vt 0.17930085 0.20199152
vt 0.13553575 0.05433677
vt 0.03560979 0.35244323
vt 0.12274902 0.08631432
vt 0.09410717 0.38328758
vt 0.09447482 0.05001075
vt 0.09642328 0.42936252
vt 0.11203667 0.13891966
vt 0.29916984 0.29105846
vt 0.00965405 0.27845685
vt 0.12470027 0.30710184
vt 0.10761637 0.35137924
vt 0.29915627 0.27316889
vt 0.17519020 0.36501712
vt 0.09038468 0.26838474
vt 0.16686726 0.29492481
vt 0.22120251 0.07843427
vt 0.12700155 0.29824245
vt 0.07640410 0.30260268
vt 0.05339922 0.33486814
vt 0.10651199 0.07992320
vt 0.04623980 0.30528914
vt 0.03023692 0.01964985
vt 0.26850839 0.03302804
vt 0.19948946 0.41986835
vt 0.27524507 0.16833749
vt 0.27892219 0.19256689
vt 0.02058386 0.31851338
vt 0.04193436 0.42348810
vt 0.29707185 0.31153130
vt 0.29373365 0.15637335
vt 0.16454158 0.21658548
vt 0.29439752 0.00467754
vt 0.26336717 0.01555438
vt 0.26297762 0.42842737
vt 0.20260601 0.14362802
vt 0.25724009 0.38495790
vt 0.00714067 0.26386409
vt 0.06893108 0.29064660
vt 0.30185449 0.18624221
vt 0.06671359 0.04338193
vt 0.24581511 0.10631445
vt 0.11354802 0.16902122
vt 0.29242985 0.29673677
vt 0.25419901 0.05677711
vt 0.24585073 0.05623247
vt 0.07132585 0.22167134
vt 0.26095168 0.16649878
vt 0.08242335 0.31570075
vt 0.09893148 0.35047456
vt 0.26468579 0.12258634
vt 0.09911364 0.42097756
vt 0.15990585 0.08356028
vt 0.27155027 0.30483575
vt 0.04306467 0.40784405
vt 0.02948133 0.32686164
vt 0.02160481 0.27598268
vt 0.04302181 0.38326415
vt 0.07987465 0.37407935
vt 0.28578733 0.18883633
vt 0.06873789 0.05508154
vt 0.08507726 0.32290893
vt 0.25179374 0.02529862
vt 0.29750744 0.16490883
vt 0.26126609 0.29272692
vt 0.09943571 0.07141337
vt 0.04599970 0.05684395
vt 0.13445599 0.41734785
vt 0.19533184 0.18854248
vt 0.03394835 0.23031113
vt 0.14497158 0.17332571
vt 0.23927149 0.40075714
vt 0.18274108 0.29119436
vt 0.27396162 0.35574438
vt 0.13325387 0.23055897
vt 0.22533437 0.08487347
vt 0.09710558 0.04101448
vt 0.10343916 0.42625135
vt 0.05768432 0.28724738
vt 0.02443665 0.11908768
vt 0.04536959 0.32211066
vt 0.09746014 0.18794892
vt 0.02575406 0.29294993
vt 0.23534778 0.25930232
vt 0.18839833 0.32010632
vt 0.01645503 0.10993883
vt 0.15414067 0.08859308
vt 0.00847861 0.30264365
vt 0.18727641 0.20158090
vt 0.09769725 0.43655797
vt 0.09001026 0.03378933
vt 0.03576645 0.33182072
vt 0.21259132 0.30948545
vt 0.15665027 0.13063825
vt 0.05080238 0.32815663
vt 0.02268312 0.10320108
vt 0.16626869 0.11506049
vt 0.15925926 0.41323749
vt 0.07874368 0.40083019
vt 0.03879805 0.00538479
vt 0.21244704 0.03315966
vt 0.27323023 0.40085058
vt 0.24036491 0.06316978
vt 0.06385073 0.03578400
vt 0.14682085 0.20004124
vt 0.08150617 0.43767909
vt 0.03951673 0.16103179
vt 0.24441046 0.01577890
vt 0.27778606 0.25869695
vt 0.24302832 0.17846159
vt 0.22684185 0.19648201
vt 0.07608384 0.08783844
vt 0.01312629 0.24643785
vt 0.22019193 0.09725318
vt 0.09512302 0.27583749
vt 0.08986741 0.29664709
vt 0.06506731 0.00672644
vt 0.25828505 0.20340016
vt 0.05247866 0.40903813
vt 0.30122130 0.10238429
vt 0.12723456 0.11035784
vt 0.10714722 0.05962008
vt 0.28832169 0.10900856
vt 0.23029759 0.23796561
vt 0.02120095 0.14807229
vt 0.23584564 0.42355177
vt 0.11168983 0.24710462
vt 0.29089166 0.14008423
vt 0.04540637 0.06609080
vt 0.24646940 0.04950636
vt 0.17926532 0.31924420
vt 0.06432341 0.14106411
vt 0.14608758 0.28712382
vt 0.08222318 0.03749128
vt 0.13344791 0.32968423
vt 0.03303802 0.15575808
vt 0.10225967 0.08862824
vt 0.07606699 0.28987388
vt 0.25872792 0.13024923
vt 0.19124799 0.23633559
vt 0.10218066 0.24323821
vt 0.18765264 0.00691726
vt 0.09341811 0.26031457
vt 0.15717013 0.13835839
vt 0.16673148 0.38777011
vt 0.06234823 0.25369926
vt 0.28372969 0.20691773
vt 0.23720928 0.02086843
vt 0.23123131 0.31221246
vt 0.28405176 0.18124129
vt 0.17227103 0.12066599
vt 0.09924499 0.37644653
vt 0.25283846 0.37635276
vt 0.25309592 0.35722180
vt 0.09789088 0.29971792
vt 0.08679905 0.19833246
vt 0.21649137 0.26309692
vt 0.21799640 0.40723989
vt 0.26513691 0.28606752
vt 0.02957463 0.07425909
vt 0.15619132 0.23444360
vt 0.07529466 0.31200365
vt 0.17326211 0.29888085
vt 0.26501579 0.38702881
vt 0.15043572 0.28001979
vt 0.25571739 0.09376392
vt 0.19259997 0.21350226
vt 0.08320841 0.26770154
vt 0.12925194 0.38079377
vt 0.17191502 0.03071481
vt 0.00997277 0.12628984
vt 0.00675590 0.02754634
vt 0.17944154 0.12639579
vt 0.17701137 0.11178167
vt 0.12985110 0.16923413
vt 0.14777184 0.16648419
vt 0.01206979 0.13318099
vt 0.04260443 0.35548175
vt 0.29484645 0.32003205
vt 0.28404164 0.08686673
vt 0.21870725 0.09024027
vt 0.27094265 0.42373328
vt 0.10080214 0.28879865
vt 0.16644540 0.22568128
vt 0.27015304 0.05783750
vt 0.17857528 0.03544909
vt 0.20925240 0.33706796
vt 0.02061201 0.09500052
vt 0.07833200 0.19957741
vt 0.09109757 0.09432286
vt 0.20602765 0.03602436
vt 0.23108804 0.32537976
vt 0.04410927 0.27137691
vt 0.17166765 0.07375291
vt 0.25841834 0.40922426
vt 0.10334766 0.39983136
vt 0.12583080 0.09523493
vt 0.01919472 0.24232000
vt 0.19781936 0.23286263
vt 0.18210704 0.18658758
vt 0.08000118 0.14975421
vt 0.06298632 0.29350402
vt 0.03244080 0.31083701
vt 0.12391819 0.05469420
vt 0.03453005 0.28543910
vt 0.27061066 0.32891449
vt 0.29587886 0.21425202
vt 0.29731207 0.19853648
vt 0.06037932 0.15418636
vt 0.09336488 0.35761905
vt 0.25612127 0.33596511
vt 0.29928704 0.14508792
vt 0.02222279 0.17365989
vt 0.15574008 0.26596994
vt 0.11194358 0.15539318
vt 0.21752391 0.34967693
vt 0.14529898 0.38034543
vt 0.20501450 0.22292130
vt 0.20053170 0.24034677
vt 0.07124401 0.14566121
vt 0.08178970 0.19064309
vt 0.04430295 0.24435237
vt 0.23829131 0.16163593
vt 0.08052800 0.24755255
vt 0.09761691 0.06050550
vt 0.03854740 0.21032930
vt 0.14845270 0.19109096
vt 0.17753616 0.25288473
vt 0.15087559 0.38905421
vt 0.04084592 0.28994359
vt 0.24371902 0.32926595
vt 0.16979728 0.00493253
vt 0.23483087 0.09727466
vt 0.22461768 0.32984172
vt 0.25597921 0.23712952
vt 0.16492393 0.31097988
vt 0.20911185 0.13831040
vt 0.01390771 0.03025210
vt 0.05319186 0.24262868
vt 0.11357337 0.42219591
vt 0.01099591 0.10707213
vt 0.05837327 0.08484741
vt 0.18138322 0.32764751
vt 0.17116030 0.20002622
vt 0.22852580 0.02025722
vt 0.09520739 0.24358516
vt 0.02120828 0.22316705
vt 0.21208176 0.23658070
vt 0.28710104 0.03086816
vt 0.18828810 0.39516980
vt 0.19415865 0.28231649
vt 0.27930034 0.30749726
vt 0.24541913 0.04339172
vt 0.08079373 0.44585070
vt 0.10747881 0.16389968
vt 0.24388560 0.34499129
vt 0.10011671 0.40620277
vt 0.25216837 0.42534889
vt 0.14239596 0.06840196
vt 0.18746126 0.37023655
vt 0.10454831 0.22274954
vt 0.17343822 0.40569425
vt 0.17552220 0.29186553
vt 0.28497836 0.03859928
vt 0.25283847 0.04292481
vt 0.13324456 0.02286231
vt 0.15003374 0.41314565
vt 0.11865714 0.24728945
vt 0.25848313 0.18602163
vt 0.22522369 0.03036181
vt 0.13207652 0.10194782
vt 0.01513663 0.14221240
vt 0.21994236 0.02149487
vt 0.07418463 0.28084078
vt 0.08102879 0.20899880
vt 0.14054691 0.22892119
vt 0.25454474 0.43218199
vt 0.13263419 0.30317604
vt 0.04775627 0.20220885
vt 0.27011004 0.41675478
vt 0.15324825 0.21066195
vt 0.26184118 0.31546112
vt 0.02226502 0.15980012
vt 0.14731813 0.22364901
vt 0.30266591 0.25547580
vt 0.06978035 0.28438578
vt 0.18100934 0.42673742
vt 0.15931982 0.01984312
vt 0.22003747 0.05920946
vt 0.01465101 0.30453605
vt 0.03995751 0.41640615
vt 0.10060890 0.12772264
vt 0.28215429 0.09544399
vt 0.22322288 0.14805116
vt 0.28200698 0.07922358
vt 0.29173689 0.05621821
vt 0.13239657 0.14327323
vt 0.14944868 0.31853391
vt 0.04859642 0.42446976
vt 0.07925871 0.08201411
vt 0.08924792 0.15988438
vt 0.06413981 0.20871222
vt 0.19226132 0.25772181
vt 0.11489188 0.28697265
vt 0.06382743 0.38299923
vt 0.19743789 0.04647115
vt 0.28039030 0.35019387
vt 0.17942997 0.39118318
vt 0.04393042 0.36292080
vt 0.07225737 0.04936764
vt 0.25702160 0.41679500
vt 0.11738652 0.09355357
vt 0.18663677 0.02337934
vt 0.09277543 0.42095815
vt 0.04522709 0.39098884
vt 0.01476033 0.19572861
vt 0.06107579 0.43434944
vt 0.15719995 0.33877232
vt 0.16487512 0.40591719
vt 0.13894488 0.21246043
vt 0.12357931 0.12790869
vt 0.21657584 0.35818792
vt 0.25921253 0.22026711
vt 0.00570880 0.06627374
vt 0.12276295 0.21701379
vt 0.14946475 0.23968829
vt 0.13926860 0.30080576
vt 0.20722700 0.42453152
vt 0.05678825 0.00774245
vt 0.25674706 0.28631321
vt 0.14063324 0.19623428
vt 0.18142701 0.42048466
vt 0.06135860 0.09081697
vt 0.22361009 0.01430455
vt 0.09391532 0.44220739
vt 0.13584972 0.36067775
vt 0.13035176 0.31276187
vt 0.12444166 0.10344149
vt 0.20724848 0.36283458
vt 0.23300168 0.12084141
vt 0.21715720 0.44178354
vt 0.13113046 0.19875155
vt 0.04094696 0.07657642
vt 0.14469243 0.31396454
vt 0.03560237 0.08297712
vt 0.23926137 0.43132208
vt 0.28443291 0.19848620
vt 0.18306957 0.13462562
vt 0.08350171 0.11605548
vt 0.27102076 0.10642211
vt 0.07486742 0.15743709
vt 0.16998811 0.01387138
vt 0.23466846 0.28126502
vt 0.05098001 0.04953856
vt 0.03411176 0.25972165
vt 0.08059967 0.38577191
vt 0.13364619 0.23765190
vt 0.04820839 0.29587731
vt 0.17913083 0.39974094
vt 0.23964963 0.24410325
vt 0.14177893 0.17955592
vt 0.23105774 0.34678236
vt 0.23169078 0.33347003
vt 0.21803869 0.10660822
vt 0.04247561 0.34699566
vt 0.14723966 0.02858438
vt 0.25263364 0.24234444
vt 0.03510567 0.01606437
vt 0.30165328 0.06361656
vt 0.03955087 0.15075999
vt 0.14381622 0.35974315
vt 0.17910399 0.41193173
vt 0.02698904 0.28661481
vt 0.02112237 0.00948541
vt 0.12559436 0.06712736
vt 0.12665972 0.41445920
vt 0.26362169 0.15532732
vt 0.03452374 0.04180082
vt 0.00772149 0.05722636
vt 0.07593302 0.32104556
vt 0.04553880 0.15638228
vt 0.19471410 0.41087302
vt 0.21054251 0.35399887
vt 0.14844959 0.27290598
vt 0.19943063 0.13386624
vt 0.13982250 0.36691165
vt 0.17151131 0.33912950
vt 0.17742136 0.27466713
vt 0.06171831 0.37653514
vt 0.27594982 0.36319668
vt 0.05094870 0.25918195
vt 0.25123274 0.08761561
vt 0.23099326 0.10683004
vt 0.27984720 0.00937524
vt 0.07914313 0.13700353
vt 0.29549998 0.28594527
vt 0.08744258 0.13676312
vt 0.30349821 0.20446447
vt 0.26362937 0.32311808
vt 0.00809377 0.16425105
vt 0.12368999 0.33005066
vt 0.08519444 0.39608654
vt 0.06844849 0.07284436
vt 0.02398195 0.14157092
vt 0.06027756 0.31813972
vt 0.13469369 0.17577094
vt 0.11032917 0.18670757
vt 0.20754748 0.29205013
vt 0.30080882 0.01393409
vt 0.25084825 0.40904665
vt 0.15084487 0.00552728
vt 0.18409340 0.36313086
vt 0.21319126 0.00493440
vt 0.24349593 0.33697619
vt 0.26198684 0.21132925
vt 0.10495314 0.12087883
vt 0.10447195 0.38421867
vt 0.13895111 0.09983448
vt 0.00845178 0.14808705
vt 0.15534452 0.28522154
vt 0.01500877 0.16916107
vt 0.11529600 0.36980494
vt 0.22134094 0.15593249
vt 0.11796630 0.12054237
vt 0.06638552 0.37058630
vt 0.06514870 0.16724949
vt 0.21923116 0.22041074
vt 0.21235367 0.37310873
vt 0.11790159 0.15981535
vt 0.06035104 0.20024617
vt 0.11865888 0.40370470
vt 0.16222631 0.28830767
vt 0.04466648 0.11688461
vt 0.06048656 0.38973054
vt 0.21506153 0.42201301
vt 0.21398895 0.31648636
vt 0.09218791 0.32006490
vt 0.08742456 0.00761009
vt 0.01136699 0.00727486
vt 0.04527926 0.17065176
vt 0.14632426 0.11966577
vt 0.03364823 0.29315959
vt 0.09892644 0.28207648
vt 0.21123836 0.38857284
vt 0.09472984 0.29144958
vt 0.11702527 0.10166085
vt 0.06655116 0.36233765
vt 0.16513459 0.01729064
vt 0.08102056 0.43040345
vt 0.18361271 0.04144434
vt 0.04287854 0.03796136
vt 0.15847002 0.11509415
vt 0.07794090 0.01306437
vt 0.15884694 0.25775914
vt 0.17850855 0.07706421
vt 0.00806281 0.20020288
vt 0.19495764 0.14994560
vt 0.27649897 0.26560141
vt 0.29298686 0.06367748
vt 0.14256118 0.29499708
vt 0.08906756 0.21593553
vt 0.04283735 0.23242962
vt 0.08596473 0.34000977
vt 0.10105554 0.00915268
vt 0.18480383 0.14340642
vt 0.24646379 0.09705005
vt 0.29036439 0.09265346
vt 0.17143341 0.13054731
vt 0.14985483 0.15346994
vt 0.12947801 0.04051040
vt 0.07350460 0.15127408
vt 0.23010842 0.02635709
vt 0.08367112 0.27706514
vt 0.29722431 0.05073378
vt 0.28438677 0.12305749
vt 0.18838011 0.32909080
vt 0.16256350 0.04508444
vt 0.05609405 0.21351765
vt 0.19295929 0.42138173
vt 0.23200799 0.39754510
vt 0.14833207 0.08063245
vt 0.20323633 0.32974660
vt 0.30286026 0.16699638
vt 0.15493746 0.16138279
vt 0.29101540 0.13051276
vt 0.27677151 0.06111835
vt 0.27029143 0.21030835
vt 0.10903215 0.29099160
vt 0.01508384 0.17695595
vt 0.05768407 0.27697028
vt 0.30486443 0.27431305
vt 0.29360744 0.03599136
vt 0.18141513 0.21962844
vt 0.10965231 0.19604379
vt 0.10864800 0.36473160
vt 0.12750951 0.20818507
vt 0.01705803 0.18366629
vt 0.13718480 0.03078447
vt 0.02553741 0.15433178
vt 0.23402723 0.05742645
vt 0.06900836 0.09126310
vt 0.26446521 0.41264987
vt 0.21187160 0.29981317
vt 0.30261774 0.22086660
vt 0.29870266 0.11732949
vt 0.03804091 0.31658008
vt 0.14272950 0.37536957
vt 0.29868360 0.27979768
vt 0.22248866 0.26864635
vt 0.15580379 0.30042633
vt 0.24068800 0.13579821
vt 0.11190480 0.01791295
vt 0.04797271 0.01726300
vt 0.11347722 0.37955041
vt 0.06918989 0.23940889
vt 0.14577324 0.20768660
vt 0.09690068 0.31440246
vt 0.26180990 0.03095267
vt 0.10308235 0.31826222
vt 0.23123655 0.44107082
vt 0.25412184 0.39395056
vt 0.06875279 0.06164644
vt 0.19502689 0.00878590
vt 0.18358357 0.26819899
vt 0.08242369 0.16163865
vt 0.13839100 0.28858552
vt 0.02902381 0.19566420
vt 0.29485051 0.08613690
vt 0.22563596 0.20823047
vt 0.23955044 0.04636206
vt 0.28498892 0.06054275
vt 0.24206128 0.40896693
vt 0.18820651 0.34780631
vt 0.29043747 0.26315580
vt 0.03830350 0.38684265
vt 0.03068561 0.10613616
vt 0.18178996 0.37884195
vt 0.00660046 0.24508752
vt 0.18319655 0.10222023
vt 0.18927728 0.42708768
vt 0.00670717 0.23917376
vt 0.28749366 0.23475006
vt 0.21883681 0.30581674
vt 0.15085851 0.34472309
vt 0.04592500 0.10762079
vt 0.07047114 0.34111772
vt 0.02777125 0.12646639
vt 0.03748483 0.14311224
vt 0.03141209 0.03367322
vt 0.09262581 0.08291927
vt 0.06473784 0.35406362
vt 0.17467451 0.22681089
vt 0.00933844 0.08867035
vt 0.27564833 0.37903627
vt 0.05414269 0.07888259
vt 0.27838224 0.28952450
vt 0.03802397 0.10956014
vt 0.24293831 0.19069634
vt 0.14141392 0.09234535
vt 0.03072538 0.20487147
vt 0.07660911 0.26767906
vt 0.07661729 0.04308524
vt 0.03476724 0.30081003
vt 0.04946639 0.18503052
vt 0.20345400 0.01378771
vt 0.06766257 0.15332563
vt 0.28983636 0.24098353
vt 0.00810244 0.17262597
vt 0.01445947 0.22137216
vt 0.15189633 0.22873892
vt 0.06095466 0.22334105
vt 0.27363390 0.04930509
vt 0.14181911 0.10730056
vt 0.12824296 0.23985976
vt 0.29502143 0.18851644
vt 0.19685531 0.08394285
vt 0.09060501 0.37390633
vt 0.21126501 0.41155680
vt 0.13770116 0.26742829
vt 0.14902426 0.09408319
vt 0.17279785 0.21790030
vt 0.26568531 0.22796943
vt 0.15832847 0.06270772
vt 0.03101086 0.16306552
vt 0.09145156 0.30456062
vt 0.08487437 0.01698734
vt 0.21372221 0.22788115
vt 0.15843293 0.24214936
vt 0.30746495 0.00426896
vt 0.05197174 0.21986012
vt 0.11583530 0.13038388
vt 0.08868654 0.43946999
vt 0.22149438 0.20123261
vt 0.07152488 0.10046158
vt 0.19229839 0.09871080
vt 0.03068377 0.06370149
vt 0.12217904 0.37526074
vt 0.24578510 0.24026361
vt 0.07741217 0.05871068
vt 0.21648425 0.11481976
vt 0.13911919 0.42315705
vt 0.20076203 0.06606640
vt 0.22975827 0.18337513
vt 0.04507215 0.04889686
vt 0.11894270 0.06114161
vt 0.17837277 0.16725349
vt 0.05230594 0.13265535
vt 0.22123462 0.25428020
vt 0.05345445 0.16836905
vt 0.13747566 0.12323671
vt 0.21395349 0.18324431
vt 0.00973672 0.09529685
vt 0.29528865 0.01062066
vt 0.15827532 0.27407156
vt 0.30309643 0.03991062
vt 0.09276534 0.02265645
vt 0.09586684 0.15714433
vt 0.13136446 0.00487150
vt 0.13673952 0.38160699
vt 0.06355787 0.01679777
vt 0.15500341 0.09826562
vt 0.12938431 0.27050422
vt 0.27506904 0.27254333
vt 0.04280961 0.25429669
vt 0.21918099 0.38680394
vt 0.23638015 0.33950181
vt 0.14236796 0.01499380
vt 0.00896900 0.29492655
vt 0.19385278 0.34065085
vt 0.20935981 0.09228023
vt 0.23414275 0.39013806
vt 0.21232381 0.09980016
vt 0.16787887 0.25544226
vt 0.28443658 0.27533736
vt 0.21465588 0.12275743
vt 0.16256658 0.31915007
vt 0.27143283 0.09596464
vt 0.01707187 0.11828385
vt 0.24139059 0.22644193
vt 0.06491957 0.41787050
vt 0.23603985 0.21098752
vt 0.16722219 0.10773845
vt 0.11861653 0.11074370
vt 0.06041556 0.05930972
vt 0.16302771 0.37264856
vt 0.07056615 0.16357783
vt 0.14464317 0.16013385
vt 0.23387774 0.04131160
vt 0.16504858 0.18344720
vt 0.21484984 0.20366234
vt 0.15073061 0.37665219
vt 0.16966053 0.19145369
vt 0.23627581 0.02922101
vt 0.12039727 0.41876720
vt 0.02939211 0.31830093
vt 0.12946548 0.12320127
vt 0.21023680 0.16017163
vt 0.20228149 0.00560322
vt 0.28440717 0.16867166
vt 0.16933710 0.20819634
vt 0.18722668 0.38638533
vt 0.24385233 0.11811758
vt 0.09392716 0.36630936
vt 0.04037281 0.04469367
vt 0.24847675 0.28676501
vt 0.08934101 0.15224348
vt 0.22555365 0.10249991
vt 0.14990634 0.18035601
vt 0.08422434 0.30101198
vt 0.27135480 0.38428759
vt 0.12699007 0.40060336
vt 0.07251282 0.19103756
vt 0.11346704 0.38804189
vt 0.15538935 0.25102402
vt 0.00686269 0.19210016
vt 0.06040705 0.11215673
vt 0.22031808 0.29754876
vt 0.29140685 0.10103123
vt 0.20243572 0.40790083
vt 0.23179682 0.22982972
vt 0.23096512 0.15311264
vt 0.14673467 0.21640547
vt 0.10250078 0.11268597
vt 0.27990721 0.31633247
vt 0.03343375 0.00860764
vt 0.23119723 0.29854264
vt 0.15741734 0.34791304
vt 0.03857839 0.40203982
vt 0.06241709 0.14775910
vt 0.03002065 0.21428124
vt 0.17592330 0.14890508
vt 0.21918767 0.04443373
vt 0.08496986 0.23744440
vt 0.17061739 0.37774960
vt 0.18986978 0.04766655
vt 0.25846885 0.42397691
vt 0.00941245 0.21608356
vt 0.03789320 0.38082186
vt 0.14268151 0.00623593
vt 0.28314845 0.28359372
vt 0.12985816 0.08649953
vt 0.19205831 0.18193084
vt 0.12372641 0.19945960
vt 0.19560839 0.05377052
vt 0.13027940 0.06019086
vt 0.19671511 0.31521704
vt 0.21161022 0.32968721
vt 0.06444367 0.11854809
vt 0.09733152 0.34327411
vt 0.06265031 0.19246922
vt 0.17348114 0.34666115
vt 0.18133953 0.23474511
vt 0.23484042 0.41417027
vt 0.09390275 0.14055321
vt 0.06525664 0.23030534
vt 0.00636260 0.04846190
vt 0.28128967 0.05329642
vt 0.08631390 0.40572927
vt 0.20338916 0.35448752
vt 0.19677171 0.38666394
vt 0.26759558 0.08740743
vt 0.22881509 0.17396846
vt 0.01491873 0.02394109
vt 0.22624414 0.29155921
vt 0.13661812 0.04659591
vt 0.10309264 0.20173076
vt 0.19069557 0.37849899
vt 0.15782166 0.36565003
vt 0.01116708 0.11767714
vt 0.20658586 0.25472737
vt 0.24650519 0.43502007
vt 0.25180345 0.25447269
vt 0.27749417 0.27917961
vt 0.23815375 0.07121865
vt 0.06979226 0.39956802
vt 0.19303258 0.06168449
vt 0.01941102 0.01803401
vt 0.05154551 0.31365048
vt 0.23775546 0.36702214
vt 0.28706859 0.00954903
vt 0.11390297 0.33222583
vt 0.05809521 0.04543752
vt 0.07310071 0.00604771
vt 0.01097736 0.07291147
vt 0.26884642 0.26591374
vt 0.02844850 0.27317307
vt 0.06344787 0.06661342
vt 0.23830244 0.43940650
vt 0.12761452 0.04789966
vt 0.02068663 0.02763342
vt 0.03453126 0.34386704
vt 0.19308532 0.24703698
vt 0.25430800 0.14946887
vt 0.25047024 0.17673830
vt 0.11521972 0.30434488
vt 0.07500012 0.01998589
vt 0.21102243 0.34508999
vt 0.28995259 0.22646285
vt 0.29111126 0.19436173
vt 0.09939048 0.08042104
vt 0.09441044 0.17785708
vt 0.23260939 0.24507122
vt 0.05541834 0.43329998
vt 0.10210744 0.18123519
vt 0.09142365 0.06815690
vt 0.12789074 0.42122355
vt 0.29646469 0.24238776
vt 0.19262777 0.26686196
vt 0.30248247 0.05645273
vt 0.02720320 0.25430051
vt 0.18242925 0.04971420
vt 0.27208941 0.07959594
vt 0.15537308 0.18623004
vt 0.24819191 0.15570258
vt 0.06933252 0.26101082
vt 0.16757745 0.17613126
vt 0.12501778 0.33884293
vt 0.04937911 0.03360886
vt 0.28863968 0.04842224
vt 0.17201242 0.15948811
vt 0.04896919 0.38460581
vt 0.21264169 0.04080663
vt 0.10765150 0.34168404
vt 0.16523252 0.02546173
vt 0.06430922 0.21668037
vt 0.08445909 0.42269749
vt 0.06992781 0.30682578
vt 0.15246196 0.11760096
vt 0.29042836 0.17416647
vt 0.22249669 0.18957904
vt 0.08892458 0.43328318
vt 0.24365388 0.35391377
vt 0.15787890 0.32860311
vt 0.02903670 0.22330363
vt 0.17174258 0.31506036
vt 0.02847707 0.08761205
vt 0.11109460 0.12420993
vt 0.07157151 0.03557582
vt 0.26163688 0.33946971
vt 0.01893836 0.12613015
vt 0.01973052 0.28252944
vt 0.04003115 0.03129756
vt 0.26668405 0.25175616
vt 0.05258712 0.25088688
vt 0.22051299 0.27811068
vt 0.16955194 0.03981484
vt 0.02076075 0.13404561
vt 0.15900646 0.29433098
vt 0.03096375 0.24396150
vt 0.06261927 0.34476194
vt 0.12203778 0.25389156
vt 0.27609344 0.18474353
vt 0.06735271 0.43224277
vt 0.17037987 0.39572642
vt 0.26928255 0.14948505
vt 0.18426073 0.30551044
vt 0.29734581 0.17251552
vt 0.24001327 0.07837540
vt 0.22916955 0.27431487
vt 0.21158666 0.21987539
vt 0.20319376 0.09957191
vt 0.24871349 0.06249044
vt 0.25973969 0.36193054
vt 0.06858985 0.17438168
vt 0.18768442 0.01365191
vt 0.16204848 0.19044776
vt 0.14964426 0.25940135
vt 0.30256247 0.17615691
vt 0.26206731 0.19446927
vt 0.14877919 0.13748079
vt 0.20488600 0.32177512
vt 0.18893448 0.10905673
vt 0.22638553 0.43646415
vt 0.05574967 0.17772428
vt 0.07354544 0.36848179
vt 0.19286600 0.20591074
vt 0.21164871 0.17208696
vt 0.23906220 0.23508280
vt 0.22828919 0.05224309
vt 0.03939975 0.17659582
vt 0.12276076 0.42655292
vt 0.11445926 0.34836642
vt 0.09341492 0.11349129
vt 0.13250696 0.15211902
vt 0.12699411 0.34865061
vt 0.20679436 0.11809700
vt 0.14032747 0.11545799
vt 0.14122808 0.06051616
vt 0.25144657 0.31193176
vt 0.23218504 0.13086375
vt 0.29125391 0.07939356
vt 0.13504635 0.24537487
vt 0.17558602 0.04516804
vt 0.26522742 0.30854769
vt 0.08832663 0.20617427
vt 0.08159744 0.28428422
vt 0.28622868 0.14593999
vt 0.07942071 0.14327292
vt 0.29208751 0.01712286
vt 0.12403814 0.40823771
vt 0.30426167 0.13873420
vt 0.00951899 0.31042721
vt 0.27175737 0.32067275
vt 0.24440230 0.36170429
vt 0.09528213 0.22414628
vt 0.11277849 0.03904199
vt 0.07320112 0.11608628
vt 0.05676189 0.03855730
vt 0.15013806 0.05665087
vt 0.18235718 0.26092975
vt 0.19019532 0.09009601
vt 0.16464535 0.32771332
vt 0.25063957 0.11225202
vt 0.09769861 0.12058635
vt 0.06983187 0.01271400
vt 0.28207650 0.06738391
vt 0.02458825 0.24638923
vt 0.26546504 0.36854520
vt 0.03568007 0.25000713
vt 0.20893304 0.01031825
vt 0.05232798 0.28331871
vt 0.16326005 0.03408102
vt 0.25961806 0.04732756
vt 0.07676317 0.09530537
vt 0.01419451 0.05077732
vt 0.12233647 0.31543674
vt 0.27512376 0.23961550
vt 0.23211033 0.06520499
vt 0.07362622 0.22970142
vt 0.19319426 0.07745489
vt 0.17726311 0.37226505
vt 0.15474643 0.12373430
vt 0.06733656 0.32456483
vt 0.30052063 0.15786044
vt 0.30335961 0.08769650
vt 0.18134775 0.35239546
vt 0.28867529 0.31728873
vt 0.24721046 0.07045649
vt 0.26792480 0.13190702
vt 0.14091827 0.15295901
vt 0.01427632 0.22864586
vt 0.10322040 0.15659026
vt 0.05851202 0.42174509
vt 0.27057039 0.19301426
vt 0.18799699 0.06761237
vt 0.25326548 0.16905141
vt 0.01775189 0.25656141
vt 0.20914840 0.20856221
vt 0.13523833 0.18365679
vt 0.19097642 0.11890107
vt 0.08595739 0.26053070
vt 0.25733393 0.29909666
vt 0.14395566 0.12547093
vt 0.01502789 0.21165371
vt 0.18088060 0.29931216
vt 0.11838582 0.18437535
vt 0.09924198 0.25601927
vt 0.10102015 0.36754694
vt 0.13973477 0.07652270
vt 0.09123713 0.18395895
vt 0.19968681 0.43424293
vt 0.30566217 0.18123062
vt 0.21580034 0.36632619
vt 0.16349014 0.30211699
vt 0.24683053 0.38069901
vt 0.21931067 0.03713536
vt 0.16962320 0.05112537
vt 0.00775678 0.10214654
vt 0.01018528 0.27085982
vt 0.11884297 0.14770357
vt 0.00937807 0.01388064
vt 0.26639752 0.40549733
vt 0.29148370 0.16487555
vt 0.27614601 0.29894584
vt 0.20759027 0.06233796
vt 0.15886431 0.15270297
vt 0.22475046 0.35759058
vt 0.11136287 0.40299966
vt 0.03711084 0.06915637
vt 0.03665825 0.36226692
vt 0.17542007 0.06635981
vt 0.07885762 0.36320835
vt 0.08894807 0.27562240
vt 0.21472968 0.08408287
vt 0.10288192 0.17223053
vt 0.21646289 0.01239771
vt 0.15341623 0.04620312
vt 0.15587741 0.21766415
vt 0.02661069 0.29869295
vt 0.23777246 0.25229174
vt 0.00590230 0.00958870
vt 0.12058377 0.30038478
vt 0.14827080 0.11190557
vt 0.29291880 0.21973638
vt 0.23596713 0.17098377
vt 0.24460526 0.25836466
vt 0.29480714 0.25691100
vt 0.10689096 0.30373866
vt 0.03633257 0.27002490
vt 0.01632097 0.05900732
vt 0.19852470 0.10631670
vt 0.08168943 0.16858988
vt 0.10755412 0.32887834
vt 0.08613526 0.44598616
vt 0.08567162 0.17402429
vt 0.04853126 0.43041096
vt 0.21911027 0.07142865
vt 0.10990902 0.26197520
vt 0.26233209 0.37989123
vt 0.23774205 0.01355038
vt 0.21205721 0.02569146
vt 0.17587270 0.00571950
vt 0.15906941 0.07171460
vt 0.12929104 0.22404678
vt 0.13737356 0.08421829
vt 0.00427907 0.10808758
vt 0.15120445 0.29326129
vt 0.03451663 0.02546731
vt 0.26298944 0.35312718
vt 0.15038858 0.38331991
vt 0.24955892 0.18520044
vt 0.04830304 0.16310032
vt 0.27244193 0.14182718
vt 0.13135120 0.42626453
vt 0.09354789 0.17165275
vt 0.12118601 0.38431611
vt 0.30393161 0.12808173
vt 0.07584773 0.07526691
vt 0.00336330 0.01563247
vt 0.04828711 0.14908694
vt 0.06071053 0.39715209
vt 0.11887909 0.20508802
vt 0.29464640 0.04324951
vt 0.00641733 0.23135002
vt 0.30146423 0.03337550
vt 0.04242796 0.36930084
vt 0.07307825 0.43719858
vt 0.09390002 0.39906441
vt 0.04487500 0.31387168
vt 0.07036249 0.12429908
vt 0.17163827 0.42415980
vt 0.15813156 0.05327986
vt 0.12476035 0.23288127
vt 0.07052554 0.18173795
vt 0.19527894 0.33199695
vt 0.24526224 0.42615645
vt 0.17250848 0.23521095
vt 0.28218233 0.10525670
vt 0.29106548 0.20261387
vt 0.30406667 0.11002928
vt 0.08108176 0.32978570
vt 0.26908177 0.23668408
vt 0.27246715 0.02398301
vt 0.21328874 0.14929698
vt 0.11962925 0.29323533
vt 0.24091953 0.37692039
vt 0.18747759 0.41543904
vt 0.01530036 0.20368542
vt 0.07234799 0.41937107
vt 0.25787703 0.07444417
vt 0.25810469 0.40168288
vt 0.27131149 0.24602586
vt 0.06084877 0.40431756
vt 0.07546092 0.13015346
vt 0.16353801 0.28084832
vt 0.19979386 0.25064091
vt 0.07982708 0.00628216
vt 0.02262083 0.19971159
vt 0.26554248 0.29982210
vt 0.12563289 0.14558328
vt 0.23951943 0.05375321
vt 0.24583993 0.14884553
vt 0.15386254 0.17127960
vt 0.22777442 0.09310882
vt 0.23147604 0.44715316
vt 0.19701405 0.17580180
vt 0.05699132 0.41506480
vt 0.14826946 0.36936207
vt 0.24960022 0.41717560
vt 0.27728512 0.20874969
vt 0.00530925 0.12024565
vt 0.14358634 0.39918509
vt 0.17487215 0.01199060
vt 0.22614703 0.26014051
vt 0.10031136 0.32529878
vt 0.18504902 0.21131435
vt 0.11549331 0.21225681
vt 0.14165518 0.27911813
vt 0.01853039 0.08778699
vt 0.03867033 0.06049455
vt 0.10246342 0.27555514
vt 0.01638778 0.00428613
vt 0.00705625 0.02089572
vt 0.13714034 0.40331729
vt 0.15686520 0.01203116
vt 0.07073780 0.29771518
vt 0.23943978 0.15385040
vt 0.13852745 0.25213271
vt 0.04579245 0.12559825
vt 0.28040272 0.02542354
vt 0.11585442 0.31033457
vt 0.13961575 0.41180580
vt 0.25813665 0.30694395
vt 0.04612162 0.41414582
vt 0.21215012 0.39970260
vt 0.06337451 0.31064356
vt 0.25011352 0.33296637
vt 0.20577557 0.21459835
vt 0.05687614 0.18593810
vt 0.01165218 0.18783329
vt 0.10298454 0.14195964
vt 0.18805323 0.05556786
vt 0.25295519 0.21259153
vt 0.29102536 0.18226766
vt 0.01338070 0.28270731
vt 0.15068148 0.06491381
vt 0.11033251 0.10697111
vt 0.26312023 0.09409424
vt 0.02276125 0.26162583
vt 0.24711683 0.03759878
vt 0.03252223 0.18163064
vt 0.24482765 0.00407704
vt 0.12713991 0.00981593
vt 0.22665377 0.22368864
vt 0.27396271 0.33792839
vt 0.13185627 0.40855770
vt 0.04048597 0.39581628
vt 0.14296711 0.24529220
vt 0.30095565 0.23666294
vt 0.19305045 0.13986478
vt 0.11900373 0.01014210
vt 0.07170812 0.25020766
vt 0.11119515 0.11522191
vt 0.26388489 0.26021082
vt 0.15317075 0.02068596
vt 0.27494010 0.12029299
vt 0.09591358 0.19732322
vt 0.25936295 0.25414294
vt 0.10216434 0.05132889
vt 0.19675107 0.29039993
vt 0.03723121 0.32413505
vt 0.02910796 0.26587117
vt 0.23129910 0.36217525
vt 0.11704540 0.23708177
vt 0.10493030 0.25182613
vt 0.29208035 0.27546995
vt 0.01534133 0.27537895
vt 0.14853494 0.33804189
vt 0.18124896 0.06954114
vt 0.24157015 0.09102980
vt 0.14308973 0.34509084
vt 0.24229842 0.27926166
vt 0.21851883 0.33364141
vt 0.20565539 0.23150243
vt 0.07810063 0.33857131
vt 0.05500317 0.20585611
vt 0.10377860 0.29601674
vt 0.04650051 0.39977364
vt 0.24397989 0.32103904
vt 0.07157097 0.20506911
vt 0.12997900 0.37099760
vt 0.14635619 0.23349785
vt 0.10862369 0.09828796
vt 0.03734873 0.12130269
vt 0.12553070 0.01763124
vt 0.09405535 0.33659819
vt 0.18055974 0.01784786
vt 0.16805301 0.09852174
vt 0.04905750 0.17648946
vt 0.08650964 0.08721830
vt 0.08775421 0.05465719
vt 0.23065670 0.40547113
vt 0.09063173 0.12099005
vt 0.07821822 0.40794564
vt 0.03126374 0.35850626
vt 0.06914010 0.33345174
vt 0.25129247 0.27974039
vt 0.18710543 0.24122331
vt 0.23322261 0.14071363
vt 0.18117163 0.34372019
vt 0.26496573 0.02385079
vt 0.07398767 0.06709964
vt 0.29707651 0.20653862
vt 0.13895483 0.14562910
vt 0.13556410 0.27504255
vt 0.03869338 0.37459462
vt 0.27417095 0.04018599
vt 0.23740230 0.27151395
vt 0.24445068 0.08363321
vt 0.08394030 0.22404704
vt 0.22185954 0.05130790
vt 0.27036383 0.29303565
vt 0.17502355 0.10324863
vt 0.02274108 0.20812263
vt 0.07754144 0.03037970
vt 0.11671685 0.42849364
vt 0.17366504 0.18339809
vt 0.25963510 0.11205523
vt 0.08056589 0.10211550
vt 0.14304066 0.32227271
vt 0.10854933 0.04695567
vt 0.24490195 0.20854817
vt 0.11320992 0.22799366
vt 0.00719358 0.25584725
vt 0.28541128 0.21798550
vt 0.07630074 0.39325595
vt 0.12104259 0.03914378
vt 0.04603572 0.37654530
vt 0.09963283 0.39164507
vt 0.22573039 0.11401788
vt 0.13195682 0.29316770
vt 0.10917708 0.39429774
vt 0.01862811 0.23551566
vt 0.06957223 0.08246583
vt 0.25908521 0.37249342
vt 0.28554199 0.16061935
vt 0.03184691 0.11598941
vt 0.19742126 0.03402859
vt 0.08076030 0.23134800
vt 0.24752260 0.14197859
vt 0.06164913 0.12731623
vt 0.18617914 0.16498114
vt 0.07530347 0.44261708
vt 0.28341110 0.22826569
vt 0.24966204 0.13421306
vt 0.18759076 0.03289122
vt 0.02783340 0.04807238
vt 0.02724671 0.28028439
vt 0.25433045 0.10275835
vt 0.27232823 0.41017283
vt 0.15841318 0.22499985
vt 0.23470760 0.22023789
vt 0.17508981 0.38481802
vt 0.16167700 0.16934633
vt 0.22856650 0.36945057
vt 0.17210453 0.33137464
vt 0.12878121 0.36275354
vt 0.06304610 0.09847788
vt 0.21671946 0.34053964
vt 0.02442074 0.01935426
vt 0.15815125 0.30712848
vt 0.22198770 0.31374443
vt 0.05368115 0.15459259
vt 0.16284197 0.42038985
vt 0.15943546 0.00460809
vt 0.02711738 0.23692707
vt 0.11672648 0.19465428
vt 0.22021116 0.17221722
vt 0.11015816 0.23396995
vt 0.14901703 0.07263004
vt 0.07639414 0.10902611
vt 0.28798042 0.30957647
vt 0.06385799 0.30262458
vt 0.11874265 0.08006360
vt 0.12872917 0.18672669
vt 0.25308033 0.00462227
vt 0.08824168 0.06153234
vt 0.27880060 0.14614139
vt 0.19692509 0.19735903
vt 0.05068977 0.41864650
vt 0.16123617 0.20816917
vt 0.08367888 0.07313201
vt 0.08600480 0.36579029
vt 0.25625051 0.13965639
vt 0.08596169 0.07995146
vt 0.20360058 0.28229902
vt 0.29359763 0.26906630
vt 0.30430719 0.19880868
vt 0.04848145 0.02587113
vt 0.25805217 0.00926267
vt 0.19912019 0.34539965
vt 0.17180833 0.06047337
vt 0.24552287 0.37067984
vt 0.18993887 0.12871009
vt 0.20411549 0.07851329
vt 0.28365760 0.13099377
vt 0.27163256 0.25682496
vt 0.24874755 0.23208315
vt 0.23240833 0.00624354
vt 0.21471379 0.06541516
vt 0.02700778 0.02705275
vt 0.19258838 0.00327121
vt 0.15736389 0.10792954
vt 0.27154475 0.00881690
vt 0.03538442 0.18800085
vt 0.19844332 0.42795996
vt 0.22592269 0.03820137
vt 0.07380016 0.17033435
vt 0.19020631 0.30996204
vt 0.05544834 0.05362997
vt 0.00725543 0.22338271
vt 0.00818355 0.20840008
vt 0.20828366 0.10861760
vt 0.19245104 0.01910401
vt 0.22236438 0.18060606
vt 0.08271689 0.15522476
vt 0.26576740 0.05094711
vt 0.19429818 0.02686229
vt 0.16496562 0.35164615
vt 0.13120651 0.34306637
vt 0.29590570 0.11012177
vt 0.29466138 0.23330674
vt 0.10230658 0.10460473
vt 0.08578874 0.10867848
vt 0.05458758 0.06678809
vt 0.13481704 0.10921235
vt 0.19475492 0.16723078
vt 0.12805607 0.32169029
vt 0.16141228 0.10164778
vt 0.20142985 0.02140588
vt 0.27750852 0.16068991
vt 0.05252802 0.26794261
vt 0.28764077 0.07183126
vt 0.09544207 0.08920298
vt 0.13416132 0.06843522
vt 0.13408703 0.01578747
vt 0.14689695 0.14550368
vt 0.28294937 0.33386684
vt 0.25051920 0.22268234
vt 0.05549147 0.38521381
vt 0.30149534 0.07899975
vt 0.11862434 0.32367906
vt 0.22635500 0.30514783
vt 0.15116441 0.30912226
vt 0.13391999 0.38880582
vt 0.27247523 0.17697965
vt 0.09932985 0.30752452
vt 0.13864797 0.16796361
vt 0.06281736 0.05098131
vt 0.05786727 0.16188281
vt 0.03560528 0.12878754
vt 0.12671641 0.27869752
vt 0.11848410 0.28104177
vt 0.15309550 0.40030003
vt 0.13654474 0.37371474
vt 0.11360846 0.08553356
vt 0.10892882 0.02796891
vt 0.11664064 0.41143700
vt 0.11978245 0.27382730
vt 0.18334084 0.06156957
vt 0.16209970 0.39916096
vt 0.15530241 0.07777895
vt 0.08383136 0.02577925
vt 0.22669429 0.05891056
vt 0.27407080 0.37069299
vt 0.18436649 0.18022943
vt 0.12741520 0.24741183
vt 0.07735263 0.42319349
vt 0.30510323 0.02673474
vt 0.23575015 0.30535513
vt 0.03743569 0.22016826
vt 0.02339744 0.22992881
vt 0.14934567 0.32661059
vt 0.07788580 0.25795328
vt 0.13908563 0.25953702
vt 0.17344100 0.26763933
vt 0.02861156 0.16922335
vt 0.05051492 0.35960949
vt 0.02409092 0.18045423
vt 0.06462196 0.18548721
vt 0.10426421 0.14924334
vt 0.20511103 0.19011243
vt 0.05044355 0.23494399
vt 0.16396024 0.33518771
vt 0.10742192 0.13186691
vt 0.02378330 0.31025447
vt 0.19995980 0.07353017
vt 0.06852324 0.31644936
vt 0.10693941 0.31156215
vt 0.29345428 0.24972488
vt 0.22163289 0.22992754
vt 0.22200648 0.37404117
vt 0.02882750 0.33494953
vt 0.02639755 0.34071600
vt 0.20491780 0.31368149
vt 0.24210897 0.20033528
vt 0.13583704 0.32384220
vt 0.11236220 0.29742968
vt 0.17727607 0.21045781
vt 0.11366372 0.31667218
vt 0.13362411 0.39636962
vt 0.14587995 0.10037764
vt 0.01497040 0.10055192
vt 0.12645968 0.17878603
vt 0.16533317 0.36041123
vt 0.01341569 0.26111481
vt 0.21480959 0.05029284
vt 0.06627309 0.27700297
vt 0.19797253 0.35871433
vt 0.12956215 0.26116797
vt 0.05210889 0.06035664
vt 0.23539398 0.19671396
vt 0.01028333 0.04267230
vt 0.06169197 0.26937484
vt 0.19495167 0.35091476
vt 0.17212595 0.24743827
vt 0.08250087 0.30786396
vt 0.22598418 0.39277202
vt 0.27530353 0.15372534
vt 0.30679985 0.01635508
vt 0.28092692 0.01723740
vt 0.30585326 0.16069848
vt 0.27522780 0.39065729
vt 0.10009516 0.13548689
vt 0.14939468 0.01289599
vt 0.08640049 0.28979910
vt 0.03405365 0.36938170
vt 0.05939674 0.13555175
vt 0.07047460 0.02525547
vt 0.19696300 0.01455796
vt 0.08322910 0.09312404
vt 0.26004203 0.08364102
vt 0.23829770 0.14562573
vt 0.04965439 0.35043678
vt 0.26829208 0.37631104
vt 0.07455907 0.32912980
vt 0.08030560 0.05120610
vt 0.04645203 0.21250182
vt 0.27645077 0.13539552
vt 0.05813900 0.36973579
vt 0.01311104 0.06525666
vt 0.16160780 0.09275017
vt 0.15211669 0.33268712
vt 0.15056469 0.36185246
vt 0.18621952 0.07528952
vt 0.26433981 0.42043031
vt 0.19876625 0.12425785
vt 0.07388407 0.35685444
vt 0.20533259 0.41631861
vt 0.07756314 0.17648754
vt 0.15459936 0.20283050
vt 0.07917752 0.12266866
vt 0.01084054 0.25201040
vt 0.04740996 0.08416338
vt 0.25263080 0.36647418
vt 0.05381260 0.32148621
vt 0.30276195 0.00768740
vt 0.26825029 0.11423191
vt 0.22303371 0.34432719
vt 0.08871814 0.41490550
vt 0.05327763 0.19419346
vt 0.01289376 0.01852011
vt 0.20175383 0.33787831
vt 0.13471325 0.16068814
vt 0.06005061 0.32784202
vt 0.30296281 0.26630893
vt 0.26732430 0.20229621
vt 0.06296346 0.28407773
vt 0.18705092 0.17304431
vt 0.15626555 0.37429896
vt 0.12560078 0.15648551
vt 0.23712610 0.18170074
vt 0.14698951 0.02098729
vt 0.15694782 0.35632136
vt 0.13827636 0.22124973
vt 0.26578707 0.07522694
vt 0.06545903 0.15975320
vt 0.04369592 0.33132356
vt 0.04126127 0.02221058
vt 0.09368241 0.01284336
vt 0.05274694 0.39330309
vt 0.14035231 0.02318357
vt 0.10386558 0.43360844
vt 0.16557739 0.14294764
vt 0.14625273 0.03542860
vt 0.20809432 0.05482910
vt 0.19859874 0.21712279
vt 0.16305278 0.38049594
vt 0.27288074 0.34769139
vt 0.22741025 0.42207101
vt 0.16327307 0.24934555
vt 0.30323662 0.23033089
vt 0.09607231 0.14846909
vt 0.14863452 0.30105678
vt 0.16423182 0.13369580
vt 0.24904801 0.12652911
vt 0.24236808 0.41818176
vt 0.17469169 0.13940871
vt 0.30146999 0.29738426
vt 0.14018761 0.13864961
vt 0.10605929 0.41947995
vt 0.11199594 0.07487604
vt 0.20514006 0.34674891
vt 0.05882852 0.07257932
vt 0.21633658 0.38008314
vt 0.01566986 0.01226143
vt 0.25752455 0.22915116
vt 0.15067018 0.24627172
vt 0.11476522 0.06722020
vt 0.20410099 0.02829008
vt 0.21575981 0.13119977
vt 0.16365608 0.16091025
vt 0.22691726 0.04475958
vt 0.19225480 0.04015440
vt 0.03656384 0.19474637
vt 0.29751129 0.22581237
vt 0.11913598 0.17538569
vt 0.11830377 0.04731540
vt 0.10682231 0.40989279
vt 0.22296769 0.36464284
vt 0.26916694 0.27903534
vt 0.27172000 0.01579546
vt 0.11716842 0.33865196
vt 0.15530795 0.03754252
vt 0.06251602 0.24551533
vt 0.09637286 0.20675676
vt 0.29509290 0.12350213
vt 0.22394390 0.12375023
vt 0.20837082 0.26382228
vt 0.08722581 0.04471081
vt 0.01592776 0.15273004
vt 0.03850555 0.09951800
vt 0.18005256 0.02690785
vt 0.20045154 0.15985696
vt 0.27550724 0.00391556
vt 0.10999459 0.32233672
vt 0.23983842 0.03853767
vt 0.04981669 0.04210994
vt 0.21393628 0.43059436
vt 0.28291112 0.29505121
vt 0.02027266 0.19097176
vt 0.26475566 0.00678873
vt 0.20182784 0.04137134
vt 0.00777811 0.11289702
vt 0.14999700 0.39470594
vt 0.10488547 0.03733295
vt 0.04108007 0.09095886
vt 0.20016559 0.29819168
vt 0.04472244 0.22379722
vt 0.12165833 0.07359387
vt 0.12451874 0.11757799
vt 0.10510518 0.26904892
vt 0.16478322 0.05805092
vt 0.10664725 0.28389625
vt 0.08551872 0.37987860
vt 0.30056838 0.19293840
vt 0.12471407 0.28747412
vt 0.30623565 0.19122816
vt 0.25960609 0.26686746
vt 0.10588280 0.06807251
vt 0.24897687 0.40146774
vt 0.26760591 0.21819199
vt 0.01319175 0.08099163
vt 0.22168275 0.23738855
vt 0.02364654 0.06259966
vt 0.14558250 0.08654450
vt 0.04129129 0.01317924
vt 0.11282084 0.25500232
vt 0.02673703 0.18762756
vt 0.23340494 0.04862874
vt 0.16294222 0.19906772
vt 0.15549659 0.32168530
vt 0.26147344 0.14690635
vt 0.08951502 0.31192485
vt 0.23210858 0.03467628
vt 0.23464531 0.29107241
vt 0.22260590 0.40092636
vt 0.14190666 0.33614039
vt 0.19077641 0.22844168
vt 0.08659722 0.12609600
vt 0.00776203 0.18106992
vt 0.30619678 0.17126166
vt 0.17673087 0.28236757
vt 0.01284362 0.28926513
vt 0.09386898 0.32817234
vt 0.28078333 0.23538258
vt 0.18287014 0.11813100
vt 0.25984139 0.03862319
vt 0.12592510 0.39097025
vt 0.15658950 0.31425290
vt 0.22852777 0.16366301
vt 0.25402262 0.26070064
vt 0.15720086 0.38401663
vt 0.27451931 0.23072290
vt 0.04218573 0.18353485
vt 0.11374548 0.05464225
vt 0.02196364 0.16624207
vt 0.30305865 0.15086880
vt 0.09318728 0.40831622
vt 0.08975888 0.16631693
vt 0.08957820 0.42707922
vt 0.11075566 0.20449704
vt 0.18329073 0.22765856
vt 0.24182894 0.03274908
vt 0.05263205 0.11292134
vt 0.17609580 0.08445895
vt 0.09322650 0.13049304
vt 0.12182978 0.36532473
vt 0.17200318 0.35480587
vt 0.06267760 0.17815789
vt 0.04252353 0.26327316
vt 0.00745037 0.13939094
vt 0.26627582 0.17267710
vt 0.03043587 0.14720454
vt 0.07184568 0.37808171
vt 0.11307938 0.21986534
vt 0.07678151 0.23993646
vt 0.28110936 0.24330340
vt 0.17317811 0.41816145
vt 0.05979035 0.26139235
vt 0.14270780 0.38588695
vt 0.26682385 0.18407331
vt 0.28445630 0.15342578
vt 0.22598185 0.38510745
vt 0.21947810 0.32376301
vt 0.04712006 0.28726712
vt 0.03130911 0.17485836
vt 0.20855237 0.04612858
vt 0.24284571 0.02553340
vt 0.09232117 0.07555560
vt 0.25022268 0.38697340
vt 0.30377541 0.28433241
vt 0.20000356 0.26136949
vt 0.08421296 0.35596720
vt 0.11164414 0.27135811
vt 0.17745299 0.19314596
vt 0.25569163 0.06631726
vt 0.17326005 0.02154167
vt 0.23153142 0.26593884
vt 0.02140461 0.26909593
vt 0.09100560 0.28361204
vt 0.21395842 0.25371946
vt 0.24394684 0.16935817
vt 0.01707692 0.29620363
vt 0.23702935 0.11266152
vt 0.18727055 0.33774129
vt 0.28374449 0.32344734
vt 0.30019676 0.02089822
vt 0.25033069 0.20172411
vt 0.13273891 0.11662543
vt 0.11051721 0.27821980
vt 0.02687796 0.04077413
vt 0.12177349 0.35547581
vt 0.07207164 0.41291623
vt 0.11009939 0.43001846
vt 0.19825071 0.22531502
vt 0.00376213 0.09817342
vt 0.27510527 0.12744920
vt 0.16989210 0.30488022
vt 0.27179887 0.31313431
vt 0.14583674 0.26623891
vt 0.09471641 0.25081934
vt 0.14879587 0.35251923
vt 0.27122126 0.06771780
vt 0.16796567 0.27439811
vt 0.15056571 0.10516578
vt 0.14466677 0.41852230
vt 0.29752189 0.18062016
vt 0.13754470 0.03852806
vt 0.18644726 0.27653206
vt 0.25078818 0.35005250
vt 0.26122830 0.05781101
vt 0.29869887 0.26248177
vt 0.08988152 0.23037191
vt 0.14462407 0.05101808
vt 0.22886152 0.07311099
vt 0.29283363 0.14928970
vt 0.20070634 0.05881853
vt 0.00873466 0.15607623
vt 0.18539196 0.15166715
vt 0.20464891 0.18057738
vt 0.04653930 0.14147706
vt 0.19655337 0.32342531
vt 0.04140591 0.29829961
vt 0.28379736 0.26069297
vt 0.23264756 0.20374378
vt 0.12778022 0.03333435
vt 0.09752400 0.26793706
vt 0.03861838 0.05203279
vt 0.11874134 0.39560241
vt 0.13151130 0.21560386
vt 0.21221218 0.28276772
vt 0.02006775 0.07087694
vt 0.24527361 0.39449625
vt 0.19573699 0.39932430
vt 0.24055408 0.00803079
vt 0.03462568 0.27798108
vt 0.20402238 0.27177292
vt 0.20700523 0.12843201
vt 0.28664542 0.24742835
vt 0.01147264 0.23455658
vt 0.01887335 0.25053158
vt 0.18656980 0.40538598
vt 0.30602815 0.21129060
vt 0.11132947 0.41540690
vt 0.24138764 0.28776975
vt 0.26652587 0.04225484
vt 0.27700677 0.07293852
vt 0.08275197 0.13114912
vt 0.27672456 0.10096755
vt 0.10306576 0.23175473
vt 0.13747685 0.30955232
vt 0.26298268 0.23756626
vt 0.08668085 0.25257381
vt 0.17794572 0.24218037
vt 0.08862629 0.24294129
vt 0.05682634 0.02290708
vt 0.05461202 0.12218068
vt 0.08977151 0.38987716
vt 0.01888397 0.04364804
vt 0.12085964 0.22600211
vt 0.15910678 0.39214656
vt 0.08466257 0.18151307
vt 0.25405181 0.31937689
vt 0.12130290 0.13710278
vt 0.06883504 0.19815026
vt 0.20605025 0.43187773
vt 0.25254422 0.24817632
vt 0.29568638 0.02720577
vt 0.13696099 0.33967216
vt 0.05665661 0.10357802
vt 0.21712329 0.21231936
vt 0.11424049 0.35875585
vt 0.21218317 0.32286078
vt 0.12977597 0.07735151
vt 0.26864280 0.16210680
vt 0.16457360 0.34360169
vt 0.16798953 0.08785211
vt 0.14016537 0.35328996
vt 0.06326745 0.07857984
vt 0.20476253 0.15208394
vt 0.22408512 0.06620687
vt 0.24351631 0.21716718
vt 0.14029033 0.23789336
vt 0.21439434 0.19392795
vt 0.19594996 0.36609271
vt 0.17038913 0.16863729
vt 0.09788744 0.21536019
vt 0.05497300 0.01521212
vt 0.17429303 0.09384774
vt 0.14224926 0.32982480
vt 0.18687446 0.19340644
vt 0.05372931 0.37763874
vt 0.13090854 0.33510709
vt 0.23179292 0.07990444
vt 0.27292332 0.28529389
vt 0.20356941 0.39184197
vt 0.27887661 0.25119607
vt 0.26962899 0.39295052
vt 0.07067901 0.34876910
vt 0.23589933 0.31873637
vt 0.24330437 0.30534199
vt 0.27604276 0.20082340
vt 0.06286557 0.41091021
vt 0.28148900 0.34175841
vt 0.17486552 0.32457632
vt 0.30347799 0.07082112
vt 0.20780011 0.07021950
vt 0.29677053 0.13801042
vt 0.24159564 0.38813650
vt 0.03791484 0.16862479
vt 0.20047355 0.20718905
vt 0.03605658 0.39140578
vt 0.22391709 0.24568278
vt 0.13691455 0.20461543
vt 0.08174043 0.06586112
vt 0.01279176 0.03618004
vt 0.19957960 0.09174536
vt 0.05045490 0.36907594
vt 0.21785771 0.39416641
vt 0.23897221 0.10373003
vt 0.25046115 0.26658555
vt 0.25080629 0.34159047
vt 0.11140567 0.14695048
vt 0.28858299 0.11667447
vt 0.28350234 0.13869317
vt 0.22662324 0.31987242
vt 0.06412115 0.02717862
vt 0.13267730 0.12956549
vt 0.20629367 0.19971865
vt 0.20650002 0.08502122
vt 0.07190831 0.38589311
vt 0.02932491 0.13617785
vt 0.16883428 0.32219948
vt 0.26383458 0.06572434
vt 0.25886886 0.17715485
vt 0.19696579 0.30611320
vt 0.26554405 0.27269291
vt 0.26051315 0.27892151
vt 0.05675340 0.30906968
vt 0.16474421 0.26473632
vt 0.04700695 0.34002363
vt 0.28631047 0.30208158
vt 0.13692753 0.00947503
vt 0.22670914 0.28360879
vt 0.10892326 0.24063577
vt 0.16824628 0.36812168
vt 0.02229797 0.05343782
vt 0.18187021 0.00368225
vt 0.15848997 0.17824695
vt 0.06580967 0.43887230
vt 0.07204589 0.13893464
vt 0.05802252 0.36189554
vt 0.22228719 0.42837031
vt 0.16416184 0.00938023
vt 0.19411483 0.06949547
vt 0.18266063 0.31339833
vt 0.00625244 0.00329420
vt 0.19009870 0.22077797
vt 0.10858730 0.09064909
vt 0.18692590 0.28593539
vt 0.23345918 0.18995027
vt 0.29001228 0.28176797
vt 0.24613376 0.27282462
vt 0.25781791 0.02204144
vt 0.30045619 0.24913941
vt 0.05995686 0.23671281
vt 0.18387628 0.24741597
vt 0.03929392 0.30767439
vt 0.13289011 0.28365971
vt 0.14168967 0.39226335
vt 0.19118595 0.15841261
vt 0.14578236 0.40670661
vt 0.12724073 0.02648289
vt 0.14016019 0.13199828
vt 0.20601531 0.38093424
vt 0.25885461 0.32866207
vt 0.24216499 0.29681341
vt 0.26654889 0.34462333
vt 0.26310477 0.10296135
vt 0.30428378 0.04749275
vt 0.02643963 0.00481651
vt 0.02077226 0.30271786
vt 0.04757210 0.00785833
vt 0.05324732 0.40158316
vt 0.15323920 0.41979021
vt 0.21755729 0.14057792
vt 0.06993897 0.27036274
vt 0.25592094 0.03003587
vt 0.21891291 0.02940069
vt 0.03690966 0.13612288
vt 0.13013168 0.13607748
vt 0.17612800 0.30815941
vt 0.25272625 0.19373454
vt 0.21236515 0.07620765
vt 0.07655769 0.16410649
vt 0.23762649 0.34835675
vt 0.26134862 0.39345132
vt 0.09912733 0.09723265
vt 0.28425185 0.26848057
vt 0.21032474 0.43753274
vt 0.06158993 0.33618319
vt 0.02247246 0.32662674
vt 0.22316937 0.00656010
vt 0.11013310 0.17778229
vt 0.21592863 0.24468680
vt 0.25024794 0.30284250
vt 0.08858787 0.10058981
vt 0.18115730 0.01042484
vt 0.17933489 0.33579024
vt 0.18019316 0.15823442
vt 0.19019057 0.29787248
vt 0.13064626 0.35495499
vt 0.07301198 0.21274670
vt 0.20476152 0.40061569
vt 0.02160194 0.03526863
vt 0.08694020 0.14509814
vt 0.20761894 0.24502615
vt 0.22401435 0.13310188
vt 0.05263726 0.30304733
vt 0.02389471 0.11140860
vt 0.19784601 0.37561124
vt 0.22669183 0.41239532
vt 0.11904571 0.02241189
vt 0.01985317 0.28927998
vt 0.04456865 0.19284634
vt 0.06798025 0.13288792
vt 0.25324400 0.03589201
vt 0.22944994 0.25218319
vt 0.08996068 0.19111671
vt 0.02228108 0.07965617
vt 0.12398409 0.19124566
vt 0.26471927 0.13946876
vt 0.16702323 0.24171957
vt 0.07912623 0.34812668
vt 0.24213500 0.26516707
vt 0.15504265 0.19502116
vt 0.02905500 0.34863492
vt 0.15608367 0.02857021
vt 0.11001018 0.00873488
vt 0.10247057 0.01944888
vt 0.04390870 0.13365611
vt 0.11627353 0.26647669
vt 0.30416959 0.24300431
vt 0.23745209 0.32873262
vt 0.22826422 0.37935942
vt 0.15542232 0.14558117
vt 0.27244266 0.22327106
vt 0.28853468 0.28963630
vt 0.26134979 0.24565865
vt 0.09441893 0.10572265
vt 0.00686621 0.28504996
vt 0.21405796 0.05739375
vt 0.03915497 0.20166722
vt 0.29961085 0.09498296
vt 0.24253590 0.31310859
vt 0.09622751 0.23532152
vt 0.10350541 0.19143303
vt 0.09874219 0.41404371
vt 0.20303835 0.05083446
vt 0.23582913 0.38246214
vt 0.18580886 0.08324290
vt 0.01628403 0.31255340
vt 0.16655373 0.07906896
vt 0.28818842 0.02284487
vt 0.10743552 0.37410737
vt 0.07376786 0.42990862
vt 0.04193943 0.28023434
vt 0.02141656 0.21603449
vt 0.00548658 0.27198995
vt 0.10290005 0.35852531
vt 0.17726841 0.17572244
vt 0.22688833 0.21551431
vt 0.05676878 0.03079032
vt 0.05471896 0.34349935
vt 0.14276582 0.18709184
vt 0.25421767 0.01578421
vt 0.25764142 0.34643564
vt 0.30140262 0.21296515
vt 0.05443824 0.29301755
vt 0.03348572 0.37896423
vt 0.16603710 0.06784417
vt 0.08085933 0.41513406
vt 0.02895925 0.30490201
vt 0.20445796 0.37073968
vt 0.20378335 0.16926981
vt 0.07965219 0.21794924
vt 0.16804089 0.41328433
vt 0.05453700 0.42686769
vt 0.05991226 0.17091944
vt 0.28934101 0.32803647
vt 0.23096798 0.01344747
vt 0.27770039 0.32755254
vt 0.21758186 0.28917680
vt 0.25115730 0.29392499
vt 0.08889927 0.34812483
vt 0.28101971 0.04484234
vt 0.21948932 0.43594123
vt 0.12374098 0.26659458
vt 0.27716291 0.03264796
vt 0.01506671 0.26746707
vt 0.23375405 0.37426138
vt 0.24833010 0.16257579
vt 0.00579677 0.07883393
vt 0.03165122 0.05454430
vt 0.02727528 0.01229425
vt 0.27757015 0.21596470
vt 0.29564863 0.07143551
vt 0.13482830 0.19179451
vt 0.21835304 0.16366392
vt 0.14642950 0.25304385
vt 0.28947560 0.21098376
vt 0.06724914 0.10769979
vt 0.25070920 0.07818705
vt 0.09884903 0.02979649
vt 0.05714595 0.35289121
vt 0.20543075 0.30510788
vt 0.19623342 0.27451283
vt 0.23458700 0.08742033
vt 0.28039277 0.17539082
vt 0.11784614 0.03084661
vt 0.05515157 0.14367154
vt 0.24514278 0.25012440
vt 0.10582238 0.21230169
vt 0.03012422 0.09644847
vt 0.16336344 0.12379458
vt 0.07726660 0.18429562
vt 0.09849520 0.16484644
vt 0.17763189 0.35875310
vt 0.25089692 0.32569364
vt 0.24822729 0.03063601
vt 0.11953991 0.26015325
vt 0.30515392 0.11960902
vt 0.10243744 0.33482716
vt 0.23144268 0.43147975
vt 0.21993815 0.41628241
vt 0.03892178 0.33858130
vt 0.18213718 0.09266207
vt 0.10267602 0.26171152
vt 0.06768423 0.42488891
vt 0.26776703 0.36084453
vt 0.17369404 0.26024681
vt 0.00231202 0.00567976
vt 0.01483919 0.16108525
vt 0.16737414 0.15166215
vt 0.50000000 0.75000000
vt 0.50000000 0.80000001
vt 0.51923078 0.80000001
vt 0.53846157 0.80000001
vt 0.55769229 0.80000001
vt 0.57692307 0.80000001
vt 0.59615386 0.80000001
vt 0.61538464 0.80000001
vt 0.63461536 0.80000001
vt 0.65384614 0.80000001
vt 0.67307693 0.80000001
vt 0.69230771 0.80000001
vt 0.71153843 0.80000001
vt 0.73076922 0.80000001
vt 0.75000000 0.80000001
vt 0.76923078 0.80000001
vt 0.78846157 0.80000001
vt 0.80769229 0.80000001
vt 0.82692307 0.80000001
vt 0.84615386 0.80000001
vt 0.86538464 0.80000001
vt 0.88461536 0.80000001
vt 0.90384614 0.80000001
vt 0.92307693 0.80000001
vt 0.94230771 0.80000001
vt 0.96153843 0.80000001
vt 0.98076922 0.80000001
vt 1.00000000 0.80000001
vt 1.00000000 0.75000000
vt 0.98214287 0.75000000
vt 0.96428573 0.75000000
vt 0.94642860 0.75000000
vt 0.92857140 0.75000000
vt 0.91071427 0.75000000
vt 0.89285713 0.75000000
vt 0.87500000 0.75000000
vt 0.85714287 0.75000000
vt 0.83928573 0.75000000
vt 0.82142860 0.75000000
vt 0.80357140 0.75000000
vt 0.78571427 0.75000000
vt 0.76785713 0.75000000
vt 0.75000000 0.75000000
vt 0.73214287 0.75000000
vt 0.71428573 0.75000000
vt 0.69642860 0.75000000
vt 0.67857140 0.75000000
vt 0.66071427 0.75000000
vt 0.64285713 0.75000000
vt 0.62500000 0.75000000
vt 0.60714287 0.75000000
vt 0.58928573 0.75000000
vt 0.57142860 0.75000000
vt 0.55357140 0.75000000
vt 0.53571427 0.75000000
vt 0.51785713 0.75000000
vt 0.73733354 0.77808303
vt 0.58048052 0.77463102
vt 0.98677528 0.77537948
vt 0.72598654 0.77084380
vt 0.67608285 0.77490598
vt 0.75948387 0.77848750
vt 0.51186711 0.78012592
vt 0.71524149 0.77419549
vt 0.87688994 0.77477425
vt 0.62041432 0.77485788
vt 0.91656429 0.77496010
vt 0.84655899 0.77452797
vt 0.56683856 0.77466178
vt 0.74842399 0.76927084
vt 0.78769481 0.77451873
vt 0.65743285 0.77476037
vt 0.97164929 0.77545691
vt 0.86168361 0.77445805
vt 0.50715756 0.76942784
vt 0.95636886 0.77503836
vt 0.50000000 0.50000000
vt 0.50000000 0.55000001
vt 0.52012986 0.55000001
vt 0.54025972 0.55000001
vt 0.56038964 0.55000001
vt 0.58051950 0.55000001
vt 0.60064936 0.55000001
vt 0.62077922 0.55000001
vt 0.64090908 0.55000001
vt 0.66103894 0.55000001
vt 0.68116885 0.55000001
vt 0.70129871 0.55000001
vt 0.72142857 0.55000001
vt 0.74155843 0.55000001
vt 0.76168829 0.55000001
vt 0.78181821 0.55000001
vt 0.78181821 0.50000000
vt 0.76420456 0.50000000
vt 0.74659091 0.50000000
vt 0.72897726 0.50000000
vt 0.71136361 0.50000000
vt 0.69375002 0.50000000
vt 0.67613637 0.50000000
vt 0.65852273 0.50000000
vt 0.64090908 0.50000000
vt 0.62329543 0.50000000
vt 0.60568184 0.50000000
vt 0.58806819 0.50000000
vt 0.57045454 0.50000000
vt 0.55284089 0.50000000
vt 0.53522730 0.50000000
vt 0.51761365 0.50000000
vt 0.50754291 0.51969683
vt 0.70134765 0.52034509
vt 0.61622018 0.52291328
vt 0.60677761 0.52484268
vt 0.63531458 0.51964402
vt 0.62808102 0.52977067
vt 0.52050936 0.52127212
vt 0.71034116 0.52907008
vt 0.55610824 0.52504647
vt 0.71777976 0.52425116
vt 0.72168785 0.51446682
vt 0.51197487 0.52741557
vt 0.59040964 0.53042263
vt 0.59835744 0.52069247
vt 0.72657245 0.52773595
vt 0.64762032 0.52389354
vt 0.69032389 0.52414680
vt 0.66902786 0.52479726
vt 0.58120096 0.52413636
vt 0.61140269 0.53600281
f 1119/1119/1119 956/956/956 1909/1909/1909
f 8/8/8 2059/2059/2059 429/429/429
f 1985/1985/1985 1784/1784/1784 896/896/896
f 8/8/8 7/7/7 1261/1261/1261
f 615/615/615 1507/1507/1507 1561/1561/1561
f 1850/1850/1850 1319/1319/1319 1569/1569/1569
f 163/163/163 2123/2123/2123 1507/1507/1507
f 10/10/10 2099/2099/2099 1187/1187/1187
f 163/163/163 1319/1319/1319 1850/1850/1850
f 14/14/14 1947/1947/1947 1636/1636/1636
f 199/199/199 982/982/982 824/824/824
f 367/367/367 1767/1767/1767 860/860/860
f 2119/2119/2119 1636/1636/1636 1947/1947/1947
f 1895/1895/1895 663/663/663 1760/1760/1760
f 21/21/21 20/20/20 1724/1724/1724
f 257/257/257 585/585/585 600/600/600
f 1151/1151/1151 425/425/425 634/634/634
f 1651/1651/1651 837/837/837 1116/1116/1116
f 1945/1945/1945 52/52/52 1866/1866/1866
f 1214/1214/1214 1079/1079/1079 2112/2112/2112
f 413/413/413 27/27/27 26/26/26
f 734/734/734 1536/1536/1536 612/612/612
f 1018/1018/1018 998/998/998 797/797/797
f 1818/1818/1818 218/218/218 1260/1260/1260
f 334/334/334 1260/1260/1260 218/218/218
f 810/810/810 201/201/201 37/37/37
f 1081/1081/1081 213/213/213 776/776/776
f 2139/2139/2139 800/800/800 1737/1737/1737
f 1548/1548/1548 344/344/344 31/31/31
f 201/201/201 38/38/38 37/37/37
f 594/594/594 46/46/46 1901/1901/1901
f 1915/1915/1915 633/633/633 36/36/36
f 395/395/395 1355/1355/1355 2028/2028/2028
f 2060/2060/2060 213/213/213 1506/1506/1506
f 810/810/810 37/37/37 36/36/36
f 285/285/285 40/40/40 268/268/268
f 690/690/690 800/800/800 201/201/201
f 41/41/41 285/285/285 42/42/42
f 1342/1342/1342 28/28/28 369/369/369
f 45/45/45 1823/1823/1823 385/385/385
f 164/164/164 662/662/662 382/382/382
f 1309/1309/1309 1476/1476/1476 1605/1605/1605
f 1131/1131/1131 962/962/962 185/185/185
f 298/298/298 2148/2148/2148 1922/1922/1922
f 471/471/471 564/564/564 1294/1294/1294
f 1014/1014/1014 1419/1419/1419 1872/1872/1872
f 1234/1234/1234 569/569/569 951/951/951
f 957/957/957 1855/1855/1855 1419/1419/1419
f 505/505/505 1014/1014/1014 2057/2057/2057
f 1197/1197/1197 872/872/872 1514/1514/1514
f 1994/1994/1994 994/994/994 1166/1166/1166
f 1759/1759/1759 934/934/934 2061/2061/2061
f 1628/1628/1628 505/505/505 571/571/571
f 707/707/707 625/625/625 1059/1059/1059
f 643/643/643 1085/1085/1085 559/559/559
f 634/634/634 2106/2106/2106 1151/1151/1151
f 699/699/699 1923/1923/1923 1380/1380/1380
f 61/61/61 216/216/216 735/735/735
f 931/931/931 600/600/600 917/917/917
f 1796/1796/1796 1449/1449/1449 1044/1044/1044
f 897/897/897 913/913/913 1134/1134/1134
f 1439/1439/1439 1287/1287/1287 2107/2107/2107
f 593/593/593 1923/1923/1923 699/699/699
f 589/589/589 2084/2084/2084 1775/1775/1775
f 1356/1356/1356 2034/2034/2034 1874/1874/1874
f 333/333/333 1941/1941/1941 2034/2034/2034
f 1688/1688/1688 2048/2048/2048 2036/2036/2036
f 1956/1956/1956 1928/1928/1928 1951/1951/1951
f 1557/1557/1557 386/386/386 548/548/548
f 444/444/444 568/568/568 599/599/599
f 223/223/223 1123/1123/1123 1549/1549/1549
f 1357/1357/1357 1071/1071/1071 1099/1099/1099
f 87/87/87 688/688/688 1670/1670/1670
f 278/278/278 327/327/327 1357/1357/1357
f 255/255/255 887/887/887 915/915/915
f 1551/1551/1551 1539/1539/1539 512/512/512
f 1782/1782/1782 81/81/81 983/983/983
f 1206/1206/1206 1071/1071/1071 1050/1050/1050
f 591/591/591 82/82/82 1782/1782/1782
f 237/237/237 857/857/857 1931/1931/1931
f 851/851/851 1551/1551/1551 1306/1306/1306
f 1306/1306/1306 1551/1551/1551 512/512/512
f 2037/2037/2037 80/80/80 79/79/79
f 2130/2130/2130 1194/1194/1194 512/512/512
f 1670/1670/1670 1839/1839/1839 88/88/88
f 2073/2073/2073 1210/1210/1210 1073/1073/1073
f 89/89/89 88/88/88 1755/1755/1755
f 237/237/237 85/85/85 626/626/626
f 254/254/254 545/545/545 1211/1211/1211
f 2003/2003/2003 1547/1547/1547 1946/1946/1946
f 1061/1061/1061 981/981/981 71/71/71
f 1256/1256/1256 462/462/462 412/412/412
f 1078/1078/1078 442/442/442 689/689/689
f 1612/1612/1612 1547/1547/1547 1096/1096/1096
f 1824/1824/1824 1287/1287/1287 492/492/492
f 2107/2107/2107 1287/1287/1287 1824/1824/1824
f 414/414/414 745/745/745 342/342/342
f 1741/1741/1741 1712/1712/1712 1698/1698/1698
f 1741/1741/1741 492/492/492 508/508/508
f 1126/1126/1126 107/107/107 1296/1296/1296
f 1965/1965/1965 1634/1634/1634 331/331/331
f 1204/1204/1204 366/366/366 1158/1158/1158
f 1553/1553/1553 1322/1322/1322 1056/1056/1056
f 1296/1296/1296 1553/1553/1553 1126/1126/1126
f 233/233/233 1589/1589/1589 1443/1443/1443
f 208/208/208 1813/1813/1813 991/991/991
f 2056/2056/2056 1322/1322/1322 1516/1516/1516
f 293/293/293 696/696/696 815/815/815
f 2014/2014/2014 640/640/640 1307/1307/1307
f 1643/1643/1643 921/921/921 293/293/293
f 417/417/417 111/111/111 110/110/110
f 1403/1403/1403 1819/1819/1819 1253/1253/1253
f 1599/1599/1599 233/233/233 1068/1068/1068
f 1329/1329/1329 433/433/433 695/695/695
f 696/696/696 1329/1329/1329 695/695/695
f 318/318/318 1623/1623/1623 1588/1588/1588
f 195/195/195 1239/1239/1239 1136/1136/1136
f 1208/1208/1208 1752/1752/1752 1819/1819/1819
f 2018/2018/2018 105/105/105 104/104/104
f 116/116/116 966/966/966 117/117/117
f 875/875/875 1222/1222/1222 458/458/458
f 1208/1208/1208 692/692/692 1713/1713/1713
f 977/977/977 1578/1578/1578 937/937/937
f 131/131/131 1658/1658/1658 1074/1074/1074
f 302/302/302 1388/1388/1388 1890/1890/1890
f 1967/1967/1967 1777/1777/1777 1345/1345/1345
f 859/859/859 2044/2044/2044 257/257/257
f 316/316/316 891/891/891 1431/1431/1431
f 205/205/205 493/493/493 1478/1478/1478
f 2087/2087/2087 1475/1475/1475 1406/1406/1406
f 892/892/892 1541/1541/1541 1504/1504/1504
f 310/310/310 2066/2066/2066 1046/1046/1046
f 1021/1021/1021 250/250/250 1602/1602/1602
f 1456/1456/1456 1406/1406/1406 704/704/704
f 2104/2104/2104 1505/1505/1505 424/424/424
f 773/773/773 1391/1391/1391 295/295/295
f 993/993/993 1152/1152/1152 1594/1594/1594
f 1437/1437/1437 1150/1150/1150 658/658/658
f 884/884/884 1580/1580/1580 230/230/230
f 750/750/750 343/343/343 1354/1354/1354
f 2104/2104/2104 908/908/908 750/750/750
f 965/965/965 146/146/146 145/145/145
f 881/881/881 1251/1251/1251 1978/1978/1978
f 1980/1980/1980 12/12/12 1949/1949/1949
f 148/148/148 147/147/147 256/256/256
f 484/484/484 2042/2042/2042 617/617/617
f 256/256/256 147/147/147 1780/1780/1780
f 967/967/967 10/10/10 1678/1678/1678
f 1981/1981/1981 292/292/292 1255/1255/1255
f 183/183/183 894/894/894 1295/1295/1295
f 154/154/154 153/153/153 1310/1310/1310
f 1978/1978/1978 1251/1251/1251 1767/1767/1767
f 2134/2134/2134 1336/1336/1336 1719/1719/1719
f 121/121/121 120/120/120 1464/1464/1464
f 1376/1376/1376 1374/1374/1374 858/858/858
f 854/854/854 1976/1976/1976 713/713/713
f 1790/1790/1790 1542/1542/1542 241/241/241
f 66/66/66 65/65/65 258/258/258
f 1524/1524/1524 1454/1454/1454 1331/1331/1331
f 1926/1926/1926 713/713/713 1374/1374/1374
f 1151/1151/1151 1659/1659/1659 425/425/425
f 2138/2138/2138 167/167/167 1127/1127/1127
f 1314/1314/1314 1918/1918/1918 1382/1382/1382
f 1949/1949/1949 824/824/824 982/982/982
f 1488/1488/1488 333/333/333 1123/1123/1123
f 1972/1972/1972 1030/1030/1030 1821/1821/1821
f 1708/1708/1708 1233/1233/1233 798/798/798
f 1168/1168/1168 723/723/723 1137/1137/1137
f 1487/1487/1487 1119/1119/1119 840/840/840
f 1187/1187/1187 1850/1850/1850 1678/1678/1678
f 38/38/38 201/201/201 2139/2139/2139
f 1566/1566/1566 1934/1934/1934 1065/1065/1065
f 1860/1860/1860 1041/1041/1041 467/467/467
f 1477/1477/1477 659/659/659 882/882/882
f 1255/1255/1255 292/292/292 299/299/299
f 1949/1949/1949 967/967/967 824/824/824
f 286/286/286 897/897/897 2096/2096/2096
f 2138/2138/2138 2053/2053/2053 1467/1467/1467
f 886/886/886 1904/1904/1904 1852/1852/1852
f 2050/2050/2050 2006/2006/2006 1485/1485/1485
f 535/535/535 2008/2008/2008 716/716/716
f 1063/1063/1063 2054/2054/2054 1364/1364/1364
f 476/476/476 2094/2094/2094 491/491/491
f 359/359/359 1492/1492/1492 1416/1416/1416
f 1867/1867/1867 1657/1657/1657 747/747/747
f 499/499/499 2133/2133/2133 1943/1943/1943
f 66/66/66 939/939/939 67/67/67
f 2085/2085/2085 632/632/632 905/905/905
f 1392/1392/1392 1704/1704/1704 254/254/254
f 2089/2089/2089 854/854/854 1926/1926/1926
f 2075/2075/2075 970/970/970 1386/1386/1386
f 2062/2062/2062 1484/1484/1484 1213/1213/1213
f 579/579/579 1596/1596/1596 938/938/938
f 1230/1230/1230 1157/1157/1157 542/542/542
f 1013/1013/1013 844/844/844 1076/1076/1076
f 1294/1294/1294 1070/1070/1070 1265/1265/1265
f 2034/2034/2034 1825/1825/1825 1343/1343/1343
f 1075/1075/1075 782/782/782 347/347/347
f 371/371/371 681/681/681 710/710/710
f 562/562/562 1967/1967/1967 684/684/684
f 179/179/179 1692/1692/1692 1119/1119/1119
f 1692/1692/1692 930/930/930 1677/1677/1677
f 1729/1729/1729 1248/1248/1248 1534/1534/1534
f 1534/1534/1534 536/536/536 1276/1276/1276
f 174/174/174 2067/2067/2067 247/247/247
f 460/460/460 1001/1001/1001 335/335/335
f 1621/1621/1621 656/656/656 1052/1052/1052
f 1864/1864/1864 656/656/656 1447/1447/1447
f 367/367/367 313/313/313 1243/1243/1243
f 1384/1384/1384 1172/1172/1172 1232/1232/1232
f 671/671/671 453/453/453 269/269/269
f 1968/1968/1968 637/637/637 1765/1765/1765
f 1888/1888/1888 1522/1522/1522 602/602/602
f 2098/2098/2098 936/936/936 1094/1094/1094
f 711/711/711 1745/1745/1745 2013/2013/2013
f 1404/1404/1404 461/461/461 1572/1572/1572
f 679/679/679 412/412/412 392/392/392
f 188/188/188 685/685/685 337/337/337
f 508/508/508 492/492/492 2081/2081/2081
f 281/281/281 1240/1240/1240 337/337/337
f 1302/1302/1302 1692/1692/1692 179/179/179
f 1827/1827/1827 678/678/678 673/673/673
f 1462/1462/1462 630/630/630 785/785/785
f 335/335/335 1335/1335/1335 974/974/974
f 488/488/488 940/940/940 975/975/975
f 1012/1012/1012 1984/1984/1984 1427/1427/1427
f 1871/1871/1871 1726/1726/1726 802/802/802
f 1154/1154/1154 1420/1420/1420 2032/2032/2032
f 241/241/241 1542/1542/1542 1316/1316/1316
f 1269/1269/1269 1524/1524/1524 1143/1143/1143
f 1817/1817/1817 1325/1325/1325 742/742/742
f 268/268/268 1737/1737/1737 1506/1506/1506
f 485/485/485 1417/1417/1417 1023/1023/1023
f 2056/2056/2056 1158/1158/1158 644/644/644
f 1459/1459/1459 2038/2038/2038 2078/2078/2078
f 682/682/682 1675/1675/1675 788/788/788
f 746/746/746 1943/1943/1943 203/203/203
f 2149/2149/2149 202/202/202 546/546/546
f 1768/1768/1768 944/944/944 1005/1005/1005
f 458/458/458 1222/1222/1222 1047/1047/1047
f 812/812/812 1760/1760/1760 884/884/884
f 12/12/12 166/166/166 13/13/13
f 655/655/655 2076/2076/2076 1135/1135/1135
f 2001/2001/2001 244/244/244 180/180/180
f 329/329/329 768/768/768 708/708/708
f 1377/1377/1377 1027/1027/1027 1548/1548/1548
f 357/357/357 610/610/610 184/184/184
f 2051/2051/2051 863/863/863 1163/1163/1163
f 279/279/279 1720/1720/1720 427/427/427
f 813/813/813 1185/1185/1185 726/726/726
f 1509/1509/1509 1179/1179/1179 342/342/342
f 1894/1894/1894 1035/1035/1035 404/404/404
f 684/684/684 1967/1967/1967 1665/1665/1665
f 1046/1046/1046 416/416/416 310/310/310
f 1482/1482/1482 958/958/958 351/351/351
f 849/849/849 1354/1354/1354 715/715/715
f 676/676/676 2064/2064/2064 588/588/588
f 2126/2126/2126 527/527/527 1833/1833/1833
f 1529/1529/1529 346/346/346 867/867/867
f 1208/1208/1208 1819/1819/1819 1403/1403/1403
f 907/907/907 2101/2101/2101 1424/1424/1424
f 564/564/564 1473/1473/1473 1318/1318/1318
f 960/960/960 2107/2107/2107 903/903/903
f 641/641/641 1103/1103/1103 1840/1840/1840
f 1960/1960/1960 1019/1019/1019 536/536/536
f 2008/2008/2008 535/535/535 441/441/441
f 1619/1619/1619 1597/1597/1597 784/784/784
f 2102/2102/2102 1563/1563/1563 1021/1021/1021
f 1731/1731/1731 2028/2028/2028 399/399/399
f 213/213/213 550/550/550 1975/1975/1975
f 763/763/763 1563/1563/1563 493/493/493
f 1738/1738/1738 1546/1546/1546 999/999/999
f 1834/1834/1834 1221/1221/1221 2145/2145/2145
f 1651/1651/1651 1116/1116/1116 739/739/739
f 1647/1647/1647 910/910/910 809/809/809
f 1954/1954/1954 756/756/756 228/228/228
f 950/950/950 745/745/745 414/414/414
f 1933/1933/1933 545/545/545 158/158/158
f 1861/1861/1861 29/29/29 1342/1342/1342
f 1905/1905/1905 270/270/270 797/797/797
f 289/289/289 1797/1797/1797 1496/1496/1496
f 1387/1387/1387 946/946/946 1351/1351/1351
f 2045/2045/2045 1290/1290/1290 391/391/391
f 1474/1474/1474 1006/1006/1006 215/215/215
f 2097/2097/2097 1746/1746/1746 216/216/216
f 1386/1386/1386 970/970/970 987/987/987
f 1785/1785/1785 1040/1040/1040 1837/1837/1837
f 264/264/264 1332/1332/1332 1238/1238/1238
f 1956/1956/1956 1740/1740/1740 1109/1109/1109
f 1936/1936/1936 1591/1591/1591 386/386/386
f 1165/1165/1165 227/227/227 2113/2113/2113
f 2101/2101/2101 1807/1807/1807 1998/1998/1998
f 14/14/14 13/13/13 1947/1947/1947
f 1505/1505/1505 324/324/324 844/844/844
f 896/896/896 1837/1837/1837 1550/1550/1550
f 1881/1881/1881 1686/1686/1686 226/226/226
f 2020/2020/2020 296/296/296 652/652/652
f 612/612/612 1536/1536/1536 1453/1453/1453
f 211/211/211 1072/1072/1072 1734/1734/1734
f 1705/1705/1705 1390/1390/1390 1944/1944/1944
f 1412/1412/1412 452/452/452 912/912/912
f 876/876/876 783/783/783 2093/2093/2093
f 1261/1261/1261 6/6/6 2059/2059/2059
f 1569/1569/1569 967/967/967 1678/1678/1678
f 151/151/151 150/150/150 1622/1622/1622
f 1028/1028/1028 2058/2058/2058 2004/2004/2004
f 1808/1808/1808 955/955/955 820/820/820
f 1815/1815/1815 1207/1207/1207 683/683/683
f 1849/1849/1849 118/118/118 1974/1974/1974
f 1145/1145/1145 794/794/794 114/114/114
f 1277/1277/1277 1809/1809/1809 1344/1344/1344
f 1482/1482/1482 1474/1474/1474 215/215/215
f 560/560/560 243/243/243 1908/1908/1908
f 1240/1240/1240 103/103/103 188/188/188
f 2059/2059/2059 2123/2123/2123 429/429/429
f 1385/1385/1385 712/712/712 1384/1384/1384
f 887/887/887 1869/1869/1869 793/793/793
f 1857/1857/1857 327/327/327 568/568/568
f 730/730/730 1671/1671/1671 1640/1640/1640
f 1147/1147/1147 576/576/576 421/421/421
f 957/957/957 1235/1235/1235 1552/1552/1552
f 59/59/59 2097/2097/2097 60/60/60
f 1174/1174/1174 2053/2053/2053 1664/1664/1664
f 1451/1451/1451 497/497/497 355/355/355
f 1042/1042/1042 986/986/986 2118/2118/2118
f 1015/1015/1015 1650/1650/1650 1529/1529/1529
f 1270/1270/1270 1954/1954/1954 1674/1674/1674
f 1576/1576/1576 1299/1299/1299 1510/1510/1510
f 420/420/420 579/579/579 938/938/938
f 719/719/719 1874/1874/1874 1343/1343/1343
f 387/387/387 2113/2113/2113 405/405/405
f 2008/2008/2008 775/775/775 716/716/716
f 530/530/530 845/845/845 245/245/245
f 265/265/265 659/659/659 1052/1052/1052
f 1873/1873/1873 1659/1659/1659 1579/1579/1579
f 2069/2069/2069 323/323/323 1966/1966/1966
f 180/180/180 1868/1868/1868 1836/1836/1836
f 1856/1856/1856 1045/1045/1045 870/870/870
f 302/302/302 1054/1054/1054 771/771/771
f 667/667/667 1431/1431/1431 1074/1074/1074
f 230/230/230 812/812/812 884/884/884
f 1850/1850/1850 2123/2123/2123 163/163/163
f 464/464/464 1748/1748/1748 777/777/777
f 1478/1478/1478 493/493/493 765/765/765
f 216/216/216 61/61/61 60/60/60
f 1601/1601/1601 631/631/631 1774/1774/1774
f 629/629/629 624/624/624 2147/2147/2147
f 1249/1249/1249 382/382/382 501/501/501
f 1195/1195/1195 1038/1038/1038 172/172/172
f 1148/1148/1148 669/669/669 726/726/726
f 2154/2154/2154 1098/1098/1098 1789/1789/1789
f 1521/1521/1521 975/975/975 642/642/642
f 1982/1982/1982 1259/1259/1259 1398/1398/1398
f 1755/1755/1755 2000/2000/2000 376/376/376
f 827/827/827 400/400/400 1008/1008/1008
f 731/731/731 549/549/549 249/249/249
f 859/859/859 1913/1913/1913 1076/1076/1076
f 731/731/731 400/400/400 2022/2022/2022
f 952/952/952 1972/1972/1972 1821/1821/1821
f 1801/1801/1801 1701/1701/1701 1060/1060/1060
f 1098/1098/1098 1376/1376/1376 858/858/858
f 1286/1286/1286 1709/1709/1709 1502/1502/1502
f 1164/1164/1164 646/646/646 1845/1845/1845
f 1631/1631/1631 262/262/262 2131/2131/2131
f 803/803/803 499/499/499 902/902/902
f 1727/1727/1727 457/457/457 406/406/406
f 2062/2062/2062 774/774/774 1118/1118/1118
f 669/669/669 1148/1148/1148 393/393/393
f 261/261/261 2129/2129/2129 1290/1290/1290
f 1930/1930/1930 159/159/159 2033/2033/2033
f 1233/1233/1233 1708/1708/1708 1001/1001/1001
f 1316/1316/1316 1054/1054/1054 453/453/453
f 1340/1340/1340 1220/1220/1220 1020/1020/1020
f 923/923/923 932/932/932 1389/1389/1389
f 1330/1330/1330 335/335/335 1001/1001/1001
f 1708/1708/1708 1330/1330/1330 1001/1001/1001
f 1837/1837/1837 896/896/896 1785/1785/1785
f 1478/1478/1478 953/953/953 205/205/205
f 41/41/41 40/40/40 285/285/285
f 733/733/733 451/451/451 1975/1975/1975
f 453/453/453 671/671/671 248/248/248
f 1843/1843/1843 828/828/828 157/157/157
f 1613/1613/1613 550/550/550 1081/1081/1081
f 1922/1922/1922 647/647/647 872/872/872
f 187/187/187 1091/1091/1091 2076/2076/2076
f 445/445/445 1300/1300/1300 271/271/271
f 221/221/221 861/861/861 555/555/555
f 1655/1655/1655 628/628/628 1155/1155/1155
f 594/594/594 47/47/47 46/46/46
f 1476/1476/1476 1309/1309/1309 855/855/855
f 715/715/715 1505/1505/1505 849/849/849
f 909/909/909 700/700/700 2066/2066/2066
f 357/357/357 660/660/660 694/694/694
f 614/614/614 181/181/181 1555/1555/1555
f 1716/1716/1716 1632/1632/1632 527/527/527
f 2086/2086/2086 848/848/848 2068/2068/2068
f 586/586/586 1233/1233/1233 1001/1001/1001
f 541/541/541 1867/1867/1867 1245/1245/1245
f 2000/2000/2000 426/426/426 1122/1122/1122
f 1533/1533/1533 880/880/880 1763/1763/1763
f 698/698/698 1450/1450/1450 204/204/204
f 1517/1517/1517 1726/1726/1726 1984/1984/1984
f 1631/1631/1631 862/862/862 1929/1929/1929
f 483/483/483 1736/1736/1736 611/611/611
f 1575/1575/1575 1374/1374/1374 1349/1349/1349
f 2153/2153/2153 2081/2081/2081 1287/1287/1287
f 1034/1034/1034 1913/1913/1913 859/859/859
f 1401/1401/1401 1884/1884/1884 307/307/307
f 1425/1425/1425 273/273/273 1113/1113/1113
f 500/500/500 1574/1574/1574 2148/2148/2148
f 2122/2122/2122 450/450/450 1645/1645/1645
f 1779/1779/1779 281/281/281 720/720/720
f 2060/2060/2060 1506/1506/1506 1737/1737/1737
f 1548/1548/1548 1027/1027/1027 344/344/344
f 1586/1586/1586 221/221/221 555/555/555
f 904/904/904 889/889/889 272/272/272
f 188/188/188 1753/1753/1753 1495/1495/1495
f 1337/1337/1337 1305/1305/1305 1577/1577/1577
f 1668/1668/1668 856/856/856 597/597/597
f 2007/2007/2007 1093/1093/1093 2054/2054/2054
f 932/932/932 1620/1620/1620 301/301/301
f 1656/1656/1656 1124/1124/1124 1441/1441/1441
f 1531/1531/1531 522/522/522 2023/2023/2023
f 1734/1734/1734 1072/1072/1072 1633/1633/1633
f 1601/1601/1601 1093/1093/1093 1564/1564/1564
f 1390/1390/1390 1809/1809/1809 1920/1920/1920
f 2022/2022/2022 400/400/400 1981/1981/1981
f 1219/1219/1219 1598/1598/1598 225/225/225
f 345/345/345 402/402/402 1244/1244/1244
f 1742/1742/1742 433/433/433 1329/1329/1329
f 947/947/947 965/965/965 838/838/838
f 617/617/617 2042/2042/2042 1622/1622/1622
f 1738/1738/1738 498/498/498 142/142/142
f 752/752/752 1594/1594/1594 1225/1225/1225
f 936/936/936 2098/2098/2098 566/566/566
f 1381/1381/1381 1266/1266/1266 1673/1673/1673
f 882/882/882 747/747/747 1657/1657/1657
f 1238/1238/1238 495/495/495 354/354/354
f 2028/2028/2028 1731/1731/1731 395/395/395
f 855/855/855 2035/2035/2035 1476/1476/1476
f 400/400/400 731/731/731 1008/1008/1008
f 1932/1932/1932 176/176/176 1815/1815/1815
f 20/20/20 19/19/19 1653/1653/1653
f 1124/1124/1124 1656/1656/1656 1550/1550/1550
f 1641/1641/1641 361/361/361 1366/1366/1366
f 980/980/980 1387/1387/1387 1351/1351/1351
f 2080/2080/2080 2079/2079/2079 835/835/835
f 1334/1334/1334 1790/1790/1790 543/543/543
f 1267/1267/1267 641/641/641 619/619/619
f 197/197/197 2140/2140/2140 238/238/238
f 304/304/304 754/754/754 619/619/619
f 1634/1634/1634 1480/1480/1480 331/331/331
f 1435/1435/1435 1346/1346/1346 784/784/784
f 2112/2112/2112 1017/1017/1017 1225/1225/1225
f 276/276/276 1716/1716/1716 2126/2126/2126
f 1234/1234/1234 2031/2031/2031 569/569/569
f 1384/1384/1384 712/712/712 1207/1207/1207
f 1382/1382/1382 144/144/144 1314/1314/1314
f 717/717/717 1651/1651/1651 739/739/739
f 1754/1754/1754 743/743/743 1095/1095/1095
f 2133/2133/2133 499/499/499 803/803/803
f 548/548/548 2019/2019/2019 1970/1970/1970
f 900/900/900 941/941/941 908/908/908
f 447/447/447 1511/1511/1511 704/704/704
f 2147/2147/2147 1587/1587/1587 1900/1900/1900
f 994/994/994 1769/1769/1769 286/286/286
f 130/130/130 1658/1658/1658 131/131/131
f 704/704/704 263/263/263 1456/1456/1456
f 598/598/598 2011/2011/2011 176/176/176
f 1780/1780/1780 1033/1033/1033 1714/1714/1714
f 1177/1177/1177 790/790/790 1159/1159/1159
f 2111/2111/2111 2032/2032/2032 1420/1420/1420
f 1096/1096/1096 2073/2073/2073 545/545/545
f 1465/1465/1465 1012/1012/1012 1958/1958/1958
f 1667/1667/1667 1100/1100/1100 1541/1541/1541
f 1469/1469/1469 576/576/576 1147/1147/1147
f 1800/1800/1800 385/385/385 1731/1731/1731
f 443/443/443 1605/1605/1605 1457/1457/1457
f 921/921/921 116/116/116 115/115/115
f 1560/1560/1560 1043/1043/1043 1106/1106/1106
f 2138/2138/2138 1969/1969/1969 2053/2053/2053
f 1769/1769/1769 389/389/389 913/913/913
f 1399/1399/1399 1020/1020/1020 654/654/654
f 538/538/538 1368/1368/1368 514/514/514
f 1224/1224/1224 1409/1409/1409 1680/1680/1680
f 822/822/822 1129/1129/1129 238/238/238
f 2102/2102/2102 134/134/134 133/133/133
f 1602/1602/1602 135/135/135 134/134/134
f 483/483/483 717/717/717 760/760/760
f 1519/1519/1519 923/923/923 1082/1082/1082
f 1422/1422/1422 945/945/945 140/140/140
f 1556/1556/1556 310/310/310 416/416/416
f 1754/1754/1754 881/881/881 808/808/808
f 1914/1914/1914 1055/1055/1055 307/307/307
f 1137/1137/1137 1668/1668/1668 981/981/981
f 89/89/89 376/376/376 90/90/90
f 1181/1181/1181 491/491/491 463/463/463
f 1470/1470/1470 435/435/435 439/439/439
f 1305/1305/1305 1910/1910/1910 1577/1577/1577
f 509/509/509 1627/1627/1627 2082/2082/2082
f 209/209/209 517/517/517 515/515/515
f 1638/1638/1638 503/503/503 1876/1876/1876
f 2085/2085/2085 469/469/469 2067/2067/2067
f 2142/2142/2142 761/761/761 1174/1174/1174
f 1696/1696/1696 1562/1562/1562 1271/1271/1271
f 2010/2010/2010 1412/1412/1412 1878/1878/1878
f 1898/1898/1898 1820/1820/1820 408/408/408
f 678/678/678 1677/1677/1677 673/673/673
f 1825/1825/1825 69/69/69 68/68/68
f 1380/1380/1380 589/589/589 699/699/699
f 2152/2152/2152 853/853/853 22/22/22
f 1852/1852/1852 1247/1247/1247 479/479/479
f 1706/1706/1706 368/368/368 1035/1035/1035
f 1798/1798/1798 165/165/165 1400/1400/1400
f 1573/1573/1573 207/207/207 1220/1220/1220
f 2006/2006/2006 2050/2050/2050 48/48/48
f 1417/1417/1417 971/971/971 1023/1023/1023
f 235/235/235 720/720/720 1026/1026/1026
f 1426/1426/1426 985/985/985 833/833/833
f 971/971/971 235/235/235 1281/1281/1281
f 2029/2029/2029 1150/1150/1150 1036/1036/1036
f 1546/1546/1546 945/945/945 1303/1303/1303
f 1762/1762/1762 1604/1604/1604 181/181/181
f 925/925/925 1635/1635/1635 335/335/335
f 175/175/175 497/497/497 1451/1451/1451
f 870/870/870 253/253/253 1856/1856/1856
f 1575/1575/1575 1349/1349/1349 487/487/487
f 375/375/375 1523/1523/1523 101/101/101
f 844/844/844 1013/1013/1013 1515/1515/1515
f 2114/2114/2114 1689/1689/1689 1918/1918/1918
f 1629/1629/1629 31/31/31 1231/1231/1231
f 776/776/776 1444/1444/1444 1188/1188/1188
f 421/421/421 2132/2132/2132 1147/1147/1147
f 1157/1157/1157 328/328/328 778/778/778
f 2080/2080/2080 627/627/627 2079/2079/2079
f 1593/1593/1593 1241/1241/1241 1338/1338/1338
f 167/167/167 1830/1830/1830 539/539/539
f 1746/1746/1746 1039/1039/1039 952/952/952
f 1787/1787/1787 1338/1338/1338 1241/1241/1241
f 1990/1990/1990 1483/1483/1483 792/792/792
f 1568/1568/1568 211/211/211 919/919/919
f 438/438/438 2007/2007/2007 403/403/403
f 914/914/914 420/420/420 547/547/547
f 1316/1316/1316 397/397/397 241/241/241
f 1493/1493/1493 1702/1702/1702 1002/1002/1002
f 737/737/737 2044/2044/2044 418/418/418
f 27/27/27 1497/1497/1497 369/369/369
f 878/878/878 1797/1797/1797 325/325/325
f 1866/1866/1866 252/252/252 1855/1855/1855
f 1097/1097/1097 910/910/910 2151/2151/2151
f 1864/1864/1864 1447/1447/1447 1365/1365/1365
f 1600/1600/1600 1321/1321/1321 1527/1527/1527
f 1961/1961/1961 582/582/582 1997/1997/1997
f 1405/1405/1405 584/584/584 607/607/607
f 1467/1467/1467 2053/2053/2053 761/761/761
f 1733/1733/1733 1117/1117/1117 349/349/349
f 1327/1327/1327 2149/2149/2149 184/184/184
f 1115/1115/1115 1035/1035/1035 368/368/368
f 1049/1049/1049 925/925/925 974/974/974
f 1418/1418/1418 1939/1939/1939 1315/1315/1315
f 1063/1063/1063 948/948/948 403/403/403
f 1416/1416/1416 1213/1213/1213 801/801/801
f 355/355/355 2133/2133/2133 1454/1454/1454
f 1756/1756/1756 1279/1279/1279 1408/1408/1408
f 273/273/273 1425/1425/1425 407/407/407
f 1223/1223/1223 1294/1294/1294 718/718/718
f 766/766/766 1959/1959/1959 474/474/474
f 2054/2054/2054 1774/1774/1774 1364/1364/1364
f 1775/1775/1775 2084/2084/2084 1060/1060/1060
f 1460/1460/1460 1923/1923/1923 2012/2012/2012
f 895/895/895 613/613/613 655/655/655
f 925/925/925 978/978/978 1635/1635/1635
f 1775/1775/1775 1060/1060/1060 596/596/596
f 1879/1879/1879 172/172/172 1951/1951/1951
f 1104/1104/1104 287/287/287 730/730/730
f 106/106/106 1296/1296/1296 107/107/107
f 865/865/865 1429/1429/1429 565/565/565
f 840/840/840 1909/1909/1909 1580/1580/1580
f 630/630/630 2082/2082/2082 835/835/835
f 2140/2140/2140 575/575/575 238/238/238
f 1861/1861/1861 1876/1876/1876 503/503/503
f 2060/2060/2060 1685/1685/1685 1444/1444/1444
f 2098/2098/2098 1544/1544/1544 1682/1682/1682
f 643/643/643 1413/1413/1413 1085/1085/1085
f 2002/2002/2002 1968/1968/1968 1919/1919/1919
f 1912/1912/1912 676/676/676 1555/1555/1555
f 1807/1807/1807 1301/1301/1301 1368/1368/1368
f 1864/1864/1864 320/320/320 234/234/234
f 1725/1725/1725 726/726/726 309/309/309
f 1753/1753/1753 1523/1523/1523 1495/1495/1495
f 722/722/722 1103/1103/1103 990/990/990
f 551/551/551 445/445/445 995/995/995
f 98/98/98 843/843/843 99/99/99
f 709/709/709 1712/1712/1712 1741/1741/1741
f 1530/1530/1530 1648/1648/1648 2125/2125/2125
f 255/255/255 1592/1592/1592 1395/1395/1395
f 305/305/305 585/585/585 737/737/737
f 1334/1334/1334 1578/1578/1578 841/841/841
f 1269/1269/1269 486/486/486 175/175/175
f 355/355/355 1418/1418/1418 1315/1315/1315
f 623/623/623 1383/1383/1383 1862/1862/1862
f 96/96/96 2089/2089/2089 1791/1791/1791
f 389/389/389 567/567/567 356/356/356
f 789/789/789 1552/1552/1552 749/749/749
f 1514/1514/1514 872/872/872 805/805/805
f 604/604/604 1265/1265/1265 1070/1070/1070
f 39/39/39 2139/2139/2139 1737/1737/1737
f 885/885/885 1442/1442/1442 1227/1227/1227
f 449/449/449 1720/1720/1720 266/266/266
f 1334/1334/1334 841/841/841 2047/2047/2047
f 2010/2010/2010 374/374/374 866/866/866
f 703/703/703 1925/1925/1925 1806/1806/1806
f 1249/1249/1249 501/501/501 733/733/733
f 2028/2028/2028 1317/1317/1317 1935/1935/1935
f 540/540/540 648/648/648 664/664/664
f 780/780/780 435/435/435 1470/1470/1470
f 515/515/515 24/24/24 23/23/23
f 1453/1453/1453 805/805/805 168/168/168
f 1724/1724/1724 911/911/911 300/300/300
f 1446/1446/1446 1232/1232/1232 231/231/231
f 1868/1868/1868 1003/1003/1003 1554/1554/1554
f 1472/1472/1472 245/245/245 2064/2064/2064
f 1171/1171/1171 898/898/898 1916/1916/1916
f 876/876/876 1433/1433/1433 912/912/912
f 1429/1429/1429 958/958/958 1482/1482/1482
f 1723/1723/1723 565/565/565 1429/1429/1429
f 94/94/94 93/93/93 2124/2124/2124
f 933/933/933 1203/1203/1203 526/526/526
f 1615/1615/1615 321/321/321 826/826/826
f 1745/1745/1745 229/229/229 1163/1163/1163
f 1571/1571/1571 1520/1520/1520 2136/2136/2136
f 2040/2040/2040 1803/1803/1803 675/675/675
f 550/550/550 1613/1613/1613 759/759/759
f 443/443/443 2005/2005/2005 500/500/500
f 1789/1789/1789 1258/1258/1258 2154/2154/2154
f 1871/1871/1871 1421/1421/1421 1339/1339/1339
f 402/402/402 867/867/867 346/346/346
f 2118/2118/2118 986/986/986 1466/1466/1466
f 2140/2140/2140 1025/1025/1025 1606/1606/1606
f 321/321/321 1615/1615/1615 1490/1490/1490
f 1861/1861/1861 503/503/503 645/645/645
f 1975/1975/1975 451/451/451 1506/1506/1506
f 292/292/292 1981/1981/1981 606/606/606
f 1033/1033/1033 147/147/147 339/339/339
f 979/979/979 955/955/955 1040/1040/1040
f 1207/1207/1207 712/712/712 1055/1055/1055
f 986/986/986 875/875/875 126/126/126
f 1751/1751/1751 1229/1229/1229 991/991/991
f 1031/1031/1031 563/563/563 603/603/603
f 653/653/653 1292/1292/1292 580/580/580
f 1524/1524/1524 537/537/537 1143/1143/1143
f 1854/1854/1854 969/969/969 368/368/368
f 1407/1407/1407 989/989/989 1029/1029/1029
f 226/226/226 325/325/325 289/289/289
f 391/391/391 1053/1053/1053 511/511/511
f 1728/1728/1728 1432/1432/1432 1571/1571/1571
f 49/49/49 2050/2050/2050 1153/1153/1153
f 1155/1155/1155 2146/2146/2146 556/556/556
f 1760/1760/1760 728/728/728 884/884/884
f 199/199/199 1487/1487/1487 728/728/728
f 981/981/981 72/72/72 71/71/71
f 1612/1612/1612 1096/1096/1096 254/254/254
f 148/148/148 1532/1532/1532 149/149/149
f 947/947/947 146/146/146 965/965/965
f 968/968/968 208/208/208 1588/1588/1588
f 990/990/990 764/764/764 229/229/229
f 1349/1349/1349 1142/1142/1142 487/487/487
f 341/341/341 1570/1570/1570 1521/1521/1521
f 690/690/690 1817/1817/1817 800/800/800
f 489/489/489 1107/1107/1107 2128/2128/2128
f 2010/2010/2010 284/284/284 1412/1412/1412
f 1376/1376/1376 1349/1349/1349 1374/1374/1374
f 402/402/402 1466/1466/1466 1244/1244/1244
f 1498/1498/1498 1224/1224/1224 1940/1940/1940
f 1076/1076/1076 324/324/324 859/859/859
f 1602/1602/1602 250/250/250 135/135/135
f 758/758/758 1781/1781/1781 966/966/966
f 1577/1577/1577 1239/1239/1239 1337/1337/1337
f 225/225/225 1598/1598/1598 1293/1293/1293
f 1198/1198/1198 416/416/416 811/811/811
f 2092/2092/2092 1890/1890/1890 419/419/419
f 1989/1989/1989 1680/1680/1680 1679/1679/1679
f 427/427/427 1720/1720/1720 1125/1125/1125
f 1635/1635/1635 1125/1125/1125 460/460/460
f 687/687/687 2083/2083/2083 671/671/671
f 1112/1112/1112 687/687/687 755/755/755
f 292/292/292 1780/1780/1780 299/299/299
f 1947/1947/1947 13/13/13 166/166/166
f 807/807/807 1673/1673/1673 1799/1799/1799
f 1072/1072/1072 1664/1664/1664 1633/1633/1633
f 257/257/257 600/600/600 1034/1034/1034
f 1899/1899/1899 777/777/777 1748/1748/1748
f 1294/1294/1294 1265/1265/1265 718/718/718
f 1621/1621/1621 1718/1718/1718 1962/1962/1962
f 1211/1211/1211 545/545/545 1486/1486/1486
f 2124/2124/2124 93/93/93 1120/1120/1120
f 1520/1520/1520 1432/1432/1432 621/621/621
f 969/969/969 1348/1348/1348 303/303/303
f 2018/2018/2018 1240/1240/1240 281/281/281
f 590/590/590 764/764/764 754/754/754
f 1909/1909/1909 236/236/236 1654/1654/1654
f 1561/1561/1561 996/996/996 615/615/615
f 1971/1971/1971 139/139/139 1304/1304/1304
f 1138/1138/1138 131/131/131 1074/1074/1074
f 178/178/178 2136/2136/2136 1373/1373/1373
f 2012/2012/2012 365/365/365 1986/1986/1986
f 1432/1432/1432 1400/1400/1400 621/621/621
f 1958/1958/1958 396/396/396 1908/1908/1908
f 475/475/475 110/110/110 109/109/109
f 794/794/794 1742/1742/1742 1329/1329/1329
f 635/635/635 1484/1484/1484 1118/1118/1118
f 748/748/748 2122/2122/2122 1000/1000/1000
f 409/409/409 915/915/915 793/793/793
f 943/943/943 1590/1590/1590 935/935/935
f 564/564/564 1963/1963/1963 1070/1070/1070
f 1796/1796/1796 1321/1321/1321 1600/1600/1600
f 1503/1503/1503 326/326/326 1393/1393/1393
f 76/76/76 1459/1459/1459 1937/1937/1937
f 1828/1828/1828 1559/1559/1559 1646/1646/1646
f 2150/2150/2150 1234/1234/1234 167/167/167
f 2000/2000/2000 834/834/834 426/426/426
f 601/601/601 1142/1142/1142 1349/1349/1349
f 391/391/391 1768/1768/1768 997/997/997
f 1582/1582/1582 498/498/498 1738/1738/1738
f 1242/1242/1242 1468/1468/1468 1365/1365/1365
f 2054/2054/2054 403/403/403 2007/2007/2007
f 719/719/719 1078/1078/1078 288/288/288
f 1060/1060/1060 2084/2084/2084 1193/1193/1193
f 2005/2005/2005 1407/1407/1407 500/500/500
f 1169/1169/1169 1626/1626/1626 1176/1176/1176
f 73/73/73 72/72/72 597/597/597
f 2003/2003/2003 1191/1191/1191 1369/1369/1369
f 428/428/428 976/976/976 772/772/772
f 507/507/507 940/940/940 1725/1725/1725
f 1440/1440/1440 1335/1335/1335 1186/1186/1186
f 1200/1200/1200 2088/2088/2088 446/446/446
f 747/747/747 1964/1964/1964 1245/1245/1245
f 918/918/918 459/459/459 282/282/282
f 1158/1158/1158 366/366/366 155/155/155
f 1781/1781/1781 118/118/118 117/117/117
f 817/817/817 978/978/978 964/964/964
f 1637/1637/1637 1555/1555/1555 676/676/676
f 2019/2019/2019 386/386/386 1591/1591/1591
f 1828/1828/1828 480/480/480 1610/1610/1610
f 1901/1901/1901 1731/1731/1731 399/399/399
f 759/759/759 1975/1975/1975 550/550/550
f 1639/1639/1639 1337/1337/1337 1239/1239/1239
f 195/195/195 2056/2056/2056 644/644/644
f 302/302/302 377/377/377 1388/1388/1388
f 2083/2083/2083 1112/1112/1112 1469/1469/1469
f 1049/1049/1049 1607/1607/1607 649/649/649
f 828/828/828 470/470/470 920/920/920
f 2043/2043/2043 495/495/495 1332/1332/1332
f 1263/1263/1263 1750/1750/1750 1983/1983/1983
f 2115/2115/2115 1084/1084/1084 1519/1519/1519
f 23/23/23 209/209/209 515/515/515
f 1906/1906/1906 1006/1006/1006 842/842/842
f 1542/1542/1542 1498/1498/1498 771/771/771
f 1222/1222/1222 1042/1042/1042 1047/1047/1047
f 977/977/977 841/841/841 1578/1578/1578
f 388/388/388 959/959/959 516/516/516
f 1044/1044/1044 604/604/604 839/839/839
f 1448/1448/1448 1792/1792/1792 1607/1607/1607
f 1520/1520/1520 1571/1571/1571 1432/1432/1432
f 1358/1358/1358 1988/1988/1988 1907/1907/1907
f 378/378/378 1326/1326/1326 280/280/280
f 1773/1773/1773 1952/1952/1952 1408/1408/1408
f 613/613/613 200/200/200 874/874/874
f 1486/1486/1486 2032/2032/2032 1211/1211/1211
f 1591/1591/1591 476/476/476 2019/2019/2019
f 136/136/136 1535/1535/1535 700/700/700
f 454/454/454 261/261/261 562/562/562
f 1941/1941/1941 69/69/69 1825/1825/1825
f 1857/1857/1857 680/680/680 327/327/327
f 1776/1776/1776 559/559/559 353/353/353
f 207/207/207 697/697/697 1020/1020/1020
f 156/156/156 1732/1732/1732 1218/1218/1218
f 1492/1492/1492 2016/2016/2016 1645/1645/1645
f 1358/1358/1358 1285/1285/1285 1159/1159/1159
f 874/874/874 655/655/655 613/613/613
f 1892/1892/1892 1242/1242/1242 245/245/245
f 247/247/247 862/862/862 174/174/174
f 1804/1804/1804 609/609/609 1772/1772/1772
f 1618/1618/1618 1456/1456/1456 1504/1504/1504
f 878/878/878 1223/1223/1223 1024/1024/1024
f 1079/1079/1079 1067/1067/1067 1167/1167/1167
f 1714/1714/1714 1437/1437/1437 658/658/658
f 1582/1582/1582 999/999/999 472/472/472
f 2096/2096/2096 527/527/527 286/286/286
f 407/407/407 1452/1452/1452 1900/1900/1900
f 474/474/474 1959/1959/1959 761/761/761
f 365/365/365 719/719/719 288/288/288
f 2079/2079/2079 542/542/542 835/835/835
f 1394/1394/1394 1126/1126/1126 1056/1056/1056
f 780/780/780 1470/1470/1470 790/790/790
f 379/379/379 1073/1073/1073 1311/1311/1311
f 560/560/560 1190/1190/1190 933/933/933
f 1832/1832/1832 666/666/666 1721/1721/1721
f 1326/1326/1326 446/446/446 481/481/481
f 2109/2109/2109 1045/1045/1045 1463/1463/1463
f 1351/1351/1351 1691/1691/1691 1107/1107/1107
f 1872/1872/1872 1855/1855/1855 252/252/252
f 762/762/762 1683/1683/1683 2150/2150/2150
f 1991/1991/1991 1694/1694/1694 258/258/258
f 1555/1555/1555 2043/2043/2043 614/614/614
f 978/978/978 1064/1064/1064 964/964/964
f 2046/2046/2046 526/526/526 1203/1203/1203
f 1000/1000/1000 823/823/823 727/727/727
f 1510/1510/1510 1299/1299/1299 1069/1069/1069
f 2116/2116/2116 1284/1284/1284 222/222/222
f 1561/1561/1561 1423/1423/1423 5/5/5
f 183/183/183 617/617/617 1008/1008/1008
f 2026/2026/2026 627/627/627 1627/1627/1627
f 338/338/338 485/485/485 1023/1023/1023
f 393/393/393 803/803/803 902/902/902
f 544/544/544 582/582/582 819/819/819
f 581/581/581 2089/2089/2089 95/95/95
f 1376/1376/1376 1098/1098/1098 1256/1256/1256
f 745/745/745 1841/1841/1841 1955/1955/1955
f 2090/2090/2090 1492/1492/1492 450/450/450
f 1888/1888/1888 1007/1007/1007 329/329/329
f 1497/1497/1497 1611/1611/1611 1274/1274/1274
f 340/340/340 710/710/710 1448/1448/1448
f 1440/1440/1440 1199/1199/1199 1335/1335/1335
f 1863/1863/1863 864/864/864 1195/1195/1195
f 1557/1557/1557 1889/1889/1889 864/864/864
f 703/703/703 1806/1806/1806 685/685/685
f 1824/1824/1824 1698/1698/1698 744/744/744
f 1563/1563/1563 765/765/765 493/493/493
f 140/140/140 139/139/139 1422/1422/1422
f 2108/2108/2108 573/573/573 838/838/838
f 945/945/945 141/141/141 140/140/140
f 511/511/511 944/944/944 1768/1768/1768
f 1637/1637/1637 676/676/676 588/588/588
f 1873/1873/1873 1750/1750/1750 1263/1263/1263
f 161/161/161 246/246/246 297/297/297
f 203/203/203 1121/1121/1121 590/590/590
f 420/420/420 888/888/888 1101/1101/1101
f 1304/1304/1304 138/138/138 214/214/214
f 257/257/257 2044/2044/2044 737/737/737
f 1831/1831/1831 1747/1747/1747 1196/1196/1196
f 1696/1696/1696 666/666/666 411/411/411
f 1566/1566/1566 1065/1065/1065 273/273/273
f 2120/2120/2120 805/805/805 1453/1453/1453
f 218/218/218 741/741/741 583/583/583
f 1247/1247/1247 1852/1852/1852 787/787/787
f 285/285/285 268/268/268 451/451/451
f 1996/1996/1996 500/500/500 1407/1407/1407
f 1611/1611/1611 1522/1522/1522 1536/1536/1536
f 1342/1342/1342 369/369/369 1262/1262/1262
f 1957/1957/1957 1652/1652/1652 1215/1215/1215
f 955/955/955 2004/2004/2004 820/820/820
f 1094/1094/1094 1710/1710/1710 871/871/871
f 2006/2006/2006 1595/1595/1595 554/554/554
f 1428/1428/1428 1101/1101/1101 888/888/888
f 826/826/826 321/321/321 1129/1129/1129
f 373/373/373 670/670/670 902/902/902
f 675/675/675 1908/1908/1908 396/396/396
f 577/577/577 364/364/364 903/903/903
f 99/99/99 843/843/843 709/709/709
f 937/937/937 346/346/346 1529/1529/1529
f 1671/1671/1671 627/627/627 1640/1640/1640
f 1200/1200/1200 1798/1798/1798 1728/1728/1728
f 1200/1200/1200 446/446/446 1037/1037/1037
f 2071/2071/2071 725/725/725 2033/2033/2033
f 1681/1681/1681 1930/1930/1930 1748/1748/1748
f 491/491/491 2094/2094/2094 1022/1022/1022
f 1755/1755/1755 376/376/376 89/89/89
f 230/230/230 1379/1379/1379 1009/1009/1009
f 1616/1616/1616 153/153/153 152/152/152
f 2126/2126/2126 1048/1048/1048 276/276/276
f 1852/1852/1852 1514/1514/1514 886/886/886
f 1274/1274/1274 734/734/734 691/691/691
f 1881/1881/1881 1724/1724/1724 1686/1686/1686
f 611/611/611 1736/1736/1736 1284/1284/1284
f 1391/1391/1391 1884/1884/1884 424/424/424
f 657/657/657 1387/1387/1387 980/980/980
f 1998/1998/1998 1807/1807/1807 1083/1083/1083
f 198/198/198 2047/2047/2047 398/398/398
f 875/875/875 2132/2132/2132 127/127/127
f 940/940/940 488/488/488 675/675/675
f 1908/1908/1908 1190/1190/1190 560/560/560
f 454/454/454 553/553/553 2129/2129/2129
f 600/600/600 274/274/274 917/917/917
f 1562/1562/1562 525/525/525 1271/1271/1271
f 368/368/368 969/969/969 303/303/303
f 1954/1954/1954 829/829/829 1674/1674/1674
f 2009/2009/2009 536/536/536 1019/1019/1019
f 2095/2095/2095 627/627/627 2026/2026/2026
f 1313/1313/1313 1761/1761/1761 1565/1565/1565
f 1512/1512/1512 1156/1156/1156 1370/1370/1370
f 171/171/171 538/538/538 182/182/182
f 2105/2105/2105 783/783/783 1087/1087/1087
f 746/746/746 203/203/203 304/304/304
f 1022/1022/1022 1846/1846/1846 314/314/314
f 1045/1045/1045 1811/1811/1811 1463/1463/1463
f 1413/1413/1413 306/306/306 1178/1178/1178
f 2147/2147/2147 1771/1771/1771 629/629/629
f 86/86/86 1434/1434/1434 796/796/796
f 1684/1684/1684 1099/1099/1099 1071/1071/1071
f 2082/2082/2082 2080/2080/2080 835/835/835
f 2134/2134/2134 1719/1719/1719 826/826/826
f 185/185/185 1845/1845/1845 1131/1131/1131
f 1657/1657/1657 830/830/830 882/882/882
f 1784/1784/1784 1333/1333/1333 1758/1758/1758
f 1510/1510/1510 1389/1389/1389 1308/1308/1308
f 1944/1944/1944 1920/1920/1920 1472/1472/1472
f 220/220/220 391/391/391 997/997/997
f 203/203/203 590/590/590 304/304/304
f 279/279/279 1410/1410/1410 2039/2039/2039
f 1977/1977/1977 114/114/114 794/794/794
f 475/475/475 2014/2014/2014 1307/1307/1307
f 1365/1365/1365 1468/1468/1468 291/291/291
f 1571/1571/1571 178/178/178 929/929/929
f 1292/1292/1292 362/362/362 1805/1805/1805
f 1019/1019/1019 1003/1003/1003 1868/1868/1868
f 1146/1146/1146 486/486/486 1339/1339/1339
f 477/477/477 1254/1254/1254 1170/1170/1170
f 847/847/847 168/168/168 647/647/647
f 697/697/697 207/207/207 538/538/538
f 1380/1380/1380 1923/1923/1923 431/431/431
f 2138/2138/2138 1540/1540/1540 1969/1969/1969
f 767/767/767 177/177/177 480/480/480
f 2046/2046/2046 701/701/701 526/526/526
f 1519/1519/1519 1424/1424/1424 961/961/961
f 1983/1983/1983 672/672/672 659/659/659
f 1015/1015/1015 638/638/638 988/988/988
f 284/284/284 1840/1840/1840 1128/1128/1128
f 1047/1047/1047 1987/1987/1987 458/458/458
f 1650/1650/1650 1462/1462/1462 1606/1606/1606
f 1997/1997/1997 1558/1558/1558 1428/1428/1428
f 870/870/870 191/191/191 721/721/721
f 751/751/751 1976/1976/1976 1838/1838/1838
f 95/95/95 94/94/94 581/581/581
f 1761/1761/1761 1313/1313/1313 822/822/822
f 1064/1064/1064 649/649/649 637/637/637
f 427/427/427 698/698/698 1410/1410/1410
f 1585/1585/1585 1272/1272/1272 262/262/262
f 437/437/437 901/901/901 935/935/935
f 1740/1740/1740 1218/1218/1218 723/723/723
f 1255/1255/1255 2022/2022/2022 1981/1981/1981
f 484/484/484 1295/1295/1295 294/294/294
f 742/742/742 1360/1360/1360 1027/1027/1027
f 1032/1032/1032 1018/1018/1018 989/989/989
f 992/992/992 1593/1593/1593 1338/1338/1338
f 1565/1565/1565 1471/1471/1471 711/711/711
f 435/435/435 1630/1630/1630 439/439/439
f 1194/1194/1194 2130/2130/2130 2024/2024/2024
f 1268/1268/1268 1182/1182/1182 1223/1223/1223
f 1777/1777/1777 206/206/206 1345/1345/1345
f 1476/1476/1476 2035/2035/2035 1485/1485/1485
f 1032/1032/1032 1935/1935/1935 1317/1317/1317
f 1587/1587/1587 1108/1108/1108 1566/1566/1566
f 625/625/625 707/707/707 807/807/807
f 227/227/227 1764/1764/1764 1298/1298/1298
f 2009/2009/2009 423/423/423 620/620/620
f 689/689/689 1986/1986/1986 288/288/288
f 1889/1889/1889 1810/1810/1810 1130/1130/1130
f 517/517/517 1278/1278/1278 489/489/489
f 1764/1764/1764 1641/1641/1641 1298/1298/1298
f 1647/1647/1647 1372/1372/1372 570/570/570
f 569/569/569 1030/1030/1030 1048/1048/1048
f 392/392/392 895/895/895 679/679/679
f 1649/1649/1649 873/873/873 383/383/383
f 375/375/375 101/101/101 100/100/100
f 1878/1878/1878 1433/1433/1433 384/384/384
f 1795/1795/1795 917/917/917 1700/1700/1700
f 1795/1795/1795 1345/1345/1345 206/206/206
f 716/716/716 775/775/775 756/756/756
f 211/211/211 1733/1733/1733 1072/1072/1072
f 1875/1875/1875 1219/1219/1219 459/459/459
f 1767/1767/1767 639/639/639 1347/1347/1347
f 2116/2116/2116 541/541/541 1245/1245/1245
f 564/564/564 1318/1318/1318 1067/1067/1067
f 1134/1134/1134 1494/1494/1494 1386/1386/1386
f 1263/1263/1263 246/246/246 161/161/161
f 2098/2098/2098 1682/1682/1682 1500/1500/1500
f 1581/1581/1581 2091/2091/2091 970/970/970
f 788/788/788 326/326/326 1503/1503/1503
f 1130/1130/1130 1066/1066/1066 682/682/682
f 62/62/62 1661/1661/1661 251/251/251
f 1494/1494/1494 1134/1134/1134 913/913/913
f 1048/1048/1048 2126/2126/2126 1833/1833/1833
f 1452/1452/1452 407/407/407 466/466/466
f 1110/1110/1110 2143/2143/2143 2061/2061/2061
f 239/239/239 473/473/473 56/56/56
f 1648/1648/1648 1250/1250/1250 192/192/192
f 1135/1135/1135 2076/2076/2076 468/468/468
f 1295/1295/1295 484/484/484 617/617/617
f 183/183/183 1008/1008/1008 249/249/249
f 158/158/158 751/751/751 1838/1838/1838
f 1711/1711/1711 1862/1862/1862 341/341/341
f 1578/1578/1578 529/529/529 937/937/937
f 346/346/346 2118/2118/2118 402/402/402
f 2144/2144/2144 415/415/415 345/345/345
f 518/518/518 397/397/397 248/248/248
f 1420/1420/1420 92/92/92 91/91/91
f 924/924/924 1439/1439/1439 1132/1132/1132
f 1697/1697/1697 572/572/572 895/895/895
f 499/499/499 746/746/746 373/373/373
f 1603/1603/1603 378/378/378 280/280/280
f 705/705/705 304/304/304 619/619/619
f 1942/1942/1942 467/467/467 928/928/928
f 474/474/474 403/403/403 948/948/948
f 1420/1420/1420 1154/1154/1154 92/92/92
f 1091/1091/1091 960/960/960 364/364/364
f 266/266/266 1720/1720/1720 279/279/279
f 801/801/801 1992/1992/1992 540/540/540
f 1822/1822/1822 1685/1685/1685 742/742/742
f 647/647/647 168/168/168 872/872/872
f 377/377/377 1940/1940/1940 1609/1609/1609
f 1916/1916/1916 898/898/898 1102/1102/1102
f 704/704/704 1406/1406/1406 1802/1802/1802
f 609/609/609 1345/1345/1345 1772/1772/1772
f 974/974/974 1607/1607/1607 1049/1049/1049
f 1871/1871/1871 1339/1339/1339 1726/1726/1726
f 1679/1679/1679 521/521/521 1525/1525/1525
f 986/986/986 1222/1222/1222 875/875/875
f 661/661/661 1199/1199/1199 1440/1440/1440
f 2136/2136/2136 1631/1631/1631 1929/1929/1929
f 251/251/251 1701/1701/1701 1415/1415/1415
f 716/716/716 1270/1270/1270 535/535/535
f 497/497/497 846/846/846 1418/1418/1418
f 1603/1603/1603 1604/1604/1604 1762/1762/1762
f 1931/1931/1931 1173/1173/1173 1551/1551/1551
f 868/868/868 814/814/814 1378/1378/1378
f 226/226/226 1686/1686/1686 1359/1359/1359
f 1638/1638/1638 1876/1876/1876 592/592/592
f 2063/2063/2063 2007/2007/2007 438/438/438
f 356/356/356 567/567/567 871/871/871
f 1605/1605/1605 1476/1476/1476 1457/1457/1457
f 1485/1485/1485 1457/1457/1457 1476/1476/1476
f 92/92/92 1154/1154/1154 173/173/173
f 342/342/342 1896/1896/1896 924/924/924
f 1178/1178/1178 1586/1586/1586 1972/1972/1972
f 1060/1060/1060 1701/1701/1701 596/596/596
f 1503/1503/1503 1393/1393/1393 856/856/856
f 1857/1857/1857 2078/2078/2078 1660/1660/1660
f 1816/1816/1816 1808/1808/1808 531/531/531
f 472/472/472 999/999/999 900/900/900
f 1177/1177/1177 1257/1257/1257 790/790/790
f 597/597/597 1788/1788/1788 73/73/73
f 305/305/305 737/737/737 1435/1435/1435
f 704/704/704 1511/1511/1511 263/263/263
f 1189/1189/1189 468/468/468 601/601/601
f 200/200/200 613/613/613 813/813/813
f 2120/2120/2120 1522/1522/1522 708/708/708
f 2147/2147/2147 1452/1452/1452 1872/1872/1872
f 1557/1557/1557 928/928/928 386/386/386
f 686/686/686 1783/1783/1783 1859/1859/1859
f 282/282/282 459/459/459 436/436/436
f 1359/1359/1359 1686/1686/1686 1010/1010/1010
f 2005/2005/2005 877/877/877 1090/1090/1090
f 399/399/399 1935/1935/1935 877/877/877
f 838/838/838 965/965/965 1624/1624/1624
f 1055/1055/1055 683/683/683 1207/1207/1207
f 1490/1490/1490 1409/1409/1409 198/198/198
f 1418/1418/1418 938/938/938 1939/1939/1939
f 271/271/271 1180/1180/1180 390/390/390
f 1177/1177/1177 1297/1297/1297 1257/1257/1257
f 1971/1971/1971 1303/1303/1303 1422/1422/1422
f 1891/1891/1891 891/891/891 1237/1237/1237
f 1149/1149/1149 1930/1930/1930 1681/1681/1681
f 1843/1843/1843 667/667/667 795/795/795
f 616/616/616 1705/1705/1705 330/330/330
f 1807/1807/1807 1853/1853/1853 1301/1301/1301
f 618/618/618 1291/1291/1291 1998/1998/1998
f 980/980/980 1140/1140/1140 224/224/224
f 572/572/572 1185/1185/1185 813/813/813
f 1840/1840/1840 523/523/523 1128/1128/1128
f 159/159/159 1930/1930/1930 1149/1149/1149
f 530/530/530 1242/1242/1242 1447/1447/1447
f 1310/1310/1310 1911/1911/1911 673/673/673
f 3/3/3 996/996/996 4/4/4
f 2088/2088/2088 916/916/916 1361/1361/1361
f 862/862/862 563/563/563 665/665/665
f 2042/2042/2042 1062/1062/1062 1663/1663/1663
f 752/752/752 1815/1815/1815 683/683/683
f 300/300/300 1620/1620/1620 1280/1280/1280
f 2069/2069/2069 1966/1966/1966 1069/1069/1069
f 1405/1405/1405 404/404/404 1115/1115/1115
f 542/542/542 785/785/785 835/835/835
f 1117/1117/1117 775/775/775 1564/1564/1564
f 1836/1836/1836 1809/1809/1809 1277/1277/1277
f 582/582/582 544/544/544 1371/1371/1371
f 253/253/253 870/870/870 721/721/721
f 1152/1152/1152 773/773/773 706/706/706
f 784/784/784 736/736/736 693/693/693
f 601/601/601 468/468/468 574/574/574
f 1596/1596/1596 1121/1121/1121 1192/1192/1192
f 1097/1097/1097 2151/2151/2151 55/55/55
f 1197/1197/1197 1829/1829/1829 283/283/283
f 1059/1059/1059 625/625/625 799/799/799
f 55/55/55 2151/2151/2151 239/239/239
f 793/793/793 915/915/915 887/887/887
f 2037/2037/2037 79/79/79 1378/1378/1378
f 1322/1322/1322 2056/2056/2056 1717/1717/1717
f 992/992/992 1338/1338/1338 338/338/338
f 1493/1493/1493 636/636/636 264/264/264
f 405/405/405 1885/1885/1885 1169/1169/1169
f 805/805/805 2120/2120/2120 708/708/708
f 48/48/48 47/47/47 2006/2006/2006
f 186/186/186 607/607/607 358/358/358
f 1897/1897/1897 988/988/988 630/630/630
f 616/616/616 330/330/330 469/469/469
f 664/664/664 480/480/480 1411/1411/1411
f 2009/2009/2009 1362/1362/1362 423/423/423
f 1893/1893/1893 1270/1270/1270 1674/1674/1674
f 1325/1325/1325 1817/1817/1817 1141/1141/1141
f 1685/1685/1685 2060/2060/2060 800/800/800
f 1723/1723/1723 215/215/215 816/816/816
f 1276/1276/1276 1399/1399/1399 654/654/654
f 243/243/243 191/191/191 1958/1958/1958
f 635/635/635 1860/1860/1860 1484/1484/1484
f 1727/1727/1727 1005/1005/1005 944/944/944
f 672/672/672 747/747/747 882/882/882
f 406/406/406 1865/1865/1865 1792/1792/1792
f 2002/2002/2002 202/202/202 2149/2149/2149
f 125/125/125 1466/1466/1466 986/986/986
f 1940/1940/1940 1224/1224/1224 1680/1680/1680
f 325/325/325 1797/1797/1797 289/289/289
f 639/639/639 1251/1251/1251 232/232/232
f 821/821/821 1296/1296/1296 2117/2117/2117
f 1713/1713/1713 120/120/120 119/119/119
f 1811/1811/1811 1045/1045/1045 774/774/774
f 863/863/863 972/972/972 358/358/358
f 2109/2109/2109 1000/1000/1000 240/240/240
f 950/950/950 477/477/477 1170/1170/1170
f 1886/1886/1886 1155/1155/1155 1353/1353/1353
f 290/290/290 1994/1994/1994 260/260/260
f 102/102/102 1753/1753/1753 188/188/188
f 1910/1910/1910 1305/1305/1305 968/968/968
f 1201/1201/1201 877/877/877 2005/2005/2005
f 1442/1442/1442 847/847/847 1996/1996/1996
f 2143/2143/2143 1545/1545/1545 2061/2061/2061
f 951/951/951 1127/1127/1127 1234/1234/1234
f 1014/1014/1014 1872/1872/1872 1452/1452/1452
f 708/708/708 1904/1904/1904 886/886/886
f 434/434/434 1917/1917/1917 1992/1992/1992
f 288/288/288 1078/1078/1078 689/689/689
f 204/204/204 186/186/186 358/358/358
f 619/619/619 754/754/754 1267/1267/1267
f 1251/1251/1251 881/881/881 232/232/232
f 598/598/598 1652/1652/1652 2011/2011/2011
f 651/651/651 2051/2051/2051 1163/1163/1163
f 533/533/533 1565/1565/1565 711/711/711
f 1164/1164/1164 185/185/185 336/336/336
f 1769/1769/1769 994/994/994 1994/1994/1994
f 63/63/63 1993/1993/1993 64/64/64
f 1216/1216/1216 770/770/770 1991/1991/1991
f 1373/1373/1373 469/469/469 330/330/330
f 1366/1366/1366 361/361/361 962/962/962
f 726/726/726 1185/1185/1185 309/309/309
f 1283/1283/1283 971/971/971 1204/1204/1204
f 1960/1960/1960 1248/1248/1248 1003/1003/1003
f 681/681/681 490/490/490 264/264/264
f 1131/1131/1131 1845/1845/1845 1927/1927/1927
f 853/853/853 209/209/209 22/22/22
f 410/410/410 494/494/494 472/472/472
f 1924/1924/1924 1341/1341/1341 504/504/504
f 954/954/954 2088/2088/2088 1200/1200/1200
f 1248/1248/1248 1365/1365/1365 291/291/291
f 1858/1858/1858 202/202/202 1475/1475/1475
f 546/546/546 660/660/660 357/357/357
f 2088/2088/2088 769/769/769 446/446/446
f 1280/1280/1280 224/224/224 1430/1430/1430
f 1685/1685/1685 1822/1822/1822 1188/1188/1188
f 1442/1442/1442 885/885/885 847/847/847
f 11/11/11 967/967/967 1949/1949/1949
f 1184/1184/1184 1636/1636/1636 2119/2119/2119
f 674/674/674 648/648/648 1688/1688/1688
f 1688/1688/1688 2036/2036/2036 1770/1770/1770
f 1361/1361/1361 1944/1944/1944 1472/1472/1472
f 1585/1585/1585 1520/1520/1520 621/621/621
f 1781/1781/1781 117/117/117 966/966/966
f 1313/1313/1313 1565/1565/1565 1336/1336/1336
f 2027/2027/2027 133/133/133 132/132/132
f 128/128/128 127/127/127 421/421/421
f 108/108/108 534/534/534 973/973/973
f 1588/1588/1588 1752/1752/1752 318/318/318
f 1933/1933/1933 1838/1838/1838 729/729/729
f 2105/2105/2105 1087/1087/1087 1948/1948/1948
f 200/200/200 1461/1461/1461 1831/1831/1831
f 1943/1943/1943 1315/1315/1315 1192/1192/1192
f 1987/1987/1987 1669/1669/1669 458/458/458
f 1525/1525/1525 1989/1989/1989 1679/1679/1679
f 1659/1659/1659 161/161/161 425/425/425
f 879/879/879 2116/2116/2116 222/222/222
f 2099/2099/2099 10/10/10 9/9/9
f 1677/1677/1677 408/408/408 673/673/673
f 2055/2055/2055 1992/1992/1992 1917/1917/1917
f 1343/1343/1343 825/825/825 1078/1078/1078
f 2090/2090/2090 1416/1416/1416 1492/1492/1492
f 1272/1272/1272 478/478/478 262/262/262
f 1705/1705/1705 916/916/916 929/929/929
f 1513/1513/1513 486/486/486 1146/1146/1146
f 770/770/770 1380/1380/1380 431/431/431
f 1969/1969/1969 1540/1540/1540 1581/1581/1581
f 9/9/9 429/429/429 2099/2099/2099
f 513/513/513 1883/1883/1883 1622/1622/1622
f 1570/1570/1570 341/341/341 1862/1862/1862
f 890/890/890 2089/2089/2089 1926/1926/1926
f 1358/1358/1358 519/519/519 1285/1285/1285
f 642/642/642 940/940/940 507/507/507
f 1739/1739/1739 1332/1332/1332 490/490/490
f 1406/1406/1406 1456/1456/1456 1202/1202/1202
f 1459/1459/1459 1857/1857/1857 444/444/444
f 701/701/701 2046/2046/2046 1936/1936/1936
f 1995/1995/1995 1252/1252/1252 1328/1328/1328
f 143/143/143 498/498/498 622/622/622
f 1875/1875/1875 459/459/459 1666/1666/1666
f 2129/2129/2129 883/883/883 1676/1676/1676
f 1179/1179/1179 428/428/428 1896/1896/1896
f 338/338/338 1338/1338/1338 485/485/485
f 1801/1801/1801 1060/1060/1060 1193/1193/1193
f 1923/1923/1923 1460/1460/1460 431/431/431
f 419/419/419 1890/1890/1890 1406/1406/1406
f 795/795/795 470/470/470 1843/1843/1843
f 1551/1551/1551 1173/1173/1173 1539/1539/1539
f 796/796/796 688/688/688 86/86/86
f 1581/1581/1581 1540/1540/1540 2091/2091/2091
f 686/686/686 1880/1880/1880 1783/1783/1783
f 1249/1249/1249 164/164/164 382/382/382
f 1260/1260/1260 1188/1188/1188 1818/1818/1818
f 1479/1479/1479 1107/1107/1107 558/558/558
f 224/224/224 456/456/456 657/657/657
f 1819/1819/1819 1751/1751/1751 1253/1253/1253
f 740/740/740 1643/1643/1643 966/966/966
f 1021/1021/1021 1563/1563/1563 763/763/763
f 1597/1597/1597 310/310/310 212/212/212
f 1348/1348/1348 1175/1175/1175 303/303/303
f 1989/1989/1989 1525/1525/1525 694/694/694
f 348/348/348 1599/1599/1599 448/448/448
f 966/966/966 1643/1643/1643 758/758/758
f 111/111/111 417/417/417 695/695/695
f 1977/1977/1977 921/921/921 115/115/115
f 962/962/962 1368/1368/1368 171/171/171
f 1399/1399/1399 1340/1340/1340 1020/1020/1020
f 1687/1687/1687 1450/1450/1450 698/698/698
f 457/457/457 1865/1865/1865 406/406/406
f 1733/1733/1733 756/756/756 1117/1117/1117
f 1216/1216/1216 65/65/65 1133/1133/1133
f 316/316/316 587/587/587 791/791/791
f 811/811/811 1046/1046/1046 205/205/205
f 940/940/940 1803/1803/1803 1725/1725/1725
f 2046/2046/2046 315/315/315 1591/1591/1591
f 1041/1041/1041 1057/1057/1057 2025/2025/2025
f 588/588/588 1882/1882/1882 455/455/455
f 1756/1756/1756 487/487/487 906/906/906
f 1480/1480/1480 992/992/992 338/338/338
f 1854/1854/1854 1327/1327/1327 184/184/184
f 1766/1766/1766 806/806/806 220/220/220
f 858/858/858 1374/1374/1374 713/713/713
f 579/579/579 2039/2039/2039 1916/1916/1916
f 391/391/391 1290/1290/1290 1053/1053/1053
f 1666/1666/1666 777/777/777 440/440/440
f 1586/1586/1586 306/306/306 221/221/221
f 789/789/789 53/53/53 1945/1945/1945
f 489/489/489 1278/1278/1278 1140/1140/1140
f 691/691/691 1262/1262/1262 1274/1274/1274
f 843/843/843 1773/1773/1773 1712/1712/1712
f 577/577/577 903/903/903 744/744/744
f 2045/2045/2045 391/391/391 220/220/220
f 1064/1064/1064 637/637/637 275/275/275
f 1336/1336/1336 1175/1175/1175 1719/1719/1719
f 722/722/722 525/525/525 1562/1562/1562
f 176/176/176 869/869/869 1815/1815/1815
f 1624/1624/1624 145/145/145 1382/1382/1382
f 874/874/874 608/608/608 831/831/831
f 2107/2107/2107 960/960/960 1132/1132/1132
f 523/523/523 1877/1877/1877 1128/1128/1128
f 1267/1267/1267 754/754/754 990/990/990
f 1546/1546/1546 781/781/781 941/941/941
f 310/310/310 1556/1556/1556 212/212/212
f 1645/1645/1645 2016/2016/2016 603/603/603
f 530/530/530 1962/1962/1962 845/845/845
f 1702/1702/1702 1493/1493/1493 354/354/354
f 1519/1519/1519 1082/1082/1082 1424/1424/1424
f 1724/1724/1724 1653/1653/1653 1686/1686/1686
f 1715/1715/1715 1919/1919/1919 1625/1625/1625
f 1455/1455/1455 70/70/70 69/69/69
f 1851/1851/1851 770/770/770 363/363/363
f 720/720/720 281/281/281 1806/1806/1806
f 102/102/102 101/101/101 1753/1753/1753
f 664/664/664 557/557/557 540/540/540
f 949/949/949 1793/1793/1793 804/804/804
f 358/358/358 607/607/607 863/863/863
f 1417/1417/1417 485/485/485 366/366/366
f 1670/1670/1670 88/88/88 87/87/87
f 1668/1668/1668 597/597/597 72/72/72
f 1540/1540/1540 1127/1127/1127 2041/2041/2041
f 2086/2086/2086 593/593/593 766/766/766
f 993/993/993 1055/1055/1055 1914/1914/1914
f 1802/1802/1802 1475/1475/1475 202/202/202
f 304/304/304 590/590/590 754/754/754
f 519/519/519 360/360/360 1369/1369/1369
f 240/240/240 1958/1958/1958 191/191/191
f 560/560/560 2110/2110/2110 721/721/721
f 10/10/10 967/967/967 11/11/11
f 1760/1760/1760 663/663/663 2021/2021/2021
f 1022/1022/1022 2094/2094/2094 1846/1846/1846
f 1704/1704/1704 192/192/192 1612/1612/1612
f 1779/1779/1779 985/985/985 1426/1426/1426
f 428/428/428 772/772/772 1436/1436/1436
f 1350/1350/1350 549/549/549 1446/1446/1446
f 1692/1692/1692 678/678/678 956/956/956
f 511/511/511 732/732/732 457/457/457
f 1214/1214/1214 225/225/225 1293/1293/1293
f 33/33/33 1445/1445/1445 34/34/34
f 1605/1605/1605 443/443/443 298/298/298
f 886/886/886 805/805/805 708/708/708
f 1861/1861/1861 30/30/30 29/29/29
f 1661/1661/1661 62/62/62 61/61/61
f 596/596/596 539/539/539 319/319/319
f 136/136/136 250/250/250 1535/1535/1535
f 1076/1076/1076 844/844/844 324/324/324
f 1816/1816/1816 955/955/955 1808/1808/1808
f 351/351/351 1766/1766/1766 997/997/997
f 18/18/18 1124/1124/1124 19/19/19
f 961/961/961 496/496/496 2115/2115/2115
f 1702/1702/1702 455/455/455 830/830/830
f 1659/1659/1659 1151/1151/1151 219/219/219
f 1145/1145/1145 114/114/114 113/113/113
f 1443/1443/1443 1307/1307/1307 640/640/640
f 194/194/194 33/33/33 32/32/32
f 451/451/451 42/42/42 285/285/285
f 34/34/34 1445/1445/1445 633/633/633
f 1975/1975/1975 759/759/759 1249/1249/1249
f 1243/1243/1243 1028/1028/1028 1111/1111/1111
f 1561/1561/1561 5/5/5 4/4/4
f 906/906/906 744/744/744 1756/1756/1756
f 90/90/90 2111/2111/2111 91/91/91
f 1526/1526/1526 1509/1509/1509 342/342/342
f 1516/1516/1516 985/985/985 1204/1204/1204
f 764/764/764 1973/1973/1973 651/651/651
f 1897/1897/1897 1462/1462/1462 1650/1650/1650
f 1294/1294/1294 878/878/878 471/471/471
f 1836/1836/1836 242/242/242 1809/1809/1809
f 1871/1871/1871 461/461/461 1404/1404/1404
f 1213/1213/1213 1416/1416/1416 2090/2090/2090
f 624/624/624 317/317/317 1587/1587/1587
f 1176/1176/1176 405/405/405 1169/1169/1169
f 1963/1963/1963 1293/1293/1293 1844/1844/1844
f 1013/1013/1013 1076/1076/1076 282/282/282
f 1791/1791/1791 1518/1518/1518 97/97/97
f 1392/1392/1392 254/254/254 1211/1211/1211
f 993/993/993 1594/1594/1594 683/683/683
f 1009/1009/1009 860/860/860 1347/1347/1347
f 2069/2069/2069 219/219/219 323/323/323
f 1424/1424/1424 1291/1291/1291 961/961/961
f 551/551/551 705/705/705 445/445/445
f 374/374/374 561/561/561 1955/1955/1955
f 687/687/687 1112/1112/1112 2083/2083/2083
f 1431/1431/1431 1138/1138/1138 1074/1074/1074
f 970/970/970 2091/2091/2091 987/987/987
f 905/905/905 535/535/535 1893/1893/1893
f 1137/1137/1137 1061/1061/1061 465/465/465
f 1992/1992/1992 1608/1608/1608 540/540/540
f 1394/1394/1394 1056/1056/1056 2014/2014/2014
f 1092/1092/1092 1443/1443/1443 640/640/640
f 1032/1032/1032 1090/1090/1090 1935/1935/1935
f 1699/1699/1699 1227/1227/1227 270/270/270
f 1278/1278/1278 224/224/224 1140/1140/1140
f 1217/1217/1217 1268/1268/1268 718/718/718
f 1460/1460/1460 689/689/689 431/431/431
f 1499/1499/1499 1559/1559/1559 1537/1537/1537
f 474/474/474 2142/2142/2142 403/403/403
f 2091/2091/2091 1540/1540/1540 2041/2041/2041
f 133/133/133 2027/2027/2027 1891/1891/1891
f 1602/1602/1602 134/134/134 2102/2102/2102
f 200/200/200 1831/1831/1831 874/874/874
f 1793/1793/1793 1326/1326/1326 798/798/798
f 828/828/828 1618/1618/1618 157/157/157
f 1667/1667/1667 322/322/322 1237/1237/1237
f 1075/1075/1075 2041/2041/2041 782/782/782
f 677/677/677 1801/1801/1801 1993/1993/1993
f 2072/2072/2072 580/580/580 767/767/767
f 365/365/365 686/686/686 719/719/719
f 1065/1065/1065 524/524/524 273/273/273
f 1007/1007/1007 25/25/25 738/738/738
f 1705/1705/1705 1944/1944/1944 916/916/916
f 1964/1964/1964 611/611/611 1284/1284/1284
f 735/735/735 1903/1903/1903 1661/1661/1661
f 1467/1467/1467 761/761/761 319/319/319
f 2013/2013/2013 533/533/533 711/711/711
f 1129/1129/1129 2134/2134/2134 826/826/826
f 414/414/414 1132/1132/1132 477/477/477
f 271/271/271 390/390/390 995/995/995
f 2114/2114/2114 1918/1918/1918 410/410/410
f 859/859/859 324/324/324 2044/2044/2044
f 1041/1041/1041 928/928/928 467/467/467
f 802/802/802 727/727/727 461/461/461
f 616/616/616 1344/1344/1344 1390/1390/1390
f 211/211/211 1734/1734/1734 919/919/919
f 44/44/44 501/501/501 382/382/382
f 690/690/690 201/201/201 810/810/810
f 900/900/900 1282/1282/1282 1161/1161/1161
f 1930/1930/1930 725/725/725 1748/1748/1748
f 2079/2079/2079 627/627/627 1671/1671/1671
f 1606/1606/1606 575/575/575 2140/2140/2140
f 305/305/305 1556/1556/1556 585/585/585
f 979/979/979 1785/1785/1785 1784/1784/1784
f 981/981/981 1668/1668/1668 72/72/72
f 626/626/626 591/591/591 237/237/237
f 908/908/908 1662/1662/1662 1282/1282/1282
f 1346/1346/1346 343/343/343 736/736/736
f 2054/2054/2054 1063/1063/1063 403/403/403
f 251/251/251 1903/1903/1903 1701/1701/1701
f 331/331/331 1480/1480/1480 338/338/338
f 1787/1787/1787 1157/1157/1157 1230/1230/1230
f 250/250/250 1021/1021/1021 763/763/763
f 1435/1435/1435 212/212/212 305/305/305
f 345/345/345 415/415/415 402/402/402
f 1043/1043/1043 1483/1483/1483 1990/1990/1990
f 55/55/55 239/239/239 56/56/56
f 1759/1759/1759 1673/1673/1673 1266/1266/1266
f 22/22/22 209/209/209 23/23/23
f 1848/1848/1848 904/904/904 1799/1799/1799
f 1608/1608/1608 1951/1951/1951 1690/1690/1690
f 1859/1859/1859 1356/1356/1356 1874/1874/1874
f 54/54/54 1097/1097/1097 55/55/55
f 260/260/260 1166/1166/1166 818/818/818
f 2135/2135/2135 1946/1946/1946 1547/1547/1547
f 1889/1889/1889 1130/1130/1130 943/943/943
f 667/667/667 1843/1843/1843 587/587/587
f 1054/1054/1054 302/302/302 2092/2092/2092
f 1560/1560/1560 509/509/509 988/988/988
f 1253/1253/1253 1990/1990/1990 1403/1403/1403
f 1782/1782/1782 857/857/857 591/591/591
f 1162/1162/1162 1099/1099/1099 1684/1684/1684
f 1599/1599/1599 1068/1068/1068 448/448/448
f 740/740/740 921/921/921 1643/1643/1643
f 2105/2105/2105 1241/1241/1241 1593/1593/1593
f 1658/1658/1658 755/755/755 1273/1273/1273
f 1684/1684/1684 1982/1982/1982 1162/1162/1162
f 87/87/87 86/86/86 688/688/688
f 1595/1595/1595 1246/1246/1246 1201/1201/1201
f 1231/1231/1231 31/31/31 30/30/30
f 1402/1402/1402 446/446/446 769/769/769
f 1603/1603/1603 1440/1440/1440 1186/1186/1186
f 555/555/555 861/861/861 1716/1716/1716
f 749/749/749 910/910/910 1097/1097/1097
f 213/213/213 1444/1444/1444 776/776/776
f 633/633/633 1915/1915/1915 34/34/34
f 450/450/450 2122/2122/2122 748/748/748
f 1484/1484/1484 801/801/801 1213/1213/1213
f 2025/2025/2025 386/386/386 928/928/928
f 1585/1585/1585 621/621/621 1572/1572/1572
f 995/995/995 445/445/445 271/271/271
f 394/394/394 2133/2133/2133 803/803/803
f 1146/1146/1146 544/544/544 819/819/819
f 1973/1973/1973 898/898/898 651/651/651
f 1905/1905/1905 1508/1508/1508 334/334/334
f 592/592/592 885/885/885 2074/2074/2074
f 878/878/878 1294/1294/1294 1223/1223/1223
f 1772/1772/1772 1700/1700/1700 1198/1198/1198
f 786/786/786 861/861/861 625/625/625
f 1900/1900/1900 273/273/273 407/407/407
f 2127/2127/2127 1324/1324/1324 1837/1837/1837
f 1124/1124/1124 1653/1653/1653 19/19/19
f 1425/1425/1425 934/934/934 466/466/466
f 1351/1351/1351 1140/1140/1140 980/980/980
f 1685/1685/1685 1188/1188/1188 1444/1444/1444
f 742/742/742 1685/1685/1685 1817/1817/1817
f 257/257/257 737/737/737 585/585/585
f 1205/1205/1205 865/865/865 565/565/565
f 982/982/982 199/199/199 728/728/728
f 294/294/294 1379/1379/1379 1654/1654/1654
f 1841/1841/1841 1481/1481/1481 390/390/390
f 866/866/866 374/374/374 1180/1180/1180
f 1206/1206/1206 1050/1050/1050 1502/1502/1502
f 983/983/983 80/80/80 2037/2037/2037
f 1974/1974/1974 118/118/118 1781/1781/1781
f 794/794/794 1329/1329/1329 1977/1977/1977
f 636/636/636 842/842/842 681/681/681
f 406/406/406 1792/1792/1792 1448/1448/1448
f 1721/1721/1721 666/666/666 350/350/350
f 610/610/610 506/506/506 969/969/969
f 2145/2145/2145 1729/1729/1729 1534/1534/1534
f 290/290/290 567/567/567 389/389/389
f 174/174/174 665/665/665 441/441/441
f 499/499/499 1943/1943/1943 746/746/746
f 388/388/388 1594/1594/1594 1363/1363/1363
f 1429/1429/1429 1642/1642/1642 958/958/958
f 452/452/452 783/783/783 876/876/876
f 2117/2117/2117 106/106/106 1289/1289/1289
f 1336/1336/1336 1565/1565/1565 533/533/533
f 1693/1693/1693 785/785/785 714/714/714
f 1997/1997/1997 914/914/914 1961/1961/1961
f 1458/1458/1458 1842/1842/1842 832/832/832
f 1911/1911/1911 1663/1663/1663 1827/1827/1827
f 199/199/199 1569/1569/1569 1319/1319/1319
f 482/482/482 901/901/901 1740/1740/1740
f 68/68/68 67/67/67 825/825/825
f 1525/1525/1525 357/357/357 694/694/694
f 2133/2133/2133 1315/1315/1315 1943/1943/1943
f 151/151/151 332/332/332 152/152/152
f 1918/1918/1918 1689/1689/1689 1382/1382/1382
f 1273/1273/1273 755/755/755 687/687/687
f 2002/2002/2002 2149/2149/2149 1968/1968/1968
f 1893/1893/1893 702/702/702 905/905/905
f 603/603/603 2131/2131/2131 1645/1645/1645
f 845/845/845 1882/1882/1882 588/588/588
f 1835/1835/1835 1834/1834/1834 1089/1089/1089
f 1139/1139/1139 341/341/341 642/642/642
f 995/995/995 1481/1481/1481 1196/1196/1196
f 1142/1142/1142 906/906/906 487/487/487
f 552/552/552 834/834/834 2000/2000/2000
f 772/772/772 2153/2153/2153 1436/1436/1436
f 1847/1847/1847 210/210/210 2153/2153/2153
f 1250/1250/1250 1297/1297/1297 2135/2135/2135
f 1071/1071/1071 327/327/327 1050/1050/1050
f 1026/1026/1026 1925/1925/1925 1735/1735/1735
f 2013/2013/2013 1745/1745/1745 1163/1163/1163
f 1868/1868/1868 1554/1554/1554 1836/1836/1836
f 1276/1276/1276 836/836/836 1160/1160/1160
f 1236/1236/1236 1006/1006/1006 1005/1005/1005
f 925/925/925 1064/1064/1064 978/978/978
f 1748/1748/1748 464/464/464 931/931/931
f 2029/2029/2029 2022/2022/2022 1255/1255/1255
f 1921/1921/1921 1321/1321/1321 1058/1058/1058
f 1875/1875/1875 1058/1058/1058 1598/1598/1598
f 663/663/663 1947/1947/1947 166/166/166
f 1898/1898/1898 996/996/996 1820/1820/1820
f 1650/1650/1650 1025/1025/1025 1529/1529/1529
f 826/826/826 1719/1719/1719 1615/1615/1615
f 1212/1212/1212 1371/1371/1371 804/804/804
f 732/732/732 1617/1617/1617 1865/1865/1865
f 1279/1279/1279 744/744/744 1698/1698/1698
f 679/679/679 655/655/655 1135/1135/1135
f 683/683/683 1594/1594/1594 752/752/752
f 2045/2045/2045 520/520/520 261/261/261
f 1248/1248/1248 1960/1960/1960 1534/1534/1534
f 1962/1962/1962 1447/1447/1447 656/656/656
f 1451/1451/1451 1454/1454/1454 1524/1524/1524
f 1803/1803/1803 1614/1614/1614 578/578/578
f 1029/1029/1029 1996/1996/1996 1407/1407/1407
f 592/592/592 691/691/691 734/734/734
f 162/162/162 1775/1775/1775 319/319/319
f 1226/1226/1226 363/363/363 1216/1216/1216
f 1209/1209/1209 1036/1036/1036 1150/1150/1150
f 585/585/585 1105/1105/1105 274/274/274
f 1738/1738/1738 141/141/141 945/945/945
f 1582/1582/1582 494/494/494 622/622/622
f 552/552/552 409/409/409 793/793/793
f 2130/2130/2130 528/528/528 2024/2024/2024
f 1973/1973/1973 1102/1102/1102 898/898/898
f 1409/1409/1409 1490/1490/1490 1679/1679/1679
f 657/657/657 2115/2115/2115 496/496/496
f 1387/1387/1387 496/496/496 1086/1086/1086
f 751/751/751 158/158/158 379/379/379
f 1976/1976/1976 1953/1953/1953 1838/1838/1838
f 399/399/399 2028/2028/2028 1935/1935/1935
f 1628/1628/1628 809/809/809 1235/1235/1235
f 2078/2078/2078 1857/1857/1857 1459/1459/1459
f 1109/1109/1109 1740/1740/1740 723/723/723
f 528/528/528 880/880/880 1099/1099/1099
f 1763/1763/1763 880/880/880 528/528/528
f 1159/1159/1159 1285/1285/1285 1177/1177/1177
f 1697/1697/1697 1814/1814/1814 259/259/259
f 2065/2065/2065 1401/1401/1401 307/307/307
f 470/470/470 795/795/795 671/671/671
f 17/17/17 1644/1644/1644 1441/1441/1441
f 422/422/422 1446/1446/1446 231/231/231
f 1266/1266/1266 311/311/311 571/571/571
f 286/286/286 527/527/527 370/370/370
f 1917/1917/1917 434/434/434 1860/1860/1860
f 724/724/724 539/539/539 596/596/596
f 533/533/533 2013/2013/2013 584/584/584
f 1163/1163/1163 229/229/229 651/651/651
f 1856/1856/1856 1057/1057/1057 774/774/774
f 1788/1788/1788 74/74/74 73/73/73
f 1275/1275/1275 725/725/725 958/958/958
f 1429/1429/1429 865/865/865 1642/1642/1642
f 1146/1146/1146 1339/1339/1339 1421/1421/1421
f 1471/1471/1471 525/525/525 711/711/711
f 630/630/630 835/835/835 785/785/785
f 2070/2070/2070 575/575/575 1693/1693/1693
f 77/77/77 444/444/444 599/599/599
f 1857/1857/1857 568/568/568 444/444/444
f 1111/1111/1111 881/881/881 1978/1978/1978
f 1401/1401/1401 1282/1282/1282 1884/1884/1884
f 1907/1907/1907 1707/1707/1707 1358/1358/1358
f 461/461/461 1871/1871/1871 802/802/802
f 871/871/871 1544/1544/1544 2098/2098/2098
f 1500/1500/1500 566/566/566 2098/2098/2098
f 1829/1829/1829 1197/1197/1197 1183/1183/1183
f 1312/1312/1312 502/502/502 298/298/298
f 1005/1005/1005 1006/1006/1006 1474/1474/1474
f 1687/1687/1687 427/427/427 1125/1125/1125
f 523/523/523 1562/1562/1562 1696/1696/1696
f 1256/1256/1256 601/601/601 1376/1376/1376
f 419/419/419 920/920/920 2092/2092/2092
f 1273/1273/1273 795/795/795 667/667/667
f 1529/1529/1529 1025/1025/1025 937/937/937
f 1896/1896/1896 428/428/428 1436/1436/1436
f 2139/2139/2139 39/39/39 38/38/38
f 797/797/797 270/270/270 1018/1018/1018
f 1600/1600/1600 865/865/865 1796/1796/1796
f 222/222/222 565/565/565 879/879/879
f 1236/1236/1236 842/842/842 1006/1006/1006
f 1245/1245/1245 1867/1867/1867 747/747/747
f 70/70/70 1584/1584/1584 1061/1061/1061
f 851/851/851 1501/1501/1501 796/796/796
f 1184/1184/1184 639/639/639 232/232/232
f 2127/2127/2127 1837/1837/1837 1328/1328/1328
f 1084/1084/1084 456/456/456 1749/1749/1749
f 1906/1906/1906 532/532/532 816/816/816
f 2087/2087/2087 1890/1890/1890 1388/1388/1388
f 1913/1913/1913 282/282/282 1076/1076/1076
f 1379/1379/1379 1295/1295/1295 894/894/894
f 3/3/3 1820/1820/1820 996/996/996
f 1567/1567/1567 218/218/218 583/583/583
f 413/413/413 1888/1888/1888 602/602/602
f 1375/1375/1375 1885/1885/1885 556/556/556
f 405/405/405 2113/2113/2113 2052/2052/2052
f 1630/1630/1630 1071/1071/1071 1206/1206/1206
f 802/802/802 1726/1726/1726 1517/1517/1517
f 1352/1352/1352 510/510/510 165/165/165
f 873/873/873 964/964/964 275/275/275
f 2096/2096/2096 347/347/347 1833/1833/1833
f 927/927/927 1266/1266/1266 571/571/571
f 1735/1735/1735 1925/1925/1925 976/976/976
f 1741/1741/1741 1698/1698/1698 492/492/492
f 587/587/587 1431/1431/1431 667/667/667
f 322/322/322 1703/1703/1703 1237/1237/1237
f 1777/1777/1777 520/520/520 159/159/159
f 1435/1435/1435 418/418/418 1346/1346/1346
f 296/296/296 818/818/818 169/169/169
f 54/54/54 789/789/789 749/749/749
f 1758/1758/1758 1111/1111/1111 1028/1028/1028
f 1446/1446/1446 1077/1077/1077 1232/1232/1232
f 526/526/526 701/701/701 253/253/253
f 1190/1190/1190 1538/1538/1538 933/933/933
f 982/982/982 2021/2021/2021 1980/1980/1980
f 483/483/483 760/760/760 1268/1268/1268
f 567/567/567 1544/1544/1544 871/871/871
f 984/984/984 1848/1848/1848 1545/1545/1545
f 1614/1614/1614 803/803/803 578/578/578
f 1708/1708/1708 1186/1186/1186 1330/1330/1330
f 1999/1999/1999 1573/1573/1573 899/899/899
f 1573/1573/1573 182/182/182 207/207/207
f 1473/1473/1473 308/308/308 1318/1318/1318
f 1971/1971/1971 1304/1304/1304 1619/1619/1619
f 942/942/942 2121/2121/2121 1928/1928/1928
f 1590/1590/1590 437/437/437 935/935/935
f 1254/1254/1254 960/960/960 1091/1091/1091
f 420/420/420 914/914/914 888/888/888
f 1376/1376/1376 601/601/601 1349/1349/1349
f 1887/1887/1887 375/375/375 100/100/100
f 1166/1166/1166 889/889/889 169/169/169
f 569/569/569 1048/1048/1048 951/951/951
f 2067/2067/2067 469/469/469 1373/1373/1373
f 1499/1499/1499 1031/1031/1031 1559/1559/1559
f 1196/1196/1196 608/608/608 1831/1831/1831
f 1311/1311/1311 751/751/751 379/379/379
f 297/297/297 634/634/634 425/425/425
f 515/515/515 2128/2128/2128 1743/1743/1743
f 715/715/715 1354/1354/1354 418/418/418
f 1738/1738/1738 999/999/999 1582/1582/1582
f 212/212/212 784/784/784 1597/1597/1597
f 1354/1354/1354 343/343/343 1346/1346/1346
f 1235/1235/1235 809/809/809 910/910/910
f 707/707/707 1059/1059/1059 1672/1672/1672
f 1904/1904/1904 787/787/787 1852/1852/1852
f 1429/1429/1429 1482/1482/1482 1723/1723/1723
f 1925/1925/1925 720/720/720 1806/1806/1806
f 1518/1518/1518 1791/1791/1791 1952/1952/1952
f 557/557/557 801/801/801 540/540/540
f 2001/2001/2001 1893/1893/1893 1674/1674/1674
f 1454/1454/1454 2133/2133/2133 394/394/394
f 1793/1793/1793 798/798/798 1212/1212/1212
f 963/963/963 1358/1358/1358 1707/1707/1707
f 983/983/983 2037/2037/2037 1902/1902/1902
f 1003/1003/1003 1019/1019/1019 1960/1960/1960
f 371/371/371 1739/1739/1739 490/490/490
f 2104/2104/2104 424/424/424 1662/1662/1662
f 205/205/205 430/430/430 493/493/493
f 1563/1563/1563 2102/2102/2102 1703/1703/1703
f 483/483/483 611/611/611 717/717/717
f 652/652/652 646/646/646 1164/1164/1164
f 1664/1664/1664 2053/2053/2053 1938/1938/1938
f 1202/1202/1202 828/828/828 419/419/419
f 1541/1541/1541 322/322/322 1667/1667/1667
f 1599/1599/1599 815/815/815 233/233/233
f 1717/1717/1717 1136/1136/1136 1092/1092/1092
f 1252/1252/1252 1167/1167/1167 1067/1067/1067
f 2127/2127/2127 308/308/308 1324/1324/1324
f 787/787/787 352/352/352 1247/1247/1247
f 1086/1086/1086 1264/1264/1264 1387/1387/1387
f 452/452/452 876/876/876 912/912/912
f 1509/1509/1509 1526/1526/1526 384/384/384
f 525/525/525 1471/1471/1471 1271/1271/1271
f 506/506/506 1525/1525/1525 521/521/521
f 1571/1571/1571 929/929/929 1728/1728/1728
f 167/167/167 2138/2138/2138 1830/1830/1830
f 957/957/957 1419/1419/1419 1235/1235/1235
f 1381/1381/1381 807/807/807 707/707/707
f 1538/1538/1538 975/975/975 1521/1521/1521
f 563/563/563 2131/2131/2131 603/603/603
f 1373/1373/1373 330/330/330 178/178/178
f 2136/2136/2136 247/247/247 1373/1373/1373
f 2100/2100/2100 549/549/549 1350/1350/1350
f 1004/1004/1004 1898/1898/1898 1438/1438/1438
f 1802/1802/1802 1406/1406/1406 1475/1475/1475
f 918/918/918 1913/1913/1913 1034/1034/1034
f 1921/1921/1921 1058/1058/1058 1875/1875/1875
f 932/932/932 1749/1749/1749 1620/1620/1620
f 1427/1427/1427 396/396/396 1012/1012/1012
f 1846/1846/1846 1470/1470/1470 314/314/314
f 1065/1065/1065 1626/1626/1626 524/524/524
f 1362/1362/1362 244/244/244 423/423/423
f 1344/1344/1344 702/702/702 1277/1277/1277
f 1788/1788/1788 856/856/856 1393/1393/1393
f 1531/1531/1531 372/372/372 522/522/522
f 1674/1674/1674 829/829/829 244/244/244
f 1047/1047/1047 1042/1042/1042 529/529/529
f 1560/1560/1560 2144/2144/2144 1043/1043/1043
f 1739/1739/1739 371/371/371 1794/1794/1794
f 1706/1706/1706 383/383/383 368/368/368
f 943/943/943 757/757/757 1889/1889/1889
f 1775/1775/1775 596/596/596 319/319/319
f 1256/1256/1256 1098/1098/1098 462/462/462
f 510/510/510 1421/1421/1421 1404/1404/1404
f 498/498/498 143/143/143 142/142/142
f 1505/1505/1505 295/295/295 424/424/424
f 1874/1874/1874 2034/2034/2034 1343/1343/1343
f 1195/1195/1195 2055/2055/2055 1917/1917/1917
f 2038/2038/2038 75/75/75 74/74/74
f 463/463/463 1709/1709/1709 1080/1080/1080
f 604/604/604 1070/1070/1070 1844/1844/1844
f 440/440/440 777/777/777 1899/1899/1899
f 750/750/750 908/908/908 343/343/343
f 941/941/941 999/999/999 1546/1546/1546
f 1749/1749/1749 932/932/932 1084/1084/1084
f 246/246/246 1983/1983/1983 265/265/265
f 894/894/894 1341/1341/1341 1009/1009/1009
f 1714/1714/1714 339/339/339 947/947/947
f 2009/2009/2009 1094/1094/1094 936/936/936
f 2063/2063/2063 1564/1564/1564 1093/1093/1093
f 1728/1728/1728 954/954/954 1200/1200/1200
f 2008/2008/2008 1979/1979/1979 775/775/775
f 726/726/726 1725/1725/1725 1148/1148/1148
f 1877/1877/1877 452/452/452 1128/1128/1128
f 1959/1959/1959 593/593/593 699/699/699
f 1746/1746/1746 1683/1683/1683 735/735/735
f 1110/1110/1110 1425/1425/1425 2146/2146/2146
f 1776/1776/1776 1489/1489/1489 643/643/643
f 1597/1597/1597 2066/2066/2066 310/310/310
f 267/267/267 1802/1802/1802 202/202/202
f 1893/1893/1893 535/535/535 1270/1270/1270
f 1917/1917/1917 1860/1860/1860 467/467/467
f 231/231/231 2011/2011/2011 1957/1957/1957
f 2137/2137/2137 1385/1385/1385 1209/1209/1209
f 930/930/930 1302/1302/1302 1438/1438/1438
f 930/930/930 1898/1898/1898 1677/1677/1677
f 380/380/380 169/169/169 984/984/984
f 2151/2151/2151 910/910/910 1647/1647/1647
f 958/958/958 725/725/725 2071/2071/2071
f 1017/1017/1017 1167/1167/1167 531/531/531
f 1884/1884/1884 1282/1282/1282 1662/1662/1662
f 1921/1921/1921 440/440/440 1527/1527/1527
f 1952/1952/1952 595/595/595 1408/1408/1408
f 1026/1026/1026 720/720/720 1925/1925/1925
f 946/946/946 1264/1264/1264 1370/1370/1370
f 2052/2052/2052 1366/1366/1366 1927/1927/1927
f 1351/1351/1351 1107/1107/1107 1140/1140/1140
f 1247/1247/1247 387/387/387 479/479/479
f 519/519/519 1722/1722/1722 360/360/360
f 1297/1297/1297 1250/1250/1250 1257/1257/1257
f 1765/1765/1765 637/637/637 1288/1288/1288
f 2039/2039/2039 1410/1410/1410 1171/1171/1171
f 1963/1963/1963 564/564/564 1067/1067/1067
f 1971/1971/1971 1619/1619/1619 693/693/693
f 1643/1643/1643 293/293/293 815/815/815
f 118/118/118 1849/1849/1849 119/119/119
f 1820/1820/1820 2/2/2 408/408/408
f 1438/1438/1438 1898/1898/1898 930/930/930
f 433/433/433 111/111/111 695/695/695
f 2018/2018/2018 281/281/281 1426/1426/1426
f 883/883/883 1715/1715/1715 1676/1676/1676
f 1498/1498/1498 1940/1940/1940 771/771/771
f 1127/1127/1127 1540/1540/1540 2138/2138/2138
f 1048/1048/1048 782/782/782 951/951/951
f 1281/1281/1281 1965/1965/1965 971/971/971
f 537/537/537 1331/1331/1331 2040/2040/2040
f 863/863/863 607/607/607 852/852/852
f 584/584/584 852/852/852 607/607/607
f 112/112/112 433/433/433 1742/1742/1742
f 433/433/433 112/112/112 111/111/111
f 1100/1100/1100 1618/1618/1618 1504/1504/1504
f 2043/2043/2043 1555/1555/1555 1637/1637/1637
f 858/858/858 1311/1311/1311 1098/1098/1098
f 675/675/675 1803/1803/1803 940/940/940
f 2093/2093/2093 783/783/783 1593/1593/1593
f 477/477/477 960/960/960 1254/1254/1254
f 415/415/415 638/638/638 867/867/867
f 1948/1948/1948 1087/1087/1087 1832/1832/1832
f 586/586/586 449/449/449 1428/1428/1428
f 1087/1087/1087 411/411/411 1832/1832/1832
f 955/955/955 979/979/979 2004/2004/2004
f 1950/1950/1950 1812/1812/1812 1636/1636/1636
f 1736/1736/1736 222/222/222 1284/1284/1284
f 1998/1998/1998 381/381/381 618/618/618
f 1859/1859/1859 1783/1783/1783 1770/1770/1770
f 557/557/557 1416/1416/1416 801/801/801
f 1319/1319/1319 1438/1438/1438 1302/1302/1302
f 1184/1184/1184 2119/2119/2119 639/639/639
f 1099/1099/1099 2024/2024/2024 528/528/528
f 1378/1378/1378 1533/1533/1533 2037/2037/2037
f 466/466/466 2057/2057/2057 1452/1452/1452
f 809/809/809 1628/1628/1628 311/311/311
f 104/104/104 1240/1240/1240 2018/2018/2018
f 1965/1965/1965 1023/1023/1023 971/971/971
f 1042/1042/1042 2118/2118/2118 346/346/346
f 822/822/822 1313/1313/1313 2134/2134/2134
f 1999/1999/1999 336/336/336 1573/1573/1573
f 2008/2008/2008 1537/1537/1537 1979/1979/1979
f 415/415/415 867/867/867 402/402/402
f 986/986/986 1042/1042/1042 1222/1222/1222
f 31/31/31 1629/1629/1629 1548/1548/1548
f 1018/1018/1018 1029/1029/1029 989/989/989
f 876/876/876 2093/2093/2093 1433/1433/1433
f 1832/1832/1832 411/411/411 666/666/666
f 1751/1751/1751 991/991/991 1730/1730/1730
f 2070/2070/2070 190/190/190 1761/1761/1761
f 1283/1283/1283 1204/1204/1204 985/985/985
f 1634/1634/1634 1433/1433/1433 1480/1480/1480
f 1932/1932/1932 752/752/752 922/922/922
f 779/779/779 2114/2114/2114 1401/1401/1401
f 1886/1886/1886 1110/1110/1110 2146/2146/2146
f 2075/2075/2075 1633/1633/1633 970/970/970
f 2111/2111/2111 426/426/426 1392/1392/1392
f 187/187/187 874/874/874 831/831/831
f 1004/1004/1004 163/163/163 615/615/615
f 1663/1663/1663 1616/1616/1616 152/152/152
f 511/511/511 457/457/457 944/944/944
f 454/454/454 684/684/684 553/553/553
f 39/39/39 268/268/268 40/40/40
f 1065/1065/1065 1934/1934/1934 1829/1829/1829
f 750/750/750 1354/1354/1354 849/849/849
f 945/945/945 1422/1422/1422 1303/1303/1303
f 355/355/355 1315/1315/1315 2133/2133/2133
f 1958/1958/1958 1908/1908/1908 243/243/243
f 698/698/698 204/204/204 1410/1410/1410
f 1199/1199/1199 340/340/340 1607/1607/1607
f 798/798/798 378/378/378 1708/1708/1708
f 637/637/637 1968/1968/1968 275/275/275
f 469/469/469 2085/2085/2085 926/926/926
f 1835/1835/1835 634/634/634 297/297/297
f 1487/1487/1487 840/840/840 728/728/728
f 163/163/163 1507/1507/1507 615/615/615
f 1637/1637/1637 495/495/495 2043/2043/2043
f 1236/1236/1236 681/681/681 842/842/842
f 161/161/161 297/297/297 425/425/425
f 1967/1967/1967 520/520/520 1777/1777/1777
f 26/26/26 25/25/25 2017/2017/2017
f 502/502/502 1312/1312/1312 1108/1108/1108
f 1350/1350/1350 422/422/422 504/504/504
f 1663/1663/1663 152/152/152 332/332/332
f 1008/1008/1008 617/617/617 1883/1883/1883
f 1004/1004/1004 996/996/996 1898/1898/1898
f 1328/1328/1328 1040/1040/1040 1995/1995/1995
f 1873/1873/1873 1116/1116/1116 1750/1750/1750
f 1864/1864/1864 234/234/234 656/656/656
f 185/185/185 962/962/962 171/171/171
f 1451/1451/1451 1269/1269/1269 175/175/175
f 748/748/748 1000/1000/1000 1463/1463/1463
f 811/811/811 416/416/416 1046/1046/1046
f 343/343/343 941/941/941 781/781/781
f 571/571/571 2057/2057/2057 927/927/927
f 1823/1823/1823 382/382/382 662/662/662
f 2015/2015/2015 1396/1396/1396 155/155/155
f 1578/1578/1578 1047/1047/1047 529/529/529
f 235/235/235 971/971/971 1283/1283/1283
f 1693/1693/1693 575/575/575 1462/1462/1462
f 325/325/325 1473/1473/1473 878/878/878
f 410/410/410 1918/1918/1918 494/494/494
f 46/46/46 45/45/45 1800/1800/1800
f 1108/1108/1108 1312/1312/1312 1934/1934/1934
f 2031/2031/2031 1821/1821/1821 569/569/569
f 1134/1134/1134 1075/1075/1075 347/347/347
f 320/320/320 1011/1011/1011 234/234/234
f 1573/1573/1573 1220/1220/1220 899/899/899
f 135/135/135 250/250/250 136/136/136
f 1658/1658/1658 1273/1273/1273 1074/1074/1074
f 1704/1704/1704 1612/1612/1612 254/254/254
f 223/223/223 1168/1168/1168 1123/1123/1123
f 1634/1634/1634 1051/1051/1051 1433/1433/1433
f 2079/2079/2079 1230/1230/1230 542/542/542
f 1124/1124/1124 1550/1550/1550 1010/1010/1010
f 1449/1449/1449 1217/1217/1217 1265/1265/1265
f 1047/1047/1047 1578/1578/1578 543/543/543
f 986/986/986 126/126/126 125/125/125
f 1696/1696/1696 1877/1877/1877 523/523/523
f 108/108/108 107/107/107 534/534/534
f 33/33/33 194/194/194 1445/1445/1445
f 1699/1699/1699 1567/1567/1567 1638/1638/1638
f 1333/1333/1333 881/881/881 1111/1111/1111
f 1215/1215/1215 1028/1028/1028 313/313/313
f 1672/1672/1672 1059/1059/1059 1372/1372/1372
f 1227/1227/1227 1018/1018/1018 270/270/270
f 347/347/347 782/782/782 1833/1833/1833
f 1169/1169/1169 1885/1885/1885 1375/1375/1375
f 845/845/845 1962/1962/1962 1882/1882/1882
f 535/535/535 905/905/905 632/632/632
f 629/629/629 2035/2035/2035 855/855/855
f 1508/1508/1508 1081/1081/1081 1260/1260/1260
f 894/894/894 183/183/183 249/249/249
f 1546/1546/1546 1738/1738/1738 945/945/945
f 1055/1055/1055 712/712/712 307/307/307
f 214/214/214 700/700/700 909/909/909
f 383/383/383 873/873/873 1854/1854/1854
f 229/229/229 722/722/722 990/990/990
f 1446/1446/1446 422/422/422 1350/1350/1350
f 1981/1981/1981 827/827/827 1532/1532/1532
f 1513/1513/1513 175/175/175 486/486/486
f 1031/1031/1031 665/665/665 563/563/563
f 1732/1732/1732 1137/1137/1137 723/723/723
f 191/191/191 870/870/870 2109/2109/2109
f 1039/1039/1039 1528/1528/1528 1413/1413/1413
f 1801/1801/1801 1415/1415/1415 1701/1701/1701
f 1966/1966/1966 1082/1082/1082 923/923/923
f 650/650/650 504/504/504 422/422/422
f 1811/1811/1811 450/450/450 748/748/748
f 1517/1517/1517 727/727/727 802/802/802
f 1466/1466/1466 124/124/124 1244/1244/1244
f 1042/1042/1042 346/346/346 529/529/529
f 1623/1623/1623 348/348/348 1588/1588/1588
f 328/328/328 1948/1948/1948 1832/1832/1832
f 1205/1205/1205 565/565/565 222/222/222
f 1219/1219/1219 225/225/225 516/516/516
f 469/469/469 926/926/926 616/616/616
f 1774/1774/1774 631/631/631 1610/1610/1610
f 1619/1619/1619 909/909/909 1597/1597/1597
f 130/130/130 755/755/755 1658/1658/1658
f 1316/1316/1316 771/771/771 1054/1054/1054
f 875/875/875 458/458/458 2132/2132/2132
f 177/177/177 1364/1364/1364 1610/1610/1610
f 677/677/677 1415/1415/1415 1801/1801/1801
f 2149/2149/2149 1327/1327/1327 1968/1968/1968
f 1919/1919/1919 1765/1765/1765 1625/1625/1625
f 1660/1660/1660 680/680/680 1857/1857/1857
f 2077/2077/2077 1503/1503/1503 156/156/156
f 187/187/187 655/655/655 874/874/874
f 2153/2153/2153 210/210/210 2081/2081/2081
f 1335/1335/1335 335/335/335 1330/1330/1330
f 1715/1715/1715 1625/1625/1625 1617/1617/1617
f 1005/1005/1005 1727/1727/1727 1236/1236/1236
f 1625/1625/1625 1288/1288/1288 1865/1865/1865
f 1336/1336/1336 533/533/533 193/193/193
f 2083/2083/2083 1469/1469/1469 518/518/518
f 1354/1354/1354 1346/1346/1346 418/418/418
f 2066/2066/2066 700/700/700 1144/1144/1144
f 1977/1977/1977 293/293/293 921/921/921
f 833/833/833 1289/1289/1289 1426/1426/1426
f 2131/2131/2131 563/563/563 1631/1631/1631
f 1557/1557/1557 548/548/548 1889/1889/1889
f 2112/2112/2112 1079/1079/1079 1017/1017/1017
f 1401/1401/1401 2114/2114/2114 1161/1161/1161
f 2096/2096/2096 897/897/897 347/347/347
f 2143/2143/2143 380/380/380 1545/1545/1545
f 1528/1528/1528 1085/1085/1085 1413/1413/1413
f 1959/1959/1959 162/162/162 761/761/761
f 589/589/589 1380/1380/1380 2084/2084/2084
f 2084/2084/2084 1851/1851/1851 1193/1193/1193
f 1622/1622/1622 150/150/150 513/513/513
f 1385/1385/1385 1232/1232/1232 1036/1036/1036
f 1038/1038/1038 864/864/864 935/935/935
f 1610/1610/1610 480/480/480 177/177/177
f 1049/1049/1049 649/649/649 1064/1064/1064
f 898/898/898 2051/2051/2051 651/651/651
f 1419/1419/1419 505/505/505 1235/1235/1235
f 49/49/49 1153/1153/1153 50/50/50
f 1080/1080/1080 1066/1066/1066 1181/1181/1181
f 1259/1259/1259 1870/1870/1870 1398/1398/1398
f 1252/1252/1252 1816/1816/1816 1167/1167/1167
f 1527/1527/1527 1321/1321/1321 1921/1921/1921
f 2014/2014/2014 1056/1056/1056 640/640/640
f 985/985/985 1516/1516/1516 1016/1016/1016
f 634/634/634 1089/1089/1089 514/514/514
f 918/918/918 282/282/282 1913/1913/1913
f 1430/1430/1430 224/224/224 1278/1278/1278
f 1642/1642/1642 865/865/865 1600/1600/1600
f 1162/1162/1162 1982/1982/1982 1398/1398/1398
f 623/623/623 1842/1842/1842 1458/1458/1458
f 913/913/913 389/389/389 356/356/356
f 1805/1805/1805 362/362/362 1063/1063/1063
f 1383/1383/1383 623/623/623 1722/1722/1722
f 1358/1358/1358 1383/1383/1383 519/519/519
f 2132/2132/2132 458/458/458 1669/1669/1669
f 419/419/419 828/828/828 920/920/920
f 473/473/473 1776/1776/1776 353/353/353
f 242/242/242 1554/1554/1554 1468/1468/1468
f 1017/1017/1017 922/922/922 1225/1225/1225
f 2065/2065/2065 779/779/779 1401/1401/1401
f 1594/1594/1594 1152/1152/1152 1363/1363/1363
f 1780/1780/1780 147/147/147 1033/1033/1033
f 465/465/465 1168/1168/1168 1137/1137/1137
f 1078/1078/1078 939/939/939 442/442/442
f 959/959/959 1219/1219/1219 516/516/516
f 1784/1784/1784 1758/1758/1758 979/979/979
f 1392/1392/1392 1211/1211/1211 2032/2032/2032
f 943/943/943 1130/1130/1130 682/682/682
f 1355/1355/1355 395/395/395 662/662/662
f 164/164/164 1355/1355/1355 662/662/662
f 2128/2128/2128 1479/1479/1479 1743/1743/1743
f 1291/1291/1291 1086/1086/1086 961/961/961
f 837/837/837 1750/1750/1750 1116/1116/1116
f 456/456/456 2115/2115/2115 657/657/657
f 352/352/352 1691/1691/1691 1351/1351/1351
f 1598/1598/1598 1058/1058/1058 1293/1293/1293
f 762/762/762 724/724/724 1903/1903/1903
f 1085/1085/1085 59/59/59 58/58/58
f 1366/1366/1366 962/962/962 1131/1131/1131
f 1089/1089/1089 1834/1834/1834 697/697/697
f 607/607/607 186/186/186 404/404/404
f 1847/1847/1847 703/703/703 685/685/685
f 1139/1139/1139 309/309/309 1088/1088/1088
f 551/551/551 1747/1747/1747 670/670/670
f 1089/1089/1089 697/697/697 514/514/514
f 336/336/336 182/182/182 1573/1573/1573
f 501/501/501 44/44/44 43/43/43
f 1485/1485/1485 2006/2006/2006 554/554/554
f 364/364/364 1826/1826/1826 1091/1091/1091
f 468/468/468 1189/1189/1189 1135/1135/1135
f 112/112/112 1145/1145/1145 113/113/113
f 1910/1910/1910 448/448/448 668/668/668
f 1992/1992/1992 801/801/801 434/434/434
f 262/262/262 1520/1520/1520 1585/1585/1585
f 2041/2041/2041 1127/1127/1127 951/951/951
f 1442/1442/1442 1029/1029/1029 1227/1227/1227
f 1251/1251/1251 639/639/639 1767/1767/1767
f 878/878/878 1024/1024/1024 1797/1797/1797
f 426/426/426 1704/1704/1704 1392/1392/1392
f 790/790/790 1257/1257/1257 780/780/780
f 799/799/799 221/221/221 1489/1489/1489
f 252/252/252 51/51/51 1771/1771/1771
f 462/462/462 2154/2154/2154 832/832/832
f 1722/1722/1722 623/623/623 1458/1458/1458
f 1286/1286/1286 170/170/170 1080/1080/1080
f 2019/2019/2019 476/476/476 491/491/491
f 1703/1703/1703 765/765/765 1563/1563/1563
f 576/576/576 1469/1469/1469 1112/1112/1112
f 1471/1471/1471 350/350/350 1271/1271/1271
f 202/202/202 2002/2002/2002 1414/1414/1414
f 746/746/746 304/304/304 705/705/705
f 1233/1233/1233 1558/1558/1558 1212/1212/1212
f 898/898/898 1171/1171/1171 972/972/972
f 1509/1509/1509 384/384/384 1051/1051/1051
f 1016/1016/1016 1322/1322/1322 1553/1553/1553
f 393/393/393 578/578/578 803/803/803
f 1144/1144/1144 250/250/250 763/763/763
f 377/377/377 1609/1609/1609 1388/1388/1388
f 1752/1752/1752 1588/1588/1588 1229/1229/1229
f 328/328/328 1832/1832/1832 1721/1721/1721
f 1543/1543/1543 1881/1881/1881 289/289/289
f 1397/1397/1397 768/768/768 329/329/329
f 1514/1514/1514 479/479/479 1183/1183/1183
f 1996/1996/1996 1029/1029/1029 1442/1442/1442
f 767/767/767 1805/1805/1805 177/177/177
f 2046/2046/2046 1591/1591/1591 1936/1936/1936
f 628/628/628 1353/1353/1353 1155/1155/1155
f 317/317/317 1108/1108/1108 1587/1587/1587
f 1215/1215/1215 313/313/313 650/650/650
f 1319/1319/1319 1302/1302/1302 179/179/179
f 1147/1147/1147 2132/2132/2132 1669/1669/1669
f 130/130/130 129/129/129 755/755/755
f 1457/1457/1457 1201/1201/1201 443/443/443
f 1771/1771/1771 1153/1153/1153 629/629/629
f 1151/1151/1151 907/907/907 219/219/219
f 1962/1962/1962 1718/1718/1718 1882/1882/1882
f 972/972/972 204/204/204 358/358/358
f 1163/1163/1163 863/863/863 852/852/852
f 1867/1867/1867 1002/1002/1002 1657/1657/1657
f 634/634/634 1835/1835/1835 1089/1089/1089
f 1774/1774/1774 1610/1610/1610 1364/1364/1364
f 262/262/262 1631/1631/1631 1520/1520/1520
f 1383/1383/1383 1722/1722/1722 519/519/519
f 1608/1608/1608 1690/1690/1690 2048/2048/2048
f 1532/1532/1532 827/827/827 149/149/149
f 2042/2042/2042 1663/1663/1663 332/332/332
f 1789/1789/1789 1210/1210/1210 1258/1258/1258
f 1953/1953/1953 581/581/581 94/94/94
f 193/193/193 1115/1115/1115 303/303/303
f 544/544/544 1421/1421/1421 1352/1352/1352
f 793/793/793 1869/1869/1869 1530/1530/1530
f 255/255/255 1839/1839/1839 1670/1670/1670
f 939/939/939 66/66/66 442/442/442
f 67/67/67 939/939/939 825/825/825
f 743/743/743 1754/1754/1754 401/401/401
f 1644/1644/1644 17/17/17 16/16/16
f 1929/1929/1929 862/862/862 247/247/247
f 1964/1964/1964 837/837/837 1651/1651/1651
f 696/696/696 1589/1589/1589 233/233/233
f 1787/1787/1787 730/730/730 287/287/287
f 1632/1632/1632 370/370/370 527/527/527
f 1938/1938/1938 1581/1581/1581 1633/1633/1633
f 1878/1878/1878 1412/1412/1412 912/912/912
f 1973/1973/1973 590/590/590 1121/1121/1121
f 1104/1104/1104 730/730/730 1640/1640/1640
f 1290/1290/1290 2129/2129/2129 1676/1676/1676
f 70/70/70 1061/1061/1061 71/71/71
f 1675/1675/1675 1583/1583/1583 326/326/326
f 2006/2006/2006 47/47/47 2103/2103/2103
f 1853/1853/1853 2101/2101/2101 2106/2106/2106
f 1712/1712/1712 1773/1773/1773 1279/1279/1279
f 284/284/284 2010/2010/2010 866/866/866
f 1746/1746/1746 735/735/735 216/216/216
f 1133/1133/1133 65/65/65 64/64/64
f 1544/1544/1544 567/567/567 2023/2023/2023
f 2053/2053/2053 1969/1969/1969 1938/1938/1938
f 906/906/906 577/577/577 744/744/744
f 158/158/158 1838/1838/1838 1933/1933/1933
f 815/815/815 696/696/696 233/233/233
f 988/988/988 2082/2082/2082 630/630/630
f 1951/1951/1951 1608/1608/1608 1879/1879/1879
f 2025/2025/2025 928/928/928 1041/1041/1041
f 1757/1757/1757 1804/1804/1804 892/892/892
f 920/920/920 470/470/470 269/269/269
f 1185/1185/1185 1088/1088/1088 309/309/309
f 1882/1882/1882 1718/1718/1718 455/455/455
f 1247/1247/1247 352/352/352 1156/1156/1156
f 381/381/381 1083/1083/1083 1764/1764/1764
f 810/810/810 36/36/36 633/633/633
f 2139/2139/2139 201/201/201 800/800/800
f 508/508/508 375/375/375 1887/1887/1887
f 572/572/572 259/259/259 1185/1185/1185
f 396/396/396 2040/2040/2040 675/675/675
f 1939/1939/1939 1596/1596/1596 1192/1192/1192
f 493/493/493 430/430/430 763/763/763
f 316/316/316 1431/1431/1431 587/587/587
f 114/114/114 1977/1977/1977 115/115/115
f 475/475/475 109/109/109 973/973/973
f 1572/1572/1572 621/621/621 1404/1404/1404
f 303/303/303 1115/1115/1115 368/368/368
f 1469/1469/1469 1669/1669/1669 518/518/518
f 128/128/128 421/421/421 576/576/576
f 2010/2010/2010 561/561/561 374/374/374
f 670/670/670 393/393/393 902/902/902
f 1482/1482/1482 351/351/351 1474/1474/1474
f 1681/1681/1681 206/206/206 1149/1149/1149
f 1363/1363/1363 1152/1152/1152 706/706/706
f 2029/2029/2029 1077/1077/1077 2022/2022/2022
f 1221/1221/1221 1011/1011/1011 320/320/320
f 1075/1075/1075 1134/1134/1134 987/987/987
f 2112/2112/2112 1225/1225/1225 516/516/516
f 1446/1446/1446 549/549/549 1077/1077/1077
f 2005/2005/2005 443/443/443 1201/1201/1201
f 44/44/44 382/382/382 1823/1823/1823
f 2073/2073/2073 1096/1096/1096 217/217/217
f 1210/1210/1210 1789/1789/1789 1073/1073/1073
f 1183/1183/1183 1626/1626/1626 1829/1829/1829
f 2030/2030/2030 899/899/899 1220/1220/1220
f 628/628/628 1845/1845/1845 1353/1353/1353
f 352/352/352 1351/1351/1351 946/946/946
f 1806/1806/1806 337/337/337 685/685/685
f 1553/1553/1553 1056/1056/1056 1126/1126/1126
f 1955/1955/1955 1841/1841/1841 390/390/390
f 1526/1526/1526 745/745/745 1955/1955/1955
f 1250/1250/1250 2135/2135/2135 192/192/192
f 1842/1842/1842 623/623/623 1814/1814/1814
f 1845/1845/1845 646/646/646 1353/1353/1353
f 2030/2030/2030 1500/1500/1500 1682/1682/1682
f 1304/1304/1304 139/139/139 138/138/138
f 1382/1382/1382 145/145/145 144/144/144
f 834/834/834 1704/1704/1704 426/426/426
f 84/84/84 83/83/83 1695/1695/1695
f 1721/1721/1721 190/190/190 328/328/328
f 1558/1558/1558 582/582/582 1212/1212/1212
f 380/380/380 646/646/646 296/296/296
f 185/185/185 182/182/182 336/336/336
f 872/872/872 1197/1197/1197 283/283/283
f 2017/2017/2017 1007/1007/1007 1888/1888/1888
f 646/646/646 380/380/380 1353/1353/1353
f 57/57/57 353/353/353 58/58/58
f 1932/1932/1932 598/598/598 176/176/176
f 958/958/958 1642/1642/1642 1275/1275/1275
f 1811/1811/1811 748/748/748 1463/1463/1463
f 1859/1859/1859 1770/1770/1770 1356/1356/1356
f 2017/2017/2017 413/413/413 26/26/26
f 1246/1246/1246 1901/1901/1901 399/399/399
f 411/411/411 1877/1877/1877 1696/1696/1696
f 574/574/574 364/364/364 577/577/577
f 1894/1894/1894 1450/1450/1450 1649/1649/1649
f 1171/1171/1171 204/204/204 972/972/972
f 325/325/325 308/308/308 1473/1473/1473
f 1924/1924/1924 367/367/367 860/860/860
f 1173/1173/1173 1902/1902/1902 1539/1539/1539
f 1434/1434/1434 85/85/85 237/237/237
f 767/767/767 480/480/480 2072/2072/2072
f 1993/1993/1993 1801/1801/1801 1226/1226/1226
f 1650/1650/1650 1606/1606/1606 1025/1025/1025
f 990/990/990 754/754/754 764/764/764
f 1888/1888/1888 329/329/329 1522/1522/1522
f 1011/1011/1011 1114/1114/1114 246/246/246
f 581/581/581 854/854/854 2089/2089/2089
f 1502/1502/1502 439/439/439 1206/1206/1206
f 1030/1030/1030 1586/1586/1586 276/276/276
f 64/64/64 1226/1226/1226 1133/1133/1133
f 1779/1779/1779 1283/1283/1283 985/985/985
f 906/906/906 574/574/574 577/577/577
f 1465/1465/1465 1984/1984/1984 1012/1012/1012
f 1331/1331/1331 394/394/394 1614/1614/1614
f 156/156/156 196/196/196 2077/2077/2077
f 1159/1159/1159 1988/1988/1988 1358/1358/1358
f 717/717/717 1299/1299/1299 760/760/760
f 1550/1550/1550 1324/1324/1324 1010/1010/1010
f 1641/1641/1641 1083/1083/1083 361/361/361
f 273/273/273 1900/1900/1900 1566/1566/1566
f 249/249/249 2100/2100/2100 894/894/894
f 824/824/824 1569/1569/1569 199/199/199
f 572/572/572 813/813/813 613/613/613
f 1148/1148/1148 578/578/578 393/393/393
f 1367/1367/1367 661/661/661 1794/1794/1794
f 247/247/247 2067/2067/2067 1373/1373/1373
f 884/884/884 728/728/728 840/840/840
f 189/189/189 673/673/673 408/408/408
f 1141/1141/1141 690/690/690 810/810/810
f 32/32/32 31/31/31 344/344/344
f 1908/1908/1908 488/488/488 1190/1190/1190
f 832/832/832 392/392/392 462/462/462
f 2109/2109/2109 870/870/870 1045/1045/1045
f 1747/1747/1747 1461/1461/1461 669/669/669
f 2125/2125/2125 1648/1648/1648 192/192/192
f 963/963/963 1383/1383/1383 1358/1358/1358
f 964/964/964 1649/1649/1649 817/817/817
f 486/486/486 2141/2141/2141 1339/1339/1339
f 770/770/770 1216/1216/1216 363/363/363
f 61/61/61 735/735/735 1661/1661/1661
f 1080/1080/1080 1709/1709/1709 1286/1286/1286
f 552/552/552 2125/2125/2125 834/834/834
f 1740/1740/1740 196/196/196 1218/1218/1218
f 1488/1488/1488 1941/1941/1941 333/333/333
f 243/243/243 560/560/560 721/721/721
f 393/393/393 670/670/670 669/669/669
f 1927/1927/1927 1845/1845/1845 628/628/628
f 502/502/502 1605/1605/1605 298/298/298
f 1757/1757/1757 1323/1323/1323 609/609/609
f 137/137/137 136/136/136 700/700/700
f 2067/2067/2067 632/632/632 2085/2085/2085
f 1199/1199/1199 661/661/661 340/340/340
f 1635/1635/1635 978/978/978 1125/1125/1125
f 1728/1728/1728 929/929/929 954/954/954
f 1514/1514/1514 1183/1183/1183 1197/1197/1197
f 505/505/505 2057/2057/2057 571/571/571
f 637/637/637 649/649/649 1288/1288/1288
f 765/765/765 1703/1703/1703 322/322/322
f 253/253/253 701/701/701 1856/1856/1856
f 1842/1842/1842 392/392/392 832/832/832
f 1761/1761/1761 1471/1471/1471 1565/1565/1565
f 1523/1523/1523 210/210/210 1495/1495/1495
f 1217/1217/1217 718/718/718 1265/1265/1265
f 1796/1796/1796 865/865/865 1205/1205/1205
f 1393/1393/1393 2038/2038/2038 1788/1788/1788
f 1549/1549/1549 333/333/333 1356/1356/1356
f 308/308/308 1359/1359/1359 1324/1324/1324
f 549/549/549 2022/2022/2022 1077/1077/1077
f 778/778/778 714/714/714 542/542/542
f 1640/1640/1640 2095/2095/2095 1639/1639/1639
f 151/151/151 1622/1622/1622 332/332/332
f 827/827/827 1883/1883/1883 513/513/513
f 933/933/933 1538/1538/1538 432/432/432
f 713/713/713 1311/1311/1311 858/858/858
f 1154/1154/1154 1120/1120/1120 173/173/173
f 1170/1170/1170 1254/1254/1254 831/831/831
f 804/804/804 165/165/165 949/949/949
f 1233/1233/1233 1212/1212/1212 798/798/798
f 2016/2016/2016 1646/1646/1646 1031/1031/1031
f 2131/2131/2131 478/478/478 1645/1645/1645
f 1995/1995/1995 1040/1040/1040 955/955/955
f 1515/1515/1515 706/706/706 773/773/773
f 1816/1816/1816 531/531/531 1167/1167/1167
f 1232/1232/1232 1172/1172/1172 231/231/231
f 1941/1941/1941 1455/1455/1455 69/69/69
f 770/770/770 1851/1851/1851 1380/1380/1380
f 354/354/354 1493/1493/1493 1238/1238/1238
f 1576/1576/1576 760/760/760 1299/1299/1299
f 68/68/68 825/825/825 1825/1825/1825
f 901/901/901 196/196/196 1740/1740/1740
f 908/908/908 2104/2104/2104 1662/1662/1662
f 1766/1766/1766 220/220/220 997/997/997
f 818/818/818 1531/1531/1531 260/260/260
f 1113/1113/1113 273/273/273 524/524/524
f 381/381/381 1764/1764/1764 1512/1512/1512
f 1500/1500/1500 1160/1160/1160 566/566/566
f 1650/1650/1650 1015/1015/1015 1897/1897/1897
f 1054/1054/1054 2092/2092/2092 269/269/269
f 777/777/777 1666/1666/1666 918/918/918
f 1985/1985/1985 1754/1754/1754 808/808/808
f 875/875/875 127/127/127 126/126/126
f 1679/1679/1679 1490/1490/1490 521/521/521
f 1152/1152/1152 1914/1914/1914 773/773/773
f 1232/1232/1232 1385/1385/1385 1384/1384/1384
f 1969/1969/1969 1581/1581/1581 1938/1938/1938
f 1413/1413/1413 1178/1178/1178 1039/1039/1039
f 1922/1922/1922 1312/1312/1312 298/298/298
f 738/738/738 1397/1397/1397 1007/1007/1007
f 1228/1228/1228 729/729/729 1120/1120/1120
f 2089/2089/2089 890/890/890 1791/1791/1791
f 107/107/107 1126/1126/1126 534/534/534
f 1483/1483/1483 122/122/122 792/792/792
f 1553/1553/1553 821/821/821 1016/1016/1016
f 638/638/638 415/415/415 2144/2144/2144
f 2074/2074/2074 1227/1227/1227 1699/1699/1699
f 1567/1567/1567 1905/1905/1905 334/334/334
f 1009/1009/1009 1379/1379/1379 894/894/894
f 838/838/838 1437/1437/1437 947/947/947
f 1321/1321/1321 1796/1796/1796 1044/1044/1044
f 1330/1330/1330 1186/1186/1186 1335/1335/1335
f 370/370/370 272/272/272 994/994/994
f 1489/1489/1489 221/221/221 306/306/306
f 1552/1552/1552 1945/1945/1945 957/957/957
f 276/276/276 1048/1048/1048 1030/1030/1030
f 725/725/725 1899/1899/1899 1748/1748/1748
f 753/753/753 717/717/717 739/739/739
f 791/791/791 157/157/157 1100/1100/1100
f 917/917/917 1795/1795/1795 206/206/206
f 710/710/710 1727/1727/1727 1448/1448/1448
f 1003/1003/1003 291/291/291 1554/1554/1554
f 1322/1322/1322 640/640/640 1056/1056/1056
f 1396/1396/1396 644/644/644 155/155/155
f 1847/1847/1847 2153/2153/2153 772/772/772
f 843/843/843 98/98/98 1773/1773/1773
f 2093/2093/2093 1593/1593/1593 992/992/992
f 1744/1744/1744 1239/1239/1239 1577/1577/1577
f 1960/1960/1960 536/536/536 1534/1534/1534
f 816/816/816 1006/1006/1006 1906/1906/1906
f 650/650/650 1924/1924/1924 504/504/504
f 471/471/471 1473/1473/1473 564/564/564
f 1147/1147/1147 1669/1669/1669 1469/1469/1469
f 2118/2118/2118 1466/1466/1466 402/402/402
f 1718/1718/1718 1477/1477/1477 830/830/830
f 297/297/297 1114/1114/1114 1835/1835/1835
f 1381/1381/1381 1672/1672/1672 311/311/311
f 1823/1823/1823 662/662/662 385/385/385
f 24/24/24 1743/1743/1743 738/738/738
f 1247/1247/1247 1156/1156/1156 1165/1165/1165
f 277/277/277 2064/2064/2064 676/676/676
f 1868/1868/1868 1362/1362/1362 1019/1019/1019
f 1360/1360/1360 742/742/742 1325/1325/1325
f 1613/1613/1613 797/797/797 605/605/605
f 1191/1191/1191 1946/1946/1946 1177/1177/1177
f 963/963/963 1707/1707/1707 1570/1570/1570
f 1957/1957/1957 650/650/650 422/422/422
f 1636/1636/1636 15/15/15 14/14/14
f 1496/1496/1496 1024/1024/1024 1308/1308/1308
f 650/650/650 1957/1957/1957 1215/1215/1215
f 792/792/792 122/122/122 121/121/121
f 1106/1106/1106 1751/1751/1751 1730/1730/1730
f 950/950/950 1841/1841/1841 745/745/745
f 1725/1725/1725 309/309/309 507/507/507
f 922/922/922 1017/1017/1017 531/531/531
f 339/339/339 147/147/147 146/146/146
f 1481/1481/1481 1170/1170/1170 608/608/608
f 890/890/890 1575/1575/1575 595/595/595
f 1592/1592/1592 1501/1501/1501 1395/1395/1395
f 2125/2125/2125 192/192/192 834/834/834
f 2111/2111/2111 1392/1392/1392 2032/2032/2032
f 379/379/379 158/158/158 545/545/545
f 1181/1181/1181 1066/1066/1066 1130/1130/1130
f 851/851/851 1931/1931/1931 1551/1551/1551
f 1613/1613/1613 605/605/605 759/759/759
f 1317/1317/1317 998/998/998 1032/1032/1032
f 1507/1507/1507 2123/2123/2123 2059/2059/2059
f 2123/2123/2123 2099/2099/2099 429/429/429
f 29/29/29 28/28/28 1342/1342/1342
f 1497/1497/1497 1274/1274/1274 369/369/369
f 265/265/265 1983/1983/1983 659/659/659
f 611/611/611 1651/1651/1651 717/717/717
f 1576/1576/1576 1308/1308/1308 1024/1024/1024
f 1691/1691/1691 787/787/787 558/558/558
f 1069/1069/1069 1389/1389/1389 1510/1510/1510
f 1594/1594/1594 388/388/388 1225/1225/1225
f 317/317/317 502/502/502 1108/1108/1108
f 2061/2061/2061 934/934/934 1110/1110/1110
f 1300/1300/1300 641/641/641 866/866/866
f 778/778/778 190/190/190 714/714/714
f 1182/1182/1182 760/760/760 1576/1576/1576
f 1205/1205/1205 1217/1217/1217 1449/1449/1449
f 1300/1300/1300 1180/1180/1180 271/271/271
f 1404/1404/1404 1421/1421/1421 1871/1871/1871
f 1979/1979/1979 631/631/631 1601/1601/1601
f 1944/1944/1944 1390/1390/1390 1920/1920/1920
f 506/506/506 521/521/521 1348/1348/1348
f 2141/2141/2141 1726/1726/1726 1339/1339/1339
f 1101/1101/1101 266/266/266 279/279/279
f 1357/1357/1357 327/327/327 1071/1071/1071
f 1987/1987/1987 1047/1047/1047 543/543/543
f 1715/1715/1715 883/883/883 1414/1414/1414
f 1638/1638/1638 2074/2074/2074 1699/1699/1699
f 503/503/503 583/583/583 645/645/645
f 1505/1505/1505 1515/1515/1515 295/295/295
f 1676/1676/1676 1617/1617/1617 1053/1053/1053
f 1411/1411/1411 1828/1828/1828 1646/1646/1646
f 244/244/244 1868/1868/1868 180/180/180
f 620/620/620 919/919/919 1094/1094/1094
f 1729/1729/1729 2145/2145/2145 320/320/320
f 1084/1084/1084 923/923/923 1519/1519/1519
f 2152/2152/2152 22/22/22 21/21/21
f 976/976/976 703/703/703 772/772/772
f 1279/1279/1279 1698/1698/1698 1712/1712/1712
f 456/456/456 1084/1084/1084 2115/2115/2115
f 1397/1397/1397 738/738/738 1743/1743/1743
f 1787/1787/1787 1671/1671/1671 730/730/730
f 1640/1640/1640 1639/1639/1639 1104/1104/1104
f 2137/2137/2137 2065/2065/2065 712/712/712
f 712/712/712 2065/2065/2065 307/307/307
f 1136/1136/1136 668/668/668 1092/1092/1092
f 1693/1693/1693 714/714/714 2070/2070/2070
f 1084/1084/1084 932/932/932 923/923/923
f 830/830/830 1477/1477/1477 882/882/882
f 595/595/595 1575/1575/1575 487/487/487
f 462/462/462 392/392/392 412/412/412
f 1690/1690/1690 1928/1928/1928 2036/2036/2036
f 463/463/463 491/491/491 1022/1022/1022
f 102/102/102 188/188/188 103/103/103
f 854/854/854 581/581/581 1976/1976/1976
f 1288/1288/1288 649/649/649 1792/1792/1792
f 710/710/710 681/681/681 1236/1236/1236
f 1158/1158/1158 155/155/155 644/644/644
f 1396/1396/1396 1104/1104/1104 1639/1639/1639
f 2071/2071/2071 2033/2033/2033 1766/1766/1766
f 1414/1414/1414 1919/1919/1919 1715/1715/1715
f 618/618/618 1264/1264/1264 1086/1086/1086
f 1512/1512/1512 1370/1370/1370 381/381/381
f 653/653/653 674/674/674 1783/1783/1783
f 935/935/935 901/901/901 1038/1038/1038
f 2049/2049/2049 1363/1363/1363 706/706/706
f 1844/1844/1844 839/839/839 604/604/604
f 1550/1550/1550 1837/1837/1837 1324/1324/1324
f 1079/1079/1079 1214/1214/1214 1963/1963/1963
f 1978/1978/1978 1243/1243/1243 1111/1111/1111
f 249/249/249 549/549/549 2100/2100/2100
f 696/696/696 695/695/695 1589/1589/1589
f 1965/1965/1965 1281/1281/1281 1778/1778/1778
f 915/915/915 409/409/409 1839/1839/1839
f 1306/1306/1306 512/512/512 1395/1395/1395
f 1626/1626/1626 1183/1183/1183 1176/1176/1176
f 352/352/352 1370/1370/1370 1156/1156/1156
f 911/911/911 301/301/301 1620/1620/1620
f 2101/2101/2101 1998/1998/1998 1291/1291/1291
f 1824/1824/1824 492/492/492 1698/1698/1698
f 1241/1241/1241 1948/1948/1948 1157/1157/1157
f 1298/1298/1298 1641/1641/1641 2052/2052/2052
f 672/672/672 837/837/837 747/747/747
f 1850/1850/1850 1569/1569/1569 1678/1678/1678
f 678/678/678 1692/1692/1692 1677/1677/1677
f 1219/1219/1219 436/436/436 459/459/459
f 693/693/693 1619/1619/1619 784/784/784
f 900/900/900 999/999/999 941/941/941
f 214/214/214 909/909/909 1619/1619/1619
f 1588/1588/1588 208/208/208 1229/1229/1229
f 1394/1394/1394 973/973/973 534/534/534
f 796/796/796 1434/1434/1434 851/851/851
f 1592/1592/1592 796/796/796 1501/1501/1501
f 366/366/366 485/485/485 2015/2015/2015
f 123/123/123 1483/1483/1483 1244/1244/1244
f 1387/1387/1387 1264/1264/1264 946/946/946
f 1359/1359/1359 1010/1010/1010 1324/1324/1324
f 2005/2005/2005 1090/1090/1090 1407/1407/1407
f 1901/1901/1901 1800/1800/1800 1731/1731/1731
f 2119/2119/2119 1947/1947/1947 663/663/663
f 1561/1561/1561 1507/1507/1507 1423/1423/1423
f 1862/1862/1862 963/963/963 1570/1570/1570
f 487/487/487 1756/1756/1756 1408/1408/1408
f 2050/2050/2050 2035/2035/2035 1153/1153/1153
f 1453/1453/1453 847/847/847 612/612/612
f 1609/1609/1609 312/312/312 1388/1388/1388
f 1854/1854/1854 184/184/184 610/610/610
f 531/531/531 1932/1932/1932 922/922/922
f 144/144/144 143/143/143 850/850/850
f 852/852/852 2013/2013/2013 1163/1163/1163
f 675/675/675 488/488/488 1908/1908/1908
f 518/518/518 1669/1669/1669 397/397/397
f 2027/2027/2027 891/891/891 1891/1891/1891
f 1508/1508/1508 797/797/797 1613/1613/1613
f 741/741/741 1818/1818/1818 1377/1377/1377
f 436/436/436 959/959/959 2049/2049/2049
f 1950/1950/1950 160/160/160 1812/1812/1812
f 1760/1760/1760 982/982/982 728/728/728
f 1911/1911/1911 1827/1827/1827 673/673/673
f 2033/2033/2033 806/806/806 1766/1766/1766
f 553/553/553 267/267/267 883/883/883
f 773/773/773 1914/1914/1914 1391/1391/1391
f 436/436/436 1013/1013/1013 282/282/282
f 287/287/287 2015/2015/2015 1338/1338/1338
f 1752/1752/1752 1208/1208/1208 1713/1713/1713
f 660/660/660 546/546/546 1858/1858/1858
f 212/212/212 1556/1556/1556 305/305/305
f 1479/1479/1479 768/768/768 1397/1397/1397
f 1543/1543/1543 289/289/289 1496/1496/1496
f 1445/1445/1445 1325/1325/1325 1141/1141/1141
f 1822/1822/1822 1027/1027/1027 1377/1377/1377
f 769/769/769 1361/1361/1361 277/277/277
f 1371/1371/1371 544/544/544 1352/1352/1352
f 609/609/609 1665/1665/1665 1345/1345/1345
f 427/427/427 1687/1687/1687 698/698/698
f 881/881/881 1095/1095/1095 232/232/232
f 980/980/980 224/224/224 657/657/657
f 644/644/644 1239/1239/1239 195/195/195
f 968/968/968 448/448/448 1910/1910/1910
f 1687/1687/1687 817/817/817 1450/1450/1450
f 1428/1428/1428 266/266/266 1101/1101/1101
f 1315/1315/1315 1939/1939/1939 1192/1192/1192
f 1939/1939/1939 938/938/938 1596/1596/1596
f 1389/1389/1389 932/932/932 301/301/301
f 1402/1402/1402 1912/1912/1912 1555/1555/1555
f 367/367/367 1978/1978/1978 1767/1767/1767
f 1009/1009/1009 1347/1347/1347 230/230/230
f 1202/1202/1202 419/419/419 1406/1406/1406
f 1671/1671/1671 1230/1230/1230 2079/2079/2079
f 449/449/449 460/460/460 1720/1720/1720
f 1625/1625/1625 1865/1865/1865 1617/1617/1617
f 2015/2015/2015 1104/1104/1104 1396/1396/1396
f 771/771/771 1940/1940/1940 377/377/377
f 2014/2014/2014 973/973/973 1394/1394/1394
f 350/350/350 1471/1471/1471 1761/1761/1761
f 1634/1634/1634 1965/1965/1965 1778/1778/1778
f 1157/1157/1157 778/778/778 542/542/542
f 461/461/461 727/727/727 823/823/823
f 259/259/259 1711/1711/1711 1088/1088/1088
f 1621/1621/1621 659/659/659 1477/1477/1477
f 2101/2101/2101 1291/1291/1291 1424/1424/1424
f 820/820/820 598/598/598 1808/1808/1808
f 894/894/894 2100/2100/2100 1341/1341/1341
f 602/602/602 1611/1611/1611 1497/1497/1497
f 1355/1355/1355 605/605/605 1317/1317/1317
f 1874/1874/1874 686/686/686 1859/1859/1859
f 1343/1343/1343 1078/1078/1078 719/719/719
f 1390/1390/1390 1705/1705/1705 616/616/616
f 2001/2001/2001 1277/1277/1277 702/702/702
f 1702/1702/1702 830/830/830 1657/1657/1657
f 1651/1651/1651 611/611/611 1964/1964/1964
f 214/214/214 137/137/137 700/700/700
f 1618/1618/1618 1100/1100/1100 157/157/157
f 2100/2100/2100 504/504/504 1341/1341/1341
f 606/606/606 1532/1532/1532 148/148/148
f 509/509/509 2082/2082/2082 988/988/988
f 1916/1916/1916 1596/1596/1596 579/579/579
f 1481/1481/1481 608/608/608 1196/1196/1196
f 1408/1408/1408 595/595/595 487/487/487
f 436/436/436 2049/2049/2049 1013/1013/1013
f 1036/1036/1036 1232/1232/1232 2029/2029/2029
f 1387/1387/1387 657/657/657 496/496/496
f 1430/1430/1430 1278/1278/1278 853/853/853
f 1326/1326/1326 1037/1037/1037 446/446/446
f 1332/1332/1332 495/495/495 1238/1238/1238
f 1999/1999/1999 1164/1164/1164 336/336/336
f 646/646/646 652/652/652 296/296/296
f 436/436/436 1219/1219/1219 959/959/959
f 225/225/225 2112/2112/2112 516/516/516
f 1759/1759/1759 1545/1545/1545 1673/1673/1673
f 998/998/998 605/605/605 797/797/797
f 1863/1863/1863 1917/1917/1917 467/467/467
f 1828/1828/1828 1411/1411/1411 480/480/480
f 1937/1937/1937 77/77/77 76/76/76
f 2048/2048/2048 540/540/540 1608/1608/1608
f 1311/1311/1311 713/713/713 751/751/751
f 2135/2135/2135 1297/1297/1297 1946/1946/1946
f 1543/1543/1543 911/911/911 1881/1881/1881
f 2116/2116/2116 879/879/879 532/532/532
f 1506/1506/1506 451/451/451 268/268/268
f 1360/1360/1360 344/344/344 1027/1027/1027
f 495/495/495 1637/1637/1637 588/588/588
f 1708/1708/1708 378/378/378 1186/1186/1186
f 1835/1835/1835 1221/1221/1221 1834/1834/1834
f 2054/2054/2054 1093/1093/1093 1601/1601/1601
f 1556/1556/1556 1105/1105/1105 585/585/585
f 1382/1382/1382 1689/1689/1689 1624/1624/1624
f 1537/1537/1537 631/631/631 1979/1979/1979
f 1633/1633/1633 1581/1581/1581 970/970/970
f 798/798/798 1326/1326/1326 378/378/378
f 1564/1564/1564 2063/2063/2063 1117/1117/1117
f 2115/2115/2115 1519/1519/1519 961/961/961
f 1407/1407/1407 1090/1090/1090 989/989/989
f 1794/1794/1794 661/661/661 1762/1762/1762
f 1607/1607/1607 340/340/340 1448/1448/1448
f 1885/1885/1885 2052/2052/2052 1655/1655/1655
f 1682/1682/1682 522/522/522 899/899/899
f 2154/2154/2154 462/462/462 1098/1098/1098
f 721/721/721 191/191/191 243/243/243
f 1659/1659/1659 219/219/219 1579/1579/1579
f 1308/1308/1308 301/301/301 1496/1496/1496
f 2043/2043/2043 1332/1332/1332 1739/1739/1739
f 1094/1094/1094 2009/2009/2009 620/620/620
f 799/799/799 861/861/861 221/221/221
f 1226/1226/1226 1216/1216/1216 1133/1133/1133
f 1942/1942/1942 1557/1557/1557 864/864/864
f 2136/2136/2136 1520/1520/1520 1631/1631/1631
f 1791/1791/1791 97/97/97 96/96/96
f 1952/1952/1952 1791/1791/1791 595/595/595
f 1164/1164/1164 1845/1845/1845 185/185/185
f 2057/2057/2057 466/466/466 927/927/927
f 1088/1088/1088 1711/1711/1711 1139/1139/1139
f 1862/1862/1862 1383/1383/1383 963/963/963
f 1817/1817/1817 1685/1685/1685 800/800/800
f 1567/1567/1567 583/583/583 503/503/503
f 880/880/880 1533/1533/1533 1378/1378/1378
f 1907/1907/1907 476/476/476 315/315/315
f 179/179/179 1119/1119/1119 1487/1487/1487
f 1980/1980/1980 166/166/166 12/12/12
f 766/766/766 474/474/474 948/948/948
f 1951/1951/1951 1928/1928/1928 1690/1690/1690
f 1014/1014/1014 505/505/505 1419/1419/1419
f 904/904/904 272/272/272 786/786/786
f 1884/1884/1884 1662/1662/1662 424/424/424
f 263/263/263 1504/1504/1504 1456/1456/1456
f 315/315/315 1707/1707/1707 1907/1907/1907
f 259/259/259 1814/1814/1814 1711/1711/1711
f 1654/1654/1654 230/230/230 1580/1580/1580
f 1028/1028/1028 2004/2004/2004 1758/1758/1758
f 339/339/339 146/146/146 947/947/947
f 779/779/779 1689/1689/1689 2114/2114/2114
f 1072/1072/1072 349/349/349 1664/1664/1664
f 871/871/871 1710/1710/1710 356/356/356
f 479/479/479 1514/1514/1514 1852/1852/1852
f 739/739/739 1579/1579/1579 753/753/753
f 416/416/416 1105/1105/1105 1556/1556/1556
f 312/312/312 694/694/694 660/660/660
f 1223/1223/1223 1182/1182/1182 1024/1024/1024
f 1321/1321/1321 1044/1044/1044 839/839/839
f 1954/1954/1954 1568/1568/1568 829/829/829
f 614/614/614 1794/1794/1794 1762/1762/1762
f 388/388/388 516/516/516 1225/1225/1225
f 1320/1320/1320 1541/1541/1541 892/892/892
f 2078/2078/2078 2038/2038/2038 1393/1393/1393
f 2032/2032/2032 1486/1486/1486 1154/1154/1154
f 1732/1732/1732 156/156/156 1668/1668/1668
f 1369/1369/1369 1285/1285/1285 519/519/519
f 417/417/417 110/110/110 475/475/475
f 1283/1283/1283 1779/1779/1779 235/235/235
f 170/170/170 1660/1660/1660 1583/1583/1583
f 1902/1902/1902 2037/2037/2037 1533/1533/1533
f 105/105/105 2018/2018/2018 1289/1289/1289
f 1115/1115/1115 404/404/404 1035/1035/1035
f 847/847/847 885/885/885 612/612/612
f 2128/2128/2128 515/515/515 517/517/517
f 1502/1502/1502 680/680/680 1286/1286/1286
f 1982/1982/1982 1630/1630/1630 435/435/435
f 1491/1491/1491 1002/1002/1002 541/541/541
f 1983/1983/1983 246/246/246 1263/1263/1263
f 1242/1242/1242 1892/1892/1892 242/242/242
f 2064/2064/2064 845/845/845 588/588/588
f 137/137/137 214/214/214 138/138/138
f 869/869/869 176/176/176 2011/2011/2011
f 1002/1002/1002 1702/1702/1702 1657/1657/1657
f 495/495/495 455/455/455 354/354/354
f 1974/1974/1974 318/318/318 1849/1849/1849
f 1253/1253/1253 1106/1106/1106 1043/1043/1043
f 1454/1454/1454 394/394/394 1331/1331/1331
f 2136/2136/2136 178/178/178 1571/1571/1571
f 1894/1894/1894 404/404/404 186/186/186
f 1490/1490/1490 1615/1615/1615 521/521/521
f 1865/1865/1865 1288/1288/1288 1792/1792/1792
f 274/274/274 1105/1105/1105 1700/1700/1700
f 645/645/645 1231/1231/1231 30/30/30
f 1309/1309/1309 502/502/502 317/317/317
f 2111/2111/2111 90/90/90 1122/1122/1122
f 1177/1177/1177 1946/1946/1946 1297/1297/1297
f 2092/2092/2092 302/302/302 1890/1890/1890
f 321/321/321 1490/1490/1490 198/198/198
f 1410/1410/1410 279/279/279 427/427/427
f 1720/1720/1720 460/460/460 1125/1125/1125
f 1371/1371/1371 1352/1352/1352 804/804/804
f 2072/2072/2072 664/664/664 648/648/648
f 1840/1840/1840 284/284/284 641/641/641
f 1241/1241/1241 1157/1157/1157 1787/1787/1787
f 1683/1683/1683 762/762/762 1903/1903/1903
f 2097/2097/2097 1039/1039/1039 1746/1746/1746
f 1665/1665/1665 609/609/609 1323/1323/1323
f 1676/1676/1676 1053/1053/1053 1290/1290/1290
f 762/762/762 2150/2150/2150 539/539/539
f 2150/2150/2150 1683/1683/1683 2031/2031/2031
f 1805/1805/1805 1063/1063/1063 1364/1364/1364
f 467/467/467 1942/1942/1942 1863/1863/1863
f 1338/1338/1338 2015/2015/2015 485/485/485
f 2117/2117/2117 1296/1296/1296 106/106/106
f 1645/1645/1645 478/478/478 2122/2122/2122
f 1001/1001/1001 449/449/449 586/586/586
f 1552/1552/1552 1235/1235/1235 910/910/910
f 1381/1381/1381 311/311/311 1266/1266/1266
f 1670/1670/1670 1592/1592/1592 255/255/255
f 1648/1648/1648 1259/1259/1259 1257/1257/1257
f 499/499/499 373/373/373 902/902/902
f 1961/1961/1961 914/914/914 1513/1513/1513
f 205/205/205 953/953/953 811/811/811
f 953/953/953 1804/1804/1804 1772/1772/1772
f 408/408/408 2/2/2 189/189/189
f 1062/1062/1062 1827/1827/1827 1663/1663/1663
f 1807/1807/1807 1368/1368/1368 361/361/361
f 556/556/556 1655/1655/1655 1155/1155/1155
f 500/500/500 2148/2148/2148 443/443/443
f 2143/2143/2143 1110/1110/1110 1886/1886/1886
f 2014/2014/2014 475/475/475 973/973/973
f 104/104/104 103/103/103 1240/1240/1240
f 1803/1803/1803 578/578/578 1725/1725/1725
f 1405/1405/1405 193/193/193 584/584/584
f 547/547/547 846/846/846 914/914/914
f 1418/1418/1418 355/355/355 497/497/497
f 1914/1914/1914 307/307/307 1391/1391/1391
f 672/672/672 1750/1750/1750 837/837/837
f 1205/1205/1205 222/222/222 1736/1736/1736
f 21/21/21 300/300/300 2152/2152/2152
f 1422/1422/1422 139/139/139 1971/1971/1971
f 1316/1316/1316 248/248/248 397/397/397
f 228/228/228 756/756/756 1733/1733/1733
f 1447/1447/1447 1242/1242/1242 1365/1365/1365
f 1091/1091/1091 187/187/187 831/831/831
f 1878/1878/1878 912/912/912 1433/1433/1433
f 2000/2000/2000 409/409/409 552/552/552
f 1931/1931/1931 851/851/851 237/237/237
f 388/388/388 1363/1363/1363 959/959/959
f 307/307/307 1884/1884/1884 1391/1391/1391
f 1778/1778/1778 1281/1281/1281 1735/1735/1735
f 985/985/985 1016/1016/1016 821/821/821
f 2029/2029/2029 1255/1255/1255 658/658/658
f 249/249/249 1008/1008/1008 731/731/731
f 8/8/8 429/429/429 9/9/9
f 163/163/163 1004/1004/1004 1438/1438/1438
f 1847/1847/1847 685/685/685 1495/1495/1495
f 1806/1806/1806 281/281/281 337/337/337
f 1603/1603/1603 280/280/280 1604/1604/1604
f 1367/1367/1367 710/710/710 340/340/340
f 15/15/15 1636/1636/1636 1812/1812/1812
f 232/232/232 1950/1950/1950 1184/1184/1184
f 1453/1453/1453 1536/1536/1536 2120/2120/2120
f 1699/1699/1699 270/270/270 1905/1905/1905
f 287/287/287 1104/1104/1104 2015/2015/2015
f 740/740/740 966/966/966 116/116/116
f 759/759/759 164/164/164 1249/1249/1249
f 1260/1260/1260 1081/1081/1081 776/776/776
f 42/42/42 733/733/733 43/43/43
f 1629/1629/1629 741/741/741 1548/1548/1548
f 2065/2065/2065 2137/2137/2137 779/779/779
f 1780/1780/1780 292/292/292 256/256/256
f 1242/1242/1242 530/530/530 245/245/245
f 1242/1242/1242 242/242/242 1468/1468/1468
f 161/161/161 1873/1873/1873 1263/1263/1263
f 830/830/830 455/455/455 1718/1718/1718
f 816/816/816 532/532/532 879/879/879
f 1681/1681/1681 917/917/917 206/206/206
f 1524/1524/1524 1269/1269/1269 1451/1451/1451
f 1854/1854/1854 873/873/873 1327/1327/1327
f 355/355/355 1454/1454/1454 1451/1451/1451
f 2062/2062/2062 1811/1811/1811 774/774/774
f 1372/1372/1372 1059/1059/1059 893/893/893
f 1996/1996/1996 1574/1574/1574 500/500/500
f 2052/2052/2052 1641/1641/1641 1366/1366/1366
f 1567/1567/1567 503/503/503 1638/1638/1638
f 705/705/705 1300/1300/1300 445/445/445
f 1427/1427/1427 1143/1143/1143 537/537/537
f 1668/1668/1668 1137/1137/1137 1732/1732/1732
f 1488/1488/1488 1455/1455/1455 1941/1941/1941
f 791/791/791 587/587/587 157/157/157
f 132/132/132 1138/1138/1138 2027/2027/2027
f 554/554/554 1457/1457/1457 1485/1485/1485
f 185/185/185 171/171/171 182/182/182
f 1630/1630/1630 1982/1982/1982 1684/1684/1684
f 1953/1953/1953 2124/2124/2124 729/729/729
f 1549/1549/1549 1123/1123/1123 333/333/333
f 2094/2094/2094 1988/1988/1988 1846/1846/1846
f 2031/2031/2031 952/952/952 1821/1821/1821
f 1986/1986/1986 365/365/365 288/288/288
f 813/813/813 669/669/669 1461/1461/1461
f 1196/1196/1196 1747/1747/1747 995/995/995
f 1334/1334/1334 1498/1498/1498 1790/1790/1790
f 208/208/208 991/991/991 1229/1229/1229
f 461/461/461 823/823/823 1272/1272/1272
f 548/548/548 1970/1970/1970 1810/1810/1810
f 1713/1713/1713 692/692/692 120/120/120
f 509/509/509 1560/1560/1560 1106/1106/1106
f 1492/1492/1492 359/359/359 2016/2016/2016
f 1185/1185/1185 259/259/259 1088/1088/1088
f 1627/1627/1627 627/627/627 2080/2080/2080
f 125/125/125 124/124/124 1466/1466/1466
f 926/926/926 702/702/702 1344/1344/1344
f 761/761/761 2053/2053/2053 1174/1174/1174
f 1402/1402/1402 181/181/181 481/481/481
f 1983/1983/1983 1750/1750/1750 672/672/672
f 671/671/671 2083/2083/2083 248/248/248
f 1112/1112/1112 755/755/755 129/129/129
f 2019/2019/2019 491/491/491 1970/1970/1970
f 1194/1194/1194 2024/2024/2024 1869/1869/1869
f 1054/1054/1054 269/269/269 453/453/453
f 1418/1418/1418 547/547/547 938/938/938
f 165/165/165 510/510/510 1400/1400/1400
f 769/769/769 1912/1912/1912 1402/1402/1402
f 234/234/234 1052/1052/1052 656/656/656
f 532/532/532 1906/1906/1906 1491/1491/1491
f 351/351/351 2071/2071/2071 1766/1766/1766
f 1527/1527/1527 1899/1899/1899 1275/1275/1275
f 1435/1435/1435 737/737/737 418/418/418
f 1802/1802/1802 553/553/553 447/447/447
f 48/48/48 2050/2050/2050 49/49/49
f 1246/1246/1246 399/399/399 877/877/877
f 1906/1906/1906 842/842/842 636/636/636
f 361/361/361 1368/1368/1368 962/962/962
f 248/248/248 2083/2083/2083 518/518/518
f 1843/1843/1843 157/157/157 587/587/587
f 1397/1397/1397 1743/1743/1743 1479/1479/1479
f 878/878/878 1473/1473/1473 471/471/471
f 561/561/561 384/384/384 1526/1526/1526
f 1135/1135/1135 412/412/412 679/679/679
f 1143/1143/1143 1427/1427/1427 1786/1786/1786
f 477/477/477 950/950/950 414/414/414
f 447/447/447 684/684/684 1511/1511/1511
f 1795/1795/1795 1772/1772/1772 1345/1345/1345
f 1627/1627/1627 509/509/509 1730/1730/1730
f 348/348/348 1781/1781/1781 758/758/758
f 682/682/682 1590/1590/1590 943/943/943
f 1416/1416/1416 557/557/557 359/359/359
f 1996/1996/1996 847/847/847 647/647/647
f 1485/1485/1485 2035/2035/2035 2050/2050/2050
f 1789/1789/1789 1098/1098/1098 1311/1311/1311
f 1408/1408/1408 1279/1279/1279 1773/1773/1773
f 1754/1754/1754 1985/1985/1985 401/401/401
f 1909/1909/1909 956/956/956 236/236/236
f 1356/1356/1356 333/333/333 2034/2034/2034
f 2068/2068/2068 653/653/653 1880/1880/1880
f 1372/1372/1372 893/893/893 570/570/570
f 984/984/984 889/889/889 904/904/904
f 969/969/969 1854/1854/1854 610/610/610
f 1542/1542/1542 771/771/771 1316/1316/1316
f 1964/1964/1964 747/747/747 837/837/837
f 1604/1604/1604 481/481/481 181/181/181
f 1783/1783/1783 1688/1688/1688 1770/1770/1770
f 2085/2085/2085 905/905/905 926/926/926
f 2045/2045/2045 220/220/220 806/806/806
f 804/804/804 1793/1793/1793 1212/1212/1212
f 899/899/899 522/522/522 372/372/372
f 897/897/897 286/286/286 1769/1769/1769
f 903/903/903 1824/1824/1824 744/744/744
f 337/337/337 1240/1240/1240 188/188/188
f 2106/2106/2106 2101/2101/2101 907/907/907
f 1656/1656/1656 401/401/401 896/896/896
f 1274/1274/1274 1611/1611/1611 734/734/734
f 413/413/413 602/602/602 1497/1497/1497
f 2140/2140/2140 977/977/977 1025/1025/1025
f 248/248/248 1316/1316/1316 453/453/453
f 1979/1979/1979 1601/1601/1601 1564/1564/1564
f 2008/2008/2008 1499/1499/1499 1537/1537/1537
f 1734/1734/1734 1633/1633/1633 2075/2075/2075
f 1166/1166/1166 994/994/994 889/889/889
f 1395/1395/1395 887/887/887 255/255/255
f 1670/1670/1670 688/688/688 1592/1592/1592
f 1839/1839/1839 1755/1755/1755 88/88/88
f 2094/2094/2094 1907/1907/1907 1988/1988/1988
f 386/386/386 2019/2019/2019 548/548/548
f 1066/1066/1066 1675/1675/1675 682/682/682
f 671/671/671 795/795/795 687/687/687
f 316/316/316 1237/1237/1237 891/891/891
f 1932/1932/1932 531/531/531 1808/1808/1808
f 1981/1981/1981 400/400/400 827/827/827
f 1818/1818/1818 741/741/741 218/218/218
f 1444/1444/1444 213/213/213 2060/2060/2060
f 1261/1261/1261 7/7/7 6/6/6
f 812/812/812 1347/1347/1347 639/639/639
f 885/885/885 734/734/734 612/612/612
f 1876/1876/1876 1861/1861/1861 1262/1262/1262
f 1412/1412/1412 1128/1128/1128 452/452/452
f 1170/1170/1170 831/831/831 608/608/608
f 1757/1757/1757 609/609/609 1804/1804/1804
f 1881/1881/1881 911/911/911 1724/1724/1724
f 732/732/732 1053/1053/1053 1617/1617/1617
f 205/205/205 1046/1046/1046 430/430/430
f 1512/1512/1512 1764/1764/1764 227/227/227
f 1082/1082/1082 907/907/907 1424/1424/1424
f 1418/1418/1418 846/846/846 547/547/547
f 862/862/862 1631/1631/1631 563/563/563
f 618/618/618 1086/1086/1086 1291/1291/1291
f 2052/2052/2052 1885/1885/1885 405/405/405
f 343/343/343 908/908/908 941/941/941
f 464/464/464 777/777/777 918/918/918
f 821/821/821 1553/1553/1553 1296/1296/1296
f 1305/1305/1305 1337/1337/1337 1813/1813/1813
f 253/253/253 2110/2110/2110 526/526/526
f 623/623/623 1862/1862/1862 1711/1711/1711
f 97/97/97 1518/1518/1518 98/98/98
f 488/488/488 975/975/975 1190/1190/1190
f 1749/1749/1749 1280/1280/1280 1620/1620/1620
f 1217/1217/1217 1736/1736/1736 483/483/483
f 547/547/547 420/420/420 938/938/938
f 1195/1195/1195 1917/1917/1917 1863/1863/1863
f 1189/1189/1189 1256/1256/1256 412/412/412
f 1421/1421/1421 544/544/544 1146/1146/1146
f 2128/2128/2128 517/517/517 489/489/489
f 1497/1497/1497 27/27/27 413/413/413
f 2018/2018/2018 1426/1426/1426 1289/1289/1289
f 1741/1741/1741 1887/1887/1887 709/709/709
f 217/217/217 1210/1210/1210 2073/2073/2073
f 670/670/670 1747/1747/1747 669/669/669
f 1348/1348/1348 969/969/969 506/506/506
f 368/368/368 383/383/383 1854/1854/1854
f 1180/1180/1180 374/374/374 390/390/390
f 1896/1896/1896 1436/1436/1436 1439/1439/1439
f 440/440/440 1899/1899/1899 1527/1527/1527
f 573/573/573 1209/1209/1209 1150/1150/1150
f 934/934/934 1759/1759/1759 927/927/927
f 239/239/239 2151/2151/2151 1647/1647/1647
f 1730/1730/1730 2026/2026/2026 1627/1627/1627
f 1348/1348/1348 1615/1615/1615 1175/1175/1175
f 2135/2135/2135 1547/1547/1547 1612/1612/1612
f 1286/1286/1286 680/680/680 170/170/170
f 1134/1134/1134 1386/1386/1386 987/987/987
f 1994/1994/1994 290/290/290 1769/1769/1769
f 1689/1689/1689 2108/2108/2108 838/838/838
f 1013/1013/1013 2049/2049/2049 706/706/706
f 887/887/887 1395/1395/1395 1194/1194/1194
f 1709/1709/1709 439/439/439 1502/1502/1502
f 1645/1645/1645 450/450/450 1492/1492/1492
f 1886/1886/1886 380/380/380 2143/2143/2143
f 2102/2102/2102 1021/1021/1021 1602/1602/1602
f 1304/1304/1304 214/214/214 1619/1619/1619
f 334/334/334 218/218/218 1567/1567/1567
f 2128/2128/2128 1107/1107/1107 1479/1479/1479
f 1517/1517/1517 1465/1465/1465 727/727/727
f 2016/2016/2016 359/359/359 1646/1646/1646
f 1481/1481/1481 995/995/995 390/390/390
f 895/895/895 655/655/655 679/679/679
f 599/599/599 78/78/78 77/77/77
f 1839/1839/1839 409/409/409 1755/1755/1755
f 848/848/848 766/766/766 948/948/948
f 539/539/539 2150/2150/2150 167/167/167
f 335/335/335 1635/1635/1635 460/460/460
f 159/159/159 1149/1149/1149 1777/1777/1777
f 771/771/771 377/377/377 302/302/302
f 694/694/694 312/312/312 1989/1989/1989
f 1904/1904/1904 558/558/558 787/787/787
f 1686/1686/1686 1653/1653/1653 1010/1010/1010
f 654/654/654 1020/1020/1020 697/697/697
f 1544/1544/1544 2023/2023/2023 1682/1682/1682
f 2023/2023/2023 260/260/260 1531/1531/1531
f 927/927/927 466/466/466 934/934/934
f 1303/1303/1303 1971/1971/1971 693/693/693
f 2066/2066/2066 1144/1144/1144 430/430/430
f 278/278/278 599/599/599 568/568/568
f 2076/2076/2076 1826/1826/1826 468/468/468
f 1274/1274/1274 1262/1262/1262 369/369/369
f 1262/1262/1262 691/691/691 1876/1876/1876
f 2077/2077/2077 437/437/437 1590/1590/1590
f 674/674/674 653/653/653 580/580/580
f 1294/1294/1294 564/564/564 1070/1070/1070
f 881/881/881 1754/1754/1754 1095/1095/1095
f 857/857/857 1782/1782/1782 983/983/983
f 868/868/868 599/599/599 814/814/814
f 1552/1552/1552 910/910/910 749/749/749
f 1097/1097/1097 54/54/54 749/749/749
f 338/338/338 1023/1023/1023 331/331/331
f 1289/1289/1289 106/106/106 105/105/105
f 1906/1906/1906 636/636/636 1491/1491/1491
f 654/654/654 1834/1834/1834 2145/2145/2145
f 277/277/277 676/676/676 1912/1912/1912
f 1715/1715/1715 1617/1617/1617 1676/1676/1676
f 917/917/917 1681/1681/1681 931/931/931
f 715/715/715 418/418/418 324/324/324
f 864/864/864 1889/1889/1889 757/757/757
f 2077/2077/2077 1590/1590/1590 788/788/788
f 2002/2002/2002 1919/1919/1919 1414/1414/1414
f 1984/1984/1984 1726/1726/1726 1786/1786/1786
f 1954/1954/1954 1270/1270/1270 756/756/756
f 1200/1200/1200 1037/1037/1037 949/949/949
f 972/972/972 2051/2051/2051 898/898/898
f 1781/1781/1781 348/348/348 1623/1623/1623
f 1827/1827/1827 956/956/956 678/678/678
f 1187/1187/1187 2099/2099/2099 2123/2123/2123
f 574/574/574 906/906/906 1142/1142/1142
f 1433/1433/1433 1051/1051/1051 384/384/384
f 687/687/687 795/795/795 1273/1273/1273
f 2102/2102/2102 133/133/133 1891/1891/1891
f 539/539/539 1830/1830/1830 319/319/319
f 403/403/403 2142/2142/2142 438/438/438
f 977/977/977 2140/2140/2140 398/398/398
f 1035/1035/1035 1894/1894/1894 1706/1706/1706
f 1574/1574/1574 647/647/647 1922/1922/1922
f 1312/1312/1312 1922/1922/1922 283/283/283
f 1613/1613/1613 1081/1081/1081 1508/1508/1508
f 1905/1905/1905 1567/1567/1567 1699/1699/1699
f 652/652/652 1164/1164/1164 1999/1999/1999
f 1011/1011/1011 1052/1052/1052 234/234/234
f 1909/1909/1909 1654/1654/1654 1580/1580/1580
f 2042/2042/2042 332/332/332 1622/1622/1622
f 187/187/187 2076/2076/2076 655/655/655
f 995/995/995 1747/1747/1747 551/551/551
f 354/354/354 455/455/455 1702/1702/1702
f 557/557/557 1411/1411/1411 359/359/359
f 1404/1404/1404 621/621/621 510/510/510
f 1041/1041/1041 1860/1860/1860 635/635/635
f 207/207/207 182/182/182 538/538/538
f 1771/1771/1771 1872/1872/1872 252/252/252
f 1800/1800/1800 45/45/45 385/385/385
f 1247/1247/1247 1165/1165/1165 387/387/387
f 1926/1926/1926 1374/1374/1374 1575/1575/1575
f 1120/1120/1120 1154/1154/1154 1228/1228/1228
f 1268/1268/1268 760/760/760 1182/1182/1182
f 853/853/853 2152/2152/2152 1430/1430/1430
f 792/792/792 1464/1464/1464 1403/1403/1403
f 1910/1910/1910 1744/1744/1744 1577/1577/1577
f 2026/2026/2026 991/991/991 1813/1813/1813
f 543/543/543 1790/1790/1790 241/241/241
f 1966/1966/1966 1389/1389/1389 1069/1069/1069
f 1724/1724/1724 20/20/20 1653/1653/1653
f 2021/2021/2021 166/166/166 1980/1980/1980
f 1654/1654/1654 1379/1379/1379 230/230/230
f 272/272/272 1632/1632/1632 786/786/786
f 677/677/677 63/63/63 1415/1415/1415
f 343/343/343 781/781/781 736/736/736
f 850/850/850 1314/1314/1314 144/144/144
f 1982/1982/1982 780/780/780 1259/1259/1259
f 463/463/463 1080/1080/1080 1181/1181/1181
f 1956/1956/1956 1951/1951/1951 172/172/172
f 1668/1668/1668 156/156/156 856/856/856
f 174/174/174 441/441/441 632/632/632
f 929/929/929 178/178/178 330/330/330
f 1276/1276/1276 536/536/536 836/836/836
f 1972/1972/1972 952/952/952 1039/1039/1039
f 1673/1673/1673 807/807/807 1381/1381/1381
f 1945/1945/1945 53/53/53 52/52/52
f 1464/1464/1464 120/120/120 692/692/692
f 1639/1639/1639 644/644/644 1396/1396/1396
f 1136/1136/1136 1239/1239/1239 1744/1744/1744
f 1068/1068/1068 1443/1443/1443 1092/1092/1092
f 1856/1856/1856 701/701/701 1057/1057/1057
f 1285/1285/1285 1191/1191/1191 1177/1177/1177
f 1942/1942/1942 864/864/864 1863/1863/1863
f 156/156/156 1503/1503/1503 856/856/856
f 1902/1902/1902 1763/1763/1763 1539/1539/1539
f 1931/1931/1931 857/857/857 1173/1173/1173
f 666/666/666 1696/1696/1696 1271/1271/1271
f 1102/1102/1102 1121/1121/1121 1596/1596/1596
f 295/295/295 1391/1391/1391 424/424/424
f 472/472/472 494/494/494 1582/1582/1582
f 2148/2148/2148 1574/1574/1574 1922/1922/1922
f 1922/1922/1922 872/872/872 283/283/283
f 1786/1786/1786 1269/1269/1269 1143/1143/1143
f 1101/1101/1101 579/579/579 420/420/420
f 2044/2044/2044 324/324/324 418/418/418
f 1891/1891/1891 1237/1237/1237 1703/1703/1703
f 1642/1642/1642 1600/1600/1600 1275/1275/1275
f 1268/1268/1268 1217/1217/1217 483/483/483
f 1068/1068/1068 1092/1092/1092 668/668/668
f 1779/1779/1779 720/720/720 235/235/235
f 752/752/752 1225/1225/1225 922/922/922
f 1367/1367/1367 1794/1794/1794 371/371/371
f 2150/2150/2150 2031/2031/2031 1234/1234/1234
f 2063/2063/2063 349/349/349 1117/1117/1117
f 883/883/883 267/267/267 1414/1414/1414
f 470/470/470 671/671/671 269/269/269
f 1798/1798/1798 1400/1400/1400 1728/1728/1728
f 1864/1864/1864 1248/1248/1248 1729/1729/1729
f 495/495/495 588/588/588 455/455/455
f 2001/2001/2001 702/702/702 1893/1893/1893
f 2060/2060/2060 1737/1737/1737 800/800/800
f 855/855/855 1309/1309/1309 317/317/317
f 1224/1224/1224 1498/1498/1498 2047/2047/2047
f 2070/2070/2070 714/714/714 190/190/190
f 1233/1233/1233 586/586/586 1558/1558/1558
f 446/446/446 1402/1402/1402 481/481/481
f 434/434/434 801/801/801 1484/1484/1484
f 1427/1427/1427 2040/2040/2040 396/396/396
f 543/543/543 241/241/241 1987/1987/1987
f 1667/1667/1667 1237/1237/1237 316/316/316
f 1710/1710/1710 2075/2075/2075 1494/1494/1494
f 1879/1879/1879 2055/2055/2055 1195/1195/1195
f 708/708/708 1522/1522/1522 329/329/329
f 168/168/168 847/847/847 1453/1453/1453
f 1080/1080/1080 170/170/170 1066/1066/1066
f 834/834/834 192/192/192 1704/1704/1704
f 2074/2074/2074 1638/1638/1638 592/592/592
f 594/594/594 1246/1246/1246 2103/2103/2103
f 2040/2040/2040 1614/1614/1614 1803/1803/1803
f 1513/1513/1513 1146/1146/1146 819/819/819
f 937/937/937 1025/1025/1025 977/977/977
f 506/506/506 610/610/610 1525/1525/1525
f 1677/1677/1677 1898/1898/1898 408/408/408
f 1252/1252/1252 2127/2127/2127 1328/1328/1328
f 582/582/582 1961/1961/1961 819/819/819
f 520/520/520 2045/2045/2045 806/806/806
f 1478/1478/1478 1804/1804/1804 953/953/953
f 1100/1100/1100 1667/1667/1667 791/791/791
f 322/322/322 1541/1541/1541 1320/1320/1320
f 141/141/141 1738/1738/1738 142/142/142
f 961/961/961 1086/1086/1086 496/496/496
f 1359/1359/1359 308/308/308 226/226/226
f 916/916/916 1944/1944/1944 1361/1361/1361
f 1764/1764/1764 1083/1083/1083 1641/1641/1641
f 150/150/150 149/149/149 513/513/513
f 1883/1883/1883 617/617/617 1622/1622/1622
f 1752/1752/1752 1713/1713/1713 318/318/318
f 345/345/345 1483/1483/1483 1043/1043/1043
f 2114/2114/2114 410/410/410 1161/1161/1161
f 1780/1780/1780 1714/1714/1714 299/299/299
f 1199/1199/1199 1607/1607/1607 974/974/974
f 1916/1916/1916 1102/1102/1102 1596/1596/1596
f 1876/1876/1876 691/691/691 592/592/592
f 1853/1853/1853 1807/1807/1807 2101/2101/2101
f 1229/1229/1229 1819/1819/1819 1752/1752/1752
f 968/968/968 1588/1588/1588 348/348/348
f 855/855/855 317/317/317 624/624/624
f 1945/1945/1945 1855/1855/1855 957/957/957
f 2028/2028/2028 1355/1355/1355 1317/1317/1317
f 738/738/738 25/25/25 24/24/24
f 1357/1357/1357 814/814/814 278/278/278
f 1162/1162/1162 2024/2024/2024 1099/1099/1099
f 949/949/949 165/165/165 1798/1798/1798
f 916/916/916 954/954/954 929/929/929
f 559/559/559 1776/1776/1776 643/643/643
f 762/762/762 539/539/539 724/724/724
f 2075/2075/2075 919/919/919 1734/1734/1734
f 2075/2075/2075 1710/1710/1710 919/919/919
f 1878/1878/1878 561/561/561 2010/2010/2010
f 2056/2056/2056 195/195/195 1717/1717/1717
f 351/351/351 997/997/997 1474/1474/1474
f 1687/1687/1687 978/978/978 817/817/817
f 2127/2127/2127 1252/1252/1252 1318/1318/1318
f 1985/1985/1985 896/896/896 401/401/401
f 1236/1236/1236 1727/1727/1727 710/710/710
f 1493/1493/1493 264/264/264 1238/1238/1238
f 1629/1629/1629 645/645/645 583/583/583
f 1342/1342/1342 1262/1262/1262 1861/1861/1861
f 1787/1787/1787 1230/1230/1230 1671/1671/1671
f 1910/1910/1910 668/668/668 1744/1744/1744
f 1267/1267/1267 990/990/990 1103/1103/1103
f 1778/1778/1778 1509/1509/1509 1051/1051/1051
f 2030/2030/2030 1340/1340/1340 1500/1500/1500
f 2020/2020/2020 1531/1531/1531 818/818/818
f 816/816/816 215/215/215 1006/1006/1006
f 1058/1058/1058 1844/1844/1844 1293/1293/1293
f 1643/1643/1643 815/815/815 758/758/758
f 1589/1589/1589 1307/1307/1307 1443/1443/1443
f 1095/1095/1095 1950/1950/1950 232/232/232
f 1243/1243/1243 313/313/313 1028/1028/1028
f 1846/1846/1846 1988/1988/1988 790/790/790
f 1195/1195/1195 864/864/864 1038/1038/1038
f 1517/1517/1517 1984/1984/1984 1465/1465/1465
f 247/247/247 2136/2136/2136 1929/1929/1929
f 1771/1771/1771 50/50/50 1153/1153/1153
f 1769/1769/1769 290/290/290 389/389/389
f 1357/1357/1357 1099/1099/1099 880/880/880
f 1684/1684/1684 1071/1071/1071 1630/1630/1630
f 1719/1719/1719 1175/1175/1175 1615/1615/1615
f 2039/2039/2039 1171/1171/1171 1916/1916/1916
f 448/448/448 968/968/968 348/348/348
f 1129/1129/1129 197/197/197 238/238/238
f 1543/1543/1543 301/301/301 911/911/911
f 246/246/246 1114/1114/1114 297/297/297
f 1295/1295/1295 617/617/617 183/183/183
f 1172/1172/1172 869/869/869 2011/2011/2011
f 18/18/18 1441/1441/1441 1124/1124/1124
f 1280/1280/1280 456/456/456 224/224/224
f 982/982/982 1980/1980/1980 1949/1949/1949
f 199/199/199 1319/1319/1319 179/179/179
f 1927/1927/1927 1366/1366/1366 1131/1131/1131
f 1682/1682/1682 2023/2023/2023 522/522/522
f 639/639/639 1895/1895/1895 812/812/812
f 1749/1749/1749 456/456/456 1280/1280/1280
f 1762/1762/1762 1440/1440/1440 1603/1603/1603
f 882/882/882 659/659/659 672/672/672
f 123/123/123 122/122/122 1483/1483/1483
f 198/198/198 197/197/197 321/321/321
f 532/532/532 541/541/541 2116/2116/2116
f 227/227/227 1165/1165/1165 1512/1512/1512
f 2024/2024/2024 1398/1398/1398 1869/1869/1869
f 2038/2038/2038 74/74/74 1788/1788/1788
f 319/319/319 1830/1830/1830 1467/1467/1467
f 311/311/311 1372/1372/1372 809/809/809
f 1449/1449/1449 1265/1265/1265 604/604/604
f 1914/1914/1914 1152/1152/1152 993/993/993
f 189/189/189 1310/1310/1310 673/673/673
f 1243/1243/1243 1978/1978/1978 367/367/367
f 2091/2091/2091 2041/2041/2041 1075/1075/1075
f 1664/1664/1664 349/349/349 1174/1174/1174
f 1665/1665/1665 1967/1967/1967 1345/1345/1345
f 576/576/576 129/129/129 128/128/128
f 1055/1055/1055 993/993/993 683/683/683
f 1921/1921/1921 1666/1666/1666 440/440/440
f 1478/1478/1478 765/765/765 1320/1320/1320
f 1273/1273/1273 667/667/667 1074/1074/1074
f 1549/1549/1549 942/942/942 223/223/223
f 156/156/156 1218/1218/1218 196/196/196
f 1504/1504/1504 263/263/263 892/892/892
f 1987/1987/1987 397/397/397 1669/1669/1669
f 1191/1191/1191 2003/2003/2003 1946/1946/1946
f 78/78/78 599/599/599 868/868/868
f 235/235/235 1026/1026/1026 1281/1281/1281
f 1426/1426/1426 281/281/281 1779/1779/1779
f 624/624/624 1587/1587/1587 2147/2147/2147
f 272/272/272 889/889/889 994/994/994
f 473/473/473 239/239/239 570/570/570
f 239/239/239 1647/1647/1647 570/570/570
f 1537/1537/1537 1559/1559/1559 631/631/631
f 1248/1248/1248 291/291/291 1003/1003/1003
f 1356/1356/1356 1770/1770/1770 2121/2121/2121
f 1810/1810/1810 1181/1181/1181 1130/1130/1130
f 791/791/791 1667/1667/1667 316/316/316
f 1858/1858/1858 546/546/546 202/202/202
f 236/236/236 1062/1062/1062 484/484/484
f 189/189/189 2/2/2 1/1/1
f 2123/2123/2123 1850/1850/1850 1187/1187/1187
f 1423/1423/1423 6/6/6 5/5/5
f 892/892/892 263/263/263 1757/1757/1757
f 198/198/198 398/398/398 197/197/197
f 2047/2047/2047 841/841/841 398/398/398
f 529/529/529 346/346/346 937/937/937
f 925/925/925 335/335/335 974/974/974
f 1323/1323/1323 684/684/684 1665/1665/1665
f 272/272/272 370/370/370 1632/1632/1632
f 936/936/936 536/536/536 2009/2009/2009
f 1769/1769/1769 913/913/913 897/897/897
f 566/566/566 1160/1160/1160 836/836/836
f 1122/1122/1122 90/90/90 376/376/376
f 1395/1395/1395 512/512/512 1194/1194/1194
f 1249/1249/1249 733/733/733 1975/1975/1975
f 334/334/334 1508/1508/1508 1260/1260/1260
f 289/289/289 1881/1881/1881 226/226/226
f 911/911/911 1620/1620/1620 300/300/300
f 1745/1745/1745 722/722/722 229/229/229
f 1129/1129/1129 321/321/321 197/197/197
f 829/829/829 423/423/423 244/244/244
f 1484/1484/1484 2062/2062/2062 1118/1118/1118
f 850/850/850 622/622/622 1314/1314/1314
f 1033/1033/1033 339/339/339 1714/1714/1714
f 2072/2072/2072 648/648/648 674/674/674
f 1956/1956/1956 942/942/942 1928/1928/1928
f 1430/1430/1430 300/300/300 1280/1280/1280
f 853/853/853 1278/1278/1278 209/209/209
f 1837/1837/1837 1040/1040/1040 1328/1328/1328
f 1678/1678/1678 10/10/10 1187/1187/1187
f 1745/1745/1745 711/711/711 525/525/525
f 542/542/542 714/714/714 785/785/785
f 431/431/431 689/689/689 1694/1694/1694
f 699/699/699 162/162/162 1959/1959/1959
f 84/84/84 1695/1695/1695 591/591/591
f 1306/1306/1306 1395/1395/1395 1501/1501/1501
f 1896/1896/1896 342/342/342 1179/1179/1179
f 1735/1735/1735 1509/1509/1509 1778/1778/1778
f 1630/1630/1630 1206/1206/1206 439/439/439
f 2073/2073/2073 379/379/379 545/545/545
f 1814/1814/1814 1697/1697/1697 1842/1842/1842
f 1887/1887/1887 100/100/100 99/99/99
f 1611/1611/1611 1536/1536/1536 734/734/734
f 380/380/380 1886/1886/1886 1353/1353/1353
f 909/909/909 2066/2066/2066 1597/1597/1597
f 274/274/274 1700/1700/1700 917/917/917
f 569/569/569 1821/1821/1821 1030/1030/1030
f 1991/1991/1991 770/770/770 1694/1694/1694
f 1554/1554/1554 242/242/242 1836/1836/1836
f 1727/1727/1727 406/406/406 1448/1448/1448
f 1320/1320/1320 1804/1804/1804 1478/1478/1478
f 1034/1034/1034 600/600/600 464/464/464
f 915/915/915 1839/1839/1839 255/255/255
f 1194/1194/1194 1869/1869/1869 887/887/887
f 1493/1493/1493 1491/1491/1491 636/636/636
f 277/277/277 1912/1912/1912 769/769/769
f 1132/1132/1132 414/414/414 924/924/924
f 2040/2040/2040 1331/1331/1331 1614/1614/1614
f 2040/2040/2040 1427/1427/1427 537/537/537
f 1958/1958/1958 240/240/240 1465/1465/1465
f 914/914/914 1997/1997/1997 888/888/888
f 1555/1555/1555 181/181/181 1402/1402/1402
f 1503/1503/1503 2077/2077/2077 788/788/788
f 1675/1675/1675 170/170/170 1583/1583/1583
f 1833/1833/1833 782/782/782 1048/1048/1048
f 889/889/889 984/984/984 169/169/169
f 721/721/721 2110/2110/2110 253/253/253
f 1250/1250/1250 1648/1648/1648 1257/1257/1257
f 924/924/924 1896/1896/1896 1439/1439/1439
f 1436/1436/1436 1287/1287/1287 1439/1439/1439
f 1977/1977/1977 1329/1329/1329 293/293/293
f 1813/1813/1813 208/208/208 1305/1305/1305
f 1008/1008/1008 1883/1883/1883 827/827/827
f 494/494/494 1918/1918/1918 1314/1314/1314
f 2129/2129/2129 553/553/553 883/883/883
f 1064/1064/1064 275/275/275 964/964/964
f 1134/1134/1134 347/347/347 897/897/897
f 387/387/387 405/405/405 1176/1176/1176
f 293/293/293 1329/1329/1329 696/696/696
f 2117/2117/2117 833/833/833 821/821/821
f 1440/1440/1440 1762/1762/1762 661/661/661
f 378/378/378 1603/1603/1603 1186/1186/1186
f 1121/1121/1121 203/203/203 1192/1192/1192
f 2134/2134/2134 1129/1129/1129 822/822/822
f 449/449/449 1001/1001/1001 460/460/460
f 1428/1428/1428 449/449/449 266/266/266
f 985/985/985 821/821/821 833/833/833
f 1593/1593/1593 783/783/783 2105/2105/2105
f 1258/1258/1258 1369/1369/1369 360/360/360
f 463/463/463 1022/1022/1022 1709/1709/1709
f 1002/1002/1002 1491/1491/1491 1493/1493/1493
f 944/944/944 457/457/457 1727/1727/1727
f 1579/1579/1579 219/219/219 2069/2069/2069
f 808/808/808 1784/1784/1784 1985/1985/1985
f 1190/1190/1190 975/975/975 1538/1538/1538
f 1073/1073/1073 1789/1789/1789 1311/1311/1311
f 846/846/846 175/175/175 1513/1513/1513
f 540/540/540 2048/2048/2048 648/648/648
f 1348/1348/1348 521/521/521 1615/1615/1615
f 1739/1739/1739 1794/1794/1794 614/614/614
f 180/180/180 1836/1836/1836 1277/1277/1277
f 1762/1762/1762 181/181/181 614/614/614
f 2116/2116/2116 1245/1245/1245 1284/1284/1284
f 1691/1691/1691 558/558/558 1107/1107/1107
f 1990/1990/1990 792/792/792 1403/1403/1403
f 1464/1464/1464 692/692/692 1403/1403/1403
f 1901/1901/1901 46/46/46 1800/1800/1800
f 1227/1227/1227 1029/1029/1029 1018/1018/1018
f 1109/1109/1109 942/942/942 1956/1956/1956
f 1066/1066/1066 170/170/170 1675/1675/1675
f 1920/1920/1920 242/242/242 1892/1892/1892
f 1160/1160/1160 1340/1340/1340 1399/1399/1399
f 423/423/423 829/829/829 1568/1568/1568
f 702/702/702 926/926/926 905/905/905
f 1139/1139/1139 507/507/507 309/309/309
f 1735/1735/1735 1179/1179/1179 1509/1509/1509
f 264/264/264 490/490/490 1332/1332/1332
f 1053/1053/1053 732/732/732 511/511/511
f 1231/1231/1231 645/645/645 1629/1629/1629
f 43/43/43 733/733/733 501/501/501
f 1541/1541/1541 1100/1100/1100 1504/1504/1504
f 900/900/900 1161/1161/1161 472/472/472
f 656/656/656 1621/1621/1621 1962/1962/1962
f 2106/2106/2106 907/907/907 1151/1151/1151
f 326/326/326 1583/1583/1583 2078/2078/2078
f 442/442/442 66/66/66 258/258/258
f 924/924/924 414/414/414 342/342/342
f 188/188/188 1495/1495/1495 685/685/685
f 1145/1145/1145 1742/1742/1742 794/794/794
f 417/417/417 1307/1307/1307 1589/1589/1589
f 2120/2120/2120 1536/1536/1536 1522/1522/1522
f 209/209/209 1278/1278/1278 517/517/517
f 417/417/417 1589/1589/1589 695/695/695
f 1016/1016/1016 1516/1516/1516 1322/1322/1322
f 2039/2039/2039 579/579/579 1101/1101/1101
f 866/866/866 641/641/641 284/284/284
f 1683/1683/1683 952/952/952 2031/2031/2031
f 527/527/527 2096/2096/2096 1833/1833/1833
f 1648/1648/1648 1530/1530/1530 1870/1870/1870
f 1254/1254/1254 1091/1091/1091 831/831/831
f 1768/1768/1768 1005/1005/1005 1474/1474/1474
f 1844/1844/1844 1058/1058/1058 839/839/839
f 1743/1743/1743 24/24/24 515/515/515
f 1576/1576/1576 1024/1024/1024 1182/1182/1182
f 2043/2043/2043 1739/1739/1739 614/614/614
f 1400/1400/1400 510/510/510 621/621/621
f 1208/1208/1208 1403/1403/1403 692/692/692
f 640/640/640 1717/1717/1717 1092/1092/1092
f 1464/1464/1464 792/792/792 121/121/121
f 740/740/740 116/116/116 921/921/921
f 210/210/210 375/375/375 508/508/508
f 1973/1973/1973 764/764/764 590/590/590
f 1167/1167/1167 1017/1017/1017 1079/1079/1079
f 16/16/16 1812/1812/1812 160/160/160
f 1501/1501/1501 851/851/851 1306/1306/1306
f 78/78/78 868/868/868 79/79/79
f 1952/1952/1952 1773/1773/1773 1518/1518/1518
f 1132/1132/1132 960/960/960 477/477/477
f 1700/1700/1700 1105/1105/1105 1198/1198/1198
f 1757/1757/1757 263/263/263 1323/1323/1323
f 1009/1009/1009 1341/1341/1341 860/860/860
f 2029/2029/2029 1232/1232/1232 1077/1077/1077
f 1528/1528/1528 59/59/59 1085/1085/1085
f 1848/1848/1848 1673/1673/1673 1545/1545/1545
f 967/967/967 1569/1569/1569 824/824/824
f 1062/1062/1062 956/956/956 1827/1827/1827
f 1336/1336/1336 193/193/193 1175/1175/1175
f 1989/1989/1989 312/312/312 1609/1609/1609
f 1477/1477/1477 1718/1718/1718 1621/1621/1621
f 1649/1649/1649 1450/1450/1450 817/817/817
f 1533/1533/1533 1763/1763/1763 1902/1902/1902
f 1902/1902/1902 1173/1173/1173 983/983/983
f 387/387/387 1176/1176/1176 479/479/479
f 381/381/381 1998/1998/1998 1083/1083/1083
f 275/275/275 1968/1968/1968 1327/1327/1327
f 2149/2149/2149 546/546/546 184/184/184
f 839/839/839 1058/1058/1058 1321/1321/1321
f 1318/1318/1318 1252/1252/1252 1067/1067/1067
f 1209/1209/1209 2108/2108/2108 2137/2137/2137
f 1438/1438/1438 1319/1319/1319 163/163/163
f 1666/1666/1666 1921/1921/1921 1875/1875/1875
f 958/958/958 2071/2071/2071 351/351/351
f 899/899/899 2030/2030/2030 1682/1682/1682
f 936/936/936 566/566/566 836/836/836
f 465/465/465 1584/1584/1584 1123/1123/1123
f 632/632/632 2067/2067/2067 174/174/174
f 52/52/52 51/51/51 1866/1866/1866
f 1934/1934/1934 1566/1566/1566 1108/1108/1108
f 553/553/553 684/684/684 447/447/447
f 1940/1940/1940 1680/1680/1680 1609/1609/1609
f 1300/1300/1300 705/705/705 619/619/619
f 601/601/601 1256/1256/1256 1189/1189/1189
f 1828/1828/1828 631/631/631 1559/1559/1559
f 2086/2086/2086 766/766/766 848/848/848
f 258/258/258 1694/1694/1694 442/442/442
f 1178/1178/1178 1972/1972/1972 1039/1039/1039
f 559/559/559 58/58/58 353/353/353
f 473/473/473 353/353/353 57/57/57
f 1414/1414/1414 267/267/267 202/202/202
f 1202/1202/1202 1618/1618/1618 828/828/828
f 813/813/813 1461/1461/1461 200/200/200
f 1241/1241/1241 2105/2105/2105 1948/1948/1948
f 508/508/508 2081/2081/2081 210/210/210
f 1730/1730/1730 509/509/509 1106/1106/1106
f 1624/1624/1624 965/965/965 145/145/145
f 606/606/606 256/256/256 292/292/292
f 575/575/575 1606/1606/1606 1462/1462/1462
f 1717/1717/1717 195/195/195 1136/1136/1136
f 1162/1162/1162 1398/1398/1398 2024/2024/2024
f 84/84/84 591/591/591 626/626/626
f 2012/2012/2012 593/593/593 2086/2086/2086
f 1494/1494/1494 913/913/913 356/356/356
f 1215/1215/1215 1652/1652/1652 2058/2058/2058
f 1318/1318/1318 308/308/308 2127/2127/2127
f 1785/1785/1785 979/979/979 1040/1040/1040
f 1963/1963/1963 1214/1214/1214 1293/1293/1293
f 537/537/537 1524/1524/1524 1331/1331/1331
f 560/560/560 933/933/933 2110/2110/2110
f 575/575/575 2070/2070/2070 238/238/238
f 1639/1639/1639 2095/2095/2095 1337/1337/1337
f 1078/1078/1078 825/825/825 939/939/939
f 1660/1660/1660 170/170/170 680/680/680
f 890/890/890 595/595/595 1791/1791/1791
f 409/409/409 2000/2000/2000 1755/1755/1755
f 454/454/454 562/562/562 684/684/684
f 1529/1529/1529 867/867/867 1015/1015/1015
f 1189/1189/1189 412/412/412 1135/1135/1135
f 1933/1933/1933 1228/1228/1228 1486/1486/1486
f 1894/1894/1894 1649/1649/1649 1706/1706/1706
f 1125/1125/1125 978/978/978 1687/1687/1687
f 1868/1868/1868 244/244/244 1362/1362/1362
f 1450/1450/1450 186/186/186 204/204/204
f 1793/1793/1793 1037/1037/1037 1326/1326/1326
f 1114/1114/1114 1011/1011/1011 1221/1221/1221
f 2102/2102/2102 1891/1891/1891 1703/1703/1703
f 324/324/324 1505/1505/1505 715/715/715
f 2112/2112/2112 225/225/225 1214/1214/1214
f 2033/2033/2033 159/159/159 806/806/806
f 2011/2011/2011 1652/1652/1652 1957/1957/1957
f 1389/1389/1389 301/301/301 1308/1308/1308
f 616/616/616 926/926/926 1344/1344/1344
f 710/710/710 1367/1367/1367 371/371/371
f 1993/1993/1993 1226/1226/1226 64/64/64
f 556/556/556 2146/2146/2146 1375/1375/1375
f 1355/1355/1355 164/164/164 605/605/605
f 1153/1153/1153 2035/2035/2035 629/629/629
f 276/276/276 1586/1586/1586 555/555/555
f 2084/2084/2084 1380/1380/1380 1851/1851/1851
f 261/261/261 1290/1290/1290 2045/2045/2045
f 416/416/416 1198/1198/1198 1105/1105/1105
f 1831/1831/1831 608/608/608 874/874/874
f 1096/1096/1096 545/545/545 254/254/254
f 953/953/953 1772/1772/1772 1198/1198/1198
f 1320/1320/1320 765/765/765 322/322/322
f 1986/1986/1986 1460/1460/1460 2012/2012/2012
f 580/580/580 1805/1805/1805 767/767/767
f 1712/1712/1712 709/709/709 843/843/843
f 1433/1433/1433 2093/2093/2093 1480/1480/1480
f 1512/1512/1512 1165/1165/1165 1156/1156/1156
f 489/489/489 1140/1140/1140 1107/1107/1107
f 513/513/513 149/149/149 827/827/827
f 1314/1314/1314 622/622/622 494/494/494
f 245/245/245 1472/1472/1472 1892/1892/1892
f 954/954/954 916/916/916 2088/2088/2088
f 2062/2062/2062 2090/2090/2090 450/450/450
f 386/386/386 2025/2025/2025 1936/1936/1936
f 1045/1045/1045 1856/1856/1856 774/774/774
f 727/727/727 1465/1465/1465 1000/1000/1000
f 1184/1184/1184 1950/1950/1950 1636/1636/1636
f 1797/1797/1797 1024/1024/1024 1496/1496/1496
f 638/638/638 2144/2144/2144 1560/1560/1560
f 534/534/534 1126/1126/1126 1394/1394/1394
f 950/950/950 1170/1170/1170 1841/1841/1841
f 1725/1725/1725 578/578/578 1148/1148/1148
f 850/850/850 143/143/143 622/622/622
f 1333/1333/1333 808/808/808 881/881/881
f 2004/2004/2004 979/979/979 1758/1758/1758
f 1784/1784/1784 808/808/808 1333/1333/1333
f 1141/1141/1141 1817/1817/1817 690/690/690
f 1325/1325/1325 194/194/194 1360/1360/1360
f 1548/1548/1548 741/741/741 1377/1377/1377
f 776/776/776 1188/1188/1188 1260/1260/1260
f 1305/1305/1305 208/208/208 968/968/968
f 668/668/668 448/448/448 1068/1068/1068
f 3/3/3 2/2/2 1820/1820/1820
f 2059/2059/2059 6/6/6 1423/1423/1423
f 1085/1085/1085 58/58/58 559/559/559
f 786/786/786 1799/1799/1799 904/904/904
f 164/164/164 759/759/759 605/605/605
f 742/742/742 1027/1027/1027 1822/1822/1822
f 1975/1975/1975 1506/1506/1506 213/213/213
f 594/594/594 2103/2103/2103 47/47/47
f 95/95/95 2089/2089/2089 96/96/96
f 613/613/613 895/895/895 572/572/572
f 2121/2121/2121 1770/1770/1770 2036/2036/2036
f 1880/1880/1880 653/653/653 1783/1783/1783
f 331/331/331 1023/1023/1023 1965/1965/1965
f 1841/1841/1841 1170/1170/1170 1481/1481/1481
f 1909/1909/1909 840/840/840 1119/1119/1119
f 153/153/153 1911/1911/1911 1310/1310/1310
f 1549/1549/1549 2121/2121/2121 942/942/942
f 1774/1774/1774 2054/2054/2054 1601/1601/1601
f 1425/1425/1425 1110/1110/1110 934/934/934
f 1032/1032/1032 998/998/998 1018/1018/1018
f 1805/1805/1805 1364/1364/1364 177/177/177
f 56/56/56 473/473/473 57/57/57
f 729/729/729 2124/2124/2124 1120/1120/1120
f 1026/1026/1026 1735/1735/1735 1281/1281/1281
f 1157/1157/1157 1948/1948/1948 328/328/328
f 193/193/193 533/533/533 584/584/584
f 370/370/370 994/994/994 286/286/286
f 570/570/570 1776/1776/1776 473/473/473
f 1020/1020/1020 1220/1220/1220 207/207/207
f 1554/1554/1554 291/291/291 1468/1468/1468
f 1534/1534/1534 1276/1276/1276 2145/2145/2145
f 479/479/479 1176/1176/1176 1183/1183/1183
f 1052/1052/1052 1011/1011/1011 265/265/265
f 1160/1160/1160 1500/1500/1500 1340/1340/1340
f 301/301/301 1543/1543/1543 1496/1496/1496
f 743/743/743 1644/1644/1644 160/160/160
f 1926/1926/1926 1575/1575/1575 890/890/890
f 545/545/545 1933/1933/1933 1486/1486/1486
f 626/626/626 85/85/85 84/84/84
f 591/591/591 1695/1695/1695 82/82/82
f 1410/1410/1410 204/204/204 1171/1171/1171
f 525/525/525 722/722/722 1745/1745/1745
f 2039/2039/2039 1101/1101/1101 279/279/279
f 523/523/523 1840/1840/1840 1562/1562/1562
f 1814/1814/1814 623/623/623 1711/1711/1711
f 2073/2073/2073 1073/1073/1073 379/379/379
f 1202/1202/1202 1456/1456/1456 1618/1618/1618
f 1700/1700/1700 1772/1772/1772 1795/1795/1795
f 604/604/604 1044/1044/1044 1449/1449/1449
f 490/490/490 681/681/681 371/371/371
f 1166/1166/1166 169/169/169 818/818/818
f 893/893/893 1489/1489/1489 1776/1776/1776
f 1648/1648/1648 1870/1870/1870 1259/1259/1259
f 435/435/435 780/780/780 1982/1982/1982
f 1753/1753/1753 101/101/101 1523/1523/1523
f 703/703/703 1847/1847/1847 772/772/772
f 356/356/356 1710/1710/1710 1494/1494/1494
f 1771/1771/1771 2147/2147/2147 1872/1872/1872
f 318/318/318 1974/1974/1974 1623/1623/1623
f 2095/2095/2095 1813/1813/1813 1337/1337/1337
f 1487/1487/1487 199/199/199 179/179/179
f 484/484/484 1062/1062/1062 2042/2042/2042
f 362/362/362 948/948/948 1063/1063/1063
f 1415/1415/1415 62/62/62 251/251/251
f 1375/1375/1375 524/524/524 1169/1169/1169
f 2146/2146/2146 1155/1155/1155 1886/1886/1886
f 1885/1885/1885 1655/1655/1655 556/556/556
f 1966/1966/1966 923/923/923 1389/1389/1389
f 2087/2087/2087 1388/1388/1388 312/312/312
f 1115/1115/1115 193/193/193 1405/1405/1405
f 2052/2052/2052 1927/1927/1927 1655/1655/1655
f 789/789/789 54/54/54 53/53/53
f 1889/1889/1889 548/548/548 1810/1810/1810
f 756/756/756 1270/1270/1270 716/716/716
f 2003/2003/2003 1210/1210/1210 217/217/217
f 814/814/814 1357/1357/1357 880/880/880
f 269/269/269 2092/2092/2092 920/920/920
f 660/660/660 2087/2087/2087 312/312/312
f 1216/1216/1216 1991/1991/1991 65/65/65
f 788/788/788 1590/1590/1590 682/682/682
f 2077/2077/2077 196/196/196 437/437/437
f 1860/1860/1860 434/434/434 1484/1484/1484
f 30/30/30 1861/1861/1861 645/645/645
f 583/583/583 741/741/741 1629/1629/1629
f 2154/2154/2154 1458/1458/1458 832/832/832
f 1122/1122/1122 426/426/426 2111/2111/2111
f 1928/1928/1928 2121/2121/2121 2036/2036/2036
f 599/599/599 278/278/278 814/814/814
f 919/919/919 1710/1710/1710 1094/1094/1094
f 1221/1221/1221 320/320/320 2145/2145/2145
f 732/732/732 1865/1865/1865 457/457/457
f 1765/1765/1765 1288/1288/1288 1625/1625/1625
f 2103/2103/2103 1246/1246/1246 1595/1595/1595
f 1866/1866/1866 51/51/51 252/252/252
f 323/323/323 907/907/907 1082/1082/1082
f 562/562/562 520/520/520 1967/1967/1967
f 330/330/330 1705/1705/1705 929/929/929
f 536/536/536 936/936/936 836/836/836
f 1459/1459/1459 76/76/76 75/75/75
f 80/80/80 983/983/983 81/81/81
f 278/278/278 568/568/568 327/327/327
f 1470/1470/1470 439/439/439 314/314/314
f 1728/1728/1728 1400/1400/1400 1432/1432/1432
f 1421/1421/1421 510/510/510 1352/1352/1352
f 1566/1566/1566 1900/1900/1900 1587/1587/1587
f 1246/1246/1246 877/877/877 1201/1201/1201
f 219/219/219 907/907/907 323/323/323
f 1768/1768/1768 391/391/391 511/511/511
f 1986/1986/1986 689/689/689 1460/1460/1460
f 223/223/223 723/723/723 1168/1168/1168
f 1401/1401/1401 1161/1161/1161 1282/1282/1282
f 1963/1963/1963 1067/1067/1067 1079/1079/1079
f 1370/1370/1370 1264/1264/1264 381/381/381
f 2074/2074/2074 885/885/885 1227/1227/1227
f 1271/1271/1271 350/350/350 666/666/666
f 1043/1043/1043 2144/2144/2144 345/345/345
f 561/561/561 1878/1878/1878 384/384/384
f 364/364/364 574/574/574 1826/1826/1826
f 1038/1038/1038 482/482/482 172/172/172
f 653/653/653 2068/2068/2068 1292/1292/1292
f 1956/1956/1956 172/172/172 482/482/482
f 1061/1061/1061 1584/1584/1584 465/465/465
f 1644/1644/1644 401/401/401 1441/1441/1441
f 17/17/17 1441/1441/1441 18/18/18
f 636/636/636 681/681/681 264/264/264
f 2064/2064/2064 277/277/277 1472/1472/1472
f 313/313/313 367/367/367 1924/1924/1924
f 1714/1714/1714 658/658/658 299/299/299
f 1385/1385/1385 2137/2137/2137 712/712/712
f 2137/2137/2137 2108/2108/2108 779/779/779
f 171/171/171 1368/1368/1368 538/538/538
f 1368/1368/1368 1301/1301/1301 514/514/514
f 1873/1873/1873 161/161/161 1659/1659/1659
f 1605/1605/1605 502/502/502 1309/1309/1309
f 2107/2107/2107 1824/1824/1824 903/903/903
f 508/508/508 1887/1887/1887 1741/1741/1741
f 768/768/768 558/558/558 1904/1904/1904
f 168/168/168 805/805/805 872/872/872
f 1970/1970/1970 1181/1181/1181 1810/1810/1810
f 1123/1123/1123 1584/1584/1584 1488/1488/1488
f 186/186/186 1450/1450/1450 1894/1894/1894
f 238/238/238 2070/2070/2070 822/822/822
f 2027/2027/2027 1138/1138/1138 891/891/891
f 1535/1535/1535 250/250/250 1144/1144/1144
f 1472/1472/1472 277/277/277 1361/1361/1361
f 753/753/753 1069/1069/1069 1299/1299/1299
f 1972/1972/1972 1586/1586/1586 1030/1030/1030
f 1075/1075/1075 987/987/987 2091/2091/2091
f 404/404/404 1405/1405/1405 607/607/607
f 1313/1313/1313 1336/1336/1336 2134/2134/2134
f 1654/1654/1654 236/236/236 294/294/294
f 1062/1062/1062 236/236/236 956/956/956
f 1495/1495/1495 210/210/210 1847/1847/1847
f 375/375/375 210/210/210 1523/1523/1523
f 785/785/785 1693/1693/1693 1462/1462/1462
f 1813/1813/1813 2095/2095/2095 2026/2026/2026
f 615/615/615 996/996/996 1004/1004/1004
f 299/299/299 658/658/658 1255/1255/1255
f 1046/1046/1046 2066/2066/2066 430/430/430
f 849/849/849 1505/1505/1505 2104/2104/2104
f 2113/2113/2113 227/227/227 1298/1298/1298
f 1370/1370/1370 352/352/352 946/946/946
f 2103/2103/2103 1595/1595/1595 2006/2006/2006
f 451/451/451 733/733/733 42/42/42
f 1173/1173/1173 857/857/857 983/983/983
f 1782/1782/1782 82/82/82 81/81/81
f 589/589/589 162/162/162 699/699/699
f 593/593/593 1959/1959/1959 766/766/766
f 2146/2146/2146 1113/1113/1113 1375/1375/1375
f 734/734/734 885/885/885 592/592/592
f 1905/1905/1905 797/797/797 1508/1508/1508
f 1822/1822/1822 1377/1377/1377 1818/1818/1818
f 888/888/888 1997/1997/1997 1428/1428/1428
f 1299/1299/1299 717/717/717 753/753/753
f 1842/1842/1842 1697/1697/1697 392/392/392
f 1258/1258/1258 2003/2003/2003 1369/1369/1369
f 1428/1428/1428 1558/1558/1558 586/586/586
f 1707/1707/1707 315/315/315 1203/1203/1203
f 2021/2021/2021 982/982/982 1760/1760/1760
f 2059/2059/2059 1423/1423/1423 1507/1507/1507
f 1974/1974/1974 1781/1781/1781 1623/1623/1623
f 1307/1307/1307 417/417/417 475/475/475
f 1616/1616/1616 1911/1911/1911 153/153/153
f 1119/1119/1119 1692/1692/1692 956/956/956
f 949/949/949 1037/1037/1037 1793/1793/1793
f 1513/1513/1513 914/914/914 846/846/846
f 2049/2049/2049 959/959/959 1363/1363/1363
f 257/257/257 1034/1034/1034 859/859/859
f 781/781/781 693/693/693 736/736/736
f 295/295/295 1515/1515/1515 773/773/773
f 36/36/36 35/35/35 1915/1915/1915
f 1915/1915/1915 35/35/35 34/34/34
f 1649/1649/1649 383/383/383 1706/1706/1706
f 1604/1604/1604 280/280/280 481/481/481
f 788/788/788 1675/1675/1675 326/326/326
f 1109/1109/1109 723/723/723 223/223/223
f 2104/2104/2104 750/750/750 849/849/849
f 2011/2011/2011 231/231/231 1172/1172/1172
f 1765/1765/1765 1919/1919/1919 1968/1968/1968
f 198/198/198 1409/1409/1409 1224/1224/1224
f 1809/1809/1809 1390/1390/1390 1344/1344/1344
f 2020/2020/2020 652/652/652 1999/1999/1999
f 743/743/743 401/401/401 1644/1644/1644
f 159/159/159 520/520/520 806/806/806
f 2113/2113/2113 387/387/387 1165/1165/1165
f 1457/1457/1457 554/554/554 1201/1201/1201
f 1226/1226/1226 1193/1193/1193 363/363/363
f 1783/1783/1783 674/674/674 1688/1688/1688
f 1207/1207/1207 869/869/869 1384/1384/1384
f 1714/1714/1714 947/947/947 1437/1437/1437
f 709/709/709 1887/1887/1887 99/99/99
f 1179/1179/1179 976/976/976 428/428/428
f 217/217/217 1096/1096/1096 1547/1547/1547
f 1154/1154/1154 1486/1486/1486 1228/1228/1228
f 1094/1094/1094 871/871/871 2098/2098/2098
f 1301/1301/1301 634/634/634 514/514/514
f 1610/1610/1610 631/631/631 1828/1828/1828
f 1356/1356/1356 2121/2121/2121 1549/1549/1549
f 1335/1335/1335 1199/1199/1199 974/974/974
f 1093/1093/1093 2007/2007/2007 2063/2063/2063
f 212/212/212 1435/1435/1435 784/784/784
f 565/565/565 1723/1723/1723 879/879/879
f 1695/1695/1695 83/83/83 82/82/82
f 868/868/868 1378/1378/1378 79/79/79
f 639/639/639 2119/2119/2119 1895/1895/1895
f 1515/1515/1515 1013/1013/1013 706/706/706
f 2154/2154/2154 1258/1258/1258 1458/1458/1458
f 314/314/314 439/439/439 1709/1709/1709
f 1934/1934/1934 283/283/283 1829/1829/1829
f 1904/1904/1904 708/708/708 768/768/768
f 554/554/554 1595/1595/1595 1201/1201/1201
f 1317/1317/1317 605/605/605 998/998/998
f 713/713/713 1976/1976/1976 751/751/751
f 1591/1591/1591 315/315/315 476/476/476
f 1459/1459/1459 75/75/75 2038/2038/2038
f 1870/1870/1870 1530/1530/1530 1869/1869/1869
f 1568/1568/1568 620/620/620 423/423/423
f 1848/1848/1848 984/984/984 904/904/904
f 846/846/846 497/497/497 175/175/175
f 1997/1997/1997 582/582/582 1558/1558/1558
f 553/553/553 1802/1802/1802 267/267/267
f 123/123/123 1244/1244/1244 124/124/124
f 1880/1880/1880 2086/2086/2086 2068/2068/2068
f 2012/2012/2012 1923/1923/1923 593/593/593
f 192/192/192 2135/2135/2135 1612/1612/1612
f 1646/1646/1646 1559/1559/1559 1031/1031/1031
f 1747/1747/1747 1831/1831/1831 1461/1461/1461
f 1132/1132/1132 1439/1439/1439 2107/2107/2107
f 2075/2075/2075 1386/1386/1386 1494/1494/1494
f 1798/1798/1798 1200/1200/1200 949/949/949
f 1059/1059/1059 799/799/799 893/893/893
f 1771/1771/1771 51/51/51 50/50/50
f 360/360/360 1458/1458/1458 1258/1258/1258
f 360/360/360 1722/1722/1722 1458/1458/1458
f 422/422/422 231/231/231 1957/1957/1957
f 2058/2058/2058 1028/1028/1028 1215/1215/1215
f 1462/1462/1462 1897/1897/1897 630/630/630
f 2070/2070/2070 1761/1761/1761 822/822/822
f 1580/1580/1580 884/884/884 840/840/840
f 1616/1616/1616 1663/1663/1663 1911/1911/1911
f 1095/1095/1095 160/160/160 1950/1950/1950
f 2021/2021/2021 663/663/663 166/166/166
f 1292/1292/1292 2068/2068/2068 362/362/362
f 2072/2072/2072 480/480/480 664/664/664
f 574/574/574 1142/1142/1142 601/601/601
f 1976/1976/1976 581/581/581 1953/1953/1953
f 259/259/259 572/572/572 1697/1697/1697
f 173/173/173 93/93/93 92/92/92
f 1447/1447/1447 1962/1962/1962 530/530/530
f 620/620/620 1568/1568/1568 919/919/919
f 1955/1955/1955 390/390/390 374/374/374
f 1925/1925/1925 703/703/703 976/976/976
f 1584/1584/1584 1455/1455/1455 1488/1488/1488
f 314/314/314 1709/1709/1709 1022/1022/1022
f 1995/1995/1995 955/955/955 1816/1816/1816
f 1767/1767/1767 1347/1347/1347 860/860/860
f 373/373/373 551/551/551 670/670/670
f 1465/1465/1465 240/240/240 1000/1000/1000
f 438/438/438 2142/2142/2142 1174/1174/1174
f 1694/1694/1694 689/689/689 442/442/442
f 1276/1276/1276 654/654/654 2145/2145/2145
f 1499/1499/1499 441/441/441 665/665/665
f 1840/1840/1840 722/722/722 1562/1562/1562
f 819/819/819 1961/1961/1961 1513/1513/1513
f 1308/1308/1308 1576/1576/1576 1510/1510/1510
f 1248/1248/1248 1864/1864/1864 1365/1365/1365
f 908/908/908 1282/1282/1282 900/900/900
f 1252/1252/1252 1995/1995/1995 1816/1816/1816
f 1873/1873/1873 739/739/739 1116/1116/1116
f 541/541/541 1002/1002/1002 1867/1867/1867
f 233/233/233 1443/1443/1443 1068/1068/1068
f 342/342/342 745/745/745 1526/1526/1526
f 265/265/265 1011/1011/1011 246/246/246
f 1964/1964/1964 1284/1284/1284 1245/1245/1245
f 1768/1768/1768 1474/1474/1474 997/997/997
f 1792/1792/1792 649/649/649 1607/1607/1607
f 275/275/275 1327/1327/1327 873/873/873
f 350/350/350 1761/1761/1761 190/190/190
f 2009/2009/2009 1019/1019/1019 1362/1362/1362
f 1586/1586/1586 1178/1178/1178 306/306/306
f 1203/1203/1203 315/315/315 2046/2046/2046
f 1050/1050/1050 327/327/327 680/680/680
f 1748/1748/1748 931/931/931 1681/1681/1681
f 844/844/844 1515/1515/1515 1505/1505/1505
f 1776/1776/1776 570/570/570 893/893/893
f 1716/1716/1716 786/786/786 1632/1632/1632
f 705/705/705 373/373/373 746/746/746
f 2110/2110/2110 933/933/933 526/526/526
f 108/108/108 973/973/973 109/109/109
f 1849/1849/1849 318/318/318 1713/1713/1713
f 268/268/268 39/39/39 1737/1737/1737
f 1081/1081/1081 550/550/550 213/213/213
f 642/642/642 507/507/507 1139/1139/1139
f 854/854/854 713/713/713 1926/1926/1926
f 112/112/112 1742/1742/1742 1145/1145/1145
f 1599/1599/1599 348/348/348 758/758/758
f 504/504/504 2100/2100/2100 1350/1350/1350
f 1808/1808/1808 598/598/598 1932/1932/1932
f 2122/2122/2122 823/823/823 1000/1000/1000
f 362/362/362 848/848/848 948/948/948
f 1949/1949/1949 12/12/12 11/11/11
f 236/236/236 484/484/484 294/294/294
f 606/606/606 148/148/148 256/256/256
f 2069/2069/2069 753/753/753 1579/1579/1579
f 1259/1259/1259 780/780/780 1257/1257/1257
f 1137/1137/1137 981/981/981 1061/1061/1061
f 541/541/541 532/532/532 1491/1491/1491
f 1723/1723/1723 1482/1482/1482 215/215/215
f 2064/2064/2064 245/245/245 845/845/845
f 1614/1614/1614 394/394/394 803/803/803
f 1333/1333/1333 1111/1111/1111 1758/1758/1758
f 1441/1441/1441 401/401/401 1656/1656/1656
f 2086/2086/2086 1880/1880/1880 365/365/365
f 1226/1226/1226 1801/1801/1801 1193/1193/1193
f 1790/1790/1790 1498/1498/1498 1542/1542/1542
f 1987/1987/1987 241/241/241 397/397/397
f 851/851/851 1434/1434/1434 237/237/237
f 1530/1530/1530 552/552/552 793/793/793
f 1877/1877/1877 783/783/783 452/452/452
f 1511/1511/1511 684/684/684 1323/1323/1323
f 2026/2026/2026 1730/1730/1730 991/991/991
f 1253/1253/1253 1751/1751/1751 1106/1106/1106
f 474/474/474 761/761/761 2142/2142/2142
f 2034/2034/2034 1941/1941/1941 1825/1825/1825
f 943/943/943 935/935/935 757/757/757
f 1846/1846/1846 790/790/790 1470/1470/1470
f 1528/1528/1528 1039/1039/1039 2097/2097/2097
f 589/589/589 1775/1775/1775 162/162/162
f 1545/1545/1545 380/380/380 984/984/984
f 1415/1415/1415 63/63/63 62/62/62
f 1385/1385/1385 1036/1036/1036 1209/1209/1209
f 1384/1384/1384 869/869/869 1172/1172/1172
f 1113/1113/1113 524/524/524 1375/1375/1375
f 1935/1935/1935 1090/1090/1090 877/877/877
f 262/262/262 478/478/478 2131/2131/2131
f 873/873/873 1649/1649/1649 964/964/964
f 538/538/538 514/514/514 697/697/697
f 352/352/352 787/787/787 1691/1691/1691
f 1531/1531/1531 2020/2020/2020 372/372/372
f 807/807/807 786/786/786 625/625/625
f 1120/1120/1120 93/93/93 173/173/173
f 2125/2125/2125 552/552/552 1530/1530/1530
f 1729/1729/1729 320/320/320 1864/1864/1864
f 1568/1568/1568 228/228/228 211/211/211
f 1064/1064/1064 925/925/925 1049/1049/1049
f 1858/1858/1858 1475/1475/1475 2087/2087/2087
f 2076/2076/2076 1091/1091/1091 1826/1826/1826
f 217/217/217 1547/1547/1547 2003/2003/2003
f 820/820/820 1652/1652/1652 598/598/598
f 226/226/226 308/308/308 325/325/325
f 1823/1823/1823 45/45/45 44/44/44
f 443/443/443 2148/2148/2148 298/298/298
f 927/927/927 1759/1759/1759 1266/1266/1266
f 594/594/594 1901/1901/1901 1246/1246/1246
f 365/365/365 1880/1880/1880 686/686/686
f 580/580/580 2072/2072/2072 674/674/674
f 2122/2122/2122 478/478/478 823/823/823
f 441/441/441 1499/1499/1499 2008/2008/2008
f 2061/2061/2061 1545/1545/1545 1759/1759/1759
f 180/180/180 1277/1277/1277 2001/2001/2001
f 1300/1300/1300 866/866/866 1180/1180/1180
f 561/561/561 1526/1526/1526 1955/1955/1955
f 1161/1161/1161 410/410/410 472/472/472
f 1932/1932/1932 1815/1815/1815 752/752/752
f 1805/1805/1805 580/580/580 1292/1292/1292
f 1879/1879/1879 1608/1608/1608 2055/2055/2055
f 1103/1103/1103 722/722/722 1840/1840/1840
f 203/203/203 1943/1943/1943 1192/1192/1192
f 1204/1204/1204 1158/1158/1158 1516/1516/1516
f 119/119/119 1849/1849/1849 1713/1713/1713
f 1717/1717/1717 640/640/640 1322/1322/1322
f 1136/1136/1136 1744/1744/1744 668/668/668
f 901/901/901 437/437/437 196/196/196
f 2141/2141/2141 1786/1786/1786 1726/1726/1726
f 28/28/28 27/27/27 369/369/369
f 2017/2017/2017 25/25/25 1007/1007/1007
f 1778/1778/1778 1051/1051/1051 1634/1634/1634
f 366/366/366 1204/1204/1204 1417/1417/1417
f 2003/2003/2003 1258/1258/1258 1210/1210/1210
f 1123/1123/1123 1168/1168/1168 465/465/465
f 2146/2146/2146 1425/1425/1425 1113/1113/1113
f 1872/1872/1872 1419/1419/1419 1855/1855/1855
f 1895/1895/1895 2119/2119/2119 663/663/663
f 1924/1924/1924 860/860/860 1341/1341/1341
f 1981/1981/1981 1532/1532/1532 606/606/606
f 1150/1150/1150 2029/2029/2029 658/658/658
f 1174/1174/1174 349/349/349 438/438/438
f 1994/1994/1994 1166/1166/1166 260/260/260
f 86/86/86 85/85/85 1434/1434/1434
f 512/512/512 1539/1539/1539 2130/2130/2130
f 1970/1970/1970 491/491/491 1181/1181/1181
f 1012/1012/1012 396/396/396 1958/1958/1958
f 644/644/644 1639/1639/1639 1239/1239/1239
f 1338/1338/1338 1787/1787/1787 287/287/287
f 132/132/132 131/131/131 1138/1138/1138
f 1890/1890/1890 2087/2087/2087 1406/1406/1406
f 662/662/662 395/395/395 385/385/385
f 1445/1445/1445 194/194/194 1325/1325/1325
f 1815/1815/1815 869/869/869 1207/1207/1207
f 1095/1095/1095 743/743/743 160/160/160
f 407/407/407 1425/1425/1425 466/466/466
f 2020/2020/2020 1999/1999/1999 372/372/372
f 1489/1489/1489 893/893/893 799/799/799
f 1993/1993/1993 63/63/63 677/677/677
f 1984/1984/1984 1786/1786/1786 1427/1427/1427
f 1369/1369/1369 1191/1191/1191 1285/1285/1285
f 1796/1796/1796 1205/1205/1205 1449/1449/1449
f 2129/2129/2129 261/261/261 454/454/454
f 431/431/431 1694/1694/1694 770/770/770
f 2048/2048/2048 1690/1690/1690 2036/2036/2036
f 1628/1628/1628 571/571/571 311/311/311
f 1945/1945/1945 1552/1552/1552 789/789/789
f 2068/2068/2068 848/848/848 362/362/362
f 223/223/223 942/942/942 1109/1109/1109
f 1378/1378/1378 814/814/814 880/880/880
f 591/591/591 857/857/857 237/237/237
f 757/757/757 935/935/935 864/864/864
f 1660/1660/1660 2078/2078/2078 1583/1583/1583
f 972/972/972 863/863/863 2051/2051/2051
f 2141/2141/2141 486/486/486 1269/1269/1269
f 1570/1570/1570 432/432/432 1538/1538/1538
f 1521/1521/1521 642/642/642 341/341/341
f 643/643/643 306/306/306 1413/1413/1413
f 2126/2126/2126 1716/1716/1716 527/527/527
f 1437/1437/1437 838/838/838 573/573/573
f 1379/1379/1379 294/294/294 1295/1295/1295
f 1579/1579/1579 739/739/739 1873/1873/1873
f 340/340/340 661/661/661 1367/1367/1367
f 2033/2033/2033 725/725/725 1930/1930/1930
f 464/464/464 600/600/600 931/931/931
f 562/562/562 261/261/261 520/520/520
f 1320/1320/1320 892/892/892 1804/1804/1804
f 1118/1118/1118 1057/1057/1057 635/635/635
f 535/535/535 632/632/632 441/441/441
f 447/447/447 704/704/704 1802/1802/1802
f 619/619/619 641/641/641 1300/1300/1300
f 1343/1343/1343 1825/1825/1825 825/825/825
f 1072/1072/1072 1733/1733/1733 349/349/349
f 1689/1689/1689 838/838/838 1624/1624/1624
f 1653/1653/1653 1124/1124/1124 1010/1010/1010
f 1235/1235/1235 505/505/505 1628/1628/1628
f 1996/1996/1996 647/647/647 1574/1574/1574
f 229/229/229 764/764/764 651/651/651
f 328/328/328 190/190/190 778/778/778
f 1264/1264/1264 618/618/618 381/381/381
f 2106/2106/2106 1301/1301/1301 1853/1853/1853
f 2138/2138/2138 1467/1467/1467 1830/1830/1830
f 603/603/603 2016/2016/2016 1031/1031/1031
f 686/686/686 1874/1874/1874 719/719/719
f 775/775/775 1979/1979/1979 1564/1564/1564
f 70/70/70 1455/1455/1455 1584/1584/1584
f 2025/2025/2025 701/701/701 1936/1936/1936
f 833/833/833 2117/2117/2117 1289/1289/1289
f 1480/1480/1480 2093/2093/2093 992/992/992
f 2057/2057/2057 1014/1014/1014 1452/1452/1452
f 707/707/707 1672/1672/1672 1381/1381/1381
f 1656/1656/1656 896/896/896 1550/1550/1550
f 230/230/230 1347/1347/1347 812/812/812
f 996/996/996 1561/1561/1561 4/4/4
f 2059/2059/2059 8/8/8 1261/1261/1261
f 1360/1360/1360 194/194/194 32/32/32
f 633/633/633 1445/1445/1445 1141/1141/1141
f 2147/2147/2147 1900/1900/1900 1452/1452/1452
f 1799/1799/1799 1673/1673/1673 1848/1848/1848
f 1000/1000/1000 2109/2109/2109 1463/1463/1463
f 2025/2025/2025 1057/1057/1057 701/701/701
f 1411/1411/1411 1646/1646/1646 359/359/359
f 228/228/228 1733/1733/1733 211/211/211
f 244/244/244 2001/2001/2001 1674/1674/1674
f 769/769/769 2088/2088/2088 1361/1361/1361
f 1963/1963/1963 1844/1844/1844 1070/1070/1070
f 1812/1812/1812 16/16/16 15/15/15
f 274/274/274 600/600/600 585/585/585
f 1431/1431/1431 891/891/891 1138/1138/1138
f 174/174/174 862/862/862 665/665/665
f 635/635/635 1057/1057/1057 1041/1041/1041
f 724/724/724 596/596/596 1701/1701/1701
f 1788/1788/1788 597/597/597 856/856/856
f 2023/2023/2023 567/567/567 290/290/290
f 1205/1205/1205 1736/1736/1736 1217/1217/1217
f 1680/1680/1680 1409/1409/1409 1679/1679/1679
f 1640/1640/1640 627/627/627 2095/2095/2095
f 1275/1275/1275 1899/1899/1899 725/725/725
f 659/659/659 1621/1621/1621 1052/1052/1052
f 1031/1031/1031 1499/1499/1499 665/665/665
f 172/172/172 1879/1879/1879 1195/1195/1195
f 1953/1953/1953 729/729/729 1838/1838/1838
f 1711/1711/1711 341/341/341 1139/1139/1139
f 2113/2113/2113 1298/1298/1298 2052/2052/2052
f 2152/2152/2152 300/300/300 1430/1430/1430
f 1411/1411/1411 557/557/557 664/664/664
f 1938/1938/1938 1633/1633/1633 1664/1664/1664
f 373/373/373 705/705/705 551/551/551
f 364/364/364 960/960/960 903/903/903
f 77/77/77 1937/1937/1937 444/444/444
f 1732/1732/1732 723/723/723 1218/1218/1218
f 1398/1398/1398 1870/1870/1870 1869/1869/1869
f 1937/1937/1937 1459/1459/1459 444/444/444
f 350/350/350 190/190/190 1721/1721/1721
f 758/758/758 815/815/815 1599/1599/1599
f 1015/1015/1015 867/867/867 638/638/638
f 1989/1989/1989 1609/1609/1609 1680/1680/1680
f 1436/1436/1436 2153/2153/2153 1287/1287/1287
f 1773/1773/1773 98/98/98 1518/1518/1518
f 1417/1417/1417 1204/1204/1204 971/971/971
f 641/641/641 1267/1267/1267 1103/1103/1103
f 1224/1224/1224 2047/2047/2047 198/198/198
f 576/576/576 1112/1112/1112 129/129/129
f 65/65/65 1991/1991/1991 258/258/258
f 1661/1661/1661 1903/1903/1903 251/251/251
f 1920/1920/1920 1809/1809/1809 242/242/242
f 697/697/697 1834/1834/1834 654/654/654
f 2086/2086/2086 365/365/365 2012/2012/2012
f 1528/1528/1528 2097/2097/2097 59/59/59
f 193/193/193 303/303/303 1175/1175/1175
f 1034/1034/1034 464/464/464 918/918/918
f 481/481/481 280/280/280 1326/1326/1326
f 804/804/804 1352/1352/1352 165/165/165
f 94/94/94 2124/2124/2124 1953/1953/1953
f 1756/1756/1756 744/744/744 1279/1279/1279
f 1740/1740/1740 1956/1956/1956 482/482/482
f 1272/1272/1272 823/823/823 478/478/478
f 1799/1799/1799 786/786/786 807/807/807
f 625/625/625 861/861/861 799/799/799
f 2087/2087/2087 660/660/660 1858/1858/1858
f 470/470/470 828/828/828 1843/1843/1843
f 2140/2140/2140 197/197/197 398/398/398
f 1087/1087/1087 783/783/783 411/411/411
f 928/928/928 1557/1557/1557 1942/1942/1942
f 1697/1697/1697 895/895/895 392/392/392
f 1897/1897/1897 1015/1015/1015 988/988/988
f 2082/2082/2082 1627/1627/1627 2080/2080/2080
f 1903/1903/1903 724/724/724 1701/1701/1701
f 1489/1489/1489 306/306/306 643/643/643
f 363/363/363 1193/1193/1193 1851/1851/1851
f 952/952/952 1683/1683/1683 1746/1746/1746
f 1117/1117/1117 756/756/756 775/775/775
f 169/169/169 380/380/380 296/296/296
f 189/189/189 1/1/1 154/154/154
f 812/812/812 1895/1895/1895 1760/1760/1760
f 731/731/731 2022/2022/2022 549/549/549
f 1924/1924/1924 650/650/650 313/313/313
f 768/768/768 1479/1479/1479 558/558/558
f 2023/2023/2023 290/290/290 260/260/260
f 736/736/736 784/784/784 1346/1346/1346
f 700/700/700 1535/1535/1535 1144/1144/1144
f 1188/1188/1188 1822/1822/1822 1818/1818/1818
f 395/395/395 1731/1731/1731 385/385/385
f 1303/1303/1303 693/693/693 781/781/781
f 1144/1144/1144 763/763/763 430/430/430
f 284/284/284 1128/1128/1128 1412/1412/1412
f 411/411/411 783/783/783 1877/1877/1877
f 1220/1220/1220 1340/1340/1340 2030/2030/2030
f 753/753/753 2069/2069/2069 1069/1069/1069
f 1826/1826/1826 574/574/574 468/468/468
f 813/813/813 726/726/726 669/669/669
f 779/779/779 2108/2108/2108 1689/1689/1689
f 781/781/781 1546/1546/1546 1303/1303/1303
f 432/432/432 1707/1707/1707 1203/1203/1203
f 975/975/975 940/940/940 642/642/642
f 2109/2109/2109 240/240/240 191/191/191
f 688/688/688 796/796/796 1592/1592/1592
f 1502/1502/1502 1050/1050/1050 680/680/680
f 1763/1763/1763 528/528/528 2130/2130/2130
f 1598/1598/1598 1219/1219/1219 1875/1875/1875
f 1268/1268/1268 1223/1223/1223 718/718/718
f 1807/1807/1807 361/361/361 1083/1083/1083
f 1514/1514/1514 805/805/805 886/886/886
f 573/573/573 2108/2108/2108 1209/1209/1209
f 573/573/573 1150/1150/1150 1437/1437/1437
f 323/323/323 1082/1082/1082 1966/1966/1966
f 818/818/818 296/296/296 2020/2020/2020
f 1666/1666/1666 459/459/459 918/918/918
f 1724/1724/1724 300/300/300 21/21/21
f 1516/1516/1516 1158/1158/1158 2056/2056/2056
f 2015/2015/2015 155/155/155 366/366/366
f 977/977/977 398/398/398 841/841/841
f 1560/1560/1560 988/988/988 638/638/638
f 2058/2058/2058 1652/1652/1652 820/820/820
f 2058/2058/2058 820/820/820 2004/2004/2004
f 855/855/855 624/624/624 629/629/629
f 602/602/602 1522/1522/1522 1611/1611/1611
f 1038/1038/1038 901/901/901 482/482/482
f 1688/1688/1688 648/648/648 2048/2048/2048
f 432/432/432 1203/1203/1203 933/933/933
f 1213/1213/1213 2090/2090/2090 2062/2062/2062
f 1302/1302/1302 930/930/930 1692/1692/1692
f 154/154/154 1310/1310/1310 189/189/189
f 476/476/476 1907/1907/1907 2094/2094/2094
f 1570/1570/1570 1538/1538/1538 1521/1521/1521
f 790/790/790 1988/1988/1988 1159/1159/1159
f 2078/2078/2078 1393/1393/1393 326/326/326
f 1716/1716/1716 861/861/861 786/786/786
f 60/60/60 2097/2097/2097 216/216/216
f 1785/1785/1785 896/896/896 1784/1784/1784
f 1275/1275/1275 1600/1600/1600 1527/1527/1527
f 1397/1397/1397 329/329/329 1007/1007/1007
f 413/413/413 2017/2017/2017 1888/1888/1888
f 1511/1511/1511 1323/1323/1323 263/263/263
f 357/357/357 184/184/184 546/546/546
f 376/376/376 2000/2000/2000 1122/1122/1122
f 2130/2130/2130 1539/1539/1539 1763/1763/1763
f 228/228/228 1568/1568/1568 1954/1954/1954
f 774/774/774 1057/1057/1057 1118/1118/1118
f 127/127/127 2132/2132/2132 421/421/421
f 345/345/345 1244/1244/1244 1483/1483/1483
f 1121/1121/1121 1102/1102/1102 1973/1973/1973
f 1272/1272/1272 1585/1585/1585 1572/1572/1572
f 584/584/584 2013/2013/2013 852/852/852
f 1334/1334/1334 543/543/543 1578/1578/1578
f 1228/1228/1228 1933/1933/1933 729/729/729
f 91/91/91 2111/2111/2111 1420/1420/1420
f 1572/1572/1572 461/461/461 1272/1272/1272
f 1920/1920/1920 1892/1892/1892 1472/1472/1472
f 1582/1582/1582 622/622/622 498/498/498
f 811/811/811 953/953/953 1198/1198/1198
f 1234/1234/1234 1127/1127/1127 167/167/167
f 2063/2063/2063 438/438/438 349/349/349
f 633/633/633 1141/1141/1141 810/810/810
f 1360/1360/1360 32/32/32 344/344/344
f 1525/1525/1525 610/610/610 357/357/357
f 1229/1229/1229 1751/1751/1751 1819/1819/1819
f 582/582/582 1371/1371/1371 1212/1212/1212
f 1269/1269/1269 1786/1786/1786 2141/2141/2141
f 162/162/162 319/319/319 761/761/761
f 2055/2055/2055 1608/1608/1608 1992/1992/1992
f 1672/1672/1672 1372/1372/1372 311/311/311
f 1716/1716/1716 276/276/276 555/555/555
f 1334/1334/1334 2047/2047/2047 1498/1498/1498
f 1990/1990/1990 1253/1253/1253 1043/1043/1043
f 1301/1301/1301 2106/2106/2106 634/634/634
f 1399/1399/1399 1276/1276/1276 1160/1160/1160
f 372/372/372 1999/1999/1999 899/899/899
f 524/524/524 1626/1626/1626 1169/1169/1169
f 1927/1927/1927 628/628/628 1655/1655/1655
f 1934/1934/1934 1312/1312/1312 283/283/283
f 1829/1829/1829 1626/1626/1626 1065/1065/1065
f 989/989/989 1090/1090/1090 1032/1032/1032
f 1777/1777/1777 1149/1149/1149 206/206/206
f 1723/1723/1723 816/816/816 879/879/879
f 2041/2041/2041 951/951/951 782/782/782
f 1683/1683/1683 1903/1903/1903 735/735/735
f 1647/1647/1647 809/809/809 1372/1372/1372
f 1945/1945/1945 1866/1866/1866 1855/1855/1855
f 1835/1835/1835 1114/1114/1114 1221/1221/1221
f 160/160/160 1644/1644/1644 16/16/16
f 2081/2081/2081 492/492/492 1287/1287/1287
f 976/976/976 1179/1179/1179 1735/1735/1735
f 1570/1570/1570 1707/1707/1707 432/432/432
f 2062/2062/2062 450/450/450 1811/1811/1811
f 2406/2406/2406 3415/3415/3415 2470/2470/2470
f 3388/3388/3388 2991/2991/2991 4055/4055/4055
f 3892/3892/3892 2358/2358/2358 2665/2665/2665
f 2406/2406/2406 2295/2295/2295 2642/2642/2642
f 3469/3469/3469 2406/2406/2406 2470/2470/2470
f 2665/2665/2665 3751/3751/3751 3137/3137/3137
f 3374/3374/3374 4136/4136/4136 2470/2470/2470
f 3574/3574/3574 2561/2561/2561 3925/3925/3925
f 3374/3374/3374 3342/3342/3342 4136/4136/4136
f 3069/3069/3069 2450/2450/2450 3485/3485/3485
f 3846/3846/3846 2928/2928/2928 2410/2410/2410
f 4166/4166/4166 4048/4048/4048 3986/3986/3986
f 3405/3405/3405 3437/3437/3437 3413/3413/3413
f 3869/3869/3869 4042/4042/4042 2486/2486/2486
f 2733/2733/2733 2376/2376/2376 3740/3740/3740
f 2690/2690/2690 4236/4236/4236 2779/2779/2779
f 3740/3740/3740 2376/2376/2376 2679/2679/2679
f 4127/4127/4127 2795/2795/2795 3796/3796/3796
f 3796/3796/3796 3683/3683/3683 2779/2779/2779
f 3830/3830/3830 2679/2679/2679 4018/4018/4018
f 2683/2683/2683 3368/3368/3368 2723/2723/2723
f 3683/3683/3683 3811/3811/3811 3274/3274/3274
f 2181/2181/2181 2628/2628/2628 2180/2180/2180
f 3357/3357/3357 2697/2697/2697 3082/3082/3082
f 3746/3746/3746 3584/3584/3584 2504/2504/2504
f 3737/3737/3737 2533/2533/2533 2631/2631/2631
f 2183/2183/2183 2533/2533/2533 2182/2182/2182
f 2546/2546/2546 2853/2853/2853 3283/3283/3283
f 2186/2186/2186 2453/2453/2453 2185/2185/2185
f 3021/3021/3021 2515/2515/2515 4050/4050/4050
f 3916/3916/3916 2787/2787/2787 4025/4025/4025
f 3985/3985/3985 3852/3852/3852 2872/2872/2872
f 3200/3200/3200 4053/4053/4053 4207/4207/4207
f 3370/3370/3370 4291/4291/4291 3659/3659/3659
f 3706/3706/3706 3700/3700/3700 3070/3070/3070
f 4149/4149/4149 2329/2329/2329 4050/4050/4050
f 4094/4094/4094 2395/2395/2395 3831/3831/3831
f 2196/2196/2196 3790/3790/3790 2314/2314/2314
f 4201/4201/4201 3449/3449/3449 3154/3154/3154
f 3923/3923/3923 2859/2859/2859 2747/2747/2747
f 4158/4158/4158 3200/3200/3200 3414/3414/3414
f 2314/2314/2314 2195/2195/2195 2196/2196/2196
f 3248/3248/3248 4242/4242/4242 2530/2530/2530
f 4195/4195/4195 2201/2201/2201 2202/2202/2202
f 2460/2460/2460 3588/3588/3588 2809/2809/2809
f 3790/3790/3790 2360/2360/2360 2395/2395/2395
f 2399/2399/2399 3257/3257/3257 4087/4087/4087
f 2460/2460/2460 2809/2809/2809 3976/3976/3976
f 3308/3308/3308 4117/4117/4117 3681/3681/3681
f 2636/2636/2636 2201/2201/2201 4117/4117/4117
f 2951/2951/2951 2715/2715/2715 3604/3604/3604
f 2328/2328/2328 3104/3104/3104 3125/3125/3125
f 4077/4077/4077 3569/3569/3569 3208/3208/3208
f 4027/4027/4027 3622/3622/3622 3710/3710/3710
f 3818/3818/3818 2836/2836/2836 2302/2302/2302
f 3227/3227/3227 3999/3999/3999 3624/3624/3624
f 3123/3123/3123 3999/3999/3999 3767/3767/3767
f 2879/2879/2879 3632/3632/3632 3202/3202/3202
f 3212/3212/3212 2563/2563/2563 2211/2211/2211
f 4284/4284/4284 2213/2213/2213 2214/2214/2214
f 2701/2701/2701 4131/4131/4131 3749/3749/3749
f 3130/3130/3130 2647/2647/2647 2825/2825/2825
f 3130/3130/3130 3068/3068/3068 2647/2647/2647
f 2837/2837/2837 2882/2882/2882 3068/3068/3068
f 4251/4251/4251 2375/2375/2375 3498/3498/3498
f 4216/4216/4216 3712/3712/3712 3411/3411/3411
f 4020/4020/4020 3660/3660/3660 3939/3939/3939
f 2471/2471/2471 2215/2215/2215 2216/2216/2216
f 2225/2225/2225 2940/2940/2940 2224/2224/2224
f 3999/3999/3999 2646/2646/2646 3624/3624/3624
f 3711/3711/3711 2224/2224/2224 3748/3748/3748
f 2745/2745/2745 3091/3091/3091 2228/2228/2228
f 3130/3130/3130 4248/4248/4248 3068/3068/3068
f 2228/2228/2228 2229/2229/2229 3826/3826/3826
f 2600/2600/2600 4216/4216/4216 3411/3411/3411
f 3949/3949/3949 3250/3250/3250 3730/3730/3730
f 3431/3431/3431 2616/2616/2616 4179/4179/4179
f 3173/3173/3173 3928/3928/3928 2396/2396/2396
f 3277/3277/3277 3133/3133/3133 3043/3043/3043
f 4190/4190/4190 2717/2717/2717 3815/3815/3815
f 2235/2235/2235 3009/3009/3009 3231/3231/3231
f 3373/3373/3373 3238/3238/3238 3363/3363/3363
f 2236/2236/2236 3593/3593/3593 2874/2874/2874
f 2241/2241/2241 2762/2762/2762 2240/2240/2240
f 3149/3149/3149 3720/3720/3720 4079/4079/4079
f 3565/3565/3565 3647/3647/3647 2355/2355/2355
f 3135/3135/3135 3929/3929/3929 2799/2799/2799
f 3773/3773/3773 2849/2849/2849 2717/2717/2717
f 2244/2244/2244 4191/4191/4191 3442/3442/3442
f 3353/3353/3353 3298/3298/3298 3220/3220/3220
f 3943/3943/3943 3538/3538/3538 2729/2729/2729
f 3076/3076/3076 3966/3966/3966 2345/2345/2345
f 3088/3088/3088 3753/3753/3753 3074/3074/3074
f 2971/2971/2971 4008/4008/4008 4079/4079/4079
f 2451/2451/2451 2251/2251/2251 2252/2252/2252
f 4294/4294/4294 3302/3302/3302 4109/4109/4109
f 4257/4257/4257 2725/2725/2725 3088/3088/3088
f 3302/3302/3302 4294/4294/4294 2256/2256/2256
f 2256/2256/2256 3340/3340/3340 3302/3302/3302
f 3094/3094/3094 3378/3378/3378 2248/2248/2248
f 2719/2719/2719 2374/2374/2374 3329/3329/3329
f 3978/3978/3978 3518/3518/3518 2821/2821/2821
f 2947/2947/2947 4256/4256/4256 3856/3856/3856
f 3568/3568/3568 2950/2950/2950 4067/4067/4067
f 3067/3067/3067 3236/3236/3236 3704/3704/3704
f 2784/2784/2784 2896/2896/2896 2908/2908/2908
f 4264/4264/4264 3027/3027/3027 3059/3059/3059
f 3095/3095/3095 2675/2675/2675 2262/2262/2262
f 3838/3838/3838 3823/3823/3823 2350/2350/2350
f 2777/2777/2777 3641/3641/3641 4241/4241/4241
f 4084/4084/4084 2899/2899/2899 4142/4142/4142
f 4084/4084/4084 3905/3905/3905 2899/2899/2899
f 3316/3316/3316 3313/3313/3313 3741/3741/3741
f 2915/2915/2915 3420/3420/3420 3185/3185/3185
f 2577/2577/2577 3729/3729/3729 2630/2630/2630
f 2630/2630/2630 3752/3752/3752 4177/4177/4177
f 3261/3261/3261 3878/3878/3878 3585/3585/3585
f 3158/3158/3158 2755/2755/2755 4084/4084/4084
f 3822/3822/3822 2623/2623/2623 2770/2770/2770
f 2634/2634/2634 3888/3888/3888 2935/2935/2935
f 2310/2310/2310 2549/2549/2549 3524/3524/3524
f 3674/3674/3674 2327/2327/2327 2813/2813/2813
f 3185/3185/3185 4241/4241/4241 2960/2960/2960
f 3121/3121/3121 3160/3160/3160 3228/3228/3228
f 2408/2408/2408 3152/3152/3152 3539/3539/3539
f 4214/4214/4214 3677/3677/3677 2641/2641/2641
f 2581/2581/2581 2556/2556/2556 2793/2793/2793
f 2366/2366/2366 3294/3294/3294 2466/2466/2466
f 3725/3725/3725 2529/2529/2529 3669/3669/3669
f 2687/2687/2687 2722/2722/2722 4030/4030/4030
f 3756/3756/3756 2446/2446/2446 2371/2371/2371
f 4055/4055/4055 3945/3945/3945 2344/2344/2344
f 4176/4176/4176 3935/3935/3935 2434/2434/2434
f 3244/3244/3244 2756/2756/2756 3756/3756/3756
f 2290/2290/2290 3486/3486/3486 4189/4189/4189
f 3161/3161/3161 2897/2897/2897 4153/4153/4153
f 3452/3452/3452 2407/2407/2407 2443/2443/2443
f 3718/3718/3718 2291/2291/2291 2292/2292/2292
f 3291/3291/3291 2660/2660/2660 2529/2529/2529
f 3132/3132/3132 3519/3519/3519 2409/2409/2409
f 2581/2581/2581 3975/3975/3975 2709/2709/2709
f 3470/3470/3470 2582/2582/2582 4281/4281/4281
f 3677/3677/3677 2379/2379/2379 3006/3006/3006
f 2791/2791/2791 4062/4062/4062 3191/3191/3191
f 2437/2437/2437 3835/3835/3835 3080/3080/3080
f 3199/3199/3199 3966/3966/3966 2353/2353/2353
f 3382/3382/3382 2881/2881/2881 3861/3861/3861
f 3322/3322/3322 2452/2452/2452 4141/4141/4141
f 3216/3216/3216 4039/4039/4039 2812/2812/2812
f 4289/4289/4289 3897/3897/3897 4041/4041/4041
f 3509/3509/3509 4131/4131/4131 3540/3540/3540
f 2415/2415/2415 2834/2834/2834 3713/3713/3713
f 3635/3635/3635 2306/2306/2306 2695/2695/2695
f 3117/3117/3117 2727/2727/2727 3005/3005/3005
f 2283/2283/2283 2979/2979/2979 3875/3875/3875
f 3345/3345/3345 2278/2278/2278 2892/2892/2892
f 4145/4145/4145 2620/2620/2620 3332/3332/3332
f 2654/2654/2654 3119/3119/3119 3924/3924/3924
f 4187/4187/4187 4115/4115/4115 4073/4073/4073
f 3899/3899/3899 2948/2948/2948 3472/3472/3472
f 3520/3520/3520 4010/4010/4010 3349/3349/3349
f 2785/2785/2785 3342/3342/3342 2322/2322/2322
f 2460/2460/2460 3976/3976/3976 2308/2308/2308
f 4200/4200/4200 2360/2360/2360 2747/2747/2747
f 2759/2759/2759 4245/4245/4245 3983/3983/3983
f 2747/2747/2747 2360/2360/2360 3923/3923/3923
f 3993/3993/3993 3258/3258/3258 3121/3121/3121
f 2319/2319/2319 2573/2573/2573 2813/2813/2813
f 3865/3865/3865 2936/2936/2936 3708/3708/3708
f 3497/3497/3497 3519/3519/3519 3347/3347/3347
f 3110/3110/3110 2698/2698/2698 3360/3360/3360
f 3011/3011/3011 3572/3572/3572 2383/2383/2383
f 3334/3334/3334 3569/3569/3569 3730/3730/3730
f 3658/3658/3658 2348/2348/2348 2619/2619/2619
f 3436/3436/3436 3780/3780/3780 4056/4056/4056
f 2885/2885/2885 3964/3964/3964 3308/3308/3308
f 3051/3051/3051 4114/4114/4114 2985/2985/2985
f 3634/3634/3634 3028/3028/3028 2894/2894/2894
f 2212/2212/2212 3212/3212/3212 2211/2211/2211
f 3068/3068/3068 2923/2923/2923 2536/2536/2536
f 2490/2490/2490 2343/2343/2343 3787/3787/3787
f 2869/2869/2869 4140/4140/4140 3879/3879/3879
f 2609/2609/2609 3047/3047/3047 2662/2662/2662
f 3418/3418/3418 2765/2765/2765 4074/4074/4074
f 3097/3097/3097 3539/3539/3539 3988/3988/3988
f 2310/2310/2310 2892/2892/2892 2889/2889/2889
f 3946/3946/3946 2164/2164/2164 2165/2165/2165
f 2591/2591/2591 3996/3996/3996 3792/3792/3792
f 3895/3895/3895 3004/3004/3004 3866/3866/3866
f 3826/3826/3826 3595/3595/3595 2745/2745/2745
f 3014/3014/3014 4222/4222/4222 2561/2561/2561
f 2297/2297/2297 2884/2884/2884 3247/3247/3247
f 3314/3314/3314 4285/4285/4285 3092/3092/3092
f 4288/4288/4288 2716/2716/2716 4093/4093/4093
f 2367/2367/2367 3159/3159/3159 3275/3275/3275
f 3021/3021/3021 2905/2905/2905 3726/3726/3726
f 3509/3509/3509 2402/2402/2402 3749/3749/3749
f 2682/2682/2682 2578/2578/2578 4227/4227/4227
f 3108/3108/3108 2734/2734/2734 2567/2567/2567
f 2491/2491/2491 3489/3489/3489 3103/3103/3103
f 2433/2433/2433 3115/3115/3115 3112/3112/3112
f 2973/2973/2973 3496/3496/3496 2930/2930/2930
f 3246/3246/3246 2217/2217/2217 3632/3632/3632
f 2558/2558/2558 3305/3305/3305 2855/2855/2855
f 2609/2609/2609 3390/3390/3390 3357/3357/3357
f 2562/2562/2562 3418/3418/3418 4074/4074/4074
f 2870/2870/2870 2868/2868/2868 2788/2788/2788
f 3511/3511/3511 2695/2695/2695 2335/2335/2335
f 2564/2564/2564 3670/3670/3670 3918/3918/3918
f 3678/3678/3678 4107/4107/4107 3241/3241/3241
f 2844/2844/2844 3894/3894/3894 4110/4110/4110
f 3459/3459/3459 2669/2669/2669 3734/3734/3734
f 3949/3949/3949 3730/3730/3730 3587/3587/3587
f 2966/2966/2966 2222/2222/2222 3346/3346/3346
f 3551/3551/3551 4257/4257/4257 3088/3088/3088
f 2253/2253/2253 2725/2725/2725 4133/4133/4133
f 2410/2410/2410 3574/3574/3574 3293/3293/3293
f 3635/3635/3635 2695/2695/2695 2649/2649/2649
f 3136/3136/3136 2398/2398/2398 4165/4165/4165
f 2281/2281/2281 2389/2389/2389 2280/2280/2280
f 3813/3813/3813 2745/2745/2745 3595/3595/3595
f 2234/2234/2234 2235/2235/2235 2764/2764/2764
f 2176/2176/2176 2692/2692/2692 2175/2175/2175
f 2177/2177/2177 3386/3386/3386 2338/2338/2338
f 4233/4233/4233 3583/3583/3583 3844/3844/3844
f 2545/2545/2545 4215/4215/4215 3897/3897/3897
f 3647/3647/3647 2663/2663/2663 2355/2355/2355
f 4255/4255/4255 2263/2263/2263 2904/2904/2904
f 3438/3438/3438 2294/2294/2294 3039/3039/3039
f 2403/2403/2403 2358/2358/2358 2429/2429/2429
f 3868/3868/3868 2831/2831/2831 3709/3709/3709
f 2309/2309/2309 2714/2714/2714 2585/2585/2585
f 3447/3447/3447 3949/3949/3949 2826/2826/2826
f 3018/3018/3018 2584/2584/2584 3385/3385/3385
f 3137/3137/3137 3659/3659/3659 2800/2800/2800
f 2952/2952/2952 3335/3335/3335 2167/2167/2167
f 3815/3815/3815 2717/2717/2717 3776/3776/3776
f 3394/3394/3394 3478/3478/3478 4160/4160/4160
f 4072/4072/4072 2584/2584/2584 2744/2744/2744
f 4155/4155/4155 2764/2764/2764 3297/3297/3297
f 2614/2614/2614 2514/2514/2514 3266/3266/3266
f 4015/4015/4015 4281/4281/4281 4128/4128/4128
f 3358/3358/3358 2903/2903/2903 2535/2535/2535
f 3673/3673/3673 3570/3570/3570 4081/4081/4081
f 2817/2817/2817 2584/2584/2584 4072/4072/4072
f 4145/4145/4145 2909/2909/2909 3687/3687/3687
f 2468/2468/2468 2248/2248/2248 2249/2249/2249
f 4017/4017/4017 2540/2540/2540 3023/3023/3023
f 3795/3795/3795 2351/2351/2351 2906/2906/2906
f 2256/2256/2256 4294/4294/4294 2255/2255/2255
f 2890/2890/2890 3183/3183/3183 2946/2946/2946
f 2836/2836/2836 3587/3587/3587 4077/4077/4077
f 3583/3583/3583 3292/3292/3292 2346/2346/2346
f 3279/3279/3279 3694/3694/3694 2963/2963/2963
f 3846/3846/3846 2707/2707/2707 4010/4010/4010
f 3917/3917/3917 2581/2581/2581 2709/2709/2709
f 2696/2696/2696 3147/3147/3147 3838/3838/3838
f 3116/3116/3116 3573/3573/3573 3921/3921/3921
f 3374/3374/3374 2344/2344/2344 3086/3086/3086
f 2740/2740/2740 2656/2656/2656 3906/3906/3906
f 3100/3100/3100 2353/2353/2353 3076/3076/3076
f 3732/3732/3732 3095/3095/3095 3984/3984/3984
f 3792/3792/3792 3810/3810/3810 4210/4210/4210
f 2928/2928/2928 3014/3014/3014 3574/3574/3574
f 3878/3878/3878 2525/2525/2525 2502/2502/2502
f 3027/3027/3027 4264/4264/4264 4022/4022/4022
f 3301/3301/3301 4274/4274/4274 2711/2711/2711
f 2778/2778/2778 2938/2938/2938 3682/3682/3682
f 2285/2285/2285 3213/3213/3213 2439/2439/2439
f 3993/3993/3993 3228/3228/3228 2549/2549/2549
f 3044/3044/3044 4208/4208/4208 3965/3965/3965
f 2984/2984/2984 4092/4092/4092 4293/4293/4293
f 3349/3349/3349 3890/3890/3890 2608/2608/2608
f 3739/3739/3739 2798/2798/2798 3186/3186/3186
f 3964/3964/3964 3757/3757/3757 2200/2200/2200
f 3380/3380/3380 3414/3414/3414 3205/3205/3205
f 3372/3372/3372 2872/2872/2872 3852/3852/3852
f 3337/3337/3337 2865/2865/2865 3024/3024/3024
f 3240/3240/3240 2866/2866/2866 3908/3908/3908
f 3399/3399/3399 2735/2735/2735 2930/2930/2930
f 3377/3377/3377 3103/3103/3103 2654/2654/2654
f 2306/2306/2306 2678/2678/2678 4003/4003/4003
f 2646/2646/2646 3202/3202/3202 3624/3624/3624
f 3460/3460/3460 2806/2806/2806 3736/3736/3736
f 3633/3633/3633 3827/3827/3827 3092/3092/3092
f 2383/2383/2383 3542/3542/3542 2535/2535/2535
f 3020/3020/3020 2936/2936/2936 2467/2467/2467
f 2494/2494/2494 4290/4290/4290 3268/3268/3268
f 2286/2286/2286 2287/2287/2287 2379/2379/2379
f 3564/3564/3564 3407/3407/3407 2553/2553/2553
f 3887/3887/3887 2473/2473/2473 2956/2956/2956
f 4016/4016/4016 2942/2942/2942 2359/2359/2359
f 4153/4153/4153 3487/3487/3487 3756/3756/3756
f 4219/4219/4219 2556/2556/2556 2581/2581/2581
f 4133/4133/4133 4257/4257/4257 3036/3036/3036
f 2589/2589/2589 4167/4167/4167 3101/3101/3101
f 2231/2231/2231 3567/3567/3567 2230/2230/2230
f 3813/3813/3813 3712/3712/3712 2745/2745/2745
f 4122/4122/4122 3393/3393/3393 3836/3836/3836
f 4127/4127/4127 4173/4173/4173 3071/3071/3071
f 4270/4270/4270 4046/4046/4046 2427/2427/2427
f 3849/3849/3849 2207/2207/2207 2391/2391/2391
f 3968/3968/3968 2563/2563/2563 2479/2479/2479
f 3273/3273/3273 3179/3179/3179 3959/3959/3959
f 3453/3453/3453 3931/3931/3931 3097/3097/3097
f 4219/4219/4219 2304/2304/2304 2544/2544/2544
f 3415/3415/3415 2406/2406/2406 2642/2642/2642
f 2409/2409/2409 3049/3049/3049 2886/2886/2886
f 3563/3563/3563 3248/3248/3248 2381/2381/2381
f 4151/4151/4151 3976/3976/3976 2809/2809/2809
f 3208/3208/3208 3914/3914/3914 3968/3968/3968
f 3250/3250/3250 2490/2490/2490 4184/4184/4184
f 4277/4277/4277 2448/2448/2448 2803/2803/2803
f 3007/3007/3007 3941/3941/3941 3842/3842/3842
f 3660/3660/3660 2223/2223/2223 3711/3711/3711
f 2760/2760/2760 3711/3711/3711 3748/3748/3748
f 3895/3895/3895 3828/3828/3828 3431/3431/3431
f 2621/2621/2621 3598/3598/3598 3866/3866/3866
f 2871/2871/2871 3099/3099/3099 4286/4286/4286
f 2182/2182/2182 2386/2386/2386 2181/2181/2181
f 4016/4016/4016 4143/4143/4143 2672/2672/2672
f 2693/2693/2693 4066/4066/4066 2682/2682/2682
f 3064/3064/3064 3781/3781/3781 2477/2477/2477
f 3064/3064/3064 2883/2883/2883 3483/3483/3483
f 2323/2323/2323 2824/2824/2824 2519/2519/2519
f 3155/3155/3155 2590/2590/2590 2573/2573/2573
f 3126/3126/3126 3705/3705/3705 4139/4139/4139
f 3539/3539/3539 2724/2724/2724 2556/2556/2556
f 3713/3713/3713 3245/3245/3245 2415/2415/2415
f 2479/2479/2479 4060/4060/4060 2836/2836/2836
f 3829/3829/3829 2955/2955/2955 2705/2705/2705
f 4000/4000/4000 3743/3743/3743 3375/3375/3375
f 3411/3411/3411 4251/4251/4251 2600/2600/2600
f 4087/4087/4087 3904/3904/3904 2399/2399/2399
f 4209/4209/4209 2433/2433/2433 3448/3448/3448
f 3658/3658/3658 2330/2330/2330 3203/3203/3203
f 2314/2314/2314 2395/2395/2395 4094/4094/4094
f 4281/4281/4281 4015/4015/4015 3470/3470/3470
f 2685/2685/2685 2624/2624/2624 2596/2596/2596
f 2951/2951/2951 3521/3521/3521 2715/2715/2715
f 2414/2414/2414 3920/3920/3920 4282/4282/4282
f 4233/4233/4233 2545/2545/2545 3292/3292/3292
f 3816/3816/3816 3443/3443/3443 2866/2866/2866
f 3343/3343/3343 3398/3398/3398 2676/2676/2676
f 4145/4145/4145 3940/3940/3940 2469/2469/2469
f 3224/3224/3224 2393/2393/2393 3013/3013/3013
f 2870/2870/2870 2788/2788/2788 3396/3396/3396
f 3300/3300/3300 2434/2434/2434 3935/3935/3935
f 3142/3142/3142 2800/2800/2800 2457/2457/2457
f 3468/3468/3468 3309/3309/3309 3689/3689/3689
f 2343/2343/2343 2490/2490/2490 2402/2402/2402
f 3864/3864/3864 3104/3104/3104 2728/2728/2728
f 3469/3469/3469 4136/4136/4136 3772/3772/3772
f 2642/2642/2642 2380/2380/2380 3415/3415/3415
f 3087/3087/3087 4107/4107/4107 2953/2953/2953
f 2353/2353/2353 3056/3056/3056 3199/3199/3199
f 3933/3933/3933 4169/4169/4169 3081/3081/3081
f 3395/3395/3395 2959/2959/2959 2508/2508/2508
f 3039/3039/3039 2406/2406/2406 3469/3469/3469
f 2429/2429/2429 3792/3792/3792 2403/2403/2403
f 2408/2408/2408 3539/3539/3539 3097/3097/3097
f 3102/3102/3102 4189/4189/4189 2354/2354/2354
f 3341/3341/3341 3554/3554/3554 4273/4273/4273
f 3865/3865/3865 2400/2400/2400 2788/2788/2788
f 3677/3677/3677 3006/3006/3006 2554/2554/2554
f 2380/2380/2380 2642/2642/2642 2296/2296/2296
f 2605/2605/2605 3534/3534/3534 2160/2160/2160
f 4189/4189/4189 3486/3486/3486 2354/2354/2354
f 4230/4230/4230 2749/2749/2749 3494/3494/3494
f 2498/2498/2498 2698/2698/2698 4054/4054/4054
f 3149/3149/3149 4079/4079/4079 2455/2455/2455
f 3943/3943/3943 4011/4011/4011 3538/3538/3538
f 3407/3407/3407 2390/2390/2390 2553/2553/2553
f 4070/4070/4070 3519/3519/3519 4044/4044/4044
f 2851/2851/2851 3382/3382/3382 3861/3861/3861
f 2459/2459/2459 2321/2321/2321 4228/4228/4228
f 2399/2399/2399 3904/3904/3904 4027/4027/4027
f 3873/3873/3873 2834/2834/2834 3168/3168/3168
f 2516/2516/2516 2484/2484/2484 2771/2771/2771
f 4115/4115/4115 3488/3488/3488 2315/2315/2315
f 2924/2924/2924 3198/3198/3198 3304/3304/3304
f 4182/4182/4182 3400/3400/3400 3147/3147/3147
f 3400/3400/3400 2539/2539/2539 3147/3147/3147
f 2694/2694/2694 3290/3290/3290 2511/2511/2511
f 3649/3649/3649 2782/2782/2782 3289/3289/3289
f 2952/2952/2952 3958/3958/3958 2419/2419/2419
f 3154/3154/3154 3373/3373/3373 4201/4201/4201
f 3527/3527/3527 3622/3622/3622 3010/3010/3010
f 2598/2598/2598 3145/3145/3145 4220/4220/4220
f 2706/2706/2706 3453/3453/3453 3310/3310/3310
f 3172/3172/3172 4069/4069/4069 2946/2946/2946
f 4017/4017/4017 2781/2781/2781 2653/2653/2653
f 2830/2830/2830 2733/2733/2733 3368/3368/3368
f 2858/2858/2858 3646/3646/3646 2970/2970/2970
f 3396/3396/3396 4285/4285/4285 3314/3314/3314
f 3754/3754/3754 2980/2980/2980 3582/3582/3582
f 2546/2546/2546 2761/2761/2761 2662/2662/2662
f 3058/3058/3058 2538/2538/2538 3464/3464/3464
f 3178/3178/3178 3952/3952/3952 2565/2565/2565
f 2426/2426/2426 2627/2627/2627 3766/3766/3766
f 3297/3297/3297 2300/2300/2300 2624/2624/2624
f 2657/2657/2657 3834/3834/3834 3805/3805/3805
f 2754/2754/2754 3525/3525/3525 3339/3339/3339
f 3055/3055/3055 3046/3046/3046 3423/3423/3423
f 3348/3348/3348 3164/3164/3164 4102/4102/4102
f 3132/3132/3132 2666/2666/2666 3772/3772/3772
f 2794/2794/2794 2466/2466/2466 3932/3932/3932
f 2709/2709/2709 2373/2373/2373 4171/4171/4171
f 2989/2989/2989 3080/3080/3080 2522/2522/2522
f 3095/3095/3095 3732/3732/3732 2675/2675/2675
f 2290/2290/2290 2291/2291/2291 3486/3486/3486
f 2649/2649/2649 2695/2695/2695 3511/3511/3511
f 3495/3495/3495 3628/3628/3628 3791/3791/3791
f 3421/3421/3421 3872/3872/3872 2273/2273/2273
f 2389/2389/2389 3515/3515/3515 2280/2280/2280
f 3458/3458/3458 3426/3426/3426 3152/3152/3152
f 3894/3894/3894 2903/2903/2903 3063/3063/3063
f 4038/4038/4038 3803/3803/3803 3545/3545/3545
f 2884/2884/2884 2980/2980/2980 3937/3937/3937
f 3700/3700/3700 4037/4037/4037 2690/2690/2690
f 4172/4172/4172 2437/2437/2437 2989/2989/2989
f 2412/2412/2412 2873/2873/2873 2950/2950/2950
f 3423/3423/3423 3651/3651/3651 3087/3087/3087
f 3594/3594/3594 3620/3620/3620 2972/2972/2972
f 2361/2361/2361 3458/3458/3458 3280/3280/3280
f 2354/2354/2354 2529/2529/2529 2716/2716/2716
f 3738/3738/3738 3990/3990/3990 3197/3197/3197
f 3419/3419/3419 3259/3259/3259 4063/4063/4063
f 3945/3945/3945 3370/3370/3370 4234/4234/4234
f 4102/4102/4102 2668/2668/2668 2158/2158/2158
f 3450/3450/3450 2428/2428/2428 2357/2357/2357
f 3648/3648/3648 4266/4266/4266 3837/3837/3837
f 4214/4214/4214 2379/2379/2379 3677/3677/3677
f 2356/2356/2356 3846/3846/3846 4010/4010/4010
f 3356/3356/3356 2980/2980/2980 3754/3754/3754
f 3146/3146/3146 2987/2987/2987 4085/4085/4085
f 3786/3786/3786 2495/2495/2495 3775/3775/3775
f 2349/2349/2349 2645/2645/2645 3032/3032/3032
f 3347/3347/3347 3291/3291/3291 3718/3718/3718
f 2756/2756/2756 3417/3417/3417 4091/4091/4091
f 2898/2898/2898 3475/3475/3475 3528/3528/3528
f 2259/2259/2259 2260/2260/2260 3067/3067/3067
f 2780/2780/2780 2331/2331/2331 3762/3762/3762
f 4162/4162/4162 3042/3042/3042 3131/3131/3131
f 2419/2419/2419 3117/3117/3117 3335/3335/3335
f 3272/3272/3272 3597/3597/3597 2173/2173/2173
f 3342/3342/3342 3086/3086/3086 2322/2322/2322
f 4222/4222/4222 2363/2363/2363 2401/2401/2401
f 3088/3088/3088 3797/3797/3797 3753/3753/3753
f 3551/3551/3551 3101/3101/3101 3592/3592/3592
f 2616/2616/2616 2481/2481/2481 2317/2317/2317
f 3429/3429/3429 2988/2988/2988 3072/3072/3072
f 4253/4253/4253 4197/4197/4197 4212/4212/4212
f 2905/2905/2905 3021/3021/3021 2187/2187/2187
f 4082/4082/4082 4069/4069/4069 2981/2981/2981
f 3169/3169/3169 4046/4046/4046 4270/4270/4270
f 3129/3129/3129 4225/4225/4225 3580/3580/3580
f 2246/2246/2246 2789/2789/2789 3771/3771/3771
f 2939/2939/2939 3799/3799/3799 3025/3025/3025
f 2932/2932/2932 2383/2383/2383 2535/2535/2535
f 3571/3571/3571 4240/4240/4240 3254/3254/3254
f 2295/2295/2295 2296/2296/2296 2642/2642/2642
f 3151/3151/3151 2522/2522/2522 2528/2528/2528
f 3235/3235/3235 2463/2463/2463 2852/2852/2852
f 4282/4282/4282 4179/4179/4179 4140/4140/4140
f 3919/3919/3919 4211/4211/4211 3777/3777/3777
f 2704/2704/2704 3867/3867/3867 3997/3997/3997
f 4157/4157/4157 4065/4065/4065 3855/3855/3855
f 3168/3168/3168 3179/3179/3179 3873/3873/3873
f 3972/3972/3972 3188/3188/3188 4237/4237/4237
f 3947/3947/3947 2550/2550/2550 3465/3465/3465
f 2992/2992/2992 2880/2880/2880 4224/4224/4224
f 2852/2852/2852 3549/3549/3549 2945/2945/2945
f 2746/2746/2746 4000/4000/4000 3375/3375/3375
f 2275/2275/2275 3603/3603/3603 2807/2807/2807
f 3992/3992/3992 3252/3252/3252 3345/3345/3345
f 2305/2305/2305 3312/3312/3312 3183/3183/3183
f 4046/4046/4046 3967/3967/3967 2368/2368/2368
f 3402/3402/3402 3845/3845/3845 3942/3942/3942
f 3701/3701/3701 2930/2930/2930 3666/3666/3666
f 2534/2534/2534 2794/2794/2794 2796/2796/2796
f 3907/3907/3907 3398/3398/3398 4275/4275/4275
f 2480/2480/2480 3401/3401/3401 3290/3290/3290
f 2680/2680/2680 2971/2971/2971 2468/2468/2468
f 4090/4090/4090 2681/2681/2681 2510/2510/2510
f 2440/2440/2440 3397/3397/3397 3187/3187/3187
f 2650/2650/2650 3317/3317/3317 4240/4240/4240
f 4102/4102/4102 3164/3164/3164 2668/2668/2668
f 2474/2474/2474 3612/3612/3612 3029/3029/3029
f 2584/2584/2584 3461/3461/3461 4270/4270/4270
f 3898/3898/3898 2643/2643/2643 3225/3225/3225
f 3195/3195/3195 3381/3381/3381 3762/3762/3762
f 3851/3851/3851 2417/2417/2417 2372/2372/2372
f 3733/3733/3733 4029/4029/4029 2404/2404/2404
f 2531/2531/2531 2879/2879/2879 3202/3202/3202
f 2701/2701/2701 2316/2316/2316 3359/3359/3359
f 3180/3180/3180 2469/2469/2469 3758/3758/3758
f 3543/3543/3543 2990/2990/2990 4034/4034/4034
f 3694/3694/3694 2539/2539/2539 2963/2963/2963
f 3903/3903/3903 2269/2269/2269 2770/2770/2770
f 3276/3276/3276 2504/2504/2504 3584/3584/3584
f 4286/4286/4286 3781/3781/3781 4105/4105/4105
f 2626/2626/2626 2812/2812/2812 3206/3206/3206
f 4183/4183/4183 3054/3054/3054 2693/2693/2693
f 3032/3032/3032 3882/3882/3882 2574/2574/2574
f 3977/3977/3977 2992/2992/2992 3687/3687/3687
f 3093/3093/3093 3219/3219/3219 3829/3829/3829
f 2901/2901/2901 3481/3481/3481 3625/3625/3625
f 3371/3371/3371 3249/3249/3249 4265/4265/4265
f 3929/3929/3929 2703/2703/2703 2799/2799/2799
f 4003/4003/4003 2629/2629/2629 2688/2688/2688
f 2687/2687/2687 4030/4030/4030 4164/4164/4164
f 4009/4009/4009 3410/3410/3410 2958/2958/2958
f 3702/3702/3702 2995/2995/2995 3601/3601/3601
f 3874/3874/3874 2347/2347/2347 2614/2614/2614
f 3956/3956/3956 3874/3874/3874 2739/2739/2739
f 2245/2245/2245 2246/2246/2246 2815/2815/2815
f 4272/4272/4272 3217/3217/3217 3518/3518/3518
f 3650/3650/3650 3644/3644/3644 3643/3643/3643
f 2400/2400/2400 3708/3708/3708 2513/2513/2513
f 3886/3886/3886 3191/3191/3191 3432/3432/3432
f 3327/3327/3327 2592/2592/2592 3279/3279/3279
f 3482/3482/3482 3728/3728/3728 2950/2950/2950
f 4125/4125/4125 3978/3978/3978 2849/2849/2849
f 4120/4120/4120 3975/3975/3975 2914/2914/2914
f 3623/3623/3623 2841/2841/2841 3705/3705/3705
f 3125/3125/3125 3104/3104/3104 3383/3383/3383
f 3447/3447/3447 2826/2826/2826 2316/2316/2316
f 3031/3031/3031 3189/3189/3189 2990/2990/2990
f 4161/4161/4161 3937/3937/3937 2827/2827/2827
f 3033/3033/3033 2632/2632/2632 2867/2867/2867
f 3139/3139/3139 2803/2803/2803 3304/3304/3304
f 2537/2537/2537 3824/3824/3824 2521/2521/2521
f 2664/2664/2664 3478/3478/3478 3824/3824/3824
f 3240/3240/3240 3066/3066/3066 2866/2866/2866
f 2544/2544/2544 3988/3988/3988 4219/4219/4219
f 2438/2438/2438 2931/2931/2931 2972/2972/2972
f 3941/3941/3941 3617/3617/3617 2472/2472/2472
f 2659/2659/2659 2710/2710/2710 2601/2601/2601
f 4122/4122/4122 3836/3836/3836 2580/2580/2580
f 3294/3294/3294 3932/3932/3932 2466/2466/2466
f 2506/2506/2506 3638/3638/3638 3309/3309/3309
f 3273/3273/3273 2207/2207/2207 2208/2208/2208
f 2918/2918/2918 3118/3118/3118 3613/3613/3613
f 2621/2621/2621 2624/2624/2624 4141/4141/4141
f 3801/3801/3801 2452/2452/2452 3322/3322/3322
f 2860/2860/2860 3170/3170/3170 3930/3930/3930
f 3937/3937/3937 3491/3491/3491 2884/2884/2884
f 3913/3913/3913 3163/3163/3163 3637/3637/3637
f 3010/3010/3010 4271/4271/4271 3140/3140/3140
f 3724/3724/3724 3032/3032/3032 3408/3408/3408
f 3281/3281/3281 4016/4016/4016 2359/2359/2359
f 2496/2496/2496 3884/3884/3884 4013/4013/4013
f 4064/4064/4064 2886/2886/2886 2293/2293/2293
f 4074/4074/4074 3962/3962/3962 4229/4229/4229
f 2183/2183/2183 2184/2184/2184 2533/2533/2533
f 3750/3750/3750 2324/2324/2324 2713/2713/2713
f 2508/2508/2508 2959/2959/2959 3933/3933/3933
f 2575/2575/2575 3665/3665/3665 4005/4005/4005
f 2307/2307/2307 3876/3876/3876 2413/2413/2413
f 2507/2507/2507 2540/2540/2540 3206/3206/3206
f 4205/4205/4205 2630/2630/2630 4177/4177/4177
f 3167/3167/3167 4108/4108/4108 3600/3600/3600
f 3634/3634/3634 2894/2894/2894 3553/3553/3553
f 2763/2763/2763 2611/2611/2611 4037/4037/4037
f 3064/3064/3064 4174/4174/4174 3781/3781/3781
f 2364/2364/2364 3578/3578/3578 3457/3457/3457
f 2636/2636/2636 3308/3308/3308 3964/3964/3964
f 4031/4031/4031 3795/3795/3795 2906/2906/2906
f 3253/3253/3253 3672/3672/3672 3784/3784/3784
f 3839/3839/3839 4088/4088/4088 4268/4268/4268
f 2925/2925/2925 2708/2708/2708 3354/3354/3354
f 3456/3456/3456 2492/2492/2492 3953/3953/3953
f 2370/2370/2370 2298/2298/2298 3407/3407/3407
f 3550/3550/3550 3108/3108/3108 2567/2567/2567
f 4003/4003/4003 2335/2335/2335 2695/2695/2695
f 3021/3021/3021 3714/3714/3714 2187/2187/2187
f 3320/3320/3320 2515/2515/2515 3021/3021/3021
f 2735/2735/2735 2565/2565/2565 3952/3952/3952
f 3778/3778/3778 3419/3419/3419 4063/4063/4063
f 2851/2851/2851 3655/3655/3655 3239/3239/3239
f 2647/2647/2647 2810/2810/2810 3120/3120/3120
f 3465/3465/3465 2938/2938/2938 2569/2569/2569
f 2440/2440/2440 4043/4043/4043 2352/2352/2352
f 4208/4208/4208 4007/4007/4007 2597/2597/2597
f 4221/4221/4221 3280/3280/3280 2389/2389/2389
f 4137/4137/4137 3958/3958/3958 2168/2168/2168
f 3994/3994/3994 3986/3986/3986 2601/2601/2601
f 3969/3969/3969 3087/3087/3087 2953/2953/2953
f 2240/2240/2240 3556/3556/3556 2239/2239/2239
f 3080/3080/3080 2989/2989/2989 2437/2437/2437
f 2917/2917/2917 2571/2571/2571 3040/3040/3040
f 2523/2523/2523 2589/2589/2589 3074/3074/3074
f 3404/3404/3404 3753/3753/3753 3282/3282/3282
f 2816/2816/2816 2808/2808/2808 3441/3441/3441
f 3878/3878/3878 2524/2524/2524 3585/3585/3585
f 2551/2551/2551 3508/3508/3508 3927/3927/3927
f 4215/4215/4215 2404/2404/2404 4029/4029/4029
f 2847/2847/2847 2671/2671/2671 4066/4066/4066
f 3607/3607/3607 2876/2876/2876 2652/2652/2652
f 2835/2835/2835 3384/3384/3384 3545/3545/3545
f 3019/3019/3019 2422/2422/2422 2712/2712/2712
f 3098/3098/3098 2754/2754/2754 3493/3493/3493
f 2675/2675/2675 2730/2730/2730 2261/2261/2261
f 2519/2519/2519 2824/2824/2824 3294/3294/3294
f 3291/3291/3291 2529/2529/2529 2354/2354/2354
f 2633/2633/2633 3414/3414/3414 3200/3200/3200
f 3283/3283/3283 2853/2853/2853 3541/3541/3541
f 4001/4001/4001 2988/2988/2988 2701/2701/2701
f 3246/3246/3246 3632/3632/3632 2879/2879/2879
f 3385/3385/3385 4270/4270/4270 2427/2427/2427
f 4072/4072/4072 2744/2744/2744 3936/3936/3936
f 3915/3915/3915 3796/3796/3796 2976/2976/2976
f 2178/2178/2178 2179/2179/2179 3099/3099/3099
f 3911/3911/3911 2742/2742/2742 3623/3623/3623
f 3623/3623/3623 3705/3705/3705 3911/3911/3911
f 4035/4035/4035 2426/2426/2426 2708/2708/2708
f 4096/4096/4096 3867/3867/3867 2704/2704/2704
f 2851/2851/2851 3861/3861/3861 3190/3190/3190
f 2988/2988/2988 3429/3429/3429 4131/4131/4131
f 4175/4175/4175 4125/4125/4125 3476/3476/3476
f 2300/2300/2300 3322/3322/3322 2624/2624/2624
f 4061/4061/4061 3276/3276/3276 3367/3367/3367
f 3205/3205/3205 2405/2405/2405 3380/3380/3380
f 2265/2265/2265 3327/3327/3327 3279/3279/3279
f 2963/2963/2963 2904/2904/2904 2264/2264/2264
f 2298/2298/2298 2467/2467/2467 3717/3717/3717
f 4221/4221/4221 2336/2336/2336 3280/3280/3280
f 2950/2950/2950 3493/3493/3493 4067/4067/4067
f 2372/2372/2372 3647/3647/3647 3793/3793/3793
f 2414/2414/2414 4116/4116/4116 4228/4228/4228
f 2346/2346/2346 3651/3651/3651 3423/3423/3423
f 3057/3057/3057 4088/4088/4088 3600/3600/3600
f 4229/4229/4229 3330/3330/3330 4130/4130/4130
f 3152/3152/3152 4176/4176/4176 2724/2724/2724
f 2925/2925/2925 3354/3354/3354 2348/2348/2348
f 3446/3446/3446 3716/3716/3716 3764/3764/3764
f 2532/2532/2532 3385/3385/3385 2427/2427/2427
f 2853/2853/2853 3737/3737/3737 2631/2631/2631
f 2515/2515/2515 3320/3320/3320 2388/2388/2388
f 3192/3192/3192 3507/3507/3507 2165/2165/2165
f 3574/3574/3574 3014/3014/3014 2561/2561/2561
f 2767/2767/2767 3148/3148/3148 3444/3444/3444
f 2651/2651/2651 2463/2463/2463 3481/3481/3481
f 2278/2278/2278 2279/2279/2279 2889/2889/2889
f 2911/2911/2911 2577/2577/2577 4205/4205/4205
f 3974/3974/3974 2436/2436/2436 2827/2827/2827
f 3025/3025/3025 3799/3799/3799 4262/4262/4262
f 2512/2512/2512 2921/2921/2921 3473/3473/3473
f 3606/3606/3606 3073/3073/3073 3559/3559/3559
f 3905/3905/3905 2755/2755/2755 2476/2476/2476
f 2700/2700/2700 3615/3615/3615 3562/3562/3562
f 3020/3020/3020 3708/3708/3708 2936/2936/2936
f 3162/3162/3162 3658/3658/3658 2619/2619/2619
f 2554/2554/2554 2914/2914/2914 4235/4235/4235
f 4219/4219/4219 3988/3988/3988 2556/2556/2556
f 3056/3056/3056 2555/2555/2555 2956/2956/2956
f 3698/3698/3698 3777/3777/3777 4204/4204/4204
f 3228/3228/3228 3993/3993/3993 3121/3121/3121
f 3665/3665/3665 3443/3443/3443 3126/3126/3126
f 2585/2585/2585 2714/2714/2714 2543/2543/2543
f 2505/2505/2505 3174/3174/3174 3330/3330/3330
f 2378/2378/2378 2698/2698/2698 2411/2411/2411
f 2203/2203/2203 2204/2204/2204 2855/2855/2855
f 2893/2893/2893 3613/3613/3613 3109/3109/3109
f 3179/3179/3179 3168/3168/3168 3959/3959/3959
f 3888/3888/3888 2564/2564/2564 3668/3668/3668
f 3860/3860/3860 3832/3832/3832 2878/2878/2878
f 2625/2625/2625 2489/2489/2489 3207/3207/3207
f 2356/2356/2356 2928/2928/2928 3846/3846/3846
f 4144/4144/4144 4108/4108/4108 3167/3167/3167
f 2779/2779/2779 3274/3274/3274 2690/2690/2690
f 3318/3318/3318 3591/3591/3591 4146/4146/4146
f 4184/4184/4184 2490/2490/2490 3575/3575/3575
f 2276/2276/2276 3048/3048/3048 3603/3603/3603
f 2898/2898/2898 2431/2431/2431 3151/3151/3151
f 3319/3319/3319 4194/4194/4194 4283/4283/4283
f 4268/4268/4268 3686/3686/3686 2444/2444/2444
f 3281/3281/3281 4075/4075/4075 2566/2566/2566
f 2572/2572/2572 2540/2540/2540 2507/2507/2507
f 3205/3205/3205 3414/3414/3414 2633/2633/2633
f 2538/2538/2538 3754/3754/3754 3794/3794/3794
f 2773/2773/2773 3899/3899/3899 4024/4024/4024
f 2320/2320/2320 2449/2449/2449 2670/2670/2670
f 4090/4090/4090 2315/2315/2315 3488/3488/3488
f 3419/3419/3419 4023/4023/4023 3259/3259/3259
f 3146/3146/3146 4085/4085/4085 4057/4057/4057
f 4185/4185/4185 2939/2939/2939 3782/3782/3782
f 3355/3355/3355 3671/3671/3671 3023/3023/3023
f 3281/3281/3281 2780/2780/2780 3762/3762/3762
f 3271/3271/3271 3112/3112/3112 4014/4014/4014
f 3918/3918/3918 3670/3670/3670 3432/3432/3432
f 2327/2327/2327 2941/2941/2941 3840/3840/3840
f 2554/2554/2554 3006/3006/3006 2857/2857/2857
f 4170/4170/4170 3201/3201/3201 3819/3819/3819
f 3306/3306/3306 3934/3934/3934 2574/2574/2574
f 3674/3674/3674 2590/2590/2590 4118/4118/4118
f 2330/2330/2330 3658/3658/3658 3162/3162/3162
f 3565/3565/3565 3841/3841/3841 3793/3793/3793
f 3568/3568/3568 4067/4067/4067 3116/3116/3116
f 4062/4062/4062 2458/2458/2458 2935/2935/2935
f 2598/2598/2598 4220/4220/4220 2920/2920/2920
f 4296/4296/4296 3042/3042/3042 3775/3775/3775
f 2921/2921/2921 2635/2635/2635 3473/3473/3473
f 4163/4163/4163 4112/4112/4112 2424/2424/2424
f 3496/3496/3496 2973/2973/2973 3643/3643/3643
f 4045/4045/4045 2486/2486/2486 2752/2752/2752
f 2773/2773/2773 4217/4217/4217 2865/2865/2865
f 2283/2283/2283 2284/2284/2284 2979/2979/2979
f 3232/3232/3232 2304/2304/2304 4219/4219/4219
f 3182/3182/3182 2833/2833/2833 3058/3058/3058
f 3075/3075/3075 3028/3028/3028 3037/3037/3037
f 3176/3176/3176 3605/3605/3605 3721/3721/3721
f 3442/3442/3442 3434/3434/3434 2243/2243/2243
f 3371/3371/3371 3767/3767/3767 4086/4086/4086
f 3977/3977/3977 2880/2880/2880 2992/2992/2992
f 3811/3811/3811 3683/3683/3683 3546/3546/3546
f 4246/4246/4246 4129/4129/4129 4158/4158/4158
f 4185/4185/4185 4006/4006/4006 3358/3358/3358
f 3758/3758/3758 2766/2766/2766 2838/2838/2838
f 3734/3734/3734 2669/2669/2669 3144/3144/3144
f 4092/4092/4092 2805/2805/2805 2565/2565/2565
f 4032/4032/4032 3825/3825/3825 3008/3008/3008
f 3318/3318/3318 4033/4033/4033 3591/3591/3591
f 2680/2680/2680 4040/4040/4040 2971/2971/2971
f 3236/3236/3236 4011/4011/4011 3704/3704/3704
f 4219/4219/4219 3917/3917/3917 3232/3232/3232
f 3216/3216/3216 2812/2812/2812 3501/3501/3501
f 2707/2707/2707 2753/2753/2753 4010/4010/4010
f 3164/3164/3164 2341/2341/2341 2668/2668/2668
f 2887/2887/2887 3823/3823/3823 4276/4276/4276
f 3279/3279/3279 2592/2592/2592 3694/3694/3694
f 3065/3065/3065 4168/4168/4168 3784/3784/3784
f 2488/2488/2488 2372/2372/2372 3111/3111/3111
f 3799/3799/3799 2939/2939/2939 2677/2677/2677
f 3045/3045/3045 4098/4098/4098 2996/2996/2996
f 3198/3198/3198 3941/3941/3941 2961/2961/2961
f 4043/4043/4043 3927/3927/3927 2352/2352/2352
f 3009/3009/3009 2236/2236/2236 2874/2874/2874
f 3608/3608/3608 2923/2923/2923 3998/3998/3998
f 3443/3443/3443 2497/2497/2497 3126/3126/3126
f 4209/4209/4209 2758/2758/2758 3115/3115/3115
f 2577/2577/2577 3041/3041/3041 3662/3662/3662
f 2634/2634/2634 4295/4295/4295 3888/3888/3888
f 2387/2387/2387 2588/2588/2588 2736/2736/2736
f 3661/3661/3661 4129/4129/4129 3037/3037/3037
f 2224/2224/2224 2940/2940/2940 3748/3748/3748
f 3346/3346/3346 3660/3660/3660 4020/4020/4020
f 3012/3012/3012 2888/2888/2888 3544/3544/3544
f 3357/3357/3357 2477/2477/2477 2697/2697/2697
f 2602/2602/2602 3451/3451/3451 3577/3577/3577
f 2846/2846/2846 2773/2773/2773 4024/4024/4024
f 2985/2985/2985 4151/4151/4151 2974/2974/2974
f 3051/3051/3051 4047/4047/4047 2907/2907/2907
f 3492/3492/3492 2385/2385/2385 4116/4116/4116
f 3210/3210/3210 2760/2760/2760 2964/2964/2964
f 2294/2294/2294 2295/2295/2295 3039/3039/3039
f 4064/4064/4064 3438/3438/3438 2666/2666/2666
f 3455/3455/3455 3560/3560/3560 4097/4097/4097
f 3471/3471/3471 2540/2540/2540 4017/4017/4017
f 3330/3330/3330 4229/4229/4229 2505/2505/2505
f 4037/4037/4037 2611/2611/2611 4173/4173/4173
f 3293/3293/3293 3925/3925/3925 3739/3739/3739
f 3517/3517/3517 2707/2707/2707 4083/4083/4083
f 3099/3099/3099 2179/2179/2179 3082/3082/3082
f 3547/3547/3547 2594/2594/2594 4057/4057/4057
f 2355/2355/2355 2663/2663/2663 2548/2548/2548
f 3050/3050/3050 4095/4095/4095 2978/2978/2978
f 3870/3870/3870 2491/2491/2491 2550/2550/2550
f 3352/3352/3352 2171/2171/2171 2638/2638/2638
f 4035/4035/4035 3439/3439/3439 2677/2677/2677
f 3103/3103/3103 2332/2332/2332 2654/2654/2654
f 3546/3546/3546 3683/3683/3683 4197/4197/4197
f 2601/2601/2601 3071/3071/3071 3012/3012/3012
f 3221/3221/3221 3667/3667/3667 2875/2875/2875
f 3062/3062/3062 2738/2738/2738 4028/4028/4028
f 3608/3608/3608 3963/3963/3963 2536/2536/2536
f 4020/4020/4020 3939/3939/3939 3210/3210/3210
f 3227/3227/3227 2837/2837/2837 3955/3955/3955
f 2459/2459/2459 2337/2337/2337 3987/3987/3987
f 3764/3764/3764 3773/3773/3773 2717/2717/2717
f 4125/4125/4125 2617/2617/2617 3476/3476/3476
f 3946/3946/3946 2429/2429/2429 3774/3774/3774
f 2683/2683/2683 3910/3910/3910 3352/3352/3352
f 2742/2742/2742 3911/3911/3911 2497/2497/2497
f 3982/3982/3982 2671/2671/2671 2847/2847/2847
f 3724/3724/3724 3408/3408/3408 3383/3383/3383
f 3853/3853/3853 4199/4199/4199 4258/4258/4258
f 3043/3043/3043 3804/3804/3804 3598/3598/3598
f 2333/2333/2333 2531/2531/2531 2646/2646/2646
f 3304/3304/3304 3198/3198/3198 2792/2792/2792
f 4198/4198/4198 2495/2495/2495 3181/3181/3181
f 2528/2528/2528 2522/2522/2522 2268/2268/2268
f 3290/3290/3290 2694/2694/2694 2480/2480/2480
f 3621/3621/3621 3801/3801/3801 3322/3322/3322
f 2823/2823/2823 2621/2621/2621 3866/3866/3866
f 2709/2709/2709 4231/4231/4231 3917/3917/3917
f 2413/2413/2413 2788/2788/2788 2400/2400/2400
f 3908/3908/3908 3044/3044/3044 3530/3530/3530
f 2919/2919/2919 2840/2840/2840 2772/2772/2772
f 3473/3473/3473 2677/2677/2677 2512/2512/2512
f 2682/2682/2682 4227/4227/4227 4260/4260/4260
f 4166/4166/4166 3416/3416/3416 4048/4048/4048
f 4212/4212/4212 4197/4197/4197 3915/3915/3915
f 3247/3247/3247 2884/2884/2884 3491/3491/3491
f 3691/3691/3691 3680/3680/3680 2870/2870/2870
f 3379/3379/3379 3832/3832/3832 2667/2667/2667
f 2590/2590/2590 3155/3155/3155 3816/3816/3816
f 3788/3788/3788 2477/2477/2477 3357/3357/3357
f 2425/2425/2425 2741/2741/2741 2190/2190/2190
f 2682/2682/2682 2456/2456/2456 2578/2578/2578
f 3508/3508/3508 4223/4223/4223 3127/3127/3127
f 3156/3156/3156 2860/2860/2860 2301/2301/2301
f 3962/3962/3962 2505/2505/2505 4229/4229/4229
f 3369/3369/3369 3265/3265/3265 3505/3505/3505
f 3185/3185/3185 3420/3420/3420 3901/3901/3901
f 3862/3862/3862 3572/3572/3572 3011/3011/3011
f 3766/3766/3766 3982/3982/3982 3325/3325/3325
f 2200/2200/2200 2201/2201/2201 2636/2636/2636
f 2203/2203/2203 3783/3783/3783 2202/2202/2202
f 4139/4139/4139 3705/3705/3705 3699/3699/3699
f 3232/3232/3232 2430/2430/2430 2841/2841/2841
f 4166/4166/4166 3030/3030/3030 2929/2929/2929
f 3368/3368/3368 3994/3994/3994 2723/2723/2723
f 4160/4160/4160 2493/2493/2493 4100/4100/4100
f 4095/4095/4095 3627/3627/3627 2978/2978/2978
f 2946/2946/2946 3222/3222/3222 4289/4289/4289
f 4041/4041/4041 3504/3504/3504 2890/2890/2890
f 2283/2283/2283 3875/3875/3875 4203/4203/4203
f 2434/2434/2434 2793/2793/2793 2724/2724/2724
f 3880/3880/3880 3337/3337/3337 3981/3981/3981
f 2380/2380/2380 2650/2650/2650 3571/3571/3571
f 3017/3017/3017 2552/2552/2552 3607/3607/3607
f 2972/2972/2972 3620/3620/3620 3733/3733/3733
f 2531/2531/2531 2644/2644/2644 2818/2818/2818
f 2701/2701/2701 2988/2988/2988 4131/4131/4131
f 2808/2808/2808 2816/2816/2816 3971/3971/3971
f 3261/3261/3261 3738/3738/3738 2305/2305/2305
f 4076/4076/4076 2856/2856/2856 3612/3612/3612
f 2826/2826/2826 3587/3587/3587 2836/2836/2836
f 3429/3429/3429 2517/2517/2517 4131/4131/4131
f 2647/2647/2647 3120/3120/3120 2825/2825/2825
f 3296/3296/3296 3112/3112/3112 3115/3115/3115
f 4159/4159/4159 2541/2541/2541 3722/3722/3722
f 2737/2737/2737 3472/3472/3472 3646/3646/3646
f 3646/3646/3646 2520/2520/2520 2970/2970/2970
f 3669/3669/3669 4070/4070/4070 4104/4104/4104
f 2666/2666/2666 3132/3132/3132 2409/2409/2409
f 3093/3093/3093 3640/3640/3640 2392/2392/2392
f 3444/3444/3444 2775/2775/2775 2994/2994/2994
f 2997/2997/2997 3768/3768/3768 2777/2777/2777
f 2571/2571/2571 4103/4103/4103 2483/2483/2483
f 3145/3145/3145 3662/3662/3662 3041/3041/3041
f 3480/3480/3480 3185/3185/3185 2960/2960/2960
f 2632/2632/2632 3299/3299/3299 3572/3572/3572
f 2582/2582/2582 3470/3470/3470 4196/4196/4196
f 4262/4262/4262 3799/3799/3799 3439/3439/3439
f 2506/2506/2506 2467/2467/2467 2936/2936/2936
f 4247/4247/4247 2814/2814/2814 4186/4186/4186
f 2846/2846/2846 4024/4024/4024 4222/4222/4222
f 2927/2927/2927 3586/3586/3586 3678/3678/3678
f 4243/4243/4243 3590/3590/3590 4155/4155/4155
f 4050/4050/4050 2453/2453/2453 2186/2186/2186
f 2324/2324/2324 3288/3288/3288 2342/2342/2342
f 4137/4137/4137 2618/2618/2618 3958/3958/3958
f 4137/4137/4137 2449/2449/2449 2618/2618/2618
f 2432/2432/2432 2446/2446/2446 3747/3747/3747
f 2776/2776/2776 3731/3731/3731 2740/2740/2740
f 3844/3844/3844 3353/3353/3353 2934/2934/2934
f 2345/2345/2345 3776/3776/3776 3960/3960/3960
f 2853/2853/2853 2662/2662/2662 3737/3737/3737
f 2761/2761/2761 3852/3852/3852 2883/2883/2883
f 3809/3809/3809 3887/3887/3887 2555/2555/2555
f 2355/2355/2355 3052/3052/3052 4026/4026/4026
f 3821/3821/3821 2357/2357/2357 2428/2428/2428
f 3204/3204/3204 2801/2801/2801 2537/2537/2537
f 3211/3211/3211 3649/3649/3649 2727/2727/2727
f 2707/2707/2707 3846/3846/3846 2410/2410/2410
f 3132/3132/3132 4044/4044/4044 3519/3519/3519
f 3884/3884/3884 3002/3002/3002 3331/3331/3331
f 3973/3973/3973 2899/2899/2899 2721/2721/2721
f 3136/3136/3136 2653/2653/2653 2829/2829/2829
f 3534/3534/3534 2159/2159/2159 2160/2160/2160
f 3317/3317/3317 2156/2156/2156 2157/2157/2157
f 4042/4042/4042 3688/3688/3688 2486/2486/2486
f 3389/3389/3389 2722/2722/2722 2737/2737/2737
f 2782/2782/2782 3981/3981/3981 3289/3289/3289
f 2982/2982/2982 4212/4212/4212 3915/3915/3915
f 4012/4012/4012 2676/2676/2676 3907/3907/3907
f 3054/3054/3054 2847/2847/2847 2693/2693/2693
f 2299/2299/2299 2910/2910/2910 3326/3326/3326
f 3264/3264/3264 2792/2792/2792 2961/2961/2961
f 3022/3022/3022 3981/3981/3981 2782/2782/2782
f 2977/2977/2977 2713/2713/2713 4148/4148/4148
f 2962/2962/2962 3673/3673/3673 4036/4036/4036
f 4004/4004/4004 2586/2586/2586 4201/4201/4201
f 2334/2334/2334 3704/3704/3704 4068/4068/4068
f 4182/4182/4182 3984/3984/3984 3854/3854/3854
f 4066/4066/4066 2867/2867/2867 2456/2456/2456
f 2635/2635/2635 3766/3766/3766 2627/2627/2627
f 2635/2635/2635 3033/3033/3033 3766/3766/3766
f 3299/3299/3299 3033/3033/3033 2635/2635/2635
f 4003/4003/4003 2688/2688/2688 2335/2335/2335
f 3409/3409/3409 4262/4262/4262 3439/3439/3439
f 2891/2891/2891 3597/3597/3597 2830/2830/2830
f 4048/4048/4048 4127/4127/4127 3071/3071/3071
f 3728/3728/3728 2913/2913/2913 2661/2661/2661
f 2729/2729/2729 3980/3980/3980 3015/3015/3015
f 3783/3783/3783 3613/3613/3613 3440/3440/3440
f 3307/3307/3307 4274/4274/4274 3301/3301/3301
f 4262/4262/4262 3178/3178/3178 3025/3025/3025
f 2331/2331/2331 2780/2780/2780 2394/2394/2394
f 2891/2891/2891 2172/2172/2172 2173/2173/2173
f 2733/2733/2733 2830/2830/2830 2376/2376/2376
f 4022/4022/4022 3549/3549/3549 2340/2340/2340
f 3722/3722/3722 2541/2541/2541 3481/3481/3481
f 2999/2999/2999 2881/2881/2881 3828/3828/3828
f 3297/3297/3297 3231/3231/3231 2300/2300/2300
f 2547/2547/2547 2608/2608/2608 3810/3810/3810
f 3315/3315/3315 2162/2162/2162 2686/2686/2686
f 3900/3900/3900 3062/3062/3062 3610/3610/3610
f 3146/3146/3146 2482/2482/2482 4108/4108/4108
f 4194/4194/4194 3926/3926/3926 3650/3650/3650
f 4250/4250/4250 4283/4283/4283 4194/4194/4194
f 4032/4032/4032 2387/2387/2387 2808/2808/2808
f 3857/3857/3857 2931/2931/2931 2438/2438/2438
f 4173/4173/4173 3078/3078/3078 3071/3071/3071
f 3182/3182/3182 3058/3058/3058 4025/4025/4025
f 4254/4254/4254 3125/3125/3125 2574/2574/2574
f 3163/3163/3163 3913/3913/3913 3255/3255/3255
f 3030/3030/3030 4166/4166/4166 3986/3986/3986
f 2453/2453/2453 3541/3541/3541 2185/2185/2185
f 2595/2595/2595 3862/3862/3862 3011/3011/3011
f 2847/2847/2847 2676/2676/2676 3982/3982/3982
f 3059/3059/3059 4009/4009/4009 3532/3532/3532
f 2418/2418/2418 2955/2955/2955 3980/3980/3980
f 2814/2814/2814 4247/4247/4247 3060/3060/3060
f 3522/3522/3522 2678/2678/2678 2811/2811/2811
f 3732/3732/3732 3311/3311/3311 2730/2730/2730
f 4256/4256/4256 4099/4099/4099 3856/3856/3856
f 4152/4152/4152 2175/2175/2175 2692/2692/2692
f 2692/2692/2692 2176/2176/2176 2338/2338/2338
f 4054/4054/4054 3758/3758/3758 2838/2838/2838
f 4258/4258/4258 2312/2312/2312 3516/3516/3516
f 3618/3618/3618 3825/3825/3825 4123/4123/4123
f 2819/2819/2819 3786/3786/3786 3789/3789/3789
f 2511/2511/2511 2696/2696/2696 2694/2694/2694
f 3327/3327/3327 3835/3835/3835 2592/2592/2592
f 3807/3807/3807 3783/3783/3783 2855/2855/2855
f 3968/3968/3968 2382/2382/2382 3889/3889/3889
f 4039/4039/4039 4275/4275/4275 3817/3817/3817
f 4156/4156/4156 3296/3296/3296 3115/3115/3115
f 2916/2916/2916 2300/2300/2300 3231/3231/3231
f 3009/3009/3009 2916/2916/2916 3231/3231/3231
f 3989/3989/3989 2301/2301/2301 3820/3820/3820
f 2444/2444/2444 2894/2894/2894 2854/2854/2854
f 4191/4191/4191 2863/2863/2863 3442/3442/3442
f 3625/3625/3625 3481/3481/3481 2541/2541/2541
f 3345/3345/3345 3602/3602/3602 2277/2277/2277
f 4091/4091/4091 4171/4171/4171 3089/3089/3089
f 3293/3293/3293 3574/3574/3574 3925/3925/3925
f 3685/3685/3685 3684/3684/3684 2288/2288/2288
f 2677/2677/2677 3473/3473/3473 4035/4035/4035
f 2847/2847/2847 3054/3054/3054 3343/3343/3343
f 2361/2361/2361 3426/3426/3426 3458/3458/3458
f 3747/3747/3747 2756/2756/2756 3089/3089/3089
f 3405/3405/3405 3692/3692/3692 3022/3022/3022
f 4236/4236/4236 4127/4127/4127 2779/2779/2779
f 3182/3182/3182 3974/3974/3974 2833/2833/2833
f 3028/3028/3028 4245/4245/4245 2854/2854/2854
f 3639/3639/3639 2527/2527/2527 2998/2998/2998
f 4162/4162/4162 3533/3533/3533 4123/4123/4123
f 4098/4098/4098 2365/2365/2365 3696/3696/3696
f 3215/3215/3215 3143/3143/3143 2342/2342/2342
f 3794/3794/3794 3070/3070/3070 2734/2734/2734
f 3974/3974/3974 3057/3057/3057 2436/2436/2436
f 3897/3897/3897 4029/4029/4029 4041/4041/4041
f 3490/3490/3490 2862/2862/2862 3201/3201/3201
f 3134/3134/3134 3814/3814/3814 3092/3092/3092
f 2354/2354/2354 2716/2716/2716 3102/3102/3102
f 4272/4272/4272 4175/4175/4175 3648/3648/3648
f 2521/2521/2521 3929/3929/3929 3135/3135/3135
f 2880/2880/2880 4023/4023/4023 4224/4224/4224
f 2569/2569/2569 3171/3171/3171 3419/3419/3419
f 3101/3101/3101 3551/3551/3551 3088/3088/3088
f 3094/3094/3094 3226/3226/3226 2804/2804/2804
f 3371/3371/3371 3928/3928/3928 3249/3249/3249
f 3359/3359/3359 3029/3029/3029 2644/2644/2644
f 2751/2751/2751 2271/2271/2271 2919/2919/2919
f 3642/3642/3642 4142/4142/4142 4193/4193/4193
f 2768/2768/2768 2503/2503/2503 2356/2356/2356
f 3247/3247/3247 3491/3491/3491 3062/3062/3062
f 4239/4239/4239 2449/2449/2449 3555/3555/3555
f 3352/3352/3352 3555/3555/3555 2170/2170/2170
f 2467/2467/2467 2796/2796/2796 3717/3717/3717
f 2793/2793/2793 2914/2914/2914 3975/3975/3975
f 2719/2719/2719 3770/3770/3770 3858/3858/3858
f 2725/2725/2725 3403/3403/3403 3797/3797/3797
f 2956/2956/2956 3800/3800/3800 2726/2726/2726
f 2617/2617/2617 3627/3627/3627 3476/3476/3476
f 3652/3652/3652 3645/3645/3645 2320/2320/2320
f 3165/3165/3165 2659/2659/2659 3544/3544/3544
f 3104/3104/3104 3575/3575/3575 3531/3531/3531
f 2333/2333/2333 3123/3123/3123 3072/3072/3072
f 2334/2334/2334 2523/2523/2523 2258/2258/2258
f 2945/2945/2945 3562/3562/3562 3510/3510/3510
f 3704/3704/3704 2334/2334/2334 2259/2259/2259
f 4167/4167/4167 2900/2900/2900 3592/3592/3592
f 3664/3664/3664 2649/2649/2649 3511/3511/3511
f 3300/3300/3300 2914/2914/2914 2793/2793/2793
f 3822/3822/3822 3970/3970/3970 4295/4295/4295
f 2732/2732/2732 2458/2458/2458 3333/3333/3333
f 4071/4071/4071 3416/3416/3416 3868/3868/3868
f 4028/4028/4028 3038/3038/3038 3610/3610/3610
f 3372/3372/3372 2329/2329/2329 4149/4149/4149
f 4292/4292/4292 3174/3174/3174 3229/3229/3229
f 3186/3186/3186 3293/3293/3293 3739/3739/3739
f 2330/2330/2330 3701/3701/3701 3666/3666/3666
f 3736/3736/3736 4213/4213/4213 3241/3241/3241
f 4261/4261/4261 3882/3882/3882 2774/2774/2774
f 3049/3049/3049 4232/4232/4232 2293/2293/2293
f 3880/3880/3880 3636/3636/3636 2520/2520/2520
f 3196/3196/3196 2326/2326/2326 3944/3944/3944
f 3881/3881/3881 3863/3863/3863 2987/2987/2987
f 2783/2783/2783 3376/3376/3376 2771/2771/2771
f 4092/4092/4092 3667/3667/3667 4293/4293/4293
f 3086/3086/3086 3342/3342/3342 3374/3374/3374
f 3291/3291/3291 3486/3486/3486 2291/2291/2291
f 4229/4229/4229 4130/4130/4130 3150/3150/3150
f 2662/2662/2662 2853/2853/2853 2546/2546/2546
f 3729/3729/3729 2941/2941/2941 2829/2829/2829
f 3840/3840/3840 3662/3662/3662 2421/2421/2421
f 2604/2604/2604 2481/2481/2481 2616/2616/2616
f 2317/2317/2317 3234/3234/3234 2616/2616/2616
f 3295/3295/3295 2532/2532/2532 2427/2427/2427
f 4131/4131/4131 2517/2517/2517 3540/3540/3540
f 2760/2760/2760 3939/3939/3939 3711/3711/3711
f 2810/2810/2810 3624/3624/3624 4259/4259/4259
f 4156/4156/4156 2758/2758/2758 3267/3267/3267
f 2822/2822/2822 2552/2552/2552 2571/2571/2571
f 3255/3255/3255 3180/3180/3180 3758/3758/3758
f 2907/2907/2907 3831/3831/3831 4200/4200/4200
f 2958/2958/2958 3719/3719/3719 3532/3532/3532
f 3296/3296/3296 4279/4279/4279 3336/3336/3336
f 2749/2749/2749 2205/2205/2205 3579/3579/3579
f 2926/2926/2926 2411/2411/2411 3110/3110/3110
f 3016/3016/3016 4246/4246/4246 2681/2681/2681
f 4114/4114/4114 3457/3457/3457 2985/2985/2985
f 2935/2935/2935 3668/3668/3668 4062/4062/4062
f 4193/4193/4193 3973/3973/3973 2958/2958/2958
f 3950/3950/3950 4144/4144/4144 2514/2514/2514
f 4037/4037/4037 2297/2297/2297 2763/2763/2763
f 2547/2547/2547 3523/3523/3523 3520/3520/3520
f 3164/3164/3164 4218/4218/4218 4291/4291/4291
f 2511/2511/2511 4182/4182/4182 3147/3147/3147
f 2700/2700/2700 3743/3743/3743 3871/3871/3871
f 2476/2476/2476 3822/3822/3822 2850/2850/2850
f 2528/2528/2528 3903/3903/3903 2623/2623/2623
f 3759/3759/3759 2637/2637/2637 3699/3699/3699
f 2489/2489/2489 2390/2390/2390 3407/3407/3407
f 3124/3124/3124 3000/3000/3000 4101/4101/4101
f 4156/4156/4156 3808/3808/3808 2394/2394/2394
f 3023/3023/3023 2572/2572/2572 4278/4278/4278
f 3351/3351/3351 3059/3059/3059 3532/3532/3532
f 3221/3221/3221 3119/3119/3119 2654/2654/2654
f 3285/3285/3285 2405/2405/2405 2603/2603/2603
f 3939/3939/3939 3660/3660/3660 3711/3711/3711
f 3581/3581/3581 2230/2230/2230 3567/3567/3567
f 2609/2609/2609 2628/2628/2628 3047/3047/3047
f 2609/2609/2609 3082/3082/3082 2628/2628/2628
f 3716/3716/3716 3406/3406/3406 2762/2762/2762
f 3693/3693/3693 2931/2931/2931 2910/2910/2910
f 4122/4122/4122 3912/3912/3912 3636/3636/3636
f 2303/2303/2303 4030/4030/4030 3462/3462/3462
f 3920/3920/3920 2499/2499/2499 3004/3004/3004
f 4155/4155/4155 2685/2685/2685 4243/4243/4243
f 3974/3974/3974 2827/2827/2827 3356/3356/3356
f 3035/3035/3035 3951/3951/3951 3214/3214/3214
f 4187/4187/4187 4073/4073/4073 3307/3307/3307
f 3798/3798/3798 2674/2674/2674 3630/3630/3630
f 2901/2901/2901 3111/3111/3111 3921/3921/3921
f 2652/2652/2652 3891/3891/3891 4279/4279/4279
f 3555/3555/3555 2449/2449/2449 4137/4137/4137
f 4210/4210/4210 2608/2608/2608 3890/3890/3890
f 2359/2359/2359 4075/4075/4075 3281/3281/3281
f 3198/3198/3198 3617/3617/3617 3941/3941/3941
f 3823/3823/3823 2887/2887/2887 2908/2908/2908
f 2268/2268/2268 2269/2269/2269 3903/3903/3903
f 3785/3785/3785 2811/2811/2811 2678/2678/2678
f 2362/2362/2362 2688/2688/2688 2629/2629/2629
f 2960/2960/2960 3333/3333/3333 2791/2791/2791
f 4177/4177/4177 3886/3886/3886 3596/3596/3596
f 2613/2613/2613 2710/2710/2710 3165/3165/3165
f 2970/2970/2970 2520/2520/2520 3636/3636/3636
f 2328/2328/2328 4254/4254/4254 3257/3257/3257
f 2954/2954/2954 4113/4113/4113 3763/3763/3763
f 3052/3052/3052 3326/3326/3326 4026/4026/4026
f 3617/3617/3617 2924/2924/2924 2769/2769/2769
f 3669/3669/3669 2529/2529/2529 2660/2660/2660
f 3142/3142/3142 3892/3892/3892 2800/2800/2800
f 3641/3641/3641 3333/3333/3333 2960/2960/2960
f 2573/2573/2573 2975/2975/2975 3155/3155/3155
f 3003/3003/3003 3508/3508/3508 3000/3000/3000
f 4034/4034/4034 2990/2990/2990 3630/3630/3630
f 4207/4207/4207 3661/3661/3661 2500/2500/2500
f 2679/2679/2679 2376/2376/2376 3597/3597/3597
f 3898/3898/3898 3484/3484/3484 3871/3871/3871
f 4209/4209/4209 2845/2845/2845 2758/2758/2758
f 2327/2327/2327 2922/2922/2922 2941/2941/2941
f 3623/3623/3623 2304/2304/2304 2841/2841/2841
f 3014/3014/3014 2928/2928/2928 2503/2503/2503
f 3958/3958/3958 2952/2952/2952 2168/2168/2168
f 3691/3691/3691 3412/3412/3412 3680/3680/3680
f 3942/3942/3942 3845/3845/3845 2655/2655/2655
f 2899/2899/2899 3973/3973/3973 4142/4142/4142
f 2263/2263/2263 4255/4255/4255 2262/2262/2262
f 2157/2157/2157 2158/2158/2158 3114/3114/3114
f 4222/4222/4222 4024/4024/4024 2363/2363/2363
f 2982/2982/2982 3915/3915/3915 3709/3709/3709
f 3597/3597/3597 2376/2376/2376 2830/2830/2830
f 3229/3229/3229 3174/3174/3174 3526/3526/3526
f 3894/3894/3894 3063/3063/3063 3870/3870/3870
f 2678/2678/2678 2306/2306/2306 3785/3785/3785
f 2625/2625/2625 2637/2637/2637 2489/2489/2489
f 2245/2245/2245 2815/2815/2815 4191/4191/4191
f 2967/2967/2967 4192/4192/4192 3771/3771/3771
f 3282/3282/3282 3340/3340/3340 3404/3404/3404
f 3074/3074/3074 3404/3404/3404 2523/2523/2523
f 3061/3061/3061 4017/4017/4017 3023/3023/3023
f 2848/2848/2848 3832/3832/3832 3860/3860/3860
f 4143/4143/4143 2648/2648/2648 3791/3791/3791
f 4277/4277/4277 2445/2445/2445 3786/3786/3786
f 3300/3300/3300 4235/4235/4235 2914/2914/2914
f 3314/3314/3314 3827/3827/3827 3396/3396/3396
f 3680/3680/3680 3106/3106/3106 3309/3309/3309
f 2877/2877/2877 4121/4121/4121 3522/3522/3522
f 3986/3986/3986 4048/4048/4048 3071/3071/3071
f 2883/2883/2883 3390/3390/3390 2761/2761/2761
f 3319/3319/3319 4283/4283/4283 3859/3859/3859
f 2347/2347/2347 3956/3956/3956 3376/3376/3376
f 4192/4192/4192 2815/2815/2815 3771/3771/3771
f 3829/3829/3829 2705/2705/2705 3093/3093/3093
f 4083/4083/4083 3906/3906/3906 2656/2656/2656
f 3881/3881/3881 2987/2987/2987 2587/2587/2587
f 4266/4266/4266 2428/2428/2428 3837/3837/3837
f 2639/2639/2639 3135/3135/3135 2799/2799/2799
f 2605/2605/2605 2457/2457/2457 3534/3534/3534
f 3890/3890/3890 3069/3069/3069 3751/3751/3751
f 3043/3043/3043 3698/3698/3698 3502/3502/3502
f 2583/2583/2583 3394/3394/3394 3323/3323/3323
f 2754/2754/2754 3795/3795/3795 4031/4031/4031
f 2754/2754/2754 3339/3339/3339 3493/3493/3493
f 4126/4126/4126 2961/2961/2961 4080/4080/4080
f 4289/4289/4289 4213/4213/4213 3897/3897/3897
f 3654/3654/3654 3107/3107/3107 3506/3506/3506
f 3653/3653/3653 3324/3324/3324 3561/3561/3561
f 3124/3124/3124 2578/2578/2578 4188/4188/4188
f 2570/2570/2570 4169/4169/4169 2599/2599/2599
f 3278/3278/3278 3204/3204/3204 3157/3157/3157
f 3286/3286/3286 4204/4204/4204 3777/3777/3777
f 2269/2269/2269 2270/2270/2270 2770/2770/2770
f 3872/3872/3872 2840/2840/2840 2919/2919/2919
f 4081/4081/4081 3570/3570/3570 4063/4063/4063
f 3620/3620/3620 3594/3594/3594 2993/2993/2993
f 4151/4151/4151 2885/2885/2885 3976/3976/3976
f 4096/4096/4096 3156/3156/3156 4245/4245/4245
f 3085/3085/3085 3169/3169/3169 3249/3249/3249
f 2879/2879/2879 2818/2818/2818 4206/4206/4206
f 3146/3146/3146 4144/4144/4144 3950/3950/3950
f 2587/2587/2587 3552/3552/3552 3881/3881/3881
f 2327/2327/2327 3674/3674/3674 4118/4118/4118
f 2921/2921/2921 2512/2512/2512 3542/3542/3542
f 2706/2706/2706 3430/3430/3430 3453/3453/3453
f 2421/2421/2421 2319/2319/2319 2813/2813/2813
f 2814/2814/2814 3477/3477/3477 2307/2307/2307
f 3161/3161/3161 4267/4267/4267 2902/2902/2902
f 3129/3129/3129 3580/3580/3580 3153/3153/3153
f 2789/2789/2789 2246/2246/2246 2247/2247/2247
f 3188/3188/3188 3008/3008/3008 4237/4237/4237
f 4146/4146/4146 3586/3586/3586 4082/4082/4082
f 3460/3460/3460 3256/3256/3256 3651/3651/3651
f 2743/2743/2743 3500/3500/3500 3461/3461/3461
f 3531/3531/3531 3383/3383/3383 3104/3104/3104
f 3461/3461/3461 3500/3500/3500 4270/4270/4270
f 3789/3789/3789 2699/2699/2699 2819/2819/2819
f 3267/3267/3267 3808/3808/3808 4156/4156/4156
f 3742/3742/3742 2867/2867/2867 2632/2632/2632
f 3878/3878/3878 3261/3261/3261 3183/3183/3183
f 3573/3573/3573 4067/4067/4067 3339/3339/3339
f 3648/3648/3648 2863/2863/2863 4192/4192/4192
f 3832/3832/3832 3379/3379/3379 2878/2878/2878
f 2651/2651/2651 3481/3481/3481 3576/3576/3576
f 3321/3321/3321 3987/3987/3987 3590/3590/3590
f 3385/3385/3385 2584/2584/2584 4270/4270/4270
f 4238/4238/4238 4165/4165/4165 2398/2398/2398
f 2362/2362/2362 2629/2629/2629 2369/2369/2369
f 2218/2218/2218 4058/4058/4058 3632/3632/3632
f 3581/3581/3581 3833/3833/3833 2230/2230/2230
f 2393/2393/2393 3224/3224/3224 3540/3540/3540
f 3332/3332/3332 2620/2620/2620 3105/3105/3105
f 3070/3070/3070 2690/2690/2690 2734/2734/2734
f 4244/4244/4244 3938/3938/3938 3035/3035/3035
f 3381/3381/3381 2648/2648/2648 4143/4143/4143
f 3653/3653/3653 2832/2832/2832 2438/2438/2438
f 3665/3665/3665 2575/2575/2575 3443/3443/3443
f 4208/4208/4208 2597/2597/2597 2492/2492/2492
f 2683/2683/2683 2830/2830/2830 3368/3368/3368
f 2683/2683/2683 2723/2723/2723 3910/3910/3910
f 4281/4281/4281 2582/2582/2582 3418/3418/3418
f 3683/3683/3683 3796/3796/3796 4197/4197/4197
f 3844/3844/3844 2934/2934/2934 4233/4233/4233
f 3427/3427/3427 3324/3324/3324 2934/2934/2934
f 4018/4018/4018 4152/4152/4152 3830/3830/3830
f 4157/4157/4157 3855/3855/3855 2599/2599/2599
f 3995/3995/3995 2205/2205/2205 2749/2749/2749
f 2728/2728/2728 2328/2328/2328 2399/2399/2399
f 3042/3042/3042 3789/3789/3789 3775/3775/3775
f 3819/3819/3819 2986/2986/2986 3802/3802/3802
f 3224/3224/3224 3509/3509/3509 3540/3540/3540
f 3461/3461/3461 2817/2817/2817 2743/2743/2743
f 3460/3460/3460 3736/3736/3736 3256/3256/3256
f 3032/3032/3032 3724/3724/3724 3490/3490/3490
f 3513/3513/3513 4034/4034/4034 3424/3424/3424
f 2498/2498/2498 3360/3360/3360 2698/2698/2698
f 4097/4097/4097 4002/4002/4002 2492/2492/2492
f 3734/3734/3734 3664/3664/3664 4042/4042/4042
f 2539/2539/2539 3400/3400/3400 2963/2963/2963
f 3872/3872/3872 2919/2919/2919 2272/2272/2272
f 3155/3155/3155 2497/2497/2497 3816/3816/3816
f 2298/2298/2298 3020/3020/3020 2467/2467/2467
f 4114/4114/4114 4200/4200/4200 2747/2747/2747
f 3964/3964/3964 2200/2200/2200 2636/2636/2636
f 3540/3540/3540 2817/2817/2817 2393/2393/2393
f 2397/2397/2397 3173/3173/3173 2396/2396/2396
f 3189/3189/3189 3031/3031/3031 2475/2475/2475
f 3760/3760/3760 3657/3657/3657 3053/3053/3053
f 3299/3299/3299 2383/2383/2383 3572/3572/3572
f 3299/3299/3299 3542/3542/3542 2383/2383/2383
f 3389/3389/3389 3761/3761/3761 3079/3079/3079
f 3611/3611/3611 4021/4021/4021 4045/4045/4045
f 2712/2712/2712 3260/3260/3260 4227/4227/4227
f 4066/4066/4066 2456/2456/2456 2682/2682/2682
f 3448/3448/3448 2433/2433/2433 4181/4181/4181
f 2848/2848/2848 2840/2840/2840 3872/3872/3872
f 2832/2832/2832 3270/3270/3270 3857/3857/3857
f 4095/4095/4095 3050/3050/3050 2242/2242/2242
f 2483/2483/2483 3719/3719/3719 4273/4273/4273
f 2267/2267/2267 3392/3392/3392 2266/2266/2266
f 2481/2481/2481 2604/2604/2604 2881/2881/2881
f 4058/4058/4058 4259/4259/4259 3632/3632/3632
f 2850/2850/2850 3905/3905/3905 2476/2476/2476
f 3410/3410/3410 4193/4193/4193 2958/2958/2958
f 2982/2982/2982 3985/3985/3985 4061/4061/4061
f 3726/3726/3726 2905/2905/2905 3656/3656/3656
f 2301/2301/2301 2860/2860/2860 2508/2508/2508
f 4187/4187/4187 3307/3307/3307 2435/2435/2435
f 3527/3527/3527 2382/2382/2382 3914/3914/3914
f 3535/3535/3535 2312/2312/2312 3885/3885/3885
f 3338/3338/3338 3212/3212/3212 2212/2212/2212
f 3361/3361/3361 2856/2856/2856 4284/4284/4284
f 4154/4154/4154 2379/2379/2379 2287/2287/2287
f 3697/3697/3697 2389/2389/2389 4252/4252/4252
f 2611/2611/2611 2888/2888/2888 3078/3078/3078
f 2601/2601/2601 3012/3012/3012 2659/2659/2659
f 4199/4199/4199 3853/3853/3853 2933/2933/2933
f 2381/2381/2381 2194/2194/2194 2195/2195/2195
f 3577/3577/3577 2301/2301/2301 3989/3989/3989
f 2599/2599/2599 3465/3465/3465 2570/2570/2570
f 3207/3207/3207 2489/2489/2489 3717/3717/3717
f 3577/3577/3577 3989/3989/3989 4269/4269/4269
f 3284/3284/3284 3527/3527/3527 3010/3010/3010
f 2983/2983/2983 2981/2981/2981 3172/3172/3172
f 4040/4040/4040 2864/2864/2864 4008/4008/4008
f 2821/2821/2821 3100/3100/3100 3076/3076/3076
f 3094/3094/3094 2248/2248/2248 2468/2468/2468
f 3943/3943/3943 2729/2729/2729 2900/2900/2900
f 3038/3038/3038 4028/4028/4028 2669/2669/2669
f 3507/3507/3507 3946/3946/3946 2165/2165/2165
f 3443/3443/3443 2575/2575/2575 3908/3908/3908
f 3942/3942/3942 3926/3926/3926 3402/3402/3402
f 2954/2954/2954 3073/3073/3073 3606/3606/3606
f 3439/3439/3439 3799/3799/3799 2677/2677/2677
f 3680/3680/3680 2868/2868/2868 2870/2870/2870
f 3079/3079/3079 2996/2996/2996 4098/4098/4098
f 2385/2385/2385 3595/3595/3595 3833/3833/3833
f 3895/3895/3895 3866/3866/3866 3828/3828/3828
f 3689/3689/3689 2839/2839/2839 3468/3468/3468
f 4250/4250/4250 2973/2973/2973 3701/3701/3701
f 2338/2338/2338 3386/3386/3386 2871/2871/2871
f 4152/4152/4152 4018/4018/4018 2174/2174/2174
f 2188/2188/2188 2905/2905/2905 2187/2187/2187
f 3215/3215/3215 3746/3746/3746 2505/2505/2505
f 2417/2417/2417 3116/3116/3116 3921/3921/3921
f 4256/4256/4256 3980/3980/3980 3538/3538/3538
f 3009/3009/3009 2235/2235/2235 2236/2236/2236
f 2596/2596/2596 4243/4243/4243 2685/2685/2685
f 4245/4245/4245 3028/3028/3028 3075/3075/3075
f 2482/2482/2482 2436/2436/2436 4108/4108/4108
f 2917/2917/2917 2560/2560/2560 3768/3768/3768
f 4202/4202/4202 4159/4159/4159 3615/3615/3615
f 4121/4121/4121 3496/3496/3496 3643/3643/3643
f 2424/2424/2424 4112/4112/4112 3874/3874/3874
f 2667/2667/2667 3369/3369/3369 3379/3379/3379
f 3158/3158/3158 2528/2528/2528 2623/2623/2623
f 3509/3509/3509 3749/3749/3749 4131/4131/4131
f 2701/2701/2701 3749/3749/3749 2316/2316/2316
f 3977/3977/3977 3703/3703/3703 2462/2462/2462
f 2405/2405/2405 3205/3205/3205 3951/3951/3951
f 3834/3834/3834 3529/3529/3529 3805/3805/3805
f 2583/2583/2583 2703/2703/2703 3394/3394/3394
f 2219/2219/2219 2220/2220/2220 3120/3120/3120
f 2818/2818/2818 2879/2879/2879 2531/2531/2531
f 4105/4105/4105 3830/3830/3830 4249/4249/4249
f 3047/3047/3047 3737/3737/3737 2662/2662/2662
f 2538/2538/2538 3794/3794/3794 3108/3108/3108
f 3247/3247/3247 3062/3062/3062 3900/3900/3900
f 3798/3798/3798 2933/2933/2933 2674/2674/2674
f 3681/3681/3681 3991/3991/3991 2308/2308/2308
f 2443/2443/2443 3684/3684/3684 4288/4288/4288
f 4288/4288/4288 4093/4093/4093 3769/3769/3769
f 2340/2340/2340 3549/3549/3549 2684/2684/2684
f 3525/3525/3525 4031/4031/4031 2593/2593/2593
f 3215/3215/3215 3584/3584/3584 3746/3746/3746
f 3462/3462/3462 2895/2895/2895 3459/3459/3459
f 3345/3345/3345 3252/3252/3252 3602/3602/3602
f 3048/3048/3048 2276/2276/2276 3602/3602/3602
f 4260/4260/4260 2693/2693/2693 2682/2682/2682
f 3220/3220/3220 3199/3199/3199 3427/3427/3427
f 4239/4239/4239 2670/2670/2670 2449/2449/2449
f 2171/2171/2171 3352/3352/3352 2170/2170/2170
f 3258/3258/3258 3993/3993/3993 3744/3744/3744
f 2310/2310/2310 2464/2464/2464 2549/2549/2549
f 3783/3783/3783 2203/2203/2203 2855/2855/2855
f 2838/2838/2838 2766/2766/2766 3853/3853/3853
f 2787/2787/2787 3553/3553/3553 2444/2444/2444
f 2750/2750/2750 3214/3214/3214 2633/2633/2633
f 3633/3633/3633 3691/3691/3691 3827/3827/3827
f 2948/2948/2948 2865/2865/2865 3337/3337/3337
f 3970/3970/3970 3822/3822/3822 2770/2770/2770
f 4193/4193/4193 3410/3410/3410 3642/3642/3642
f 4232/4232/4232 2292/2292/2292 2293/2293/2293
f 4153/4153/4153 4226/4226/4226 3161/3161/3161
f 4172/4172/4172 2887/2887/2887 2447/2447/2447
f 4172/4172/4172 2431/2431/2431 3528/3528/3528
f 3860/3860/3860 3432/3432/3432 3670/3670/3670
f 3355/3355/3355 3023/3023/3023 4278/4278/4278
f 4133/4133/4133 2252/2252/2252 2253/2253/2253
f 2802/2802/2802 3129/3129/3129 3153/3153/3153
f 3851/3851/3851 2473/2473/2473 2576/2576/2576
f 3339/3339/3339 2651/2651/2651 3573/3573/3573
f 3362/3362/3362 3466/3466/3466 2814/2814/2814
f 2544/2544/2544 3310/3310/3310 3988/3988/3988
f 3862/3862/3862 2595/2595/2595 3003/3003/3003
f 4143/4143/4143 4016/4016/4016 3381/3381/3381
f 4172/4172/4172 2447/2447/2447 2437/2437/2437
f 2694/2694/2694 2696/2696/2696 3745/3745/3745
f 3390/3390/3390 2609/2609/2609 2662/2662/2662
f 4050/4050/4050 2186/2186/2186 3714/3714/3714
f 2351/2351/2351 2480/2480/2480 2694/2694/2694
f 2480/2480/2480 3616/3616/3616 3702/3702/3702
f 4187/4187/4187 2435/2435/2435 3930/3930/3930
f 4151/4151/4151 2809/2809/2809 2974/2974/2974
f 3129/3129/3129 2802/2802/2802 3829/3829/3829
f 2266/2266/2266 3835/3835/3835 3327/3327/3327
f 3606/3606/3606 3559/3559/3559 2962/2962/2962
f 3672/3672/3672 3253/3253/3253 2566/2566/2566
f 2968/2968/2968 3784/3784/3784 3017/3017/3017
f 2832/2832/2832 3857/3857/3857 2438/2438/2438
f 3903/3903/3903 2528/2528/2528 2268/2268/2268
f 3670/3670/3670 2564/2564/2564 2840/2840/2840
f 2597/2597/2597 4007/4007/4007 3953/3953/3953
f 2311/2311/2311 4171/4171/4171 4091/4091/4091
f 2576/2576/2576 2473/2473/2473 3450/3450/3450
f 2821/2821/2821 3960/3960/3960 3978/3978/3978
f 3699/3699/3699 2625/2625/2625 2323/2323/2323
f 3705/3705/3705 2841/2841/2841 3699/3699/3699
f 2552/2552/2552 2822/2822/2822 2702/2702/2702
f 3901/3901/3901 3420/3420/3420 3671/3671/3671
f 3201/3201/3201 2862/2862/2862 2325/2325/2325
f 3233/3233/3233 3815/3815/3815 2828/2828/2828
f 2906/2906/2906 2351/2351/2351 3745/3745/3745
f 4278/4278/4278 4014/4014/4014 3741/3741/3741
f 3976/3976/3976 2885/2885/2885 2308/2308/2308
f 3440/3440/3440 4195/4195/4195 2202/2202/2202
f 3528/3528/3528 2431/2431/2431 2898/2898/2898
f 3265/3265/3265 3048/3048/3048 2920/2920/2920
f 3252/3252/3252 3992/3992/3992 3524/3524/3524
f 3240/3240/3240 3530/3530/3530 3501/3501/3501
f 3924/3924/3924 3081/3081/3081 3377/3377/3377
f 3376/3376/3376 3956/3956/3956 2965/2965/2965
f 4181/4181/4181 3271/3271/3271 4014/4014/4014
f 3026/3026/3026 2807/2807/2807 2667/2667/2667
f 2720/2720/2720 2219/2219/2219 3120/3120/3120
f 2869/2869/2869 2375/2375/2375 3492/3492/3492
f 2769/2769/2769 3693/3693/3693 2910/2910/2910
f 3292/3292/3292 2545/2545/2545 3460/3460/3460
f 3115/3115/3115 2433/2433/2433 4209/4209/4209
f 2426/2426/2426 3325/3325/3325 3354/3354/3354
f 3031/3031/3031 2990/2990/2990 3543/3543/3543
f 3255/3255/3255 3913/3913/3913 3180/3180/3180
f 2532/2532/2532 2981/2981/2981 2983/2983/2983
f 4233/4233/4233 4215/4215/4215 2545/2545/2545
f 3779/3779/3779 3045/3045/3045 2996/2996/2996
f 3137/3137/3137 4234/4234/4234 3659/3659/3659
f 3393/3393/3393 4124/4124/4124 3645/3645/3645
f 2883/2883/2883 2423/2423/2423 3483/3483/3483
f 3782/3782/3782 3707/3707/3707 4185/4185/4185
f 3560/3560/3560 3514/3514/3514 4002/4002/4002
f 2537/2537/2537 3157/3157/3157 3204/3204/3204
f 3957/3957/3957 3693/3693/3693 2924/2924/2924
f 2635/2635/2635 3542/3542/3542 3299/3299/3299
f 2440/2440/2440 3187/3187/3187 3570/3570/3570
f 3285/3285/3285 4094/4094/4094 3831/3831/3831
f 2411/2411/2411 2501/2501/2501 3163/3163/3163
f 3256/3256/3256 3087/3087/3087 3651/3651/3651
f 2956/2956/2956 2726/2726/2726 3056/3056/3056
f 2702/2702/2702 2917/2917/2917 3768/3768/3768
f 2271/2271/2271 2272/2272/2272 2919/2919/2919
f 2367/2367/2367 2783/2783/2783 3159/3159/3159
f 3262/3262/3262 2494/2494/2494 4005/4005/4005
f 3627/3627/3627 2617/2617/2617 3773/3773/3773
f 3236/3236/3236 3067/3067/3067 2730/2730/2730
f 4254/4254/4254 3934/3934/3934 3257/3257/3257
f 3947/3947/3947 3870/3870/3870 2550/2550/2550
f 3560/3560/3560 4002/4002/4002 4097/4097/4097
f 3203/3203/3203 2330/2330/2330 3409/3409/3409
f 3833/3833/3833 2229/2229/2229 2230/2230/2230
f 3813/3813/3813 2385/2385/2385 3492/3492/3492
f 3840/3840/3840 3729/3729/3729 3662/3662/3662
f 3420/3420/3420 2915/2915/2915 3752/3752/3752
f 4198/4198/4198 2820/2820/2820 3287/3287/3287
f 3568/3568/3568 2576/2576/2576 3482/3482/3482
f 2686/2686/2686 2943/2943/2943 3315/3315/3315
f 2344/2344/2344 3485/3485/3485 2450/2450/2450
f 3545/3545/3545 3127/3127/3127 4038/4038/4038
f 2809/2809/2809 3096/3096/3096 2974/2974/2974
f 2541/2541/2541 4150/4150/4150 3625/3625/3625
f 3080/3080/3080 3835/3835/3835 3392/3392/3392
f 3941/3941/3941 2472/2472/2472 3842/3842/3842
f 3586/3586/3586 2927/2927/2927 4082/4082/4082
f 3311/3311/3311 3236/3236/3236 2730/2730/2730
f 3036/3036/3036 2719/2719/2719 3858/3858/3858
f 3128/3128/3128 3611/3611/3611 4045/4045/4045
f 3582/3582/3582 2980/2980/2980 3706/3706/3706
f 4115/4115/4115 3463/3463/3463 3488/3488/3488
f 2364/2364/2364 2859/2859/2859 2842/2842/2842
f 3702/3702/3702 2418/2418/2418 2480/2480/2480
f 3339/3339/3339 4067/4067/4067 3493/3493/3493
f 3312/3312/3312 2305/2305/2305 3604/3604/3604
f 3441/3441/3441 2736/2736/2736 3585/3585/3585
f 3836/3836/3836 4013/4013/4013 2580/2580/2580
f 2591/2591/2591 2429/2429/2429 3946/3946/3946
f 3201/3201/3201 2325/2325/2325 2691/2691/2691
f 3222/3222/3222 2946/2946/2946 4069/4069/4069
f 3940/3940/3940 4145/4145/4145 3687/3687/3687
f 3940/3940/3940 3513/3513/3513 3424/3424/3424
f 2412/2412/2412 2661/2661/2661 3640/3640/3640
f 3094/3094/3094 2468/2468/2468 3226/3226/3226
f 2610/2610/2610 3199/3199/3199 3626/3626/3626
f 3841/3841/3841 3800/3800/3800 3793/3793/3793
f 3387/3387/3387 3618/3618/3618 3760/3760/3760
f 2526/2526/2526 2757/2757/2757 3639/3639/3639
f 3525/3525/3525 2651/2651/2651 3339/3339/3339
f 4178/4178/4178 3375/3375/3375 3351/3351/3351
f 3782/3782/3782 3025/3025/3025 2805/2805/2805
f 3703/3703/3703 3687/3687/3687 2909/2909/2909
f 2911/2911/2911 3806/3806/3806 2878/2878/2878
f 4014/4014/4014 3112/3112/3112 3316/3316/3316
f 3287/3287/3287 3803/3803/3803 4296/4296/4296
f 3803/3803/3803 3131/3131/3131 4296/4296/4296
f 3188/3188/3188 4261/4261/4261 3008/3008/3008
f 3073/3073/3073 2954/2954/2954 3763/3763/3763
f 2431/2431/2431 4172/4172/4172 2989/2989/2989
f 2270/2270/2270 2751/2751/2751 3970/3970/3970
f 4228/4228/4228 2385/2385/2385 3581/3581/3581
f 2600/2600/2600 2843/2843/2843 4020/4020/4020
f 3881/3881/3881 3552/3552/3552 3635/3635/3635
f 2783/2783/2783 2771/2771/2771 3159/3159/3159
f 4086/4086/4086 2536/2536/2536 3963/3963/3963
f 4132/4132/4132 2966/2966/2966 3344/3344/3344
f 3776/3776/3776 2849/2849/2849 3960/3960/3960
f 2606/2606/2606 4279/4279/4279 3296/3296/3296
f 3313/3313/3313 4147/4147/4147 3599/3599/3599
f 2492/2492/2492 3456/3456/3456 2478/2478/2478
f 3217/3217/3217 4272/4272/4272 3648/3648/3648
f 3627/3627/3627 3434/3434/3434 3476/3476/3476
f 4217/4217/4217 2503/2503/2503 2768/2768/2768
f 2687/2687/2687 3548/3548/3548 3472/3472/3472
f 2802/2802/2802 3153/3153/3153 2729/2729/2729
f 4225/4225/4225 2455/2455/2455 4079/4079/4079
f 3614/3614/3614 4150/4150/4150 4202/4202/4202
f 2715/2715/2715 3018/3018/3018 2465/2465/2465
f 3667/3667/3667 4092/4092/4092 3956/3956/3956
f 3644/3644/3644 3848/3848/3848 3643/3643/3643
f 2859/2859/2859 3457/3457/3457 4114/4114/4114
f 2765/2765/2765 2582/2582/2582 4196/4196/4196
f 4176/4176/4176 3875/3875/3875 3935/3935/3935
f 2706/2706/2706 3902/3902/3902 2975/2975/2975
f 3372/3372/3372 3852/3852/3852 2761/2761/2761
f 2659/2659/2659 3165/3165/3165 2710/2710/2710
f 2557/2557/2557 4244/4244/4244 3214/3214/3214
f 2761/2761/2761 2546/2546/2546 3372/3372/3372
f 2537/2537/2537 2801/2801/2801 3537/3537/3537
f 2849/2849/2849 2617/2617/2617 4125/4125/4125
f 2432/2432/2432 3747/3747/3747 3089/3089/3089
f 2434/2434/2434 3300/3300/3300 2793/2793/2793
f 3070/3070/3070 3700/3700/3700 2690/2690/2690
f 3182/3182/3182 3686/3686/3686 3057/3057/3057
f 3500/3500/3500 3169/3169/3169 4270/4270/4270
f 4211/4211/4211 2657/2657/2657 3055/3055/3055
f 4253/4253/4253 3367/3367/3367 3090/3090/3090
f 3090/3090/3090 2342/2342/2342 3454/3454/3454
f 3365/3365/3365 2774/2774/2774 2645/2645/2645
f 3834/3834/3834 2657/2657/2657 4211/4211/4211
f 2844/2844/2844 2903/2903/2903 3894/3894/3894
f 2833/2833/2833 3974/3974/3974 3356/3356/3356
f 2510/2510/2510 2416/2416/2416 3503/3503/3503
f 3757/3757/3757 3964/3964/3964 3578/3578/3578
f 2986/2986/2986 2951/2951/2951 3197/3197/3197
f 3169/3169/3169 3085/3085/3085 4046/4046/4046
f 3062/3062/3062 3491/3491/3491 2738/2738/2738
f 3196/3196/3196 3611/3611/3611 3128/3128/3128
f 3091/3091/3091 2227/2227/2227 2228/2228/2228
f 2490/2490/2490 3536/3536/3536 3575/3575/3575
f 3080/3080/3080 3392/3392/3392 2522/2522/2522
f 3822/3822/3822 2476/2476/2476 2623/2623/2623
f 3449/3449/3449 4019/4019/4019 3083/3083/3083
f 4004/4004/4004 3798/3798/3798 2586/2586/2586
f 2650/2650/2650 4240/4240/4240 3571/3571/3571
f 2380/2380/2380 2155/2155/2155 2156/2156/2156
f 2574/2574/2574 3934/3934/3934 4254/4254/4254
f 3373/3373/3373 4049/4049/4049 3909/3909/3909
f 3490/3490/3490 3724/3724/3724 2862/2862/2862
f 2792/2792/2792 3198/3198/3198 2961/2961/2961
f 3422/3422/3422 2359/2359/2359 3676/3676/3676
f 4143/4143/4143 4080/4080/4080 2672/2672/2672
f 3378/3378/3378 2804/2804/2804 2789/2789/2789
f 3059/3059/3059 3351/3351/3351 3218/3218/3218
f 4124/4124/4124 2618/2618/2618 2320/2320/2320
f 4122/4122/4122 3636/3636/3636 3692/3692/3692
f 3336/3336/3336 3891/3891/3891 3316/3316/3316
f 3209/3209/3209 2571/2571/2571 2552/2552/2552
f 4198/4198/4198 3775/3775/3775 2495/2495/2495
f 2548/2548/2548 2689/2689/2689 2622/2622/2622
f 3004/3004/3004 2823/2823/2823 3866/3866/3866
f 2881/2881/2881 2604/2604/2604 3828/3828/3828
f 3760/3760/3760 2957/2957/2957 4223/4223/4223
f 3019/3019/3019 4227/4227/4227 2578/2578/2578
f 3513/3513/3513 2992/2992/2992 4034/4034/4034
f 2984/2984/2984 4293/4293/4293 2579/2579/2579
f 2795/2795/2795 4048/4048/4048 3416/3416/3416
f 3944/3944/3944 3899/3899/3899 3548/3548/3548
f 2957/2957/2957 4162/4162/4162 3131/3131/3131
f 2820/2820/2820 2835/2835/2835 3287/3287/3287
f 4228/4228/4228 2321/2321/2321 2414/2414/2414
f 3233/3233/3233 3157/3157/3157 2521/2521/2521
f 3437/3437/3437 3022/3022/3022 3211/3211/3211
f 2952/2952/2952 2167/2167/2167 2168/2168/2168
f 3708/3708/3708 2370/2370/2370 2513/2513/2513
f 3152/3152/3152 2724/2724/2724 3539/3539/3539
f 4026/4026/4026 3565/3565/3565 2355/2355/2355
f 3857/3857/3857 2910/2910/2910 2931/2931/2931
f 4223/4223/4223 3657/3657/3657 3760/3760/3760
f 2699/2699/2699 3585/3585/3585 2524/2524/2524
f 3987/3987/3987 3321/3321/3321 2459/2459/2459
f 2966/2966/2966 2843/2843/2843 3344/3344/3344
f 3637/3637/3637 3904/3904/3904 3913/3913/3913
f 3847/3847/3847 2559/2559/2559 3579/3579/3579
f 3855/3855/3855 3682/3682/3682 2599/2599/2599
f 3033/3033/3033 3299/3299/3299 2632/2632/2632
f 4071/4071/4071 3868/3868/3868 3709/3709/3709
f 3958/3958/3958 2618/2618/2618 3413/3413/3413
f 2744/2744/2744 2584/2584/2584 3018/3018/3018
f 2584/2584/2584 2817/2817/2817 3461/3461/3461
f 3289/3289/3289 3810/3810/3810 3649/3649/3649
f 2371/2371/2371 2446/2446/2446 3769/3769/3769
f 3067/3067/3067 3704/3704/3704 2259/2259/2259
f 2252/2252/2252 4133/4133/4133 3036/3036/3036
f 2191/2191/2191 2192/2192/2192 4056/4056/4056
f 4268/4268/4268 2854/2854/2854 3839/3839/3839
f 2702/2702/2702 2876/2876/2876 3607/3607/3607
f 3195/3195/3195 3762/3762/3762 3755/3755/3755
f 3338/3338/3338 4284/4284/4284 3818/3818/3818
f 4107/4107/4107 3087/3087/3087 3256/3256/3256
f 3032/3032/3032 2645/2645/2645 2774/2774/2774
f 2998/2998/2998 2527/2527/2527 2835/2835/2835
f 2553/2553/2553 2390/2390/2390 3759/3759/3759
f 4070/4070/4070 3731/3731/3731 4104/4104/4104
f 3090/3090/3090 3454/3454/3454 3546/3546/3546
f 2187/2187/2187 3714/3714/3714 2186/2186/2186
f 3405/3405/3405 3413/3413/3413 4124/4124/4124
f 3079/3079/3079 4098/4098/4098 3696/3696/3696
f 3501/3501/3501 2398/2398/2398 3240/3240/3240
f 2746/2746/2746 4103/4103/4103 3209/3209/3209
f 3331/3331/3331 2568/2568/2568 3912/3912/3912
f 2753/2753/2753 2707/2707/2707 3517/3517/3517
f 3070/3070/3070 3794/3794/3794 3582/3582/3582
f 2348/2348/2348 3658/3658/3658 2925/2925/2925
f 3888/3888/3888 2772/2772/2772 2564/2564/2564
f 3185/3185/3185 3901/3901/3901 4241/4241/4241
f 4031/4031/4031 3525/3525/3525 2754/2754/2754
f 2634/2634/2634 3822/3822/3822 4295/4295/4295
f 3451/3451/3451 3839/3839/3839 2759/2759/2759
f 4015/4015/4015 2633/2633/2633 3200/3200/3200
f 3359/3359/3359 2316/2316/2316 2474/2474/2474
f 2302/2302/2302 4060/4060/4060 3212/3212/3212
f 3012/3012/3012 3544/3544/3544 2659/2659/2659
f 2679/2679/2679 3597/3597/3597 4018/4018/4018
f 3031/3031/3031 3682/3682/3682 2475/2475/2475
f 3156/3156/3156 3983/3983/3983 4245/4245/4245
f 3724/3724/3724 3383/3383/3383 3531/3531/3531
f 3559/3559/3559 3882/3882/3882 4261/4261/4261
f 3395/3395/3395 2435/2435/2435 4180/4180/4180
f 3397/3397/3397 2844/2844/2844 4110/4110/4110
f 3181/3181/3181 4126/4126/4126 3791/3791/3791
f 3562/3562/3562 3218/3218/3218 2700/2700/2700
f 4187/4187/4187 3499/3499/3499 4115/4115/4115
f 2184/2184/2184 2185/2185/2185 3541/3541/3541
f 4257/4257/4257 2374/2374/2374 2719/2719/2719
f 2804/2804/2804 2937/2937/2937 2789/2789/2789
f 4065/4065/4065 4180/4180/4180 3113/3113/3113
f 2977/2977/2977 2765/2765/2765 4196/4196/4196
f 3900/3900/3900 3696/3696/3696 2365/2365/2365
f 3057/3057/3057 3600/3600/3600 2436/2436/2436
f 4291/4291/4291 4218/4218/4218 3659/3659/3659
f 2798/2798/2798 2902/2902/2902 4104/4104/4104
f 4167/4167/4167 4068/4068/4068 4011/4011/4011
f 2732/2732/2732 2721/2721/2721 2458/2458/2458
f 2554/2554/2554 4120/4120/4120 2914/2914/2914
f 3806/3806/3806 3596/3596/3596 2878/2878/2878
f 2927/2927/2927 4069/4069/4069 4082/4082/4082
f 4123/4123/4123 2808/2808/2808 3971/3971/3971
f 2923/2923/2923 3498/3498/3498 3998/3998/3998
f 3879/3879/3879 2375/2375/2375 2869/2869/2869
f 2323/2323/2323 2625/2625/2625 3207/3207/3207
f 3501/3501/3501 3965/3965/3965 3216/3216/3216
f 3761/3761/3761 2996/2996/2996 3079/3079/3079
f 2733/2733/2733 3986/3986/3986 3994/3994/3994
f 3286/3286/3286 2953/2953/2953 4059/4059/4059
f 3312/3312/3312 3172/3172/3172 2946/2946/2946
f 4149/4149/4149 2515/2515/2515 2388/2388/2388
f 2509/2509/2509 3868/3868/3868 3416/3416/3416
f 4220/4220/4220 3265/3265/3265 2920/2920/2920
f 2960/2960/2960 2791/2791/2791 3480/3480/3480
f 2814/2814/2814 3466/3466/3466 4186/4186/4186
f 3669/3669/3669 2660/2660/2660 4070/4070/4070
f 3233/3233/3233 3135/3135/3135 4190/4190/4190
f 3537/3537/3537 2664/2664/2664 3824/3824/3824
f 4096/4096/4096 2704/2704/2704 3170/3170/3170
f 2658/2658/2658 2190/2190/2190 2191/2191/2191
f 3298/3298/3298 3966/3966/3966 3220/3220/3220
f 3428/3428/3428 3614/3614/3614 3034/3034/3034
f 2440/2440/2440 3570/3570/3570 4043/4043/4043
f 3687/3687/3687 2992/2992/2992 3513/3513/3513
f 3666/3666/3666 3952/3952/3952 3178/3178/3178
f 3784/3784/3784 2968/2968/2968 3253/3253/3253
f 3043/3043/3043 3502/3502/3502 3804/3804/3804
f 2640/2640/2640 4033/4033/4033 3655/3655/3655
f 3270/3270/3270 2832/2832/2832 3561/3561/3561
f 4225/4225/4225 4008/4008/4008 3580/3580/3580
f 3477/3477/3477 4285/4285/4285 3876/3876/3876
f 4078/4078/4078 3916/3916/3916 2585/2585/2585
f 3735/3735/3735 3079/3079/3079 3765/3765/3765
f 4268/4268/4268 4088/4088/4088 3686/3686/3686
f 2797/2797/2797 3474/3474/3474 3428/3428/3428
f 3647/3647/3647 3565/3565/3565 3793/3793/3793
f 3759/3759/3759 3699/3699/3699 2841/2841/2841
f 2752/2752/2752 3633/3633/3633 3092/3092/3092
f 2829/2829/2829 2653/2653/2653 3467/3467/3467
f 3719/3719/3719 2958/2958/2958 4273/4273/4273
f 4280/4280/4280 3247/3247/3247 3900/3900/3900
f 2367/2367/2367 3275/3275/3275 2514/2514/2514
f 3077/3077/3077 4209/4209/4209 3448/3448/3448
f 2332/2332/2332 3221/3221/3221 2654/2654/2654
f 2329/2329/2329 3283/3283/3283 2453/2453/2453
f 3276/3276/3276 3922/3922/3922 2504/2504/2504
f 3642/3642/3642 4084/4084/4084 4142/4142/4142
f 3808/3808/3808 3267/3267/3267 3695/3695/3695
f 2813/2813/2813 3840/3840/3840 2421/2421/2421
f 4205/4205/4205 3806/3806/3806 2911/2911/2911
f 2455/2455/2455 4225/4225/4225 3219/3219/3219
f 2251/2251/2251 2451/2451/2451 4135/4135/4135
f 3999/3999/3999 3955/3955/3955 3767/3767/3767
f 2226/2226/2226 2384/2384/2384 3748/3748/3748
f 2776/2776/2776 2740/2740/2740 3906/3906/3906
f 2753/2753/2753 2450/2450/2450 3069/3069/3069
f 2309/2309/2309 2713/2713/2713 2977/2977/2977
f 2580/2580/2580 3331/3331/3331 3912/3912/3912
f 2607/2607/2607 2977/2977/2977 4148/4148/4148
f 3108/3108/3108 3794/3794/3794 2734/2734/2734
f 2882/2882/2882 3227/3227/3227 2810/2810/2810
f 2818/2818/2818 3029/3029/3029 4206/4206/4206
f 2461/2461/2461 3763/3763/3763 2909/2909/2909
f 2834/2834/2834 3873/3873/3873 2209/2209/2209
f 3065/3065/3065 3784/3784/3784 3422/3422/3422
f 3282/3282/3282 3797/3797/3797 2790/2790/2790
f 3547/3547/3547 4161/4161/4161 2594/2594/2594
f 2309/2309/2309 3464/3464/3464 3550/3550/3550
f 3773/3773/3773 3764/3764/3764 2978/2978/2978
f 2703/2703/2703 3929/3929/3929 3394/3394/3394
f 2540/2540/2540 2572/2572/2572 3023/3023/3023
f 2494/2494/2494 3979/3979/3979 4290/4290/4290
f 2425/2425/2425 2190/2190/2190 2658/2658/2658
f 3696/3696/3696 3610/3610/3610 3765/3765/3765
f 4217/4217/4217 2773/2773/2773 2846/2846/2846
f 2326/2326/2326 3128/3128/3128 3814/3814/3814
f 3327/3327/3327 2265/2265/2265 2266/2266/2266
f 4182/4182/4182 2511/2511/2511 3984/3984/3984
f 2602/2602/2602 4269/4269/4269 3961/3961/3961
f 2854/2854/2854 4268/4268/4268 2444/2444/2444
f 3215/3215/3215 3090/3090/3090 3584/3584/3584
f 2477/2477/2477 4286/4286/4286 2697/2697/2697
f 2557/2557/2557 2750/2750/2750 2318/2318/2318
f 3380/3380/3380 2416/2416/2416 3263/3263/3263
f 3084/3084/3084 4047/4047/4047 3051/3051/3051
f 3463/3463/3463 3997/3997/3997 3016/3016/3016
f 3286/3286/3286 3777/3777/3777 3969/3969/3969
f 2988/2988/2988 2333/2333/2333 3072/3072/3072
f 3069/3069/3069 4234/4234/4234 3751/3751/3751
f 2380/2380/2380 2156/2156/2156 2650/2650/2650
f 3653/3653/3653 2404/2404/2404 4215/4215/4215
f 3963/3963/3963 3608/3608/3608 3234/3234/3234
f 4167/4167/4167 3592/3592/3592 3101/3101/3101
f 3856/3856/3856 4099/4099/4099 3311/3311/3311
f 3417/3417/3417 3138/3138/3138 3564/3564/3564
f 3487/3487/3487 2897/2897/2897 3466/3466/3466
f 3367/3367/3367 4253/4253/4253 4212/4212/4212
f 2309/2309/2309 3550/3550/3550 3750/3750/3750
f 3826/3826/3826 2229/2229/2229 3595/3595/3595
f 3939/3939/3939 2760/2760/2760 3210/3210/3210
f 3193/3193/3193 3134/3134/3134 2363/2363/2363
f 3138/3138/3138 3679/3679/3679 2513/2513/2513
f 2705/2705/2705 2418/2418/2418 3601/3601/3601
f 2950/2950/2950 2661/2661/2661 2412/2412/2412
f 3506/3506/3506 2485/2485/2485 3654/3654/3654
f 3036/3036/3036 4257/4257/4257 2719/2719/2719
f 2900/2900/2900 4167/4167/4167 3943/3943/3943
f 3095/3095/3095 3854/3854/3854 3984/3984/3984
f 3263/3263/3263 4246/4246/4246 4158/4158/4158
f 3200/3200/3200 4158/4158/4158 4053/4053/4053
f 3975/3975/3975 2373/2373/2373 2709/2709/2709
f 3756/3756/3756 3747/3747/3747 2446/2446/2446
f 3107/3107/3107 2971/2971/2971 3720/3720/3720
f 3236/3236/3236 4099/4099/4099 4011/4011/4011
f 2831/2831/2831 2982/2982/2982 3709/3709/3709
f 4249/4249/4249 3830/3830/3830 4152/4152/4152
f 3720/3720/3720 2971/2971/2971 4079/4079/4079
f 3199/3199/3199 3056/3056/3056 3626/3626/3626
f 3943/3943/3943 4167/4167/4167 4011/4011/4011
f 2485/2485/2485 3506/3506/3506 3149/3149/3149
f 3519/3519/3519 4070/4070/4070 3347/3347/3347
f 2407/2407/2407 3006/3006/3006 4154/4154/4154
f 4110/4110/4110 3870/3870/3870 3947/3947/3947
f 3223/3223/3223 3144/3144/3144 3675/3675/3675
f 4027/4027/4027 3710/3710/3710 2728/2728/2728
f 3018/3018/3018 3385/3385/3385 2465/2465/2465
f 3073/3073/3073 3882/3882/3882 3559/3559/3559
f 4199/4199/4199 3885/3885/3885 2312/2312/2312
f 2752/2752/2752 2486/2486/2486 3619/3619/3619
f 3303/3303/3303 3106/3106/3106 2362/2362/2362
f 3771/3771/3771 2937/2937/2937 2967/2967/2967
f 2789/2789/2789 2937/2937/2937 3771/3771/3771
f 3550/3550/3550 2567/2567/2567 3750/3750/3750
f 3372/3372/3372 3283/3283/3283 2329/2329/2329
f 3681/3681/3681 4117/4117/4117 3118/3118/3118
f 4258/4258/4258 4199/4199/4199 2312/2312/2312
f 3885/3885/3885 3877/3877/3877 3535/3535/3535
f 3914/3914/3914 3569/3569/3569 3710/3710/3710
f 3034/3034/3034 3444/3444/3444 3428/3428/3428
f 3561/3561/3561 2610/2610/2610 3270/3270/3270
f 4275/4275/4275 2612/2612/2612 3907/3907/3907
f 2606/2606/2606 2394/2394/2394 2780/2780/2780
f 3301/3301/3301 3113/3113/3113 4180/4180/4180
f 2505/2505/2505 3962/3962/3962 3143/3143/3143
f 2296/2296/2296 2155/2155/2155 2380/2380/2380
f 2668/2668/2668 2341/2341/2341 3114/3114/3114
f 2708/2708/2708 2925/2925/2925 3203/3203/3203
f 3422/3422/3422 3672/3672/3672 4075/4075/4075
f 2480/2480/2480 2418/2418/2418 3401/3401/3401
f 2488/2488/2488 4111/4111/4111 2372/2372/2372
f 2165/2165/2165 2166/2166/2166 3192/3192/3192
f 3335/3335/3335 2952/2952/2952 2419/2419/2419
f 3238/3238/3238 3877/3877/3877 3885/3885/3885
f 4047/4047/4047 2510/2510/2510 3503/3503/3503
f 3266/3266/3266 3167/3167/3167 4163/4163/4163
f 3414/3414/3414 3263/3263/3263 4158/4158/4158
f 3712/3712/3712 3813/3813/3813 3364/3364/3364
f 3241/3241/3241 4213/4213/4213 2927/2927/2927
f 2544/2544/2544 3623/3623/3623 3902/3902/3902
f 3557/3557/3557 3524/3524/3524 2549/2549/2549
f 2828/2828/2828 3298/3298/3298 3353/3353/3353
f 3621/3621/3621 3605/3605/3605 3609/3609/3609
f 4001/4001/4001 2701/2701/2701 3359/3359/3359
f 3224/3224/3224 2343/2343/2343 3509/3509/3509
f 2422/2422/2422 2757/2757/2757 2712/2712/2712
f 2932/2932/2932 3690/3690/3690 3011/3011/3011
f 3306/3306/3306 3073/3073/3073 3763/3763/3763
f 2402/2402/2402 2490/2490/2490 3250/3250/3250
f 3267/3267/3267 3558/3558/3558 4183/4183/4183
f 2464/2464/2464 3744/3744/3744 3993/3993/3993
f 2440/2440/2440 2352/2352/2352 3397/3397/3397
f 3127/3127/3127 4223/4223/4223 4038/4038/4038
f 2895/2895/2895 2669/2669/2669 3459/3459/3459
f 3060/3060/3060 2401/2401/2401 3134/3134/3134
f 3728/3728/3728 2661/2661/2661 2950/2950/2950
f 3715/3715/3715 2643/2643/2643 3898/3898/3898
f 2222/2222/2222 3660/3660/3660 3346/3346/3346
f 2825/2825/2825 3344/3344/3344 3130/3130/3130
f 3862/3862/3862 3742/3742/3742 3572/3572/3572
f 3287/3287/3287 4296/4296/4296 3775/3775/3775
f 3497/3497/3497 3347/3347/3347 3718/3718/3718
f 3772/3772/3772 2785/2785/2785 3631/3631/3631
f 3929/3929/3929 3478/3478/3478 3394/3394/3394
f 3406/3406/3406 2639/2639/2639 2799/2799/2799
f 4042/4042/4042 3869/3869/3869 3459/3459/3459
f 3196/3196/3196 3128/3128/3128 2326/2326/2326
f 3887/3887/3887 2956/2956/2956 2555/2555/2555
f 2874/2874/2874 2493/2493/2493 3176/3176/3176
f 2278/2278/2278 3345/3345/3345 2277/2277/2277
f 3136/3136/3136 2922/2922/2922 2398/2398/2398
f 2163/2163/2163 2686/2686/2686 2162/2162/2162
f 3810/3810/3810 3289/3289/3289 2547/2547/2547
f 2370/2370/2370 3407/3407/3407 3138/3138/3138
f 3935/3935/3935 4134/4134/4134 3300/3300/3300
f 2542/2542/2542 3801/3801/3801 3529/3529/3529
f 4138/4138/4138 2645/2645/2645 2349/2349/2349
f 3284/3284/3284 3010/3010/3010 3140/3140/3140
f 2944/2944/2944 2880/2880/2880 3977/3977/3977
f 3703/3703/3703 3977/3977/3977 3687/3687/3687
f 3257/3257/3257 3105/3105/3105 4087/4087/4087
f 2737/2737/2737 2687/2687/2687 3472/3472/3472
f 3437/3437/3437 3211/3211/3211 2727/2727/2727
f 4061/4061/4061 3985/3985/3985 3922/3922/3922
f 2567/2567/2567 2673/2673/2673 3288/3288/3288
f 3038/3038/3038 3954/3954/3954 3765/3765/3765
f 3619/3619/3619 2335/2335/2335 2688/2688/2688
f 4181/4181/4181 4014/4014/4014 2572/2572/2572
f 3674/3674/3674 2813/2813/2813 2573/2573/2573
f 3119/3119/3119 3989/3989/3989 3924/3924/3924
f 3754/3754/3754 2538/2538/2538 2833/2833/2833
f 3493/3493/3493 2873/2873/2873 3098/3098/3098
f 3015/3015/3015 3829/3829/3829 2802/2802/2802
f 3139/3139/3139 3304/3304/3304 2792/2792/2792
f 3676/3676/3676 2359/2359/2359 2942/2942/2942
f 3290/3290/3290 2947/2947/2947 2511/2511/2511
f 2639/2639/2639 3446/3446/3446 4190/4190/4190
f 2681/2681/2681 4090/4090/4090 3488/3488/3488
f 2713/2713/2713 2342/2342/2342 4148/4148/4148
f 4084/4084/4084 2755/2755/2755 3905/3905/3905
f 2350/2350/2350 3823/3823/3823 2896/2896/2896
f 3453/3453/3453 3430/3430/3430 3931/3931/3931
f 4153/4153/4153 3756/3756/3756 2371/2371/2371
f 3743/3743/3743 2700/2700/2700 3218/3218/3218
f 2705/2705/2705 3601/3601/3601 3093/3093/3093
f 4130/4130/4130 3436/3436/3436 2318/2318/2318
f 4258/4258/4258 3516/3516/3516 2498/2498/2498
f 3432/3432/3432 3860/3860/3860 3596/3596/3596
f 4275/4275/4275 4039/4039/4039 2612/2612/2612
f 3661/3661/3661 3037/3037/3037 3634/3634/3634
f 4089/4089/4089 3812/3812/3812 2974/2974/2974
f 2299/2299/2299 2622/2622/2622 2769/2769/2769
f 3149/3149/3149 3506/3506/3506 3720/3720/3720
f 3480/3480/3480 2791/2791/2791 3191/3191/3191
f 3823/3823/3823 3838/3838/3838 4276/4276/4276
f 4196/4196/4196 4052/4052/4052 2543/2543/2543
f 3167/3167/3167 3600/3600/3600 4163/4163/4163
f 3902/3902/3902 2742/2742/2742 2975/2975/2975
f 2598/2598/2598 3663/3663/3663 3145/3145/3145
f 4044/4044/4044 2740/2740/2740 3731/3731/3731
f 3468/3468/3468 2796/2796/2796 2506/2506/2506
f 3695/3695/3695 3566/3566/3566 3260/3260/3260
f 3907/3907/3907 2612/2612/2612 3514/3514/3514
f 2559/2559/2559 3847/3847/3847 3110/3110/3110
f 3166/3166/3166 3864/3864/3864 2728/2728/2728
f 2157/2157/2157 3114/3114/3114 3317/3317/3317
f 4234/4234/4234 3485/3485/3485 3945/3945/3945
f 3165/3165/3165 3652/3652/3652 2670/2670/2670
f 2858/2858/2858 2568/2568/2568 3002/3002/3002
f 3029/3029/3029 2471/2471/2471 4206/4206/4206
f 3818/3818/3818 2302/2302/2302 3338/3338/3338
f 3782/3782/3782 2984/2984/2984 3707/3707/3707
f 3409/3409/3409 2330/2330/2330 3666/3666/3666
f 3110/3110/3110 2411/2411/2411 2698/2698/2698
f 3849/3849/3849 3579/3579/3579 2206/2206/2206
f 3295/3295/3295 4082/4082/4082 2981/2981/2981
f 3767/3767/3767 3371/3371/3371 3723/3723/3723
f 3414/3414/3414 3380/3380/3380 3263/3263/3263
f 2500/2500/2500 4052/4052/4052 4207/4207/4207
f 3435/3435/3435 3682/3682/3682 3031/3031/3031
f 3119/3119/3119 3961/3961/3961 4269/4269/4269
f 3055/3055/3055 3423/3423/3423 3087/3087/3087
f 3767/3767/3767 3955/3955/3955 4086/4086/4086
f 4046/4046/4046 2368/2368/2368 2427/2427/2427
f 3364/3364/3364 3813/3813/3813 3492/3492/3492
f 3274/3274/3274 2673/2673/2673 2690/2690/2690
f 4053/4053/4053 4158/4158/4158 4129/4129/4129
f 3641/3641/3641 2960/2960/2960 4241/4241/4241
f 4017/4017/4017 3061/3061/3061 2781/2781/2781
f 3721/3721/3721 3621/3621/3621 2916/2916/2916
f 2238/2238/2238 2239/2239/2239 2583/2583/2583
f 3042/3042/3042 2816/2816/2816 3789/3789/3789
f 3760/3760/3760 3533/3533/3533 2957/2957/2957
f 2348/2348/2348 3455/3455/3455 2619/2619/2619
f 3398/3398/3398 3907/3907/3907 2676/2676/2676
f 3180/3180/3180 4145/4145/4145 2469/2469/2469
f 2208/2208/2208 3179/3179/3179 3273/3273/3273
f 3613/3613/3613 2893/2893/2893 2918/2918/2918
f 2834/2834/2834 2415/2415/2415 3168/3168/3168
f 3131/3131/3131 4038/4038/4038 2957/2957/2957
f 2998/2998/2998 2835/2835/2835 2820/2820/2820
f 3377/3377/3377 2654/2654/2654 3924/3924/3924
f 4245/4245/4245 2759/2759/2759 2854/2854/2854
f 3188/3188/3188 3972/3972/3972 2962/2962/2962
f 2769/2769/2769 2622/2622/2622 3617/3617/3617
f 2872/2872/2872 4149/4149/4149 2388/2388/2388
f 3740/3740/3740 2679/2679/2679 2786/2786/2786
f 3768/3768/3768 2560/2560/2560 3641/3641/3641
f 2997/2997/2997 2702/2702/2702 3768/3768/3768
f 4186/4186/4186 4051/4051/4051 3739/3739/3739
f 3438/3438/3438 4064/4064/4064 2294/2294/2294
f 3543/3543/3543 4224/4224/4224 3435/3435/3435
f 2491/2491/2491 3063/3063/3063 3489/3489/3489
f 3306/3306/3306 2574/2574/2574 3882/3882/3882
f 2744/2744/2744 3521/3521/3521 3936/3936/3936
f 4019/4019/4019 4274/4274/4274 3083/3083/3083
f 3257/3257/3257 3934/3934/3934 3105/3105/3105
f 3678/3678/3678 3241/3241/3241 2927/2927/2927
f 3322/3322/3322 2300/2300/2300 3621/3621/3621
f 3505/3505/3505 2911/2911/2911 3379/3379/3379
f 2772/2772/2772 4295/4295/4295 2751/2751/2751
f 3507/3507/3507 3192/3192/3192 2591/2591/2591
f 3945/3945/3945 3485/3485/3485 2344/2344/2344
f 3523/3523/3523 3981/3981/3981 3024/3024/3024
f 4028/4028/4028 2738/2738/2738 3675/3675/3675
f 3341/3341/3341 2732/2732/2732 3554/3554/3554
f 3326/3326/3326 3270/3270/3270 4026/4026/4026
f 3808/3808/3808 2526/2526/2526 2331/2331/2331
f 4188/4188/4188 3742/3742/3742 3862/3862/3862
f 3810/3810/3810 2608/2608/2608 4210/4210/4210
f 3237/3237/3237 3633/3633/3633 3619/3619/3619
f 3018/3018/3018 2715/2715/2715 3521/3521/3521
f 3594/3594/3594 3957/3957/3957 3304/3304/3304
f 3251/3251/3251 2998/2998/2998 2820/2820/2820
f 3428/3428/3428 3444/3444/3444 2994/2994/2994
f 3576/3576/3576 2901/2901/2901 3921/3921/3921
f 2828/2828/2828 3815/3815/3815 3298/3298/3298
f 3661/3661/3661 3634/3634/3634 2500/2500/2500
f 3436/3436/3436 4056/4056/4056 3629/3629/3629
f 3053/3053/3053 3657/3657/3657 2551/2551/2551
f 2986/2986/2986 3197/3197/3197 3990/3990/3990
f 3632/3632/3632 4259/4259/4259 3202/3202/3202
f 2834/2834/2834 2209/2209/2209 3713/3713/3713
f 2512/2512/2512 2313/2313/2313 3542/3542/3542
f 4035/4035/4035 2627/2627/2627 2426/2426/2426
f 4175/4175/4175 3476/3476/3476 3442/3442/3442
f 2452/2452/2452 2542/2542/2542 3133/3133/3133
f 4015/4015/4015 2750/2750/2750 2633/2633/2633
f 3016/3016/3016 3997/3997/3997 4246/4246/4246
f 3953/3953/3953 3268/3268/3268 3456/3456/3456
f 2433/2433/2433 3112/3112/3112 3271/3271/3271
f 3689/3689/3689 3106/3106/3106 3303/3303/3303
f 2362/2362/2362 3412/3412/3412 3237/3237/3237
f 2415/2415/2415 3284/3284/3284 3168/3168/3168
f 3391/3391/3391 2498/2498/2498 4054/4054/4054
f 4000/4000/4000 2748/2748/2748 3898/3898/3898
f 4264/4264/4264 3562/3562/3562 2945/2945/2945
f 2228/2228/2228 3826/3826/3826 2745/2745/2745
f 3411/3411/3411 3364/3364/3364 4251/4251/4251
f 2591/2591/2591 3005/3005/3005 3996/3996/3996
f 3880/3880/3880 3981/3981/3981 3022/3022/3022
f 3334/3334/3334 3730/3730/3730 3250/3250/3250
f 2382/2382/2382 3527/3527/3527 3284/3284/3284
f 3744/3744/3744 2889/2889/2889 2279/2279/2279
f 2282/2282/2282 2283/2283/2283 4203/4203/4203
f 4242/4242/4242 2193/2193/2193 2530/2530/2530
f 4015/4015/4015 3200/3200/3200 3470/3470/3470
f 3205/3205/3205 2633/2633/2633 3951/3951/3951
f 2324/2324/2324 2342/2342/2342 2713/2713/2713
f 3840/3840/3840 2813/2813/2813 2327/2327/2327
f 3044/3044/3044 3908/3908/3908 2575/2575/2575
f 3561/3561/3561 2832/2832/2832 3653/3653/3653
f 3773/3773/3773 2617/2617/2617 2849/2849/2849
f 3510/3510/3510 4159/4159/4159 3722/3722/3722
f 3525/3525/3525 2593/2593/2593 2684/2684/2684
f 3980/3980/3980 2729/2729/2729 3538/3538/3538
f 2910/2910/2910 3857/3857/3857 3326/3326/3326
f 3204/3204/3204 3122/3122/3122 2801/2801/2801
f 3243/3243/3243 3139/3139/3139 2792/2792/2792
f 4110/4110/4110 3894/3894/3894 3870/3870/3870
f 4293/4293/4293 3667/3667/3667 3221/3221/3221
f 2806/2806/2806 2545/2545/2545 3897/3897/3897
f 2404/2404/2404 2438/2438/2438 3733/3733/3733
f 2833/2833/2833 3356/3356/3356 3754/3754/3754
f 2738/2738/2738 3491/3491/3491 4161/4161/4161
f 3587/3587/3587 3730/3730/3730 4077/4077/4077
f 2817/2817/2817 3540/3540/3540 2517/2517/2517
f 2767/2767/2767 3034/3034/3034 3225/3225/3225
f 2852/2852/2852 3525/3525/3525 2684/2684/2684
f 3153/3153/3153 3329/3329/3329 2900/2900/2900
f 3153/3153/3153 2900/2900/2900 2729/2729/2729
f 3344/3344/3344 2825/2825/2825 4132/4132/4132
f 2966/2966/2966 3346/3346/3346 2843/2843/2843
f 3564/3564/3564 2553/2553/2553 2311/2311/2311
f 2280/2280/2280 3515/3515/3515 2279/2279/2279
f 2741/2741/2741 3656/3656/3656 2189/2189/2189
f 3526/3526/3526 3320/3320/3320 3726/3726/3726
f 4252/4252/4252 3458/3458/3458 3931/3931/3931
f 3992/3992/3992 2310/2310/2310 3524/3524/3524
f 3590/3590/3590 4243/4243/4243 3321/3321/3321
f 3919/3919/3919 2542/2542/2542 3834/3834/3834
f 3232/3232/3232 4231/4231/4231 2430/2430/2430
f 3935/3935/3935 2979/2979/2979 2439/2439/2439
f 3050/3050/3050 2762/2762/2762 2241/2241/2241
f 3234/3234/3234 3608/3608/3608 3998/3998/3998
f 2851/2851/2851 2454/2454/2454 3382/3382/3382
f 3920/3920/3920 3895/3895/3895 4282/4282/4282
f 3821/3821/3821 3728/3728/3728 3482/3482/3482
f 4009/4009/4009 3896/3896/3896 2784/2784/2784
f 3311/3311/3311 4099/4099/4099 3236/3236/3236
f 2261/2261/2261 2730/2730/2730 2260/2260/2260
f 4039/4039/4039 3216/3216/3216 2612/2612/2612
f 3701/3701/3701 2973/2973/2973 2930/2930/2930
f 3853/3853/3853 2674/2674/2674 2933/2933/2933
f 2308/2308/2308 3991/3991/3991 4049/4049/4049
f 3536/3536/3536 3787/3787/3787 2325/2325/2325
f 3608/3608/3608 2536/2536/2536 2923/2923/2923
f 3729/3729/3729 3467/3467/3467 2630/2630/2630
f 3908/3908/3908 2866/2866/2866 3443/3443/3443
f 3243/3243/3243 4277/4277/4277 2803/2803/2803
f 3777/3777/3777 3698/3698/3698 3919/3919/3919
f 2891/2891/2891 2830/2830/2830 2683/2683/2683
f 2303/2303/2303 3611/3611/3611 3196/3196/3196
f 3222/3222/3222 2927/2927/2927 4213/4213/4213
f 4075/4075/4075 2359/2359/2359 3422/3422/3422
f 3739/3739/3739 2902/2902/2902 2798/2798/2798
f 2413/2413/2413 2400/2400/2400 2731/2731/2731
f 4271/4271/4271 2377/2377/2377 3637/3637/3637
f 3360/3360/3360 4263/4263/4263 3494/3494/3494
f 3569/3569/3569 3914/3914/3914 3208/3208/3208
f 2646/2646/2646 3999/3999/3999 3123/3123/3123
f 3144/3144/3144 2987/2987/2987 3863/3863/3863
f 4025/4025/4025 3058/3058/3058 3916/3916/3916
f 2425/2425/2425 4292/4292/4292 2741/2741/2741
f 3726/3726/3726 3656/3656/3656 3229/3229/3229
f 3723/3723/3723 2743/2743/2743 2517/2517/2517
f 3605/3605/3605 3176/3176/3176 2664/2664/2664
f 3521/3521/3521 2691/2691/2691 3936/3936/3936
f 2474/2474/2474 4076/4076/4076 3612/3612/3612
f 3786/3786/3786 2445/2445/2445 2495/2495/2495
f 3842/3842/3842 2472/2472/2472 2994/2994/2994
f 2319/2319/2319 3557/3557/3557 3160/3160/3160
f 4203/4203/4203 3875/3875/3875 3426/3426/3426
f 2968/2968/2968 2652/2652/2652 4279/4279/4279
f 2702/2702/2702 2997/2997/2997 4147/4147/4147
f 3534/3534/3534 3348/3348/3348 2159/2159/2159
f 3370/3370/3370 3945/3945/3945 2991/2991/2991
f 4230/4230/4230 3995/3995/3995 2749/2749/2749
f 3847/3847/3847 2926/2926/2926 3110/3110/3110
f 3969/3969/3969 3055/3055/3055 3087/3087/3087
f 3312/3312/3312 2946/2946/2946 3183/3183/3183
f 3521/3521/3521 2744/2744/2744 3018/3018/3018
f 3913/3913/3913 2620/2620/2620 3180/3180/3180
f 4118/4118/4118 2590/2590/2590 3816/3816/3816
f 3228/3228/3228 3557/3557/3557 2549/2549/2549
f 2938/2938/2938 3465/3465/3465 2599/2599/2599
f 2475/2475/2475 3855/3855/3855 4065/4065/4065
f 2880/2880/2880 2944/2944/2944 3001/3001/3001
f 2313/2313/2313 2535/2535/2535 3542/3542/3542
f 3657/3657/3657 4223/4223/4223 3508/3508/3508
f 2532/2532/2532 2465/2465/2465 3385/3385/3385
f 4002/4002/4002 3514/3514/3514 2612/2612/2612
f 3310/3310/3310 3453/3453/3453 3097/3097/3097
f 3170/3170/3170 3156/3156/3156 4096/4096/4096
f 2405/2405/2405 3951/3951/3951 2603/2603/2603
f 3251/3251/3251 3628/3628/3628 3495/3495/3495
f 3042/3042/3042 3971/3971/3971 2816/2816/2816
f 2915/2915/2915 3480/3480/3480 3886/3886/3886
f 2829/2829/2829 2922/2922/2922 3136/3136/3136
f 4052/4052/4052 2500/2500/2500 4078/4078/4078
f 3706/3706/3706 2297/2297/2297 3700/3700/3700
f 2525/2525/2525 2448/2448/2448 2502/2502/2502
f 3053/3053/3053 3387/3387/3387 3760/3760/3760
f 4007/4007/4007 4208/4208/4208 3044/3044/3044
f 2519/2519/2519 3262/3262/3262 3665/3665/3665
f 3102/3102/3102 4288/4288/4288 3684/3684/3684
f 3192/3192/3192 3005/3005/3005 2591/2591/2591
f 3217/3217/3217 3837/3837/3837 3512/3512/3512
f 4103/4103/4103 2746/2746/2746 3375/3375/3375
f 2277/2277/2277 3602/3602/3602 2276/2276/2276
f 3240/3240/3240 2398/2398/2398 3066/3066/3066
f 4239/4239/4239 2723/2723/2723 2613/2613/2613
f 2827/2827/2827 3937/3937/3937 3356/3356/3356
f 2205/2205/2205 2206/2206/2206 3579/3579/3579
f 3168/3168/3168 3140/3140/3140 3959/3959/3959
f 3274/3274/3274 2779/2779/2779 3683/3683/3683
f 4098/4098/4098 3045/3045/3045 3242/3242/3242
f 3477/3477/3477 3060/3060/3060 4285/4285/4285
f 3237/3237/3237 3412/3412/3412 3691/3691/3691
f 2976/2976/2976 3796/3796/3796 2795/2795/2795
f 2423/2423/2423 2831/2831/2831 3483/3483/3483
f 3866/3866/3866 2999/2999/2999 3828/3828/3828
f 2233/2233/2233 3590/3590/3590 2232/2232/2232
f 3292/3292/3292 3460/3460/3460 3651/3651/3651
f 2797/2797/2797 2663/2663/2663 3474/3474/3474
f 3528/3528/3528 2887/2887/2887 4172/4172/4172
f 2447/2447/2447 2539/2539/2539 3694/3694/3694
f 3310/3310/3310 3097/3097/3097 3988/3988/3988
f 3931/3931/3931 2408/2408/2408 3097/3097/3097
f 2448/2448/2448 4277/4277/4277 2502/2502/2502
f 3253/3253/3253 2968/2968/2968 4279/4279/4279
f 4294/4294/4294 4109/4109/4109 2255/2255/2255
f 3980/3980/3980 2955/2955/2955 3015/3015/3015
f 2342/2342/2342 3090/3090/3090 3215/3215/3215
f 3390/3390/3390 3788/3788/3788 3357/3357/3357
f 4195/4195/4195 4117/4117/4117 2201/2201/2201
f 3250/3250/3250 3949/3949/3949 2402/2402/2402
f 4151/4151/4151 2985/2985/2985 3457/3457/3457
f 3563/3563/3563 3035/3035/3035 3248/3248/3248
f 3176/3176/3176 3478/3478/3478 2664/2664/2664
f 3723/3723/3723 2517/2517/2517 3429/3429/3429
f 3570/3570/3570 2420/2420/2420 4043/4043/4043
f 3736/3736/3736 4107/4107/4107 3256/3256/3256
f 4253/4253/4253 3090/3090/3090 3546/3546/3546
f 2884/2884/2884 2297/2297/2297 3706/3706/3706
f 3393/3393/3393 4122/4122/4122 3692/3692/3692
f 3269/3269/3269 2846/2846/2846 4222/4222/4222
f 2351/2351/2351 2694/2694/2694 3745/3745/3745
f 3290/3290/3290 3401/3401/3401 2947/2947/2947
f 3438/3438/3438 3469/3469/3469 2666/2666/2666
f 4055/4055/4055 3374/3374/3374 2470/2470/2470
f 3585/3585/3585 3738/3738/3738 3261/3261/3261
f 2545/2545/2545 2806/2806/2806 3460/3460/3460
f 4186/4186/4186 3739/3739/3739 3925/3925/3925
f 3092/3092/3092 4285/4285/4285 3134/3134/3134
f 2430/2430/2430 2553/2553/2553 3759/3759/3759
f 3679/3679/3679 2731/2731/2731 2513/2513/2513
f 2810/2810/2810 2647/2647/2647 2882/2882/2882
f 3046/3046/3046 3122/3122/3122 3423/3423/3423
f 3901/3901/3901 3671/3671/3671 3355/3355/3355
f 2791/2791/2791 2458/2458/2458 4062/4062/4062
f 2234/2234/2234 4155/4155/4155 2233/2233/2233
f 3122/3122/3122 3046/3046/3046 2801/2801/2801
f 2873/2873/2873 2412/2412/2412 2995/2995/2995
f 4080/4080/4080 3007/3007/3007 2672/2672/2672
f 2565/2565/2565 2965/2965/2965 4092/4092/4092
f 3171/3171/3171 4023/4023/4023 3419/3419/3419
f 2439/2439/2439 2641/2641/2641 3935/3935/3935
f 3213/3213/3213 4214/4214/4214 2641/2641/2641
f 3435/3435/3435 2778/2778/2778 3682/3682/3682
f 3305/3305/3305 3807/3807/3807 2855/2855/2855
f 3329/3329/3329 2374/2374/2374 3592/3592/3592
f 4109/4109/4109 2790/2790/2790 2254/2254/2254
f 2516/2516/2516 2771/2771/2771 2965/2965/2965
f 3942/3942/3942 2655/2655/2655 3644/3644/3644
f 4162/4162/4162 4123/4123/4123 3971/3971/3971
f 2950/2950/2950 3568/3568/3568 3482/3482/3482
f 2460/2460/2460 2308/2308/2308 4049/4049/4049
f 3001/3001/3001 4081/4081/4081 3259/3259/3259
f 2524/2524/2524 2502/2502/2502 2819/2819/2819
f 3808/3808/3808 3695/3695/3695 2526/2526/2526
f 3798/3798/3798 3630/3630/3630 3589/3589/3589
f 3588/3588/3588 4049/4049/4049 3373/3373/3373
f 2711/2711/2711 3113/3113/3113 3301/3301/3301
f 2498/2498/2498 4263/4263/4263 3360/3360/3360
f 3530/3530/3530 3240/3240/3240 3908/3908/3908
f 2326/2326/2326 3814/3814/3814 3193/3193/3193
f 3350/3350/3350 2857/2857/2857 2432/2432/2432
f 3310/3310/3310 3902/3902/3902 2706/2706/2706
f 3404/3404/3404 2257/2257/2257 2523/2523/2523
f 2947/2947/2947 3856/3856/3856 2511/2511/2511
f 2339/2339/2339 4126/4126/4126 3181/3181/3181
f 3738/3738/3738 3197/3197/3197 2305/2305/2305
f 3422/3422/3422 3676/3676/3676 3715/3715/3715
f 3474/3474/3474 2663/2663/2663 4111/4111/4111
f 2489/2489/2489 2637/2637/2637 2390/2390/2390
f 4045/4045/4045 4021/4021/4021 2486/2486/2486
f 3348/3348/3348 4218/4218/4218 3164/3164/3164
f 2380/2380/2380 3571/3571/3571 3415/3415/3415
f 2780/2780/2780 2566/2566/2566 2606/2606/2606
f 4220/4220/4220 3505/3505/3505 3265/3265/3265
f 3039/3039/3039 2295/2295/2295 2406/2406/2406
f 3114/3114/3114 2341/2341/2341 4240/4240/4240
f 3382/3382/3382 2397/2397/2397 2481/2481/2481
f 3433/3433/3433 2232/2232/2232 3987/3987/3987
f 3412/3412/3412 3106/3106/3106 3680/3680/3680
f 3178/3178/3178 4262/4262/4262 3666/3666/3666
f 3922/3922/3922 2388/2388/2388 2504/2504/2504
f 2504/2504/2504 2388/2388/2388 3320/3320/3320
f 4059/4059/4059 2953/2953/2953 3678/3678/3678
f 2596/2596/2596 2499/2499/2499 4243/4243/4243
f 2621/2621/2621 4141/4141/4141 3277/3277/3277
f 3277/3277/3277 2452/2452/2452 3133/3133/3133
f 3598/3598/3598 2621/2621/2621 3277/3277/3277
f 3609/3609/3609 3605/3605/3605 2664/2664/2664
f 3234/3234/3234 3879/3879/3879 2616/2616/2616
f 4159/4159/4159 3510/3510/3510 3615/3615/3615
f 2845/2845/2845 3077/3077/3077 3893/3893/3893
f 2507/2507/2507 3206/3206/3206 3448/3448/3448
f 3243/3243/3243 2792/2792/2792 3264/3264/3264
f 4106/4106/4106 2703/2703/2703 2583/2583/2583
f 2908/2908/2908 3528/3528/3528 3475/3475/3475
f 3835/3835/3835 2437/2437/2437 2592/2592/2592
f 3688/3688/3688 2335/2335/2335 3619/3619/3619
f 2484/2484/2484 3328/3328/3328 2771/2771/2771
f 2392/2392/2392 2455/2455/2455 3219/3219/3219
f 2539/2539/2539 2447/2447/2447 4276/4276/4276
f 4180/4180/4180 4065/4065/4065 2959/2959/2959
f 4292/4292/4292 3656/3656/3656 2741/2741/2741
f 3038/3038/3038 3765/3765/3765 3610/3610/3610
f 3779/3779/3779 2496/2496/2496 3045/3045/3045
f 3104/3104/3104 3864/3864/3864 3575/3575/3575
f 3425/3425/3425 2926/2926/2926 3959/3959/3959
f 3741/3741/3741 3599/3599/3599 3175/3175/3175
f 3351/3351/3351 3743/3743/3743 3218/3218/3218
f 3408/3408/3408 2574/2574/2574 3125/3125/3125
f 3914/3914/3914 3710/3710/3710 3622/3622/3622
f 4013/4013/4013 3884/3884/3884 2580/2580/2580
f 2167/2167/2167 3335/3335/3335 2166/2166/2166
f 2630/2630/2630 3467/3467/3467 3752/3752/3752
f 3175/3175/3175 4241/4241/4241 3901/3901/3901
f 3472/3472/3472 2948/2948/2948 2520/2520/2520
f 3269/3269/3269 2503/2503/2503 4217/4217/4217
f 2836/2836/2836 3818/3818/3818 2826/2826/2826
f 4284/4284/4284 3338/3338/3338 2213/2213/2213
f 2548/2548/2548 2299/2299/2299 3052/3052/3052
f 4075/4075/4075 3672/3672/3672 2566/2566/2566
f 3302/3302/3302 3282/3282/3282 2790/2790/2790
f 3403/3403/3403 2790/2790/2790 3797/3797/3797
f 3642/3642/3642 3475/3475/3475 2898/2898/2898
f 3191/3191/3191 3886/3886/3886 3480/3480/3480
f 2561/2561/2561 4222/4222/4222 2401/2401/2401
f 2356/2356/2356 4010/4010/4010 3520/3520/3520
f 2527/2527/2527 2422/2422/2422 3384/3384/3384
f 3003/3003/3003 3177/3177/3177 3862/3862/3862
f 3346/3346/3346 4020/4020/4020 2843/2843/2843
f 3123/3123/3123 3767/3767/3767 3072/3072/3072
f 3145/3145/3145 3041/3041/3041 4220/4220/4220
f 3230/3230/3230 3160/3160/3160 3121/3121/3121
f 2600/2600/2600 4020/4020/4020 4216/4216/4216
f 2317/2317/2317 2481/2481/2481 2397/2397/2397
f 2529/2529/2529 3725/3725/3725 2716/2716/2716
f 3102/3102/3102 3684/3684/3684 3685/3685/3685
f 2158/2158/2158 2159/2159/2159 4102/4102/4102
f 2650/2650/2650 2156/2156/2156 3317/3317/3317
f 2441/2441/2441 3774/3774/3774 2358/2358/2358
f 2943/2943/2943 3142/3142/3142 2457/2457/2457
f 3144/3144/3144 3863/3863/3863 3664/3664/3664
f 4247/4247/4247 3925/3925/3925 2561/2561/2561
f 3375/3375/3375 3743/3743/3743 3351/3351/3351
f 3421/3421/3421 2273/2273/2273 3026/3026/3026
f 2727/2727/2727 3117/3117/3117 2419/2419/2419
f 3836/3836/3836 3393/3393/3393 3645/3645/3645
f 3653/3653/3653 4215/4215/4215 3324/3324/3324
f 3050/3050/3050 2978/2978/2978 3716/3716/3716
f 3066/3066/3066 4118/4118/4118 2866/2866/2866
f 3177/3177/3177 3124/3124/3124 4188/4188/4188
f 3375/3375/3375 4178/4178/4178 4103/4103/4103
f 3017/3017/3017 3784/3784/3784 4168/4168/4168
f 3057/3057/3057 3974/3974/3974 3182/3182/3182
f 3686/3686/3686 3182/3182/3182 2787/2787/2787
f 2184/2184/2184 3541/3541/3541 2631/2631/2631
f 2477/2477/2477 3788/3788/3788 3064/3064/3064
f 3947/3947/3947 2569/2569/2569 3778/3778/3778
f 3328/3328/3328 2861/2861/2861 3159/3159/3159
f 2316/2316/2316 2826/2826/2826 4076/4076/4076
f 2217/2217/2217 2218/2218/2218 3632/3632/3632
f 4073/4073/4073 2315/2315/2315 3850/3850/3850
f 2933/2933/2933 3885/3885/3885 4199/4199/4199
f 4259/4259/4259 4058/4058/4058 2720/2720/2720
f 3955/3955/3955 2536/2536/2536 4086/4086/4086
f 3362/3362/3362 2413/2413/2413 2731/2731/2731
f 3827/3827/3827 3691/3691/3691 2870/2870/2870
f 3790/3790/3790 2196/2196/2196 2197/2197/2197
f 3119/3119/3119 4269/4269/4269 3989/3989/3989
f 2220/2220/2220 4132/4132/4132 3120/3120/3120
f 2321/2321/2321 3920/3920/3920 2414/2414/2414
f 4170/4170/4170 4138/4138/4138 2349/2349/2349
f 2992/2992/2992 3543/3543/3543 4034/4034/4034
f 3267/3267/3267 3566/3566/3566 3695/3695/3695
f 2436/2436/2436 3600/3600/3600 4108/4108/4108
f 4281/4281/4281 3418/3418/3418 4128/4128/4128
f 2386/2386/2386 2533/2533/2533 3737/3737/3737
f 4236/4236/4236 4173/4173/4173 4127/4127/4127
f 2172/2172/2172 2638/2638/2638 2171/2171/2171
f 3663/3663/3663 2598/2598/2598 3252/3252/3252
f 2755/2755/2755 3158/3158/3158 2623/2623/2623
f 3751/3751/3751 4234/4234/4234 3137/3137/3137
f 3649/3649/3649 3810/3810/3810 3996/3996/3996
f 2646/2646/2646 2531/2531/2531 3202/3202/3202
f 3498/3498/3498 2923/2923/2923 4248/4248/4248
f 2533/2533/2533 2386/2386/2386 2182/2182/2182
f 4287/4287/4287 4105/4105/4105 3781/3781/3781
f 3535/3535/3535 3109/3109/3109 3516/3516/3516
f 4258/4258/4258 3391/3391/3391 2838/2838/2838
f 3317/3317/3317 3114/3114/3114 4240/4240/4240
f 2608/2608/2608 2547/2547/2547 3349/3349/3349
f 2901/2901/2901 3576/3576/3576 3481/3481/3481
f 3495/3495/3495 2648/2648/2648 3195/3195/3195
f 2484/2484/2484 2877/2877/2877 2811/2811/2811
f 2614/2614/2614 2347/2347/2347 2367/2367/2367
f 3874/3874/3874 2614/2614/2614 2424/2424/2424
f 2491/2491/2491 3870/3870/3870 3063/3063/3063
f 3378/3378/3378 2789/2789/2789 2247/2247/2247
f 2913/2913/2913 3149/3149/3149 2392/2392/2392
f 3602/3602/3602 2920/2920/2920 3048/3048/3048
f 3505/3505/3505 4220/4220/4220 3041/3041/3041
f 2500/2500/2500 3553/3553/3553 4078/4078/4078
f 3463/3463/3463 4115/4115/4115 3499/3499/3499
f 3251/3251/3251 3195/3195/3195 3755/3755/3755
f 3001/3001/3001 2944/2944/2944 4036/4036/4036
f 3297/3297/3297 2685/2685/2685 4155/4155/4155
f 3190/3190/3190 3861/3861/3861 3804/3804/3804
f 3408/3408/3408 3125/3125/3125 3383/3383/3383
f 3508/3508/3508 3003/3003/3003 3927/3927/3927
f 2339/2339/2339 2445/2445/2445 3243/3243/3243
f 3000/3000/3000 3508/3508/3508 3127/3127/3127
f 2890/2890/2890 4289/4289/4289 4041/4041/4041
f 3819/3819/3819 3521/3521/3521 2951/2951/2951
f 4249/4249/4249 2692/2692/2692 2338/2338/2338
f 3184/3184/3184 2871/2871/2871 4286/4286/4286
f 2635/2635/2635 2921/2921/2921 3542/3542/3542
f 2518/2518/2518 4110/4110/4110 3778/3778/3778
f 3342/3342/3342 3772/3772/3772 4136/4136/4136
f 2605/2605/2605 2160/2160/2160 2161/2161/2161
f 3165/3165/3165 3544/3544/3544 2496/2496/2496
f 3520/3520/3520 3523/3523/3523 2768/2768/2768
f 3830/3830/3830 2786/2786/2786 2679/2679/2679
f 4249/4249/4249 2338/2338/2338 3184/3184/3184
f 2411/2411/2411 2926/2926/2926 3425/3425/3425
f 3424/3424/3424 2766/2766/2766 2469/2469/2469
f 3835/3835/3835 2266/2266/2266 3392/3392/3392
f 2963/2963/2963 3400/3400/3400 2904/2904/2904
f 3996/3996/3996 3810/3810/3810 3792/3792/3792
f 3912/3912/3912 2568/2568/2568 2970/2970/2970
f 3176/3176/3176 2493/2493/2493 4160/4160/4160
f 2874/2874/2874 3721/3721/3721 2916/2916/2916
f 4274/4274/4274 2949/2949/2949 2711/2711/2711
f 3395/3395/3395 3930/3930/3930 2435/2435/2435
f 4042/4042/4042 3511/3511/3511 3688/3688/3688
f 3727/3727/3727 3244/3244/3244 3487/3487/3487
f 3177/3177/3177 4188/4188/4188 3862/3862/3862
f 3003/3003/3003 2595/2595/2595 3927/3927/3927
f 3355/3355/3355 3175/3175/3175 3901/3901/3901
f 3695/3695/3695 2757/2757/2757 2526/2526/2526
f 3979/3979/3979 2466/2466/2466 3402/3402/3402
f 3689/3689/3689 3303/3303/3303 3366/3366/3366
f 3984/3984/3984 3856/3856/3856 3732/3732/3732
f 2511/2511/2511 3856/3856/3856 3984/3984/3984
f 2256/2256/2256 2257/2257/2257 3340/3340/3340
f 3654/3654/3654 2937/2937/2937 3107/3107/3107
f 2519/2519/2519 2366/2366/2366 3262/3262/3262
f 3650/3650/3650 2973/2973/2973 4250/4250/4250
f 2468/2468/2468 2971/2971/2971 3226/3226/3226
f 3074/3074/3074 3753/3753/3753 3404/3404/3404
f 3732/3732/3732 2730/2730/2730 2675/2675/2675
f 2253/2253/2253 2254/2254/2254 3403/3403/3403
f 3582/3582/3582 3706/3706/3706 3070/3070/3070
f 3086/3086/3086 2344/2344/2344 2450/2450/2450
f 3427/3427/3427 3561/3561/3561 3324/3324/3324
f 3046/3046/3046 2657/2657/2657 3805/3805/3805
f 3979/3979/3979 2366/2366/2366 2466/2466/2466
f 2432/2432/2432 2857/2857/2857 3452/3452/3452
f 3073/3073/3073 3306/3306/3306 3882/3882/3882
f 3334/3334/3334 4184/4184/4184 3166/3166/3166
f 3650/3650/3650 3643/3643/3643 2973/2973/2973
f 2735/2735/2735 2965/2965/2965 2565/2565/2565
f 3158/3158/3158 3151/3151/3151 2528/2528/2528
f 3410/3410/3410 3475/3475/3475 3642/3642/3642
f 2225/2225/2225 2226/2226/2226 2940/2940/2940
f 3833/3833/3833 3595/3595/3595 2229/2229/2229
f 3237/3237/3237 2688/2688/2688 2362/2362/2362
f 3680/3680/3680 3638/3638/3638 2868/2868/2868
f 4124/4124/4124 3413/3413/3413 2618/2618/2618
f 4210/4210/4210 3751/3751/3751 2665/2665/2665
f 4090/4090/4090 2510/2510/2510 3812/3812/3812
f 4129/4129/4129 3867/3867/3867 3037/3037/3037
f 3315/3315/3315 2457/2457/2457 2605/2605/2605
f 3631/3631/3631 2656/2656/2656 2740/2740/2740
f 2174/2174/2174 3272/3272/3272 2173/2173/2173
f 3781/3781/3781 4174/4174/4174 4287/4287/4287
f 2298/2298/2298 2489/2489/2489 3407/3407/3407
f 2371/2371/2371 3769/3769/3769 4093/4093/4093
f 3150/3150/3150 4130/4130/4130 2318/2318/2318
f 2425/2425/2425 3330/3330/3330 4292/4292/4292
f 2778/2778/2778 4023/4023/4023 3171/3171/3171
f 3387/3387/3387 3053/3053/3053 3972/3972/3972
f 2431/2431/2431 2989/2989/2989 3151/3151/3151
f 2876/2876/2876 2702/2702/2702 4147/4147/4147
f 3888/3888/3888 3668/3668/3668 2935/2935/2935
f 3112/3112/3112 3336/3336/3336 3316/3316/3316
f 3313/3313/3313 2876/2876/2876 4147/4147/4147
f 3209/3209/3209 4168/4168/4168 2748/2748/2748
f 2459/2459/2459 2499/2499/2499 3920/3920/3920
f 4204/4204/4204 2640/2640/2640 3502/3502/3502
f 2399/2399/2399 4027/4027/4027 2728/2728/2728
f 4157/4157/4157 3933/3933/3933 2959/2959/2959
f 3713/3713/3713 2209/2209/2209 2210/2210/2210
f 3849/3849/3849 3847/3847/3847 3579/3579/3579
f 2336/2336/2336 2361/2361/2361 3280/3280/3280
f 3350/3350/3350 3089/3089/3089 2373/2373/2373
f 2610/2610/2610 3427/3427/3427 3199/3199/3199
f 2672/2672/2672 3007/3007/3007 3842/3842/3842
f 2372/2372/2372 3793/3793/3793 3851/3851/3851
f 3549/3549/3549 4022/4022/4022 4264/4264/4264
f 3949/3949/3949 3587/3587/3587 2826/2826/2826
f 3531/3531/3531 3536/3536/3536 2862/2862/2862
f 2892/2892/2892 3992/3992/3992 3345/3345/3345
f 3213/3213/3213 2285/2285/2285 2286/2286/2286
f 3861/3861/3861 2999/2999/2999 3804/3804/3804
f 4155/4155/4155 3590/3590/3590 2233/2233/2233
f 2267/2267/2267 2522/2522/2522 3392/3392/3392
f 2487/2487/2487 2850/2850/2850 2935/2935/2935
f 2966/2966/2966 2221/2221/2221 2222/2222/2222
f 2615/2615/2615 2600/2600/2600 4251/4251/4251
f 2442/2442/2442 2428/2428/2428 4266/4266/4266
f 3773/3773/3773 2978/2978/2978 3627/3627/3627
f 3156/3156/3156 2301/2301/2301 3983/3983/3983
f 3397/3397/3397 2518/2518/2518 3187/3187/3187
f 2607/2607/2607 3962/3962/3962 4074/4074/4074
f 3780/3780/3780 2658/2658/2658 4056/4056/4056
f 3348/3348/3348 3534/3534/3534 2457/2457/2457
f 2683/2683/2683 2638/2638/2638 2891/2891/2891
f 3186/3186/3186 3906/3906/3906 2410/2410/2410
f 2666/2666/2666 2886/2886/2886 4064/4064/4064
f 3465/3465/3465 2569/2569/2569 3947/3947/3947
f 4275/4275/4275 3893/3893/3893 3077/3077/3077
f 2859/2859/2859 3923/3923/3923 2198/2198/2198
f 3757/3757/3757 2199/2199/2199 2200/2200/2200
f 4123/4123/4123 3825/3825/3825 2808/2808/2808
f 3365/3365/3365 4138/4138/4138 2588/2588/2588
f 2243/2243/2243 3434/3434/3434 2969/2969/2969
f 3583/3583/3583 4233/4233/4233 3292/3292/3292
f 3663/3663/3663 2421/2421/2421 3145/3145/3145
f 3206/3206/3206 2812/2812/2812 3817/3817/3817
f 3973/3973/3973 3341/3341/3341 4273/4273/4273
f 3770/3770/3770 3580/3580/3580 2864/2864/2864
f 4096/4096/4096 3075/3075/3075 3867/3867/3867
f 2718/2718/2718 4019/4019/4019 4201/4201/4201
f 3055/3055/3055 3969/3969/3969 4211/4211/4211
f 4125/4125/4125 4175/4175/4175 4272/4272/4272
f 3949/3949/3949 3447/3447/3447 2402/2402/2402
f 3361/3361/3361 2471/2471/2471 3612/3612/3612
f 3455/3455/3455 3514/3514/3514 3560/3560/3560
f 3558/3558/3558 2845/2845/2845 3893/3893/3893
f 3588/3588/3588 3445/3445/3445 3096/3096/3096
f 2674/2674/2674 2766/2766/2766 3424/3424/3424
f 4272/4272/4272 3518/3518/3518 3978/3978/3978
f 4026/4026/4026 3841/3841/3841 3565/3565/3565
f 2332/2332/2332 2579/2579/2579 3221/3221/3221
f 3096/3096/3096 4089/4089/4089 2974/2974/2974
f 3300/3300/3300 4134/4134/4134 4235/4235/4235
f 2288/2288/2288 3684/3684/3684 4154/4154/4154
f 3663/3663/3663 3524/3524/3524 3557/3557/3557
f 2319/2319/2319 3160/3160/3160 3230/3230/3230
f 2309/2309/2309 3750/3750/3750 2713/2713/2713
f 3071/3071/3071 2601/2601/2601 3986/3986/3986
f 3845/3845/3845 2534/2534/2534 2839/2839/2839
f 4275/4275/4275 3398/3398/3398 3893/3893/3893
f 3268/3268/3268 4290/4290/4290 3456/3456/3456
f 2824/2824/2824 3932/3932/3932 3294/3294/3294
f 2658/2658/2658 3780/3780/3780 2425/2425/2425
f 4047/4047/4047 3812/3812/3812 2510/2510/2510
f 2554/2554/2554 2857/2857/2857 4120/4120/4120
f 4171/4171/4171 2311/2311/2311 4231/4231/4231
f 2669/2669/2669 3675/3675/3675 3144/3144/3144
f 3079/3079/3079 3696/3696/3696 3765/3765/3765
f 3148/3148/3148 2767/2767/2767 2643/2643/2643
f 4175/4175/4175 2863/2863/2863 3648/3648/3648
f 2216/2216/2216 2217/2217/2217 3246/3246/3246
f 3622/3622/3622 2377/2377/2377 3010/3010/3010
f 2514/2514/2514 2614/2614/2614 2367/2367/2367
f 4024/4024/4024 3944/3944/3944 3193/3193/3193
f 3589/3589/3589 2949/2949/2949 2718/2718/2718
f 4200/4200/4200 2395/2395/2395 2360/2360/2360
f 4242/4242/4242 3938/3938/3938 3629/3629/3629
f 2193/2193/2193 4242/4242/4242 2192/2192/2192
f 3377/3377/3377 3081/3081/3081 4169/4169/4169
f 2518/2518/2518 3397/3397/3397 4110/4110/4110
f 2303/2303/2303 3462/3462/3462 4021/4021/4021
f 2403/2403/2403 4210/4210/4210 2665/2665/2665
f 3816/3816/3816 2497/2497/2497 3443/3443/3443
f 2590/2590/2590 3674/3674/3674 2573/2573/2573
f 3402/3402/3402 2794/2794/2794 3845/3845/3845
f 2370/2370/2370 3708/3708/3708 3020/3020/3020
f 3370/3370/3370 3659/3659/3659 4234/4234/4234
f 2322/2322/2322 3517/3517/3517 4083/4083/4083
f 3550/3550/3550 3464/3464/3464 2538/2538/2538
f 4144/4144/4144 3146/3146/3146 4108/4108/4108
f 3932/3932/3932 3717/3717/3717 2796/2796/2796
f 3806/3806/3806 4205/4205/4205 4177/4177/4177
f 3827/3827/3827 2870/2870/2870 3396/3396/3396
f 3880/3880/3880 2520/2520/2520 3337/3337/3337
f 3319/3319/3319 3843/3843/3843 3926/3926/3926
f 3439/3439/3439 4035/4035/4035 3203/3203/3203
f 3784/3784/3784 3672/3672/3672 3422/3422/3422
f 2994/2994/2994 2797/2797/2797 3428/3428/3428
f 3253/3253/3253 2606/2606/2606 2566/2566/2566
f 3549/3549/3549 4264/4264/4264 2945/2945/2945
f 3556/3556/3556 4106/4106/4106 2239/2239/2239
f 4100/4100/4100 2237/2237/2237 2238/2238/2238
f 2322/2322/2322 2656/2656/2656 2785/2785/2785
f 3022/3022/3022 3437/3437/3437 3405/3405/3405
f 2428/2428/2428 3512/3512/3512 3837/3837/3837
f 4211/4211/4211 3969/3969/3969 3777/3777/3777
f 3655/3655/3655 4033/4033/4033 3239/3239/3239
f 2803/2803/2803 3594/3594/3594 3304/3304/3304
f 3191/3191/3191 4062/4062/4062 3918/3918/3918
f 3355/3355/3355 4278/4278/4278 3741/3741/3741
f 3800/3800/3800 2956/2956/2956 2473/2473/2473
f 3573/3573/3573 3576/3576/3576 3921/3921/3921
f 3793/3793/3793 3800/3800/3800 3851/3851/3851
f 3851/3851/3851 3800/3800/3800 2473/2473/2473
f 4287/4287/4287 2509/2509/2509 2929/2929/2929
f 2795/2795/2795 3416/3416/3416 4071/4071/4071
f 2487/2487/2487 3905/3905/3905 2850/2850/2850
f 3474/3474/3474 4150/4150/4150 3614/3614/3614
f 3254/3254/3254 4240/4240/4240 2341/2341/2341
f 3906/3906/3906 2707/2707/2707 2410/2410/2410
f 2356/2356/2356 2503/2503/2503 2928/2928/2928
f 3006/3006/3006 2379/2379/2379 4154/4154/4154
f 3876/3876/3876 2788/2788/2788 2413/2413/2413
f 3814/3814/3814 3128/3128/3128 2752/2752/2752
f 3150/3150/3150 2562/2562/2562 4229/4229/4229
f 3118/3118/3118 2918/2918/2918 3681/3681/3681
f 3983/3983/3983 3577/3577/3577 2759/2759/2759
f 2677/2677/2677 2939/2939/2939 2512/2512/2512
f 2499/2499/2499 2596/2596/2596 2823/2823/2823
f 3585/3585/3585 2699/2699/2699 3441/3441/3441
f 2833/2833/2833 2538/2538/2538 3058/3058/3058
f 4253/4253/4253 3546/3546/3546 4197/4197/4197
f 2384/2384/2384 2226/2226/2226 2227/2227/2227
f 2764/2764/2764 3231/3231/3231 3297/3297/3297
f 3733/3733/3733 3620/3620/3620 3479/3479/3479
f 3194/3194/3194 2700/2700/2700 3484/3484/3484
f 3494/3494/3494 2558/2558/2558 4230/4230/4230
f 3588/3588/3588 2460/2460/2460 4049/4049/4049
f 2942/2942/2942 2672/2672/2672 2775/2775/2775
f 3139/3139/3139 3243/3243/3243 2803/2803/2803
f 2655/2655/2655 3366/3366/3366 3848/3848/3848
f 4121/4121/4121 3848/3848/3848 3522/3522/3522
f 2407/2407/2407 4154/4154/4154 3684/3684/3684
f 2409/2409/2409 2886/2886/2886 2666/2666/2666
f 3227/3227/3227 3624/3624/3624 2810/2810/2810
f 3169/3169/3169 3500/3500/3500 4265/4265/4265
f 4242/4242/4242 3629/3629/3629 2192/2192/2192
f 3883/3883/3883 3083/3083/3083 3307/3307/3307
f 3749/3749/3749 2402/2402/2402 3447/3447/3447
f 3190/3190/3190 3655/3655/3655 2851/2851/2851
f 4007/4007/4007 2575/2575/2575 4005/4005/4005
f 3319/3319/3319 3859/3859/3859 3456/3456/3456
f 3321/3321/3321 4243/4243/4243 2499/2499/2499
f 3249/3249/3249 3173/3173/3173 2454/2454/2454
f 3457/3457/3457 2859/2859/2859 2364/2364/2364
f 3363/3363/3363 3885/3885/3885 2933/2933/2933
f 3120/3120/3120 4132/4132/4132 2825/2825/2825
f 4000/4000/4000 3871/3871/3871 3743/3743/3743
f 3155/3155/3155 2742/2742/2742 2497/2497/2497
f 3026/3026/3026 2273/2273/2273 2274/2274/2274
f 2725/2725/2725 3797/3797/3797 3088/3088/3088
f 2242/2242/2242 2969/2969/2969 4095/4095/4095
f 3946/3946/3946 3774/3774/3774 2164/2164/2164
f 3289/3289/3289 3523/3523/3523 2547/2547/2547
f 3000/3000/3000 3124/3124/3124 3177/3177/3177
f 3267/3267/3267 4183/4183/4183 3566/3566/3566
f 3359/3359/3359 2474/2474/2474 3029/3029/3029
f 3029/3029/3029 3612/3612/3612 2471/2471/2471
f 2945/2945/2945 3235/3235/3235 2852/2852/2852
f 2480/2480/2480 2351/2351/2351 3616/3616/3616
f 3950/3950/3950 2514/2514/2514 3275/3275/3275
f 3146/3146/3146 4057/4057/4057 2482/2482/2482
f 2250/2250/2250 2251/2251/2251 4135/4135/4135
f 2864/2864/2864 3580/3580/3580 4008/4008/4008
f 3008/3008/3008 3825/3825/3825 4237/4237/4237
f 3425/3425/3425 3140/3140/3140 2501/2501/2501
f 3468/3468/3468 2839/2839/2839 2534/2534/2534
f 3572/3572/3572 3742/3742/3742 2632/2632/2632
f 4012/4012/4012 3514/3514/3514 3455/3455/3455
f 2478/2478/2478 3455/3455/3455 4097/4097/4097
f 3758/3758/3758 2469/2469/2469 2766/2766/2766
f 3853/3853/3853 2766/2766/2766 2674/2674/2674
f 3374/3374/3374 4055/4055/4055 2344/2344/2344
f 3814/3814/3814 3134/3134/3134 3193/3193/3193
f 4215/4215/4215 4233/4233/4233 3324/3324/3324
f 3220/3220/3220 3427/3427/3427 2934/2934/2934
f 4189/4189/4189 3102/3102/3102 3685/3685/3685
f 3348/3348/3348 2457/2457/2457 2800/2800/2800
f 3269/3269/3269 3014/3014/3014 2503/2503/2503
f 3649/3649/3649 3005/3005/3005 2727/2727/2727
f 4041/4041/4041 4029/4029/4029 3479/3479/3479
f 2532/2532/2532 3295/3295/3295 2981/2981/2981
f 3275/3275/3275 2587/2587/2587 3950/3950/3950
f 3552/3552/3552 2861/2861/2861 3635/3635/3635
f 3472/3472/3472 2520/2520/2520 3646/3646/3646
f 3137/3137/3137 3892/3892/3892 2665/2665/2665
f 3213/3213/3213 2641/2641/2641 2439/2439/2439
f 3515/3515/3515 2389/2389/2389 3697/3697/3697
f 3823/3823/3823 2908/2908/2908 2896/2896/2896
f 4143/4143/4143 4126/4126/4126 4080/4080/4080
f 3852/3852/3852 2423/2423/2423 2883/2883/2883
f 3656/3656/3656 4292/4292/4292 3229/3229/3229
f 3010/3010/3010 2377/2377/2377 4271/4271/4271
f 3179/3179/3179 2208/2208/2208 3873/3873/3873
f 3279/3279/3279 3948/3948/3948 2265/2265/2265
f 4009/4009/4009 2958/2958/2958 3532/3532/3532
f 3353/3353/3353 3220/3220/3220 2934/2934/2934
f 2624/2624/2624 2621/2621/2621 2823/2823/2823
f 3501/3501/3501 3530/3530/3530 3965/3965/3965
f 3665/3665/3665 2912/2912/2912 2519/2519/2519
f 3749/3749/3749 3447/3447/3447 2316/2316/2316
f 2387/2387/2387 4032/4032/4032 3365/3365/3365
f 2775/2775/2775 3842/3842/3842 2994/2994/2994
f 3326/3326/3326 3857/3857/3857 3270/3270/3270
f 3604/3604/3604 2983/2983/2983 3172/3172/3172
f 3755/3755/3755 3639/3639/3639 2998/2998/2998
f 2158/2158/2158 2668/2668/2668 3114/3114/3114
f 4218/4218/4218 2800/2800/2800 3659/3659/3659
f 2378/2378/2378 2411/2411/2411 3163/3163/3163
f 2559/2559/2559 2749/2749/2749 3579/3579/3579
f 2479/2479/2479 2563/2563/2563 4060/4060/4060
f 3201/3201/3201 2691/2691/2691 3819/3819/3819
f 3978/3978/3978 3960/3960/3960 2849/2849/2849
f 3598/3598/3598 3277/3277/3277 3043/3043/3043
f 2257/2257/2257 2258/2258/2258 2523/2523/2523
f 4256/4256/4256 3538/3538/3538 4099/4099/4099
f 3089/3089/3089 4171/4171/4171 2373/2373/2373
f 3902/3902/3902 3623/3623/3623 2742/2742/2742
f 2333/2333/2333 2988/2988/2988 2644/2644/2644
f 2391/2391/2391 3847/3847/3847 3849/3849/3849
f 2423/2423/2423 3852/3852/3852 3985/3985/3985
f 3994/3994/3994 2601/2601/2601 2710/2710/2710
f 2426/2426/2426 3766/3766/3766 3325/3325/3325
f 3343/3343/3343 3054/3054/3054 3558/3558/3558
f 2518/2518/2518 3778/3778/3778 4063/4063/4063
f 4004/4004/4004 3363/3363/3363 2933/2933/2933
f 3165/3165/3165 2496/2496/2496 4013/4013/4013
f 4280/4280/4280 2365/2365/2365 2763/2763/2763
f 2331/2331/2331 3755/3755/3755 3762/3762/3762
f 2648/2648/2648 3495/3495/3495 3791/3791/3791
f 3709/3709/3709 3915/3915/3915 2976/2976/2976
f 2761/2761/2761 3390/3390/3390 2662/2662/2662
f 3820/3820/3820 3933/3933/3933 3081/3081/3081
f 2977/2977/2977 2714/2714/2714 2309/2309/2309
f 2776/2776/2776 3906/3906/3906 3186/3186/3186
f 3876/3876/3876 2307/2307/2307 3477/3477/3477
f 3693/3693/3693 2972/2972/2972 2931/2931/2931
f 2571/2571/2571 2483/2483/2483 3040/3040/3040
f 3794/3794/3794 3754/3754/3754 3582/3582/3582
f 3320/3320/3320 3021/3021/3021 3726/3726/3726
f 3340/3340/3340 2257/2257/2257 3404/3404/3404
f 4192/4192/4192 2863/2863/2863 4191/4191/4191
f 3060/3060/3060 3134/3134/3134 4285/4285/4285
f 2752/2752/2752 3619/3619/3619 3633/3633/3633
f 4078/4078/4078 3553/3553/3553 3916/3916/3916
f 3288/3288/3288 3454/3454/3454 2342/2342/2342
f 2906/2906/2906 3745/3745/3745 2593/2593/2593
f 4264/4264/4264 3059/3059/3059 3218/3218/3218
f 3078/3078/3078 2888/2888/2888 3012/3012/3012
f 3030/3030/3030 2733/2733/2733 3740/3740/3740
f 2969/2969/2969 3434/3434/3434 4095/4095/4095
f 3919/3919/3919 3834/3834/3834 4211/4211/4211
f 3258/3258/3258 3430/3430/3430 3121/3121/3121
f 2278/2278/2278 2889/2889/2889 2892/2892/2892
f 2867/2867/2867 4066/4066/4066 2671/2671/2671
f 3195/3195/3195 3251/3251/3251 3495/3495/3495
f 3053/3053/3053 2420/2420/2420 3972/3972/3972
f 2387/2387/2387 3441/3441/3441 2808/2808/2808
f 4165/4165/4165 3471/3471/3471 2653/2653/2653
f 4283/4283/4283 3162/3162/3162 3859/3859/3859
f 3298/3298/3298 3815/3815/3815 2345/2345/2345
f 2339/2339/2339 3264/3264/3264 4126/4126/4126
f 3034/3034/3034 4202/4202/4202 3194/3194/3194
f 3625/3625/3625 2488/2488/2488 3111/3111/3111
f 3096/3096/3096 3850/3850/3850 4089/4089/4089
f 4244/4244/4244 3629/3629/3629 3938/3938/3938
f 3539/3539/3539 2556/2556/2556 3988/3988/3988
f 3089/3089/3089 2756/2756/2756 4091/4091/4091
f 3960/3960/3960 2821/2821/2821 3076/3076/3076
f 3841/3841/3841 2726/2726/2726 3800/3800/3800
f 3019/3019/3019 4101/4101/4101 3384/3384/3384
f 3260/3260/3260 2757/2757/2757 3695/3695/3695
f 3593/3593/3593 2493/2493/2493 2874/2874/2874
f 3234/3234/3234 2317/2317/2317 2396/2396/2396
f 2955/2955/2955 3829/3829/3829 3015/3015/3015
f 3093/3093/3093 3601/3601/3601 3640/3640/3640
f 3710/3710/3710 3166/3166/3166 2728/2728/2728
f 3967/3967/3967 4033/4033/4033 3318/3318/3318
f 3990/3990/3990 3738/3738/3738 2736/2736/2736
f 3690/3690/3690 2352/2352/2352 3011/3011/3011
f 3388/3388/3388 3254/3254/3254 2991/2991/2991
f 2341/2341/2341 4291/4291/4291 3254/3254/3254
f 3124/3124/3124 3019/3019/3019 2578/2578/2578
f 4188/4188/4188 2578/2578/2578 2456/2456/2456
f 3562/3562/3562 4264/4264/4264 3218/3218/3218
f 4026/4026/4026 3626/3626/3626 2726/2726/2726
f 3649/3649/3649 3996/3996/3996 3005/3005/3005
f 2407/2407/2407 3452/3452/3452 3006/3006/3006
f 3227/3227/3227 2882/2882/2882 2837/2837/2837
f 2736/2736/2736 3441/3441/3441 2387/2387/2387
f 3628/3628/3628 3181/3181/3181 3791/3791/3791
f 3838/3838/3838 2350/2350/2350 2340/2340/2340
f 3451/3451/3451 2602/2602/2602 4112/4112/4112
f 3924/3924/3924 3820/3820/3820 3081/3081/3081
f 2559/2559/2559 3360/3360/3360 3494/3494/3494
f 3930/3930/3930 3499/3499/3499 4187/4187/4187
f 3959/3959/3959 2926/2926/2926 2391/2391/2391
f 3305/3305/3305 3109/3109/3109 3807/3807/3807
f 2249/2249/2249 2250/2250/2250 2680/2680/2680
f 3592/3592/3592 2374/2374/2374 3551/3551/3551
f 2615/2615/2615 4251/4251/4251 3498/3498/3498
f 3963/3963/3963 2396/2396/2396 3928/3928/3928
f 2948/2948/2948 2773/2773/2773 2865/2865/2865
f 3103/3103/3103 2570/2570/2570 2491/2491/2491
f 2828/2828/2828 3278/3278/3278 3157/3157/3157
f 2639/2639/2639 4190/4190/4190 3135/3135/3135
f 3951/3951/3951 3035/3035/3035 2603/2603/2603
f 3788/3788/3788 3390/3390/3390 2883/2883/2883
f 3693/3693/3693 2769/2769/2769 2924/2924/2924
f 2775/2775/2775 2672/2672/2672 3842/3842/3842
f 3736/3736/3736 2806/2806/2806 4213/4213/4213
f 3371/3371/3371 4265/4265/4265 3723/3723/3723
f 4077/4077/4077 3730/3730/3730 3569/3569/3569
f 3361/3361/3361 2214/2214/2214 2215/2215/2215
f 3883/3883/3883 3449/3449/3449 3083/3083/3083
f 3578/3578/3578 2885/2885/2885 4151/4151/4151
f 3883/3883/3883 3445/3445/3445 3449/3449/3449
f 3373/3373/3373 3363/3363/3363 4004/4004/4004
f 4179/4179/4179 3879/3879/3879 4140/4140/4140
f 3433/3433/3433 2231/2231/2231 2232/2232/2232
f 2427/2427/2427 2368/2368/2368 3295/3295/3295
f 3819/3819/3819 2691/2691/2691 3521/3521/3521
f 3282/3282/3282 3302/3302/3302 3340/3340/3340
f 3149/3149/3149 2455/2455/2455 2392/2392/2392
f 2236/2236/2236 2237/2237/2237 3593/3593/3593
f 2237/2237/2237 4100/4100/4100 2493/2493/2493
f 2715/2715/2715 2983/2983/2983 3604/3604/3604
f 3864/3864/3864 4184/4184/4184 3575/3575/3575
f 3833/3833/3833 3581/3581/3581 2385/2385/2385
f 3364/3364/3364 2375/2375/2375 4251/4251/4251
f 3350/3350/3350 4120/4120/4120 2857/2857/2857
f 2777/2777/2777 3175/3175/3175 3599/3599/3599
f 4287/4287/4287 4174/4174/4174 2509/2509/2509
f 4174/4174/4174 3868/3868/3868 2509/2509/2509
f 4141/4141/4141 2452/2452/2452 3277/3277/3277
f 3955/3955/3955 2837/2837/2837 2536/2536/2536
f 3467/3467/3467 2653/2653/2653 2781/2781/2781
f 3898/3898/3898 2748/2748/2748 3065/3065/3065
f 4088/4088/4088 3839/3839/3839 4163/4163/4163
f 4021/4021/4021 3869/3869/3869 2486/2486/2486
f 3442/3442/3442 2243/2243/2243 2244/2244/2244
f 2815/2815/2815 2246/2246/2246 3771/3771/3771
f 2829/2829/2829 3467/3467/3467 3729/3729/3729
f 4177/4177/4177 2915/2915/2915 3886/3886/3886
f 3670/3670/3670 2840/2840/2840 2848/2848/2848
f 2274/2274/2274 2275/2275/2275 2807/2807/2807
f 4033/4033/4033 2640/2640/2640 3591/3591/3591
f 3787/3787/3787 2343/2343/2343 3013/3013/3013
f 3805/3805/3805 3537/3537/3537 2801/2801/2801
f 3321/3321/3321 2499/2499/2499 2459/2459/2459
f 3977/3977/3977 2462/2462/2462 2944/2944/2944
f 3408/3408/3408 3032/3032/3032 2574/2574/2574
f 3715/3715/3715 3676/3676/3676 2643/2643/2643
f 3341/3341/3341 3973/3973/3973 2721/2721/2721
f 3234/3234/3234 3998/3998/3998 3879/3879/3879
f 3169/3169/3169 4265/4265/4265 3249/3249/3249
f 2300/2300/2300 2916/2916/2916 3621/3621/3621
f 3482/3482/3482 2576/2576/2576 2357/2357/2357
f 2723/2723/2723 3994/3994/3994 2710/2710/2710
f 4161/4161/4161 2827/2827/2827 2594/2594/2594
f 3876/3876/3876 3396/3396/3396 2788/2788/2788
f 3485/3485/3485 4234/4234/4234 3069/3069/3069
f 2215/2215/2215 2471/2471/2471 3361/3361/3361
f 4265/4265/4265 2743/2743/2743 3723/3723/3723
f 2718/2718/2718 2949/2949/2949 4019/4019/4019
f 4230/4230/4230 2855/2855/2855 2204/2204/2204
f 3278/3278/3278 2346/2346/2346 3204/3204/3204
f 3614/3614/3614 3428/3428/3428 3474/3474/3474
f 3450/3450/3450 2473/2473/2473 3887/3887/3887
f 3111/3111/3111 2901/2901/2901 3625/3625/3625
f 2804/2804/2804 3378/3378/3378 3094/3094/3094
f 2917/2917/2917 2822/2822/2822 2571/2571/2571
f 2993/2993/2993 2525/2525/2525 3504/3504/3504
f 2983/2983/2983 2465/2465/2465 2532/2532/2532
f 3738/3738/3738 3585/3585/3585 2736/2736/2736
f 2903/2903/2903 3358/3358/3358 3063/3063/3063
f 4222/4222/4222 3014/3014/3014 3269/3269/3269
f 4186/4186/4186 3466/3466/3466 2897/2897/2897
f 3653/3653/3653 2438/2438/2438 2404/2404/2404
f 2555/2555/2555 2353/2353/2353 3100/3100/3100
f 2238/2238/2238 3323/3323/3323 4100/4100/4100
f 2481/2481/2481 2881/2881/2881 3382/3382/3382
f 3713/3713/3713 2210/2210/2210 3245/3245/3245
f 2219/2219/2219 2720/2720/2720 4058/4058/4058
f 3688/3688/3688 3511/3511/3511 2335/2335/2335
f 2577/2577/2577 3662/3662/3662 3729/3729/3729
f 4076/4076/4076 2826/2826/2826 3818/3818/3818
f 3492/3492/3492 4116/4116/4116 2869/2869/2869
f 3871/3871/3871 3484/3484/3484 2700/2700/2700
f 2372/2372/2372 2417/2417/2417 3111/3111/3111
f 2555/2555/2555 3056/3056/3056 2353/2353/2353
f 3220/3220/3220 3966/3966/3966 3199/3199/3199
f 3157/3157/3157 2537/2537/2537 2521/2521/2521
f 3406/3406/3406 2799/2799/2799 4106/4106/4106
f 3034/3034/3034 3614/3614/3614 4202/4202/4202
f 2394/2394/2394 2606/2606/2606 3296/3296/3296
f 3035/3035/3035 3214/3214/3214 4244/4244/4244
f 2562/2562/2562 3150/3150/3150 2318/2318/2318
f 4038/4038/4038 3131/3131/3131 3803/3803/3803
f 3238/3238/3238 3909/3909/3909 3877/3877/3877
f 4153/4153/4153 2371/2371/2371 4226/4226/4226
f 3349/3349/3349 2753/2753/2753 3069/3069/3069
f 4060/4060/4060 2302/2302/2302 2836/2836/2836
f 2414/2414/2414 4282/4282/4282 4140/4140/4140
f 2688/2688/2688 3237/3237/3237 3619/3619/3619
f 2306/2306/2306 4003/4003/4003 2695/2695/2695
f 3377/3377/3377 4169/4169/4169 2570/2570/2570
f 3746/3746/3746 2504/2504/2504 3526/3526/3526
f 2984/2984/2984 2805/2805/2805 4092/4092/4092
f 2708/2708/2708 3203/3203/3203 4035/4035/4035
f 2163/2163/2163 2164/2164/2164 3774/3774/3774
f 4280/4280/4280 3900/3900/3900 2365/2365/2365
f 2462/2462/2462 3703/3703/3703 4113/4113/4113
f 3109/3109/3109 3535/3535/3535 2893/2893/2893
f 4139/4139/4139 3699/3699/3699 2323/2323/2323
f 4250/4250/4250 4194/4194/4194 3650/3650/3650
f 2394/2394/2394 3808/3808/3808 2331/2331/2331
f 4143/4143/4143 3791/3791/3791 4126/4126/4126
f 2428/2428/2428 3450/3450/3450 3512/3512/3512
f 2643/2643/2643 2767/2767/2767 3225/3225/3225
f 2653/2653/2653 3471/3471/3471 4017/4017/4017
f 3333/3333/3333 3641/3641/3641 3554/3554/3554
f 2340/2340/2340 2684/2684/2684 2593/2593/2593
f 4062/4062/4062 3668/3668/3668 3918/3918/3918
f 3926/3926/3926 3843/3843/3843 3402/3402/3402
f 4121/4121/4121 3643/3643/3643 3848/3848/3848
f 3638/3638/3638 3680/3680/3680 3309/3309/3309
f 3926/3926/3926 3942/3942/3942 3650/3650/3650
f 3078/3078/3078 3012/3012/3012 3071/3071/3071
f 3413/3413/3413 3437/3437/3437 2419/2419/2419
f 3396/3396/3396 3876/3876/3876 4285/4285/4285
f 3664/3664/3664 3511/3511/3511 4042/4042/4042
f 3270/3270/3270 3626/3626/3626 4026/4026/4026
f 2672/2672/2672 2942/2942/2942 4016/4016/4016
f 4192/4192/4192 4191/4191/4191 2815/2815/2815
f 3324/3324/3324 4233/4233/4233 2934/2934/2934
f 4028/4028/4028 3675/3675/3675 2669/2669/2669
f 3117/3117/3117 3192/3192/3192 3335/3335/3335
f 2466/2466/2466 2794/2794/2794 3402/3402/3402
f 3942/3942/3942 3644/3644/3644 3650/3650/3650
f 3821/3821/3821 2442/2442/2442 2485/2485/2485
f 2823/2823/2823 3004/3004/3004 2499/2499/2499
f 4239/4239/4239 3910/3910/3910 2723/2723/2723
f 3437/3437/3437 2727/2727/2727 2419/2419/2419
f 2299/2299/2299 2548/2548/2548 2622/2622/2622
f 2924/2924/2924 3617/3617/3617 3198/3198/3198
f 2937/2937/2937 2804/2804/2804 3107/3107/3107
f 2863/2863/2863 4175/4175/4175 3442/3442/3442
f 3567/3567/3567 2337/2337/2337 3581/3581/3581
f 4029/4029/4029 3733/3733/3733 3479/3479/3479
f 3021/3021/3021 4050/4050/4050 3714/3714/3714
f 3656/3656/3656 2188/2188/2188 2189/2189/2189
f 2535/2535/2535 2313/2313/2313 3358/3358/3358
f 3365/3365/3365 2588/2588/2588 2387/2387/2387
f 2540/2540/2540 2626/2626/2626 3206/3206/3206
f 3496/3496/3496 3399/3399/3399 2930/2930/2930
f 4064/4064/4064 2293/2293/2293 2294/2294/2294
f 3348/3348/3348 4102/4102/4102 2159/2159/2159
f 2720/2720/2720 3120/3120/3120 2810/2810/2810
f 3091/3091/3091 2384/2384/2384 2227/2227/2227
f 4224/4224/4224 4023/4023/4023 2778/2778/2778
f 3266/3266/3266 4144/4144/4144 3167/3167/3167
f 3026/3026/3026 2274/2274/2274 2807/2807/2807
f 3041/3041/3041 2911/2911/2911 3505/3505/3505
f 3744/3744/3744 2464/2464/2464 2889/2889/2889
f 2772/2772/2772 3888/3888/3888 4295/4295/4295
f 2678/2678/2678 2629/2629/2629 4003/4003/4003
f 3734/3734/3734 3144/3144/3144 3664/3664/3664
f 4118/4118/4118 3066/3066/3066 2327/2327/2327
f 3845/3845/3845 2839/2839/2839 2655/2655/2655
f 3865/3865/3865 2868/2868/2868 3638/3638/3638
f 2877/2877/2877 3399/3399/3399 4121/4121/4121
f 2980/2980/2980 2884/2884/2884 3706/3706/3706
f 2594/2594/2594 2827/2827/2827 2436/2436/2436
f 2772/2772/2772 2840/2840/2840 2564/2564/2564
f 3603/3603/3603 3265/3265/3265 3369/3369/3369
f 4267/4267/4267 3725/3725/3725 3669/3669/3669
f 2400/2400/2400 2513/2513/2513 2731/2731/2731
f 3041/3041/3041 2577/2577/2577 2911/2911/2911
f 3860/3860/3860 3670/3670/3670 2848/2848/2848
f 3265/3265/3265 3603/3603/3603 3048/3048/3048
f 3216/3216/3216 4208/4208/4208 4002/4002/4002
f 2784/2784/2784 3475/3475/3475 3410/3410/3410
f 3803/3803/3803 2835/2835/2835 3545/3545/3545
f 3409/3409/3409 3666/3666/3666 4262/4262/4262
f 4237/4237/4237 3387/3387/3387 3972/3972/3972
f 2709/2709/2709 4171/4171/4171 4231/4231/4231
f 4205/4205/4205 2577/2577/2577 2630/2630/2630
f 2484/2484/2484 2811/2811/2811 3328/3328/3328
f 3146/3146/3146 2587/2587/2587 2987/2987/2987
f 3941/3941/3941 3007/3007/3007 2961/2961/2961
f 3871/3871/3871 4000/4000/4000 3898/3898/3898
f 2286/2286/2286 4214/4214/4214 3213/3213/3213
f 2311/2311/2311 2553/2553/2553 4231/4231/4231
f 3604/3604/3604 3172/3172/3172 3312/3312/3312
f 4107/4107/4107 3736/3736/3736 3241/3241/3241
f 3102/3102/3102 2716/2716/2716 4288/4288/4288
f 3679/3679/3679 2756/2756/2756 3244/3244/3244
f 3066/3066/3066 2398/2398/2398 2922/2922/2922
f 4231/4231/4231 2553/2553/2553 2430/2430/2430
f 3964/3964/3964 2885/2885/2885 3578/3578/3578
f 3373/3373/3373 3909/3909/3909 3238/3238/3238
f 2954/2954/2954 3606/3606/3606 3141/3141/3141
f 4119/4119/4119 4006/4006/4006 2579/2579/2579
f 3078/3078/3078 4173/4173/4173 2611/2611/2611
f 4128/4128/4128 2562/2562/2562 2318/2318/2318
f 3725/3725/3725 4267/4267/4267 4226/4226/4226
f 3426/3426/3426 3875/3875/3875 4176/4176/4176
f 3452/3452/3452 2857/2857/2857 3006/3006/3006
f 4186/4186/4186 2897/2897/2897 4051/4051/4051
f 4061/4061/4061 3922/3922/3922 3276/3276/3276
f 4236/4236/4236 2690/2690/2690 4037/4037/4037
f 3373/3373/3373 4004/4004/4004 4201/4201/4201
f 3141/3141/3141 4036/4036/4036 2944/2944/2944
f 3827/3827/3827 3314/3314/3314 3092/3092/3092
f 4042/4042/4042 3459/3459/3459 3734/3734/3734
f 3865/3865/3865 3708/3708/3708 2400/2400/2400
f 3638/3638/3638 2936/2936/2936 3865/3865/3865
f 3566/3566/3566 4183/4183/4183 4260/4260/4260
f 2932/2932/2932 2903/2903/2903 2844/2844/2844
f 3881/3881/3881 3635/3635/3635 2649/2649/2649
f 3926/3926/3926 4194/4194/4194 3319/3319/3319
f 2737/2737/2737 2722/2722/2722 2687/2687/2687
f 3289/3289/3289 3981/3981/3981 3523/3523/3523
f 3566/3566/3566 4260/4260/4260 3260/3260/3260
f 2548/2548/2548 2797/2797/2797 2689/2689/2689
f 2340/2340/2340 2350/2350/2350 4022/4022/4022
f 3400/3400/3400 4182/4182/4182 3854/3854/3854
f 4183/4183/4183 2693/2693/2693 4260/4260/4260
f 3260/3260/3260 4260/4260/4260 4227/4227/4227
f 2734/2734/2734 2690/2690/2690 2673/2673/2673
f 2763/2763/2763 2297/2297/2297 3247/3247/3247
f 2304/2304/2304 3623/3623/3623 2544/2544/2544
f 3663/3663/3663 3252/3252/3252 3524/3524/3524
f 3593/3593/3593 2237/2237/2237 2493/2493/2493
f 3802/3802/3802 4138/4138/4138 4170/4170/4170
f 3145/3145/3145 2421/2421/2421 3662/3662/3662
f 4091/4091/4091 3564/3564/3564 2311/2311/2311
f 2567/2567/2567 2734/2734/2734 2673/2673/2673
f 2613/2613/2613 2723/2723/2723 2710/2710/2710
f 2369/2369/2369 3522/3522/3522 3848/3848/3848
f 2484/2484/2484 3399/3399/3399 2877/2877/2877
f 3235/3235/3235 2945/2945/2945 3510/3510/3510
f 3838/3838/3838 3745/3745/3745 2696/2696/2696
f 3873/3873/3873 2208/2208/2208 2209/2209/2209
f 4110/4110/4110 3947/3947/3947 3778/3778/3778
f 2259/2259/2259 2334/2334/2334 2258/2258/2258
f 2589/2589/2589 2334/2334/2334 4068/4068/4068
f 2443/2443/2443 4288/4288/4288 3769/3769/3769
f 2814/2814/2814 2307/2307/2307 3362/3362/3362
f 2779/2779/2779 4127/4127/4127 3796/3796/3796
f 2786/2786/2786 3830/3830/3830 4105/4105/4105
f 2570/2570/2570 3465/3465/3465 2550/2550/2550
f 3328/3328/3328 3159/3159/3159 2771/2771/2771
f 3128/3128/3128 4045/4045/4045 2752/2752/2752
f 3402/3402/3402 3843/3843/3843 3979/3979/3979
f 2976/2976/2976 2795/2795/2795 4071/4071/4071
f 2425/2425/2425 3780/3780/3780 3330/3330/3330
f 4077/4077/4077 2479/2479/2479 2836/2836/2836
f 2475/2475/2475 3113/3113/3113 2711/2711/2711
f 2745/2745/2745 3712/3712/3712 3091/3091/3091
f 4228/4228/4228 4116/4116/4116 2385/2385/2385
f 3748/3748/3748 2940/2940/2940 2226/2226/2226
f 3210/3210/3210 2964/2964/2964 3091/3091/3091
f 3425/3425/3425 3959/3959/3959 3140/3140/3140
f 2210/2210/2210 2211/2211/2211 3889/3889/3889
f 2628/2628/2628 2386/2386/2386 3047/3047/3047
f 3174/3174/3174 3746/3746/3746 3526/3526/3526
f 3281/3281/3281 3381/3381/3381 4016/4016/4016
f 3235/3235/3235 3722/3722/3722 2463/2463/2463
f 3654/3654/3654 2485/2485/2485 2442/2442/2442
f 4106/4106/4106 2583/2583/2583 2239/2239/2239
f 3455/3455/3455 3354/3354/3354 4012/4012/4012
f 2975/2975/2975 3230/3230/3230 2706/2706/2706
f 3362/3362/3362 3727/3727/3727 3466/3466/3466
f 3769/3769/3769 3452/3452/3452 2443/2443/2443
f 3065/3065/3065 3715/3715/3715 3898/3898/3898
f 3896/3896/3896 4009/4009/4009 3027/3027/3027
f 3116/3116/3116 2417/2417/2417 2576/2576/2576
f 3858/3858/3858 3770/3770/3770 2864/2864/2864
f 3721/3721/3721 2874/2874/2874 3176/3176/3176
f 3801/3801/3801 3609/3609/3609 3529/3529/3529
f 4095/4095/4095 3434/3434/3434 3627/3627/3627
f 4111/4111/4111 2663/2663/2663 3647/3647/3647
f 3292/3292/3292 3651/3651/3651 2346/2346/2346
f 2615/2615/2615 4248/4248/4248 3130/3130/3130
f 2393/2393/2393 4072/4072/4072 3936/3936/3936
f 2743/2743/2743 4265/4265/4265 3500/3500/3500
f 2450/2450/2450 2753/2753/2753 3517/3517/3517
f 3772/3772/3772 3342/3342/3342 2785/2785/2785
f 3985/3985/3985 2872/2872/2872 3922/3922/3922
f 2872/2872/2872 3372/3372/3372 4149/4149/4149
f 3731/3731/3731 4070/4070/4070 4044/4044/4044
f 2625/2625/2625 3699/3699/3699 2637/2637/2637
f 3528/3528/3528 2908/2908/2908 2887/2887/2887
f 2417/2417/2417 3851/3851/3851 2576/2576/2576
f 2812/2812/2812 2626/2626/2626 4238/4238/4238
f 3258/3258/3258 3697/3697/3697 3430/3430/3430
f 3936/3936/3936 2691/2691/2691 3013/3013/3013
f 3391/3391/3391 4054/4054/4054 2838/2838/2838
f 3161/3161/3161 2902/2902/2902 4051/4051/4051
f 4164/4164/4164 4030/4030/4030 2303/2303/2303
f 3067/3067/3067 2260/2260/2260 2730/2730/2730
f 2746/2746/2746 3209/3209/3209 2748/2748/2748
f 3183/3183/3183 2890/2890/2890 2525/2525/2525
f 3960/3960/3960 3076/3076/3076 2345/2345/2345
f 4021/4021/4021 3462/3462/3462 3869/3869/3869
f 2678/2678/2678 3522/3522/3522 2629/2629/2629
f 2568/2568/2568 2858/2858/2858 2970/2970/2970
f 2722/2722/2722 3735/3735/3735 3954/3954/3954
f 4146/4146/4146 4059/4059/4059 3586/3586/3586
f 3537/3537/3537 3805/3805/3805 3529/3529/3529
f 2631/2631/2631 3541/3541/3541 2853/2853/2853
f 2609/2609/2609 3357/3357/3357 3082/3082/3082
f 2816/2816/2816 2699/2699/2699 3789/3789/3789
f 3819/3819/3819 3802/3802/3802 4170/4170/4170
f 4083/4083/4083 2707/2707/2707 3906/3906/3906
f 3954/3954/3954 3735/3735/3735 3765/3765/3765
f 2976/2976/2976 4071/4071/4071 3709/3709/3709
f 3986/3986/3986 2733/2733/2733 3030/3030/3030
f 3639/3639/3639 3755/3755/3755 2526/2526/2526
f 3054/3054/3054 4183/4183/4183 3558/3558/3558
f 4278/4278/4278 2572/2572/2572 4014/4014/4014
f 3742/3742/3742 2456/2456/2456 2867/2867/2867
f 3111/3111/3111 2417/2417/2417 3921/3921/3921
f 3040/3040/3040 3554/3554/3554 2560/2560/2560
f 3228/3228/3228 3160/3160/3160 3557/3557/3557
f 2889/2889/2889 2464/2464/2464 2310/2310/2310
f 4031/4031/4031 2906/2906/2906 2593/2593/2593
f 3642/3642/3642 2898/2898/2898 4084/4084/4084
f 4286/4286/4286 2477/2477/2477 3781/3781/3781
f 3750/3750/3750 2567/2567/2567 2324/2324/2324
f 2897/2897/2897 3487/3487/3487 4153/4153/4153
f 2581/2581/2581 2793/2793/2793 3975/3975/3975
f 4216/4216/4216 4020/4020/4020 3210/3210/3210
f 2843/2843/2843 2615/2615/2615 3344/3344/3344
f 4086/4086/4086 3928/3928/3928 3371/3371/3371
f 3166/3166/3166 3710/3710/3710 3569/3569/3569
f 3143/3143/3143 3215/3215/3215 2505/2505/2505
f 3288/3288/3288 3811/3811/3811 3454/3454/3454
f 2410/2410/2410 2928/2928/2928 3574/3574/3574
f 3315/3315/3315 2605/2605/2605 2161/2161/2161
f 3886/3886/3886 3432/3432/3432 3596/3596/3596
f 2920/2920/2920 3252/3252/3252 2598/2598/2598
f 3329/3329/3329 3770/3770/3770 2719/2719/2719
f 2451/2451/2451 3036/3036/3036 3858/3858/3858
f 3937/3937/3937 2980/2980/2980 3356/3356/3356
f 3950/3950/3950 2587/2587/2587 3146/3146/3146
f 2671/2671/2671 3982/3982/3982 3766/3766/3766
f 3381/3381/3381 3281/3281/3281 3762/3762/3762
f 2897/2897/2897 3161/3161/3161 4051/4051/4051
f 4235/4235/4235 4134/4134/4134 3677/3677/3677
f 3436/3436/3436 3629/3629/3629 4244/4244/4244
f 2360/2360/2360 2197/2197/2197 3923/3923/3923
f 2962/2962/2962 3559/3559/3559 3188/3188/3188
f 3883/3883/3883 3850/3850/3850 3445/3445/3445
f 2323/2323/2323 2519/2519/2519 2912/2912/2912
f 3744/3744/3744 3697/3697/3697 3258/3258/3258
f 3187/3187/3187 4063/4063/4063 3570/3570/3570
f 2462/2462/2462 3141/3141/3141 2944/2944/2944
f 2670/2670/2670 3652/3652/3652 2320/2320/2320
f 2580/2580/2580 3912/3912/3912 4122/4122/4122
f 3927/3927/3927 2595/2595/2595 2352/2352/2352
f 3325/3325/3325 2676/2676/2676 4012/4012/4012
f 3332/3332/3332 3105/3105/3105 2461/2461/2461
f 3032/3032/3032 2774/2774/2774 3882/3882/3882
f 2953/2953/2953 3286/3286/3286 3969/3969/3969
f 3233/3233/3233 4190/4190/4190 3815/3815/3815
f 3462/3462/3462 3459/3459/3459 3869/3869/3869
f 3884/3884/3884 3779/3779/3779 3761/3761/3761
f 3033/3033/3033 2867/2867/2867 2671/2671/2671
f 3508/3508/3508 2551/2551/2551 3657/3657/3657
f 2396/2396/2396 3963/3963/3963 3234/3234/3234
f 2563/2563/2563 3968/3968/3968 3889/3889/3889
f 3316/3316/3316 3891/3891/3891 3313/3313/3313
f 3480/3480/3480 2915/2915/2915 3185/3185/3185
f 2432/2432/2432 3769/3769/3769 2446/2446/2446
f 2407/2407/2407 3684/3684/3684 2443/2443/2443
f 2244/2244/2244 2245/2245/2245 4191/4191/4191
f 3887/3887/3887 3512/3512/3512 3450/3450/3450
f 3821/3821/3821 2428/2428/2428 2442/2442/2442
f 3100/3100/3100 2821/2821/2821 3518/3518/3518
f 4136/4136/4136 3469/3469/3469 2470/2470/2470
f 4226/4226/4226 4267/4267/4267 3161/3161/3161
f 2937/2937/2937 3654/3654/3654 2967/2967/2967
f 2521/2521/2521 3135/3135/3135 3233/3233/3233
f 3293/3293/3293 3186/3186/3186 2410/2410/2410
f 3892/3892/3892 3137/3137/3137 2800/2800/2800
f 2972/2972/2972 3693/3693/3693 3957/3957/3957
f 2502/2502/2502 4277/4277/4277 2819/2819/2819
f 3226/3226/3226 3107/3107/3107 2804/2804/2804
f 3476/3476/3476 3434/3434/3434 3442/3442/3442
f 3861/3861/3861 2881/2881/2881 2999/2999/2999
f 2640/2640/2640 3655/3655/3655 3502/3502/3502
f 3103/3103/3103 4119/4119/4119 2332/2332/2332
f 4096/4096/4096 4245/4245/4245 3075/3075/3075
f 2613/2613/2613 2670/2670/2670 4239/4239/4239
f 4030/4030/4030 3954/3954/3954 3462/3462/3462
f 3526/3526/3526 2504/2504/2504 3320/3320/3320
f 2982/2982/2982 2423/2423/2423 3985/3985/3985
f 2786/2786/2786 4287/4287/4287 2929/2929/2929
f 3416/3416/3416 2929/2929/2929 2509/2509/2509
f 3307/3307/3307 3083/3083/3083 4274/4274/4274
f 2367/2367/2367 2347/2347/2347 2783/2783/2783
f 3757/3757/3757 2364/2364/2364 2842/2842/2842
f 3877/3877/3877 2893/2893/2893 3535/3535/3535
f 3296/3296/3296 4156/4156/4156 2394/2394/2394
f 3755/3755/3755 2998/2998/2998 3251/3251/3251
f 3399/3399/3399 2484/2484/2484 2516/2516/2516
f 2486/2486/2486 3688/3688/3688 3619/3619/3619
f 2648/2648/2648 3381/3381/3381 3195/3195/3195
f 2495/2495/2495 2445/2445/2445 3181/3181/3181
f 2325/2325/2325 3013/3013/3013 2691/2691/2691
f 4059/4059/4059 3678/3678/3678 3586/3586/3586
f 3099/3099/3099 3082/3082/3082 2697/2697/2697
f 3082/3082/3082 2180/2180/2180 2628/2628/2628
f 2472/2472/2472 2689/2689/2689 2994/2994/2994
f 2808/2808/2808 3825/3825/3825 4032/4032/4032
f 2194/2194/2194 2530/2530/2530 2193/2193/2193
f 4200/4200/4200 3831/3831/3831 2395/2395/2395
f 3148/3148/3148 2775/2775/2775 3444/3444/3444
f 2507/2507/2507 4181/4181/4181 2572/2572/2572
f 2943/2943/2943 2686/2686/2686 2441/2441/2441
f 4164/4164/4164 3196/3196/3196 3944/3944/3944
f 3615/3615/3615 2700/2700/2700 3194/3194/3194
f 3181/3181/3181 2445/2445/2445 2339/2339/2339
f 3288/3288/3288 2324/2324/2324 2567/2567/2567
f 3686/3686/3686 2787/2787/2787 2444/2444/2444
f 3887/3887/3887 3809/3809/3809 3512/3512/3512
f 2340/2340/2340 3745/3745/3745 3838/3838/3838
f 3367/3367/3367 3584/3584/3584 3090/3090/3090
f 4287/4287/4287 2786/2786/2786 4105/4105/4105
f 4109/4109/4109 2254/2254/2254 2255/2255/2255
f 2589/2589/2589 3101/3101/3101 3074/3074/3074
f 3170/3170/3170 3499/3499/3499 3930/3930/3930
f 2699/2699/2699 2524/2524/2524 2819/2819/2819
f 2635/2635/2635 2627/2627/2627 3473/3473/3473
f 3025/3025/3025 3782/3782/3782 2939/2939/2939
f 3518/3518/3518 3217/3217/3217 3809/3809/3809
f 3076/3076/3076 2353/2353/2353 3966/3966/3966
f 3122/3122/3122 3204/3204/3204 2346/2346/2346
f 4282/4282/4282 3895/3895/3895 3431/3431/3431
f 2622/2622/2622 2472/2472/2472 3617/3617/3617
f 3019/3019/3019 2712/2712/2712 4227/4227/4227
f 4032/4032/4032 3008/3008/3008 3365/3365/3365
f 3384/3384/3384 2422/2422/2422 3019/3019/3019
f 3502/3502/3502 3698/3698/3698 4204/4204/4204
f 3920/3920/3920 2321/2321/2321 2459/2459/2459
f 2624/2624/2624 2823/2823/2823 2596/2596/2596
f 4106/4106/4106 2799/2799/2799 2703/2703/2703
f 3471/3471/3471 4165/4165/4165 2626/2626/2626
f 3336/3336/3336 3112/3112/3112 3296/3296/3296
f 3995/3995/3995 4230/4230/4230 2204/2204/2204
f 2308/2308/2308 3308/3308/3308 3681/3681/3681
f 3715/3715/3715 3065/3065/3065 3422/3422/3422
f 3760/3760/3760 3618/3618/3618 3533/3533/3533
f 2950/2950/2950 2873/2873/2873 3493/3493/3493
f 3510/3510/3510 3722/3722/3722 3235/3235/3235
f 3337/3337/3337 3024/3024/3024 3981/3981/3981
f 2326/2326/2326 3193/3193/3193 3944/3944/3944
f 2895/2895/2895 3954/3954/3954 3038/3038/3038
f 3047/3047/3047 2386/2386/2386 3737/3737/3737
f 2416/2416/2416 3380/3380/3380 3503/3503/3503
f 3916/3916/3916 3553/3553/3553 2787/2787/2787
f 2923/2923/2923 3068/3068/3068 4248/4248/4248
f 3955/3955/3955 3999/3999/3999 3227/3227/3227
f 2868/2868/2868 3865/3865/3865 2788/2788/2788
f 2371/2371/2371 4093/4093/4093 4226/4226/4226
f 3353/3353/3353 3844/3844/3844 3278/3278/3278
f 3176/3176/3176 4160/4160/4160 3478/3478/3478
f 4181/4181/4181 2433/2433/2433 3271/3271/3271
f 3230/3230/3230 2573/2573/2573 2319/2319/2319
f 2483/2483/2483 4103/4103/4103 4178/4178/4178
f 3077/3077/3077 3817/3817/3817 4275/4275/4275
f 3787/3787/3787 3536/3536/3536 2490/2490/2490
f 3968/3968/3968 3914/3914/3914 2382/2382/2382
f 2588/2588/2588 4138/4138/4138 3802/3802/3802
f 2479/2479/2479 4077/4077/4077 3208/3208/3208
f 4112/4112/4112 2602/2602/2602 3961/3961/3961
f 2759/2759/2759 3577/3577/3577 3451/3451/3451
f 3098/3098/3098 3795/3795/3795 2754/2754/2754
f 3298/3298/3298 2345/2345/2345 3966/3966/3966
f 2487/2487/2487 2935/2935/2935 2458/2458/2458
f 3421/3421/3421 2667/2667/2667 3832/3832/3832
f 3525/3525/3525 2852/2852/2852 2463/2463/2463
f 3640/3640/3640 3601/3601/3601 2995/2995/2995
f 3394/3394/3394 4160/4160/4160 3323/3323/3323
f 3529/3529/3529 3609/3609/3609 3537/3537/3537
f 2461/2461/2461 3105/3105/3105 3934/3934/3934
f 3032/3032/3032 3490/3490/3490 2349/2349/2349
f 2385/2385/2385 3813/3813/3813 3595/3595/3595
f 3748/3748/3748 2384/2384/2384 2964/2964/2964
f 3944/3944/3944 3548/3548/3548 4164/4164/4164
f 3689/3689/3689 2655/2655/2655 2839/2839/2839
f 2764/2764/2764 2235/2235/2235 3231/3231/3231
f 3055/3055/3055 2657/2657/2657 3046/3046/3046
f 4022/4022/4022 2896/2896/2896 3896/3896/3896
f 2680/2680/2680 2468/2468/2468 2249/2249/2249
f 2174/2174/2174 2175/2175/2175 4152/4152/4152
f 2453/2453/2453 4050/4050/4050 2329/2329/2329
f 2809/2809/2809 3588/3588/3588 3096/3096/3096
f 3200/3200/3200 4207/4207/4207 3470/3470/3470
f 3158/3158/3158 4084/4084/4084 2898/2898/2898
f 2755/2755/2755 2623/2623/2623 2476/2476/2476
f 4282/4282/4282 3431/3431/3431 4179/4179/4179
f 3498/3498/3498 2375/2375/2375 3998/3998/3998
f 3844/3844/3844 3583/3583/3583 3278/3278/3278
f 3609/3609/3609 2664/2664/2664 3537/3537/3537
f 2904/2904/2904 2263/2263/2263 2264/2264/2264
f 2262/2262/2262 4255/4255/4255 3095/3095/3095
f 3352/3352/3352 2638/2638/2638 2683/2683/2683
f 3692/3692/3692 3880/3880/3880 3022/3022/3022
f 3776/3776/3776 2717/2717/2717 2849/2849/2849
f 4266/4266/4266 3648/3648/3648 4192/4192/4192
f 3147/3147/3147 4276/4276/4276 3838/3838/3838
f 3059/3059/3059 3027/3027/3027 4009/4009/4009
f 2938/2938/2938 2599/2599/2599 3682/3682/3682
f 3589/3589/3589 2718/2718/2718 2586/2586/2586
f 4177/4177/4177 3752/3752/3752 2915/2915/2915
f 3965/3965/3965 4208/4208/4208 3216/3216/3216
f 4111/4111/4111 3647/3647/3647 2372/2372/2372
f 4150/4150/4150 4111/4111/4111 2488/2488/2488
f 2961/2961/2961 3007/3007/3007 4080/4080/4080
f 3052/3052/3052 2355/2355/2355 2548/2548/2548
f 3354/3354/3354 3325/3325/3325 4012/4012/4012
f 3366/3366/3366 2369/2369/2369 3848/3848/3848
f 3591/3591/3591 4059/4059/4059 4146/4146/4146
f 3801/3801/3801 3621/3621/3621 3609/3609/3609
f 2731/2731/2731 3679/3679/3679 3244/3244/3244
f 3230/3230/3230 3121/3121/3121 2706/2706/2706
f 3899/3899/3899 2773/2773/2773 2948/2948/2948
f 3164/3164/3164 4291/4291/4291 2341/2341/2341
f 3305/3305/3305 3516/3516/3516 3109/3109/3109
f 4230/4230/4230 2558/2558/2558 2855/2855/2855
f 3859/3859/3859 2478/2478/2478 3456/3456/3456
f 3848/3848/3848 3644/3644/3644 2655/2655/2655
f 2205/2205/2205 3995/3995/3995 2204/2204/2204
f 3847/3847/3847 2391/2391/2391 2926/2926/2926
f 3154/3154/3154 3445/3445/3445 3588/3588/3588
f 2974/2974/2974 3812/3812/3812 3084/3084/3084
f 3676/3676/3676 2942/2942/2942 3148/3148/3148
f 2610/2610/2610 3561/3561/3561 3427/3427/3427
f 2386/2386/2386 2628/2628/2628 2181/2181/2181
f 2765/2765/2765 2607/2607/2607 4074/4074/4074
f 3305/3305/3305 2558/2558/2558 4263/4263/4263
f 3940/3940/3940 3687/3687/3687 3513/3513/3513
f 2904/2904/2904 3854/3854/3854 4255/4255/4255
f 3732/3732/3732 3856/3856/3856 3311/3311/3311
f 3163/3163/3163 4271/4271/4271 3637/3637/3637
f 3673/3673/3673 2420/2420/2420 3570/3570/3570
f 3282/3282/3282 3753/3753/3753 3797/3797/3797
f 3948/3948/3948 3279/3279/3279 2963/2963/2963
f 3065/3065/3065 2748/2748/2748 4168/4168/4168
f 3056/3056/3056 2726/2726/2726 3626/3626/3626
f 4167/4167/4167 2589/2589/2589 4068/4068/4068
f 2864/2864/2864 4135/4135/4135 3858/3858/3858
f 3358/3358/3358 4006/4006/4006 3063/3063/3063
f 3982/3982/3982 2676/2676/2676 3325/3325/3325
f 3554/3554/3554 2732/2732/2732 3333/3333/3333
f 3599/3599/3599 2997/2997/2997 2777/2777/2777
f 3190/3190/3190 3804/3804/3804 3502/3502/3502
f 3286/3286/3286 3591/3591/3591 4204/4204/4204
f 2845/2845/2845 4209/4209/4209 3077/3077/3077
f 3131/3131/3131 3042/3042/3042 4296/4296/4296
f 3952/3952/3952 3666/3666/3666 2930/2930/2930
f 3675/3675/3675 2738/2738/2738 3547/3547/3547
f 2909/2909/2909 3332/3332/3332 2461/2461/2461
f 3284/3284/3284 3140/3140/3140 3168/3168/3168
f 2794/2794/2794 3932/3932/3932 2796/2796/2796
f 3727/3727/3727 2731/2731/2731 3244/3244/3244
f 4001/4001/4001 3359/3359/3359 2644/2644/2644
f 2231/2231/2231 3433/3433/3433 3567/3567/3567
f 3839/3839/3839 2854/2854/2854 2759/2759/2759
f 2932/2932/2932 2844/2844/2844 3690/3690/3690
f 3386/3386/3386 2177/2177/2177 2178/2178/2178
f 2996/2996/2996 3761/3761/3761 3779/3779/3779
f 3564/3564/3564 4091/4091/4091 3417/3417/3417
f 4021/4021/4021 3611/3611/3611 2303/2303/2303
f 3063/3063/3063 4006/4006/4006 3489/3489/3489
f 3589/3589/3589 3630/3630/3630 2990/2990/2990
f 3267/3267/3267 2758/2758/2758 3558/3558/3558
f 2784/2784/2784 3410/3410/3410 4009/4009/4009
f 3822/3822/3822 2634/2634/2634 2850/2850/2850
f 3768/3768/3768 3641/3641/3641 2777/2777/2777
f 3140/3140/3140 4271/4271/4271 2501/2501/2501
f 2415/2415/2415 3245/3245/3245 2382/2382/2382
f 3707/3707/3707 2984/2984/2984 2579/2579/2579
f 3961/3961/3961 2739/2739/2739 3874/3874/3874
f 4176/4176/4176 2434/2434/2434 2724/2724/2724
f 2281/2281/2281 4221/4221/4221 2389/2389/2389
f 3756/3756/3756 2756/2756/2756 3747/3747/3747
f 2373/2373/2373 4120/4120/4120 3350/3350/3350
f 3118/3118/3118 4117/4117/4117 4195/4195/4195
f 3991/3991/3991 3681/3681/3681 2918/2918/2918
f 3789/3789/3789 3786/3786/3786 3775/3775/3775
f 3046/3046/3046 3805/3805/3805 2801/2801/2801
f 2536/2536/2536 2837/2837/2837 3068/3068/3068
f 2851/2851/2851 3239/3239/3239 2454/2454/2454
f 2358/2358/2358 2403/2403/2403 2665/2665/2665
f 2365/2365/2365 3242/3242/3242 2763/2763/2763
f 4164/4164/4164 3548/3548/3548 2687/2687/2687
f 3303/3303/3303 2362/2362/2362 2369/2369/2369
f 3053/3053/3053 4043/4043/4043 2420/2420/2420
f 2420/2420/2420 3673/3673/3673 3972/3972/3972
f 2318/2318/2318 2750/2750/2750 4128/4128/4128
f 4201/4201/4201 4019/4019/4019 3449/3449/3449
f 3331/3331/3331 3002/3002/3002 2568/2568/2568
f 4124/4124/4124 2320/2320/2320 3645/3645/3645
f 3445/3445/3445 3850/3850/3850 3096/3096/3096
f 3363/3363/3363 3238/3238/3238 3885/3885/3885
f 3840/3840/3840 2941/2941/2941 3729/3729/3729
f 3602/3602/3602 3252/3252/3252 2920/2920/2920
f 3745/3745/3745 2340/2340/2340 2593/2593/2593
f 2661/2661/2661 2913/2913/2913 2392/2392/2392
f 4000/4000/4000 2746/2746/2746 2748/2748/2748
f 4273/4273/4273 2958/2958/2958 3973/3973/3973
f 2211/2211/2211 2563/2563/2563 3889/3889/3889
f 3613/3613/3613 3807/3807/3807 3109/3109/3109
f 2846/2846/2846 3269/3269/3269 4217/4217/4217
f 4210/4210/4210 2403/2403/2403 3792/3792/3792
f 3420/3420/3420 3752/3752/3752 3061/3061/3061
f 2757/2757/2757 3260/3260/3260 2712/2712/2712
f 2800/2800/2800 4218/4218/4218 3348/3348/3348
f 3388/3388/3388 3571/3571/3571 3254/3254/3254
f 3558/3558/3558 2758/2758/2758 2845/2845/2845
f 3501/3501/3501 4238/4238/4238 2398/2398/2398
f 4006/4006/4006 4119/4119/4119 3489/3489/3489
f 2586/2586/2586 3798/3798/3798 3589/3589/3589
f 2232/2232/2232 3590/3590/3590 3987/3987/3987
f 3866/3866/3866 3598/3598/3598 2999/2999/2999
f 3795/3795/3795 3616/3616/3616 2351/2351/2351
f 2447/2447/2447 2887/2887/2887 4276/4276/4276
f 3648/3648/3648 3837/3837/3837 3217/3217/3217
f 3406/3406/3406 3446/3446/3446 2639/2639/2639
f 2822/2822/2822 2917/2917/2917 2702/2702/2702
f 3594/3594/3594 2448/2448/2448 2993/2993/2993
f 3631/3631/3631 2785/2785/2785 2656/2656/2656
f 2649/2649/2649 3664/3664/3664 3863/3863/3863
f 3331/3331/3331 2580/2580/2580 3884/3884/3884
f 2987/2987/2987 3144/3144/3144 3223/3223/3223
f 4295/4295/4295 3970/3970/3970 2751/2751/2751
f 2721/2721/2721 2732/2732/2732 3341/3341/3341
f 2421/2421/2421 3557/3557/3557 2319/2319/2319
f 2281/2281/2281 2282/2282/2282 4221/4221/4221
f 2917/2917/2917 3040/3040/3040 2560/2560/2560
f 2522/2522/2522 2267/2267/2267 2268/2268/2268
f 3008/3008/3008 4261/4261/4261 2774/2774/2774
f 4184/4184/4184 3334/3334/3334 3250/3250/3250
f 3872/3872/3872 2272/2272/2272 2273/2273/2273
f 3903/3903/3903 2770/2770/2770 2623/2623/2623
f 3362/3362/3362 2307/2307/2307 2413/2413/2413
f 3523/3523/3523 3024/3024/3024 2768/2768/2768
f 3468/3468/3468 2506/2506/2506 3309/3309/3309
f 4002/4002/4002 4208/4208/4208 2492/2492/2492
f 2540/2540/2540 3471/3471/3471 2626/2626/2626
f 3207/3207/3207 3717/3717/3717 3932/3932/3932
f 4073/4073/4073 3883/3883/3883 3307/3307/3307
f 2381/2381/2381 2530/2530/2530 2194/2194/2194
f 3335/3335/3335 3192/3192/3192 2166/2166/2166
f 3912/3912/3912 2970/2970/2970 3636/3636/3636
f 2366/2366/2366 2519/2519/2519 3294/3294/3294
f 4290/4290/4290 3979/3979/3979 3843/3843/3843
f 4037/4037/4037 4173/4173/4173 4236/4236/4236
f 3636/3636/3636 3880/3880/3880 3692/3692/3692
f 3104/3104/3104 2328/2328/2328 2728/2728/2728
f 2620/2620/2620 4145/4145/4145 3180/3180/3180
f 4087/4087/4087 2620/2620/2620 3913/3913/3913
f 4258/4258/4258 2838/2838/2838 3853/3853/3853
f 4124/4124/4124 3393/3393/3393 3405/3405/3405
f 3272/3272/3272 2174/2174/2174 4018/4018/4018
f 4163/4163/4163 3839/3839/3839 3451/3451/3451
f 3075/3075/3075 3037/3037/3037 3867/3867/3867
f 3697/3697/3697 4252/4252/4252 3430/3430/3430
f 4267/4267/4267 4104/4104/4104 2902/2902/2902
f 2270/2270/2270 3970/3970/3970 2770/2770/2770
f 3420/3420/3420 3061/3061/3061 3671/3671/3671
f 2542/2542/2542 3919/3919/3919 3133/3133/3133
f 4059/4059/4059 3591/3591/3591 3286/3286/3286
f 3364/3364/3364 3492/3492/3492 2375/2375/2375
f 2397/2397/2397 2454/2454/2454 3173/3173/3173
f 3722/3722/3722 3481/3481/3481 2463/2463/2463
f 3225/3225/3225 3484/3484/3484 3898/3898/3898
f 2929/2929/2929 3416/3416/3416 4166/4166/4166
f 2338/2338/2338 2871/2871/2871 3184/3184/3184
f 2364/2364/2364 3757/3757/3757 3578/3578/3578
f 2197/2197/2197 2360/2360/2360 3790/3790/3790
f 3488/3488/3488 3463/3463/3463 3016/3016/3016
f 4169/4169/4169 4157/4157/4157 2599/2599/2599
f 3731/3731/3731 2776/2776/2776 2798/2798/2798
f 3519/3519/3519 3497/3497/3497 3049/3049/3049
f 2369/2369/2369 2629/2629/2629 3522/3522/3522
f 2824/2824/2824 3207/3207/3207 3932/3932/3932
f 3455/3455/3455 2348/2348/2348 3354/3354/3354
f 3141/3141/3141 2962/2962/2962 4036/4036/4036
f 4033/4033/4033 3967/3967/3967 3239/3239/3239
f 3536/3536/3536 3531/3531/3531 3575/3575/3575
f 3446/3446/3446 3406/3406/3406 3716/3716/3716
f 2916/2916/2916 3009/3009/3009 2874/2874/2874
f 3103/3103/3103 3489/3489/3489 4119/4119/4119
f 3867/3867/3867 4129/4129/4129 3997/3997/3997
f 2796/2796/2796 2467/2467/2467 2506/2506/2506
f 3557/3557/3557 2421/2421/2421 3663/3663/3663
f 2794/2794/2794 2534/2534/2534 3845/3845/3845
f 2373/2373/2373 3975/3975/3975 4120/4120/4120
f 3543/3543/3543 3435/3435/3435 3031/3031/3031
f 3883/3883/3883 4073/4073/4073 3850/3850/3850
f 3424/3424/3424 2469/2469/2469 3940/3940/3940
f 3201/3201/3201 4170/4170/4170 2349/2349/2349
f 2439/2439/2439 2284/2284/2284 2285/2285/2285
f 2979/2979/2979 3935/3935/3935 3875/3875/3875
f 4072/4072/4072 2393/2393/2393 2817/2817/2817
f 2325/2325/2325 2862/2862/2862 3536/3536/3536
f 3143/3143/3143 2607/2607/2607 4148/4148/4148
f 3182/3182/3182 4025/4025/4025 2787/2787/2787
f 2633/2633/2633 3214/3214/3214 3951/3951/3951
f 2189/2189/2189 2190/2190/2190 2741/2741/2741
f 2531/2531/2531 2333/2333/2333 2644/2644/2644
f 2760/2760/2760 3748/3748/3748 2964/2964/2964
f 2501/2501/2501 2411/2411/2411 3425/3425/3425
f 2569/2569/2569 2938/2938/2938 3171/3171/3171
f 2527/2527/2527 3384/3384/3384 2835/2835/2835
f 2910/2910/2910 2299/2299/2299 2769/2769/2769
f 2304/2304/2304 3232/3232/3232 2841/2841/2841
f 2735/2735/2735 2516/2516/2516 2965/2965/2965
f 4257/4257/4257 4133/4133/4133 2725/2725/2725
f 3329/3329/3329 3153/3153/3153 3770/3770/3770
f 3792/3792/3792 2429/2429/2429 2591/2591/2591
f 3884/3884/3884 2496/2496/2496 3779/3779/3779
f 2991/2991/2991 4291/4291/4291 3370/3370/3370
f 2358/2358/2358 3892/3892/3892 3142/3142/3142
f 3774/3774/3774 2429/2429/2429 2358/2358/2358
f 2441/2441/2441 2358/2358/2358 3142/3142/3142
f 2475/2475/2475 3682/3682/3682 3855/3855/3855
f 4006/4006/4006 3707/3707/3707 2579/2579/2579
f 2696/2696/2696 2511/2511/2511 3147/3147/3147
f 2271/2271/2271 2751/2751/2751 2270/2270/2270
f 3013/3013/3013 2393/2393/2393 3936/3936/3936
f 2951/2951/2951 3604/3604/3604 3197/3197/3197
f 3785/3785/3785 3635/3635/3635 2861/2861/2861
f 2811/2811/2811 3785/3785/3785 3328/3328/3328
f 3938/3938/3938 4242/4242/4242 3248/3248/3248
f 3563/3563/3563 4094/4094/4094 2603/2603/2603
f 3667/3667/3667 3956/3956/3956 2739/2739/2739
f 2735/2735/2735 3952/3952/3952 2930/2930/2930
f 2430/2430/2430 3759/3759/3759 2841/2841/2841
f 2478/2478/2478 4097/4097/4097 2492/2492/2492
f 2611/2611/2611 3242/3242/3242 2888/2888/2888
f 3652/3652/3652 4013/4013/4013 3645/3645/3645
f 4132/4132/4132 2221/2221/2221 2966/2966/2966
f 3212/3212/3212 4060/4060/4060 2563/2563/2563
f 3178/3178/3178 2805/2805/2805 3025/3025/3025
f 3785/3785/3785 2861/2861/2861 3328/3328/3328
f 3264/3264/3264 2961/2961/2961 4126/4126/4126
f 2448/2448/2448 3594/3594/3594 2803/2803/2803
f 2611/2611/2611 2763/2763/2763 3242/3242/3242
f 2858/2858/2858 2737/2737/2737 3646/3646/3646
f 3904/3904/3904 4087/4087/4087 3913/3913/3913
f 3703/3703/3703 2909/2909/2909 4113/4113/4113
f 3556/3556/3556 3406/3406/3406 4106/4106/4106
f 3583/3583/3583 2346/2346/2346 3278/3278/3278
f 2579/2579/2579 2332/2332/2332 4119/4119/4119
f 4161/4161/4161 3491/3491/3491 3937/3937/3937
f 2714/2714/2714 4196/4196/4196 2543/2543/2543
f 4130/4130/4130 3780/3780/3780 3436/3436/3436
f 3920/3920/3920 3004/3004/3004 3895/3895/3895
f 2317/2317/2317 2397/2397/2397 2396/2396/2396
f 2198/2198/2198 2842/2842/2842 2859/2859/2859
f 3084/3084/3084 3051/3051/3051 2985/2985/2985
f 2912/2912/2912 4139/4139/4139 2323/2323/2323
f 3953/3953/3953 2494/2494/2494 3268/3268/3268
f 3446/3446/3446 2717/2717/2717 4190/4190/4190
f 3809/3809/3809 2555/2555/2555 3100/3100/3100
f 3123/3123/3123 2333/2333/2333 2646/2646/2646
f 4248/4248/4248 2615/2615/2615 3498/3498/3498
f 2214/2214/2214 3361/3361/3361 4284/4284/4284
f 3787/3787/3787 3013/3013/3013 2325/2325/2325
f 2368/2368/2368 4146/4146/4146 3295/3295/3295
f 2525/2525/2525 2993/2993/2993 2448/2448/2448
f 3641/3641/3641 2560/2560/2560 3554/3554/3554
f 3905/3905/3905 2487/2487/2487 2721/2721/2721
f 3261/3261/3261 2305/2305/2305 3183/3183/3183
f 2339/2339/2339 3243/3243/3243 3264/3264/3264
f 4023/4023/4023 2880/2880/2880 3001/3001/3001
f 3802/3802/3802 3990/3990/3990 2588/2588/2588
f 3554/3554/3554 3040/3040/3040 4273/4273/4273
f 2721/2721/2721 2899/2899/2899 3905/3905/3905
f 3820/3820/3820 2508/2508/2508 3933/3933/3933
f 2895/2895/2895 3462/3462/3462 3954/3954/3954
f 2361/2361/2361 2282/2282/2282 4203/4203/4203
f 3138/3138/3138 3417/3417/3417 3679/3679/3679
f 3285/3285/3285 2603/2603/2603 4094/4094/4094
f 3812/3812/3812 4047/4047/4047 3084/3084/3084
f 2909/2909/2909 4145/4145/4145 3332/3332/3332
f 4263/4263/4263 2498/2498/2498 3516/3516/3516
f 2717/2717/2717 3446/3446/3446 3764/3764/3764
f 3605/3605/3605 3621/3621/3621 3721/3721/3721
f 3262/3262/3262 4005/4005/4005 3665/3665/3665
f 3216/3216/3216 4002/4002/4002 2612/2612/2612
f 3482/3482/3482 2357/2357/2357 3821/3821/3821
f 2729/2729/2729 3015/3015/3015 2802/2802/2802
f 4018/4018/4018 3597/3597/3597 3272/3272/3272
f 2865/2865/2865 4217/4217/4217 2768/2768/2768
f 2708/2708/2708 2426/2426/2426 3354/3354/3354
f 3707/3707/3707 4006/4006/4006 4185/4185/4185
f 4207/4207/4207 4052/4052/4052 3470/3470/3470
f 2711/2711/2711 2949/2949/2949 3189/3189/3189
f 3098/3098/3098 2995/2995/2995 3616/3616/3616
f 3098/3098/3098 2873/2873/2873 2995/2995/2995
f 4056/4056/4056 2192/2192/2192 3629/3629/3629
f 2179/2179/2179 2180/2180/2180 3082/3082/3082
f 3242/3242/3242 3045/3045/3045 2888/2888/2888
f 3002/3002/3002 3389/3389/3389 2858/2858/2858
f 3433/3433/3433 3987/3987/3987 2337/2337/2337
f 2337/2337/2337 3567/3567/3567 3433/3433/3433
f 2279/2279/2279 3515/3515/3515 3744/3744/3744
f 3310/3310/3310 2544/2544/2544 3902/3902/3902
f 3189/3189/3189 2949/2949/2949 3589/3589/3589
f 4280/4280/4280 2763/2763/2763 3247/3247/3247
f 2951/2951/2951 2986/2986/2986 3819/3819/3819
f 2502/2502/2502 2524/2524/2524 3878/3878/3878
f 3923/3923/3923 2197/2197/2197 2198/2198/2198
f 3308/3308/3308 2636/2636/2636 4117/4117/4117
f 3911/3911/3911 3705/3705/3705 3126/3126/3126
f 2575/2575/2575 4007/4007/4007 3044/3044/3044
f 2781/2781/2781 3752/3752/3752 3467/3467/3467
f 2464/2464/2464 3993/3993/3993 2549/2549/2549
f 2733/2733/2733 3994/3994/3994 3368/3368/3368
f 3548/3548/3548 3899/3899/3899 3472/3472/3472
f 3166/3166/3166 4184/4184/4184 3864/3864/3864
f 2559/2559/2559 3494/3494/3494 2749/2749/2749
f 2669/2669/2669 2895/2895/2895 3038/3038/3038
f 3254/3254/3254 4291/4291/4291 2991/2991/2991
f 3285/3285/3285 3831/3831/3831 2907/2907/2907
f 3449/3449/3449 3445/3445/3445 3154/3154/3154
f 3239/3239/3239 3967/3967/3967 3085/3085/3085
f 4206/4206/4206 3246/3246/3246 2879/2879/2879
f 3429/3429/3429 3072/3072/3072 3723/3723/3723
f 2743/2743/2743 2817/2817/2817 2517/2517/2517
f 2852/2852/2852 2684/2684/2684 3549/3549/3549
f 3615/3615/3615 3194/3194/3194 4202/4202/4202
f 3085/3085/3085 3249/3249/3249 2454/2454/2454
f 2302/2302/2302 3212/3212/3212 3338/3338/3338
f 2366/2366/2366 2494/2494/2494 3262/3262/3262
f 3033/3033/3033 2671/2671/2671 3766/3766/3766
f 3237/3237/3237 3691/3691/3691 3633/3633/3633
f 3412/3412/3412 2362/2362/2362 3106/3106/3106
f 3989/3989/3989 3820/3820/3820 3924/3924/3924
f 4113/4113/4113 2954/2954/2954 3141/3141/3141
f 4238/4238/4238 2626/2626/2626 4165/4165/4165
f 2497/2497/2497 3911/3911/3911 3126/3126/3126
f 3319/3319/3319 4290/4290/4290 3843/3843/3843
f 4112/4112/4112 3961/3961/3961 3874/3874/3874
f 2507/2507/2507 3448/3448/3448 4181/4181/4181
f 4118/4118/4118 3816/3816/3816 2866/2866/2866
f 2622/2622/2622 2689/2689/2689 2472/2472/2472
f 4135/4135/4135 4040/4040/4040 2680/2680/2680
f 4193/4193/4193 4142/4142/4142 3973/3973/3973
f 3896/3896/3896 3027/3027/3027 4022/4022/4022
f 3192/3192/3192 3117/3117/3117 3005/3005/3005
f 4210/4210/4210 3890/3890/3890 3751/3751/3751
f 3980/3980/3980 3401/3401/3401 2418/2418/2418
f 3538/3538/3538 4011/4011/4011 4099/4099/4099
f 4283/4283/4283 4250/4250/4250 3701/3701/3701
f 3817/3817/3817 3077/3077/3077 3448/3448/3448
f 2169/2169/2169 4137/4137/4137 2168/2168/2168
f 2496/2496/2496 3544/3544/3544 3045/3045/3045
f 3175/3175/3175 3355/3355/3355 3741/3741/3741
f 3017/3017/3017 4168/4168/4168 2552/2552/2552
f 2381/2381/2381 2314/2314/2314 3563/3563/3563
f 2416/2416/2416 2510/2510/2510 2681/2681/2681
f 3755/3755/3755 2331/2331/2331 2526/2526/2526
f 3615/3615/3615 3510/3510/3510 3562/3562/3562
f 3333/3333/3333 2458/2458/2458 2791/2791/2791
f 3369/3369/3369 2807/2807/2807 3603/3603/3603
f 2982/2982/2982 4061/4061/4061 4212/4212/4212
f 4249/4249/4249 3184/3184/3184 4105/4105/4105
f 2918/2918/2918 3909/3909/3909 3991/3991/3991
f 2579/2579/2579 4293/4293/4293 3221/3221/3221
f 3660/3660/3660 2222/2222/2222 2223/2223/2223
f 3344/3344/3344 2615/2615/2615 3130/3130/3130
f 3522/3522/3522 2811/2811/2811 2877/2877/2877
f 3376/3376/3376 2965/2965/2965 2771/2771/2771
f 2418/2418/2418 3702/3702/3702 3601/3601/3601
f 3704/3704/3704 4011/4011/4011 4068/4068/4068
f 3778/3778/3778 2569/2569/2569 3419/3419/3419
f 3189/3189/3189 2475/2475/2475 2711/2711/2711
f 3946/3946/3946 3507/3507/3507 2591/2591/2591
f 3692/3692/3692 3405/3405/3405 3393/3393/3393
f 2959/2959/2959 4065/4065/4065 4157/4157/4157
f 2714/2714/2714 2977/2977/2977 4196/4196/4196
f 3628/3628/3628 4198/4198/4198 3181/3181/3181
f 3821/3821/3821 2485/2485/2485 2913/2913/2913
f 3118/3118/3118 4195/4195/4195 3440/3440/3440
f 3630/3630/3630 2674/2674/2674 3424/3424/3424
f 3275/3275/3275 3552/3552/3552 2587/2587/2587
f 4057/4057/4057 4085/4085/4085 3547/3547/3547
f 2525/2525/2525 3878/3878/3878 3183/3183/3183
f 3733/3733/3733 2438/2438/2438 2972/2972/2972
f 2347/2347/2347 3874/3874/3874 3956/3956/3956
f 3352/3352/3352 3910/3910/3910 3555/3555/3555
f 2651/2651/2651 3525/3525/3525 2463/2463/2463
f 3795/3795/3795 3098/3098/3098 3616/3616/3616
f 4138/4138/4138 3365/3365/3365 2645/2645/2645
f 4162/4162/4162 3971/3971/3971 3042/3042/3042
f 3322/3322/3322 4141/4141/4141 2624/2624/2624
f 3323/3323/3323 4160/4160/4160 4100/4100/4100
f 4092/4092/4092 2965/2965/2965 3956/3956/3956
f 4049/4049/4049 3991/3991/3991 3909/3909/3909
f 3162/3162/3162 2619/2619/2619 3859/3859/3859
f 2676/2676/2676 2847/2847/2847 3343/3343/3343
f 3373/3373/3373 3154/3154/3154 3588/3588/3588
f 4224/4224/4224 3543/3543/3543 2992/2992/2992
f 3274/3274/3274 3811/3811/3811 2673/2673/2673
f 4207/4207/4207 4053/4053/4053 3661/3661/3661
f 2835/2835/2835 3803/3803/3803 3287/3287/3287
f 3177/3177/3177 3003/3003/3003 3000/3000/3000
f 2478/2478/2478 2619/2619/2619 3455/3455/3455
f 3501/3501/3501 2812/2812/2812 4238/4238/4238
f 3149/3149/3149 2913/2913/2913 2485/2485/2485
f 3728/3728/3728 3821/3821/3821 2913/2913/2913
f 3197/3197/3197 3604/3604/3604 2305/2305/2305
f 3243/3243/3243 2445/2445/2445 4277/4277/4277
f 4030/4030/4030 2722/2722/2722 3954/3954/3954
f 2390/2390/2390 2637/2637/2637 3759/3759/3759
f 3001/3001/3001 4036/4036/4036 4081/4081/4081
f 4036/4036/4036 3673/3673/3673 4081/4081/4081
f 3772/3772/3772 3631/3631/3631 3132/3132/3132
f 3349/3349/3349 4010/4010/4010 2753/2753/2753
f 3399/3399/3399 3496/3496/3496 4121/4121/4121
f 2520/2520/2520 2948/2948/2948 3337/3337/3337
f 3904/3904/3904 2377/2377/2377 4027/4027/4027
f 4041/4041/4041 3479/3479/3479 3504/3504/3504
f 2974/2974/2974 3084/3084/3084 2985/2985/2985
f 4094/4094/4094 3563/3563/3563 2314/2314/2314
f 3910/3910/3910 4239/4239/4239 3555/3555/3555
f 3283/3283/3283 3541/3541/3541 2453/2453/2453
f 3118/3118/3118 3440/3440/3440 3613/3613/3613
f 3783/3783/3783 3440/3440/3440 2202/2202/2202
f 3922/3922/3922 2872/2872/2872 2388/2388/2388
f 3367/3367/3367 3276/3276/3276 3584/3584/3584
f 2292/2292/2292 3497/3497/3497 3718/3718/3718
f 2561/2561/2561 2401/2401/2401 4247/4247/4247
f 3552/3552/3552 3275/3275/3275 2861/2861/2861
f 2309/2309/2309 2585/2585/2585 3464/3464/3464
f 3380/3380/3380 2405/2405/2405 3285/3285/3285
f 3503/3503/3503 3285/3285/3285 2907/2907/2907
f 4263/4263/4263 3516/3516/3516 3305/3305/3305
f 2207/2207/2207 3273/3273/3273 2391/2391/2391
f 3774/3774/3774 2441/2441/2441 2163/2163/2163
f 2547/2547/2547 3520/3520/3520 3349/3349/3349
f 2562/2562/2562 4074/4074/4074 4229/4229/4229
f 3330/3330/3330 3780/3780/3780 4130/4130/4130
f 3464/3464/3464 2585/2585/2585 3916/3916/3916
f 3223/3223/3223 4085/4085/4085 2987/2987/2987
f 2616/2616/2616 3879/3879/3879 4179/4179/4179
f 4259/4259/4259 2720/2720/2720 2810/2810/2810
f 2640/2640/2640 4204/4204/4204 3591/3591/3591
f 4069/4069/4069 2927/2927/2927 3222/3222/3222
f 2644/2644/2644 2988/2988/2988 4001/4001/4001
f 2210/2210/2210 3889/3889/3889 3245/3245/3245
f 3030/3030/3030 3740/3740/3740 2929/2929/2929
f 2184/2184/2184 2631/2631/2631 2533/2533/2533
f 3872/3872/3872 3421/3421/3421 2848/2848/2848
f 3369/3369/3369 2667/2667/2667 2807/2807/2807
f 3156/3156/3156 3170/3170/3170 2860/2860/2860
f 2903/2903/2903 2932/2932/2932 2535/2535/2535
f 3049/3049/3049 2293/2293/2293 2886/2886/2886
f 2902/2902/2902 3739/3739/3739 4051/4051/4051
f 3661/3661/3661 4053/4053/4053 4129/4129/4129
f 3376/3376/3376 2783/2783/2783 2347/2347/2347
f 2619/2619/2619 2478/2478/2478 3859/3859/3859
f 2758/2758/2758 4156/4156/4156 3115/3115/3115
f 2412/2412/2412 3640/3640/3640 2995/2995/2995
f 4008/4008/4008 4225/4225/4225 4079/4079/4079
f 2947/2947/2947 3401/3401/3401 4256/4256/4256
f 2589/2589/2589 2523/2523/2523 2334/2334/2334
f 3990/3990/3990 3802/3802/3802 2986/2986/2986
f 4289/4289/4289 2890/2890/2890 2946/2946/2946
f 3718/3718/3718 3291/3291/3291 2291/2291/2291
f 3142/3142/3142 2943/2943/2943 2441/2441/2441
f 2977/2977/2977 2607/2607/2607 2765/2765/2765
f 2673/2673/2673 3811/3811/3811 3288/3288/3288
f 4228/4228/4228 2337/2337/2337 2459/2459/2459
f 3013/3013/3013 2343/2343/2343 3224/3224/3224
f 3189/3189/3189 3589/3589/3589 2990/2990/2990
f 2314/2314/2314 2381/2381/2381 2195/2195/2195
f 2557/2557/2557 3214/3214/3214 2750/2750/2750
f 3600/3600/3600 4088/4088/4088 4163/4163/4163
f 3225/3225/3225 3034/3034/3034 3194/3194/3194
f 3034/3034/3034 2767/2767/2767 3444/3444/3444
f 3202/3202/3202 4259/4259/4259 3624/3624/3624
f 3072/3072/3072 3767/3767/3767 3723/3723/3723
f 3360/3360/3360 2559/2559/2559 3110/3110/3110
f 3724/3724/3724 3531/3531/3531 2862/2862/2862
f 3174/3174/3174 4292/4292/4292 3330/3330/3330
f 3726/3726/3726 3229/3229/3229 3526/3526/3526
f 2250/2250/2250 4135/4135/4135 2680/2680/2680
f 2576/2576/2576 3568/3568/3568 3116/3116/3116
f 2349/2349/2349 3490/3490/3490 3201/3201/3201
f 4277/4277/4277 3786/3786/3786 2819/2819/2819
f 3187/3187/3187 2518/2518/2518 4063/4063/4063
f 4034/4034/4034 3630/3630/3630 3424/3424/3424
f 2465/2465/2465 2983/2983/2983 2715/2715/2715
f 3919/3919/3919 3698/3698/3698 3133/3133/3133
f 2163/2163/2163 2441/2441/2441 2686/2686/2686
f 3347/3347/3347 4070/4070/4070 2660/2660/2660
f 3475/3475/3475 2784/2784/2784 2908/2908/2908
f 3668/3668/3668 2564/2564/2564 3918/3918/3918
f 3223/3223/3223 3675/3675/3675 3547/3547/3547
f 2860/2860/2860 3395/3395/3395 2508/2508/2508
f 2953/2953/2953 4107/4107/4107 3678/3678/3678
f 2869/2869/2869 4116/4116/4116 4140/4140/4140
f 3255/3255/3255 3758/3758/3758 4054/4054/4054
f 4076/4076/4076 2474/2474/2474 2316/2316/2316
f 4161/4161/4161 3547/3547/3547 2738/2738/2738
f 3255/3255/3255 2378/2378/2378 3163/3163/3163
f 2894/2894/2894 3028/3028/3028 2854/2854/2854
f 3613/3613/3613 3783/3783/3783 3807/3807/3807
f 3812/3812/3812 4089/4089/4089 4090/4090/4090
f 2416/2416/2416 4246/4246/4246 3263/3263/3263
f 2282/2282/2282 2336/2336/2336 4221/4221/4221
f 3727/3727/3727 3362/3362/3362 2731/2731/2731
f 2516/2516/2516 2735/2735/2735 3399/3399/3399
f 2456/2456/2456 3742/3742/3742 4188/4188/4188
f 2290/2290/2290 4189/4189/4189 2289/2289/2289
f 2470/2470/2470 3571/3571/3571 3388/3388/3388
f 3930/3930/3930 3395/3395/3395 2860/2860/2860
f 4114/4114/4114 2747/2747/2747 2859/2859/2859
f 3157/3157/3157 3233/3233/3233 2828/2828/2828
f 3764/3764/3764 3716/3716/3716 2978/2978/2978
f 2500/2500/2500 3634/3634/3634 3553/3553/3553
f 2582/2582/2582 2765/2765/2765 3418/3418/3418
f 4039/4039/4039 3817/3817/3817 2812/2812/2812
f 3514/3514/3514 4012/4012/4012 3907/3907/3907
f 4127/4127/4127 4048/4048/4048 2795/2795/2795
f 2169/2169/2169 2170/2170/2170 3555/3555/3555
f 3948/3948/3948 2264/2264/2264 2265/2265/2265
f 2675/2675/2675 2261/2261/2261 2262/2262/2262
f 3278/3278/3278 2828/2828/2828 3353/3353/3353
f 3478/3478/3478 3929/3929/3929 3824/3824/3824
f 2566/2566/2566 2780/2780/2780 3281/3281/3281
f 4043/4043/4043 2551/2551/2551 3927/3927/3927
f 3415/3415/3415 3571/3571/3571 2470/2470/2470
f 2162/2162/2162 3315/3315/3315 2161/2161/2161
f 3017/3017/3017 2652/2652/2652 2968/2968/2968
f 3336/3336/3336 4279/4279/4279 3891/3891/3891
f 2322/2322/2322 4083/4083/4083 2656/2656/2656
f 4104/4104/4104 3731/3731/3731 2798/2798/2798
f 3483/3483/3483 3868/3868/3868 4174/4174/4174
f 3099/3099/3099 2871/2871/2871 2178/2178/2178
f 4192/4192/4192 2967/2967/2967 4266/4266/4266
f 3122/3122/3122 2346/2346/2346 3423/3423/3423
f 2993/2993/2993 3479/3479/3479 3620/3620/3620
f 2238/2238/2238 2583/2583/2583 3323/3323/3323
f 3178/3178/3178 2565/2565/2565 2805/2805/2805
f 2875/2875/2875 3119/3119/3119 3221/3221/3221
f 3302/3302/3302 2790/2790/2790 4109/4109/4109
f 4257/4257/4257 3551/3551/3551 2374/2374/2374
f 4237/4237/4237 3618/3618/3618 3387/3387/3387
f 4023/4023/4023 3001/3001/3001 3259/3259/3259
f 3654/3654/3654 2442/2442/2442 2967/2967/2967
f 3116/3116/3116 4067/4067/4067 3573/3573/3573
f 2939/2939/2939 4185/4185/4185 2313/2313/2313
f 2543/2543/2543 4078/4078/4078 2585/2585/2585
f 3284/3284/3284 2415/2415/2415 2382/2382/2382
f 2399/2399/2399 2328/2328/2328 3257/3257/3257
f 2842/2842/2842 2199/2199/2199 3757/3757/3757
f 2315/2315/2315 4073/4073/4073 4115/4115/4115
f 2805/2805/2805 2984/2984/2984 3782/3782/3782
f 3051/3051/3051 2907/2907/2907 4200/4200/4200
f 3295/3295/3295 4146/4146/4146 4082/4082/4082
f 4058/4058/4058 2218/2218/2218 2219/2219/2219
f 4263/4263/4263 2558/2558/2558 3494/3494/3494
f 2378/2378/2378 3255/3255/3255 4054/4054/4054
f 3126/3126/3126 4139/4139/4139 2912/2912/2912
f 2829/2829/2829 2941/2941/2941 2922/2922/2922
f 3667/3667/3667 2739/2739/2739 2875/2875/2875
f 2313/2313/2313 4185/4185/4185 3358/3358/3358
f 3089/3089/3089 3350/3350/3350 2432/2432/2432
f 2284/2284/2284 2439/2439/2439 2979/2979/2979
f 3108/3108/3108 3550/3550/3550 2538/2538/2538
f 2370/2370/2370 3138/3138/3138 2513/2513/2513
f 3024/3024/3024 2865/2865/2865 2768/2768/2768
f 2858/2858/2858 3389/3389/3389 2737/2737/2737
f 2957/2957/2957 4038/4038/4038 4223/4223/4223
f 4026/4026/4026 2726/2726/2726 3841/3841/3841
f 3958/3958/3958 3413/3413/3413 2419/2419/2419
f 2169/2169/2169 3555/3555/3555 4137/4137/4137
f 3217/3217/3217 3512/3512/3512 3809/3809/3809
f 3401/3401/3401 3980/3980/3980 4256/4256/4256
f 3251/3251/3251 2820/2820/2820 3628/3628/3628
f 3148/3148/3148 2942/2942/2942 2775/2775/2775
f 3196/3196/3196 4164/4164/4164 2303/2303/2303
f 2514/2514/2514 4144/4144/4144 3266/3266/3266
f 2907/2907/2907 4047/4047/4047 3503/3503/3503
f 3285/3285/3285 3503/3503/3503 3380/3380/3380
f 3395/3395/3395 4180/4180/4180 2959/2959/2959
f 2658/2658/2658 2191/2191/2191 4056/4056/4056
f 4128/4128/4128 2750/2750/2750 4015/4015/4015
f 4090/4090/4090 4089/4089/4089 2315/2315/2315
f 2479/2479/2479 3208/3208/3208 3968/3968/3968
f 3361/3361/3361 3612/3612/3612 2856/2856/2856
f 2220/2220/2220 2221/2221/2221 4132/4132/4132
f 3029/3029/3029 2818/2818/2818 2644/2644/2644
f 3107/3107/3107 3720/3720/3720 3506/3506/3506
f 4135/4135/4135 2864/2864/2864 4040/4040/4040
f 3232/3232/3232 3917/3917/3917 4231/4231/4231
f 2408/2408/2408 3931/3931/3931 3458/3458/3458
f 3219/3219/3219 3129/3129/3129 3829/3829/3829
f 4225/4225/4225 3129/3129/3129 3219/3219/3219
f 3049/3049/3049 3497/3497/3497 4232/4232/4232
f 2991/2991/2991 3945/3945/3945 4055/4055/4055
f 2320/2320/2320 2618/2618/2618 2449/2449/2449
f 2782/2782/2782 3649/3649/3649 3211/3211/3211
f 3990/3990/3990 2736/2736/2736 2588/2588/2588
f 3365/3365/3365 3008/3008/3008 2774/2774/2774
f 3309/3309/3309 3106/3106/3106 3689/3689/3689
f 3244/3244/3244 3756/3756/3756 3487/3487/3487
f 2604/2604/2604 3431/3431/3431 3828/3828/3828
f 3249/3249/3249 3928/3928/3928 3173/3173/3173
f 3929/3929/3929 2521/2521/2521 3824/3824/3824
f 3928/3928/3928 4086/4086/4086 3963/3963/3963
f 3147/3147/3147 2539/2539/2539 4276/4276/4276
f 2350/2350/2350 2896/2896/2896 4022/4022/4022
f 3253/3253/3253 4279/4279/4279 2606/2606/2606
f 3304/3304/3304 3957/3957/3957 2924/2924/2924
f 2424/2424/2424 2614/2614/2614 3266/3266/3266
f 3119/3119/3119 2875/2875/2875 3961/3961/3961
f 3606/3606/3606 2962/2962/2962 3141/3141/3141
f 4274/4274/4274 4019/4019/4019 2949/2949/2949
f 3318/3318/3318 2368/2368/2368 3967/3967/3967
f 2993/2993/2993 3504/3504/3504 3479/3479/3479
f 2721/2721/2721 2487/2487/2487 2458/2458/2458
f 4159/4159/4159 4150/4150/4150 2541/2541/2541
f 4149/4149/4149 4050/4050/4050 2515/2515/2515
f 3436/3436/3436 2557/2557/2557 2318/2318/2318
f 3064/3064/3064 3788/3788/3788 2883/2883/2883
f 3997/3997/3997 4129/4129/4129 4246/4246/4246
f 3957/3957/3957 3594/3594/3594 2972/2972/2972
f 2548/2548/2548 2663/2663/2663 2797/2797/2797
f 4004/4004/4004 2933/2933/2933 3798/3798/3798
f 3790/3790/3790 2395/2395/2395 2314/2314/2314
f 3099/3099/3099 2697/2697/2697 4286/4286/4286
f 2176/2176/2176 2177/2177/2177 2338/2338/2338
f 2798/2798/2798 2776/2776/2776 3186/3186/3186
f 3685/3685/3685 2289/2289/2289 4189/4189/4189
f 3677/3677/3677 4134/4134/4134 2641/2641/2641
f 3152/3152/3152 2408/2408/2408 3458/3458/3458
f 3210/3210/3210 3091/3091/3091 3712/3712/3712
f 3698/3698/3698 3043/3043/3043 3133/3133/3133
f 3398/3398/3398 3343/3343/3343 3893/3893/3893
f 2652/2652/2652 3017/3017/3017 3607/3607/3607
f 3170/3170/3170 2704/2704/2704 3499/3499/3499
f 3463/3463/3463 3499/3499/3499 2704/2704/2704
f 3470/3470/3470 4052/4052/4052 4196/4196/4196
f 3457/3457/3457 3578/3578/3578 4151/4151/4151
f 3532/3532/3532 4178/4178/4178 3351/3351/3351
f 3625/3625/3625 4150/4150/4150 2488/2488/2488
f 4272/4272/4272 3978/3978/3978 4125/4125/4125
f 3824/3824/3824 2537/2537/2537 3537/3537/3537
f 2365/2365/2365 4098/4098/4098 3242/3242/3242
f 4024/4024/4024 3899/3899/3899 3944/3944/3944
f 4101/4101/4101 3019/3019/3019 3124/3124/3124
f 3188/3188/3188 3559/3559/3559 4261/4261/4261
f 3451/3451/3451 4112/4112/4112 4163/4163/4163
f 2444/2444/2444 3553/3553/3553 2894/2894/2894
f 4024/4024/4024 3193/3193/3193 2363/2363/2363
f 3884/3884/3884 3761/3761/3761 3002/3002/3002
f 3891/3891/3891 2652/2652/2652 2876/2876/2876
f 2361/2361/2361 4203/4203/4203 3426/3426/3426
f 3836/3836/3836 3645/3645/3645 4013/4013/4013
f 2891/2891/2891 2173/2173/2173 3597/3597/3597
f 2651/2651/2651 3576/3576/3576 3573/3573/3573
f 3036/3036/3036 2451/2451/2451 2252/2252/2252
f 4150/4150/4150 3474/3474/3474 4111/4111/4111
f 3175/3175/3175 2777/2777/2777 4241/4241/4241
f 3909/3909/3909 2893/2893/2893 3877/3877/3877
f 4169/4169/4169 3933/3933/3933 4157/4157/4157
f 4237/4237/4237 3825/3825/3825 3618/3618/3618
f 4254/4254/4254 2328/2328/2328 3125/3125/3125
f 3020/3020/3020 2298/2298/2298 2370/2370/2370
f 2289/2289/2289 3685/3685/3685 2288/2288/2288
f 2437/2437/2437 2447/2447/2447 3694/3694/3694
f 3421/3421/3421 3026/3026/3026 2667/2667/2667
f 4037/4037/4037 3700/3700/3700 2297/2297/2297
f 4057/4057/4057 2594/2594/2594 2482/2482/2482
f 3811/3811/3811 3546/3546/3546 3454/3454/3454
f 2638/2638/2638 2172/2172/2172 2891/2891/2891
f 2762/2762/2762 3556/3556/3556 2240/2240/2240
f 2971/2971/2971 3107/3107/3107 3226/3226/3226
f 3152/3152/3152 3426/3426/3426 4176/4176/4176
f 3280/3280/3280 3458/3458/3458 4252/4252/4252
f 2751/2751/2751 2919/2919/2919 2772/2772/2772
f 3806/3806/3806 4177/4177/4177 3596/3596/3596
f 3896/3896/3896 2896/2896/2896 2784/2784/2784
f 3607/3607/3607 2552/2552/2552 2702/2702/2702
f 2337/2337/2337 4228/4228/4228 3581/3581/3581
f 3239/3239/3239 3085/3085/3085 2454/2454/2454
f 4089/4089/4089 3850/3850/3850 2315/2315/2315
f 3983/3983/3983 2301/2301/2301 3577/3577/3577
f 4005/4005/4005 2494/2494/2494 3953/3953/3953
f 3207/3207/3207 2824/2824/2824 2323/2323/2323
f 3095/3095/3095 4255/4255/4255 3854/3854/3854
f 3854/3854/3854 2904/2904/2904 3400/3400/3400
f 2693/2693/2693 2847/2847/2847 4066/4066/4066
f 2997/2997/2997 3599/3599/3599 4147/4147/4147
f 3338/3338/3338 2212/2212/2212 2213/2213/2213
f 3527/3527/3527 3914/3914/3914 3622/3622/3622
f 2383/2383/2383 2932/2932/2932 3011/3011/3011
f 2844/2844/2844 3397/3397/3397 3690/3690/3690
f 2286/2286/2286 2379/2379/2379 4214/4214/4214
f 2432/2432/2432 3452/3452/3452 3769/3769/3769
f 2416/2416/2416 2681/2681/2681 4246/4246/4246
f 3037/3037/3037 3028/3028/3028 3634/3634/3634
f 3397/3397/3397 2352/2352/2352 3690/3690/3690
f 3533/3533/3533 3618/3618/3618 4123/4123/4123
f 3291/3291/3291 2354/2354/2354 3486/3486/3486
f 2554/2554/2554 4235/4235/4235 3677/3677/3677
f 2576/2576/2576 3450/3450/3450 2357/2357/2357
f 3050/3050/3050 2241/2241/2241 2242/2242/2242
f 2762/2762/2762 3406/3406/3406 3556/3556/3556
f 3716/3716/3716 2762/2762/2762 3050/3050/3050
f 3270/3270/3270 2610/2610/2610 3626/3626/3626
f 3378/3378/3378 2247/2247/2247 2248/2248/2248
f 2898/2898/2898 3151/3151/3151 3158/3158/3158
f 2522/2522/2522 3151/3151/3151 2989/2989/2989
f 3366/3366/3366 3303/3303/3303 2369/2369/2369
f 2655/2655/2655 3689/3689/3689 3366/3366/3366
f 2842/2842/2842 2198/2198/2198 2199/2199/2199
f 2308/2308/2308 2885/2885/2885 3308/3308/3308
f 3143/3143/3143 4148/4148/4148 2342/2342/2342
f 4244/4244/4244 2557/2557/2557 3436/3436/3436
f 2423/2423/2423 2982/2982/2982 2831/2831/2831
f 3367/3367/3367 4212/4212/4212 4061/4061/4061
f 2699/2699/2699 2816/2816/2816 3441/3441/3441
f 3639/3639/3639 2422/2422/2422 2527/2527/2527
f 4224/4224/4224 2778/2778/2778 3435/3435/3435
f 3245/3245/3245 3889/3889/3889 2382/2382/2382
f 3488/3488/3488 3016/3016/3016 2681/2681/2681
f 4114/4114/4114 3051/3051/3051 4200/4200/4200
f 3391/3391/3391 4258/4258/4258 2498/2498/2498
f 2501/2501/2501 4271/4271/4271 3163/3163/3163
f 3891/3891/3891 2876/2876/2876 3313/3313/3313
f 2955/2955/2955 2418/2418/2418 2705/2705/2705
f 2706/2706/2706 3121/3121/3121 3430/3430/3430
f 2288/2288/2288 4154/4154/4154 2287/2287/2287
f 4215/4215/4215 4029/4029/4029 3897/3897/3897
f 2368/2368/2368 3318/3318/3318 4146/4146/4146
f 2653/2653/2653 3136/3136/3136 4165/4165/4165
f 2935/2935/2935 2850/2850/2850 2634/2634/2634
f 2856/2856/2856 3818/3818/3818 4284/4284/4284
f 3509/3509/3509 2343/2343/2343 2402/2402/2402
f 3746/3746/3746 3174/3174/3174 2505/2505/2505
f 2306/2306/2306 3635/3635/3635 3785/3785/3785
f 3665/3665/3665 3126/3126/3126 2912/2912/2912
f 2512/2512/2512 2939/2939/2939 2313/2313/2313
f 3162/3162/3162 3701/3701/3701 2330/2330/2330
f 4007/4007/4007 4005/4005/4005 3953/3953/3953
f 3002/3002/3002 3761/3761/3761 3389/3389/3389
f 3890/3890/3890 3349/3349/3349 3069/3069/3069
f 3834/3834/3834 2542/2542/2542 3529/3529/3529
f 3655/3655/3655 3190/3190/3190 3502/3502/3502
f 2546/2546/2546 3283/3283/3283 3372/3372/3372
f 3058/3058/3058 3464/3464/3464 3916/3916/3916
f 2882/2882/2882 2647/2647/2647 3068/3068/3068
f 3222/3222/3222 4213/4213/4213 4289/4289/4289
f 3917/3917/3917 4219/4219/4219 2581/2581/2581
f 2361/2361/2361 2336/2336/2336 2282/2282/2282
f 3815/3815/3815 3776/3776/3776 2345/2345/2345
f 3484/3484/3484 3225/3225/3225 3194/3194/3194
f 3091/3091/3091 2964/2964/2964 2384/2384/2384
f 3711/3711/3711 2223/2223/2223 2224/2224/2224
f 3022/3022/3022 2782/2782/2782 3211/3211/3211
f 3079/3079/3079 3735/3735/3735 3389/3389/3389
f 2470/2470/2470 3388/3388/3388 4055/4055/4055
f 4044/4044/4044 3631/3631/3631 2740/2740/2740
f 3280/3280/3280 4252/4252/4252 2389/2389/2389
f 4252/4252/4252 3931/3931/3931 3430/3430/3430
f 3369/3369/3369 3505/3505/3505 3379/3379/3379
f 3603/3603/3603 2275/2275/2275 2276/2276/2276
f 3066/3066/3066 2922/2922/2922 2327/2327/2327
f 3744/3744/3744 3515/3515/3515 3697/3697/3697
f 3925/3925/3925 4247/4247/4247 4186/4186/4186
f 2356/2356/2356 3520/3520/3520 2768/2768/2768
f 3545/3545/3545 4101/4101/4101 3127/3127/3127
f 3972/3972/3972 3673/3673/3673 2962/2962/2962
f 3259/3259/3259 4081/4081/4081 4063/4063/4063
f 2938/2938/2938 2778/2778/2778 3171/3171/3171
f 2451/2451/2451 3858/3858/3858 4135/4135/4135
f 3329/3329/3329 3592/3592/3592 2900/2900/2900
f 4247/4247/4247 2401/2401/2401 3060/3060/3060
f 3417/3417/3417 2756/2756/2756 3679/3679/3679
f 3439/3439/3439 3203/3203/3203 3409/3409/3409
f 4290/4290/4290 3319/3319/3319 3456/3456/3456
f 4216/4216/4216 3210/3210/3210 3712/3712/3712
f 3801/3801/3801 2542/2542/2542 2452/2452/2452
f 3962/3962/3962 2607/2607/2607 3143/3143/3143
f 3057/3057/3057 3686/3686/3686 4088/4088/4088
f 2207/2207/2207 3849/3849/3849 2206/2206/2206
f 3273/3273/3273 3959/3959/3959 2391/2391/2391
f 3487/3487/3487 3466/3466/3466 3727/3727/3727
f 2724/2724/2724 2793/2793/2793 2556/2556/2556
f 2322/2322/2322 3086/3086/3086 3517/3517/3517
f 3497/3497/3497 2292/2292/2292 4232/4232/4232
f 3518/3518/3518 3809/3809/3809 3100/3100/3100
f 4101/4101/4101 3000/3000/3000 3127/3127/3127
f 3669/3669/3669 4104/4104/4104 4267/4267/4267
f 4226/4226/4226 4093/4093/4093 3725/3725/3725
f 4134/4134/4134 3935/3935/3935 2641/2641/2641
f 2716/2716/2716 3725/3725/3725 4093/4093/4093
f 3900/3900/3900 3610/3610/3610 3696/3696/3696
f 3544/3544/3544 2888/2888/2888 3045/3045/3045
f 3053/3053/3053 2551/2551/2551 4043/4043/4043
f 2352/2352/2352 2595/2595/2595 3011/3011/3011
f 2975/2975/2975 2742/2742/2742 3155/3155/3155
f 3530/3530/3530 3044/3044/3044 3965/3965/3965
f 2670/2670/2670 2613/2613/2613 3165/3165/3165
f 3652/3652/3652 3165/3165/3165 4013/4013/4013
f 3315/3315/3315 2943/2943/2943 2457/2457/2457
f 2666/2666/2666 3469/3469/3469 3772/3772/3772
f 2848/2848/2848 3421/3421/3421 3832/3832/3832
f 2911/2911/2911 2878/2878/2878 3379/3379/3379
f 3656/3656/3656 2905/2905/2905 2188/2188/2188
f 3035/3035/3035 3563/3563/3563 2603/2603/2603
f 2454/2454/2454 2397/2397/2397 3382/3382/3382
f 2234/2234/2234 2764/2764/2764 4155/4155/4155
f 3248/3248/3248 2530/2530/2530 2381/2381/2381
f 3035/3035/3035 3938/3938/3938 3248/3248/3248
f 3997/3997/3997 3463/3463/3463 2704/2704/2704
f 3103/3103/3103 3377/3377/3377 2570/2570/2570
f 3307/3307/3307 3301/3301/3301 2435/2435/2435
f 2435/2435/2435 3301/3301/3301 4180/4180/4180
f 3468/3468/3468 2534/2534/2534 2796/2796/2796
f 3134/3134/3134 2401/2401/2401 2363/2363/2363
f 4116/4116/4116 2414/2414/2414 4140/4140/4140
f 3085/3085/3085 3967/3967/3967 4046/4046/4046
f 4249/4249/4249 4152/4152/4152 2692/2692/2692
f 3184/3184/3184 4286/4286/4286 4105/4105/4105
f 4269/4269/4269 2602/2602/2602 3577/3577/3577
f 2925/2925/2925 3658/3658/3658 3203/3203/3203
f 2843/2843/2843 2600/2600/2600 2615/2615/2615
f 4206/4206/4206 2471/2471/2471 2216/2216/2216
f 3230/3230/3230 2975/2975/2975 2573/2573/2573
f 2310/2310/2310 3992/3992/3992 2892/2892/2892
f 3735/3735/3735 2722/2722/2722 3389/3389/3389
f 3062/3062/3062 4028/4028/4028 3610/3610/3610
f 3904/3904/3904 3637/3637/3637 2377/2377/2377
f 2620/2620/2620 4087/4087/4087 3105/3105/3105
f 4040/4040/4040 4008/4008/4008 2971/2971/2971
f 2963/2963/2963 2264/2264/2264 3948/3948/3948
f 3093/3093/3093 2392/2392/2392 3219/3219/3219
f 3209/3209/3209 2552/2552/2552 4168/4168/4168
f 3101/3101/3101 3088/3088/3088 3074/3074/3074
f 2790/2790/2790 3403/3403/3403 2254/2254/2254
f 2698/2698/2698 2378/2378/2378 4054/4054/4054
f 3622/3622/3622 4027/4027/4027 2377/2377/2377
f 3246/3246/3246 4206/4206/4206 2216/2216/2216
f 3998/3998/3998 2375/2375/2375 3879/3879/3879
f 2483/2483/2483 4273/4273/4273 3040/3040/3040
f 4014/4014/4014 3316/3316/3316 3741/3741/3741
f 2957/2957/2957 3533/3533/3533 4162/4162/4162
f 2461/2461/2461 3934/3934/3934 3306/3306/3306
f 2597/2597/2597 3953/3953/3953 2492/2492/2492
f 4035/4035/4035 3473/3473/3473 2627/2627/2627
f 2462/2462/2462 4113/4113/4113 3141/3141/3141
f 2312/2312/2312 3535/3535/3535 3516/3516/3516
f 4178/4178/4178 3532/3532/3532 3719/3719/3719
f 4202/4202/4202 4150/4150/4150 4159/4159/4159
f 2999/2999/2999 3598/3598/3598 3804/3804/3804
f 3172/3172/3172 2981/2981/2981 4069/4069/4069
f 2661/2661/2661 2392/2392/2392 3640/3640/3640
f 2442/2442/2442 4266/4266/4266 2967/2967/2967
f 3132/3132/3132 3631/3631/3631 4044/4044/4044
f 3060/3060/3060 3477/3477/3477 2814/2814/2814
f 3113/3113/3113 2475/2475/2475 4065/4065/4065
f 2508/2508/2508 3820/3820/3820 2301/2301/2301
f 3159/3159/3159 2861/2861/2861 3275/3275/3275
f 2570/2570/2570 2550/2550/2550 2491/2491/2491
f 2616/2616/2616 3431/3431/3431 2604/2604/2604
f 4213/4213/4213 2806/2806/2806 3897/3897/3897
f 3306/3306/3306 3763/3763/3763 2461/2461/2461
f 4113/4113/4113 2909/2909/2909 3763/3763/3763
f 2242/2242/2242 2243/2243/2243 2969/2969/2969
f 3702/3702/3702 3616/3616/3616 2995/2995/2995
f 4103/4103/4103 2571/2571/2571 3209/3209/3209
f 3052/3052/3052 2299/2299/2299 3326/3326/3326
f 2586/2586/2586 2718/2718/2718 4201/4201/4201
f 3909/3909/3909 2918/2918/2918 2893/2893/2893
f 3313/3313/3313 3599/3599/3599 3741/3741/3741
f 3343/3343/3343 3558/3558/3558 3893/3893/3893
f 3694/3694/3694 2592/2592/2592 2437/2437/2437
f 4178/4178/4178 3719/3719/3719 2483/2483/2483
f 4198/4198/4198 3628/3628/3628 2820/2820/2820
f 2890/2890/2890 3504/3504/3504 2525/2525/2525
f 3191/3191/3191 3918/3918/3918 3432/3432/3432
f 3023/3023/3023 3671/3671/3671 3061/3061/3061
f 3206/3206/3206 3817/3817/3817 3448/3448/3448
f 3639/3639/3639 2757/2757/2757 2422/2422/2422
f 3863/3863/3863 3881/3881/3881 2649/2649/2649
f 4085/4085/4085 3223/3223/3223 3547/3547/3547
f 2482/2482/2482 2594/2594/2594 2436/2436/2436
f 2543/2543/2543 4052/4052/4052 4078/4078/4078
f 3364/3364/3364 3411/3411/3411 3712/3712/3712
f 2685/2685/2685 3297/3297/3297 2624/2624/2624
f 3638/3638/3638 2506/2506/2506 2936/2936/2936
f 3162/3162/3162 4283/4283/4283 3701/3701/3701
f 4076/4076/4076 3818/3818/3818 2856/2856/2856
f 3166/3166/3166 3569/3569/3569 3334/3334/3334
f 3814/3814/3814 2752/2752/2752 3092/3092/3092
f 3407/3407/3407 3564/3564/3564 3138/3138/3138
f 2871/2871/2871 3386/3386/3386 2178/2178/2178
f 4174/4174/4174 3064/3064/3064 3483/3483/3483
f 2929/2929/2929 3740/3740/3740 2786/2786/2786
f 2562/2562/2562 4128/4128/4128 3418/3418/3418
f 2660/2660/2660 3291/3291/3291 3347/3347/3347
f 3049/3049/3049 2409/2409/2409 3519/3519/3519
f 2797/2797/2797 2994/2994/2994 2689/2689/2689
f 2643/2643/2643 3676/3676/3676 3148/3148/3148
f 2366/2366/2366 3979/3979/3979 2494/2494/2494
f 2489/2489/2489 2298/2298/2298 3717/3717/3717
f 3086/3086/3086 2450/2450/2450 3517/3517/3517
f 3438/3438/3438 3039/3039/3039 3469/3469/3469
f 4197/4197/4197 3796/3796/3796 3915/3915/3915
f 3868/3868/3868 3483/3483/3483 2831/2831/2831
f 2424/2424/2424 3266/3266/3266 4163/4163/4163
f 2739/2739/2739 3961/3961/3961 2875/2875/2875
f 3580/3580/3580 3770/3770/3770 3153/3153/3153
f 2725/2725/2725 2253/2253/2253 3403/3403/3403
f 3061/3061/3061 3752/3752/3752 2781/2781/2781
f 3860/3860/3860 2878/2878/2878 3596/3596/3596
f 3545/3545/3545 3384/3384/3384 4101/4101/4101
f 4198/4198/4198 3287/3287/3287 3775/3775/3775
f 4297/4297/4297 4352/4352/4352 4371/4371/4371
f 4371/4371/4371 4359/4359/4359 4298/4298/4298
f 4300/4300/4300 4299/4299/4299 4351/4351/4351
f 4365/4365/4365 4354/4354/4354 4302/4302/4302
f 4301/4301/4301 4350/4350/4350 4365/4365/4365
f 4354/4354/4354 4365/4365/4365 4349/4349/4349
f 4304/4304/4304 4303/4303/4303 4347/4347/4347
f 4362/4362/4362 4347/4347/4347 4346/4346/4346
f 4306/4306/4306 4305/4305/4305 4345/4345/4345
f 4368/4368/4368 4307/4307/4307 4306/4306/4306
f 4309/4309/4309 4308/4308/4308 4342/4342/4342
f 4309/4309/4309 4342/4342/4342 4360/4360/4360
f 4334/4334/4334 4333/4333/4333 4364/4364/4364
f 4318/4318/4318 4361/4361/4361 4331/4331/4331
f 4319/4319/4319 4318/4318/4318 4331/4331/4331
f 4363/4363/4363 4319/4319/4319 4330/4330/4330
f 4321/4321/4321 4320/4320/4320 4329/4329/4329
f 4322/4322/4322 4372/4372/4372 4369/4369/4369
f 4324/4324/4324 4323/4323/4323 4355/4355/4355
f 4327/4327/4327 4326/4326/4326 4369/4369/4369
f 4323/4323/4323 4369/4369/4369 4355/4355/4355
f 4317/4317/4317 4370/4370/4370 4361/4361/4361
f 4369/4369/4369 4323/4323/4323 4322/4322/4322
f 4372/4372/4372 4327/4327/4327 4369/4369/4369
f 4315/4315/4315 4314/4314/4314 4335/4335/4335
f 4321/4321/4321 4329/4329/4329 4328/4328/4328
f 4363/4363/4363 4329/4329/4329 4320/4320/4320
f 4367/4367/4367 4312/4312/4312 4337/4337/4337
f 4319/4319/4319 4331/4331/4331 4330/4330/4330
f 4370/4370/4370 4316/4316/4316 4364/4364/4364
f 4367/4367/4367 4336/4336/4336 4313/4313/4313
f 4317/4317/4317 4316/4316/4316 4370/4370/4370
f 4370/4370/4370 4333/4333/4333 4332/4332/4332
f 4315/4315/4315 4335/4335/4335 4334/4334/4334
f 4338/4338/4338 4312/4312/4312 4358/4358/4358
f 4314/4314/4314 4336/4336/4336 4335/4335/4335
f 4337/4337/4337 4336/4336/4336 4367/4367/4367
f 4312/4312/4312 4338/4338/4338 4337/4337/4337
f 4358/4358/4358 4312/4312/4312 4311/4311/4311
f 4360/4360/4360 4310/4310/4310 4309/4309/4309
f 4356/4356/4356 4340/4340/4340 4353/4353/4353
f 4357/4357/4357 4344/4344/4344 4343/4343/4343
f 4340/4340/4340 4356/4356/4356 4341/4341/4341
f 4339/4339/4339 4338/4338/4338 4366/4366/4366
f 4308/4308/4308 4343/4343/4343 4342/4342/4342
f 4308/4308/4308 4357/4357/4357 4343/4343/4343
f 4368/4368/4368 4345/4345/4345 4344/4344/4344
f 4305/4305/4305 4346/4346/4346 4345/4345/4345
f 4305/4305/4305 4362/4362/4362 4346/4346/4346
f 4303/4303/4303 4348/4348/4348 4347/4347/4347
f 4303/4303/4303 4354/4354/4354 4348/4348/4348
f 4354/4354/4354 4303/4303/4303 4302/4302/4302
f 4300/4300/4300 4351/4351/4351 4350/4350/4350
f 4299/4299/4299 4352/4352/4352 4351/4351/4351
f 4360/4360/4360 4342/4342/4342 4341/4341/4341
f 4366/4366/4366 4311/4311/4311 4353/4353/4353
f 4354/4354/4354 4349/4349/4349 4348/4348/4348
f 4365/4365/4365 4302/4302/4302 4301/4301/4301
f 4325/4325/4325 4355/4355/4355 4326/4326/4326
f 4328/4328/4328 4372/4372/4372 4321/4321/4321
f 4366/4366/4366 4340/4340/4340 4339/4339/4339
f 4353/4353/4353 4311/4311/4311 4310/4310/4310
f 4307/4307/4307 4344/4344/4344 4357/4357/4357
f 4357/4357/4357 4308/4308/4308 4307/4307/4307
f 4358/4358/4358 4366/4366/4366 4338/4338/4338
f 4360/4360/4360 4356/4356/4356 4310/4310/4310
f 4371/4371/4371 4352/4352/4352 4359/4359/4359
f 4299/4299/4299 4298/4298/4298 4359/4359/4359
f 4353/4353/4353 4310/4310/4310 4356/4356/4356
f 4356/4356/4356 4360/4360/4360 4341/4341/4341
f 4333/4333/4333 4370/4370/4370 4364/4364/4364
f 4315/4315/4315 4364/4364/4364 4316/4316/4316
f 4362/4362/4362 4305/4305/4305 4304/4304/4304
f 4304/4304/4304 4347/4347/4347 4362/4362/4362
f 4319/4319/4319 4363/4363/4363 4320/4320/4320
f 4330/4330/4330 4329/4329/4329 4363/4363/4363
f 4361/4361/4361 4332/4332/4332 4331/4331/4331
f 4334/4334/4334 4364/4364/4364 4315/4315/4315
f 4350/4350/4350 4301/4301/4301 4300/4300/4300
f 4365/4365/4365 4350/4350/4350 4349/4349/4349
f 4366/4366/4366 4358/4358/4358 4311/4311/4311
f 4340/4340/4340 4366/4366/4366 4353/4353/4353
f 4312/4312/4312 4367/4367/4367 4313/4313/4313
f 4336/4336/4336 4314/4314/4314 4313/4313/4313
f 4307/4307/4307 4368/4368/4368 4344/4344/4344
f 4306/4306/4306 4345/4345/4345 4368/4368/4368
f 4369/4369/4369 4326/4326/4326 4355/4355/4355
f 4324/4324/4324 4355/4355/4355 4325/4325/4325
f 4361/4361/4361 4370/4370/4370 4332/4332/4332
f 4318/4318/4318 4317/4317/4317 4361/4361/4361
f 4297/4297/4297 4371/4371/4371 4298/4298/4298
f 4299/4299/4299 4359/4359/4359 4352/4352/4352
f 4328/4328/4328 4327/4327/4327 4372/4372/4372
f 4372/4372/4372 4322/4322/4322 4321/4321/4321
f 4411/4411/4411 4403/4403/4403 4404/4404/4404
f 4374/4374/4374 4416/4416/4416 4405/4405/4405
f 4376/4376/4376 4403/4403/4403 4375/4375/4375
f 4413/4413/4413 4377/4377/4377 4401/4401/4401
f 4423/4423/4423 4401/4401/4401 4377/4377/4377
f 4421/4421/4421 4383/4383/4383 4384/4384/4384
f 4415/4415/4415 4393/4393/4393 4414/4414/4414
f 4387/4387/4387 4388/4388/4388 4390/4390/4390
f 4387/4387/4387 4391/4391/4391 4386/4386/4386
f 4388/4388/4388 4389/4389/4389 4390/4390/4390
f 4383/4383/4383 4421/4421/4421 4395/4395/4395
f 4387/4387/4387 4390/4390/4390 4391/4391/4391
f 4422/4422/4422 4382/4382/4382 4383/4383/4383
f 4386/4386/4386 4391/4391/4391 4392/4392/4392
f 4409/4409/4409 4397/4397/4397 4398/4398/4398
f 4386/4386/4386 4419/4419/4419 4385/4385/4385
f 4406/4406/4406 4394/4394/4394 4421/4421/4421
f 4407/4407/4407 4380/4380/4380 4410/4410/4410
f 4419/4419/4419 4414/4414/4414 4385/4385/4385
f 4380/4380/4380 4407/4407/4407 4424/4424/4424
f 4422/4422/4422 4395/4395/4395 4396/4396/4396
f 4400/4400/4400 4423/4423/4423 4417/4417/4417
f 4381/4381/4381 4420/4420/4420 4409/4409/4409
f 4420/4420/4420 4381/4381/4381 4382/4382/4382
f 4379/4379/4379 4408/4408/4408 4418/4418/4418
f 4408/4408/4408 4407/4407/4407 4399/4399/4399
f 4418/4418/4418 4399/4399/4399 4400/4400/4400
f 4402/4402/4402 4413/4413/4413 4401/4401/4401
f 4376/4376/4376 4402/4402/4402 4403/4403/4403
f 4374/4374/4374 4405/4405/4405 4373/4373/4373
f 4375/4375/4375 4411/4411/4411 4416/4416/4416
f 4416/4416/4416 4374/4374/4374 4375/4375/4375
f 4412/4412/4412 4384/4384/4384 4385/4385/4385
f 4392/4392/4392 4393/4393/4393 4415/4415/4415
f 4400/4400/4400 4401/4401/4401 4423/4423/4423
f 4410/4410/4410 4409/4409/4409 4398/4398/4398
f 4423/4423/4423 4377/4377/4377 4378/4378/4378
f 4420/4420/4420 4397/4397/4397 4409/4409/4409
f 4407/4407/4407 4398/4398/4398 4399/4399/4399
f 4420/4420/4420 4396/4396/4396 4397/4397/4397
f 4380/4380/4380 4424/4424/4424 4379/4379/4379
f 4382/4382/4382 4396/4396/4396 4420/4420/4420
f 4403/4403/4403 4411/4411/4411 4375/4375/4375
f 4416/4416/4416 4404/4404/4404 4405/4405/4405
f 4414/4414/4414 4393/4393/4393 4412/4412/4412
f 4421/4421/4421 4384/4384/4384 4406/4406/4406
f 4376/4376/4376 4377/4377/4377 4413/4413/4413
f 4413/4413/4413 4402/4402/4402 4376/4376/4376
f 4419/4419/4419 4415/4415/4415 4414/4414/4414
f 4412/4412/4412 4406/4406/4406 4384/4384/4384
f 4419/4419/4419 4386/4386/4386 4392/4392/4392
f 4385/4385/4385 4414/4414/4414 4412/4412/4412
f 4405/4405/4405 4404/4404/4404 4373/4373/4373
f 4416/4416/4416 4411/4411/4411 4404/4404/4404
f 4407/4407/4407 4408/4408/4408 4424/4424/4424
f 4417/4417/4417 4423/4423/4423 4378/4378/4378
f 4409/4409/4409 4410/4410/4410 4381/4381/4381
f 4379/4379/4379 4417/4417/4417 4378/4378/4378
f 4393/4393/4393 4406/4406/4406 4412/4412/4412
f 4393/4393/4393 4394/4394/4394 4406/4406/4406
f 4410/4410/4410 4380/4380/4380 4381/4381/4381
f 4410/4410/4410 4398/4398/4398 4407/4407/4407
f 4392/4392/4392 4415/4415/4415 4419/4419/4419
f 4421/4421/4421 4394/4394/4394 4395/4395/4395
f 4383/4383/4383 4395/4395/4395 4422/4422/4422
f 4382/4382/4382 4422/4422/4422 4396/4396/4396
f 4408/4408/4408 4399/4399/4399 4418/4418/4418
f 4418/4418/4418 4417/4417/4417 4379/4379/4379
f 4417/4417/4417 4418/4418/4418 4400/4400/4400
f 4424/4424/4424 4408/4408/4408 4379/4379/4379

