# https://github.com/mikedh/trimesh
v -0.31906602 0.27572265 0.00000000 1.00000000 0.00000000 0.00000000
v -0.30459442 0.27723248 0.00000000 1.00000000 1.00000000 1.00000000
v -0.29011785 0.27861012 0.00000000 1.00000000 1.00000000 1.00000000
v -0.27563679 0.27985413 0.00000000 1.00000000 1.00000000 1.00000000
v -0.26112666 0.28096487 0.00000000 1.00000000 1.00000000 1.00000000
v -0.24663814 0.28193704 0.00000000 1.00000000 1.00000000 1.00000000
v -0.23209677 0.28277384 0.00000000 1.00000000 1.00000000 1.00000000
v -0.21757800 0.28346916 0.00000000 1.00000000 1.00000000 1.00000000
v -0.20305732 0.28402306 0.00000000 1.00000000 1.00000000 1.00000000
v -0.18851057 0.28443466 0.00000000 1.00000000 1.00000000 1.00000000
v -0.17396306 0.28470139 0.00000000 1.00000000 1.00000000 1.00000000
v -0.15943978 0.28482171 0.00000000 1.00000000 1.00000000 1.00000000
v -0.14489217 0.28479451 0.00000000 1.00000000 1.00000000 1.00000000
v -0.13034528 0.28461798 0.00000000 1.00000000 1.00000000 1.00000000
v -0.11579962 0.28429061 0.00000000 1.00000000 1.00000000 1.00000000
v -0.10127986 0.28381182 0.00000000 1.00000000 1.00000000 1.00000000
v -0.08673809 0.28317851 0.00000000 1.00000000 1.00000000 1.00000000
v -0.07222304 0.28239125 0.00000000 1.00000000 0.00000000 0.00000000
v -0.06865300 0.28013264 0.01964369 1.00000000 1.00000000 1.00000000
v -0.05840233 0.27423997 0.03588588 1.00000000 1.00000000 1.00000000
v -0.04302696 0.26646822 0.04617919 1.00000000 1.00000000 1.00000000
v -0.02549728 0.25904947 0.04921363 1.00000000 1.00000000 1.00000000
v -0.01287866 0.25554103 0.04921363 1.00000000 1.00000000 1.00000000
v 0.00000000 0.25318600 0.04921363 1.00000000 0.00000000 0.00000000
v 0.01287866 0.25554103 0.04921363 1.00000000 1.00000000 1.00000000
v 0.02549728 0.25904947 0.04921363 1.00000000 1.00000000 1.00000000
v 0.04302696 0.26646822 0.04617919 1.00000000 1.00000000 1.00000000
v 0.05840233 0.27423997 0.03588588 1.00000000 1.00000000 1.00000000
v 0.06865300 0.28013264 0.01964369 1.00000000 1.00000000 1.00000000
v 0.07222304 0.28239125 0.00000000 1.00000000 0.00000000 0.00000000
v 0.08673809 0.28317851 0.00000000 1.00000000 1.00000000 1.00000000
v 0.10127986 0.28381182 0.00000000 1.00000000 1.00000000 1.00000000
v 0.11579962 0.28429061 0.00000000 1.00000000 1.00000000 1.00000000
v 0.13034528 0.28461798 0.00000000 1.00000000 1.00000000 1.00000000
v 0.14489217 0.28479451 0.00000000 1.00000000 1.00000000 1.00000000
v 0.15943978 0.28482171 0.00000000 1.00000000 1.00000000 1.00000000
v 0.17396306 0.28470139 0.00000000 1.00000000 1.00000000 1.00000000
v 0.18851057 0.28443466 0.00000000 1.00000000 1.00000000 1.00000000
v 0.20305732 0.28402306 0.00000000 1.00000000 1.00000000 1.00000000
v 0.21757800 0.28346916 0.00000000 1.00000000 1.00000000 1.00000000
v 0.23209677 0.28277384 0.00000000 1.00000000 1.00000000 1.00000000
v 0.24663814 0.28193704 0.00000000 1.00000000 1.00000000 1.00000000
v 0.26112666 0.28096487 0.00000000 1.00000000 1.00000000 1.00000000
v 0.27563679 0.27985413 0.00000000 1.00000000 1.00000000 1.00000000
v 0.29011785 0.27861012 0.00000000 1.00000000 1.00000000 1.00000000
v 0.30459442 0.27723248 0.00000000 1.00000000 1.00000000 1.00000000
v 0.31906602 0.27572265 0.00000000 1.00000000 0.00000000 0.00000000
v 0.32251614 0.26939214 0.02028943 1.00000000 1.00000000 1.00000000
v 0.32286425 0.25560191 0.03683477 1.00000000 1.00000000 1.00000000
v 0.32105220 0.23661694 0.04687508 1.00000000 1.00000000 1.00000000
v 0.31899288 0.21703734 0.04921363 1.00000000 1.00000000 1.00000000
v 0.31897459 0.20236602 0.04921363 1.00000000 1.00000000 1.00000000
v 0.31895175 0.18404550 0.04815969 1.00000000 1.00000000 1.00000000
v 0.31892614 0.16349830 0.03899315 1.00000000 1.00000000 1.00000000
v 0.31890802 0.14896051 0.02184129 1.00000000 1.00000000 1.00000000
v 0.31890144 0.14368071 0.00000000 1.00000000 0.00000000 0.00000000
v 0.31869843 0.12905345 0.00000000 1.00000000 1.00000000 1.00000000
v 0.31849476 0.11437931 0.00000000 1.00000000 1.00000000 1.00000000
v 0.31829175 0.09975205 0.00000000 1.00000000 1.00000000 1.00000000
v 0.31808809 0.08507791 0.00000000 1.00000000 1.00000000 1.00000000
v 0.31788508 0.07045065 0.00000000 1.00000000 1.00000000 1.00000000
v 0.31768141 0.05577651 0.00000000 1.00000000 1.00000000 1.00000000
v 0.31747840 0.04114925 0.00000000 1.00000000 1.00000000 1.00000000
v 0.31727474 0.02647511 0.00000000 1.00000000 1.00000000 1.00000000
v 0.31707173 0.01184785 0.00000000 1.00000000 1.00000000 1.00000000
v 0.31686806 -0.00282629 0.00000000 1.00000000 1.00000000 1.00000000
v 0.31666505 -0.01745355 0.00000000 1.00000000 1.00000000 1.00000000
v 0.31646139 -0.03212769 0.00000000 1.00000000 1.00000000 1.00000000
v 0.31625838 -0.04675495 0.00000000 1.00000000 1.00000000 1.00000000
v 0.31605471 -0.06142909 0.00000000 1.00000000 1.00000000 1.00000000
v 0.31585170 -0.07605635 0.00000000 1.00000000 1.00000000 1.00000000
v 0.31564804 -0.09073049 0.00000000 1.00000000 1.00000000 1.00000000
v 0.31544503 -0.10535774 0.00000000 1.00000000 1.00000000 1.00000000
v 0.31524201 -0.11998500 0.00000000 1.00000000 1.00000000 1.00000000
v 0.31503835 -0.13465914 0.00000000 1.00000000 1.00000000 1.00000000
v 0.31483534 -0.14928640 0.00000000 1.00000000 1.00000000 1.00000000
v 0.31463168 -0.16396054 0.00000000 1.00000000 1.00000000 1.00000000
v 0.31442866 -0.17858780 0.00000000 1.00000000 1.00000000 1.00000000
v 0.31422500 -0.19326194 0.00000000 1.00000000 1.00000000 1.00000000
v 0.31402199 -0.20788920 0.00000000 1.00000000 1.00000000 1.00000000
v 0.31381833 -0.22256334 0.00000000 1.00000000 1.00000000 1.00000000
v 0.31361531 -0.23719060 0.00000000 1.00000000 1.00000000 1.00000000
v 0.31341165 -0.25186474 0.00000000 1.00000000 1.00000000 1.00000000
v 0.31320864 -0.26649200 0.00000000 1.00000000 1.00000000 1.00000000
v 0.31300498 -0.28116614 0.00000000 1.00000000 1.00000000 1.00000000
v 0.31280196 -0.29579340 0.00000000 1.00000000 1.00000000 1.00000000
v 0.31259830 -0.31046754 0.00000000 1.00000000 1.00000000 1.00000000
v 0.31239529 -0.32509480 0.00000000 1.00000000 0.00000000 0.00000000
v 0.30697328 -0.32500388 0.02211857 1.00000000 1.00000000 1.00000000
v 0.29207754 -0.32478148 0.03936303 1.00000000 1.00000000 1.00000000
v 0.27111632 -0.32447490 0.04833827 1.00000000 1.00000000 1.00000000
v 0.25287803 -0.32420607 0.04921363 1.00000000 1.00000000 1.00000000
v 0.23800653 -0.32398401 0.04921363 1.00000000 1.00000000 1.00000000
v 0.22313503 -0.32376195 0.04921363 1.00000000 1.00000000 1.00000000
v 0.20826353 -0.32353988 0.04921363 1.00000000 1.00000000 1.00000000
v 0.19339202 -0.32331782 0.04921363 1.00000000 1.00000000 1.00000000
v 0.17852052 -0.32309575 0.04921363 1.00000000 1.00000000 1.00000000
v 0.16364902 -0.32287369 0.04921363 1.00000000 1.00000000 1.00000000
v 0.14874627 -0.32265116 0.04921363 1.00000000 1.00000000 1.00000000
v 0.13387477 -0.32242909 0.04921363 1.00000000 1.00000000 1.00000000
v 0.11900327 -0.32220703 0.04921363 1.00000000 1.00000000 1.00000000
v 0.10413176 -0.32198496 0.04921363 1.00000000 1.00000000 1.00000000
v 0.08926026 -0.32176290 0.04921363 1.00000000 1.00000000 1.00000000
v 0.07438876 -0.32154083 0.04921363 1.00000000 1.00000000 1.00000000
v 0.05951725 -0.32131877 0.04921363 1.00000000 1.00000000 1.00000000
v 0.04461451 -0.32109624 0.04921363 1.00000000 1.00000000 1.00000000
v 0.02974301 -0.32087417 0.04921363 1.00000000 1.00000000 1.00000000
v 0.01487150 -0.32065211 0.04921363 1.00000000 1.00000000 1.00000000
v 0.00000000 -0.32043004 0.04921363 1.00000000 0.00000000 0.00000000
v -0.01487150 -0.32065211 0.04921363 1.00000000 1.00000000 1.00000000
v -0.02974301 -0.32087417 0.04921363 1.00000000 1.00000000 1.00000000
v -0.04461451 -0.32109624 0.04921363 1.00000000 1.00000000 1.00000000
v -0.05951725 -0.32131877 0.04921363 1.00000000 1.00000000 1.00000000
v -0.07438876 -0.32154083 0.04921363 1.00000000 1.00000000 1.00000000
v -0.08926026 -0.32176290 0.04921363 1.00000000 1.00000000 1.00000000
v -0.10413176 -0.32198496 0.04921363 1.00000000 1.00000000 1.00000000
v -0.11900327 -0.32220703 0.04921363 1.00000000 1.00000000 1.00000000
v -0.13387477 -0.32242909 0.04921363 1.00000000 1.00000000 1.00000000
v -0.14874627 -0.32265116 0.04921363 1.00000000 1.00000000 1.00000000
v -0.16364902 -0.32287369 0.04921363 1.00000000 1.00000000 1.00000000
v -0.17852052 -0.32309575 0.04921363 1.00000000 1.00000000 1.00000000
v -0.19339202 -0.32331782 0.04921363 1.00000000 1.00000000 1.00000000
v -0.20826353 -0.32353988 0.04921363 1.00000000 1.00000000 1.00000000
v -0.22313503 -0.32376195 0.04921363 1.00000000 1.00000000 1.00000000
v -0.23800653 -0.32398401 0.04921363 1.00000000 1.00000000 1.00000000
v -0.25287803 -0.32420607 0.04921363 1.00000000 1.00000000 1.00000000
v -0.27111632 -0.32447490 0.04833827 1.00000000 1.00000000 1.00000000
v -0.29207754 -0.32478148 0.03936303 1.00000000 1.00000000 1.00000000
v -0.30697328 -0.32500388 0.02211857 1.00000000 1.00000000 1.00000000
v -0.31239529 -0.32509480 0.00000000 1.00000000 0.00000000 0.00000000
v -0.31259830 -0.31046754 0.00000000 1.00000000 1.00000000 1.00000000
v -0.31280196 -0.29579340 0.00000000 1.00000000 1.00000000 1.00000000
v -0.31300498 -0.28116614 0.00000000 1.00000000 1.00000000 1.00000000
v -0.31320864 -0.26649200 0.00000000 1.00000000 1.00000000 1.00000000
v -0.31341165 -0.25186474 0.00000000 1.00000000 1.00000000 1.00000000
v -0.31361531 -0.23719060 0.00000000 1.00000000 1.00000000 1.00000000
v -0.31381833 -0.22256334 0.00000000 1.00000000 1.00000000 1.00000000
v -0.31402199 -0.20788920 0.00000000 1.00000000 1.00000000 1.00000000
v -0.31422500 -0.19326194 0.00000000 1.00000000 1.00000000 1.00000000
v -0.31442866 -0.17858780 0.00000000 1.00000000 1.00000000 1.00000000
v -0.31463168 -0.16396054 0.00000000 1.00000000 1.00000000 1.00000000
v -0.31483534 -0.14928640 0.00000000 1.00000000 1.00000000 1.00000000
v -0.31503835 -0.13465914 0.00000000 1.00000000 1.00000000 1.00000000
v -0.31524201 -0.11998500 0.00000000 1.00000000 1.00000000 1.00000000
v -0.31544503 -0.10535774 0.00000000 1.00000000 1.00000000 1.00000000
v -0.31564869 -0.09068360 0.00000000 1.00000000 1.00000000 1.00000000
v -0.31585170 -0.07605635 0.00000000 1.00000000 1.00000000 1.00000000
v -0.31605471 -0.06142909 0.00000000 1.00000000 1.00000000 1.00000000
v -0.31625838 -0.04675495 0.00000000 1.00000000 1.00000000 1.00000000
v -0.31646139 -0.03212769 0.00000000 1.00000000 1.00000000 1.00000000
v -0.31666505 -0.01745355 0.00000000 1.00000000 1.00000000 1.00000000
v -0.31686806 -0.00282629 0.00000000 1.00000000 1.00000000 1.00000000
v -0.31707173 0.01184785 0.00000000 1.00000000 1.00000000 1.00000000
v -0.31727474 0.02647511 0.00000000 1.00000000 1.00000000 1.00000000
v -0.31747840 0.04114925 0.00000000 1.00000000 1.00000000 1.00000000
v -0.31768141 0.05577651 0.00000000 1.00000000 1.00000000 1.00000000
v -0.31788508 0.07045065 0.00000000 1.00000000 1.00000000 1.00000000
v -0.31808809 0.08507791 0.00000000 1.00000000 1.00000000 1.00000000
v -0.31829175 0.09975205 0.00000000 1.00000000 1.00000000 1.00000000
v -0.31849476 0.11437931 0.00000000 1.00000000 1.00000000 1.00000000
v -0.31869843 0.12905345 0.00000000 1.00000000 1.00000000 1.00000000
v -0.31890144 0.14368071 0.00000000 1.00000000 0.00000000 0.00000000
v -0.31890802 0.14896051 0.02184129 1.00000000 1.00000000 1.00000000
v -0.31892614 0.16349830 0.03899315 1.00000000 1.00000000 1.00000000
v -0.31895175 0.18404550 0.04815969 1.00000000 1.00000000 1.00000000
v -0.31897459 0.20236602 0.04921363 1.00000000 1.00000000 1.00000000
v -0.31899288 0.21703734 0.04921363 1.00000000 1.00000000 1.00000000
v -0.32105220 0.23661694 0.04687508 1.00000000 1.00000000 1.00000000
v -0.32286425 0.25560191 0.03683477 1.00000000 1.00000000 1.00000000
v -0.32251614 0.26939214 0.02028943 1.00000000 1.00000000 1.00000000
v 0.05763441 0.16488502 0.04921363 1.00000000 1.00000000 1.00000000
v -0.11302776 0.15531507 0.04921363 1.00000000 1.00000000 1.00000000
v -0.08394542 -0.07909581 0.04921363 1.00000000 1.00000000 1.00000000
v -0.09942444 0.22939045 0.04921363 1.00000000 1.00000000 1.00000000
v 0.08147228 -0.16058723 0.04921363 1.00000000 1.00000000 1.00000000
v 0.03066171 -0.04846049 0.04921363 1.00000000 1.00000000 1.00000000
v -0.03154898 -0.18511398 0.04921363 1.00000000 1.00000000 1.00000000
v 0.17894631 -0.13034048 0.04921363 1.00000000 1.00000000 1.00000000
v -0.07760535 0.11137702 0.04921363 1.00000000 1.00000000 1.00000000
v 0.14391017 -0.14313172 0.04921363 1.00000000 1.00000000 1.00000000
v 0.04334703 -0.29517704 0.04921363 1.00000000 1.00000000 1.00000000
v -0.27161881 0.00867754 0.04893272 1.00000000 1.00000000 1.00000000
v 0.30246645 -0.23580547 0.03077874 1.00000000 1.00000000 1.00000000
v 0.27932920 0.27613847 0.01766192 1.00000000 1.00000000 1.00000000
v 0.08033863 0.17874802 0.04921363 1.00000000 1.00000000 1.00000000
v 0.28438432 -0.18688125 0.04486008 1.00000000 1.00000000 1.00000000
v -0.05489005 -0.08394017 0.04921363 1.00000000 1.00000000 1.00000000
v 0.03009482 -0.29756898 0.04921363 1.00000000 1.00000000 1.00000000
v 0.21646510 0.02301737 0.04921363 1.00000000 1.00000000 1.00000000
v 0.29222535 -0.05325776 0.04176421 1.00000000 1.00000000 1.00000000
v -0.03767549 0.13576671 0.04921363 1.00000000 1.00000000 1.00000000
v -0.03375412 0.21970147 0.04921363 1.00000000 1.00000000 1.00000000
v 0.01852300 0.22011341 0.04921363 1.00000000 1.00000000 1.00000000
v -0.07944727 -0.03738759 0.04921363 1.00000000 1.00000000 1.00000000
v 0.09602501 -0.14605142 0.04921363 1.00000000 1.00000000 1.00000000
v -0.21665634 -0.03702079 0.04921363 1.00000000 1.00000000 1.00000000
v 0.03801857 0.18137729 0.04921363 1.00000000 1.00000000 1.00000000
v -0.29742031 0.27444816 0.01782587 1.00000000 1.00000000 1.00000000
v 0.30080066 0.15675883 0.04075149 1.00000000 1.00000000 1.00000000
v -0.23643355 0.09208260 0.04921363 1.00000000 1.00000000 1.00000000
v 0.29584576 0.02880237 0.04016701 1.00000000 1.00000000 1.00000000
v -0.08094951 -0.16576113 0.04921363 1.00000000 1.00000000 1.00000000
v 0.05953087 -0.31324830 0.04921363 1.00000000 1.00000000 1.00000000
v 0.15083410 -0.25338929 0.04921363 1.00000000 1.00000000 1.00000000
v 0.19525735 0.07440563 0.04921363 1.00000000 1.00000000 1.00000000
v -0.01885666 -0.08239944 0.04921363 1.00000000 1.00000000 1.00000000
v 0.26317340 -0.01697622 0.04921363 1.00000000 1.00000000 1.00000000
v -0.31297459 -0.17250592 0.01201618 1.00000000 1.00000000 1.00000000
v -0.26379323 -0.27291697 0.04919202 1.00000000 1.00000000 1.00000000
v 0.15140958 -0.29391736 0.04921363 1.00000000 1.00000000 1.00000000
v -0.07077880 0.09820702 0.04921363 1.00000000 1.00000000 1.00000000
v 0.30076311 0.07423368 0.03687994 1.00000000 1.00000000 1.00000000
v -0.25462304 0.03396611 0.04921363 1.00000000 1.00000000 1.00000000
v 0.23526755 -0.18862095 0.04921363 1.00000000 1.00000000 1.00000000
v -0.02127595 -0.26571994 0.04921363 1.00000000 1.00000000 1.00000000
v 0.25679144 0.19139690 0.04921363 1.00000000 1.00000000 1.00000000
v -0.07667857 -0.23831530 0.04921363 1.00000000 1.00000000 1.00000000
v -0.15987984 0.05853343 0.04921363 1.00000000 1.00000000 1.00000000
v -0.16066065 -0.14168632 0.04921363 1.00000000 1.00000000 1.00000000
v -0.19036795 0.27844422 0.02307894 1.00000000 1.00000000 1.00000000
v -0.14972046 -0.25420536 0.04921363 1.00000000 1.00000000 1.00000000
v -0.27722872 0.25458117 0.04241154 1.00000000 1.00000000 1.00000000
v -0.02825028 0.22968370 0.04921363 1.00000000 1.00000000 1.00000000
v -0.21109107 -0.16176616 0.04921363 1.00000000 1.00000000 1.00000000
v -0.10241850 -0.09613879 0.04921363 1.00000000 1.00000000 1.00000000
v -0.19203984 0.20848804 0.04921363 1.00000000 1.00000000 1.00000000
v -0.03298862 -0.15594975 0.04921363 1.00000000 1.00000000 1.00000000
v -0.24028051 -0.25893827 0.04921363 1.00000000 1.00000000 1.00000000
v 0.12311942 0.12597576 0.04921363 1.00000000 1.00000000 1.00000000
v 0.22048977 -0.08373780 0.04921363 1.00000000 1.00000000 1.00000000
v 0.27001805 -0.28584562 0.04861408 1.00000000 1.00000000 1.00000000
v 0.00409038 0.24526449 0.04921363 1.00000000 1.00000000 1.00000000
v -0.11826993 0.02990408 0.04921363 1.00000000 1.00000000 1.00000000
v -0.01200700 0.07435036 0.04921363 1.00000000 1.00000000 1.00000000
v -0.03594815 -0.02596665 0.04921363 1.00000000 1.00000000 1.00000000
v -0.18134041 -0.17638918 0.04921363 1.00000000 1.00000000 1.00000000
v -0.02541701 0.21120769 0.04921363 1.00000000 1.00000000 1.00000000
v -0.00068177 0.10988266 0.04921363 1.00000000 1.00000000 1.00000000
v 0.30953186 -0.16029716 0.02158598 1.00000000 1.00000000 1.00000000
v -0.22265100 0.16664532 0.04921363 1.00000000 1.00000000 1.00000000
v -0.14058713 0.13480998 0.04921363 1.00000000 1.00000000 1.00000000
v 0.30135953 -0.25105450 0.03183001 1.00000000 1.00000000 1.00000000
v 0.08213849 -0.04276751 0.04921363 1.00000000 1.00000000 1.00000000
v 0.20452247 0.03971762 0.04921363 1.00000000 1.00000000 1.00000000
v 0.08327035 0.24219942 0.04823294 1.00000000 1.00000000 1.00000000
v 0.17185206 -0.10822961 0.04921363 1.00000000 1.00000000 1.00000000
v 0.25145634 -0.18358345 0.04921363 1.00000000 1.00000000 1.00000000
v -0.01337804 0.04649594 0.04921363 1.00000000 1.00000000 1.00000000
v 0.16242686 0.00356329 0.04921363 1.00000000 1.00000000 1.00000000
v -0.01306059 -0.10733370 0.04921363 1.00000000 1.00000000 1.00000000
v 0.21292520 0.15857392 0.04921363 1.00000000 1.00000000 1.00000000
v 0.24264167 0.09723804 0.04921363 1.00000000 1.00000000 1.00000000
v 0.05708390 0.00155405 0.04921363 1.00000000 1.00000000 1.00000000
v 0.24872194 -0.11897487 0.04921363 1.00000000 1.00000000 1.00000000
v 0.23667090 0.22435480 0.04921363 1.00000000 1.00000000 1.00000000
v -0.00359739 -0.05009641 0.04921363 1.00000000 1.00000000 1.00000000
v -0.19315584 -0.01223521 0.04921363 1.00000000 1.00000000 1.00000000
v 0.23613221 -0.08096500 0.04921363 1.00000000 1.00000000 1.00000000
v -0.25335711 0.13903873 0.04921363 1.00000000 1.00000000 1.00000000
v 0.06190678 0.23847435 0.04890153 1.00000000 1.00000000 1.00000000
v -0.29923397 -0.06759329 0.03649975 1.00000000 1.00000000 1.00000000
v 0.20705910 -0.04373947 0.04921363 1.00000000 1.00000000 1.00000000
v -0.19459699 -0.16783871 0.04921363 1.00000000 1.00000000 1.00000000
v 0.31362772 0.08117632 0.02004206 1.00000000 1.00000000 1.00000000
v -0.25108408 0.11240960 0.04921363 1.00000000 1.00000000 1.00000000
v -0.11070579 -0.28237622 0.04921363 1.00000000 1.00000000 1.00000000
v -0.10021526 -0.21366110 0.04921363 1.00000000 1.00000000 1.00000000
v -0.03248491 -0.13983493 0.04921363 1.00000000 1.00000000 1.00000000
v 0.04857527 -0.18146260 0.04921363 1.00000000 1.00000000 1.00000000
v -0.24701665 -0.29876131 0.04921363 1.00000000 1.00000000 1.00000000
v -0.12528713 0.01739107 0.04921363 1.00000000 1.00000000 1.00000000
v 0.22189758 0.24762711 0.04695143 1.00000000 1.00000000 1.00000000
v 0.19507547 -0.05276202 0.04921363 1.00000000 1.00000000 1.00000000
v -0.31061054 0.22387213 0.04921363 1.00000000 1.00000000 1.00000000
v -0.28481744 0.07484096 0.04613243 1.00000000 1.00000000 1.00000000
v -0.17903087 0.05651466 0.04921363 1.00000000 1.00000000 1.00000000
v 0.27296983 -0.07860900 0.04860251 1.00000000 1.00000000 1.00000000
v -0.09065645 -0.02191635 0.04921363 1.00000000 1.00000000 1.00000000
v -0.17894477 0.28177235 0.01621255 1.00000000 1.00000000 1.00000000
v -0.14093403 -0.08426697 0.04921363 1.00000000 1.00000000 1.00000000
v -0.08201261 -0.19631773 0.04921363 1.00000000 1.00000000 1.00000000
v 0.15139519 -0.07768422 0.04921363 1.00000000 1.00000000 1.00000000
v 0.12467308 -0.00051716 0.04921363 1.00000000 1.00000000 1.00000000
v -0.04679254 0.04756051 0.04921363 1.00000000 1.00000000 1.00000000
v 0.10969356 0.19804856 0.04921363 1.00000000 1.00000000 1.00000000
v -0.21093599 -0.19151740 0.04921363 1.00000000 1.00000000 1.00000000
v -0.22576205 0.10479443 0.04921363 1.00000000 1.00000000 1.00000000
v -0.29143195 0.26111324 0.03698303 1.00000000 1.00000000 1.00000000
v -0.22200536 -0.09481671 0.04921363 1.00000000 1.00000000 1.00000000
v -0.27055835 -0.24805461 0.04861167 1.00000000 1.00000000 1.00000000
v 0.09547417 0.27907198 0.01458411 1.00000000 1.00000000 1.00000000
v -0.02759217 -0.27991963 0.04921363 1.00000000 1.00000000 1.00000000
v 0.30660433 -0.21821651 0.02536912 1.00000000 1.00000000 1.00000000
v -0.16306618 -0.17199474 0.04921363 1.00000000 1.00000000 1.00000000
v -0.16928115 0.11771995 0.04921363 1.00000000 1.00000000 1.00000000
v 0.17663798 0.21887819 0.04921363 1.00000000 1.00000000 1.00000000
v 0.11062360 -0.17464992 0.04921363 1.00000000 1.00000000 1.00000000
v 0.09104566 0.10406257 0.04921363 1.00000000 1.00000000 1.00000000
v -0.19447546 0.07035478 0.04921363 1.00000000 1.00000000 1.00000000
v -0.20456320 0.13052791 0.04921363 1.00000000 1.00000000 1.00000000
v 0.28475490 -0.01248657 0.04570354 1.00000000 1.00000000 1.00000000
v 0.04371168 0.05826985 0.04921363 1.00000000 1.00000000 1.00000000
v -0.26277631 -0.05970610 0.04921363 1.00000000 1.00000000 1.00000000
v 0.15981998 -0.11149860 0.04921363 1.00000000 1.00000000 1.00000000
v 0.11257470 -0.22509702 0.04921363 1.00000000 1.00000000 1.00000000
v -0.21564198 0.15054315 0.04921363 1.00000000 1.00000000 1.00000000
v -0.19454464 0.14121276 0.04921363 1.00000000 1.00000000 1.00000000
v 0.24245390 -0.21846047 0.04921363 1.00000000 1.00000000 1.00000000
v 0.02359324 0.20333434 0.04921363 1.00000000 1.00000000 1.00000000
v -0.07919749 -0.30992004 0.04921363 1.00000000 1.00000000 1.00000000
v -0.17154558 0.24569477 0.04786853 1.00000000 1.00000000 1.00000000
v -0.24045349 -0.07799490 0.04921363 1.00000000 1.00000000 1.00000000
v 0.29370862 -0.14904926 0.03993803 1.00000000 1.00000000 1.00000000
v -0.23369002 0.22986296 0.04921363 1.00000000 1.00000000 1.00000000
v 0.24134632 -0.31449339 0.04921363 1.00000000 1.00000000 1.00000000
v 0.12640290 -0.20387464 0.04921363 1.00000000 1.00000000 1.00000000
v 0.11058700 0.09296880 0.04921363 1.00000000 1.00000000 1.00000000
v 0.04371670 0.07957504 0.04921363 1.00000000 1.00000000 1.00000000
v 0.03748690 0.24080384 0.04921363 1.00000000 1.00000000 1.00000000
v -0.12470272 0.16436348 0.04921363 1.00000000 1.00000000 1.00000000
v 0.12341259 -0.31050196 0.04921363 1.00000000 1.00000000 1.00000000
v -0.07751708 -0.18466852 0.04921363 1.00000000 1.00000000 1.00000000
v 0.20335378 -0.13300828 0.04921363 1.00000000 1.00000000 1.00000000
v 0.02711415 -0.19145457 0.04921363 1.00000000 1.00000000 1.00000000
v 0.20129319 -0.26459851 0.04921363 1.00000000 1.00000000 1.00000000
v 0.09887099 -0.06945482 0.04921363 1.00000000 1.00000000 1.00000000
v 0.11215465 -0.03224940 0.04921363 1.00000000 1.00000000 1.00000000
v -0.07358217 0.03323445 0.04921363 1.00000000 1.00000000 1.00000000
v 0.16876390 0.05677124 0.04921363 1.00000000 1.00000000 1.00000000
v -0.16885157 0.18973426 0.04921363 1.00000000 1.00000000 1.00000000
v 0.05492136 -0.06880217 0.04921363 1.00000000 1.00000000 1.00000000
v 0.27635915 0.08676793 0.04842213 1.00000000 1.00000000 1.00000000
v -0.16816529 0.21246419 0.04921363 1.00000000 1.00000000 1.00000000
v -0.23627134 -0.24477037 0.04921363 1.00000000 1.00000000 1.00000000
v -0.12080478 -0.29628434 0.04921363 1.00000000 1.00000000 1.00000000
v -0.14116900 -0.31559816 0.04921363 1.00000000 1.00000000 1.00000000
v -0.13923608 0.24986935 0.04672017 1.00000000 1.00000000 1.00000000
v 0.02098395 -0.11699828 0.04921363 1.00000000 1.00000000 1.00000000
v -0.12073789 0.14049334 0.04921363 1.00000000 1.00000000 1.00000000
v -0.10479144 -0.11037777 0.04921363 1.00000000 1.00000000 1.00000000
v -0.16798785 0.09500957 0.04921363 1.00000000 1.00000000 1.00000000
v -0.16897466 -0.31706656 0.04921363 1.00000000 1.00000000 1.00000000
v 0.00846901 0.09618185 0.04921363 1.00000000 1.00000000 1.00000000
v -0.14675867 0.08937129 0.04921363 1.00000000 1.00000000 1.00000000
v -0.09002105 -0.05770726 0.04921363 1.00000000 1.00000000 1.00000000
v -0.26271057 0.05513460 0.04921363 1.00000000 1.00000000 1.00000000
v -0.04965184 -0.16563449 0.04921363 1.00000000 1.00000000 1.00000000
v 0.09972929 0.21623028 0.04921363 1.00000000 1.00000000 1.00000000
v 0.04622140 -0.27494373 0.04921363 1.00000000 1.00000000 1.00000000
v 0.07108597 -0.22473968 0.04921363 1.00000000 1.00000000 1.00000000
v 0.07724988 -0.28980812 0.04921363 1.00000000 1.00000000 1.00000000
v -0.08695984 -0.20769897 0.04921363 1.00000000 1.00000000 1.00000000
v -0.11081566 -0.27069718 0.04921363 1.00000000 1.00000000 1.00000000
v 0.09960864 -0.19139756 0.04921363 1.00000000 1.00000000 1.00000000
v 0.23991017 0.14091741 0.04921363 1.00000000 1.00000000 1.00000000
v -0.12451171 0.27393672 0.03001477 1.00000000 1.00000000 1.00000000
v -0.11493845 0.06974540 0.04921363 1.00000000 1.00000000 1.00000000
v 0.19022368 0.24811786 0.04714726 1.00000000 1.00000000 1.00000000
v 0.02198447 -0.06713888 0.04921363 1.00000000 1.00000000 1.00000000
v -0.04086596 0.06481254 0.04921363 1.00000000 1.00000000 1.00000000
v 0.14299144 -0.16785352 0.04921363 1.00000000 1.00000000 1.00000000
v 0.04283679 0.15786495 0.04921363 1.00000000 1.00000000 1.00000000
v 0.11215486 0.12830328 0.04921363 1.00000000 1.00000000 1.00000000
v -0.24460947 -0.18053611 0.04921363 1.00000000 1.00000000 1.00000000
v 0.10617972 -0.13330543 0.04921363 1.00000000 1.00000000 1.00000000
v -0.02878007 -0.25774486 0.04921363 1.00000000 1.00000000 1.00000000
v 0.08051090 -0.19108804 0.04921363 1.00000000 1.00000000 1.00000000
v -0.00056888 0.00915937 0.04921363 1.00000000 1.00000000 1.00000000
v -0.05107224 -0.22015589 0.04921363 1.00000000 1.00000000 1.00000000
v -0.26166572 0.27655823 0.01992624 1.00000000 1.00000000 1.00000000
v -0.18216862 0.09162365 0.04921363 1.00000000 1.00000000 1.00000000
v -0.00039382 -0.10370091 0.04921363 1.00000000 1.00000000 1.00000000
v -0.00308784 0.08810657 0.04921363 1.00000000 1.00000000 1.00000000
v -0.26168524 0.10902936 0.04921363 1.00000000 1.00000000 1.00000000
v 0.25919921 0.11687037 0.04921363 1.00000000 1.00000000 1.00000000
v 0.10462574 0.07009487 0.04921363 1.00000000 1.00000000 1.00000000
v -0.13777601 -0.12614624 0.04921363 1.00000000 1.00000000 1.00000000
v 0.17802355 -0.03042652 0.04921363 1.00000000 1.00000000 1.00000000
v -0.13723222 0.18515554 0.04921363 1.00000000 1.00000000 1.00000000
v -0.18845174 -0.07474643 0.04921363 1.00000000 1.00000000 1.00000000
v -0.00752144 -0.22568658 0.04921363 1.00000000 1.00000000 1.00000000
v 0.08239333 -0.30566579 0.04921363 1.00000000 1.00000000 1.00000000
v 0.06759464 0.27323248 0.02965215 1.00000000 1.00000000 1.00000000
v -0.09321985 -0.30122126 0.04921363 1.00000000 1.00000000 1.00000000
v 0.20137303 0.25989105 0.04190192 1.00000000 1.00000000 1.00000000
v -0.28585337 0.27225292 0.02442021 1.00000000 1.00000000 1.00000000
v 0.14416810 0.23600061 0.04917374 1.00000000 1.00000000 1.00000000
v 0.11814852 -0.14285744 0.04921363 1.00000000 1.00000000 1.00000000
v 0.05748394 0.12096241 0.04921363 1.00000000 1.00000000 1.00000000
v 0.30794818 0.27191937 0.02115668 1.00000000 1.00000000 1.00000000
v 0.24501606 0.16857401 0.04921363 1.00000000 1.00000000 1.00000000
v 0.20396886 0.23056257 0.04921363 1.00000000 1.00000000 1.00000000
v 0.25854850 0.27025402 0.03040343 1.00000000 1.00000000 1.00000000
v -0.15181197 0.27797530 0.02464460 1.00000000 1.00000000 1.00000000
v 0.28860227 0.27661834 0.01404623 1.00000000 1.00000000 1.00000000
v 0.05184668 0.13458981 0.04921363 1.00000000 1.00000000 1.00000000
v 0.30866504 -0.00005359 0.02686433 1.00000000 1.00000000 1.00000000
v 0.30255388 -0.12933316 0.03238668 1.00000000 1.00000000 1.00000000
v 0.26063928 0.13156887 0.04921363 1.00000000 1.00000000 1.00000000
v -0.27828461 0.11036893 0.04811560 1.00000000 1.00000000 1.00000000
v 0.14091463 0.14410006 0.04921363 1.00000000 1.00000000 1.00000000
v -0.23192855 0.18230713 0.04921363 1.00000000 1.00000000 1.00000000
v -0.09852749 -0.04796880 0.04921363 1.00000000 1.00000000 1.00000000
v -0.19516311 -0.18487334 0.04921363 1.00000000 1.00000000 1.00000000
v -0.27731668 0.03361077 0.04809524 1.00000000 1.00000000 1.00000000
v -0.27095031 0.15806592 0.04920805 1.00000000 1.00000000 1.00000000
v -0.31058121 0.19621200 0.04921363 1.00000000 1.00000000 1.00000000
v 0.02242337 0.18101243 0.04921363 1.00000000 1.00000000 1.00000000
v 0.07443207 0.25530483 0.04355593 1.00000000 1.00000000 1.00000000
v -0.11234247 0.23782561 0.04902023 1.00000000 1.00000000 1.00000000
v -0.23426235 0.06058983 0.04921363 1.00000000 1.00000000 1.00000000
v -0.26472496 0.02695359 0.04921363 1.00000000 1.00000000 1.00000000
v 0.03072559 0.10669485 0.04921363 1.00000000 1.00000000 1.00000000
v -0.28397307 0.20470212 0.04921363 1.00000000 1.00000000 1.00000000
v 0.17810203 0.20478983 0.04921363 1.00000000 1.00000000 1.00000000
v 0.16663306 -0.15838381 0.04921363 1.00000000 1.00000000 1.00000000
v -0.27064636 -0.00343397 0.04901003 1.00000000 1.00000000 1.00000000
v -0.03456952 -0.17082828 0.04921363 1.00000000 1.00000000 1.00000000
v 0.11071448 -0.27266892 0.04921363 1.00000000 1.00000000 1.00000000
v -0.26215383 -0.20014279 0.04921363 1.00000000 1.00000000 1.00000000
v -0.09744628 0.13102885 0.04921363 1.00000000 1.00000000 1.00000000
v -0.17063594 -0.23315991 0.04921363 1.00000000 1.00000000 1.00000000
v 0.27085430 -0.24089465 0.04858125 1.00000000 1.00000000 1.00000000
v -0.10603601 0.14208008 0.04921363 1.00000000 1.00000000 1.00000000
v -0.09377297 0.05714402 0.04921363 1.00000000 1.00000000 1.00000000
v 0.15529591 -0.17608932 0.04921363 1.00000000 1.00000000 1.00000000
v -0.31247275 0.03030972 0.02098979 1.00000000 1.00000000 1.00000000
v -0.25747219 0.23358771 0.04910904 1.00000000 1.00000000 1.00000000
v 0.16311591 -0.19054606 0.04921363 1.00000000 1.00000000 1.00000000
v -0.09978402 -0.02855703 0.04921363 1.00000000 1.00000000 1.00000000
v 0.18953494 -0.17328930 0.04921363 1.00000000 1.00000000 1.00000000
v 0.05929459 -0.21484489 0.04921363 1.00000000 1.00000000 1.00000000
v -0.08212125 0.00677342 0.04921363 1.00000000 1.00000000 1.00000000
v 0.09602166 -0.00263626 0.04921363 1.00000000 1.00000000 1.00000000
v -0.12471547 -0.26767764 0.04921363 1.00000000 1.00000000 1.00000000
v 0.19556792 0.16353253 0.04921363 1.00000000 1.00000000 1.00000000
v 0.13646416 -0.27229582 0.04921363 1.00000000 1.00000000 1.00000000
v -0.13272117 -0.02364128 0.04921363 1.00000000 1.00000000 1.00000000
v 0.25561790 0.20596760 0.04921363 1.00000000 1.00000000 1.00000000
v 0.07108928 0.19355362 0.04921363 1.00000000 1.00000000 1.00000000
v 0.23916967 -0.05871602 0.04921363 1.00000000 1.00000000 1.00000000
v -0.07381651 0.25267277 0.04478758 1.00000000 1.00000000 1.00000000
v 0.10886696 0.00305887 0.04921363 1.00000000 1.00000000 1.00000000
v -0.05474590 -0.19444856 0.04921363 1.00000000 1.00000000 1.00000000
v 0.04480292 -0.21739225 0.04921363 1.00000000 1.00000000 1.00000000
v 0.19030209 0.26877443 0.03547927 1.00000000 1.00000000 1.00000000
v -0.14636029 0.06074502 0.04921363 1.00000000 1.00000000 1.00000000
v 0.08785909 -0.01403931 0.04921363 1.00000000 1.00000000 1.00000000
v -0.23642785 0.04705583 0.04921363 1.00000000 1.00000000 1.00000000
v 0.09860639 -0.05089537 0.04921363 1.00000000 1.00000000 1.00000000
v -0.05939586 0.18909582 0.04921363 1.00000000 1.00000000 1.00000000
v 0.25882112 -0.08617820 0.04921363 1.00000000 1.00000000 1.00000000
v -0.11640327 0.10271322 0.04921363 1.00000000 1.00000000 1.00000000
v -0.18827670 0.23606320 0.04915554 1.00000000 1.00000000 1.00000000
v -0.01910539 -0.01953521 0.04921363 1.00000000 1.00000000 1.00000000
v 0.14049988 -0.09723738 0.04921363 1.00000000 1.00000000 1.00000000
v -0.02685861 0.00923211 0.04921363 1.00000000 1.00000000 1.00000000
v 0.03697759 -0.09215278 0.04921363 1.00000000 1.00000000 1.00000000
v 0.04336923 -0.13626253 0.04921363 1.00000000 1.00000000 1.00000000
v 0.08609171 -0.13764286 0.04921363 1.00000000 1.00000000 1.00000000
v 0.18845327 -0.20662376 0.04921363 1.00000000 1.00000000 1.00000000
v 0.07867501 -0.20758130 0.04921363 1.00000000 1.00000000 1.00000000
v 0.19034749 -0.03622460 0.04921363 1.00000000 1.00000000 1.00000000
v -0.04433337 0.21956961 0.04921363 1.00000000 1.00000000 1.00000000
v 0.05310117 0.25734606 0.04552092 1.00000000 1.00000000 1.00000000
v 0.09411880 0.18484070 0.04921363 1.00000000 1.00000000 1.00000000
v 0.02097250 -0.02485982 0.04921363 1.00000000 1.00000000 1.00000000
v 0.27817163 -0.30947931 0.04658461 1.00000000 1.00000000 1.00000000
v 0.03089731 0.22450815 0.04921363 1.00000000 1.00000000 1.00000000
v -0.09375181 -0.14231025 0.04921363 1.00000000 1.00000000 1.00000000
v 0.06576894 -0.14345561 0.04921363 1.00000000 1.00000000 1.00000000
v 0.27739283 0.17790578 0.04921363 1.00000000 1.00000000 1.00000000
v -0.30789057 -0.28391248 0.02143784 1.00000000 1.00000000 1.00000000
v 0.15305202 -0.13233142 0.04921363 1.00000000 1.00000000 1.00000000
v 0.00763082 -0.27264307 0.04921363 1.00000000 1.00000000 1.00000000
v -0.25412627 -0.00446002 0.04921363 1.00000000 1.00000000 1.00000000
v -0.28597839 -0.08015595 0.04481064 1.00000000 1.00000000 1.00000000
v -0.04328945 0.18947312 0.04921363 1.00000000 1.00000000 1.00000000
v -0.29546256 0.17940535 0.04858468 1.00000000 1.00000000 1.00000000
v 0.20182552 -0.21615723 0.04921363 1.00000000 1.00000000 1.00000000
v 0.26203093 0.04735348 0.04921363 1.00000000 1.00000000 1.00000000
v -0.11196439 0.04194999 0.04921363 1.00000000 1.00000000 1.00000000
v 0.03107972 0.16770469 0.04921363 1.00000000 1.00000000 1.00000000
v 0.09128757 0.13117535 0.04921363 1.00000000 1.00000000 1.00000000
v -0.05200103 0.17645315 0.04921363 1.00000000 1.00000000 1.00000000
v 0.26412280 -0.12801071 0.04921363 1.00000000 1.00000000 1.00000000
v 0.28252081 -0.20081497 0.04555499 1.00000000 1.00000000 1.00000000
v -0.06820255 -0.27660139 0.04921363 1.00000000 1.00000000 1.00000000
v -0.30681244 0.26694048 0.02932152 1.00000000 1.00000000 1.00000000
v -0.07208802 0.26924286 0.03303092 1.00000000 1.00000000 1.00000000
v 0.04199950 0.23080853 0.04921363 1.00000000 1.00000000 1.00000000
v -0.07418622 -0.21335101 0.04921363 1.00000000 1.00000000 1.00000000
v -0.25111304 0.02218157 0.04921363 1.00000000 1.00000000 1.00000000
v 0.12471540 0.08914903 0.04921363 1.00000000 1.00000000 1.00000000
v 0.22272524 -0.28680194 0.04921363 1.00000000 1.00000000 1.00000000
v -0.19400284 0.05643221 0.04921363 1.00000000 1.00000000 1.00000000
v -0.15630604 -0.03007016 0.04921363 1.00000000 1.00000000 1.00000000
v -0.24538738 -0.04547230 0.04921363 1.00000000 1.00000000 1.00000000
v 0.08013885 -0.06675507 0.04921363 1.00000000 1.00000000 1.00000000
v -0.09262628 0.21652176 0.04921363 1.00000000 1.00000000 1.00000000
v 0.09669876 0.20117597 0.04921363 1.00000000 1.00000000 1.00000000
v 0.00576395 -0.25195160 0.04921363 1.00000000 1.00000000 1.00000000
v -0.10784525 -0.29329824 0.04921363 1.00000000 1.00000000 1.00000000
v -0.22959917 -0.03085486 0.04921363 1.00000000 1.00000000 1.00000000
v 0.16229421 -0.25805262 0.04921363 1.00000000 1.00000000 1.00000000
v 0.05512460 0.10417632 0.04921363 1.00000000 1.00000000 1.00000000
v 0.03426073 -0.22823860 0.04921363 1.00000000 1.00000000 1.00000000
v -0.17626304 -0.08710407 0.04921363 1.00000000 1.00000000 1.00000000
v 0.16270001 -0.03280353 0.04921363 1.00000000 1.00000000 1.00000000
v -0.01181892 0.21379040 0.04921363 1.00000000 1.00000000 1.00000000
v -0.27987021 0.22984583 0.04919588 1.00000000 1.00000000 1.00000000
v 0.12488681 0.10339397 0.04921363 1.00000000 1.00000000 1.00000000
v -0.31216389 -0.08250424 0.01818677 1.00000000 1.00000000 1.00000000
v -0.10519545 -0.04064472 0.04921363 1.00000000 1.00000000 1.00000000
v -0.31553610 0.14162277 0.01753668 1.00000000 1.00000000 1.00000000
v -0.07665870 -0.22562638 0.04921363 1.00000000 1.00000000 1.00000000
v -0.00980904 0.24093630 0.04921363 1.00000000 1.00000000 1.00000000
v 0.20343588 -0.14585471 0.04921363 1.00000000 1.00000000 1.00000000
v -0.11833611 -0.00379258 0.04921363 1.00000000 1.00000000 1.00000000
v 0.07302249 0.27643294 0.01974042 1.00000000 1.00000000 1.00000000
v -0.10514556 -0.30343307 0.04921363 1.00000000 1.00000000 1.00000000
v -0.31112821 0.11065774 0.02543432 1.00000000 1.00000000 1.00000000
v -0.06436240 -0.23479433 0.04921363 1.00000000 1.00000000 1.00000000
v -0.06787843 0.04587349 0.04921363 1.00000000 1.00000000 1.00000000
v 0.29765431 -0.28577425 0.03518065 1.00000000 1.00000000 1.00000000
v -0.22484513 -0.16195812 0.04921363 1.00000000 1.00000000 1.00000000
v -0.17624197 -0.00559990 0.04921363 1.00000000 1.00000000 1.00000000
v -0.05393109 0.07323225 0.04921363 1.00000000 1.00000000 1.00000000
v -0.10034319 0.20657002 0.04921363 1.00000000 1.00000000 1.00000000
v 0.06456521 0.13627797 0.04921363 1.00000000 1.00000000 1.00000000
v -0.02220314 -0.23749276 0.04921363 1.00000000 1.00000000 1.00000000
v -0.10996778 0.16991040 0.04921363 1.00000000 1.00000000 1.00000000
v -0.21651381 -0.10511207 0.04921363 1.00000000 1.00000000 1.00000000
v 0.09218352 0.07567959 0.04921363 1.00000000 1.00000000 1.00000000
v 0.22437499 -0.19613469 0.04921363 1.00000000 1.00000000 1.00000000
v -0.02904104 0.07522511 0.04921363 1.00000000 1.00000000 1.00000000
v -0.10151541 -0.05876685 0.04921363 1.00000000 1.00000000 1.00000000
v -0.05049006 0.19979514 0.04921363 1.00000000 1.00000000 1.00000000
v 0.21259344 -0.30624999 0.04921363 1.00000000 1.00000000 1.00000000
v -0.29575257 -0.30473380 0.03666538 1.00000000 1.00000000 1.00000000
v -0.04311296 -0.30038296 0.04921363 1.00000000 1.00000000 1.00000000
v -0.11139429 -0.06472587 0.04921363 1.00000000 1.00000000 1.00000000
v -0.02960161 0.24060660 0.04921363 1.00000000 1.00000000 1.00000000
v 0.21598557 -0.22204052 0.04921363 1.00000000 1.00000000 1.00000000
v -0.30044102 0.11522426 0.03762453 1.00000000 1.00000000 1.00000000
v -0.16429901 -0.26928482 0.04921363 1.00000000 1.00000000 1.00000000
v -0.21840443 -0.07545684 0.04921363 1.00000000 1.00000000 1.00000000
v -0.18479804 0.25651984 0.04396044 1.00000000 1.00000000 1.00000000
v -0.26080926 0.09039170 0.04921363 1.00000000 1.00000000 1.00000000
v -0.28168354 0.17617693 0.04919444 1.00000000 1.00000000 1.00000000
v -0.26808711 -0.07261737 0.04912670 1.00000000 1.00000000 1.00000000
v 0.13426193 -0.01307754 0.04921363 1.00000000 1.00000000 1.00000000
v 0.04160175 -0.19219611 0.04921363 1.00000000 1.00000000 1.00000000
v -0.09022462 -0.31167819 0.04921363 1.00000000 1.00000000 1.00000000
v 0.17608235 0.24521768 0.04796221 1.00000000 1.00000000 1.00000000
v -0.13931719 0.16855320 0.04921363 1.00000000 1.00000000 1.00000000
v 0.04871578 -0.20360205 0.04921363 1.00000000 1.00000000 1.00000000
v -0.31138719 -0.09521811 0.01958496 1.00000000 1.00000000 1.00000000
v -0.31154773 -0.30358524 0.01039150 1.00000000 1.00000000 1.00000000
v -0.25841656 0.18299863 0.04921363 1.00000000 1.00000000 1.00000000
v -0.09091387 -0.24786131 0.04921363 1.00000000 1.00000000 1.00000000
v 0.02000851 -0.30532544 0.04921363 1.00000000 1.00000000 1.00000000
v -0.05304092 0.22833522 0.04921363 1.00000000 1.00000000 1.00000000
v 0.00963057 0.04254693 0.04921363 1.00000000 1.00000000 1.00000000
v 0.10427737 -0.11714756 0.04921363 1.00000000 1.00000000 1.00000000
v 0.05992080 -0.02736501 0.04921363 1.00000000 1.00000000 1.00000000
v -0.03124146 -0.00471518 0.04921363 1.00000000 1.00000000 1.00000000
v -0.14175743 0.03682267 0.04921363 1.00000000 1.00000000 1.00000000
v 0.23797043 0.11658761 0.04921363 1.00000000 1.00000000 1.00000000
v -0.08777641 -0.04610686 0.04921363 1.00000000 1.00000000 1.00000000
v 0.14457251 -0.10958003 0.04921363 1.00000000 1.00000000 1.00000000
v 0.21577071 0.05342418 0.04921363 1.00000000 1.00000000 1.00000000
v -0.00341045 -0.08748542 0.04921363 1.00000000 1.00000000 1.00000000
v 0.10450030 0.13773014 0.04921363 1.00000000 1.00000000 1.00000000
v 0.20263621 -0.03011060 0.04921363 1.00000000 1.00000000 1.00000000
v -0.15121318 -0.26722425 0.04921363 1.00000000 1.00000000 1.00000000
v -0.31558634 0.09135463 0.01550543 1.00000000 1.00000000 1.00000000
v -0.17477151 -0.07070502 0.04921363 1.00000000 1.00000000 1.00000000
v 0.01487235 -0.07865605 0.04921363 1.00000000 1.00000000 1.00000000
v 0.21885464 -0.13884615 0.04921363 1.00000000 1.00000000 1.00000000
v 0.17281024 -0.14265793 0.04921363 1.00000000 1.00000000 1.00000000
v -0.01260560 -0.09440948 0.04921363 1.00000000 1.00000000 1.00000000
v 0.01488167 0.15310400 0.04921363 1.00000000 1.00000000 1.00000000
v -0.05909578 -0.13564924 0.04921363 1.00000000 1.00000000 1.00000000
v -0.16440177 -0.08250827 0.04921363 1.00000000 1.00000000 1.00000000
v -0.26429928 -0.08604939 0.04921363 1.00000000 1.00000000 1.00000000
v -0.24500377 -0.27323084 0.04921363 1.00000000 1.00000000 1.00000000
v -0.11848451 -0.07601633 0.04921363 1.00000000 1.00000000 1.00000000
v -0.07183829 0.05978084 0.04921363 1.00000000 1.00000000 1.00000000
v 0.14532791 -0.06569929 0.04921363 1.00000000 1.00000000 1.00000000
v 0.16528078 -0.28817140 0.04921363 1.00000000 1.00000000 1.00000000
v 0.17742010 -0.23772665 0.04921363 1.00000000 1.00000000 1.00000000
v 0.12977995 -0.11792656 0.04921363 1.00000000 1.00000000 1.00000000
v -0.09812207 -0.01250242 0.04921363 1.00000000 1.00000000 1.00000000
v 0.14232208 -0.28263239 0.04921363 1.00000000 1.00000000 1.00000000
v -0.11686057 -0.12382563 0.04921363 1.00000000 1.00000000 1.00000000
v 0.25650335 -0.22636456 0.04921363 1.00000000 1.00000000 1.00000000
v -0.04942644 -0.07130306 0.04921363 1.00000000 1.00000000 1.00000000
v 0.21422417 0.11477063 0.04921363 1.00000000 1.00000000 1.00000000
v 0.13002116 -0.07041275 0.04921363 1.00000000 1.00000000 1.00000000
v -0.16359403 0.26584777 0.03832295 1.00000000 1.00000000 1.00000000
v 0.18038493 0.02711692 0.04921363 1.00000000 1.00000000 1.00000000
v -0.15469760 -0.20855259 0.04921363 1.00000000 1.00000000 1.00000000
v -0.14483861 0.00120025 0.04921363 1.00000000 1.00000000 1.00000000
v -0.20702527 0.04975999 0.04921363 1.00000000 1.00000000 1.00000000
v -0.10477350 -0.18769595 0.04921363 1.00000000 1.00000000 1.00000000
v 0.31379810 -0.01189633 0.01650533 1.00000000 1.00000000 1.00000000
v 0.19434080 -0.15630471 0.04921363 1.00000000 1.00000000 1.00000000
v 0.11443195 0.04645266 0.04921363 1.00000000 1.00000000 1.00000000
v -0.01731224 -0.11854855 0.04921363 1.00000000 1.00000000 1.00000000
v -0.10740329 0.05603355 0.04921363 1.00000000 1.00000000 1.00000000
v -0.05399377 0.12269826 0.04921363 1.00000000 1.00000000 1.00000000
v 0.07180169 -0.31032844 0.04921363 1.00000000 1.00000000 1.00000000
v -0.19446535 0.19422837 0.04921363 1.00000000 1.00000000 1.00000000
v 0.17091923 -0.06060843 0.04921363 1.00000000 1.00000000 1.00000000
v 0.30834300 -0.27989821 0.02062532 1.00000000 1.00000000 1.00000000
v 0.15146894 -0.03781370 0.04921363 1.00000000 1.00000000 1.00000000
v 0.09367960 0.11633903 0.04921363 1.00000000 1.00000000 1.00000000
v 0.24986297 -0.13371926 0.04921363 1.00000000 1.00000000 1.00000000
v -0.26341234 0.21500900 0.04921363 1.00000000 1.00000000 1.00000000
v -0.11219348 -0.14965951 0.04921363 1.00000000 1.00000000 1.00000000
v -0.16092082 0.08055972 0.04921363 1.00000000 1.00000000 1.00000000
v -0.01328183 0.00608892 0.04921363 1.00000000 1.00000000 1.00000000
v 0.18524692 -0.22137068 0.04921363 1.00000000 1.00000000 1.00000000
v 0.16369244 0.07003130 0.04921363 1.00000000 1.00000000 1.00000000
v 0.03734423 0.19248734 0.04921363 1.00000000 1.00000000 1.00000000
v 0.26279705 0.24895042 0.04563259 1.00000000 1.00000000 1.00000000
v 0.05114444 -0.09606124 0.04921363 1.00000000 1.00000000 1.00000000
v -0.25830972 -0.16941534 0.04921363 1.00000000 1.00000000 1.00000000
v -0.30842111 -0.24623051 0.02142272 1.00000000 1.00000000 1.00000000
v -0.22532480 -0.11794777 0.04921363 1.00000000 1.00000000 1.00000000
v 0.17432515 -0.07676392 0.04921363 1.00000000 1.00000000 1.00000000
v -0.16856661 -0.29835897 0.04921363 1.00000000 1.00000000 1.00000000
v 0.12884596 -0.17347030 0.04921363 1.00000000 1.00000000 1.00000000
v 0.22632153 0.11311304 0.04921363 1.00000000 1.00000000 1.00000000
v 0.31061941 -0.24445077 0.01637161 1.00000000 1.00000000 1.00000000
v 0.14767572 -0.19386460 0.04921363 1.00000000 1.00000000 1.00000000
v -0.10206519 -0.22892699 0.04921363 1.00000000 1.00000000 1.00000000
v 0.03502749 -0.02305926 0.04921363 1.00000000 1.00000000 1.00000000
v -0.04285434 0.12651903 0.04921363 1.00000000 1.00000000 1.00000000
v -0.09073085 -0.03517305 0.04921363 1.00000000 1.00000000 1.00000000
v 0.00583516 -0.06463822 0.04921363 1.00000000 1.00000000 1.00000000
v 0.21029546 -0.19341727 0.04921363 1.00000000 1.00000000 1.00000000
v 0.27213911 0.23087193 0.04918526 1.00000000 1.00000000 1.00000000
v -0.17008381 -0.18554214 0.04921363 1.00000000 1.00000000 1.00000000
v 0.03091052 0.11941786 0.04921363 1.00000000 1.00000000 1.00000000
v 0.21455332 -0.15333476 0.04921363 1.00000000 1.00000000 1.00000000
v 0.25858090 0.15797036 0.04921363 1.00000000 1.00000000 1.00000000
v 0.08566704 0.00904290 0.04921363 1.00000000 1.00000000 1.00000000
v -0.23565146 -0.17136115 0.04921363 1.00000000 1.00000000 1.00000000
v -0.11101803 0.12074336 0.04921363 1.00000000 1.00000000 1.00000000
v -0.23116976 0.26957399 0.03311628 1.00000000 1.00000000 1.00000000
v -0.28995228 0.00437008 0.04347756 1.00000000 1.00000000 1.00000000
v -0.12665626 0.12748157 0.04921363 1.00000000 1.00000000 1.00000000
v 0.18039631 -0.00135604 0.04921363 1.00000000 1.00000000 1.00000000
v 0.07150686 0.23855672 0.04874642 1.00000000 1.00000000 1.00000000
v -0.15317333 -0.11421099 0.04921363 1.00000000 1.00000000 1.00000000
v -0.11800194 -0.30700310 0.04921363 1.00000000 1.00000000 1.00000000
v -0.25426431 -0.22315911 0.04921363 1.00000000 1.00000000 1.00000000
v -0.04543996 0.03214918 0.04921363 1.00000000 1.00000000 1.00000000
v -0.07456672 -0.28764147 0.04921363 1.00000000 1.00000000 1.00000000
v 0.30230152 -0.19071847 0.03171022 1.00000000 1.00000000 1.00000000
v -0.08340057 -0.11774809 0.04921363 1.00000000 1.00000000 1.00000000
v -0.28661178 0.19226595 0.04921363 1.00000000 1.00000000 1.00000000
v 0.23024041 -0.31401706 0.04921363 1.00000000 1.00000000 1.00000000
v 0.26402442 0.03273155 0.04921363 1.00000000 1.00000000 1.00000000
v -0.12102428 -0.13756655 0.04921363 1.00000000 1.00000000 1.00000000
v 0.21569250 -0.02431290 0.04921363 1.00000000 1.00000000 1.00000000
v -0.25696023 -0.30676813 0.04921363 1.00000000 1.00000000 1.00000000
v 0.04665880 -0.05920932 0.04921363 1.00000000 1.00000000 1.00000000
v 0.03382218 0.07044630 0.04921363 1.00000000 1.00000000 1.00000000
v 0.31322263 0.12720107 0.02217009 1.00000000 1.00000000 1.00000000
v 0.05745838 0.18199097 0.04921363 1.00000000 1.00000000 1.00000000
v -0.16990120 0.00982603 0.04921363 1.00000000 1.00000000 1.00000000
v 0.02646194 -0.00166867 0.04921363 1.00000000 1.00000000 1.00000000
v 0.06947746 0.20939270 0.04921363 1.00000000 1.00000000 1.00000000
v 0.20948214 0.24790537 0.04702743 1.00000000 1.00000000 1.00000000
v 0.12907387 -0.10502110 0.04921363 1.00000000 1.00000000 1.00000000
v 0.08607538 -0.22055712 0.04921363 1.00000000 1.00000000 1.00000000
v 0.07682994 -0.12854872 0.04921363 1.00000000 1.00000000 1.00000000
v -0.29546754 0.05383851 0.04065529 1.00000000 1.00000000 1.00000000
v -0.06855415 0.07319244 0.04921363 1.00000000 1.00000000 1.00000000
v 0.13702724 -0.29264257 0.04921363 1.00000000 1.00000000 1.00000000
v -0.04975414 -0.03749750 0.04921363 1.00000000 1.00000000 1.00000000
v 0.17776887 -0.29332139 0.04921363 1.00000000 1.00000000 1.00000000
v 0.20894369 0.00880680 0.04921363 1.00000000 1.00000000 1.00000000
v 0.00847947 0.12374218 0.04921363 1.00000000 1.00000000 1.00000000
v -0.20382060 -0.29768818 0.04921363 1.00000000 1.00000000 1.00000000
v 0.28338387 0.07183072 0.04661091 1.00000000 1.00000000 1.00000000
v 0.11301913 0.06166417 0.04921363 1.00000000 1.00000000 1.00000000
v -0.00453324 -0.01989633 0.04921363 1.00000000 1.00000000 1.00000000
v -0.11679675 -0.23653141 0.04921363 1.00000000 1.00000000 1.00000000
v -0.13995931 -0.30530378 0.04921363 1.00000000 1.00000000 1.00000000
v -0.05907822 -0.26874589 0.04921363 1.00000000 1.00000000 1.00000000
v 0.16761620 -0.04545183 0.04921363 1.00000000 1.00000000 1.00000000
v -0.06152003 0.22121288 0.04921363 1.00000000 1.00000000 1.00000000
v 0.28419328 -0.11967759 0.04533518 1.00000000 1.00000000 1.00000000
v 0.30032629 -0.29854412 0.03225228 1.00000000 1.00000000 1.00000000
v -0.29658391 0.08426417 0.04018865 1.00000000 1.00000000 1.00000000
v -0.28805576 0.15262565 0.04575762 1.00000000 1.00000000 1.00000000
v -0.17009945 -0.28310187 0.04921363 1.00000000 1.00000000 1.00000000
v -0.00784721 0.22746778 0.04921363 1.00000000 1.00000000 1.00000000
v -0.11138896 -0.31444101 0.04921363 1.00000000 1.00000000 1.00000000
v 0.11123141 -0.28663640 0.04921363 1.00000000 1.00000000 1.00000000
v -0.23929835 0.25793321 0.04202996 1.00000000 1.00000000 1.00000000
v -0.17356809 -0.16495232 0.04921363 1.00000000 1.00000000 1.00000000
v -0.17278006 -0.21739135 0.04921363 1.00000000 1.00000000 1.00000000
v 0.12070112 0.22006209 0.04921363 1.00000000 1.00000000 1.00000000
v 0.26043995 0.07571455 0.04921363 1.00000000 1.00000000 1.00000000
v -0.06496155 -0.06095998 0.04921363 1.00000000 1.00000000 1.00000000
v -0.01935857 0.22217889 0.04921363 1.00000000 1.00000000 1.00000000
v -0.14099863 0.19946533 0.04921363 1.00000000 1.00000000 1.00000000
v -0.00719683 0.05985660 0.04921363 1.00000000 1.00000000 1.00000000
v 0.03269710 0.14562394 0.04921363 1.00000000 1.00000000 1.00000000
v -0.14517762 0.07435645 0.04921363 1.00000000 1.00000000 1.00000000
v 0.26301246 0.01780127 0.04921363 1.00000000 1.00000000 1.00000000
v -0.05946344 -0.20885757 0.04921363 1.00000000 1.00000000 1.00000000
v -0.16070967 -0.21624082 0.04921363 1.00000000 1.00000000 1.00000000
v -0.24878278 -0.16335107 0.04921363 1.00000000 1.00000000 1.00000000
v -0.16225164 -0.22768144 0.04921363 1.00000000 1.00000000 1.00000000
v -0.09120672 -0.15610923 0.04921363 1.00000000 1.00000000 1.00000000
v -0.19339138 0.04063710 0.04921363 1.00000000 1.00000000 1.00000000
v 0.18813430 -0.31570907 0.04921363 1.00000000 1.00000000 1.00000000
v -0.03461614 -0.23612321 0.04921363 1.00000000 1.00000000 1.00000000
v 0.29645919 0.01147604 0.03956879 1.00000000 1.00000000 1.00000000
v -0.14566241 -0.29341055 0.04921363 1.00000000 1.00000000 1.00000000
v 0.22748474 0.14914321 0.04921363 1.00000000 1.00000000 1.00000000
v 0.11776678 -0.01445219 0.04921363 1.00000000 1.00000000 1.00000000
v 0.18809511 -0.14253890 0.04921363 1.00000000 1.00000000 1.00000000
v -0.19779236 0.11316197 0.04921363 1.00000000 1.00000000 1.00000000
v 0.16896430 -0.22536341 0.04921363 1.00000000 1.00000000 1.00000000
v -0.09682191 -0.27451386 0.04921363 1.00000000 1.00000000 1.00000000
v 0.19323505 0.17695002 0.04921363 1.00000000 1.00000000 1.00000000
v 0.03304426 -0.21455660 0.04921363 1.00000000 1.00000000 1.00000000
v -0.02835374 0.16569880 0.04921363 1.00000000 1.00000000 1.00000000
v 0.16524533 0.25350084 0.04542525 1.00000000 1.00000000 1.00000000
v 0.02018338 -0.22659005 0.04921363 1.00000000 1.00000000 1.00000000
v 0.02870220 -0.10575190 0.04921363 1.00000000 1.00000000 1.00000000
v -0.25449234 -0.28458771 0.04921363 1.00000000 1.00000000 1.00000000
v -0.14644254 -0.28110624 0.04921363 1.00000000 1.00000000 1.00000000
v 0.05439124 0.22736684 0.04921363 1.00000000 1.00000000 1.00000000
v -0.28783067 -0.12852066 0.04361884 1.00000000 1.00000000 1.00000000
v -0.23924326 0.10561352 0.04921363 1.00000000 1.00000000 1.00000000
v -0.10142816 0.02902706 0.04921363 1.00000000 1.00000000 1.00000000
v -0.01877870 -0.29134490 0.04921363 1.00000000 1.00000000 1.00000000
v -0.20186408 0.18150475 0.04921363 1.00000000 1.00000000 1.00000000
v 0.11630576 -0.19075946 0.04921363 1.00000000 1.00000000 1.00000000
v 0.15390828 0.16559541 0.04921363 1.00000000 1.00000000 1.00000000
v -0.19821576 -0.05907471 0.04921363 1.00000000 1.00000000 1.00000000
v -0.06798145 -0.19090328 0.04921363 1.00000000 1.00000000 1.00000000
v 0.30856095 0.06417880 0.02828874 1.00000000 1.00000000 1.00000000
v -0.02270269 0.17765215 0.04921363 1.00000000 1.00000000 1.00000000
v -0.03985409 0.00557138 0.04921363 1.00000000 1.00000000 1.00000000
v 0.18106726 -0.15789296 0.04921363 1.00000000 1.00000000 1.00000000
v -0.19396136 -0.30437817 0.04921363 1.00000000 1.00000000 1.00000000
v -0.27696132 -0.01745387 0.04801976 1.00000000 1.00000000 1.00000000
v -0.01255806 0.10087686 0.04921363 1.00000000 1.00000000 1.00000000
v 0.29032299 0.26953845 0.02797638 1.00000000 1.00000000 1.00000000
v 0.00577777 0.15838111 0.04921363 1.00000000 1.00000000 1.00000000
v -0.30563510 -0.18845201 0.02747139 1.00000000 1.00000000 1.00000000
v -0.18731128 -0.09431957 0.04921363 1.00000000 1.00000000 1.00000000
v 0.00307386 -0.30000998 0.04921363 1.00000000 1.00000000 1.00000000
v 0.06758150 -0.06210825 0.04921363 1.00000000 1.00000000 1.00000000
v 0.04384913 -0.23877529 0.04921363 1.00000000 1.00000000 1.00000000
v 0.13362474 0.15130422 0.04921363 1.00000000 1.00000000 1.00000000
v -0.31364262 -0.00413324 0.01720439 1.00000000 1.00000000 1.00000000
v -0.05956183 -0.03306231 0.04921363 1.00000000 1.00000000 1.00000000
v 0.00843487 0.21746102 0.04921363 1.00000000 1.00000000 1.00000000
v -0.31236384 -0.18725435 0.01348173 1.00000000 1.00000000 1.00000000
v 0.17599593 -0.26310573 0.04921363 1.00000000 1.00000000 1.00000000
v -0.22681555 -0.25438392 0.04921363 1.00000000 1.00000000 1.00000000
v 0.05082758 0.03130563 0.04921363 1.00000000 1.00000000 1.00000000
v 0.06646831 0.22371652 0.04921363 1.00000000 1.00000000 1.00000000
v -0.31192108 -0.13390739 0.01699645 1.00000000 1.00000000 1.00000000
v -0.15350283 0.21871276 0.04921363 1.00000000 1.00000000 1.00000000
v -0.16515196 0.28032469 0.02013677 1.00000000 1.00000000 1.00000000
v 0.21073693 -0.23568134 0.04921363 1.00000000 1.00000000 1.00000000
v 0.11400361 -0.07177230 0.04921363 1.00000000 1.00000000 1.00000000
v -0.06357320 0.24021758 0.04863431 1.00000000 1.00000000 1.00000000
v -0.23399065 -0.20518819 0.04921363 1.00000000 1.00000000 1.00000000
v -0.22828462 -0.08469721 0.04921363 1.00000000 1.00000000 1.00000000
v 0.12901113 0.13714998 0.04921363 1.00000000 1.00000000 1.00000000
v 0.27510135 0.26392488 0.03576844 1.00000000 1.00000000 1.00000000
v 0.22113319 0.08533792 0.04921363 1.00000000 1.00000000 1.00000000
v 0.06558339 0.10781385 0.04921363 1.00000000 1.00000000 1.00000000
v -0.07742363 0.08451589 0.04921363 1.00000000 1.00000000 1.00000000
v 0.05493501 -0.28753561 0.04921363 1.00000000 1.00000000 1.00000000
v -0.28314343 -0.29602255 0.04473951 1.00000000 1.00000000 1.00000000
v 0.14776083 0.20605876 0.04921363 1.00000000 1.00000000 1.00000000
v 0.29766578 0.13870367 0.03996350 1.00000000 1.00000000 1.00000000
v 0.03441099 0.13399514 0.04921363 1.00000000 1.00000000 1.00000000
v 0.04710289 -0.02801285 0.04921363 1.00000000 1.00000000 1.00000000
v -0.13141677 -0.00052713 0.04921363 1.00000000 1.00000000 1.00000000
v -0.12452611 -0.01466359 0.04921363 1.00000000 1.00000000 1.00000000
v 0.29823544 0.05588874 0.03871318 1.00000000 1.00000000 1.00000000
v -0.11678588 0.25693268 0.04366071 1.00000000 1.00000000 1.00000000
v 0.05478851 -0.04070575 0.04921363 1.00000000 1.00000000 1.00000000
v -0.10985643 -0.02082676 0.04921363 1.00000000 1.00000000 1.00000000
v 0.10945749 0.15171056 0.04921363 1.00000000 1.00000000 1.00000000
v -0.14406522 -0.24077548 0.04921363 1.00000000 1.00000000 1.00000000
v 0.11572395 0.27297153 0.03095121 1.00000000 1.00000000 1.00000000
v -0.10087922 -0.25963907 0.04921363 1.00000000 1.00000000 1.00000000
v -0.08943388 0.20343317 0.04921363 1.00000000 1.00000000 1.00000000
v -0.14077174 -0.11011461 0.04921363 1.00000000 1.00000000 1.00000000
v 0.01526417 -0.19598722 0.04921363 1.00000000 1.00000000 1.00000000
v 0.13876707 0.05451196 0.04921363 1.00000000 1.00000000 1.00000000
v -0.01970542 0.11308721 0.04921363 1.00000000 1.00000000 1.00000000
v -0.01058636 -0.19272709 0.04921363 1.00000000 1.00000000 1.00000000
v -0.00291131 -0.03428941 0.04921363 1.00000000 1.00000000 1.00000000
v 0.00179828 -0.18877796 0.04921363 1.00000000 1.00000000 1.00000000
v 0.04356796 0.00480090 0.04921363 1.00000000 1.00000000 1.00000000
v -0.25007928 0.09704077 0.04921363 1.00000000 1.00000000 1.00000000
v 0.01614250 0.16892315 0.04921363 1.00000000 1.00000000 1.00000000
v -0.24608190 0.24241060 0.04797038 1.00000000 1.00000000 1.00000000
v -0.12377994 -0.15233187 0.04921363 1.00000000 1.00000000 1.00000000
v 0.07392433 0.09763279 0.04921363 1.00000000 1.00000000 1.00000000
v -0.19900681 0.09653200 0.04921363 1.00000000 1.00000000 1.00000000
v 0.00880353 -0.09147483 0.04921363 1.00000000 1.00000000 1.00000000
v 0.02877094 0.24553166 0.04921363 1.00000000 1.00000000 1.00000000
v -0.14280178 -0.20643311 0.04921363 1.00000000 1.00000000 1.00000000
v 0.26698240 -0.29790704 0.04897093 1.00000000 1.00000000 1.00000000
v -0.29141699 -0.04261516 0.04232714 1.00000000 1.00000000 1.00000000
v -0.09422939 0.11475013 0.04921363 1.00000000 1.00000000 1.00000000
v 0.01762911 0.19172100 0.04921363 1.00000000 1.00000000 1.00000000
v -0.07377018 -0.08259593 0.04921363 1.00000000 1.00000000 1.00000000
v -0.10639425 -0.07734900 0.04921363 1.00000000 1.00000000 1.00000000
v 0.06632509 0.25864896 0.04207589 1.00000000 1.00000000 1.00000000
v -0.01954117 -0.00518429 0.04921363 1.00000000 1.00000000 1.00000000
v 0.20320144 -0.16534141 0.04921363 1.00000000 1.00000000 1.00000000
v -0.09339200 0.15026307 0.04921363 1.00000000 1.00000000 1.00000000
v -0.12110910 -0.02928696 0.04921363 1.00000000 1.00000000 1.00000000
v -0.06429412 -0.11538837 0.04921363 1.00000000 1.00000000 1.00000000
v -0.20231555 0.24969555 0.04654944 1.00000000 1.00000000 1.00000000
v -0.01524748 0.13002649 0.04921363 1.00000000 1.00000000 1.00000000
v -0.05938865 0.10835062 0.04921363 1.00000000 1.00000000 1.00000000
v 0.09747162 0.17163851 0.04921363 1.00000000 1.00000000 1.00000000
v 0.23185558 0.19672043 0.04921363 1.00000000 1.00000000 1.00000000
v -0.02441887 -0.12882041 0.04921363 1.00000000 1.00000000 1.00000000
v -0.22961322 -0.26933100 0.04921363 1.00000000 1.00000000 1.00000000
v -0.05058532 -0.23349868 0.04921363 1.00000000 1.00000000 1.00000000
v -0.14887869 0.12011735 0.04921363 1.00000000 1.00000000 1.00000000
v -0.17850145 -0.27207908 0.04921363 1.00000000 1.00000000 1.00000000
v -0.19491617 -0.13505025 0.04921363 1.00000000 1.00000000 1.00000000
v 0.13772970 -0.08077033 0.04921363 1.00000000 1.00000000 1.00000000
v 0.01974232 -0.28500364 0.04921363 1.00000000 1.00000000 1.00000000
v -0.02694313 0.13846315 0.04921363 1.00000000 1.00000000 1.00000000
v -0.03791906 -0.28545688 0.04921363 1.00000000 1.00000000 1.00000000
v -0.08300389 -0.29634940 0.04921363 1.00000000 1.00000000 1.00000000
v -0.03979320 0.11277631 0.04921363 1.00000000 1.00000000 1.00000000
v 0.07178946 -0.11606601 0.04921363 1.00000000 1.00000000 1.00000000
v 0.30622563 -0.31347806 0.02378488 1.00000000 1.00000000 1.00000000
v -0.29961351 -0.09578195 0.03581071 1.00000000 1.00000000 1.00000000
v 0.01495865 -0.29636540 0.04921363 1.00000000 1.00000000 1.00000000
v -0.24817112 0.05833193 0.04921363 1.00000000 1.00000000 1.00000000
v 0.29328272 0.25926457 0.03833843 1.00000000 1.00000000 1.00000000
v 0.05674258 -0.11376966 0.04921363 1.00000000 1.00000000 1.00000000
v -0.05216259 0.15437857 0.04921363 1.00000000 1.00000000 1.00000000
v -0.31391843 -0.02056543 0.01583563 1.00000000 1.00000000 1.00000000
v 0.01995646 0.24683551 0.04921363 1.00000000 1.00000000 1.00000000
v -0.21768355 -0.24547845 0.04921363 1.00000000 1.00000000 1.00000000
v 0.10240601 0.26241749 0.04013999 1.00000000 1.00000000 1.00000000
v -0.03016580 -0.29692478 0.04921363 1.00000000 1.00000000 1.00000000
v -0.20967830 -0.11578573 0.04921363 1.00000000 1.00000000 1.00000000
v -0.06469845 0.25762125 0.04288194 1.00000000 1.00000000 1.00000000
v 0.03108525 -0.20312266 0.04921363 1.00000000 1.00000000 1.00000000
v -0.00489035 0.12470638 0.04921363 1.00000000 1.00000000 1.00000000
v 0.01112508 0.23946347 0.04921363 1.00000000 1.00000000 1.00000000
v -0.25433672 -0.26179489 0.04921363 1.00000000 1.00000000 1.00000000
v 0.00486735 0.13884814 0.04921363 1.00000000 1.00000000 1.00000000
v -0.05686443 0.05735191 0.04921363 1.00000000 1.00000000 1.00000000
v 0.22834751 -0.25458378 0.04921363 1.00000000 1.00000000 1.00000000
v -0.18414270 -0.15808780 0.04921363 1.00000000 1.00000000 1.00000000
v -0.06754654 -0.24913376 0.04921363 1.00000000 1.00000000 1.00000000
v -0.13791789 -0.17734687 0.04921363 1.00000000 1.00000000 1.00000000
v 0.03966994 -0.00852634 0.04921363 1.00000000 1.00000000 1.00000000
v -0.12452175 0.17805741 0.04921363 1.00000000 1.00000000 1.00000000
v 0.23425800 0.24584583 0.04728639 1.00000000 1.00000000 1.00000000
v 0.01334511 0.03009091 0.04921363 1.00000000 1.00000000 1.00000000
v 0.31145275 -0.27068201 0.01261272 1.00000000 1.00000000 1.00000000
v -0.15244594 -0.17772444 0.04921363 1.00000000 1.00000000 1.00000000
v -0.25009052 0.04574002 0.04921363 1.00000000 1.00000000 1.00000000
v -0.22871910 -0.31147188 0.04921363 1.00000000 1.00000000 1.00000000
v 0.06047655 -0.12989401 0.04921363 1.00000000 1.00000000 1.00000000
v -0.19471158 -0.11104216 0.04921363 1.00000000 1.00000000 1.00000000
v 0.07545959 0.04728501 0.04921363 1.00000000 1.00000000 1.00000000
v -0.10978038 0.01780943 0.04921363 1.00000000 1.00000000 1.00000000
v -0.22737380 -0.21721034 0.04921363 1.00000000 1.00000000 1.00000000
v 0.17219376 -0.17286187 0.04921363 1.00000000 1.00000000 1.00000000
v 0.02182996 0.23418120 0.04921363 1.00000000 1.00000000 1.00000000
v 0.15960759 0.13040637 0.04921363 1.00000000 1.00000000 1.00000000
v -0.07457668 -0.06739641 0.04921363 1.00000000 1.00000000 1.00000000
v 0.07180768 -0.01527896 0.04921363 1.00000000 1.00000000 1.00000000
v 0.11156443 0.21091395 0.04921363 1.00000000 1.00000000 1.00000000
v 0.17416225 -0.09408124 0.04921363 1.00000000 1.00000000 1.00000000
v -0.24540424 -0.20887523 0.04921363 1.00000000 1.00000000 1.00000000
v -0.04161174 0.08460807 0.04921363 1.00000000 1.00000000 1.00000000
v 0.21569717 -0.07017655 0.04921363 1.00000000 1.00000000 1.00000000
v -0.13068826 0.06575407 0.04921363 1.00000000 1.00000000 1.00000000
v -0.13162309 -0.16717471 0.04921363 1.00000000 1.00000000 1.00000000
v 0.14909853 -0.08954247 0.04921363 1.00000000 1.00000000 1.00000000
v -0.00277260 0.24301803 0.04921363 1.00000000 1.00000000 1.00000000
v -0.29919606 0.06789136 0.03809726 1.00000000 1.00000000 1.00000000
v 0.16468476 -0.30036482 0.04921363 1.00000000 1.00000000 1.00000000
v 0.09796982 -0.06071270 0.04921363 1.00000000 1.00000000 1.00000000
v 0.08408084 0.14688289 0.04921363 1.00000000 1.00000000 1.00000000
v -0.21328285 -0.06211733 0.04921363 1.00000000 1.00000000 1.00000000
v -0.11033407 0.27226865 0.03156912 1.00000000 1.00000000 1.00000000
v 0.13415924 -0.18763914 0.04921363 1.00000000 1.00000000 1.00000000
v -0.21699562 0.17964888 0.04921363 1.00000000 1.00000000 1.00000000
v -0.30218267 -0.26236145 0.03067605 1.00000000 1.00000000 1.00000000
v -0.27658937 -0.04974019 0.04800316 1.00000000 1.00000000 1.00000000
v 0.31318224 0.02711930 0.01936675 1.00000000 1.00000000 1.00000000
v -0.14082312 0.26965769 0.03499122 1.00000000 1.00000000 1.00000000
v -0.07774657 0.22011631 0.04921363 1.00000000 1.00000000 1.00000000
v -0.05858864 -0.04817672 0.04921363 1.00000000 1.00000000 1.00000000
v -0.11922191 -0.16465804 0.04921363 1.00000000 1.00000000 1.00000000
v 0.04646567 0.04470504 0.04921363 1.00000000 1.00000000 1.00000000
v 0.01848950 -0.21154442 0.04921363 1.00000000 1.00000000 1.00000000
v 0.25566095 -0.06236096 0.04921363 1.00000000 1.00000000 1.00000000
v 0.30790488 0.17147667 0.04484511 1.00000000 1.00000000 1.00000000
v -0.11779417 0.20278707 0.04921363 1.00000000 1.00000000 1.00000000
v -0.30880674 -0.31169797 0.01860989 1.00000000 1.00000000 1.00000000
v -0.09705482 0.17813899 0.04921363 1.00000000 1.00000000 1.00000000
v -0.19329689 -0.23152413 0.04921363 1.00000000 1.00000000 1.00000000
v 0.05843455 0.15114916 0.04921363 1.00000000 1.00000000 1.00000000
v 0.27178175 -0.06494344 0.04879601 1.00000000 1.00000000 1.00000000
v 0.22890216 -0.07058983 0.04921363 1.00000000 1.00000000 1.00000000
v -0.04155374 -0.08160904 0.04921363 1.00000000 1.00000000 1.00000000
v 0.30072684 0.08943179 0.03709003 1.00000000 1.00000000 1.00000000
v -0.01779837 -0.05165033 0.04921363 1.00000000 1.00000000 1.00000000
v 0.09070393 0.27295046 0.02981699 1.00000000 1.00000000 1.00000000
v -0.10522706 0.00406325 0.04921363 1.00000000 1.00000000 1.00000000
v 0.18878374 0.28076963 0.01832699 1.00000000 1.00000000 1.00000000
v -0.02425227 -0.06526270 0.04921363 1.00000000 1.00000000 1.00000000
v 0.24339029 -0.23281870 0.04921363 1.00000000 1.00000000 1.00000000
v 0.23355736 0.08894616 0.04921363 1.00000000 1.00000000 1.00000000
v 0.17312112 -0.21139948 0.04921363 1.00000000 1.00000000 1.00000000
v -0.18540427 0.17925419 0.04921363 1.00000000 1.00000000 1.00000000
v -0.14594673 -0.14927667 0.04921363 1.00000000 1.00000000 1.00000000
v -0.15671003 0.20364948 0.04921363 1.00000000 1.00000000 1.00000000
v -0.13403459 0.22709231 0.04921363 1.00000000 1.00000000 1.00000000
v 0.22211172 -0.26841784 0.04921363 1.00000000 1.00000000 1.00000000
v 0.28398217 -0.10137843 0.04552275 1.00000000 1.00000000 1.00000000
v 0.20217544 -0.24625830 0.04921363 1.00000000 1.00000000 1.00000000
v -0.03450754 -0.01551719 0.04921363 1.00000000 1.00000000 1.00000000
v -0.25631955 0.00678761 0.04921363 1.00000000 1.00000000 1.00000000
v -0.10009028 -0.31338797 0.04921363 1.00000000 1.00000000 1.00000000
v 0.29247120 -0.27586250 0.03956880 1.00000000 1.00000000 1.00000000
v -0.07936305 -0.26893271 0.04921363 1.00000000 1.00000000 1.00000000
v 0.24880822 0.23548308 0.04900964 1.00000000 1.00000000 1.00000000
v -0.18159446 -0.19198776 0.04921363 1.00000000 1.00000000 1.00000000
v 0.12002996 0.03056180 0.04921363 1.00000000 1.00000000 1.00000000
v -0.20352875 0.02691294 0.04921363 1.00000000 1.00000000 1.00000000
v 0.03724339 -0.31411500 0.04921363 1.00000000 1.00000000 1.00000000
v 0.02739319 0.02541317 0.04921363 1.00000000 1.00000000 1.00000000
v -0.20730168 -0.17637221 0.04921363 1.00000000 1.00000000 1.00000000
v 0.05805360 -0.27034377 0.04921363 1.00000000 1.00000000 1.00000000
v 0.05365438 -0.16725273 0.04921363 1.00000000 1.00000000 1.00000000
v -0.31371811 0.15655416 0.03379385 1.00000000 1.00000000 1.00000000
v 0.26384323 -0.18592524 0.04921247 1.00000000 1.00000000 1.00000000
v 0.11574734 -0.10854354 0.04921363 1.00000000 1.00000000 1.00000000
v -0.03538095 -0.31018795 0.04921363 1.00000000 1.00000000 1.00000000
v -0.18146959 -0.02219084 0.04921363 1.00000000 1.00000000 1.00000000
v 0.28242119 -0.15662325 0.04583107 1.00000000 1.00000000 1.00000000
v -0.21140498 -0.14412574 0.04921363 1.00000000 1.00000000 1.00000000
v 0.17567363 -0.19818045 0.04921363 1.00000000 1.00000000 1.00000000
v -0.00790111 -0.29608880 0.04921363 1.00000000 1.00000000 1.00000000
v 0.30946339 -0.29036020 0.01773142 1.00000000 1.00000000 1.00000000
v -0.01150996 0.18734867 0.04921363 1.00000000 1.00000000 1.00000000
v -0.06451845 -0.16018611 0.04921363 1.00000000 1.00000000 1.00000000
v 0.25175683 -0.20629119 0.04921363 1.00000000 1.00000000 1.00000000
v 0.17760228 0.26226481 0.04077445 1.00000000 1.00000000 1.00000000
v 0.17543516 0.07999825 0.04921363 1.00000000 1.00000000 1.00000000
v 0.28620114 0.20845446 0.04921363 1.00000000 1.00000000 1.00000000
v 0.02659392 0.15543981 0.04921363 1.00000000 1.00000000 1.00000000
v -0.01669059 0.15747979 0.04921363 1.00000000 1.00000000 1.00000000
v 0.09886906 -0.26261934 0.04921363 1.00000000 1.00000000 1.00000000
v 0.14898726 -0.24014720 0.04921363 1.00000000 1.00000000 1.00000000
v -0.30298582 0.12619643 0.03554259 1.00000000 1.00000000 1.00000000
v 0.03564454 0.03593356 0.04921363 1.00000000 1.00000000 1.00000000
v -0.13522878 -0.25465065 0.04921363 1.00000000 1.00000000 1.00000000
v 0.26771229 0.18476242 0.04921363 1.00000000 1.00000000 1.00000000
v -0.16255954 0.23038080 0.04921363 1.00000000 1.00000000 1.00000000
v 0.24424073 0.19619186 0.04921363 1.00000000 1.00000000 1.00000000
v 0.12538476 -0.21966457 0.04921363 1.00000000 1.00000000 1.00000000
v 0.30678767 0.26033634 0.03636236 1.00000000 1.00000000 1.00000000
v 0.31266799 -0.03033091 0.01871348 1.00000000 1.00000000 1.00000000
v -0.23063292 0.02127296 0.04921363 1.00000000 1.00000000 1.00000000
v -0.15417049 -0.15864515 0.04921363 1.00000000 1.00000000 1.00000000
v 0.20048961 -0.22816211 0.04921363 1.00000000 1.00000000 1.00000000
v 0.13813941 -0.25751061 0.04921363 1.00000000 1.00000000 1.00000000
v 0.26396825 -0.25280095 0.04919491 1.00000000 1.00000000 1.00000000
v -0.17765125 0.13794693 0.04921363 1.00000000 1.00000000 1.00000000
v -0.22344159 0.08671586 0.04921363 1.00000000 1.00000000 1.00000000
v -0.30760507 0.09613530 0.03012537 1.00000000 1.00000000 1.00000000
v -0.13666288 0.05129597 0.04921363 1.00000000 1.00000000 1.00000000
v -0.05853080 0.03554676 0.04921363 1.00000000 1.00000000 1.00000000
v -0.13019273 0.20446284 0.04921363 1.00000000 1.00000000 1.00000000
v -0.21752627 -0.23197756 0.04921363 1.00000000 1.00000000 1.00000000
v 0.20678384 -0.08035188 0.04921363 1.00000000 1.00000000 1.00000000
v 0.07360291 -0.05163631 0.04921363 1.00000000 1.00000000 1.00000000
v -0.14625941 -0.06790673 0.04921363 1.00000000 1.00000000 1.00000000
v 0.05278626 0.09004049 0.04921363 1.00000000 1.00000000 1.00000000
v -0.22582825 -0.01764302 0.04921363 1.00000000 1.00000000 1.00000000
v -0.11491555 -0.22475035 0.04921363 1.00000000 1.00000000 1.00000000
v -0.28936389 -0.16709027 0.04251249 1.00000000 1.00000000 1.00000000
v -0.12893458 0.11349683 0.04921363 1.00000000 1.00000000 1.00000000
v 0.10926460 -0.31110029 0.04921363 1.00000000 1.00000000 1.00000000
v -0.01836624 -0.21427449 0.04921363 1.00000000 1.00000000 1.00000000
v -0.30305064 0.04062467 0.03434025 1.00000000 1.00000000 1.00000000
v -0.05774565 -0.10122433 0.04921363 1.00000000 1.00000000 1.00000000
v -0.28885973 -0.14733868 0.04294307 1.00000000 1.00000000 1.00000000
v 0.07021995 0.12126035 0.04921363 1.00000000 1.00000000 1.00000000
v 0.07633489 -0.00310913 0.04921363 1.00000000 1.00000000 1.00000000
v -0.21530931 -0.21878271 0.04921363 1.00000000 1.00000000 1.00000000
v 0.26785837 -0.09538352 0.04912160 1.00000000 1.00000000 1.00000000
v -0.11359123 -0.25765704 0.04921363 1.00000000 1.00000000 1.00000000
v 0.12133038 -0.23692067 0.04921363 1.00000000 1.00000000 1.00000000
v 0.30614284 0.22561438 0.04921363 1.00000000 1.00000000 1.00000000
v 0.00292562 0.19044352 0.04921363 1.00000000 1.00000000 1.00000000
v 0.00189957 -0.26205244 0.04921363 1.00000000 1.00000000 1.00000000
v 0.05722377 -0.25118306 0.04921363 1.00000000 1.00000000 1.00000000
v 0.23595966 -0.11424017 0.04921363 1.00000000 1.00000000 1.00000000
v 0.03369133 -0.27079026 0.04921363 1.00000000 1.00000000 1.00000000
v -0.13336576 -0.29547680 0.04921363 1.00000000 1.00000000 1.00000000
v -0.27727207 0.08677224 0.04825333 1.00000000 1.00000000 1.00000000
v 0.22019072 0.27938995 0.01902044 1.00000000 1.00000000 1.00000000
v 0.11556453 0.17643040 0.04921363 1.00000000 1.00000000 1.00000000
v -0.00514015 0.14558713 0.04921363 1.00000000 1.00000000 1.00000000
v -0.03046559 0.15310268 0.04921363 1.00000000 1.00000000 1.00000000
v 0.27269511 0.14751175 0.04902358 1.00000000 1.00000000 1.00000000
v -0.08516841 -0.06765516 0.04921363 1.00000000 1.00000000 1.00000000
v 0.20494297 0.13600109 0.04921363 1.00000000 1.00000000 1.00000000
v 0.14470018 0.17939018 0.04921363 1.00000000 1.00000000 1.00000000
v 0.17792245 0.17298941 0.04921363 1.00000000 1.00000000 1.00000000
v -0.06505454 0.20066895 0.04921363 1.00000000 1.00000000 1.00000000
v 0.15147323 0.15220524 0.04921363 1.00000000 1.00000000 1.00000000
v 0.02198785 -0.09317229 0.04921363 1.00000000 1.00000000 1.00000000
v 0.19392449 -0.01681668 0.04921363 1.00000000 1.00000000 1.00000000
v 0.11118427 0.16476437 0.04921363 1.00000000 1.00000000 1.00000000
v -0.30284276 0.21409047 0.04921363 1.00000000 1.00000000 1.00000000
v 0.12498614 -0.28063701 0.04921363 1.00000000 1.00000000 1.00000000
v 0.02756868 -0.24177615 0.04921363 1.00000000 1.00000000 1.00000000
v -0.01460597 0.01806138 0.04921363 1.00000000 1.00000000 1.00000000
v -0.13859732 -0.26770131 0.04921363 1.00000000 1.00000000 1.00000000
v 0.14001617 0.13323665 0.04921363 1.00000000 1.00000000 1.00000000
v -0.30568288 -0.01844929 0.03053592 1.00000000 1.00000000 1.00000000
v -0.12880469 -0.31021432 0.04921363 1.00000000 1.00000000 1.00000000
v -0.15153780 0.04474033 0.04921363 1.00000000 1.00000000 1.00000000
v 0.07786243 0.07753956 0.04921363 1.00000000 1.00000000 1.00000000
v -0.00842853 -0.06214934 0.04921363 1.00000000 1.00000000 1.00000000
v -0.26567792 0.07636766 0.04921363 1.00000000 1.00000000 1.00000000
v 0.13981903 -0.31427924 0.04921363 1.00000000 1.00000000 1.00000000
v -0.30177718 0.14344640 0.03683414 1.00000000 1.00000000 1.00000000
v 0.18616356 -0.10166656 0.04921363 1.00000000 1.00000000 1.00000000
v -0.29386678 0.03132430 0.04147864 1.00000000 1.00000000 1.00000000
v -0.31584955 0.07827155 0.01414236 1.00000000 1.00000000 1.00000000
v 0.28255432 -0.03906349 0.04637249 1.00000000 1.00000000 1.00000000
v -0.30742536 0.24200933 0.04668325 1.00000000 1.00000000 1.00000000
v 0.30416391 -0.08595488 0.03123495 1.00000000 1.00000000 1.00000000
v 0.19757616 -0.09055813 0.04921363 1.00000000 1.00000000 1.00000000
v 0.06637017 -0.20301507 0.04921363 1.00000000 1.00000000 1.00000000
v 0.28877830 0.10182860 0.04468918 1.00000000 1.00000000 1.00000000
v 0.19861384 0.05599376 0.04921363 1.00000000 1.00000000 1.00000000
v -0.04124225 0.14751805 0.04921363 1.00000000 1.00000000 1.00000000
v -0.22128203 0.05392688 0.04921363 1.00000000 1.00000000 1.00000000
v -0.31251093 -0.05173633 0.01838029 1.00000000 1.00000000 1.00000000
v -0.15746302 -0.29922302 0.04921363 1.00000000 1.00000000 1.00000000
v 0.28949663 0.22486152 0.04921363 1.00000000 1.00000000 1.00000000
v 0.18741460 0.08770082 0.04921363 1.00000000 1.00000000 1.00000000
v 0.07369290 -0.24422846 0.04921363 1.00000000 1.00000000 1.00000000
v 0.08003818 -0.10390013 0.04921363 1.00000000 1.00000000 1.00000000
v -0.24646089 -0.10348821 0.04921363 1.00000000 1.00000000 1.00000000
v -0.09637723 -0.08133832 0.04921363 1.00000000 1.00000000 1.00000000
v 0.15821673 -0.20912700 0.04921363 1.00000000 1.00000000 1.00000000
v -0.14494174 -0.21882925 0.04921363 1.00000000 1.00000000 1.00000000
v -0.16048155 0.13450997 0.04921363 1.00000000 1.00000000 1.00000000
v 0.04511266 0.22083753 0.04921363 1.00000000 1.00000000 1.00000000
v -0.11132748 -0.03318945 0.04921363 1.00000000 1.00000000 1.00000000
v -0.23062719 -0.04427736 0.04921363 1.00000000 1.00000000 1.00000000
v -0.08397441 -0.00941397 0.04921363 1.00000000 1.00000000 1.00000000
v -0.28252295 0.01901645 0.04665269 1.00000000 1.00000000 1.00000000
v -0.24212519 0.01661482 0.04921363 1.00000000 1.00000000 1.00000000
v 0.03304139 -0.12297808 0.04921363 1.00000000 1.00000000 1.00000000
v -0.14529450 -0.18679418 0.04921363 1.00000000 1.00000000 1.00000000
v 0.31576156 0.06430991 0.01379641 1.00000000 1.00000000 1.00000000
v -0.14991175 0.14874727 0.04921363 1.00000000 1.00000000 1.00000000
v -0.16760350 0.06800075 0.04921363 1.00000000 1.00000000 1.00000000
v 0.22814888 0.16507686 0.04921363 1.00000000 1.00000000 1.00000000
v -0.02054075 -0.16301097 0.04921363 1.00000000 1.00000000 1.00000000
v -0.29529659 0.20650715 0.04921363 1.00000000 1.00000000 1.00000000
v -0.09901161 -0.17647683 0.04921363 1.00000000 1.00000000 1.00000000
v 0.04265376 0.10060936 0.04921363 1.00000000 1.00000000 1.00000000
v -0.12910797 0.09375644 0.04921363 1.00000000 1.00000000 1.00000000
v -0.22870099 0.21480576 0.04921363 1.00000000 1.00000000 1.00000000
v 0.13270042 0.22785083 0.04921363 1.00000000 1.00000000 1.00000000
v -0.30022417 -0.05434609 0.03577822 1.00000000 1.00000000 1.00000000
v 0.22845556 -0.21028843 0.04921363 1.00000000 1.00000000 1.00000000
v 0.12416967 -0.29381236 0.04921363 1.00000000 1.00000000 1.00000000
v 0.14214128 0.28097570 0.01863601 1.00000000 1.00000000 1.00000000
v -0.10731308 -0.20036311 0.04921363 1.00000000 1.00000000 1.00000000
v 0.04812084 -0.08146917 0.04921363 1.00000000 1.00000000 1.00000000
v 0.14145799 -0.20984416 0.04921363 1.00000000 1.00000000 1.00000000
v -0.31181094 0.13295449 0.02482584 1.00000000 1.00000000 1.00000000
v 0.28312402 0.03996453 0.04655070 1.00000000 1.00000000 1.00000000
v 0.01052890 0.24916120 0.04921363 1.00000000 1.00000000 1.00000000
v 0.19849625 -0.30643700 0.04921363 1.00000000 1.00000000 1.00000000
v 0.25285357 -0.07612983 0.04921363 1.00000000 1.00000000 1.00000000
v 0.00570082 -0.16320210 0.04921363 1.00000000 1.00000000 1.00000000
v 0.31235842 -0.13987131 0.01555993 1.00000000 1.00000000 1.00000000
v 0.25326329 -0.16788963 0.04921363 1.00000000 1.00000000 1.00000000
v -0.10583086 -0.13516706 0.04921363 1.00000000 1.00000000 1.00000000
v -0.24026841 -0.11695827 0.04921363 1.00000000 1.00000000 1.00000000
v 0.06691941 -0.07448634 0.04921363 1.00000000 1.00000000 1.00000000
v -0.29279442 0.16342882 0.04599014 1.00000000 1.00000000 1.00000000
v 0.13385812 0.25227633 0.04585854 1.00000000 1.00000000 1.00000000
v 0.15287310 -0.22495909 0.04921363 1.00000000 1.00000000 1.00000000
v 0.05917840 -0.05275042 0.04921363 1.00000000 1.00000000 1.00000000
v 0.03128388 -0.28461067 0.04921363 1.00000000 1.00000000 1.00000000
v 0.29637633 0.24212394 0.04699223 1.00000000 1.00000000 1.00000000
v -0.27688328 0.21582011 0.04921363 1.00000000 1.00000000 1.00000000
v 0.18454418 -0.06532393 0.04921363 1.00000000 1.00000000 1.00000000
v 0.09533252 -0.30891087 0.04921363 1.00000000 1.00000000 1.00000000
v 0.29324182 -0.22391792 0.03953318 1.00000000 1.00000000 1.00000000
v 0.14898661 0.07225562 0.04921363 1.00000000 1.00000000 1.00000000
v 0.23385439 0.03177906 0.04921363 1.00000000 1.00000000 1.00000000
v 0.13597104 0.02428777 0.04921363 1.00000000 1.00000000 1.00000000
v -0.19110565 -0.21451573 0.04921363 1.00000000 1.00000000 1.00000000
v -0.12389975 -0.21732057 0.04921363 1.00000000 1.00000000 1.00000000
v -0.21317817 0.11927954 0.04921363 1.00000000 1.00000000 1.00000000
v 0.13326206 -0.15335895 0.04921363 1.00000000 1.00000000 1.00000000
v -0.15223587 0.19099213 0.04921363 1.00000000 1.00000000 1.00000000
v -0.27382070 -0.22771687 0.04806756 1.00000000 1.00000000 1.00000000
v -0.20615966 -0.23569061 0.04921363 1.00000000 1.00000000 1.00000000
v -0.24421351 0.00484351 0.04921363 1.00000000 1.00000000 1.00000000
v -0.24995657 0.08213066 0.04921363 1.00000000 1.00000000 1.00000000
v -0.04765665 -0.11052548 0.04921363 1.00000000 1.00000000 1.00000000
v -0.18286391 0.10705566 0.04921363 1.00000000 1.00000000 1.00000000
v 0.13433240 -0.05714945 0.04921363 1.00000000 1.00000000 1.00000000
v -0.09535147 -0.28839604 0.04921363 1.00000000 1.00000000 1.00000000
v -0.11132177 0.21113177 0.04921363 1.00000000 1.00000000 1.00000000
v 0.24654359 0.12733458 0.04921363 1.00000000 1.00000000 1.00000000
v 0.16214559 0.17731947 0.04921363 1.00000000 1.00000000 1.00000000
v 0.06435449 0.03691339 0.04921363 1.00000000 1.00000000 1.00000000
v 0.01652777 0.01576542 0.04921363 1.00000000 1.00000000 1.00000000
v -0.22088437 0.27793919 0.02200800 1.00000000 1.00000000 1.00000000
v -0.07840798 0.15838803 0.04921363 1.00000000 1.00000000 1.00000000
v 0.23426565 -0.30264953 0.04921363 1.00000000 1.00000000 1.00000000
v -0.13772527 0.28133772 0.01762051 1.00000000 1.00000000 1.00000000
v -0.19742678 -0.28024470 0.04921363 1.00000000 1.00000000 1.00000000
v 0.09033730 0.22375101 0.04921363 1.00000000 1.00000000 1.00000000
v -0.05881866 -0.00483260 0.04921363 1.00000000 1.00000000 1.00000000
v -0.05614913 0.26213912 0.04286451 1.00000000 1.00000000 1.00000000
v 0.26834662 0.20845046 0.04921363 1.00000000 1.00000000 1.00000000
v -0.10451348 0.26146631 0.04082269 1.00000000 1.00000000 1.00000000
v 0.22955418 0.13056914 0.04921363 1.00000000 1.00000000 1.00000000
v -0.20802009 -0.04665031 0.04921363 1.00000000 1.00000000 1.00000000
v 0.09973015 -0.22639020 0.04921363 1.00000000 1.00000000 1.00000000
v -0.06134019 0.01077091 0.04921363 1.00000000 1.00000000 1.00000000
v -0.00687391 0.02956613 0.04921363 1.00000000 1.00000000 1.00000000
v 0.31276531 -0.08971863 0.01637610 1.00000000 1.00000000 1.00000000
v -0.19170648 0.02362597 0.04921363 1.00000000 1.00000000 1.00000000
v 0.21633842 0.14228080 0.04921363 1.00000000 1.00000000 1.00000000
v 0.09589897 0.14441717 0.04921363 1.00000000 1.00000000 1.00000000
v -0.19479604 0.08364601 0.04921363 1.00000000 1.00000000 1.00000000
v 0.19126856 -0.12778155 0.04921363 1.00000000 1.00000000 1.00000000
v 0.11836180 -0.12516406 0.04921363 1.00000000 1.00000000 1.00000000
v -0.24732725 -0.19492860 0.04921363 1.00000000 1.00000000 1.00000000
v 0.16008673 0.08483409 0.04921363 1.00000000 1.00000000 1.00000000
v 0.11050349 -0.05963040 0.04921363 1.00000000 1.00000000 1.00000000
v -0.26114179 0.01669670 0.04921363 1.00000000 1.00000000 1.00000000
v 0.18725654 -0.30426498 0.04921363 1.00000000 1.00000000 1.00000000
v 0.25510767 -0.21656253 0.04921363 1.00000000 1.00000000 1.00000000
v -0.00003456 -0.14716787 0.04921363 1.00000000 1.00000000 1.00000000
v -0.25475716 0.12553242 0.04921363 1.00000000 1.00000000 1.00000000
v -0.08121392 -0.17545920 0.04921363 1.00000000 1.00000000 1.00000000
v 0.07128059 0.15143084 0.04921363 1.00000000 1.00000000 1.00000000
v -0.20344918 -0.07303165 0.04921363 1.00000000 1.00000000 1.00000000
v 0.21606193 0.12680099 0.04921363 1.00000000 1.00000000 1.00000000
v -0.08964585 -0.10611316 0.04921363 1.00000000 1.00000000 1.00000000
v -0.03232913 0.05163606 0.04921363 1.00000000 1.00000000 1.00000000
v 0.19995606 -0.11805783 0.04921363 1.00000000 1.00000000 1.00000000
v 0.14386064 0.26610711 0.03811452 1.00000000 1.00000000 1.00000000
v 0.25492702 0.06195822 0.04921363 1.00000000 1.00000000 1.00000000
v -0.17988034 -0.10563640 0.04921363 1.00000000 1.00000000 1.00000000
v 0.10949892 -0.20856861 0.04921363 1.00000000 1.00000000 1.00000000
v 0.31039085 0.15821904 0.03659805 1.00000000 1.00000000 1.00000000
v 0.01231164 -0.10607828 0.04921363 1.00000000 1.00000000 1.00000000
v -0.21473876 -0.02419408 0.04921363 1.00000000 1.00000000 1.00000000
v 0.18671708 0.11588343 0.04921363 1.00000000 1.00000000 1.00000000
v 0.15492526 -0.28170344 0.04921363 1.00000000 1.00000000 1.00000000
v 0.24213853 -0.24965075 0.04921363 1.00000000 1.00000000 1.00000000
v 0.28499470 -0.29391134 0.04388828 1.00000000 1.00000000 1.00000000
v 0.00405186 -0.00502673 0.04921363 1.00000000 1.00000000 1.00000000
v 0.05337371 -0.30056346 0.04921363 1.00000000 1.00000000 1.00000000
v 0.23227507 -0.04491064 0.04921363 1.00000000 1.00000000 1.00000000
v 0.28169090 0.16022685 0.04823143 1.00000000 1.00000000 1.00000000
v 0.31072309 -0.22964802 0.01664829 1.00000000 1.00000000 1.00000000
v 0.02660742 -0.31151757 0.04921363 1.00000000 1.00000000 1.00000000
v -0.02229448 -0.19756048 0.04921363 1.00000000 1.00000000 1.00000000
v -0.24522693 0.15169955 0.04921363 1.00000000 1.00000000 1.00000000
v 0.16287178 0.20944247 0.04921363 1.00000000 1.00000000 1.00000000
v -0.30024323 0.19475458 0.04921363 1.00000000 1.00000000 1.00000000
v -0.02087854 0.08804002 0.04921363 1.00000000 1.00000000 1.00000000
v 0.29872673 -0.20271153 0.03525664 1.00000000 1.00000000 1.00000000
v 0.23881397 -0.20369370 0.04921363 1.00000000 1.00000000 1.00000000
v -0.25194636 -0.05494937 0.04921363 1.00000000 1.00000000 1.00000000
v -0.08851854 -0.26191726 0.04921363 1.00000000 1.00000000 1.00000000
v -0.15552761 -0.12702079 0.04921363 1.00000000 1.00000000 1.00000000
v -0.04594954 -0.13565859 0.04921363 1.00000000 1.00000000 1.00000000
v -0.22380941 -0.05505882 0.04921363 1.00000000 1.00000000 1.00000000
v 0.13832715 0.19463295 0.04921363 1.00000000 1.00000000 1.00000000
v 0.00358520 0.02120042 0.04921363 1.00000000 1.00000000 1.00000000
v 0.29343957 -0.17583618 0.03986623 1.00000000 1.00000000 1.00000000
v 0.10895097 0.28187491 0.01428616 1.00000000 1.00000000 1.00000000
v 0.19365378 0.21848291 0.04921363 1.00000000 1.00000000 1.00000000
v 0.12661191 0.18563026 0.04921363 1.00000000 1.00000000 1.00000000
v -0.20891756 0.06461263 0.04921363 1.00000000 1.00000000 1.00000000
v 0.06790302 -0.26114264 0.04921363 1.00000000 1.00000000 1.00000000
v -0.02205738 0.06091240 0.04921363 1.00000000 1.00000000 1.00000000
v -0.20467407 0.01206141 0.04921363 1.00000000 1.00000000 1.00000000
v -0.10024810 0.07094873 0.04921363 1.00000000 1.00000000 1.00000000
v 0.23288278 0.01707441 0.04921363 1.00000000 1.00000000 1.00000000
v 0.09529552 0.23876704 0.04885959 1.00000000 1.00000000 1.00000000
v -0.07901800 -0.25163611 0.04921363 1.00000000 1.00000000 1.00000000
v 0.02009358 0.06956488 0.04921363 1.00000000 1.00000000 1.00000000
v 0.03215080 -0.05971288 0.04921363 1.00000000 1.00000000 1.00000000
v 0.24849038 0.03904323 0.04921363 1.00000000 1.00000000 1.00000000
v 0.17222063 0.23114626 0.04921363 1.00000000 1.00000000 1.00000000
v -0.22655397 0.12044022 0.04921363 1.00000000 1.00000000 1.00000000
v -0.27103781 -0.25978696 0.04850943 1.00000000 1.00000000 1.00000000
v 0.25324455 -0.24765820 0.04921363 1.00000000 1.00000000 1.00000000
v -0.00964513 -0.25429916 0.04921363 1.00000000 1.00000000 1.00000000
v -0.06977875 -0.02689881 0.04921363 1.00000000 1.00000000 1.00000000
v 0.01854832 0.14025396 0.04921363 1.00000000 1.00000000 1.00000000
v -0.14775340 -0.13707913 0.04921363 1.00000000 1.00000000 1.00000000
v 0.02080210 -0.27142866 0.04921363 1.00000000 1.00000000 1.00000000
v -0.11391212 -0.09064470 0.04921363 1.00000000 1.00000000 1.00000000
v -0.27592565 0.27590174 0.01893613 1.00000000 1.00000000 1.00000000
v 0.07452727 0.26920289 0.03318503 1.00000000 1.00000000 1.00000000
v -0.03982342 -0.19487017 0.04921363 1.00000000 1.00000000 1.00000000
v 0.24589563 0.08128378 0.04921363 1.00000000 1.00000000 1.00000000
v -0.04756095 0.09982612 0.04921363 1.00000000 1.00000000 1.00000000
v -0.12362976 -0.17763245 0.04921363 1.00000000 1.00000000 1.00000000
v 0.21955065 0.07133037 0.04921363 1.00000000 1.00000000 1.00000000
v -0.09666471 -0.06880134 0.04921363 1.00000000 1.00000000 1.00000000
v -0.15803130 -0.24172993 0.04921363 1.00000000 1.00000000 1.00000000
v 0.26810102 0.06207940 0.04920071 1.00000000 1.00000000 1.00000000
v 0.18324126 -0.11602294 0.04921363 1.00000000 1.00000000 1.00000000
v 0.05070910 0.23682682 0.04921179 1.00000000 1.00000000 1.00000000
v 0.15266969 -0.15652732 0.04921363 1.00000000 1.00000000 1.00000000
v 0.24258128 0.06779840 0.04921363 1.00000000 1.00000000 1.00000000
v 0.21083978 -0.00998687 0.04921363 1.00000000 1.00000000 1.00000000
v -0.25543693 -0.12993772 0.04921363 1.00000000 1.00000000 1.00000000
v 0.18579721 -0.08428874 0.04921363 1.00000000 1.00000000 1.00000000
v -0.12375361 0.28218201 0.01459642 1.00000000 1.00000000 1.00000000
v -0.27258377 -0.19113764 0.04840771 1.00000000 1.00000000 1.00000000
v 0.24297289 0.18200980 0.04921363 1.00000000 1.00000000 1.00000000
v 0.09984017 -0.04069325 0.04921363 1.00000000 1.00000000 1.00000000
v 0.09314302 -0.12662249 0.04921363 1.00000000 1.00000000 1.00000000
v -0.02275346 0.02744450 0.04921363 1.00000000 1.00000000 1.00000000
v 0.12659685 0.01346068 0.04921363 1.00000000 1.00000000 1.00000000
v -0.14677365 0.23234164 0.04921363 1.00000000 1.00000000 1.00000000
v -0.30008656 -0.13665674 0.03483375 1.00000000 1.00000000 1.00000000
v 0.31221717 -0.15193510 0.01548368 1.00000000 1.00000000 1.00000000
v 0.30571725 -0.06947326 0.02960464 1.00000000 1.00000000 1.00000000
v -0.12722751 0.04115443 0.04921363 1.00000000 1.00000000 1.00000000
v -0.01762389 0.23430866 0.04921363 1.00000000 1.00000000 1.00000000
v -0.23787596 -0.05827995 0.04921363 1.00000000 1.00000000 1.00000000
v 0.31298875 -0.07556158 0.01630195 1.00000000 1.00000000 1.00000000
v -0.01923879 -0.17875719 0.04921363 1.00000000 1.00000000 1.00000000
v -0.08431455 -0.28024189 0.04921363 1.00000000 1.00000000 1.00000000
v 0.15800709 -0.09928807 0.04921363 1.00000000 1.00000000 1.00000000
v 0.02721455 0.21399923 0.04921363 1.00000000 1.00000000 1.00000000
v 0.12562496 -0.04464818 0.04921363 1.00000000 1.00000000 1.00000000
v -0.18026071 -0.20622557 0.04921363 1.00000000 1.00000000 1.00000000
v -0.02872467 0.18956234 0.04921363 1.00000000 1.00000000 1.00000000
v 0.23415137 -0.02444124 0.04921363 1.00000000 1.00000000 1.00000000
v -0.31435236 0.14741786 0.02299084 1.00000000 1.00000000 1.00000000
v -0.18625154 -0.24528296 0.04921363 1.00000000 1.00000000 1.00000000
v -0.26057857 -0.04234794 0.04921363 1.00000000 1.00000000 1.00000000
v 0.05855484 0.01863990 0.04921363 1.00000000 1.00000000 1.00000000
v -0.17731993 0.27086090 0.03368987 1.00000000 1.00000000 1.00000000
v -0.23095794 -0.00652563 0.04921363 1.00000000 1.00000000 1.00000000
v 0.09829046 -0.28077229 0.04921363 1.00000000 1.00000000 1.00000000
v -0.23099486 0.03342004 0.04921363 1.00000000 1.00000000 1.00000000
v -0.12361521 -0.28378388 0.04921363 1.00000000 1.00000000 1.00000000
v -0.06264900 0.16415089 0.04921363 1.00000000 1.00000000 1.00000000
v 0.18262645 0.06725573 0.04921363 1.00000000 1.00000000 1.00000000
v 0.17109606 0.12960555 0.04921363 1.00000000 1.00000000 1.00000000
v 0.16322661 0.11750568 0.04921363 1.00000000 1.00000000 1.00000000
v -0.06118184 -0.18056952 0.04921363 1.00000000 1.00000000 1.00000000
v -0.27309351 -0.15772558 0.04839953 1.00000000 1.00000000 1.00000000
v 0.10725847 0.24761344 0.04718243 1.00000000 1.00000000 1.00000000
v 0.08628146 0.06241582 0.04921363 1.00000000 1.00000000 1.00000000
v 0.12509780 0.05751783 0.04921363 1.00000000 1.00000000 1.00000000
v 0.22986779 -0.01146480 0.04921363 1.00000000 1.00000000 1.00000000
v -0.07963538 -0.05409845 0.04921363 1.00000000 1.00000000 1.00000000
v -0.20164634 -0.31288809 0.04921363 1.00000000 1.00000000 1.00000000
v -0.00822250 -0.20914812 0.04921363 1.00000000 1.00000000 1.00000000
v -0.31048458 0.27460176 0.01368723 1.00000000 1.00000000 1.00000000
v 0.11648887 0.13891265 0.04921363 1.00000000 1.00000000 1.00000000
v -0.02239733 0.04044196 0.04921363 1.00000000 1.00000000 1.00000000
v -0.00527725 -0.17476716 0.04921363 1.00000000 1.00000000 1.00000000
v -0.31296940 -0.10729624 0.01509058 1.00000000 1.00000000 1.00000000
v 0.18020270 -0.18530443 0.04921363 1.00000000 1.00000000 1.00000000
v 0.03104179 0.05363815 0.04921363 1.00000000 1.00000000 1.00000000
v 0.09409313 -0.20649730 0.04921363 1.00000000 1.00000000 1.00000000
v -0.20362529 -0.00164880 0.04921363 1.00000000 1.00000000 1.00000000
v -0.08272218 0.14146627 0.04921363 1.00000000 1.00000000 1.00000000
v -0.21124368 -0.01246402 0.04921363 1.00000000 1.00000000 1.00000000
v -0.05568890 -0.15052956 0.04921363 1.00000000 1.00000000 1.00000000
v -0.21395533 -0.29221538 0.04921363 1.00000000 1.00000000 1.00000000
v 0.03780306 0.20330664 0.04921363 1.00000000 1.00000000 1.00000000
v 0.01392437 -0.05588142 0.04921363 1.00000000 1.00000000 1.00000000
v -0.11888879 0.22408095 0.04921363 1.00000000 1.00000000 1.00000000
v -0.09095777 -0.18521055 0.04921363 1.00000000 1.00000000 1.00000000
v 0.21185636 -0.10996611 0.04921363 1.00000000 1.00000000 1.00000000
v 0.17535920 -0.30335722 0.04921363 1.00000000 1.00000000 1.00000000
v 0.29891617 -0.02830291 0.03723848 1.00000000 1.00000000 1.00000000
v 0.17146414 0.19062136 0.04921363 1.00000000 1.00000000 1.00000000
v 0.22249569 -0.30009571 0.04921363 1.00000000 1.00000000 1.00000000
v 0.16771077 0.15975609 0.04921363 1.00000000 1.00000000 1.00000000
v 0.30194234 0.18699001 0.04903587 1.00000000 1.00000000 1.00000000
v -0.06625889 0.14909210 0.04921363 1.00000000 1.00000000 1.00000000
v 0.24581177 -0.08998274 0.04921363 1.00000000 1.00000000 1.00000000
v -0.07016875 -0.29937828 0.04921363 1.00000000 1.00000000 1.00000000
v 0.06554624 -0.16050507 0.04921363 1.00000000 1.00000000 1.00000000
v -0.20188414 -0.02658297 0.04921363 1.00000000 1.00000000 1.00000000
v -0.22015322 -0.28064606 0.04921363 1.00000000 1.00000000 1.00000000
v 0.24520941 0.27750944 0.02025044 1.00000000 1.00000000 1.00000000
v -0.00191891 0.04179035 0.04921363 1.00000000 1.00000000 1.00000000
v -0.14450563 -0.02663031 0.04921363 1.00000000 1.00000000 1.00000000
v -0.20270880 -0.22193082 0.04921363 1.00000000 1.00000000 1.00000000
v -0.02049531 -0.24915001 0.04921363 1.00000000 1.00000000 1.00000000
v -0.30648980 -0.11070128 0.02779160 1.00000000 1.00000000 1.00000000
v 0.03492087 0.08940912 0.04921363 1.00000000 1.00000000 1.00000000
v 0.02961016 -0.08012510 0.04921363 1.00000000 1.00000000 1.00000000
v 0.26784872 0.16755715 0.04921363 1.00000000 1.00000000 1.00000000
v -0.21924244 -0.00133943 0.04921363 1.00000000 1.00000000 1.00000000
v -0.28317872 -0.06327103 0.04603149 1.00000000 1.00000000 1.00000000
v -0.17825023 -0.29295974 0.04921363 1.00000000 1.00000000 1.00000000
v 0.06670500 0.08933225 0.04921363 1.00000000 1.00000000 1.00000000
v 0.24205676 0.15568169 0.04921363 1.00000000 1.00000000 1.00000000
v -0.03582891 0.02011858 0.04921363 1.00000000 1.00000000 1.00000000
v -0.11171373 -0.05199277 0.04921363 1.00000000 1.00000000 1.00000000
v -0.07776642 0.23673639 0.04898069 1.00000000 1.00000000 1.00000000
v 0.04658828 -0.12235867 0.04921363 1.00000000 1.00000000 1.00000000
v 0.15676179 -0.00822923 0.04921363 1.00000000 1.00000000 1.00000000
v -0.18861680 0.00596667 0.04921363 1.00000000 1.00000000 1.00000000
v -0.09109859 0.18960483 0.04921363 1.00000000 1.00000000 1.00000000
v 0.18361589 0.12860265 0.04921363 1.00000000 1.00000000 1.00000000
v -0.00916733 -0.13372535 0.04921363 1.00000000 1.00000000 1.00000000
v -0.18411843 -0.12049355 0.04921363 1.00000000 1.00000000 1.00000000
v -0.26309787 -0.29738613 0.04920102 1.00000000 1.00000000 1.00000000
v 0.20809300 0.08147957 0.04921363 1.00000000 1.00000000 1.00000000
v 0.20957678 0.21429672 0.04921363 1.00000000 1.00000000 1.00000000
v -0.24202770 -0.00717703 0.04921363 1.00000000 1.00000000 1.00000000
v -0.17013621 -0.05258493 0.04921363 1.00000000 1.00000000 1.00000000
v -0.16773341 -0.11416758 0.04921363 1.00000000 1.00000000 1.00000000
v -0.21816801 0.22081615 0.04921363 1.00000000 1.00000000 1.00000000
v 0.06273529 -0.30475688 0.04921363 1.00000000 1.00000000 1.00000000
v 0.02918784 -0.16062792 0.04921363 1.00000000 1.00000000 1.00000000
v -0.21828283 0.25933942 0.04184117 1.00000000 1.00000000 1.00000000
v 0.23306258 -0.27678531 0.04921363 1.00000000 1.00000000 1.00000000
v -0.30022862 -0.15834802 0.03440025 1.00000000 1.00000000 1.00000000
v -0.12145094 -0.24965550 0.04921363 1.00000000 1.00000000 1.00000000
v -0.03328858 -0.24638566 0.04921363 1.00000000 1.00000000 1.00000000
v -0.13328990 -0.21258765 0.04921363 1.00000000 1.00000000 1.00000000
v -0.05321814 -0.06057212 0.04921363 1.00000000 1.00000000 1.00000000
v -0.05232163 0.24361394 0.04871161 1.00000000 1.00000000 1.00000000
v -0.07268274 -0.10621827 0.04921363 1.00000000 1.00000000 1.00000000
v 0.10161182 -0.09041584 0.04921363 1.00000000 1.00000000 1.00000000
v 0.14703038 -0.02050375 0.04921363 1.00000000 1.00000000 1.00000000
v -0.01096336 -0.23904396 0.04921363 1.00000000 1.00000000 1.00000000
v 0.00910385 -0.12138401 0.04921363 1.00000000 1.00000000 1.00000000
v -0.16515317 0.04438605 0.04921363 1.00000000 1.00000000 1.00000000
v -0.16126403 -0.06643970 0.04921363 1.00000000 1.00000000 1.00000000
v 0.26383501 -0.11237331 0.04921363 1.00000000 1.00000000 1.00000000
v 0.16789098 0.28148783 0.01735096 1.00000000 1.00000000 1.00000000
v 0.14473512 -0.30448493 0.04921363 1.00000000 1.00000000 1.00000000
v -0.31351233 0.01562588 0.01821963 1.00000000 1.00000000 1.00000000
v 0.02185954 -0.13331426 0.04921363 1.00000000 1.00000000 1.00000000
v -0.31222986 -0.28795757 0.00802787 1.00000000 1.00000000 1.00000000
v -0.08216465 0.17313235 0.04921363 1.00000000 1.00000000 1.00000000
v -0.11917642 0.00751600 0.04921363 1.00000000 1.00000000 1.00000000
v -0.08374921 0.02185011 0.04921363 1.00000000 1.00000000 1.00000000
v -0.22270574 0.19464187 0.04921363 1.00000000 1.00000000 1.00000000
v 0.24407079 -0.04822579 0.04921363 1.00000000 1.00000000 1.00000000
v 0.12333255 0.07282163 0.04921363 1.00000000 1.00000000 1.00000000
v -0.07192775 -0.13686005 0.04921363 1.00000000 1.00000000 1.00000000
v -0.31010105 -0.27217820 0.01673360 1.00000000 1.00000000 1.00000000
v -0.00125991 0.21730475 0.04921363 1.00000000 1.00000000 1.00000000
v 0.05798492 0.25055753 0.04672620 1.00000000 1.00000000 1.00000000
v 0.15090921 0.01838745 0.04921363 1.00000000 1.00000000 1.00000000
v 0.04649337 0.24527241 0.04890721 1.00000000 1.00000000 1.00000000
v -0.24189399 -0.28806472 0.04921363 1.00000000 1.00000000 1.00000000
v -0.28649470 -0.10367672 0.04443113 1.00000000 1.00000000 1.00000000
v 0.27280103 -0.21713682 0.04830181 1.00000000 1.00000000 1.00000000
v -0.29005401 -0.01166900 0.04330957 1.00000000 1.00000000 1.00000000
v -0.07092991 0.00358161 0.04921363 1.00000000 1.00000000 1.00000000
v -0.30998536 -0.29524951 0.01617548 1.00000000 1.00000000 1.00000000
v -0.03807495 -0.03797940 0.04921363 1.00000000 1.00000000 1.00000000
v -0.04047097 0.23376536 0.04921363 1.00000000 1.00000000 1.00000000
v -0.28984134 0.22020633 0.04921363 1.00000000 1.00000000 1.00000000
v 0.03922710 0.21375941 0.04921363 1.00000000 1.00000000 1.00000000
v 0.07834282 -0.14772539 0.04921363 1.00000000 1.00000000 1.00000000
v 0.17730293 0.14280696 0.04921363 1.00000000 1.00000000 1.00000000
v -0.02966473 -0.04800494 0.04921363 1.00000000 1.00000000 1.00000000
v 0.19017810 -0.23487802 0.04921363 1.00000000 1.00000000 1.00000000
v 0.23188842 0.07638611 0.04921363 1.00000000 1.00000000 1.00000000
v -0.23894488 -0.02072106 0.04921363 1.00000000 1.00000000 1.00000000
v 0.20431543 0.27695929 0.02494102 1.00000000 1.00000000 1.00000000
v -0.28401573 -0.23826460 0.04470809 1.00000000 1.00000000 1.00000000
v -0.25003934 -0.01773906 0.04921363 1.00000000 1.00000000 1.00000000
v 0.23040202 -0.09204148 0.04921363 1.00000000 1.00000000 1.00000000
v -0.07013135 -0.20207447 0.04921363 1.00000000 1.00000000 1.00000000
v 0.28234508 0.05371617 0.04686228 1.00000000 1.00000000 1.00000000
v -0.09383899 -0.16755208 0.04921363 1.00000000 1.00000000 1.00000000
v 0.14098022 -0.12484429 0.04921363 1.00000000 1.00000000 1.00000000
v -0.24281758 -0.31105846 0.04921363 1.00000000 1.00000000 1.00000000
v -0.12352115 -0.06152860 0.04921363 1.00000000 1.00000000 1.00000000
v -0.18904276 -0.04645261 0.04921363 1.00000000 1.00000000 1.00000000
v -0.10549158 0.19485662 0.04921363 1.00000000 1.00000000 1.00000000
v -0.21678106 -0.13069570 0.04921363 1.00000000 1.00000000 1.00000000
v 0.18654354 0.01302160 0.04921363 1.00000000 1.00000000 1.00000000
v -0.28878401 0.13501686 0.04488970 1.00000000 1.00000000 1.00000000
v 0.00729353 -0.02573582 0.04921363 1.00000000 1.00000000 1.00000000
v -0.03051590 0.25131196 0.04921363 1.00000000 1.00000000 1.00000000
v -0.29574914 -0.28898633 0.03685668 1.00000000 1.00000000 1.00000000
v 0.29327931 -0.30979141 0.03862235 1.00000000 1.00000000 1.00000000
v -0.00678286 -0.30963672 0.04921363 1.00000000 1.00000000 1.00000000
v -0.30110167 0.01962932 0.03591410 1.00000000 1.00000000 1.00000000
v -0.30280222 -0.00554491 0.03394592 1.00000000 1.00000000 1.00000000
v -0.19505654 0.26816862 0.03591218 1.00000000 1.00000000 1.00000000
v -0.11124539 0.18385641 0.04921363 1.00000000 1.00000000 1.00000000
v 0.23332799 -0.24060983 0.04921363 1.00000000 1.00000000 1.00000000
v 0.20446371 0.19981192 0.04921363 1.00000000 1.00000000 1.00000000
v -0.20976188 0.19515871 0.04921363 1.00000000 1.00000000 1.00000000
v -0.19963449 -0.15186801 0.04921363 1.00000000 1.00000000 1.00000000
v -0.25492681 -0.11485538 0.04921363 1.00000000 1.00000000 1.00000000
v 0.06054140 -0.23701307 0.04921363 1.00000000 1.00000000 1.00000000
v -0.20687195 -0.25351026 0.04921363 1.00000000 1.00000000 1.00000000
v -0.24282285 0.07107781 0.04921363 1.00000000 1.00000000 1.00000000
v 0.09005761 0.04700903 0.04921363 1.00000000 1.00000000 1.00000000
v 0.26402256 -0.19631938 0.04920932 1.00000000 1.00000000 1.00000000
v -0.29318662 -0.11511862 0.04061292 1.00000000 1.00000000 1.00000000
v 0.01183033 -0.17969800 0.04921363 1.00000000 1.00000000 1.00000000
v 0.19147181 -0.29287377 0.04921363 1.00000000 1.00000000 1.00000000
v -0.25838730 0.19785271 0.04921363 1.00000000 1.00000000 1.00000000
v 0.23800162 -0.28974351 0.04921363 1.00000000 1.00000000 1.00000000
v -0.02050925 -0.30719934 0.04921363 1.00000000 1.00000000 1.00000000
v -0.15698999 0.10465924 0.04921363 1.00000000 1.00000000 1.00000000
v -0.26957612 -0.12396267 0.04895329 1.00000000 1.00000000 1.00000000
v -0.08467682 0.06951442 0.04921363 1.00000000 1.00000000 1.00000000
v 0.00484699 0.07394122 0.04921363 1.00000000 1.00000000 1.00000000
v -0.24335025 0.19270305 0.04921363 1.00000000 1.00000000 1.00000000
v 0.07764153 0.13434742 0.04921363 1.00000000 1.00000000 1.00000000
v -0.23334735 0.07873271 0.04921363 1.00000000 1.00000000 1.00000000
v 0.01470875 -0.24240904 0.04921363 1.00000000 1.00000000 1.00000000
v -0.27164190 -0.11114361 0.04872991 1.00000000 1.00000000 1.00000000
v 0.19898605 -0.10483518 0.04921363 1.00000000 1.00000000 1.00000000
v 0.25328466 -0.28989245 0.04921363 1.00000000 1.00000000 1.00000000
v -0.31402839 0.04534336 0.01796587 1.00000000 1.00000000 1.00000000
v -0.09605908 0.16331262 0.04921363 1.00000000 1.00000000 1.00000000
v 0.24192958 -0.16002655 0.04921363 1.00000000 1.00000000 1.00000000
v 0.26569203 -0.17527821 0.04917360 1.00000000 1.00000000 1.00000000
v 0.00534182 -0.21772561 0.04921363 1.00000000 1.00000000 1.00000000
v -0.07887461 -0.09542671 0.04921363 1.00000000 1.00000000 1.00000000
v -0.24570876 -0.23452636 0.04921363 1.00000000 1.00000000 1.00000000
v -0.23984653 -0.22164914 0.04921363 1.00000000 1.00000000 1.00000000
v -0.26987981 -0.28633802 0.04863396 1.00000000 1.00000000 1.00000000
v 0.26949030 -0.14283985 0.04893537 1.00000000 1.00000000 1.00000000
v 0.10429439 0.10804451 0.04921363 1.00000000 1.00000000 1.00000000
v -0.08737636 0.25314126 0.04490423 1.00000000 1.00000000 1.00000000
v 0.24908811 -0.19510665 0.04921363 1.00000000 1.00000000 1.00000000
v 0.28157817 0.19275937 0.04921363 1.00000000 1.00000000 1.00000000
v -0.25678281 0.16702837 0.04921363 1.00000000 1.00000000 1.00000000
v 0.22864776 0.10096009 0.04921363 1.00000000 1.00000000 1.00000000
v -0.10666691 0.22176599 0.04921363 1.00000000 1.00000000 1.00000000
v -0.04606510 -0.09323756 0.04921363 1.00000000 1.00000000 1.00000000
v 0.16400220 -0.02035280 0.04921363 1.00000000 1.00000000 1.00000000
v -0.28588700 0.12108173 0.04597644 1.00000000 1.00000000 1.00000000
v -0.11827646 -0.10508257 0.04921363 1.00000000 1.00000000 1.00000000
v 0.29173757 -0.06828987 0.04193146 1.00000000 1.00000000 1.00000000
v -0.31001536 -0.23149799 0.01838185 1.00000000 1.00000000 1.00000000
v 0.08794189 -0.27363395 0.04921363 1.00000000 1.00000000 1.00000000
v -0.29057462 -0.19490844 0.04157241 1.00000000 1.00000000 1.00000000
v 0.09010807 -0.03643391 0.04921363 1.00000000 1.00000000 1.00000000
v -0.05177809 0.02092123 0.04921363 1.00000000 1.00000000 1.00000000
v 0.02107795 0.12727273 0.04921363 1.00000000 1.00000000 1.00000000
v -0.19255632 -0.25641967 0.04921363 1.00000000 1.00000000 1.00000000
v 0.29889467 0.27569656 0.01389839 1.00000000 1.00000000 1.00000000
v 0.07813812 -0.08140722 0.04921363 1.00000000 1.00000000 1.00000000
v 0.04104860 -0.25045595 0.04921363 1.00000000 1.00000000 1.00000000
v -0.12012543 -0.20326336 0.04921363 1.00000000 1.00000000 1.00000000
v -0.19533887 0.22100225 0.04921363 1.00000000 1.00000000 1.00000000
v 0.08417302 0.19410577 0.04921363 1.00000000 1.00000000 1.00000000
v -0.28711108 -0.26581695 0.04299943 1.00000000 1.00000000 1.00000000
v 0.07041249 0.06366959 0.04921363 1.00000000 1.00000000 1.00000000
v -0.29223565 -0.22234037 0.04025207 1.00000000 1.00000000 1.00000000
v 0.17926130 -0.28278637 0.04921363 1.00000000 1.00000000 1.00000000
v -0.16568237 -0.09916511 0.04921363 1.00000000 1.00000000 1.00000000
v -0.15345082 -0.19797017 0.04921363 1.00000000 1.00000000 1.00000000
v 0.14287432 0.00308869 0.04921363 1.00000000 1.00000000 1.00000000
v 0.02983765 -0.25721964 0.04921363 1.00000000 1.00000000 1.00000000
v 0.01622243 -0.15044734 0.04921363 1.00000000 1.00000000 1.00000000
v 0.31033888 0.19394870 0.04921363 1.00000000 1.00000000 1.00000000
v -0.25756646 -0.15068949 0.04921363 1.00000000 1.00000000 1.00000000
v 0.27796894 -0.27479959 0.04680498 1.00000000 1.00000000 1.00000000
v 0.19897365 0.02301114 0.04921363 1.00000000 1.00000000 1.00000000
v -0.14574807 -0.16687035 0.04921363 1.00000000 1.00000000 1.00000000
v 0.04481979 0.11354304 0.04921363 1.00000000 1.00000000 1.00000000
v 0.03006614 0.01096949 0.04921363 1.00000000 1.00000000 1.00000000
v -0.09938936 -0.12208906 0.04921363 1.00000000 1.00000000 1.00000000
v 0.06516528 -0.28166078 0.04921363 1.00000000 1.00000000 1.00000000
v -0.19286259 -0.03482892 0.04921363 1.00000000 1.00000000 1.00000000
v -0.01140371 0.17202086 0.04921363 1.00000000 1.00000000 1.00000000
v 0.26460824 -0.00215091 0.04921363 1.00000000 1.00000000 1.00000000
v -0.05920131 0.08852969 0.04921363 1.00000000 1.00000000 1.00000000
v -0.18366158 -0.28215789 0.04921363 1.00000000 1.00000000 1.00000000
v 0.08678253 -0.23575564 0.04921363 1.00000000 1.00000000 1.00000000
v -0.03790837 0.20460268 0.04921363 1.00000000 1.00000000 1.00000000
v 0.15913691 0.26816689 0.03643011 1.00000000 1.00000000 1.00000000
v -0.13569874 -0.15590750 0.04921363 1.00000000 1.00000000 1.00000000
v -0.25791695 -0.18466873 0.04921363 1.00000000 1.00000000 1.00000000
v -0.24628362 -0.14214429 0.04921363 1.00000000 1.00000000 1.00000000
v -0.04021079 -0.25656210 0.04921363 1.00000000 1.00000000 1.00000000
v 0.00354429 -0.20349118 0.04921363 1.00000000 1.00000000 1.00000000
v 0.21592316 0.09590814 0.04921363 1.00000000 1.00000000 1.00000000
v 0.18909814 -0.27407472 0.04921363 1.00000000 1.00000000 1.00000000
v -0.10163817 -0.15062319 0.04921363 1.00000000 1.00000000 1.00000000
v -0.24916791 0.26786660 0.03378537 1.00000000 1.00000000 1.00000000
v 0.29283864 0.16967303 0.04730470 1.00000000 1.00000000 1.00000000
v 0.01902273 -0.16804126 0.04921363 1.00000000 1.00000000 1.00000000
v -0.26834363 0.26712503 0.03313707 1.00000000 1.00000000 1.00000000
v 0.31237650 0.14323802 0.02411148 1.00000000 1.00000000 1.00000000
v -0.06555844 -0.31087014 0.04921363 1.00000000 1.00000000 1.00000000
v 0.12476571 -0.26608240 0.04921363 1.00000000 1.00000000 1.00000000
v -0.03450417 0.03648583 0.04921363 1.00000000 1.00000000 1.00000000
v -0.31315979 0.06695459 0.02061945 1.00000000 1.00000000 1.00000000
v 0.27839527 0.11650390 0.04811028 1.00000000 1.00000000 1.00000000
v 0.30415351 -0.01553664 0.03236424 1.00000000 1.00000000 1.00000000
v -0.13513905 -0.05480052 0.04921363 1.00000000 1.00000000 1.00000000
v 0.30271986 0.04039288 0.03466283 1.00000000 1.00000000 1.00000000
v -0.08987094 0.23856336 0.04885578 1.00000000 1.00000000 1.00000000
v -0.21029285 0.07973347 0.04921363 1.00000000 1.00000000 1.00000000
v 0.06917350 0.17107087 0.04921363 1.00000000 1.00000000 1.00000000
v 0.31018192 -0.20462451 0.01887058 1.00000000 1.00000000 1.00000000
v 0.17284818 0.04131211 0.04921363 1.00000000 1.00000000 1.00000000
v -0.30511035 0.16286315 0.04157251 1.00000000 1.00000000 1.00000000
v -0.29578476 -0.02737183 0.03966530 1.00000000 1.00000000 1.00000000
v -0.00425983 0.16144581 0.04921363 1.00000000 1.00000000 1.00000000
v 0.13764026 -0.03409002 0.04921363 1.00000000 1.00000000 1.00000000
v -0.14075666 -0.19585663 0.04921363 1.00000000 1.00000000 1.00000000
v -0.02558670 -0.03248515 0.04921363 1.00000000 1.00000000 1.00000000
v -0.12135945 0.05458683 0.04921363 1.00000000 1.00000000 1.00000000
v -0.02936469 -0.21915964 0.04921363 1.00000000 1.00000000 1.00000000
v -0.23071370 0.15482247 0.04921363 1.00000000 1.00000000 1.00000000
v -0.05724108 -0.29986775 0.04921363 1.00000000 1.00000000 1.00000000
v 0.22385090 -0.11675633 0.04921363 1.00000000 1.00000000 1.00000000
v -0.15205589 0.02669771 0.04921363 1.00000000 1.00000000 1.00000000
v 0.12420295 0.16045203 0.04921363 1.00000000 1.00000000 1.00000000
v -0.02429697 0.19925769 0.04921363 1.00000000 1.00000000 1.00000000
v -0.07784016 -0.15604548 0.04921363 1.00000000 1.00000000 1.00000000
v 0.16243792 -0.23996805 0.04921363 1.00000000 1.00000000 1.00000000
v -0.05117919 -0.31097805 0.04921363 1.00000000 1.00000000 1.00000000
v 0.24512030 0.05303258 0.04921363 1.00000000 1.00000000 1.00000000
v 0.03369179 0.25613479 0.04904527 1.00000000 1.00000000 1.00000000
v 0.08879077 -0.11307807 0.04921363 1.00000000 1.00000000 1.00000000
v 0.30930678 -0.25868588 0.01915906 1.00000000 1.00000000 1.00000000
v 0.28741315 -0.23363582 0.04307706 1.00000000 1.00000000 1.00000000
v -0.30814358 0.08096358 0.02916447 1.00000000 1.00000000 1.00000000
v -0.03885775 -0.12346882 0.04921363 1.00000000 1.00000000 1.00000000
v 0.20429147 -0.17993141 0.04921363 1.00000000 1.00000000 1.00000000
v 0.15989521 -0.14264643 0.04921363 1.00000000 1.00000000 1.00000000
v -0.12881196 0.26042855 0.04188928 1.00000000 1.00000000 1.00000000
v 0.10044821 -0.29638653 0.04921363 1.00000000 1.00000000 1.00000000
v -0.17029559 0.17189386 0.04921363 1.00000000 1.00000000 1.00000000
v -0.24220636 -0.12945912 0.04921363 1.00000000 1.00000000 1.00000000
v -0.27160925 -0.17407335 0.04860798 1.00000000 1.00000000 1.00000000
v 0.24191484 -0.17636652 0.04921363 1.00000000 1.00000000 1.00000000
v 0.13610773 -0.24086607 0.04921363 1.00000000 1.00000000 1.00000000
v 0.29296046 0.19784915 0.04921363 1.00000000 1.00000000 1.00000000
v 0.08762421 0.03294808 0.04921363 1.00000000 1.00000000 1.00000000
v -0.24893231 0.27847628 0.01744232 1.00000000 1.00000000 1.00000000
v -0.24827899 -0.06698734 0.04921363 1.00000000 1.00000000 1.00000000
v -0.23925304 -0.15446446 0.04921363 1.00000000 1.00000000 1.00000000
v -0.09546317 -0.19795477 0.04921363 1.00000000 1.00000000 1.00000000
v 0.28011393 -0.02542386 0.04719998 1.00000000 1.00000000 1.00000000
v -0.30648565 0.00667988 0.02997200 1.00000000 1.00000000 1.00000000
v -0.30418612 0.25542731 0.04035123 1.00000000 1.00000000 1.00000000
v -0.30518901 -0.04017728 0.03076977 1.00000000 1.00000000 1.00000000
v -0.25460692 -0.07671974 0.04921363 1.00000000 1.00000000 1.00000000
v -0.13080837 -0.18748037 0.04921363 1.00000000 1.00000000 1.00000000
v 0.13391854 0.12410625 0.04921363 1.00000000 1.00000000 1.00000000
v -0.20522553 -0.20732108 0.04921363 1.00000000 1.00000000 1.00000000
v 0.24639359 -0.27692787 0.04921363 1.00000000 1.00000000 1.00000000
v 0.29011272 -0.08518934 0.04272928 1.00000000 1.00000000 1.00000000
v 0.26764170 0.27661726 0.01875981 1.00000000 1.00000000 1.00000000
v 0.11068477 0.01876389 0.04921363 1.00000000 1.00000000 1.00000000
v 0.21679604 -0.16778559 0.04921363 1.00000000 1.00000000 1.00000000
v 0.29893252 -0.16362796 0.03557115 1.00000000 1.00000000 1.00000000
v -0.04976382 -0.27717627 0.04921363 1.00000000 1.00000000 1.00000000
v -0.28398672 -0.18190324 0.04506118 1.00000000 1.00000000 1.00000000
v 0.26502633 0.10216056 0.04921363 1.00000000 1.00000000 1.00000000
v -0.23154910 -0.28328614 0.04921363 1.00000000 1.00000000 1.00000000
v 0.11459699 -0.09357498 0.04921363 1.00000000 1.00000000 1.00000000
v 0.24890141 0.02420719 0.04921363 1.00000000 1.00000000 1.00000000
v -0.13952956 0.01457417 0.04921363 1.00000000 1.00000000 1.00000000
v 0.23756975 -0.26376261 0.04921363 1.00000000 1.00000000 1.00000000
v -0.08786836 -0.13116764 0.04921363 1.00000000 1.00000000 1.00000000
v 0.07936788 0.10811723 0.04921363 1.00000000 1.00000000 1.00000000
v -0.08165785 0.26598512 0.03663879 1.00000000 1.00000000 1.00000000
v 0.28240855 -0.25389966 0.04530315 1.00000000 1.00000000 1.00000000
v 0.00663806 -0.04389939 0.04921363 1.00000000 1.00000000 1.00000000
v 0.17554419 0.27533822 0.02842117 1.00000000 1.00000000 1.00000000
v 0.28153934 0.24697778 0.04580879 1.00000000 1.00000000 1.00000000
v -0.10070849 0.24706916 0.04726964 1.00000000 1.00000000 1.00000000
v -0.12676630 -0.08640770 0.04921363 1.00000000 1.00000000 1.00000000
v -0.00029045 -0.24191362 0.04921363 1.00000000 1.00000000 1.00000000
v 0.20092001 0.15020710 0.04921363 1.00000000 1.00000000 1.00000000
v -0.15894962 -0.00514612 0.04921363 1.00000000 1.00000000 1.00000000
v 0.17045543 0.01434949 0.04921363 1.00000000 1.00000000 1.00000000
v -0.30812301 -0.21868939 0.02273470 1.00000000 1.00000000 1.00000000
v -0.29939238 0.22690592 0.04921310 1.00000000 1.00000000 1.00000000
v 0.30343153 -0.26928935 0.02896721 1.00000000 1.00000000 1.00000000
v 0.25588031 -0.04730882 0.04921363 1.00000000 1.00000000 1.00000000
v 0.31291289 0.10029602 0.02204749 1.00000000 1.00000000 1.00000000
v 0.27676113 0.21783864 0.04921363 1.00000000 1.00000000 1.00000000
v -0.09418955 0.26725740 0.03605299 1.00000000 1.00000000 1.00000000
v 0.24615201 -0.30089270 0.04921363 1.00000000 1.00000000 1.00000000
v 0.19300064 0.10246273 0.04921363 1.00000000 1.00000000 1.00000000
v 0.01996082 -0.04613727 0.04921363 1.00000000 1.00000000 1.00000000
v -0.04403243 -0.14988338 0.04921363 1.00000000 1.00000000 1.00000000
v 0.25852336 0.22199315 0.04921363 1.00000000 1.00000000 1.00000000
v 0.05178873 0.20513310 0.04921363 1.00000000 1.00000000 1.00000000
v -0.14134105 0.21417909 0.04921363 1.00000000 1.00000000 1.00000000
v 0.14943753 -0.26826791 0.04921363 1.00000000 1.00000000 1.00000000
v -0.25479690 -0.02973127 0.04921363 1.00000000 1.00000000 1.00000000
v -0.15105252 -0.09816853 0.04921363 1.00000000 1.00000000 1.00000000
v -0.10925284 -0.00931221 0.04921363 1.00000000 1.00000000 1.00000000
v 0.08250283 0.12045252 0.04921363 1.00000000 1.00000000 1.00000000
v 0.24845894 -0.02045076 0.04921363 1.00000000 1.00000000 1.00000000
v -0.22270721 0.04070997 0.04921363 1.00000000 1.00000000 1.00000000
v 0.26529470 -0.20745603 0.04917165 1.00000000 1.00000000 1.00000000
v 0.01508722 -0.03528517 0.04921363 1.00000000 1.00000000 1.00000000
v -0.21507852 -0.30817307 0.04921363 1.00000000 1.00000000 1.00000000
v 0.27038101 -0.05063678 0.04897413 1.00000000 1.00000000 1.00000000
v 0.01066224 0.20453556 0.04921363 1.00000000 1.00000000 1.00000000
v -0.12109602 -0.04556493 0.04921363 1.00000000 1.00000000 1.00000000
v 0.12057362 0.26003192 0.04201467 1.00000000 1.00000000 1.00000000
v -0.07869588 0.19710795 0.04921363 1.00000000 1.00000000 1.00000000
v -0.05715067 -0.24403227 0.04921363 1.00000000 1.00000000 1.00000000
v 0.29648248 -0.11148783 0.03827355 1.00000000 1.00000000 1.00000000
v -0.00338368 -0.11972530 0.04921363 1.00000000 1.00000000 1.00000000
v 0.28748138 -0.13447060 0.04375278 1.00000000 1.00000000 1.00000000
v 0.25113211 -0.26236741 0.04921363 1.00000000 1.00000000 1.00000000
v 0.22833514 -0.15661451 0.04921363 1.00000000 1.00000000 1.00000000
v -0.15401094 -0.31592145 0.04921363 1.00000000 1.00000000 1.00000000
v -0.13351536 -0.09815907 0.04921363 1.00000000 1.00000000 1.00000000
v -0.06925419 0.22837240 0.04921363 1.00000000 1.00000000 1.00000000
v 0.22261054 0.00336170 0.04921363 1.00000000 1.00000000 1.00000000
v -0.17938606 0.07573377 0.04921363 1.00000000 1.00000000 1.00000000
v -0.24072152 0.21881086 0.04921363 1.00000000 1.00000000 1.00000000
v -0.14385473 -0.04206626 0.04921363 1.00000000 1.00000000 1.00000000
v -0.17290220 -0.26313801 0.04921363 1.00000000 1.00000000 1.00000000
v 0.25745400 0.17563203 0.04921363 1.00000000 1.00000000 1.00000000
v 0.21235104 -0.25787010 0.04921363 1.00000000 1.00000000 1.00000000
v -0.06898236 -0.04021981 0.04921363 1.00000000 1.00000000 1.00000000
v -0.17386705 -0.14554107 0.04921363 1.00000000 1.00000000 1.00000000
v -0.23321453 0.14192930 0.04921363 1.00000000 1.00000000 1.00000000
v 0.13699317 0.08234968 0.04921363 1.00000000 1.00000000 1.00000000
v -0.23080099 0.20305605 0.04921363 1.00000000 1.00000000 1.00000000
v -0.04848273 -0.02330273 0.04921363 1.00000000 1.00000000 1.00000000
v -0.04584756 -0.24588790 0.04921363 1.00000000 1.00000000 1.00000000
v -0.08169273 -0.14429651 0.04921363 1.00000000 1.00000000 1.00000000
v -0.25180605 -0.24815028 0.04921363 1.00000000 1.00000000 1.00000000
v -0.30112251 -0.31588650 0.03105749 1.00000000 1.00000000 1.00000000
v 0.20066630 0.11328727 0.04921363 1.00000000 1.00000000 1.00000000
v -0.29970052 -0.27620974 0.03326772 1.00000000 1.00000000 1.00000000
v 0.08674212 -0.05592206 0.04921363 1.00000000 1.00000000 1.00000000
v 0.25605410 -0.23687511 0.04921363 1.00000000 1.00000000 1.00000000
v 0.31338778 0.01133073 0.01837658 1.00000000 1.00000000 1.00000000
v 0.30431465 -0.14413178 0.03006994 1.00000000 1.00000000 1.00000000
v -0.07067160 -0.05092427 0.04921363 1.00000000 1.00000000 1.00000000
v 0.24259895 -0.06970014 0.04921363 1.00000000 1.00000000 1.00000000
v 0.24485222 -0.03473960 0.04921363 1.00000000 1.00000000 1.00000000
v 0.15979907 0.10226014 0.04921363 1.00000000 1.00000000 1.00000000
v 0.24880438 0.10774013 0.04921363 1.00000000 1.00000000 1.00000000
v 0.00688187 -0.28635381 0.04921363 1.00000000 1.00000000 1.00000000
v 0.24811797 -0.14671977 0.04921363 1.00000000 1.00000000 1.00000000
v -0.29747012 -0.18021458 0.03667462 1.00000000 1.00000000 1.00000000
v 0.05645413 0.19471431 0.04921363 1.00000000 1.00000000 1.00000000
v -0.12797244 -0.11546645 0.04921363 1.00000000 1.00000000 1.00000000
v 0.19264292 0.20541126 0.04921363 1.00000000 1.00000000 1.00000000
v -0.22989983 -0.06929751 0.04921363 1.00000000 1.00000000 1.00000000
v 0.25175818 0.00922190 0.04921363 1.00000000 1.00000000 1.00000000
v 0.30960402 0.24456228 0.04570276 1.00000000 1.00000000 1.00000000
v 0.10442014 -0.08009468 0.04921363 1.00000000 1.00000000 1.00000000
v 0.16328763 -0.08590323 0.04921363 1.00000000 1.00000000 1.00000000
v -0.01607730 -0.27824002 0.04921363 1.00000000 1.00000000 1.00000000
v -0.17944618 0.02137883 0.04921363 1.00000000 1.00000000 1.00000000
v -0.12373571 0.19211386 0.04921363 1.00000000 1.00000000 1.00000000
v 0.31386874 -0.05901250 0.01438356 1.00000000 1.00000000 1.00000000
v -0.20952756 0.20969665 0.04921363 1.00000000 1.00000000 1.00000000
v 0.10069141 -0.10311457 0.04921363 1.00000000 1.00000000 1.00000000
v 0.13551800 0.06866220 0.04921363 1.00000000 1.00000000 1.00000000
v -0.09410461 0.08482904 0.04921363 1.00000000 1.00000000 1.00000000
v 0.24694784 0.25953058 0.04075439 1.00000000 1.00000000 1.00000000
v 0.30403676 0.20402707 0.04921363 1.00000000 1.00000000 1.00000000
v -0.07970192 -0.02300126 0.04921363 1.00000000 1.00000000 1.00000000
v 0.19899876 -0.28264131 0.04921363 1.00000000 1.00000000 1.00000000
v -0.23862893 0.13103691 0.04921363 1.00000000 1.00000000 1.00000000
v 0.21764382 0.26650887 0.03667755 1.00000000 1.00000000 1.00000000
v 0.07017785 0.01000935 0.04921363 1.00000000 1.00000000 1.00000000
v -0.06885050 0.13529187 0.04921363 1.00000000 1.00000000 1.00000000
v 0.18906142 -0.24852823 0.04921363 1.00000000 1.00000000 1.00000000
v -0.21114906 -0.08683069 0.04921363 1.00000000 1.00000000 1.00000000
v 0.03949450 -0.17080761 0.04921363 1.00000000 1.00000000 1.00000000
v 0.14146673 0.11556376 0.04921363 1.00000000 1.00000000 1.00000000
v 0.29255944 -0.00169542 0.04199221 1.00000000 1.00000000 1.00000000
v 0.30973694 -0.17280250 0.02081813 1.00000000 1.00000000 1.00000000
v -0.11091804 0.08581478 0.04921363 1.00000000 1.00000000 1.00000000
v 0.30298289 -0.09978252 0.03236577 1.00000000 1.00000000 1.00000000
v -0.00813615 -0.26845267 0.04921363 1.00000000 1.00000000 1.00000000
v -0.12668591 0.21556170 0.04921363 1.00000000 1.00000000 1.00000000
v 0.08977460 -0.07677471 0.04921363 1.00000000 1.00000000 1.00000000
v -0.15335295 0.17812036 0.04921363 1.00000000 1.00000000 1.00000000
v 0.05940222 0.05297000 0.04921363 1.00000000 1.00000000 1.00000000
v 0.09288714 -0.17754163 0.04921363 1.00000000 1.00000000 1.00000000
v 0.22712301 0.18060143 0.04921363 1.00000000 1.00000000 1.00000000
v 0.21557813 -0.20816938 0.04921363 1.00000000 1.00000000 1.00000000
v -0.06544625 -0.09116526 0.04921363 1.00000000 1.00000000 1.00000000
v 0.21183134 -0.09530402 0.04921363 1.00000000 1.00000000 1.00000000
v 0.28095633 0.02282006 0.04715026 1.00000000 1.00000000 1.00000000
v 0.15590629 -0.30569943 0.04921363 1.00000000 1.00000000 1.00000000
v -0.19422615 -0.19948139 0.04921363 1.00000000 1.00000000 1.00000000
v -0.27936226 -0.09312554 0.04714587 1.00000000 1.00000000 1.00000000
v 0.31393878 0.14825346 0.02450356 1.00000000 1.00000000 1.00000000
v -0.16916983 -0.12827214 0.04921363 1.00000000 1.00000000 1.00000000
v 0.13028192 0.11256515 0.04921363 1.00000000 1.00000000 1.00000000
v 0.20602879 0.18592910 0.04921363 1.00000000 1.00000000 1.00000000
v -0.13401951 0.02742386 0.04921363 1.00000000 1.00000000 1.00000000
v -0.27769229 0.06230469 0.04809999 1.00000000 1.00000000 1.00000000
v 0.08490300 0.09015736 0.04921363 1.00000000 1.00000000 1.00000000
v -0.03117161 0.09935338 0.04921363 1.00000000 1.00000000 1.00000000
v 0.12988719 0.04197611 0.04921363 1.00000000 1.00000000 1.00000000
v -0.31111358 0.20859300 0.04921363 1.00000000 1.00000000 1.00000000
v 0.20105793 0.09205769 0.04921363 1.00000000 1.00000000 1.00000000
v -0.20748334 0.27973562 0.01939967 1.00000000 1.00000000 1.00000000
v 0.00087333 -0.07613473 0.04921363 1.00000000 1.00000000 1.00000000
v 0.14538771 0.10401120 0.04921363 1.00000000 1.00000000 1.00000000
v 0.13296619 0.21140048 0.04921363 1.00000000 1.00000000 1.00000000
v 0.07381768 -0.09300734 0.04921363 1.00000000 1.00000000 1.00000000
v 0.05212164 -0.22740974 0.04921363 1.00000000 1.00000000 1.00000000
v -0.23204131 -0.10464310 0.04921363 1.00000000 1.00000000 1.00000000
v 0.15351296 0.24796123 0.04731600 1.00000000 1.00000000 1.00000000
v -0.31633767 0.10468108 0.01374392 1.00000000 1.00000000 1.00000000
v 0.01719438 0.05704636 0.04921363 1.00000000 1.00000000 1.00000000
v -0.15969081 -0.04267814 0.04921363 1.00000000 1.00000000 1.00000000
v 0.14727171 0.22030451 0.04921363 1.00000000 1.00000000 1.00000000
v 0.01945269 0.08296592 0.04921363 1.00000000 1.00000000 1.00000000
v 0.15358660 -0.12064251 0.04921363 1.00000000 1.00000000 1.00000000
v 0.02896228 -0.17963113 0.04921363 1.00000000 1.00000000 1.00000000
v 0.13536327 0.09710023 0.04921363 1.00000000 1.00000000 1.00000000
v 0.12007938 -0.16056656 0.04921363 1.00000000 1.00000000 1.00000000
v 0.23038520 -0.17219144 0.04921363 1.00000000 1.00000000 1.00000000
v -0.00742178 -0.00657188 0.04921363 1.00000000 1.00000000 1.00000000
v 0.11287281 -0.25744651 0.04921363 1.00000000 1.00000000 1.00000000
v -0.09515630 0.01504154 0.04921363 1.00000000 1.00000000 1.00000000
v 0.09622343 -0.16284417 0.04921363 1.00000000 1.00000000 1.00000000
v -0.18114463 -0.23603493 0.04921363 1.00000000 1.00000000 1.00000000
v 0.05677562 0.21575464 0.04921363 1.00000000 1.00000000 1.00000000
v 0.22575166 0.21133619 0.04921363 1.00000000 1.00000000 1.00000000
v -0.15356620 0.25370461 0.04535807 1.00000000 1.00000000 1.00000000
v -0.15010694 -0.22904262 0.04921363 1.00000000 1.00000000 1.00000000
v -0.27281673 0.18770889 0.04921363 1.00000000 1.00000000 1.00000000
v -0.08675718 0.09852942 0.04921363 1.00000000 1.00000000 1.00000000
v -0.15465664 0.16325186 0.04921363 1.00000000 1.00000000 1.00000000
v 0.04224735 -0.15552884 0.04921363 1.00000000 1.00000000 1.00000000
v -0.17931123 0.20081849 0.04921363 1.00000000 1.00000000 1.00000000
v 0.17348222 -0.25048517 0.04921363 1.00000000 1.00000000 1.00000000
v 0.30565358 0.02035196 0.03121817 1.00000000 1.00000000 1.00000000
v -0.00816416 -0.15833108 0.04921363 1.00000000 1.00000000 1.00000000
v 0.22942296 0.06123809 0.04921363 1.00000000 1.00000000 1.00000000
v 0.30139940 0.21465034 0.04921363 1.00000000 1.00000000 1.00000000
v 0.12294786 0.28172616 0.01589667 1.00000000 1.00000000 1.00000000
v 0.24927266 -0.00663411 0.04921363 1.00000000 1.00000000 1.00000000
v 0.19679292 0.00059206 0.04921363 1.00000000 1.00000000 1.00000000
v -0.26889266 0.23473701 0.04894258 1.00000000 1.00000000 1.00000000
v 0.29151660 -0.26289826 0.04035799 1.00000000 1.00000000 1.00000000
v -0.20159182 0.15346184 0.04921363 1.00000000 1.00000000 1.00000000
v 0.27404890 -0.16605249 0.04819702 1.00000000 1.00000000 1.00000000
v -0.17970550 -0.25576193 0.04921363 1.00000000 1.00000000 1.00000000
v 0.25426789 0.14427809 0.04921363 1.00000000 1.00000000 1.00000000
v 0.15777520 0.04284451 0.04921363 1.00000000 1.00000000 1.00000000
v -0.04536454 -0.04951310 0.04921363 1.00000000 1.00000000 1.00000000
v -0.26073673 -0.10033939 0.04921363 1.00000000 1.00000000 1.00000000
v -0.21070419 0.10663300 0.04921363 1.00000000 1.00000000 1.00000000
v -0.18987855 -0.26843223 0.04921363 1.00000000 1.00000000 1.00000000
v -0.01253340 -0.07332166 0.04921363 1.00000000 1.00000000 1.00000000
v -0.19259784 -0.29127494 0.04921363 1.00000000 1.00000000 1.00000000
v 0.19868824 0.12532542 0.04921363 1.00000000 1.00000000 1.00000000
v -0.03630910 -0.27021994 0.04921363 1.00000000 1.00000000 1.00000000
v -0.13094976 -0.24066456 0.04921363 1.00000000 1.00000000 1.00000000
v 0.31262939 -0.10426210 0.01619408 1.00000000 1.00000000 1.00000000
v -0.03125006 -0.20629302 0.04921363 1.00000000 1.00000000 1.00000000
v -0.13141389 -0.03829639 0.04921363 1.00000000 1.00000000 1.00000000
v -0.03827661 -0.05944903 0.04921363 1.00000000 1.00000000 1.00000000
v 0.14475500 0.03715778 0.04921363 1.00000000 1.00000000 1.00000000
v 0.21824477 0.19581057 0.04921363 1.00000000 1.00000000 1.00000000
v -0.16522910 -0.15511520 0.04921363 1.00000000 1.00000000 1.00000000
v 0.13776267 -0.22622814 0.04921363 1.00000000 1.00000000 1.00000000
v 0.11201472 -0.04668867 0.04921363 1.00000000 1.00000000 1.00000000
v -0.06678771 0.21230600 0.04921363 1.00000000 1.00000000 1.00000000
v -0.28398595 -0.27914828 0.04446489 1.00000000 1.00000000 1.00000000
v 0.21935940 0.03816973 0.04921363 1.00000000 1.00000000 1.00000000
v 0.29599888 0.14928781 0.04154397 1.00000000 1.00000000 1.00000000
v 0.11338723 -0.30001948 0.04921363 1.00000000 1.00000000 1.00000000
v 0.10767153 -0.15410329 0.04921363 1.00000000 1.00000000 1.00000000
v -0.26577308 -0.02662311 0.04921358 1.00000000 1.00000000 1.00000000
v 0.02271335 0.04206741 0.04921363 1.00000000 1.00000000 1.00000000
v 0.00479768 0.05679763 0.04921363 1.00000000 1.00000000 1.00000000
v -0.22297161 0.06915132 0.04921363 1.00000000 1.00000000 1.00000000
v -0.09799809 0.04320955 0.04921363 1.00000000 1.00000000 1.00000000
v -0.17421758 -0.30913387 0.04921363 1.00000000 1.00000000 1.00000000
v 0.23806709 0.00273861 0.04921363 1.00000000 1.00000000 1.00000000
v 0.16109256 -0.06993849 0.04921363 1.00000000 1.00000000 1.00000000
v 0.04021946 -0.30495229 0.04921363 1.00000000 1.00000000 1.00000000
v 0.23299608 -0.12882396 0.04921363 1.00000000 1.00000000 1.00000000
v 0.13247556 -0.30413659 0.04921363 1.00000000 1.00000000 1.00000000
v 0.13061482 0.17213350 0.04921363 1.00000000 1.00000000 1.00000000
v -0.29806392 -0.20968795 0.03578210 1.00000000 1.00000000 1.00000000
v 0.11496403 0.08064816 0.04921363 1.00000000 1.00000000 1.00000000
v -0.24242307 0.03241873 0.04921363 1.00000000 1.00000000 1.00000000
v 0.28981274 -0.24396046 0.04162204 1.00000000 1.00000000 1.00000000
v 0.21128429 -0.27729027 0.04921363 1.00000000 1.00000000 1.00000000
v -0.26030490 -0.23651383 0.04921363 1.00000000 1.00000000 1.00000000
v -0.21654988 -0.26386241 0.04921363 1.00000000 1.00000000 1.00000000
v -0.23875188 -0.09206818 0.04921363 1.00000000 1.00000000 1.00000000
v 0.11597413 0.11567494 0.04921363 1.00000000 1.00000000 1.00000000
v -0.27603087 -0.30874052 0.04724286 1.00000000 1.00000000 1.00000000
v -0.11200717 -0.21232001 0.04921363 1.00000000 1.00000000 1.00000000
v 0.06033457 -0.01113094 0.04921363 1.00000000 1.00000000 1.00000000
v -0.22673788 -0.14674373 0.04921363 1.00000000 1.00000000 1.00000000
v -0.15165044 -0.05456409 0.04921363 1.00000000 1.00000000 1.00000000
v -0.06124109 -0.28704366 0.04921363 1.00000000 1.00000000 1.00000000
v -0.18259281 -0.22410046 0.04921363 1.00000000 1.00000000 1.00000000
v 0.06510885 -0.17908267 0.04921363 1.00000000 1.00000000 1.00000000
v -0.03676931 0.17776085 0.04921363 1.00000000 1.00000000 1.00000000
v 0.15451354 -0.31541104 0.04921363 1.00000000 1.00000000 1.00000000
v 0.29082710 0.18378596 0.04918022 1.00000000 1.00000000 1.00000000
v -0.30973779 0.05601260 0.02642136 1.00000000 1.00000000 1.00000000
v -0.31118923 -0.16000884 0.01793886 1.00000000 1.00000000 1.00000000
v -0.30413824 -0.19921436 0.02931748 1.00000000 1.00000000 1.00000000
v 0.21174362 0.17317890 0.04921363 1.00000000 1.00000000 1.00000000
v 0.01377650 0.00338738 0.04921363 1.00000000 1.00000000 1.00000000
v 0.10814540 0.22823873 0.04921363 1.00000000 1.00000000 1.00000000
v -0.02236366 -0.22722484 0.04921363 1.00000000 1.00000000 1.00000000
v 0.23074521 -0.22352592 0.04921363 1.00000000 1.00000000 1.00000000
v -0.25964683 0.25508143 0.04290002 1.00000000 1.00000000 1.00000000
v 0.08417062 0.20941545 0.04921363 1.00000000 1.00000000 1.00000000
v -0.21807487 0.23671969 0.04904889 1.00000000 1.00000000 1.00000000
v 0.23285158 0.27053682 0.03195659 1.00000000 1.00000000 1.00000000
v 0.01613129 0.11090535 0.04921363 1.00000000 1.00000000 1.00000000
v -0.23575348 0.27921109 0.01756289 1.00000000 1.00000000 1.00000000
v 0.16741276 -0.12496600 0.04921363 1.00000000 1.00000000 1.00000000
v -0.20305469 -0.09981462 0.04921363 1.00000000 1.00000000 1.00000000
v -0.16772975 -0.20152710 0.04921363 1.00000000 1.00000000 1.00000000
v 0.00178718 0.23166460 0.04921363 1.00000000 1.00000000 1.00000000
v -0.02856268 0.12336945 0.04921363 1.00000000 1.00000000 1.00000000
v -0.18748327 -0.14554068 0.04921363 1.00000000 1.00000000 1.00000000
v -0.08232312 0.12595653 0.04921363 1.00000000 1.00000000 1.00000000
v 0.14053120 0.16238202 0.04921363 1.00000000 1.00000000 1.00000000
v 0.06873687 -0.03919940 0.04921363 1.00000000 1.00000000 1.00000000
v -0.04334507 0.16474596 0.04921363 1.00000000 1.00000000 1.00000000
v 0.20772366 -0.29419853 0.04921363 1.00000000 1.00000000 1.00000000
v -0.28195992 0.04634861 0.04694925 1.00000000 1.00000000 1.00000000
v 0.03931626 -0.07106024 0.04921363 1.00000000 1.00000000 1.00000000
v -0.00440974 -0.28220158 0.04921363 1.00000000 1.00000000 1.00000000
v 0.10483765 -0.01605926 0.04921363 1.00000000 1.00000000 1.00000000
v 0.06189011 -0.08628410 0.04921363 1.00000000 1.00000000 1.00000000
v 0.06188733 0.07697196 0.04921363 1.00000000 1.00000000 1.00000000
v -0.03973647 -0.22781699 0.04921363 1.00000000 1.00000000 1.00000000
v -0.28703438 -0.31576352 0.04266168 1.00000000 1.00000000 1.00000000
v 0.27267435 -0.22819088 0.04829674 1.00000000 1.00000000 1.00000000
v 0.25321936 -0.10277975 0.04921363 1.00000000 1.00000000 1.00000000
v -0.20837611 0.26824438 0.03544310 1.00000000 1.00000000 1.00000000
v -0.25628814 -0.20981430 0.04921363 1.00000000 1.00000000 1.00000000
v -0.31255404 -0.03405635 0.01885939 1.00000000 1.00000000 1.00000000
v 0.18131287 -0.04895125 0.04921363 1.00000000 1.00000000 1.00000000
v 0.10628859 -0.24320468 0.04921363 1.00000000 1.00000000 1.00000000
v 0.03165311 0.23435181 0.04921363 1.00000000 1.00000000 1.00000000
v -0.30896214 -0.14713552 0.02301863 1.00000000 1.00000000 1.00000000
v -0.06350085 -0.07419687 0.04921363 1.00000000 1.00000000 1.00000000
v 0.29060616 -0.21281410 0.04139938 1.00000000 1.00000000 1.00000000
v -0.30627436 -0.17321155 0.02684561 1.00000000 1.00000000 1.00000000
v 0.12221880 -0.05957332 0.04921363 1.00000000 1.00000000 1.00000000
v -0.24014715 0.11873823 0.04921363 1.00000000 1.00000000 1.00000000
v 0.00868612 -0.31063202 0.04921363 1.00000000 1.00000000 1.00000000
v 0.04149780 0.25306254 0.04854476 1.00000000 1.00000000 1.00000000
v -0.31069263 -0.25869628 0.01560812 1.00000000 1.00000000 1.00000000
v 0.25049262 -0.31302651 0.04921363 1.00000000 1.00000000 1.00000000
v -0.10209650 0.10142579 0.04921363 1.00000000 1.00000000 1.00000000
v -0.18583961 -0.31397813 0.04921363 1.00000000 1.00000000 1.00000000
v 0.04245407 0.01955361 0.04921363 1.00000000 1.00000000 1.00000000
v 0.18798097 0.23047865 0.04921363 1.00000000 1.00000000 1.00000000
v 0.08391801 -0.02672380 0.04921363 1.00000000 1.00000000 1.00000000
v 0.11481356 0.10258340 0.04921363 1.00000000 1.00000000 1.00000000
v -0.31168273 -0.06740569 0.01978564 1.00000000 1.00000000 1.00000000
v 0.10361215 0.03554159 0.04921363 1.00000000 1.00000000 1.00000000
v 0.08211477 0.27720482 0.01622112 1.00000000 1.00000000 1.00000000
v 0.14298605 -0.04876107 0.04921363 1.00000000 1.00000000 1.00000000
v -0.07832093 0.20893974 0.04921363 1.00000000 1.00000000 1.00000000
v -0.10654754 -0.16335986 0.04921363 1.00000000 1.00000000 1.00000000
v -0.06705101 0.17649803 0.04921363 1.00000000 1.00000000 1.00000000
v 0.07844698 0.22435912 0.04921363 1.00000000 1.00000000 1.00000000
v 0.08851190 -0.29163996 0.04921363 1.00000000 1.00000000 1.00000000
v -0.12606079 0.23936272 0.04890536 1.00000000 1.00000000 1.00000000
v -0.05643354 -0.25589122 0.04921363 1.00000000 1.00000000 1.00000000
v -0.01861516 -0.14578404 0.04921363 1.00000000 1.00000000 1.00000000
v 0.07561720 0.02506953 0.04921363 1.00000000 1.00000000 1.00000000
v -0.10427985 -0.24434405 0.04921363 1.00000000 1.00000000 1.00000000
v 0.18286058 0.15581447 0.04921363 1.00000000 1.00000000 1.00000000
v 0.04586361 0.17198278 0.04921363 1.00000000 1.00000000 1.00000000
v -0.15907663 -0.18859842 0.04921363 1.00000000 1.00000000 1.00000000
v 0.23963201 -0.10241420 0.04921363 1.00000000 1.00000000 1.00000000
v -0.04643087 -0.20633496 0.04921363 1.00000000 1.00000000 1.00000000
v -0.29100006 0.24266302 0.04698399 1.00000000 1.00000000 1.00000000
v 0.19386119 -0.19144288 0.04921363 1.00000000 1.00000000 1.00000000
v 0.15215794 0.05639133 0.04921363 1.00000000 1.00000000 1.00000000
v 0.08774615 0.26001157 0.04130084 1.00000000 1.00000000 1.00000000
v 0.15289425 0.11496386 0.04921363 1.00000000 1.00000000 1.00000000
v 0.22364272 -0.23373616 0.04921363 1.00000000 1.00000000 1.00000000
v 0.10783277 0.18622857 0.04921363 1.00000000 1.00000000 1.00000000
v 0.04938788 -0.01596275 0.04921363 1.00000000 1.00000000 1.00000000
v -0.09031791 -0.09137001 0.04921363 1.00000000 1.00000000 1.00000000
v -0.15530779 0.01168713 0.04921363 1.00000000 1.00000000 1.00000000
v -0.16621266 0.02805916 0.04921363 1.00000000 1.00000000 1.00000000
v 0.25648293 0.09074436 0.04921363 1.00000000 1.00000000 1.00000000
v -0.29966520 -0.23565502 0.03388823 1.00000000 1.00000000 1.00000000
v 0.21917276 -0.31474198 0.04921363 1.00000000 1.00000000 1.00000000
v 0.21869454 -0.24634646 0.04921363 1.00000000 1.00000000 1.00000000
v 0.20505429 -0.31454545 0.04921363 1.00000000 1.00000000 1.00000000
v 0.08171871 -0.25942008 0.04921363 1.00000000 1.00000000 1.00000000
v -0.01465043 -0.03679759 0.04921363 1.00000000 1.00000000 1.00000000
v -0.23119247 -0.19102608 0.04921363 1.00000000 1.00000000 1.00000000
v 0.21975106 -0.18206507 0.04921363 1.00000000 1.00000000 1.00000000
v -0.06706372 0.12167175 0.04921363 1.00000000 1.00000000 1.00000000
v 0.13097333 -0.13539552 0.04921363 1.00000000 1.00000000 1.00000000
v -0.13006456 -0.19947902 0.04921363 1.00000000 1.00000000 1.00000000
v -0.25922430 -0.31619280 0.04921363 1.00000000 1.00000000 1.00000000
v 0.08206980 0.16260914 0.04921363 1.00000000 1.00000000 1.00000000
v 0.21866554 -0.04652342 0.04921363 1.00000000 1.00000000 1.00000000
v -0.20276366 -0.26599343 0.04921363 1.00000000 1.00000000 1.00000000
v 0.05258025 0.06786623 0.04921363 1.00000000 1.00000000 1.00000000
v -0.07531337 0.18650038 0.04921363 1.00000000 1.00000000 1.00000000
v 0.27748345 0.13298140 0.04833492 1.00000000 1.00000000 1.00000000
v -0.30395228 -0.29729903 0.02771749 1.00000000 1.00000000 1.00000000
v -0.11052204 0.28116170 0.01653110 1.00000000 1.00000000 1.00000000
v -0.22903753 0.24826341 0.04664368 1.00000000 1.00000000 1.00000000
v -0.06867660 0.02063888 0.04921363 1.00000000 1.00000000 1.00000000
v 0.24304280 0.21178637 0.04921363 1.00000000 1.00000000 1.00000000
v -0.19844831 -0.24457731 0.04921363 1.00000000 1.00000000 1.00000000
v -0.24020468 0.16601571 0.04921363 1.00000000 1.00000000 1.00000000
v -0.13374825 -0.14041879 0.04921363 1.00000000 1.00000000 1.00000000
v -0.05069503 0.00680652 0.04921363 1.00000000 1.00000000 1.00000000
v -0.02452497 -0.09899030 0.04921363 1.00000000 1.00000000 1.00000000
v 0.03102995 -0.14467919 0.04921363 1.00000000 1.00000000 1.00000000
v 0.15623607 -0.05496436 0.04921363 1.00000000 1.00000000 1.00000000
v -0.04293413 0.25082824 0.04863540 1.00000000 1.00000000 1.00000000
v 0.04352035 -0.04830631 0.04921363 1.00000000 1.00000000 1.00000000
v -0.17893762 0.03919915 0.04921363 1.00000000 1.00000000 1.00000000
v -0.24318995 -0.03384463 0.04921363 1.00000000 1.00000000 1.00000000
v -0.08695121 0.03591069 0.04921363 1.00000000 1.00000000 1.00000000
v -0.16448707 -0.01935731 0.04921363 1.00000000 1.00000000 1.00000000
v -0.30429566 0.15155296 0.03637548 1.00000000 1.00000000 1.00000000
v -0.22912780 -0.29785169 0.04921363 1.00000000 1.00000000 1.00000000
v 0.10305764 0.27541076 0.02718028 1.00000000 1.00000000 1.00000000
v 0.09571906 0.01867641 0.04921363 1.00000000 1.00000000 1.00000000
v -0.06672905 -0.17093486 0.04921363 1.00000000 1.00000000 1.00000000
v -0.08678854 0.22633180 0.04921363 1.00000000 1.00000000 1.00000000
v 0.16212840 -0.27197136 0.04921363 1.00000000 1.00000000 1.00000000
v -0.22989554 -0.23280585 0.04921363 1.00000000 1.00000000 1.00000000
v 0.04932375 -0.31212600 0.04921363 1.00000000 1.00000000 1.00000000
v 0.12091040 0.23860614 0.04897113 1.00000000 1.00000000 1.00000000
v 0.31056249 -0.18555737 0.01859793 1.00000000 1.00000000 1.00000000
v 0.12844538 -0.09200470 0.04921363 1.00000000 1.00000000 1.00000000
v 0.20789823 0.06647469 0.04921363 1.00000000 1.00000000 1.00000000
v 0.06002336 -0.19172970 0.04921363 1.00000000 1.00000000 1.00000000
v 0.12563615 -0.02808496 0.04921363 1.00000000 1.00000000 1.00000000
v -0.13282737 -0.07178692 0.04921363 1.00000000 1.00000000 1.00000000
v 0.09629407 0.15783976 0.04921363 1.00000000 1.00000000 1.00000000
v -0.05409670 -0.12311521 0.04921363 1.00000000 1.00000000 1.00000000
v -0.26371953 0.04236196 0.04921363 1.00000000 1.00000000 1.00000000
v 0.10290742 0.12302061 0.04921363 1.00000000 1.00000000 1.00000000
v -0.03485103 -0.07172872 0.04921363 1.00000000 1.00000000 1.00000000
v 0.06730585 -0.29580263 0.04921363 1.00000000 1.00000000 1.00000000
v 0.15206248 0.13930485 0.04921363 1.00000000 1.00000000 1.00000000
v -0.08887030 -0.22045812 0.04921363 1.00000000 1.00000000 1.00000000
v -0.13457804 -0.28061286 0.04921363 1.00000000 1.00000000 1.00000000
v 0.23211619 0.04697180 0.04921363 1.00000000 1.00000000 1.00000000
v -0.25838230 0.15297250 0.04921363 1.00000000 1.00000000 1.00000000
v 0.30826841 -0.05297448 0.02635544 1.00000000 1.00000000 1.00000000
v 0.26734906 -0.26442081 0.04898030 1.00000000 1.00000000 1.00000000
v -0.16857635 0.15299684 0.04921363 1.00000000 1.00000000 1.00000000
v -0.21727871 0.02444331 0.04921363 1.00000000 1.00000000 1.00000000
v 0.18038453 0.10205078 0.04921363 1.00000000 1.00000000 1.00000000
v -0.30911838 0.17610620 0.04639365 1.00000000 1.00000000 1.00000000
v -0.11150883 -0.17634087 0.04921363 1.00000000 1.00000000 1.00000000
v -0.25188560 0.22157558 0.04921363 1.00000000 1.00000000 1.00000000
v 0.06122791 0.26643869 0.03865911 1.00000000 1.00000000 1.00000000
v 0.27661677 0.00799019 0.04816634 1.00000000 1.00000000 1.00000000
v -0.30748474 -0.12321485 0.02606123 1.00000000 1.00000000 1.00000000
v 0.25967607 -0.15461143 0.04921363 1.00000000 1.00000000 1.00000000
v 0.30992316 -0.30272869 0.01605926 1.00000000 1.00000000 1.00000000
v 0.30586143 0.11251880 0.03244102 1.00000000 1.00000000 1.00000000
v 0.22399834 -0.05814682 0.04921363 1.00000000 1.00000000 1.00000000
v 0.16434859 0.14522536 0.04921363 1.00000000 1.00000000 1.00000000
v 0.01269768 -0.01307061 0.04921363 1.00000000 1.00000000 1.00000000
v 0.30865541 -0.11643275 0.02431213 1.00000000 1.00000000 1.00000000
v 0.16280273 0.02812168 0.04921363 1.00000000 1.00000000 1.00000000
v -0.19732889 -0.08634867 0.04921363 1.00000000 1.00000000 1.00000000
v -0.27144284 0.09889852 0.04906138 1.00000000 1.00000000 1.00000000
v 0.12215220 0.14811439 0.04921363 1.00000000 1.00000000 1.00000000
v 0.15994606 0.22730838 0.04921363 1.00000000 1.00000000 1.00000000
v -0.23056020 -0.13313063 0.04921363 1.00000000 1.00000000 1.00000000
v 0.18429436 0.05257524 0.04921363 1.00000000 1.00000000 1.00000000
v -0.04716787 -0.18081136 0.04921363 1.00000000 1.00000000 1.00000000
v -0.03017221 -0.08584929 0.04921363 1.00000000 1.00000000 1.00000000
v -0.26971942 -0.13958509 0.04891603 1.00000000 1.00000000 1.00000000
v -0.03968624 -0.21631761 0.04921363 1.00000000 1.00000000 1.00000000
v -0.21408916 0.09451718 0.04921363 1.00000000 1.00000000 1.00000000
v 0.04239748 -0.10756146 0.04921363 1.00000000 1.00000000 1.00000000
v 0.21467717 -0.12510431 0.04921363 1.00000000 1.00000000 1.00000000
v -0.06972653 -0.26192598 0.04921363 1.00000000 1.00000000 1.00000000
v -0.15009400 -0.30587334 0.04921363 1.00000000 1.00000000 1.00000000
v -0.05373953 0.13856490 0.04921363 1.00000000 1.00000000 1.00000000
v -0.08967559 -0.23448415 0.04921363 1.00000000 1.00000000 1.00000000
v 0.08899067 -0.09239689 0.04921363 1.00000000 1.00000000 1.00000000
v -0.21933224 0.01134657 0.04921363 1.00000000 1.00000000 1.00000000
v 0.19123293 0.14051268 0.04921363 1.00000000 1.00000000 1.00000000
v -0.20335281 0.16753249 0.04921363 1.00000000 1.00000000 1.00000000
v -0.24706276 0.20677092 0.04921363 1.00000000 1.00000000 1.00000000
v -0.25128637 -0.08959891 0.04921363 1.00000000 1.00000000 1.00000000
v -0.18318122 -0.05891250 0.04921363 1.00000000 1.00000000 1.00000000
v -0.12792793 0.07989910 0.04921363 1.00000000 1.00000000 1.00000000
v 0.12546700 -0.25077805 0.04921363 1.00000000 1.00000000 1.00000000
v -0.16183151 -0.30920621 0.04921363 1.00000000 1.00000000 1.00000000
v -0.08236100 0.05023257 0.04921363 1.00000000 1.00000000 1.00000000
v -0.17873070 0.22272770 0.04921363 1.00000000 1.00000000 1.00000000
v -0.04621708 -0.00842560 0.04921363 1.00000000 1.00000000 1.00000000
v -0.14096176 0.10452622 0.04921363 1.00000000 1.00000000 1.00000000
v 0.17775152 -0.31297105 0.04921363 1.00000000 1.00000000 1.00000000
v -0.01729131 0.14418385 0.04921363 1.00000000 1.00000000 1.00000000
v -0.21049319 0.03726220 0.04921363 1.00000000 1.00000000 1.00000000
v -0.24554569 0.17790789 0.04921363 1.00000000 1.00000000 1.00000000
v -0.27098854 0.14228351 0.04913131 1.00000000 1.00000000 1.00000000
v -0.17143421 -0.24568026 0.04921363 1.00000000 1.00000000 1.00000000
v -0.13306500 -0.22794552 0.04921363 1.00000000 1.00000000 1.00000000
v -0.15864852 -0.28919052 0.04921363 1.00000000 1.00000000 1.00000000
v 0.04640061 -0.26191099 0.04921363 1.00000000 1.00000000 1.00000000
v 0.10229278 0.08324888 0.04921363 1.00000000 1.00000000 1.00000000
v 0.17334901 0.11326112 0.04921363 1.00000000 1.00000000 1.00000000
v -0.04910284 -0.28973411 0.04921363 1.00000000 1.00000000 1.00000000
v 0.19612739 -0.07192926 0.04921363 1.00000000 1.00000000 1.00000000
v -0.05297926 0.21147831 0.04921363 1.00000000 1.00000000 1.00000000
v 0.09817188 -0.02688762 0.04921363 1.00000000 1.00000000 1.00000000
v 0.14823485 0.12634977 0.04921363 1.00000000 1.00000000 1.00000000
v -0.15307246 -0.08242448 0.04921363 1.00000000 1.00000000 1.00000000
v -0.08735571 0.27426622 0.02250850 1.00000000 1.00000000 1.00000000
v -0.04780884 -0.26414921 0.04921363 1.00000000 1.00000000 1.00000000
v 0.07550655 -0.27493852 0.04921363 1.00000000 1.00000000 1.00000000
v 0.18769853 0.19048087 0.04921363 1.00000000 1.00000000 1.00000000
v -0.01902797 0.24673577 0.04921363 1.00000000 1.00000000 1.00000000
v -0.31537513 0.12160964 0.01723727 1.00000000 1.00000000 1.00000000
v 0.26093371 -0.03306106 0.04921363 1.00000000 1.00000000 1.00000000
v -0.07143223 -0.01066566 0.04921363 1.00000000 1.00000000 1.00000000
v 0.22466789 -0.03405725 0.04921363 1.00000000 1.00000000 1.00000000
v 0.00354336 0.17652345 0.04921363 1.00000000 1.00000000 1.00000000
v -0.17433477 -0.03611621 0.04921363 1.00000000 1.00000000 1.00000000
v -0.31118763 -0.20485132 0.01632043 1.00000000 1.00000000 1.00000000
v 0.15556328 0.19274395 0.04921363 1.00000000 1.00000000 1.00000000
v -0.22229941 -0.17894274 0.04921363 1.00000000 1.00000000 1.00000000
v -0.07651274 0.27542007 0.02034802 1.00000000 1.00000000 1.00000000
v -0.19695551 0.28282042 0.01136856 1.00000000 1.00000000 1.00000000
v -0.28120321 -0.20707840 0.04602402 1.00000000 1.00000000 1.00000000
v 0.17704331 -0.01438973 0.04921363 1.00000000 1.00000000 1.00000000
v 0.12302388 0.20002933 0.04921363 1.00000000 1.00000000 1.00000000
v 0.31244655 0.05084955 0.02161735 1.00000000 1.00000000 1.00000000
v -0.27879392 -0.03388574 0.04752817 1.00000000 1.00000000 1.00000000
v 0.16704597 -0.31319528 0.04921363 1.00000000 1.00000000 1.00000000
v 0.01704987 -0.25783551 0.04921363 1.00000000 1.00000000 1.00000000
v 0.00666191 -0.23096648 0.04921363 1.00000000 1.00000000 1.00000000
v 0.05157551 0.26538557 0.04334104 1.00000000 1.00000000 1.00000000
v -0.16297915 -0.25553930 0.04921363 1.00000000 1.00000000 1.00000000
v -0.20226560 -0.12644243 0.04921363 1.00000000 1.00000000 1.00000000
v 0.14834202 0.09024259 0.04921363 1.00000000 1.00000000 1.00000000
v 0.22040724 0.22691286 0.04921363 1.00000000 1.00000000 1.00000000
v 0.04057530 -0.03708175 0.04921363 1.00000000 1.00000000 1.00000000
v -0.15810333 -0.27816009 0.04921363 1.00000000 1.00000000 1.00000000
v 0.18984036 0.03855940 0.04921363 1.00000000 1.00000000 1.00000000
v -0.09768047 0.27948963 0.01950290 1.00000000 1.00000000 1.00000000
v 0.07285433 -0.02708530 0.04921363 1.00000000 1.00000000 1.00000000
v 0.29653877 0.12485503 0.04059864 1.00000000 1.00000000 1.00000000
v 0.20716188 -0.06032766 0.04921363 1.00000000 1.00000000 1.00000000
v -0.18529214 0.15904334 0.04921363 1.00000000 1.00000000 1.00000000
v -0.01317569 0.20150000 0.04921363 1.00000000 1.00000000 1.00000000
v -0.29325364 -0.25105244 0.03925158 1.00000000 1.00000000 1.00000000
v 0.20221933 -0.20367096 0.04921363 1.00000000 1.00000000 1.00000000
v -0.29057607 0.09582827 0.04380332 1.00000000 1.00000000 1.00000000
v -0.06304964 -0.22256531 0.04921363 1.00000000 1.00000000 1.00000000
v 0.17096284 0.09429919 0.04921363 1.00000000 1.00000000 1.00000000
v 0.15492440 0.27956994 0.02176981 1.00000000 1.00000000 1.00000000
v 0.31265135 -0.12736231 0.01520892 1.00000000 1.00000000 1.00000000
v -0.25727258 0.06820961 0.04921363 1.00000000 1.00000000 1.00000000
v 0.00712426 -0.13539859 0.04921363 1.00000000 1.00000000 1.00000000
v 0.26277787 -0.31568456 0.04920243 1.00000000 1.00000000 1.00000000
v -0.11765463 -0.18998750 0.04921363 1.00000000 1.00000000 1.00000000
v -0.09334096 -0.00010276 0.04921363 1.00000000 1.00000000 1.00000000
v -0.26941383 -0.21634305 0.04882916 1.00000000 1.00000000 1.00000000
v 0.04636721 0.14510064 0.04921363 1.00000000 1.00000000 1.00000000
v -0.26099298 -0.01421421 0.04921363 1.00000000 1.00000000 1.00000000
v -0.06687365 0.27274347 0.03061441 1.00000000 1.00000000 1.00000000
v 0.12155210 -0.08141730 0.04921363 1.00000000 1.00000000 1.00000000
v -0.18337234 -0.30211123 0.04921363 1.00000000 1.00000000 1.00000000
v -0.06804405 -0.14790135 0.04921363 1.00000000 1.00000000 1.00000000
v 0.10075469 0.05481078 0.04921363 1.00000000 1.00000000 1.00000000
v -0.20546078 0.22939299 0.04921363 1.00000000 1.00000000 1.00000000
v 0.18826578 -0.26035543 0.04921363 1.00000000 1.00000000 1.00000000
v -0.26787585 0.12649401 0.04921361 1.00000000 1.00000000 1.00000000
v 0.20879782 0.10398492 0.04921363 1.00000000 1.00000000 1.00000000
v 0.02867846 -0.03546684 0.04921363 1.00000000 1.00000000 1.00000000
v 0.07773183 -0.17444160 0.04921363 1.00000000 1.00000000 1.00000000
v -0.27132883 0.20156890 0.04921363 1.00000000 1.00000000 1.00000000
v -0.13333590 0.15166475 0.04921363 1.00000000 1.00000000 1.00000000
v -0.23196248 0.00716630 0.04921363 1.00000000 1.00000000 1.00000000
v -0.18710708 0.12451872 0.04921363 1.00000000 1.00000000 1.00000000
v 0.01206477 0.22939940 0.04921363 1.00000000 1.00000000 1.00000000
v 0.13139447 0.27453941 0.02943120 1.00000000 1.00000000 1.00000000
v 0.04251335 -0.28494466 0.04921363 1.00000000 1.00000000 1.00000000
v 0.23352193 -0.14312526 0.04921363 1.00000000 1.00000000 1.00000000
v -0.29741024 0.10519167 0.03981689 1.00000000 1.00000000 1.00000000
v 0.04367716 0.12537239 0.04921363 1.00000000 1.00000000 1.00000000
v 0.25765547 -0.30505043 0.04921363 1.00000000 1.00000000 1.00000000
v -0.03044469 -0.11252288 0.04921363 1.00000000 1.00000000 1.00000000
v -0.07255165 -0.12583774 0.04921363 1.00000000 1.00000000 1.00000000
v -0.21953413 -0.20315996 0.04921363 1.00000000 1.00000000 1.00000000
v 0.02598551 -0.01373655 0.04921363 1.00000000 1.00000000 1.00000000
v 0.17309471 -0.27394290 0.04921363 1.00000000 1.00000000 1.00000000
v -0.21938977 0.13525909 0.04921363 1.00000000 1.00000000 1.00000000
v -0.18056457 -0.13353920 0.04921363 1.00000000 1.00000000 1.00000000
v 0.05299211 -0.14811118 0.04921363 1.00000000 1.00000000 1.00000000
v 0.22438140 -0.10280903 0.04921363 1.00000000 1.00000000 1.00000000
v -0.03735193 -0.10062576 0.04921363 1.00000000 1.00000000 1.00000000
v 0.09198528 -0.24923797 0.04921363 1.00000000 1.00000000 1.00000000
v 0.06392292 -0.10239185 0.04921363 1.00000000 1.00000000 1.00000000
v 0.09762140 0.09418714 0.04921363 1.00000000 1.00000000 1.00000000
v 0.31416673 0.03895168 0.01739485 1.00000000 1.00000000 1.00000000
v -0.20891802 -0.27763493 0.04921363 1.00000000 1.00000000 1.00000000
v 0.27142930 0.19733521 0.04921363 1.00000000 1.00000000 1.00000000
v -0.00169272 0.20347525 0.04921363 1.00000000 1.00000000 1.00000000
v -0.14364332 -0.01282924 0.04921363 1.00000000 1.00000000 1.00000000
v -0.06004833 -0.01853815 0.04921363 1.00000000 1.00000000 1.00000000
v 0.25871208 -0.27588098 0.04921363 1.00000000 1.00000000 1.00000000
v -0.26989830 0.17230655 0.04921363 1.00000000 1.00000000 1.00000000
v 0.02280255 0.09633214 0.04921363 1.00000000 1.00000000 1.00000000
v 0.30481902 -0.04124940 0.03119407 1.00000000 1.00000000 1.00000000
v -0.30201825 -0.08091313 0.03367759 1.00000000 1.00000000 1.00000000
v -0.31906602 0.27572265 0.00000000 1.00000000 0.00000000 0.00000000
v -0.30459442 0.27723248 0.00000000 1.00000000 1.00000000 1.00000000
v -0.29011785 0.27861012 0.00000000 1.00000000 1.00000000 1.00000000
v -0.27563679 0.27985413 0.00000000 1.00000000 1.00000000 1.00000000
v -0.26112666 0.28096487 0.00000000 1.00000000 1.00000000 1.00000000
v -0.24663814 0.28193704 0.00000000 1.00000000 1.00000000 1.00000000
v -0.23209677 0.28277384 0.00000000 1.00000000 1.00000000 1.00000000
v -0.21757800 0.28346916 0.00000000 1.00000000 1.00000000 1.00000000
v -0.20305732 0.28402306 0.00000000 1.00000000 1.00000000 1.00000000
v -0.18851057 0.28443466 0.00000000 1.00000000 1.00000000 1.00000000
v -0.17396306 0.28470139 0.00000000 1.00000000 1.00000000 1.00000000
v -0.15943978 0.28482171 0.00000000 1.00000000 1.00000000 1.00000000
v -0.14489217 0.28479451 0.00000000 1.00000000 1.00000000 1.00000000
v -0.13034528 0.28461798 0.00000000 1.00000000 1.00000000 1.00000000
v -0.11579962 0.28429061 0.00000000 1.00000000 1.00000000 1.00000000
v -0.10127986 0.28381182 0.00000000 1.00000000 1.00000000 1.00000000
v -0.08673809 0.28317851 0.00000000 1.00000000 1.00000000 1.00000000
v -0.07222304 0.28239125 0.00000000 1.00000000 0.00000000 0.00000000
v -0.06646746 0.26886288 -0.03048728 1.00000000 1.00000000 1.00000000
v -0.05632470 0.25760067 -0.04498201 1.00000000 1.00000000 1.00000000
v -0.04402936 0.24793052 -0.05248281 1.00000000 1.00000000 1.00000000
v -0.03119483 0.23975535 -0.05566278 1.00000000 1.00000000 1.00000000
v -0.01689845 0.23373160 -0.05716102 1.00000000 1.00000000 1.00000000
v -0.00077888 0.22799702 -0.05602853 1.00000000 0.00000000 0.00000000
v 0.01463803 0.23321967 -0.05756552 1.00000000 1.00000000 1.00000000
v 0.03039428 0.23982416 -0.05677979 1.00000000 1.00000000 1.00000000
v 0.04578335 0.24922360 -0.05292999 1.00000000 1.00000000 1.00000000
v 0.05915700 0.25998548 -0.04394875 1.00000000 1.00000000 1.00000000
v 0.06871042 0.27033983 -0.02879279 1.00000000 1.00000000 1.00000000
v 0.07222304 0.28239125 0.00000000 1.00000000 0.00000000 0.00000000
v 0.08673809 0.28317851 0.00000000 1.00000000 1.00000000 1.00000000
v 0.10127986 0.28381182 0.00000000 1.00000000 1.00000000 1.00000000
v 0.11579962 0.28429061 0.00000000 1.00000000 1.00000000 1.00000000
v 0.13034528 0.28461798 0.00000000 1.00000000 1.00000000 1.00000000
v 0.14489217 0.28479451 0.00000000 1.00000000 1.00000000 1.00000000
v 0.15943978 0.28482171 0.00000000 1.00000000 1.00000000 1.00000000
v 0.17396306 0.28470139 0.00000000 1.00000000 1.00000000 1.00000000
v 0.18851057 0.28443466 0.00000000 1.00000000 1.00000000 1.00000000
v 0.20305732 0.28402306 0.00000000 1.00000000 1.00000000 1.00000000
v 0.21757800 0.28346916 0.00000000 1.00000000 1.00000000 1.00000000
v 0.23209677 0.28277384 0.00000000 1.00000000 1.00000000 1.00000000
v 0.24663814 0.28193704 0.00000000 1.00000000 1.00000000 1.00000000
v 0.26112666 0.28096487 0.00000000 1.00000000 1.00000000 1.00000000
v 0.27563679 0.27985413 0.00000000 1.00000000 1.00000000 1.00000000
v 0.29011785 0.27861012 0.00000000 1.00000000 1.00000000 1.00000000
v 0.30459442 0.27723248 0.00000000 1.00000000 1.00000000 1.00000000
v 0.31906602 0.27572265 0.00000000 1.00000000 0.00000000 0.00000000
v 0.32251614 0.26939214 -0.02028943 1.00000000 1.00000000 1.00000000
v 0.32286425 0.25560191 -0.03683477 1.00000000 1.00000000 1.00000000
v 0.32105220 0.23661694 -0.04687508 1.00000000 1.00000000 1.00000000
v 0.31899288 0.21703734 -0.04921363 1.00000000 1.00000000 1.00000000
v 0.31897459 0.20236602 -0.04921363 1.00000000 1.00000000 1.00000000
v 0.31895175 0.18404550 -0.04815969 1.00000000 1.00000000 1.00000000
v 0.31892614 0.16349830 -0.03899315 1.00000000 1.00000000 1.00000000
v 0.31890802 0.14896051 -0.02184129 1.00000000 1.00000000 1.00000000
v 0.31890144 0.14368071 0.00000000 1.00000000 0.00000000 0.00000000
v 0.31869843 0.12905345 0.00000000 1.00000000 1.00000000 1.00000000
v 0.31849476 0.11437931 0.00000000 1.00000000 1.00000000 1.00000000
v 0.31829175 0.09975205 0.00000000 1.00000000 1.00000000 1.00000000
v 0.31808809 0.08507791 0.00000000 1.00000000 1.00000000 1.00000000
v 0.31788508 0.07045065 0.00000000 1.00000000 1.00000000 1.00000000
v 0.31768141 0.05577651 0.00000000 1.00000000 1.00000000 1.00000000
v 0.31747840 0.04114925 0.00000000 1.00000000 1.00000000 1.00000000
v 0.31727474 0.02647511 0.00000000 1.00000000 1.00000000 1.00000000
v 0.31707173 0.01184785 0.00000000 1.00000000 1.00000000 1.00000000
v 0.31686806 -0.00282629 0.00000000 1.00000000 1.00000000 1.00000000
v 0.31666505 -0.01745355 0.00000000 1.00000000 1.00000000 1.00000000
v 0.31646139 -0.03212769 0.00000000 1.00000000 1.00000000 1.00000000
v 0.31625838 -0.04675495 0.00000000 1.00000000 1.00000000 1.00000000
v 0.31605471 -0.06142909 0.00000000 1.00000000 1.00000000 1.00000000
v 0.31585170 -0.07605635 0.00000000 1.00000000 1.00000000 1.00000000
v 0.31564804 -0.09073049 0.00000000 1.00000000 1.00000000 1.00000000
v 0.31544503 -0.10535774 0.00000000 1.00000000 1.00000000 1.00000000
v 0.31524201 -0.11998500 0.00000000 1.00000000 1.00000000 1.00000000
v 0.31503835 -0.13465914 0.00000000 1.00000000 1.00000000 1.00000000
v 0.31483534 -0.14928640 0.00000000 1.00000000 1.00000000 1.00000000
v 0.31463168 -0.16396054 0.00000000 1.00000000 1.00000000 1.00000000
v 0.31442866 -0.17858780 0.00000000 1.00000000 1.00000000 1.00000000
v 0.31422500 -0.19326194 0.00000000 1.00000000 1.00000000 1.00000000
v 0.31402199 -0.20788920 0.00000000 1.00000000 1.00000000 1.00000000
v 0.31381833 -0.22256334 0.00000000 1.00000000 1.00000000 1.00000000
v 0.31361531 -0.23719060 0.00000000 1.00000000 1.00000000 1.00000000
v 0.31341165 -0.25186474 0.00000000 1.00000000 1.00000000 1.00000000
v 0.31320864 -0.26649200 0.00000000 1.00000000 1.00000000 1.00000000
v 0.31300498 -0.28116614 0.00000000 1.00000000 1.00000000 1.00000000
v 0.31280196 -0.29579340 0.00000000 1.00000000 1.00000000 1.00000000
v 0.31259830 -0.31046754 0.00000000 1.00000000 1.00000000 1.00000000
v 0.31239529 -0.32509480 0.00000000 1.00000000 0.00000000 0.00000000
v 0.30697328 -0.32500388 -0.02211857 1.00000000 1.00000000 1.00000000
v 0.29207754 -0.32478148 -0.03936303 1.00000000 1.00000000 1.00000000
v 0.27111632 -0.32447490 -0.04833827 1.00000000 1.00000000 1.00000000
v 0.25287803 -0.32420607 -0.04921363 1.00000000 1.00000000 1.00000000
v 0.23800653 -0.32398401 -0.04921363 1.00000000 1.00000000 1.00000000
v 0.22313503 -0.32376195 -0.04921363 1.00000000 1.00000000 1.00000000
v 0.20826353 -0.32353988 -0.04921363 1.00000000 1.00000000 1.00000000
v 0.19339202 -0.32331782 -0.04921363 1.00000000 1.00000000 1.00000000
v 0.17852052 -0.32309575 -0.04921363 1.00000000 1.00000000 1.00000000
v 0.16364902 -0.32287369 -0.04921363 1.00000000 1.00000000 1.00000000
v 0.14874627 -0.32265116 -0.04921363 1.00000000 1.00000000 1.00000000
v 0.13387477 -0.32242909 -0.04921363 1.00000000 1.00000000 1.00000000
v 0.11900327 -0.32220703 -0.04921363 1.00000000 1.00000000 1.00000000
v 0.10413176 -0.32198496 -0.04921363 1.00000000 1.00000000 1.00000000
v 0.08926026 -0.32176290 -0.04921363 1.00000000 1.00000000 1.00000000
v 0.07438876 -0.32154083 -0.04921363 1.00000000 1.00000000 1.00000000
v 0.05951725 -0.32131877 -0.04921363 1.00000000 1.00000000 1.00000000
v 0.04461451 -0.32109624 -0.04921363 1.00000000 1.00000000 1.00000000
v 0.02974301 -0.32087417 -0.04921363 1.00000000 1.00000000 1.00000000
v 0.01487150 -0.32065211 -0.04921363 1.00000000 1.00000000 1.00000000
v 0.00000000 -0.32043004 -0.04921363 1.00000000 0.00000000 0.00000000
v -0.01487150 -0.32065211 -0.04921363 1.00000000 1.00000000 1.00000000
v -0.02974301 -0.32087417 -0.04921363 1.00000000 1.00000000 1.00000000
v -0.04461451 -0.32109624 -0.04921363 1.00000000 1.00000000 1.00000000
v -0.05951725 -0.32131877 -0.04921363 1.00000000 1.00000000 1.00000000
v -0.07438876 -0.32154083 -0.04921363 1.00000000 1.00000000 1.00000000
v -0.08926026 -0.32176290 -0.04921363 1.00000000 1.00000000 1.00000000
v -0.10413176 -0.32198496 -0.04921363 1.00000000 1.00000000 1.00000000
v -0.11900327 -0.32220703 -0.04921363 1.00000000 1.00000000 1.00000000
v -0.13387477 -0.32242909 -0.04921363 1.00000000 1.00000000 1.00000000
v -0.14874627 -0.32265116 -0.04921363 1.00000000 1.00000000 1.00000000
v -0.16364902 -0.32287369 -0.04921363 1.00000000 1.00000000 1.00000000
v -0.17852052 -0.32309575 -0.04921363 1.00000000 1.00000000 1.00000000
v -0.19339202 -0.32331782 -0.04921363 1.00000000 1.00000000 1.00000000
v -0.20826353 -0.32353988 -0.04921363 1.00000000 1.00000000 1.00000000
v -0.22313503 -0.32376195 -0.04921363 1.00000000 1.00000000 1.00000000
v -0.23800653 -0.32398401 -0.04921363 1.00000000 1.00000000 1.00000000
v -0.25287803 -0.32420607 -0.04921363 1.00000000 1.00000000 1.00000000
v -0.27111632 -0.32447490 -0.04833827 1.00000000 1.00000000 1.00000000
v -0.29207754 -0.32478148 -0.03936303 1.00000000 1.00000000 1.00000000
v -0.30697328 -0.32500388 -0.02211857 1.00000000 1.00000000 1.00000000
v -0.31239529 -0.32509480 0.00000000 1.00000000 0.00000000 0.00000000
v -0.31259830 -0.31046754 0.00000000 1.00000000 1.00000000 1.00000000
v -0.31280196 -0.29579340 0.00000000 1.00000000 1.00000000 1.00000000
v -0.31300498 -0.28116614 0.00000000 1.00000000 1.00000000 1.00000000
v -0.31320864 -0.26649200 0.00000000 1.00000000 1.00000000 1.00000000
v -0.31341165 -0.25186474 0.00000000 1.00000000 1.00000000 1.00000000
v -0.31361531 -0.23719060 0.00000000 1.00000000 1.00000000 1.00000000
v -0.31381833 -0.22256334 0.00000000 1.00000000 1.00000000 1.00000000
v -0.31402199 -0.20788920 0.00000000 1.00000000 1.00000000 1.00000000
v -0.31422500 -0.19326194 0.00000000 1.00000000 1.00000000 1.00000000
v -0.31442866 -0.17858780 0.00000000 1.00000000 1.00000000 1.00000000
v -0.31463168 -0.16396054 0.00000000 1.00000000 1.00000000 1.00000000
v -0.31483534 -0.14928640 0.00000000 1.00000000 1.00000000 1.00000000
v -0.31503835 -0.13465914 0.00000000 1.00000000 1.00000000 1.00000000
v -0.31524201 -0.11998500 0.00000000 1.00000000 1.00000000 1.00000000
v -0.31544503 -0.10535774 0.00000000 1.00000000 1.00000000 1.00000000
v -0.31564869 -0.09068360 0.00000000 1.00000000 1.00000000 1.00000000
v -0.31585170 -0.07605635 0.00000000 1.00000000 1.00000000 1.00000000
v -0.31605471 -0.06142909 0.00000000 1.00000000 1.00000000 1.00000000
v -0.31625838 -0.04675495 0.00000000 1.00000000 1.00000000 1.00000000
v -0.31646139 -0.03212769 0.00000000 1.00000000 1.00000000 1.00000000
v -0.31666505 -0.01745355 0.00000000 1.00000000 1.00000000 1.00000000
v -0.31686806 -0.00282629 0.00000000 1.00000000 1.00000000 1.00000000
v -0.31707173 0.01184785 0.00000000 1.00000000 1.00000000 1.00000000
v -0.31727474 0.02647511 0.00000000 1.00000000 1.00000000 1.00000000
v -0.31747840 0.04114925 0.00000000 1.00000000 1.00000000 1.00000000
v -0.31768141 0.05577651 0.00000000 1.00000000 1.00000000 1.00000000
v -0.31788508 0.07045065 0.00000000 1.00000000 1.00000000 1.00000000
v -0.31808809 0.08507791 0.00000000 1.00000000 1.00000000 1.00000000
v -0.31829175 0.09975205 0.00000000 1.00000000 1.00000000 1.00000000
v -0.31849476 0.11437931 0.00000000 1.00000000 1.00000000 1.00000000
v -0.31869843 0.12905345 0.00000000 1.00000000 1.00000000 1.00000000
v -0.31890144 0.14368071 0.00000000 1.00000000 0.00000000 0.00000000
v -0.31890802 0.14896051 -0.02184129 1.00000000 1.00000000 1.00000000
v -0.31892614 0.16349830 -0.03899315 1.00000000 1.00000000 1.00000000
v -0.31895175 0.18404550 -0.04815969 1.00000000 1.00000000 1.00000000
v -0.31897459 0.20236602 -0.04921363 1.00000000 1.00000000 1.00000000
v -0.31899288 0.21703734 -0.04921363 1.00000000 1.00000000 1.00000000
v -0.32105220 0.23661694 -0.04687508 1.00000000 1.00000000 1.00000000
v -0.32286425 0.25560191 -0.03683477 1.00000000 1.00000000 1.00000000
v -0.32251614 0.26939214 -0.02028943 1.00000000 1.00000000 1.00000000
v 0.09764660 -0.13368509 -0.04921363 1.00000000 1.00000000 1.00000000
v 0.28691117 0.22350725 -0.04921363 1.00000000 1.00000000 1.00000000
v -0.19490708 0.27751525 -0.02448252 1.00000000 1.00000000 1.00000000
v 0.29467143 0.19970867 -0.04921363 1.00000000 1.00000000 1.00000000
v -0.15390054 0.20241275 -0.04921363 1.00000000 1.00000000 1.00000000
v 0.18172200 0.14307357 -0.04921363 1.00000000 1.00000000 1.00000000
v -0.10893369 -0.09584438 -0.04921363 1.00000000 1.00000000 1.00000000
v -0.04481933 0.18292387 -0.04921363 1.00000000 1.00000000 1.00000000
v 0.31492974 0.00736588 -0.01393321 1.00000000 1.00000000 1.00000000
v -0.16399711 0.03701728 -0.04921363 1.00000000 1.00000000 1.00000000
v 0.13018775 -0.01709889 -0.04921363 1.00000000 1.00000000 1.00000000
v -0.30160947 0.14564535 -0.03707586 1.00000000 1.00000000 1.00000000
v -0.14627846 0.10032964 -0.04921363 1.00000000 1.00000000 1.00000000
v -0.20006685 0.14980620 -0.04921363 1.00000000 1.00000000 1.00000000
v 0.01786751 0.06706638 -0.04921363 1.00000000 1.00000000 1.00000000
v -0.07251706 -0.26834909 -0.04921363 1.00000000 1.00000000 1.00000000
v -0.16958237 -0.26938083 -0.04921363 1.00000000 1.00000000 1.00000000
v -0.12331596 -0.23483291 -0.04921363 1.00000000 1.00000000 1.00000000
v 0.05060326 -0.00696742 -0.04921363 1.00000000 1.00000000 1.00000000
v 0.06657681 0.16977845 -0.04921363 1.00000000 1.00000000 1.00000000
v 0.26370347 -0.20942819 -0.04921090 1.00000000 1.00000000 1.00000000
v -0.00802874 -0.08024377 -0.04921363 1.00000000 1.00000000 1.00000000
v -0.19388079 -0.07356419 -0.04921363 1.00000000 1.00000000 1.00000000
v -0.20146538 0.21869686 -0.04921363 1.00000000 1.00000000 1.00000000
v 0.00538495 -0.14046441 -0.04921363 1.00000000 1.00000000 1.00000000
v 0.22291907 -0.03023590 -0.04921363 1.00000000 1.00000000 1.00000000
v 0.20355232 -0.15502676 -0.04921363 1.00000000 1.00000000 1.00000000
v -0.07169406 -0.07191346 -0.04921363 1.00000000 1.00000000 1.00000000
v -0.15562753 -0.00589995 -0.04921363 1.00000000 1.00000000 1.00000000
v 0.28810605 0.14758896 -0.04533207 1.00000000 1.00000000 1.00000000
v 0.17689270 0.16848748 -0.04921363 1.00000000 1.00000000 1.00000000
v 0.13383850 0.15036512 -0.04921363 1.00000000 1.00000000 1.00000000
v 0.03743111 0.20461423 -0.04921363 1.00000000 1.00000000 1.00000000
v -0.21717818 0.16220746 -0.04921363 1.00000000 1.00000000 1.00000000
v -0.22578401 0.18165053 -0.04921363 1.00000000 1.00000000 1.00000000
v -0.27541215 0.07606513 -0.04855612 1.00000000 1.00000000 1.00000000
v -0.00085770 -0.29517547 -0.04921363 1.00000000 1.00000000 1.00000000
v -0.19717458 0.24331363 -0.04825796 1.00000000 1.00000000 1.00000000
v -0.05215059 -0.20876506 -0.04921363 1.00000000 1.00000000 1.00000000
v 0.12110990 0.28044529 -0.01905338 1.00000000 1.00000000 1.00000000
v 0.31303725 -0.16983431 -0.01191737 1.00000000 1.00000000 1.00000000
v 0.05969135 0.18167491 -0.04921363 1.00000000 1.00000000 1.00000000
v -0.30742571 0.17678933 -0.04677974 1.00000000 1.00000000 1.00000000
v 0.31043228 0.13241357 -0.02696994 1.00000000 1.00000000 1.00000000
v 0.00669903 0.08462070 -0.04921363 1.00000000 1.00000000 1.00000000
v 0.22951044 -0.14798070 -0.04921363 1.00000000 1.00000000 1.00000000
v 0.25599011 -0.25342941 -0.04921363 1.00000000 1.00000000 1.00000000
v -0.07176271 0.02328987 -0.04921363 1.00000000 1.00000000 1.00000000
v -0.26480311 -0.01054820 -0.04921363 1.00000000 1.00000000 1.00000000
v 0.24871272 -0.05579146 -0.04921363 1.00000000 1.00000000 1.00000000
v 0.22449839 -0.13493550 -0.04921363 1.00000000 1.00000000 1.00000000
v -0.02945150 0.00047885 -0.04921363 1.00000000 1.00000000 1.00000000
v -0.17027179 -0.11429456 -0.04921363 1.00000000 1.00000000 1.00000000
v -0.01603920 0.14914540 -0.04921363 1.00000000 1.00000000 1.00000000
v 0.11263636 0.06158365 -0.04921363 1.00000000 1.00000000 1.00000000
v 0.29860628 0.10319602 -0.03892871 1.00000000 1.00000000 1.00000000
v 0.30658152 0.21006629 -0.04921363 1.00000000 1.00000000 1.00000000
v 0.29429648 -0.29855544 -0.03794901 1.00000000 1.00000000 1.00000000
v 0.21074648 0.18881155 -0.04921363 1.00000000 1.00000000 1.00000000
v -0.06086416 -0.18602153 -0.04921363 1.00000000 1.00000000 1.00000000
v -0.16264225 0.12103980 -0.04921363 1.00000000 1.00000000 1.00000000
v -0.05066198 -0.15831553 -0.04921363 1.00000000 1.00000000 1.00000000
v -0.12711497 0.24373196 -0.04824698 1.00000000 1.00000000 1.00000000
v 0.20796185 -0.26839979 -0.04921363 1.00000000 1.00000000 1.00000000
v 0.25135392 0.26141206 -0.03924855 1.00000000 1.00000000 1.00000000
v 0.24888596 -0.26664922 -0.04921363 1.00000000 1.00000000 1.00000000
v 0.20414573 -0.18219530 -0.04921363 1.00000000 1.00000000 1.00000000
v 0.19845300 -0.31602225 -0.04921363 1.00000000 1.00000000 1.00000000
v -0.23673485 -0.18397034 -0.04921363 1.00000000 1.00000000 1.00000000
v 0.27313451 -0.10417402 -0.04851982 1.00000000 1.00000000 1.00000000
v 0.31218299 -0.23483242 -0.01173019 1.00000000 1.00000000 1.00000000
v -0.30195497 0.03997254 -0.03538811 1.00000000 1.00000000 1.00000000
v 0.04476670 0.12918593 -0.04921363 1.00000000 1.00000000 1.00000000
v 0.24524386 0.21769058 -0.04921363 1.00000000 1.00000000 1.00000000
v -0.05689327 -0.07028196 -0.04921363 1.00000000 1.00000000 1.00000000
v -0.00123028 -0.01573027 -0.04921363 1.00000000 1.00000000 1.00000000
v -0.29547546 -0.26873777 -0.03732500 1.00000000 1.00000000 1.00000000
v 0.15438459 -0.11200769 -0.04921363 1.00000000 1.00000000 1.00000000
v -0.21978831 -0.01079963 -0.04921363 1.00000000 1.00000000 1.00000000
v 0.31039422 -0.20691850 -0.01829090 1.00000000 1.00000000 1.00000000
v 0.17494271 0.15614161 -0.04921363 1.00000000 1.00000000 1.00000000
v -0.15005169 0.00951594 -0.04921363 1.00000000 1.00000000 1.00000000
v -0.18418410 -0.22091405 -0.04921363 1.00000000 1.00000000 1.00000000
v -0.06737002 -0.15972613 -0.04921363 1.00000000 1.00000000 1.00000000
v -0.23304039 -0.20080149 -0.04921363 1.00000000 1.00000000 1.00000000
v 0.08215404 -0.10802999 -0.04921363 1.00000000 1.00000000 1.00000000
v 0.21342519 0.26142608 -0.04065563 1.00000000 1.00000000 1.00000000
v -0.18594139 -0.11317878 -0.04921363 1.00000000 1.00000000 1.00000000
v 0.20232992 0.25153245 -0.04590094 1.00000000 1.00000000 1.00000000
v 0.23686336 0.13145736 -0.04921363 1.00000000 1.00000000 1.00000000
v -0.02653471 -0.02495091 -0.04921363 1.00000000 1.00000000 1.00000000
v -0.14407093 0.04051328 -0.04921363 1.00000000 1.00000000 1.00000000
v -0.13721399 0.17493865 -0.04921363 1.00000000 1.00000000 1.00000000
v 0.20144178 -0.00001248 -0.04921363 1.00000000 1.00000000 1.00000000
v -0.30457458 -0.12472442 -0.03008175 1.00000000 1.00000000 1.00000000
v -0.08310924 -0.16704442 -0.04921363 1.00000000 1.00000000 1.00000000
v -0.29640578 0.17415876 -0.04759038 1.00000000 1.00000000 1.00000000
v 0.29717179 -0.31350106 -0.03527293 1.00000000 1.00000000 1.00000000
v 0.15718782 0.01595497 -0.04921363 1.00000000 1.00000000 1.00000000
v 0.01444449 -0.24501125 -0.04921363 1.00000000 1.00000000 1.00000000
v -0.23523815 -0.01657480 -0.04921363 1.00000000 1.00000000 1.00000000
v -0.02608873 0.02241173 -0.04921363 1.00000000 1.00000000 1.00000000
v 0.07898022 0.18148212 -0.04921363 1.00000000 1.00000000 1.00000000
v 0.05480804 -0.18801806 -0.04921363 1.00000000 1.00000000 1.00000000
v 0.13845931 0.19088805 -0.04921363 1.00000000 1.00000000 1.00000000
v -0.30571274 0.10679605 -0.03251736 1.00000000 1.00000000 1.00000000
v -0.24727182 0.24599509 -0.04701916 1.00000000 1.00000000 1.00000000
v -0.03468492 0.07501123 -0.04921363 1.00000000 1.00000000 1.00000000
v -0.18145218 -0.04241748 -0.04921363 1.00000000 1.00000000 1.00000000
v 0.18167035 -0.06927262 -0.04921363 1.00000000 1.00000000 1.00000000
v -0.13227674 -0.07097924 -0.04921363 1.00000000 1.00000000 1.00000000
v 0.07370435 -0.22935604 -0.04921363 1.00000000 1.00000000 1.00000000
v -0.28420559 -0.25620216 -0.04451016 1.00000000 1.00000000 1.00000000
v -0.25841132 0.23023634 -0.04921361 1.00000000 1.00000000 1.00000000
v 0.23925039 0.04743700 -0.04921363 1.00000000 1.00000000 1.00000000
v -0.12158784 0.25969106 -0.04222739 1.00000000 1.00000000 1.00000000
v 0.00889190 0.10215969 -0.04921363 1.00000000 1.00000000 1.00000000
v -0.29544342 -0.17989299 -0.03834356 1.00000000 1.00000000 1.00000000
v -0.31141856 0.20760131 -0.04921363 1.00000000 1.00000000 1.00000000
v -0.05201399 -0.22209575 -0.04921363 1.00000000 1.00000000 1.00000000
v 0.18187241 0.00955173 -0.04921363 1.00000000 1.00000000 1.00000000
v -0.01077115 -0.23737316 -0.04921363 1.00000000 1.00000000 1.00000000
v 0.23531562 -0.05369933 -0.04921363 1.00000000 1.00000000 1.00000000
v -0.07273137 -0.29220995 -0.04921363 1.00000000 1.00000000 1.00000000
v -0.01475987 0.03530575 -0.04921363 1.00000000 1.00000000 1.00000000
v 0.29741849 0.16868448 -0.04607452 1.00000000 1.00000000 1.00000000
v 0.19662957 -0.27878892 -0.04921363 1.00000000 1.00000000 1.00000000
v 0.19094111 -0.13257710 -0.04921363 1.00000000 1.00000000 1.00000000
v -0.01456249 0.16252743 -0.04921363 1.00000000 1.00000000 1.00000000
v -0.17327576 0.21485929 -0.04921363 1.00000000 1.00000000 1.00000000
v -0.13703721 -0.05703417 -0.04921363 1.00000000 1.00000000 1.00000000
v -0.03458739 0.04359973 -0.04921363 1.00000000 1.00000000 1.00000000
v -0.20219192 -0.06281895 -0.04921363 1.00000000 1.00000000 1.00000000
v 0.28848569 -0.25076021 -0.04235149 1.00000000 1.00000000 1.00000000
v -0.03548014 -0.14973420 -0.04921363 1.00000000 1.00000000 1.00000000
v 0.27309246 0.11675375 -0.04893545 1.00000000 1.00000000 1.00000000
v 0.17748520 -0.02175480 -0.04921363 1.00000000 1.00000000 1.00000000
v 0.21686141 -0.31198060 -0.04921363 1.00000000 1.00000000 1.00000000
v 0.12207347 -0.10544505 -0.04921363 1.00000000 1.00000000 1.00000000
v -0.25753566 0.00847986 -0.04921363 1.00000000 1.00000000 1.00000000
v 0.05256511 -0.17714604 -0.04921363 1.00000000 1.00000000 1.00000000
v -0.18414732 0.23907226 -0.04893585 1.00000000 1.00000000 1.00000000
v -0.03936457 0.19388388 -0.04921363 1.00000000 1.00000000 1.00000000
v -0.18491488 -0.12527301 -0.04921363 1.00000000 1.00000000 1.00000000
v 0.26092126 0.11903201 -0.04921363 1.00000000 1.00000000 1.00000000
v 0.24709594 0.20410607 -0.04921363 1.00000000 1.00000000 1.00000000
v -0.17697103 -0.08990444 -0.04921363 1.00000000 1.00000000 1.00000000
v 0.03403339 -0.13297920 -0.04921363 1.00000000 1.00000000 1.00000000
v 0.00564936 -0.15803047 -0.04921363 1.00000000 1.00000000 1.00000000
v -0.05303613 -0.01717611 -0.04921363 1.00000000 1.00000000 1.00000000
v -0.27798487 -0.22010979 -0.04703266 1.00000000 1.00000000 1.00000000
v 0.25522332 -0.29320097 -0.04921363 1.00000000 1.00000000 1.00000000
v -0.17763805 -0.23023850 -0.04921363 1.00000000 1.00000000 1.00000000
v 0.25696203 -0.04311597 -0.04921363 1.00000000 1.00000000 1.00000000
v -0.23175547 -0.00033293 -0.04921363 1.00000000 1.00000000 1.00000000
v 0.07068901 -0.01861222 -0.04921363 1.00000000 1.00000000 1.00000000
v -0.13900482 0.24047160 -0.04879959 1.00000000 1.00000000 1.00000000
v 0.19438982 -0.26220713 -0.04921363 1.00000000 1.00000000 1.00000000
v -0.27413957 -0.26969894 -0.04786748 1.00000000 1.00000000 1.00000000
v -0.07711832 -0.05362794 -0.04921363 1.00000000 1.00000000 1.00000000
v 0.18995959 0.27574652 -0.02745389 1.00000000 1.00000000 1.00000000
v -0.27788116 0.12646069 -0.04824199 1.00000000 1.00000000 1.00000000
v -0.23186254 0.14007423 -0.04921363 1.00000000 1.00000000 1.00000000
v -0.06647651 0.07386360 -0.04921363 1.00000000 1.00000000 1.00000000
v -0.24433776 -0.12304808 -0.04921363 1.00000000 1.00000000 1.00000000
v 0.04483354 -0.26395250 -0.04921363 1.00000000 1.00000000 1.00000000
v 0.01623171 -0.17296239 -0.04921363 1.00000000 1.00000000 1.00000000
v 0.15337649 0.23456364 -0.04921041 1.00000000 1.00000000 1.00000000
v -0.03613816 0.11883307 -0.04921363 1.00000000 1.00000000 1.00000000
v 0.14112102 -0.12045450 -0.04921363 1.00000000 1.00000000 1.00000000
v 0.22235532 0.12863561 -0.04921363 1.00000000 1.00000000 1.00000000
v 0.25565577 -0.23988591 -0.04921363 1.00000000 1.00000000 1.00000000
v 0.31069893 0.15734388 -0.03578637 1.00000000 1.00000000 1.00000000
v -0.13662322 -0.23552636 -0.04921363 1.00000000 1.00000000 1.00000000
v 0.24586449 0.02123041 -0.04921363 1.00000000 1.00000000 1.00000000
v 0.01958074 -0.20451800 -0.04921363 1.00000000 1.00000000 1.00000000
v -0.08608255 0.09131157 -0.04921363 1.00000000 1.00000000 1.00000000
v -0.19636897 0.04135441 -0.04921363 1.00000000 1.00000000 1.00000000
v 0.02270565 0.14610205 -0.04921363 1.00000000 1.00000000 1.00000000
v 0.03310516 -0.01291559 -0.04921363 1.00000000 1.00000000 1.00000000
v -0.29763922 0.00434892 -0.03862239 1.00000000 1.00000000 1.00000000
v 0.31255347 0.02666976 -0.02071821 1.00000000 1.00000000 1.00000000
v 0.12600803 -0.06400158 -0.04921363 1.00000000 1.00000000 1.00000000
v -0.21215835 0.18641105 -0.04921363 1.00000000 1.00000000 1.00000000
v 0.16763681 -0.28639389 -0.04921363 1.00000000 1.00000000 1.00000000
v 0.30190970 -0.04915891 -0.03423541 1.00000000 1.00000000 1.00000000
v 0.06666370 0.19457821 -0.04921363 1.00000000 1.00000000 1.00000000
v 0.27530650 -0.04511312 -0.04827937 1.00000000 1.00000000 1.00000000
v 0.21092978 0.15093979 -0.04921363 1.00000000 1.00000000 1.00000000
v 0.21769357 -0.01919294 -0.04921363 1.00000000 1.00000000 1.00000000
v -0.31412314 0.08437642 -0.01903263 1.00000000 1.00000000 1.00000000
v 0.20934895 -0.16777772 -0.04921363 1.00000000 1.00000000 1.00000000
v -0.30172998 -0.29917657 -0.03060514 1.00000000 1.00000000 1.00000000
v 0.17563993 -0.09722466 -0.04921363 1.00000000 1.00000000 1.00000000
v -0.11392223 0.11908558 -0.04921363 1.00000000 1.00000000 1.00000000
v -0.11516510 -0.13080194 -0.04921363 1.00000000 1.00000000 1.00000000
v -0.03895441 -0.20914780 -0.04921363 1.00000000 1.00000000 1.00000000
v -0.01855509 -0.12058645 -0.04921363 1.00000000 1.00000000 1.00000000
v 0.22287469 -0.04675507 -0.04921363 1.00000000 1.00000000 1.00000000
v 0.25800199 0.22692340 -0.04921363 1.00000000 1.00000000 1.00000000
v -0.14565235 0.22600987 -0.04921363 1.00000000 1.00000000 1.00000000
v -0.23827445 -0.22285038 -0.04921363 1.00000000 1.00000000 1.00000000
v 0.09007011 -0.20026741 -0.04921363 1.00000000 1.00000000 1.00000000
v -0.06394591 -0.08338406 -0.04921363 1.00000000 1.00000000 1.00000000
v 0.18667076 -0.24881537 -0.04921363 1.00000000 1.00000000 1.00000000
v -0.11829060 -0.19402615 -0.04921363 1.00000000 1.00000000 1.00000000
v 0.14315599 0.00769232 -0.04921363 1.00000000 1.00000000 1.00000000
v -0.16290286 -0.03393362 -0.04921363 1.00000000 1.00000000 1.00000000
v -0.15199787 0.02894256 -0.04921363 1.00000000 1.00000000 1.00000000
v -0.25798531 -0.12426409 -0.04921363 1.00000000 1.00000000 1.00000000
v -0.11326017 0.19139609 -0.04921363 1.00000000 1.00000000 1.00000000
v -0.06471726 0.10231495 -0.04921363 1.00000000 1.00000000 1.00000000
v 0.09906622 -0.29754853 -0.04921363 1.00000000 1.00000000 1.00000000
v -0.30009019 0.20670950 -0.04921363 1.00000000 1.00000000 1.00000000
v 0.25641635 0.10069302 -0.04921363 1.00000000 1.00000000 1.00000000
v 0.23791756 0.27899123 -0.01780221 1.00000000 1.00000000 1.00000000
v 0.22309049 0.16285425 -0.04921363 1.00000000 1.00000000 1.00000000
v 0.10320458 0.01264422 -0.04921363 1.00000000 1.00000000 1.00000000
v -0.24436196 -0.29479954 -0.04921363 1.00000000 1.00000000 1.00000000
v 0.31279800 0.08066381 -0.02174036 1.00000000 1.00000000 1.00000000
v -0.19090902 0.01233368 -0.04921363 1.00000000 1.00000000 1.00000000
v 0.12198381 -0.18069446 -0.04921363 1.00000000 1.00000000 1.00000000
v 0.31073487 -0.31714634 -0.01287633 1.00000000 1.00000000 1.00000000
v 0.05425895 -0.05398618 -0.04921363 1.00000000 1.00000000 1.00000000
v -0.21568114 0.14816333 -0.04921363 1.00000000 1.00000000 1.00000000
v -0.28716618 0.23097988 -0.04912012 1.00000000 1.00000000 1.00000000
v 0.20162654 0.21386819 -0.04921363 1.00000000 1.00000000 1.00000000
v -0.16144093 -0.16666038 -0.04921363 1.00000000 1.00000000 1.00000000
v -0.25042327 0.27799636 -0.01838143 1.00000000 1.00000000 1.00000000
v 0.20853257 -0.00972739 -0.04921363 1.00000000 1.00000000 1.00000000
v -0.29152454 -0.04113195 -0.04227708 1.00000000 1.00000000 1.00000000
v -0.04925714 -0.00146631 -0.04921363 1.00000000 1.00000000 1.00000000
v 0.06462820 -0.30896863 -0.04921363 1.00000000 1.00000000 1.00000000
v 0.10883016 0.22722526 -0.04921363 1.00000000 1.00000000 1.00000000
v 0.09257996 -0.01412103 -0.04921363 1.00000000 1.00000000 1.00000000
v -0.09856715 0.25863004 -0.04240922 1.00000000 1.00000000 1.00000000
v -0.18595218 -0.24201933 -0.04921363 1.00000000 1.00000000 1.00000000
v -0.10355411 0.03694992 -0.04921363 1.00000000 1.00000000 1.00000000
v -0.25409127 0.16992689 -0.04921363 1.00000000 1.00000000 1.00000000
v 0.15482830 0.00346324 -0.04921363 1.00000000 1.00000000 1.00000000
v 0.16868400 0.28079026 -0.01903238 1.00000000 1.00000000 1.00000000
v 0.28791084 -0.20710722 -0.04300755 1.00000000 1.00000000 1.00000000
v -0.09488692 0.15511796 -0.04921363 1.00000000 1.00000000 1.00000000
v -0.11854476 0.20557750 -0.04921363 1.00000000 1.00000000 1.00000000
v 0.12799389 -0.19539528 -0.04921363 1.00000000 1.00000000 1.00000000
v 0.24911420 -0.31559030 -0.04921363 1.00000000 1.00000000 1.00000000
v 0.00833085 -0.28548088 -0.04921363 1.00000000 1.00000000 1.00000000
v -0.31342033 0.15141146 -0.02861732 1.00000000 1.00000000 1.00000000
v -0.10676245 -0.10766091 -0.04921363 1.00000000 1.00000000 1.00000000
v 0.24062795 0.07393884 -0.04921363 1.00000000 1.00000000 1.00000000
v -0.17214250 0.17023222 -0.04921363 1.00000000 1.00000000 1.00000000
v -0.05561974 -0.26783898 -0.04921363 1.00000000 1.00000000 1.00000000
v -0.24813895 0.13897963 -0.04921363 1.00000000 1.00000000 1.00000000
v 0.01305070 -0.02418089 -0.04921363 1.00000000 1.00000000 1.00000000
v -0.15765782 -0.05559189 -0.04921363 1.00000000 1.00000000 1.00000000
v 0.26253355 -0.26688516 -0.04921337 1.00000000 1.00000000 1.00000000
v 0.26251902 -0.05860090 -0.04921363 1.00000000 1.00000000 1.00000000
v -0.16047048 0.21497134 -0.04921363 1.00000000 1.00000000 1.00000000
v 0.14498315 -0.10739124 -0.04921363 1.00000000 1.00000000 1.00000000
v -0.09841448 -0.07349874 -0.04921363 1.00000000 1.00000000 1.00000000
v 0.15505734 0.10480464 -0.04921363 1.00000000 1.00000000 1.00000000
v 0.05369262 0.00619077 -0.04921363 1.00000000 1.00000000 1.00000000
v -0.07868759 0.13533229 -0.04921363 1.00000000 1.00000000 1.00000000
v -0.10484151 0.05986916 -0.04921363 1.00000000 1.00000000 1.00000000
v -0.23110985 0.05547809 -0.04921363 1.00000000 1.00000000 1.00000000
v 0.31370931 -0.07765333 -0.01406516 1.00000000 1.00000000 1.00000000
v -0.26223809 0.06842813 -0.04921363 1.00000000 1.00000000 1.00000000
v 0.21117047 -0.28534673 -0.04921363 1.00000000 1.00000000 1.00000000
v -0.07871953 0.20699540 -0.04921363 1.00000000 1.00000000 1.00000000
v -0.15653645 -0.13321112 -0.04921363 1.00000000 1.00000000 1.00000000
v 0.20891745 -0.29848607 -0.04921363 1.00000000 1.00000000 1.00000000
v 0.14533575 0.04973209 -0.04921363 1.00000000 1.00000000 1.00000000
v -0.11103336 0.01212243 -0.04921363 1.00000000 1.00000000 1.00000000
v 0.01332828 0.13172094 -0.04921363 1.00000000 1.00000000 1.00000000
v 0.12716823 -0.04467532 -0.04921363 1.00000000 1.00000000 1.00000000
v 0.05326877 -0.23145964 -0.04921363 1.00000000 1.00000000 1.00000000
v 0.26095159 -0.07441447 -0.04921363 1.00000000 1.00000000 1.00000000
v -0.12093185 -0.07894143 -0.04921363 1.00000000 1.00000000 1.00000000
v 0.16841433 -0.14615246 -0.04921363 1.00000000 1.00000000 1.00000000
v 0.16328147 0.11796851 -0.04921363 1.00000000 1.00000000 1.00000000
v 0.28054654 -0.11794236 -0.04667719 1.00000000 1.00000000 1.00000000
v 0.00475804 0.06527698 -0.04921363 1.00000000 1.00000000 1.00000000
v 0.30055492 0.02386397 -0.03645449 1.00000000 1.00000000 1.00000000
v -0.31075915 -0.31782024 -0.01275559 1.00000000 1.00000000 1.00000000
v -0.07174208 -0.18597049 -0.04921363 1.00000000 1.00000000 1.00000000
v -0.13689000 -0.19160418 -0.04921363 1.00000000 1.00000000 1.00000000
v 0.26950107 0.18569927 -0.04921363 1.00000000 1.00000000 1.00000000
v 0.04368486 -0.01843899 -0.04921363 1.00000000 1.00000000 1.00000000
v 0.27808962 -0.06708657 -0.04759088 1.00000000 1.00000000 1.00000000
v -0.17210571 0.14464618 -0.04921363 1.00000000 1.00000000 1.00000000
v 0.05348253 0.06721272 -0.04921363 1.00000000 1.00000000 1.00000000
v 0.14445786 -0.21611994 -0.04921363 1.00000000 1.00000000 1.00000000
v -0.22460625 -0.14133628 -0.04921363 1.00000000 1.00000000 1.00000000
v -0.17316965 -0.14097648 -0.04921363 1.00000000 1.00000000 1.00000000
v -0.24774928 -0.30427155 -0.04921363 1.00000000 1.00000000 1.00000000
v -0.29459773 -0.13358642 -0.03945963 1.00000000 1.00000000 1.00000000
v -0.25352062 0.05670851 -0.04921363 1.00000000 1.00000000 1.00000000
v 0.06855061 0.23436181 -0.04914630 1.00000000 1.00000000 1.00000000
v 0.30926483 -0.27303100 -0.01879504 1.00000000 1.00000000 1.00000000
v 0.15644973 0.21399413 -0.04921363 1.00000000 1.00000000 1.00000000
v -0.28263253 0.27326317 -0.02313812 1.00000000 1.00000000 1.00000000
v -0.10559285 0.23911457 -0.04886811 1.00000000 1.00000000 1.00000000
v -0.04905595 0.01590270 -0.04921363 1.00000000 1.00000000 1.00000000
v -0.24795322 -0.11142643 -0.04921363 1.00000000 1.00000000 1.00000000
v -0.13234153 -0.21983614 -0.04921363 1.00000000 1.00000000 1.00000000
v 0.16248512 -0.22972863 -0.04921363 1.00000000 1.00000000 1.00000000
v 0.15254101 0.13160882 -0.04921363 1.00000000 1.00000000 1.00000000
v 0.10743697 0.28090941 -0.01693408 1.00000000 1.00000000 1.00000000
v -0.00563843 0.20112129 -0.04921363 1.00000000 1.00000000 1.00000000
v 0.06891523 0.00501210 -0.04921363 1.00000000 1.00000000 1.00000000
v -0.23130347 -0.11133811 -0.04921363 1.00000000 1.00000000 1.00000000
v 0.09524806 0.24040268 -0.04864237 1.00000000 1.00000000 1.00000000
v -0.01367583 -0.05319864 -0.04921363 1.00000000 1.00000000 1.00000000
v 0.07295502 0.22074237 -0.04921363 1.00000000 1.00000000 1.00000000
v 0.03430221 -0.10437942 -0.04921363 1.00000000 1.00000000 1.00000000
v -0.01413319 0.02283529 -0.04921363 1.00000000 1.00000000 1.00000000
v 0.16265815 -0.25449221 -0.04921363 1.00000000 1.00000000 1.00000000
v 0.08314053 0.23284600 -0.04920807 1.00000000 1.00000000 1.00000000
v 0.08758625 0.19527372 -0.04921363 1.00000000 1.00000000 1.00000000
v -0.20107255 0.00414922 -0.04921363 1.00000000 1.00000000 1.00000000
v -0.00612277 -0.10494146 -0.04921363 1.00000000 1.00000000 1.00000000
v -0.17409705 0.09934674 -0.04921363 1.00000000 1.00000000 1.00000000
v -0.07329637 -0.19738808 -0.04921363 1.00000000 1.00000000 1.00000000
v 0.02830569 0.22748629 -0.05313164 1.00000000 1.00000000 1.00000000
v -0.03596035 -0.08019720 -0.04921363 1.00000000 1.00000000 1.00000000
v 0.15796666 0.07726328 -0.04921363 1.00000000 1.00000000 1.00000000
v -0.31080982 -0.21669633 -0.01689674 1.00000000 1.00000000 1.00000000
v 0.23384957 -0.21463806 -0.04921363 1.00000000 1.00000000 1.00000000
v 0.25599705 -0.15890308 -0.04921363 1.00000000 1.00000000 1.00000000
v -0.18828765 -0.13877907 -0.04921363 1.00000000 1.00000000 1.00000000
v 0.07125772 -0.25574248 -0.04921363 1.00000000 1.00000000 1.00000000
v -0.13071764 -0.04133785 -0.04921363 1.00000000 1.00000000 1.00000000
v -0.20437894 0.23145002 -0.04921363 1.00000000 1.00000000 1.00000000
v 0.11770799 -0.23179081 -0.04921363 1.00000000 1.00000000 1.00000000
v 0.03503638 -0.14837589 -0.04921363 1.00000000 1.00000000 1.00000000
v -0.27437492 -0.08111242 -0.04836016 1.00000000 1.00000000 1.00000000
v 0.23099727 0.09743440 -0.04921363 1.00000000 1.00000000 1.00000000
v -0.09716547 -0.11474680 -0.04921363 1.00000000 1.00000000 1.00000000
v -0.21498661 0.24511186 -0.04772680 1.00000000 1.00000000 1.00000000
v 0.24618974 -0.06955818 -0.04921363 1.00000000 1.00000000 1.00000000
v 0.16326899 -0.05447015 -0.04921363 1.00000000 1.00000000 1.00000000
v 0.14765328 -0.22993114 -0.04921363 1.00000000 1.00000000 1.00000000
v -0.20182963 0.27052449 -0.03343156 1.00000000 1.00000000 1.00000000
v 0.19447268 -0.29325493 -0.04921363 1.00000000 1.00000000 1.00000000
v 0.05788003 -0.19899265 -0.04921363 1.00000000 1.00000000 1.00000000
v -0.27454640 0.14925035 -0.04885510 1.00000000 1.00000000 1.00000000
v 0.21457560 -0.09408738 -0.04921363 1.00000000 1.00000000 1.00000000
v 0.05529750 -0.21149993 -0.04921363 1.00000000 1.00000000 1.00000000
v -0.19083197 -0.02277606 -0.04921363 1.00000000 1.00000000 1.00000000
v -0.07841859 -0.13119236 -0.04921363 1.00000000 1.00000000 1.00000000
v 0.13936404 -0.08688405 -0.04921363 1.00000000 1.00000000 1.00000000
v 0.17129707 -0.08727758 -0.04921363 1.00000000 1.00000000 1.00000000
v -0.09001878 0.14013285 -0.04921363 1.00000000 1.00000000 1.00000000
v -0.22027599 -0.02388571 -0.04921363 1.00000000 1.00000000 1.00000000
v -0.05461132 0.21224065 -0.04921363 1.00000000 1.00000000 1.00000000
v -0.03805212 0.17447523 -0.04921363 1.00000000 1.00000000 1.00000000
v 0.25025376 0.08424477 -0.04921363 1.00000000 1.00000000 1.00000000
v -0.07665271 -0.22537449 -0.04921363 1.00000000 1.00000000 1.00000000
v -0.30708312 -0.00643825 -0.02896259 1.00000000 1.00000000 1.00000000
v -0.16651157 0.20291694 -0.04921363 1.00000000 1.00000000 1.00000000
v 0.14982208 -0.09352838 -0.04921363 1.00000000 1.00000000 1.00000000
v -0.15455273 0.09092472 -0.04921363 1.00000000 1.00000000 1.00000000
v -0.12110372 -0.28497774 -0.04921363 1.00000000 1.00000000 1.00000000
v 0.05624034 -0.29830277 -0.04921363 1.00000000 1.00000000 1.00000000
v 0.26743037 0.04023841 -0.04920758 1.00000000 1.00000000 1.00000000
v -0.06762256 -0.11963112 -0.04921363 1.00000000 1.00000000 1.00000000
v -0.20556092 0.25797807 -0.04290533 1.00000000 1.00000000 1.00000000
v 0.20282755 -0.11440857 -0.04921363 1.00000000 1.00000000 1.00000000
v 0.08816639 -0.14527989 -0.04921363 1.00000000 1.00000000 1.00000000
v -0.21601807 0.19833144 -0.04921363 1.00000000 1.00000000 1.00000000
v 0.29830738 -0.26452494 -0.03483808 1.00000000 1.00000000 1.00000000
v 0.10585955 -0.04928380 -0.04921363 1.00000000 1.00000000 1.00000000
v -0.30860177 0.21933487 -0.04921363 1.00000000 1.00000000 1.00000000
v -0.05994714 0.11557021 -0.04921363 1.00000000 1.00000000 1.00000000
v 0.05311600 -0.16419352 -0.04921363 1.00000000 1.00000000 1.00000000
v -0.02605675 0.10969620 -0.04921363 1.00000000 1.00000000 1.00000000
v -0.15983709 0.14458744 -0.04921363 1.00000000 1.00000000 1.00000000
v -0.11668662 -0.03617592 -0.04921363 1.00000000 1.00000000 1.00000000
v 0.14033221 -0.04528651 -0.04921363 1.00000000 1.00000000 1.00000000
v -0.18033842 0.25526452 -0.04458833 1.00000000 1.00000000 1.00000000
v -0.02387707 0.18116868 -0.04921363 1.00000000 1.00000000 1.00000000
v -0.28182543 -0.15100929 -0.04608092 1.00000000 1.00000000 1.00000000
v 0.25093384 0.11212419 -0.04921363 1.00000000 1.00000000 1.00000000
v 0.23505383 -0.26597365 -0.04921363 1.00000000 1.00000000 1.00000000
v 0.28836627 -0.02963710 -0.04403265 1.00000000 1.00000000 1.00000000
v -0.21720872 -0.08481124 -0.04921363 1.00000000 1.00000000 1.00000000
v 0.24437963 -0.28068879 -0.04921363 1.00000000 1.00000000 1.00000000
v 0.22922632 -0.28554775 -0.04921363 1.00000000 1.00000000 1.00000000
v -0.25683269 0.14953050 -0.04921363 1.00000000 1.00000000 1.00000000
v 0.29472851 -0.10740550 -0.03962646 1.00000000 1.00000000 1.00000000
v 0.16449163 -0.01865023 -0.04921363 1.00000000 1.00000000 1.00000000
v 0.17600088 0.26785507 -0.03656317 1.00000000 1.00000000 1.00000000
v -0.00363533 0.18857234 -0.04921363 1.00000000 1.00000000 1.00000000
v -0.01595826 0.20734230 -0.05036046 1.00000000 1.00000000 1.00000000
v -0.05121171 0.19334210 -0.04921363 1.00000000 1.00000000 1.00000000
v -0.18323184 -0.15423206 -0.04921363 1.00000000 1.00000000 1.00000000
v -0.09047965 -0.30778191 -0.04921363 1.00000000 1.00000000 1.00000000
v -0.17828389 -0.03157212 -0.04921363 1.00000000 1.00000000 1.00000000
v 0.00073617 -0.04888391 -0.04921363 1.00000000 1.00000000 1.00000000
v -0.18703905 0.07669874 -0.04921363 1.00000000 1.00000000 1.00000000
v -0.18514174 0.15221721 -0.04921363 1.00000000 1.00000000 1.00000000
v -0.06356235 0.06285905 -0.04921363 1.00000000 1.00000000 1.00000000
v 0.12859577 -0.23868963 -0.04921363 1.00000000 1.00000000 1.00000000
v -0.02147819 -0.13904912 -0.04921363 1.00000000 1.00000000 1.00000000
v -0.28918484 0.05760669 -0.04422019 1.00000000 1.00000000 1.00000000
v -0.16794321 0.09018223 -0.04921363 1.00000000 1.00000000 1.00000000
v 0.16705055 -0.31187741 -0.04921363 1.00000000 1.00000000 1.00000000
v 0.19098928 -0.18663143 -0.04921363 1.00000000 1.00000000 1.00000000
v 0.12150260 0.11051976 -0.04921363 1.00000000 1.00000000 1.00000000
v -0.05182073 -0.30898665 -0.04921363 1.00000000 1.00000000 1.00000000
v 0.08853347 -0.07346482 -0.04921363 1.00000000 1.00000000 1.00000000
v 0.05565783 0.04265092 -0.04921363 1.00000000 1.00000000 1.00000000
v 0.07376719 -0.29815573 -0.04921363 1.00000000 1.00000000 1.00000000
v -0.02515600 0.03881799 -0.04921363 1.00000000 1.00000000 1.00000000
v 0.16548626 0.17606393 -0.04921363 1.00000000 1.00000000 1.00000000
v -0.11714985 -0.16759342 -0.04921363 1.00000000 1.00000000 1.00000000
v -0.14225323 -0.00673188 -0.04921363 1.00000000 1.00000000 1.00000000
v -0.23501263 0.27568936 -0.02476658 1.00000000 1.00000000 1.00000000
v 0.31203629 -0.08810950 -0.01830754 1.00000000 1.00000000 1.00000000
v -0.28774157 -0.28126298 -0.04253377 1.00000000 1.00000000 1.00000000
v -0.10140814 0.20112287 -0.04921363 1.00000000 1.00000000 1.00000000
v 0.13972491 0.02058015 -0.04921363 1.00000000 1.00000000 1.00000000
v -0.23209943 -0.12808851 -0.04921363 1.00000000 1.00000000 1.00000000
v 0.29138355 -0.00338327 -0.04265408 1.00000000 1.00000000 1.00000000
v -0.08226390 0.10483918 -0.04921363 1.00000000 1.00000000 1.00000000
v -0.19739341 0.06635176 -0.04921363 1.00000000 1.00000000 1.00000000
v -0.15083697 0.11361262 -0.04921363 1.00000000 1.00000000 1.00000000
v -0.05213286 0.20320552 -0.04921363 1.00000000 1.00000000 1.00000000
v 0.21489448 0.11293055 -0.04921363 1.00000000 1.00000000 1.00000000
v -0.24350279 -0.31488665 -0.04921363 1.00000000 1.00000000 1.00000000
v 0.26778824 0.24389175 -0.04720555 1.00000000 1.00000000 1.00000000
v -0.14462099 0.16542117 -0.04921363 1.00000000 1.00000000 1.00000000
v -0.14914269 -0.15874102 -0.04921363 1.00000000 1.00000000 1.00000000
v 0.02949643 -0.26800628 -0.04921363 1.00000000 1.00000000 1.00000000
v -0.10430599 -0.02473306 -0.04921363 1.00000000 1.00000000 1.00000000
v 0.28523113 0.02871144 -0.04574038 1.00000000 1.00000000 1.00000000
v -0.17726248 0.11861782 -0.04921363 1.00000000 1.00000000 1.00000000
v 0.30251788 -0.21107275 -0.03112798 1.00000000 1.00000000 1.00000000
v -0.08736636 -0.26760210 -0.04921363 1.00000000 1.00000000 1.00000000
v -0.06541353 -0.04283237 -0.04921363 1.00000000 1.00000000 1.00000000
v -0.30572791 -0.10428449 -0.02895887 1.00000000 1.00000000 1.00000000
v 0.23960294 0.11029404 -0.04921363 1.00000000 1.00000000 1.00000000
v -0.26670050 -0.06739309 -0.04919042 1.00000000 1.00000000 1.00000000
v -0.03967906 0.14462018 -0.04921363 1.00000000 1.00000000 1.00000000
v -0.01160247 -0.02699101 -0.04921363 1.00000000 1.00000000 1.00000000
v -0.15677090 -0.25277349 -0.04921363 1.00000000 1.00000000 1.00000000
v 0.18945924 0.15763855 -0.04921363 1.00000000 1.00000000 1.00000000
v 0.20067678 -0.12554551 -0.04921363 1.00000000 1.00000000 1.00000000
v 0.31059171 -0.24513228 -0.01642160 1.00000000 1.00000000 1.00000000
v -0.30580816 -0.15784430 -0.02783024 1.00000000 1.00000000 1.00000000
v 0.27089638 -0.13425369 -0.04878623 1.00000000 1.00000000 1.00000000
v 0.00232771 0.17733787 -0.04921363 1.00000000 1.00000000 1.00000000
v 0.11444195 0.17065176 -0.04921363 1.00000000 1.00000000 1.00000000
v 0.16023481 -0.00685846 -0.04921363 1.00000000 1.00000000 1.00000000
v -0.11269141 -0.27223010 -0.04921363 1.00000000 1.00000000 1.00000000
v 0.05764522 0.01847962 -0.04921363 1.00000000 1.00000000 1.00000000
v 0.09362167 0.01878355 -0.04921363 1.00000000 1.00000000 1.00000000
v 0.29648657 -0.17065813 -0.03761365 1.00000000 1.00000000 1.00000000
v -0.17033765 -0.02322373 -0.04921363 1.00000000 1.00000000 1.00000000
v -0.24391755 0.12790047 -0.04921363 1.00000000 1.00000000 1.00000000
v -0.02988780 0.21518973 -0.05049223 1.00000000 1.00000000 1.00000000
v 0.16289682 0.25267791 -0.04575669 1.00000000 1.00000000 1.00000000
v -0.30718935 0.26275085 -0.03405477 1.00000000 1.00000000 1.00000000
v -0.12705655 0.04531440 -0.04921363 1.00000000 1.00000000 1.00000000
v -0.22680639 -0.19185829 -0.04921363 1.00000000 1.00000000 1.00000000
v -0.13622418 0.06623053 -0.04921363 1.00000000 1.00000000 1.00000000
v -0.09517908 0.00899687 -0.04921363 1.00000000 1.00000000 1.00000000
v 0.15022667 0.20019765 -0.04921363 1.00000000 1.00000000 1.00000000
v 0.18056511 -0.12670449 -0.04921363 1.00000000 1.00000000 1.00000000
v 0.26303523 0.26499128 -0.03564418 1.00000000 1.00000000 1.00000000
v 0.11006435 0.18521953 -0.04921363 1.00000000 1.00000000 1.00000000
v 0.22883917 0.21759141 -0.04921363 1.00000000 1.00000000 1.00000000
v 0.30055669 -0.11761402 -0.03463371 1.00000000 1.00000000 1.00000000
v 0.17500809 -0.18143145 -0.04921363 1.00000000 1.00000000 1.00000000
v 0.23235303 -0.17801962 -0.04921363 1.00000000 1.00000000 1.00000000
v -0.08165543 -0.11479230 -0.04921363 1.00000000 1.00000000 1.00000000
v 0.10193357 -0.14660265 -0.04921363 1.00000000 1.00000000 1.00000000
v 0.13561680 0.26370571 -0.03983074 1.00000000 1.00000000 1.00000000
v 0.07103437 -0.11944053 -0.04921363 1.00000000 1.00000000 1.00000000
v -0.09835997 -0.17128255 -0.04921363 1.00000000 1.00000000 1.00000000
v 0.07338604 0.08901821 -0.04921363 1.00000000 1.00000000 1.00000000
v 0.28395165 0.08664151 -0.04649062 1.00000000 1.00000000 1.00000000
v -0.24634590 0.26507026 -0.03660009 1.00000000 1.00000000 1.00000000
v 0.00978932 -0.00844173 -0.04921363 1.00000000 1.00000000 1.00000000
v -0.22255539 -0.04831535 -0.04921363 1.00000000 1.00000000 1.00000000
v 0.06830892 -0.27267721 -0.04921363 1.00000000 1.00000000 1.00000000
v 0.10676342 -0.12271000 -0.04921363 1.00000000 1.00000000 1.00000000
v 0.23269640 0.20541163 -0.04921363 1.00000000 1.00000000 1.00000000
v -0.06552885 0.04251361 -0.04921363 1.00000000 1.00000000 1.00000000
v -0.03415573 -0.30013840 -0.04921363 1.00000000 1.00000000 1.00000000
v -0.13253096 0.25994045 -0.04221503 1.00000000 1.00000000 1.00000000
v 0.17869106 -0.29632620 -0.04921363 1.00000000 1.00000000 1.00000000
v 0.07722549 0.20388036 -0.04921363 1.00000000 1.00000000 1.00000000
v -0.04068427 -0.02636894 -0.04921363 1.00000000 1.00000000 1.00000000
v -0.03934065 0.20541693 -0.04921363 1.00000000 1.00000000 1.00000000
v 0.15172701 -0.06836691 -0.04921363 1.00000000 1.00000000 1.00000000
v 0.16189561 -0.19460709 -0.04921363 1.00000000 1.00000000 1.00000000
v -0.05940544 0.14701139 -0.04921363 1.00000000 1.00000000 1.00000000
v -0.12446106 -0.05846668 -0.04921363 1.00000000 1.00000000 1.00000000
v 0.06066845 0.03217033 -0.04921363 1.00000000 1.00000000 1.00000000
v 0.03286291 0.03257986 -0.04921363 1.00000000 1.00000000 1.00000000
v 0.11785405 -0.00815794 -0.04921363 1.00000000 1.00000000 1.00000000
v 0.20440673 0.22835768 -0.04921363 1.00000000 1.00000000 1.00000000
v 0.23855751 0.08762264 -0.04921363 1.00000000 1.00000000 1.00000000
v 0.22620346 -0.24874704 -0.04921363 1.00000000 1.00000000 1.00000000
v -0.01706322 0.19256941 -0.04921363 1.00000000 1.00000000 1.00000000
v 0.13713622 -0.29712468 -0.04921363 1.00000000 1.00000000 1.00000000
v -0.10281652 -0.12737485 -0.04921363 1.00000000 1.00000000 1.00000000
v 0.02940541 0.06109708 -0.04921363 1.00000000 1.00000000 1.00000000
v -0.22797933 0.20577821 -0.04921363 1.00000000 1.00000000 1.00000000
v 0.09602890 0.06552800 -0.04921363 1.00000000 1.00000000 1.00000000
v 0.12449271 0.18361854 -0.04921363 1.00000000 1.00000000 1.00000000
v -0.13547379 -0.27370617 -0.04921363 1.00000000 1.00000000 1.00000000
v 0.22005272 -0.21986827 -0.04921363 1.00000000 1.00000000 1.00000000
v 0.18340846 -0.03652107 -0.04921363 1.00000000 1.00000000 1.00000000
v -0.15849200 0.08064268 -0.04921363 1.00000000 1.00000000 1.00000000
v -0.05648662 -0.11275597 -0.04921363 1.00000000 1.00000000 1.00000000
v 0.31503536 0.14740789 -0.02201704 1.00000000 1.00000000 1.00000000
v -0.14780730 0.28246944 -0.01473129 1.00000000 1.00000000 1.00000000
v -0.10278585 0.12344033 -0.04921363 1.00000000 1.00000000 1.00000000
v -0.25468064 0.10062923 -0.04921363 1.00000000 1.00000000 1.00000000
v -0.00480868 -0.19496292 -0.04921363 1.00000000 1.00000000 1.00000000
v -0.29271252 0.26412368 -0.03409644 1.00000000 1.00000000 1.00000000
v 0.11247220 -0.19055579 -0.04921363 1.00000000 1.00000000 1.00000000
v -0.01299167 0.17725838 -0.04921363 1.00000000 1.00000000 1.00000000
v 0.21651468 0.09407047 -0.04921363 1.00000000 1.00000000 1.00000000
v 0.03405597 0.13957197 -0.04921363 1.00000000 1.00000000 1.00000000
v -0.24753957 0.08880306 -0.04921363 1.00000000 1.00000000 1.00000000
v 0.05332219 0.23200402 -0.04915719 1.00000000 1.00000000 1.00000000
v 0.09813349 -0.25457694 -0.04921363 1.00000000 1.00000000 1.00000000
v 0.01780745 -0.22000833 -0.04921363 1.00000000 1.00000000 1.00000000
v -0.22390694 0.02490424 -0.04921363 1.00000000 1.00000000 1.00000000
v -0.02730129 -0.23116294 -0.04921363 1.00000000 1.00000000 1.00000000
v -0.30657919 -0.25955183 -0.02446463 1.00000000 1.00000000 1.00000000
v -0.17011289 -0.12772620 -0.04921363 1.00000000 1.00000000 1.00000000
v 0.29834907 0.01155891 -0.03814875 1.00000000 1.00000000 1.00000000
v -0.11272403 -0.05026476 -0.04921363 1.00000000 1.00000000 1.00000000
v -0.19262085 0.10247783 -0.04921363 1.00000000 1.00000000 1.00000000
v 0.09124940 0.26390843 -0.03871504 1.00000000 1.00000000 1.00000000
v -0.31406598 -0.03377972 -0.01485952 1.00000000 1.00000000 1.00000000
v 0.06290537 -0.22236665 -0.04921363 1.00000000 1.00000000 1.00000000
v -0.18265223 0.09041863 -0.04921363 1.00000000 1.00000000 1.00000000
v 0.15192122 -0.29585452 -0.04921363 1.00000000 1.00000000 1.00000000
v 0.12093407 -0.22028650 -0.04921363 1.00000000 1.00000000 1.00000000
v -0.02649499 0.17067420 -0.04921363 1.00000000 1.00000000 1.00000000
v -0.12525618 0.11617475 -0.04921363 1.00000000 1.00000000 1.00000000
v 0.13795430 -0.25429372 -0.04921363 1.00000000 1.00000000 1.00000000
v 0.05358111 0.22254315 -0.04921363 1.00000000 1.00000000 1.00000000
v -0.21969797 -0.30196802 -0.04921363 1.00000000 1.00000000 1.00000000
v -0.18030060 -0.01554030 -0.04921363 1.00000000 1.00000000 1.00000000
v -0.11763369 0.23211705 -0.04921363 1.00000000 1.00000000 1.00000000
v -0.29718694 -0.14765034 -0.03729926 1.00000000 1.00000000 1.00000000
v -0.24469366 -0.16029703 -0.04921363 1.00000000 1.00000000 1.00000000
v 0.29364501 -0.07490067 -0.04067888 1.00000000 1.00000000 1.00000000
v -0.20856113 -0.16323631 -0.04921363 1.00000000 1.00000000 1.00000000
v 0.09553290 0.27531589 -0.01867845 1.00000000 1.00000000 1.00000000
v -0.26040561 0.11382997 -0.04921363 1.00000000 1.00000000 1.00000000
v -0.29735647 -0.11414461 -0.03754361 1.00000000 1.00000000 1.00000000
v -0.23071030 0.11098913 -0.04921363 1.00000000 1.00000000 1.00000000
v -0.14080897 -0.20778954 -0.04921363 1.00000000 1.00000000 1.00000000
v 0.14851290 -0.17664823 -0.04921363 1.00000000 1.00000000 1.00000000
v -0.04971336 -0.28097726 -0.04921363 1.00000000 1.00000000 1.00000000
v -0.14129538 0.02075006 -0.04921363 1.00000000 1.00000000 1.00000000
v 0.14221851 -0.14962774 -0.04921363 1.00000000 1.00000000 1.00000000
v -0.18738912 0.19211154 -0.04921363 1.00000000 1.00000000 1.00000000
v -0.01394939 0.06584326 -0.04921363 1.00000000 1.00000000 1.00000000
v 0.14498047 0.21832358 -0.04921363 1.00000000 1.00000000 1.00000000
v 0.22273309 0.04430515 -0.04921363 1.00000000 1.00000000 1.00000000
v -0.14904335 -0.19234799 -0.04921363 1.00000000 1.00000000 1.00000000
v 0.17740660 0.10342045 -0.04921363 1.00000000 1.00000000 1.00000000
v 0.05964858 0.24586089 -0.04631019 1.00000000 1.00000000 1.00000000
v -0.10622180 -0.15645480 -0.04921363 1.00000000 1.00000000 1.00000000
v -0.00318792 0.03118754 -0.04921363 1.00000000 1.00000000 1.00000000
v -0.26256037 -0.22895519 -0.04921363 1.00000000 1.00000000 1.00000000
v 0.09815648 -0.03942415 -0.04921363 1.00000000 1.00000000 1.00000000
v -0.24234877 -0.28058595 -0.04921363 1.00000000 1.00000000 1.00000000
v -0.30448138 -0.17246217 -0.02935420 1.00000000 1.00000000 1.00000000
v 0.10616912 0.27083998 -0.03300616 1.00000000 1.00000000 1.00000000
v -0.17436478 0.19229260 -0.04921363 1.00000000 1.00000000 1.00000000
v -0.13399091 -0.10810522 -0.04921363 1.00000000 1.00000000 1.00000000
v 0.18284426 -0.05856131 -0.04921363 1.00000000 1.00000000 1.00000000
v 0.30173997 -0.28221102 -0.03087804 1.00000000 1.00000000 1.00000000
v -0.00093510 -0.17269953 -0.04921363 1.00000000 1.00000000 1.00000000
v 0.16450623 0.20133758 -0.04921363 1.00000000 1.00000000 1.00000000
v -0.30973479 0.11835222 -0.02769806 1.00000000 1.00000000 1.00000000
v -0.06454896 -0.27990584 -0.04921363 1.00000000 1.00000000 1.00000000
v 0.08949759 0.08288463 -0.04921363 1.00000000 1.00000000 1.00000000
v -0.24470517 0.18894092 -0.04921363 1.00000000 1.00000000 1.00000000
v -0.09829907 0.18626062 -0.04921363 1.00000000 1.00000000 1.00000000
v -0.05952002 0.02154991 -0.04921363 1.00000000 1.00000000 1.00000000
v -0.21194921 -0.13986480 -0.04921363 1.00000000 1.00000000 1.00000000
v -0.29510418 -0.05447371 -0.03988009 1.00000000 1.00000000 1.00000000
v 0.10299247 -0.20064076 -0.04921363 1.00000000 1.00000000 1.00000000
v -0.06615440 -0.21862228 -0.04921363 1.00000000 1.00000000 1.00000000
v 0.23976055 0.25158804 -0.04518803 1.00000000 1.00000000 1.00000000
v -0.23822556 0.07665865 -0.04921363 1.00000000 1.00000000 1.00000000
v -0.09872813 -0.05870288 -0.04921363 1.00000000 1.00000000 1.00000000
v 0.17265630 0.23563253 -0.04918447 1.00000000 1.00000000 1.00000000
v -0.03271051 -0.19652523 -0.04921363 1.00000000 1.00000000 1.00000000
v 0.27733642 -0.18154856 -0.04737049 1.00000000 1.00000000 1.00000000
v 0.12226824 0.26909691 -0.03522810 1.00000000 1.00000000 1.00000000
v 0.25577879 -0.14368068 -0.04921363 1.00000000 1.00000000 1.00000000
v -0.26556894 -0.04008011 -0.04921360 1.00000000 1.00000000 1.00000000
v -0.30275841 0.05088714 -0.03476702 1.00000000 1.00000000 1.00000000
v 0.16796358 -0.04252442 -0.04921363 1.00000000 1.00000000 1.00000000
v -0.24806792 0.16048252 -0.04921363 1.00000000 1.00000000 1.00000000
v 0.03809180 -0.09155581 -0.04921363 1.00000000 1.00000000 1.00000000
v -0.15288740 0.15449215 -0.04921363 1.00000000 1.00000000 1.00000000
v 0.14269155 -0.20175286 -0.04921363 1.00000000 1.00000000 1.00000000
v -0.06225714 0.08787791 -0.04921363 1.00000000 1.00000000 1.00000000
v -0.19439327 -0.16341185 -0.04921363 1.00000000 1.00000000 1.00000000
v 0.08300224 0.02484368 -0.04921363 1.00000000 1.00000000 1.00000000
v -0.28389229 0.20125723 -0.04921363 1.00000000 1.00000000 1.00000000
v 0.17324621 0.07426159 -0.04921363 1.00000000 1.00000000 1.00000000
v 0.12479958 -0.25083130 -0.04921363 1.00000000 1.00000000 1.00000000
v 0.10964258 0.14672870 -0.04921363 1.00000000 1.00000000 1.00000000
v 0.25733549 0.05681444 -0.04921363 1.00000000 1.00000000 1.00000000
v -0.17437830 -0.20021187 -0.04921363 1.00000000 1.00000000 1.00000000
v 0.29895860 -0.15414175 -0.03566860 1.00000000 1.00000000 1.00000000
v 0.14679367 0.06555357 -0.04921363 1.00000000 1.00000000 1.00000000
v -0.30714646 0.06236303 -0.03011271 1.00000000 1.00000000 1.00000000
v -0.17558720 0.15826324 -0.04921363 1.00000000 1.00000000 1.00000000
v -0.19404213 0.02838351 -0.04921363 1.00000000 1.00000000 1.00000000
v -0.05984836 -0.29696610 -0.04921363 1.00000000 1.00000000 1.00000000
v 0.08117162 -0.21575519 -0.04921363 1.00000000 1.00000000 1.00000000
v -0.30784014 -0.30921484 -0.02082545 1.00000000 1.00000000 1.00000000
v -0.18783380 0.12818794 -0.04921363 1.00000000 1.00000000 1.00000000
v -0.05375153 0.10166702 -0.04921363 1.00000000 1.00000000 1.00000000
v 0.24644530 0.03356577 -0.04921363 1.00000000 1.00000000 1.00000000
v 0.00484533 0.03881739 -0.04921363 1.00000000 1.00000000 1.00000000
v -0.00461322 0.16701287 -0.04921363 1.00000000 1.00000000 1.00000000
v -0.04522701 -0.06941252 -0.04921363 1.00000000 1.00000000 1.00000000
v -0.08462852 -0.06865027 -0.04921363 1.00000000 1.00000000 1.00000000
v 0.06130922 -0.13261512 -0.04921363 1.00000000 1.00000000 1.00000000
v 0.18845942 -0.20410113 -0.04921363 1.00000000 1.00000000 1.00000000
v -0.09797753 -0.27639089 -0.04921363 1.00000000 1.00000000 1.00000000
v -0.23009900 -0.21427948 -0.04921363 1.00000000 1.00000000 1.00000000
v 0.02095112 -0.01632341 -0.04921363 1.00000000 1.00000000 1.00000000
v 0.27309264 -0.29663475 -0.04801844 1.00000000 1.00000000 1.00000000
v 0.06229119 -0.24249995 -0.04921363 1.00000000 1.00000000 1.00000000
v -0.10673871 -0.23430817 -0.04921363 1.00000000 1.00000000 1.00000000
v -0.06599260 -0.13534009 -0.04921363 1.00000000 1.00000000 1.00000000
v -0.23366079 0.25762925 -0.04239400 1.00000000 1.00000000 1.00000000
v 0.29370949 0.18614011 -0.04919340 1.00000000 1.00000000 1.00000000
v -0.05137973 0.08877629 -0.04921363 1.00000000 1.00000000 1.00000000
v -0.24534684 0.11372577 -0.04921363 1.00000000 1.00000000 1.00000000
v 0.15855416 -0.03092224 -0.04921363 1.00000000 1.00000000 1.00000000
v 0.07824052 -0.31066550 -0.04921363 1.00000000 1.00000000 1.00000000
v -0.05193337 -0.03587477 -0.04921363 1.00000000 1.00000000 1.00000000
v -0.09339649 0.04965099 -0.04921363 1.00000000 1.00000000 1.00000000
v 0.06923022 0.15498177 -0.04921363 1.00000000 1.00000000 1.00000000
v 0.02614577 0.09867058 -0.04921363 1.00000000 1.00000000 1.00000000
v -0.06139828 0.18754043 -0.04921363 1.00000000 1.00000000 1.00000000
v 0.30652578 0.14614246 -0.03245408 1.00000000 1.00000000 1.00000000
v -0.07522538 0.26637194 -0.02626702 1.00000000 1.00000000 1.00000000
v -0.25378537 0.07840990 -0.04921363 1.00000000 1.00000000 1.00000000
v -0.14718104 -0.24404041 -0.04921363 1.00000000 1.00000000 1.00000000
v -0.25433162 -0.09090487 -0.04921363 1.00000000 1.00000000 1.00000000
v -0.19940322 -0.18787490 -0.04921363 1.00000000 1.00000000 1.00000000
v -0.05420005 0.24554290 -0.04672741 1.00000000 1.00000000 1.00000000
v 0.31290749 0.06722942 -0.02114853 1.00000000 1.00000000 1.00000000
v 0.23211510 0.03442070 -0.04921363 1.00000000 1.00000000 1.00000000
v -0.16673267 -0.17907418 -0.04921363 1.00000000 1.00000000 1.00000000
v 0.24803239 -0.11068495 -0.04921363 1.00000000 1.00000000 1.00000000
v -0.25929668 0.26891463 -0.03192512 1.00000000 1.00000000 1.00000000
v -0.08682321 0.19642969 -0.04921363 1.00000000 1.00000000 1.00000000
v 0.19111820 -0.10441968 -0.04921363 1.00000000 1.00000000 1.00000000
v -0.11954205 0.16539908 -0.04921363 1.00000000 1.00000000 1.00000000
v 0.04240632 -0.19068857 -0.04921363 1.00000000 1.00000000 1.00000000
v -0.02784735 -0.25909301 -0.04921363 1.00000000 1.00000000 1.00000000
v 0.17002937 -0.27150525 -0.04921363 1.00000000 1.00000000 1.00000000
v -0.16285917 -0.08979065 -0.04921363 1.00000000 1.00000000 1.00000000
v 0.14714856 0.11850235 -0.04921363 1.00000000 1.00000000 1.00000000
v 0.02034038 0.17769919 -0.04921363 1.00000000 1.00000000 1.00000000
v 0.19451033 0.11441372 -0.04921363 1.00000000 1.00000000 1.00000000
v 0.09939869 -0.08511289 -0.04921363 1.00000000 1.00000000 1.00000000
v 0.12669458 0.02310890 -0.04921363 1.00000000 1.00000000 1.00000000
v 0.24604260 0.23382376 -0.04913984 1.00000000 1.00000000 1.00000000
v -0.20543306 -0.02328261 -0.04921363 1.00000000 1.00000000 1.00000000
v 0.12107191 0.19809189 -0.04921363 1.00000000 1.00000000 1.00000000
v -0.09835544 -0.18698036 -0.04921363 1.00000000 1.00000000 1.00000000
v -0.20736602 -0.17659574 -0.04921363 1.00000000 1.00000000 1.00000000
v 0.22480313 -0.16844495 -0.04921363 1.00000000 1.00000000 1.00000000
v -0.24093577 -0.20826777 -0.04921363 1.00000000 1.00000000 1.00000000
v -0.26408874 -0.29867344 -0.04916921 1.00000000 1.00000000 1.00000000
v -0.13023246 0.07951472 -0.04921363 1.00000000 1.00000000 1.00000000
v -0.25932753 -0.21448076 -0.04921363 1.00000000 1.00000000 1.00000000
v 0.11952854 -0.12119986 -0.04921363 1.00000000 1.00000000 1.00000000
v -0.03443799 -0.09543103 -0.04921363 1.00000000 1.00000000 1.00000000
v 0.00843086 0.16535709 -0.04921363 1.00000000 1.00000000 1.00000000
v 0.05610011 0.05461063 -0.04921363 1.00000000 1.00000000 1.00000000
v -0.08486875 0.02355234 -0.04921363 1.00000000 1.00000000 1.00000000
v 0.20747636 0.12274509 -0.04921363 1.00000000 1.00000000 1.00000000
v -0.27217753 0.22684545 -0.04921363 1.00000000 1.00000000 1.00000000
v -0.31026954 -0.28794111 -0.01565782 1.00000000 1.00000000 1.00000000
v 0.17284266 -0.11809985 -0.04921363 1.00000000 1.00000000 1.00000000
v -0.03428654 -0.06407422 -0.04921363 1.00000000 1.00000000 1.00000000
v 0.30716215 -0.06758445 -0.02768670 1.00000000 1.00000000 1.00000000
v -0.12357045 -0.26237618 -0.04921363 1.00000000 1.00000000 1.00000000
v 0.31472995 0.03668352 -0.01578725 1.00000000 1.00000000 1.00000000
v -0.05564729 0.07478841 -0.04921363 1.00000000 1.00000000 1.00000000
v -0.03571148 -0.28717319 -0.04921363 1.00000000 1.00000000 1.00000000
v -0.28459084 -0.06277637 -0.04549369 1.00000000 1.00000000 1.00000000
v -0.22187445 0.26162032 -0.04027561 1.00000000 1.00000000 1.00000000
v -0.12998554 -0.24854240 -0.04921363 1.00000000 1.00000000 1.00000000
v -0.25301119 -0.27264221 -0.04921363 1.00000000 1.00000000 1.00000000
v 0.09907353 -0.18514761 -0.04921363 1.00000000 1.00000000 1.00000000
v -0.06598151 0.22928992 -0.04921363 1.00000000 1.00000000 1.00000000
v 0.26167877 -0.28040335 -0.04921363 1.00000000 1.00000000 1.00000000
v -0.25081221 -0.07032655 -0.04921363 1.00000000 1.00000000 1.00000000
v -0.16785947 -0.15433393 -0.04921363 1.00000000 1.00000000 1.00000000
v 0.12365894 0.22851003 -0.04921363 1.00000000 1.00000000 1.00000000
v -0.12185831 0.05998013 -0.04921363 1.00000000 1.00000000 1.00000000
v -0.27904442 -0.10760016 -0.04717962 1.00000000 1.00000000 1.00000000
v 0.28664959 -0.16015043 -0.04398675 1.00000000 1.00000000 1.00000000
v -0.21922406 -0.26441502 -0.04921363 1.00000000 1.00000000 1.00000000
v 0.23213710 -0.03681927 -0.04921363 1.00000000 1.00000000 1.00000000
v -0.07888393 0.22282842 -0.04921363 1.00000000 1.00000000 1.00000000
v -0.10444538 -0.20047024 -0.04921363 1.00000000 1.00000000 1.00000000
v 0.31390494 -0.09855245 -0.01237965 1.00000000 1.00000000 1.00000000
v -0.20550146 -0.29464506 -0.04921363 1.00000000 1.00000000 1.00000000
v 0.30131333 -0.03798049 -0.03497114 1.00000000 1.00000000 1.00000000
v -0.19113444 0.22712854 -0.04921363 1.00000000 1.00000000 1.00000000
v -0.11935387 0.21957243 -0.04921363 1.00000000 1.00000000 1.00000000
v -0.25366442 -0.17248963 -0.04921363 1.00000000 1.00000000 1.00000000
v 0.02008943 -0.10541076 -0.04921363 1.00000000 1.00000000 1.00000000
v -0.00027622 0.21266330 -0.05153426 1.00000000 1.00000000 1.00000000
v 0.13358750 -0.28239295 -0.04921363 1.00000000 1.00000000 1.00000000
v 0.22053263 0.17749060 -0.04921363 1.00000000 1.00000000 1.00000000
v 0.09840423 -0.07119197 -0.04921363 1.00000000 1.00000000 1.00000000
v -0.07181077 0.15314016 -0.04921363 1.00000000 1.00000000 1.00000000
v -0.15807177 0.28266916 -0.01416210 1.00000000 1.00000000 1.00000000
v -0.07217102 0.11263790 -0.04921363 1.00000000 1.00000000 1.00000000
v -0.20990422 0.06895200 -0.04921363 1.00000000 1.00000000 1.00000000
v 0.03330041 0.18757484 -0.04921363 1.00000000 1.00000000 1.00000000
v 0.31248706 -0.01677693 -0.01955997 1.00000000 1.00000000 1.00000000
v 0.19173540 -0.04578938 -0.04921363 1.00000000 1.00000000 1.00000000
v 0.21734334 -0.05789755 -0.04921363 1.00000000 1.00000000 1.00000000
v -0.22569013 0.16936941 -0.04921363 1.00000000 1.00000000 1.00000000
v 0.03944651 -0.30630712 -0.04921363 1.00000000 1.00000000 1.00000000
v -0.13502093 -0.08486415 -0.04921363 1.00000000 1.00000000 1.00000000
v -0.17068137 -0.28250192 -0.04921363 1.00000000 1.00000000 1.00000000
v 0.08308037 -0.16295812 -0.04921363 1.00000000 1.00000000 1.00000000
v -0.01503232 -0.22344927 -0.04921363 1.00000000 1.00000000 1.00000000
v 0.14635252 -0.28461933 -0.04921363 1.00000000 1.00000000 1.00000000
v 0.11538591 -0.25980090 -0.04921363 1.00000000 1.00000000 1.00000000
v -0.03866161 0.16125389 -0.04921363 1.00000000 1.00000000 1.00000000
v 0.04844694 -0.15223211 -0.04921363 1.00000000 1.00000000 1.00000000
v 0.30868038 -0.02847959 -0.02624518 1.00000000 1.00000000 1.00000000
v -0.17294893 0.07978652 -0.04921363 1.00000000 1.00000000 1.00000000
v 0.15147070 -0.24446749 -0.04921363 1.00000000 1.00000000 1.00000000
v -0.18230855 -0.25858856 -0.04921363 1.00000000 1.00000000 1.00000000
v -0.23015331 -0.09055064 -0.04921363 1.00000000 1.00000000 1.00000000
v -0.22221961 -0.24039432 -0.04921363 1.00000000 1.00000000 1.00000000
v 0.17783823 -0.30957076 -0.04921363 1.00000000 1.00000000 1.00000000
v -0.13606163 0.10721482 -0.04921363 1.00000000 1.00000000 1.00000000
v 0.30123100 0.03702289 -0.03601546 1.00000000 1.00000000 1.00000000
v -0.25370504 0.02538625 -0.04921363 1.00000000 1.00000000 1.00000000
v 0.13743610 0.10518529 -0.04921363 1.00000000 1.00000000 1.00000000
v -0.11402933 -0.24775284 -0.04921363 1.00000000 1.00000000 1.00000000
v 0.06779921 0.06462439 -0.04921363 1.00000000 1.00000000 1.00000000
v -0.16239905 0.00557146 -0.04921363 1.00000000 1.00000000 1.00000000
v -0.11200697 -0.18150499 -0.04921363 1.00000000 1.00000000 1.00000000
v -0.28204665 -0.00468370 -0.04670036 1.00000000 1.00000000 1.00000000
v -0.01649465 -0.16303445 -0.04921363 1.00000000 1.00000000 1.00000000
v -0.15264546 -0.31271518 -0.04921363 1.00000000 1.00000000 1.00000000
v -0.15714269 -0.11851869 -0.04921363 1.00000000 1.00000000 1.00000000
v 0.00030905 -0.03098106 -0.04921363 1.00000000 1.00000000 1.00000000
v -0.01184658 -0.18271970 -0.04921363 1.00000000 1.00000000 1.00000000
v 0.22034309 0.27232655 -0.03057294 1.00000000 1.00000000 1.00000000
v 0.11233404 -0.27255934 -0.04921363 1.00000000 1.00000000 1.00000000
v 0.25208121 0.27999642 -0.01214435 1.00000000 1.00000000 1.00000000
v -0.02115396 -0.19830597 -0.04921363 1.00000000 1.00000000 1.00000000
v -0.23442585 0.15669508 -0.04921363 1.00000000 1.00000000 1.00000000
v 0.09670030 -0.10939799 -0.04921363 1.00000000 1.00000000 1.00000000
v -0.25320933 -0.24415124 -0.04921363 1.00000000 1.00000000 1.00000000
v -0.01755303 -0.01500627 -0.04921363 1.00000000 1.00000000 1.00000000
v -0.30221327 0.13073580 -0.03630006 1.00000000 1.00000000 1.00000000
v -0.22736483 0.09769388 -0.04921363 1.00000000 1.00000000 1.00000000
v -0.02751292 0.20131386 -0.04921363 1.00000000 1.00000000 1.00000000
v 0.04431599 0.03919692 -0.04921363 1.00000000 1.00000000 1.00000000
v -0.10643961 -0.28984108 -0.04921363 1.00000000 1.00000000 1.00000000
v -0.11004712 0.17557755 -0.04921363 1.00000000 1.00000000 1.00000000
v -0.14707048 -0.06562195 -0.04921363 1.00000000 1.00000000 1.00000000
v -0.18580075 -0.00114820 -0.04921363 1.00000000 1.00000000 1.00000000
v 0.31319649 0.10433637 -0.02160230 1.00000000 1.00000000 1.00000000
v -0.25858646 -0.05596298 -0.04921363 1.00000000 1.00000000 1.00000000
v -0.24444787 0.20111214 -0.04921363 1.00000000 1.00000000 1.00000000
v -0.30856793 0.27348079 -0.01749258 1.00000000 1.00000000 1.00000000
v 0.04827225 -0.13733830 -0.04921363 1.00000000 1.00000000 1.00000000
v -0.07702060 0.03667914 -0.04921363 1.00000000 1.00000000 1.00000000
v -0.22987110 0.23735335 -0.04893982 1.00000000 1.00000000 1.00000000
v 0.08663342 -0.04385520 -0.04921363 1.00000000 1.00000000 1.00000000
v 0.22769769 0.08340201 -0.04921363 1.00000000 1.00000000 1.00000000
v -0.08823810 0.07805119 -0.04921363 1.00000000 1.00000000 1.00000000
v -0.26274393 -0.14953955 -0.04921363 1.00000000 1.00000000 1.00000000
v -0.01991563 -0.06691051 -0.04921363 1.00000000 1.00000000 1.00000000
v 0.03169049 -0.07939177 -0.04921363 1.00000000 1.00000000 1.00000000
v -0.11806653 0.13355306 -0.04921363 1.00000000 1.00000000 1.00000000
v 0.10017788 0.09347823 -0.04921363 1.00000000 1.00000000 1.00000000
v 0.16166622 -0.17977170 -0.04921363 1.00000000 1.00000000 1.00000000
v 0.09752816 0.15637664 -0.04921363 1.00000000 1.00000000 1.00000000
v -0.28285092 -0.12062233 -0.04585750 1.00000000 1.00000000 1.00000000
v 0.08415981 -0.18662797 -0.04921363 1.00000000 1.00000000 1.00000000
v -0.06072955 0.03364651 -0.04921363 1.00000000 1.00000000 1.00000000
v -0.15507450 -0.04198694 -0.04921363 1.00000000 1.00000000 1.00000000
v 0.15132695 0.18153265 -0.04921363 1.00000000 1.00000000 1.00000000
v 0.04210461 -0.07161717 -0.04921363 1.00000000 1.00000000 1.00000000
v -0.10441831 0.27506681 -0.02773986 1.00000000 1.00000000 1.00000000
v 0.14411757 -0.00776136 -0.04921363 1.00000000 1.00000000 1.00000000
v 0.13895350 0.23274117 -0.04921363 1.00000000 1.00000000 1.00000000
v 0.00403898 0.11786665 -0.04921363 1.00000000 1.00000000 1.00000000
v 0.01322916 -0.26543918 -0.04921363 1.00000000 1.00000000 1.00000000
v -0.23088335 -0.27435273 -0.04921363 1.00000000 1.00000000 1.00000000
v -0.19461677 -0.25068078 -0.04921363 1.00000000 1.00000000 1.00000000
v -0.22369848 -0.22738182 -0.04921363 1.00000000 1.00000000 1.00000000
v 0.30606332 0.09049117 -0.03187167 1.00000000 1.00000000 1.00000000
v 0.09395112 0.12403572 -0.04921363 1.00000000 1.00000000 1.00000000
v -0.31149695 0.09557925 -0.02448340 1.00000000 1.00000000 1.00000000
v 0.23778011 -0.31337695 -0.04921363 1.00000000 1.00000000 1.00000000
v 0.04513091 -0.21992379 -0.04921363 1.00000000 1.00000000 1.00000000
v -0.16746209 0.11023837 -0.04921363 1.00000000 1.00000000 1.00000000
v -0.18189431 0.10713167 -0.04921363 1.00000000 1.00000000 1.00000000
v -0.00093106 0.00196409 -0.04921363 1.00000000 1.00000000 1.00000000
v 0.29196861 0.21189619 -0.04921363 1.00000000 1.00000000 1.00000000
v -0.03920420 0.10618377 -0.04921363 1.00000000 1.00000000 1.00000000
v -0.16669268 -0.21190972 -0.04921363 1.00000000 1.00000000 1.00000000
v 0.30257652 -0.19777038 -0.03127675 1.00000000 1.00000000 1.00000000
v 0.12806903 -0.09484328 -0.04921363 1.00000000 1.00000000 1.00000000
v -0.19472478 -0.23094463 -0.04921363 1.00000000 1.00000000 1.00000000
v -0.07300602 0.12474668 -0.04921363 1.00000000 1.00000000 1.00000000
v -0.01223744 -0.25245173 -0.04921363 1.00000000 1.00000000 1.00000000
v 0.04317370 0.23599371 -0.05127873 1.00000000 1.00000000 1.00000000
v 0.16008886 0.18963009 -0.04921363 1.00000000 1.00000000 1.00000000
v 0.26742715 0.15020492 -0.04921363 1.00000000 1.00000000 1.00000000
v 0.14704990 -0.03565126 -0.04921363 1.00000000 1.00000000 1.00000000
v 0.13489355 -0.17949015 -0.04921363 1.00000000 1.00000000 1.00000000
v 0.20442514 0.16176346 -0.04921363 1.00000000 1.00000000 1.00000000
v 0.05462911 -0.09415921 -0.04921363 1.00000000 1.00000000 1.00000000
v 0.03923739 0.00055959 -0.04921363 1.00000000 1.00000000 1.00000000
v -0.20487807 -0.09580623 -0.04921363 1.00000000 1.00000000 1.00000000
v -0.06495178 0.20790390 -0.04921363 1.00000000 1.00000000 1.00000000
v -0.20004203 -0.14860653 -0.04921363 1.00000000 1.00000000 1.00000000
v 0.14766995 -0.27027494 -0.04921363 1.00000000 1.00000000 1.00000000
v 0.16132361 -0.06777250 -0.04921363 1.00000000 1.00000000 1.00000000
v -0.00283056 0.15370663 -0.04921363 1.00000000 1.00000000 1.00000000
v -0.25763675 0.21445655 -0.04921363 1.00000000 1.00000000 1.00000000
v -0.26592051 0.03730151 -0.04921363 1.00000000 1.00000000 1.00000000
v 0.10467558 0.11121861 -0.04921363 1.00000000 1.00000000 1.00000000
v 0.30018594 0.24377968 -0.04634227 1.00000000 1.00000000 1.00000000
v 0.11558415 -0.02376780 -0.04921363 1.00000000 1.00000000 1.00000000
v -0.29480667 -0.21784308 -0.03842903 1.00000000 1.00000000 1.00000000
v 0.03310247 0.04602860 -0.04921363 1.00000000 1.00000000 1.00000000
v -0.09851521 0.02225630 -0.04921363 1.00000000 1.00000000 1.00000000
v -0.08575662 0.26273484 -0.03265313 1.00000000 1.00000000 1.00000000
v -0.06712634 0.19801253 -0.04921363 1.00000000 1.00000000 1.00000000
v -0.06926477 0.21736694 -0.04921363 1.00000000 1.00000000 1.00000000
v 0.06218937 -0.28655910 -0.04921363 1.00000000 1.00000000 1.00000000
v -0.18853921 0.26915726 -0.03516665 1.00000000 1.00000000 1.00000000
v 0.29474055 -0.22191496 -0.03843647 1.00000000 1.00000000 1.00000000
v -0.06530439 0.24275457 -0.04514432 1.00000000 1.00000000 1.00000000
v 0.20933279 -0.10511268 -0.04921363 1.00000000 1.00000000 1.00000000
v -0.10839378 -0.30533273 -0.04921363 1.00000000 1.00000000 1.00000000
v 0.24776678 -0.30417818 -0.04921363 1.00000000 1.00000000 1.00000000
v -0.06804905 0.13967788 -0.04921363 1.00000000 1.00000000 1.00000000
v 0.13089064 0.16600424 -0.04921363 1.00000000 1.00000000 1.00000000
v -0.20483696 0.09819072 -0.04921363 1.00000000 1.00000000 1.00000000
v 0.09228415 -0.24259841 -0.04921363 1.00000000 1.00000000 1.00000000
v -0.21868485 -0.12564531 -0.04921363 1.00000000 1.00000000 1.00000000
v 0.17361466 0.18832872 -0.04921363 1.00000000 1.00000000 1.00000000
v -0.29041198 -0.08692296 -0.04254888 1.00000000 1.00000000 1.00000000
v -0.09864495 0.09690223 -0.04921363 1.00000000 1.00000000 1.00000000
v 0.26409493 -0.02206532 -0.04921363 1.00000000 1.00000000 1.00000000
v 0.20403961 -0.08321776 -0.04921363 1.00000000 1.00000000 1.00000000
v -0.21808987 -0.28497391 -0.04921363 1.00000000 1.00000000 1.00000000
v 0.31184579 0.01615070 -0.02185173 1.00000000 1.00000000 1.00000000
v -0.10220099 -0.21856008 -0.04921363 1.00000000 1.00000000 1.00000000
v -0.12190444 -0.02347410 -0.04921363 1.00000000 1.00000000 1.00000000
v 0.17708009 -0.23595732 -0.04921363 1.00000000 1.00000000 1.00000000
v -0.21142974 -0.19373353 -0.04921363 1.00000000 1.00000000 1.00000000
v 0.15552647 -0.04467134 -0.04921363 1.00000000 1.00000000 1.00000000
v -0.11535270 -0.21025557 -0.04921363 1.00000000 1.00000000 1.00000000
v 0.07416119 -0.09747039 -0.04921363 1.00000000 1.00000000 1.00000000
v -0.07981927 0.04886312 -0.04921363 1.00000000 1.00000000 1.00000000
v -0.29569353 0.19417483 -0.04921363 1.00000000 1.00000000 1.00000000
v -0.11942786 0.27323645 -0.03073761 1.00000000 1.00000000 1.00000000
v -0.20879995 -0.20874148 -0.04921363 1.00000000 1.00000000 1.00000000
v -0.09079803 0.03595471 -0.04921363 1.00000000 1.00000000 1.00000000
v 0.13997882 -0.06565765 -0.04921363 1.00000000 1.00000000 1.00000000
v -0.03615078 0.08612416 -0.04921363 1.00000000 1.00000000 1.00000000
v 0.23026619 -0.06759609 -0.04921363 1.00000000 1.00000000 1.00000000
v 0.13098246 -0.00295858 -0.04921363 1.00000000 1.00000000 1.00000000
v 0.08219172 0.00928596 -0.04921363 1.00000000 1.00000000 1.00000000
v 0.22961521 -0.30833220 -0.04921363 1.00000000 1.00000000 1.00000000
v 0.08821826 0.10268894 -0.04921363 1.00000000 1.00000000 1.00000000
v -0.19341933 -0.03475504 -0.04921363 1.00000000 1.00000000 1.00000000
v 0.09112103 -0.26456548 -0.04921363 1.00000000 1.00000000 1.00000000
v 0.31108032 -0.22748077 -0.01573938 1.00000000 1.00000000 1.00000000
v -0.10926143 0.15555427 -0.04921363 1.00000000 1.00000000 1.00000000
v 0.27325233 -0.25592912 -0.04810484 1.00000000 1.00000000 1.00000000
v 0.23616990 0.22696400 -0.04921363 1.00000000 1.00000000 1.00000000
v 0.20694257 0.02084177 -0.04921363 1.00000000 1.00000000 1.00000000
v -0.31318126 0.00530830 -0.01866955 1.00000000 1.00000000 1.00000000
v -0.12802361 -0.20364379 -0.04921363 1.00000000 1.00000000 1.00000000
v 0.05883866 0.12635912 -0.04921363 1.00000000 1.00000000 1.00000000
v -0.16872551 -0.04819847 -0.04921363 1.00000000 1.00000000 1.00000000
v -0.15169896 -0.21760946 -0.04921363 1.00000000 1.00000000 1.00000000
v 0.22410453 0.05621917 -0.04921363 1.00000000 1.00000000 1.00000000
v -0.06158408 -0.25718936 -0.04921363 1.00000000 1.00000000 1.00000000
v 0.13285164 -0.07601212 -0.04921363 1.00000000 1.00000000 1.00000000
v 0.21738952 -0.18011871 -0.04921363 1.00000000 1.00000000 1.00000000
v -0.02131000 -0.03841701 -0.04921363 1.00000000 1.00000000 1.00000000
v 0.16138461 0.05797059 -0.04921363 1.00000000 1.00000000 1.00000000
v 0.28899094 -0.14284709 -0.04290568 1.00000000 1.00000000 1.00000000
v -0.15930072 -0.30378676 -0.04921363 1.00000000 1.00000000 1.00000000
v -0.18090722 -0.05429477 -0.04921363 1.00000000 1.00000000 1.00000000
v -0.31246441 -0.12916006 -0.01568335 1.00000000 1.00000000 1.00000000
v -0.18458561 0.17897291 -0.04921363 1.00000000 1.00000000 1.00000000
v -0.27061128 0.18821219 -0.04921363 1.00000000 1.00000000 1.00000000
v 0.26398507 -0.09032843 -0.04921363 1.00000000 1.00000000 1.00000000
v 0.13737478 -0.27077961 -0.04921363 1.00000000 1.00000000 1.00000000
v 0.05467350 -0.12067270 -0.04921363 1.00000000 1.00000000 1.00000000
v -0.13335601 0.21327027 -0.04921363 1.00000000 1.00000000 1.00000000
v -0.21765501 -0.15426061 -0.04921363 1.00000000 1.00000000 1.00000000
v 0.28088689 0.19601754 -0.04921363 1.00000000 1.00000000 1.00000000
v 0.03373485 -0.29534827 -0.04921363 1.00000000 1.00000000 1.00000000
v -0.15782293 0.04769505 -0.04921363 1.00000000 1.00000000 1.00000000
v -0.13132781 0.03074789 -0.04921363 1.00000000 1.00000000 1.00000000
v -0.31335022 -0.04524610 -0.01646452 1.00000000 1.00000000 1.00000000
v -0.24727125 -0.03195906 -0.04921363 1.00000000 1.00000000 1.00000000
v 0.27006469 0.27643513 -0.01875197 1.00000000 1.00000000 1.00000000
v 0.09100346 0.05103567 -0.04921363 1.00000000 1.00000000 1.00000000
v 0.00660381 -0.11681270 -0.04921363 1.00000000 1.00000000 1.00000000
v -0.03715989 -0.18232998 -0.04921363 1.00000000 1.00000000 1.00000000
v -0.30934236 -0.14167025 -0.02245294 1.00000000 1.00000000 1.00000000
v 0.21844712 -0.11549813 -0.04921363 1.00000000 1.00000000 1.00000000
v -0.31077345 -0.18342084 -0.01816193 1.00000000 1.00000000 1.00000000
v -0.22528267 0.15326838 -0.04921363 1.00000000 1.00000000 1.00000000
v -0.00410676 0.05384532 -0.04921363 1.00000000 1.00000000 1.00000000
v -0.14636724 -0.11032616 -0.04921363 1.00000000 1.00000000 1.00000000
v -0.22064062 -0.18183713 -0.04921363 1.00000000 1.00000000 1.00000000
v 0.28718201 0.25530326 -0.04147840 1.00000000 1.00000000 1.00000000
v -0.20848214 -0.31075879 -0.04921363 1.00000000 1.00000000 1.00000000
v -0.14949536 0.12819849 -0.04921363 1.00000000 1.00000000 1.00000000
v -0.02312508 -0.08061603 -0.04921363 1.00000000 1.00000000 1.00000000
v -0.21469985 0.00273200 -0.04921363 1.00000000 1.00000000 1.00000000
v -0.11311218 -0.01161025 -0.04921363 1.00000000 1.00000000 1.00000000
v 0.08444729 -0.25391105 -0.04921363 1.00000000 1.00000000 1.00000000
v 0.27051600 0.13382124 -0.04915001 1.00000000 1.00000000 1.00000000
v -0.21658877 -0.06937117 -0.04921363 1.00000000 1.00000000 1.00000000
v 0.03946158 0.11290304 -0.04921363 1.00000000 1.00000000 1.00000000
v 0.04608612 0.09932457 -0.04921363 1.00000000 1.00000000 1.00000000
v -0.11493907 0.10204452 -0.04921363 1.00000000 1.00000000 1.00000000
v -0.03013923 0.15102019 -0.04921363 1.00000000 1.00000000 1.00000000
v -0.17720929 -0.18578909 -0.04921363 1.00000000 1.00000000 1.00000000
v 0.28355272 0.10377078 -0.04670010 1.00000000 1.00000000 1.00000000
v -0.21044365 -0.05276166 -0.04921363 1.00000000 1.00000000 1.00000000
v 0.04337621 0.05440925 -0.04921363 1.00000000 1.00000000 1.00000000
v -0.01118082 0.11170139 -0.04921363 1.00000000 1.00000000 1.00000000
v -0.13726349 0.18813445 -0.04921363 1.00000000 1.00000000 1.00000000
v -0.19930903 0.17188350 -0.04921363 1.00000000 1.00000000 1.00000000
v 0.31141485 -0.10973420 -0.01906542 1.00000000 1.00000000 1.00000000
v -0.04940505 0.15369673 -0.04921363 1.00000000 1.00000000 1.00000000
v -0.15934309 0.17745318 -0.04921363 1.00000000 1.00000000 1.00000000
v -0.13213282 0.27299395 -0.03134727 1.00000000 1.00000000 1.00000000
v 0.13726523 0.07763664 -0.04921363 1.00000000 1.00000000 1.00000000
v -0.23961206 -0.17204624 -0.04921363 1.00000000 1.00000000 1.00000000
v 0.01234702 -0.30330715 -0.04921363 1.00000000 1.00000000 1.00000000
v 0.09975755 -0.06052674 -0.04921363 1.00000000 1.00000000 1.00000000
v -0.17580299 -0.30020773 -0.04921363 1.00000000 1.00000000 1.00000000
v 0.02500524 -0.30813734 -0.04921363 1.00000000 1.00000000 1.00000000
v -0.09365913 0.24064005 -0.04859587 1.00000000 1.00000000 1.00000000
v 0.05929489 -0.25995708 -0.04921363 1.00000000 1.00000000 1.00000000
v -0.22272498 0.01290378 -0.04921363 1.00000000 1.00000000 1.00000000
v 0.31476355 0.05287897 -0.01632353 1.00000000 1.00000000 1.00000000
v 0.21427206 -0.14531123 -0.04921363 1.00000000 1.00000000 1.00000000
v -0.03974644 0.05604437 -0.04921363 1.00000000 1.00000000 1.00000000
v -0.21390520 0.07849412 -0.04921363 1.00000000 1.00000000 1.00000000
v -0.18608001 0.05021888 -0.04921363 1.00000000 1.00000000 1.00000000
v 0.16921847 0.00830616 -0.04921363 1.00000000 1.00000000 1.00000000
v 0.12637958 -0.31106842 -0.04921363 1.00000000 1.00000000 1.00000000
v -0.26406538 0.13751122 -0.04921363 1.00000000 1.00000000 1.00000000
v 0.14486548 0.25093577 -0.04638911 1.00000000 1.00000000 1.00000000
v 0.22457127 0.28044417 -0.01578948 1.00000000 1.00000000 1.00000000
v 0.28892972 -0.12918578 -0.04304120 1.00000000 1.00000000 1.00000000
v 0.13367306 -0.22615377 -0.04921363 1.00000000 1.00000000 1.00000000
v 0.31609165 0.14076784 -0.01602224 1.00000000 1.00000000 1.00000000
v 0.20467797 -0.19751147 -0.04921363 1.00000000 1.00000000 1.00000000
v -0.04302089 0.21642678 -0.04921363 1.00000000 1.00000000 1.00000000
v -0.17616736 0.06927053 -0.04921363 1.00000000 1.00000000 1.00000000
v 0.17973962 -0.15620671 -0.04921363 1.00000000 1.00000000 1.00000000
v 0.13256513 0.22107441 -0.04921363 1.00000000 1.00000000 1.00000000
v 0.19023917 -0.02616334 -0.04921363 1.00000000 1.00000000 1.00000000
v -0.10463051 0.14060889 -0.04921363 1.00000000 1.00000000 1.00000000
v -0.31434187 -0.05593543 -0.01294170 1.00000000 1.00000000 1.00000000
v 0.25263755 -0.01360257 -0.04921363 1.00000000 1.00000000 1.00000000
v -0.03642837 -0.13268947 -0.04921363 1.00000000 1.00000000 1.00000000
v 0.11311499 0.12725231 -0.04921363 1.00000000 1.00000000 1.00000000
v -0.19323535 -0.00996233 -0.04921363 1.00000000 1.00000000 1.00000000
v -0.22077222 -0.20371460 -0.04921363 1.00000000 1.00000000 1.00000000
v -0.08090364 -0.23897161 -0.04921363 1.00000000 1.00000000 1.00000000
v 0.02488046 -0.00332695 -0.04921363 1.00000000 1.00000000 1.00000000
v -0.25496994 0.04256631 -0.04921363 1.00000000 1.00000000 1.00000000
v -0.20692219 0.16026451 -0.04921363 1.00000000 1.00000000 1.00000000
v 0.31498208 0.12004208 -0.01816960 1.00000000 1.00000000 1.00000000
v -0.27206725 -0.19587383 -0.04848565 1.00000000 1.00000000 1.00000000
v 0.04170543 0.22087028 -0.05021107 1.00000000 1.00000000 1.00000000
v -0.02201259 -0.28268324 -0.04921363 1.00000000 1.00000000 1.00000000
v -0.31491273 -0.00921711 -0.01321404 1.00000000 1.00000000 1.00000000
v 0.06634856 -0.03093547 -0.04921363 1.00000000 1.00000000 1.00000000
v -0.30894054 0.24604489 -0.04513530 1.00000000 1.00000000 1.00000000
v -0.26486078 0.25201960 -0.04424692 1.00000000 1.00000000 1.00000000
v 0.11479510 -0.20736704 -0.04921363 1.00000000 1.00000000 1.00000000
v -0.07472832 -0.14860986 -0.04921363 1.00000000 1.00000000 1.00000000
v -0.08991890 -0.22391358 -0.04921363 1.00000000 1.00000000 1.00000000
v -0.22489826 0.07983723 -0.04921363 1.00000000 1.00000000 1.00000000
v 0.19602847 0.08890986 -0.04921363 1.00000000 1.00000000 1.00000000
v -0.23829353 -0.24648830 -0.04921363 1.00000000 1.00000000 1.00000000
v -0.07983385 -0.20946888 -0.04921363 1.00000000 1.00000000 1.00000000
v -0.25038116 -0.04544090 -0.04921363 1.00000000 1.00000000 1.00000000
v -0.13773980 0.12150775 -0.04921363 1.00000000 1.00000000 1.00000000
v -0.06503733 -0.20701326 -0.04921363 1.00000000 1.00000000 1.00000000
v 0.10348403 -0.28594619 -0.04921363 1.00000000 1.00000000 1.00000000
v -0.13321717 0.13494312 -0.04921363 1.00000000 1.00000000 1.00000000
v 0.30237494 0.26250690 -0.03478244 1.00000000 1.00000000 1.00000000
v -0.25936540 -0.08006913 -0.04921363 1.00000000 1.00000000 1.00000000
v -0.08193840 -0.28149609 -0.04921363 1.00000000 1.00000000 1.00000000
v -0.28711837 0.03209563 -0.04499218 1.00000000 1.00000000 1.00000000
v 0.20345458 -0.05457044 -0.04921363 1.00000000 1.00000000 1.00000000
v -0.21039711 -0.27277019 -0.04921363 1.00000000 1.00000000 1.00000000
v 0.25001576 -0.02757616 -0.04921363 1.00000000 1.00000000 1.00000000
v -0.12841082 0.19734950 -0.04921363 1.00000000 1.00000000 1.00000000
v 0.19716067 0.28173735 -0.01509986 1.00000000 1.00000000 1.00000000
v 0.15906433 -0.26492103 -0.04921363 1.00000000 1.00000000 1.00000000
v -0.23193450 -0.26023662 -0.04921363 1.00000000 1.00000000 1.00000000
v -0.19774771 0.28290806 -0.01091016 1.00000000 1.00000000 1.00000000
v -0.02692009 0.13851148 -0.04921363 1.00000000 1.00000000 1.00000000
v 0.22642355 0.00843248 -0.04921363 1.00000000 1.00000000 1.00000000
v 0.04518564 0.17692182 -0.04921363 1.00000000 1.00000000 1.00000000
v -0.19277900 0.20568976 -0.04921363 1.00000000 1.00000000 1.00000000
v 0.24301993 0.06062653 -0.04921363 1.00000000 1.00000000 1.00000000
v -0.15011969 -0.28953471 -0.04921363 1.00000000 1.00000000 1.00000000
v 0.10337787 0.25191743 -0.04569201 1.00000000 1.00000000 1.00000000
v -0.14490990 -0.17471722 -0.04921363 1.00000000 1.00000000 1.00000000
v -0.15937558 -0.02039333 -0.04921363 1.00000000 1.00000000 1.00000000
v 0.12608600 -0.13812446 -0.04921363 1.00000000 1.00000000 1.00000000
v -0.30184000 -0.07764775 -0.03390676 1.00000000 1.00000000 1.00000000
v 0.12124539 0.07565402 -0.04921363 1.00000000 1.00000000 1.00000000
v -0.08963383 -0.04924888 -0.04921363 1.00000000 1.00000000 1.00000000
v 0.07927680 0.11597822 -0.04921363 1.00000000 1.00000000 1.00000000
v -0.26938277 -0.28362532 -0.04871130 1.00000000 1.00000000 1.00000000
v -0.09059594 -0.15592666 -0.04921363 1.00000000 1.00000000 1.00000000
v -0.18861943 -0.09752951 -0.04921363 1.00000000 1.00000000 1.00000000
v -0.00514764 -0.06514446 -0.04921363 1.00000000 1.00000000 1.00000000
v 0.27177105 -0.22996303 -0.04845554 1.00000000 1.00000000 1.00000000
v 0.01445595 -0.04823309 -0.04921363 1.00000000 1.00000000 1.00000000
v 0.02106010 -0.18865012 -0.04921363 1.00000000 1.00000000 1.00000000
v 0.07599339 -0.28490911 -0.04921363 1.00000000 1.00000000 1.00000000
v 0.20637013 -0.06856236 -0.04921363 1.00000000 1.00000000 1.00000000
v 0.00369411 -0.23546991 -0.04921363 1.00000000 1.00000000 1.00000000
v 0.31398046 -0.03819614 -0.01493336 1.00000000 1.00000000 1.00000000
v 0.19214149 -0.05604291 -0.04921363 1.00000000 1.00000000 1.00000000
v 0.14570534 0.15655313 -0.04921363 1.00000000 1.00000000 1.00000000
v 0.29264601 0.27497398 -0.01764753 1.00000000 1.00000000 1.00000000
v 0.05869167 0.11176082 -0.04921363 1.00000000 1.00000000 1.00000000
v -0.00473096 0.01538288 -0.04921363 1.00000000 1.00000000 1.00000000
v 0.29792983 0.15635308 -0.04209884 1.00000000 1.00000000 1.00000000
v -0.14113335 0.08775321 -0.04921363 1.00000000 1.00000000 1.00000000
v 0.14986352 0.26736594 -0.03710509 1.00000000 1.00000000 1.00000000
v -0.19928892 -0.28165120 -0.04921363 1.00000000 1.00000000 1.00000000
v -0.21461147 -0.11223600 -0.04921363 1.00000000 1.00000000 1.00000000
v -0.06038486 -0.17200765 -0.04921363 1.00000000 1.00000000 1.00000000
v 0.22832931 0.06809011 -0.04921363 1.00000000 1.00000000 1.00000000
v -0.01840677 0.09760294 -0.04921363 1.00000000 1.00000000 1.00000000
v 0.16171396 -0.12323241 -0.04921363 1.00000000 1.00000000 1.00000000
v 0.02610869 -0.11827388 -0.04921363 1.00000000 1.00000000 1.00000000
v -0.25647173 -0.15913783 -0.04921363 1.00000000 1.00000000 1.00000000
v -0.27610856 -0.05139242 -0.04810119 1.00000000 1.00000000 1.00000000
v -0.26648488 -0.25420141 -0.04906572 1.00000000 1.00000000 1.00000000
v 0.24350342 -0.03965492 -0.04921363 1.00000000 1.00000000 1.00000000
v 0.04675085 -0.28943155 -0.04921363 1.00000000 1.00000000 1.00000000
v -0.30812125 0.19461574 -0.04921363 1.00000000 1.00000000 1.00000000
v 0.31254581 -0.21599559 -0.01132276 1.00000000 1.00000000 1.00000000
v 0.09558123 -0.09740540 -0.04921363 1.00000000 1.00000000 1.00000000
v 0.09243512 -0.12032845 -0.04921363 1.00000000 1.00000000 1.00000000
v -0.24361451 0.22604547 -0.04921363 1.00000000 1.00000000 1.00000000
v 0.03160660 -0.19654822 -0.04921363 1.00000000 1.00000000 1.00000000
v -0.20558556 -0.00973099 -0.04921363 1.00000000 1.00000000 1.00000000
v 0.24221025 -0.18243528 -0.04921363 1.00000000 1.00000000 1.00000000
v 0.08023893 0.05722718 -0.04921363 1.00000000 1.00000000 1.00000000
v 0.18007266 -0.26396753 -0.04921363 1.00000000 1.00000000 1.00000000
v -0.11571001 -0.11854735 -0.04921363 1.00000000 1.00000000 1.00000000
v 0.10963612 -0.17221567 -0.04921363 1.00000000 1.00000000 1.00000000
v -0.05048360 0.13822496 -0.04921363 1.00000000 1.00000000 1.00000000
v 0.23235819 0.26808972 -0.03456323 1.00000000 1.00000000 1.00000000
v 0.25800114 -0.18531478 -0.04921363 1.00000000 1.00000000 1.00000000
v 0.05343322 -0.06721619 -0.04921363 1.00000000 1.00000000 1.00000000
v -0.10790660 -0.08378112 -0.04921363 1.00000000 1.00000000 1.00000000
v 0.27737168 -0.01343238 -0.04794145 1.00000000 1.00000000 1.00000000
v 0.14114666 -0.13641084 -0.04921363 1.00000000 1.00000000 1.00000000
v -0.20841739 0.13943101 -0.04921363 1.00000000 1.00000000 1.00000000
v 0.09825264 0.13837315 -0.04921363 1.00000000 1.00000000 1.00000000
v 0.02831732 0.00959152 -0.04921363 1.00000000 1.00000000 1.00000000
v 0.26731519 0.10146864 -0.04921363 1.00000000 1.00000000 1.00000000
v 0.11387893 0.02045716 -0.04921363 1.00000000 1.00000000 1.00000000
v 0.02086297 0.16098231 -0.04921363 1.00000000 1.00000000 1.00000000
v 0.10465089 -0.00105515 -0.04921363 1.00000000 1.00000000 1.00000000
v -0.03033861 0.09589669 -0.04921363 1.00000000 1.00000000 1.00000000
v -0.30596736 0.02829414 -0.03097644 1.00000000 1.00000000 1.00000000
v 0.25527467 0.24701392 -0.04652804 1.00000000 1.00000000 1.00000000
v 0.31457378 -0.06700015 -0.01148511 1.00000000 1.00000000 1.00000000
v 0.27962581 -0.08307716 -0.04710974 1.00000000 1.00000000 1.00000000
v -0.25513224 -0.28718608 -0.04921363 1.00000000 1.00000000 1.00000000
v -0.14246438 0.25778553 -0.04345930 1.00000000 1.00000000 1.00000000
v -0.17844186 -0.10396723 -0.04921363 1.00000000 1.00000000 1.00000000
v 0.11440347 0.09524618 -0.04921363 1.00000000 1.00000000 1.00000000
v -0.21238546 0.17431616 -0.04921363 1.00000000 1.00000000 1.00000000
v -0.31498174 0.02063812 -0.01435969 1.00000000 1.00000000 1.00000000
v -0.04486763 0.06821431 -0.04921363 1.00000000 1.00000000 1.00000000
v 0.16943103 -0.13249145 -0.04921363 1.00000000 1.00000000 1.00000000
v -0.25695328 0.18238194 -0.04921363 1.00000000 1.00000000 1.00000000
v -0.16391822 -0.29242147 -0.04921363 1.00000000 1.00000000 1.00000000
v -0.12117897 -0.10652151 -0.04921363 1.00000000 1.00000000 1.00000000
v -0.07816831 0.07064634 -0.04921363 1.00000000 1.00000000 1.00000000
v -0.17297265 -0.06473554 -0.04921363 1.00000000 1.00000000 1.00000000
v -0.09577692 -0.01284737 -0.04921363 1.00000000 1.00000000 1.00000000
v 0.22892865 0.23796059 -0.04887936 1.00000000 1.00000000 1.00000000
v 0.26520675 -0.00069692 -0.04921363 1.00000000 1.00000000 1.00000000
v 0.01347519 0.00456651 -0.04921363 1.00000000 1.00000000 1.00000000
v -0.16070367 -0.06707089 -0.04921363 1.00000000 1.00000000 1.00000000
v -0.16050293 0.19073558 -0.04921363 1.00000000 1.00000000 1.00000000
v 0.13079337 -0.12709088 -0.04921363 1.00000000 1.00000000 1.00000000
v -0.09170805 -0.20466090 -0.04921363 1.00000000 1.00000000 1.00000000
v 0.18808197 -0.01338521 -0.04921363 1.00000000 1.00000000 1.00000000
v -0.19521832 -0.04908121 -0.04921363 1.00000000 1.00000000 1.00000000
v 0.31046117 -0.18769618 -0.01876696 1.00000000 1.00000000 1.00000000
v 0.26332649 0.08671456 -0.04921363 1.00000000 1.00000000 1.00000000
v 0.25414459 0.04384476 -0.04921363 1.00000000 1.00000000 1.00000000
v 0.17887327 -0.10782778 -0.04921363 1.00000000 1.00000000 1.00000000
v -0.18487375 -0.27469127 -0.04921363 1.00000000 1.00000000 1.00000000
v 0.12668224 -0.03234821 -0.04921363 1.00000000 1.00000000 1.00000000
v 0.14583502 -0.18964658 -0.04921363 1.00000000 1.00000000 1.00000000
v 0.11582146 -0.24327510 -0.04921363 1.00000000 1.00000000 1.00000000
v 0.21735042 -0.07015970 -0.04921363 1.00000000 1.00000000 1.00000000
v 0.20407054 -0.22776151 -0.04921363 1.00000000 1.00000000 1.00000000
v -0.02124206 -0.30977034 -0.04921363 1.00000000 1.00000000 1.00000000
v -0.29429956 -0.01430675 -0.04080120 1.00000000 1.00000000 1.00000000
v -0.10052591 0.08487713 -0.04921363 1.00000000 1.00000000 1.00000000
v -0.24125938 0.21249869 -0.04921363 1.00000000 1.00000000 1.00000000
v 0.28803198 -0.09574861 -0.04374621 1.00000000 1.00000000 1.00000000
v -0.10437571 0.10881714 -0.04921363 1.00000000 1.00000000 1.00000000
v -0.16905995 -0.25542147 -0.04921363 1.00000000 1.00000000 1.00000000
v 0.10953977 -0.10887378 -0.04921363 1.00000000 1.00000000 1.00000000
v 0.01938049 -0.27803223 -0.04921363 1.00000000 1.00000000 1.00000000
v 0.09544301 0.22377349 -0.04921363 1.00000000 1.00000000 1.00000000
v 0.15841254 -0.08297479 -0.04921363 1.00000000 1.00000000 1.00000000
v 0.23704388 -0.08071511 -0.04921363 1.00000000 1.00000000 1.00000000
v -0.10391358 -0.00123566 -0.04921363 1.00000000 1.00000000 1.00000000
v -0.01124073 -0.20765672 -0.04921363 1.00000000 1.00000000 1.00000000
v -0.03661073 0.01175439 -0.04921363 1.00000000 1.00000000 1.00000000
v -0.08440538 -0.00348973 -0.04921363 1.00000000 1.00000000 1.00000000
v -0.13423683 -0.28991827 -0.04921363 1.00000000 1.00000000 1.00000000
v 0.18327733 -0.17127881 -0.04921363 1.00000000 1.00000000 1.00000000
v -0.15165077 0.26784027 -0.03670277 1.00000000 1.00000000 1.00000000
v 0.13405135 -0.05555896 -0.04921363 1.00000000 1.00000000 1.00000000
v -0.05601374 0.22152091 -0.04921363 1.00000000 1.00000000 1.00000000
v -0.18146040 -0.07744826 -0.04921363 1.00000000 1.00000000 1.00000000
v -0.27938329 -0.16189436 -0.04685274 1.00000000 1.00000000 1.00000000
v -0.20169579 -0.11901310 -0.04921363 1.00000000 1.00000000 1.00000000
v 0.24745042 -0.23029102 -0.04921363 1.00000000 1.00000000 1.00000000
v 0.18333829 -0.22437203 -0.04921363 1.00000000 1.00000000 1.00000000
v 0.24903037 0.12505720 -0.04921363 1.00000000 1.00000000 1.00000000
v 0.28032629 -0.31105832 -0.04581267 1.00000000 1.00000000 1.00000000
v 0.00488208 -0.08253224 -0.04921363 1.00000000 1.00000000 1.00000000
v -0.16111286 0.06907801 -0.04921363 1.00000000 1.00000000 1.00000000
v 0.01371956 0.22080139 -0.05312767 1.00000000 1.00000000 1.00000000
v 0.06948320 0.10226187 -0.04921363 1.00000000 1.00000000 1.00000000
v 0.19027602 0.26251120 -0.04044213 1.00000000 1.00000000 1.00000000
v 0.21338374 0.03402058 -0.04921363 1.00000000 1.00000000 1.00000000
v -0.05166805 -0.12895469 -0.04921363 1.00000000 1.00000000 1.00000000
v 0.00345268 -0.31008807 -0.04921363 1.00000000 1.00000000 1.00000000
v 0.21134313 -0.03329019 -0.04921363 1.00000000 1.00000000 1.00000000
v -0.08945943 0.22706157 -0.04921363 1.00000000 1.00000000 1.00000000
v -0.04465112 -0.19577333 -0.04921363 1.00000000 1.00000000 1.00000000
v -0.29281138 -0.09970545 -0.04099748 1.00000000 1.00000000 1.00000000
v 0.16734009 0.02602111 -0.04921363 1.00000000 1.00000000 1.00000000
v -0.07436417 0.08325367 -0.04921363 1.00000000 1.00000000 1.00000000
v 0.15716220 0.04040835 -0.04921363 1.00000000 1.00000000 1.00000000
v -0.16907984 -0.07827783 -0.04921363 1.00000000 1.00000000 1.00000000
v -0.31578814 0.12500111 -0.01625841 1.00000000 1.00000000 1.00000000
v 0.07069084 0.01743337 -0.04921363 1.00000000 1.00000000 1.00000000
v -0.18480439 0.06186411 -0.04921363 1.00000000 1.00000000 1.00000000
v 0.09841978 0.17127576 -0.04921363 1.00000000 1.00000000 1.00000000
v 0.08081069 -0.06356401 -0.04921363 1.00000000 1.00000000 1.00000000
v -0.03797925 -0.11641808 -0.04921363 1.00000000 1.00000000 1.00000000
v 0.12056883 -0.16355242 -0.04921363 1.00000000 1.00000000 1.00000000
v 0.11328569 -0.03794461 -0.04921363 1.00000000 1.00000000 1.00000000
v -0.27103416 -0.31256945 -0.04838344 1.00000000 1.00000000 1.00000000
v -0.22030470 0.04980054 -0.04921363 1.00000000 1.00000000 1.00000000
v 0.00208275 -0.25388844 -0.04921363 1.00000000 1.00000000 1.00000000
v -0.22338351 0.27960309 -0.01815253 1.00000000 1.00000000 1.00000000
v -0.18592875 0.21632792 -0.04921363 1.00000000 1.00000000 1.00000000
v 0.03598919 -0.23016735 -0.04921363 1.00000000 1.00000000 1.00000000
v 0.19653660 -0.23996367 -0.04921363 1.00000000 1.00000000 1.00000000
v 0.03571281 -0.03731910 -0.04921363 1.00000000 1.00000000 1.00000000
v 0.18242857 -0.28095270 -0.04921363 1.00000000 1.00000000 1.00000000
v -0.16235607 0.23466639 -0.04920899 1.00000000 1.00000000 1.00000000
v -0.15221166 0.25519373 -0.04472259 1.00000000 1.00000000 1.00000000
v -0.19634441 -0.21548680 -0.04921363 1.00000000 1.00000000 1.00000000
v 0.03492413 -0.25491262 -0.04921363 1.00000000 1.00000000 1.00000000
v -0.06239799 -0.23233640 -0.04921363 1.00000000 1.00000000 1.00000000
v -0.18710005 -0.19435749 -0.04921363 1.00000000 1.00000000 1.00000000
v -0.01929189 -0.29617435 -0.04921363 1.00000000 1.00000000 1.00000000
v 0.01156493 0.18763795 -0.04921363 1.00000000 1.00000000 1.00000000
v -0.27306156 -0.12965461 -0.04847292 1.00000000 1.00000000 1.00000000
v 0.20513285 0.08105558 -0.04921363 1.00000000 1.00000000 1.00000000
v -0.29807439 -0.25273532 -0.03521704 1.00000000 1.00000000 1.00000000
v -0.13070336 -0.12070223 -0.04921363 1.00000000 1.00000000 1.00000000
v -0.06561985 0.25600070 -0.03873761 1.00000000 1.00000000 1.00000000
v 0.21401502 0.24255525 -0.04828878 1.00000000 1.00000000 1.00000000
v 0.28467594 -0.28461638 -0.04410554 1.00000000 1.00000000 1.00000000
v -0.02418724 -0.10673866 -0.04921363 1.00000000 1.00000000 1.00000000
v 0.14931503 -0.01980377 -0.04921363 1.00000000 1.00000000 1.00000000
v 0.16181153 -0.21933516 -0.04921363 1.00000000 1.00000000 1.00000000
v 0.24091223 -0.09688649 -0.04921363 1.00000000 1.00000000 1.00000000
v 0.19883021 -0.03538967 -0.04921363 1.00000000 1.00000000 1.00000000
v 0.00721097 -0.09818516 -0.04921363 1.00000000 1.00000000 1.00000000
v -0.16217556 0.13314612 -0.04921363 1.00000000 1.00000000 1.00000000
v 0.13698723 0.17801681 -0.04921363 1.00000000 1.00000000 1.00000000
v -0.05216572 0.23122079 -0.04862730 1.00000000 1.00000000 1.00000000
v -0.08272032 0.14996486 -0.04921363 1.00000000 1.00000000 1.00000000
v -0.03264040 -0.27348139 -0.04921363 1.00000000 1.00000000 1.00000000
v -0.21968919 0.13374169 -0.04921363 1.00000000 1.00000000 1.00000000
v -0.02453368 -0.18109289 -0.04921363 1.00000000 1.00000000 1.00000000
v 0.30731603 -0.30704889 -0.02193761 1.00000000 1.00000000 1.00000000
v 0.00946358 0.05158923 -0.04921363 1.00000000 1.00000000 1.00000000
v 0.16981370 -0.07547260 -0.04921363 1.00000000 1.00000000 1.00000000
v -0.19970406 0.07742543 -0.04921363 1.00000000 1.00000000 1.00000000
v -0.12431330 0.18107342 -0.04921363 1.00000000 1.00000000 1.00000000
v -0.09012537 -0.12639819 -0.04921363 1.00000000 1.00000000 1.00000000
v 0.19144429 0.10154386 -0.04921363 1.00000000 1.00000000 1.00000000
v 0.11316467 -0.13682549 -0.04921363 1.00000000 1.00000000 1.00000000
v -0.14328344 0.27409622 -0.03017848 1.00000000 1.00000000 1.00000000
v 0.13012095 -0.21024610 -0.04921363 1.00000000 1.00000000 1.00000000
v -0.12425146 -0.30413175 -0.04921363 1.00000000 1.00000000 1.00000000
v 0.10084873 -0.27589331 -0.04921363 1.00000000 1.00000000 1.00000000
v 0.12312122 0.13957136 -0.04921363 1.00000000 1.00000000 1.00000000
v 0.03010579 -0.24297608 -0.04921363 1.00000000 1.00000000 1.00000000
v -0.22727824 -0.06035492 -0.04921363 1.00000000 1.00000000 1.00000000
v -0.18200481 -0.20967564 -0.04921363 1.00000000 1.00000000 1.00000000
v -0.24767333 -0.00247821 -0.04921363 1.00000000 1.00000000 1.00000000
v -0.05569571 0.17760897 -0.04921363 1.00000000 1.00000000 1.00000000
v 0.00605142 0.01915466 -0.04921363 1.00000000 1.00000000 1.00000000
v -0.30676325 -0.05175246 -0.02854701 1.00000000 1.00000000 1.00000000
v -0.16643654 0.28399327 -0.00853631 1.00000000 1.00000000 1.00000000
v -0.29601452 0.08548531 -0.04058392 1.00000000 1.00000000 1.00000000
v -0.07800496 -0.25483088 -0.04921363 1.00000000 1.00000000 1.00000000
v -0.30962276 -0.24721942 -0.01879575 1.00000000 1.00000000 1.00000000
v 0.08298384 -0.12796485 -0.04921363 1.00000000 1.00000000 1.00000000
v 0.02921384 -0.04995621 -0.04921363 1.00000000 1.00000000 1.00000000
v -0.21158791 0.28272381 -0.00958408 1.00000000 1.00000000 1.00000000
v 0.25333999 0.15321010 -0.04921363 1.00000000 1.00000000 1.00000000
v -0.16352543 -0.19469726 -0.04921363 1.00000000 1.00000000 1.00000000
v -0.09717109 0.27783661 -0.01451754 1.00000000 1.00000000 1.00000000
v -0.17623598 0.22796657 -0.04921363 1.00000000 1.00000000 1.00000000
v 0.03055573 -0.06523982 -0.04921363 1.00000000 1.00000000 1.00000000
v 0.07566844 0.12961028 -0.04921363 1.00000000 1.00000000 1.00000000
v 0.30662272 0.00276739 -0.02972914 1.00000000 1.00000000 1.00000000
v -0.30728926 0.01549946 -0.02909293 1.00000000 1.00000000 1.00000000
v 0.00703980 -0.06303280 -0.04921363 1.00000000 1.00000000 1.00000000
v 0.30854528 -0.17715083 -0.02301913 1.00000000 1.00000000 1.00000000
v -0.21805799 0.12054890 -0.04921363 1.00000000 1.00000000 1.00000000
v -0.10318440 0.22505796 -0.04921363 1.00000000 1.00000000 1.00000000
v 0.24514005 0.09814477 -0.04921363 1.00000000 1.00000000 1.00000000
v -0.08754718 -0.14177111 -0.04921363 1.00000000 1.00000000 1.00000000
v 0.06743065 -0.08727532 -0.04921363 1.00000000 1.00000000 1.00000000
v -0.31276122 -0.15466579 -0.01366700 1.00000000 1.00000000 1.00000000
v -0.19719939 -0.20234170 -0.04921363 1.00000000 1.00000000 1.00000000
v -0.07919501 0.00996041 -0.04921363 1.00000000 1.00000000 1.00000000
v -0.09528517 -0.24067780 -0.04921363 1.00000000 1.00000000 1.00000000
v -0.00321079 -0.21933042 -0.04921363 1.00000000 1.00000000 1.00000000
v 0.10811590 -0.07481561 -0.04921363 1.00000000 1.00000000 1.00000000
v -0.25882965 -0.10169205 -0.04921363 1.00000000 1.00000000 1.00000000
v -0.21855136 -0.21685998 -0.04921363 1.00000000 1.00000000 1.00000000
v -0.11783684 0.03630142 -0.04921363 1.00000000 1.00000000 1.00000000
v 0.09427950 0.20765608 -0.04921363 1.00000000 1.00000000 1.00000000
v -0.27678861 -0.14009093 -0.04766339 1.00000000 1.00000000 1.00000000
v -0.27957884 -0.17616488 -0.04672854 1.00000000 1.00000000 1.00000000
v 0.27835164 -0.21804164 -0.04693058 1.00000000 1.00000000 1.00000000
v -0.20691707 -0.22310746 -0.04921363 1.00000000 1.00000000 1.00000000
v -0.05495149 -0.14526769 -0.04921363 1.00000000 1.00000000 1.00000000
v 0.30706214 0.27319021 -0.01858677 1.00000000 1.00000000 1.00000000
v 0.12827023 0.24830856 -0.04714718 1.00000000 1.00000000 1.00000000
v -0.14679802 0.14094387 -0.04921363 1.00000000 1.00000000 1.00000000
v -0.31406085 0.04991991 -0.01804236 1.00000000 1.00000000 1.00000000
v 0.20191286 0.06006891 -0.04921363 1.00000000 1.00000000 1.00000000
v 0.06832339 -0.20902369 -0.04921363 1.00000000 1.00000000 1.00000000
v -0.15716817 -0.10345264 -0.04921363 1.00000000 1.00000000 1.00000000
v -0.29590918 0.27477211 -0.01737242 1.00000000 1.00000000 1.00000000
v 0.18903204 -0.00117685 -0.04921363 1.00000000 1.00000000 1.00000000
v 0.19042219 -0.30521865 -0.04921363 1.00000000 1.00000000 1.00000000
v -0.03088797 0.18798724 -0.04921363 1.00000000 1.00000000 1.00000000
v -0.11274860 0.25067106 -0.04626584 1.00000000 1.00000000 1.00000000
v -0.05081734 0.16711678 -0.04921363 1.00000000 1.00000000 1.00000000
v -0.16469860 0.15852517 -0.04921363 1.00000000 1.00000000 1.00000000
v -0.28179290 0.17226896 -0.04906223 1.00000000 1.00000000 1.00000000
v 0.05117211 0.14519488 -0.04921363 1.00000000 1.00000000 1.00000000
v 0.17136863 -0.03186037 -0.04921363 1.00000000 1.00000000 1.00000000
v -0.23607694 -0.04672559 -0.04921363 1.00000000 1.00000000 1.00000000
v 0.20021678 -0.09579391 -0.04921363 1.00000000 1.00000000 1.00000000
v 0.13957552 -0.24166981 -0.04921363 1.00000000 1.00000000 1.00000000
v -0.03710867 0.02814089 -0.04921363 1.00000000 1.00000000 1.00000000
v -0.11343874 0.02479628 -0.04921363 1.00000000 1.00000000 1.00000000
v -0.13484820 -0.02245141 -0.04921363 1.00000000 1.00000000 1.00000000
v -0.26523491 0.16006378 -0.04921363 1.00000000 1.00000000 1.00000000
v -0.27857318 0.11238898 -0.04806071 1.00000000 1.00000000 1.00000000
v 0.14718804 0.09020886 -0.04921363 1.00000000 1.00000000 1.00000000
v 0.02294940 0.19866289 -0.04921363 1.00000000 1.00000000 1.00000000
v 0.18086624 0.28110463 -0.01787108 1.00000000 1.00000000 1.00000000
v 0.14861865 -0.25741562 -0.04921363 1.00000000 1.00000000 1.00000000
v -0.20496447 0.10982470 -0.04921363 1.00000000 1.00000000 1.00000000
v -0.10321454 0.07277198 -0.04921363 1.00000000 1.00000000 1.00000000
v -0.04989405 -0.18254035 -0.04921363 1.00000000 1.00000000 1.00000000
v -0.16083647 0.25034244 -0.04659431 1.00000000 1.00000000 1.00000000
v -0.14489209 -0.04821619 -0.04921363 1.00000000 1.00000000 1.00000000
v 0.06275231 0.07805337 -0.04921363 1.00000000 1.00000000 1.00000000
v 0.15551016 -0.13801074 -0.04921363 1.00000000 1.00000000 1.00000000
v 0.12861876 0.09142871 -0.04921363 1.00000000 1.00000000 1.00000000
v -0.04961917 -0.08607728 -0.04921363 1.00000000 1.00000000 1.00000000
v 0.25936942 0.02893957 -0.04921363 1.00000000 1.00000000 1.00000000
v -0.04121197 -0.04963888 -0.04921363 1.00000000 1.00000000 1.00000000
v 0.10273260 0.04770193 -0.04921363 1.00000000 1.00000000 1.00000000
v 0.26145737 -0.11701883 -0.04921363 1.00000000 1.00000000 1.00000000
v 0.21504703 0.21568847 -0.04921363 1.00000000 1.00000000 1.00000000
v -0.17559144 0.00288805 -0.04921363 1.00000000 1.00000000 1.00000000
v -0.15565036 -0.18207899 -0.04921363 1.00000000 1.00000000 1.00000000
v -0.17305000 0.04892054 -0.04921363 1.00000000 1.00000000 1.00000000
v -0.02524568 0.16030926 -0.04921363 1.00000000 1.00000000 1.00000000
v 0.26089771 -0.30975522 -0.04921363 1.00000000 1.00000000 1.00000000
v -0.03508518 -0.01184417 -0.04921363 1.00000000 1.00000000 1.00000000
v -0.31217414 -0.02084390 -0.02012357 1.00000000 1.00000000 1.00000000
v 0.04758652 0.02717583 -0.04921363 1.00000000 1.00000000 1.00000000
v 0.20701505 0.04669746 -0.04921363 1.00000000 1.00000000 1.00000000
v 0.16452487 -0.29935972 -0.04921363 1.00000000 1.00000000 1.00000000
v -0.28569729 -0.29549256 -0.04352529 1.00000000 1.00000000 1.00000000
v 0.17475379 -0.00623459 -0.04921363 1.00000000 1.00000000 1.00000000
v 0.28356100 -0.27026319 -0.04471282 1.00000000 1.00000000 1.00000000
v -0.04829347 0.11348637 -0.04921363 1.00000000 1.00000000 1.00000000
v 0.10642160 -0.30933580 -0.04921363 1.00000000 1.00000000 1.00000000
v 0.19491663 -0.16727151 -0.04921363 1.00000000 1.00000000 1.00000000
v 0.25566618 0.27465808 -0.02435120 1.00000000 1.00000000 1.00000000
v 0.00976294 0.14875662 -0.04921363 1.00000000 1.00000000 1.00000000
v 0.04371928 -0.04567844 -0.04921363 1.00000000 1.00000000 1.00000000
v 0.07980866 -0.05257575 -0.04921363 1.00000000 1.00000000 1.00000000
v 0.03070773 -0.17872593 -0.04921363 1.00000000 1.00000000 1.00000000
v 0.19191817 0.24057676 -0.04873337 1.00000000 1.00000000 1.00000000
v 0.18239902 -0.08052298 -0.04921363 1.00000000 1.00000000 1.00000000
v 0.02088926 0.08225809 -0.04921363 1.00000000 1.00000000 1.00000000
v 0.14639954 -0.07783647 -0.04921363 1.00000000 1.00000000 1.00000000
v -0.05476043 -0.24469268 -0.04921363 1.00000000 1.00000000 1.00000000
v 0.13050062 0.06162215 -0.04921363 1.00000000 1.00000000 1.00000000
v 0.31294363 -0.04840057 -0.01742235 1.00000000 1.00000000 1.00000000
v -0.26244831 0.08732643 -0.04921363 1.00000000 1.00000000 1.00000000
v -0.19498901 0.16009194 -0.04921363 1.00000000 1.00000000 1.00000000
v 0.07186162 0.04195750 -0.04921363 1.00000000 1.00000000 1.00000000
v 0.04089593 0.07059523 -0.04921363 1.00000000 1.00000000 1.00000000
v 0.24216145 -0.20496225 -0.04921363 1.00000000 1.00000000 1.00000000
v 0.19634254 -0.21536417 -0.04921363 1.00000000 1.00000000 1.00000000
v 0.16626594 0.14702923 -0.04921363 1.00000000 1.00000000 1.00000000
v 0.02059694 -0.29316631 -0.04921363 1.00000000 1.00000000 1.00000000
v 0.08400561 -0.03333275 -0.04921363 1.00000000 1.00000000 1.00000000
v -0.02476833 0.06885647 -0.04921363 1.00000000 1.00000000 1.00000000
v 0.06875249 -0.18987398 -0.04921363 1.00000000 1.00000000 1.00000000
v 0.16558920 0.09357728 -0.04921363 1.00000000 1.00000000 1.00000000
v 0.18077971 -0.14089443 -0.04921363 1.00000000 1.00000000 1.00000000
v -0.31211948 0.16112985 -0.03815186 1.00000000 1.00000000 1.00000000
v 0.07953284 0.07267277 -0.04921363 1.00000000 1.00000000 1.00000000
v -0.17352950 0.02931286 -0.04921363 1.00000000 1.00000000 1.00000000
v -0.00435327 0.09764320 -0.04921363 1.00000000 1.00000000 1.00000000
v 0.15769371 -0.27865943 -0.04921363 1.00000000 1.00000000 1.00000000
v -0.24170699 -0.09931682 -0.04921363 1.00000000 1.00000000 1.00000000
v 0.15273840 0.14542941 -0.04921363 1.00000000 1.00000000 1.00000000
v 0.08979298 -0.30592306 -0.04921363 1.00000000 1.00000000 1.00000000
v 0.21277070 -0.12912070 -0.04921363 1.00000000 1.00000000 1.00000000
v 0.24771739 0.17169583 -0.04921363 1.00000000 1.00000000 1.00000000
v 0.16769311 0.13305304 -0.04921363 1.00000000 1.00000000 1.00000000
v -0.07239941 -0.30695276 -0.04921363 1.00000000 1.00000000 1.00000000
v -0.07374631 0.09578414 -0.04921363 1.00000000 1.00000000 1.00000000
v 0.25169432 0.00821253 -0.04921363 1.00000000 1.00000000 1.00000000
v 0.31542558 -0.02538145 -0.01031657 1.00000000 1.00000000 1.00000000
v -0.12876689 -0.18000042 -0.04921363 1.00000000 1.00000000 1.00000000
v -0.00914540 -0.04064594 -0.04921363 1.00000000 1.00000000 1.00000000
v 0.07298490 -0.04142972 -0.04921363 1.00000000 1.00000000 1.00000000
v -0.18001255 0.20352741 -0.04921363 1.00000000 1.00000000 1.00000000
v -0.31432885 0.03550592 -0.01684712 1.00000000 1.00000000 1.00000000
v 0.16275833 0.27025425 -0.03445949 1.00000000 1.00000000 1.00000000
v -0.03799352 -0.22216805 -0.04921363 1.00000000 1.00000000 1.00000000
v 0.25558924 -0.12983519 -0.04921363 1.00000000 1.00000000 1.00000000
v 0.11281469 -0.15336412 -0.04921363 1.00000000 1.00000000 1.00000000
v 0.30836859 0.04573788 -0.02820090 1.00000000 1.00000000 1.00000000
v 0.08990438 -0.22849748 -0.04921363 1.00000000 1.00000000 1.00000000
v 0.15664457 -0.16528372 -0.04921363 1.00000000 1.00000000 1.00000000
v 0.02275485 -0.03618879 -0.04921363 1.00000000 1.00000000 1.00000000
v 0.06349739 -0.17625989 -0.04921363 1.00000000 1.00000000 1.00000000
v 0.10699390 -0.24911958 -0.04921363 1.00000000 1.00000000 1.00000000
v -0.28190590 0.04555186 -0.04696230 1.00000000 1.00000000 1.00000000
v -0.06919681 -0.00944116 -0.04921363 1.00000000 1.00000000 1.00000000
v -0.25678751 -0.31205405 -0.04921363 1.00000000 1.00000000 1.00000000
v 0.11755230 0.21383115 -0.04921363 1.00000000 1.00000000 1.00000000
v 0.00785104 -0.21996322 -0.04921363 1.00000000 1.00000000 1.00000000
v -0.09156198 0.21306848 -0.04921363 1.00000000 1.00000000 1.00000000
v 0.27185250 0.02201799 -0.04892766 1.00000000 1.00000000 1.00000000
v 0.19668979 0.14377872 -0.04921363 1.00000000 1.00000000 1.00000000
v 0.08912706 -0.27713557 -0.04921363 1.00000000 1.00000000 1.00000000
v -0.31319505 0.14625200 -0.02365935 1.00000000 1.00000000 1.00000000
v 0.28337709 0.27099634 -0.02674815 1.00000000 1.00000000 1.00000000
v 0.28627864 -0.05220348 -0.04484910 1.00000000 1.00000000 1.00000000
v 0.30262309 -0.13015886 -0.03229711 1.00000000 1.00000000 1.00000000
v 0.30325380 -0.23515285 -0.02981430 1.00000000 1.00000000 1.00000000
v 0.26234299 0.16831725 -0.04921363 1.00000000 1.00000000 1.00000000
v -0.06300785 0.16147466 -0.04921363 1.00000000 1.00000000 1.00000000
v 0.04090400 -0.11967432 -0.04921363 1.00000000 1.00000000 1.00000000
v -0.20784952 -0.25571240 -0.04921363 1.00000000 1.00000000 1.00000000
v -0.06642916 0.05248720 -0.04921363 1.00000000 1.00000000 1.00000000
v 0.04250737 -0.17627042 -0.04921363 1.00000000 1.00000000 1.00000000
v 0.02792566 0.02279912 -0.04921363 1.00000000 1.00000000 1.00000000
v -0.29377540 0.09983835 -0.04210597 1.00000000 1.00000000 1.00000000
v -0.01079173 0.08468671 -0.04921363 1.00000000 1.00000000 1.00000000
v -0.19291597 -0.08641824 -0.04921363 1.00000000 1.00000000 1.00000000
v 0.27260078 -0.16866388 -0.04845916 1.00000000 1.00000000 1.00000000
v 0.01005094 -0.03663189 -0.04921363 1.00000000 1.00000000 1.00000000
v -0.31135622 -0.19902368 -0.01607681 1.00000000 1.00000000 1.00000000
v 0.18191198 0.12866689 -0.04921363 1.00000000 1.00000000 1.00000000
v 0.04231807 -0.27614309 -0.04921363 1.00000000 1.00000000 1.00000000
v -0.01613225 -0.09317747 -0.04921363 1.00000000 1.00000000 1.00000000
v 0.27399424 0.26157057 -0.03786100 1.00000000 1.00000000 1.00000000
v 0.13146688 -0.11267673 -0.04921363 1.00000000 1.00000000 1.00000000
v -0.17961814 0.27550659 -0.02808557 1.00000000 1.00000000 1.00000000
v 0.30694577 0.19494961 -0.04921363 1.00000000 1.00000000 1.00000000
v 0.08479390 -0.08788729 -0.04921363 1.00000000 1.00000000 1.00000000
v 0.24042159 -0.13661963 -0.04921363 1.00000000 1.00000000 1.00000000
v 0.30406632 0.05994676 -0.03358131 1.00000000 1.00000000 1.00000000
v -0.30695684 -0.27629891 -0.02340351 1.00000000 1.00000000 1.00000000
v -0.08522274 0.27375384 -0.01669551 1.00000000 1.00000000 1.00000000
v 0.22553335 0.25502974 -0.04398386 1.00000000 1.00000000 1.00000000
v 0.18025474 0.19918534 -0.04921363 1.00000000 1.00000000 1.00000000
v -0.28672040 -0.19029048 -0.04374593 1.00000000 1.00000000 1.00000000
v 0.15102800 0.02766790 -0.04921363 1.00000000 1.00000000 1.00000000
v 0.07932843 -0.26853830 -0.04921363 1.00000000 1.00000000 1.00000000
v 0.14766968 0.16906874 -0.04921363 1.00000000 1.00000000 1.00000000
v 0.08354427 0.14464949 -0.04921363 1.00000000 1.00000000 1.00000000
v 0.28929346 -0.23460505 -0.04201197 1.00000000 1.00000000 1.00000000
v 0.20643288 0.17567194 -0.04921363 1.00000000 1.00000000 1.00000000
v 0.12885504 0.20981438 -0.04921363 1.00000000 1.00000000 1.00000000
v 0.31018154 -0.13502402 -0.02098269 1.00000000 1.00000000 1.00000000
v 0.21205063 0.06631443 -0.04921363 1.00000000 1.00000000 1.00000000
v -0.17342207 0.01418731 -0.04921363 1.00000000 1.00000000 1.00000000
v -0.29855030 -0.31317525 -0.03392794 1.00000000 1.00000000 1.00000000
v -0.16290439 0.22521979 -0.04921363 1.00000000 1.00000000 1.00000000
v 0.17146435 0.21190542 -0.04921363 1.00000000 1.00000000 1.00000000
v 0.19379715 0.19045284 -0.04921363 1.00000000 1.00000000 1.00000000
v 0.27341884 0.05516076 -0.04879979 1.00000000 1.00000000 1.00000000
v 0.11704863 0.00655036 -0.04921363 1.00000000 1.00000000 1.00000000
v 0.22082068 -0.26074795 -0.04921363 1.00000000 1.00000000 1.00000000
v -0.23270042 -0.03241051 -0.04921363 1.00000000 1.00000000 1.00000000
v 0.04994842 -0.08192132 -0.04921363 1.00000000 1.00000000 1.00000000
v 0.12968136 0.01009577 -0.04921363 1.00000000 1.00000000 1.00000000
v -0.06863131 -0.24488747 -0.04921363 1.00000000 1.00000000 1.00000000
v -0.15085693 0.05844115 -0.04921363 1.00000000 1.00000000 1.00000000
v 0.12617248 -0.29197802 -0.04921363 1.00000000 1.00000000 1.00000000
v -0.24247664 0.14929662 -0.04921363 1.00000000 1.00000000 1.00000000
v -0.16305323 0.26495951 -0.03900357 1.00000000 1.00000000 1.00000000
v 0.30644307 -0.07853737 -0.02847678 1.00000000 1.00000000 1.00000000
v 0.31185730 -0.15406821 -0.01641692 1.00000000 1.00000000 1.00000000
v -0.26884884 0.10173597 -0.04919596 1.00000000 1.00000000 1.00000000
v 0.22029625 -0.00456335 -0.04921363 1.00000000 1.00000000 1.00000000
v 0.30871821 0.17455599 -0.04590712 1.00000000 1.00000000 1.00000000
v 0.30802576 -0.00824748 -0.02762960 1.00000000 1.00000000 1.00000000
v -0.15987071 0.10201282 -0.04921363 1.00000000 1.00000000 1.00000000
v -0.31133368 -0.07653500 -0.02026882 1.00000000 1.00000000 1.00000000
v 0.06748540 -0.16296275 -0.04921363 1.00000000 1.00000000 1.00000000
v 0.23950688 -0.16434715 -0.04921363 1.00000000 1.00000000 1.00000000
v -0.27890830 0.09081007 -0.04792120 1.00000000 1.00000000 1.00000000
v -0.24846759 -0.14809886 -0.04921363 1.00000000 1.00000000 1.00000000
v -0.01448127 -0.26794152 -0.04921363 1.00000000 1.00000000 1.00000000
v 0.06363004 0.21071464 -0.04921363 1.00000000 1.00000000 1.00000000
v 0.17719293 -0.19519202 -0.04921363 1.00000000 1.00000000 1.00000000
v -0.08547799 -0.18734754 -0.04921363 1.00000000 1.00000000 1.00000000
v 0.11945369 -0.30309360 -0.04921363 1.00000000 1.00000000 1.00000000
v -0.02693226 -0.05248011 -0.04921363 1.00000000 1.00000000 1.00000000
v 0.22084915 0.02313058 -0.04921363 1.00000000 1.00000000 1.00000000
v -0.00808256 -0.28317923 -0.04921363 1.00000000 1.00000000 1.00000000
v -0.16930419 -0.00864776 -0.04921363 1.00000000 1.00000000 1.00000000
v 0.19082973 0.07145739 -0.04921363 1.00000000 1.00000000 1.00000000
v 0.09202638 -0.05414242 -0.04921363 1.00000000 1.00000000 1.00000000
v 0.12948275 -0.26144099 -0.04921363 1.00000000 1.00000000 1.00000000
v 0.06565467 0.14106562 -0.04921363 1.00000000 1.00000000 1.00000000
v -0.31352559 -0.06669630 -0.01511250 1.00000000 1.00000000 1.00000000
v -0.30325889 -0.22672529 -0.02995601 1.00000000 1.00000000 1.00000000
v -0.30193798 -0.02607444 -0.03452508 1.00000000 1.00000000 1.00000000
v -0.19520503 0.13967660 -0.04921363 1.00000000 1.00000000 1.00000000
v -0.20189435 0.12981334 -0.04921363 1.00000000 1.00000000 1.00000000
v -0.01771007 0.00935579 -0.04921363 1.00000000 1.00000000 1.00000000
v 0.20575341 0.10202367 -0.04921363 1.00000000 1.00000000 1.00000000
v -0.17125136 0.24602198 -0.04779236 1.00000000 1.00000000 1.00000000
v 0.02096282 -0.08960305 -0.04921363 1.00000000 1.00000000 1.00000000
v -0.24403786 -0.13566653 -0.04921363 1.00000000 1.00000000 1.00000000
v -0.30595550 -0.03770237 -0.02986346 1.00000000 1.00000000 1.00000000
v 0.31103482 -0.12048461 -0.01958873 1.00000000 1.00000000 1.00000000
v 0.29569284 0.07336448 -0.04068544 1.00000000 1.00000000 1.00000000
v -0.18757198 -0.06364428 -0.04921363 1.00000000 1.00000000 1.00000000
v 0.04957713 0.19384314 -0.04921363 1.00000000 1.00000000 1.00000000
v -0.15226342 -0.27791686 -0.04921363 1.00000000 1.00000000 1.00000000
v -0.16044898 -0.23764862 -0.04921363 1.00000000 1.00000000 1.00000000
v 0.22707452 0.19162972 -0.04921363 1.00000000 1.00000000 1.00000000
v -0.03137187 -0.16549898 -0.04921363 1.00000000 1.00000000 1.00000000
v -0.23139345 -0.30870733 -0.04921363 1.00000000 1.00000000 1.00000000
v 0.17157097 0.04196849 -0.04921363 1.00000000 1.00000000 1.00000000
v 0.23304747 0.02099630 -0.04921363 1.00000000 1.00000000 1.00000000
v -0.02898213 0.22876239 -0.05276869 1.00000000 1.00000000 1.00000000
v 0.22228540 -0.19165069 -0.04921363 1.00000000 1.00000000 1.00000000
v -0.08480256 0.11998772 -0.04921363 1.00000000 1.00000000 1.00000000
v 0.31397944 -0.12823259 -0.01040053 1.00000000 1.00000000 1.00000000
v 0.22265141 -0.29780745 -0.04921363 1.00000000 1.00000000 1.00000000
v 0.18346867 0.18096849 -0.04921363 1.00000000 1.00000000 1.00000000
v 0.21828394 -0.23526771 -0.04921363 1.00000000 1.00000000 1.00000000
v -0.24840306 0.06814777 -0.04921363 1.00000000 1.00000000 1.00000000
v 0.30369427 0.22480438 -0.04921363 1.00000000 1.00000000 1.00000000
v 0.27369304 0.06991950 -0.04879098 1.00000000 1.00000000 1.00000000
v -0.14804265 0.21511731 -0.04921363 1.00000000 1.00000000 1.00000000
v -0.20459982 -0.24207976 -0.04921363 1.00000000 1.00000000 1.00000000
v 0.02079984 0.04620999 -0.04921363 1.00000000 1.00000000 1.00000000
v -0.09168100 -0.25414104 -0.04921363 1.00000000 1.00000000 1.00000000
v -0.00861052 -0.30592601 -0.04921363 1.00000000 1.00000000 1.00000000
v 0.01966774 -0.05990255 -0.04921363 1.00000000 1.00000000 1.00000000
v 0.10659882 -0.22207965 -0.04921363 1.00000000 1.00000000 1.00000000
v 0.29250264 0.05452671 -0.04247691 1.00000000 1.00000000 1.00000000
v 0.21897338 0.22764883 -0.04921363 1.00000000 1.00000000 1.00000000
v 0.30650928 -0.22177637 -0.02544243 1.00000000 1.00000000 1.00000000
v 0.14394284 -0.16309878 -0.04921363 1.00000000 1.00000000 1.00000000
v 0.03191002 -0.02609218 -0.04921363 1.00000000 1.00000000 1.00000000
v -0.12877075 -0.13510770 -0.04921363 1.00000000 1.00000000 1.00000000
v 0.17771379 -0.04859808 -0.04921363 1.00000000 1.00000000 1.00000000
v 0.10356066 -0.23545195 -0.04921363 1.00000000 1.00000000 1.00000000
v 0.28575710 0.04243142 -0.04561006 1.00000000 1.00000000 1.00000000
v -0.20648222 0.01897400 -0.04921363 1.00000000 1.00000000 1.00000000
v 0.25451278 0.13756440 -0.04921363 1.00000000 1.00000000 1.00000000
v 0.18871514 -0.11721041 -0.04921363 1.00000000 1.00000000 1.00000000
v -0.15539604 -0.14571716 -0.04921363 1.00000000 1.00000000 1.00000000
v -0.06399986 0.00631941 -0.04921363 1.00000000 1.00000000 1.00000000
v 0.11248326 -0.29391629 -0.04921363 1.00000000 1.00000000 1.00000000
v -0.13421803 -0.16356638 -0.04921363 1.00000000 1.00000000 1.00000000
v 0.03753371 0.15453933 -0.04921363 1.00000000 1.00000000 1.00000000
v 0.09543386 0.18488670 -0.04921363 1.00000000 1.00000000 1.00000000
v 0.09436788 0.03416950 -0.04921363 1.00000000 1.00000000 1.00000000
v -0.23294831 0.04276292 -0.04921363 1.00000000 1.00000000 1.00000000
v 0.24284434 -0.15095252 -0.04921363 1.00000000 1.00000000 1.00000000
v -0.29548266 0.24824712 -0.04476861 1.00000000 1.00000000 1.00000000
v 0.23894929 -0.29532206 -0.04921363 1.00000000 1.00000000 1.00000000
v 0.23910338 0.15961150 -0.04921363 1.00000000 1.00000000 1.00000000
v -0.24309050 -0.08327439 -0.04921363 1.00000000 1.00000000 1.00000000
v 0.27148149 -0.15127998 -0.04867412 1.00000000 1.00000000 1.00000000
v 0.30480429 -0.14396613 -0.02944853 1.00000000 1.00000000 1.00000000
v 0.20878830 -0.04526551 -0.04921363 1.00000000 1.00000000 1.00000000
v 0.19393512 -0.07588983 -0.04921363 1.00000000 1.00000000 1.00000000
v 0.23393768 -0.22677256 -0.04921363 1.00000000 1.00000000 1.00000000
v -0.13773556 -0.31099582 -0.04921363 1.00000000 1.00000000 1.00000000
v 0.05516534 -0.27441640 -0.04921363 1.00000000 1.00000000 1.00000000
v 0.29971888 -0.08776692 -0.03581607 1.00000000 1.00000000 1.00000000
v 0.29847801 -0.01808198 -0.03771638 1.00000000 1.00000000 1.00000000
v 0.18006894 0.24986210 -0.04667752 1.00000000 1.00000000 1.00000000
v 0.17820180 0.22254673 -0.04921363 1.00000000 1.00000000 1.00000000
v 0.01414065 0.20935084 -0.05069353 1.00000000 1.00000000 1.00000000
v -0.06727828 -0.02633255 -0.04921363 1.00000000 1.00000000 1.00000000
v 0.21837005 -0.08097904 -0.04921363 1.00000000 1.00000000 1.00000000
v -0.09711646 0.16974193 -0.04921363 1.00000000 1.00000000 1.00000000
v -0.15666486 -0.07854265 -0.04921363 1.00000000 1.00000000 1.00000000
v -0.09422316 0.26964812 -0.02679838 1.00000000 1.00000000 1.00000000
v -0.19165237 0.25696119 -0.04366092 1.00000000 1.00000000 1.00000000
v 0.03211485 -0.28278961 -0.04921363 1.00000000 1.00000000 1.00000000
v -0.08108167 0.16526628 -0.04921363 1.00000000 1.00000000 1.00000000
v -0.26249256 -0.02653155 -0.04921363 1.00000000 1.00000000 1.00000000
v -0.20625151 0.08679995 -0.04921363 1.00000000 1.00000000 1.00000000
v 0.10558947 0.19914681 -0.04921363 1.00000000 1.00000000 1.00000000
v 0.31351892 -0.14283433 -0.01149460 1.00000000 1.00000000 1.00000000
v -0.07482667 -0.17507256 -0.04921363 1.00000000 1.00000000 1.00000000
v -0.13146967 0.22704217 -0.04921363 1.00000000 1.00000000 1.00000000
v 0.11837653 0.15721410 -0.04921363 1.00000000 1.00000000 1.00000000
v -0.13967373 -0.14471965 -0.04921363 1.00000000 1.00000000 1.00000000
v -0.15404005 -0.20466015 -0.04921363 1.00000000 1.00000000 1.00000000
v -0.15563189 0.27667812 -0.02670874 1.00000000 1.00000000 1.00000000
v -0.24496202 -0.19650910 -0.04921363 1.00000000 1.00000000 1.00000000
v 0.11169353 -0.09605894 -0.04921363 1.00000000 1.00000000 1.00000000
v -0.17294016 0.28142459 -0.01740589 1.00000000 1.00000000 1.00000000
v 0.09279283 -0.17313727 -0.04921363 1.00000000 1.00000000 1.00000000
v -0.13130921 0.16185442 -0.04921363 1.00000000 1.00000000 1.00000000
v 0.31495737 -0.00389278 -0.01331526 1.00000000 1.00000000 1.00000000
v -0.15437507 -0.26596800 -0.04921363 1.00000000 1.00000000 1.00000000
v -0.25826845 0.19749415 -0.04921363 1.00000000 1.00000000 1.00000000
v -0.28078378 0.21516622 -0.04921363 1.00000000 1.00000000 1.00000000
v -0.14363657 -0.12689427 -0.04921363 1.00000000 1.00000000 1.00000000
v -0.17004943 -0.31255800 -0.04921363 1.00000000 1.00000000 1.00000000
v -0.10057495 -0.14158498 -0.04921363 1.00000000 1.00000000 1.00000000
v -0.07835700 -0.08702897 -0.04921363 1.00000000 1.00000000 1.00000000
v -0.29563116 -0.24103533 -0.03751420 1.00000000 1.00000000 1.00000000
v 0.01710031 0.01707752 -0.04921363 1.00000000 1.00000000 1.00000000
v -0.12362529 0.14806293 -0.04921363 1.00000000 1.00000000 1.00000000
v -0.07793350 0.24002722 -0.04856637 1.00000000 1.00000000 1.00000000
v -0.19794579 0.05512937 -0.04921363 1.00000000 1.00000000 1.00000000
v 0.11509383 0.23995125 -0.04880511 1.00000000 1.00000000 1.00000000
v -0.31216832 -0.16909977 -0.01491912 1.00000000 1.00000000 1.00000000
v -0.17391663 0.26557800 -0.03846439 1.00000000 1.00000000 1.00000000
v 0.09637449 -0.21393610 -0.04921363 1.00000000 1.00000000 1.00000000
v -0.23181652 -0.15836281 -0.04921363 1.00000000 1.00000000 1.00000000
v 0.19575069 -0.06490850 -0.04921363 1.00000000 1.00000000 1.00000000
v -0.17137736 0.18173021 -0.04921363 1.00000000 1.00000000 1.00000000
v -0.07673771 0.05985192 -0.04921363 1.00000000 1.00000000 1.00000000
v 0.14570010 0.28017809 -0.02049647 1.00000000 1.00000000 1.00000000
v -0.26956722 0.02238513 -0.04911714 1.00000000 1.00000000 1.00000000
v 0.24444245 -0.12313867 -0.04921363 1.00000000 1.00000000 1.00000000
v -0.19040814 -0.17722683 -0.04921363 1.00000000 1.00000000 1.00000000
v -0.13719834 0.05312521 -0.04921363 1.00000000 1.00000000 1.00000000
v 0.13780948 -0.09976064 -0.04921363 1.00000000 1.00000000 1.00000000
v -0.28649652 0.13917962 -0.04584247 1.00000000 1.00000000 1.00000000
v -0.14764221 -0.22862029 -0.04921363 1.00000000 1.00000000 1.00000000
v -0.05237374 -0.05398996 -0.04921363 1.00000000 1.00000000 1.00000000
v 0.19119344 -0.14961438 -0.04921363 1.00000000 1.00000000 1.00000000
v -0.31099643 -0.26674738 -0.01434914 1.00000000 1.00000000 1.00000000
v 0.20848605 -0.25029934 -0.04921363 1.00000000 1.00000000 1.00000000
v -0.08159932 -0.03642910 -0.04921363 1.00000000 1.00000000 1.00000000
v 0.27140108 -0.19647921 -0.04859212 1.00000000 1.00000000 1.00000000
v -0.09322312 0.12913299 -0.04921363 1.00000000 1.00000000 1.00000000
v -0.04314095 -0.26439683 -0.04921363 1.00000000 1.00000000 1.00000000
v 0.01647322 0.03166962 -0.04921363 1.00000000 1.00000000 1.00000000
v 0.25921000 -0.22329118 -0.04921363 1.00000000 1.00000000 1.00000000
v -0.12650268 0.01642677 -0.04921363 1.00000000 1.00000000 1.00000000
v -0.04308807 0.09586689 -0.04921363 1.00000000 1.00000000 1.00000000
v 0.20148596 -0.01991970 -0.04921363 1.00000000 1.00000000 1.00000000
v 0.05290161 0.08727245 -0.04921363 1.00000000 1.00000000 1.00000000
v -0.11498208 0.08715192 -0.04921363 1.00000000 1.00000000 1.00000000
v 0.23599407 -0.23906987 -0.04921363 1.00000000 1.00000000 1.00000000
v 0.13771203 0.20353217 -0.04921363 1.00000000 1.00000000 1.00000000
v -0.02316222 0.08201140 -0.04921363 1.00000000 1.00000000 1.00000000
v 0.19517232 0.01469324 -0.04921363 1.00000000 1.00000000 1.00000000
v -0.06131312 0.12901514 -0.04921363 1.00000000 1.00000000 1.00000000
v 0.10637577 0.03140608 -0.04921363 1.00000000 1.00000000 1.00000000
v -0.20917820 0.03349612 -0.04921363 1.00000000 1.00000000 1.00000000
v 0.25401097 -0.17246027 -0.04921363 1.00000000 1.00000000 1.00000000
v 0.12973384 0.04741229 -0.04921363 1.00000000 1.00000000 1.00000000
v 0.23513034 -0.02056078 -0.04921363 1.00000000 1.00000000 1.00000000
v -0.25720019 -0.19924379 -0.04921363 1.00000000 1.00000000 1.00000000
v 0.24260672 0.19107656 -0.04921363 1.00000000 1.00000000 1.00000000
v -0.28398556 0.18724783 -0.04921363 1.00000000 1.00000000 1.00000000
v -0.03711344 0.13115501 -0.04921363 1.00000000 1.00000000 1.00000000
v -0.09981579 -0.03868183 -0.04921363 1.00000000 1.00000000 1.00000000
v 0.17177950 -0.06174068 -0.04921363 1.00000000 1.00000000 1.00000000
v 0.10561235 -0.01448783 -0.04921363 1.00000000 1.00000000 1.00000000
v 0.20407101 -0.30836808 -0.04921363 1.00000000 1.00000000 1.00000000
v 0.16317958 -0.24084196 -0.04921363 1.00000000 1.00000000 1.00000000
v 0.29467087 0.13494272 -0.04186427 1.00000000 1.00000000 1.00000000
v 0.20310326 0.27056085 -0.03335062 1.00000000 1.00000000 1.00000000
v 0.28798963 0.12143414 -0.04514870 1.00000000 1.00000000 1.00000000
v 0.12005497 -0.07380512 -0.04921363 1.00000000 1.00000000 1.00000000
v 0.12454880 -0.27132595 -0.04921363 1.00000000 1.00000000 1.00000000
v 0.10652649 0.07830451 -0.04921363 1.00000000 1.00000000 1.00000000
v 0.22749770 -0.20250534 -0.04921363 1.00000000 1.00000000 1.00000000
v 0.23463419 -0.11153517 -0.04921363 1.00000000 1.00000000 1.00000000
v 0.24357876 0.27010119 -0.03174975 1.00000000 1.00000000 1.00000000
v -0.11481516 -0.14360541 -0.04921363 1.00000000 1.00000000 1.00000000
v 0.11566267 0.04727418 -0.04921363 1.00000000 1.00000000 1.00000000
v -0.15023088 -0.09140318 -0.04921363 1.00000000 1.00000000 1.00000000
v -0.28537134 -0.23164566 -0.04412459 1.00000000 1.00000000 1.00000000
v 0.16927712 -0.16464171 -0.04921363 1.00000000 1.00000000 1.00000000
v -0.25091496 -0.18514213 -0.04921363 1.00000000 1.00000000 1.00000000
v 0.06584662 -0.06386998 -0.04921363 1.00000000 1.00000000 1.00000000
v -0.14093466 -0.25852895 -0.04921363 1.00000000 1.00000000 1.00000000
v 0.26171220 0.19816559 -0.04921363 1.00000000 1.00000000 1.00000000
v -0.21740945 0.10651985 -0.04921363 1.00000000 1.00000000 1.00000000
v -0.30610202 0.07648357 -0.03160422 1.00000000 1.00000000 1.00000000
v -0.30044129 -0.28675323 -0.03230648 1.00000000 1.00000000 1.00000000
v 0.04846085 -0.10636213 -0.04921363 1.00000000 1.00000000 1.00000000
v -0.19193868 0.11641660 -0.04921363 1.00000000 1.00000000 1.00000000
v -0.09184014 -0.10067208 -0.04921363 1.00000000 1.00000000 1.00000000
v -0.09020653 -0.29381138 -0.04921363 1.00000000 1.00000000 1.00000000
v -0.30222380 0.15810267 -0.04056493 1.00000000 1.00000000 1.00000000
v -0.01543660 0.22100512 -0.05290405 1.00000000 1.00000000 1.00000000
v 0.11481069 0.25791534 -0.04311943 1.00000000 1.00000000 1.00000000
v -0.17766111 -0.16922499 -0.04921363 1.00000000 1.00000000 1.00000000
v 0.29740820 -0.18344091 -0.03668947 1.00000000 1.00000000 1.00000000
v -0.24007002 0.01438873 -0.04921363 1.00000000 1.00000000 1.00000000
v -0.20525679 0.12072299 -0.04921363 1.00000000 1.00000000 1.00000000
v 0.11850779 -0.28212308 -0.04921363 1.00000000 1.00000000 1.00000000
v 0.24237366 -0.19337222 -0.04921363 1.00000000 1.00000000 1.00000000
v 0.11285891 -0.08484176 -0.04921363 1.00000000 1.00000000 1.00000000
v 0.23898374 0.00798059 -0.04921363 1.00000000 1.00000000 1.00000000
v -0.07454852 0.18801468 -0.04921363 1.00000000 1.00000000 1.00000000
v -0.08541034 0.25382667 -0.04455288 1.00000000 1.00000000 1.00000000
v 0.27546480 0.20860784 -0.04921363 1.00000000 1.00000000 1.00000000
v 0.10351194 -0.26468807 -0.04921363 1.00000000 1.00000000 1.00000000
v 0.10566245 0.21384023 -0.04921363 1.00000000 1.00000000 1.00000000
v 0.25514567 -0.19952756 -0.04921363 1.00000000 1.00000000 1.00000000
v 0.30956207 -0.25851724 -0.01856900 1.00000000 1.00000000 1.00000000
v -0.23519648 -0.23473661 -0.04921363 1.00000000 1.00000000 1.00000000
v -0.30443687 -0.20753628 -0.02876902 1.00000000 1.00000000 1.00000000
v 0.18168892 0.02398034 -0.04921363 1.00000000 1.00000000 1.00000000
v -0.27043588 0.27331234 -0.02479052 1.00000000 1.00000000 1.00000000
v -0.14372051 -0.30037726 -0.04921363 1.00000000 1.00000000 1.00000000
v 0.02037543 -0.14478055 -0.04921363 1.00000000 1.00000000 1.00000000
v -0.23997595 0.03088059 -0.04921363 1.00000000 1.00000000 1.00000000
v -0.02416019 0.05451945 -0.04921363 1.00000000 1.00000000 1.00000000
v 0.05107789 -0.31007651 -0.04921363 1.00000000 1.00000000 1.00000000
v -0.04709116 -0.29527130 -0.04921363 1.00000000 1.00000000 1.00000000
v 0.19303093 0.17254012 -0.04921363 1.00000000 1.00000000 1.00000000
v -0.20543115 0.20687431 -0.04921363 1.00000000 1.00000000 1.00000000
v 0.01728413 -0.12952248 -0.04921363 1.00000000 1.00000000 1.00000000
v -0.31592423 0.10813761 -0.01519592 1.00000000 1.00000000 1.00000000
v -0.20114337 0.19499772 -0.04921363 1.00000000 1.00000000 1.00000000
v -0.21211431 0.05896861 -0.04921363 1.00000000 1.00000000 1.00000000
v -0.12453823 -0.15275097 -0.04921363 1.00000000 1.00000000 1.00000000
v 0.14972178 -0.05605666 -0.04921363 1.00000000 1.00000000 1.00000000
v -0.21602139 0.21377931 -0.04921363 1.00000000 1.00000000 1.00000000
v 0.26045325 0.01457970 -0.04921363 1.00000000 1.00000000 1.00000000
v 0.07776341 -0.24178790 -0.04921363 1.00000000 1.00000000 1.00000000
v -0.27355966 -0.20843638 -0.04817713 1.00000000 1.00000000 1.00000000
v 0.13458908 0.27591337 -0.02761425 1.00000000 1.00000000 1.00000000
v 0.04129535 0.01577070 -0.04921363 1.00000000 1.00000000 1.00000000
v -0.01370237 -0.00393690 -0.04921363 1.00000000 1.00000000 1.00000000
v -0.09232070 -0.08620542 -0.04921363 1.00000000 1.00000000 1.00000000
v -0.26268589 -0.11340911 -0.04921363 1.00000000 1.00000000 1.00000000
v 0.13816482 -0.02805643 -0.04921363 1.00000000 1.00000000 1.00000000
v -0.18205705 0.03828839 -0.04921363 1.00000000 1.00000000 1.00000000
v 0.00596884 -0.20474595 -0.04921363 1.00000000 1.00000000 1.00000000
v -0.27223960 -0.24211290 -0.04834194 1.00000000 1.00000000 1.00000000
v -0.00710711 0.12604631 -0.04921363 1.00000000 1.00000000 1.00000000
v -0.03378434 0.06317271 -0.04921363 1.00000000 1.00000000 1.00000000
v -0.14816785 -0.01908019 -0.04921363 1.00000000 1.00000000 1.00000000
v 0.03372236 -0.20981441 -0.04921363 1.00000000 1.00000000 1.00000000
v -0.12829987 -0.00854017 -0.04921363 1.00000000 1.00000000 1.00000000
v 0.11824595 -0.05287047 -0.04921363 1.00000000 1.00000000 1.00000000
v 0.09988200 -0.02733750 -0.04921363 1.00000000 1.00000000 1.00000000
v 0.11183401 -0.06323342 -0.04921363 1.00000000 1.00000000 1.00000000
v 0.25063233 -0.08544877 -0.04921363 1.00000000 1.00000000 1.00000000
v 0.07200804 0.02954856 -0.04921363 1.00000000 1.00000000 1.00000000
v -0.03432901 -0.03895995 -0.04921363 1.00000000 1.00000000 1.00000000
v 0.13848090 0.13600320 -0.04921363 1.00000000 1.00000000 1.00000000
v 0.29641640 -0.06172276 -0.03885437 1.00000000 1.00000000 1.00000000
v 0.02277546 -0.15973679 -0.04921363 1.00000000 1.00000000 1.00000000
v -0.14515441 -0.07843603 -0.04921363 1.00000000 1.00000000 1.00000000
v -0.07588457 0.25372831 -0.03928720 1.00000000 1.00000000 1.00000000
v -0.10681950 0.21326280 -0.04921363 1.00000000 1.00000000 1.00000000
v 0.30577207 -0.09918414 -0.02899426 1.00000000 1.00000000 1.00000000
v -0.23561226 -0.14568704 -0.04921363 1.00000000 1.00000000 1.00000000
v -0.21186166 -0.23351026 -0.04921363 1.00000000 1.00000000 1.00000000
v -0.00407615 0.07378542 -0.04921363 1.00000000 1.00000000 1.00000000
v -0.07541262 -0.10270263 -0.04921363 1.00000000 1.00000000 1.00000000
v -0.24441998 -0.26008298 -0.04921363 1.00000000 1.00000000 1.00000000
v -0.28286888 -0.02710302 -0.04632112 1.00000000 1.00000000 1.00000000
v 0.25598094 -0.10115948 -0.04921363 1.00000000 1.00000000 1.00000000
v -0.04456244 0.04695648 -0.04921363 1.00000000 1.00000000 1.00000000
v 0.30842517 -0.29349208 -0.02004750 1.00000000 1.00000000 1.00000000
v -0.04354113 -0.23523141 -0.04921363 1.00000000 1.00000000 1.00000000
v 0.06286214 -0.07603145 -0.04921363 1.00000000 1.00000000 1.00000000
v -0.08468137 -0.02202198 -0.04921363 1.00000000 1.00000000 1.00000000
v 0.23367578 -0.00661244 -0.04921363 1.00000000 1.00000000 1.00000000
v -0.18579633 0.16674169 -0.04921363 1.00000000 1.00000000 1.00000000
v 0.14031803 -0.30945893 -0.04921363 1.00000000 1.00000000 1.00000000
v 0.15383295 -0.30997403 -0.04921363 1.00000000 1.00000000 1.00000000
v -0.24345973 0.04816815 -0.04921363 1.00000000 1.00000000 1.00000000
v 0.02885912 -0.21970674 -0.04921363 1.00000000 1.00000000 1.00000000
v 0.30342672 0.11842072 -0.03502599 1.00000000 1.00000000 1.00000000
v 0.08326189 0.03992639 -0.04921363 1.00000000 1.00000000 1.00000000
v 0.08474283 0.21611719 -0.04921363 1.00000000 1.00000000 1.00000000
v 0.07642312 -0.15142140 -0.04921363 1.00000000 1.00000000 1.00000000
v -0.11711943 -0.22332572 -0.04921363 1.00000000 1.00000000 1.00000000
v -0.24896314 -0.21434533 -0.04921363 1.00000000 1.00000000 1.00000000
v 0.05882881 -0.04241627 -0.04921363 1.00000000 1.00000000 1.00000000
v -0.24055190 0.10025770 -0.04921363 1.00000000 1.00000000 1.00000000
v -0.02269079 0.12394419 -0.04921363 1.00000000 1.00000000 1.00000000
v 0.25544235 0.18395326 -0.04921363 1.00000000 1.00000000 1.00000000
v 0.00763206 -0.18761428 -0.04921363 1.00000000 1.00000000 1.00000000
v -0.02557214 -0.21416746 -0.04921363 1.00000000 1.00000000 1.00000000
v 0.12107542 0.03473357 -0.04921363 1.00000000 1.00000000 1.00000000
v 0.05687824 -0.02035583 -0.04921363 1.00000000 1.00000000 1.00000000
v 0.20281117 0.20050655 -0.04921363 1.00000000 1.00000000 1.00000000
v -0.23044982 0.19281856 -0.04921363 1.00000000 1.00000000 1.00000000
v -0.04159638 0.23663007 -0.05097299 1.00000000 1.00000000 1.00000000
v 0.04422079 -0.24072760 -0.04921363 1.00000000 1.00000000 1.00000000
v -0.10949789 0.26554522 -0.03799862 1.00000000 1.00000000 1.00000000
v 0.31219293 -0.19811975 -0.01354987 1.00000000 1.00000000 1.00000000
v 0.22533561 0.10744344 -0.04921363 1.00000000 1.00000000 1.00000000
v 0.17346725 -0.25054283 -0.04921363 1.00000000 1.00000000 1.00000000
v -0.06888177 0.17399631 -0.04921363 1.00000000 1.00000000 1.00000000
v 0.12452775 -0.08538751 -0.04921363 1.00000000 1.00000000 1.00000000
v -0.20157428 -0.13124303 -0.04921363 1.00000000 1.00000000 1.00000000
v -0.14459569 -0.03267028 -0.04921363 1.00000000 1.00000000 1.00000000
v -0.26392256 -0.18322695 -0.04921217 1.00000000 1.00000000 1.00000000
v 0.17713173 0.11616285 -0.04921363 1.00000000 1.00000000 1.00000000
v -0.31293248 -0.09830070 -0.01556836 1.00000000 1.00000000 1.00000000
v 0.27268263 -0.24234139 -0.04825753 1.00000000 1.00000000 1.00000000
v -0.20809139 0.04713875 -0.04921363 1.00000000 1.00000000 1.00000000
v -0.03570166 -0.31098669 -0.04921363 1.00000000 1.00000000 1.00000000
v -0.13646826 0.28193440 -0.01599011 1.00000000 1.00000000 1.00000000
v -0.04486600 -0.16991494 -0.04921363 1.00000000 1.00000000 1.00000000
v -0.28517188 -0.30859028 -0.04369922 1.00000000 1.00000000 1.00000000
v 0.03316394 0.16900990 -0.04921363 1.00000000 1.00000000 1.00000000
v 0.02886853 0.12590197 -0.04921363 1.00000000 1.00000000 1.00000000
v -0.30240384 0.22948529 -0.04912137 1.00000000 1.00000000 1.00000000
v -0.12435040 -0.09339887 -0.04921363 1.00000000 1.00000000 1.00000000
v 0.26891626 -0.03376147 -0.04910919 1.00000000 1.00000000 1.00000000
v 0.07372149 -0.13728634 -0.04921363 1.00000000 1.00000000 1.00000000
v 0.13811255 0.03532561 -0.04921363 1.00000000 1.00000000 1.00000000
v -0.23722464 0.16795922 -0.04921363 1.00000000 1.00000000 1.00000000
v -0.01304410 0.04742592 -0.04921363 1.00000000 1.00000000 1.00000000
v -0.05253234 0.06040141 -0.04921363 1.00000000 1.00000000 1.00000000
v -0.29226137 0.01880743 -0.04233179 1.00000000 1.00000000 1.00000000
v -0.21947396 -0.09999729 -0.04921363 1.00000000 1.00000000 1.00000000
v -0.16188791 0.02062327 -0.04921363 1.00000000 1.00000000 1.00000000
v 0.24232722 -0.25105308 -0.04921363 1.00000000 1.00000000 1.00000000
v -0.22416181 -0.16964902 -0.04921363 1.00000000 1.00000000 1.00000000
v 0.09836025 -0.16015008 -0.04921363 1.00000000 1.00000000 1.00000000
v -0.31200213 -0.11382855 -0.01750760 1.00000000 1.00000000 1.00000000
v -0.18046177 0.28369602 -0.00914920 1.00000000 1.00000000 1.00000000
v -0.19424205 0.08914644 -0.04921363 1.00000000 1.00000000 1.00000000
v -0.31085880 -0.30016899 -0.01326880 1.00000000 1.00000000 1.00000000
v -0.04231212 -0.25041214 -0.04921363 1.00000000 1.00000000 1.00000000
v -0.26549626 -0.16702590 -0.04918480 1.00000000 1.00000000 1.00000000
v -0.11116143 0.28141638 -0.01588296 1.00000000 1.00000000 1.00000000
v 0.08285597 -0.02280844 -0.04921363 1.00000000 1.00000000 1.00000000
v -0.17293322 -0.24295981 -0.04921363 1.00000000 1.00000000 1.00000000
v -0.19818277 -0.10712536 -0.04921363 1.00000000 1.00000000 1.00000000
v 0.28048102 0.23769852 -0.04839338 1.00000000 1.00000000 1.00000000
v -0.26860906 0.05661819 -0.04918451 1.00000000 1.00000000 1.00000000
v -0.30281825 -0.19230111 -0.03108069 1.00000000 1.00000000 1.00000000
v 0.18843001 -0.09048144 -0.04921363 1.00000000 1.00000000 1.00000000
v 0.02011036 0.11432477 -0.04921363 1.00000000 1.00000000 1.00000000
v 0.06925400 0.25910616 -0.03673737 1.00000000 1.00000000 1.00000000
v -0.25779864 0.12591423 -0.04921363 1.00000000 1.00000000 1.00000000
v -0.29421808 -0.16412726 -0.03942768 1.00000000 1.00000000 1.00000000
v -0.03910405 0.22573408 -0.05031949 1.00000000 1.00000000 1.00000000
v 0.25681504 0.07177568 -0.04921363 1.00000000 1.00000000 1.00000000
v 0.07820955 0.24944058 -0.04170521 1.00000000 1.00000000 1.00000000
v -0.27959107 0.25282660 -0.04325778 1.00000000 1.00000000 1.00000000
v -0.14888750 0.18535422 -0.04921363 1.00000000 1.00000000 1.00000000
v -0.00095521 0.13903710 -0.04921363 1.00000000 1.00000000 1.00000000
v 0.22590010 -0.10238390 -0.04921363 1.00000000 1.00000000 1.00000000
v -0.18305791 0.02172144 -0.04921363 1.00000000 1.00000000 1.00000000
v -0.13949349 -0.09716985 -0.04921363 1.00000000 1.00000000 1.00000000
v -0.11101528 0.04887767 -0.04921363 1.00000000 1.00000000 1.00000000
v -0.09057543 0.06378058 -0.04921363 1.00000000 1.00000000 1.00000000
v -0.27008045 0.20572628 -0.04921363 1.00000000 1.00000000 1.00000000
v -0.19779330 0.18318582 -0.04921363 1.00000000 1.00000000 1.00000000
v -0.02695877 -0.24453006 -0.04921363 1.00000000 1.00000000 1.00000000
v -0.05689269 -0.19661106 -0.04921363 1.00000000 1.00000000 1.00000000
v 0.24775371 -0.00322488 -0.04921363 1.00000000 1.00000000 1.00000000
v -0.23390812 0.08784771 -0.04921363 1.00000000 1.00000000 1.00000000
v -0.21537780 0.27157290 -0.03172613 1.00000000 1.00000000 1.00000000
v 0.16064239 -0.09764354 -0.04921363 1.00000000 1.00000000 1.00000000
v 0.06424810 -0.00667374 -0.04921363 1.00000000 1.00000000 1.00000000
v -0.06235675 -0.09746481 -0.04921363 1.00000000 1.00000000 1.00000000
v -0.22270609 0.03690359 -0.04921363 1.00000000 1.00000000 1.00000000
v -0.17472415 0.13074789 -0.04921363 1.00000000 1.00000000 1.00000000
v -0.28863965 -0.07325385 -0.04359761 1.00000000 1.00000000 1.00000000
v -0.16827006 -0.10043161 -0.04921363 1.00000000 1.00000000 1.00000000
v 0.01724176 -0.07411307 -0.04921363 1.00000000 1.00000000 1.00000000
v 0.27797053 0.16339616 -0.04893553 1.00000000 1.00000000 1.00000000
v -0.19447267 -0.30358497 -0.04921363 1.00000000 1.00000000 1.00000000
v 0.21176001 -0.20945369 -0.04921363 1.00000000 1.00000000 1.00000000
v -0.14709482 0.07396673 -0.04921363 1.00000000 1.00000000 1.00000000
v 0.03555033 0.08371375 -0.04921363 1.00000000 1.00000000 1.00000000
v -0.10468075 -0.25867028 -0.04921363 1.00000000 1.00000000 1.00000000
v -0.21874270 -0.03682489 -0.04921363 1.00000000 1.00000000 1.00000000
v 0.06819983 -0.05322896 -0.04921363 1.00000000 1.00000000 1.00000000
v -0.30489946 -0.09021710 -0.03027389 1.00000000 1.00000000 1.00000000
v -0.20519149 -0.07898661 -0.04921363 1.00000000 1.00000000 1.00000000
v 0.21038957 0.27998498 -0.01856604 1.00000000 1.00000000 1.00000000
v 0.21748537 0.20287688 -0.04921363 1.00000000 1.00000000 1.00000000
v -0.05451193 0.04795160 -0.04921363 1.00000000 1.00000000 1.00000000
v 0.28868465 -0.19369257 -0.04268612 1.00000000 1.00000000 1.00000000
v 0.16051014 0.16184644 -0.04921363 1.00000000 1.00000000 1.00000000
v -0.30966449 -0.23434645 -0.01911341 1.00000000 1.00000000 1.00000000
v 0.24911892 -0.21549921 -0.04921363 1.00000000 1.00000000 1.00000000
v 0.04908751 -0.03223535 -0.04921363 1.00000000 1.00000000 1.00000000
v -0.20773712 0.27887950 -0.02120749 1.00000000 1.00000000 1.00000000
v -0.04712070 -0.10239118 -0.04921363 1.00000000 1.00000000 1.00000000
v -0.29496820 0.11720598 -0.04153448 1.00000000 1.00000000 1.00000000
v 0.16288003 0.22567683 -0.04921363 1.00000000 1.00000000 1.00000000
v -0.25700674 -0.26100795 -0.04921363 1.00000000 1.00000000 1.00000000
v 0.28139436 0.01054566 -0.04697009 1.00000000 1.00000000 1.00000000
v -0.24269996 -0.06010038 -0.04921363 1.00000000 1.00000000 1.00000000
v 0.04987098 0.20932632 -0.04921363 1.00000000 1.00000000 1.00000000
v 0.18660400 -0.31646330 -0.04921363 1.00000000 1.00000000 1.00000000
v 0.23462019 0.17701108 -0.04921363 1.00000000 1.00000000 1.00000000
v 0.18133504 0.08745248 -0.04921363 1.00000000 1.00000000 1.00000000
v 0.15064934 -0.12570337 -0.04921363 1.00000000 1.00000000 1.00000000
v -0.04555466 0.07971143 -0.04921363 1.00000000 1.00000000 1.00000000
v 0.13475776 0.28301207 -0.01247224 1.00000000 1.00000000 1.00000000
v -0.01474678 0.13658323 -0.04921363 1.00000000 1.00000000 1.00000000
v 0.20183944 -0.13990555 -0.04921363 1.00000000 1.00000000 1.00000000
v -0.26824791 0.17237109 -0.04921363 1.00000000 1.00000000 1.00000000
v -0.29084815 -0.20386888 -0.04132583 1.00000000 1.00000000 1.00000000
v 0.13199166 -0.16539519 -0.04921363 1.00000000 1.00000000 1.00000000
v 0.06733980 0.05134002 -0.04921363 1.00000000 1.00000000 1.00000000
v -0.27301089 -0.09425579 -0.04856208 1.00000000 1.00000000 1.00000000
v 0.27094797 0.22216244 -0.04921363 1.00000000 1.00000000 1.00000000
v 0.17742813 0.05823204 -0.04921363 1.00000000 1.00000000 1.00000000
v -0.19652743 -0.26535820 -0.04921363 1.00000000 1.00000000 1.00000000
v -0.04790423 0.03378572 -0.04921363 1.00000000 1.00000000 1.00000000
v 0.19046602 0.22518144 -0.04921363 1.00000000 1.00000000 1.00000000
v 0.22796881 -0.08893949 -0.04921363 1.00000000 1.00000000 1.00000000
v 0.04930416 -0.25129474 -0.04921363 1.00000000 1.00000000 1.00000000
v -0.18589881 -0.29015400 -0.04921363 1.00000000 1.00000000 1.00000000
v -0.18396892 0.14064165 -0.04921363 1.00000000 1.00000000 1.00000000
v 0.18837901 0.20935419 -0.04921363 1.00000000 1.00000000 1.00000000
v -0.13614000 0.00556368 -0.04921363 1.00000000 1.00000000 1.00000000
v -0.14198123 0.20151031 -0.04921363 1.00000000 1.00000000 1.00000000
v 0.07949320 -0.00702539 -0.04921363 1.00000000 1.00000000 1.00000000
v 0.04171193 -0.05819501 -0.04921363 1.00000000 1.00000000 1.00000000
v 0.19109116 0.05163244 -0.04921363 1.00000000 1.00000000 1.00000000
v 0.23187775 0.11911038 -0.04921363 1.00000000 1.00000000 1.00000000
v -0.27564179 0.00829589 -0.04835541 1.00000000 1.00000000 1.00000000
v -0.08470374 0.17971431 -0.04921363 1.00000000 1.00000000 1.00000000
v 0.13131716 0.12269821 -0.04921363 1.00000000 1.00000000 1.00000000
v -0.30404239 -0.06495466 -0.03171552 1.00000000 1.00000000 1.00000000
v 0.30130720 -0.24867624 -0.03192718 1.00000000 1.00000000 1.00000000
v 0.15630473 0.28082739 -0.01911005 1.00000000 1.00000000 1.00000000
v -0.00925321 -0.14892546 -0.04921363 1.00000000 1.00000000 1.00000000
v 0.19737414 0.03228181 -0.04921363 1.00000000 1.00000000 1.00000000
v 0.19513458 0.12885947 -0.04921363 1.00000000 1.00000000 1.00000000
v 0.12783799 -0.15033535 -0.04921363 1.00000000 1.00000000 1.00000000
v -0.16807577 0.05945099 -0.04921363 1.00000000 1.00000000 1.00000000
v 0.17332017 -0.21063935 -0.04921363 1.00000000 1.00000000 1.00000000
v 0.15656213 -0.20705982 -0.04921363 1.00000000 1.00000000 1.00000000
v 0.02029820 -0.23280363 -0.04921363 1.00000000 1.00000000 1.00000000
v 0.21741509 0.07842477 -0.04921363 1.00000000 1.00000000 1.00000000
v 0.21068118 0.13670514 -0.04921363 1.00000000 1.00000000 1.00000000
v 0.18492282 0.03880195 -0.04921363 1.00000000 1.00000000 1.00000000
v -0.21704397 0.09206142 -0.04921363 1.00000000 1.00000000 1.00000000
v -0.15090732 0.23747529 -0.04909701 1.00000000 1.00000000 1.00000000
v -0.24087936 0.17816369 -0.04921363 1.00000000 1.00000000 1.00000000
v -0.29396084 0.21654872 -0.04921363 1.00000000 1.00000000 1.00000000
v -0.00518914 -0.12870154 -0.04921363 1.00000000 1.00000000 1.00000000
v 0.05221449 0.16199817 -0.04921363 1.00000000 1.00000000 1.00000000
v 0.22497166 0.14615097 -0.04921363 1.00000000 1.00000000 1.00000000
v -0.18718334 0.28123067 -0.01725824 1.00000000 1.00000000 1.00000000
v -0.23248740 -0.07391915 -0.04921363 1.00000000 1.00000000 1.00000000
v -0.13912242 0.15118285 -0.04921363 1.00000000 1.00000000 1.00000000
v -0.25039570 -0.01730855 -0.04921363 1.00000000 1.00000000 1.00000000
v -0.12785709 0.09607272 -0.04921363 1.00000000 1.00000000 1.00000000
v -0.16670203 0.27628396 -0.02721269 1.00000000 1.00000000 1.00000000
v -0.23807167 0.06378350 -0.04921363 1.00000000 1.00000000 1.00000000
v -0.16534564 -0.22477359 -0.04921363 1.00000000 1.00000000 1.00000000
v -0.29131167 0.06974140 -0.04324259 1.00000000 1.00000000 1.00000000
v 0.08290014 0.16459347 -0.04921363 1.00000000 1.00000000 1.00000000
v -0.23179058 0.12455653 -0.04921363 1.00000000 1.00000000 1.00000000
v -0.24944291 -0.22990774 -0.04921363 1.00000000 1.00000000 1.00000000
v 0.22063995 -0.15762634 -0.04921363 1.00000000 1.00000000 1.00000000
v 0.15691200 -0.15201111 -0.04921363 1.00000000 1.00000000 1.00000000
v -0.09280161 0.11034640 -0.04921363 1.00000000 1.00000000 1.00000000
v -0.12026660 0.00238284 -0.04921363 1.00000000 1.00000000 1.00000000
v -0.31441395 0.13777900 -0.02004065 1.00000000 1.00000000 1.00000000
v -0.20622795 -0.03780869 -0.04921363 1.00000000 1.00000000 1.00000000
v 0.22251590 -0.27489435 -0.04921363 1.00000000 1.00000000 1.00000000
v 0.16566641 -0.10839984 -0.04921363 1.00000000 1.00000000 1.00000000
v 0.02107954 -0.25565233 -0.04921363 1.00000000 1.00000000 1.00000000
v -0.25731802 -0.13713939 -0.04921363 1.00000000 1.00000000 1.00000000
v 0.07733469 -0.20025186 -0.04921363 1.00000000 1.00000000 1.00000000
v -0.21628663 0.22709362 -0.04921363 1.00000000 1.00000000 1.00000000
v -0.18495235 -0.31145183 -0.04921363 1.00000000 1.00000000 1.00000000
v -0.22411069 0.06670588 -0.04921363 1.00000000 1.00000000 1.00000000
v 0.23003486 -0.12390563 -0.04921363 1.00000000 1.00000000 1.00000000
v -0.31357558 -0.08584818 -0.01412991 1.00000000 1.00000000 1.00000000
v 0.07624187 -0.17597170 -0.04921363 1.00000000 1.00000000 1.00000000
v 0.31102560 -0.05761984 -0.02144922 1.00000000 1.00000000 1.00000000
v 0.06351846 -0.10678822 -0.04921363 1.00000000 1.00000000 1.00000000
v -0.11220989 -0.06695927 -0.04921363 1.00000000 1.00000000 1.00000000
v 0.28023934 0.17858130 -0.04921363 1.00000000 1.00000000 1.00000000
v 0.21279063 0.00858934 -0.04921363 1.00000000 1.00000000 1.00000000
v -0.28800298 0.15661759 -0.04626468 1.00000000 1.00000000 1.00000000
v 0.02636039 0.21368854 -0.05083212 1.00000000 1.00000000 1.00000000
v -0.31503717 0.06834591 -0.01616029 1.00000000 1.00000000 1.00000000
v -0.06507689 -0.05889130 -0.04921363 1.00000000 1.00000000 1.00000000
v 0.07599070 -0.07577234 -0.04921363 1.00000000 1.00000000 1.00000000
v 0.23930216 0.14445027 -0.04921363 1.00000000 1.00000000 1.00000000
v 0.09187458 0.00078911 -0.04921363 1.00000000 1.00000000 1.00000000
v 0.03690762 -0.16394430 -0.04921363 1.00000000 1.00000000 1.00000000
v 0.06213870 -0.14858489 -0.04921363 1.00000000 1.00000000 1.00000000
v 0.30751603 -0.16312052 -0.02513101 1.00000000 1.00000000 1.00000000
v 0.08799850 -0.28988428 -0.04921363 1.00000000 1.00000000 1.00000000
v 0.00798618 0.20071133 -0.04921363 1.00000000 1.00000000 1.00000000
v -0.12426946 0.28156299 -0.01643365 1.00000000 1.00000000 1.00000000
v -0.15556760 0.16794634 -0.04921363 1.00000000 1.00000000 1.00000000
v 0.08029931 0.26916259 -0.02347016 1.00000000 1.00000000 1.00000000
v 0.04468508 -0.20442963 -0.04921363 1.00000000 1.00000000 1.00000000
v -0.22904305 0.22061310 -0.04921363 1.00000000 1.00000000 1.00000000
v 0.25944842 0.21219497 -0.04921363 1.00000000 1.00000000 1.00000000
v -0.23129757 -0.29159737 -0.04921363 1.00000000 1.00000000 1.00000000
v -0.22168679 -0.25094095 -0.04921363 1.00000000 1.00000000 1.00000000
v -0.04914385 0.12564750 -0.04921363 1.00000000 1.00000000 1.00000000
v 0.00108685 -0.27112038 -0.04921363 1.00000000 1.00000000 1.00000000
v -0.11755398 0.07273383 -0.04921363 1.00000000 1.00000000 1.00000000
v -0.32251614 0.26939214 0.02028943 1.00000000 1.00000000 1.00000000
v -0.32286425 0.25560191 0.03683477 1.00000000 1.00000000 1.00000000
v -0.32105220 0.23661694 0.04687508 1.00000000 1.00000000 1.00000000
v -0.31899288 0.21703734 0.04921363 1.00000000 1.00000000 1.00000000
v -0.31897459 0.20236602 0.04921363 1.00000000 1.00000000 1.00000000
v -0.31895175 0.18404550 0.04815969 1.00000000 1.00000000 1.00000000
v -0.31892614 0.16349830 0.03899315 1.00000000 1.00000000 1.00000000
v -0.31890802 0.14896051 0.02184129 1.00000000 1.00000000 1.00000000
v -0.31890144 0.14368071 0.00000000 1.00000000 0.00000000 0.00000000
v -0.33246684 0.13974000 0.00000000 1.00000000 1.00000000 1.00000000
v -0.34603225 0.13579929 0.00000000 1.00000000 1.00000000 1.00000000
v -0.35959765 0.13185857 0.00000000 1.00000000 1.00000000 1.00000000
v -0.37318069 0.12791274 0.00000000 1.00000000 1.00000000 1.00000000
v -0.38674609 0.12397203 0.00000000 1.00000000 1.00000000 1.00000000
v -0.40031150 0.12003132 0.00000000 1.00000000 1.00000000 1.00000000
v -0.41387690 0.11609060 0.00000000 1.00000000 1.00000000 1.00000000
v -0.42744230 0.11214989 0.00000000 1.00000000 1.00000000 1.00000000
v -0.44100771 0.10820918 0.00000000 1.00000000 1.00000000 1.00000000
v -0.45459075 0.10426334 0.00000000 1.00000000 1.00000000 1.00000000
v -0.46815615 0.10032263 0.00000000 1.00000000 1.00000000 1.00000000
v -0.48172155 0.09638192 0.00000000 1.00000000 1.00000000 1.00000000
v -0.49528696 0.09244121 0.00000000 1.00000000 0.00000000 0.00000000
v -0.49726966 0.09720922 0.02161306 1.00000000 1.00000000 1.00000000
v -0.50274396 0.11037381 0.03869461 1.00000000 1.00000000 1.00000000
v -0.51050289 0.12903247 0.04800427 1.00000000 1.00000000 1.00000000
v -0.51907026 0.14963528 0.04800427 1.00000000 1.00000000 1.00000000
v -0.52682919 0.16829394 0.03869461 1.00000000 1.00000000 1.00000000
v -0.53230349 0.18145852 0.02161306 1.00000000 1.00000000 1.00000000
v -0.53428619 0.18622654 0.00000000 1.00000000 0.00000000 0.00000000
v -0.52083359 0.19182060 0.00000000 1.00000000 1.00000000 1.00000000
v -0.50738098 0.19741467 0.00000000 1.00000000 1.00000000 1.00000000
v -0.49392838 0.20300874 0.00000000 1.00000000 1.00000000 1.00000000
v -0.48047577 0.20860280 0.00000000 1.00000000 1.00000000 1.00000000
v -0.46702316 0.21419687 0.00000000 1.00000000 1.00000000 1.00000000
v -0.45357056 0.21979094 0.00000000 1.00000000 1.00000000 1.00000000
v -0.44011795 0.22538500 0.00000000 1.00000000 1.00000000 1.00000000
v -0.42666535 0.23097907 0.00000000 1.00000000 1.00000000 1.00000000
v -0.41323427 0.23656418 0.00000000 1.00000000 1.00000000 1.00000000
v -0.39978166 0.24215825 0.00000000 1.00000000 1.00000000 1.00000000
v -0.38632905 0.24775232 0.00000000 1.00000000 1.00000000 1.00000000
v -0.37287645 0.25334638 0.00000000 1.00000000 1.00000000 1.00000000
v -0.35942384 0.25894045 0.00000000 1.00000000 1.00000000 1.00000000
v -0.34597124 0.26453452 0.00000000 1.00000000 1.00000000 1.00000000
v -0.33251863 0.27012858 0.00000000 1.00000000 1.00000000 1.00000000
v -0.31906602 0.27572265 0.00000000 1.00000000 0.00000000 0.00000000
v -0.39556913 0.12908473 0.02552528 1.00000000 1.00000000 1.00000000
v -0.37897727 0.20147026 0.04894837 1.00000000 1.00000000 1.00000000
v -0.51197620 0.16489857 0.04409638 1.00000000 1.00000000 1.00000000
v -0.46974736 0.16230687 0.04906397 1.00000000 1.00000000 1.00000000
v -0.39000610 0.21876122 0.04258853 1.00000000 1.00000000 1.00000000
v -0.48728887 0.19771748 0.02562706 1.00000000 1.00000000 1.00000000
v -0.35580136 0.25612538 0.01911403 1.00000000 1.00000000 1.00000000
v -0.42318566 0.14450733 0.04484218 1.00000000 1.00000000 1.00000000
v -0.39471544 0.23163681 0.03136523 1.00000000 1.00000000 1.00000000
v -0.35091339 0.13630793 0.01315719 1.00000000 1.00000000 1.00000000
v -0.49669707 0.17196363 0.04377543 1.00000000 1.00000000 1.00000000
v -0.42299104 0.12821932 0.03411080 1.00000000 1.00000000 1.00000000
v -0.32891771 0.26268091 0.02689210 1.00000000 1.00000000 1.00000000
v -0.36044232 0.17094548 0.04756217 1.00000000 1.00000000 1.00000000
v -0.44566819 0.15749354 0.04916753 1.00000000 1.00000000 1.00000000
v -0.40102192 0.12271656 0.01604396 1.00000000 1.00000000 1.00000000
v -0.39061954 0.24030695 0.02173834 1.00000000 1.00000000 1.00000000
v -0.41492019 0.22354487 0.03102719 1.00000000 1.00000000 1.00000000
v -0.41942652 0.17296869 0.04921363 1.00000000 1.00000000 1.00000000
v -0.44066795 0.22294482 0.01380921 1.00000000 1.00000000 1.00000000
v -0.51370733 0.19157914 0.01654705 1.00000000 1.00000000 1.00000000
v -0.45823416 0.20142378 0.03506988 1.00000000 1.00000000 1.00000000
v -0.38203740 0.23710156 0.03115567 1.00000000 1.00000000 1.00000000
v -0.38182386 0.13377058 0.02655825 1.00000000 1.00000000 1.00000000
v -0.52326439 0.18488622 0.02220835 1.00000000 1.00000000 1.00000000
v -0.49992170 0.19755006 0.01593753 1.00000000 1.00000000 1.00000000
v -0.41031048 0.12668017 0.02820318 1.00000000 1.00000000 1.00000000
v -0.45571562 0.16372659 0.04921363 1.00000000 1.00000000 1.00000000
v -0.35231532 0.24108635 0.03853681 1.00000000 1.00000000 1.00000000
v -0.40581006 0.21395780 0.04163295 1.00000000 1.00000000 1.00000000
v -0.34723007 0.16155399 0.04242434 1.00000000 1.00000000 1.00000000
v -0.39414052 0.20379320 0.04751537 1.00000000 1.00000000 1.00000000
v -0.42011392 0.23308766 0.00734019 1.00000000 1.00000000 1.00000000
v -0.46086788 0.13185719 0.04409167 1.00000000 1.00000000 1.00000000
v -0.45386020 0.11199065 0.02527734 1.00000000 1.00000000 1.00000000
v -0.45064321 0.12209831 0.03586797 1.00000000 1.00000000 1.00000000
v -0.35245483 0.22582810 0.04617712 1.00000000 1.00000000 1.00000000
v -0.43355488 0.19909714 0.04336381 1.00000000 1.00000000 1.00000000
v -0.43121161 0.21147818 0.03608023 1.00000000 1.00000000 1.00000000
v -0.41329087 0.23277492 0.01788962 1.00000000 1.00000000 1.00000000
v -0.44879971 0.21970065 0.01338218 1.00000000 1.00000000 1.00000000
v -0.41085622 0.11898131 0.01344404 1.00000000 1.00000000 1.00000000
v -0.39056798 0.17552337 0.04921300 1.00000000 1.00000000 1.00000000
v -0.39274767 0.24431604 0.00818782 1.00000000 1.00000000 1.00000000
v -0.36695768 0.25343892 0.01428125 1.00000000 1.00000000 1.00000000
v -0.34631839 0.25086827 0.03230702 1.00000000 1.00000000 1.00000000
v -0.45440192 0.21088164 0.02636199 1.00000000 1.00000000 1.00000000
v -0.47230636 0.14464939 0.04873075 1.00000000 1.00000000 1.00000000
v -0.35923660 0.13583494 0.01847579 1.00000000 1.00000000 1.00000000
v -0.50687897 0.14593462 0.04912197 1.00000000 1.00000000 1.00000000
v -0.36896052 0.18696136 0.04921363 1.00000000 1.00000000 1.00000000
v -0.46133065 0.10487202 0.01513923 1.00000000 1.00000000 1.00000000
v -0.42552716 0.22132679 0.02844420 1.00000000 1.00000000 1.00000000
v -0.42155831 0.11954842 0.02219660 1.00000000 1.00000000 1.00000000
v -0.36685431 0.23181473 0.04066101 1.00000000 1.00000000 1.00000000
v -0.50403521 0.18748526 0.02989570 1.00000000 1.00000000 1.00000000
v -0.48834207 0.11939842 0.04176976 1.00000000 1.00000000 1.00000000
v -0.44878846 0.10734341 0.01122244 1.00000000 1.00000000 1.00000000
v -0.44280005 0.21383714 0.02882779 1.00000000 1.00000000 1.00000000
v -0.40209102 0.13847870 0.03774468 1.00000000 1.00000000 1.00000000
v -0.40896581 0.18357023 0.04921300 1.00000000 1.00000000 1.00000000
v -0.43437490 0.22105376 0.02356268 1.00000000 1.00000000 1.00000000
v -0.43925422 0.12361541 0.03422694 1.00000000 1.00000000 1.00000000
v -0.42150000 0.11479175 0.00911441 1.00000000 1.00000000 1.00000000
v -0.47326383 0.10219709 0.01725081 1.00000000 1.00000000 1.00000000
v -0.42578305 0.16227436 0.04911868 1.00000000 1.00000000 1.00000000
v -0.36374901 0.14267901 0.03123456 1.00000000 1.00000000 1.00000000
v -0.43613496 0.16866597 0.04921363 1.00000000 1.00000000 1.00000000
v -0.32519608 0.14737511 0.02188799 1.00000000 1.00000000 1.00000000
v -0.35615145 0.15270275 0.03841352 1.00000000 1.00000000 1.00000000
v -0.47558123 0.19077771 0.03784692 1.00000000 1.00000000 1.00000000
v -0.36683933 0.13073020 0.00940410 1.00000000 1.00000000 1.00000000
v -0.43135799 0.11611046 0.02107365 1.00000000 1.00000000 1.00000000
v -0.34232208 0.20966208 0.04921363 1.00000000 1.00000000 1.00000000
v -0.44879751 0.17414949 0.04876441 1.00000000 1.00000000 1.00000000
v -0.33372840 0.24427263 0.04143936 1.00000000 1.00000000 1.00000000
v -0.45904945 0.21571601 0.01247063 1.00000000 1.00000000 1.00000000
v -0.34119126 0.23182219 0.04572832 1.00000000 1.00000000 1.00000000
v -0.43334341 0.13410679 0.04101131 1.00000000 1.00000000 1.00000000
v -0.41283564 0.15627453 0.04769497 1.00000000 1.00000000 1.00000000
v -0.48614807 0.14172738 0.04886406 1.00000000 1.00000000 1.00000000
v -0.44713349 0.13876309 0.04533511 1.00000000 1.00000000 1.00000000
v -0.44506571 0.20197696 0.03891574 1.00000000 1.00000000 1.00000000
v -0.47527502 0.12603002 0.04330120 1.00000000 1.00000000 1.00000000
v -0.37114591 0.13461510 0.02295662 1.00000000 1.00000000 1.00000000
v -0.40489297 0.17255405 0.04921363 1.00000000 1.00000000 1.00000000
v -0.37945601 0.15946853 0.04573350 1.00000000 1.00000000 1.00000000
v -0.35152742 0.18382589 0.04911755 1.00000000 1.00000000 1.00000000
v -0.32850274 0.19476641 0.04921363 1.00000000 1.00000000 1.00000000
v -0.39660942 0.18645235 0.04921363 1.00000000 1.00000000 1.00000000
v -0.32846460 0.17697657 0.04665173 1.00000000 1.00000000 1.00000000
v -0.37832451 0.12777145 0.01105623 1.00000000 1.00000000 1.00000000
v -0.48811487 0.10217486 0.02548602 1.00000000 1.00000000 1.00000000
v -0.37547816 0.17436987 0.04891683 1.00000000 1.00000000 1.00000000
v -0.39035315 0.15733419 0.04610307 1.00000000 1.00000000 1.00000000
v -0.34846358 0.14464489 0.02820102 1.00000000 1.00000000 1.00000000
v -0.47804085 0.10983039 0.03162979 1.00000000 1.00000000 1.00000000
v -0.46059582 0.18907334 0.04276016 1.00000000 1.00000000 1.00000000
v -0.33227010 0.21565923 0.04921180 1.00000000 1.00000000 1.00000000
v -0.41302793 0.13832784 0.03993080 1.00000000 1.00000000 1.00000000
v -0.40610819 0.23585057 0.01768471 1.00000000 1.00000000 1.00000000
v -0.48290603 0.15975544 0.04878965 1.00000000 1.00000000 1.00000000
v -0.34052447 0.13993704 0.01505605 1.00000000 1.00000000 1.00000000
v -0.33703731 0.15089767 0.03174707 1.00000000 1.00000000 1.00000000
v -0.36763291 0.15612086 0.04269098 1.00000000 1.00000000 1.00000000
v -0.46509098 0.11531571 0.03344715 1.00000000 1.00000000 1.00000000
v -0.46591916 0.17724600 0.04661924 1.00000000 1.00000000 1.00000000
v -0.32858188 0.22822553 0.04812641 1.00000000 1.00000000 1.00000000
v -0.37401276 0.24528583 0.02493399 1.00000000 1.00000000 1.00000000
v -0.38345452 0.18797823 0.04921363 1.00000000 1.00000000 1.00000000
v -0.36259965 0.24541097 0.03090640 1.00000000 1.00000000 1.00000000
v -0.33058373 0.14248561 0.01403679 1.00000000 1.00000000 1.00000000
v -0.33815602 0.17001270 0.04517298 1.00000000 1.00000000 1.00000000
v -0.49788893 0.13047306 0.04742469 1.00000000 1.00000000 1.00000000
v -0.43161370 0.22767983 0.01039327 1.00000000 1.00000000 1.00000000
v -0.34955921 0.19953857 0.04921363 1.00000000 1.00000000 1.00000000
v -0.47117866 0.20179418 0.02912496 1.00000000 1.00000000 1.00000000
v -0.42163797 0.18630128 0.04865391 1.00000000 1.00000000 1.00000000
v -0.46886548 0.21025797 0.01646667 1.00000000 1.00000000 1.00000000
v -0.34561651 0.26153158 0.01641027 1.00000000 1.00000000 1.00000000
v -0.37892469 0.22584741 0.04122616 1.00000000 1.00000000 1.00000000
v -0.51249347 0.17879853 0.03512464 1.00000000 1.00000000 1.00000000
v -0.44065966 0.11232235 0.01879528 1.00000000 1.00000000 1.00000000
v -0.40777112 0.19966025 0.04712372 1.00000000 1.00000000 1.00000000
v -0.33985389 0.19266212 0.04921363 1.00000000 1.00000000 1.00000000
v -0.44647550 0.18825172 0.04565304 1.00000000 1.00000000 1.00000000
v -0.45919250 0.15038792 0.04895037 1.00000000 1.00000000 1.00000000
v -0.42102972 0.20005193 0.04519905 1.00000000 1.00000000 1.00000000
v -0.37738980 0.14461642 0.03691578 1.00000000 1.00000000 1.00000000
v -0.40006097 0.23952762 0.01470421 1.00000000 1.00000000 1.00000000
v -0.43491487 0.15042421 0.04782521 1.00000000 1.00000000 1.00000000
v -0.49256912 0.18750465 0.03475138 1.00000000 1.00000000 1.00000000
v -0.43316639 0.18282236 0.04846048 1.00000000 1.00000000 1.00000000
v -0.32662842 0.15876608 0.03641941 1.00000000 1.00000000 1.00000000
v -0.49739394 0.15417623 0.04873539 1.00000000 1.00000000 1.00000000
v -0.40407942 0.22598686 0.03317217 1.00000000 1.00000000 1.00000000
v -0.42237901 0.22859735 0.01877688 1.00000000 1.00000000 1.00000000
v -0.33509430 0.26675901 0.01407268 1.00000000 1.00000000 1.00000000
v -0.48167505 0.17800552 0.04386900 1.00000000 1.00000000 1.00000000
v -0.37120903 0.21223979 0.04776737 1.00000000 1.00000000 1.00000000
v -0.38195672 0.24741038 0.01365114 1.00000000 1.00000000 1.00000000
v -0.48223742 0.20516644 0.01523430 1.00000000 1.00000000 1.00000000
v -0.33003669 0.20552939 0.04921363 1.00000000 1.00000000 1.00000000
v -0.33651955 0.25654767 0.03058044 1.00000000 1.00000000 1.00000000
v -0.41848857 0.21211225 0.03953641 1.00000000 1.00000000 1.00000000
v -0.36206930 0.19652845 0.04921363 1.00000000 1.00000000 1.00000000
v -0.39036143 0.14092746 0.03698063 1.00000000 1.00000000 1.00000000
v -0.35839918 0.21286126 0.04861755 1.00000000 1.00000000 1.00000000
v -0.38822732 0.12624764 0.01553418 1.00000000 1.00000000 1.00000000
v -0.40094006 0.15463681 0.04623285 1.00000000 1.00000000 1.00000000
v -0.32251614 0.26939214 -0.02028943 1.00000000 1.00000000 1.00000000
v -0.32286425 0.25560191 -0.03683477 1.00000000 1.00000000 1.00000000
v -0.32105220 0.23661694 -0.04687508 1.00000000 1.00000000 1.00000000
v -0.31899288 0.21703734 -0.04921363 1.00000000 1.00000000 1.00000000
v -0.31897459 0.20236602 -0.04921363 1.00000000 1.00000000 1.00000000
v -0.31895175 0.18404550 -0.04815969 1.00000000 1.00000000 1.00000000
v -0.31892614 0.16349830 -0.03899315 1.00000000 1.00000000 1.00000000
v -0.31890802 0.14896051 -0.02184129 1.00000000 1.00000000 1.00000000
v -0.31890144 0.14368071 0.00000000 1.00000000 0.00000000 0.00000000
v -0.33246684 0.13974000 0.00000000 1.00000000 1.00000000 1.00000000
v -0.34603225 0.13579929 0.00000000 1.00000000 1.00000000 1.00000000
v -0.35959765 0.13185857 0.00000000 1.00000000 1.00000000 1.00000000
v -0.37318069 0.12791274 0.00000000 1.00000000 1.00000000 1.00000000
v -0.38674609 0.12397203 0.00000000 1.00000000 1.00000000 1.00000000
v -0.40031150 0.12003132 0.00000000 1.00000000 1.00000000 1.00000000
v -0.41387690 0.11609060 0.00000000 1.00000000 1.00000000 1.00000000
v -0.42744230 0.11214989 0.00000000 1.00000000 1.00000000 1.00000000
v -0.44100771 0.10820918 0.00000000 1.00000000 1.00000000 1.00000000
v -0.45459075 0.10426334 0.00000000 1.00000000 1.00000000 1.00000000
v -0.46815615 0.10032263 0.00000000 1.00000000 1.00000000 1.00000000
v -0.48172155 0.09638192 0.00000000 1.00000000 1.00000000 1.00000000
v -0.49528696 0.09244121 0.00000000 1.00000000 0.00000000 0.00000000
v -0.49726966 0.09720922 -0.02161306 1.00000000 1.00000000 1.00000000
v -0.50274396 0.11037381 -0.03869461 1.00000000 1.00000000 1.00000000
v -0.51050289 0.12903247 -0.04800427 1.00000000 1.00000000 1.00000000
v -0.51907026 0.14963528 -0.04800427 1.00000000 1.00000000 1.00000000
v -0.52682919 0.16829394 -0.03869461 1.00000000 1.00000000 1.00000000
v -0.53230349 0.18145852 -0.02161306 1.00000000 1.00000000 1.00000000
v -0.53428619 0.18622654 0.00000000 1.00000000 0.00000000 0.00000000
v -0.52083359 0.19182060 0.00000000 1.00000000 1.00000000 1.00000000
v -0.50738098 0.19741467 0.00000000 1.00000000 1.00000000 1.00000000
v -0.49392838 0.20300874 0.00000000 1.00000000 1.00000000 1.00000000
v -0.48047577 0.20860280 0.00000000 1.00000000 1.00000000 1.00000000
v -0.46702316 0.21419687 0.00000000 1.00000000 1.00000000 1.00000000
v -0.45357056 0.21979094 0.00000000 1.00000000 1.00000000 1.00000000
v -0.44011795 0.22538500 0.00000000 1.00000000 1.00000000 1.00000000
v -0.42666535 0.23097907 0.00000000 1.00000000 1.00000000 1.00000000
v -0.41323427 0.23656418 0.00000000 1.00000000 1.00000000 1.00000000
v -0.39978166 0.24215825 0.00000000 1.00000000 1.00000000 1.00000000
v -0.38632905 0.24775232 0.00000000 1.00000000 1.00000000 1.00000000
v -0.37287645 0.25334638 0.00000000 1.00000000 1.00000000 1.00000000
v -0.35942384 0.25894045 0.00000000 1.00000000 1.00000000 1.00000000
v -0.34597124 0.26453452 0.00000000 1.00000000 1.00000000 1.00000000
v -0.33251863 0.27012858 0.00000000 1.00000000 1.00000000 1.00000000
v -0.31906602 0.27572265 0.00000000 1.00000000 0.00000000 0.00000000
v -0.32759846 0.26482706 -0.02456438 1.00000000 1.00000000 1.00000000
v -0.49602789 0.14576384 -0.04921363 1.00000000 1.00000000 1.00000000
v -0.41586677 0.17492806 -0.04921363 1.00000000 1.00000000 1.00000000
v -0.35202767 0.17738662 -0.04839742 1.00000000 1.00000000 1.00000000
v -0.37335150 0.14025724 -0.03164628 1.00000000 1.00000000 1.00000000
v -0.36262629 0.15198341 -0.03925410 1.00000000 1.00000000 1.00000000
v -0.50861307 0.15595300 -0.04757237 1.00000000 1.00000000 1.00000000
v -0.39264349 0.24313329 -0.01312348 1.00000000 1.00000000 1.00000000
v -0.37382526 0.15194806 -0.04134683 1.00000000 1.00000000 1.00000000
v -0.45082510 0.15871380 -0.04921363 1.00000000 1.00000000 1.00000000
v -0.50659326 0.19454501 -0.01652802 1.00000000 1.00000000 1.00000000
v -0.48801644 0.09732684 -0.01572204 1.00000000 1.00000000 1.00000000
v -0.44878758 0.20560024 -0.03484999 1.00000000 1.00000000 1.00000000
v -0.41620392 0.23356206 -0.01236993 1.00000000 1.00000000 1.00000000
v -0.32968280 0.20487229 -0.04921363 1.00000000 1.00000000 1.00000000
v -0.43704010 0.13045568 -0.03931674 1.00000000 1.00000000 1.00000000
v -0.38715468 0.20482211 -0.04793632 1.00000000 1.00000000 1.00000000
v -0.38333900 0.17526098 -0.04915286 1.00000000 1.00000000 1.00000000
v -0.39034639 0.18292738 -0.04921363 1.00000000 1.00000000 1.00000000
v -0.40937362 0.18855729 -0.04897320 1.00000000 1.00000000 1.00000000
v -0.49691497 0.19654037 -0.02093032 1.00000000 1.00000000 1.00000000
v -0.33524758 0.24409709 -0.04117523 1.00000000 1.00000000 1.00000000
v -0.43399095 0.20265987 -0.04139349 1.00000000 1.00000000 1.00000000
v -0.36278864 0.22810027 -0.04356509 1.00000000 1.00000000 1.00000000
v -0.32456446 0.17196242 -0.04437200 1.00000000 1.00000000 1.00000000
v -0.45353281 0.21649770 -0.01680551 1.00000000 1.00000000 1.00000000
v -0.52656583 0.18605259 -0.01698993 1.00000000 1.00000000 1.00000000
v -0.35735037 0.16454786 -0.04521748 1.00000000 1.00000000 1.00000000
v -0.37859740 0.23317567 -0.03622995 1.00000000 1.00000000 1.00000000
v -0.47987741 0.16550411 -0.04808928 1.00000000 1.00000000 1.00000000
v -0.37150786 0.20024402 -0.04919826 1.00000000 1.00000000 1.00000000
v -0.46979624 0.13613205 -0.04671741 1.00000000 1.00000000 1.00000000
v -0.44184291 0.21667416 -0.02554089 1.00000000 1.00000000 1.00000000
v -0.37124787 0.16879284 -0.04779652 1.00000000 1.00000000 1.00000000
v -0.38738196 0.13763172 -0.03318610 1.00000000 1.00000000 1.00000000
v -0.46344997 0.20804220 -0.02501367 1.00000000 1.00000000 1.00000000
v -0.51545233 0.19329358 -0.00817480 1.00000000 1.00000000 1.00000000
v -0.44714731 0.10957734 -0.01672877 1.00000000 1.00000000 1.00000000
v -0.40484713 0.20590942 -0.04552686 1.00000000 1.00000000 1.00000000
v -0.34079653 0.23018423 -0.04633680 1.00000000 1.00000000 1.00000000
v -0.34851456 0.21701809 -0.04861101 1.00000000 1.00000000 1.00000000
v -0.32958102 0.15163591 -0.03010429 1.00000000 1.00000000 1.00000000
v -0.48604699 0.19789904 -0.02611154 1.00000000 1.00000000 1.00000000
v -0.42470147 0.12640030 -0.03278438 1.00000000 1.00000000 1.00000000
v -0.47682458 0.20633749 -0.01793054 1.00000000 1.00000000 1.00000000
v -0.45820727 0.11275747 -0.02819146 1.00000000 1.00000000 1.00000000
v -0.33311833 0.21422735 -0.04921363 1.00000000 1.00000000 1.00000000
v -0.40470589 0.23085125 -0.02731789 1.00000000 1.00000000 1.00000000
v -0.38014748 0.12674743 -0.00882804 1.00000000 1.00000000 1.00000000
v -0.35002484 0.14799033 -0.03267650 1.00000000 1.00000000 1.00000000
v -0.47041272 0.10883210 -0.02767940 1.00000000 1.00000000 1.00000000
v -0.45709582 0.17457032 -0.04816702 1.00000000 1.00000000 1.00000000
v -0.37060900 0.21708119 -0.04655781 1.00000000 1.00000000 1.00000000
v -0.50112916 0.16335482 -0.04638693 1.00000000 1.00000000 1.00000000
v -0.35103876 0.13698688 -0.01535434 1.00000000 1.00000000 1.00000000
v -0.46465904 0.16004309 -0.04921363 1.00000000 1.00000000 1.00000000
v -0.46843076 0.12100437 -0.03908212 1.00000000 1.00000000 1.00000000
v -0.44745361 0.12056022 -0.03356807 1.00000000 1.00000000 1.00000000
v -0.51773716 0.16346068 -0.04366163 1.00000000 1.00000000 1.00000000
v -0.44043753 0.16944579 -0.04921363 1.00000000 1.00000000 1.00000000
v -0.36047441 0.13991418 -0.02647342 1.00000000 1.00000000 1.00000000
v -0.48273969 0.10547467 -0.02798251 1.00000000 1.00000000 1.00000000
v -0.42510852 0.22733533 -0.01904964 1.00000000 1.00000000 1.00000000
v -0.41185957 0.15681653 -0.04775545 1.00000000 1.00000000 1.00000000
v -0.45815702 0.12724209 -0.04122144 1.00000000 1.00000000 1.00000000
v -0.37842311 0.18877012 -0.04921363 1.00000000 1.00000000 1.00000000
v -0.40415840 0.23825775 -0.01340218 1.00000000 1.00000000 1.00000000
v -0.47255063 0.17834714 -0.04530628 1.00000000 1.00000000 1.00000000
v -0.42756542 0.21611191 -0.03327830 1.00000000 1.00000000 1.00000000
v -0.33566040 0.26425787 -0.01962118 1.00000000 1.00000000 1.00000000
v -0.32700759 0.14379041 -0.01484245 1.00000000 1.00000000 1.00000000
v -0.33026738 0.26973917 -0.01073504 1.00000000 1.00000000 1.00000000
v -0.32443372 0.27298831 -0.00663298 1.00000000 1.00000000 1.00000000
v -0.34797372 0.19245308 -0.04921363 1.00000000 1.00000000 1.00000000
v -0.51672001 0.18893418 -0.01968834 1.00000000 1.00000000 1.00000000
v -0.32572310 0.19562485 -0.04921363 1.00000000 1.00000000 1.00000000
v -0.39537901 0.19312332 -0.04907146 1.00000000 1.00000000 1.00000000
v -0.51002051 0.17366756 -0.03978761 1.00000000 1.00000000 1.00000000
v -0.48900809 0.12586499 -0.04504088 1.00000000 1.00000000 1.00000000
v -0.42415316 0.14427848 -0.04486410 1.00000000 1.00000000 1.00000000
v -0.43093420 0.11300253 -0.01295585 1.00000000 1.00000000 1.00000000
v -0.43767885 0.14948095 -0.04779335 1.00000000 1.00000000 1.00000000
v -0.51941678 0.18211877 -0.02865186 1.00000000 1.00000000 1.00000000
v -0.33942021 0.14239838 -0.02022947 1.00000000 1.00000000 1.00000000
v -0.41523662 0.22683475 -0.02682583 1.00000000 1.00000000 1.00000000
v -0.35559205 0.25742825 -0.01629646 1.00000000 1.00000000 1.00000000
v -0.39887569 0.14958884 -0.04396307 1.00000000 1.00000000 1.00000000
v -0.40236438 0.17695902 -0.04921363 1.00000000 1.00000000 1.00000000
v -0.42721251 0.16486228 -0.04921292 1.00000000 1.00000000 1.00000000
v -0.32856376 0.22835555 -0.04810287 1.00000000 1.00000000 1.00000000
v -0.47243072 0.19447495 -0.03596611 1.00000000 1.00000000 1.00000000
v -0.39222850 0.23485025 -0.02884796 1.00000000 1.00000000 1.00000000
v -0.37034554 0.24196123 -0.03115810 1.00000000 1.00000000 1.00000000
v -0.45848759 0.19239544 -0.04143818 1.00000000 1.00000000 1.00000000
v -0.32904550 0.18307826 -0.04822338 1.00000000 1.00000000 1.00000000
v -0.47964074 0.11664318 -0.03827417 1.00000000 1.00000000 1.00000000
v -0.35969794 0.19301940 -0.04921363 1.00000000 1.00000000 1.00000000
v -0.35314085 0.23495380 -0.04213248 1.00000000 1.00000000 1.00000000
v -0.36082024 0.24794161 -0.02880999 1.00000000 1.00000000 1.00000000
v -0.48659568 0.18316156 -0.03994735 1.00000000 1.00000000 1.00000000
v -0.49902982 0.12662166 -0.04639313 1.00000000 1.00000000 1.00000000
v -0.33297932 0.25618584 -0.03254107 1.00000000 1.00000000 1.00000000
v -0.34264064 0.15826047 -0.03958165 1.00000000 1.00000000 1.00000000
v -0.46162132 0.10447784 -0.01421763 1.00000000 1.00000000 1.00000000
v -0.50805265 0.18574434 -0.02997774 1.00000000 1.00000000 1.00000000
v -0.36663175 0.18363184 -0.04921363 1.00000000 1.00000000 1.00000000
v -0.40265867 0.13681892 -0.03653680 1.00000000 1.00000000 1.00000000
v -0.42003423 0.11751477 -0.01688526 1.00000000 1.00000000 1.00000000
v -0.48614746 0.14670660 -0.04919836 1.00000000 1.00000000 1.00000000
v -0.38642568 0.14850614 -0.04147726 1.00000000 1.00000000 1.00000000
v -0.33917226 0.26675868 -0.00726496 1.00000000 1.00000000 1.00000000
v -0.43600606 0.11703404 -0.02505359 1.00000000 1.00000000 1.00000000
v -0.37124248 0.13236423 -0.01851470 1.00000000 1.00000000 1.00000000
v -0.34938554 0.24679602 -0.03497353 1.00000000 1.00000000 1.00000000
v -0.47956740 0.13184590 -0.04624982 1.00000000 1.00000000 1.00000000
v -0.40968086 0.12177785 -0.01979073 1.00000000 1.00000000 1.00000000
v -0.52269387 0.17528616 -0.03447264 1.00000000 1.00000000 1.00000000
v -0.39922475 0.21978871 -0.03975609 1.00000000 1.00000000 1.00000000
v -0.41438706 0.21644174 -0.03768457 1.00000000 1.00000000 1.00000000
v -0.33955338 0.17522652 -0.04708911 1.00000000 1.00000000 1.00000000
v -0.38332217 0.16090473 -0.04660905 1.00000000 1.00000000 1.00000000
v -0.33002004 0.16292331 -0.04024982 1.00000000 1.00000000 1.00000000
v -0.41353430 0.13380252 -0.03665630 1.00000000 1.00000000 1.00000000
v -0.41991320 0.20070100 -0.04512754 1.00000000 1.00000000 1.00000000
v -0.43268969 0.22781582 -0.00758725 1.00000000 1.00000000 1.00000000
v -0.38138746 0.24555399 -0.01896871 1.00000000 1.00000000 1.00000000
v -0.39630689 0.16499306 -0.04847589 1.00000000 1.00000000 1.00000000
v -0.52697853 0.18874994 -0.00671860 1.00000000 1.00000000 1.00000000
v -0.49128354 0.16476370 -0.04716899 1.00000000 1.00000000 1.00000000
v -0.44922063 0.13875065 -0.04556441 1.00000000 1.00000000 1.00000000
v -0.38149249 0.13074933 -0.02137144 1.00000000 1.00000000 1.00000000
v -0.49830230 0.18171585 -0.03755713 1.00000000 1.00000000 1.00000000
v -0.35648135 0.20527725 -0.04921342 1.00000000 1.00000000 1.00000000
v -0.38532436 0.22101358 -0.04242919 1.00000000 1.00000000 1.00000000
v -0.50647760 0.14163026 -0.04921153 1.00000000 1.00000000 1.00000000
v -0.34210641 0.20349351 -0.04921363 1.00000000 1.00000000 1.00000000
v -0.46154287 0.14547272 -0.04838017 1.00000000 1.00000000 1.00000000
v -0.42867244 0.18328351 -0.04866643 1.00000000 1.00000000 1.00000000
v -0.34538524 0.26172585 -0.01616017 1.00000000 1.00000000 1.00000000
v -0.36330090 0.13224055 -0.01147060 1.00000000 1.00000000 1.00000000
v -0.33699986 0.19253321 -0.04921363 1.00000000 1.00000000 1.00000000
v -0.43605075 0.22314592 -0.01826237 1.00000000 1.00000000 1.00000000
v -0.36922618 0.25229823 -0.01485070 1.00000000 1.00000000 1.00000000
v -0.49275338 0.10973239 -0.03575136 1.00000000 1.00000000 1.00000000
v -0.39181645 0.12835293 -0.02249687 1.00000000 1.00000000 1.00000000
v -0.47511049 0.10061727 -0.01439513 1.00000000 1.00000000 1.00000000
v -0.34375002 0.25482931 -0.02906909 1.00000000 1.00000000 1.00000000
v -0.39951663 0.12408250 -0.01835782 1.00000000 1.00000000 1.00000000
v -0.47569626 0.15144230 -0.04921363 1.00000000 1.00000000 1.00000000
v -0.44410978 0.18899038 -0.04574064 1.00000000 1.00000000 1.00000000
v 0.31906602 0.27572265 0.00000000 1.00000000 0.00000000 0.00000000
v 0.33251863 0.27012858 0.00000000 1.00000000 1.00000000 1.00000000
v 0.34597124 0.26453452 0.00000000 1.00000000 1.00000000 1.00000000
v 0.35942384 0.25894045 0.00000000 1.00000000 1.00000000 1.00000000
v 0.37287645 0.25334638 0.00000000 1.00000000 1.00000000 1.00000000
v 0.38632905 0.24775232 0.00000000 1.00000000 1.00000000 1.00000000
v 0.39978166 0.24215825 0.00000000 1.00000000 1.00000000 1.00000000
v 0.41323427 0.23656418 0.00000000 1.00000000 1.00000000 1.00000000
v 0.42668687 0.23097012 0.00000000 1.00000000 1.00000000 1.00000000
v 0.44011795 0.22538500 0.00000000 1.00000000 1.00000000 1.00000000
v 0.45357056 0.21979094 0.00000000 1.00000000 1.00000000 1.00000000
v 0.46702316 0.21419687 0.00000000 1.00000000 1.00000000 1.00000000
v 0.48047577 0.20860280 0.00000000 1.00000000 1.00000000 1.00000000
v 0.49392838 0.20300874 0.00000000 1.00000000 1.00000000 1.00000000
v 0.50738098 0.19741467 0.00000000 1.00000000 1.00000000 1.00000000
v 0.52083359 0.19182060 0.00000000 1.00000000 1.00000000 1.00000000
v 0.53428619 0.18622654 0.00000000 1.00000000 0.00000000 0.00000000
v 0.53230349 0.18145852 0.02161306 1.00000000 1.00000000 1.00000000
v 0.52682919 0.16829394 0.03869461 1.00000000 1.00000000 1.00000000
v 0.51907026 0.14963528 0.04800427 1.00000000 1.00000000 1.00000000
v 0.51050289 0.12903247 0.04800427 1.00000000 1.00000000 1.00000000
v 0.50274396 0.11037381 0.03869461 1.00000000 1.00000000 1.00000000
v 0.49726966 0.09720922 0.02161306 1.00000000 1.00000000 1.00000000
v 0.49528696 0.09244121 0.00000000 1.00000000 0.00000000 0.00000000
v 0.48172155 0.09638192 0.00000000 1.00000000 1.00000000 1.00000000
v 0.46815615 0.10032263 0.00000000 1.00000000 1.00000000 1.00000000
v 0.45459075 0.10426334 0.00000000 1.00000000 1.00000000 1.00000000
v 0.44100771 0.10820918 0.00000000 1.00000000 1.00000000 1.00000000
v 0.42744230 0.11214989 0.00000000 1.00000000 1.00000000 1.00000000
v 0.41387690 0.11609060 0.00000000 1.00000000 1.00000000 1.00000000
v 0.40031150 0.12003132 0.00000000 1.00000000 1.00000000 1.00000000
v 0.38674609 0.12397203 0.00000000 1.00000000 1.00000000 1.00000000
v 0.37318069 0.12791274 0.00000000 1.00000000 1.00000000 1.00000000
v 0.35959765 0.13185857 0.00000000 1.00000000 1.00000000 1.00000000
v 0.34603225 0.13579929 0.00000000 1.00000000 1.00000000 1.00000000
v 0.33246684 0.13974000 0.00000000 1.00000000 1.00000000 1.00000000
v 0.31890144 0.14368071 0.00000000 1.00000000 0.00000000 0.00000000
v 0.31890802 0.14896051 0.02184129 1.00000000 1.00000000 1.00000000
v 0.31892614 0.16349830 0.03899315 1.00000000 1.00000000 1.00000000
v 0.31895175 0.18404550 0.04815969 1.00000000 1.00000000 1.00000000
v 0.31897459 0.20236602 0.04921363 1.00000000 1.00000000 1.00000000
v 0.31899288 0.21703734 0.04921363 1.00000000 1.00000000 1.00000000
v 0.32105220 0.23661694 0.04687508 1.00000000 1.00000000 1.00000000
v 0.32286425 0.25560191 0.03683477 1.00000000 1.00000000 1.00000000
v 0.32251614 0.26939214 0.02028943 1.00000000 1.00000000 1.00000000
v 0.33969897 0.21371372 0.04919237 1.00000000 1.00000000 1.00000000
v 0.35308503 0.24815744 0.03220092 1.00000000 1.00000000 1.00000000
v 0.45083176 0.16905880 0.04913166 1.00000000 1.00000000 1.00000000
v 0.33386179 0.25587289 0.03248621 1.00000000 1.00000000 1.00000000
v 0.45661648 0.21584962 0.01515418 1.00000000 1.00000000 1.00000000
v 0.36397365 0.13452333 0.01862314 1.00000000 1.00000000 1.00000000
v 0.38287086 0.17710374 0.04920615 1.00000000 1.00000000 1.00000000
v 0.49781180 0.17362697 0.04274520 1.00000000 1.00000000 1.00000000
v 0.41985962 0.11596752 0.01206389 1.00000000 1.00000000 1.00000000
v 0.41487737 0.13774740 0.03990184 1.00000000 1.00000000 1.00000000
v 0.48129009 0.19765117 0.02904971 1.00000000 1.00000000 1.00000000
v 0.36528537 0.24906859 0.02469880 1.00000000 1.00000000 1.00000000
v 0.44608204 0.21222642 0.02912961 1.00000000 1.00000000 1.00000000
v 0.46844306 0.13137601 0.04484884 1.00000000 1.00000000 1.00000000
v 0.39088603 0.13618254 0.03274159 1.00000000 1.00000000 1.00000000
v 0.47551064 0.20838539 0.01402334 1.00000000 1.00000000 1.00000000
v 0.46866120 0.16507013 0.04885848 1.00000000 1.00000000 1.00000000
v 0.44327044 0.15141834 0.04848693 1.00000000 1.00000000 1.00000000
v 0.48570161 0.20457628 0.01266297 1.00000000 1.00000000 1.00000000
v 0.39470480 0.12326654 0.01203301 1.00000000 1.00000000 1.00000000
v 0.41518809 0.22667513 0.02707146 1.00000000 1.00000000 1.00000000
v 0.50457497 0.19562856 0.01590224 1.00000000 1.00000000 1.00000000
v 0.48086603 0.17086552 0.04666889 1.00000000 1.00000000 1.00000000
v 0.49219603 0.19782534 0.02217331 1.00000000 1.00000000 1.00000000
v 0.42008004 0.20177596 0.04466849 1.00000000 1.00000000 1.00000000
v 0.37018717 0.16134336 0.04542391 1.00000000 1.00000000 1.00000000
v 0.38410417 0.16096914 0.04670007 1.00000000 1.00000000 1.00000000
v 0.37760395 0.24996782 0.01107785 1.00000000 1.00000000 1.00000000
v 0.37413712 0.23612630 0.03530415 1.00000000 1.00000000 1.00000000
v 0.36642434 0.19886372 0.04921363 1.00000000 1.00000000 1.00000000
v 0.46729554 0.14908732 0.04904220 1.00000000 1.00000000 1.00000000
v 0.40720499 0.23581110 0.01668527 1.00000000 1.00000000 1.00000000
v 0.34133241 0.17802068 0.04791635 1.00000000 1.00000000 1.00000000
v 0.40605458 0.19688070 0.04795333 1.00000000 1.00000000 1.00000000
v 0.36719417 0.22445586 0.04437883 1.00000000 1.00000000 1.00000000
v 0.47939431 0.15148125 0.04921363 1.00000000 1.00000000 1.00000000
v 0.35831871 0.20816518 0.04909548 1.00000000 1.00000000 1.00000000
v 0.36200913 0.23767965 0.03808680 1.00000000 1.00000000 1.00000000
v 0.37990871 0.19866440 0.04912570 1.00000000 1.00000000 1.00000000
v 0.33987177 0.13898554 0.01123092 1.00000000 1.00000000 1.00000000
v 0.44898751 0.10929653 0.01736771 1.00000000 1.00000000 1.00000000
v 0.33410082 0.26576637 0.01774821 1.00000000 1.00000000 1.00000000
v 0.41566214 0.18227517 0.04918825 1.00000000 1.00000000 1.00000000
v 0.42968199 0.22428290 0.02133515 1.00000000 1.00000000 1.00000000
v 0.35300743 0.21923221 0.04789220 1.00000000 1.00000000 1.00000000
v 0.43776501 0.11978024 0.02958183 1.00000000 1.00000000 1.00000000
v 0.44386807 0.19825041 0.04156599 1.00000000 1.00000000 1.00000000
v 0.45405357 0.14392916 0.04760573 1.00000000 1.00000000 1.00000000
v 0.34260796 0.14387543 0.02459120 1.00000000 1.00000000 1.00000000
v 0.44451928 0.13197850 0.04168235 1.00000000 1.00000000 1.00000000
v 0.42664166 0.17324589 0.04921363 1.00000000 1.00000000 1.00000000
v 0.43597741 0.21808895 0.02699156 1.00000000 1.00000000 1.00000000
v 0.43197224 0.22814880 0.00738600 1.00000000 1.00000000 1.00000000
v 0.39695597 0.17120789 0.04914827 1.00000000 1.00000000 1.00000000
v 0.42290708 0.13076345 0.03639070 1.00000000 1.00000000 1.00000000
v 0.36028596 0.14745261 0.03506828 1.00000000 1.00000000 1.00000000
v 0.46552650 0.21161605 0.01654299 1.00000000 1.00000000 1.00000000
v 0.34548605 0.19131175 0.04921363 1.00000000 1.00000000 1.00000000
v 0.35406027 0.17832495 0.04863811 1.00000000 1.00000000 1.00000000
v 0.38320590 0.23077209 0.03662561 1.00000000 1.00000000 1.00000000
v 0.34188743 0.24557762 0.03842635 1.00000000 1.00000000 1.00000000
v 0.38657041 0.12757850 0.01773304 1.00000000 1.00000000 1.00000000
v 0.40270605 0.18180053 0.04921363 1.00000000 1.00000000 1.00000000
v 0.45698116 0.13018503 0.04270142 1.00000000 1.00000000 1.00000000
v 0.43315474 0.20759536 0.03844786 1.00000000 1.00000000 1.00000000
v 0.42203011 0.23242608 0.00648822 1.00000000 1.00000000 1.00000000
v 0.43397610 0.13371827 0.04088440 1.00000000 1.00000000 1.00000000
v 0.34275824 0.15281439 0.03531373 1.00000000 1.00000000 1.00000000
v 0.47634359 0.18452323 0.04169155 1.00000000 1.00000000 1.00000000
v 0.39062373 0.18727429 0.04921363 1.00000000 1.00000000 1.00000000
v 0.32632802 0.27188756 0.00843872 1.00000000 1.00000000 1.00000000
v 0.48237891 0.10600658 0.02854850 1.00000000 1.00000000 1.00000000
v 0.45009498 0.11857985 0.03231656 1.00000000 1.00000000 1.00000000
v 0.33404354 0.22876975 0.04751871 1.00000000 1.00000000 1.00000000
v 0.41547176 0.23379647 0.01260865 1.00000000 1.00000000 1.00000000
v 0.49871924 0.18907171 0.03061155 1.00000000 1.00000000 1.00000000
v 0.43409866 0.11266600 0.01479901 1.00000000 1.00000000 1.00000000
v 0.43676873 0.16477721 0.04921363 1.00000000 1.00000000 1.00000000
v 0.34875140 0.23244650 0.04423991 1.00000000 1.00000000 1.00000000
v 0.51943751 0.17872317 0.03246667 1.00000000 1.00000000 1.00000000
v 0.44265290 0.18034075 0.04821066 1.00000000 1.00000000 1.00000000
v 0.46628622 0.10471354 0.01842111 1.00000000 1.00000000 1.00000000
v 0.46865036 0.19341343 0.03802893 1.00000000 1.00000000 1.00000000
v 0.50514111 0.14394995 0.04921019 1.00000000 1.00000000 1.00000000
v 0.37221963 0.14530717 0.03623689 1.00000000 1.00000000 1.00000000
v 0.40722603 0.14743739 0.04409046 1.00000000 1.00000000 1.00000000
v 0.45670779 0.20614929 0.03104790 1.00000000 1.00000000 1.00000000
v 0.40168108 0.13171386 0.03129560 1.00000000 1.00000000 1.00000000
v 0.49330567 0.14529480 0.04920991 1.00000000 1.00000000 1.00000000
v 0.37631290 0.13248650 0.02181422 1.00000000 1.00000000 1.00000000
v 0.40923274 0.21308432 0.04131904 1.00000000 1.00000000 1.00000000
v 0.32723521 0.15696500 0.03498683 1.00000000 1.00000000 1.00000000
v 0.36484612 0.25519106 0.01139020 1.00000000 1.00000000 1.00000000
v 0.46192359 0.11483929 0.03198861 1.00000000 1.00000000 1.00000000
v 0.38369776 0.14515557 0.03874851 1.00000000 1.00000000 1.00000000
v 0.42926999 0.14738353 0.04655407 1.00000000 1.00000000 1.00000000
v 0.42106435 0.15753611 0.04843209 1.00000000 1.00000000 1.00000000
v 0.39411718 0.20363278 0.04755613 1.00000000 1.00000000 1.00000000
v 0.43054724 0.19070272 0.04698302 1.00000000 1.00000000 1.00000000
v 0.40447715 0.12148685 0.01542121 1.00000000 1.00000000 1.00000000
v 0.36653325 0.17503513 0.04868495 1.00000000 1.00000000 1.00000000
v 0.51709301 0.19081673 0.01483170 1.00000000 1.00000000 1.00000000
v 0.35437404 0.16009853 0.04275796 1.00000000 1.00000000 1.00000000
v 0.34448852 0.20261343 0.04921363 1.00000000 1.00000000 1.00000000
v 0.41113740 0.16807383 0.04918699 1.00000000 1.00000000 1.00000000
v 0.42307808 0.22838140 0.01861417 1.00000000 1.00000000 1.00000000
v 0.37291002 0.21287157 0.04745452 1.00000000 1.00000000 1.00000000
v 0.46289836 0.17898908 0.04646973 1.00000000 1.00000000 1.00000000
v 0.32500615 0.14353663 0.01211685 1.00000000 1.00000000 1.00000000
v 0.38468069 0.21645642 0.04468494 1.00000000 1.00000000 1.00000000
v 0.37644691 0.18691221 0.04921363 1.00000000 1.00000000 1.00000000
v 0.35508468 0.19528042 0.04921363 1.00000000 1.00000000 1.00000000
v 0.47491984 0.11683043 0.03735740 1.00000000 1.00000000 1.00000000
v 0.49045210 0.16150347 0.04801077 1.00000000 1.00000000 1.00000000
v 0.42235447 0.21717246 0.03432478 1.00000000 1.00000000 1.00000000
v 0.32831757 0.21237148 0.04921363 1.00000000 1.00000000 1.00000000
v 0.42546618 0.12046961 0.02563210 1.00000000 1.00000000 1.00000000
v 0.46917141 0.20340451 0.02815606 1.00000000 1.00000000 1.00000000
v 0.34344792 0.25989732 0.02178412 1.00000000 1.00000000 1.00000000
v 0.44706935 0.22044439 0.01330538 1.00000000 1.00000000 1.00000000
v 0.39674478 0.15254906 0.04499235 1.00000000 1.00000000 1.00000000
v 0.33004835 0.24326617 0.04280762 1.00000000 1.00000000 1.00000000
v 0.49862920 0.20019865 0.00864180 1.00000000 1.00000000 1.00000000
v 0.40566828 0.22640328 0.03208503 1.00000000 1.00000000 1.00000000
v 0.39852781 0.23968546 0.01600979 1.00000000 1.00000000 1.00000000
v 0.43874487 0.22382487 0.01356104 1.00000000 1.00000000 1.00000000
v 0.50800459 0.17986735 0.03581069 1.00000000 1.00000000 1.00000000
v 0.52658393 0.18728459 0.01360370 1.00000000 1.00000000 1.00000000
v 0.39647110 0.21887796 0.04103411 1.00000000 1.00000000 1.00000000
v 0.36483242 0.18868837 0.04921363 1.00000000 1.00000000 1.00000000
v 0.51011325 0.18944842 0.02374322 1.00000000 1.00000000 1.00000000
v 0.33137324 0.14682161 0.02407223 1.00000000 1.00000000 1.00000000
v 0.33272594 0.18959890 0.04913480 1.00000000 1.00000000 1.00000000
v 0.45568365 0.19191133 0.04234712 1.00000000 1.00000000 1.00000000
v 0.35229160 0.13935177 0.02160072 1.00000000 1.00000000 1.00000000
v 0.39480655 0.23209501 0.03082113 1.00000000 1.00000000 1.00000000
v 0.45680463 0.15876463 0.04921363 1.00000000 1.00000000 1.00000000
v 0.48868161 0.18480334 0.03823346 1.00000000 1.00000000 1.00000000
v 0.34005742 0.16447871 0.04287454 1.00000000 1.00000000 1.00000000
v 0.32782343 0.17274255 0.04506290 1.00000000 1.00000000 1.00000000
v 0.41272553 0.12354376 0.02465120 1.00000000 1.00000000 1.00000000
v 0.49881835 0.12596184 0.04615027 1.00000000 1.00000000 1.00000000
v 0.33106784 0.20084117 0.04921363 1.00000000 1.00000000 1.00000000
v 0.48149215 0.13362288 0.04698299 1.00000000 1.00000000 1.00000000
v 0.48397281 0.09844751 0.01557234 1.00000000 1.00000000 1.00000000
v 0.50857556 0.16284178 0.04550249 1.00000000 1.00000000 1.00000000
v 0.48909500 0.11776388 0.04092017 1.00000000 1.00000000 1.00000000
v 0.35338952 0.25821678 0.01661736 1.00000000 1.00000000 1.00000000
v 0.38838969 0.24287390 0.01846500 1.00000000 1.00000000 1.00000000
v 0.37698338 0.24452859 0.02419200 1.00000000 1.00000000 1.00000000
v 0.31906602 0.27572265 0.00000000 1.00000000 0.00000000 0.00000000
v 0.33251863 0.27012858 0.00000000 1.00000000 1.00000000 1.00000000
v 0.34597124 0.26453452 0.00000000 1.00000000 1.00000000 1.00000000
v 0.35942384 0.25894045 0.00000000 1.00000000 1.00000000 1.00000000
v 0.37287645 0.25334638 0.00000000 1.00000000 1.00000000 1.00000000
v 0.38632905 0.24775232 0.00000000 1.00000000 1.00000000 1.00000000
v 0.39978166 0.24215825 0.00000000 1.00000000 1.00000000 1.00000000
v 0.41323427 0.23656418 0.00000000 1.00000000 1.00000000 1.00000000
v 0.42668687 0.23097012 0.00000000 1.00000000 1.00000000 1.00000000
v 0.44011795 0.22538500 0.00000000 1.00000000 1.00000000 1.00000000
v 0.45357056 0.21979094 0.00000000 1.00000000 1.00000000 1.00000000
v 0.46702316 0.21419687 0.00000000 1.00000000 1.00000000 1.00000000
v 0.48047577 0.20860280 0.00000000 1.00000000 1.00000000 1.00000000
v 0.49392838 0.20300874 0.00000000 1.00000000 1.00000000 1.00000000
v 0.50738098 0.19741467 0.00000000 1.00000000 1.00000000 1.00000000
v 0.52083359 0.19182060 0.00000000 1.00000000 1.00000000 1.00000000
v 0.53428619 0.18622654 0.00000000 1.00000000 0.00000000 0.00000000
v 0.53230349 0.18145852 -0.02161306 1.00000000 1.00000000 1.00000000
v 0.52682919 0.16829394 -0.03869461 1.00000000 1.00000000 1.00000000
v 0.51907026 0.14963528 -0.04800427 1.00000000 1.00000000 1.00000000
v 0.51050289 0.12903247 -0.04800427 1.00000000 1.00000000 1.00000000
v 0.50274396 0.11037381 -0.03869461 1.00000000 1.00000000 1.00000000
v 0.49726966 0.09720922 -0.02161306 1.00000000 1.00000000 1.00000000
v 0.49528696 0.09244121 0.00000000 1.00000000 0.00000000 0.00000000
v 0.48172155 0.09638192 0.00000000 1.00000000 1.00000000 1.00000000
v 0.46815615 0.10032263 0.00000000 1.00000000 1.00000000 1.00000000
v 0.45459075 0.10426334 0.00000000 1.00000000 1.00000000 1.00000000
v 0.44100771 0.10820918 0.00000000 1.00000000 1.00000000 1.00000000
v 0.42744230 0.11214989 0.00000000 1.00000000 1.00000000 1.00000000
v 0.41387690 0.11609060 0.00000000 1.00000000 1.00000000 1.00000000
v 0.40031150 0.12003132 0.00000000 1.00000000 1.00000000 1.00000000
v 0.38674609 0.12397203 0.00000000 1.00000000 1.00000000 1.00000000
v 0.37318069 0.12791274 0.00000000 1.00000000 1.00000000 1.00000000
v 0.35959765 0.13185857 0.00000000 1.00000000 1.00000000 1.00000000
v 0.34603225 0.13579929 0.00000000 1.00000000 1.00000000 1.00000000
v 0.33246684 0.13974000 0.00000000 1.00000000 1.00000000 1.00000000
v 0.31890144 0.14368071 0.00000000 1.00000000 0.00000000 0.00000000
v 0.31890802 0.14896051 -0.02184129 1.00000000 1.00000000 1.00000000
v 0.31892614 0.16349830 -0.03899315 1.00000000 1.00000000 1.00000000
v 0.31895175 0.18404550 -0.04815969 1.00000000 1.00000000 1.00000000
v 0.31897459 0.20236602 -0.04921363 1.00000000 1.00000000 1.00000000
v 0.31899288 0.21703734 -0.04921363 1.00000000 1.00000000 1.00000000
v 0.32105220 0.23661694 -0.04687508 1.00000000 1.00000000 1.00000000
v 0.32286425 0.25560191 -0.03683477 1.00000000 1.00000000 1.00000000
v 0.32251614 0.26939214 -0.02028943 1.00000000 1.00000000 1.00000000
v 0.32924349 0.16910921 -0.04362584 1.00000000 1.00000000 1.00000000
v 0.41981003 0.17603357 -0.04921363 1.00000000 1.00000000 1.00000000
v 0.46002773 0.20943207 -0.02506391 1.00000000 1.00000000 1.00000000
v 0.46639988 0.19624635 -0.03656995 1.00000000 1.00000000 1.00000000
v 0.34577006 0.24689738 -0.03617153 1.00000000 1.00000000 1.00000000
v 0.36649777 0.19598508 -0.04921363 1.00000000 1.00000000 1.00000000
v 0.46960508 0.10961869 -0.02841926 1.00000000 1.00000000 1.00000000
v 0.50889719 0.17187905 -0.04118017 1.00000000 1.00000000 1.00000000
v 0.46106984 0.21525884 -0.01108141 1.00000000 1.00000000 1.00000000
v 0.40477762 0.23735676 -0.01528964 1.00000000 1.00000000 1.00000000
v 0.36879934 0.23587722 -0.03732107 1.00000000 1.00000000 1.00000000
v 0.49742331 0.12619745 -0.04609155 1.00000000 1.00000000 1.00000000
v 0.42136371 0.21604866 -0.03568127 1.00000000 1.00000000 1.00000000
v 0.37172886 0.13768272 -0.02792823 1.00000000 1.00000000 1.00000000
v 0.38360971 0.12635615 -0.01152962 1.00000000 1.00000000 1.00000000
v 0.41683116 0.18765477 -0.04873819 1.00000000 1.00000000 1.00000000
v 0.33305726 0.19854049 -0.04921363 1.00000000 1.00000000 1.00000000
v 0.38891554 0.16468409 -0.04802001 1.00000000 1.00000000 1.00000000
v 0.46337520 0.12070057 -0.03776392 1.00000000 1.00000000 1.00000000
v 0.51479913 0.19287732 -0.01123121 1.00000000 1.00000000 1.00000000
v 0.35580892 0.18840493 -0.04921363 1.00000000 1.00000000 1.00000000
v 0.45069582 0.12177933 -0.03560058 1.00000000 1.00000000 1.00000000
v 0.43599149 0.15728471 -0.04896531 1.00000000 1.00000000 1.00000000
v 0.35743884 0.24350918 -0.03491856 1.00000000 1.00000000 1.00000000
v 0.38038035 0.24169643 -0.02631399 1.00000000 1.00000000 1.00000000
v 0.42799411 0.12368463 -0.03085560 1.00000000 1.00000000 1.00000000
v 0.50023069 0.19656100 -0.01802940 1.00000000 1.00000000 1.00000000
v 0.33298697 0.14246057 -0.01599005 1.00000000 1.00000000 1.00000000
v 0.36839530 0.25073819 -0.01942954 1.00000000 1.00000000 1.00000000
v 0.34473104 0.20950982 -0.04921363 1.00000000 1.00000000 1.00000000
v 0.48924148 0.10292357 -0.02706984 1.00000000 1.00000000 1.00000000
v 0.51064788 0.18888445 -0.02428953 1.00000000 1.00000000 1.00000000
v 0.33009464 0.22592327 -0.04842201 1.00000000 1.00000000 1.00000000
v 0.47723188 0.10047595 -0.01576671 1.00000000 1.00000000 1.00000000
v 0.38220828 0.13823564 -0.03224689 1.00000000 1.00000000 1.00000000
v 0.45739669 0.13590030 -0.04538155 1.00000000 1.00000000 1.00000000
v 0.33042712 0.26060059 -0.02878465 1.00000000 1.00000000 1.00000000
v 0.50271804 0.18210811 -0.03577490 1.00000000 1.00000000 1.00000000
v 0.49004890 0.11584432 -0.03985749 1.00000000 1.00000000 1.00000000
v 0.48882326 0.09578948 -0.01152027 1.00000000 1.00000000 1.00000000
v 0.33663827 0.15964058 -0.03932964 1.00000000 1.00000000 1.00000000
v 0.42697834 0.22627378 -0.01964352 1.00000000 1.00000000 1.00000000
v 0.40749998 0.17628037 -0.04921363 1.00000000 1.00000000 1.00000000
v 0.37901725 0.13129043 -0.02102478 1.00000000 1.00000000 1.00000000
v 0.35515785 0.16263951 -0.04412565 1.00000000 1.00000000 1.00000000
v 0.40335377 0.18965783 -0.04908144 1.00000000 1.00000000 1.00000000
v 0.40344539 0.13842483 -0.03800662 1.00000000 1.00000000 1.00000000
v 0.40743051 0.20728170 -0.04456628 1.00000000 1.00000000 1.00000000
v 0.51823245 0.16580709 -0.04239690 1.00000000 1.00000000 1.00000000
v 0.41531209 0.14181078 -0.04244314 1.00000000 1.00000000 1.00000000
v 0.34417039 0.23060663 -0.04572004 1.00000000 1.00000000 1.00000000
v 0.43349181 0.21513736 -0.03176611 1.00000000 1.00000000 1.00000000
v 0.42374663 0.15410455 -0.04792178 1.00000000 1.00000000 1.00000000
v 0.43977345 0.20313220 -0.03962167 1.00000000 1.00000000 1.00000000
v 0.45303663 0.20159175 -0.03673936 1.00000000 1.00000000 1.00000000
v 0.41578274 0.12797505 -0.03169491 1.00000000 1.00000000 1.00000000
v 0.41999422 0.11745163 -0.01669373 1.00000000 1.00000000 1.00000000
v 0.46597329 0.10267223 -0.01242797 1.00000000 1.00000000 1.00000000
v 0.44466343 0.14754143 -0.04781371 1.00000000 1.00000000 1.00000000
v 0.32572009 0.27228918 -0.00763497 1.00000000 1.00000000 1.00000000
v 0.36196275 0.17623459 -0.04866718 1.00000000 1.00000000 1.00000000
v 0.35270065 0.13577791 -0.01312084 1.00000000 1.00000000 1.00000000
v 0.47118923 0.13976331 -0.04779724 1.00000000 1.00000000 1.00000000
v 0.37145286 0.14803978 -0.03825035 1.00000000 1.00000000 1.00000000
v 0.38374476 0.14999698 -0.04189269 1.00000000 1.00000000 1.00000000
v 0.47816204 0.15708968 -0.04915990 1.00000000 1.00000000 1.00000000
v 0.39826741 0.21675145 -0.04182458 1.00000000 1.00000000 1.00000000
v 0.39224082 0.14030963 -0.03692184 1.00000000 1.00000000 1.00000000
v 0.34183397 0.26348686 -0.01540969 1.00000000 1.00000000 1.00000000
v 0.48049700 0.17851461 -0.04386026 1.00000000 1.00000000 1.00000000
v 0.44957264 0.21933135 -0.01353278 1.00000000 1.00000000 1.00000000
v 0.34667073 0.17082872 -0.04637571 1.00000000 1.00000000 1.00000000
v 0.39908299 0.23086755 -0.03019785 1.00000000 1.00000000 1.00000000
v 0.39572548 0.12315882 -0.01270887 1.00000000 1.00000000 1.00000000
v 0.44671713 0.21301550 -0.02780197 1.00000000 1.00000000 1.00000000
v 0.35356165 0.25694141 -0.01935683 1.00000000 1.00000000 1.00000000
v 0.44899583 0.10697423 -0.00991626 1.00000000 1.00000000 1.00000000
v 0.37218066 0.18449080 -0.04921363 1.00000000 1.00000000 1.00000000
v 0.48648726 0.20248276 -0.01755266 1.00000000 1.00000000 1.00000000
v 0.46852422 0.17455623 -0.04708062 1.00000000 1.00000000 1.00000000
v 0.49434558 0.15707747 -0.04850787 1.00000000 1.00000000 1.00000000
v 0.34653177 0.15358265 -0.03691747 1.00000000 1.00000000 1.00000000
v 0.46233729 0.15526449 -0.04921363 1.00000000 1.00000000 1.00000000
v 0.34166462 0.18391061 -0.04888719 1.00000000 1.00000000 1.00000000
v 0.40348350 0.12740327 -0.02644880 1.00000000 1.00000000 1.00000000
v 0.47803694 0.19454046 -0.03383798 1.00000000 1.00000000 1.00000000
v 0.42835118 0.20078193 -0.04359096 1.00000000 1.00000000 1.00000000
v 0.45589429 0.18722128 -0.04452744 1.00000000 1.00000000 1.00000000
v 0.39691400 0.15179127 -0.04469450 1.00000000 1.00000000 1.00000000
v 0.45938453 0.10688280 -0.01879523 1.00000000 1.00000000 1.00000000
v 0.35819449 0.20576064 -0.04919870 1.00000000 1.00000000 1.00000000
v 0.32605243 0.15342981 -0.03100679 1.00000000 1.00000000 1.00000000
v 0.33874770 0.25515563 -0.03109798 1.00000000 1.00000000 1.00000000
v 0.33774915 0.14725786 -0.02752481 1.00000000 1.00000000 1.00000000
v 0.43238472 0.11368702 -0.01626142 1.00000000 1.00000000 1.00000000
v 0.37943017 0.20499099 -0.04848819 1.00000000 1.00000000 1.00000000
v 0.48597370 0.13849073 -0.04840000 1.00000000 1.00000000 1.00000000
v 0.43116158 0.18523305 -0.04818968 1.00000000 1.00000000 1.00000000
v 0.39399690 0.18114126 -0.04921363 1.00000000 1.00000000 1.00000000
v 0.49167939 0.17268318 -0.04438198 1.00000000 1.00000000 1.00000000
v 0.43906543 0.12255861 -0.03312571 1.00000000 1.00000000 1.00000000
v 0.32951720 0.18467124 -0.04852311 1.00000000 1.00000000 1.00000000
v 0.44276110 0.11233988 -0.02015039 1.00000000 1.00000000 1.00000000
v 0.52592585 0.18784730 -0.01267081 1.00000000 1.00000000 1.00000000
v 0.39297384 0.20051273 -0.04829777 1.00000000 1.00000000 1.00000000
v 0.37156711 0.12995242 -0.01190112 1.00000000 1.00000000 1.00000000
v 0.39141136 0.13006420 -0.02517196 1.00000000 1.00000000 1.00000000
v 0.33210783 0.26726120 -0.01612376 1.00000000 1.00000000 1.00000000
v 0.43010193 0.16960336 -0.04921363 1.00000000 1.00000000 1.00000000
v 0.38641496 0.22510896 -0.03976033 1.00000000 1.00000000 1.00000000
v 0.34902571 0.14283097 -0.02586777 1.00000000 1.00000000 1.00000000
v 0.36408124 0.13496849 -0.01967191 1.00000000 1.00000000 1.00000000
v 0.41158980 0.22379494 -0.03223618 1.00000000 1.00000000 1.00000000
v 0.35648077 0.22445824 -0.04607595 1.00000000 1.00000000 1.00000000
v 0.45365860 0.11228154 -0.02563476 1.00000000 1.00000000 1.00000000
v 0.41682577 0.16585094 -0.04916667 1.00000000 1.00000000 1.00000000
v 0.49137116 0.19022862 -0.03263449 1.00000000 1.00000000 1.00000000
v 0.42923800 0.13792139 -0.04252797 1.00000000 1.00000000 1.00000000
v 0.43844279 0.22284009 -0.01663865 1.00000000 1.00000000 1.00000000
v 0.45674098 0.17256454 -0.04853067 1.00000000 1.00000000 1.00000000
v 0.44351076 0.18993980 -0.04548708 1.00000000 1.00000000 1.00000000
v 0.50094633 0.14207530 -0.04918969 1.00000000 1.00000000 1.00000000
v 0.52029525 0.18125078 -0.02926932 1.00000000 1.00000000 1.00000000
v 0.40822224 0.15523175 -0.04707591 1.00000000 1.00000000 1.00000000
v 0.40824104 0.11994537 -0.01409599 1.00000000 1.00000000 1.00000000
v 0.37207427 0.21974031 -0.04545202 1.00000000 1.00000000 1.00000000
v 0.36034469 0.14135518 -0.02841486 1.00000000 1.00000000 1.00000000
v 0.33489366 0.21289444 -0.04921363 1.00000000 1.00000000 1.00000000
v 0.44252229 0.17309138 -0.04909911 1.00000000 1.00000000 1.00000000
v 0.47661915 0.12357881 -0.04221014 1.00000000 1.00000000 1.00000000
v 0.32601974 0.20847209 -0.04921363 1.00000000 1.00000000 1.00000000
v 0.36217033 0.13201576 -0.00905954 1.00000000 1.00000000 1.00000000
v 0.48013714 0.11000190 -0.03247522 1.00000000 1.00000000 1.00000000
v 0.39979874 0.16742186 -0.04892872 1.00000000 1.00000000 1.00000000
v 0.33266670 0.24264297 -0.04256884 1.00000000 1.00000000 1.00000000
v 0.41632287 0.23204390 -0.01662478 1.00000000 1.00000000 1.00000000
v 0.32432307 0.14426609 -0.01391679 1.00000000 1.00000000 1.00000000
v 0.38329663 0.18961117 -0.04921363 1.00000000 1.00000000 1.00000000
v 0.39164306 0.24138240 -0.01876832 1.00000000 1.00000000 1.00000000
v 0.34165426 0.13869380 -0.01209269 1.00000000 1.00000000 1.00000000
v 0.47285976 0.20760680 -0.01877445 1.00000000 1.00000000 1.00000000
v 0.37733657 0.16198212 -0.04639606 1.00000000 1.00000000 1.00000000
v 0.38191669 0.17738982 -0.04920629 1.00000000 1.00000000 1.00000000
v 0.50800408 0.15563768 -0.04770414 1.00000000 1.00000000 1.00000000
v 0.34668039 0.19746226 -0.04921363 1.00000000 1.00000000 1.00000000
v 0.44971865 0.16109249 -0.04921363 1.00000000 1.00000000 1.00000000
v 0.44394630 0.13455073 -0.04300545 1.00000000 1.00000000 1.00000000
v 0.41717160 0.20193438 -0.04509114 1.00000000 1.00000000 1.00000000
v 0.36755463 0.16310195 -0.04579824 1.00000000 1.00000000 1.00000000
v 0.35884580 0.15088205 -0.03762028 1.00000000 1.00000000 1.00000000
v -0.07222304 0.28239125 0.00000000 1.00000000 0.00000000 0.00000000
v -0.07385835 0.29669292 0.00000000 1.00000000 1.00000000 1.00000000
v -0.07486485 0.31104161 0.00000000 1.00000000 1.00000000 1.00000000
v -0.07525239 0.32542595 0.00000000 1.00000000 1.00000000 1.00000000
v -0.07502801 0.33980011 0.00000000 1.00000000 1.00000000 1.00000000
v -0.07419556 0.35417588 0.00000000 1.00000000 1.00000000 1.00000000
v -0.07276166 0.36846859 0.00000000 1.00000000 1.00000000 1.00000000
v -0.07072075 0.38270772 0.00000000 1.00000000 1.00000000 1.00000000
v -0.06806774 0.39685305 0.00000000 1.00000000 1.00000000 1.00000000
v -0.06479630 0.41085462 0.00000000 1.00000000 1.00000000 1.00000000
v -0.06088356 0.42470309 0.00000000 1.00000000 1.00000000 1.00000000
v -0.05630806 0.43834135 0.00000000 1.00000000 1.00000000 1.00000000
v -0.05102650 0.45173623 0.00000000 1.00000000 1.00000000 1.00000000
v -0.04499907 0.46479306 0.00000000 1.00000000 1.00000000 1.00000000
v -0.03815024 0.47743478 0.00000000 1.00000000 1.00000000 1.00000000
v -0.03037302 0.48954370 0.00000000 1.00000000 1.00000000 1.00000000
v -0.02154165 0.50090203 0.00000000 1.00000000 1.00000000 1.00000000
v -0.01149165 0.51116923 0.00000000 1.00000000 1.00000000 1.00000000
v 0.00000000 0.51980092 0.00000000 1.00000000 0.00000000 0.00000000
v 0.01149165 0.51116923 0.00000000 1.00000000 1.00000000 1.00000000
v 0.02154165 0.50090203 0.00000000 1.00000000 1.00000000 1.00000000
v 0.03037302 0.48954370 0.00000000 1.00000000 1.00000000 1.00000000
v 0.03815024 0.47743478 0.00000000 1.00000000 1.00000000 1.00000000
v 0.04499907 0.46479306 0.00000000 1.00000000 1.00000000 1.00000000
v 0.05102650 0.45173623 0.00000000 1.00000000 1.00000000 1.00000000
v 0.05630806 0.43834135 0.00000000 1.00000000 1.00000000 1.00000000
v 0.06088356 0.42470309 0.00000000 1.00000000 1.00000000 1.00000000
v 0.06479630 0.41085462 0.00000000 1.00000000 1.00000000 1.00000000
v 0.06806774 0.39685305 0.00000000 1.00000000 1.00000000 1.00000000
v 0.07072075 0.38270772 0.00000000 1.00000000 1.00000000 1.00000000
v 0.07276166 0.36846859 0.00000000 1.00000000 1.00000000 1.00000000
v 0.07419556 0.35417588 0.00000000 1.00000000 1.00000000 1.00000000
v 0.07502801 0.33980011 0.00000000 1.00000000 1.00000000 1.00000000
v 0.07525239 0.32542595 0.00000000 1.00000000 1.00000000 1.00000000
v 0.07486485 0.31104161 0.00000000 1.00000000 1.00000000 1.00000000
v 0.07385835 0.29669292 0.00000000 1.00000000 1.00000000 1.00000000
v 0.07222304 0.28239125 0.00000000 1.00000000 0.00000000 0.00000000
v 0.06871042 0.27033983 -0.02879279 1.00000000 1.00000000 1.00000000
v 0.05915700 0.25998548 -0.04394875 1.00000000 1.00000000 1.00000000
v 0.04578335 0.24922360 -0.05292999 1.00000000 1.00000000 1.00000000
v 0.03039428 0.23982416 -0.05677979 1.00000000 1.00000000 1.00000000
v 0.01463803 0.23321967 -0.05756552 1.00000000 1.00000000 1.00000000
v -0.00077888 0.22799702 -0.05602853 1.00000000 0.00000000 0.00000000
v -0.01689845 0.23373160 -0.05716102 1.00000000 1.00000000 1.00000000
v -0.03119483 0.23975535 -0.05566278 1.00000000 1.00000000 1.00000000
v -0.04402936 0.24793052 -0.05248281 1.00000000 1.00000000 1.00000000
v -0.05632470 0.25760067 -0.04498201 1.00000000 1.00000000 1.00000000
v -0.06646746 0.26886288 -0.03048728 1.00000000 1.00000000 1.00000000
v 0.00820731 0.51530642 -0.00521287 1.00000000 1.00000000 1.00000000
v -0.04022959 0.46684260 -0.06803006 1.00000000 1.00000000 1.00000000
v 0.05010533 0.29016998 -0.08959525 1.00000000 1.00000000 1.00000000
v 0.00110281 0.27120929 -0.09169303 1.00000000 1.00000000 1.00000000
v 0.07603587 0.36480485 -0.07347747 1.00000000 1.00000000 1.00000000
v 0.03428018 0.48986303 -0.02176457 1.00000000 1.00000000 1.00000000
v -0.03659260 0.28414534 -0.09400877 1.00000000 1.00000000 1.00000000
v -0.05313165 0.44845696 -0.05835510 1.00000000 1.00000000 1.00000000
v 0.03246480 0.49304959 -0.03423716 1.00000000 1.00000000 1.00000000
v -0.03262094 0.24879574 -0.06237511 1.00000000 1.00000000 1.00000000
v -0.07310537 0.39029849 -0.02655442 1.00000000 1.00000000 1.00000000
v 0.07781431 0.32453674 -0.05410594 1.00000000 1.00000000 1.00000000
v 0.01956658 0.39617799 -0.10756508 1.00000000 1.00000000 1.00000000
v 0.02980104 0.33818210 -0.10694499 1.00000000 1.00000000 1.00000000
v -0.05262313 0.45470020 -0.03914665 1.00000000 1.00000000 1.00000000
v 0.07806203 0.36762525 -0.03968492 1.00000000 1.00000000 1.00000000
v 0.06769516 0.32384886 -0.08386073 1.00000000 1.00000000 1.00000000
v 0.07162533 0.28139900 -0.01412926 1.00000000 1.00000000 1.00000000
v -0.01905371 0.37423675 -0.10926813 1.00000000 1.00000000 1.00000000
v -0.02299951 0.33382437 -0.10724784 1.00000000 1.00000000 1.00000000
v -0.03801439 0.43895310 -0.09236091 1.00000000 1.00000000 1.00000000
v 0.02352526 0.25759159 -0.08288407 1.00000000 1.00000000 1.00000000
v 0.00417047 0.51840009 -0.00859405 1.00000000 1.00000000 1.00000000
v -0.07115332 0.39335343 -0.01310095 1.00000000 1.00000000 1.00000000
v -0.02932506 0.49664466 -0.02756188 1.00000000 1.00000000 1.00000000
v 0.07753509 0.34536849 -0.01230832 1.00000000 1.00000000 1.00000000
v -0.02093705 0.46706765 -0.08559499 1.00000000 1.00000000 1.00000000
v 0.02764855 0.38159079 -0.10809618 1.00000000 1.00000000 1.00000000
v -0.00067120 0.24277066 -0.06849639 1.00000000 1.00000000 1.00000000
v 0.05468297 0.44787238 -0.01277419 1.00000000 1.00000000 1.00000000
v 0.06440606 0.35701075 -0.09329462 1.00000000 1.00000000 1.00000000
v 0.02854577 0.29098366 -0.09741386 1.00000000 1.00000000 1.00000000
v 0.07920055 0.33931580 -0.05492447 1.00000000 1.00000000 1.00000000
v -0.02864848 0.46405389 -0.08376408 1.00000000 1.00000000 1.00000000
v 0.07823717 0.34505269 -0.06122380 1.00000000 1.00000000 1.00000000
v -0.07898941 0.31731275 -0.02266972 1.00000000 1.00000000 1.00000000
v -0.04438615 0.47028084 -0.00748230 1.00000000 1.00000000 1.00000000
v -0.03580047 0.26259294 -0.08347356 1.00000000 1.00000000 1.00000000
v 0.02190833 0.47730446 -0.07837362 1.00000000 1.00000000 1.00000000
v 0.07039413 0.28150628 -0.03010167 1.00000000 1.00000000 1.00000000
v -0.01119961 0.33335633 -0.10791221 1.00000000 1.00000000 1.00000000
v 0.01392291 0.50847832 -0.03117283 1.00000000 1.00000000 1.00000000
v -0.04528997 0.47116136 -0.02623938 1.00000000 1.00000000 1.00000000
v 0.01677841 0.44471514 -0.09709509 1.00000000 1.00000000 1.00000000
v 0.07725857 0.37229871 -0.05228085 1.00000000 1.00000000 1.00000000
v -0.00283211 0.27539441 -0.09354234 1.00000000 1.00000000 1.00000000
v 0.06928384 0.36155464 -0.08700304 1.00000000 1.00000000 1.00000000
v -0.05588093 0.43439452 -0.07400530 1.00000000 1.00000000 1.00000000
v 0.03651855 0.48350223 -0.00809119 1.00000000 1.00000000 1.00000000
v 0.01747563 0.24336976 -0.06562642 1.00000000 1.00000000 1.00000000
v -0.01124343 0.40685702 -0.10668389 1.00000000 1.00000000 1.00000000
v -0.06879767 0.39228480 -0.07594781 1.00000000 1.00000000 1.00000000
v 0.07328508 0.38168533 -0.01580736 1.00000000 1.00000000 1.00000000
v 0.04708715 0.43859806 -0.08079405 1.00000000 1.00000000 1.00000000
v -0.07930146 0.33369164 -0.03112981 1.00000000 1.00000000 1.00000000
v -0.02911589 0.27682606 -0.09223828 1.00000000 1.00000000 1.00000000
v -0.01759168 0.42442584 -0.10294987 1.00000000 1.00000000 1.00000000
v -0.00811626 0.32022519 -0.10613162 1.00000000 1.00000000 1.00000000
v 0.01133606 0.43493416 -0.10052370 1.00000000 1.00000000 1.00000000
v 0.05119966 0.45792122 -0.01630076 1.00000000 1.00000000 1.00000000
v -0.07508821 0.30179564 -0.00989839 1.00000000 1.00000000 1.00000000
v 0.04888492 0.45240733 -0.06691464 1.00000000 1.00000000 1.00000000
v 0.06711573 0.28998731 -0.07107759 1.00000000 1.00000000 1.00000000
v -0.02143945 0.49711392 -0.05662509 1.00000000 1.00000000 1.00000000
v -0.08024665 0.32296446 -0.04087746 1.00000000 1.00000000 1.00000000
v -0.00850077 0.27732556 -0.09421645 1.00000000 1.00000000 1.00000000
v -0.00800729 0.51692745 -0.01444322 1.00000000 1.00000000 1.00000000
v 0.02086767 0.32548895 -0.10620838 1.00000000 1.00000000 1.00000000
v -0.00930291 0.46341513 -0.08988845 1.00000000 1.00000000 1.00000000
v 0.07597857 0.37969214 -0.04928894 1.00000000 1.00000000 1.00000000
v -0.04032325 0.48074761 -0.01941734 1.00000000 1.00000000 1.00000000
v 0.01099803 0.25970053 -0.08545411 1.00000000 1.00000000 1.00000000
v 0.05512528 0.26045932 -0.04932997 1.00000000 1.00000000 1.00000000
v -0.07288983 0.28815384 -0.05973031 1.00000000 1.00000000 1.00000000
v -0.07127752 0.30417465 -0.07375578 1.00000000 1.00000000 1.00000000
v -0.04831696 0.42511976 -0.09070161 1.00000000 1.00000000 1.00000000
v -0.07934729 0.33756133 -0.04008444 1.00000000 1.00000000 1.00000000
v -0.00570885 0.37489882 -0.10981722 1.00000000 1.00000000 1.00000000
v -0.07982878 0.31378846 -0.03934423 1.00000000 1.00000000 1.00000000
v 0.03414116 0.25364471 -0.07726671 1.00000000 1.00000000 1.00000000
v -0.03586421 0.26763530 -0.08636086 1.00000000 1.00000000 1.00000000
v 0.02247165 0.28779596 -0.09706359 1.00000000 1.00000000 1.00000000
v -0.01928180 0.50468518 -0.00872145 1.00000000 1.00000000 1.00000000
v 0.07491484 0.29863212 -0.02041186 1.00000000 1.00000000 1.00000000
v -0.07538806 0.37350341 -0.06582781 1.00000000 1.00000000 1.00000000
v -0.05021403 0.45859955 -0.01866639 1.00000000 1.00000000 1.00000000
v -0.00596921 0.42359816 -0.10366303 1.00000000 1.00000000 1.00000000
v -0.07872980 0.34327315 -0.06014566 1.00000000 1.00000000 1.00000000
v -0.06460096 0.42276661 -0.02708072 1.00000000 1.00000000 1.00000000
v 0.06154271 0.42554492 -0.06119024 1.00000000 1.00000000 1.00000000
v -0.07385128 0.29104534 -0.01332704 1.00000000 1.00000000 1.00000000
v 0.07664889 0.29900715 -0.04909074 1.00000000 1.00000000 1.00000000
v 0.07845766 0.35727636 -0.02888218 1.00000000 1.00000000 1.00000000
v 0.05913686 0.27132463 -0.05754204 1.00000000 1.00000000 1.00000000
v -0.06417731 0.29847255 -0.08206101 1.00000000 1.00000000 1.00000000
v -0.07411222 0.29110875 -0.04355157 1.00000000 1.00000000 1.00000000
v 0.05661577 0.28536418 -0.08210918 1.00000000 1.00000000 1.00000000
v -0.00443582 0.36776310 -0.10997409 1.00000000 1.00000000 1.00000000
v 0.04159595 0.47882325 -0.02092408 1.00000000 1.00000000 1.00000000
v 0.04905848 0.26415785 -0.06817303 1.00000000 1.00000000 1.00000000
v -0.03460139 0.45754395 -0.08284905 1.00000000 1.00000000 1.00000000
v 0.00940328 0.28608948 -0.09740178 1.00000000 1.00000000 1.00000000
v -0.01212810 0.37828893 -0.10947656 1.00000000 1.00000000 1.00000000
v 0.04244352 0.46422006 -0.06673411 1.00000000 1.00000000 1.00000000
v 0.04405237 0.35516436 -0.10587107 1.00000000 1.00000000 1.00000000
v -0.04174818 0.47512568 -0.05021936 1.00000000 1.00000000 1.00000000
v -0.00852135 0.41259185 -0.10582723 1.00000000 1.00000000 1.00000000
v -0.07565450 0.36355577 -0.01407043 1.00000000 1.00000000 1.00000000
v 0.04812032 0.28114380 -0.08623721 1.00000000 1.00000000 1.00000000
v -0.04332563 0.47528643 -0.01534541 1.00000000 1.00000000 1.00000000
v 0.00709049 0.38962166 -0.10886308 1.00000000 1.00000000 1.00000000
v 0.07484054 0.30178435 -0.00990849 1.00000000 1.00000000 1.00000000
v 0.03867027 0.48322836 -0.04369649 1.00000000 1.00000000 1.00000000
v -0.00195708 0.28131531 -0.09591746 1.00000000 1.00000000 1.00000000
v -0.07572027 0.37005619 -0.02266801 1.00000000 1.00000000 1.00000000
v 0.03016558 0.47214439 -0.07576722 1.00000000 1.00000000 1.00000000
v 0.03376469 0.37421913 -0.10772528 1.00000000 1.00000000 1.00000000
v 0.02998137 0.44971317 -0.09004416 1.00000000 1.00000000 1.00000000
v 0.04722739 0.46881937 -0.02266790 1.00000000 1.00000000 1.00000000
v -0.07452839 0.37302073 -0.01247333 1.00000000 1.00000000 1.00000000
v 0.05248682 0.31502385 -0.09704713 1.00000000 1.00000000 1.00000000
v -0.07652827 0.35334867 -0.06943189 1.00000000 1.00000000 1.00000000
v 0.02210976 0.36147964 -0.10905389 1.00000000 1.00000000 1.00000000
v 0.04006015 0.28803210 -0.09389427 1.00000000 1.00000000 1.00000000
v 0.04288249 0.36902648 -0.10575233 1.00000000 1.00000000 1.00000000
v 0.08001844 0.35113028 -0.04087434 1.00000000 1.00000000 1.00000000
v 0.00984913 0.41029848 -0.10613368 1.00000000 1.00000000 1.00000000
v -0.01858223 0.38159337 -0.10897604 1.00000000 1.00000000 1.00000000
v 0.04314271 0.29577787 -0.09549788 1.00000000 1.00000000 1.00000000
v 0.04190939 0.26659437 -0.08325319 1.00000000 1.00000000 1.00000000
v 0.00320222 0.27779977 -0.09451950 1.00000000 1.00000000 1.00000000
v -0.06169530 0.39737147 -0.08966500 1.00000000 1.00000000 1.00000000
v -0.02742200 0.49759537 -0.04348444 1.00000000 1.00000000 1.00000000
v 0.00568757 0.24580344 -0.07239802 1.00000000 1.00000000 1.00000000
v -0.01796537 0.48671529 -0.07164592 1.00000000 1.00000000 1.00000000
v -0.07944292 0.31550863 -0.04910951 1.00000000 1.00000000 1.00000000
v -0.01107057 0.29062127 -0.09890009 1.00000000 1.00000000 1.00000000
v -0.02650664 0.24635495 -0.06412935 1.00000000 1.00000000 1.00000000
v 0.03314654 0.35119895 -0.10755718 1.00000000 1.00000000 1.00000000
v 0.04189508 0.30852743 -0.10028359 1.00000000 1.00000000 1.00000000
v -0.06388367 0.35271283 -0.09305000 1.00000000 1.00000000 1.00000000
v -0.06608303 0.38643533 -0.08467259 1.00000000 1.00000000 1.00000000
v 0.06944491 0.40045934 -0.01360218 1.00000000 1.00000000 1.00000000
v -0.02473405 0.45877044 -0.08928858 1.00000000 1.00000000 1.00000000
v -0.02719344 0.40838827 -0.10530742 1.00000000 1.00000000 1.00000000
v 0.05862139 0.27372017 -0.06497849 1.00000000 1.00000000 1.00000000
v -0.07763747 0.36453000 -0.03049818 1.00000000 1.00000000 1.00000000
v -0.05355636 0.42894472 -0.08191776 1.00000000 1.00000000 1.00000000
v -0.06444146 0.27084268 -0.03814387 1.00000000 1.00000000 1.00000000
v -0.02223506 0.32165389 -0.10557491 1.00000000 1.00000000 1.00000000
v 0.05584047 0.44772533 -0.02864160 1.00000000 1.00000000 1.00000000
v -0.07060644 0.38255338 -0.07764407 1.00000000 1.00000000 1.00000000
v 0.00548962 0.40507710 -0.10709620 1.00000000 1.00000000 1.00000000
v -0.06590944 0.40472006 -0.07468554 1.00000000 1.00000000 1.00000000
v 0.02912087 0.32690016 -0.10561474 1.00000000 1.00000000 1.00000000
v -0.05400275 0.35352187 -0.10151901 1.00000000 1.00000000 1.00000000
v 0.07589306 0.36780844 -0.02040626 1.00000000 1.00000000 1.00000000
v -0.03868528 0.48099476 -0.04661423 1.00000000 1.00000000 1.00000000
v 0.03348851 0.26610988 -0.08621226 1.00000000 1.00000000 1.00000000
v 0.02457074 0.40327380 -0.10623553 1.00000000 1.00000000 1.00000000
v 0.01744001 0.50419891 -0.04403873 1.00000000 1.00000000 1.00000000
v -0.01497985 0.24672703 -0.07168451 1.00000000 1.00000000 1.00000000
v 0.03249239 0.41931239 -0.10111418 1.00000000 1.00000000 1.00000000
v 0.06653034 0.31025323 -0.08229822 1.00000000 1.00000000 1.00000000
v 0.06070152 0.29212857 -0.08181863 1.00000000 1.00000000 1.00000000
v 0.01733977 0.50774353 -0.00527217 1.00000000 1.00000000 1.00000000
v 0.06617131 0.39906339 -0.07816518 1.00000000 1.00000000 1.00000000
v 0.07689004 0.31939150 -0.01115407 1.00000000 1.00000000 1.00000000
v 0.06194982 0.39491392 -0.08895916 1.00000000 1.00000000 1.00000000
v -0.00826304 0.44011771 -0.09914925 1.00000000 1.00000000 1.00000000
v -0.04185502 0.45398098 -0.07779851 1.00000000 1.00000000 1.00000000
v -0.07214119 0.38613968 -0.01177216 1.00000000 1.00000000 1.00000000
v 0.07935021 0.36171161 -0.04203909 1.00000000 1.00000000 1.00000000
v 0.00170517 0.46587897 -0.08883375 1.00000000 1.00000000 1.00000000
v 0.02674130 0.49839193 -0.01896347 1.00000000 1.00000000 1.00000000
v 0.04631275 0.40149113 -0.09985112 1.00000000 1.00000000 1.00000000
v -0.07956022 0.32867059 -0.05784063 1.00000000 1.00000000 1.00000000
v 0.07059122 0.39678956 -0.01666500 1.00000000 1.00000000 1.00000000
v -0.07478254 0.34600937 -0.07469561 1.00000000 1.00000000 1.00000000
v 0.01687607 0.35484381 -0.10924614 1.00000000 1.00000000 1.00000000
v 0.06618026 0.27417162 -0.03844711 1.00000000 1.00000000 1.00000000
v 0.03701594 0.45994635 -0.07852367 1.00000000 1.00000000 1.00000000
v -0.07841459 0.35881220 -0.03969670 1.00000000 1.00000000 1.00000000
v 0.01478333 0.50989142 -0.02096126 1.00000000 1.00000000 1.00000000
v 0.01933584 0.38286695 -0.10876127 1.00000000 1.00000000 1.00000000
v -0.07121477 0.28175227 -0.02580034 1.00000000 1.00000000 1.00000000
v -0.03208388 0.40429658 -0.10540134 1.00000000 1.00000000 1.00000000
v -0.06597403 0.41662518 -0.05166227 1.00000000 1.00000000 1.00000000
v 0.00927394 0.30542946 -0.10303199 1.00000000 1.00000000 1.00000000
v -0.01321473 0.44678215 -0.09667720 1.00000000 1.00000000 1.00000000
v 0.06568398 0.41791796 -0.05319060 1.00000000 1.00000000 1.00000000
v -0.03029151 0.38987573 -0.10733885 1.00000000 1.00000000 1.00000000
v -0.04765648 0.38245357 -0.10300377 1.00000000 1.00000000 1.00000000
v -0.05478653 0.29482082 -0.08966544 1.00000000 1.00000000 1.00000000
v -0.01132988 0.40098205 -0.10752300 1.00000000 1.00000000 1.00000000
v 0.05031887 0.46336473 -0.02564181 1.00000000 1.00000000 1.00000000
v 0.06988991 0.40592642 -0.02809582 1.00000000 1.00000000 1.00000000
v 0.05034582 0.30264567 -0.09460157 1.00000000 1.00000000 1.00000000
v -0.02105609 0.50424388 -0.03172327 1.00000000 1.00000000 1.00000000
v -0.07611965 0.30475701 -0.01609336 1.00000000 1.00000000 1.00000000
v -0.07710854 0.30285598 -0.02919552 1.00000000 1.00000000 1.00000000
v 0.00209802 0.45277048 -0.09475838 1.00000000 1.00000000 1.00000000
v 0.01844533 0.36904630 -0.10933474 1.00000000 1.00000000 1.00000000
v 0.07221229 0.28833622 -0.03277013 1.00000000 1.00000000 1.00000000
v 0.07451662 0.29511101 -0.04343195 1.00000000 1.00000000 1.00000000
v 0.01308554 0.32528743 -0.10669878 1.00000000 1.00000000 1.00000000
v -0.07722674 0.34009912 -0.06940421 1.00000000 1.00000000 1.00000000
v 0.03949940 0.44622445 -0.08519772 1.00000000 1.00000000 1.00000000
v 0.05834871 0.44074727 -0.03194356 1.00000000 1.00000000 1.00000000
v -0.00883261 0.51523459 -0.02266820 1.00000000 1.00000000 1.00000000
v -0.01447820 0.26415891 -0.08774520 1.00000000 1.00000000 1.00000000
v -0.06200404 0.42731159 -0.01896858 1.00000000 1.00000000 1.00000000
v 0.07737873 0.32136016 -0.02345791 1.00000000 1.00000000 1.00000000
v -0.07888148 0.34269255 -0.03015545 1.00000000 1.00000000 1.00000000
v -0.07770306 0.36918008 -0.04099567 1.00000000 1.00000000 1.00000000
v -0.02217613 0.39280176 -0.10783023 1.00000000 1.00000000 1.00000000
v 0.06305087 0.27311492 -0.04806743 1.00000000 1.00000000 1.00000000
v -0.00073392 0.30645683 -0.10346592 1.00000000 1.00000000 1.00000000
v -0.07851148 0.30717844 -0.05015428 1.00000000 1.00000000 1.00000000
v -0.02845524 0.24408851 -0.06024397 1.00000000 1.00000000 1.00000000
v 0.01310335 0.26488121 -0.08816640 1.00000000 1.00000000 1.00000000
v -0.06030253 0.43524074 -0.04765375 1.00000000 1.00000000 1.00000000
v -0.03248210 0.33120388 -0.10595529 1.00000000 1.00000000 1.00000000
v -0.05811102 0.31054343 -0.09327848 1.00000000 1.00000000 1.00000000
v -0.07147516 0.39909547 -0.05215009 1.00000000 1.00000000 1.00000000
v 0.02575162 0.25003473 -0.07196747 1.00000000 1.00000000 1.00000000
v -0.00051022 0.44087053 -0.09903077 1.00000000 1.00000000 1.00000000
v 0.03925160 0.27621699 -0.09005582 1.00000000 1.00000000 1.00000000
v -0.04931711 0.33752297 -0.10259082 1.00000000 1.00000000 1.00000000
v -0.01863659 0.40504077 -0.10656248 1.00000000 1.00000000 1.00000000
v 0.07079963 0.31599824 -0.07679240 1.00000000 1.00000000 1.00000000
v -0.06270021 0.42882516 -0.03680096 1.00000000 1.00000000 1.00000000
v 0.03218290 0.25224350 -0.07106011 1.00000000 1.00000000 1.00000000
v -0.02760632 0.27184323 -0.09019839 1.00000000 1.00000000 1.00000000
v -0.07252694 0.39441600 -0.03914445 1.00000000 1.00000000 1.00000000
v -0.02968337 0.42589280 -0.10142111 1.00000000 1.00000000 1.00000000
v 0.02480897 0.35328506 -0.10858011 1.00000000 1.00000000 1.00000000
v -0.04461517 0.34924654 -0.10577523 1.00000000 1.00000000 1.00000000
v 0.07967997 0.35077859 -0.05383546 1.00000000 1.00000000 1.00000000
v 0.07144216 0.39206554 -0.01290475 1.00000000 1.00000000 1.00000000
v 0.02975960 0.49358754 -0.01259613 1.00000000 1.00000000 1.00000000
v 0.00856648 0.28064122 -0.09546833 1.00000000 1.00000000 1.00000000
v -0.07554921 0.29871772 -0.02147307 1.00000000 1.00000000 1.00000000
v -0.05809511 0.43792945 -0.01400189 1.00000000 1.00000000 1.00000000
v -0.04484752 0.46999053 -0.01485614 1.00000000 1.00000000 1.00000000
v -0.01399979 0.32385874 -0.10648337 1.00000000 1.00000000 1.00000000
v -0.05606240 0.40924601 -0.09084307 1.00000000 1.00000000 1.00000000
v 0.07214828 0.28376715 -0.01402322 1.00000000 1.00000000 1.00000000
v 0.03524147 0.24781501 -0.05990037 1.00000000 1.00000000 1.00000000
v -0.01600484 0.50882165 -0.00610364 1.00000000 1.00000000 1.00000000
v 0.06046353 0.43151860 -0.01449905 1.00000000 1.00000000 1.00000000
v 0.06771285 0.40784280 -0.01258643 1.00000000 1.00000000 1.00000000
v -0.07996650 0.32931085 -0.04373378 1.00000000 1.00000000 1.00000000
v 0.00121139 0.25631093 -0.08374789 1.00000000 1.00000000 1.00000000
v -0.04287318 0.36557283 -0.10631800 1.00000000 1.00000000 1.00000000
v 0.06266335 0.27907620 -0.06300473 1.00000000 1.00000000 1.00000000
v -0.04381546 0.47386997 -0.03815185 1.00000000 1.00000000 1.00000000
v -0.01165751 0.51282327 -0.00952371 1.00000000 1.00000000 1.00000000
v 0.05593226 0.44760117 -0.04239250 1.00000000 1.00000000 1.00000000
v -0.07412680 0.32339908 -0.07862774 1.00000000 1.00000000 1.00000000
v 0.03017011 0.30837200 -0.10201053 1.00000000 1.00000000 1.00000000
v 0.05083500 0.45737319 -0.00790194 1.00000000 1.00000000 1.00000000
v 0.05546142 0.41891285 -0.08353743 1.00000000 1.00000000 1.00000000
v 0.07207017 0.28984793 -0.04478002 1.00000000 1.00000000 1.00000000
v -0.07800212 0.30025714 -0.04417066 1.00000000 1.00000000 1.00000000
v -0.03353204 0.48724932 -0.05176093 1.00000000 1.00000000 1.00000000
v 0.06651427 0.41806736 -0.03805054 1.00000000 1.00000000 1.00000000
v -0.01914184 0.50563123 -0.02131945 1.00000000 1.00000000 1.00000000
v -0.07372007 0.38983451 -0.05175946 1.00000000 1.00000000 1.00000000
v 0.07289241 0.28819647 -0.01117025 1.00000000 1.00000000 1.00000000
v 0.04260679 0.32686142 -0.10341392 1.00000000 1.00000000 1.00000000
v -0.07732990 0.31325490 -0.01184474 1.00000000 1.00000000 1.00000000
v 0.07963709 0.35816160 -0.05494248 1.00000000 1.00000000 1.00000000
v -0.01452956 0.24237886 -0.06544658 1.00000000 1.00000000 1.00000000
v -0.07730826 0.32792329 -0.01205617 1.00000000 1.00000000 1.00000000
v 0.01064183 0.36858346 -0.10976937 1.00000000 1.00000000 1.00000000
v 0.01099315 0.24314441 -0.06760259 1.00000000 1.00000000 1.00000000
v -0.07690606 0.30901816 -0.06161183 1.00000000 1.00000000 1.00000000
v -0.05004362 0.43579176 -0.08343193 1.00000000 1.00000000 1.00000000
v 0.07603255 0.36261460 -0.01435854 1.00000000 1.00000000 1.00000000
v 0.03930369 0.25602774 -0.06909389 1.00000000 1.00000000 1.00000000
v 0.05515434 0.37276200 -0.09907486 1.00000000 1.00000000 1.00000000
v 0.02792743 0.36773522 -0.10852693 1.00000000 1.00000000 1.00000000
v -0.02321029 0.39997801 -0.10691611 1.00000000 1.00000000 1.00000000
v -0.01304339 0.43393589 -0.10077558 1.00000000 1.00000000 1.00000000
v -0.02230091 0.50202701 -0.04831962 1.00000000 1.00000000 1.00000000
v -0.01034122 0.28186468 -0.09592005 1.00000000 1.00000000 1.00000000
v -0.02704646 0.26649128 -0.08763717 1.00000000 1.00000000 1.00000000
v -0.01808711 0.47857414 -0.07799225 1.00000000 1.00000000 1.00000000
v -0.04504175 0.25750225 -0.05993663 1.00000000 1.00000000 1.00000000
v 0.07529913 0.37330213 -0.02051902 1.00000000 1.00000000 1.00000000
v 0.01149382 0.47960404 -0.08001873 1.00000000 1.00000000 1.00000000
v -0.01215951 0.23794172 -0.06137120 1.00000000 1.00000000 1.00000000
v 0.01029216 0.51347669 -0.02182928 1.00000000 1.00000000 1.00000000
v -0.00563468 0.25009166 -0.07948186 1.00000000 1.00000000 1.00000000
v -0.07162201 0.35255995 -0.08201478 1.00000000 1.00000000 1.00000000
v 0.07183408 0.30767355 -0.06957395 1.00000000 1.00000000 1.00000000
v -0.01605347 0.31514382 -0.10484155 1.00000000 1.00000000 1.00000000
v -0.04831967 0.45298974 -0.06741291 1.00000000 1.00000000 1.00000000
v 0.07100000 0.39516438 -0.06574231 1.00000000 1.00000000 1.00000000
v -0.01090068 0.25973700 -0.08552673 1.00000000 1.00000000 1.00000000
v 0.02071371 0.42071043 -0.10346152 1.00000000 1.00000000 1.00000000
v -0.06613645 0.28577177 -0.07142834 1.00000000 1.00000000 1.00000000
v -0.03693051 0.47745763 -0.06015338 1.00000000 1.00000000 1.00000000
v -0.07418611 0.32934836 -0.07905912 1.00000000 1.00000000 1.00000000
v -0.06651932 0.41181058 -0.01832306 1.00000000 1.00000000 1.00000000
v -0.06100443 0.36016066 -0.09642785 1.00000000 1.00000000 1.00000000
v 0.06335425 0.26727236 -0.03937085 1.00000000 1.00000000 1.00000000
v 0.03003663 0.49649458 -0.02532561 1.00000000 1.00000000 1.00000000
v -0.06616925 0.33670260 -0.09097399 1.00000000 1.00000000 1.00000000
v 0.07361390 0.29268243 -0.01882283 1.00000000 1.00000000 1.00000000
v 0.05169583 0.45889910 -0.02729791 1.00000000 1.00000000 1.00000000
v 0.04970302 0.41355679 -0.09266984 1.00000000 1.00000000 1.00000000
v -0.06425173 0.37957520 -0.08961806 1.00000000 1.00000000 1.00000000
v -0.06878846 0.27911811 -0.03646859 1.00000000 1.00000000 1.00000000
v 0.03066064 0.47959673 -0.06973103 1.00000000 1.00000000 1.00000000
v 0.05728004 0.38136554 -0.09647706 1.00000000 1.00000000 1.00000000
v -0.07783501 0.32776604 -0.06960140 1.00000000 1.00000000 1.00000000
v -0.06708352 0.34499449 -0.08874329 1.00000000 1.00000000 1.00000000
v 0.00658845 0.26732371 -0.08973983 1.00000000 1.00000000 1.00000000
v -0.01480140 0.25024285 -0.07903494 1.00000000 1.00000000 1.00000000
v 0.00564411 0.29937401 -0.10160004 1.00000000 1.00000000 1.00000000
v 0.04666762 0.32037308 -0.10126743 1.00000000 1.00000000 1.00000000
v -0.03391331 0.48276080 -0.05881722 1.00000000 1.00000000 1.00000000
v 0.07692655 0.33542800 -0.01221603 1.00000000 1.00000000 1.00000000
v 0.06199360 0.41905369 -0.06919310 1.00000000 1.00000000 1.00000000
v 0.07391854 0.34182743 -0.07767134 1.00000000 1.00000000 1.00000000
v -0.06927939 0.27779538 -0.02840020 1.00000000 1.00000000 1.00000000
v -0.01931092 0.44055008 -0.09837541 1.00000000 1.00000000 1.00000000
v -0.05426949 0.44383262 -0.06675306 1.00000000 1.00000000 1.00000000
v 0.05920474 0.26915068 -0.05256505 1.00000000 1.00000000 1.00000000
v -0.01088625 0.49916642 -0.06032851 1.00000000 1.00000000 1.00000000
v -0.00026019 0.23646690 -0.06122191 1.00000000 1.00000000 1.00000000
v -0.07111274 0.28054423 -0.01814478 1.00000000 1.00000000 1.00000000
v 0.03409689 0.32045263 -0.10395745 1.00000000 1.00000000 1.00000000
v 0.05635021 0.27677641 -0.07595058 1.00000000 1.00000000 1.00000000
v -0.02870770 0.30636339 -0.10184666 1.00000000 1.00000000 1.00000000
v -0.07463588 0.29298205 -0.02965233 1.00000000 1.00000000 1.00000000
v -0.07137477 0.28585984 -0.04609774 1.00000000 1.00000000 1.00000000
v -0.06793622 0.41137393 -0.03718384 1.00000000 1.00000000 1.00000000
v 0.02988500 0.24906656 -0.06622605 1.00000000 1.00000000 1.00000000
v -0.03942801 0.30464892 -0.09994866 1.00000000 1.00000000 1.00000000
v 0.06059368 0.26510235 -0.04390474 1.00000000 1.00000000 1.00000000
v 0.07629961 0.33743602 -0.06940290 1.00000000 1.00000000 1.00000000
v -0.03558558 0.48837018 -0.03889430 1.00000000 1.00000000 1.00000000
v 0.00421236 0.41528015 -0.10541423 1.00000000 1.00000000 1.00000000
v -0.02372953 0.43051841 -0.10092829 1.00000000 1.00000000 1.00000000
v -0.06359667 0.30533699 -0.08642378 1.00000000 1.00000000 1.00000000
v -0.03385885 0.35977926 -0.10793232 1.00000000 1.00000000 1.00000000
v 0.06733695 0.40488878 -0.06848098 1.00000000 1.00000000 1.00000000
v -0.04929657 0.41121584 -0.09614725 1.00000000 1.00000000 1.00000000
v -0.00010980 0.42088867 -0.10431526 1.00000000 1.00000000 1.00000000
v 0.03222988 0.48872142 -0.05335178 1.00000000 1.00000000 1.00000000
v 0.04502152 0.26004272 -0.06682812 1.00000000 1.00000000 1.00000000
v -0.07692326 0.33425912 -0.06912170 1.00000000 1.00000000 1.00000000
v -0.03617369 0.48415829 -0.00853092 1.00000000 1.00000000 1.00000000
v -0.00262674 0.24681177 -0.07418092 1.00000000 1.00000000 1.00000000
v -0.03997656 0.39307887 -0.10570891 1.00000000 1.00000000 1.00000000
v 0.06067700 0.43350173 -0.03543757 1.00000000 1.00000000 1.00000000
v 0.04573255 0.46792618 -0.01156757 1.00000000 1.00000000 1.00000000
v -0.05551345 0.42137464 -0.08387228 1.00000000 1.00000000 1.00000000
v -0.07594697 0.29474703 -0.05366201 1.00000000 1.00000000 1.00000000
v -0.02618560 0.26061913 -0.08452313 1.00000000 1.00000000 1.00000000
v -0.01547456 0.25543710 -0.08257369 1.00000000 1.00000000 1.00000000
v 0.04820673 0.44607774 -0.07390092 1.00000000 1.00000000 1.00000000
v 0.00863426 0.31958828 -0.10596094 1.00000000 1.00000000 1.00000000
v 0.07715831 0.32749014 -0.01481887 1.00000000 1.00000000 1.00000000
v 0.01201236 0.31212157 -0.10439683 1.00000000 1.00000000 1.00000000
v 0.00566939 0.44760853 -0.09664667 1.00000000 1.00000000 1.00000000
v 0.06636427 0.28073555 -0.05205647 1.00000000 1.00000000 1.00000000
v -0.00490531 0.39720576 -0.10816223 1.00000000 1.00000000 1.00000000
v -0.03653767 0.25396786 -0.06592881 1.00000000 1.00000000 1.00000000
v 0.02963493 0.43391394 -0.09774558 1.00000000 1.00000000 1.00000000
v 0.06965923 0.28442377 -0.04379694 1.00000000 1.00000000 1.00000000
v -0.00060977 0.23334241 -0.05879291 1.00000000 1.00000000 1.00000000
v -0.03433880 0.45063119 -0.08807538 1.00000000 1.00000000 1.00000000
v 0.00778352 0.27332046 -0.09249143 1.00000000 1.00000000 1.00000000
v 0.07294384 0.39755836 -0.04232998 1.00000000 1.00000000 1.00000000
v -0.05701302 0.39196347 -0.09610221 1.00000000 1.00000000 1.00000000
v -0.07450036 0.38474944 -0.03596023 1.00000000 1.00000000 1.00000000
v 0.07811781 0.31416729 -0.02419756 1.00000000 1.00000000 1.00000000
v -0.01323853 0.36360529 -0.10971718 1.00000000 1.00000000 1.00000000
v 0.02535614 0.39007273 -0.10769230 1.00000000 1.00000000 1.00000000
v 0.00012466 0.35080543 -0.10961017 1.00000000 1.00000000 1.00000000
v 0.02955270 0.28547291 -0.09539311 1.00000000 1.00000000 1.00000000
v 0.07118579 0.28138944 -0.02200259 1.00000000 1.00000000 1.00000000
v -0.02955950 0.31875900 -0.10435483 1.00000000 1.00000000 1.00000000
v -0.02549733 0.50164102 -0.03590519 1.00000000 1.00000000 1.00000000
v -0.00795149 0.24421901 -0.06979705 1.00000000 1.00000000 1.00000000
v 0.02622734 0.34529903 -0.10795325 1.00000000 1.00000000 1.00000000
v 0.05380937 0.45326269 -0.02559501 1.00000000 1.00000000 1.00000000
v 0.03371480 0.39799134 -0.10541227 1.00000000 1.00000000 1.00000000
v 0.04395476 0.33707001 -0.10403234 1.00000000 1.00000000 1.00000000
v -0.07151865 0.28420401 -0.03382394 1.00000000 1.00000000 1.00000000
v 0.02321373 0.29638445 -0.09967550 1.00000000 1.00000000 1.00000000
v -0.00175330 0.33762139 -0.10858694 1.00000000 1.00000000 1.00000000
v -0.05788851 0.44193019 -0.03009697 1.00000000 1.00000000 1.00000000
v 0.05079313 0.26704368 -0.07271782 1.00000000 1.00000000 1.00000000
v 0.03201928 0.42639554 -0.09897023 1.00000000 1.00000000 1.00000000
v -0.07683134 0.35665359 -0.02178461 1.00000000 1.00000000 1.00000000
v -0.07128840 0.37574233 -0.07830688 1.00000000 1.00000000 1.00000000
v -0.02653144 0.37263089 -0.10869689 1.00000000 1.00000000 1.00000000
v -0.02335593 0.44696608 -0.09569401 1.00000000 1.00000000 1.00000000
v 0.02580849 0.24453312 -0.06291463 1.00000000 1.00000000 1.00000000
v 0.06516280 0.37781739 -0.08886665 1.00000000 1.00000000 1.00000000
v 0.01711062 0.28123584 -0.09516428 1.00000000 1.00000000 1.00000000
v -0.01360452 0.27369539 -0.09240821 1.00000000 1.00000000 1.00000000
v 0.01511843 0.50047499 -0.05669516 1.00000000 1.00000000 1.00000000
v 0.05237570 0.45304040 -0.01151409 1.00000000 1.00000000 1.00000000
v 0.04863471 0.46359556 -0.00808298 1.00000000 1.00000000 1.00000000
v 0.07187783 0.35285407 -0.08235037 1.00000000 1.00000000 1.00000000
v -0.05353915 0.26986494 -0.07452498 1.00000000 1.00000000 1.00000000
v 0.07908634 0.36464378 -0.05227923 1.00000000 1.00000000 1.00000000
v -0.05952474 0.27221804 -0.05723526 1.00000000 1.00000000 1.00000000
v 0.05980184 0.43302026 -0.05406432 1.00000000 1.00000000 1.00000000
v 0.05665903 0.39999752 -0.09195742 1.00000000 1.00000000 1.00000000
v -0.07339782 0.38022541 -0.01221937 1.00000000 1.00000000 1.00000000
v -0.00365536 0.26001542 -0.08597611 1.00000000 1.00000000 1.00000000
v -0.02611495 0.45291151 -0.09148469 1.00000000 1.00000000 1.00000000
v -0.06188913 0.40814236 -0.08210346 1.00000000 1.00000000 1.00000000
v -0.06370447 0.39177905 -0.08750148 1.00000000 1.00000000 1.00000000
v -0.07641027 0.37794221 -0.05326089 1.00000000 1.00000000 1.00000000
v -0.00109993 0.42774759 -0.10274005 1.00000000 1.00000000 1.00000000
v 0.06691855 0.41274714 -0.02266843 1.00000000 1.00000000 1.00000000
v -0.01684865 0.30111256 -0.10160731 1.00000000 1.00000000 1.00000000
v -0.01493793 0.50739265 -0.03371745 1.00000000 1.00000000 1.00000000
v 0.01900216 0.50483631 -0.03390813 1.00000000 1.00000000 1.00000000
v -0.00393078 0.41643549 -0.10521563 1.00000000 1.00000000 1.00000000
v 0.02290896 0.50253608 -0.02199639 1.00000000 1.00000000 1.00000000
v 0.05158138 0.25715467 -0.05136682 1.00000000 1.00000000 1.00000000
v -0.07884307 0.35386859 -0.05504103 1.00000000 1.00000000 1.00000000
v -0.06629236 0.41668348 -0.03086974 1.00000000 1.00000000 1.00000000
v -0.02668549 0.49893755 -0.01748392 1.00000000 1.00000000 1.00000000
v 0.07520852 0.37680399 -0.06457225 1.00000000 1.00000000 1.00000000
v 0.00440955 0.26164112 -0.08683104 1.00000000 1.00000000 1.00000000
v 0.04738216 0.46859098 -0.04482110 1.00000000 1.00000000 1.00000000
v 0.01485408 0.38856709 -0.10862397 1.00000000 1.00000000 1.00000000
v -0.05523859 0.36866733 -0.09984867 1.00000000 1.00000000 1.00000000
v 0.07832214 0.36087470 -0.06507944 1.00000000 1.00000000 1.00000000
v -0.00711777 0.35283372 -0.10963859 1.00000000 1.00000000 1.00000000
v -0.07839539 0.31618855 -0.06108132 1.00000000 1.00000000 1.00000000
v -0.03801502 0.32502081 -0.10432684 1.00000000 1.00000000 1.00000000
v -0.07335602 0.28741117 -0.01695501 1.00000000 1.00000000 1.00000000
v 0.02837167 0.49730739 -0.04560578 1.00000000 1.00000000 1.00000000
v -0.05664710 0.44264766 -0.01750702 1.00000000 1.00000000 1.00000000
v 0.06364049 0.42687887 -0.03097684 1.00000000 1.00000000 1.00000000
v -0.01912417 0.25993038 -0.08497854 1.00000000 1.00000000 1.00000000
v -0.00464221 0.43356350 -0.10116566 1.00000000 1.00000000 1.00000000
v -0.01531075 0.50266250 -0.05220553 1.00000000 1.00000000 1.00000000
v 0.05329310 0.40720232 -0.09207766 1.00000000 1.00000000 1.00000000
v 0.01885804 0.41177035 -0.10536598 1.00000000 1.00000000 1.00000000
v 0.06188506 0.42819099 -0.01919186 1.00000000 1.00000000 1.00000000
v 0.07501626 0.35851133 -0.07710915 1.00000000 1.00000000 1.00000000
v 0.06044695 0.41197866 -0.07931762 1.00000000 1.00000000 1.00000000
v 0.06500677 0.35013680 -0.09266122 1.00000000 1.00000000 1.00000000
v -0.07730151 0.37182838 -0.05207973 1.00000000 1.00000000 1.00000000
v -0.06099225 0.27026649 -0.04780984 1.00000000 1.00000000 1.00000000
v -0.06038687 0.43102450 -0.01271201 1.00000000 1.00000000 1.00000000
v -0.02718902 0.28914394 -0.09712262 1.00000000 1.00000000 1.00000000
v 0.04359354 0.47186262 -0.00950273 1.00000000 1.00000000 1.00000000
v 0.07805033 0.31272226 -0.03865879 1.00000000 1.00000000 1.00000000
v -0.06477928 0.27575434 -0.04706628 1.00000000 1.00000000 1.00000000
v 0.06848695 0.41142389 -0.04006615 1.00000000 1.00000000 1.00000000
v 0.03239973 0.25761294 -0.08138918 1.00000000 1.00000000 1.00000000
v 0.01381909 0.27055276 -0.09091407 1.00000000 1.00000000 1.00000000
v 0.04860432 0.46788746 -0.03325851 1.00000000 1.00000000 1.00000000
v 0.04540259 0.45816926 -0.06859057 1.00000000 1.00000000 1.00000000
v -0.06348229 0.27743456 -0.05705808 1.00000000 1.00000000 1.00000000
v 0.05603799 0.34329597 -0.09917223 1.00000000 1.00000000 1.00000000
v 0.05621509 0.44285403 -0.01038812 1.00000000 1.00000000 1.00000000
v 0.01912457 0.33967919 -0.10808929 1.00000000 1.00000000 1.00000000
v 0.06330440 0.33009951 -0.09128742 1.00000000 1.00000000 1.00000000
v 0.07334175 0.29196034 -0.05866415 1.00000000 1.00000000 1.00000000
v 0.00337416 0.36620264 -0.10997589 1.00000000 1.00000000 1.00000000
v 0.00651607 0.38245143 -0.10940116 1.00000000 1.00000000 1.00000000
v 0.02475785 0.28091935 -0.09428708 1.00000000 1.00000000 1.00000000
v -0.05365220 0.26874692 -0.06681613 1.00000000 1.00000000 1.00000000
v 0.01859129 0.45155486 -0.09394297 1.00000000 1.00000000 1.00000000
v -0.05473934 0.44903080 -0.04463965 1.00000000 1.00000000 1.00000000
v 0.04024197 0.47809539 -0.00937878 1.00000000 1.00000000 1.00000000
v 0.01280094 0.37669194 -0.10945980 1.00000000 1.00000000 1.00000000
v -0.03603132 0.33802241 -0.10629966 1.00000000 1.00000000 1.00000000
v -0.00919347 0.24755962 -0.07484328 1.00000000 1.00000000 1.00000000
v -0.06183654 0.27932868 -0.06755668 1.00000000 1.00000000 1.00000000
v 0.04223228 0.47893808 -0.03239762 1.00000000 1.00000000 1.00000000
v -0.04570662 0.44119143 -0.08448054 1.00000000 1.00000000 1.00000000
v -0.07845300 0.36414737 -0.04975187 1.00000000 1.00000000 1.00000000
v -0.03149075 0.25648056 -0.08100414 1.00000000 1.00000000 1.00000000
v -0.03576407 0.37814287 -0.10746033 1.00000000 1.00000000 1.00000000
v -0.05396523 0.30227867 -0.09299431 1.00000000 1.00000000 1.00000000
v 0.02201013 0.48328307 -0.07342238 1.00000000 1.00000000 1.00000000
v -0.07222272 0.36806539 -0.07842765 1.00000000 1.00000000 1.00000000
v -0.04835440 0.39024929 -0.10204400 1.00000000 1.00000000 1.00000000
v 0.01238567 0.51192054 -0.01105145 1.00000000 1.00000000 1.00000000
v -0.04134168 0.35566230 -0.10678133 1.00000000 1.00000000 1.00000000
v -0.05446017 0.26121734 -0.04987753 1.00000000 1.00000000 1.00000000
v 0.04128850 0.25123883 -0.05811390 1.00000000 1.00000000 1.00000000
v -0.04994668 0.45840144 -0.00859794 1.00000000 1.00000000 1.00000000
v 0.03826920 0.26231984 -0.08204190 1.00000000 1.00000000 1.00000000
v -0.03809856 0.39994590 -0.10521433 1.00000000 1.00000000 1.00000000
v 0.04610172 0.37721326 -0.10404988 1.00000000 1.00000000 1.00000000
v -0.06998898 0.35987365 -0.08517729 1.00000000 1.00000000 1.00000000
v 0.01802457 0.31765837 -0.10510983 1.00000000 1.00000000 1.00000000
v -0.04304151 0.28658039 -0.09283378 1.00000000 1.00000000 1.00000000
v 0.03918958 0.47078897 -0.06604122 1.00000000 1.00000000 1.00000000
v -0.07976745 0.33351637 -0.05324556 1.00000000 1.00000000 1.00000000
v 0.02627692 0.32058790 -0.10493511 1.00000000 1.00000000 1.00000000
v 0.06168915 0.26875086 -0.04484270 1.00000000 1.00000000 1.00000000
v -0.05040482 0.46018369 -0.03189257 1.00000000 1.00000000 1.00000000
v 0.00997110 0.50333213 -0.05138240 1.00000000 1.00000000 1.00000000
v -0.01445320 0.26885773 -0.09012679 1.00000000 1.00000000 1.00000000
v 0.06891978 0.40871810 -0.05359695 1.00000000 1.00000000 1.00000000
v 0.01874531 0.50617568 -0.02256787 1.00000000 1.00000000 1.00000000
v -0.02935883 0.49337295 -0.04932127 1.00000000 1.00000000 1.00000000
v 0.07593705 0.30517963 -0.01686916 1.00000000 1.00000000 1.00000000
v 0.01042249 0.39707459 -0.10799562 1.00000000 1.00000000 1.00000000
v -0.03414322 0.31162229 -0.10236878 1.00000000 1.00000000 1.00000000
v 0.06757650 0.27895537 -0.04132375 1.00000000 1.00000000 1.00000000
v 0.03976190 0.30255990 -0.09916010 1.00000000 1.00000000 1.00000000
v -0.07821879 0.35943317 -0.05823430 1.00000000 1.00000000 1.00000000
v 0.04105232 0.43160519 -0.09164379 1.00000000 1.00000000 1.00000000
v 0.02434695 0.49574761 -0.05606066 1.00000000 1.00000000 1.00000000
v 0.03476116 0.48328673 -0.05909707 1.00000000 1.00000000 1.00000000
v 0.01220617 0.41715050 -0.10478719 1.00000000 1.00000000 1.00000000
v -0.00338598 0.51913214 -0.00450144 1.00000000 1.00000000 1.00000000
v 0.07133386 0.37447945 -0.07974540 1.00000000 1.00000000 1.00000000
v -0.04896414 0.28019013 -0.08560704 1.00000000 1.00000000 1.00000000
v 0.00569122 0.24126394 -0.06621963 1.00000000 1.00000000 1.00000000
v -0.07944848 0.32044574 -0.03193333 1.00000000 1.00000000 1.00000000
v 0.00518465 0.32982444 -0.10762110 1.00000000 1.00000000 1.00000000
v -0.03285752 0.41443836 -0.10358317 1.00000000 1.00000000 1.00000000
v 0.03692793 0.28130090 -0.09264988 1.00000000 1.00000000 1.00000000
v 0.02844933 0.44303706 -0.09446613 1.00000000 1.00000000 1.00000000
v 0.02861515 0.48622895 -0.06504497 1.00000000 1.00000000 1.00000000
v -0.01485701 0.34739658 -0.10904014 1.00000000 1.00000000 1.00000000
v 0.01698978 0.25376921 -0.08119039 1.00000000 1.00000000 1.00000000
v 0.05770129 0.43990567 -0.04917607 1.00000000 1.00000000 1.00000000
v -0.04837801 0.44720789 -0.07421768 1.00000000 1.00000000 1.00000000
v -0.06054168 0.43314810 -0.05918510 1.00000000 1.00000000 1.00000000
v -0.04975583 0.26229609 -0.05998728 1.00000000 1.00000000 1.00000000
v -0.02225663 0.35050837 -0.10874384 1.00000000 1.00000000 1.00000000
v -0.04958528 0.41769154 -0.09282965 1.00000000 1.00000000 1.00000000
v -0.07555572 0.37756723 -0.02620050 1.00000000 1.00000000 1.00000000
v -0.03539904 0.37071049 -0.10775105 1.00000000 1.00000000 1.00000000
v -0.07867126 0.35183808 -0.04152130 1.00000000 1.00000000 1.00000000
v -0.07428883 0.38102670 -0.06488901 1.00000000 1.00000000 1.00000000
v -0.06848233 0.40382087 -0.01292876 1.00000000 1.00000000 1.00000000
v 0.06301060 0.28192836 -0.07278055 1.00000000 1.00000000 1.00000000
v -0.02207717 0.25011259 -0.07345113 1.00000000 1.00000000 1.00000000
v -0.06815640 0.31090842 -0.08321541 1.00000000 1.00000000 1.00000000
v -0.02657142 0.43662592 -0.09856563 1.00000000 1.00000000 1.00000000
v 0.04666012 0.34692423 -0.10446166 1.00000000 1.00000000 1.00000000
v -0.04627215 0.29154778 -0.09360565 1.00000000 1.00000000 1.00000000
v -0.02533659 0.29962632 -0.10048737 1.00000000 1.00000000 1.00000000
v -0.05952110 0.42442877 -0.07441961 1.00000000 1.00000000 1.00000000
v -0.06603694 0.39850899 -0.08009839 1.00000000 1.00000000 1.00000000
v -0.06252067 0.29103893 -0.08057187 1.00000000 1.00000000 1.00000000
v -0.01530552 0.41716088 -0.10466728 1.00000000 1.00000000 1.00000000
v 0.02008575 0.47146105 -0.08334847 1.00000000 1.00000000 1.00000000
v -0.07047356 0.33292381 -0.08489463 1.00000000 1.00000000 1.00000000
v -0.03849548 0.48518431 -0.02875460 1.00000000 1.00000000 1.00000000
v -0.05937500 0.28082758 -0.07689667 1.00000000 1.00000000 1.00000000
v 0.01447077 0.45718275 -0.09183668 1.00000000 1.00000000 1.00000000
v 0.00144384 0.29406370 -0.10019722 1.00000000 1.00000000 1.00000000
v -0.06458775 0.41796576 -0.01376131 1.00000000 1.00000000 1.00000000
v -0.07440360 0.31209189 -0.07237681 1.00000000 1.00000000 1.00000000
v -0.07832994 0.34834632 -0.05942701 1.00000000 1.00000000 1.00000000
v 0.06482882 0.37056305 -0.09131815 1.00000000 1.00000000 1.00000000
v -0.00652420 0.34444252 -0.10913362 1.00000000 1.00000000 1.00000000
v 0.05726375 0.44232898 -0.01939287 1.00000000 1.00000000 1.00000000
v 0.07611995 0.30069310 -0.03252758 1.00000000 1.00000000 1.00000000
v 0.02766234 0.46226924 -0.08477992 1.00000000 1.00000000 1.00000000
v -0.07359103 0.28897510 -0.02408231 1.00000000 1.00000000 1.00000000
v 0.07850204 0.32552729 -0.03371563 1.00000000 1.00000000 1.00000000
v -0.07697125 0.36632584 -0.06359979 1.00000000 1.00000000 1.00000000
v -0.07783075 0.32340969 -0.01742130 1.00000000 1.00000000 1.00000000
v -0.04731471 0.46473620 -0.01394200 1.00000000 1.00000000 1.00000000
v 0.05855555 0.43705594 -0.01224015 1.00000000 1.00000000 1.00000000
v -0.03308008 0.29301086 -0.09760690 1.00000000 1.00000000 1.00000000
v -0.00173388 0.35941139 -0.10993434 1.00000000 1.00000000 1.00000000
v -0.03625904 0.25680207 -0.07240366 1.00000000 1.00000000 1.00000000
v 0.00313628 0.37434178 -0.10984682 1.00000000 1.00000000 1.00000000
v 0.04020442 0.45317485 -0.07946616 1.00000000 1.00000000 1.00000000
v -0.02298192 0.27748487 -0.09323575 1.00000000 1.00000000 1.00000000
v 0.04876655 0.26794017 -0.07933798 1.00000000 1.00000000 1.00000000
v -0.05014318 0.45580012 -0.05435976 1.00000000 1.00000000 1.00000000
v 0.06372048 0.42560040 -0.04467676 1.00000000 1.00000000 1.00000000
v -0.07596315 0.29674315 -0.03693233 1.00000000 1.00000000 1.00000000
v 0.02381964 0.33290003 -0.10696562 1.00000000 1.00000000 1.00000000
v -0.04774813 0.32127677 -0.10176571 1.00000000 1.00000000 1.00000000
v -0.00413057 0.40457074 -0.10721926 1.00000000 1.00000000 1.00000000
v -0.01532093 0.51026036 -0.01731438 1.00000000 1.00000000 1.00000000
v 0.07542307 0.37995101 -0.03240976 1.00000000 1.00000000 1.00000000
v -0.05531281 0.34569115 -0.09981713 1.00000000 1.00000000 1.00000000
v 0.01709076 0.25968690 -0.08492869 1.00000000 1.00000000 1.00000000
v 0.05987948 0.33751208 -0.09554370 1.00000000 1.00000000 1.00000000
v 0.00532251 0.23770466 -0.06216751 1.00000000 1.00000000 1.00000000
v -0.07547543 0.36051551 -0.07229418 1.00000000 1.00000000 1.00000000
v -0.07323370 0.28851927 -0.03539009 1.00000000 1.00000000 1.00000000
v -0.06621946 0.27467014 -0.03804599 1.00000000 1.00000000 1.00000000
v 0.03952756 0.40691332 -0.10139801 1.00000000 1.00000000 1.00000000
v 0.07796442 0.36426941 -0.02949129 1.00000000 1.00000000 1.00000000
v 0.07438531 0.29742793 -0.01227687 1.00000000 1.00000000 1.00000000
v -0.00777765 0.36049914 -0.10986254 1.00000000 1.00000000 1.00000000
v -0.02032353 0.30719790 -0.10284995 1.00000000 1.00000000 1.00000000
v 0.02253517 0.46549955 -0.08522389 1.00000000 1.00000000 1.00000000
v -0.04690934 0.26536227 -0.07696245 1.00000000 1.00000000 1.00000000
v -0.00924895 0.48943169 -0.07228930 1.00000000 1.00000000 1.00000000
v 0.03193794 0.29515024 -0.09826834 1.00000000 1.00000000 1.00000000
v -0.04283809 0.25925532 -0.06671205 1.00000000 1.00000000 1.00000000
v -0.05030922 0.32822857 -0.10148694 1.00000000 1.00000000 1.00000000
v 0.00195374 0.39402955 -0.10855407 1.00000000 1.00000000 1.00000000
v -0.05115493 0.40454496 -0.09770415 1.00000000 1.00000000 1.00000000
v 0.07574021 0.34766204 -0.07387014 1.00000000 1.00000000 1.00000000
v 0.05383189 0.44027674 -0.06606121 1.00000000 1.00000000 1.00000000
v 0.05048707 0.26248662 -0.06063334 1.00000000 1.00000000 1.00000000
v -0.04771174 0.46557791 -0.03065579 1.00000000 1.00000000 1.00000000
v -0.02482807 0.38576795 -0.10820994 1.00000000 1.00000000 1.00000000
v -0.01063230 0.42033800 -0.10423931 1.00000000 1.00000000 1.00000000
v 0.00376861 0.31278172 -0.10479663 1.00000000 1.00000000 1.00000000
v -0.07664063 0.31886860 -0.07148185 1.00000000 1.00000000 1.00000000
v -0.04406078 0.45922012 -0.06779021 1.00000000 1.00000000 1.00000000
v -0.03510964 0.43258822 -0.09685429 1.00000000 1.00000000 1.00000000
v 0.03841268 0.25274653 -0.06321841 1.00000000 1.00000000 1.00000000
v 0.02832547 0.45600577 -0.08757345 1.00000000 1.00000000 1.00000000
v 0.01581189 0.34688634 -0.10888849 1.00000000 1.00000000 1.00000000
v 0.00910466 0.23604256 -0.06021451 1.00000000 1.00000000 1.00000000
v -0.07042730 0.40236930 -0.04029490 1.00000000 1.00000000 1.00000000
v 0.07403785 0.29417374 -0.03211148 1.00000000 1.00000000 1.00000000
v -0.00732780 0.25461819 -0.08253875 1.00000000 1.00000000 1.00000000
v -0.06873010 0.40505444 -0.06081310 1.00000000 1.00000000 1.00000000
v -0.04374741 0.27514907 -0.08828092 1.00000000 1.00000000 1.00000000
v 0.04498558 0.46781075 -0.05747857 1.00000000 1.00000000 1.00000000
v -0.07027844 0.39803020 -0.02245766 1.00000000 1.00000000 1.00000000
v 0.03747353 0.47701670 -0.06258976 1.00000000 1.00000000 1.00000000
v -0.04032368 0.26075185 -0.07465320 1.00000000 1.00000000 1.00000000
v -0.05413770 0.39768714 -0.09742153 1.00000000 1.00000000 1.00000000
v 0.06706455 0.38506992 -0.08431228 1.00000000 1.00000000 1.00000000
v 0.07926716 0.33003950 -0.04407045 1.00000000 1.00000000 1.00000000
v -0.02164206 0.29480449 -0.09947284 1.00000000 1.00000000 1.00000000
v -0.04180889 0.47579921 -0.00776065 1.00000000 1.00000000 1.00000000
v 0.03762385 0.48322186 -0.01649863 1.00000000 1.00000000 1.00000000
v -0.01134689 0.30851832 -0.10369558 1.00000000 1.00000000 1.00000000
v 0.06185175 0.40531685 -0.08229203 1.00000000 1.00000000 1.00000000
v -0.02048309 0.36682217 -0.10928631 1.00000000 1.00000000 1.00000000
v 0.07668868 0.37353636 -0.03616299 1.00000000 1.00000000 1.00000000
v -0.01646014 0.27868459 -0.09430397 1.00000000 1.00000000 1.00000000
v 0.07830102 0.36719449 -0.06111687 1.00000000 1.00000000 1.00000000
v -0.04247842 0.40603505 -0.10247641 1.00000000 1.00000000 1.00000000
v -0.01969870 0.50424850 -0.04158072 1.00000000 1.00000000 1.00000000
v 0.00228025 0.40001084 -0.10786550 1.00000000 1.00000000 1.00000000
v 0.05218504 0.33143273 -0.10011525 1.00000000 1.00000000 1.00000000
v 0.02346923 0.49074258 -0.06320091 1.00000000 1.00000000 1.00000000
v -0.06571196 0.36590914 -0.09091781 1.00000000 1.00000000 1.00000000
v -0.03768960 0.48529713 -0.01777620 1.00000000 1.00000000 1.00000000
v 0.06324268 0.42353120 -0.01320156 1.00000000 1.00000000 1.00000000
v -0.05565998 0.37707847 -0.09857354 1.00000000 1.00000000 1.00000000
v 0.00537804 0.34512716 -0.10918403 1.00000000 1.00000000 1.00000000
v 0.05028183 0.43027485 -0.08325952 1.00000000 1.00000000 1.00000000
v 0.02080018 0.43748863 -0.09910776 1.00000000 1.00000000 1.00000000
v 0.05450964 0.44600690 -0.05747983 1.00000000 1.00000000 1.00000000
v -0.04370282 0.29788905 -0.09691360 1.00000000 1.00000000 1.00000000
v -0.05807687 0.44182317 -0.04392921 1.00000000 1.00000000 1.00000000
v 0.02554876 0.26640772 -0.08767307 1.00000000 1.00000000 1.00000000
v -0.04820286 0.26396305 -0.06728114 1.00000000 1.00000000 1.00000000
v -0.05831194 0.41430811 -0.08293024 1.00000000 1.00000000 1.00000000
v 0.03120805 0.30104884 -0.10004956 1.00000000 1.00000000 1.00000000
v -0.07326351 0.28827257 -0.00910601 1.00000000 1.00000000 1.00000000
v -0.06844210 0.40911177 -0.05227785 1.00000000 1.00000000 1.00000000
v 0.05977687 0.36457490 -0.09717499 1.00000000 1.00000000 1.00000000
v 0.04989189 0.46331416 -0.01605706 1.00000000 1.00000000 1.00000000
v 0.01693675 0.29284128 -0.09917569 1.00000000 1.00000000 1.00000000
v -0.00705118 0.49451109 -0.06710846 1.00000000 1.00000000 1.00000000
v -0.07450392 0.29431039 -0.01671948 1.00000000 1.00000000 1.00000000
v 0.04329680 0.47325333 -0.05185914 1.00000000 1.00000000 1.00000000
v -0.00756437 0.51581610 -0.00518355 1.00000000 1.00000000 1.00000000
v -0.07265995 0.28517679 -0.02313966 1.00000000 1.00000000 1.00000000
v -0.00569748 0.28638057 -0.09768097 1.00000000 1.00000000 1.00000000
v 0.05612278 0.26531130 -0.05326683 1.00000000 1.00000000 1.00000000
v -0.02313104 0.50127405 -0.01202212 1.00000000 1.00000000 1.00000000
v -0.05481892 0.26711669 -0.05855737 1.00000000 1.00000000 1.00000000
v -0.02882845 0.33676009 -0.10706168 1.00000000 1.00000000 1.00000000
v -0.01016833 0.39242506 -0.10855893 1.00000000 1.00000000 1.00000000
v 0.03756969 0.48534706 -0.02906018 1.00000000 1.00000000 1.00000000
v 0.07785970 0.31917414 -0.04396066 1.00000000 1.00000000 1.00000000
v 0.01496416 0.40396897 -0.10687120 1.00000000 1.00000000 1.00000000
v -0.05502555 0.44625783 -0.01192100 1.00000000 1.00000000 1.00000000
v -0.06039169 0.43457458 -0.03079147 1.00000000 1.00000000 1.00000000
v 0.01964019 0.26861114 -0.08947524 1.00000000 1.00000000 1.00000000
v -0.03247981 0.29986250 -0.09971621 1.00000000 1.00000000 1.00000000
v -0.06740444 0.27388679 -0.03118435 1.00000000 1.00000000 1.00000000
v -0.05222179 0.45273536 -0.01075237 1.00000000 1.00000000 1.00000000
v 0.07172176 0.36813971 -0.08278517 1.00000000 1.00000000 1.00000000
v -0.00110669 0.26579376 -0.08909835 1.00000000 1.00000000 1.00000000
v 0.00321433 0.43477130 -0.10083349 1.00000000 1.00000000 1.00000000
v 0.05179227 0.26036529 -0.05438891 1.00000000 1.00000000 1.00000000
v -0.02136119 0.24631917 -0.06754811 1.00000000 1.00000000 1.00000000
v -0.02969446 0.25355887 -0.07361013 1.00000000 1.00000000 1.00000000
v -0.06954796 0.40560527 -0.02719527 1.00000000 1.00000000 1.00000000
v 0.01309471 0.29790095 -0.10090020 1.00000000 1.00000000 1.00000000
v 0.00568469 0.42233986 -0.10392859 1.00000000 1.00000000 1.00000000
v 0.07862136 0.33341433 -0.02798665 1.00000000 1.00000000 1.00000000
v -0.05968504 0.33982288 -0.09699797 1.00000000 1.00000000 1.00000000
v 0.02439037 0.50239484 -0.03246503 1.00000000 1.00000000 1.00000000
v 0.01225995 0.36105021 -0.10968473 1.00000000 1.00000000 1.00000000
v -0.06946759 0.27675281 -0.02153694 1.00000000 1.00000000 1.00000000
v 0.04297391 0.47793583 -0.04297354 1.00000000 1.00000000 1.00000000
v 0.04954384 0.45798008 -0.05610146 1.00000000 1.00000000 1.00000000
v -0.01702327 0.38849121 -0.10857209 1.00000000 1.00000000 1.00000000
v -0.04308460 0.47634494 -0.02517609 1.00000000 1.00000000 1.00000000
v -0.05267333 0.44031734 -0.07527008 1.00000000 1.00000000 1.00000000
v 0.02946111 0.41117936 -0.10445218 1.00000000 1.00000000 1.00000000
v 0.01602829 0.49444393 -0.06486204 1.00000000 1.00000000 1.00000000
v 0.07158105 0.39939786 -0.02906188 1.00000000 1.00000000 1.00000000
v 0.03775972 0.43903505 -0.09109221 1.00000000 1.00000000 1.00000000
v -0.04894632 0.46190438 -0.04485159 1.00000000 1.00000000 1.00000000
v -0.03428436 0.47342894 -0.07019404 1.00000000 1.00000000 1.00000000
v -0.05603282 0.27537702 -0.07561442 1.00000000 1.00000000 1.00000000
v 0.07429211 0.38563678 -0.02698817 1.00000000 1.00000000 1.00000000
v -0.04128068 0.47092794 -0.06038674 1.00000000 1.00000000 1.00000000
v 0.07835289 0.30500715 -0.03915701 1.00000000 1.00000000 1.00000000
v 0.01424231 0.24646527 -0.07138552 1.00000000 1.00000000 1.00000000
v 0.04781369 0.27342336 -0.08305062 1.00000000 1.00000000 1.00000000
v 0.03820258 0.39019251 -0.10583036 1.00000000 1.00000000 1.00000000
v -0.03176777 0.46932943 -0.07718661 1.00000000 1.00000000 1.00000000
v 0.01992650 0.30956196 -0.10333630 1.00000000 1.00000000 1.00000000
v 0.07717991 0.33975599 -0.01530211 1.00000000 1.00000000 1.00000000
v -0.00049142 0.41021442 -0.10637224 1.00000000 1.00000000 1.00000000
v 0.03789509 0.38248603 -0.10677388 1.00000000 1.00000000 1.00000000
v -0.03159583 0.35008759 -0.10781783 1.00000000 1.00000000 1.00000000
v 0.02277916 0.37540390 -0.10884634 1.00000000 1.00000000 1.00000000
v -0.04558488 0.46413896 -0.05699051 1.00000000 1.00000000 1.00000000
v -0.03209087 0.42008252 -0.10241936 1.00000000 1.00000000 1.00000000
v 0.03482059 0.46662683 -0.07568311 1.00000000 1.00000000 1.00000000
v 0.06583473 0.27115804 -0.03626043 1.00000000 1.00000000 1.00000000
v -0.00499591 0.31353623 -0.10494561 1.00000000 1.00000000 1.00000000
v -0.05911155 0.40318181 -0.08955313 1.00000000 1.00000000 1.00000000
v 0.00195897 0.25081832 -0.08006359 1.00000000 1.00000000 1.00000000
v 0.04747065 0.36304073 -0.10446935 1.00000000 1.00000000 1.00000000
v -0.06421289 0.31765376 -0.09045163 1.00000000 1.00000000 1.00000000
v 0.04065122 0.25968320 -0.07453438 1.00000000 1.00000000 1.00000000
v -0.03017775 0.49327764 -0.01516217 1.00000000 1.00000000 1.00000000
v 0.00869275 0.33830897 -0.10850524 1.00000000 1.00000000 1.00000000
v 0.07452345 0.32191293 -0.07044528 1.00000000 1.00000000 1.00000000
v -0.08014264 0.32288249 -0.05306596 1.00000000 1.00000000 1.00000000
v 0.00697851 0.48464076 -0.07664667 1.00000000 1.00000000 1.00000000
v -0.00461291 0.29275932 -0.09977045 1.00000000 1.00000000 1.00000000
v -0.01770184 0.23937465 -0.06108755 1.00000000 1.00000000 1.00000000
v 0.06310410 0.27612352 -0.05442402 1.00000000 1.00000000 1.00000000
v -0.05314593 0.45351535 -0.02408418 1.00000000 1.00000000 1.00000000
v -0.05777178 0.38534941 -0.09539032 1.00000000 1.00000000 1.00000000
v -0.05539458 0.26471093 -0.05246092 1.00000000 1.00000000 1.00000000
v -0.03708364 0.31825380 -0.10331359 1.00000000 1.00000000 1.00000000
v -0.00786947 0.26509705 -0.08864071 1.00000000 1.00000000 1.00000000
v -0.02839094 0.47872523 -0.07108235 1.00000000 1.00000000 1.00000000
v 0.04519444 0.25780353 -0.06178847 1.00000000 1.00000000 1.00000000
v 0.07671753 0.31199925 -0.05497460 1.00000000 1.00000000 1.00000000
v 0.02805977 0.49959448 -0.03672244 1.00000000 1.00000000 1.00000000
v -0.07741721 0.35015899 -0.02497512 1.00000000 1.00000000 1.00000000
v 0.06613398 0.41228344 -0.06509192 1.00000000 1.00000000 1.00000000
v 0.04837219 0.38555741 -0.10238967 1.00000000 1.00000000 1.00000000
v -0.01325003 0.51072851 -0.02884633 1.00000000 1.00000000 1.00000000
v 0.02239687 0.50161886 -0.04732449 1.00000000 1.00000000 1.00000000
v -0.03432948 0.49007706 -0.02372303 1.00000000 1.00000000 1.00000000
v 0.07304136 0.39233235 -0.03039629 1.00000000 1.00000000 1.00000000
v -0.01255819 0.50495839 -0.04351263 1.00000000 1.00000000 1.00000000
v 0.07871925 0.34523323 -0.02621207 1.00000000 1.00000000 1.00000000
v 0.04064771 0.41571279 -0.09878387 1.00000000 1.00000000 1.00000000
v -0.05749540 0.44164687 -0.05606891 1.00000000 1.00000000 1.00000000
v -0.07135794 0.31778295 -0.08178841 1.00000000 1.00000000 1.00000000
v -0.07779163 0.30943876 -0.01996273 1.00000000 1.00000000 1.00000000
v 0.07300582 0.29910995 -0.06387229 1.00000000 1.00000000 1.00000000
v -0.01015525 0.38515381 -0.10915633 1.00000000 1.00000000 1.00000000
v -0.07905423 0.34495809 -0.04425333 1.00000000 1.00000000 1.00000000
v 0.05599820 0.35151696 -0.10026947 1.00000000 1.00000000 1.00000000
v -0.03537477 0.24657851 -0.05777508 1.00000000 1.00000000 1.00000000
v -0.00530057 0.45618285 -0.09332002 1.00000000 1.00000000 1.00000000
v 0.07175643 0.38082343 -0.07580769 1.00000000 1.00000000 1.00000000
v -0.02193094 0.24302913 -0.06286549 1.00000000 1.00000000 1.00000000
v -0.03950506 0.42643274 -0.09701194 1.00000000 1.00000000 1.00000000
v -0.02319601 0.23999622 -0.05926024 1.00000000 1.00000000 1.00000000
v 0.03721120 0.27091755 -0.08775444 1.00000000 1.00000000 1.00000000
v -0.00605485 0.23482937 -0.05962228 1.00000000 1.00000000 1.00000000
v -0.07247841 0.28417108 -0.01545265 1.00000000 1.00000000 1.00000000
v -0.00579632 0.23964181 -0.06423581 1.00000000 1.00000000 1.00000000
v -0.02609334 0.37952564 -0.10848550 1.00000000 1.00000000 1.00000000
v 0.05586235 0.29716060 -0.08863290 1.00000000 1.00000000 1.00000000
v 0.02717130 0.31433672 -0.10366064 1.00000000 1.00000000 1.00000000
v 0.01019380 0.24982745 -0.07900091 1.00000000 1.00000000 1.00000000
v 0.02821748 0.26185617 -0.08474655 1.00000000 1.00000000 1.00000000
v 0.06826957 0.27446949 -0.03078341 1.00000000 1.00000000 1.00000000
v 0.06913494 0.33703630 -0.08543180 1.00000000 1.00000000 1.00000000
v 0.07886816 0.35062837 -0.02936387 1.00000000 1.00000000 1.00000000
v -0.01118482 0.42797929 -0.10244285 1.00000000 1.00000000 1.00000000
v -0.02662268 0.35715242 -0.10866176 1.00000000 1.00000000 1.00000000
v -0.02969975 0.39619863 -0.10674503 1.00000000 1.00000000 1.00000000
v 0.06761900 0.34422859 -0.08840410 1.00000000 1.00000000 1.00000000
v 0.04555755 0.47297416 -0.03567494 1.00000000 1.00000000 1.00000000
v -0.05089758 0.26058284 -0.05508844 1.00000000 1.00000000 1.00000000
v 0.02205849 0.50206179 -0.01102739 1.00000000 1.00000000 1.00000000
v 0.00454112 0.35880724 -0.10987765 1.00000000 1.00000000 1.00000000
v 0.04612058 0.26399818 -0.07696569 1.00000000 1.00000000 1.00000000
v -0.00942306 0.48140705 -0.07901981 1.00000000 1.00000000 1.00000000
v 0.06527638 0.41579885 -0.01185992 1.00000000 1.00000000 1.00000000
v -0.02318125 0.47342501 -0.07981617 1.00000000 1.00000000 1.00000000
v -0.03738308 0.38541838 -0.10669862 1.00000000 1.00000000 1.00000000
v 0.07804701 0.30785207 -0.02663215 1.00000000 1.00000000 1.00000000
v -0.04474706 0.26884132 -0.08260237 1.00000000 1.00000000 1.00000000
v -0.06742230 0.28284901 -0.05800548 1.00000000 1.00000000 1.00000000
v -0.04445116 0.43267758 -0.09058708 1.00000000 1.00000000 1.00000000
v 0.07424067 0.38847436 -0.05656093 1.00000000 1.00000000 1.00000000
v 0.07953213 0.33721562 -0.04248725 1.00000000 1.00000000 1.00000000
v -0.03962526 0.34364076 -0.10631788 1.00000000 1.00000000 1.00000000
v -0.04047534 0.25194614 -0.05859955 1.00000000 1.00000000 1.00000000
v 0.06762389 0.39215292 -0.07999536 1.00000000 1.00000000 1.00000000
v -0.04224030 0.33174638 -0.10464874 1.00000000 1.00000000 1.00000000
v -0.07259708 0.33939373 -0.08095806 1.00000000 1.00000000 1.00000000
v -0.00374468 0.44763623 -0.09670001 1.00000000 1.00000000 1.00000000
v -0.00544690 0.47411889 -0.08415703 1.00000000 1.00000000 1.00000000
v 0.03388948 0.33175726 -0.10570312 1.00000000 1.00000000 1.00000000
v -0.03268360 0.48912047 -0.00930887 1.00000000 1.00000000 1.00000000
v -0.01887507 0.28993814 -0.09820622 1.00000000 1.00000000 1.00000000
v 0.05516665 0.35838500 -0.10114920 1.00000000 1.00000000 1.00000000
v 0.05472069 0.26889693 -0.06600387 1.00000000 1.00000000 1.00000000
v 0.07166078 0.38836533 -0.07139160 1.00000000 1.00000000 1.00000000
v -0.05982144 0.42902724 -0.06797277 1.00000000 1.00000000 1.00000000
v -0.06961703 0.39873129 -0.06769273 1.00000000 1.00000000 1.00000000
v 0.07472711 0.38296022 -0.06304717 1.00000000 1.00000000 1.00000000
v 0.02869869 0.27612345 -0.09182212 1.00000000 1.00000000 1.00000000
v -0.01754864 0.49342838 -0.06512223 1.00000000 1.00000000 1.00000000
v -0.02766737 0.28283285 -0.09480842 1.00000000 1.00000000 1.00000000
v 0.03955832 0.31418165 -0.10193960 1.00000000 1.00000000 1.00000000
v -0.02276940 0.41991661 -0.10355528 1.00000000 1.00000000 1.00000000
v 0.07127569 0.40055918 -0.05663165 1.00000000 1.00000000 1.00000000
v 0.07991370 0.35667812 -0.04265513 1.00000000 1.00000000 1.00000000
v 0.06689050 0.29839975 -0.07640625 1.00000000 1.00000000 1.00000000
v -0.02816481 0.24980254 -0.06783993 1.00000000 1.00000000 1.00000000
v 0.04571569 0.25485959 -0.05686841 1.00000000 1.00000000 1.00000000
v 0.03309198 0.48879683 -0.00951370 1.00000000 1.00000000 1.00000000
v -0.02435792 0.50180184 -0.02507140 1.00000000 1.00000000 1.00000000
v 0.01188424 0.23920812 -0.06276152 1.00000000 1.00000000 1.00000000
v 0.02001354 0.24002744 -0.06096023 1.00000000 1.00000000 1.00000000
v -0.07728767 0.33488124 -0.01386182 1.00000000 1.00000000 1.00000000
v 0.01222423 0.42438432 -0.10320935 1.00000000 1.00000000 1.00000000
v -0.07335171 0.38350233 -0.02057368 1.00000000 1.00000000 1.00000000
v -0.01879481 0.32901421 -0.10696188 1.00000000 1.00000000 1.00000000
v 0.01874588 0.42913734 -0.10162329 1.00000000 1.00000000 1.00000000
v -0.04586303 0.31383978 -0.10096992 1.00000000 1.00000000 1.00000000
v -0.05464844 0.28669070 -0.08529580 1.00000000 1.00000000 1.00000000
v -0.07187791 0.39406050 -0.06042938 1.00000000 1.00000000 1.00000000
v 0.02668155 0.27100845 -0.08978701 1.00000000 1.00000000 1.00000000
v -0.04158639 0.44732715 -0.08393911 1.00000000 1.00000000 1.00000000
v 0.05659828 0.32372977 -0.09549868 1.00000000 1.00000000 1.00000000
v 0.06190379 0.38831577 -0.09138116 1.00000000 1.00000000 1.00000000
v -0.05812250 0.27382357 -0.06644369 1.00000000 1.00000000 1.00000000
v -0.07028253 0.29448241 -0.06973577 1.00000000 1.00000000 1.00000000
v 0.01912602 0.24984969 -0.07516519 1.00000000 1.00000000 1.00000000
v 0.00846437 0.29220566 -0.09944373 1.00000000 1.00000000 1.00000000
v -0.01421228 0.35519747 -0.10947991 1.00000000 1.00000000 1.00000000
v -0.03896037 0.47998933 -0.00928556 1.00000000 1.00000000 1.00000000
v -0.07712567 0.34631643 -0.01383783 1.00000000 1.00000000 1.00000000
v -0.02069144 0.27176126 -0.09096871 1.00000000 1.00000000 1.00000000
v 0.07940962 0.34476384 -0.04367566 1.00000000 1.00000000 1.00000000
v 0.07561969 0.37141297 -0.06931264 1.00000000 1.00000000 1.00000000
v -0.01426898 0.45359011 -0.09401339 1.00000000 1.00000000 1.00000000
v 0.00724601 0.44094266 -0.09887069 1.00000000 1.00000000 1.00000000
v -0.00416950 0.32857380 -0.10748557 1.00000000 1.00000000 1.00000000
v -0.05546423 0.44789699 -0.02991722 1.00000000 1.00000000 1.00000000
v 0.03272202 0.36045387 -0.10794340 1.00000000 1.00000000 1.00000000
v -0.07899955 0.30730806 -0.03660784 1.00000000 1.00000000 1.00000000
v -0.07532791 0.30058386 -0.06078009 1.00000000 1.00000000 1.00000000
v -0.04656898 0.39887577 -0.10234125 1.00000000 1.00000000 1.00000000
v 0.02560083 0.25204689 -0.07879861 1.00000000 1.00000000 1.00000000
v -0.01234385 0.47077526 -0.08557907 1.00000000 1.00000000 1.00000000
v 0.01514174 0.48818444 -0.07175630 1.00000000 1.00000000 1.00000000
v 0.04871977 0.46305689 -0.05028041 1.00000000 1.00000000 1.00000000
v 0.05491217 0.39086178 -0.09728564 1.00000000 1.00000000 1.00000000
v -0.07916386 0.33915170 -0.05462500 1.00000000 1.00000000 1.00000000
v -0.07932086 0.31200827 -0.02820489 1.00000000 1.00000000 1.00000000
v 0.05755800 0.26352308 -0.04813972 1.00000000 1.00000000 1.00000000
v -0.03600443 0.27891470 -0.09203529 1.00000000 1.00000000 1.00000000
v 0.07237412 0.38585180 -0.01377266 1.00000000 1.00000000 1.00000000
v -0.01652641 0.46057951 -0.09078671 1.00000000 1.00000000 1.00000000
v 0.03983789 0.48029614 -0.05278965 1.00000000 1.00000000 1.00000000
v 0.00867382 0.35265740 -0.10956807 1.00000000 1.00000000 1.00000000
v -0.06693989 0.32555208 -0.08873139 1.00000000 1.00000000 1.00000000
v 0.05303524 0.45270464 -0.05296063 1.00000000 1.00000000 1.00000000
v 0.07888303 0.33967996 -0.03019264 1.00000000 1.00000000 1.00000000
v 0.01815406 0.50640807 -0.01256688 1.00000000 1.00000000 1.00000000
v -0.01635122 0.34001049 -0.10837957 1.00000000 1.00000000 1.00000000
v 0.07351270 0.39317492 -0.04924048 1.00000000 1.00000000 1.00000000
v -0.04160763 0.41995619 -0.09817626 1.00000000 1.00000000 1.00000000
v 0.02468058 0.30334254 -0.10142660 1.00000000 1.00000000 1.00000000
v -0.04825658 0.30775124 -0.09841675 1.00000000 1.00000000 1.00000000
v -0.04032700 0.41217249 -0.10120467 1.00000000 1.00000000 1.00000000
v -0.05100582 0.36065950 -0.10364608 1.00000000 1.00000000 1.00000000
v -0.01412078 0.28585199 -0.09713472 1.00000000 1.00000000 1.00000000
v -0.01236209 0.37045521 -0.10973238 1.00000000 1.00000000 1.00000000
v -0.06260395 0.41837881 -0.06930950 1.00000000 1.00000000 1.00000000
v 0.07574886 0.31657829 -0.06215181 1.00000000 1.00000000 1.00000000
v 0.03073955 0.49270660 -0.04738644 1.00000000 1.00000000 1.00000000
v 0.07037202 0.27806134 -0.02088789 1.00000000 1.00000000 1.00000000
v -0.00217510 0.38848690 -0.10905435 1.00000000 1.00000000 1.00000000
v 0.06784980 0.28538334 -0.05800468 1.00000000 1.00000000 1.00000000
v -0.01541977 0.41129004 -0.10575030 1.00000000 1.00000000 1.00000000
v -0.00263862 0.38128474 -0.10955280 1.00000000 1.00000000 1.00000000
v 0.00217476 0.28695249 -0.09790153 1.00000000 1.00000000 1.00000000
v -0.02338870 0.25434076 -0.08093098 1.00000000 1.00000000 1.00000000
v -0.06517646 0.42225911 -0.04268560 1.00000000 1.00000000 1.00000000
v 0.06546631 0.42041189 -0.02653472 1.00000000 1.00000000 1.00000000
v -0.03694806 0.46358321 -0.07652444 1.00000000 1.00000000 1.00000000
v -0.07909844 0.32765978 -0.02768351 1.00000000 1.00000000 1.00000000
v 0.07537836 0.37598599 -0.01183065 1.00000000 1.00000000 1.00000000
v -0.07725442 0.32062659 -0.01036109 1.00000000 1.00000000 1.00000000
v -0.07884010 0.32334100 -0.06444003 1.00000000 1.00000000 1.00000000
v 0.07669738 0.30588911 -0.05274125 1.00000000 1.00000000 1.00000000
v 0.06248710 0.30394874 -0.08459739 1.00000000 1.00000000 1.00000000
v -0.01641155 0.39695740 -0.10778495 1.00000000 1.00000000 1.00000000
v -0.02748038 0.49558251 -0.00728269 1.00000000 1.00000000 1.00000000
v 0.06239453 0.31676314 -0.08914424 1.00000000 1.00000000 1.00000000
v 0.02108785 0.26325906 -0.08652437 1.00000000 1.00000000 1.00000000
v 0.04587096 0.42292071 -0.09117872 1.00000000 1.00000000 1.00000000
v -0.04869647 0.25631557 -0.05342357 1.00000000 1.00000000 1.00000000
v -0.07482167 0.29784799 -0.01199997 1.00000000 1.00000000 1.00000000
v -0.07656645 0.37544136 -0.03859703 1.00000000 1.00000000 1.00000000
v 0.05028590 0.46305267 -0.03744740 1.00000000 1.00000000 1.00000000
v 0.05264765 0.45548223 -0.04036175 1.00000000 1.00000000 1.00000000
v -0.02610627 0.34311850 -0.10790499 1.00000000 1.00000000 1.00000000
v 0.00697169 0.51744032 -0.01568914 1.00000000 1.00000000 1.00000000
v -0.03717100 0.27237156 -0.08891162 1.00000000 1.00000000 1.00000000
v -0.07509301 0.38348892 -0.04911756 1.00000000 1.00000000 1.00000000
v 0.07674897 0.35127346 -0.01429677 1.00000000 1.00000000 1.00000000
v 0.05495845 0.26692084 -0.05963922 1.00000000 1.00000000 1.00000000
v -0.02220308 0.41326407 -0.10492616 1.00000000 1.00000000 1.00000000
v 0.00087613 0.23947880 -0.06436975 1.00000000 1.00000000 1.00000000
v 0.07835762 0.33209173 -0.05862440 1.00000000 1.00000000 1.00000000
v -0.00217452 0.29965970 -0.10177104 1.00000000 1.00000000 1.00000000
v 0.00861386 0.25508584 -0.08273005 1.00000000 1.00000000 1.00000000
v 0.00396090 0.45930340 -0.09195833 1.00000000 1.00000000 1.00000000
v -0.00700008 0.27069152 -0.09136576 1.00000000 1.00000000 1.00000000
v 0.05506070 0.27024536 -0.07313995 1.00000000 1.00000000 1.00000000
v -0.06811620 0.28080250 -0.04634796 1.00000000 1.00000000 1.00000000
v -0.00858296 0.30221643 -0.10231628 1.00000000 1.00000000 1.00000000
v 0.04469089 0.47321599 -0.02231783 1.00000000 1.00000000 1.00000000
v -0.03189843 0.49379143 -0.03576582 1.00000000 1.00000000 1.00000000
v 0.02680613 0.49655859 -0.00746344 1.00000000 1.00000000 1.00000000
v -0.02680371 0.48439615 -0.06699183 1.00000000 1.00000000 1.00000000
v 0.01256666 0.46494526 -0.08888065 1.00000000 1.00000000 1.00000000
v -0.03188669 0.44398115 -0.09339985 1.00000000 1.00000000 1.00000000
v 0.07758946 0.35357229 -0.06716608 1.00000000 1.00000000 1.00000000
v 0.05561588 0.30900350 -0.09324455 1.00000000 1.00000000 1.00000000
v -0.01997000 0.35942079 -0.10925806 1.00000000 1.00000000 1.00000000
v 0.01075593 0.47242576 -0.08488712 1.00000000 1.00000000 1.00000000
v -0.02565070 0.49081926 -0.06056857 1.00000000 1.00000000 1.00000000
v -0.07189646 0.38799737 -0.06754041 1.00000000 1.00000000 1.00000000
v 0.07063076 0.28369458 -0.03415640 1.00000000 1.00000000 1.00000000
v 0.01565486 0.28724731 -0.09747579 1.00000000 1.00000000 1.00000000
v -0.05840894 0.32374778 -0.09632301 1.00000000 1.00000000 1.00000000
v -0.02484015 0.31338479 -0.10381536 1.00000000 1.00000000 1.00000000
v 0.00457775 0.23411879 -0.05912730 1.00000000 1.00000000 1.00000000
v -0.05527976 0.31697579 -0.09753606 1.00000000 1.00000000 1.00000000
v 0.02091996 0.27494305 -0.09225746 1.00000000 1.00000000 1.00000000
v 0.07229059 0.33098436 -0.07941266 1.00000000 1.00000000 1.00000000
v 0.07207452 0.28559897 -0.02321128 1.00000000 1.00000000 1.00000000
v -0.04571943 0.46828980 -0.04628580 1.00000000 1.00000000 1.00000000
v -0.04592874 0.37398200 -0.10466978 1.00000000 1.00000000 1.00000000
v 0.07101939 0.40424529 -0.04226770 1.00000000 1.00000000 1.00000000
v -0.07757308 0.33877961 -0.01934391 1.00000000 1.00000000 1.00000000
v 0.00050180 0.32120790 -0.10638741 1.00000000 1.00000000 1.00000000
v -0.02079884 0.28384068 -0.09592432 1.00000000 1.00000000 1.00000000
v 0.01489817 0.33246809 -0.10758410 1.00000000 1.00000000 1.00000000
v -0.06343649 0.42331412 -0.05972167 1.00000000 1.00000000 1.00000000
v 0.01748519 0.30266142 -0.10187463 1.00000000 1.00000000 1.00000000
v -0.06473555 0.37284338 -0.09032094 1.00000000 1.00000000 1.00000000
v -0.04071922 0.48032541 -0.03507693 1.00000000 1.00000000 1.00000000
v 0.07565176 0.32812488 -0.06890990 1.00000000 1.00000000 1.00000000
v 0.07660742 0.31112530 -0.01174300 1.00000000 1.00000000 1.00000000
v 0.00914732 0.50578669 -0.03997816 1.00000000 1.00000000 1.00000000
v 0.05575607 0.43315941 -0.07013093 1.00000000 1.00000000 1.00000000
v -0.01200418 0.29611311 -0.10051827 1.00000000 1.00000000 1.00000000
v 0.07499346 0.38686070 -0.04168550 1.00000000 1.00000000 1.00000000
v 0.07662324 0.35517688 -0.01516240 1.00000000 1.00000000 1.00000000
v -0.02840611 0.32619994 -0.10572781 1.00000000 1.00000000 1.00000000
v -0.02090183 0.26558910 -0.08793589 1.00000000 1.00000000 1.00000000
v -0.02836735 0.36516321 -0.10861283 1.00000000 1.00000000 1.00000000
v 0.01390047 0.27618931 -0.09338617 1.00000000 1.00000000 1.00000000
v 0.00685247 0.42918112 -0.10225490 1.00000000 1.00000000 1.00000000
v 0.00858668 0.51020989 -0.03121653 1.00000000 1.00000000 1.00000000
v -0.06276897 0.42832369 -0.05099295 1.00000000 1.00000000 1.00000000
v -0.05990521 0.26578383 -0.04385204 1.00000000 1.00000000 1.00000000
v 0.04796124 0.39447881 -0.10079917 1.00000000 1.00000000 1.00000000
v -0.04973009 0.27246657 -0.08158096 1.00000000 1.00000000 1.00000000
v 0.05648182 0.42514848 -0.07642486 1.00000000 1.00000000 1.00000000
v 0.03530421 0.48865764 -0.03985710 1.00000000 1.00000000 1.00000000
v -0.06491773 0.41116217 -0.06899302 1.00000000 1.00000000 1.00000000
v -0.05916633 0.33150874 -0.09640778 1.00000000 1.00000000 1.00000000
v 0.06923509 0.27811167 -0.03043156 1.00000000 1.00000000 1.00000000
v 0.03698405 0.34327168 -0.10650401 1.00000000 1.00000000 1.00000000
v 0.02202741 0.24716644 -0.06880503 1.00000000 1.00000000 1.00000000
v -0.05752934 0.43774020 -0.06402045 1.00000000 1.00000000 1.00000000
f 1361 314 1095
f 1930 1405 511
f 1978 1115 1551
f 1091 1041 1749
f 371 817 1165
f 2136 1778 1450
f 1586 370 1533
f 2010 407 165
f 1962 652 705
f 1364 1146 652
f 1674 1457 1388
f 1889 833 1435
f 220 10 2087
f 19 18 2086
f 410 1920 1316
f 1631 1475 1614
f 2140 768 193
f 14 13 1149
f 410 1619 796
f 914 1662 1347
f 1776 394 601
f 28 2013 383
f 2076 1429 543
f 1913 291 31
f 889 469 1894
f 1863 440 1498
f 1980 801 1215
f 1096 708 1754
f 383 29 28
f 33 32 1215
f 1933 931 1240
f 1994 1040 836
f 1553 1518 976
f 644 1618 627
f 677 358 392
f 2084 1202 789
f 1216 415 1696
f 727 1163 1156
f 1156 569 1142
f 41 1331 42
f 1617 1524 972
f 1617 446 933
f 272 677 2100
f 390 47 46
f 986 48 390
f 390 758 986
f 1019 1699 1120
f 752 1851 735
f 45 1493 46
f 255 1775 1964
f 1477 982 472
f 1710 877 950
f 2084 1212 1034
f 1711 1508 52
f 251 1163 727
f 2075 415 1321
f 2103 2029 1550
f 877 2100 255
f 216 982 2162
f 58 2018 1629
f 2160 64 63
f 1044 1213 1160
f 709 689 332
f 2155 1735 1318
f 1252 709 1242
f 704 419 1285
f 232 867 1106
f 301 1722 1519
f 607 397 1543
f 2169 987 1320
f 1568 481 1184
f 1685 398 1657
f 754 431 608
f 919 1389 441
f 1861 935 308
f 1265 77 76
f 1868 304 1764
f 1807 72 1161
f 1683 935 1232
f 423 1887 1683
f 423 1232 992
f 535 1733 1098
f 1904 315 92
f 1431 698 1193
f 1463 821 231
f 89 88 851
f 1451 1632 1463
f 1572 183 1124
f 851 1431 90
f 1572 423 1837
f 1582 1768 214
f 1904 1632 315
f 2078 1688 1628
f 2151 1531 770
f 214 1476 247
f 1713 325 1531
f 1669 1838 942
f 685 1502 591
f 100 1053 321
f 403 1346 537
f 1362 1999 1195
f 67 66 607
f 180 1576 474
f 1075 731 937
f 100 321 101
f 2113 523 840
f 1999 1516 787
f 1362 1195 203
f 1822 1281 1640
f 1712 1081 278
f 1919 382 1123
f 1654 840 523
f 1140 266 503
f 1432 762 967
f 1287 435 2002
f 1521 1801 1150
f 1881 1726 1702
f 1045 435 981
f 2050 1827 342
f 1005 267 1844
f 576 2097 546
f 2038 693 726
f 882 124 1648
f 860 1840 1443
f 540 1886 1843
f 1840 860 771
f 1313 1330 1979
f 132 1402 1384
f 1849 422 707
f 1678 228 334
f 2110 630 910
f 1886 127 1843
f 2110 1942 630
f 1402 132 559
f 788 1817 1430
f 1287 353 435
f 1486 1942 1625
f 334 1985 1470
f 1886 128 127
f 1469 1938 1180
f 1384 473 133
f 2122 420 2088
f 1503 585 508
f 1425 1846 965
f 1189 504 196
f 109 108 1901
f 1822 756 2092
f 1552 756 1400
f 1975 1080 504
f 1412 1004 1284
f 1433 653 1082
f 477 586 551
f 1047 1552 1400
f 271 1610 793
f 822 1552 1593
f 1135 2138 1083
f 428 620 2012
f 699 2112 995
f 2144 995 2112
f 2077 1759 522
f 515 1104 1054
f 339 241 654
f 2132 374 1175
f 705 652 1533
f 1749 407 1203
f 1301 170 489
f 2045 1450 1457
f 652 1867 1533
f 2091 62 1086
f 864 779 1371
f 2170 477 261
f 1029 1553 976
f 1082 405 1056
f 692 1806 1367
f 1153 20 2125
f 1638 941 1263
f 1008 321 1820
f 1098 308 1206
f 1601 443 1262
f 1383 1507 1970
f 787 2142 181
f 326 904 499
f 65 1684 66
f 90 468 91
f 1171 493 412
f 1842 1742 229
f 239 1685 313
f 985 1814 1103
f 354 1186 747
f 382 1999 613
f 1793 2108 2044
f 200 743 812
f 2166 1658 1598
f 964 1603 313
f 44 1600 184
f 199 1740 1187
f 246 1868 1249
f 1857 1732 1743
f 1473 2016 964
f 239 77 1265
f 1101 1589 606
f 1829 590 282
f 475 1691 845
f 2157 1071 1946
f 888 754 416
f 790 1537 1819
f 1725 1599 943
f 190 1485 1266
f 464 1523 192
f 2087 1751 220
f 1774 676 773
f 823 1874 421
f 2068 1816 1036
f 1374 1349 552
f 1771 2121 433
f 1222 1724 357
f 1570 850 680
f 1731 354 297
f 514 430 1079
f 756 1822 2124
f 1637 1314 626
f 543 1404 223
f 1427 1054 979
f 1533 1536 1862
f 1142 1690 375
f 1606 1690 1941
f 1579 330 938
f 1714 1672 259
f 607 66 397
f 258 927 230
f 732 1272 949
f 1982 1292 347
f 1516 351 2074
f 962 1452 862
f 1814 1583 978
f 1467 1794 1111
f 481 1248 1184
f 1784 201 725
f 227 268 1635
f 856 1348 883
f 912 64 2160
f 471 680 883
f 719 364 650
f 2083 1625 1834
f 473 1392 133
f 122 121 1906
f 93 665 94
f 2074 957 1516
f 1288 485 1917
f 1957 1884 318
f 1649 2078 1628
f 1418 481 1105
f 200 994 287
f 1388 1439 1706
f 1308 367 462
f 1582 1111 1466
f 1512 294 880
f 188 853 562
f 627 1618 783
f 2090 1212 1754
f 2120 1244 1595
f 377 1695 804
f 1387 744 1771
f 1218 299 1547
f 1686 710 915
f 843 2098 965
f 1439 909 746
f 1361 2130 1864
f 221 1247 2097
f 1898 1855 208
f 1146 1889 1751
f 198 1301 489
f 1983 500 914
f 1564 237 1523
f 1002 280 1993
f 286 2085 1948
f 826 225 1074
f 1967 377 1236
f 1864 314 1361
f 803 1653 1915
f 970 1982 347
f 1656 372 250
f 2002 435 1045
f 1942 1486 630
f 1127 1505 1395
f 574 363 1302
f 1505 1127 1262
f 1794 1214 1603
f 1107 1449 1172
f 1510 948 1792
f 1902 319 1396
f 768 2163 1650
f 1080 196 504
f 1963 1387 433
f 1316 1141 1480
f 1455 589 682
f 497 1333 2164
f 825 891 173
f 924 1849 1128
f 1661 1620 280
f 483 1926 197
f 1343 785 506
f 238 807 757
f 1373 1608 1700
f 277 1108 452
f 1549 293 80
f 2132 259 2059
f 1453 841 295
f 2034 1547 817
f 849 835 1243
f 80 293 81
f 1399 1887 1124
f 1892 273 463
f 1753 1742 1766
f 1474 317 1910
f 672 2106 2018
f 741 260 1250
f 1491 1235 687
f 1462 1182 1318
f 1166 729 323
f 2155 1561 1023
f 1861 1437 935
f 179 823 1779
f 227 347 418
f 552 1992 1554
f 1291 890 1934
f 1118 331 763
f 1802 573 1752
f 1190 1804 1352
f 1980 861 801
f 1258 391 1668
f 1289 329 2029
f 1981 443 1601
f 955 1823 878
f 2107 2019 1955
f 69 1705 70
f 950 1636 627
f 1918 773 676
f 1332 1160 878
f 372 818 573
f 257 1329 963
f 2092 756 1552
f 619 1473 486
f 1624 655 1426
f 1745 1052 275
f 200 812 1136
f 901 23 517
f 24 1106 25
f 1178 1719 2024
f 1891 149 1067
f 398 697 1657
f 1039 463 575
f 2060 1773 1280
f 2098 863 1425
f 929 264 1629
f 1941 252 1242
f 2077 545 979
f 1547 1165 817
f 292 847 862
f 1595 1085 1555
f 1927 645 1870
f 1998 206 934
f 804 1661 1641
f 1481 2156 2031
f 958 1781 1720
f 1881 745 967
f 1648 1979 882
f 128 1679 129
f 2047 1359 1423
f 1907 1282 772
f 501 348 1863
f 1758 1524 1183
f 1389 1196 441
f 1989 678 456
f 169 489 170
f 414 664 2136
f 1541 1573 1057
f 1744 1610 271
f 280 2071 1641
f 493 1171 946
f 2155 1023 1928
f 1764 571 1420
f 243 1876 1001
f 570 194 641
f 6 5 1586
f 311 1283 548
f 527 257 963
f 838 2147 1574
f 503 266 335
f 939 1512 1525
f 729 1166 178
f 1249 1462 1055
f 2159 2064 317
f 425 2051 1455
f 2051 1976 328
f 248 1181 1303
f 1127 952 1262
f 861 1652 801
f 576 2102 740
f 1911 2170 261
f 2054 841 1453
f 400 2144 2112
f 1778 664 550
f 1626 274 1041
f 289 533 1719
f 1757 1841 1073
f 1898 769 760
f 2127 1803 755
f 408 2081 813
f 1106 867 859
f 553 865 557
f 1024 1237 1119
f 616 1627 948
f 697 398 1655
f 1985 1471 1470
f 2037 488 694
f 612 1950 835
f 2059 259 2004
f 1875 1034 1833
f 1990 572 1245
f 282 844 900
f 557 865 734
f 1926 171 673
f 2064 1746 534
f 2057 1645 2008
f 1594 551 586
f 560 2058 1457
f 519 932 1386
f 1223 1663 1828
f 1684 1784 725
f 389 1013 530
f 360 1220 536
f 742 1454 1447
f 513 558 2170
f 1955 262 2107
f 1315 1634 1616
f 958 2154 1781
f 350 1442 1071
f 344 1453 341
f 233 1744 271
f 1996 412 213
f 2167 1115 406
f 1166 323 1182
f 1852 2093 1737
f 759 869 583
f 702 510 1393
f 384 310 848
f 694 2073 1921
f 2130 1706 1497
f 563 1371 779
f 578 1359 2047
f 852 1739 477
f 1206 1476 214
f 1807 74 73
f 814 1862 428
f 1435 548 1283
f 1944 944 1669
f 1193 948 231
f 1285 419 977
f 2147 250 1969
f 2114 2065 1689
f 389 1513 506
f 673 1548 440
f 1295 376 534
f 901 517 1871
f 2013 465 1394
f 1546 174 1983
f 339 2137 241
f 97 723 2055
f 1008 1578 1123
f 1271 418 177
f 542 1246 537
f 1659 580 647
f 647 1602 1659
f 1765 1363 1535
f 745 862 1452
f 487 1205 662
f 1502 1449 1531
f 1790 1253 686
f 1701 900 1273
f 1170 1899 1815
f 2023 1811 1395
f 2079 1401 1081
f 524 870 589
f 785 389 506
f 1550 1797 2023
f 356 1149 913
f 330 333 1782
f 1188 738 1038
f 1883 1755 1494
f 1242 252 936
f 1035 1925 436
f 601 311 1776
f 2137 556 1087
f 1015 999 1334
f 2170 558 852
f 521 947 384
f 1676 724 840
f 554 115 310
f 1890 420 2122
f 1424 923 1351
f 1523 2068 538
f 2134 639 467
f 1809 438 1333
f 722 496 605
f 1222 611 425
f 1952 1555 820
f 1376 1188 372
f 453 651 1007
f 424 830 172
f 2062 701 633
f 2161 1840 1330
f 1596 782 229
f 687 1235 869
f 320 532 876
f 640 2039 612
f 1612 2148 663
f 1651 1544 1422
f 1136 549 1052
f 1435 1283 220
f 1924 692 1367
f 1353 1174 2118
f 1918 676 1863
f 785 1013 389
f 104 382 613
f 1308 679 1158
f 210 595 683
f 2094 1043 1460
f 297 1772 1731
f 1487 1919 1285
f 1777 1247 800
f 444 1292 750
f 2066 847 1604
f 1654 523 873
f 1991 553 557
f 1951 593 1167
f 1142 1796 355
f 255 950 877
f 1776 1263 337
f 1631 1619 1475
f 1664 341 371
f 997 524 328
f 1380 37 36
f 1617 37 1380
f 1539 2049 1770
f 1656 250 610
f 945 1675 235
f 798 594 1642
f 1821 1772 297
f 91 468 2119
f 869 759 1029
f 786 1520 211
f 574 799 1164
f 1530 635 599
f 2028 1527 1846
f 141 208 1855
f 1970 1507 1363
f 1951 1167 388
f 949 488 2037
f 1924 2040 638
f 507 1043 764
f 203 1195 1986
f 1282 811 253
f 675 2021 2150
f 1808 1009 1200
f 219 989 939
f 1146 1867 652
f 288 1592 1930
f 2152 1714 1230
f 341 1453 295
f 326 1170 904
f 1802 1051 934
f 1694 440 676
f 1436 1704 876
f 1104 161 2077
f 959 1978 1551
f 1819 1537 1740
f 2106 672 790
f 1482 1349 1374
f 2159 1746 2064
f 1391 2128 584
f 177 1200 1271
f 1262 443 283
f 1270 1060 1161
f 1727 921 1141
f 722 1162 1974
f 825 173 1469
f 653 1591 1434
f 2158 628 856
f 1367 981 435
f 1893 2157 977
f 2049 1893 1770
f 889 819 859
f 501 893 348
f 366 215 1335
f 503 384 1140
f 1710 627 393
f 2162 982 1477
f 1059 168 274
f 7 1867 1146
f 1183 1100 2141
f 440 185 1498
f 1109 1174 1785
f 960 1476 1446
f 237 2109 510
f 1408 1323 2020
f 1618 1120 855
f 385 358 677
f 1356 1245 784
f 399 1031 1796
f 1530 1479 635
f 1857 1089 1732
f 34 1100 35
f 2075 1035 733
f 11 776 12
f 1546 1347 1475
f 395 184 758
f 1715 385 677
f 618 298 1474
f 484 905 1458
f 1061 1255 1055
f 1736 666 716
f 230 897 1000
f 2116 1110 75
f 2133 1633 1750
f 1668 648 1339
f 1791 1121 620
f 2117 854 1444
f 2039 1717 612
f 2026 782 765
f 479 664 1203
f 356 1256 1149
f 804 1695 1661
f 1664 299 276
f 404 956 286
f 2120 606 2011
f 953 1221 1162
f 147 1911 148
f 1279 959 163
f 1026 549 2025
f 1091 414 1405
f 167 166 1749
f 530 1458 1177
f 1826 611 482
f 501 285 893
f 1774 773 741
f 1029 2056 834
f 1277 1564 1523
f 1459 200 1136
f 1283 311 601
f 743 200 287
f 1269 1211 1080
f 171 362 925
f 192 1523 237
f 938 2108 1579
f 2010 1551 479
f 1028 1833 1217
f 2043 1352 1804
f 747 316 908
f 1764 1420 474
f 1066 449 1645
f 1171 1082 182
f 584 1210 1995
f 365 1821 388
f 2074 351 1487
f 1946 1487 977
f 1526 364 629
f 630 1903 910
f 807 834 1872
f 953 2008 1221
f 561 1924 802
f 707 720 718
f 643 535 1949
f 544 1861 1098
f 464 563 2068
f 857 1065 1877
f 1996 213 881
f 1826 482 744
f 553 324 865
f 1814 1018 1583
f 1911 261 1097
f 427 154 1382
f 1059 169 168
f 160 159 1759
f 747 634 297
f 480 624 990
f 1847 1359 1378
f 585 578 508
f 1991 367 1850
f 643 2111 1733
f 2001 352 267
f 2041 1494 1755
f 641 1712 278
f 828 455 1769
f 1716 1014 649
f 885 1923 1585
f 2037 1225 949
f 2113 717 492
f 1029 866 869
f 1438 1812 1357
f 461 480 2111
f 351 382 1919
f 605 2057 722
f 641 514 403
f 1699 986 1120
f 1758 1116 387
f 466 185 836
f 1404 563 464
f 1735 1462 1318
f 566 792 797
f 2125 19 2086
f 344 2048 1094
f 894 246 1055
f 1302 363 229
f 802 1924 1017
f 1112 1612 1515
f 557 1062 1991
f 1419 1176 202
f 35 2115 36
f 1413 933 446
f 1189 196 1329
f 568 1267 996
f 434 1882 443
f 1876 797 1118
f 2008 1645 1286
f 1056 427 1433
f 1705 69 2005
f 1494 499 1114
f 824 2081 408
f 1256 14 1149
f 1725 1161 1060
f 1735 2155 1416
f 287 1800 1130
f 786 1779 1709
f 1459 1136 1444
f 1424 1351 803
f 1246 826 1074
f 807 1747 757
f 565 1167 961
f 1576 180 1251
f 639 1937 875
f 1261 457 1044
f 1102 1338 458
f 1829 1971 590
f 1062 367 1991
f 1522 1158 679
f 778 1899 1170
f 1876 566 797
f 608 729 754
f 2016 1473 1692
f 808 1529 810
f 77 1723 78
f 244 189 1818
f 1196 1688 2080
f 1020 1650 2163
f 1983 174 500
f 1406 469 1274
f 245 1918 1151
f 1918 1863 1151
f 1396 491 1250
f 1338 579 1038
f 1332 713 248
f 1943 1945 95
f 1437 1192 935
f 1902 1396 465
f 799 1994 1164
f 1076 718 1777
f 347 1312 970
f 1449 685 1172
f 1899 778 600
f 199 1534 1197
f 1019 1069 1787
f 1430 1817 1681
f 1979 1330 1607
f 304 246 1273
f 1273 456 571
f 188 845 853
f 266 1140 732
f 1891 1067 1593
f 551 303 1341
f 1799 1441 1073
f 1441 1799 1461
f 1915 1653 1036
f 1093 1003 506
f 1279 162 515
f 1778 2167 560
f 1945 1107 723
f 461 2111 1931
f 1070 1750 1633
f 2003 572 1818
f 1077 993 295
f 896 1747 1243
f 1268 543 223
f 1235 791 714
f 1613 298 618
f 1498 501 1863
f 1220 234 536
f 220 279 10
f 1807 1161 1725
f 1723 1603 1214
f 1549 1988 662
f 1949 1768 1602
f 112 111 962
f 2040 2001 638
f 2010 959 1551
f 1301 1 170
f 1961 1256 356
f 1577 356 913
f 1106 859 25
f 1933 1240 409
f 1419 721 1916
f 1338 1102 1880
f 344 622 715
f 411 854 449
f 973 2114 1169
f 2129 1295 1445
f 1148 315 1632
f 978 1583 204
f 1562 1940 1939
f 371 1138 817
f 1846 1527 1588
f 497 1666 1333
f 1358 2138 1135
f 946 417 476
f 738 2035 458
f 2101 797 792
f 237 711 192
f 1704 998 712
f 446 1617 972
f 363 1997 1842
f 1893 1018 305
f 1260 365 565
f 1660 336 2038
f 1208 732 949
f 533 1869 1719
f 1879 1996 346
f 518 647 580
f 1756 432 445
f 1474 2159 317
f 318 1337 671
f 1922 1090 1785
f 1945 1943 539
f 1517 1157 1423
f 761 884 1185
f 1914 1275 1139
f 2134 176 2101
f 1961 16 15
f 260 773 656
f 700 1115 1978
f 1592 489 169
f 1696 2075 1438
f 785 816 1613
f 774 1264 2015
f 1593 1552 1891
f 1401 1963 433
f 1370 915 710
f 1879 1056 405
f 414 1091 664
f 2073 1604 1805
f 294 236 645
f 1637 1406 1314
f 1997 618 1474
f 1949 214 1768
f 1949 1575 643
f 604 1623 2164
f 1993 280 1620
f 1396 1394 465
f 656 773 1918
f 2050 633 1827
f 310 115 114
f 1097 1593 1067
f 2046 312 1594
f 726 2002 740
f 1765 269 1720
f 598 1810 1370
f 945 455 828
f 2151 770 1984
f 1510 2166 231
f 219 1209 1741
f 1873 1440 872
f 674 1940 1703
f 715 898 2048
f 1920 796 1577
f 875 2150 639
f 938 1782 614
f 1149 13 394
f 1643 1458 1013
f 869 1235 583
f 2040 516 2001
f 1448 1304 810
f 1958 1351 1385
f 1704 1424 921
f 1360 1503 1185
f 2082 497 1977
f 1673 494 1390
f 1932 806 1811
f 1103 908 316
f 1723 77 239
f 1050 1746 1343
f 396 791 2145
f 798 1642 794
f 1403 684 1798
f 1393 2163 768
f 1347 1983 914
f 942 495 1365
f 505 770 1783
f 1679 922 129
f 1817 209 1499
f 661 848 1327
f 1805 215 366
f 1386 886 271
f 1234 1670 767
f 394 1776 913
f 1650 193 768
f 985 1018 1814
f 1768 1659 1602
f 1115 479 1551
f 274 1749 1041
f 2032 1293 1509
f 742 2032 1454
f 781 1719 547
f 674 1350 527
f 1388 402 909
f 1638 940 712
f 2052 311 454
f 1900 1230 1714
f 522 1759 995
f 1104 979 1054
f 1358 1415 1412
f 1398 1447 1461
f 1728 1373 1700
f 509 1482 1374
f 1304 1090 1271
f 805 1529 918
f 1848 661 1327
f 2002 1045 740
f 251 1622 1163
f 1762 1096 1754
f 1136 2117 1444
f 346 881 854
f 1765 1535 1448
f 593 1951 1420
f 2015 1447 1336
f 1739 586 477
f 1313 1979 1648
f 473 1960 1430
f 1889 1435 1751
f 545 522 2144
f 217 523 516
f 1620 1484 1238
f 845 1237 475
f 962 1567 112
f 2072 17 2104
f 330 940 333
f 284 1540 1181
f 229 1742 1596
f 1072 850 1570
f 429 426 637
f 1675 684 1403
f 1391 584 2148
f 1409 934 930
f 1798 684 915
f 993 2139 295
f 2082 1761 497
f 1411 1786 1252
f 1344 1089 727
f 1074 173 1246
f 1769 455 691
f 1772 175 1731
f 378 1892 463
f 1505 283 552
f 1992 1275 1554
f 1973 176 1227
f 904 450 1682
f 1458 905 1177
f 836 1954 1994
f 1912 1601 952
f 1609 666 1228
f 1276 707 1870
f 116 115 947
f 681 1854 1010
f 1057 158 157
f 1311 1004 1189
f 1836 213 493
f 1765 1448 324
f 1752 818 579
f 452 1888 1016
f 1306 1931 431
f 461 937 624
f 544 1935 1861
f 1556 1403 1409
f 1370 1896 598
f 362 714 2123
f 1465 1385 923
f 1938 225 1180
f 918 1468 737
f 1977 1623 527
f 1939 1623 604
f 1211 1269 1697
f 1454 2032 1254
f 2161 1313 1150
f 270 1979 1397
f 1885 2033 369
f 1677 1391 1612
f 438 1809 831
f 722 2057 953
f 1970 459 1383
f 844 590 600
f 1322 665 1148
f 1319 1172 685
f 1578 1820 704
f 1111 1794 2016
f 1576 416 581
f 544 990 777
f 1213 1145 878
f 794 1642 519
f 581 1868 1576
f 595 1042 683
f 1359 1761 2082
f 1287 1025 335
f 1571 636 242
f 90 1431 468
f 250 372 582
f 1484 225 1238
f 2106 1959 1542
f 984 1258 216
f 892 1909 448
f 499 1682 1001
f 907 356 796
f 746 614 1439
f 695 617 1971
f 602 2103 1550
f 1777 720 1247
f 724 531 1860
f 1403 1798 1409
f 1993 1620 588
f 812 549 1136
f 1641 585 1503
f 1846 1425 2028
f 352 281 1589
f 1687 258 1108
f 397 725 1722
f 1383 1376 2118
f 1649 1628 919
f 1044 457 623
f 1177 1548 171
f 1535 1109 1448
f 1407 1328 175
f 1905 1724 1709
f 1744 1562 1610
f 898 357 2048
f 172 1465 532
f 2049 1539 991
f 95 94 1943
f 300 2139 307
f 913 1776 337
f 2158 1072 1755
f 2126 844 600
f 85 968 86
f 84 1571 879
f 1273 246 894
f 1882 728 443
f 1689 1934 1753
f 362 171 1926
f 1767 634 1131
f 1379 486 697
f 1201 1672 1559
f 4 370 5
f 2033 1808 1929
f 1440 965 224
f 1709 1222 1455
f 307 1793 300
f 1194 691 2021
f 1428 691 809
f 321 1008 101
f 79 1988 1549
f 1932 1811 1797
f 885 1585 1445
f 1954 836 185
f 1694 626 673
f 43 393 1600
f 1413 39 933
f 1621 381 1375
f 1700 326 1728
f 138 1625 2083
f 1257 2088 420
f 1402 473 1384
f 1330 1313 2161
f 1898 760 1693
f 1419 1916 1092
f 1971 617 1914
f 431 888 1306
f 740 2062 726
f 336 1660 119
f 2126 600 778
f 1308 1158 1186
f 1037 401 2000
f 1154 2162 974
f 1232 1658 992
f 1944 1669 871
f 2135 367 1731
f 507 445 734
f 1129 2061 1005
f 202 1982 970
f 2053 753 1968
f 1213 878 1160
f 803 500 529
f 866 807 238
f 594 798 430
f 1238 225 826
f 1300 808 1200
f 338 1188 1376
f 2131 770 1531
f 1198 293 183
f 1339 648 1031
f 1600 44 43
f 1927 1085 880
f 692 638 1005
f 1513 1093 506
f 1643 618 484
f 305 1186 1158
f 1931 966 461
f 1711 52 51
f 1297 1253 668
f 1883 331 1102
f 1514 811 1907
f 1890 659 895
f 1076 1777 2061
f 368 1044 623
f 849 612 835
f 909 1439 1388
f 776 601 394
f 1836 881 213
f 1975 1640 498
f 379 1704 712
f 233 886 744
f 190 1649 926
f 572 1990 1064
f 26 859 819
f 1406 1274 1314
f 1927 1870 1504
f 585 2071 1378
f 2038 336 693
f 116 947 703
f 1334 924 1128
f 1834 1625 1501
f 1557 1267 482
f 1401 1159 1963
f 949 1225 1208
f 1560 2066 1848
f 1615 1792 242
f 1110 398 1685
f 1686 915 1670
f 721 470 1532
f 994 200 1459
f 166 165 407
f 1502 1531 2151
f 968 525 698
f 1411 1252 1242
f 936 1411 1242
f 1085 1504 1555
f 603 1076 820
f 1687 919 441
f 1811 2023 1797
f 780 2149 1948
f 1472 1355 739
f 1315 1227 1634
f 934 1051 930
f 1872 191 640
f 1624 1426 602
f 1537 57 56
f 472 1853 1477
f 1013 1613 1643
f 2096 27 1902
f 2007 1077 1087
f 881 449 854
f 885 1730 1144
f 243 2105 1876
f 1224 245 1151
f 1902 27 1569
f 1875 1563 765
f 40 1027 41
f 1899 1275 1815
f 1407 471 1328
f 1237 1506 2094
f 2063 1506 1024
f 331 1114 763
f 326 499 1728
f 1825 1066 1218
f 1911 1067 148
f 898 996 1557
f 278 430 641
f 737 507 734
f 321 1832 1099
f 794 2164 438
f 934 1810 1998
f 1193 698 525
f 1713 1531 1449
f 784 1479 1530
f 283 728 552
f 925 396 530
f 1337 1093 413
f 1605 1257 1581
f 1648 1299 688
f 2018 58 672
f 1629 59 58
f 2069 448 1909
f 1530 1356 784
f 850 2158 856
f 1282 253 1716
f 633 2050 1068
f 1085 1595 874
f 342 121 120
f 335 658 503
f 1417 492 717
f 2142 1119 181
f 1790 1426 655
f 2089 378 1039
f 538 478 1523
f 824 309 1650
f 597 308 935
f 1108 926 919
f 616 968 85
f 1658 1611 1598
f 841 2054 1007
f 1573 699 995
f 2059 700 1427
f 172 2137 339
f 1839 1678 1470
f 546 2097 1667
f 1429 21 1972
f 232 24 901
f 353 1287 266
f 1844 1101 1496
f 1442 1022 1071
f 591 903 685
f 386 198 288
f 222 1536 386
f 1741 1354 2153
f 1011 187 1734
f 669 1843 1953
f 1848 1604 694
f 1240 520 383
f 1518 735 976
f 246 304 1868
f 837 1258 984
f 444 2030 1292
f 1298 710 1686
f 969 1564 1277
f 768 2140 1871
f 1007 651 654
f 1475 1619 1546
f 284 997 660
f 870 528 682
f 846 2056 1030
f 813 2081 759
f 2056 976 1030
f 2044 938 746
f 1089 251 727
f 1609 716 666
f 2095 381 1621
f 1460 502 2094
f 724 1368 531
f 1342 1803 2127
f 1236 377 1209
f 1869 884 761
f 1849 707 1276
f 1526 1168 364
f 1140 384 848
f 1773 924 1280
f 1298 194 570
f 556 1780 1087
f 991 1583 2049
f 903 2093 1319
f 1538 114 113
f 1567 962 541
f 1545 2160 2091
f 1698 1828 1789
f 2038 726 1068
f 122 1906 1299
f 2043 1925 1408
f 1534 472 1197
f 579 642 1752
f 1845 1014 253
f 1570 680 1260
f 361 1131 634
f 1010 427 1056
f 1052 1745 2117
f 2131 944 1718
f 254 1928 1023
f 1844 267 1101
f 2066 1604 1848
f 2106 1542 2018
f 1857 733 436
f 591 2151 1984
f 1123 103 102
f 1288 1877 485
f 1235 975 583
f 1859 1294 1224
f 1323 748 1037
f 1442 764 1022
f 1566 592 731
f 2037 1921 873
f 1495 1506 2063
f 1960 473 1402
f 630 136 135
f 2037 694 1921
f 2050 1660 2038
f 409 827 656
f 2140 889 867
f 2032 1509 1254
f 688 1803 1150
f 700 2059 406
f 371 341 1138
f 497 2164 1977
f 564 1332 878
f 1062 462 367
f 475 2094 1021
f 1175 374 265
f 1889 1146 1364
f 1462 1249 1182
f 1251 180 1131
f 1908 555 1229
f 986 758 855
f 1157 906 749
f 1440 843 965
f 2156 2147 1969
f 1720 1363 1765
f 1344 648 391
f 1732 391 1258
f 824 626 309
f 1020 969 2081
f 1896 825 1734
f 997 1963 1490
f 1117 1075 1103
f 1888 452 1326
f 1952 820 1369
f 1607 587 1397
f 2046 1073 1841
f 1012 2032 742
f 835 1950 179
f 671 1957 318
f 395 44 184
f 1865 41 1027
f 193 469 889
f 2168 1866 343
f 2110 1499 1231
f 887 999 1015
f 916 2011 1916
f 236 706 872
f 845 188 1119
f 1368 1528 366
f 2154 883 459
f 961 593 678
f 462 679 1308
f 1495 1022 764
f 1217 1034 1212
f 708 1859 893
f 346 1996 881
f 155 1464 156
f 767 1670 915
f 173 891 1032
f 1569 27 26
f 465 2096 1902
f 1133 1414 1839
f 1414 1501 1942
f 1042 419 704
f 1042 595 437
f 924 1965 1280
f 2127 755 1906
f 1872 846 191
f 1500 885 1295
f 2081 824 1020
f 827 1240 383
f 2122 2088 1501
f 1890 1168 420
f 1793 306 300
f 548 454 311
f 601 776 1283
f 2087 10 9
f 1205 1897 293
f 1437 871 1192
f 1700 2126 778
f 1554 617 1374
f 864 2125 490
f 1915 1036 1816
f 1651 514 1079
f 910 1499 2110
f 547 906 1697
f 1527 2028 1580
f 748 1323 1143
f 1997 574 484
f 783 393 627
f 1865 1710 1331
f 1228 666 481
f 984 1964 837
f 1790 655 1039
f 1835 317 2064
f 2044 306 1793
f 611 1557 482
f 764 1043 1495
f 2135 175 1328
f 2002 726 1025
f 228 839 771
f 1994 1954 905
f 1936 836 1028
f 837 1775 1812
f 1853 1584 1477
f 1997 1474 1842
f 1514 955 1145
f 1616 1634 1647
f 1880 359 1338
f 945 567 2053
f 1744 233 1267
f 1562 1049 1377
f 276 1974 1377
f 57 672 58
f 332 1941 709
f 306 2044 240
f 796 1155 907
f 1529 808 1300
f 980 1907 772
f 1976 744 1387
f 345 570 403
f 714 362 975
f 1296 1708 1390
f 1076 603 718
f 1795 842 1667
f 409 1240 827
f 1302 782 2026
f 1300 1468 1529
f 1676 1528 1368
f 696 914 1816
f 223 192 711
f 826 542 588
f 527 1623 674
f 1348 1084 459
f 1677 1612 470
f 401 1037 765
f 2114 1689 1169
f 1455 1222 425
f 2076 23 22
f 1560 1538 1567
f 694 1604 2073
f 1372 1180 663
f 1359 1847 1761
f 1373 1707 1608
f 1844 1129 1005
f 448 1882 434
f 1973 1118 797
f 1780 1579 2007
f 2004 1201 1478
f 389 530 396
f 1314 1274 309
f 2058 1478 1966
f 1867 6 1586
f 596 1515 340
f 706 1813 872
f 499 1001 763
f 534 1050 1295
f 1175 1714 259
f 1591 766 1434
f 1188 818 372
f 1428 1647 467
f 291 1980 1215
f 1871 702 1393
f 1921 1654 873
f 1176 1982 202
f 2055 1172 1319
f 2006 1792 1615
f 1211 1697 906
f 577 1573 995
f 1204 757 1747
f 651 1905 823
f 1907 955 1514
f 1030 1065 846
f 598 1896 187
f 340 1484 596
f 1512 874 899
f 1481 1137 2156
f 1394 1250 260
f 1637 1078 1406
f 1315 1616 256
f 2021 675 1858
f 1205 487 1897
f 2151 591 1502
f 876 379 556
f 2052 1497 226
f 1079 430 798
f 891 710 1298
f 1676 840 1654
f 2031 206 1998
f 2130 1361 1706
f 814 1665 314
f 640 612 849
f 343 1866 238
f 1141 1424 529
f 1957 671 302
f 1875 1037 748
f 1617 1380 1524
f 644 1636 1630
f 2115 1524 1380
f 582 573 206
f 1952 1369 1496
f 422 1247 720
f 633 2127 1827
f 701 1521 1342
f 418 1271 1090
f 330 1729 1132
f 2051 1826 1976
f 1965 1443 1492
f 2097 1247 2060
f 1079 798 831
f 872 1440 263
f 1170 326 778
f 1139 590 1914
f 2142 1024 1119
f 1021 1233 1726
f 172 532 320
f 834 2056 846
f 1452 967 745
f 703 521 658
f 2102 2062 740
f 1538 1327 310
f 1769 368 623
f 1877 735 1851
f 1570 1260 565
f 297 354 747
f 698 2017 968
f 2017 86 968
f 1612 1112 470
f 1264 774 1895
f 1516 957 787
f 106 1986 954
f 1854 902 1541
f 449 1066 411
f 1618 1069 1120
f 1027 40 1413
f 1260 680 460
f 738 1084 2035
f 660 1345 1540
f 211 1520 835
f 911 303 1281
f 149 1891 150
f 1894 469 491
f 1972 1153 1371
f 1898 1006 1366
f 1421 126 125
f 193 889 2140
f 2141 1788 801
f 531 1375 1860
f 2094 1506 1043
f 1012 1293 2032
f 1366 1006 1012
f 490 442 864
f 1894 491 319
f 347 1635 1312
f 1017 435 353
f 2125 864 1153
f 1456 343 373
f 2013 2096 465
f 776 394 12
f 290 2110 1231
f 1015 1597 2149
f 1325 1147 1310
f 238 687 866
f 1490 1968 753
f 682 528 1520
f 1984 505 1639
f 960 1446 186
f 916 1916 621
f 1948 364 1168
f 488 661 1848
f 2001 492 352
f 2030 1241 177
f 1525 899 815
f 1226 1824 1760
f 2105 566 1876
f 1036 1958 451
f 320 556 2137
f 44 395 45
f 255 1636 950
f 1118 1973 670
f 1969 206 2031
f 851 698 1431
f 89 851 90
f 667 377 1967
f 312 1697 1587
f 1082 1056 1433
f 1836 449 881
f 1367 435 1017
f 1313 1648 688
f 2035 1348 856
f 1448 810 805
f 504 1412 1975
f 498 1269 1080
f 757 1204 373
f 2150 875 675
f 496 1218 605
f 1847 1544 1666
f 1693 760 1488
f 132 1384 133
f 1251 1131 361
f 977 419 1770
f 500 1915 914
f 469 1078 491
f 1395 1624 2023
f 1344 727 355
f 1238 588 1620
f 641 403 570
f 610 250 2147
f 1876 1118 1001
f 2013 1394 827
f 1187 55 54
f 282 900 1701
f 647 829 1602
f 377 804 657
f 2170 852 477
f 752 735 1518
f 339 651 424
f 1928 254 1888
f 1684 64 912
f 898 715 447
f 1974 1162 1703
f 533 1757 631
f 843 1354 2098
f 1275 1914 1554
f 1103 1075 637
f 859 26 25
f 1106 24 232
f 1057 577 158
f 240 1966 1559
f 704 1099 1042
f 2119 92 91
f 1114 1883 1494
f 460 680 1407
f 896 360 536
f 1954 1548 1177
f 547 1719 1178
f 147 146 513
f 1155 796 1619
f 2072 1631 1614
f 897 2067 1000
f 321 1053 1832
f 959 164 163
f 1465 1147 1385
f 1678 290 868
f 1886 540 1679
f 586 1799 2046
f 1911 147 513
f 1418 795 689
f 1537 56 1740
f 1983 1347 1546
f 983 333 775
f 2125 2086 490
f 1958 1036 1653
f 1469 1734 825
f 271 886 233
f 606 1589 1317
f 1544 1993 1422
f 1874 1310 421
f 917 302 1307
f 888 416 426
f 1820 1099 704
f 1182 2036 1318
f 1590 1320 301
f 199 1819 1740
f 415 2075 1696
f 1917 485 451
f 2104 907 1631
f 1421 1953 126
f 1648 124 123
f 983 2052 333
f 1288 1147 1325
f 1597 1334 1128
f 999 1985 860
f 1498 466 501
f 413 1866 2168
f 262 2080 668
f 1655 2022 1725
f 2022 1807 1725
f 230 1416 258
f 194 1686 1670
f 235 1556 455
f 982 1339 472
f 1289 1064 205
f 173 1938 1469
f 1565 721 202
f 1652 1987 1116
f 827 1394 260
f 1858 1514 1145
f 715 1088 218
f 789 1212 2084
f 933 37 1617
f 1752 573 818
f 1922 838 268
f 1838 1669 325
f 2143 1831 580
f 2160 63 2091
f 1125 806 1932
f 1075 966 429
f 92 2119 1904
f 1862 814 1533
f 287 2034 1800
f 1002 1544 1847
f 219 1741 1671
f 614 1782 226
f 652 1962 1364
f 612 1717 1950
f 1007 654 841
f 1582 1466 1768
f 1887 597 1683
f 71 1161 72
f 2019 1196 1955
f 1944 1437 1935
f 468 2146 2119
f 753 567 457
f 1456 234 713
f 1433 1382 1591
f 1464 427 1010
f 1560 1848 1327
f 531 1368 1335
f 1646 971 1173
f 1510 231 948
f 2120 1101 606
f 1225 2037 873
f 855 1120 986
f 47 390 48
f 2061 1806 692
f 1496 1101 2120
f 1511 2103 602
f 1992 327 1275
f 1703 1350 674
f 744 1976 1826
f 107 106 954
f 1506 1495 1043
f 528 360 896
f 1213 1044 368
f 1257 420 1526
f 1927 294 645
f 954 1830 1199
f 1639 1191 1984
f 1815 1275 327
f 565 365 1167
f 454 1497 2052
f 1054 1978 1279
f 204 1566 978
f 1399 1173 597
f 1009 1300 1200
f 1989 844 2126
f 111 1452 962
f 1272 661 488
f 2124 1415 476
f 1423 1157 749
f 1949 535 214
f 2143 619 1831
f 1757 533 289
f 769 2083 1856
f 888 431 754
f 1768 1466 1659
f 502 1233 1021
f 1830 188 1199
f 879 1571 1627
f 87 851 88
f 1130 730 300
f 626 1694 1637
f 596 1484 1695
f 606 1317 1092
f 1467 1214 1794
f 937 461 966
f 1758 387 2027
f 520 29 383
f 244 1064 2103
f 728 327 1992
f 51 1787 1711
f 1853 920 1324
f 1652 1294 1987
f 389 2145 1513
f 1520 1243 835
f 1204 234 373
f 2157 1946 977
f 1820 321 1099
f 1692 2143 1466
f 1767 1821 297
f 549 1026 1052
f 1497 454 2130
f 1824 1226 1456
f 457 828 623
f 1846 526 224
f 1921 1528 1676
f 1031 1959 790
f 1787 1069 974
f 1862 1791 428
f 1704 379 876
f 1035 1321 1143
f 391 648 1668
f 643 1733 535
f 1304 808 810
f 48 986 49
f 1493 390 46
f 68 67 987
f 2019 897 927
f 412 405 1082
f 2138 2042 988
f 2011 1092 1916
f 951 404 1738
f 1191 210 591
f 624 480 461
f 1639 204 991
f 178 1868 581
f 1198 81 293
f 1658 2006 992
f 8 1751 9
f 1724 1222 1709
f 2025 549 374
f 1267 568 1744
f 159 577 1759
f 1966 1478 1201
f 1377 1049 218
f 996 898 447
f 1222 357 611
f 713 1332 1824
f 1077 2007 993
f 1316 1727 1141
f 1948 650 364
f 209 1472 739
f 262 668 575
f 74 2116 75
f 1752 1051 1802
f 1445 1585 1912
f 1246 173 1032
f 1841 289 781
f 1907 980 955
f 564 1823 1760
f 2071 1002 1378
f 1412 1284 1358
f 2040 217 516
f 1839 1414 290
f 916 621 815
f 1509 629 719
f 1077 295 841
f 1974 1940 1377
f 315 665 93
f 1919 1487 351
f 492 1417 352
f 1024 1506 1237
f 417 946 182
f 681 1745 902
f 2118 1376 1656
f 1635 1210 1312
f 1354 1185 884
f 143 774 144
f 2145 791 646
f 1763 343 1456
f 1811 806 1748
f 1769 623 828
f 706 236 294
f 760 769 1856
f 1326 1108 258
f 1326 1416 1928
f 521 384 503
f 266 732 353
f 1522 1893 1158
f 1852 1053 99
f 1493 45 395
f 50 49 1699
f 2081 1518 1553
f 1314 309 626
f 562 108 1199
f 181 188 1830
f 1707 961 1608
f 2074 1487 1946
f 2126 1700 1608
f 178 581 729
f 1119 1237 845
f 203 1986 105
f 2062 633 1068
f 842 1801 1521
f 1464 1854 156
f 333 2052 1782
f 1413 446 385
f 1229 2027 296
f 1563 1028 1040
f 1321 415 1202
f 1087 1077 241
f 1918 245 656
f 1404 1972 1371
f 1303 1160 248
f 2075 1743 1438
f 1508 920 53
f 280 1002 2071
f 1809 1651 831
f 635 1479 569
f 1789 1297 1644
f 1833 1028 1563
f 2099 1689 1753
f 972 736 555
f 216 2162 439
f 1872 834 846
f 1871 232 901
f 782 1046 401
f 1910 317 494
f 338 738 1188
f 610 2147 838
f 1245 1411 784
f 1379 254 486
f 1030 976 735
f 512 1910 494
f 700 1978 1054
f 198 489 288
f 462 432 350
f 92 315 93
f 1951 180 1420
f 1767 297 634
f 191 2039 640
f 1937 1845 253
f 800 1247 221
f 703 117 116
f 1622 1033 1163
f 509 1374 617
f 1113 1073 1441
f 822 1097 911
f 118 1048 336
f 576 1045 221
f 2137 1087 241
f 1066 1645 605
f 2145 646 1513
f 413 646 1866
f 1118 763 1001
f 1144 1282 1923
f 1057 157 1541
f 2144 400 545
f 1737 2093 903
f 2093 97 2055
f 1435 833 548
f 2012 814 428
f 686 1253 1663
f 2041 1728 1494
f 1593 1097 822
f 2008 1286 988
f 577 159 158
f 902 699 1573
f 960 1467 247
f 2078 1649 1058
f 1364 833 1889
f 1749 274 167
f 1389 919 1628
f 1786 1411 1245
f 1253 1790 1039
f 262 575 463
f 865 324 805
f 2135 1328 1850
f 1248 709 1184
f 795 212 689
f 929 1629 1063
f 1291 1689 2065
f 421 1310 830
f 671 1763 1226
f 2108 2007 1579
f 1724 453 1094
f 508 578 380
f 1178 749 906
f 947 115 554
f 726 693 1025
f 758 783 855
f 272 2100 877
f 1673 1766 494
f 1796 1344 355
f 2049 1583 1018
f 432 462 1062
f 1554 1914 617
f 961 1167 593
f 1454 1254 1441
f 2083 769 139
f 1074 1938 173
f 1675 767 684
f 1381 1852 1737
f 1117 1814 978
f 2113 840 369
f 645 236 951
f 265 743 1900
f 2034 287 994
f 1871 517 702
f 298 1746 2159
f 2156 1137 2147
f 497 1761 1666
f 1171 182 946
f 1977 527 963
f 2121 1081 433
f 1809 1333 1666
f 605 1645 2057
f 1433 427 1382
f 2092 1552 822
f 1975 1415 1640
f 1109 1785 1304
f 838 1922 1353
f 1738 404 286
f 1846 1588 526
f 62 61 1086
f 1606 1063 1542
f 1066 1825 411
f 1436 923 1424
f 320 2137 172
f 1269 1207 1587
f 736 2027 1229
f 1357 1696 1438
f 1507 2118 1174
f 2035 1084 1348
f 1930 1592 1059
f 1239 3 386
f 804 1641 657
f 537 345 403
f 925 1177 171
f 813 483 408
f 2044 2108 938
f 453 1724 1905
f 1665 1095 314
f 11 279 776
f 1183 2141 1116
f 1548 185 440
f 149 148 1067
f 1891 1552 1047
f 539 1943 1322
f 1718 1783 2131
f 1219 1946 1071
f 305 985 1186
f 1762 387 1096
f 2115 1183 1524
f 1092 1176 1419
f 720 707 422
f 1038 738 458
f 1882 327 728
f 426 1251 361
f 754 729 581
f 2132 1483 400
f 1203 2010 479
f 936 252 1479
f 68 987 69
f 223 1404 192
f 1915 1816 914
f 1365 495 1451
f 1639 595 1191
f 844 1989 456
f 1266 2005 190
f 1251 426 416
f 1565 2128 1677
f 2116 398 1110
f 70 1705 1270
f 1265 76 1110
f 247 1582 214
f 1079 831 1651
f 1896 891 825
f 742 1264 1012
f 558 513 146
f 1821 365 195
f 177 418 2030
f 1483 979 545
f 1930 1059 1626
f 1240 1913 520
f 520 30 29
f 944 2131 325
f 958 1850 1328
f 678 1608 961
f 1337 1003 1093
f 1460 2095 1621
f 1881 475 1726
f 1699 1019 50
f 644 1069 1618
f 307 2139 993
f 664 479 550
f 378 1482 509
f 388 1131 1951
f 1186 316 747
f 1099 683 1042
f 1446 487 186
f 83 636 1571
f 2029 329 1550
f 1204 1747 896
f 1828 1663 1297
f 2065 1352 1290
f 2023 1624 602
f 1505 1262 283
f 546 842 701
f 951 1870 645
f 1849 1276 1128
f 1209 377 657
f 1138 341 295
f 2007 1087 1780
f 388 1821 1767
f 1576 1868 474
f 1268 702 517
f 1453 344 2054
f 1581 1293 1006
f 1942 2110 1414
f 1272 488 949
f 526 650 2085
f 1162 722 953
f 1591 1382 766
f 2117 1136 1052
f 1939 674 1623
f 176 1634 1227
f 1896 1370 710
f 1974 1703 1940
f 923 1385 1351
f 456 1273 900
f 1755 1883 2158
f 2120 2011 1244
f 703 947 521
f 20 1153 21
f 1371 1153 864
f 1680 1190 1633
f 472 1339 1197
f 466 836 1936
f 1034 1875 748
f 1981 1923 649
f 1223 1609 1126
f 1259 1815 327
f 1957 1730 1500
f 1966 1201 1559
f 1862 222 1791
f 485 1877 1851
f 823 421 651
f 1232 1192 1658
f 539 1107 1945
f 907 1961 356
f 2108 307 993
f 1299 1906 755
f 895 1168 1890
f 1652 2141 801
f 520 1913 30
f 1771 433 1387
f 1998 1810 598
f 998 921 1727
f 18 17 2086
f 216 439 984
f 393 1331 1710
f 1958 1385 1917
f 2068 1523 464
f 1479 784 936
f 795 2091 751
f 514 1651 1346
f 1083 946 1135
f 745 1881 1702
f 1195 1999 787
f 567 945 828
f 1540 1345 1261
f 1923 1282 1716
f 1763 1456 1226
f 1888 254 1379
f 725 1736 2014
f 1211 1157 196
f 1350 1162 1221
f 1812 1438 1743
f 1164 484 574
f 1408 1290 1352
f 36 2115 1380
f 898 1557 357
f 1132 379 712
f 1255 894 1055
f 388 1767 1131
f 582 372 573
f 1971 1914 590
f 1799 586 1739
f 1803 688 755
f 816 298 1613
f 415 296 1202
f 1682 450 243
f 2105 892 566
f 1162 1350 1703
f 1645 449 1286
f 1713 1878 1838
f 937 966 1075
f 186 662 1214
f 1658 1192 1611
f 1090 227 418
f 809 1647 1428
f 1010 1854 1464
f 2139 1138 295
f 1391 1677 2128
f 1532 470 1112
f 2150 467 639
f 32 31 291
f 547 1178 906
f 911 2092 822
f 244 2103 1511
f 1187 1534 199
f 1515 596 1112
f 187 1011 1481
f 1981 1585 1923
f 425 1826 2051
f 313 1603 239
f 731 1075 1117
f 1217 285 1936
f 1498 185 466
f 1156 635 569
f 1568 1786 2003
f 1869 863 884
f 631 1757 1113
f 1410 624 592
f 1487 1285 977
f 1537 790 672
f 439 1154 1636
f 1338 359 579
f 1084 1383 459
f 1284 1340 2138
f 2042 1340 1221
f 1934 890 2070
f 249 2089 655
f 908 1103 637
f 1451 495 1322
f 247 1467 1111
f 777 944 1944
f 948 525 616
f 636 183 242
f 1712 194 1234
f 1884 1500 1050
f 1522 1071 2157
f 188 562 1199
f 64 1684 65
f 695 1971 615
f 1750 205 1356
f 1636 1154 1630
f 948 1193 525
f 1692 619 2143
f 349 1024 2142
f 1691 475 1881
f 1558 1808 2033
f 1777 718 720
f 2077 160 1759
f 240 1559 306
f 1696 1357 1216
f 392 1908 1216
f 479 1115 550
f 1450 2045 620
f 869 866 687
f 980 1823 955
f 82 81 1198
f 1575 1949 1602
f 1549 80 79
f 1935 1437 1861
f 1311 257 1309
f 1412 1415 1975
f 724 1676 1368
f 531 1335 1375
f 916 815 899
f 1293 629 1509
f 638 692 1924
f 1304 1785 1090
f 1085 1927 1504
f 1286 449 1836
f 1290 2020 890
f 599 1680 2133
f 1947 1409 930
f 904 1682 499
f 239 1603 1723
f 1659 2143 580
f 1274 469 193
f 2090 708 893
f 1596 2070 1046
f 2027 387 1762
f 1027 1413 1715
f 1934 1721 1753
f 946 1083 493
f 276 1377 218
f 967 1691 1881
f 2063 1024 349
f 1481 2031 928
f 1160 1303 1261
f 1284 1004 1340
f 1052 1026 275
f 2121 594 1081
f 682 786 1455
f 686 1663 189
f 607 1543 987
f 893 285 2090
f 1652 861 1294
f 1009 1808 1558
f 1021 2094 502
f 1455 2051 589
f 1261 1044 1160
f 2134 467 1647
f 1947 455 1556
f 1545 2091 795
f 212 264 929
f 1796 648 1344
f 392 1357 2100
f 1130 2152 1230
f 2077 979 1104
f 1402 559 1960
f 1960 922 540
f 662 1988 1214
f 2166 1598 1463
f 1195 787 181
f 109 1901 1432
f 2165 1152 2079
f 1939 1940 674
f 1926 673 197
f 975 362 483
f 1813 219 1671
f 2061 692 1005
f 1919 1123 1578
f 962 862 541
f 2148 832 663
f 1995 1574 1137
f 4 1239 370
f 3 198 386
f 485 478 451
f 673 171 1548
f 1271 1200 808
f 553 1765 324
f 1606 332 1063
f 201 1105 1736
f 870 524 284
f 759 583 813
f 884 2098 1354
f 928 187 1481
f 1644 1297 1278
f 973 1169 625
f 1011 1372 832
f 1081 594 278
f 342 1827 121
f 2102 701 2062
f 1828 1297 1789
f 2003 1818 1126
f 1462 1061 1055
f 1599 1485 277
f 819 1894 319
f 673 440 1694
f 282 1701 1829
f 1000 2067 1061
f 1184 1252 1568
f 1418 689 1248
f 1882 448 2069
f 1990 1356 205
f 659 1839 1470
f 1178 380 749
f 1182 1249 1166
f 1260 195 365
f 1706 1439 614
f 15 14 1256
f 780 1471 887
f 1293 1581 629
f 748 1143 1034
f 1584 974 1477
f 1102 458 628
f 883 680 850
f 2105 243 1909
f 1219 1071 1022
f 710 891 1896
f 1747 849 1243
f 690 609 1296
f 2129 1912 609
f 1727 1316 941
f 921 998 1704
f 1895 774 142
f 1581 1526 629
f 985 1103 316
f 1931 2111 643
f 1590 207 2078
f 70 1270 71
f 953 2057 2008
f 1181 248 1220
f 1013 1458 530
f 1920 1577 337
f 1281 303 1207
f 303 1594 1587
f 1663 1253 1297
f 1266 1060 1270
f 377 667 596
f 584 1312 1210
f 847 1805 1604
f 2050 2038 1068
f 695 509 617
f 716 1609 1698
f 1224 1933 245
f 440 1863 676
f 1315 359 1227
f 600 1139 1899
f 1741 1209 1360
f 2153 1671 1741
f 1465 923 532
f 1310 1874 1717
f 2089 1349 1482
f 2067 1122 1255
f 406 1115 700
f 1203 664 1091
f 2061 800 1806
f 1045 981 221
f 154 427 155
f 2092 1281 1822
f 1505 1349 249
f 434 1981 649
f 259 1672 1201
f 1930 1626 1405
f 1175 1900 1714
f 150 858 151
f 2049 1018 1893
f 96 1945 723
f 2007 2108 993
f 1415 2124 1640
f 1208 802 732
f 1803 1342 1521
f 1268 2076 543
f 179 1950 1874
f 806 1708 1296
f 912 201 1784
f 1323 1408 1925
f 1179 1156 1163
f 1842 229 363
f 1390 1708 1673
f 883 1348 459
f 928 1998 598
f 141 140 208
f 2149 286 1948
f 1894 819 889
f 2141 1100 1788
f 1937 566 1845
f 1990 205 1064
f 575 1253 1039
f 1164 1994 905
f 1609 1228 1126
f 1273 571 304
f 1417 444 750
f 1595 1244 874
f 217 873 523
f 2127 633 1342
f 2095 1468 381
f 1407 195 460
f 198 3 2
f 2 1 1301
f 501 1936 285
f 1116 1758 1183
f 1490 1345 660
f 932 594 2121
f 1102 628 1883
f 2040 1924 561
f 852 558 1336
f 526 1588 650
f 662 186 487
f 2016 1794 964
f 1307 671 1226
f 1907 811 1282
f 1522 2157 1893
f 1529 1468 918
f 1879 1745 681
f 151 766 152
f 1771 744 886
f 1386 932 886
f 1517 1329 1157
f 589 2051 524
f 1370 1798 915
f 1635 347 227
f 981 800 221
f 755 688 1299
f 2123 714 791
f 1972 1404 543
f 642 359 1315
f 1540 1261 1303
f 2130 454 833
f 834 807 866
f 815 1967 1525
f 1101 267 1589
f 1931 643 1575
f 927 441 2019
f 1598 1451 1463
f 1832 1053 1381
f 1590 301 207
f 1687 927 258
f 1936 501 466
f 358 555 1908
f 437 1639 991
f 2006 1658 2166
f 1721 1934 2070
f 2065 2009 1190
f 1711 1324 1508
f 790 1819 1031
f 1751 2087 9
f 857 1288 1325
f 1831 254 1023
f 2078 1058 1590
f 310 384 554
f 1921 2073 1528
f 1072 2158 850
f 918 734 865
f 1547 299 1165
f 1207 1269 498
f 2161 1150 1956
f 1360 1185 1354
f 933 39 38
f 1936 1028 1217
f 318 1884 1003
f 892 1845 566
f 1346 403 514
f 1386 793 519
f 1906 121 1827
f 1580 2028 1113
f 561 802 1208
f 2128 970 1312
f 2015 144 774
f 1461 1454 1441
f 1235 714 975
f 687 1866 1491
f 2101 176 1973
f 2089 1039 655
f 358 1908 392
f 2160 1545 912
f 1329 196 1157
f 504 1004 1412
f 781 1697 312
f 1340 1311 1309
f 1327 848 310
f 119 1660 120
f 1491 791 1235
f 1746 298 816
f 1534 920 1853
f 790 1959 2106
f 1905 651 453
f 1345 753 457
f 1686 194 1298
f 1515 1612 663
f 1480 500 174
f 775 1638 1263
f 642 1315 256
f 1376 1383 338
f 2005 69 2169
f 1722 2014 1519
f 2088 1257 1488
f 1517 2082 963
f 1388 1706 1674
f 757 373 343
f 1534 1187 920
f 251 1089 1857
f 1969 582 206
f 202 970 1565
f 1244 916 899
f 380 761 508
f 209 587 868
f 125 882 1421
f 1941 332 1606
f 2099 1753 1766
f 1812 1732 837
f 34 33 1788
f 1461 1799 1398
f 1221 1340 1309
f 568 1049 1562
f 1236 219 939
f 294 1813 706
f 965 2098 1425
f 1729 556 379
f 1283 776 279
f 990 544 480
f 2094 475 1237
f 2030 444 1241
f 2041 1755 1072
f 2167 1478 560
f 2054 344 1094
f 468 1431 1193
f 636 1198 183
f 145 558 146
f 1305 558 145
f 1272 732 1140
f 1525 1967 939
f 1048 335 1025
f 2066 1560 541
f 219 1236 1209
f 1956 1492 1443
f 997 1490 660
f 1011 832 1137
f 2068 563 696
f 2076 1268 517
f 1074 225 1938
f 2031 2156 1969
f 1014 434 649
f 670 331 1118
f 1289 2029 1064
f 1139 600 590
f 1991 1850 269
f 1460 1043 737
f 1304 1271 808
f 324 1448 805
f 527 1350 257
f 400 2112 2025
f 831 794 438
f 989 294 1512
f 441 927 1687
f 2003 1228 1568
f 1715 272 1865
f 1215 1788 33
f 98 2093 1852
f 1053 100 99
f 2028 1425 631
f 2048 344 715
f 1952 2120 1595
f 738 338 1084
f 1817 788 1472
f 1355 270 739
f 1653 1351 1958
f 1662 563 779
f 1081 1712 2079
f 1974 276 722
f 373 234 1456
f 447 715 218
f 1759 577 995
f 1283 279 220
f 2078 1644 1688
f 1735 1000 1061
f 1474 1910 1842
f 772 1144 917
f 263 236 872
f 1317 322 1176
f 1681 1499 910
f 1953 1843 127
f 1220 360 1181
f 1980 291 931
f 1151 1859 1224
f 1788 1215 801
f 943 1599 1016
f 552 1349 1505
f 1774 1078 1637
f 759 1553 1029
f 658 1048 117
f 1488 1856 1834
f 843 1440 1873
f 1012 1895 1366
f 1124 183 293
f 879 85 84
f 1382 153 766
f 1230 287 1130
f 1220 248 713
f 1872 849 807
f 131 559 132
f 1817 1499 1681
f 1947 256 809
f 915 684 767
f 538 1036 451
f 2163 969 1020
f 1749 1203 1091
f 168 167 274
f 309 1274 193
f 2081 969 1518
f 1167 365 388
f 1731 367 354
f 375 399 1142
f 1356 1530 1750
f 235 1403 1556
f 187 1896 1734
f 1075 429 637
f 1099 1832 683
f 1680 1633 2133
f 189 1663 1223
f 1284 2138 1358
f 1135 946 476
f 1331 393 43
f 1202 2084 1321
f 1903 134 1392
f 1581 1257 1526
f 493 213 412
f 2046 1594 586
f 2067 1255 1061
f 2005 1266 1705
f 267 1005 638
f 1417 281 352
f 2018 1542 1063
f 1698 1609 1223
f 328 1387 1963
f 1512 880 874
f 1570 565 1707
f 1326 452 1108
f 1231 868 290
f 1472 788 1355
f 718 1870 707
f 1185 508 761
f 906 1157 1211
f 1049 447 218
f 1147 1288 1917
f 2068 696 1816
f 1366 1895 1855
f 1589 281 1317
f 1698 1519 716
f 2003 1786 572
f 2132 1427 1483
f 2136 1450 620
f 2118 1656 1353
f 807 849 1747
f 1268 223 711
f 15 1256 1961
f 1509 1588 1527
f 956 2085 286
f 2166 1510 2006
f 871 942 1611
f 1726 1233 215
f 1432 1901 762
f 1382 154 153
f 259 1201 2004
f 182 1082 653
f 1218 1547 1825
f 1155 1619 1631
f 1592 169 1059
f 814 2012 1665
f 998 1727 1638
f 1733 480 544
f 1214 1988 1723
f 1606 1542 375
f 1063 332 929
f 2034 817 1800
f 374 812 265
f 422 1773 2060
f 2153 843 1873
f 2083 139 138
f 144 1305 145
f 1726 215 1702
f 734 445 557
f 882 1979 1421
f 1048 1025 693
f 1836 1083 988
f 1218 496 299
f 670 1973 1227
f 980 1307 1823
f 1173 971 308
f 1602 829 1575
f 1855 142 141
f 1693 1488 1605
f 1567 541 1560
f 1188 1038 818
f 1632 1904 2146
f 903 210 1737
f 560 1457 1450
f 241 1077 841
f 1887 423 1572
f 1148 1451 1322
f 1986 1830 954
f 1452 1432 967
f 1779 211 179
f 1088 276 218
f 1398 852 1336
f 533 631 863
f 368 1145 1213
f 1642 594 932
f 2145 389 396
f 1981 1912 1585
f 4 3 1239
f 2052 226 1782
f 1337 2168 1763
f 408 626 824
f 406 2059 2004
f 2138 1340 2042
f 445 507 1756
f 350 1522 679
f 1911 1097 1067
f 1336 558 1305
f 1828 1698 1223
f 2080 1688 1278
f 1193 231 821
f 1319 685 903
f 151 858 766
f 2042 1221 2008
f 1709 1455 786
f 2152 1672 1714
f 1733 544 1098
f 247 1111 1582
f 1306 888 429
f 2022 74 1807
f 2063 1022 1495
f 1158 1893 305
f 1051 642 256
f 1346 1651 1422
f 769 1898 208
f 228 587 839
f 815 621 667
f 1280 1965 1492
f 1048 693 336
f 1803 1521 1150
f 254 619 486
f 964 1794 1603
f 1040 1994 799
f 1563 1040 799
f 1631 907 1155
f 2104 16 1961
f 1599 277 1016
f 1265 1110 1685
f 1630 1154 974
f 1732 1258 837
f 275 699 902
f 2044 746 909
f 1125 1932 625
f 212 332 689
f 311 2052 983
f 1316 1920 941
f 1051 256 930
f 1370 1810 1798
f 273 262 463
f 329 1289 625
f 577 1057 1573
f 259 2132 1175
f 1595 1555 1952
f 444 1417 717
f 2091 63 62
f 678 571 456
f 910 1903 1392
f 135 1903 630
f 102 101 1008
f 349 2142 787
f 1486 137 136
f 2149 887 1015
f 1957 1500 1884
f 298 2159 1474
f 524 2051 328
f 2053 1968 1152
f 556 320 876
f 2081 1553 759
f 726 2062 1068
f 1870 603 1504
f 1019 51 50
f 1493 758 390
f 2154 958 1328
f 883 850 856
f 1893 977 1770
f 745 1702 292
f 721 1677 470
f 956 404 263
f 1729 1579 1780
f 940 775 333
f 2027 1762 1202
f 773 260 741
f 133 1392 134
f 1430 540 788
f 1981 434 443
f 302 671 1307
f 669 270 1355
f 2015 1305 144
f 1632 2146 1463
f 1437 1944 871
f 542 1346 1422
f 1738 286 1597
f 1317 1176 1092
f 2002 1025 1287
f 875 253 811
f 1766 512 494
f 2063 349 957
f 1922 1174 1353
f 2154 459 1781
f 1621 502 1460
f 1035 436 733
f 974 2162 1477
f 1839 659 1133
f 1398 1799 1739
f 1399 597 1887
f 592 1718 1410
f 60 264 61
f 1058 1649 190
f 2061 1777 800
f 928 2031 1998
f 1490 1963 1159
f 1643 1613 618
f 1866 687 238
f 870 284 360
f 2164 1623 1977
f 1032 1298 345
f 762 853 1691
f 918 737 734
f 1350 1309 257
f 1346 542 537
f 2168 343 1763
f 626 197 673
f 244 1818 572
f 1736 1105 666
f 211 835 179
f 506 1003 1343
f 1795 1801 842
f 603 820 1504
f 178 1166 1249
f 474 1868 1764
f 1972 21 1153
f 330 1132 940
f 358 972 555
f 1215 32 291
f 1112 596 667
f 2164 794 793
f 860 1134 999
f 887 2149 780
f 2085 650 1948
f 513 2170 1911
f 1129 1844 1496
f 1567 1538 113
f 1383 2118 1507
f 1200 1241 1808
f 666 1105 481
f 1089 391 1732
f 978 1566 1117
f 613 1362 203
f 880 294 1927
f 606 1092 2011
f 1962 314 1864
f 2152 1130 300
f 53 920 54
f 296 2027 1202
f 1695 1484 1661
f 1806 800 981
f 2167 406 1478
f 1776 983 1263
f 1740 56 55
f 216 1668 982
f 492 516 2113
f 1726 475 1021
f 367 1308 354
f 2030 347 1292
f 870 360 528
f 1181 360 284
f 1573 1541 902
f 152 766 153
f 2020 1037 2000
f 733 1857 1743
f 1705 1266 1270
f 249 1624 1395
f 568 1562 1744
f 793 604 2164
f 2107 273 2067
f 59 1629 60
f 1776 311 983
f 1619 174 1546
f 417 2124 476
f 299 496 276
f 1065 191 846
f 396 2123 791
f 1632 1451 1148
f 1206 535 1098
f 1829 1701 632
f 1513 646 413
f 1854 1541 156
f 653 1434 1400
f 477 1341 261
f 653 1400 417
f 889 859 867
f 362 2123 925
f 952 1601 1262
f 1842 1910 512
f 1134 1965 924
f 1671 2153 1873
f 1858 368 1194
f 235 455 945
f 1847 1666 1761
f 963 1329 1517
f 1468 1300 381
f 1119 188 181
f 300 306 2152
f 1745 275 902
f 381 1009 1860
f 1432 110 109
f 1016 1379 943
f 258 1416 1326
f 1610 604 793
f 405 1996 1879
f 2064 376 1835
f 1029 976 2056
f 179 1874 823
f 864 442 779
f 224 956 263
f 1810 1409 1798
f 325 2131 1531
f 1838 495 942
f 1848 694 488
f 110 1432 1452
f 244 572 1064
f 481 1418 1248
f 538 2068 1036
f 28 27 2096
f 1700 778 326
f 459 1970 1781
f 1837 423 1615
f 1124 1887 1572
f 2006 1510 1792
f 313 1657 1473
f 341 1664 622
f 2144 522 995
f 1469 1180 1372
f 1372 1734 1469
f 937 731 624
f 1611 1365 1598
f 1306 429 966
f 731 592 624
f 2086 17 2072
f 1480 1141 529
f 591 210 903
f 382 103 1123
f 1862 1536 222
f 909 402 240
f 951 236 404
f 143 142 774
f 2088 1834 1501
f 136 630 1486
f 2022 398 2116
f 966 1931 1306
f 1008 1820 1578
f 432 1062 557
f 758 184 783
f 54 920 1187
f 1923 1716 649
f 875 811 675
f 2 1301 198
f 406 2004 1478
f 860 1985 334
f 289 1841 1757
f 629 364 719
f 1341 1097 261
f 2033 1929 369
f 340 1515 1180
f 1058 1320 1590
f 1688 1196 1389
f 1891 858 150
f 2117 346 854
f 1586 5 370
f 1536 1533 370
f 719 1588 1509
f 1341 303 911
f 2124 417 756
f 2046 1799 1073
f 1738 1128 1276
f 884 863 2098
f 2070 890 2000
f 609 952 1748
f 1597 1015 1334
f 1948 1168 780
f 1172 723 1107
f 2055 723 1172
f 695 615 1892
f 2014 1722 725
f 644 1630 1069
f 1715 677 272
f 484 618 1997
f 450 1489 243
f 1561 2036 1831
f 1476 971 1446
f 1205 293 1549
f 1466 2016 1692
f 1678 334 1470
f 1335 215 1233
f 659 2122 1133
f 312 2046 1841
f 57 1537 672
f 1804 1179 1033
f 922 559 131
f 1397 739 270
f 2080 1278 668
f 429 888 426
f 1736 725 201
f 1804 599 1179
f 1610 1939 604
f 1401 1152 1159
f 1053 1852 1381
f 1935 777 1944
f 1225 217 561
f 1916 721 1532
f 799 2026 1563
f 1866 646 1491
f 410 796 1920
f 12 394 13
f 1837 1615 242
f 1627 1571 242
f 809 256 1616
f 268 1574 1210
f 1116 2141 1652
f 1202 1762 789
f 1819 199 1197
f 1600 783 184
f 529 1424 803
f 1475 1347 442
f 2030 418 347
f 1580 1113 1441
f 195 1772 1821
f 762 1691 967
f 436 1925 1622
f 1190 2009 1633
f 1562 1377 1940
f 233 482 1267
f 2129 690 376
f 1170 450 904
f 1392 1681 910
f 290 1414 2110
f 833 454 548
f 226 1706 614
f 1611 1192 871
f 242 1792 1627
f 1060 1266 1485
f 2114 1070 2009
f 2075 733 1743
f 1941 1242 709
f 42 1331 43
f 1154 439 2162
f 2125 20 19
f 1263 983 775
f 1878 539 1322
f 1232 935 1192
f 1248 689 709
f 1550 329 1797
f 2101 792 639
f 1353 1656 610
f 750 281 1417
f 2061 1369 1076
f 392 2100 677
f 1636 644 627
f 1404 464 192
f 861 931 1933
f 1480 529 500
f 796 356 1577
f 350 679 462
f 1539 437 991
f 405 412 1996
f 2082 1423 1359
f 1677 721 1565
f 547 1697 781
f 1401 2079 1152
f 828 457 567
f 1390 376 690
f 1458 1643 484
f 301 1519 207
f 1060 1485 1599
f 1672 306 1559
f 699 275 1026
f 1206 971 1476
f 1206 214 535
f 1391 2148 1612
f 1159 1152 1968
f 688 1150 1313
f 334 228 771
f 1657 697 486
f 894 1701 1273
f 1653 803 1351
f 702 711 510
f 1641 1503 657
f 588 1238 826
f 789 1754 1212
f 348 1859 1151
f 1250 491 741
f 490 2086 1614
f 1565 970 2128
f 1369 2061 1129
f 926 1108 277
f 697 1655 943
f 608 829 518
f 1372 663 832
f 1888 1379 1016
f 1023 1561 1831
f 1206 308 971
f 323 729 518
f 323 580 2036
f 829 431 1575
f 1795 1280 1492
f 336 119 118
f 1847 1378 1002
f 357 1557 611
f 921 1424 1141
f 941 1920 337
f 695 1892 378
f 1892 615 1122
f 1094 453 1007
f 1049 996 447
f 705 814 1962
f 1405 1121 511
f 588 1422 1993
f 1661 280 1641
f 1648 123 1299
f 999 887 1985
f 1690 1142 569
f 1925 1035 1323
f 1627 616 879
f 1838 1878 495
f 1712 641 194
f 1963 997 328
f 1281 1207 498
f 1471 659 1470
f 411 1459 1444
f 1626 1041 1405
f 1748 806 1296
f 1169 1125 625
f 337 1577 913
f 1791 511 1121
f 457 1261 1345
f 767 2165 1234
f 1528 2073 1805
f 1805 366 1528
f 832 2148 1995
f 1982 322 1292
f 208 140 769
f 718 603 1870
f 1960 540 1430
f 868 1231 209
f 484 1164 905
f 1732 1812 1743
f 1960 559 922
f 895 1471 780
f 1297 668 1278
f 2041 1707 1373
f 1792 948 1627
f 2131 1783 770
f 1684 397 66
f 1389 1628 1688
f 1467 186 1214
f 1646 1173 1399
f 1947 691 455
f 519 1642 932
f 2019 441 1196
f 927 897 230
f 398 2022 1655
f 1511 686 189
f 806 1125 1708
f 2009 1070 1633
f 2091 1086 751
f 751 264 212
f 1567 113 112
f 382 104 103
f 580 323 518
f 1410 944 990
f 526 2085 224
f 1527 1580 1254
f 2163 2109 969
f 1902 819 319
f 1176 322 1982
f 1354 1741 1360
f 415 1216 296
f 1758 2027 736
f 1757 1073 1113
f 155 427 1464
f 2169 69 987
f 201 1545 1105
f 395 758 1493
f 1618 855 783
f 331 1883 1114
f 1251 416 1576
f 277 452 1016
f 1735 1061 1462
f 1452 111 110
f 1560 1327 1538
f 519 793 794
f 1246 1032 345
f 1779 786 211
f 1962 814 314
f 1058 2169 1320
f 1725 943 1655
f 1674 2045 1457
f 1778 560 1450
f 1772 195 175
f 282 590 844
f 2099 1125 1169
f 2129 609 690
f 1310 1147 830
f 482 233 744
f 789 1762 1754
f 40 39 1413
f 1964 1636 255
f 1964 984 439
f 809 691 1947
f 1011 1734 1372
f 96 95 1945
f 637 426 908
f 614 746 938
f 979 1483 1427
f 1964 1775 837
f 446 358 385
f 875 1937 253
f 1730 302 917
f 284 524 997
f 550 1115 2167
f 1713 1449 1878
f 518 829 647
f 1594 303 551
f 1813 1671 872
f 1174 1109 1507
f 1448 1109 1304
f 980 772 917
f 1070 2114 973
f 987 1543 1320
f 1511 602 1426
f 1318 1561 2155
f 247 1476 960
f 1905 1779 823
f 830 424 421
f 2116 74 2022
f 1685 239 1265
f 862 847 541
f 1123 102 1008
f 1149 394 913
f 371 1165 1664
f 571 678 593
f 1114 499 763
f 410 1480 174
f 1424 1704 1436
f 1824 1456 713
f 1823 1307 1760
f 1970 1363 1781
f 1376 372 1656
f 627 1710 950
f 1865 877 1710
f 1646 487 1446
f 1572 1837 183
f 2165 2079 1234
f 1246 542 826
f 2080 262 1955
f 1039 378 463
f 1086 61 264
f 1786 1568 1252
f 1935 544 777
f 595 210 1191
f 2120 1952 1496
f 1773 422 1849
f 1189 1004 504
f 430 514 641
f 1031 1819 1197
f 1853 472 1534
f 263 404 236
f 1697 1269 1587
f 1680 599 1804
f 1954 185 1548
f 1339 1031 1197
f 2090 1754 708
f 1771 886 932
f 368 1769 1194
f 412 1082 1171
f 1541 157 156
f 238 757 343
f 1746 816 1343
f 2168 1337 413
f 1858 675 1514
f 1395 1811 1127
f 375 1542 399
f 1059 274 1626
f 2059 1427 2132
f 1742 1721 1596
f 569 252 1690
f 1674 1706 1095
f 1962 1864 1364
f 1647 809 1616
f 1308 1186 354
f 2000 401 1046
f 2026 799 1302
f 1321 1035 2075
f 1863 348 1151
f 628 2035 856
f 460 195 1260
f 1225 561 1208
f 1199 108 107
f 1006 1605 1581
f 1527 1254 1509
f 387 1116 1096
f 1069 1630 974
f 699 1026 2112
f 2112 1026 2025
f 878 1823 564
f 1307 1226 1760
f 1525 1512 899
f 1360 1209 657
f 409 245 1933
f 2084 1034 1143
f 1763 671 1337
f 528 896 1520
f 1657 486 1473
f 361 908 426
f 958 269 1850
f 250 582 1969
f 1479 252 569
f 625 1932 329
f 1363 1507 1535
f 608 518 729
f 1988 78 1723
f 615 1971 1829
f 1824 1332 564
f 1445 1912 2129
f 1219 1022 957
f 957 349 787
f 849 1872 640
f 932 2121 1771
f 1583 991 204
f 338 1383 1084
f 842 1521 701
f 1492 1801 1795
f 1833 1034 1217
f 1396 1250 1394
f 1908 1229 296
f 1600 393 783
f 830 1147 1465
f 2104 17 16
f 874 1244 899
f 578 1378 1359
f 620 428 1791
f 2077 161 160
f 1950 1717 1874
f 241 841 654
f 1864 833 1364
f 1088 1664 276
f 1880 331 670
f 1535 1507 1109
f 402 1966 240
f 1782 938 330
f 94 665 1943
f 325 1669 944
f 912 1784 1684
f 1184 709 1252
f 1038 579 818
f 359 642 579
f 1245 1356 1990
f 2018 1063 1629
f 1740 55 1187
f 1584 1324 1711
f 931 1913 1240
f 656 827 260
f 212 795 751
f 1505 249 1395
f 2065 1290 1291
f 1105 795 1418
f 165 164 2010
f 2136 664 1778
f 821 468 1193
f 1198 636 82
f 812 374 549
f 1121 2136 620
f 2016 1466 1111
f 1861 308 1098
f 342 120 2050
f 1369 820 1076
f 599 635 1179
f 1941 1690 252
f 632 1122 615
f 2020 1323 1037
f 772 1282 1144
f 573 1802 206
f 1873 872 1671
f 1895 142 1855
f 1825 1459 411
f 1361 1095 1706
f 117 1048 118
f 1667 842 546
f 1810 934 1409
f 900 844 456
f 546 2102 576
f 1597 286 2149
f 1156 1142 355
f 494 1835 1390
f 873 217 1225
f 1022 2063 957
f 1929 444 717
f 802 353 732
f 1055 246 1249
f 254 1831 619
f 805 918 865
f 1922 227 1090
f 1939 1610 1562
f 793 1386 271
f 281 750 322
f 1481 1011 1137
f 376 2064 534
f 1707 1072 1570
f 727 1156 355
f 255 2100 1775
f 1350 1221 1309
f 2024 1719 1869
f 624 1410 990
f 1566 731 1117
f 1882 2069 327
f 2103 1064 2029
f 824 1650 1020
f 1523 478 1277
f 1679 540 922
f 473 1430 1681
f 751 1086 264
f 1253 575 668
f 1711 974 1584
f 1179 635 1156
f 957 2074 1219
f 595 1639 437
f 381 1300 1009
f 1707 2041 1072
f 1640 1281 498
f 380 2047 749
f 955 878 1145
f 1307 980 917
f 1520 896 1243
f 302 1730 1957
f 1230 743 287
f 1083 1836 493
f 1825 1547 994
f 1780 556 1729
f 860 334 771
f 1849 924 1773
f 397 1722 1543
f 987 67 607
f 2099 1766 1673
f 1829 632 615
f 1901 108 562
f 1199 107 954
f 1318 2036 1561
f 926 1649 919
f 1611 942 1365
f 1783 1566 505
f 1033 2043 1804
f 1875 765 1037
f 1839 290 1678
f 1334 999 1134
f 1912 952 609
f 1125 2099 1673
f 1836 988 1286
f 2124 1822 1640
f 616 525 968
f 183 1837 242
f 2146 1904 2119
f 1566 1783 592
f 1985 887 1471
f 719 650 1588
f 1443 1134 860
f 1334 1134 924
f 1461 1447 1454
f 1254 1580 1441
f 2020 1290 1408
f 1096 1987 708
f 1843 788 540
f 1843 669 1355
f 492 2001 516
f 1738 1276 951
f 474 1420 180
f 1014 448 434
f 2028 631 1113
f 1594 312 1587
f 2082 1517 1423
f 584 2128 1312
f 1017 353 802
f 292 215 1805
f 1942 1501 1625
f 840 724 1885
f 1756 764 1442
f 1419 202 721
f 1277 1851 752
f 1564 969 2109
f 2093 2055 1319
f 1449 1502 685
f 1668 216 1258
f 391 1089 1344
f 1341 477 551
f 1900 743 1230
f 1006 1693 1605
f 956 224 2085
f 1472 209 1817
f 1133 2122 1501
f 1959 1031 399
f 1796 1142 399
f 1858 1194 2021
f 2150 2021 467
f 319 491 1396
f 1637 676 1774
f 1995 1210 1574
f 1885 724 1860
f 2111 480 1733
f 1783 1718 592
f 407 2010 1203
f 370 1239 1536
f 483 197 408
f 1926 483 362
f 1638 712 998
f 1095 1665 1674
f 1865 272 877
f 1865 1027 1715
f 975 483 813
f 1540 284 660
f 1930 222 288
f 7 6 1867
f 304 571 1764
f 1728 499 1494
f 1605 1488 1257
f 1358 1135 476
f 989 219 1813
f 658 521 503
f 2109 237 1564
f 1662 914 696
f 1065 857 2039
f 1520 786 682
f 1425 863 631
f 1555 1504 820
f 1675 1403 235
f 478 1851 1277
f 2084 1143 1321
f 1100 1183 2115
f 2101 639 2134
f 552 1554 1374
f 237 510 711
f 1915 500 803
f 305 1018 985
f 1919 1578 1285
f 1056 1879 1010
f 1047 766 858
f 1922 1785 1174
f 1170 1815 450
f 292 1702 215
f 292 862 745
f 230 1000 1735
f 632 1255 1122
f 2126 1608 1989
f 1909 243 1489
f 249 655 1624
f 1003 1884 1343
f 1885 1860 1558
f 1806 981 1367
f 1421 270 669
f 1607 839 587
f 597 1173 308
f 83 82 636
f 73 72 1807
f 1955 1196 2080
f 2044 909 240
f 288 489 1592
f 263 1440 224
f 895 659 1471
f 1080 1211 196
f 289 1719 781
f 686 1511 1790
f 1634 2134 1647
f 613 1999 1362
f 1756 350 432
f 23 901 24
f 1569 819 1902
f 2015 1264 742
f 1891 1047 858
f 1995 1137 832
f 2053 567 753
f 1669 942 871
f 935 1683 597
f 1526 420 1168
f 895 780 1168
f 1899 1139 1275
f 1126 189 1223
f 265 812 743
f 2152 306 1672
f 762 1901 853
f 1621 1233 502
f 861 1933 1224
f 819 1569 26
f 922 130 129
f 135 134 1903
f 1463 2146 821
f 1615 992 2006
f 2039 1325 1717
f 1905 1709 1779
f 124 882 125
f 1397 587 739
f 811 1514 675
f 2021 1428 467
f 2100 1357 1775
f 1120 1069 1019
f 1682 243 1001
f 792 566 1937
f 1842 512 1742
f 1511 189 244
f 781 312 1841
f 1739 852 1398
f 1909 892 2105
f 1144 1923 885
f 827 383 2013
f 931 861 1980
f 1295 2129 376
f 2019 2107 897
f 705 1533 814
f 1662 779 1347
f 1085 874 880
f 1731 175 2135
f 1277 752 969
f 22 21 1429
f 245 409 656
f 1078 741 491
f 1186 985 316
f 1770 419 1539
f 410 174 1619
f 1436 876 532
f 177 1241 1200
f 1375 1233 1621
f 352 1589 267
f 838 1353 610
f 1992 552 728
f 1753 1721 1742
f 2060 1247 422
f 717 369 1929
f 1690 1606 375
f 890 2020 2000
f 905 1954 1177
f 702 1268 711
f 1967 815 667
f 658 117 703
f 2036 580 1831
f 1549 662 1205
f 267 638 2001
f 840 1885 369
f 1457 402 1388
f 222 386 288
f 210 683 1381
f 313 1685 1657
f 1797 329 1932
f 1818 189 1126
f 30 1913 31
f 931 291 1913
f 574 1302 799
f 1835 494 317
f 723 97 96
f 1124 1897 1399
f 1715 1413 385
f 1217 1212 2090
f 1420 571 593
f 1159 1968 1490
f 594 430 278
f 585 1378 578
f 831 798 794
f 568 996 1049
f 1557 996 1267
f 1587 1207 303
f 481 1568 1228
f 212 929 332
f 868 228 1678
f 1499 209 1231
f 85 879 616
f 1984 1191 591
f 1232 423 1683
f 1365 1451 1598
f 1878 1449 1107
f 1148 665 315
f 1375 1335 1233
f 1832 1381 683
f 1947 1556 1409
f 1540 1303 1181
f 1503 508 1185
f 769 140 139
f 1446 971 1646
f 1522 350 1071
f 2039 191 1065
f 1030 735 1877
f 361 634 908
f 2069 1909 1489
f 561 217 2040
f 1801 1492 1956
f 1953 127 126
f 788 1843 1355
f 1302 229 782
f 1116 1987 1096
f 1684 725 397
f 1790 1511 1426
f 771 839 1840
f 1667 2097 1795
f 1081 1401 433
f 1482 378 2089
f 696 563 1662
f 1717 1325 1310
f 1796 1031 648
f 920 1508 1324
f 130 922 131
f 1681 1392 473
f 2104 1631 2072
f 941 337 1263
f 220 1751 1435
f 2045 2012 620
f 1675 2053 2165
f 1490 753 1345
f 1100 2115 35
f 41 1865 1331
f 1330 839 1607
f 1840 2161 1956
f 730 1138 2139
f 622 344 341
f 268 227 1922
f 596 1695 377
f 248 1160 1332
f 1220 713 234
f 2165 767 1675
f 1539 419 1042
f 1635 268 1210
f 1989 1608 678
f 695 378 509
f 450 1815 1259
f 538 451 478
f 1393 510 2163
f 1407 680 471
f 256 1947 930
f 380 2024 761
f 1088 715 622
f 1591 653 1433
f 1178 2024 380
f 172 339 424
f 722 276 496
f 2164 1333 438
f 622 1664 1088
f 414 2136 1121
f 1665 2012 2045
f 1840 839 1330
f 1956 1443 1840
f 1217 2090 285
f 861 1224 1294
f 318 1003 1337
f 1730 885 1500
f 2113 516 523
f 444 1929 1241
f 857 1877 1288
f 442 1614 1475
f 1718 944 1410
f 1042 437 1539
f 137 1486 1625
f 1128 1738 1597
f 1986 1195 1830
f 1578 704 1285
f 972 358 446
f 893 1859 348
f 1270 1161 71
f 1473 964 313
f 1373 1728 2041
f 178 1249 1868
f 784 1411 936
f 2133 1750 1530
f 471 883 2154
f 553 1991 269
f 1228 2003 1126
f 1127 1748 952
f 1512 939 989
f 340 225 1484
f 574 1997 363
f 38 37 933
f 458 1338 1038
f 1317 281 322
f 560 1478 2058
f 2139 300 730
f 1835 376 1390
f 1033 1622 2043
f 810 1529 805
f 340 1180 225
f 99 98 1852
f 181 1830 1195
f 1748 1296 609
f 1323 1035 1143
f 947 554 384
f 1805 847 292
f 114 1538 310
f 221 2097 576
f 2070 1596 1721
f 599 2133 1530
f 1132 1729 379
f 2010 164 959
f 919 1687 1108
f 1060 1599 1725
f 487 1646 1399
f 83 1571 84
f 1279 1978 959
f 2039 857 1325
f 2092 911 1281
f 1094 2048 1724
f 1925 2043 1622
f 1811 1748 1127
f 161 515 162
f 7 1146 8
f 1244 2011 916
f 1916 1532 621
f 1867 1586 1533
f 2132 400 374
f 1078 469 1406
f 2140 867 1871
f 1543 1722 301
f 1789 207 1519
f 1895 1012 1264
f 868 587 228
f 293 1897 1124
f 1897 487 1399
f 821 2146 468
f 2017 698 851
f 1179 1163 1033
f 912 1545 201
f 75 1110 76
f 1543 301 1320
f 1216 1908 296
f 2026 765 1563
f 359 1880 1227
f 1601 1912 1981
f 960 186 1467
f 2169 1058 190
f 1500 1295 1050
f 1245 572 1786
f 1515 663 1180
f 965 1846 224
f 2117 1745 346
f 1010 1879 681
f 1804 1190 1680
f 1046 2070 2000
f 1699 49 986
f 53 52 1508
f 578 2047 380
f 1434 1047 1400
f 1291 1290 890
f 2078 207 1644
f 2148 584 1995
f 1802 934 206
f 1298 1032 891
f 194 1670 1234
f 1305 2015 1336
f 1693 1006 1898
f 1558 2033 1885
f 717 2113 369
f 424 651 421
f 1793 307 2108
f 1708 1125 1673
f 458 2035 628
f 431 829 608
f 1888 1326 1928
f 737 1468 2095
f 541 847 2066
f 122 1299 123
f 2097 2060 1795
f 478 485 1851
f 534 1746 1050
f 1860 1009 1558
f 1929 1808 1241
f 897 2107 2067
f 754 581 416
f 1340 1004 1311
f 1664 1165 299
f 1787 974 1711
f 1169 1689 2099
f 1457 2058 402
f 1146 1751 8
f 161 1104 515
f 1900 1175 265
f 1447 1398 1336
f 1189 1329 1311
f 2048 357 1724
f 1641 2071 585
f 1729 330 1579
f 1459 1825 994
f 1103 1814 1117
f 1999 382 351
f 2127 1906 1827
f 1421 1979 270
f 425 611 1826
f 2165 2053 1152
f 2130 833 1864
f 940 1638 775
f 1730 917 1144
f 1387 328 1976
f 923 1436 532
f 1800 817 730
f 1566 204 505
f 1943 665 1322
f 752 1518 969
f 975 813 583
f 994 1547 2034
f 1434 766 1047
f 339 654 651
f 222 511 1791
f 545 2077 522
f 854 411 1444
f 2060 1280 1795
f 740 1045 576
f 1979 1607 1397
f 381 1860 1375
f 1368 366 1335
f 546 701 2102
f 613 105 104
f 1691 853 845
f 925 2123 396
f 1513 413 1093
f 1408 1352 2043
f 205 1750 1070
f 557 445 432
f 1140 848 1272
f 1735 1416 230
f 2067 273 1122
f 1871 1393 768
f 830 1465 172
f 792 1937 639
f 327 2069 1259
f 708 1987 1859
f 555 736 1229
f 1422 588 542
f 1246 345 537
f 193 1650 309
f 1371 563 1404
f 1921 1676 1654
f 1756 507 764
f 1878 1107 539
f 1707 565 961
f 1636 1964 439
f 399 1542 1959
f 1972 543 1429
f 442 1347 779
f 163 162 1279
f 1091 1405 1041
f 2169 190 2005
f 323 2036 1182
f 1311 1329 257
f 870 682 589
f 262 273 2107
f 2089 249 1349
f 646 791 1491
f 1204 896 536
f 1002 1993 1544
f 657 1503 1360
f 2083 1834 1856
f 2015 742 1447
f 1934 1689 1291
f 1857 436 251
f 533 863 1869
f 1625 138 137
f 1147 1917 1385
f 451 1958 1917
f 11 10 279
f 2045 1674 1665
f 1956 1150 1801
f 1898 1366 1855
f 1701 894 632
f 1352 2065 1190
f 1357 392 1216
f 1028 836 1040
f 1853 1324 1584
f 1629 264 60
f 476 1415 1358
f 1400 756 417
f 1984 770 505
f 98 97 2093
f 853 1901 562
f 203 105 613
f 367 2135 1850
f 350 1756 1442
f 1078 1774 741
f 34 1788 1100
f 658 335 1048
f 1272 848 661
f 1967 1236 939
f 1809 1544 1651
f 2069 1489 1259
f 1833 1563 1875
f 1987 1294 1859
f 1622 251 436
f 536 234 1204
f 1716 253 1014
f 1953 1421 669
f 1342 633 701
f 632 894 1255
f 1289 973 625
f 490 1614 442
f 1480 410 1316
f 1613 1013 785
f 892 448 1014
f 1070 973 205
f 1787 51 1019
f 1951 1131 180
f 943 1379 697
f 1800 730 1130
f 1497 1706 226
f 866 1029 834
f 232 1871 867
f 1679 128 1886
f 209 739 587
f 990 944 777
f 79 78 1988
f 545 400 1483
f 550 2167 1778
f 269 1765 553
f 1017 1924 1367
f 2009 2065 2114
f 1644 207 1789
f 1758 736 1524
f 736 972 1524
f 619 1692 1473
f 926 277 1485
f 963 2082 1977
f 1879 346 1745
f 2095 1460 737
f 195 1407 175
f 851 87 2017
f 1615 423 992
f 1112 667 621
f 1276 1870 951
f 1769 691 1194
f 2047 1423 749
f 1293 1012 1006
f 1890 2122 659
f 1824 564 1760
f 408 197 626
f 1341 911 1097
f 988 2042 2008
f 2086 2072 1614
f 907 2104 1961
f 283 443 728
f 1489 450 1259
f 1134 1443 1965
f 1287 335 266
f 1292 322 750
f 621 1532 1112
f 1766 1742 512
f 1445 1295 885
f 1132 712 940
f 1749 166 407
f 1737 210 1381
f 1639 505 204
f 1427 700 1054
f 605 1218 1066
f 205 973 1289
f 1550 2023 602
f 1973 797 2101
f 368 1858 1145
f 1781 1363 1720
f 1574 268 838
f 222 1930 511
f 1279 515 1054
f 2054 1094 1007
f 1638 1727 941
f 1083 2138 988
f 681 902 1854
f 1030 1877 1065
f 817 1138 730
f 2163 510 2109
f 2076 22 1429
f 1812 1775 1357
f 28 2096 2013
f 351 1516 1999
f 2074 1946 1219
f 273 1892 1122
f 1466 2143 1659
f 182 653 417
f 1666 1544 1809
f 1694 676 1637
f 782 401 765
f 2166 1463 231
f 2017 87 86
f 187 928 598
f 1880 670 1227
f 1720 269 958
f 1129 1496 1369
f 1133 1501 1414
f 2153 1354 843
f 1343 1884 1050
f 2021 691 1428
f 908 634 747
f 1838 325 1713
f 2025 374 400
f 386 1536 1239
f 989 1813 294
f 761 2024 1869
f 2154 1328 471
f 2134 1634 176
f 2155 1928 1416
f 1688 1644 1278
f 1574 2147 1137
f 1880 1102 331
f 507 737 1043
f 105 1986 106
f 1051 1752 642
f 2158 1883 628
f 785 1343 816
f 1390 690 1296
f 2014 1736 716
f 1545 795 1105
f 2050 120 1660
f 1856 1488 760
f 1789 1519 1698
f 1668 1339 982
f 517 23 2076
f 530 1177 925
f 1484 1620 1661
f 2053 1675 945
f 1298 570 345
f 2079 1712 1234
f 495 1878 1322
f 1931 1575 431
f 2058 1966 402
f 1405 414 1121
f 892 1014 1845
f 1046 782 1596
f 2014 716 1519
f 1485 190 926
f 1080 1975 498
f 1488 1834 2088
f 2180 4284 3376
f 2171 2172 3129
f 2173 3639 2172
f 2337 2713 2459
f 3842 3841 2967
f 3542 3380 2364
f 2673 3063 2364
f 3063 2482 3605
f 2928 3461 3939
f 4307 2364 4061
f 4125 2850 2710
f 3870 2541 3263
f 3006 2929 2761
f 2576 3149 3918
f 4330 2185 4167
f 3197 3048 3506
f 4223 3541 3601
f 2995 3195 3784
f 2576 4128 3149
f 3860 4179 4126
f 3642 2483 3120
f 2992 3291 3292
f 3020 2445 2852
f 3647 3245 2413
f 2911 3173 2197
f 2888 2869 2638
f 2811 3533 3894
f 3668 3099 3657
f 3495 4040 3626
f 4329 3658 3554
f 3633 3151 3052
f 3018 2935 3450
f 3291 3405 3292
f 3794 3749 3332
f 3373 2209 4215
f 4265 3409 3958
f 3865 2371 2755
f 2405 2935 4008
f 2540 3450 2771
f 4008 3435 2556
f 2938 4248 3912
f 2405 4008 3691
f 2216 2217 3632
f 3467 3560 3785
f 3776 3271 3756
f 3404 3756 2215
f 3776 2771 2810
f 3751 3523 3058
f 4065 3409 2818
f 4053 3865 3801
f 2342 3190 3868
f 2957 2705 3478
f 4244 4038 4335
f 4316 3265 2984
f 3175 4205 2370
f 3407 4205 2466
f 4316 2627 3265
f 2858 3407 2513
f 2535 3139 2860
f 2908 3248 2455
f 2769 2511 4259
f 3420 3057 3371
f 2590 4180 3381
f 3097 2522 2623
f 3519 4267 3683
f 4035 4194 4104
f 3966 4321 2780
f 4116 3350 3733
f 2725 3439 3910
f 2237 2238 3730
f 3254 3325 3758
f 2463 2390 2680
f 2621 3673 2410
f 2240 2241 3451
f 3814 4327 2959
f 3795 2245 3925
f 3060 4091 2759
f 2245 3795 3863
f 3759 3792 3200
f 2711 2474 4264
f 2251 2252 2411
f 4218 3168 2582
f 2778 2420 3423
f 2789 4264 3759
f 3687 3561 3049
f 3641 2684 3998
f 3687 3240 2474
f 3160 2263 2264
f 3866 3485 2854
f 3423 2251 3238
f 4296 2386 3822
f 2250 2251 3423
f 2361 2582 3629
f 4032 3068 3810
f 2988 2274 2573
f 3575 2256 2257
f 3679 2261 2262
f 2684 2608 2611
f 2847 3810 3068
f 2608 4302 2728
f 2671 4063 3288
f 2272 3689 2271
f 2538 3535 3562
f 4165 3700 4101
f 2902 2592 3973
f 3288 3237 3789
f 2592 3249 3973
f 2923 3105 2489
f 2875 2610 2634
f 4004 3836 3261
f 2964 2464 2926
f 2715 3821 3744
f 2926 2464 3367
f 2773 3892 3384
f 3853 3938 2853
f 2795 3039 4210
f 2926 3367 2356
f 3367 2976 2779
f 4165 3249 3700
f 2703 3502 2853
f 2889 3857 4336
f 3039 2795 2853
f 3630 4093 3156
f 4093 3094 3156
f 3061 3215 3410
f 3025 2635 3748
f 3061 4251 4206
f 3391 2760 2499
f 2559 3857 2635
f 4020 3783 2417
f 2770 3857 2295
f 3538 4144 3025
f 2916 3046 4096
f 3035 2533 4164
f 2874 3557 2417
f 3557 2453 2417
f 3264 2633 2931
f 3763 4246 3370
f 4202 2676 3211
f 2308 2309 3772
f 3820 4311 2317
f 2645 2358 2514
f 2644 3623 3721
f 3508 4178 2722
f 4161 2315 4138
f 2391 3316 3724
f 2932 3594 2571
f 3269 3335 2319
f 3352 4182 4046
f 4097 2571 3840
f 3840 3681 3487
f 2799 3385 2548
f 3366 3050 3901
f 3243 2323 3458
f 3119 4277 4195
f 3159 2446 3767
f 4057 4191 2524
f 4019 2531 3596
f 2412 2944 3746
f 4046 2174 2175
f 3811 3114 2503
f 4025 2352 3755
f 3376 4223 3601
f 4046 2569 3005
f 4334 4307 4061
f 2710 2524 2375
f 2713 2554 2459
f 3352 2454 3034
f 3213 3336 3439
f 2187 3604 2186
f 2224 3817 2223
f 4335 2540 4244
f 4223 4196 3541
f 2447 3005 2823
f 4171 2771 3776
f 3587 2372 4085
f 2412 3368 3449
f 2348 2735 2483
f 3315 2232 2233
f 3248 2908 3683
f 2505 2550 2644
f 3277 2458 4173
f 3604 3149 4167
f 4116 4222 3350
f 3216 2235 2349
f 3885 3877 3097
f 4155 2521 3609
f 3616 3223 3179
f 3245 3390 3405
f 2628 4123 4222
f 2446 3159 4056
f 3132 2983 3044
f 4294 3612 2899
f 3029 4224 3669
f 3300 2433 4183
f 2686 3322 3964
f 2733 2649 4329
f 3923 3318 4277
f 2379 2460 2934
f 2916 3453 3046
f 3277 3951 2917
f 2779 4210 3873
f 4114 2981 2358
f 4148 3463 2920
f 4266 2744 4281
f 3835 3534 3694
f 2508 3323 2802
f 2721 3642 2846
f 2438 3513 2398
f 3168 3476 4129
f 2970 4153 3279
f 3943 3392 2912
f 3558 3463 3432
f 3181 4170 3411
f 4182 3898 2863
f 3573 3612 4294
f 2422 4254 2757
f 2462 3400 3540
f 3869 3802 2957
f 4194 3336 4104
f 3863 3795 3849
f 4023 4095 2816
f 3341 3808 3597
f 3895 3272 3672
f 4203 3455 2487
f 4028 3295 3961
f 3345 3126 4110
f 2627 4119 4017
f 3174 3147 2808
f 4332 4181 4176
f 3140 3189 3456
f 3958 3409 4065
f 2192 4126 2191
f 2196 3173 2664
f 4177 2897 2502
f 3422 2336 2459
f 2591 3956 3304
f 2729 2946 3811
f 3356 2936 4195
f 4125 2375 4279
f 2830 4052 3042
f 3082 3462 3310
f 3376 4284 2343
f 3919 2720 2482
f 3177 2562 4241
f 3262 2819 2974
f 2907 3151 2508
f 2429 3560 2843
f 2788 2468 3888
f 2813 2730 3302
f 3210 3174 2924
f 3075 4145 3014
f 3639 3129 2172
f 2710 4057 2524
f 3877 3869 3850
f 2513 3407 2466
f 2523 3505 3229
f 4201 3568 2401
f 3302 4091 3060
f 3004 4007 3565
f 2252 2253 2789
f 2258 2259 2563
f 2752 4242 3705
f 3548 3454 4278
f 3458 2323 2324
f 3104 4260 2389
f 4296 2532 2367
f 2606 2241 2242
f 2921 3996 3883
f 2534 2692 4174
f 2860 3862 4298
f 4276 3858 4245
f 2436 3926 3828
f 3465 3246 2595
f 3625 4188 2578
f 3843 4067 2392
f 3910 3076 3089
f 2664 3173 3347
f 3900 3725 3602
f 2397 3868 2221
f 2627 4017 3265
f 2342 4171 3190
f 4100 2398 2922
f 4221 3510 3906
f 3855 4216 2828
f 2810 2771 3450
f 3535 3520 2857
f 2857 4224 3535
f 3809 4270 3515
f 2772 2433 3936
f 2368 2973 2500
f 4102 3616 3806
f 2642 2891 3643
f 2378 2482 3063
f 2709 4160 3083
f 3998 2611 2478
f 2208 2209 3373
f 2540 3018 3450
f 4218 3971 2940
f 2979 3679 2492
f 4302 2724 2728
f 3240 2596 2387
f 3431 4131 2545
f 2406 2727 2724
f 3721 2651 2644
f 2300 2301 2624
f 2680 2617 4082
f 2367 4238 3316
f 3975 3395 2512
f 2498 2404 2467
f 3635 2325 2326
f 4320 2531 4019
f 2846 3642 3120
f 2733 2846 2649
f 3404 2216 3632
f 2211 3324 2210
f 3856 3574 3274
f 2392 3117 3680
f 2862 3113 3109
f 2715 4326 3821
f 2294 2295 3857
f 3061 2889 3215
f 2719 3221 4060
f 2496 4168 3350
f 4117 2899 3119
f 2491 4064 3027
f 3906 3981 3866
f 2813 3758 3325
f 2879 3383 2652
f 2213 3271 3691
f 4200 3896 3539
f 2350 3267 2549
f 2786 4016 3938
f 3538 2297 2298
f 3455 3393 2487
f 2424 2402 3412
f 2633 3264 3954
f 3027 4064 3991
f 3482 2901 3141
f 3066 2655 3416
f 4001 2501 3373
f 4244 4171 2342
f 4187 4148 2920
f 3339 2689 3019
f 3110 2427 4001
f 3467 3878 3560
f 3442 3158 3791
f 3868 2220 2221
f 2744 3105 2475
f 3619 3032 2388
f 2660 3286 3886
f 3625 2804 4188
f 2891 3064 3927
f 2754 4050 4153
f 3213 3439 2725
f 3670 2515 2969
f 3143 3054 4069
f 2898 2781 3525
f 4068 3944 4023
f 3892 4059 2756
f 3596 2376 4292
f 3163 2662 2882
f 3575 2563 2438
f 3998 2478 2265
f 3698 3706 2849
f 3004 3673 3960
f 3808 3341 3551
f 2274 2988 2273
f 3418 2571 2943
f 3824 3136 4305
f 2432 2549 3267
f 3652 2472 2754
f 4153 4050 2906
f 3668 3657 3306
f 2934 2698 3359
f 2832 2525 3546
f 4065 2941 2380
f 3776 3282 4171
f 3964 2352 2686
f 3703 2861 2868
f 3547 3799 3605
f 4239 3259 3461
f 3554 3014 2792
f 3158 3235 3390
f 3389 3970 2500
f 3466 3498 3501
f 3415 4234 2418
f 2954 2666 3714
f 3941 3882 3929
f 2989 2490 2834
f 2747 3684 3095
f 3536 4241 2562
f 3056 3375 4337
f 2458 2917 4178
f 2713 4147 4280
f 3129 2340 2171
f 2692 3697 4174
f 3740 3877 3782
f 4142 2183 2184
f 4037 3312 2576
f 4217 4099 4247
f 2457 3152 4175
f 3093 4285 2726
f 3054 3143 2898
f 3129 3639 2803
f 3118 4300 2352
f 3499 3084 4121
f 4059 3929 3882
f 3614 2782 2723
f 3563 3176 4070
f 3348 3572 3825
f 2490 3680 2834
f 2836 3229 4060
f 3490 3909 4091
f 3266 3920 3421
f 2440 4273 3588
f 2824 2416 3164
f 2368 2544 3944
f 3817 3779 2223
f 4119 3725 3992
f 2434 4317 2570
f 3723 3689 2273
f 4007 3276 4185
f 3296 2822 3444
f 3014 4145 3446
f 2801 3329 4179
f 3934 3595 4289
f 4318 4239 3655
f 2473 4214 3290
f 3385 2369 4076
f 3218 3287 2775
f 2472 3652 4247
f 2369 2422 2757
f 3124 2451 4088
f 3395 3975 3629
f 4264 4042 2711
f 2980 2671 3313
f 3247 3930 2900
f 4000 3289 2370
f 2866 3134 4274
f 2842 2351 3191
f 2599 2510 3777
f 2870 3288 3208
f 2586 3160 3204
f 2426 3115 3425
f 3440 4234 3667
f 2389 4287 3922
f 3188 3343 3098
f 2543 3953 2965
f 3856 2475 3105
f 2181 3595 3934
f 3489 4334 2850
f 4338 3985 3434
f 3860 4126 2192
f 2546 3059 3222
f 3620 3355 3341
f 2723 2485 2555
f 2822 3850 3869
f 2205 4265 3958
f 4205 3760 4316
f 3917 3470 3124
f 3236 2449 3475
f 4015 4212 3534
f 3130 4326 3088
f 4306 3637 3713
f 3588 4304 2440
f 3652 2442 3500
f 3593 3469 3164
f 4220 3598 2306
f 3552 3590 3618
f 3684 2525 2832
f 3708 3511 2975
f 2909 2900 3930
f 2889 4336 3215
f 3490 2730 2410
f 3213 3371 3336
f 2667 2308 3772
f 3314 3286 2495
f 3150 2547 2580
f 3545 3600 3743
f 2758 3541 3044
f 3226 4167 3149
f 2669 3822 3897
f 3068 3085 2847
f 2533 3798 2966
f 3116 4073 2914
f 4023 2589 2347
f 2806 3809 4208
f 3659 2207 2208
f 3052 3332 3749
f 3352 3034 4182
f 3746 3188 3368
f 3449 3735 2412
f 2823 2569 2758
f 3957 3764 3224
f 2985 4235 3041
f 2428 3509 4170
f 3281 3022 3220
f 2881 3161 2688
f 2283 2284 3727
f 3427 2516 3397
f 3821 4113 3083
f 3855 3069 2399
f 3020 3982 2445
f 2509 2716 3166
f 2385 3698 2355
f 4048 2489 2365
f 4151 2762 3017
f 4276 4045 3858
f 3413 4274 3134
f 4271 3827 2975
f 2798 4327 3611
f 3844 2769 2866
f 4259 2511 2430
f 2577 3092 3155
f 2737 3203 4024
f 2228 3126 3345
f 2680 2597 2617
f 4127 2616 2980
f 2816 2678 4023
f 2593 3811 2503
f 2598 2345 2700
f 3507 3529 2487
f 3718 4071 2350
f 4118 2509 3994
f 2382 3379 3852
f 2947 2655 3846
f 3535 4224 3029
f 4213 4311 3820
f 3098 4049 4030
f 2476 3289 4002
f 2237 3076 3937
f 3028 3493 2479
f 4122 3017 3445
f 3322 4177 2502
f 4190 3939 3259
f 3720 3085 3184
f 3720 2525 2883
f 3990 3336 3371
f 2725 3910 3089
f 2888 2638 2654
f 4085 3722 2647
f 4317 3242 3831
f 2439 3526 3320
f 3512 2485 2723
f 4130 2677 2866
f 3670 3752 4062
f 3505 2523 4079
f 3815 3767 3656
f 2376 2607 4172
f 3440 2904 4269
f 2596 2406 2387
f 3283 2292 2293
f 3798 4144 2298
f 4218 2582 3971
f 3202 2708 3007
f 4340 3980 3662
f 2905 3258 4191
f 2645 3965 3247
f 2613 4299 3976
f 3620 3873 4210
f 2661 2538 3562
f 3535 2538 3337
f 3109 3574 3105
f 3202 2687 4185
f 2945 2855 3883
f 3435 4008 2935
f 2732 2501 3518
f 3595 2182 3072
f 3195 3918 3784
f 3555 2550 4305
f 3391 2499 3046
f 3739 3582 3386
f 2682 3326 2632
f 3631 3520 3337
f 2848 2678 3580
f 2407 3328 2748
f 2949 2837 4272
f 3480 2357 3082
f 4134 3209 3509
f 3648 2945 2987
f 2908 2455 3002
f 2637 3343 4172
f 3539 4058 4140
f 2903 4254 2422
f 2548 2738 2799
f 2783 3050 3366
f 4178 3508 3628
f 3263 3927 3064
f 3949 3319 2518
f 2792 2733 3554
f 4288 3293 3980
f 3935 4312 3083
f 4032 3891 3363
f 3278 3114 3079
f 3129 2803 2340
f 2866 4274 3556
f 3069 4232 2557
f 3112 2213 3691
f 2843 3674 2567
f 2445 3982 2808
f 3157 3850 2822
f 2681 3996 3185
f 2650 4198 2602
f 3310 4308 4206
f 3942 3310 3255
f 3157 2229 2230
f 3327 2994 2858
f 3625 3653 3268
f 2806 3962 3809
f 3496 3699 2836
f 2870 3237 3288
f 3687 2711 2922
f 3975 2361 3629
f 3191 4080 3997
f 3469 2824 3164
f 4182 2566 3898
f 3634 3568 2717
f 3259 3993 2953
f 2339 2340 2803
f 3174 2755 3147
f 3659 2581 2207
f 3010 3572 3973
f 4014 3991 4136
f 4279 4152 2579
f 2447 3132 3426
f 4245 4258 4276
f 2534 4174 3007
f 2880 3269 2319
f 2998 3901 3721
f 2765 2517 3212
f 2653 3137 3830
f 2268 2269 4107
f 3739 4269 3536
f 2879 2652 4181
f 2574 3950 3052
f 3437 4257 2564
f 3803 3447 2558
f 2591 3258 3956
f 3305 4330 3226
f 2981 3100 2358
f 2951 4028 3961
f 2561 3886 2963
f 3218 2718 2672
f 2946 4152 3114
f 3351 4147 2338
f 2612 2960 3253
f 3357 3581 3844
f 2896 2879 4332
f 2205 2206 4265
f 2563 2257 2258
f 3792 4139 3395
f 3008 3936 2433
f 2565 3278 2374
f 2603 3972 2693
f 3980 3212 3488
f 2543 2933 3953
f 3009 2481 2444
f 3095 2832 3641
f 2404 4302 2608
f 3741 3208 4063
f 2671 2980 4063
f 3767 3815 3823
f 2339 2803 3351
f 3828 3021 2820
f 3125 3833 2890
f 3338 3189 3158
f 3413 2590 3381
f 3159 2531 2329
f 3987 4140 2518
f 2981 3217 3355
f 3808 3249 3597
f 4196 4223 2683
f 2961 4019 4292
f 3771 3108 2594
f 3459 3317 4154
f 3491 4298 3212
f 2699 3487 3681
f 2262 2586 3679
f 2711 4042 2639
f 2238 3401 3730
f 3608 2764 2876
f 2693 3334 2583
f 4142 4330 3305
f 3777 2510 3472
f 4234 3440 2510
f 3621 3400 2462
f 3389 2937 3995
f 4198 2650 4256
f 4233 3357 3834
f 2821 3666 3979
f 3505 4060 3229
f 2584 3064 4090
f 2838 3434 3205
f 3032 3228 3131
f 3671 3830 3037
f 2393 2875 2484
f 4318 3646 4239
f 3369 3077 3904
f 3834 4258 4245
f 4202 3211 3387
f 2767 3284 3361
f 4004 3261 3068
f 3234 2264 2478
f 2413 3291 4146
f 4261 4036 4132
f 4203 2393 3455
f 3889 2610 3929
f 2883 4106 2847
f 4033 3707 4006
f 2681 4060 3221
f 3097 3040 2522
f 3102 4157 2422
f 3073 2552 3728
f 2970 3974 3593
f 4282 3647 3893
f 2945 3648 2855
f 3180 4066 2602
f 3762 3262 3130
f 4306 3144 2543
f 2528 4149 2725
f 2621 2730 2813
f 2481 3765 2715
f 3665 3146 4135
f 4272 3564 2632
f 4241 3536 4269
f 4335 4017 2486
f 2677 4130 2782
f 2240 3451 4313
f 3975 4221 2361
f 4050 3317 4075
f 4298 3862 2765
f 2234 2235 3216
f 2528 3062 3757
f 3094 4337 3358
f 3039 2853 4016
f 3926 2436 2424
f 2698 3551 3341
f 3521 2279 3874
f 3003 4028 2568
f 2344 3779 2984
f 3782 3001 3315
f 4321 3966 2415
f 4034 4133 3933
f 3788 3526 2439
f 3897 2386 3781
f 3568 3284 2401
f 2886 3096 3361
f 4070 3176 2719
f 3791 3158 3607
f 3328 2407 3861
f 3660 3374 3184
f 2951 2736 4028
f 3630 3624 3227
f 3183 4134 2670
f 3676 3003 2568
f 3453 2559 2635
f 2559 4336 3857
f 2781 4138 4213
f 2898 2435 4161
f 2961 3635 4320
f 3959 3368 3188
f 2614 4175 3152
f 2652 2658 4181
f 3240 3687 2596
f 2789 4042 4264
f 2508 2802 2938
f 4283 2557 3900
f 2679 4307 3132
f 2569 2823 3005
f 3048 3197 3058
f 3934 4162 2181
f 4254 3976 4299
f 2392 3500 3843
f 2660 3428 3286
f 2880 2320 3681
f 4291 3167 3247
f 3045 4016 2997
f 3967 2468 4238
f 3876 3353 2884
f 4253 4248 2567
f 2818 2941 4065
f 2380 2203 2204
f 4112 2654 2658
f 2846 2734 2649
f 2801 3860 4026
f 4045 3320 3526
f 4293 2360 2443
f 2763 4092 3847
f 3281 4159 3022
f 4319 2664 3347
f 4253 3800 3912
f 3121 2752 3682
f 4150 3599 2709
f 2865 2721 2846
f 3852 3075 2373
f 3394 3137 2653
f 3285 3037 3137
f 3164 4067 3843
f 2841 3872 3193
f 3660 3184 3261
f 2668 3707 4221
f 4219 2755 2371
f 3607 3390 3245
f 2911 2869 3173
f 2793 2811 2852
f 3470 2595 3124
f 3638 4203 3012
f 4143 3856 3274
f 2431 4084 2834
f 3041 4154 2742
f 2804 3053 4188
f 4087 4048 2675
f 2895 2951 3022
f 2654 3826 2888
f 3347 4230 2373
f 2744 2538 4281
f 2462 3084 3621
f 2666 3657 3714
f 2910 3714 2601
f 3065 4014 4136
f 2491 4012 3192
f 2845 3804 3969
f 3822 3429 2815
f 3814 3903 3925
f 3673 3738 3960
f 3384 2626 2909
f 3590 2423 3549
f 4021 2655 2947
f 3551 3700 3808
f 3995 4103 3970
f 2672 3665 4135
f 3541 2758 2177
f 3972 2860 3334
f 4004 3111 3086
f 2646 3564 3511
f 3133 2915 3835
f 2365 4055 4048
f 3769 4214 2363
f 2435 3257 4161
f 2560 3157 2230
f 2677 3614 2844
f 3680 3117 2431
f 2775 3466 4103
f 3778 4284 4162
f 3993 3646 2437
f 3813 2894 3038
f 2815 3861 3251
f 4003 3250 4133
f 3831 3002 3859
f 3479 4303 2534
f 2883 3684 4107
f 3812 3504 3548
f 2179 3601 2178
f 2545 4131 3219
f 3513 2260 2261
f 3551 2460 4101
f 3308 2377 2587
f 3079 4152 2375
f 2336 2337 2459
f 3915 3231 3497
f 4006 2668 2854
f 2980 2881 2452
f 3588 4273 3543
f 3127 3418 2943
f 3455 2428 3393
f 2347 4068 4023
f 3473 3355 3217
f 3563 4070 2351
f 3427 3695 3009
f 3788 3528 3526
f 2585 2562 3177
f 4237 4074 4118
f 3361 3364 2886
f 3343 4108 4049
f 3532 2740 3330
f 3761 4132 3592
f 3692 3030 3446
f 3303 3434 2838
f 3862 2603 3171
f 2954 3253 2666
f 4002 4110 2396
f 3100 3045 2358
f 2589 3432 3463
f 2320 2321 3681
f 3104 3487 2521
f 4334 3132 4307
f 2758 2176 2177
f 3739 2817 3582
f 2701 4197 2599
f 3515 4270 3330
f 3131 2829 3145
f 4047 3382 3502
f 4251 3061 3410
f 2573 2704 2753
f 3754 3586 3363
f 2463 3057 3420
f 2384 2227 3345
f 2690 3354 3615
f 3438 4315 2600
f 2178 3541 2177
f 2569 2176 2758
f 3402 3077 3369
f 2657 3374 3660
f 2827 3582 2341
f 4013 3742 4297
f 2686 2352 4318
f 3645 2962 2591
f 3888 2708 2788
f 2474 2711 3687
f 2851 2395 3672
f 3009 2685 4333
f 2588 3755 2333
f 2850 4061 2710
f 3768 3414 3719
f 4118 3299 2716
f 4297 2619 4013
f 3694 3534 4212
f 3728 3527 2517
f 3292 4209 2992
f 3356 4309 2936
f 4090 3751 2761
f 2775 3287 3466
f 3890 2572 3747
f 2496 3350 4123
f 3522 2366 2539
f 2700 2470 2598
f 3918 3195 2576
f 2695 3182 3197
f 4132 4036 2993
f 3945 3557 3598
f 3965 3854 4291
f 2511 4275 4283
f 3756 3404 3365
f 2727 2406 3049
f 4041 3436 3971
f 2910 3581 4233
f 2680 3231 2463
f 4011 4088 3081
f 2449 3236 2738
f 3234 3160 2264
f 3086 3111 4039
f 2498 3431 2545
f 4328 3754 3363
f 2641 2863 3639
f 3811 2946 3114
f 3960 4310 4007
f 3816 2570 4317
f 2575 3447 3997
f 2836 3699 3229
f 4329 3554 2733
f 2209 2210 4215
f 3921 3761 3071
f 2993 4036 3196
f 3329 2801 2835
f 3678 3294 3087
f 4237 2394 4184
f 3293 2886 2535
f 3731 3103 2546
f 4115 3024 2542
f 2902 2926 2592
f 3249 4165 3973
f 2451 2471 2839
f 4301 4211 3019
f 2807 2613 3194
f 3088 2675 3130
f 4018 3207 4277
f 2428 2484 3509
f 3301 3258 4105
f 2565 2374 3344
f 2992 4209 3698
f 2829 3764 4217
f 3745 2870 3208
f 3827 4271 2837
f 4101 2460 3737
f 3631 2402 2424
f 3823 3703 2376
f 4049 3098 3343
f 2662 3819 2746
f 2637 4172 2607
f 3998 2408 3641
f 2271 3321 2270
f 2534 4197 2692
f 3200 2582 2778
f 2952 3895 2797
f 2918 4027 3383
f 3172 3540 3825
f 3710 3308 2587
f 2751 3780 4322
f 3765 2481 3009
f 4198 2359 2602
f 2970 3593 2913
f 3261 3085 3068
f 3313 2826 3908
f 2359 2520 3180
f 2754 2442 3652
f 2574 3383 3950
f 2907 3982 3794
f 3355 3359 2698
f 2973 2368 3944
f 3314 3886 3286
f 2392 2572 3500
f 3072 3931 4289
f 4046 3005 3352
f 4086 3757 2526
f 2241 2606 3451
f 3370 3215 3154
f 3748 2296 2297
f 4177 2800 2986
f 3303 3087 2784
f 3807 2547 3232
f 3996 2450 3577
f 3638 3280 3107
f 3649 3589 4229
f 2776 3885 3097
f 3089 3401 3062
f 4145 3893 3446
f 2767 2353 3819
f 2353 4288 3408
f 3501 3498 2807
f 3956 3471 3304
f 4125 4279 2928
f 3559 2190 3000
f 3985 3205 3434
f 2623 2522 3216
f 2601 3657 3099
f 4020 2533 3035
f 3538 3748 2297
f 2556 2211 2212
f 4335 2486 2414
f 2878 3207 3661
f 3377 3994 2784
f 4024 3122 2976
f 3183 2736 2951
f 3042 3348 3553
f 3011 3374 2657
f 2780 3970 3914
f 4099 2472 4247
f 2227 2384 3327
f 2776 3752 2705
f 2354 3704 2741
f 3457 3344 2374
f 4129 2249 2250
f 3879 3759 3200
f 4206 2292 3283
f 3021 3103 2820
f 3117 4067 2416
f 3653 3625 2578
f 4069 2550 3555
f 3192 4240 4064
f 2223 3779 2222
f 2960 3306 2666
f 3360 2943 3270
f 2633 4092 2763
f 4338 3688 2714
f 2867 2519 3893
f 3287 3498 3466
f 2751 3534 3309
f 2934 3551 2698
f 3056 3154 3375
f 4219 2371 2421
f 3796 3683 3636
f 2687 3915 4249
f 2585 3482 2949
f 3423 2420 2250
f 2668 4006 3707
f 2917 2790 4178
f 3508 4166 3628
f 3519 3242 4267
f 4218 4029 3168
f 3559 4089 2995
f 3186 2469 2971
f 3377 3294 2394
f 3894 3533 2443
f 2809 3036 3888
f 3017 3807 3445
f 4308 2291 2292
f 2356 3367 2779
f 3576 2970 3279
f 3180 2520 3342
f 2547 2762 2439
f 3946 3443 3469
f 4091 2730 3490
f 3814 2247 2381
f 2495 2441 3591
f 3385 4135 2548
f 4058 3949 4140
f 4290 4108 2637
f 3570 4179 3329
f 2835 3120 2483
f 2924 3174 2808
f 2219 3190 3365
f 3422 2459 2554
f 3351 2338 2339
f 4140 3949 2518
f 2552 2714 2968
f 3763 3155 4246
f 2909 2626 2900
f 2432 3962 2804
f 2472 4099 3317
f 4217 4247 3145
f 2578 3194 3653
f 3924 3749 3020
f 2843 3696 2429
f 3115 3424 3493
f 2942 3902 2669
f 3365 3190 3282
f 2828 2812 2414
f 3013 2620 2601
f 3756 2214 2215
f 4215 4001 3373
f 3165 2342 3868
f 2455 2969 3002
f 3302 3060 2243
f 2268 2747 2267
f 2940 2798 4029
f 3055 2798 3770
f 4100 3575 2398
f 3285 3137 2362
f 3833 3125 3675
f 3088 4326 2715
f 3433 3047 3935
f 3633 3323 3151
f 3338 3158 3442
f 3733 3350 3711
f 3606 3600 4257
f 2544 4199 3944
f 3354 2690 2982
f 2643 3500 2572
f 3512 4259 2430
f 3165 3265 4038
f 4000 2384 4110
f 2176 2569 2175
f 2174 4046 2641
f 4102 3806 3437
f 2978 2824 3342
f 2943 3922 3270
f 2419 2694 2441
f 2573 2753 2988
f 3584 2949 2632
f 3780 3016 3424
f 3425 3599 2426
f 4248 2843 2567
f 2787 4053 3178
f 2829 3131 3224
f 2849 3706 3298
f 2988 2753 3723
f 3502 3382 2853
f 2609 3182 3196
f 2584 4090 2761
f 3866 3969 3544
f 3085 2883 2847
f 4145 4282 3893
f 3031 2631 3101
f 2572 2490 3747
f 2744 3337 2538
f 2768 2695 3329
f 3918 3149 3604
f 2539 3078 3904
f 4310 3276 4007
f 2955 3836 3086
f 3742 3880 4297
f 2948 3645 4331
f 2929 3006 4261
f 3833 3675 3102
f 2694 4211 3805
f 2952 3233 3531
f 3796 3636 3556
f 3379 4145 3075
f 2906 3983 3768
f 3017 4122 4151
f 3309 4081 3070
f 2924 3786 3210
f 3753 2787 3178
f 2782 3614 2677
f 2227 2228 3345
f 2512 2387 4158
f 3792 3759 4264
f 4319 3658 3913
f 3784 2187 2188
f 4231 2266 2267
f 3431 3011 2657
f 2857 4095 4199
f 2595 3146 3665
f 2865 2846 2733
f 3030 3014 3446
f 2905 4057 3380
f 2962 4105 2591
f 4324 2575 4256
f 2840 2796 3682
f 3147 3790 3569
f 2202 2648 2896
f 3942 3255 3106
f 2923 2507 4120
f 3476 2249 4129
f 2452 2965 3741
f 3846 3567 3514
f 3474 3978 3333
f 3914 2989 2780
f 2605 3896 4108
f 2819 4150 2974
f 4187 4011 3081
f 2476 3296 3444
f 2226 3327 2858
f 4162 3934 3778
f 3132 3044 2679
f 2603 3862 3972
f 2761 2929 2551
f 3656 2502 2897
f 3755 2352 4300
f 3695 3427 3397
f 3084 2462 2873
f 3225 3993 2437
f 3132 4334 3426
f 2682 2646 3091
f 3433 2562 2864
f 2865 2733 2792
f 4329 3067 3913
f 2620 4137 2910
f 3033 4268 4275
f 3142 3442 3791
f 2716 3299 3414
f 4172 3188 3746
f 3119 4195 4117
f 4338 3434 3994
f 2761 2551 2584
f 2481 2715 3744
f 3546 2525 3011
f 3774 3908 3421
f 2871 4273 3750
f 3529 3465 3470
f 3385 3833 2369
f 2873 3737 4121
f 2625 3412 2400
f 3025 3391 3453
f 4012 3945 3839
f 3851 3465 3507
f 4159 3954 3264
f 4180 3477 3869
f 2560 2230 2231
f 4078 2757 4254
f 3914 3747 2490
f 3278 3079 2374
f 3718 4186 4071
f 2196 2197 3173
f 4219 3790 2755
f 3335 2318 2319
f 2389 4097 3487
f 3494 2774 3920
f 3482 2585 3177
f 3677 2350 4071
f 3842 3441 3841
f 3095 4231 2267
f 3708 3485 3511
f 2933 2864 3353
f 3086 3483 2955
f 3719 3299 3152
f 3678 2885 2469
f 2700 3734 2470
f 3527 3135 2517
f 3891 4032 3810
f 2887 3261 3836
f 4184 2614 4074
f 2574 3749 4040
f 2760 3391 3685
f 3358 4043 3094
f 3438 2347 4148
f 3125 3339 2660
f 3613 3312 3523
f 3205 2603 3571
f 2636 3627 2892
f 4178 2790 2892
f 3346 4136 3991
f 2571 3848 3840
f 2243 3060 2242
f 3730 3401 3089
f 2499 2453 3419
f 3628 2458 4178
f 2197 2198 2911
f 2648 2918 2896
f 3964 3322 2502
f 2925 4225 2446
f 2893 3824 4092
f 2316 4311 4138
f 3778 3199 4284
f 4277 3119 4018
f 3480 3092 2357
f 2997 2786 3854
f 2709 3599 2341
f 2510 2599 2418
f 4192 4101 2873
f 3486 3553 3874
f 4298 2765 3212
f 3339 3428 2660
f 2452 2881 2965
f 3423 3238 3879
f 3841 4252 2967
f 2637 3867 4290
f 3607 3837 3791
f 2821 3235 2927
f 3800 2924 2640
f 3786 3801 3865
f 3831 3859 3378
f 3231 2680 3497
f 3529 3012 2487
f 3590 3549 3618
f 3752 3670 2705
f 3338 4262 2749
f 3533 3142 4293
f 2382 2527 2443
f 4009 2536 3943
f 2536 2848 3943
f 3881 2594 2978
f 3974 3946 3593
f 2874 2417 3783
f 4159 3264 2895
f 4233 3834 2954
f 2913 3593 3406
f 3968 2304 2305
f 2889 3283 2294
f 3024 2977 2542
f 3549 2423 3170
f 3794 3332 2907
f 4053 2371 3865
f 2800 2593 2503
f 2886 3364 3139
f 4011 3012 3917
f 3847 3824 4305
f 3563 2731 2987
f 3460 3415 3036
f 3679 3513 2261
f 2255 4100 2639
f 3765 4325 2715
f 3631 2424 3354
f 3753 2346 2787
f 2372 3403 3722
f 3823 3596 3767
f 3118 4225 2925
f 3492 4169 2786
f 2663 2400 4193
f 4083 3531 2840
f 3298 3031 2752
f 2503 3114 3278
f 3655 2686 4318
f 2497 3454 2831
f 2990 2604 4189
f 2509 3166 3688
f 2613 3653 3194
f 3463 4148 2347
f 4092 3954 2893
f 2676 3366 4243
f 2480 2389 4260
f 2933 3353 3953
f 4039 3586 3237
f 4339 2587 3832
f 2750 2283 3727
f 2810 3450 2405
f 3271 3776 2810
f 3314 2872 3886
f 2899 4018 3119
f 2595 3246 3146
f 3209 3411 3509
f 2529 3753 3178
f 2427 2429 4001
f 2816 4095 2706
f 3421 3080 3266
f 2381 2248 3611
f 3641 4231 3095
f 4176 4181 2911
f 2907 2640 2808
f 2621 3325 2791
f 3479 3007 3888
f 2571 4097 2943
f 3475 3256 3851
f 3735 2325 3635
f 3349 2699 3681
f 4003 4133 4034
f 2921 3883 3077
f 3408 4208 2702
f 4177 3322 2593
f 4083 2952 3531
f 2712 4079 4081
f 3634 4286 3364
f 4018 3661 3207
f 2864 3047 3433
f 4039 3237 2870
f 3593 3164 3406
f 3985 3171 3205
f 2976 2795 4210
f 2895 3264 3183
f 2752 3705 2840
f 2913 2465 4153
f 3079 2375 3457
f 2588 2333 3716
f 2342 3165 4038
f 3636 3683 4258
f 3744 3713 2444
f 2492 3204 3899
f 4112 3626 2833
f 3140 3235 3189
f 4274 3796 3556
f 3996 3577 3185
f 3295 4028 3003
f 2977 2425 3340
f 3160 3234 3899
f 3565 4098 3004
f 4005 3456 3388
f 3834 4245 2954
f 2446 4225 3767
f 3867 2936 4290
f 2700 2919 3734
f 3008 3239 3947
f 3267 2350 3677
f 3162 3819 2662
f 3266 3710 3920
f 3355 3620 2981
f 3821 3083 4312
f 3010 3973 4165
f 3410 3215 3370
f 3538 3025 3748
f 3471 3956 2919
f 3661 4018 3612
f 3517 3405 3390
f 3983 2448 3230
f 2515 4062 3729
f 4035 3859 2515
f 3535 3337 3520
f 3121 2841 3193
f 3377 4118 3994
f 3030 2792 3014
f 2661 4281 2538
f 2402 3631 2475
f 3732 2739 2653
f 2937 2600 4315
f 4257 3693 2564
f 2785 3108 3732
f 3953 3876 3741
f 2512 3510 3975
f 3400 2440 3540
f 3310 4206 4251
f 3991 3932 3024
f 2409 4159 3281
f 2785 3117 2416
f 3121 3193 3298
f 2596 3049 2406
f 3546 2467 2684
f 3750 4072 2871
f 2674 3483 3884
f 3045 2514 2358
f 3113 2939 3574
f 2537 4121 3737
f 2589 4023 2678
f 2700 2345 3471
f 3034 2454 3187
f 2225 2226 2858
f 4244 2540 2771
f 2968 3977 2985
f 2882 2878 3163
f 3356 3318 4309
f 3841 2354 2741
f 3528 4151 2612
f 3622 3016 3070
f 4131 3431 2657
f 4032 3111 4004
f 3977 3448 3230
f 3567 2362 3514
f 4321 2415 2368
f 3712 4075 2448
f 2360 2382 2443
f 3292 3979 4209
f 2968 3166 3977
f 2821 2927 3717
f 2603 3205 3171
f 4126 4179 3570
f 2984 3817 2466
f 2430 2511 4283
f 2831 3583 3305
f 3559 3201 4089
f 2996 3703 2868
f 4078 3218 3654
f 3244 2626 2546
f 3417 2893 3065
f 3181 4156 2726
f 3093 3721 3901
f 3509 3411 4170
f 3227 3549 3630
f 3604 4167 2186
f 2190 2191 3000
f 4205 3175 3760
f 3802 3869 3877
f 4035 2515 3729
f 3990 3371 3057
f 3354 3392 3615
f 3968 2874 3783
f 2619 3460 3715
f 2949 3584 2585
f 4025 2437 3646
f 3898 4147 3351
f 3303 2784 3434
f 3197 2609 3058
f 2788 3724 4238
f 4207 3328 3861
f 3030 3186 2971
f 4167 3226 4330
f 3750 4273 3400
f 4150 4326 2974
f 3828 3926 2625
f 3105 4266 2489
f 2826 2671 3789
f 3789 3237 3754
f 3917 3012 3529
f 3081 4148 4187
f 3911 2732 3518
f 2344 2397 3779
f 3294 3377 2784
f 2195 3516 2194
f 3858 3528 3253
f 3581 3357 4233
f 2656 2913 3406
f 3846 3514 4204
f 4245 3253 2954
f 4324 3233 2797
f 3241 3467 3018
f 2732 3736 2581
f 3675 3125 2561
f 2890 3339 3125
f 2941 2918 2380
f 3709 2421 2346
f 3553 2830 3042
f 3410 3370 4246
f 3508 2722 3136
f 2453 2499 2417
f 4303 4197 2534
f 2975 2748 3328
f 3346 3787 4136
f 4096 4227 3116
f 4227 3419 3116
f 4169 2493 3854
f 2649 2734 3067
f 2549 2903 2422
f 3930 3247 3167
f 3787 2458 3628
f 4013 3503 2814
f 4133 3169 3933
f 3732 2653 3252
f 2972 3037 2665
f 4237 3377 2394
f 2614 3152 4074
f 2796 3531 2650
f 3698 2385 2457
f 3029 3562 3535
f 2856 3515 3090
f 3753 4268 2346
f 2822 3477 3444
f 4046 2175 2569
f 3128 2928 3939
f 2303 3035 2302
f 3419 4227 2499
f 3690 2367 2532
f 2450 3697 3577
f 2973 2937 3389
f 4034 3016 3622
f 3468 3439 3336
f 4007 3004 3960
f 3122 4024 3203
f 3244 2546 3222
f 3850 2560 3001
f 2764 3910 3439
f 3292 3405 3517
f 2739 3396 3610
f 3825 3832 3348
f 2282 4141 2281
f 3314 2495 4030
f 4213 3525 2781
f 3199 3952 2720
f 2953 3993 3225
f 2634 2610 3889
f 2999 3961 3552
f 4043 3156 3094
f 2977 3624 3156
f 3511 4271 2975
f 2901 3482 3177
f 2831 2403 2497
f 3643 2456 4128
f 2563 2259 2438
f 3879 2778 3423
f 3257 2314 4161
f 4243 3366 2998
f 2670 2484 2634
f 3051 4028 2736
f 3924 3020 2811
f 4226 2938 3912
f 3957 3224 4189
f 4146 2519 2867
f 2932 3043 4263
f 3769 2363 3507
f 3849 3795 3758
f 2669 3988 3822
f 3685 4020 2760
f 3227 3624 3340
f 3371 3213 4149
f 3490 3260 3452
f 3030 2971 2792
f 2695 2768 3182
f 2736 2670 2634
f 2393 2428 3455
f 2629 3452 2617
f 3260 4098 4082
f 3375 3358 4337
f 4336 3154 3215
f 3076 2237 3730
f 2855 3566 3077
f 3664 3548 4278
f 2720 3952 3845
f 3199 2343 4284
f 3123 3579 2551
f 2951 3961 3022
f 4295 2542 4043
f 4021 3179 4314
f 3424 2426 3780
f 3642 2696 2348
f 3692 4184 3186
f 2265 2408 3998
f 2743 3651 2955
f 2907 2508 4226
f 2802 3736 2732
f 4198 4123 2359
f 2575 4324 3447
f 2394 3294 3678
f 3329 2835 2768
f 3583 3504 3931
f 2679 2707 2378
f 3527 3464 3135
f 2860 3491 2535
f 3573 2565 3441
f 2330 2331 3530
f 4282 4145 3379
f 3918 3604 3784
f 3752 4228 4062
f 3062 2725 3089
f 3062 2528 2725
f 2731 3686 2477
f 2809 2468 3715
f 3963 3777 2479
f 3940 3034 4190
f 2772 3936 4286
f 3494 4339 3153
f 3091 3660 2887
f 3890 3619 2388
f 4199 4095 3944
f 3340 3220 3227
f 3255 3382 4047
f 3765 3695 4325
f 4087 4325 3695
f 2675 3088 4325
f 3262 4314 2819
f 3564 4271 3511
f 2611 2608 3864
f 3891 3829 3689
f 3810 2847 3829
f 3516 2195 2664
f 4201 4252 2630
f 2585 3353 2864
f 3029 2665 3285
f 3369 3399 3955
f 2349 2235 2236
f 2549 2422 4157
f 3317 4099 4154
f 3861 4006 4207
f 3864 3234 2478
f 3938 3853 2357
f 3222 3217 4114
f 3824 3417 3136
f 3787 3628 4136
f 2805 2425 2409
f 2893 3954 3307
f 2586 2262 2263
f 2724 2727 2728
f 3408 3026 4208
f 3284 2767 2401
f 3877 3740 3097
f 2555 3444 3477
f 3767 3596 3159
f 3470 3465 2595
f 2439 2580 2547
f 2360 4282 2382
f 3310 4251 3082
f 4120 3109 2923
f 3843 3500 2442
f 2622 2355 3576
f 3917 3529 3470
f 3246 2548 3146
f 2587 2377 3832
f 2981 4114 3217
f 3098 2480 3959
f 3578 2740 2766
f 4193 2400 3663
f 2507 3695 3397
f 3907 2288 2289
f 3382 3853 2853
f 3676 3603 3003
f 2633 3954 4092
f 2475 3337 2744
f 3394 2362 3137
f 4312 3744 3821
f 3223 4314 3179
f 4001 2429 3518
f 2843 3560 3878
f 2553 3363 3891
f 3829 2271 3689
f 3112 2212 2213
f 2802 3323 3409
f 3663 3524 4193
f 4087 2507 2489
f 2948 2717 3645
f 2886 3293 4288
f 3028 2827 3493
f 4113 3821 4326
f 3462 3255 3310
f 2916 3154 4336
f 2824 2594 2416
f 3350 4222 4123
f 2383 2437 3716
f 2330 4056 2329
f 3809 3515 4208
f 2503 4294 2800
f 3644 3592 2348
f 3761 3644 3303
f 2714 3985 4338
f 3872 2355 2849
f 2997 3854 3965
f 2460 3551 2934
f 2535 2886 3139
f 4191 3258 3301
f 4270 3677 3532
f 2369 3833 3102
f 4076 3654 4135
f 3236 3475 4301
f 3474 3333 2477
f 4110 4002 4000
f 2781 2898 4161
f 3043 2783 4202
f 3259 3646 3993
f 3322 2729 2593
f 2641 4182 2863
f 2338 4147 2713
f 4160 3935 3083
f 2817 3739 4160
f 2829 4217 3145
f 3768 3983 3414
f 2641 2173 2174
f 3716 2334 2383
f 3406 3843 2656
f 2416 3108 2785
f 3033 4275 2511
f 3887 4323 3602
f 2970 2913 4153
f 2718 2877 2672
f 2636 3143 3555
f 3555 4305 3627
f 3671 3037 2972
f 3469 3443 3342
f 3875 3396 3600
f 2751 4322 3534
f 3145 2388 3131
f 2930 2643 3890
f 2201 2896 4332
f 3013 4262 4085
f 2407 2748 3690
f 4297 3880 2904
f 3692 2519 2614
f 2749 3099 3668
f 3411 3209 2651
f 3901 3050 4285
f 3804 2845 2724
f 2616 2881 2980
f 2757 4078 3654
f 2807 3194 3032
f 3838 3335 4263
f 3145 2930 2388
f 3793 4053 3801
f 2204 4236 2380
f 3144 3935 3047
f 2653 3830 3252
f 2190 3559 2189
f 3263 4255 3870
f 3616 3179 3806
f 3320 3686 2794
f 3912 3800 4226
f 2907 2808 3982
f 3334 3239 2583
f 2906 4050 3712
f 2444 2685 3009
f 3710 2587 3494
f 3945 2453 3557
f 3798 2298 2299
f 3945 4073 2453
f 2958 3167 3590
f 2770 2635 3857
f 2310 3277 2309
f 3001 2232 3315
f 3779 2397 2222
f 3101 3666 3717
f 2631 3031 3298
f 2936 4309 4290
f 3964 2502 3118
f 2979 3561 2398
f 2259 2260 2438
f 2965 4306 2543
f 2516 4072 4120
f 2767 3361 3096
f 3026 2806 4208
f 3098 3959 3188
f 3987 3886 2872
f 2851 4005 2395
f 2752 3031 4242
f 2513 2224 2225
f 3760 3725 4119
f 2869 2911 2638
f 2993 3196 2735
f 3051 3889 2773
f 2900 2645 3247
f 3849 3302 2244
f 3697 3905 4174
f 2359 4123 2628
f 3176 3221 2719
f 4227 3046 2499
f 3871 4337 3094
f 3319 3532 3677
f 3579 3372 2551
f 2276 2277 3080
f 3153 4304 2774
f 3852 3379 3075
f 2652 3383 2574
f 4316 2984 2466
f 2918 2879 2896
f 2723 2555 3614
f 2956 3587 3338
f 3986 4122 3445
f 4256 2575 4168
f 3262 2974 3130
f 3091 3651 2682
f 3020 2852 2811
f 2812 3674 3878
f 2949 4272 2632
f 2655 4021 3762
f 2785 3252 2431
f 2719 4060 3505
f 3851 3507 2363
f 2943 4097 3922
f 3751 3613 3523
f 2642 3643 2576
f 3529 3507 3465
f 3769 3507 2487
f 2933 2543 3047
f 2884 3584 3326
f 2794 3686 2731
f 2687 3202 3650
f 2191 4126 3000
f 3678 2469 2394
f 4280 4147 2566
f 3927 2497 2403
f 3207 3923 4277
f 4030 4049 2872
f 4332 2200 2201
f 2821 3517 3235
f 3324 4215 2210
f 3282 3776 3756
f 3715 3460 2809
f 4303 2418 4197
f 3627 4305 3136
f 3136 3417 4166
f 2714 3688 2968
f 2851 3272 3430
f 2989 3914 2490
f 2990 4189 3224
f 2929 4261 3916
f 3948 3523 3312
f 3688 3166 2968
f 3799 2470 3605
f 2443 2659 3894
f 3000 4126 3570
f 2955 3651 2887
f 2774 3774 3920
f 2983 2758 3044
f 2641 3639 2173
f 4041 2361 4221
f 2411 3238 2251
f 2182 2183 2859
f 3643 4128 2576
f 2539 3904 3522
f 3214 3915 2687
f 3731 3892 2756
f 2737 3727 2284
f 2398 3513 2979
f 2854 2668 3906
f 4237 4118 3377
f 3936 3947 4286
f 4085 2647 3013
f 2557 3178 3793
f 4195 2868 4117
f 3293 3212 3980
f 3111 3363 3586
f 3047 2864 2933
f 3847 4092 3824
f 2473 2363 4214
f 2811 2793 3533
f 2907 3332 3151
f 2699 2521 3487
f 4202 4263 3043
f 2835 2483 2768
f 2765 3073 3728
f 3831 3378 4317
f 3796 4274 3413
f 3960 3738 3781
f 2942 3897 3781
f 2997 2514 3045
f 3932 2425 3024
f 2494 3420 3371
f 3126 2396 4110
f 3808 3700 3249
f 2356 2779 3597
f 3843 3406 3164
f 3962 2432 3809
f 3011 3720 3374
f 2361 4041 3971
f 2514 2997 3965
f 3222 3059 3217
f 4045 3526 3858
f 3733 3711 3133
f 3341 3597 3873
f 4016 2786 2997
f 3148 3606 4257
f 3610 3394 2739
f 3983 3448 3414
f 4186 2963 4071
f 3815 2861 3703
f 3422 3225 2383
f 3087 2696 2885
f 3071 3205 3571
f 3942 2291 4308
f 3492 2786 3938
f 2742 3764 3957
f 4340 3053 2806
f 2615 4079 3537
f 4080 2575 3997
f 2457 3719 3152
f 2716 3448 3166
f 3861 2407 3251
f 3420 2494 2390
f 2359 3180 2602
f 3235 3140 2927
f 3686 3320 2461
f 3534 3835 3309
f 2467 3431 2498
f 3160 2586 2263
f 3837 2991 3791
f 2911 2198 4176
f 4097 2389 3922
f 4170 3393 2428
f 2688 2685 3637
f 2616 3543 3161
f 3969 2498 2545
f 4100 2922 2639
f 2504 3527 2950
f 4089 3201 3948
f 3903 3254 3758
f 3866 2854 3906
f 2935 3467 3785
f 3696 4248 2938
f 2390 2463 3420
f 3315 2233 3040
f 4108 3896 4049
f 2699 3349 3243
f 3362 2379 2934
f 3580 2816 2690
f 4124 4253 2567
f 3459 4235 2448
f 3465 3851 3256
f 3943 3615 3392
f 3122 2703 2795
f 3961 3295 3552
f 3478 2969 2455
f 3289 3175 2370
f 2663 2625 2400
f 2675 2488 3130
f 3708 2975 3328
f 4062 3468 3729
f 2847 3321 3829
f 3429 3436 4033
f 2952 4083 4111
f 3481 2615 3537
f 4005 3140 3456
f 3672 4010 3986
f 3903 3795 3925
f 3673 2621 2791
f 3061 4206 3283
f 2285 2737 2284
f 2449 3246 3256
f 4187 2920 3280
f 2892 2790 3275
f 3617 2312 3275
f 3006 2609 4036
f 4190 3034 3187
f 2502 4225 3118
f 3187 3128 3939
f 2410 3260 3490
f 3320 2580 2439
f 3864 2728 3899
f 3086 3836 4004
f 3144 4312 3935
f 3780 3616 4322
f 3956 3258 2919
f 2919 2905 3734
f 3167 4291 2423
f 3307 4159 2409
f 2957 4180 3869
f 3495 2574 4040
f 3400 4273 2440
f 3741 4063 2452
f 3162 2662 3163
f 2962 2741 4105
f 2471 3665 2672
f 3862 3073 2765
f 2961 2944 3635
f 4156 3181 3411
f 2660 2561 3125
f 3532 3330 4270
f 2771 4171 4244
f 3992 4232 3855
f 2762 4151 3788
f 2991 3647 4282
f 3262 4021 4314
f 2939 3524 3274
f 2645 2514 3965
f 2881 2616 3161
f 4044 2667 3772
f 4044 4240 3192
f 4007 4185 3565
f 3484 3399 3078
f 3617 2790 3951
f 2409 2425 3932
f 2772 2948 4331
f 2345 4255 4183
f 2841 3974 3872
f 4242 3430 3705
f 3676 2909 3603
f 2848 2536 3432
f 2951 2895 3183
f 2805 3340 2425
f 2219 2220 3190
f 3324 2211 2556
f 3051 2568 4028
f 4114 2358 2645
f 3704 3344 3301
f 2967 4022 3842
f 2462 4192 2873
f 3558 3432 2536
f 3270 3805 3649
f 3735 3635 2412
f 3464 4189 3135
f 2504 3041 2742
f 2671 3288 3789
f 4077 2516 3427
f 4316 3760 2627
f 2994 3327 2384
f 2441 2495 2419
f 3107 2610 2875
f 2749 3668 3456
f 3571 2693 2583
f 3717 3666 2821
f 2992 3698 2457
f 2504 2742 3464
f 3634 3284 3568
f 3751 4090 3613
f 3592 2993 2735
f 4069 3054 3623
f 2909 3930 3603
f 4180 2957 3381
f 2455 3248 3381
f 3675 3797 3102
f 4011 4187 3638
f 4094 2906 3768
f 2385 2355 2622
f 3658 4329 3913
f 2509 4118 2716
f 3845 3812 3664
f 2432 3268 2903
f 3870 2598 3799
f 2928 4279 3461
f 2759 3813 2606
f 2894 3813 3909
f 3852 4230 3826
f 3977 3230 2985
f 2503 2565 3573
f 4037 3948 3312
f 3734 3542 2470
f 3548 3504 3454
f 3844 2866 3556
f 3232 2842 3803
f 2636 2435 3143
f 3618 3549 3227
f 3874 2279 2280
f 3550 3588 4127
f 3963 2599 3777
f 3130 2488 3762
f 3283 2293 2294
f 3462 3382 3255
f 4192 4165 4101
f 2625 2663 3828
f 3927 3263 2541
f 2717 3568 2630
f 3261 3184 3085
f 4109 2516 4077
f 3181 4214 3769
f 3487 3104 2389
f 2876 2764 4228
f 4317 3378 3816
f 2682 3651 3326
f 2510 2418 4234
f 3228 2990 3224
f 2970 3576 3872
f 3364 3284 3634
f 2777 3162 3163
f 2766 2740 3532
f 3319 4071 2518
f 3017 2762 3807
f 3015 3581 2910
f 2753 4328 3723
f 3876 3884 3741
f 2376 3703 2996
f 2729 3811 2593
f 2793 3928 3142
f 4027 2918 2941
f 3736 2802 3409
f 2405 3450 2935
f 2791 3738 3673
f 4091 3909 2759
f 4222 4116 3693
f 3745 4039 2870
f 2384 3345 4110
f 3782 3877 3850
f 3429 4033 2815
f 2646 2682 3564
f 2768 3196 3182
f 3087 3644 2696
f 4030 2480 3098
f 3805 3270 2441
f 3988 3429 3822
f 3440 4269 3386
f 2843 4248 3696
f 3793 3069 2557
f 3683 4267 4258
f 3565 4082 4098
f 3947 3334 3139
f 3491 3293 2535
f 2898 3143 2435
f 2321 3349 3681
f 4104 3378 4035
f 2617 3260 4082
f 2520 3881 2978
f 3124 2595 3665
f 4198 2496 4123
f 2434 3640 3984
f 3591 2441 4287
f 2872 4049 4200
f 3307 2409 4014
f 3154 4096 3375
f 3432 2678 2848
f 2402 4143 3412
f 3970 4103 3914
f 4003 2523 3250
f 3449 3458 3735
f 2986 4117 2861
f 4057 2905 4191
f 3258 2905 2919
f 2866 2677 3134
f 4323 4283 3900
f 4173 4240 4044
f 2316 4138 2315
f 4112 2833 2654
f 2801 4026 2734
f 2356 3597 3249
f 2288 3907 3585
f 2932 2571 3418
f 2825 3649 3805
f 4222 3545 3881
f 2594 3743 3771
f 3422 2335 2336
f 2333 2334 3716
f 3187 3426 3489
f 2378 3063 2673
f 3472 3386 3028
f 3398 2753 3198
f 3574 3109 3113
f 3631 2982 3520
f 2853 3938 4016
f 4251 3410 3480
f 2878 2882 4163
f 3656 4225 2502
f 3178 2557 2529
f 2794 2580 3320
f 3453 2635 3025
f 3685 2533 4020
f 4246 3092 3480
f 3585 3203 2287
f 3848 2571 3594
f 2804 3625 3268
f 2948 2772 4286
f 3475 2473 3297
f 4009 2912 4059
f 3416 2488 4055
f 2883 3085 3720
f 2747 2268 4107
f 3006 4036 4261
f 4025 3755 2588
f 2213 2214 3271
f 3435 3324 2556
f 2484 2428 2393
f 3820 3387 4213
f 3920 3774 3421
f 3908 3774 2506
f 3578 3074 3318
f 2686 3655 2729
f 2477 3686 3474
f 3955 3905 2450
f 4210 3100 3620
f 3022 2999 3220
f 3648 2477 2855
f 4149 2494 3371
f 2375 4152 4279
f 2948 4286 3634
f 2427 3110 3785
f 2371 4053 2787
f 3288 4063 3208
f 3546 2684 2832
f 2889 3061 3283
f 3763 3056 4337
f 2179 2180 3376
f 3812 3548 3664
f 4230 3852 2373
f 3414 3448 2716
f 3381 3478 2455
f 2386 2391 3781
f 3979 3706 4209
f 2956 3928 3587
f 2946 2579 4152
f 3664 4278 3547
f 3885 2705 3802
f 3157 2396 3126
f 2964 2902 4052
f 2298 4144 3538
f 3186 2394 2469
f 3633 4027 2941
f 4159 2895 3022
f 3603 3295 3003
f 3270 4287 2441
f 3246 2449 2738
f 2904 4241 4269
f 3806 3138 3148
f 2880 3681 3840
f 3628 4166 4136
f 3189 2749 3456
f 3272 2851 3672
f 3944 4068 2973
f 3600 3396 3743
f 2421 3709 4219
f 3099 2749 4262
f 4220 3945 3598
f 2914 4295 3116
f 2440 4304 3540
f 2645 2900 3244
f 2393 3107 2875
f 2568 2773 3384
f 3680 2431 2834
f 3933 3424 3016
f 2474 4139 3792
f 3792 3629 3200
f 3117 2785 2431
f 3806 3148 3437
f 4325 3088 2715
f 3427 3009 4333
f 3011 3431 3546
f 3651 3091 2887
f 3468 3336 4194
f 4197 2418 2599
f 3585 3502 2703
f 4072 3499 2862
f 3909 3490 3452
f 3910 3818 3076
f 3078 3369 3904
f 3522 3566 3978
f 2346 2421 2787
f 3924 2811 3894
f 3365 3404 3632
f 3435 2935 3785
f 3692 3186 3030
f 3826 2654 2833
f 2631 3706 3979
f 2950 3527 3728
f 2769 4259 4130
f 3691 2810 2405
f 2548 4135 3146
f 2401 3162 2777
f 3793 3178 4053
f 2581 2206 2207
f 4251 3480 3082
f 4047 3907 3106
f 3290 3297 2473
f 2435 2636 3275
f 2704 4051 3080
f 3103 2756 2820
f 3796 3248 3683
f 3157 3126 2229
f 2465 2913 2656
f 2906 3712 3983
f 3622 3070 4081
f 3177 4241 3880
f 2939 3274 3574
f 3567 3775 2362
f 3847 4305 2550
f 2790 3617 3275
f 2316 2317 4311
f 4229 3589 4285
f 3220 3340 2805
f 3346 4064 4240
f 2908 3519 3683
f 2940 3436 3770
f 2779 3873 3597
f 2980 2452 4063
f 2953 4190 3259
f 3655 2579 2946
f 2381 2247 2248
f 2959 3903 3814
f 3036 3479 3888
f 3699 3250 3229
f 2655 3066 3846
f 2819 2426 3599
f 2456 3226 4128
f 3301 3344 3457
f 2589 2678 3432
f 3010 3825 3572
f 2740 3578 4163
f 3314 4030 2872
f 3667 4297 2904
f 3770 2798 2940
f 3834 3636 4258
f 3292 3517 3979
f 2272 2273 3689
f 2674 2884 3326
f 2912 2820 2756
f 3392 2436 2820
f 3331 4013 2619
f 3141 2837 3482
f 3837 3607 3245
f 3662 3488 3135
f 2501 3659 3373
f 4017 3992 2486
f 3925 2245 2246
f 4174 3214 3650
f 4197 2701 3496
f 3846 3066 3567
f 3882 2536 4009
f 2937 2877 3995
f 3831 3242 3519
f 3782 3315 3740
f 2599 3963 2701
f 3711 4080 2915
f 2729 3322 2686
f 2566 3034 3940
f 3773 4268 3015
f 3245 3647 3837
f 4204 3610 3875
f 2739 3394 2653
f 2994 3407 2858
f 2697 4180 2590
f 3430 4242 3101
f 3235 3158 3189
f 3983 3230 3448
f 3527 2504 3464
f 3682 2796 4066
f 4070 3481 2351
f 2950 2968 2985
f 4026 3860 2193
f 2521 4260 3104
f 4263 3594 2932
f 2810 3691 3271
f 3110 3324 3435
f 2759 2606 2242
f 2410 4098 3260
f 3758 2813 3849
f 2390 2494 2597
f 2294 3857 2889
f 3748 2635 2770
f 2707 2679 3044
f 4105 3704 3301
f 2738 2548 3246
f 2783 3366 2676
f 3189 3338 2749
f 2797 3895 3986
f 4298 3491 2860
f 2863 2803 3639
f 4097 3840 3487
f 2480 4260 3959
f 3164 2416 4067
f 2472 4050 2754
f 3023 3251 2532
f 2708 3202 3276
f 3225 3422 2554
f 4061 4054 2710
f 2830 2750 4052
f 2773 3929 3892
f 2651 2505 2644
f 2982 2706 3520
f 2613 3498 4299
f 3688 4338 2509
f 2471 2451 3124
f 2875 2634 2484
f 4188 2604 2990
f 2990 3228 2578
f 3801 4253 4124
f 3560 2429 2427
f 3702 3401 2239
f 3729 3468 4194
f 3285 2665 3037
f 3108 3771 2739
f 3360 3649 4229
f 4076 4135 3385
f 3226 3149 4128
f 3704 2354 3344
f 2367 3967 4238
f 4314 2426 2819
f 4141 2282 2750
f 3553 3832 2377
f 3739 3433 4160
f 3858 3253 4245
f 3286 2419 2495
f 3623 4243 2998
f 2474 3240 4139
f 2959 4327 2798
f 2697 3614 2555
f 3040 2233 2234
f 3444 2555 2485
f 3015 4268 3033
f 3690 3331 3967
f 3251 2407 2532
f 3247 3965 4291
f 3227 3220 3618
f 3481 3191 2351
f 2731 2477 3648
f 2479 3777 3028
f 2691 3169 4133
f 2926 2356 2592
f 4328 2553 3723
f 3905 3399 3214
f 3955 2450 2921
f 2467 3546 3431
f 3866 3544 3485
f 3362 2934 3359
f 2750 2282 2283
f 4138 2781 4161
f 2319 2320 2880
f 4078 4254 4299
f 3797 4186 3718
f 4289 3812 3952
f 2593 2800 4177
f 4327 3814 2381
f 2894 2629 4086
f 3761 3592 3644
f 2929 3123 2551
f 3892 3731 3384
f 2909 3676 3384
f 2836 3185 3496
f 4102 4015 4322
f 2704 3080 3421
f 2507 4087 3695
f 2888 4230 3347
f 2867 3893 3647
f 2960 2666 3253
f 2915 3537 2712
f 3231 3915 3484
f 3988 3436 3429
f 2804 3962 3053
f 3976 3268 3653
f 2685 2688 4333
f 3631 3354 2982
f 2885 2865 2469
f 4235 3459 3041
f 3949 2766 3532
f 4066 3443 3766
f 2737 4024 3727
f 2902 3973 3572
f 3742 4013 3141
f 2904 3880 4241
f 2642 3312 3613
f 3916 4261 3921
f 2426 3223 3780
f 3133 3711 2915
f 2584 3372 3263
f 3305 3226 2456
f 2783 2676 4202
f 3183 2931 4134
f 3093 4156 2651
f 4166 3508 3136
f 3127 3360 4229
f 2931 3183 3264
f 2778 3168 2420
f 2398 3561 2922
f 2965 3953 3741
f 4234 3415 3667
f 2705 3670 3478
f 3265 2344 2984
f 3544 3219 3511
f 3981 3906 3510
f 2785 3732 3252
f 3771 3743 3396
f 3665 2471 3124
f 3980 3488 3662
f 3784 3604 2187
f 2527 2382 3852
f 4094 2622 2906
f 3120 2734 2846
f 3756 3271 2214
f 3409 3323 2818
f 4276 4258 4267
f 3134 2844 2590
f 2848 3580 3943
f 3273 4281 2661
f 2881 2688 3637
f 2587 4339 3494
f 3905 3697 2450
f 3909 3452 2894
f 2189 2995 2188
f 3008 3123 3239
f 4121 2537 2939
f 3198 3908 2826
f 3787 4173 2458
f 3360 3127 2943
f 2647 3722 3726
f 3978 3566 3333
f 2714 2552 3073
f 3488 3212 2517
f 3996 2681 3883
f 3013 2647 2620
f 3589 2825 3297
f 2388 3032 3131
f 2331 2332 4300
f 2996 2868 2936
f 2956 3442 3142
f 2490 2572 3680
f 2694 3805 2441
f 4200 3539 4140
f 3206 2793 2852
f 3626 2659 2833
f 3262 3762 4021
f 3733 4212 4116
f 4088 3917 3124
f 3775 3285 2362
f 4077 3161 4109
f 3667 3460 2619
f 2701 3963 2691
f 4010 4122 3986
f 2533 4144 3798
f 4115 3991 3024
f 2326 4320 3635
f 2878 3661 4022
f 4127 3543 2616
f 2444 3713 2685
f 3426 3187 2454
f 3044 4196 2707
f 2189 3559 2995
f 3372 3300 4255
f 3908 3198 3421
f 3540 4304 3153
f 3707 4033 4041
f 2408 2265 2266
f 3693 4116 2564
f 3514 3394 3610
f 2814 2748 3827
f 3091 3999 2657
f 2720 3919 3199
f 2456 2831 3305
f 2180 2181 4162
f 3504 3812 3931
f 3871 3763 4337
f 2981 3620 3100
f 3521 3308 2278
f 2682 2632 3564
f 2400 3412 3663
f 2862 3499 3113
f 3676 2568 3384
f 4291 2493 2423
f 3572 3042 2902
f 3874 2377 3521
f 2204 2205 4236
f 3347 2373 4319
f 2633 2763 3209
f 2738 3236 2689
f 2558 3445 3803
f 2623 3216 2876
f 2760 2417 2499
f 3056 3370 3154
f 2779 2976 4210
f 4059 3892 3929
f 2734 4026 3067
f 3570 3048 3201
f 3793 2399 3069
f 2486 3992 2828
f 2611 3864 2478
f 3999 3219 4131
f 2365 4266 4281
f 4168 2496 4256
f 2952 2797 3233
f 3402 2921 3077
f 2525 3684 2883
f 3564 4272 4271
f 3781 3738 2942
f 2539 2463 3078
f 4185 4249 3565
f 3650 3202 3007
f 3695 3765 3009
f 3070 2751 3309
f 4288 3026 3408
f 3471 4183 3304
f 2843 3878 3674
f 2574 3052 3749
f 2192 2193 3860
f 3642 2721 2696
f 2885 2696 2721
f 3931 3812 4289
f 2280 2281 3486
f 2750 2964 4052
f 2330 3530 4056
f 3128 3489 2850
f 3412 4143 3663
f 4024 3367 2464
f 2724 4302 3804
f 2478 2264 2265
f 4050 4075 3712
f 4111 3272 3895
f 2901 3742 3141
f 2987 2731 3648
f 2746 3819 2702
f 3096 2353 2767
f 3916 2583 3239
f 4196 2683 2707
f 3029 3285 3775
f 2663 3362 3359
f 3831 3519 3002
f 4005 3388 2395
f 4326 4150 4113
f 3399 3369 3078
f 2891 3927 2403
f 3605 2482 3845
f 4297 3667 2619
f 2585 2864 2562
f 4024 2464 3727
f 3585 2287 2288
f 3588 3550 4304
f 2743 3326 3651
f 3992 3855 2828
f 3826 2833 2527
f 3745 3483 3086
f 3266 3311 3710
f 2898 3525 3054
f 4263 3820 3838
f 3358 3116 4295
f 3942 2290 2291
f 2324 2325 3735
f 3043 3418 2783
f 2721 2865 2885
f 3644 2348 2696
f 3693 4257 3600
f 2754 4153 2465
f 2963 4186 2561
f 3243 2521 2699
f 3952 3812 3845
f 3595 3072 4289
f 4025 4318 2352
f 2710 4054 4057
f 3521 2278 2279
f 3059 3473 3217
f 3968 3783 2303
f 4164 2533 2966
f 3425 2827 2341
f 3276 4310 3724
f 2819 3599 4150
f 2842 3997 3447
f 3870 2345 2598
f 3778 3952 3199
f 2485 3512 3887
f 2430 4323 3887
f 3295 3603 2958
f 2493 2577 3170
f 2497 4278 3454
f 2447 2823 2983
f 2598 2470 3799
f 2180 4162 4284
f 2739 3732 3108
f 4160 2709 2817
f 3668 3306 3388
f 2601 2620 2910
f 2236 3937 2349
f 3001 2560 2231
f 4155 3609 3449
f 2521 4155 4260
f 3397 4120 2507
f 3016 4034 3933
f 2245 3863 2244
f 2255 2639 2254
f 4058 3074 2766
f 2772 4331 4183
f 3583 3454 3504
f 3547 3845 3664
f 2485 2476 3444
f 2647 3726 2620
f 3021 3059 3103
f 4192 3172 3010
f 3830 4084 3252
f 3830 3137 3037
f 4044 3772 4173
f 2311 3951 2310
f 2357 3092 3492
f 4315 3438 2618
f 3224 3764 2829
f 3882 3941 3558
f 4134 3509 2484
f 3871 3170 2577
f 3273 3416 4055
f 2972 3966 3671
f 4010 3672 2395
f 2712 3309 3835
f 3257 2313 2314
f 4263 3335 3594
f 2914 4073 4012
f 4220 3839 3945
f 2419 3286 3428
f 2472 3317 4050
f 3516 3067 2194
f 2648 2202 2203
f 4220 2306 2307
f 4240 4173 3787
f 2505 2763 3847
f 3027 2914 2491
f 2789 2411 2252
f 3415 2418 4303
f 3281 2805 2409
f 3783 3035 2303
f 2537 2379 3524
f 2424 3412 3926
f 3868 2397 3165
f 2218 2219 3365
f 4179 3860 2801
f 2664 4319 3516
f 2946 2729 3655
f 3842 4022 4031
f 4172 3746 2745
f 3609 3458 3449
f 2530 3522 3978
f 2969 2515 3859
f 4143 2402 3856
f 2675 4325 4087
f 3051 2736 2634
f 2726 4156 3093
f 2850 4334 4061
f 3755 2332 2333
f 4010 3989 4122
f 2776 2705 3885
f 3641 2408 4231
f 3544 3969 2545
f 2860 3139 3334
f 2995 3784 2188
f 2801 3120 2835
f 3570 3506 3048
f 2714 3073 3171
f 2741 4252 3841
f 2983 2823 2758
f 2891 2642 3613
f 2554 2953 3225
f 4307 2673 2364
f 2768 2735 3196
f 4118 4074 3299
f 3333 3566 2855
f 2530 2366 3522
f 2825 3589 3649
f 3475 3297 4301
f 3960 3781 4310
f 3077 3566 3904
f 3710 3494 3920
f 2573 4051 2704
f 3946 3766 3443
f 2903 3976 4254
f 2605 3539 3896
f 2757 3654 4076
f 2973 2600 2937
f 2672 3654 3218
f 2554 4280 2953
f 3278 2565 2503
f 4019 3596 4292
f 2327 2531 4320
f 2732 3911 2802
f 2769 3033 2511
f 2659 3626 3924
f 2372 3928 3206
f 2818 3323 3633
f 2443 2527 2659
f 3095 3684 2832
f 2632 3326 3584
f 3755 4300 2332
f 2432 3267 3809
f 2583 3916 3921
f 3994 2509 4338
f 4048 4087 2489
f 3567 3273 2661
f 2803 3898 3351
f 4054 4061 2364
f 4270 3267 3677
f 4321 2500 2780
f 2950 3728 2552
f 3279 4153 2906
f 2813 3325 2621
f 2814 3827 2837
f 2547 3807 2762
f 3013 3099 4262
f 3856 3105 3574
f 3995 2775 4103
f 2822 3869 3477
f 3702 4313 2526
f 3252 4084 2431
f 4023 3944 4095
f 2631 3666 3101
f 3447 4324 2558
f 3401 2238 2239
f 2366 3990 3057
f 2486 2828 2414
f 3052 3151 3332
f 2950 2985 3041
f 2369 2757 4076
f 3192 3839 2667
f 2912 2756 4059
f 4157 3718 2350
f 3385 2799 3833
f 4184 3692 2614
f 3658 3075 3014
f 2837 4271 4272
f 3804 4302 2404
f 3872 3974 2970
f 2347 2589 3463
f 3594 3269 3848
f 3418 3127 2783
f 2752 3121 3298
f 3253 3528 2612
f 3686 3640 3474
f 3242 4317 3984
f 2467 2608 2684
f 2266 4231 2408
f 3155 3092 4246
f 4227 4096 3046
f 3904 3566 3522
f 3057 2463 2539
f 2411 2789 3759
f 2512 4158 3981
f 3719 3414 3299
f 3570 3329 3506
f 2270 4106 2269
f 3011 2525 3720
f 3822 2815 3023
f 2691 3250 3699
f 2812 3241 2414
f 3756 3365 3282
f 2413 2867 3647
f 2552 2968 2950
f 2564 4116 4212
f 3711 4168 4080
f 2562 3433 3536
f 3606 3875 3600
f 2516 4120 3397
f 2923 3109 3105
f 4001 4215 3110
f 2574 3495 2652
f 3115 3493 2827
f 3316 2391 2386
f 3916 3239 3123
f 3995 3970 3389
f 3984 2461 4045
f 2692 3496 3577
f 3540 3153 4339
f 3359 3473 2663
f 2396 3157 2822
f 3291 4175 4146
f 2764 3818 3910
f 4149 2528 2494
f 2328 2531 2327
f 2963 3987 2518
f 4309 3074 4058
f 3090 3330 2740
f 3706 3698 4209
f 3705 4111 4083
f 2622 3279 2906
f 2927 2851 3717
f 3969 2404 2498
f 3708 4207 3485
f 2788 2708 3724
f 2845 3981 4158
f 2991 4293 3791
f 3015 2910 4137
f 3553 2377 3874
f 3084 2873 4121
f 4133 3250 2691
f 4081 4079 2523
f 3041 2504 2950
f 2622 3576 3279
f 3398 2826 3789
f 3789 3754 3398
f 2612 3701 2960
f 3099 3013 2601
f 2728 2727 3899
f 3007 2708 3888
f 3530 2925 4056
f 3646 4318 4025
f 2840 3531 2796
f 3298 3706 2631
f 3449 3368 4155
f 3498 3287 4299
f 3747 3914 4103
f 2520 2628 3881
f 2657 3999 4131
f 2275 2573 2274
f 2931 2633 3209
f 2550 4069 2644
f 3790 3206 3569
f 4197 3496 2692
f 3745 3086 4039
f 3083 4113 2709
f 3905 3214 4174
f 2809 3460 3036
f 3674 4216 2567
f 4119 3992 4017
f 3210 3786 3865
f 2445 3147 3569
f 2296 2770 2295
f 3486 3874 2280
f 3985 2714 3171
f 3194 2578 3228
f 2855 3077 3883
f 4194 4035 3729
f 2764 3608 3818
f 2597 2629 2617
f 4203 2487 3012
f 3220 2999 3618
f 3671 3966 2989
f 2594 2824 2978
f 2945 3883 2681
f 4079 2712 3537
f 2859 4142 3583
f 4057 4054 3380
f 2897 2986 2861
f 2531 3159 3596
f 3736 3409 4265
f 2782 3512 2723
f 2980 4250 4127
f 3266 3080 3311
f 2813 3302 3849
f 3915 3497 4249
f 3328 4207 3708
f 4033 3861 2815
f 3134 2590 3413
f 2366 2530 3990
f 2955 3483 2743
f 4250 3313 2506
f 3386 4269 3739
f 2646 3219 3999
f 3775 3567 2661
f 3875 3606 4204
f 4281 3273 4055
f 3313 4250 2980
f 3884 3208 3741
f 3485 4207 2854
f 4260 4155 3959
f 3458 2324 3735
f 2672 4135 3654
f 3966 2972 2415
f 2533 3685 4144
f 4336 2559 2916
f 3982 3020 3794
f 3950 3633 3052
f 2460 2379 2537
f 3750 3621 4072
f 2929 3916 3123
f 3605 3542 3063
f 2557 4283 2529
f 4104 3336 3990
f 3722 4219 3709
f 3722 4085 2372
f 3621 3499 4072
f 3720 3184 3374
f 4054 2364 3380
f 2713 2337 2338
f 3855 4232 3069
f 3365 3632 2218
f 3216 3608 2876
f 3640 2434 3474
f 2894 4086 3038
f 3302 2243 2244
f 2255 2256 4100
f 2582 3200 3629
f 2414 3241 3018
f 2370 4205 3407
f 4074 4237 4184
f 3579 3123 3008
f 4068 2600 2973
f 2688 3161 4333
f 3630 3170 4093
f 4210 3039 3100
f 3669 4224 4199
f 2821 3979 3517
f 2685 3713 3637
f 2774 2506 3774
f 3430 3272 4111
f 2796 2602 4066
f 3530 4300 3118
f 4292 2376 4172
f 3026 4340 2806
f 3768 3719 2385
f 3054 3525 4243
f 3019 3236 4301
f 2942 2791 3902
f 3395 3629 3792
f 3108 2416 2594
f 3066 3273 3567
f 3951 2790 2917
f 2309 3277 3772
f 4268 3773 2346
f 2395 3388 3701
f 3172 3825 3010
f 3311 2277 2278
f 2744 4266 3105
f 2415 2972 3669
f 3633 3950 4027
f 3467 2935 3018
f 3622 4003 4034
f 2827 3028 3582
f 4223 3376 2343
f 3489 3128 3187
f 4244 2342 4038
f 3289 2476 2485
f 3169 2479 3933
f 3221 2945 2681
f 3897 2942 2669
f 3906 2668 4221
f 3413 3381 3248
f 3289 3887 3175
f 3798 2299 2966
f 4093 3871 3094
f 4089 3948 4037
f 4132 3761 3921
f 4265 2206 2581
f 2540 2414 3018
f 3928 2793 3206
f 3517 3390 3235
f 2409 3932 4014
f 3419 2453 4073
f 2580 2794 3150
f 2623 2776 3097
f 3754 3237 3586
f 3398 3198 2826
f 2640 2907 4226
f 4275 4268 3753
f 3701 3306 2960
f 3067 4026 2194
f 2257 2563 3575
f 3814 2246 2247
f 3151 3323 2508
f 3512 2430 3887
f 4332 4176 2199
f 2793 3142 3533
f 3168 4129 2420
f 2959 2798 3055
f 3773 3726 2346
f 3816 4104 2530
f 2604 4188 3053
f 3746 3368 2412
f 3871 3155 3763
f 2299 2300 2624
f 3263 3064 2584
f 3952 3778 4289
f 3265 4017 4038
f 2927 4005 2851
f 3878 3467 3241
f 2918 3383 2879
f 3670 4062 2515
f 3002 2969 3859
f 2615 2719 3505
f 3101 3717 3430
f 3234 3864 3899
f 2596 3687 3049
f 4229 3050 3127
f 3093 3901 4285
f 3185 2836 4060
f 4066 3180 3443
f 3185 4060 2681
f 4317 2434 3984
f 3524 2379 4193
f 4141 2750 2830
f 3923 3578 3318
f 3515 2856 4208
f 3483 3745 3884
f 3204 2492 3679
f 2745 2944 2961
f 3734 3380 3542
f 2541 2497 3927
f 3195 4037 2576
f 2597 2528 3757
f 2617 3452 3260
f 3757 3062 2526
f 2381 3611 4327
f 2352 3964 3118
f 3596 3823 2376
f 3702 2526 3062
f 2461 3640 3686
f 4323 3900 3602
f 3912 4248 4253
f 3608 3216 2349
f 4149 3213 2725
f 2345 4183 3471
f 2702 3819 2353
f 2825 4211 3297
f 3257 3275 2313
f 4127 4250 3550
f 3713 4312 3144
f 3673 4098 2410
f 2657 3660 3091
f 4140 3987 4200
f 3539 4309 4058
f 3051 2634 3889
f 3393 3769 2487
f 2753 2704 3198
f 3543 4109 3161
f 2991 3837 3647
f 2658 2638 4181
f 3476 2248 2249
f 3637 2965 2881
f 4143 3274 3663
f 2857 2706 4095
f 3321 4106 2270
f 2884 2674 3876
f 2500 3970 2780
f 3138 3846 4204
f 2396 3296 4002
f 4313 3702 2240
f 2436 3828 2820
f 2286 3203 2737
f 3074 3578 2766
f 2807 3619 3501
f 3158 3390 3607
f 3986 3895 3672
f 2692 3577 3697
f 3600 3545 3693
f 2832 2684 3641
f 3829 3891 3810
f 3701 3989 4010
f 3581 3015 3844
f 4311 4213 4138
f 3339 2890 2689
f 4096 3358 3375
f 2722 2892 3627
f 3838 2317 2318
f 2326 2327 4320
f 4163 2882 2740
f 2700 3471 2919
f 3704 4105 2741
f 4290 2605 4108
f 4005 2927 3140
f 4151 4122 3989
f 3834 3556 3636
f 3974 3766 3946
f 3547 3605 3845
f 2683 4223 2343
f 2519 3446 3893
f 4333 4077 3427
f 3167 3603 3930
f 3525 4213 3211
f 2322 3243 3349
f 3387 3211 4213
f 2669 3902 3770
f 4218 2940 4029
f 3816 3378 4104
f 3033 2769 3015
f 3019 4211 2694
f 3589 3290 4285
f 2196 2664 2195
f 2879 4181 4332
f 4047 3106 3255
f 3107 3280 3941
f 2916 2559 3453
f 4009 4059 3882
f 2755 3174 3210
f 3725 4232 3992
f 4193 2379 3362
f 3473 3059 3021
f 2976 3122 2795
f 2491 3192 4064
f 4010 2395 3701
f 4111 3895 2952
f 3242 3984 4267
f 3937 2236 2237
f 3579 3300 3372
f 2768 2483 2735
f 2387 2512 4139
f 3254 3902 2791
f 3212 3293 3491
f 3459 4154 3041
f 3724 4310 2391
f 3770 3436 3988
f 3561 2979 3049
f 2727 2492 3899
f 4180 2697 3477
f 4226 3800 2640
f 3363 2553 4328
f 3975 3510 4221
f 2745 4292 4172
f 2856 2746 2702
f 4259 3512 2782
f 3801 3786 4253
f 3984 3640 2461
f 2730 2621 2410
f 4201 2401 2777
f 4022 2967 2777
f 3590 3167 2423
f 2773 3889 3929
f 3872 3576 2355
f 3881 3743 2594
f 3021 3828 3473
f 4169 3854 2786
f 3700 3551 4101
f 3588 3543 4127
f 3762 2488 3416
f 3671 2989 4084
f 2743 2674 3326
f 4328 3398 3754
f 3782 3850 3001
f 2623 2876 4228
f 2399 3801 4124
f 3632 2217 2218
f 2639 4042 2254
f 3795 3903 3758
f 2701 3699 3496
f 2468 2809 3888
f 4015 3534 4322
f 3138 3606 3148
f 2618 4148 3081
f 2618 2451 4315
f 2921 3402 3955
f 4035 3378 3859
f 3503 3690 2748
f 3884 3745 3208
f 2522 3040 2234
f 2231 2232 3001
f 3356 4195 4277
f 4019 2961 4320
f 3327 2226 2227
f 4038 4017 4335
f 3176 2987 3221
f 3399 3484 3915
f 2912 3392 2820
f 3555 3143 4069
f 3890 3747 3619
f 2807 3498 2613
f 2674 3884 3876
f 2506 3313 3908
f 2651 3209 2763
f 3393 3181 3769
f 2693 3972 3334
f 3403 2372 3206
f 2924 2808 2640
f 2658 2654 2638
f 2762 3788 2439
f 3481 4070 2719
f 2856 2702 4208
f 2561 2660 3886
f 2814 3503 2748
f 3484 3078 3231
f 3940 2953 4280
f 3541 4196 3044
f 3679 2586 3204
f 3969 3866 2845
f 3868 3190 2220
f 4000 2370 2994
f 2651 3721 3093
f 3591 4287 2389
f 3955 3402 3369
f 3055 3770 3902
f 4174 3650 3007
f 4221 3707 4041
f 3076 3818 3937
f 3556 3357 3844
f 2391 4310 3781
f 4013 3331 3503
f 3023 4296 3822
f 3141 2814 2837
f 4016 3045 3039
f 4047 3502 3585
f 3311 3080 2277
f 3311 3308 3710
f 3967 3331 3715
f 3060 2759 2242
f 4228 2764 3468
f 3937 3818 3608
f 2399 3793 3801
f 3560 2427 3785
f 2812 3878 3241
f 3786 2924 3800
f 3726 3709 2346
f 2784 3994 3434
f 2857 3520 2706
f 2544 2415 3669
f 3988 2669 3770
f 3451 3038 4313
f 3644 3087 3303
f 4037 3195 4089
f 3019 2694 2419
f 2973 3389 2500
f 3201 3048 3948
f 2541 3870 3799
f 3300 4183 4255
f 2378 3919 2482
f 2377 3308 3521
f 2553 3689 3723
f 3166 3448 3977
f 3182 2609 3197
f 2893 3307 3065
f 2880 3848 3269
f 4108 3343 2637
f 3656 2897 3815
f 4253 3786 3800
f 2382 4282 3379
f 3565 4249 3497
f 2959 3055 3254
f 3222 4114 2645
f 3562 3029 3775
f 3613 3064 2891
f 3947 3239 3334
f 3147 2445 2808
f 3442 2956 3338
f 4011 3917 4088
f 4134 2484 2670
f 3039 3045 3100
f 3203 2286 2287
f 3542 3605 2470
f 2683 3199 3919
f 4043 3358 4295
f 2505 3847 2550
f 2817 2709 2341
f 3424 3115 2426
f 2524 4191 3457
f 2683 2343 3199
f 3827 2748 2975
f 4055 2488 4048
f 2348 3592 2735
f 3870 4255 2345
f 3097 3740 3040
f 2957 3478 3381
f 3310 3942 4308
f 3907 4047 3585
f 2524 3457 2375
f 3646 3259 4239
f 2713 4280 2554
f 3034 2566 4182
f 3638 3012 4011
f 2920 3463 3558
f 3624 3630 3156
f 3106 2290 3942
f 2544 3669 4199
f 2877 4315 2839
f 3775 2661 3562
f 2520 2978 3342
f 2667 3839 4220
f 2303 2304 3968
f 3881 3545 3743
f 4066 3766 2841
f 4132 3921 4261
f 4340 3662 2604
f 2541 3799 4278
f 3948 3048 3058
f 2767 3819 3162
f 2531 2328 2329
f 3403 3206 3790
f 4236 2205 3958
f 2874 3598 3557
f 2914 3027 4295
f 4142 3305 3583
f 2707 3919 2378
f 4328 2753 3398
f 2873 4101 3737
f 3617 2311 2312
f 3170 2423 2493
f 2477 3333 2855
f 3702 2239 2240
f 3454 3583 2831
f 2576 3312 2642
f 2392 4067 3117
f 3459 4075 3317
f 3659 2501 2732
f 2941 2818 3633
f 3360 3270 3649
f 3767 4225 3656
f 2687 4249 4185
f 3967 3715 2468
f 4169 2577 2493
f 3410 4246 3480
f 2765 3728 2517
f 2742 4154 3764
f 2523 3229 3250
f 3933 3493 3424
f 3318 3074 4309
f 2437 4025 3716
f 3854 2493 4291
f 2964 2750 3727
f 4247 2643 2930
f 3280 3558 3941
f 3690 3503 3331
f 3004 4098 3673
f 2977 3156 2542
f 2577 3155 3871
f 2979 2492 3049
f 2979 3513 3679
f 3797 4157 3102
f 2544 2368 2415
f 3331 2619 3715
f 2420 4129 2250
f 3571 3921 3071
f 3364 3361 3284
f 2356 3249 2592
f 2663 3473 3828
f 4154 4099 4217
f 3680 2572 2392
f 3513 2438 2260
f 4029 3611 3476
f 2591 4331 3645
f 2767 3162 2401
f 4319 2373 3658
f 4282 2360 2991
f 3526 3528 3858
f 4313 4086 2526
f 4094 3768 2385
f 3230 2448 4235
f 2963 2518 4071
f 3862 3171 3073
f 2845 3866 3981
f 2253 2254 4042
f 3696 3518 2429
f 2421 2371 2787
f 3662 3135 4189
f 2519 3692 3446
f 4080 3537 2915
f 4228 3752 2776
f 3761 3303 2838
f 3559 3000 3201
f 2794 3563 3150
f 3193 2849 3298
f 3287 4078 4299
f 2495 3591 4030
f 4158 2387 2406
f 3814 3925 2246
f 2987 2945 3221
f 3150 3563 2351
f 3740 3315 3040
f 4045 4276 4267
f 3417 3065 4166
f 3065 3307 4014
f 4216 2399 4124
f 3900 4232 3725
f 4252 2741 2630
f 3489 3426 4334
f 3980 4340 3026
f 3071 3761 2838
f 4103 3466 3501
f 4315 2451 2839
f 3757 4086 2629
f 3474 2434 2570
f 3232 3150 2351
f 3223 2426 4314
f 2608 2467 2404
f 3981 3510 2512
f 3511 3219 2646
f 2747 3095 2267
f 3850 3157 2560
f 3175 3602 3760
f 3324 3110 4215
f 3785 3110 3435
f 2844 2697 2590
f 2822 3296 2396
f 3028 3777 3472
f 4303 3036 3415
f 3049 2492 2727
f 4107 3684 2747
f 2372 3587 3928
f 2752 2840 3682
f 2545 3219 3544
f 3804 2404 3969
f 3915 3214 3399
f 2468 2788 4238
f 4216 3855 2399
f 3696 2938 3911
f 3473 3359 3355
f 2718 3995 2877
f 3430 3717 2851
f 3705 4083 2840
f 2890 2799 2738
f 2473 3851 2363
f 4020 3035 3783
f 2914 4012 2491
f 2479 3169 3963
f 3967 2367 3690
f 3871 4093 3170
f 2736 3183 2670
f 3233 4324 4256
f 4003 3622 4081
f 3853 3082 2357
f 2667 4220 2307
f 2513 3817 2224
f 3911 3518 3696
f 2996 3867 2607
f 2925 2446 4056
f 2986 2899 4117
f 2961 4292 2745
f 3035 4164 2302
f 4144 3685 3025
f 2939 3113 4121
f 3016 3780 2751
f 3163 4022 2777
f 4022 3661 4031
f 2500 4321 2368
f 2537 3524 2939
f 3540 4339 3825
f 2737 2285 2286
f 4025 2588 3716
f 3823 3815 3703
f 3751 2609 3006
f 3197 3506 2695
f 4027 3950 3383
f 2802 3911 2938
f 3392 3354 2436
f 2958 3552 3295
f 2922 2711 2639
f 3971 3436 2940
f 2877 2839 2672
f 4263 4202 3387
f 4031 3661 3612
f 3573 3441 3842
f 2646 3999 3091
f 3198 2704 3421
f 2582 2361 3971
f 2701 2691 3699
f 2842 3447 3803
f 3016 2751 3070
f 3468 4062 4228
f 2597 2494 2528
f 3071 2838 3205
f 2631 3979 3666
f 2609 3751 3058
f 2859 3583 3931
f 3404 2215 2216
f 4283 4275 2529
f 3483 2674 2743
f 3321 2271 3829
f 2658 3495 4112
f 4233 2954 3714
f 3023 2815 3251
f 2778 3879 3200
f 2411 3759 3238
f 2791 3325 3254
f 3630 3549 3170
f 2667 2307 2308
f 3555 3627 2636
f 3340 3624 2977
f 3445 2558 3986
f 2461 3320 4045
f 3939 3461 3259
f 2579 3461 4279
f 3853 3462 3082
f 3727 2464 2964
f 2655 3762 3416
f 3621 3084 3499
f 3609 3243 3458
f 4290 4309 2605
f 2985 3230 4235
f 2989 2834 4084
f 4032 4004 3068
f 3660 3261 2887
f 3486 4141 2830
f 2402 2475 3856
f 2755 3210 3865
f 4171 3282 3190
f 3934 4289 3778
f 2859 2183 4142
f 3223 3616 3780
f 4150 2709 4113
f 4287 3270 3922
f 3867 2996 2936
f 3372 4255 3263
f 2882 2746 3090
f 2726 4214 3181
f 4277 3318 3356
f 2816 2706 2690
f 2347 3438 4068
f 2719 2615 3481
f 2842 3232 2351
f 2565 2354 3441
f 2403 2831 2456
f 2522 2234 3216
f 3289 2485 3887
f 2481 3744 2444
f 2847 4106 3321
f 3346 4240 3787
f 4166 3065 4136
f 3749 3924 4040
f 2201 2202 2896
f 3443 3180 3342
f 3771 3396 2739
f 2622 4094 2385
f 3830 3671 4084
f 2690 2706 2982
f 3029 3669 2665
f 2636 2892 3275
f 2763 2505 2651
f 3191 3997 2842
f 2615 3505 4079
f 3465 3256 3246
f 2353 3096 4288
f 4273 4109 3543
f 2826 3313 2671
f 3453 3391 3046
f 4115 2542 4295
f 3626 4112 3495
f 4319 3913 3516
f 3712 2448 3983
f 2448 4075 3459
f 3797 3718 4157
f 3797 3675 2561
f 2269 4106 4107
f 2276 3080 4051
f 3267 4270 3809
f 2702 2353 3408
f 3437 4015 4102
f 4081 3309 2712
f 2915 2712 3835
f 3537 3191 3481
f 3806 2947 3138
f 2969 3478 3670
f 2606 3813 3038
f 2366 3057 2539
f 3807 3232 3803
f 2547 3150 3232
f 2678 2816 3580
f 2775 2718 3218
f 3587 4085 4262
f 3924 3894 2659
f 2530 4104 3990
f 3076 3730 3089
f 3621 3750 3400
f 4121 3113 3499
f 3638 3107 2393
f 2618 3438 4148
f 2609 3196 4036
f 4288 3096 2886
f 2993 3592 4132
f 3304 4331 2591
f 3038 4086 4313
f 3909 3813 2759
f 3623 2998 3721
f 3358 4096 3116
f 2289 3106 3907
f 2667 4044 3192
f 2442 2754 2465
f 3593 3946 3469
f 3355 2698 3341
f 3501 3619 3747
f 3027 4115 4295
f 2805 3281 3220
f 3805 4211 2825
f 2676 4243 3211
f 4296 3316 2386
f 4296 3023 2532
f 3026 4288 3980
f 2656 2442 2465
f 3575 4100 2256
f 3792 4264 2474
f 4193 3362 2663
f 3553 3348 3832
f 3935 4160 3433
f 2628 2520 2359
f 2963 3886 3987
f 3580 2690 3615
f 2570 2530 3978
f 2776 2623 4228
f 2860 3972 3862
f 3079 3457 2374
f 2573 2275 4051
f 3353 3876 3953
f 4107 4106 2883
f 3363 3111 4032
f 3949 3532 3319
f 4163 3578 3923
f 3550 4250 2506
f 2871 4072 2516
f 2557 4232 3900
f 3602 3725 3760
f 3430 4111 3705
f 4175 2992 2457
f 3347 3173 2869
f 4040 3924 3626
f 2901 3880 3742
f 2675 4048 2488
f 2703 3122 3585
f 2645 3244 3222
f 3932 3991 4014
f 3492 3092 4169
f 3694 3733 3133
f 4168 3711 3350
f 2607 2376 2996
f 3090 2746 2856
f 2355 3698 2849
f 3193 3872 2849
f 2225 2858 2513
f 2414 2540 4335
f 2626 3731 2546
f 4109 4273 2871
f 2862 4120 4072
f 3631 3337 2475
f 3803 3445 3807
f 2797 2558 4324
f 4222 3693 3545
f 4081 2523 4003
f 4219 3403 3790
f 3659 2208 3373
f 3601 3541 2178
f 4031 3612 3573
f 3000 3570 3201
f 2348 2483 3642
f 2964 2926 2902
f 4212 3733 3694
f 2707 2683 3919
f 2695 3506 3329
f 3561 3687 2922
f 3863 3849 2244
f 2957 3802 2705
f 3802 3877 3885
f 3836 2955 2887
f 3544 3511 3485
f 3678 3087 2885
f 3294 2784 3087
f 2794 2731 3563
f 2691 3963 3169
f 4203 3638 2393
f 2920 3558 3280
f 4214 2726 3290
f 3966 2780 2989
f 2874 3968 2305
f 2610 3941 3929
f 2869 2888 3347
f 3701 3388 3306
f 3275 3257 2435
f 2722 4178 2892
f 4207 4006 2854
f 2406 2724 4158
f 3163 2878 4022
f 2717 2630 3645
f 2830 3553 3486
f 3486 2281 4141
f 2184 2185 4330
f 4142 2184 4330
f 2900 2626 3244
f 2625 3926 3412
f 2966 2299 2624
f 2305 3598 2874
f 2971 2865 2792
f 2519 4146 2614
f 2991 2360 4293
f 3921 3571 2583
f 4190 2953 3940
f 2383 2334 2335
f 3572 3348 3042
f 2471 2672 2839
f 2908 3002 3519
f 3231 3078 2463
f 3482 2837 2949
f 3425 3115 2827
f 3456 3668 3388
f 3176 3563 2987
f 4294 2503 3573
f 2983 3132 2447
f 3291 2992 4175
f 2643 2572 3890
f 2990 2578 4188
f 3032 3194 3228
f 2322 2323 3243
f 3335 3838 2318
f 3594 3335 3269
f 2449 3256 3475
f 2662 2746 2882
f 3287 3218 4078
f 4039 3111 3586
f 2845 4158 2724
f 3623 3054 4243
f 3552 2958 3590
f 3415 3460 3667
f 3028 3386 3582
f 3772 3277 4173
f 2998 3366 3901
f 3005 2447 3352
f 3940 4280 2566
f 3634 2717 2948
f 3936 3008 3947
f 2966 2624 2301
f 4164 2966 2301
f 3689 2553 3891
f 3103 3059 2546
f 3027 3991 4115
f 2458 3277 2917
f 2891 2403 3643
f 4167 2185 2186
f 3616 4102 4322
f 2564 4212 4015
f 3056 3763 3370
f 3203 3585 3122
f 2773 2568 3051
f 3638 4187 3280
f 4216 4124 2567
f 2397 2221 2222
f 3867 2637 2607
f 3949 4058 2766
f 4064 3346 3991
f 4012 3839 3192
f 2650 3233 4256
f 2814 3141 4013
f 3658 2373 3075
f 2394 3186 4184
f 2888 3826 4230
f 3569 2852 2445
f 3530 2331 4300
f 2925 3530 3118
f 2931 3209 4134
f 2311 3617 3951
f 3948 3058 3523
f 4089 3195 2995
f 2570 3816 2530
f 4262 3338 3587
f 4146 4175 2614
f 3736 4265 2581
f 2591 4105 3258
f 2447 3426 2454
f 2897 2861 3815
f 3300 3579 2433
f 2658 2652 3495
f 2413 4146 2867
f 3897 3822 2386
f 3276 3202 4185
f 2561 4186 3797
f 2726 4285 3290
f 2912 4009 3943
f 2424 2436 3354
f 4247 3652 2643
f 3619 2807 3032
f 2656 3843 2442
f 3653 2613 3976
f 3898 2803 2863
f 2986 4294 2899
f 3568 4201 2630
f 2928 3128 4125
f 4339 3832 3825
f 3882 3558 2536
f 3524 3663 3274
f 3943 3580 3615
f 3296 2476 4002
f 3015 2769 3844
f 4191 3301 3457
f 2579 4239 3461
f 2710 2375 4125
f 2641 4046 4182
f 4256 2496 4198
f 3497 2680 4082
f 2650 3531 3233
f 2841 3682 4066
f 4055 2365 4281
f 3933 2479 3493
f 2604 3053 4340
f 3987 2872 4200
f 2962 3645 2630
f 2433 3579 3008
f 3951 3277 2310
f 3387 3820 4263
f 3043 2932 3418
f 2451 3081 4088
f 4168 2575 4080
f 2558 2797 3986
f 2370 3407 2994
f 3714 2910 4233
f 3024 2425 2977
f 2770 2296 3748
f 2708 3276 3724
f 2248 3476 3611
f 2903 3268 3976
f 3515 3330 3090
f 3719 2457 2385
f 4293 3142 3791
f 2902 3042 4052
f 3853 3382 3462
f 2473 3475 3851
f 2689 3236 3019
f 3577 3496 3185
f 3437 3148 4257
f 3838 3820 2317
f 4161 2314 2315
f 2451 2618 3081
f 3297 4211 4301
f 4001 3518 2501
f 2732 2581 3659
f 4008 3112 3691
f 3887 3602 3175
f 2604 3662 4189
f 2930 3890 2388
f 3238 3759 3879
f 2687 3650 3214
f 2755 3790 3147
f 4137 3726 3773
f 2760 4020 2417
f 3419 4073 3116
f 3690 2532 2407
f 4033 4006 3861
f 4015 3437 2564
f 2824 3469 3342
f 4307 2679 2673
f 2850 4125 3128
f 3416 3273 3066
f 3438 2600 4068
f 4056 3159 2329
f 3428 3019 2419
f 2203 2380 2648
f 3749 3794 3020
f 2626 3384 3731
f 3092 2577 4169
f 3565 3497 4082
f 2764 3439 3468
f 4156 3411 2651
f 4170 3181 3393
f 2911 4181 2638
f 2938 4226 2508
f 3864 2608 2728
f 3204 3160 3899
f 4316 2466 4205
f 4130 4259 2782
f 2769 4130 2866
f 3779 3817 2984
f 3955 3399 3905
f 2510 3440 3472
f 3053 3962 2806
f 3501 3747 4103
f 4176 2198 2199
f 2200 4332 2199
f 4090 3064 3613
f 2469 2865 2971
f 2778 2582 3168
f 4041 4033 3436
f 3225 2437 2383
f 3114 4152 3079
f 3154 2916 4096
f 4043 2542 3156
f 3744 4312 3713
f 2730 4091 3302
f 4242 3031 3101
f 3652 3500 2643
f 3127 3050 2783
f 2890 3833 2799
f 2529 4275 3753
f 2344 3165 2397
f 4002 3289 4000
f 2841 3766 3974
f 2722 3627 3136
f 3938 2357 3492
f 3606 3138 4204
f 2804 3268 2432
f 4236 4065 2380
f 3817 2513 2466
f 3055 3902 3254
f 3738 2791 2942
f 3540 3172 2462
f 2988 3723 2273
f 2290 3106 2289
f 4192 2462 3172
f 4309 3539 2605
f 2630 2741 2962
f 2852 3569 3206
f 2556 3112 4008
f 3319 3677 4071
f 3343 3188 4172
f 3372 2584 2551
f 2403 2456 3643
f 4080 3191 3537
f 2628 4222 3881
f 2796 2650 2602
f 3133 3835 3694
f 4151 3528 3788
f 2450 3996 2921
f 2229 3126 2228
f 3726 3722 3709
f 2890 2738 2689
f 4229 4285 3050
f 3299 4074 3152
f 4331 3304 4183
f 2612 4151 3989
f 2430 4283 4323
f 3589 3297 3290
f 3848 2880 3840
f 2789 2253 4042
f 3575 2438 2398
f 4236 3958 4065
f 3142 3928 2956
f 3599 3425 2341
f 2365 2489 4266
f 2390 2597 2680
f 3357 3556 3834
f 3760 4119 2627
f 3405 3291 2413
f 2362 3394 3514
f 3177 3880 2901
f 3488 2517 3135
f 2986 2897 4177
f 3479 3036 4303
f 3724 3316 4238
f 4029 3476 3168
f 3395 4139 2512
f 3550 2506 2774
f 4304 3550 2774
f 3306 3657 2666
f 3015 4137 3773
f 2844 3614 2697
f 4137 2620 3726
f 2570 3978 3474
f 3714 3657 2601
f 2882 3090 2740
f 2800 4294 2986
f 2801 2734 3120
f 4183 2433 2772
f 4190 3187 3939
f 3842 4031 3573
f 2566 4147 3898
f 2579 3655 4239
f 4120 2862 3109
f 2507 2923 2489
f 3533 4293 2443
f 3554 3658 3014
f 2697 2555 3477
f 2828 4216 2812
f 2179 3376 3601
f 2720 3845 2482
f 2610 3107 3941
f 4155 3368 3959
f 3947 3139 3364
f 3063 3542 2364
f 4069 3623 2644
f 2322 3349 2321
f 3380 3734 2905
f 2369 3102 2422
f 3595 2181 2182
f 2679 2378 2673
f 3896 4200 4049
f 2350 2549 4157
f 2958 3603 3167
f 3022 3961 2999
f 2868 4195 2936
f 3612 4018 2899
f 2413 3245 3405
f 2612 3989 3701
f 3841 3441 2354
f 2967 4201 2777
f 3598 2305 2306
f 4012 4073 3945
f 3903 2959 3254
f 3479 2534 3007
f 2884 3353 3584
f 2904 3440 3667
f 3464 3957 4189
f 2742 3957 3464
f 2930 3145 4247
f 2903 2549 2432
f 2412 3635 2944
f 2944 2745 3746
f 2480 3591 2389
f 3428 3339 3019
f 2684 2611 3998
f 3240 2387 4139
f 3584 3353 2585
f 2817 2341 3582
f 2774 3494 3153
f 3873 3620 3341
f 2893 3417 3824
f 4159 3307 3954
f 4306 3713 3144
f 3536 3433 3739
f 2354 2565 3344
f 4278 2497 2541
f 2292 4206 4308
f 2976 3367 4024
f 3923 3207 4163
f 2521 3243 3609
f 3316 4296 2367
f 3937 3608 2349
f 3275 2312 2313
f 3525 3211 4243
f 3472 3440 3386
f 2275 2276 4051
f 2894 3452 2629
f 3062 3401 3702
f 3610 4204 3514
f 3875 3610 3396
f 2937 4315 2877
f 3228 3224 3131
f 2384 4000 2994
f 3403 4219 3722
f 4267 3984 4045
f 2629 2597 3757
f 2447 2454 3352
f 2383 2335 3422
f 4026 2193 2194
f 3006 2761 3751
f 4030 3591 2480
f 2868 2861 4117
f 2718 2775 3995
f 4224 2857 4199
f 2974 4326 3130
f 2947 3846 3138
f 3134 2677 2844
f 4216 3674 2812
f 2841 3121 3682
f 3413 3248 3796
f 4109 2871 2516
f 3144 3047 2543
f 2972 2665 3669
f 2947 3806 3179
f 2798 3611 4029
f 2606 3038 3451
f 4306 2965 3637
f 4077 4333 3161
f 2649 3067 4329
f 3913 3067 3516
f 2859 3072 2182
f 3072 2859 3931
f 3947 3364 4286
f 2967 4252 4201
f 2833 2659 2527
f 2918 2648 2380
f 2947 3179 4021
f 2460 2537 3737
f 2878 4163 3207
f 3799 3547 4278
f 2556 2212 3112
f 3165 2344 3265
f 2301 2302 4164
f 3685 3391 3025
f 2999 3552 3618
f 2795 2703 2853
f 3826 2527 3852
f 4154 4217 3764
f 4192 3010 4165
f 3308 3311 2278
f 2756 3103 3731
f 2693 3571 2603
f 4392 4431 4505
f 4494 4526 4408
f 4530 4403 4438
f 4510 4501 4473
f 4494 4440 4496
f 4346 4345 4474
f 4454 4349 4348
f 4475 4417 4509
f 4408 4402 4394
f 4346 4474 4476
f 4347 4519 4348
f 4354 4534 4355
f 4481 4395 4488
f 4386 4532 4445
f 4413 4512 4400
f 4397 4412 4485
f 4389 4487 4433
f 4490 4514 4452
f 4363 4362 4478
f 4450 4482 4478
f 4458 4508 4357
f 4511 4407 4483
f 4391 4502 4527
f 4491 4469 4482
f 4359 4437 4360
f 4388 4367 4366
f 4375 4374 4462
f 4511 4518 4468
f 4388 4366 4435
f 4411 4517 4391
f 4391 4372 4411
f 4406 4507 4441
f 4410 4507 4406
f 4469 4442 4482
f 4411 4371 4406
f 4426 4432 4444
f 4475 4446 4471
f 4533 4459 4422
f 4490 4479 4472
f 4529 4523 4505
f 4402 4515 4394
f 4461 4342 4529
f 4384 4341 4385
f 4390 4387 4525
f 4470 4452 4514
f 4343 4461 4493
f 4495 4428 4479
f 4524 4396 4487
f 4535 4532 4480
f 4462 4504 4432
f 4469 4433 4466
f 4446 4513 4503
f 4423 4513 4424
f 4372 4527 4373
f 4497 4488 4350
f 4498 4476 4510
f 4422 4440 4533
f 4511 4483 4460
f 4451 4404 4453
f 4429 4380 4379
f 4440 4525 4533
f 4480 4471 4535
f 4489 4488 4497
f 4364 4478 4442
f 4435 4499 4520
f 4353 4477 4354
f 4469 4466 4442
f 4384 4383 4523
f 4408 4526 4402
f 4419 4512 4433
f 4349 4497 4350
f 4437 4420 4491
f 4475 4428 4495
f 4514 4409 4470
f 4477 4457 4470
f 4474 4528 4510
f 4378 4377 4418
f 4409 4534 4477
f 4344 4528 4345
f 4415 4390 4521
f 4427 4449 4356
f 4377 4376 4500
f 4417 4390 4415
f 4469 4419 4433
f 4432 4468 4444
f 4426 4444 4405
f 4525 4387 4531
f 4423 4468 4518
f 4418 4377 4500
f 4402 4526 4429
f 4416 4399 4455
f 4410 4367 4507
f 4516 4467 4464
f 4366 4365 4435
f 4407 4504 4502
f 4429 4515 4402
f 4400 4467 4516
f 4464 4393 4516
f 4513 4509 4530
f 4384 4523 4341
f 4470 4434 4452
f 4395 4352 4351
f 4424 4444 4423
f 4497 4349 4454
f 4436 4399 4473
f 4506 4390 4525
f 4487 4396 4520
f 4397 4448 4458
f 4426 4376 4375
f 4450 4360 4437
f 4412 4386 4445
f 4370 4410 4406
f 4508 4443 4358
f 4503 4404 4446
f 4457 4434 4470
f 4428 4471 4480
f 4383 4382 4505
f 4424 4530 4438
f 4441 4411 4406
f 4394 4486 4521
f 4446 4404 4471
f 4467 4421 4448
f 4425 4378 4418
f 4424 4513 4530
f 4405 4444 4447
f 4520 4396 4388
f 4389 4524 4487
f 4373 4504 4374
f 4456 4517 4524
f 4486 4378 4425
f 4387 4390 4417
f 4494 4408 4440
f 4444 4424 4447
f 4440 4408 4506
f 4414 4431 4392
f 4527 4502 4504
f 4373 4527 4504
f 4445 4532 4535
f 4413 4389 4512
f 4431 4463 4461
f 4350 4488 4351
f 4419 4469 4491
f 4435 4365 4499
f 4448 4421 4508
f 4430 4496 4392
f 4419 4467 4512
f 4448 4508 4458
f 4415 4403 4530
f 4511 4453 4518
f 4532 4386 4409
f 4518 4404 4503
f 4501 4533 4531
f 4481 4452 4434
f 4466 4499 4442
f 4364 4442 4499
f 4396 4441 4507
f 4427 4401 4412
f 4421 4420 4508
f 4485 4465 4393
f 4462 4432 4426
f 4416 4473 4399
f 4521 4390 4394
f 4452 4455 4490
f 4515 4379 4486
f 4376 4426 4405
f 4509 4446 4475
f 4407 4511 4468
f 4458 4357 4449
f 4401 4355 4534
f 4423 4444 4468
f 4456 4483 4502
f 4482 4442 4478
f 4359 4443 4437
f 4492 4389 4413
f 4401 4534 4386
f 4434 4352 4395
f 4455 4452 4481
f 4521 4425 4403
f 4483 4492 4460
f 4495 4417 4475
f 4497 4454 4489
f 4439 4412 4397
f 4397 4393 4464
f 4500 4447 4438
f 4502 4391 4456
f 4428 4480 4472
f 4409 4477 4470
f 4419 4421 4467
f 4436 4479 4399
f 4440 4414 4496
f 4382 4392 4505
f 4418 4500 4522
f 4439 4427 4412
f 4430 4526 4494
f 4398 4529 4342
f 4407 4502 4483
f 4432 4504 4407
f 4422 4459 4463
f 4506 4525 4440
f 4393 4465 4451
f 4396 4524 4517
f 4463 4484 4493
f 4486 4394 4515
f 4419 4491 4421
f 4491 4450 4437
f 4512 4389 4433
f 4487 4466 4433
f 4451 4465 4404
f 4410 4370 4369
f 4417 4415 4509
f 4443 4508 4420
f 4449 4427 4439
f 4434 4457 4352
f 4368 4367 4410
f 4480 4514 4472
f 4395 4481 4434
f 4425 4418 4522
f 4454 4348 4519
f 4430 4382 4381
f 4529 4505 4431
f 4529 4398 4523
f 4423 4503 4513
f 4473 4498 4510
f 4424 4438 4447
f 4381 4526 4430
f 4354 4477 4534
f 4527 4372 4391
f 4357 4508 4358
f 4411 4372 4371
f 4397 4485 4393
f 4395 4351 4488
f 4357 4356 4449
f 4381 4380 4526
f 4476 4474 4510
f 4498 4489 4519
f 4400 4512 4467
f 4397 4458 4439
f 4467 4448 4464
f 4453 4400 4516
f 4399 4479 4490
f 4473 4531 4436
f 4479 4428 4472
f 4391 4517 4456
f 4342 4341 4398
f 4400 4453 4460
f 4487 4520 4466
f 4478 4361 4450
f 4409 4514 4532
f 4474 4345 4528
f 4342 4461 4343
f 4353 4457 4477
f 4347 4476 4519
f 4459 4510 4528
f 4460 4413 4400
f 4358 4443 4359
f 4407 4468 4432
f 4446 4509 4513
f 4427 4355 4401
f 4522 4438 4403
f 4506 4408 4394
f 4515 4429 4379
f 4416 4481 4489
f 4519 4489 4454
f 4392 4382 4430
f 4440 4422 4414
f 4476 4347 4346
f 4509 4415 4530
f 4529 4431 4461
f 4489 4498 4416
f 4478 4364 4363
f 4492 4524 4389
f 4453 4404 4518
f 4438 4522 4500
f 4484 4528 4344
f 4436 4495 4479
f 4387 4417 4495
f 4421 4491 4420
f 4456 4524 4492
f 4448 4397 4464
f 4378 4486 4379
f 4507 4367 4388
f 4493 4344 4343
f 4523 4383 4505
f 4453 4516 4451
f 4486 4425 4521
f 4517 4441 4396
f 4450 4491 4482
f 4460 4453 4511
f 4458 4449 4439
f 4399 4490 4455
f 4404 4465 4471
f 4398 4341 4523
f 4485 4445 4465
f 4462 4374 4504
f 4535 4471 4465
f 4478 4362 4361
f 4361 4360 4450
f 4481 4416 4455
f 4405 4500 4376
f 4412 4401 4386
f 4498 4473 4416
f 4473 4501 4531
f 4403 4425 4522
f 4465 4445 4535
f 4410 4369 4368
f 4364 4499 4365
f 4420 4437 4443
f 4475 4471 4428
f 4520 4499 4466
f 4463 4431 4414
f 4489 4481 4488
f 4406 4371 4370
f 4396 4507 4388
f 4387 4495 4436
f 4456 4492 4483
f 4394 4390 4506
f 4510 4459 4501
f 4463 4493 4461
f 4531 4387 4436
f 4393 4451 4516
f 4517 4411 4441
f 4500 4405 4447
f 4430 4494 4496
f 4496 4414 4392
f 4514 4490 4472
f 4520 4388 4435
f 4480 4532 4514
f 4533 4525 4531
f 4503 4423 4518
f 4493 4484 4344
f 4429 4526 4380
f 4413 4460 4492
f 4426 4375 4462
f 4459 4533 4501
f 4459 4484 4463
f 4519 4476 4498
f 4457 4353 4352
f 4445 4485 4412
f 4422 4463 4414
f 4356 4355 4427
f 4521 4403 4415
f 4459 4528 4484
f 4409 4386 4534
f 4691 4579 4652
f 4711 4725 4615
f 4723 4673 4706
f 4620 4678 4694
f 4664 4651 4545
f 4720 4547 4548
f 4702 4700 4605
f 4722 4705 4643
f 4622 4702 4542
f 4657 4599 4668
f 4701 4589 4690
f 4656 4540 4541
f 4621 4716 4713
f 4630 4586 4608
f 4725 4711 4629
f 4616 4569 4606
f 4645 4638 4626
f 4550 4551 4696
f 4618 4638 4692
f 4612 4645 4637
f 4712 4709 4634
f 4707 4598 4701
f 4558 4592 4557
f 4641 4630 4635
f 4631 4726 4642
f 4708 4607 4564
f 4631 4676 4637
f 4607 4563 4564
f 4618 4554 4684
f 4726 4684 4555
f 4628 4665 4594
f 4625 4623 4568
f 4677 4654 4584
f 4718 4669 4640
f 4661 4688 4552
f 4633 4714 4609
f 4705 4572 4643
f 4571 4705 4722
f 4633 4604 4713
f 4580 4653 4579
f 4694 4666 4727
f 4723 4576 4577
f 4590 4632 4640
f 4691 4719 4578
f 4613 4606 4571
f 4601 4591 4566
f 4685 4591 4601
f 4727 4719 4650
f 4717 4710 4645
f 4687 4667 4615
f 4604 4673 4678
f 4585 4586 4641
f 4646 4614 4598
f 4605 4675 4541
f 4687 4696 4703
f 4639 4561 4562
f 4715 4681 4560
f 4537 4602 4682
f 4713 4654 4677
f 4570 4606 4569
f 4724 4659 4676
f 4558 4559 4724
f 4623 4671 4680
f 4565 4708 4564
f 4663 4607 4655
f 4631 4637 4626
f 4684 4554 4555
f 4647 4628 4594
f 4583 4644 4669
f 4665 4643 4594
f 4717 4590 4710
f 4700 4683 4584
f 4536 4581 4652
f 4700 4654 4721
f 4639 4587 4561
f 4539 4670 4538
f 4723 4679 4673
f 4629 4548 4549
f 4649 4704 4603
f 4638 4645 4710
f 4624 4596 4660
f 4633 4713 4611
f 4640 4669 4662
f 4563 4663 4697
f 4582 4689 4659
f 4627 4621 4620
f 4653 4652 4579
f 4671 4632 4648
f 4706 4673 4609
f 4541 4542 4605
f 4664 4630 4683
f 4548 4629 4693
f 4716 4621 4627
f 4690 4589 4585
f 4713 4677 4611
f 4697 4663 4658
f 4674 4616 4593
f 4599 4598 4707
f 4728 4725 4549
f 4620 4602 4670
f 4567 4568 4623
f 4669 4660 4662
f 4608 4683 4630
f 4581 4650 4652
f 4687 4644 4667
f 4602 4694 4727
f 4709 4689 4582
f 4649 4603 4613
f 4613 4593 4606
f 4725 4687 4615
f 4686 4646 4611
f 4614 4608 4586
f 4720 4693 4641
f 4680 4671 4648
f 4699 4665 4698
f 4712 4634 4658
f 4566 4591 4617
f 4703 4660 4644
f 4686 4677 4584
f 4699 4704 4649
f 4668 4644 4583
f 4722 4643 4649
f 4614 4589 4701
f 4711 4615 4585
f 4539 4540 4595
f 4702 4605 4542
f 4664 4545 4546
f 4674 4671 4616
f 4632 4671 4674
f 4689 4729 4695
f 4692 4638 4596
f 4600 4583 4704
f 4704 4699 4619
f 4626 4684 4631
f 4671 4625 4616
f 4627 4620 4670
f 4682 4650 4581
f 4718 4603 4704
f 4678 4620 4621
f 4651 4622 4543
f 4696 4551 4688
f 4707 4701 4690
f 4722 4613 4571
f 4587 4715 4561
f 4582 4634 4709
f 4655 4617 4591
f 4593 4603 4730
f 4672 4588 4706
f 4674 4593 4730
f 4600 4657 4668
f 4582 4587 4634
f 4684 4626 4618
f 4619 4600 4704
f 4662 4596 4710
f 4596 4638 4710
f 4728 4549 4550
f 4582 4681 4715
f 4612 4717 4645
f 4610 4680 4648
f 4582 4659 4681
f 4676 4631 4642
f 4577 4666 4723
f 4663 4655 4685
f 4686 4584 4608
f 4730 4603 4718
f 4592 4556 4557
f 4610 4636 4729
f 4728 4696 4687
f 4586 4630 4641
f 4716 4654 4713
f 4706 4609 4672
f 4676 4659 4695
f 4629 4549 4725
f 4601 4566 4567
f 4627 4595 4716
f 4677 4686 4611
f 4606 4570 4571
f 4662 4590 4640
f 4539 4595 4627
f 4647 4574 4588
f 4721 4595 4656
f 4694 4678 4679
f 4539 4627 4670
f 4687 4703 4644
f 4668 4599 4707
f 4653 4536 4652
f 4613 4722 4649
f 4719 4666 4578
f 4682 4727 4650
f 4721 4675 4700
f 4721 4716 4595
f 4708 4565 4617
f 4617 4565 4566
f 4672 4628 4647
f 4683 4622 4664
f 4619 4699 4698
f 4714 4698 4672
f 4592 4642 4726
f 4610 4709 4680
f 4632 4674 4730
f 4729 4717 4612
f 4616 4606 4593
f 4726 4631 4684
f 4592 4558 4724
f 4658 4663 4685
f 4661 4692 4688
f 4714 4633 4611
f 4685 4712 4658
f 4634 4587 4658
f 4546 4635 4664
f 4692 4596 4624
f 4619 4698 4597
f 4600 4619 4657
f 4609 4714 4672
f 4664 4635 4630
f 4691 4578 4579
f 4608 4614 4686
f 4688 4551 4552
f 4597 4698 4714
f 4638 4618 4626
f 4667 4690 4615
f 4588 4672 4647
f 4719 4691 4650
f 4697 4658 4639
f 4601 4623 4680
f 4683 4700 4702
f 4616 4625 4569
f 4670 4602 4538
f 4727 4666 4719
f 4695 4659 4689
f 4703 4624 4660
f 4548 4693 4720
f 4651 4664 4622
f 4661 4553 4618
f 4645 4626 4637
f 4700 4584 4654
f 4702 4622 4683
f 4581 4536 4537
f 4575 4576 4706
f 4604 4609 4673
f 4706 4588 4575
f 4729 4612 4695
f 4729 4636 4717
f 4643 4572 4594
f 4625 4568 4569
f 4604 4621 4713
f 4682 4602 4727
f 4589 4586 4585
f 4700 4675 4605
f 4661 4552 4553
f 4640 4730 4718
f 4669 4718 4583
f 4560 4681 4559
f 4547 4720 4635
f 4694 4602 4620
f 4599 4657 4646
f 4612 4637 4695
f 4611 4597 4714
f 4715 4587 4582
f 4692 4661 4618
f 4715 4560 4561
f 4675 4656 4541
f 4636 4590 4717
f 4694 4679 4666
f 4577 4578 4666
f 4563 4607 4663
f 4598 4614 4701
f 4589 4614 4586
f 4667 4707 4690
f 4665 4628 4698
f 4647 4594 4573
f 4696 4624 4703
f 4636 4632 4590
f 4623 4601 4567
f 4590 4662 4710
f 4655 4607 4708
f 4591 4685 4655
f 4657 4619 4597
f 4648 4636 4610
f 4699 4649 4665
f 4603 4593 4613
f 4651 4543 4544
f 4656 4595 4540
f 4729 4689 4709
f 4545 4651 4544
f 4696 4688 4624
f 4622 4542 4543
f 4633 4609 4604
f 4724 4642 4592
f 4730 4640 4632
f 4588 4574 4575
f 4572 4705 4571
f 4573 4594 4572
f 4621 4604 4678
f 4632 4636 4648
f 4546 4547 4635
f 4679 4678 4673
f 4562 4697 4639
f 4724 4681 4659
f 4628 4672 4698
f 4601 4680 4712
f 4712 4685 4601
f 4537 4538 4602
f 4644 4668 4707
f 4720 4641 4635
f 4574 4647 4573
f 4625 4671 4623
f 4597 4611 4646
f 4608 4584 4683
f 4711 4693 4629
f 4657 4597 4646
f 4708 4617 4655
f 4556 4592 4726
f 4662 4660 4596
f 4675 4721 4656
f 4697 4562 4563
f 4642 4724 4676
f 4600 4668 4583
f 4721 4654 4716
f 4650 4691 4652
f 4580 4536 4653
f 4669 4644 4660
f 4687 4725 4728
f 4690 4585 4615
f 4666 4679 4723
f 4712 4680 4709
f 4583 4718 4704
f 4686 4614 4646
f 4576 4723 4706
f 4692 4624 4688
f 4585 4641 4693
f 4585 4693 4711
f 4667 4644 4707
f 4554 4618 4553
f 4556 4726 4555
f 4665 4649 4643
f 4537 4682 4581
f 4599 4646 4598
f 4709 4610 4729
f 4696 4728 4550
f 4587 4639 4658
f 4724 4559 4681
f 4637 4676 4695
f 4829 4782 4802
f 4849 4773 4772
f 4732 4731 4846
f 4817 4774 4779
f 4735 4734 4868
f 4809 4866 4873
f 4816 4869 4848
f 4831 4843 4824
f 4879 4918 4908
f 4840 4788 4827
f 4881 4828 4841
f 4791 4893 4786
f 4823 4806 4912
f 4786 4893 4858
f 4786 4794 4791
f 4827 4895 4901
f 4740 4828 4901
f 4858 4844 4786
f 4760 4784 4875
f 4799 4913 4851
f 4855 4749 4748
f 4811 4792 4806
f 4847 4752 4922
f 4823 4793 4825
f 4920 4753 4847
f 4751 4750 4859
f 4857 4920 4847
f 4739 4828 4740
f 4883 4912 4792
f 4811 4789 4919
f 4896 4802 4870
f 4856 4874 4826
f 4781 4831 4910
f 4814 4885 4882
f 4843 4831 4878
f 4770 4915 4908
f 4837 4763 4762
f 4854 4776 4820
f 4818 4880 4826
f 4835 4924 4925
f 4867 4914 4915
f 4803 4924 4736
f 4924 4900 4737
f 4909 4862 4822
f 4891 4918 4776
f 4830 4842 4871
f 4805 4887 4905
f 4741 4895 4780
f 4925 4803 4787
f 4817 4779 4894
f 4787 4923 4777
f 4817 4775 4774
f 4740 4901 4895
f 4885 4911 4835
f 4822 4862 4788
f 4818 4874 4800
f 4860 4781 4865
f 4744 4898 4745
f 4794 4898 4744
f 4760 4759 4784
f 4800 4866 4809
f 4812 4879 4887
f 4794 4744 4743
f 4851 4906 4797
f 4778 4883 4909
f 4772 4771 4891
f 4869 4857 4888
f 4845 4829 4838
f 4768 4867 4769
f 4877 4855 4903
f 4823 4839 4806
f 4887 4805 4812
f 4815 4910 4824
f 4822 4840 4874
f 4889 4921 4783
f 4783 4798 4889
f 4758 4757 4816
f 4821 4816 4848
f 4916 4785 4863
f 4858 4883 4844
f 4825 4793 4842
f 4869 4789 4839
f 4835 4911 4924
f 4868 4734 4923
f 4815 4884 4766
f 4780 4862 4832
f 4778 4909 4856
f 4783 4902 4851
f 4811 4806 4789
f 4799 4797 4898
f 4892 4852 4821
f 4875 4784 4916
f 4841 4738 4850
f 4892 4842 4830
f 4823 4912 4793
f 4827 4890 4840
f 4854 4813 4777
f 4812 4810 4820
f 4776 4854 4849
f 4924 4803 4925
f 4814 4845 4873
f 4780 4742 4741
f 4779 4897 4836
f 4847 4922 4888
f 4755 4920 4756
f 4849 4772 4891
f 4829 4896 4880
f 4910 4831 4824
f 4818 4800 4809
f 4781 4763 4865
f 4880 4838 4829
f 4767 4884 4768
f 4785 4871 4872
f 4903 4747 4746
f 4842 4892 4821
f 4769 4915 4770
f 4878 4914 4843
f 4868 4923 4787
f 4894 4779 4836
f 4822 4874 4856
f 4886 4905 4876
f 4867 4843 4914
f 4867 4915 4769
f 4830 4916 4892
f 4919 4917 4864
f 4908 4808 4833
f 4854 4836 4849
f 4851 4902 4906
f 4886 4805 4905
f 4742 4780 4832
f 4853 4793 4778
f 4788 4862 4780
f 4807 4737 4900
f 4857 4847 4888
f 4925 4787 4804
f 4814 4882 4805
f 4812 4882 4810
f 4787 4813 4804
f 4756 4920 4857
f 4861 4790 4863
f 4767 4766 4884
f 4890 4819 4881
f 4925 4804 4835
f 4845 4886 4782
f 4822 4788 4840
f 4829 4802 4896
f 4819 4890 4827
f 4835 4882 4885
f 4803 4735 4868
f 4796 4890 4881
f 4795 4761 4875
f 4816 4821 4852
f 4831 4781 4860
f 4834 4887 4833
f 4812 4805 4882
f 4788 4780 4895
f 4819 4901 4828
f 4878 4876 4834
f 4907 4815 4824
f 4826 4874 4818
f 4830 4785 4916
f 4900 4911 4807
f 4795 4863 4837
f 4813 4820 4810
f 4774 4897 4779
f 4893 4909 4858
f 4781 4764 4763
f 4880 4896 4861
f 4872 4853 4826
f 4745 4877 4746
f 4785 4872 4861
f 4859 4750 4921
f 4842 4793 4871
f 4814 4805 4886
f 4760 4875 4761
f 4848 4869 4839
f 4885 4873 4904
f 4854 4820 4813
f 4907 4843 4867
f 4801 4878 4831
f 4742 4791 4743
f 4870 4860 4865
f 4790 4896 4870
f 4846 4731 4775
f 4773 4849 4897
f 4816 4852 4758
f 4922 4919 4888
f 4858 4909 4883
f 4794 4743 4791
f 4914 4878 4834
f 4846 4775 4817
f 4904 4873 4866
f 4776 4879 4820
f 4862 4893 4832
f 4791 4742 4832
f 4839 4823 4825
f 4842 4821 4825
f 4850 4796 4881
f 4802 4782 4801
f 4897 4774 4773
f 4891 4771 4918
f 4902 4921 4855
f 4748 4747 4903
f 4883 4792 4844
f 4736 4735 4803
f 4855 4921 4749
f 4877 4903 4746
f 4889 4864 4921
f 4745 4797 4877
f 4864 4859 4921
f 4751 4917 4752
f 4845 4814 4886
f 4809 4873 4845
f 4782 4886 4876
f 4838 4818 4809
f 4890 4800 4840
f 4912 4806 4792
f 4766 4765 4815
f 4795 4762 4761
f 4798 4844 4792
f 4864 4917 4859
f 4880 4818 4838
f 4865 4763 4837
f 4923 4733 4894
f 4827 4901 4819
f 4897 4849 4836
f 4915 4808 4908
f 4776 4918 4879
f 4894 4777 4923
f 4856 4909 4822
f 4816 4857 4869
f 4845 4782 4829
f 4849 4891 4776
f 4917 4922 4752
f 4825 4848 4839
f 4790 4865 4837
f 4899 4866 4796
f 4819 4828 4881
f 4815 4765 4910
f 4873 4885 4814
f 4912 4883 4778
f 4789 4869 4888
f 4917 4919 4922
f 4808 4914 4834
f 4876 4801 4782
f 4903 4855 4748
f 4789 4806 4839
f 4784 4759 4852
f 4790 4861 4896
f 4911 4904 4899
f 4907 4768 4884
f 4793 4912 4778
f 4737 4807 4738
f 4836 4854 4777
f 4817 4733 4732
f 4866 4899 4904
f 4910 4765 4764
f 4786 4913 4799
f 4832 4893 4791
f 4880 4872 4826
f 4911 4885 4904
f 4831 4860 4801
f 4884 4815 4907
f 4892 4784 4852
f 4777 4813 4787
f 4834 4905 4887
f 4736 4924 4737
f 4888 4919 4789
f 4783 4851 4913
f 4913 4798 4783
f 4848 4825 4821
f 4759 4758 4852
f 4738 4807 4850
f 4918 4771 4770
f 4810 4835 4804
f 4837 4762 4795
f 4740 4895 4741
f 4855 4906 4902
f 4794 4799 4898
f 4836 4777 4894
f 4879 4833 4887
f 4807 4899 4796
f 4856 4826 4853
f 4910 4764 4781
f 4916 4784 4892
f 4867 4768 4907
f 4733 4817 4894
f 4913 4844 4798
f 4895 4827 4788
f 4733 4923 4734
f 4880 4861 4872
f 4816 4757 4857
f 4807 4796 4850
f 4796 4866 4890
f 4790 4837 4863
f 4864 4811 4919
f 4799 4794 4786
f 4799 4851 4797
f 4745 4898 4797
f 4863 4795 4875
f 4881 4841 4850
f 4915 4914 4808
f 4876 4905 4834
f 4877 4797 4906
f 4749 4921 4750
f 4830 4871 4785
f 4810 4882 4835
f 4838 4809 4845
f 4833 4808 4834
f 4739 4841 4828
f 4853 4778 4856
f 4870 4802 4860
f 4860 4802 4801
f 4866 4800 4890
f 4879 4812 4820
f 4916 4863 4875
f 4909 4893 4862
f 4738 4841 4739
f 4811 4864 4889
f 4879 4908 4833
f 4813 4810 4804
f 4871 4853 4872
f 4907 4824 4843
f 4847 4753 4752
f 4870 4865 4790
f 4753 4920 4754
f 4754 4920 4755
f 4918 4770 4908
f 4785 4861 4863
f 4751 4859 4917
f 4786 4844 4913
f 4757 4756 4857
f 4793 4853 4871
f 4906 4855 4877
f 4889 4798 4811
f 4783 4921 4902
f 4811 4798 4792
f 4840 4800 4874
f 4900 4924 4911
f 4878 4801 4876
f 4817 4732 4846
f 4803 4868 4787
f 4807 4911 4899
f 5030 4970 4926
f 4994 4999 4981
f 4994 5084 5021
f 4969 5105 4968
f 5083 5043 4980
f 5007 4969 4970
f 5030 5078 4970
f 5052 5081 5064
f 4929 5046 4928
f 4986 5118 5057
f 5058 5025 4974
f 5045 5024 5022
f 4944 4945 5019
f 5109 5043 5080
f 4935 4936 5041
f 4997 5002 5008
f 5056 5049 5087
f 5029 5116 5053
f 4940 4990 4997
f 5056 4974 5111
f 4996 5088 5071
f 5010 4950 5004
f 5088 5023 4993
f 4982 4946 4947
f 4951 5028 5004
f 4990 5074 5093
f 5093 5019 4978
f 4989 5100 4977
f 5060 4952 5047
f 5006 5117 5029
f 5080 4995 5109
f 4930 4931 4995
f 4981 5096 5084
f 5119 5015 5031
f 5076 5082 4984
f 4994 4975 5046
f 5104 5059 4988
f 5097 5082 5032
f 5005 5038 5077
f 5095 4956 5044
f 5119 5031 5048
f 5098 5101 5003
f 5084 5000 5021
f 4988 5113 5069
f 5097 5120 5034
f 4985 4957 4958
f 5026 5020 5088
f 4979 5041 4936
f 5106 5012 5083
f 5028 4952 5060
f 4947 5001 5009
f 4999 4995 4981
f 5072 4965 4987
f 5032 5082 5102
f 4983 5057 5118
f 5008 5087 4997
f 5028 4977 5004
f 5074 4941 4942
f 5053 5036 5033
f 5045 5022 5089
f 4993 5099 5116
f 5045 4973 5025
f 5066 5037 5075
f 4963 4964 5062
f 5086 5013 4972
f 5067 5092 4982
f 5049 5111 4938
f 4986 5057 5068
f 5090 5058 5050
f 5107 4998 4961
f 4984 5082 5097
f 4971 5072 5054
f 5027 4996 5065
f 4978 5114 5051
f 5079 5099 4993
f 4931 4932 5109
f 4991 5054 5115
f 5055 5017 5026
f 5003 5105 5021
f 5012 5022 4983
f 5088 5029 5117
f 5022 5057 4983
f 5009 5001 5103
f 5000 5098 5021
f 5000 5084 5061
f 5001 5010 5004
f 5071 5088 5117
f 5053 5050 5036
f 5052 5015 5120
f 4967 4968 5003
f 5096 5080 5066
f 5041 5045 5089
f 4995 5080 5096
f 5056 5050 4974
f 4980 5106 5083
f 5100 5067 5009
f 4950 4951 5004
f 5062 5064 4998
f 5081 5052 5120
f 4976 4991 5061
f 5106 4933 4934
f 4991 4976 5048
f 4966 5101 4987
f 5027 4954 4955
f 5028 4951 4952
f 4974 4973 5111
f 4997 5049 4939
f 5000 4987 5098
f 5061 5115 5000
f 5092 5067 5051
f 4992 5006 4989
f 5062 4971 5011
f 5017 5055 5077
f 5114 5092 5051
f 5056 5087 5040
f 4975 5063 5046
f 5007 5063 5105
f 5116 5090 5053
f 5073 5047 4953
f 4947 4948 5001
f 5010 4949 4950
f 4982 4947 5009
f 5036 5051 5067
f 5062 4964 4971
f 5005 4984 5034
f 4996 5027 5026
f 5031 5042 4991
f 5007 5078 5039
f 4996 5071 5065
f 5047 5073 5085
f 4957 5044 4956
f 5112 5035 5034
f 4971 5054 5042
f 5097 5081 5120
f 5102 5076 4958
f 5047 4952 4953
f 5059 5038 5035
f 5104 5069 5013
f 5016 4986 5013
f 5029 5053 5006
f 5008 5002 4978
f 5006 5053 5033
f 5107 4962 4963
f 4995 5096 4981
f 5120 5119 5034
f 5075 5037 5018
f 4974 5025 4973
f 4954 5027 5065
f 5113 5108 5069
f 5099 5091 5058
f 5087 5008 5070
f 4992 5085 5073
f 5118 4986 5016
f 5095 5055 5026
f 5107 4963 5062
f 5071 4992 5073
f 5119 5048 5113
f 4982 5092 4946
f 5067 5033 5036
f 4948 4949 5010
f 4979 4937 5111
f 5063 4975 5105
f 5096 5061 5084
f 5103 5001 5004
f 5037 5080 5043
f 5066 5075 5108
f 5028 5060 4977
f 5010 5001 4948
f 5024 5025 5091
f 5083 5037 5043
f 4960 4961 5110
f 5077 5055 5044
f 5075 5018 5016
f 5089 5022 5012
f 5002 4997 4990
f 5048 5108 5113
f 4929 4930 4999
f 5026 5088 4996
f 5034 5035 5005
f 4976 5066 5108
f 4927 5030 4926
f 5049 4938 4939
f 4990 4940 4941
f 5069 5016 5013
f 5091 5025 5058
f 5083 4983 5018
f 5110 5064 5081
f 4975 5021 5105
f 4988 5035 5112
f 5055 5095 5044
f 5016 5018 5118
f 4980 4932 4933
f 5093 4978 5002
f 5042 5031 5015
f 4967 5101 4966
f 5090 5050 5053
f 5006 4992 5117
f 5038 5059 5017
f 5102 4959 5032
f 5012 4983 5083
f 4945 4946 5092
f 5022 5024 5057
f 4983 5118 5018
f 4937 4979 4936
f 4943 5093 5074
f 4998 5110 4961
f 5112 5119 5113
f 4990 4941 5074
f 5026 5027 5095
f 5026 5017 5020
f 4971 4965 5072
f 5004 4977 5103
f 5091 5099 5068
f 5040 5070 5036
f 5083 5018 5037
f 5104 5013 5094
f 4972 5068 5079
f 4940 4997 4939
f 5041 5089 4935
f 5014 4985 5076
f 5111 4937 4938
f 5023 5020 5094
f 5056 5040 5050
f 5039 5063 5007
f 5101 4967 5003
f 4960 5110 5032
f 5102 5082 5076
f 4994 4981 5084
f 5098 5003 5021
f 5011 5064 5062
f 5038 5017 5077
f 4985 5077 5044
f 5097 5032 5081
f 4993 5023 5079
f 4934 5089 5012
f 5100 5009 5103
f 4944 5019 5093
f 5045 5025 5024
f 5048 5031 4991
f 5086 5094 5013
f 5075 5016 5069
f 5070 5008 4978
f 4954 5065 4953
f 5073 5065 5071
f 5014 5005 5077
f 4999 5046 4929
f 5046 5039 4928
f 5092 5114 4945
f 4989 5060 5085
f 4973 5045 5041
f 4978 5051 5070
f 5007 5105 4969
f 4965 4966 4987
f 5011 4971 5042
f 4978 5019 5114
f 4992 4989 5085
f 5116 5099 5090
f 5078 5007 4970
f 5021 4975 4994
f 5086 5079 5023
f 5029 4993 5116
f 4927 5039 5078
f 4989 4977 5060
f 5120 5015 5119
f 5050 5058 4974
f 5119 5112 5034
f 5072 4987 5054
f 5020 5017 5094
f 5046 4999 4994
f 5098 4987 5101
f 5106 4980 4933
f 5020 5023 5088
f 4982 5009 5067
f 5108 5075 5069
f 5079 5086 4972
f 5099 5079 5068
f 5058 5090 5099
f 5095 5027 4955
f 5093 5002 4990
f 5104 4988 5069
f 4980 5109 4932
f 5050 5040 5036
f 5013 4986 4972
f 5111 4973 4979
f 4959 5102 4958
f 5093 4943 4944
f 5114 5019 4945
f 4992 5071 5117
f 5087 5070 5040
f 5096 5066 4976
f 4953 5065 5073
f 5068 4972 4986
f 4993 5029 5088
f 5003 4968 5105
f 5059 5035 4988
f 4958 5076 4985
f 5095 4955 4956
f 4976 5108 5048
f 5000 5115 4987
f 5089 4934 4935
f 5106 4934 5012
f 5085 5060 5047
f 5006 5033 4989
f 4971 4964 4965
f 4987 5115 5054
f 5005 5035 5038
f 5068 5057 5024
f 5087 5049 4997
f 5070 5051 5036
f 5005 5014 4984
f 5014 5076 4984
f 5080 5037 5066
f 5064 5011 5052
f 5094 5017 5059
f 5049 5056 5111
f 4976 5061 5096
f 4959 4960 5032
f 4928 5039 4927
f 5078 5030 4927
f 4991 5042 5054
f 4999 4930 4995
f 5110 5081 5032
f 5107 5062 4998
f 5091 5068 5024
f 4980 5043 5109
f 5015 5052 5042
f 5077 4985 5014
f 5044 4957 4985
f 5011 5042 5052
f 5100 5033 5067
f 5103 4977 5100
f 4984 5097 5034
f 4931 5109 4995
f 5104 5094 5059
f 5033 5100 4989
f 4979 4973 5041
f 4942 4943 5074
f 4961 4962 5107
f 4991 5115 5061
f 5063 5039 5046
f 5094 5086 5023
f 4998 5064 5110
f 4988 5112 5113
f 5734 5718 5243
f 5224 6049 5999
f 5554 5186 6070
f 6011 6136 5223
f 6136 6029 5382
f 5285 5899 5196
f 5661 5974 5361
f 5173 6032 5816
f 5567 5689 6090
f 5474 5508 5867
f 6157 6077 5400
f 5312 6051 6033
f 5395 6034 5863
f 5855 5132 5133
f 5693 5844 5138
f 5434 6122 6115
f 6007 5409 5142
f 5251 5848 5137
f 5754 5884 5900
f 5662 5462 6097
f 5932 5524 5989
f 5222 5883 5376
f 5931 5329 5872
f 5313 6102 5398
f 5746 5738 5146
f 5176 5706 5498
f 5587 6033 5358
f 5979 6149 5238
f 5381 5535 5154
f 5584 5812 5335
f 6059 5468 6002
f 5173 5607 5621
f 5641 5231 5940
f 6119 6085 5366
f 5909 5632 5667
f 5770 5448 5261
f 5955 5333 5171
f 5874 5502 5496
f 5959 5158 5903
f 6145 5975 5549
f 5909 5522 5449
f 5951 5163 5164
f 5924 5784 5864
f 5161 5417 5160
f 5197 5953 5557
f 6128 5765 5795
f 6146 5934 5594
f 6087 5601 5910
f 5269 5339 5790
f 5723 5994 5316
f 5327 5298 5667
f 6017 5695 5730
f 5615 6152 5379
f 5933 5346 5408
f 5341 5581 5184
f 5713 5568 5351
f 5138 5139 5693
f 5492 5326 5434
f 5223 5245 5421
f 6110 5636 5630
f 5181 5684 5854
f 6099 6123 5714
f 5477 5343 5409
f 5571 5358 5497
f 6091 5664 5967
f 5379 5679 5922
f 5766 5688 5743
f 6029 5125 5126
f 5935 5961 6100
f 5273 5307 6037
f 5569 5482 6142
f 5927 5568 5713
f 5748 5969 5552
f 5734 5243 5446
f 5900 5790 5754
f 5707 5994 6157
f 5929 5897 5892
f 5365 5631 5592
f 6124 5372 6132
f 5980 5870 5807
f 5385 5676 5499
f 6084 5940 5465
f 5919 5661 5361
f 5326 5274 5425
f 5416 5186 5554
f 6099 5437 6123
f 5177 5852 6162
f 5133 5860 5855
f 5792 5509 5401
f 5280 5683 5155
f 5191 5139 5169
f 6143 5239 5729
f 5834 5519 5415
f 5356 6140 6067
f 6052 5843 5803
f 5785 5677 5254
f 5203 5512 5495
f 6150 5448 5152
f 5492 6115 5923
f 5467 5706 5176
f 5605 5353 5643
f 5943 5720 5273
f 5525 5463 5906
f 5967 5920 5708
f 5852 5810 5267
f 5334 6057 5662
f 5215 5173 5621
f 5429 6000 5308
f 5268 5566 5992
f 5779 5758 6126
f 5935 6100 5194
f 5420 5365 5592
f 6051 5945 6033
f 6117 6020 5544
f 5925 5853 5629
f 5649 5643 5353
f 5259 5122 5842
f 5229 6092 5122
f 5973 5893 5885
f 5565 5613 6036
f 5458 5967 5708
f 5389 5633 5857
f 5237 6042 5342
f 5140 5334 5662
f 5280 5155 5156
f 5372 5797 5479
f 5327 5832 6019
f 5819 5780 5539
f 5140 5169 5139
f 5971 5987 5457
f 5378 5930 5760
f 5205 5413 5134
f 5776 5998 5841
f 6043 5914 5776
f 5346 5311 5149
f 6078 5755 5614
f 5775 5645 5580
f 5250 5840 5563
f 6053 5969 5873
f 5991 5943 5273
f 5660 5569 6142
f 5647 5754 5176
f 5872 5595 5597
f 5177 6069 5612
f 5598 5241 5159
f 5330 5651 5557
f 6102 5726 6073
f 5978 5654 5189
f 5340 5179 6013
f 5817 5781 5519
f 5441 5581 5341
f 5151 5325 5459
f 5404 5948 5791
f 5966 5843 5875
f 5502 5121 5952
f 5939 5440 6047
f 5317 5768 5625
f 5388 5947 5949
f 5677 5884 5183
f 5431 5481 6090
f 5455 6065 5846
f 5410 6154 5545
f 6120 5550 6027
f 5222 6147 5827
f 6007 5217 5174
f 5142 5143 5217
f 5506 5842 5411
f 5582 5636 6023
f 5803 5484 5691
f 5448 5770 5325
f 5955 6085 6004
f 5965 5764 5637
f 6095 6094 5480
f 5973 5195 5893
f 5345 5421 5674
f 5233 5697 6080
f 6075 5732 6026
f 5593 5773 5811
f 5930 5594 5436
f 6115 5492 5434
f 5736 5573 5694
f 5950 5396 5891
f 5376 5533 5222
f 5216 5316 5994
f 5335 5812 5518
f 5365 5882 6135
f 5893 6079 5170
f 5785 5745 5211
f 5401 5509 5394
f 6152 5615 5531
f 5449 5248 5909
f 5385 5917 5686
f 6039 6024 5530
f 5523 5486 5345
f 5523 5473 5486
f 6064 5663 5324
f 5412 5613 5565
f 5787 5255 5596
f 5437 6018 6123
f 5127 5276 5126
f 6086 5851 5877
f 5637 5764 5561
f 5204 5697 5247
f 5387 6038 5247
f 5553 5700 5644
f 5417 5509 5792
f 5630 5768 5483
f 5658 5510 5830
f 5511 5476 5159
f 5282 5455 5846
f 5932 5513 5729
f 5681 5352 6057
f 6124 5686 5542
f 5215 5199 5838
f 5590 6099 5714
f 5655 5315 5383
f 5237 5342 6107
f 5254 5860 5133
f 5189 6020 6117
f 5183 5647 6036
f 5387 5304 5446
f 5324 5762 5309
f 5803 5673 5284
f 5569 5660 5253
f 5635 5876 5230
f 5198 5577 5145
f 6091 5167 5664
f 5842 5506 5741
f 5429 5308 5687
f 5522 5268 5784
f 6081 5151 5459
f 5293 5669 5450
f 5438 5156 5157
f 5332 6119 6088
f 5822 5670 5660
f 5345 5674 5523
f 5645 5582 6023
f 5728 5478 6164
f 5180 6068 5912
f 5807 5180 6104
f 5735 5290 5347
f 5712 5570 6153
f 5319 6095 5559
f 5232 5682 5301
f 5417 5161 5572
f 6072 5716 5231
f 5170 5790 5900
f 5692 5470 5619
f 5396 5277 5891
f 5868 5563 5840
f 5363 5851 6086
f 6147 5258 6161
f 5378 5760 5426
f 5646 5286 5212
f 5359 5928 5494
f 5209 6035 5414
f 5251 5760 5436
f 5745 5666 5134
f 6071 5851 5539
f 5699 6063 6060
f 5383 5624 5655
f 6013 5711 5585
f 5190 6041 5704
f 5265 5277 5171
f 6008 5601 5848
f 5855 5613 5132
f 5313 6063 5699
f 6131 5185 5640
f 5260 6084 5889
f 5252 5797 5739
f 5533 5376 5751
f 5364 5634 5287
f 5990 6065 6138
f 5442 5461 5916
f 5743 5655 5624
f 5464 5670 5309
f 5370 6107 5731
f 5425 5211 5878
f 5328 5181 5854
f 5431 5622 5481
f 5529 5316 5244
f 6079 5202 5269
f 5559 5198 5319
f 5783 5705 5583
f 6013 5585 5128
f 5837 6163 5799
f 5279 5643 6071
f 5808 5990 5627
f 5188 6096 6058
f 5300 5805 5547
f 5822 5475 5670
f 5965 5623 5579
f 5549 5381 5336
f 5282 6075 5410
f 5880 5328 5619
f 5180 6144 6104
f 5335 5518 5468
f 5149 5311 5420
f 5873 5348 6053
f 5850 5650 6096
f 5712 5657 5570
f 5275 5896 5759
f 5561 5764 5820
f 5698 6139 5374
f 5868 6141 5563
f 5511 6048 5676
f 5379 6152 5679
f 5695 5800 6160
f 5867 5715 5474
f 5487 5478 5985
f 5565 5831 5856
f 5254 5918 5860
f 5575 6108 5679
f 5862 5603 5586
f 6095 5319 5427
f 5888 5472 5885
f 5243 6039 5446
f 5658 5516 5392
f 6076 5717 5866
f 5586 5798 5469
f 5865 5306 6005
f 5651 5330 5489
f 6032 5173 5861
f 5640 5960 6131
f 5992 6109 5314
f 5215 5621 5579
f 5610 5758 5779
f 5271 5296 5941
f 6163 5322 5799
f 5375 5256 5347
f 5673 5902 5284
f 5311 5365 5420
f 5331 5619 5470
f 5971 5914 5460
f 5962 5453 5616
f 5219 6073 5275
f 5252 5739 5683
f 5252 5683 5280
f 5743 5688 5655
f 6123 5310 5320
f 5288 5127 5128
f 5828 5227 5212
f 6023 5652 5886
f 5458 6091 5967
f 5636 5652 6023
f 5645 5775 5833
f 5409 5343 6114
f 5987 6121 5342
f 5606 5825 6134
f 5498 5706 5879
f 5801 5604 6044
f 5541 5701 5883
f 5661 5547 5805
f 6013 5548 5711
f 6026 5840 6125
f 5399 5332 6088
f 5428 5938 5789
f 5371 5291 5873
f 5325 5814 5459
f 5980 6031 6056
f 5255 5520 5596
f 5210 5352 5681
f 5171 5277 5292
f 5572 5161 6010
f 5819 5539 5759
f 5826 5552 6053
f 5329 6146 5595
f 5821 5881 5690
f 5540 5866 6005
f 5379 5469 5615
f 5358 5338 5497
f 5820 5640 6021
f 5208 6165 5686
f 5289 5491 6021
f 5563 5777 5200
f 5432 5373 5797
f 5378 5235 6097
f 6069 6162 5521
f 5408 5149 5150
f 5286 5793 5751
f 5465 6085 5332
f 5373 5432 5641
f 5769 5481 5618
f 5806 5573 5485
f 5533 5751 5230
f 5427 5319 5377
f 5498 5879 6168
f 5791 5189 5719
f 5590 6093 6099
f 5361 6134 5825
f 6149 5979 6059
f 6150 6100 5961
f 5537 5986 5370
f 5145 5430 5578
f 5576 5678 5329
f 6057 5968 5681
f 6071 5941 5851
f 6074 5643 5750
f 5718 5516 5243
f 5568 5315 5351
f 5151 6081 5150
f 6078 5972 5592
f 5942 5245 5382
f 5121 5836 5952
f 5266 5748 5772
f 5273 6037 5907
f 5190 5958 5632
f 5248 6041 5632
f 5230 5876 6055
f 5430 5145 5228
f 5204 6082 5744
f 5283 5711 6093
f 5141 5968 6057
f 6097 5191 5169
f 6022 5806 5485
f 5321 5295 5854
f 5411 5369 5756
f 5562 5741 5767
f 6093 5548 6099
f 5526 5661 6040
f 5403 5393 6018
f 5216 5994 5707
f 5929 5485 5669
f 5386 5904 5788
f 5303 5998 5776
f 5727 6116 6121
f 5689 5567 5541
f 5902 5740 5774
f 5596 5275 5787
f 5283 5276 5127
f 5321 5819 5759
f 5244 5978 5948
f 5644 5574 5250
f 5886 6160 5580
f 5962 5616 5591
f 5897 5196 5892
f 5145 5577 5228
f 5966 5653 6112
f 5622 5812 5618
f 5221 6081 5459
f 5891 5277 5504
f 5203 5782 6118
f 6143 5729 5513
f 5662 6097 5169
f 5767 5741 5506
f 5789 5609 6083
f 6092 5229 5411
f 5506 5756 5264
f 5272 5673 5801
f 5634 5364 6094
f 5293 5907 6037
f 5826 5737 5552
f 5372 6124 5542
f 5432 5542 6072
f 5155 6145 5336
f 5992 5314 5262
f 5757 6139 5639
f 5750 5642 5266
f 5871 5397 6164
f 6164 6054 5728
f 5882 5311 5346
f 5755 6078 5435
f 5148 5149 5420
f 5689 5541 5883
f 5666 5133 5134
f 5251 5418 5760
f 5575 5234 6108
f 6105 5490 5732
f 5257 5380 5400
f 5227 5863 6034
f 5336 5154 5155
f 5980 5807 6104
f 5920 5664 6158
f 5722 5858 5505
f 5383 5315 5283
f 6093 5590 5624
f 5220 6123 6018
f 5712 6134 5657
f 5499 5262 5385
f 5903 5476 5676
f 5627 5990 6138
f 5775 5580 5976
f 5836 5611 5952
f 5734 5446 5609
f 5977 5507 5242
f 5944 5165 5166
f 5924 5449 5522
f 5327 5667 5958
f 5384 5964 5452
f 5134 5809 5205
f 5486 6083 5345
f 6017 5672 5695
f 6148 5593 6111
f 5369 5939 6038
f 6063 5710 6060
f 5799 5995 5393
f 6048 5864 5847
f 5696 6009 5765
f 5363 5539 5851
f 5350 5272 5635
f 5270 6075 6026
f 5214 5172 6108
f 5124 5744 6082
f 5320 5310 5482
f 5813 6120 6153
f 5669 5285 5897
f 5955 5171 5297
f 5186 5416 5157
f 6067 5529 5834
f 6093 5711 5548
f 5832 5327 5958
f 5489 5532 5798
f 5749 5778 5804
f 6065 5455 5815
f 5464 5487 5347
f 5548 5179 5403
f 5786 5296 5954
f 5905 5300 5724
f 5451 5285 5293
f 5397 5650 5984
f 6153 6120 5963
f 5570 5187 5813
f 5199 5215 5579
f 5365 5311 5882
f 6159 5344 5584
f 5435 5592 5631
f 5210 5681 5595
f 5727 6121 5207
f 6130 5574 5644
f 6141 6061 5563
f 5347 5290 5464
f 5440 5204 6047
f 5937 5390 5831
f 6036 5855 5918
f 5434 5326 5513
f 6122 5434 5682
f 6129 5758 6016
f 6019 5832 5857
f 5339 5544 6020
f 5941 6071 6074
f 5641 5260 5373
f 5156 5438 5479
f 5262 5499 6101
f 5248 5449 5401
f 5426 5138 5844
f 5910 5989 5136
f 5198 5145 5146
f 5350 5902 5272
f 5419 5746 5147
f 5337 6045 5584
f 6014 5414 5318
f 6046 5256 5375
f 5951 5543 5163
f 5563 5200 5250
f 5246 5271 6074
f 5688 5351 5655
f 5925 6068 5853
f 5208 6132 5554
f 5134 5135 5809
f 6143 5513 5326
f 6087 5848 5601
f 5843 5604 5801
f 5427 5377 5705
f 5359 5435 5631
f 5942 6046 5245
f 5530 6024 5242
f 5788 5904 6137
f 5593 5808 5722
f 6114 5968 5141
f 5281 5875 6052
f 6155 5869 5591
f 5869 5692 5514
f 6109 5992 5566
f 5716 5265 5231
f 5362 5658 5830
f 5952 5611 5845
f 6143 5425 5878
f 5170 5888 5885
f 6135 5680 5631
f 5933 5546 5882
f 5413 5745 5134
f 5484 5284 5207
f 5276 5568 5126
f 5555 5921 5610
f 5771 5156 5479
f 5438 6132 5479
f 5683 5975 6145
f 5782 5203 5495
f 5369 6038 5433
f 5842 5122 6092
f 5450 5573 5736
f 6032 5694 5602
f 5445 5218 6009
f 5708 5778 5458
f 5789 5734 5609
f 5874 5168 5121
f 5762 5324 5406
f 6141 5894 6061
f 5417 5792 5665
f 6006 5924 5864
f 5354 5502 5952
f 5630 5625 5768
f 5376 5286 5751
f 5415 5781 5905
f 5736 5838 5450
f 5581 5441 5607
f 6000 5956 5503
f 5385 5262 5917
f 5996 5602 5946
f 5827 6161 6090
f 5928 5680 5518
f 5877 5786 5384
f 5227 6034 5212
f 5964 5384 5360
f 6140 5723 6067
f 5544 5587 5571
f 5426 5418 5138
f 5274 5326 5472
f 5811 5773 5466
f 5656 6076 5866
f 5299 5282 5410
f 6030 5815 5575
f 5338 5453 5497
f 5272 6044 5876
f 5242 5471 5977
f 5982 5540 5178
f 5736 5861 5215
f 5581 5607 5816
f 5910 5193 5932
f 5931 5872 5926
f 5306 5388 5178
f 5442 5330 5557
f 5303 5971 5457
f 5612 5931 5926
f 5461 5442 5953
f 5990 6148 5305
f 6066 5266 5550
f 5568 5276 5315
f 6088 6021 5185
f 5479 5797 5252
f 5858 5510 5505
f 5846 5915 6075
f 5274 5472 5888
f 5413 5278 5878
f 5337 5983 6022
f 5148 5420 5592
f 5795 5765 6009
f 5206 5656 5804
f 5954 5570 5657
f 6155 5227 6015
f 5849 5833 5708
f 5775 5804 5833
f 5239 6028 5823
f 5666 5254 5133
f 6153 5570 5813
f 6062 5658 5392
f 5358 5986 5338
f 5548 5403 5437
f 5837 5796 5508
f 5347 5487 5985
f 5554 6132 5416
f 5158 5159 5476
f 5966 6112 5287
f 6133 5884 5785
f 5464 5290 5766
f 5428 6083 5486
f 5185 6021 5640
f 5265 5171 5333
f 5217 5143 5810
f 5430 5839 5578
f 6012 5692 5869
f 6159 5560 5344
f 5871 5478 5487
f 5220 5724 5589
f 5982 5166 6091
f 5758 6129 6126
f 5484 5659 5702
f 5783 5829 5705
f 5979 5996 5993
f 5353 5196 5899
f 5233 6080 5421
f 5345 6083 5913
f 5551 5892 5196
f 5685 5555 6127
f 6048 5847 5676
f 5455 5282 5234
f 5765 5501 6103
f 5302 5696 5197
f 5753 5298 5950
f 5970 5753 5566
f 5185 5912 5399
f 5911 5826 5794
f 5923 5472 5492
f 6097 5235 5191
f 5493 5535 5870
f 5961 6031 5294
f 5384 5786 5360
f 5295 5514 5692
f 5495 5512 5960
f 5911 5698 5564
f 5516 5263 5243
f 5982 5458 5540
f 5216 5447 5316
f 5275 6073 5726
f 6157 5400 5390
f 5613 5412 5132
f 5292 5200 5777
f 5665 5792 6006
f 5174 5477 5409
f 5500 5678 5576
f 5442 5865 5330
f 5792 5449 5924
f 5178 5540 6005
f 5282 5846 6075
f 5820 5764 5640
f 5737 5703 5608
f 5456 5531 5206
f 5753 5950 5891
f 6127 5505 5685
f 5392 5718 5908
f 5845 5741 5562
f 5530 5242 5264
f 5368 5369 5411
f 6017 5730 5471
f 5356 5837 5508
f 5647 5176 5831
f 5385 5349 5676
f 5218 6167 5572
f 5391 6151 5610
f 5354 5845 5562
f 6006 5792 5924
f 5260 5889 5739
f 5895 5153 5493
f 5359 5258 5755
f 5932 5823 5524
f 5135 5136 5524
f 5751 5635 5230
f 5451 5899 5285
f 6052 5875 5843
f 5415 5519 5781
f 6062 5392 6016
f 5209 5188 6058
f 5297 5777 5835
f 5899 5451 5371
f 5258 5494 6161
f 5551 5181 5560
f 6116 5731 6107
f 5517 6153 5963
f 6155 6015 6012
f 6121 5987 5460
f 5926 5872 5477
f 5648 5143 5628
f 5771 5280 5156
f 5250 5200 5553
f 5756 5369 5433
f 5919 5482 5310
f 5454 5232 5301
f 5910 5932 5989
f 5302 5957 5890
f 5886 5652 5730
f 5786 5974 5360
f 5995 5724 5220
f 5520 5869 5514
f 6034 5537 5212
f 5587 5544 5269
f 5287 5528 5839
f 5520 5514 5596
f 5571 5497 6117
f 5168 5859 5317
f 5178 5944 5982
f 6106 5704 5957
f 6108 5862 5922
f 6167 5509 5572
f 5388 5306 5947
f 5344 5769 5618
f 5680 5928 5359
f 5685 5510 6062
f 5985 5478 5728
f 5853 6068 5180
f 5956 6000 5429
f 5299 5545 5172
f 6066 5550 5813
f 5769 5880 5936
f 5359 5631 5680
f 5975 5739 5889
f 5336 6145 5549
f 5905 5781 5805
f 5423 6064 5606
f 5778 5540 5458
f 5388 5165 5944
f 5962 5515 5453
f 6095 6055 5876
f 5807 5742 5180
f 5554 6165 5208
f 5501 5765 6128
f 5164 5165 5949
f 5453 5338 5616
f 5481 5622 5618
f 5209 5737 5564
f 6125 5270 6026
f 5213 5184 5581
f 6144 6131 5512
f 5380 5626 5856
f 5642 5748 5266
f 5670 5464 5766
f 5802 5403 5179
f 5965 5960 5764
f 5314 6109 5504
f 5835 5563 6061
f 5402 6030 5456
f 5623 5199 5579
f 6134 5712 5423
f 5439 5820 6021
f 5203 5201 5512
f 5297 5292 5777
f 6019 5997 5950
f 5373 5260 5739
f 5641 5940 5260
f 5650 5850 5391
f 5260 5940 6084
f 6079 5269 5790
f 5367 5818 5556
f 6025 6041 5394
f 5916 5461 5164
f 5960 5640 5764
f 5826 5564 5737
f 5377 5746 5419
f 6094 5604 5634
f 5806 6022 5983
f 5325 5184 5814
f 5561 5988 5182
f 5307 5405 6037
f 5368 5123 5939
f 5778 5749 5540
f 5270 6125 5574
f 6130 5997 6019
f 6053 5552 5969
f 6024 6039 5243
f 5884 5754 5183
f 5529 5723 5316
f 6000 5289 5308
f 5234 5214 6108
f 5880 5619 5331
f 5694 5573 5946
f 5714 5569 5253
f 5223 6080 6011
f 5898 5663 5517
f 5942 5735 5256
f 6040 5781 5817
f 5709 5898 5963
f 5533 5230 5829
f 5587 5312 6033
f 5163 5543 6128
f 5389 5240 5603
f 6161 5494 5431
f 5689 5827 6090
f 6167 5890 6025
f 6026 5490 5868
f 5676 5476 5511
f 6138 5999 5627
f 5682 5513 6113
f 6043 5776 5881
f 5577 5198 5559
f 5881 5841 5576
f 5839 5528 5578
f 5934 5617 5818
f 6045 6022 5485
f 5201 6031 5980
f 5775 5976 5249
f 5886 5730 5695
f 5814 5761 5459
f 5631 5365 6135
f 5977 5652 5636
f 5920 5849 5708
f 5620 5419 5147
f 5331 5567 6090
f 5405 5291 6037
f 5769 5560 5328
f 5822 5660 6142
f 5382 6029 5927
f 5248 5632 5909
f 5282 5299 5214
f 5176 5937 5831
f 5646 5537 5731
f 6015 5828 5541
f 6077 5257 5400
f 5423 6153 5517
f 5728 6054 5473
f 5530 5756 5433
f 6062 5510 5658
f 5494 5622 5431
f 5731 5740 5793
f 5827 6147 6161
f 5755 5258 5583
f 5292 5277 5700
f 5440 5123 6082
f 5888 5900 6133
f 5426 5235 5378
f 5934 6146 5678
f 6146 5594 5930
f 5701 5376 5883
f 5355 6063 5313
f 5169 5140 5662
f 5690 5576 5931
f 5924 5522 5784
f 5687 5297 5835
f 5351 5315 5655
f 6046 5942 5256
f 5919 5361 5825
f 5589 5919 5310
f 6146 5930 6156
f 5848 6087 5137
f 6135 5546 6002
f 5895 5194 5153
f 5422 6106 5906
f 5159 5160 5598
f 5705 5527 5583
f 5966 5875 5653
f 5534 5374 5671
f 5892 5560 6159
f 5182 5988 5757
f 5321 5854 5684
f 5238 5814 5213
f 5870 5980 6056
f 5963 6120 5709
f 5300 5905 5805
f 5464 5309 5487
f 5175 5999 6049
f 6016 5921 5685
f 5652 5977 5471
f 5259 5836 5122
f 5582 5625 5630
f 5427 5705 5829
f 5174 5177 5477
f 5626 5380 5131
f 5654 6020 5189
f 5972 5148 5592
f 6112 5628 5528
f 5858 5722 5747
f 5572 5509 5417
f 5328 5880 5769
f 5591 5616 5863
f 6008 5556 5193
f 5467 5790 5339
f 5996 5946 5993
f 5965 5579 5782
f 5219 5275 5759
f 5321 5896 5295
f 5933 5882 5346
f 5746 5146 5147
f 5996 5238 5602
f 5748 5552 5608
f 5812 5584 5618
f 5181 5551 5605
f 5997 5700 5396
f 5686 6124 5208
f 5400 5380 5856
f 6013 5128 5340
f 5767 5507 5562
f 5443 6080 5744
f 5719 5497 5453
f 5879 5706 5654
f 5603 6106 5422
f 5603 5488 5389
f 5267 6112 5653
f 5217 5810 5174
f 5629 5853 5381
f 5381 5549 5629
f 5830 5747 5721
f 5697 5204 5744
f 5620 5147 5824
f 5342 6121 6116
f 6154 6130 5633
f 5410 5270 5574
f 5469 5532 5615
f 5566 5268 5970
f 5738 5319 5638
f 5377 5319 5738
f 6043 5659 5460
f 6069 5177 6162
f 5999 5752 5224
f 5506 5411 5756
f 5407 6031 5203
f 5991 5273 5907
f 5287 5839 5364
f 5738 5638 5146
f 5925 5629 6084
f 5558 5182 5639
f 6003 5341 5261
f 5607 5441 6118
f 5864 6048 5241
f 5432 5797 5372
f 5794 5348 5405
f 5246 6074 5750
f 6074 6071 5643
f 5215 5861 5173
f 5214 5299 5172
f 5231 6004 5940
f 5664 5167 6158
f 5611 5259 5741
f 6020 5654 5706
f 5427 6055 6095
f 5176 5498 5937
f 5600 6077 5356
f 5284 5484 5803
f 6162 5852 5281
f 5353 5899 5649
f 5266 5246 5750
f 5685 5505 5510
f 5610 5779 5984
f 5445 5890 5218
f 5704 5763 5190
f 5627 5999 5175
f 5446 5304 5609
f 5578 5144 5145
f 5395 5338 5986
f 5733 5474 5130
f 5879 5654 5447
f 5423 5606 6134
f 5322 5588 5905
f 5953 5951 5461
f 5501 5953 6103
f 5772 5748 5608
f 5423 5517 5663
f 5800 6098 6160
f 5249 5206 5775
f 5515 5225 5404
f 5648 5628 5267
f 5290 5688 5766
f 5670 5766 5660
f 5275 5726 5787
f 5225 5787 5726
f 5597 5681 5968
f 5818 5454 5556
f 5397 5871 5762
f 5383 5283 6093
f 5866 5749 5656
f 5224 5752 5402
f 5449 5792 5401
f 5268 5992 6101
f 5329 5678 6146
f 5998 6122 5232
f 5499 5676 5847
f 5268 6101 5784
f 5295 5896 5514
f 5398 5363 6086
f 5684 5780 5819
f 5602 5694 5946
f 5879 5216 6168
f 5590 5714 5253
f 6137 6035 5698
f 6021 6088 5289
f 5391 5188 6151
f 5664 5920 5967
f 5480 5577 5559
f 5287 6112 5528
f 5375 5347 5985
f 5697 5304 5247
f 5873 5291 5348
f 5933 6059 5546
f 6070 5959 6165
f 5538 5542 5686
f 5571 6117 5544
f 5885 5923 5973
f 5210 6156 5352
f 5998 5500 5841
f 5249 5976 6098
f 5305 6065 5990
f 6059 6002 5546
f 5435 6078 5592
f 5628 6112 5267
f 6087 5136 5137
f 5193 6113 5932
f 5254 5677 5918
f 5373 5739 5797
f 5194 6100 5152
f 5470 5692 6012
f 5869 6155 6012
f 6027 5772 5608
f 5444 5371 5873
f 6124 6132 5208
f 6165 5349 5686
f 5157 5416 5438
f 5988 5323 5757
f 5391 5850 5188
f 5482 5825 6142
f 6135 6002 5680
f 5583 5527 5755
f 5702 5691 5484
f 5378 6097 5462
f 6069 5821 5690
f 5356 5508 5600
f 5974 5661 5526
f 5560 5769 5344
f 5235 5426 5844
f 5681 5597 5595
f 5366 5955 5297
f 5221 5459 5761
f 5536 5894 5357
f 5767 5506 5264
f 5218 6010 6009
f 5172 5862 6108
f 6017 5725 5362
f 6054 5938 5428
f 5439 5323 5988
f 5226 6137 5904
f 5964 5360 5526
f 5340 5128 5192
f 6026 5868 5840
f 6148 6105 5915
f 6155 5863 5227
f 5526 6040 5668
f 5281 6052 5691
f 5281 5691 5521
f 6151 5555 5610
f 5392 6129 6016
f 5386 6111 5811
f 6106 5957 5906
f 5350 5635 5751
f 5533 5783 5222
f 5831 5565 5647
f 5257 6077 5600
f 5437 5403 6018
f 5901 6001 6102
f 5981 5898 6096
f 5865 5947 5306
f 5391 5984 5650
f 5750 5444 5642
f 6140 6077 6157
f 5936 6090 5481
f 5697 5233 5304
f 5585 5288 5128
f 6064 5423 5663
f 5266 5772 5550
f 5125 6011 5443
f 5547 5919 5589
f 5905 5724 5322
f 5523 5674 6046
f 5179 5340 5192
f 5867 5796 5802
f 5265 5716 5504
f 5424 5314 5504
f 6158 5317 5625
f 5531 5456 6152
f 5713 5942 5927
f 5473 6054 5428
f 5202 5893 5195
f 5962 5591 5255
f 6166 5720 5561
f 5623 5637 5943
f 6023 5580 5645
f 5414 5466 5318
f 6160 5976 5580
f 6118 5407 5203
f 5994 6140 6157
f 5547 5589 5300
f 5322 5995 5799
f 5192 5128 5129
f 5168 5874 5859
f 5849 5920 5625
f 5791 5978 5189
f 5384 6086 5877
f 6033 5986 5358
f 5350 5793 5740
f 5440 6082 5204
f 5397 5984 5779
f 6008 5367 5556
f 5301 5682 6113
f 5636 6110 5977
f 5871 6164 5478
f 5274 5888 6133
f 6149 6059 5933
f 6138 5815 5752
f 6160 5886 5695
f 6133 5425 5274
f 5437 6099 5548
f 5458 5982 6091
f 5421 5245 5674
f 5822 6142 5606
f 5309 5762 5487
f 5419 5527 5377
f 5991 5907 5838
f 6118 5579 5621
f 5642 5873 5969
f 5614 5527 5620
f 5319 5198 5638
f 5372 5542 5432
f 6025 5957 5704
f 5140 5141 5334
f 5284 5774 5727
f 6110 5562 5507
f 5433 6038 5387
f 5847 5784 6101
f 5549 5975 5629
f 5796 5799 5393
f 5550 5772 6027
f 5369 5368 5939
f 5630 5483 6110
f 5183 5918 5677
f 5239 5278 5809
f 5364 5480 6094
f 5987 5971 5460
f 5175 6049 5695
f 5636 5582 5630
f 5969 5748 5642
f 5877 5296 5786
f 5582 5645 5849
f 5920 6158 5625
f 5295 5619 5854
f 5439 5988 5561
f 5217 6007 5142
f 6015 5541 5567
f 5357 6141 5868
f 6035 5226 5414
f 6026 5732 5490
f 5753 5891 6109
f 5183 5754 5647
f 5754 5467 5176
f 5972 6078 5824
f 5972 5824 5147
f 5939 6047 6038
f 5368 5229 5123
f 5820 5439 5561
f 6166 5307 5720
f 5523 5375 5985
f 5762 5981 5397
f 5279 5605 5643
f 5657 6134 5361
f 5287 5634 5966
f 5848 5251 5436
f 5993 5983 5468
f 5408 6050 5933
f 5942 5382 5927
f 5670 5475 5309
f 5489 5463 5651
f 5248 5401 6041
f 5742 5853 5180
f 5332 5399 5465
f 5389 5857 6089
f 5162 5795 6009
f 6096 5898 5709
f 5363 5398 5219
f 5836 5121 5122
f 5264 5242 5507
f 5845 5354 5952
f 5532 5489 6076
f 5405 5348 5291
f 5284 5727 5207
f 6056 6031 5935
f 5895 6056 5935
f 6004 5465 5940
f 5201 6104 5512
f 5974 5657 5361
f 5552 5737 5608
f 5362 5725 5263
f 5811 5904 5386
f 5635 5272 5876
f 5228 5577 5480
f 5206 5249 5456
f 6130 5857 5633
f 5914 6043 5460
f 5269 5544 5339
f 6125 5250 5574
f 6061 5429 5835
f 6110 5507 5977
f 6024 5471 5242
f 5487 5762 5871
f 5735 5713 5599
f 5828 5701 5541
f 5661 5805 6040
f 5398 6102 6073
f 5279 5780 5684
f 5485 5573 5450
f 5182 6166 5561
f 5342 6116 6107
f 5222 5783 6147
f 5894 5956 5429
f 5558 5307 6166
f 5239 6143 5878
f 5232 6122 5682
f 5444 5873 5642
f 5539 5780 6071
f 5837 5356 6163
f 6001 5225 5726
f 5981 5650 5397
f 5808 5747 5722
f 5233 5913 5304
f 5767 5264 5507
f 5452 6086 5384
f 5220 5589 5310
f 5802 5179 5192
f 5616 5338 5395
f 5771 5252 5280
f 5598 6006 5864
f 5902 5774 5284
f 5484 5207 5659
f 5246 5266 6066
f 5835 5429 5687
f 5644 5250 5553
f 5190 6089 5958
f 5467 5339 5706
f 5711 5283 5288
f 5438 5416 6132
f 5240 6106 5603
f 5197 6103 5953
f 5916 5949 5947
f 5834 5529 5710
f 5964 5526 5668
f 5768 5496 5483
f 5306 5178 6005
f 5364 5839 5228
f 5646 5793 5286
f 5253 5624 5590
f 5404 5225 6001
f 5931 5612 5690
f 5521 5821 6069
f 5166 5167 6091
f 6167 5394 5509
f 5320 5482 5569
f 5781 6040 5805
f 5883 5222 5689
f 5238 5213 5602
f 5289 6088 6119
f 5504 5277 5265
f 6138 6065 5815
f 5756 5530 5264
f 5910 5136 6087
f 6113 5193 5301
f 5143 5144 5628
f 5303 6122 5998
f 5808 5593 6148
f 5990 5808 6148
f 5929 5892 6159
f 5983 5337 5335
f 6127 5555 5318
f 5366 6085 5955
f 5441 6003 5407
f 5614 5620 5824
f 6065 5305 5846
f 6030 5752 5815
f 5816 5213 5581
f 5816 5607 5173
f 5974 5954 5657
f 5919 5825 5482
f 5628 5144 5528
f 5436 5594 5367
f 5537 5646 5212
f 5328 5560 5181
f 6118 5782 5579
f 5720 5637 5561
f 6162 5281 5521
f 5885 5893 5170
f 5684 5605 5279
f 5713 5351 5599
f 5412 5626 5132
f 6156 5462 5352
f 5819 5321 5684
f 5222 5827 5689
f 5253 5660 5743
f 5714 5320 5569
f 6035 5209 5564
f 5675 5956 5671
f 6090 5936 5331
f 6055 5427 5829
f 5275 5596 5896
f 5604 5843 5966
f 5228 5839 5430
f 5801 6044 5272
f 5422 5586 5603
f 5318 5466 6127
f 5412 5565 5856
f 5390 5856 5831
f 5574 6130 6154
f 5970 5298 5753
f 5175 5672 5747
f 6158 5168 5317
f 5759 5539 5363
f 5834 5710 5519
f 5667 5632 5958
f 5424 5538 5917
f 5833 5804 5778
f 5562 5483 5354
f 5403 5796 5393
f 6142 5825 5606
f 5468 5979 5993
f 5787 5962 5255
f 5281 5653 5875
f 5604 6094 6044
f 5491 5289 6000
f 5534 5788 6137
f 5135 6028 5809
f 5760 5418 5426
f 5433 5387 6039
f 5845 5611 5741
f 5803 5843 5673
f 5878 5211 5413
f 5844 5191 5235
f 5617 5678 5500
f 5708 5833 5778
f 5402 5249 6098
f 6108 5922 5679
f 5386 5357 5490
f 5909 5970 5268
f 5186 5157 6070
f 5454 5301 5556
f 5774 5731 6116
f 5721 5672 6017
f 5531 5656 5206
f 5813 5550 6120
f 5389 6089 5763
f 5605 5684 5181
f 5703 6027 5608
f 5810 5648 5267
f 5793 5350 5751
f 5297 5171 5292
f 5424 6072 5538
f 5993 5946 5806
f 5941 5877 5851
f 5515 5719 5453
f 5170 6079 5790
f 5647 5565 6036
f 5329 5931 5576
f 5401 5394 6041
f 5357 5894 6141
f 5304 5913 5609
f 6024 5725 5471
f 5849 5645 5833
f 5695 6049 5800
f 5978 5791 5948
f 5879 5447 5216
f 6144 5912 5185
f 5607 6118 5621
f 5531 5615 6076
f 5798 5532 5469
f 5948 5404 5901
f 5312 5587 5269
f 5753 6109 5566
f 5157 5158 6070
f 5501 5543 5951
f 5696 5445 6009
f 5949 5165 5388
f 5442 5557 5953
f 5179 5548 6013
f 5688 5599 5351
f 5410 6075 5270
f 5308 6119 5366
f 5219 5398 6073
f 5452 5355 5313
f 6003 5294 5407
f 5535 5742 5870
f 5473 5523 5728
f 5725 6017 5471
f 5881 5576 5690
f 6042 5457 5987
f 5750 5643 5649
f 5187 6066 5813
f 5859 5496 5768
f 5982 5944 5166
f 5634 5604 5966
f 5821 5702 5659
f 5646 5731 5793
f 5828 5212 5701
f 5348 5794 6053
f 5371 5451 5291
f 5823 5932 5729
f 5413 5211 5745
f 5923 5885 5472
f 5790 5467 5754
f 5761 5814 5238
f 5452 5313 5398
f 5872 5597 5343
f 5612 6069 5690
f 5221 5887 6050
f 5887 5761 6149
f 5619 5295 5692
f 6095 6044 6094
f 5860 5918 5855
f 5888 5170 5900
f 5301 5193 5556
f 5897 5929 5669
f 5725 6024 5263
f 5362 5721 6017
f 5946 5573 5806
f 5887 5933 6050
f 5809 6028 5239
f 5364 5228 5480
f 5265 5333 5231
f 5629 5889 6084
f 5763 6089 5190
f 6089 5857 5832
f 5231 5641 6072
f 6154 5410 5574
f 6040 5817 5668
f 5983 5993 5806
f 6051 5237 5945
f 5352 5662 6057
f 5545 5488 5172
f 5503 5956 5675
f 6131 6144 5185
f 5405 5307 5558
f 5791 5719 5515
f 6001 5726 6102
f 5236 5675 5671
f 5444 5649 5371
f 5288 5585 5711
f 5898 5517 5963
f 5293 5285 5669
f 5450 5838 5907
f 5918 5183 6036
f 5193 5601 6008
f 5973 5457 6042
f 5296 5187 5954
f 6034 5395 5537
f 5876 6044 6095
f 6101 5992 5262
f 5499 5847 6101
f 5703 5709 6027
f 5965 5495 5960
f 5780 5279 6071
f 5244 5316 5978
f 5302 5525 5906
f 5540 5749 5866
f 5757 5323 5236
f 5399 5912 6068
f 6129 5908 6126
f 6126 6164 5779
f 6041 5190 5632
f 5598 5864 5241
f 5601 5193 5910
f 5137 5138 5418
f 6139 5911 5639
f 5236 5323 5675
f 5895 5493 5870
f 5782 5495 5965
f 6011 6080 5443
f 6083 5609 5913
f 5559 6095 5480
f 5202 5195 6051
f 5808 5627 5747
f 6076 5656 5531
f 5572 6010 5218
f 5953 5501 5951
f 5911 5794 5639
f 6165 5959 5349
f 5937 6168 5390
f 5856 5626 5412
f 5588 5322 6163
f 5131 5733 5130
f 5747 5627 5175
f 5234 5282 5214
f 6126 5908 6054
f 6164 5397 5779
f 5469 5379 5922
f 5704 6106 5240
f 5900 5884 6133
f 5760 5930 5436
f 6025 5394 6167
f 5314 5424 5917
f 5491 6000 5503
f 5870 5742 5807
f 5843 5801 5673
f 5177 5174 5852
f 5735 5599 5290
f 5834 5588 6163
f 6050 5408 5150
f 5258 6147 5583
f 6012 6015 5470
f 5359 5494 5258
f 6115 6122 5303
f 5745 5785 5254
f 5682 5434 5513
f 5436 5367 6008
f 6028 5135 5524
f 5776 5914 5971
f 5408 5346 5149
f 5996 5979 5238
f 5691 5702 5521
f 5425 5785 5211
f 5961 5935 6031
f 5535 5381 5742
f 6086 5452 5398
f 6161 5431 6090
f 5225 5962 5787
f 6033 5945 5986
f 5245 5223 6136
f 6039 5387 5446
f 6047 5247 6038
f 5124 5125 5443
f 6048 5511 5159
f 5891 5504 6109
f 5271 5941 6074
f 5907 5293 5450
f 5735 5347 5256
f 5624 5383 6093
f 5429 6061 5894
f 6166 5182 5558
f 5849 5625 5582
f 5263 6024 5243
f 5626 5131 5132
f 5326 5492 5472
f 5861 5694 6032
f 6022 6045 5337
f 5317 5859 5768
f 5163 6128 5162
f 6102 5699 5901
f 6063 5817 5519
f 5652 5471 5730
f 5752 6030 5402
f 5327 6019 5950
f 5950 5298 5327
f 5463 5489 5798
f 5330 5717 5489
f 5167 5168 6158
f 5530 5433 6039
f 5949 5916 5164
f 5161 5162 6010
f 6164 6126 6054
f 5650 5981 6096
f 5308 5289 6119
f 5687 5308 5366
f 6165 5554 6070
f 5209 6014 5188
f 6152 6030 5679
f 5696 5765 6103
f 5160 5665 6006
f 6068 5925 5465
f 5231 5333 6004
f 5252 5771 5479
f 5694 5861 5736
f 6131 5960 5512
f 5895 5870 6056
f 5448 5151 5152
f 5978 5447 5654
f 5474 5715 5130
f 5750 5649 5444
f 5244 6060 5710
f 5759 5896 5321
f 5393 5995 6018
f 6104 5201 5980
f 5494 5928 5622
f 5462 5662 5352
f 5409 6114 5142
f 5354 5483 5496
f 5947 5865 5442
f 5617 5500 5232
f 5457 6115 5303
f 5296 5877 5941
f 5904 5811 5466
f 6025 5890 5957
f 5835 5777 5563
f 5934 5818 5594
f 5339 6020 5706
f 5824 6078 5614
f 5746 5377 5738
f 5791 5515 5404
f 5600 5474 5733
f 5649 5899 5371
f 6168 5707 5390
f 5432 6072 5641
f 5399 6068 5465
f 5862 5488 5603
f 5406 5324 5663
f 5580 6023 5886
f 5125 6029 6136
f 5288 5283 5127
f 5994 5723 6140
f 5337 5584 5335
f 5285 5196 5897
f 5925 6084 5465
f 5816 6032 5213
f 5789 5938 5734
f 5473 5428 5486
f 5388 5944 5178
f 5330 5865 5717
f 5551 5196 5353
f 5435 5359 5755
f 6062 6016 5685
f 5921 5758 5610
f 6064 5475 5606
f 5226 5904 5466
f 5829 5783 5533
f 5404 6001 5901
f 5278 5205 5809
f 5519 5710 6063
f 5639 5794 5558
f 5534 5698 5374
f 5202 6079 5893
f 5413 5205 5278
f 5840 5250 6125
f 6105 5386 5490
f 5622 5518 5812
f 5213 5814 5184
f 5700 5277 5396
f 5488 5633 5389
f 6045 5485 5929
f 6147 5783 5583
f 5715 5867 5802
f 6168 5937 5498
f 5723 5529 6067
f 5715 5129 5130
f 5928 5518 5622
f 5887 5221 5761
f 5586 5422 5798
f 5490 5357 5868
f 5210 5595 6146
f 5776 5841 5881
f 5206 5804 5775
f 6111 5593 5811
f 5407 5294 6031
f 5493 5153 5154
f 5613 5855 6036
f 5189 6117 5719
f 5983 5335 5468
f 5419 5620 5527
f 6139 5757 5236
f 5353 5605 5551
f 5153 5194 5152
f 6145 5155 5683
f 5456 6030 6152
f 5172 5488 5862
f 5424 5716 6072
f 5538 5686 5917
f 5852 5267 5653
f 5370 5945 6107
f 6156 5210 6146
f 5477 5872 5343
f 6010 5162 6009
f 5957 5302 5906
f 5445 5696 5302
f 6167 5218 5890
f 5985 5728 5523
f 6046 5674 5245
f 5588 5415 5905
f 5936 5481 5769
f 5247 6047 5204
f 5599 5688 5290
f 6058 5737 5209
f 5672 5721 5747
f 5225 5515 5962
f 5212 5286 5701
f 5263 5516 5658
f 6127 5773 5505
f 5387 5247 5304
f 5709 5703 6096
f 5356 6077 6140
f 5802 5129 5715
f 5200 5292 5553
f 6041 6025 5704
f 5254 5666 5745
f 5901 6060 5948
f 5414 6014 5209
f 5180 5912 6144
f 5943 5991 5199
f 5518 5680 6002
f 5773 6127 5466
f 5354 5496 5502
f 5375 5523 6046
f 6054 5908 5938
f 5240 5763 5704
f 5422 5906 5798
f 5788 5536 5357
f 5305 6148 5915
f 6037 5451 5293
f 5363 5219 5759
f 5367 5594 5818
f 6156 5378 5462
f 5126 5927 6029
f 5942 5713 5735
f 5197 5696 6103
f 6005 5866 5717
f 5503 5675 5323
f 5341 5770 5261
f 5485 5450 5669
f 5788 5534 5536
f 5500 5576 5841
f 5400 5856 5390
f 5395 5863 5616
f 5880 5331 5936
f 6139 5698 5911
f 5593 5722 5773
f 5520 5591 5869
f 5447 5978 5316
f 5215 5838 5736
f 6021 5491 5439
f 5229 5368 5411
f 5939 5123 5440
f 5392 5908 6129
f 5794 5826 6053
f 5380 5257 5733
f 5964 5668 5355
f 5890 5445 5302
f 5522 5909 5268
f 5986 5945 5370
f 5678 5617 5934
f 6115 5457 5923
f 5237 6051 5195
f 5740 5902 5350
f 5693 5139 5191
f 6060 5901 5699
f 5567 5331 5470
f 5421 6080 5223
f 5123 5124 6082
f 5789 6083 5428
f 5122 5123 5229
f 5598 5160 6006
f 5417 5665 5160
f 6160 6098 5976
f 6076 5489 5717
f 5147 5148 5972
f 6032 5602 5213
f 5342 6042 5987
f 5195 5973 6042
f 5648 5810 5143
f 6113 5513 5932
f 5406 5981 5762
f 5974 5786 5954
f 6111 5386 6105
f 5423 5712 6153
f 5497 5719 6117
f 5207 6121 5460
f 5991 5838 5199
f 5261 5961 5294
f 5334 5141 6057
f 5597 5968 5343
f 5512 6104 6144
f 5555 5685 5921
f 5341 6003 5441
f 6050 5150 5221
f 5300 5589 5724
f 5514 5896 5596
f 5399 6088 5185
f 5292 5700 5553
f 6058 5703 5737
f 5858 5830 5510
f 5320 5714 6123
f 5355 5817 6063
f 5624 5253 5743
f 5981 5406 5898
f 5240 5389 5763
f 5305 5915 5846
f 5710 5529 5244
f 5324 5309 5475
f 6067 5834 6163
f 5547 5661 5919
f 5441 5407 6118
f 5623 5965 5637
f 5968 6114 5343
f 5844 5693 5191
f 6070 5158 5959
f 5349 5903 5676
f 5271 6066 5187
f 6102 5313 5699
f 6072 5542 5538
f 5451 6037 5291
f 5328 5854 5619
f 5230 6055 5829
f 5826 5911 5564
f 5938 5718 5734
f 6105 5732 5915
f 5784 5847 5864
f 5800 6049 6098
f 6049 5224 6098
f 5707 6157 5390
f 5677 5785 5884
f 5701 5286 5376
f 5943 5637 5720
f 5237 6107 5945
f 5537 5370 5731
f 5697 5744 6080
f 5766 5743 5660
f 5344 5618 5584
f 5221 5150 6081
f 5245 6136 5382
f 5259 5842 5741
f 5126 5568 5927
f 5406 5663 5898
f 5381 5154 5336
f 5333 5955 6004
f 5997 5644 5700
f 5325 5770 5184
f 5452 5964 5355
f 5360 5974 5526
f 5837 5799 5796
f 5524 5823 6028
f 5374 5236 5671
f 5182 5757 5639
f 6089 5832 5958
f 5909 5667 5970
f 5892 5551 5560
f 6015 5567 5470
f 6128 5795 5162
f 6005 5717 5865
f 5483 5562 6110
f 5874 5496 5859
f 6123 5220 5310
f 5802 5192 5129
f 5852 5653 5281
f 5527 5705 5377
f 5146 5638 5198
f 5578 5528 5144
f 5850 6096 5188
f 5187 5296 5271
f 6156 5930 5378
f 5810 5852 5174
f 5916 5947 5442
f 5456 5249 5402
f 5508 5474 5600
f 6067 6163 5356
f 6149 5761 5238
f 5307 5273 5720
f 5241 6048 5159
f 5349 5385 5686
f 5341 5184 5770
f 5202 5312 5269
f 5545 5633 5488
f 5906 5463 5798
f 5564 5698 6035
f 5894 5536 5671
f 5386 5788 5357
f 5374 6139 5236
f 5525 5197 5557
f 5575 5815 5234
f 5774 5740 5731
f 5232 5454 5617
f 5536 5534 5671
f 6154 5633 5545
f 5956 5894 5671
f 5298 5970 5667
f 5611 5836 5259
f 5721 5362 5830
f 6075 5915 5732
f 6016 5758 5921
f 5971 5303 5776
f 5902 5673 5272
f 5500 5998 5232
f 5329 5595 5872
f 5142 6114 5141
f 5177 5926 5477
f 5881 5821 6043
f 5989 5524 5136
f 5255 5591 5520
f 5195 6042 5237
f 6060 5244 5948
f 5570 5954 5187
f 5203 6031 5201
f 5882 5546 6135
f 5545 5299 5410
f 5439 5491 5503
f 5414 5226 5466
f 5534 6137 5698
f 5821 5521 5702
f 6043 5821 5659
f 5239 5823 5729
f 5727 5774 6116
f 5867 5508 5796
f 5415 5588 5834
f 5302 5197 5525
f 5349 5959 5903
f 5999 6138 5752
f 6130 6019 5857
f 5345 5913 5421
f 5318 5555 6151
f 6148 6111 6105
f 5984 5391 5610
f 5651 5463 5525
f 5543 5501 6128
f 6151 5188 6014
f 5362 5263 5658
f 5950 5997 5396
f 5672 5175 5695
f 5194 5895 5935
f 5773 5722 5505
f 5372 5479 6132
f 5262 5314 5917
f 5425 6133 5785
f 6143 5326 5425
f 6064 5324 5475
f 5405 5558 5794
f 5325 5151 5448
f 5468 6059 5979
f 5913 5233 5421
f 6092 5411 5842
f 6096 5703 6058
f 5644 5997 6130
f 5687 5366 5297
f 5922 5862 5586
f 5853 5742 5381
f 5318 6151 6014
f 5380 5733 5131
f 5322 5724 5995
f 5683 5739 5975
f 6085 6119 5332
f 5403 5802 5796
f 5315 5276 5283
f 5278 5239 5878
f 5418 5251 5137
f 5535 5493 5154
f 5975 5889 5629
f 6150 5152 6100
f 6085 5465 6004
f 5177 5612 5926
f 5848 5436 6008
f 5312 5202 6051
f 5691 6052 5803
f 5224 5402 6098
f 5615 5532 6076
f 5199 5623 5943
f 5261 5448 6150
f 5261 6150 5961
f 6003 5261 5294
f 5606 5475 5822
f 5747 5830 5858
f 5922 5586 5469
f 5656 5749 5804
f 5571 5587 5358
f 6120 6027 5709
f 5815 5455 5234
f 6035 6137 5226
f 5973 5923 5457
f 5591 5863 6155
f 5409 6007 5174
f 5818 5617 5454
f 5395 5986 5537
f 6168 5216 5707
f 5718 5392 5516
f 5121 5502 5874
f 5227 5828 6015
f 6002 5468 5518
f 5679 6030 5575
f 5124 5443 5744
f 6045 5929 6159
f 5614 5755 5527
f 5887 6149 5933
f 5207 5460 5659
f 6018 5995 5220
f 5817 5355 5668
f 5125 6136 6011
f 5938 5908 5718
f 5504 5716 5424
f 5158 5476 5903
f 6045 6159 5584
f 5439 5503 5323
f 5557 5651 5525
f 5461 5951 5164
f 5271 5246 6066
f 5733 5257 5600

