# https://github.com/mikedh/trimesh
v -0.29748578 0.26907450 0.00000000 1.00000000 0.00000000 0.00000000
v -0.28366612 0.27419629 0.00000000 1.00000000 1.00000000 1.00000000
v -0.26971639 0.27893501 0.00000000 1.00000000 1.00000000 1.00000000
v -0.25564176 0.28329834 0.00000000 1.00000000 1.00000000 1.00000000
v -0.24146541 0.28728910 0.00000000 1.00000000 1.00000000 1.00000000
v -0.22719328 0.29091610 0.00000000 1.00000000 1.00000000 1.00000000
v -0.21281266 0.29419211 0.00000000 1.00000000 1.00000000 1.00000000
v -0.19838518 0.29711378 0.00000000 1.00000000 1.00000000 1.00000000
v -0.18387998 0.29969852 0.00000000 1.00000000 1.00000000 1.00000000
v -0.16932219 0.30195205 0.00000000 1.00000000 1.00000000 1.00000000
v -0.15471829 0.30388400 0.00000000 1.00000000 1.00000000 1.00000000
v -0.14007467 0.30550386 0.00000000 1.00000000 1.00000000 1.00000000
v -0.12539768 0.30682107 0.00000000 1.00000000 1.00000000 1.00000000
v -0.11069358 0.30784491 0.00000000 1.00000000 0.00000000 0.00000000
v -0.10467532 0.30079282 0.01396106 1.00000000 1.00000000 1.00000000
v -0.09704159 0.28740078 0.02149692 1.00000000 1.00000000 1.00000000
v -0.08863346 0.27294046 0.02497811 1.00000000 1.00000000 1.00000000
v -0.07970083 0.25936043 0.02566162 1.00000000 1.00000000 1.00000000
v -0.07045918 0.24830831 0.02566162 1.00000000 1.00000000 1.00000000
v -0.06052390 0.23787658 0.02566162 1.00000000 1.00000000 1.00000000
v -0.04985707 0.22819486 0.02566162 1.00000000 1.00000000 1.00000000
v -0.03844288 0.21941443 0.02566162 1.00000000 1.00000000 1.00000000
v -0.02629152 0.21169490 0.02566162 1.00000000 1.00000000 1.00000000
v -0.01344349 0.20518962 0.02566162 1.00000000 1.00000000 1.00000000
v 0.00000000 0.20003877 0.02566162 1.00000000 0.00000000 0.00000000
v 0.01344349 0.20518962 0.02566162 1.00000000 1.00000000 1.00000000
v 0.02629152 0.21169490 0.02566162 1.00000000 1.00000000 1.00000000
v 0.03844288 0.21941443 0.02566162 1.00000000 1.00000000 1.00000000
v 0.04985707 0.22819486 0.02566162 1.00000000 1.00000000 1.00000000
v 0.06052390 0.23787658 0.02566162 1.00000000 1.00000000 1.00000000
v 0.07045918 0.24830831 0.02566162 1.00000000 1.00000000 1.00000000
v 0.07970083 0.25936043 0.02566162 1.00000000 1.00000000 1.00000000
v 0.08863346 0.27294046 0.02497811 1.00000000 1.00000000 1.00000000
v 0.09704159 0.28740078 0.02149692 1.00000000 1.00000000 1.00000000
v 0.10467532 0.30079282 0.01396106 1.00000000 1.00000000 1.00000000
v 0.11069358 0.30784491 0.00000000 1.00000000 0.00000000 0.00000000
v 0.12539768 0.30682107 0.00000000 1.00000000 1.00000000 1.00000000
v 0.14007467 0.30550386 0.00000000 1.00000000 1.00000000 1.00000000
v 0.15471829 0.30388400 0.00000000 1.00000000 1.00000000 1.00000000
v 0.16932219 0.30195205 0.00000000 1.00000000 1.00000000 1.00000000
v 0.18387998 0.29969852 0.00000000 1.00000000 1.00000000 1.00000000
v 0.19838518 0.29711378 0.00000000 1.00000000 1.00000000 1.00000000
v 0.21281266 0.29419211 0.00000000 1.00000000 1.00000000 1.00000000
v 0.22719328 0.29091610 0.00000000 1.00000000 1.00000000 1.00000000
v 0.24146541 0.28728910 0.00000000 1.00000000 1.00000000 1.00000000
v 0.25564176 0.28329834 0.00000000 1.00000000 1.00000000 1.00000000
v 0.26971639 0.27893501 0.00000000 1.00000000 1.00000000 1.00000000
v 0.28366612 0.27419629 0.00000000 1.00000000 1.00000000 1.00000000
v 0.29748578 0.26907450 0.00000000 1.00000000 0.00000000 0.00000000
v 0.29915703 0.25943115 0.01440891 1.00000000 1.00000000 1.00000000
v 0.29848498 0.24321717 0.02201645 1.00000000 1.00000000 1.00000000
v 0.29730637 0.22558278 0.02529052 1.00000000 1.00000000 1.00000000
v 0.29656590 0.20917692 0.02566162 1.00000000 1.00000000 1.00000000
v 0.29633592 0.19420253 0.02566162 1.00000000 1.00000000 1.00000000
v 0.29610595 0.17922814 0.02566162 1.00000000 1.00000000 1.00000000
v 0.29587598 0.16425374 0.02566162 1.00000000 1.00000000 1.00000000
v 0.29563073 0.14828453 0.02550429 1.00000000 1.00000000 1.00000000
v 0.29535355 0.13023630 0.02256808 1.00000000 1.00000000 1.00000000
v 0.29509893 0.11365697 0.01498892 1.00000000 1.00000000 1.00000000
v 0.29495609 0.10435617 0.00000000 1.00000000 0.00000000 0.00000000
v 0.29528707 0.08942955 0.00000000 1.00000000 1.00000000 1.00000000
v 0.29561804 0.07450293 0.00000000 1.00000000 1.00000000 1.00000000
v 0.29595024 0.05952103 0.00000000 1.00000000 1.00000000 1.00000000
v 0.29628121 0.04459442 0.00000000 1.00000000 1.00000000 1.00000000
v 0.29661219 0.02966780 0.00000000 1.00000000 1.00000000 1.00000000
v 0.29694316 0.01474118 0.00000000 1.00000000 1.00000000 1.00000000
v 0.29727536 -0.00024072 0.00000000 1.00000000 1.00000000 1.00000000
v 0.29760633 -0.01516734 0.00000000 1.00000000 1.00000000 1.00000000
v 0.29793731 -0.03009396 0.00000000 1.00000000 1.00000000 1.00000000
v 0.29826828 -0.04502057 0.00000000 1.00000000 1.00000000 1.00000000
v 0.29860048 -0.06000248 0.00000000 1.00000000 1.00000000 1.00000000
v 0.29893146 -0.07492909 0.00000000 1.00000000 1.00000000 1.00000000
v 0.29926243 -0.08985571 0.00000000 1.00000000 1.00000000 1.00000000
v 0.29959340 -0.10478233 0.00000000 1.00000000 1.00000000 1.00000000
v 0.29992560 -0.11976423 0.00000000 1.00000000 1.00000000 1.00000000
v 0.30025658 -0.13469085 0.00000000 1.00000000 1.00000000 1.00000000
v 0.30058755 -0.14961747 0.00000000 1.00000000 1.00000000 1.00000000
v 0.30091852 -0.16454408 0.00000000 1.00000000 1.00000000 1.00000000
v 0.30125072 -0.17952598 0.00000000 1.00000000 1.00000000 1.00000000
v 0.30158170 -0.19445260 0.00000000 1.00000000 1.00000000 1.00000000
v 0.30191267 -0.20937922 0.00000000 1.00000000 1.00000000 1.00000000
v 0.30224364 -0.22430584 0.00000000 1.00000000 1.00000000 1.00000000
v 0.30257584 -0.23928774 0.00000000 1.00000000 1.00000000 1.00000000
v 0.30290682 -0.25421436 0.00000000 1.00000000 1.00000000 1.00000000
v 0.30323779 -0.26914097 0.00000000 1.00000000 1.00000000 1.00000000
v 0.30356876 -0.28406759 0.00000000 1.00000000 1.00000000 1.00000000
v 0.30390096 -0.29904949 0.00000000 1.00000000 1.00000000 1.00000000
v 0.30423194 -0.31397611 0.00000000 1.00000000 1.00000000 1.00000000
v 0.30456291 -0.32890273 0.00000000 1.00000000 1.00000000 1.00000000
v 0.30489389 -0.34382935 0.00000000 1.00000000 1.00000000 1.00000000
v 0.30522608 -0.35881125 0.00000000 1.00000000 1.00000000 1.00000000
v 0.30555706 -0.37373787 0.00000000 1.00000000 1.00000000 1.00000000
v 0.30588803 -0.38866448 0.00000000 1.00000000 1.00000000 1.00000000
v 0.30621901 -0.40359110 0.00000000 1.00000000 1.00000000 1.00000000
v 0.30655121 -0.41857300 0.00000000 1.00000000 1.00000000 1.00000000
v 0.30688218 -0.43349962 0.00000000 1.00000000 1.00000000 1.00000000
v 0.30721315 -0.44842624 0.00000000 1.00000000 0.00000000 0.00000000
v 0.29825133 -0.44888109 0.01474884 1.00000000 1.00000000 1.00000000
v 0.28214436 -0.44969859 0.02234338 1.00000000 1.00000000 1.00000000
v 0.26455262 -0.45059145 0.02542592 1.00000000 1.00000000 1.00000000
v 0.24868319 -0.45139689 0.02566162 1.00000000 1.00000000 1.00000000
v 0.23405839 -0.45213917 0.02566162 1.00000000 1.00000000 1.00000000
v 0.21943358 -0.45288144 0.02566162 1.00000000 1.00000000 1.00000000
v 0.20480877 -0.45362372 0.02566162 1.00000000 1.00000000 1.00000000
v 0.19018396 -0.45436599 0.02566162 1.00000000 1.00000000 1.00000000
v 0.17555915 -0.45510827 0.02566162 1.00000000 1.00000000 1.00000000
v 0.16093434 -0.45585054 0.02566162 1.00000000 1.00000000 1.00000000
v 0.14627881 -0.45659437 0.02566162 1.00000000 1.00000000 1.00000000
v 0.13165400 -0.45733665 0.02566162 1.00000000 1.00000000 1.00000000
v 0.11702919 -0.45807892 0.02566162 1.00000000 1.00000000 1.00000000
v 0.10240438 -0.45882120 0.02566162 1.00000000 1.00000000 1.00000000
v 0.08777958 -0.45956347 0.02566162 1.00000000 1.00000000 1.00000000
v 0.07315477 -0.46030575 0.02566162 1.00000000 1.00000000 1.00000000
v 0.05852996 -0.46104802 0.02566162 1.00000000 1.00000000 1.00000000
v 0.04387443 -0.46179185 0.02566162 1.00000000 1.00000000 1.00000000
v 0.02924962 -0.46253413 0.02566162 1.00000000 1.00000000 1.00000000
v 0.01462481 -0.46327640 0.02566162 1.00000000 1.00000000 1.00000000
v 0.00000000 -0.46401868 0.02566162 1.00000000 0.00000000 0.00000000
v -0.01462481 -0.46327640 0.02566162 1.00000000 1.00000000 1.00000000
v -0.02924962 -0.46253413 0.02566162 1.00000000 1.00000000 1.00000000
v -0.04387443 -0.46179185 0.02566162 1.00000000 1.00000000 1.00000000
v -0.05852996 -0.46104802 0.02566162 1.00000000 1.00000000 1.00000000
v -0.07315477 -0.46030575 0.02566162 1.00000000 1.00000000 1.00000000
v -0.08777958 -0.45956347 0.02566162 1.00000000 1.00000000 1.00000000
v -0.10240438 -0.45882120 0.02566162 1.00000000 1.00000000 1.00000000
v -0.11702919 -0.45807892 0.02566162 1.00000000 1.00000000 1.00000000
v -0.13165400 -0.45733665 0.02566162 1.00000000 1.00000000 1.00000000
v -0.14627881 -0.45659437 0.02566162 1.00000000 1.00000000 1.00000000
v -0.16093434 -0.45585054 0.02566162 1.00000000 1.00000000 1.00000000
v -0.17555915 -0.45510827 0.02566162 1.00000000 1.00000000 1.00000000
v -0.19018396 -0.45436599 0.02566162 1.00000000 1.00000000 1.00000000
v -0.20480877 -0.45362372 0.02566162 1.00000000 1.00000000 1.00000000
v -0.21943358 -0.45288144 0.02566162 1.00000000 1.00000000 1.00000000
v -0.23405839 -0.45213917 0.02566162 1.00000000 1.00000000 1.00000000
v -0.24868319 -0.45139689 0.02566162 1.00000000 1.00000000 1.00000000
v -0.26455262 -0.45059145 0.02542592 1.00000000 1.00000000 1.00000000
v -0.28214436 -0.44969859 0.02234338 1.00000000 1.00000000 1.00000000
v -0.29825133 -0.44888109 0.01474884 1.00000000 1.00000000 1.00000000
v -0.30721315 -0.44842624 0.00000000 1.00000000 0.00000000 0.00000000
v -0.30688218 -0.43349962 0.00000000 1.00000000 1.00000000 1.00000000
v -0.30655121 -0.41857300 0.00000000 1.00000000 1.00000000 1.00000000
v -0.30621901 -0.40359110 0.00000000 1.00000000 1.00000000 1.00000000
v -0.30588803 -0.38866448 0.00000000 1.00000000 1.00000000 1.00000000
v -0.30555706 -0.37373787 0.00000000 1.00000000 1.00000000 1.00000000
v -0.30522608 -0.35881125 0.00000000 1.00000000 1.00000000 1.00000000
v -0.30489389 -0.34382935 0.00000000 1.00000000 1.00000000 1.00000000
v -0.30456291 -0.32890273 0.00000000 1.00000000 1.00000000 1.00000000
v -0.30423194 -0.31397611 0.00000000 1.00000000 1.00000000 1.00000000
v -0.30390096 -0.29904949 0.00000000 1.00000000 1.00000000 1.00000000
v -0.30356876 -0.28406759 0.00000000 1.00000000 1.00000000 1.00000000
v -0.30323779 -0.26914097 0.00000000 1.00000000 1.00000000 1.00000000
v -0.30290682 -0.25421436 0.00000000 1.00000000 1.00000000 1.00000000
v -0.30257584 -0.23928774 0.00000000 1.00000000 1.00000000 1.00000000
v -0.30224364 -0.22430584 0.00000000 1.00000000 1.00000000 1.00000000
v -0.30191267 -0.20937922 0.00000000 1.00000000 1.00000000 1.00000000
v -0.30158170 -0.19445260 0.00000000 1.00000000 1.00000000 1.00000000
v -0.30125072 -0.17952598 0.00000000 1.00000000 1.00000000 1.00000000
v -0.30091852 -0.16454408 0.00000000 1.00000000 1.00000000 1.00000000
v -0.30058755 -0.14961747 0.00000000 1.00000000 1.00000000 1.00000000
v -0.30025658 -0.13469085 0.00000000 1.00000000 1.00000000 1.00000000
v -0.29992560 -0.11976423 0.00000000 1.00000000 1.00000000 1.00000000
v -0.29959340 -0.10478233 0.00000000 1.00000000 1.00000000 1.00000000
v -0.29926243 -0.08985571 0.00000000 1.00000000 1.00000000 1.00000000
v -0.29893146 -0.07492909 0.00000000 1.00000000 1.00000000 1.00000000
v -0.29860048 -0.06000248 0.00000000 1.00000000 1.00000000 1.00000000
v -0.29826828 -0.04502057 0.00000000 1.00000000 1.00000000 1.00000000
v -0.29793731 -0.03009396 0.00000000 1.00000000 1.00000000 1.00000000
v -0.29760633 -0.01516734 0.00000000 1.00000000 1.00000000 1.00000000
v -0.29727536 -0.00024072 0.00000000 1.00000000 1.00000000 1.00000000
v -0.29694316 0.01474118 0.00000000 1.00000000 1.00000000 1.00000000
v -0.29661219 0.02966780 0.00000000 1.00000000 1.00000000 1.00000000
v -0.29628121 0.04459442 0.00000000 1.00000000 1.00000000 1.00000000
v -0.29595024 0.05952103 0.00000000 1.00000000 1.00000000 1.00000000
v -0.29561804 0.07450293 0.00000000 1.00000000 1.00000000 1.00000000
v -0.29528707 0.08942955 0.00000000 1.00000000 1.00000000 1.00000000
v -0.29495609 0.10435617 0.00000000 1.00000000 0.00000000 0.00000000
v -0.29509893 0.11365697 0.01498892 1.00000000 1.00000000 1.00000000
v -0.29535355 0.13023630 0.02256808 1.00000000 1.00000000 1.00000000
v -0.29563073 0.14828453 0.02550429 1.00000000 1.00000000 1.00000000
v -0.29587598 0.16425374 0.02566162 1.00000000 1.00000000 1.00000000
v -0.29610595 0.17922814 0.02566162 1.00000000 1.00000000 1.00000000
v -0.29633592 0.19420253 0.02566162 1.00000000 1.00000000 1.00000000
v -0.29656590 0.20917692 0.02566162 1.00000000 1.00000000 1.00000000
v -0.29730637 0.22558278 0.02529052 1.00000000 1.00000000 1.00000000
v -0.29848498 0.24321717 0.02201645 1.00000000 1.00000000 1.00000000
v -0.29915703 0.25943115 0.01440891 1.00000000 1.00000000 1.00000000
v -0.02021203 0.18162412 0.02566162 1.00000000 1.00000000 1.00000000
v -0.04253737 -0.24854095 0.02566162 1.00000000 1.00000000 1.00000000
v 0.25523309 0.27150990 0.01638576 1.00000000 1.00000000 1.00000000
v 0.21588098 -0.34944133 0.02566162 1.00000000 1.00000000 1.00000000
v 0.22934090 -0.07691412 0.02566162 1.00000000 1.00000000 1.00000000
v 0.13715437 -0.32401847 0.02566162 1.00000000 1.00000000 1.00000000
v -0.30057316 -0.43355566 0.01254872 1.00000000 1.00000000 1.00000000
v 0.04965330 -0.26985560 0.02566162 1.00000000 1.00000000 1.00000000
v -0.15219423 -0.38550033 0.02566162 1.00000000 1.00000000 1.00000000
v 0.14316320 -0.14036150 0.02566162 1.00000000 1.00000000 1.00000000
v -0.19461285 -0.09660056 0.02566162 1.00000000 1.00000000 1.00000000
v 0.16348351 -0.09471284 0.02566162 1.00000000 1.00000000 1.00000000
v -0.03898011 -0.06382558 0.02566162 1.00000000 1.00000000 1.00000000
v -0.09423908 -0.04141836 0.02566162 1.00000000 1.00000000 1.00000000
v 0.07076841 -0.14527972 0.02566162 1.00000000 1.00000000 1.00000000
v 0.10350982 -0.12809789 0.02566162 1.00000000 1.00000000 1.00000000
v 0.27419297 0.20377317 0.02566162 1.00000000 1.00000000 1.00000000
v -0.09074106 0.19143161 0.02566162 1.00000000 1.00000000 1.00000000
v -0.08440498 -0.28655716 0.02566162 1.00000000 1.00000000 1.00000000
v -0.12006311 0.05317237 0.02566162 1.00000000 1.00000000 1.00000000
v 0.19194032 -0.14610453 0.02566162 1.00000000 1.00000000 1.00000000
v 0.20667353 -0.22510974 0.02566162 1.00000000 1.00000000 1.00000000
v -0.00737041 -0.11467804 0.02566162 1.00000000 1.00000000 1.00000000
v -0.23065890 -0.04955460 0.02566162 1.00000000 1.00000000 1.00000000
v 0.17590122 0.24437168 0.02566162 1.00000000 1.00000000 1.00000000
v -0.28163387 -0.41776348 0.02228206 1.00000000 1.00000000 1.00000000
v -0.01351871 -0.24660040 0.02566162 1.00000000 1.00000000 1.00000000
v -0.05507267 -0.03535890 0.02566162 1.00000000 1.00000000 1.00000000
v 0.19708642 0.18561447 0.02566162 1.00000000 1.00000000 1.00000000
v -0.25706599 -0.41471922 0.02566162 1.00000000 1.00000000 1.00000000
v -0.12448251 -0.44850333 0.02566162 1.00000000 1.00000000 1.00000000
v 0.27495261 0.27363721 0.00926540 1.00000000 1.00000000 1.00000000
v -0.20717617 0.28233031 0.01720394 1.00000000 1.00000000 1.00000000
v -0.00359047 -0.10518325 0.02566162 1.00000000 1.00000000 1.00000000
v -0.25868672 -0.35588130 0.02561638 1.00000000 1.00000000 1.00000000
v -0.19561092 -0.30285345 0.02566162 1.00000000 1.00000000 1.00000000
v -0.16706611 -0.17735312 0.02566162 1.00000000 1.00000000 1.00000000
v -0.10411657 -0.06923621 0.02566162 1.00000000 1.00000000 1.00000000
v -0.06447670 -0.39792193 0.02566162 1.00000000 1.00000000 1.00000000
v -0.13075778 -0.02519232 0.02566162 1.00000000 1.00000000 1.00000000
v -0.20813036 -0.12531298 0.02566162 1.00000000 1.00000000 1.00000000
v 0.27781820 -0.27254707 0.02245599 1.00000000 1.00000000 1.00000000
v -0.00146327 -0.17479030 0.02566162 1.00000000 1.00000000 1.00000000
v -0.04453968 0.19101920 0.02566162 1.00000000 1.00000000 1.00000000
v -0.07023454 0.13217951 0.02566162 1.00000000 1.00000000 1.00000000
v -0.28419261 -0.40349978 0.02135989 1.00000000 1.00000000 1.00000000
v -0.06423257 -0.44827042 0.02566162 1.00000000 1.00000000 1.00000000
v 0.21623479 -0.41354000 0.02566162 1.00000000 1.00000000 1.00000000
v 0.18412395 0.08702846 0.02566162 1.00000000 1.00000000 1.00000000
v 0.23630518 -0.39606372 0.02566162 1.00000000 1.00000000 1.00000000
v 0.19901472 0.14928446 0.02566162 1.00000000 1.00000000 1.00000000
v 0.24911423 -0.36847140 0.02566162 1.00000000 1.00000000 1.00000000
v 0.03168605 -0.25398512 0.02566162 1.00000000 1.00000000 1.00000000
v 0.01062871 -0.14841057 0.02566162 1.00000000 1.00000000 1.00000000
v -0.24298638 0.00624019 0.02566162 1.00000000 1.00000000 1.00000000
v 0.03071903 -0.14821209 0.02566162 1.00000000 1.00000000 1.00000000
v 0.25586491 0.00000301 0.02532282 1.00000000 1.00000000 1.00000000
v 0.29512100 -0.26212441 0.01396866 1.00000000 1.00000000 1.00000000
v -0.16220807 -0.44205740 0.02566162 1.00000000 1.00000000 1.00000000
v -0.09093305 -0.11355719 0.02566162 1.00000000 1.00000000 1.00000000
v 0.18822287 -0.00477533 0.02566162 1.00000000 1.00000000 1.00000000
v 0.05643638 -0.35536177 0.02566162 1.00000000 1.00000000 1.00000000
v 0.08595124 -0.22698532 0.02566162 1.00000000 1.00000000 1.00000000
v -0.06429110 0.22425620 0.02566162 1.00000000 1.00000000 1.00000000
v 0.19237186 -0.05872439 0.02566162 1.00000000 1.00000000 1.00000000
v 0.13045441 -0.14780252 0.02566162 1.00000000 1.00000000 1.00000000
v 0.28806470 0.08439536 0.01345331 1.00000000 1.00000000 1.00000000
v 0.14702593 -0.12781485 0.02566162 1.00000000 1.00000000 1.00000000
v 0.25914950 -0.43401594 0.02564708 1.00000000 1.00000000 1.00000000
v -0.03689590 -0.22061207 0.02566162 1.00000000 1.00000000 1.00000000
v 0.15699485 -0.06446997 0.02566162 1.00000000 1.00000000 1.00000000
v -0.23979455 0.09875549 0.02566162 1.00000000 1.00000000 1.00000000
v -0.16464345 -0.02997322 0.02566162 1.00000000 1.00000000 1.00000000
v -0.07870108 -0.34618842 0.02566162 1.00000000 1.00000000 1.00000000
v -0.14801657 -0.11180816 0.02566162 1.00000000 1.00000000 1.00000000
v 0.07089821 -0.40988393 0.02566162 1.00000000 1.00000000 1.00000000
v 0.10094907 -0.08557744 0.02566162 1.00000000 1.00000000 1.00000000
v -0.14882209 0.13253953 0.02566162 1.00000000 1.00000000 1.00000000
v 0.11816816 -0.16998636 0.02566162 1.00000000 1.00000000 1.00000000
v -0.30106690 -0.42236881 0.01183527 1.00000000 1.00000000 1.00000000
v -0.02852546 -0.27460024 0.02566162 1.00000000 1.00000000 1.00000000
v 0.00424702 -0.35712166 0.02566162 1.00000000 1.00000000 1.00000000
v -0.03275133 -0.19320744 0.02566162 1.00000000 1.00000000 1.00000000
v -0.07401350 0.05171987 0.02566162 1.00000000 1.00000000 1.00000000
v -0.19227431 0.24444452 0.02566162 1.00000000 1.00000000 1.00000000
v -0.05361476 0.03461304 0.02566162 1.00000000 1.00000000 1.00000000
v 0.13857697 -0.25929578 0.02566162 1.00000000 1.00000000 1.00000000
v -0.08649241 -0.18621922 0.02566162 1.00000000 1.00000000 1.00000000
v -0.18834250 -0.37279918 0.02566162 1.00000000 1.00000000 1.00000000
v -0.14402604 0.16035858 0.02566162 1.00000000 1.00000000 1.00000000
v 0.19220235 0.24977238 0.02564517 1.00000000 1.00000000 1.00000000
v -0.25610618 -0.34378708 0.02565960 1.00000000 1.00000000 1.00000000
v 0.02529024 -0.39370894 0.02566162 1.00000000 1.00000000 1.00000000
v 0.03800272 -0.03248153 0.02566162 1.00000000 1.00000000 1.00000000
v -0.05219212 -0.29051979 0.02566162 1.00000000 1.00000000 1.00000000
v 0.17354244 -0.16876482 0.02566162 1.00000000 1.00000000 1.00000000
v 0.27597807 -0.33244850 0.02329033 1.00000000 1.00000000 1.00000000
v -0.26658858 -0.42565271 0.02520417 1.00000000 1.00000000 1.00000000
v 0.19699279 0.22859120 0.02566162 1.00000000 1.00000000 1.00000000
v -0.05709774 0.16758035 0.02566162 1.00000000 1.00000000 1.00000000
v 0.25171183 -0.40330544 0.02566162 1.00000000 1.00000000 1.00000000
v 0.17774537 -0.14623433 0.02566162 1.00000000 1.00000000 1.00000000
v -0.09533024 -0.05735963 0.02566162 1.00000000 1.00000000 1.00000000
v 0.12912505 -0.09940918 0.02566162 1.00000000 1.00000000 1.00000000
v 0.27922242 0.24988140 0.02211651 1.00000000 1.00000000 1.00000000
v 0.14772288 0.04281402 0.02566162 1.00000000 1.00000000 1.00000000
v 0.14271870 -0.36423022 0.02566162 1.00000000 1.00000000 1.00000000
v -0.22356860 -0.35790412 0.02566162 1.00000000 1.00000000 1.00000000
v 0.07966473 -0.15563872 0.02566162 1.00000000 1.00000000 1.00000000
v 0.12753804 -0.07079861 0.02566162 1.00000000 1.00000000 1.00000000
v -0.13992172 -0.25097510 0.02566162 1.00000000 1.00000000 1.00000000
v -0.17578205 0.12493057 0.02566162 1.00000000 1.00000000 1.00000000
v -0.19134891 0.05413699 0.02566162 1.00000000 1.00000000 1.00000000
v 0.11833630 -0.19741616 0.02566162 1.00000000 1.00000000 1.00000000
v -0.01212587 -0.41102902 0.02566162 1.00000000 1.00000000 1.00000000
v 0.04431656 0.20750515 0.02566162 1.00000000 1.00000000 1.00000000
v -0.03734754 -0.28804833 0.02566162 1.00000000 1.00000000 1.00000000
v -0.21433969 0.20223478 0.02566162 1.00000000 1.00000000 1.00000000
v 0.00876037 -0.06681316 0.02566162 1.00000000 1.00000000 1.00000000
v -0.25574297 0.14161842 0.02566162 1.00000000 1.00000000 1.00000000
v -0.25565080 -0.39929923 0.02566162 1.00000000 1.00000000 1.00000000
v 0.09363479 -0.38559049 0.02566162 1.00000000 1.00000000 1.00000000
v 0.04431518 -0.01968048 0.02566162 1.00000000 1.00000000 1.00000000
v -0.16391519 0.11419697 0.02566162 1.00000000 1.00000000 1.00000000
v 0.24770815 0.01535290 0.02566144 1.00000000 1.00000000 1.00000000
v -0.00412540 -0.45197926 0.02566162 1.00000000 1.00000000 1.00000000
v 0.03920715 0.19748859 0.02566162 1.00000000 1.00000000 1.00000000
v 0.22398537 -0.22200132 0.02566162 1.00000000 1.00000000 1.00000000
v 0.18742420 0.15938148 0.02566162 1.00000000 1.00000000 1.00000000
v 0.22294440 -0.04802326 0.02566162 1.00000000 1.00000000 1.00000000
v -0.10249513 -0.32559554 0.02566162 1.00000000 1.00000000 1.00000000
v -0.16658361 0.07259812 0.02566162 1.00000000 1.00000000 1.00000000
v 0.09857953 -0.41196684 0.02566162 1.00000000 1.00000000 1.00000000
v -0.14977144 0.18586117 0.02566162 1.00000000 1.00000000 1.00000000
v 0.28288489 -0.34462113 0.02136064 1.00000000 1.00000000 1.00000000
v -0.16114237 -0.28484578 0.02566162 1.00000000 1.00000000 1.00000000
v 0.16941770 0.15943361 0.02566162 1.00000000 1.00000000 1.00000000
v 0.21746075 0.16168566 0.02566162 1.00000000 1.00000000 1.00000000
v -0.27018836 0.27194354 0.01269532 1.00000000 1.00000000 1.00000000
v 0.02528580 -0.21742281 0.02566162 1.00000000 1.00000000 1.00000000
v -0.04578299 -0.22918912 0.02566162 1.00000000 1.00000000 1.00000000
v -0.14025242 -0.12717836 0.02566162 1.00000000 1.00000000 1.00000000
v 0.16502194 0.12952452 0.02566162 1.00000000 1.00000000 1.00000000
v -0.13622107 -0.08154042 0.02566162 1.00000000 1.00000000 1.00000000
v 0.04522191 -0.34714324 0.02566162 1.00000000 1.00000000 1.00000000
v 0.00742988 -0.42683719 0.02566162 1.00000000 1.00000000 1.00000000
v -0.28204129 0.13611346 0.02443116 1.00000000 1.00000000 1.00000000
v -0.21491705 0.26363617 0.02344794 1.00000000 1.00000000 1.00000000
v 0.25534779 0.08779758 0.02518972 1.00000000 1.00000000 1.00000000
v -0.25810050 -0.07921142 0.02528072 1.00000000 1.00000000 1.00000000
v -0.14596887 0.25847079 0.02560446 1.00000000 1.00000000 1.00000000
v 0.14635081 0.25368371 0.02566162 1.00000000 1.00000000 1.00000000
v 0.06980559 0.10709521 0.02566162 1.00000000 1.00000000 1.00000000
v 0.12559938 -0.28583794 0.02566162 1.00000000 1.00000000 1.00000000
v -0.16800240 0.17590080 0.02566162 1.00000000 1.00000000 1.00000000
v 0.15089085 -0.38027976 0.02566162 1.00000000 1.00000000 1.00000000
v 0.17899570 -0.32670212 0.02566162 1.00000000 1.00000000 1.00000000
v -0.16022423 -0.42657417 0.02566162 1.00000000 1.00000000 1.00000000
v -0.16722577 -0.05319806 0.02566162 1.00000000 1.00000000 1.00000000
v -0.29786985 -0.27701710 0.01180935 1.00000000 1.00000000 1.00000000
v -0.19362463 -0.33126985 0.02566162 1.00000000 1.00000000 1.00000000
v 0.19483494 0.21116612 0.02566162 1.00000000 1.00000000 1.00000000
v 0.06882642 0.01931278 0.02566162 1.00000000 1.00000000 1.00000000
v 0.12147576 0.27036447 0.02479146 1.00000000 1.00000000 1.00000000
v 0.11196228 -0.38344624 0.02566162 1.00000000 1.00000000 1.00000000
v -0.20449679 -0.44300924 0.02566162 1.00000000 1.00000000 1.00000000
v -0.16587062 0.01578988 0.02566162 1.00000000 1.00000000 1.00000000
v 0.21308433 0.14693112 0.02566162 1.00000000 1.00000000 1.00000000
v -0.14053171 -0.33851217 0.02566162 1.00000000 1.00000000 1.00000000
v -0.28885116 -0.44057924 0.01988959 1.00000000 1.00000000 1.00000000
v 0.12572384 0.25344460 0.02566162 1.00000000 1.00000000 1.00000000
v 0.29697692 -0.31408275 0.01338847 1.00000000 1.00000000 1.00000000
v -0.12061579 0.08282484 0.02566162 1.00000000 1.00000000 1.00000000
v -0.12921946 -0.16932043 0.02566162 1.00000000 1.00000000 1.00000000
v -0.17042364 -0.25613622 0.02566162 1.00000000 1.00000000 1.00000000
v 0.22622217 -0.02736714 0.02566162 1.00000000 1.00000000 1.00000000
v 0.11540434 -0.06012524 0.02566162 1.00000000 1.00000000 1.00000000
v 0.08865055 0.17420607 0.02566162 1.00000000 1.00000000 1.00000000
v 0.11658293 0.16913431 0.02566162 1.00000000 1.00000000 1.00000000
v 0.29549146 -0.29228790 0.01420462 1.00000000 1.00000000 1.00000000
v 0.05888215 0.02963382 0.02566162 1.00000000 1.00000000 1.00000000
v 0.01181947 -0.32665294 0.02566162 1.00000000 1.00000000 1.00000000
v 0.08003178 0.03073625 0.02566162 1.00000000 1.00000000 1.00000000
v -0.01552964 -0.08075683 0.02566162 1.00000000 1.00000000 1.00000000
v 0.10224166 -0.29919254 0.02566162 1.00000000 1.00000000 1.00000000
v 0.11772170 -0.11495204 0.02566162 1.00000000 1.00000000 1.00000000
v -0.19389071 -0.39772771 0.02566162 1.00000000 1.00000000 1.00000000
v 0.07752323 0.07099471 0.02566162 1.00000000 1.00000000 1.00000000
v 0.03260815 -0.10316800 0.02566162 1.00000000 1.00000000 1.00000000
v 0.17094184 -0.01642692 0.02566162 1.00000000 1.00000000 1.00000000
v -0.09444259 0.01910686 0.02566162 1.00000000 1.00000000 1.00000000
v 0.10486264 -0.32145055 0.02566162 1.00000000 1.00000000 1.00000000
v 0.24558505 -0.19411557 0.02566162 1.00000000 1.00000000 1.00000000
v 0.22028929 0.19848175 0.02566162 1.00000000 1.00000000 1.00000000
v -0.16882211 0.22670289 0.02566162 1.00000000 1.00000000 1.00000000
v 0.15144062 -0.04617063 0.02566162 1.00000000 1.00000000 1.00000000
v 0.13198667 -0.01258444 0.02566162 1.00000000 1.00000000 1.00000000
v -0.18106292 -0.38569418 0.02566162 1.00000000 1.00000000 1.00000000
v 0.06426606 0.11842239 0.02566162 1.00000000 1.00000000 1.00000000
v -0.21046507 -0.24760163 0.02566162 1.00000000 1.00000000 1.00000000
v -0.30011425 -0.38258748 0.01190551 1.00000000 1.00000000 1.00000000
v -0.12826737 -0.18339906 0.02566162 1.00000000 1.00000000 1.00000000
v 0.25965214 -0.10305127 0.02518236 1.00000000 1.00000000 1.00000000
v 0.15200187 -0.23230171 0.02566162 1.00000000 1.00000000 1.00000000
v 0.27343582 -0.40612466 0.02417584 1.00000000 1.00000000 1.00000000
v 0.10637775 -0.39847308 0.02566162 1.00000000 1.00000000 1.00000000
v -0.20114335 0.17235802 0.02566162 1.00000000 1.00000000 1.00000000
v -0.20557933 0.24897715 0.02558942 1.00000000 1.00000000 1.00000000
v 0.24953745 0.18020112 0.02566162 1.00000000 1.00000000 1.00000000
v 0.00736477 0.08674338 0.02566162 1.00000000 1.00000000 1.00000000
v -0.13418377 -0.11183267 0.02566162 1.00000000 1.00000000 1.00000000
v -0.03634417 -0.30348105 0.02566162 1.00000000 1.00000000 1.00000000
v -0.21345919 -0.19119819 0.02566162 1.00000000 1.00000000 1.00000000
v 0.04317155 -0.08796218 0.02566162 1.00000000 1.00000000 1.00000000
v 0.07777225 0.09722775 0.02566162 1.00000000 1.00000000 1.00000000
v -0.00560540 -0.05016861 0.02566162 1.00000000 1.00000000 1.00000000
v -0.06733578 -0.29403013 0.02566162 1.00000000 1.00000000 1.00000000
v -0.15696172 -0.41374495 0.02566162 1.00000000 1.00000000 1.00000000
v -0.15387920 0.14775281 0.02566162 1.00000000 1.00000000 1.00000000
v -0.18611048 0.23235036 0.02566162 1.00000000 1.00000000 1.00000000
v 0.14946841 0.27604927 0.02318981 1.00000000 1.00000000 1.00000000
v 0.14558560 -0.18183860 0.02566162 1.00000000 1.00000000 1.00000000
v 0.16160440 -0.41518552 0.02566162 1.00000000 1.00000000 1.00000000
v 0.00839267 -0.23702640 0.02566162 1.00000000 1.00000000 1.00000000
v -0.13479804 0.06098244 0.02566162 1.00000000 1.00000000 1.00000000
v -0.22925970 0.25010998 0.02509143 1.00000000 1.00000000 1.00000000
v 0.28845149 -0.01819429 0.01492940 1.00000000 1.00000000 1.00000000
v -0.11155828 0.09304039 0.02566162 1.00000000 1.00000000 1.00000000
v -0.21229405 -0.43319487 0.02566162 1.00000000 1.00000000 1.00000000
v -0.24651222 -0.12816319 0.02566162 1.00000000 1.00000000 1.00000000
v 0.18782758 0.28722702 0.01651315 1.00000000 1.00000000 1.00000000
v 0.25440915 -0.35357492 0.02566162 1.00000000 1.00000000 1.00000000
v -0.05881479 -0.41375790 0.02566162 1.00000000 1.00000000 1.00000000
v 0.25575239 -0.23516927 0.02562398 1.00000000 1.00000000 1.00000000
v 0.20424270 0.28375131 0.01672613 1.00000000 1.00000000 1.00000000
v 0.09149696 -0.09798519 0.02566162 1.00000000 1.00000000 1.00000000
v -0.29055731 -0.01979920 0.01329832 1.00000000 1.00000000 1.00000000
v -0.16904162 0.27930375 0.02149873 1.00000000 1.00000000 1.00000000
v 0.12403078 -0.25509898 0.02566162 1.00000000 1.00000000 1.00000000
v -0.13419371 0.01760182 0.02566162 1.00000000 1.00000000 1.00000000
v 0.20019656 0.08886858 0.02566162 1.00000000 1.00000000 1.00000000
v -0.22128231 0.23332417 0.02566162 1.00000000 1.00000000 1.00000000
v -0.20267516 0.20585478 0.02566162 1.00000000 1.00000000 1.00000000
v -0.08200072 0.10400301 0.02566162 1.00000000 1.00000000 1.00000000
v 0.03119556 -0.05987272 0.02566162 1.00000000 1.00000000 1.00000000
v -0.07416665 -0.33114150 0.02566162 1.00000000 1.00000000 1.00000000
v 0.00610057 -0.20157184 0.02566162 1.00000000 1.00000000 1.00000000
v 0.24024574 0.22709901 0.02566162 1.00000000 1.00000000 1.00000000
v 0.10587960 0.11369999 0.02566162 1.00000000 1.00000000 1.00000000
v 0.28146359 -0.12798587 0.02008048 1.00000000 1.00000000 1.00000000
v 0.16201060 0.07731744 0.02566162 1.00000000 1.00000000 1.00000000
v -0.22348718 -0.31411298 0.02566162 1.00000000 1.00000000 1.00000000
v -0.03622084 0.05834971 0.02566162 1.00000000 1.00000000 1.00000000
v -0.06520010 -0.00746493 0.02566162 1.00000000 1.00000000 1.00000000
v -0.10722616 -0.15215200 0.02566162 1.00000000 1.00000000 1.00000000
v -0.17330169 -0.16075186 0.02566162 1.00000000 1.00000000 1.00000000
v -0.08510001 -0.32065112 0.02566162 1.00000000 1.00000000 1.00000000
v 0.01110893 0.13436915 0.02566162 1.00000000 1.00000000 1.00000000
v -0.14196286 -0.41596571 0.02566162 1.00000000 1.00000000 1.00000000
v -0.19510916 -0.03618245 0.02566162 1.00000000 1.00000000 1.00000000
v -0.02196094 -0.14845716 0.02566162 1.00000000 1.00000000 1.00000000
v 0.15696028 -0.28846247 0.02566162 1.00000000 1.00000000 1.00000000
v 0.15497257 -0.21710064 0.02566162 1.00000000 1.00000000 1.00000000
v -0.19380585 -0.06522624 0.02566162 1.00000000 1.00000000 1.00000000
v 0.11204207 -0.42883771 0.02566162 1.00000000 1.00000000 1.00000000
v 0.23987517 -0.35650476 0.02566162 1.00000000 1.00000000 1.00000000
v 0.14965523 -0.01263103 0.02566162 1.00000000 1.00000000 1.00000000
v 0.02151529 -0.06991014 0.02566162 1.00000000 1.00000000 1.00000000
v 0.26252673 -0.25234985 0.02522568 1.00000000 1.00000000 1.00000000
v -0.21756444 -0.08032270 0.02566162 1.00000000 1.00000000 1.00000000
v -0.09450529 -0.12732784 0.02566162 1.00000000 1.00000000 1.00000000
v -0.10962636 -0.04671026 0.02566162 1.00000000 1.00000000 1.00000000
v -0.02251788 -0.01045954 0.02566162 1.00000000 1.00000000 1.00000000
v 0.00811530 -0.28707748 0.02566162 1.00000000 1.00000000 1.00000000
v 0.02640719 0.08114640 0.02566162 1.00000000 1.00000000 1.00000000
v -0.22233000 0.05152649 0.02566162 1.00000000 1.00000000 1.00000000
v 0.28041365 0.12567828 0.02254724 1.00000000 1.00000000 1.00000000
v -0.17528317 -0.28826264 0.02566162 1.00000000 1.00000000 1.00000000
v -0.09103989 -0.09811337 0.02566162 1.00000000 1.00000000 1.00000000
v 0.13144702 -0.05752968 0.02566162 1.00000000 1.00000000 1.00000000
v -0.16972350 0.04907681 0.02566162 1.00000000 1.00000000 1.00000000
v -0.07255511 -0.42337465 0.02566162 1.00000000 1.00000000 1.00000000
v 0.18063390 0.18314575 0.02566162 1.00000000 1.00000000 1.00000000
v 0.22872139 -0.32558750 0.02566162 1.00000000 1.00000000 1.00000000
v -0.08877985 0.24030832 0.02566162 1.00000000 1.00000000 1.00000000
v -0.04593757 -0.08440599 0.02566162 1.00000000 1.00000000 1.00000000
v 0.20218528 -0.19592544 0.02566162 1.00000000 1.00000000 1.00000000
v -0.29097713 -0.42744415 0.01879639 1.00000000 1.00000000 1.00000000
v 0.00768246 -0.27285179 0.02566162 1.00000000 1.00000000 1.00000000
v 0.04153807 -0.32154631 0.02566162 1.00000000 1.00000000 1.00000000
v -0.07877578 -0.12091579 0.02566162 1.00000000 1.00000000 1.00000000
v -0.15874430 -0.01571692 0.02566162 1.00000000 1.00000000 1.00000000
v 0.12799474 -0.18266634 0.02566162 1.00000000 1.00000000 1.00000000
v 0.07329028 -0.16800666 0.02566162 1.00000000 1.00000000 1.00000000
v 0.24368297 -0.17014897 0.02566162 1.00000000 1.00000000 1.00000000
v -0.22564777 0.20814111 0.02566162 1.00000000 1.00000000 1.00000000
v 0.16462961 -0.15700664 0.02566162 1.00000000 1.00000000 1.00000000
v -0.30168025 -0.32073281 0.00836930 1.00000000 1.00000000 1.00000000
v -0.15521837 -0.33035322 0.02566162 1.00000000 1.00000000 1.00000000
v -0.03766517 -0.00674847 0.02566162 1.00000000 1.00000000 1.00000000
v 0.12284155 -0.44920986 0.02566162 1.00000000 1.00000000 1.00000000
v 0.19439861 0.12453233 0.02566162 1.00000000 1.00000000 1.00000000
v 0.22952138 0.15704491 0.02566162 1.00000000 1.00000000 1.00000000
v -0.28284420 -0.31853100 0.02117200 1.00000000 1.00000000 1.00000000
v -0.16107321 -0.35763614 0.02566162 1.00000000 1.00000000 1.00000000
v -0.22210282 0.19186780 0.02566162 1.00000000 1.00000000 1.00000000
v -0.30116744 -0.44322286 0.01219004 1.00000000 1.00000000 1.00000000
v 0.04383339 -0.42337380 0.02566162 1.00000000 1.00000000 1.00000000
v -0.28224746 0.18616280 0.02566162 1.00000000 1.00000000 1.00000000
v 0.06912474 -0.05814314 0.02566162 1.00000000 1.00000000 1.00000000
v -0.29446759 -0.10934492 0.01148760 1.00000000 1.00000000 1.00000000
v 0.25110012 0.20283797 0.02566162 1.00000000 1.00000000 1.00000000
v -0.06206047 -0.34292750 0.02566162 1.00000000 1.00000000 1.00000000
v -0.17630439 0.06010193 0.02566162 1.00000000 1.00000000 1.00000000
v 0.00383242 -0.31314506 0.02566162 1.00000000 1.00000000 1.00000000
v 0.08911962 0.19786316 0.02566162 1.00000000 1.00000000 1.00000000
v -0.07122095 -0.16196546 0.02566162 1.00000000 1.00000000 1.00000000
v 0.26275102 -0.41827112 0.02549545 1.00000000 1.00000000 1.00000000
v 0.23058090 -0.38432483 0.02566162 1.00000000 1.00000000 1.00000000
v 0.27153055 -0.39245400 0.02445609 1.00000000 1.00000000 1.00000000
v -0.18598735 -0.40987703 0.02566162 1.00000000 1.00000000 1.00000000
v 0.04046083 -0.36035035 0.02566162 1.00000000 1.00000000 1.00000000
v -0.04820136 -0.16311366 0.02566162 1.00000000 1.00000000 1.00000000
v -0.24950340 0.17001802 0.02566162 1.00000000 1.00000000 1.00000000
v -0.19344935 0.15553500 0.02566162 1.00000000 1.00000000 1.00000000
v 0.08678743 -0.43431721 0.02566162 1.00000000 1.00000000 1.00000000
v -0.19687131 -0.19570933 0.02566162 1.00000000 1.00000000 1.00000000
v 0.06598694 -0.08305098 0.02566162 1.00000000 1.00000000 1.00000000
v 0.06921685 -0.20585552 0.02566162 1.00000000 1.00000000 1.00000000
v -0.12623787 -0.04332560 0.02566162 1.00000000 1.00000000 1.00000000
v -0.05108819 -0.44086076 0.02566162 1.00000000 1.00000000 1.00000000
v -0.08939987 -0.44717506 0.02566162 1.00000000 1.00000000 1.00000000
v -0.28888998 -0.06476146 0.01535161 1.00000000 1.00000000 1.00000000
v 0.08314765 0.08539032 0.02566162 1.00000000 1.00000000 1.00000000
v -0.22972830 -0.14347492 0.02566162 1.00000000 1.00000000 1.00000000
v 0.21036387 -0.03539084 0.02566162 1.00000000 1.00000000 1.00000000
v -0.02600800 -0.21532420 0.02566162 1.00000000 1.00000000 1.00000000
v -0.11536849 -0.38584479 0.02566162 1.00000000 1.00000000 1.00000000
v -0.07106328 -0.23853840 0.02566162 1.00000000 1.00000000 1.00000000
v -0.01779099 -0.34619627 0.02566162 1.00000000 1.00000000 1.00000000
v 0.04384827 -0.00439216 0.02566162 1.00000000 1.00000000 1.00000000
v 0.08517581 -0.19778945 0.02566162 1.00000000 1.00000000 1.00000000
v 0.14515511 0.05559764 0.02566162 1.00000000 1.00000000 1.00000000
v 0.22655083 -0.37016739 0.02566162 1.00000000 1.00000000 1.00000000
v 0.10070275 0.01315918 0.02566162 1.00000000 1.00000000 1.00000000
v 0.27848100 -0.25791964 0.02216469 1.00000000 1.00000000 1.00000000
v -0.16334991 0.13437123 0.02566162 1.00000000 1.00000000 1.00000000
v 0.29360456 -0.40097722 0.01709340 1.00000000 1.00000000 1.00000000
v -0.23984901 -0.32858949 0.02566162 1.00000000 1.00000000 1.00000000
v 0.22344960 -0.15687331 0.02566162 1.00000000 1.00000000 1.00000000
v -0.05816116 -0.36960676 0.02566162 1.00000000 1.00000000 1.00000000
v 0.07882373 -0.18153023 0.02566162 1.00000000 1.00000000 1.00000000
v 0.28556036 0.17034679 0.02566162 1.00000000 1.00000000 1.00000000
v -0.27710721 -0.19306679 0.02214519 1.00000000 1.00000000 1.00000000
v -0.04957745 -0.14925215 0.02566162 1.00000000 1.00000000 1.00000000
v -0.25330317 -0.09470079 0.02560291 1.00000000 1.00000000 1.00000000
v -0.17329800 -0.27253673 0.02566162 1.00000000 1.00000000 1.00000000
v -0.01673712 -0.42648221 0.02566162 1.00000000 1.00000000 1.00000000
v 0.12682595 0.19186646 0.02566162 1.00000000 1.00000000 1.00000000
v -0.14930057 0.30131198 0.00902021 1.00000000 1.00000000 1.00000000
v -0.24317643 -0.07751099 0.02566162 1.00000000 1.00000000 1.00000000
v 0.20562941 -0.17001548 0.02566162 1.00000000 1.00000000 1.00000000
v 0.15388522 0.06677614 0.02566162 1.00000000 1.00000000 1.00000000
v 0.25165790 0.28077397 0.00950001 1.00000000 1.00000000 1.00000000
v 0.13540117 -0.11539665 0.02566162 1.00000000 1.00000000 1.00000000
v -0.08805834 -0.27145496 0.02566162 1.00000000 1.00000000 1.00000000
v -0.13236717 0.00381428 0.02566162 1.00000000 1.00000000 1.00000000
v -0.24833128 0.12569376 0.02566162 1.00000000 1.00000000 1.00000000
v -0.05384882 -0.23935632 0.02566162 1.00000000 1.00000000 1.00000000
v -0.08720535 -0.41889130 0.02566162 1.00000000 1.00000000 1.00000000
v -0.27109907 -0.06509796 0.02303045 1.00000000 1.00000000 1.00000000
v 0.15823240 -0.39661545 0.02566162 1.00000000 1.00000000 1.00000000
v 0.19342132 0.03331066 0.02566162 1.00000000 1.00000000 1.00000000
v -0.14891263 -0.34935946 0.02566162 1.00000000 1.00000000 1.00000000
v -0.07181491 -0.08257980 0.02566162 1.00000000 1.00000000 1.00000000
v 0.09316654 -0.18173179 0.02566162 1.00000000 1.00000000 1.00000000
v 0.24665013 -0.24758952 0.02566162 1.00000000 1.00000000 1.00000000
v -0.02832069 0.12498261 0.02566162 1.00000000 1.00000000 1.00000000
v -0.11609531 -0.01410643 0.02566162 1.00000000 1.00000000 1.00000000
v 0.21910221 -0.23702047 0.02566162 1.00000000 1.00000000 1.00000000
v -0.14915265 -0.29954972 0.02566162 1.00000000 1.00000000 1.00000000
v -0.22938219 0.13204130 0.02566162 1.00000000 1.00000000 1.00000000
v -0.14869466 0.28999213 0.01814683 1.00000000 1.00000000 1.00000000
v 0.21436422 -0.10562536 0.02566162 1.00000000 1.00000000 1.00000000
v 0.07547247 -0.31254730 0.02566162 1.00000000 1.00000000 1.00000000
v 0.17021468 -0.12645555 0.02566162 1.00000000 1.00000000 1.00000000
v -0.21228083 -0.20458072 0.02566162 1.00000000 1.00000000 1.00000000
v 0.01044476 0.02806752 0.02566162 1.00000000 1.00000000 1.00000000
v -0.18541175 0.25596684 0.02543081 1.00000000 1.00000000 1.00000000
v 0.04309985 -0.14140253 0.02566162 1.00000000 1.00000000 1.00000000
v 0.02627795 0.17899203 0.02566162 1.00000000 1.00000000 1.00000000
v 0.22817694 -0.29167609 0.02566162 1.00000000 1.00000000 1.00000000
v -0.24957091 -0.31174662 0.02566162 1.00000000 1.00000000 1.00000000
v 0.13148715 -0.24149806 0.02566162 1.00000000 1.00000000 1.00000000
v -0.10069102 -0.39016583 0.02566162 1.00000000 1.00000000 1.00000000
v 0.06530051 -0.45010357 0.02566162 1.00000000 1.00000000 1.00000000
v -0.24244557 -0.26630173 0.02566162 1.00000000 1.00000000 1.00000000
v 0.01681291 -0.26128654 0.02566162 1.00000000 1.00000000 1.00000000
v -0.25168316 -0.03689840 0.02561421 1.00000000 1.00000000 1.00000000
v -0.07786441 0.14636598 0.02566162 1.00000000 1.00000000 1.00000000
v 0.09573359 0.25828968 0.02566162 1.00000000 1.00000000 1.00000000
v -0.30605239 -0.44058759 0.00510356 1.00000000 1.00000000 1.00000000
v -0.29439201 -0.32826393 0.01558584 1.00000000 1.00000000 1.00000000
v -0.10470341 -0.43714198 0.02566162 1.00000000 1.00000000 1.00000000
v -0.19817426 0.28868441 0.01424050 1.00000000 1.00000000 1.00000000
v 0.22433537 0.28397136 0.01351545 1.00000000 1.00000000 1.00000000
v -0.28856935 -0.26978448 0.01825483 1.00000000 1.00000000 1.00000000
v -0.22451165 -0.09437571 0.02566162 1.00000000 1.00000000 1.00000000
v -0.07708293 -0.39256155 0.02566162 1.00000000 1.00000000 1.00000000
v 0.10023640 -0.33707916 0.02566162 1.00000000 1.00000000 1.00000000
v -0.24968348 -0.25262679 0.02566162 1.00000000 1.00000000 1.00000000
v 0.22647342 0.25422767 0.02466093 1.00000000 1.00000000 1.00000000
v 0.08088652 -0.35665644 0.02566162 1.00000000 1.00000000 1.00000000
v -0.26012847 0.24715589 0.02423853 1.00000000 1.00000000 1.00000000
v 0.05667798 -0.19788625 0.02566162 1.00000000 1.00000000 1.00000000
v 0.24482680 0.21335481 0.02566162 1.00000000 1.00000000 1.00000000
v 0.25295057 -0.20464692 0.02566003 1.00000000 1.00000000 1.00000000
v 0.23584299 -0.43429379 0.02566162 1.00000000 1.00000000 1.00000000
v 0.29473588 -0.20445221 0.01322589 1.00000000 1.00000000 1.00000000
v -0.04302001 -0.37442220 0.02566162 1.00000000 1.00000000 1.00000000
v 0.21770610 0.11239817 0.02566162 1.00000000 1.00000000 1.00000000
v 0.03134264 -0.38272458 0.02566162 1.00000000 1.00000000 1.00000000
v 0.25119645 0.22598752 0.02566162 1.00000000 1.00000000 1.00000000
v 0.27263589 0.14155695 0.02547085 1.00000000 1.00000000 1.00000000
v 0.27699527 0.05145799 0.02028016 1.00000000 1.00000000 1.00000000
v 0.24184524 0.25463018 0.02388472 1.00000000 1.00000000 1.00000000
v 0.01944395 -0.43529533 0.02566162 1.00000000 1.00000000 1.00000000
v -0.13922998 0.03036589 0.02566162 1.00000000 1.00000000 1.00000000
v 0.18846879 -0.26495164 0.02566162 1.00000000 1.00000000 1.00000000
v -0.04172875 -0.38965993 0.02566162 1.00000000 1.00000000 1.00000000
v -0.12345267 0.03820962 0.02566162 1.00000000 1.00000000 1.00000000
v -0.02178513 -0.30367283 0.02566162 1.00000000 1.00000000 1.00000000
v 0.09476009 0.18807878 0.02566162 1.00000000 1.00000000 1.00000000
v 0.06834402 -0.36404718 0.02566162 1.00000000 1.00000000 1.00000000
v 0.03148757 -0.42767108 0.02566162 1.00000000 1.00000000 1.00000000
v -0.14747306 0.08912035 0.02566162 1.00000000 1.00000000 1.00000000
v 0.18588421 0.23536701 0.02566162 1.00000000 1.00000000 1.00000000
v 0.27430553 -0.31681495 0.02359671 1.00000000 1.00000000 1.00000000
v 0.17247466 -0.10834804 0.02566162 1.00000000 1.00000000 1.00000000
v 0.09038791 0.04247892 0.02566162 1.00000000 1.00000000 1.00000000
v 0.10516229 -0.35616155 0.02566162 1.00000000 1.00000000 1.00000000
v -0.26808018 -0.28561422 0.02462755 1.00000000 1.00000000 1.00000000
v 0.10332548 0.07086910 0.02566162 1.00000000 1.00000000 1.00000000
v 0.29951419 -0.41730325 0.01317508 1.00000000 1.00000000 1.00000000
v 0.00813817 -0.37189085 0.02566162 1.00000000 1.00000000 1.00000000
v -0.20594894 -0.02110702 0.02566162 1.00000000 1.00000000 1.00000000
v -0.14559365 -0.09655361 0.02566162 1.00000000 1.00000000 1.00000000
v 0.02107893 -0.08174185 0.02566162 1.00000000 1.00000000 1.00000000
v 0.19824277 0.13685864 0.02566162 1.00000000 1.00000000 1.00000000
v 0.09253424 -0.34806570 0.02566162 1.00000000 1.00000000 1.00000000
v -0.09489716 0.14869730 0.02566162 1.00000000 1.00000000 1.00000000
v 0.27685007 -0.18261141 0.02215288 1.00000000 1.00000000 1.00000000
v -0.24661865 0.27753457 0.01399577 1.00000000 1.00000000 1.00000000
v -0.03047379 -0.42609037 0.02566162 1.00000000 1.00000000 1.00000000
v 0.27405680 -0.06403510 0.02220248 1.00000000 1.00000000 1.00000000
v 0.13985090 0.29730104 0.01414201 1.00000000 1.00000000 1.00000000
v -0.25318696 -0.06479793 0.02558208 1.00000000 1.00000000 1.00000000
v -0.25111183 -0.28105153 0.02566162 1.00000000 1.00000000 1.00000000
v -0.18938297 -0.28633138 0.02566162 1.00000000 1.00000000 1.00000000
v 0.01850345 -0.05785171 0.02566162 1.00000000 1.00000000 1.00000000
v -0.21987798 -0.34338567 0.02566162 1.00000000 1.00000000 1.00000000
v -0.04658571 -0.45185916 0.02566162 1.00000000 1.00000000 1.00000000
v 0.11965394 0.22874768 0.02566162 1.00000000 1.00000000 1.00000000
v 0.27844540 -0.05087095 0.02060288 1.00000000 1.00000000 1.00000000
v 0.17616240 0.29428693 0.01275026 1.00000000 1.00000000 1.00000000
v -0.13015211 -0.09591430 0.02566162 1.00000000 1.00000000 1.00000000
v 0.02499722 -0.03562581 0.02566162 1.00000000 1.00000000 1.00000000
v -0.03347580 -0.02271338 0.02566162 1.00000000 1.00000000 1.00000000
v 0.18379569 0.05780647 0.02566162 1.00000000 1.00000000 1.00000000
v 0.25561793 0.25818534 0.02200854 1.00000000 1.00000000 1.00000000
v 0.28954403 0.25459332 0.01906810 1.00000000 1.00000000 1.00000000
v 0.04836930 -0.43633342 0.02566162 1.00000000 1.00000000 1.00000000
v -0.03525061 -0.44629231 0.02566162 1.00000000 1.00000000 1.00000000
v 0.14699887 0.08046726 0.02566162 1.00000000 1.00000000 1.00000000
v 0.09209648 -0.31216821 0.02566162 1.00000000 1.00000000 1.00000000
v -0.28787781 -0.35734139 0.01951147 1.00000000 1.00000000 1.00000000
v -0.01369850 0.01885259 0.02566162 1.00000000 1.00000000 1.00000000
v -0.06134889 -0.19902467 0.02566162 1.00000000 1.00000000 1.00000000
v 0.27466770 0.09144736 0.02083889 1.00000000 1.00000000 1.00000000
v -0.05995553 -0.12282551 0.02566162 1.00000000 1.00000000 1.00000000
v -0.20845702 0.27171217 0.02165300 1.00000000 1.00000000 1.00000000
v -0.27157675 -0.35453961 0.02430487 1.00000000 1.00000000 1.00000000
v 0.29023767 -0.08614530 0.01472435 1.00000000 1.00000000 1.00000000
v 0.20648910 -0.18266707 0.02566162 1.00000000 1.00000000 1.00000000
v -0.17963198 -0.10318270 0.02566162 1.00000000 1.00000000 1.00000000
v 0.08528239 -0.29763017 0.02566162 1.00000000 1.00000000 1.00000000
v 0.15872911 0.21645220 0.02566162 1.00000000 1.00000000 1.00000000
v -0.23249104 -0.43944197 0.02566162 1.00000000 1.00000000 1.00000000
v -0.10975433 -0.37442845 0.02566162 1.00000000 1.00000000 1.00000000
v 0.19280520 -0.18211555 0.02566162 1.00000000 1.00000000 1.00000000
v 0.17693324 -0.36462275 0.02566162 1.00000000 1.00000000 1.00000000
v -0.23683708 -0.28215452 0.02566162 1.00000000 1.00000000 1.00000000
v -0.11944474 0.12724759 0.02566162 1.00000000 1.00000000 1.00000000
v 0.27462224 -0.00763141 0.02162835 1.00000000 1.00000000 1.00000000
v 0.26558457 -0.12503120 0.02445878 1.00000000 1.00000000 1.00000000
v -0.27008673 -0.29989164 0.02435336 1.00000000 1.00000000 1.00000000
v -0.23278879 -0.12682176 0.02566162 1.00000000 1.00000000 1.00000000
v 0.23128410 0.18709181 0.02566162 1.00000000 1.00000000 1.00000000
v 0.13325098 0.09847686 0.02566162 1.00000000 1.00000000 1.00000000
v 0.20092955 -0.09544318 0.02566162 1.00000000 1.00000000 1.00000000
v -0.12226302 -0.23333954 0.02566162 1.00000000 1.00000000 1.00000000
v 0.20561125 0.24076661 0.02566162 1.00000000 1.00000000 1.00000000
v -0.21577597 -0.36803828 0.02566162 1.00000000 1.00000000 1.00000000
v 0.22869336 -0.14629729 0.02566162 1.00000000 1.00000000 1.00000000
v 0.03280979 0.11219404 0.02566162 1.00000000 1.00000000 1.00000000
v -0.07983429 -0.19965950 0.02566162 1.00000000 1.00000000 1.00000000
v 0.26408629 0.20558323 0.02566162 1.00000000 1.00000000 1.00000000
v 0.10736098 0.04392695 0.02566162 1.00000000 1.00000000 1.00000000
v -0.21628613 0.17841279 0.02566162 1.00000000 1.00000000 1.00000000
v -0.17368827 -0.19381579 0.02566162 1.00000000 1.00000000 1.00000000
v 0.28605778 0.11220994 0.01668644 1.00000000 1.00000000 1.00000000
v 0.17001759 0.08864438 0.02566162 1.00000000 1.00000000 1.00000000
v 0.21436005 -0.28315536 0.02566162 1.00000000 1.00000000 1.00000000
v 0.02567751 -0.17289031 0.02566162 1.00000000 1.00000000 1.00000000
v -0.07590820 0.23373749 0.02566162 1.00000000 1.00000000 1.00000000
v -0.23784151 0.01836041 0.02566162 1.00000000 1.00000000 1.00000000
v -0.01770083 -0.18125903 0.02566162 1.00000000 1.00000000 1.00000000
v -0.14135093 -0.03843596 0.02566162 1.00000000 1.00000000 1.00000000
v -0.07500881 0.21599515 0.02566162 1.00000000 1.00000000 1.00000000
v -0.04418350 0.09398818 0.02566162 1.00000000 1.00000000 1.00000000
v 0.06976104 -0.13174195 0.02566162 1.00000000 1.00000000 1.00000000
v 0.13376548 -0.35233861 0.02566162 1.00000000 1.00000000 1.00000000
v 0.07415556 0.21545117 0.02566162 1.00000000 1.00000000 1.00000000
v -0.22125655 -0.44038125 0.02566162 1.00000000 1.00000000 1.00000000
v 0.16818783 -0.21112123 0.02566162 1.00000000 1.00000000 1.00000000
v 0.11701050 -0.27012789 0.02566162 1.00000000 1.00000000 1.00000000
v 0.15382509 0.15264244 0.02566162 1.00000000 1.00000000 1.00000000
v 0.17129683 0.21567638 0.02566162 1.00000000 1.00000000 1.00000000
v 0.23660151 -0.04680738 0.02566162 1.00000000 1.00000000 1.00000000
v 0.11500907 0.14036471 0.02566162 1.00000000 1.00000000 1.00000000
v 0.10241495 0.22835607 0.02566162 1.00000000 1.00000000 1.00000000
v -0.15210599 -0.25794602 0.02566162 1.00000000 1.00000000 1.00000000
v 0.10979376 0.15413054 0.02566162 1.00000000 1.00000000 1.00000000
v -0.02043484 -0.28891681 0.02566162 1.00000000 1.00000000 1.00000000
v -0.00620551 -0.43492430 0.02566162 1.00000000 1.00000000 1.00000000
v 0.01957149 -0.10117225 0.02566162 1.00000000 1.00000000 1.00000000
v 0.12228486 0.29872365 0.01423314 1.00000000 1.00000000 1.00000000
v -0.12265991 0.14130957 0.02566162 1.00000000 1.00000000 1.00000000
v 0.29796039 -0.17077391 0.00894152 1.00000000 1.00000000 1.00000000
v 0.02085901 -0.42000516 0.02566162 1.00000000 1.00000000 1.00000000
v 0.29274375 -0.03248584 0.01150793 1.00000000 1.00000000 1.00000000
v -0.03919120 0.04388953 0.02566162 1.00000000 1.00000000 1.00000000
v -0.00238796 -0.26232451 0.02566162 1.00000000 1.00000000 1.00000000
v 0.01868739 0.09921542 0.02566162 1.00000000 1.00000000 1.00000000
v -0.20773821 -0.26246887 0.02566162 1.00000000 1.00000000 1.00000000
v 0.06859538 -0.19078999 0.02566162 1.00000000 1.00000000 1.00000000
v -0.01241675 -0.13806432 0.02566162 1.00000000 1.00000000 1.00000000
v -0.20071903 0.09128350 0.02566162 1.00000000 1.00000000 1.00000000
v 0.20661542 -0.27069644 0.02566162 1.00000000 1.00000000 1.00000000
v -0.00095309 -0.34112257 0.02566162 1.00000000 1.00000000 1.00000000
v 0.24218595 -0.33220972 0.02566162 1.00000000 1.00000000 1.00000000
v -0.17329029 -0.31455570 0.02566162 1.00000000 1.00000000 1.00000000
v -0.24323503 -0.44272914 0.02566162 1.00000000 1.00000000 1.00000000
v -0.26611701 -0.12942023 0.02438588 1.00000000 1.00000000 1.00000000
v 0.10476496 0.27331877 0.02455269 1.00000000 1.00000000 1.00000000
v -0.11482022 0.10459295 0.02566162 1.00000000 1.00000000 1.00000000
v -0.09032128 -0.25817814 0.02566162 1.00000000 1.00000000 1.00000000
v -0.13295846 0.30245683 0.00970787 1.00000000 1.00000000 1.00000000
v 0.05759164 -0.31078504 0.02566162 1.00000000 1.00000000 1.00000000
v 0.01990880 0.19843103 0.02566162 1.00000000 1.00000000 1.00000000
v -0.06626154 -0.09692285 0.02566162 1.00000000 1.00000000 1.00000000
v -0.28061587 0.01721142 0.01903528 1.00000000 1.00000000 1.00000000
v 0.02299318 -0.02285349 0.02566162 1.00000000 1.00000000 1.00000000
v -0.02174843 -0.11248838 0.02566162 1.00000000 1.00000000 1.00000000
v -0.29786900 -0.26195932 0.01146950 1.00000000 1.00000000 1.00000000
v 0.04953108 -0.15422117 0.02566162 1.00000000 1.00000000 1.00000000
v 0.20963057 0.03817195 0.02566162 1.00000000 1.00000000 1.00000000
v 0.14744060 -0.15440745 0.02566162 1.00000000 1.00000000 1.00000000
v -0.19743715 0.00634164 0.02566162 1.00000000 1.00000000 1.00000000
v 0.19225053 -0.19954940 0.02566162 1.00000000 1.00000000 1.00000000
v 0.12057298 0.10690920 0.02566162 1.00000000 1.00000000 1.00000000
v -0.05806500 -0.32415654 0.02566162 1.00000000 1.00000000 1.00000000
v -0.08174164 -0.06885228 0.02566162 1.00000000 1.00000000 1.00000000
v 0.00954811 0.07147503 0.02566162 1.00000000 1.00000000 1.00000000
v 0.20143486 -0.30836138 0.02566162 1.00000000 1.00000000 1.00000000
v 0.03183538 -0.13374881 0.02566162 1.00000000 1.00000000 1.00000000
v -0.11253461 -0.22472682 0.02566162 1.00000000 1.00000000 1.00000000
v -0.18749363 -0.35852921 0.02566162 1.00000000 1.00000000 1.00000000
v 0.28436751 -0.41832047 0.02141283 1.00000000 1.00000000 1.00000000
v 0.29152515 0.26785706 0.00910402 1.00000000 1.00000000 1.00000000
v -0.17467809 -0.35417742 0.02566162 1.00000000 1.00000000 1.00000000
v 0.11785435 -0.08598105 0.02566162 1.00000000 1.00000000 1.00000000
v 0.11407159 -0.44245394 0.02566162 1.00000000 1.00000000 1.00000000
v -0.11186054 -0.12841714 0.02566162 1.00000000 1.00000000 1.00000000
v 0.16264016 0.02427227 0.02566162 1.00000000 1.00000000 1.00000000
v 0.06012706 -0.10854767 0.02566162 1.00000000 1.00000000 1.00000000
v 0.13962522 0.00244220 0.02566162 1.00000000 1.00000000 1.00000000
v 0.28456554 0.22062825 0.02566162 1.00000000 1.00000000 1.00000000
v -0.05262868 -0.30632406 0.02566162 1.00000000 1.00000000 1.00000000
v 0.29790876 -0.18567987 0.00945832 1.00000000 1.00000000 1.00000000
v -0.17240224 0.02966321 0.02566162 1.00000000 1.00000000 1.00000000
v 0.10767227 -0.00208694 0.02566162 1.00000000 1.00000000 1.00000000
v -0.12715856 -0.41564936 0.02566162 1.00000000 1.00000000 1.00000000
v 0.11626785 -0.23529439 0.02566162 1.00000000 1.00000000 1.00000000
v -0.18122434 -0.30210376 0.02566162 1.00000000 1.00000000 1.00000000
v 0.14008771 -0.04679388 0.02566162 1.00000000 1.00000000 1.00000000
v 0.10616737 0.18954094 0.02566162 1.00000000 1.00000000 1.00000000
v -0.26687545 0.08245466 0.02326691 1.00000000 1.00000000 1.00000000
v -0.02960999 -0.03914869 0.02566162 1.00000000 1.00000000 1.00000000
v 0.14740923 -0.24611800 0.02566162 1.00000000 1.00000000 1.00000000
v 0.13395602 -0.37913042 0.02566162 1.00000000 1.00000000 1.00000000
v 0.09103051 0.00196402 0.02566162 1.00000000 1.00000000 1.00000000
v 0.27367717 0.23543535 0.02517452 1.00000000 1.00000000 1.00000000
v 0.07967594 -0.08784497 0.02566162 1.00000000 1.00000000 1.00000000
v -0.02934039 -0.10110159 0.02566162 1.00000000 1.00000000 1.00000000
v 0.00102832 0.18814539 0.02566162 1.00000000 1.00000000 1.00000000
v -0.28275790 0.17117134 0.02566162 1.00000000 1.00000000 1.00000000
v 0.27786307 -0.19824787 0.02194688 1.00000000 1.00000000 1.00000000
v -0.25097007 -0.21743554 0.02566162 1.00000000 1.00000000 1.00000000
v -0.19034935 0.10708081 0.02566162 1.00000000 1.00000000 1.00000000
v -0.19470223 0.13825332 0.02566162 1.00000000 1.00000000 1.00000000
v 0.24599404 -0.02381104 0.02566162 1.00000000 1.00000000 1.00000000
v 0.28665077 -0.35908235 0.02005441 1.00000000 1.00000000 1.00000000
v 0.11231269 0.24197314 0.02566162 1.00000000 1.00000000 1.00000000
v -0.24657139 -0.37526713 0.02566162 1.00000000 1.00000000 1.00000000
v -0.24401960 -0.18827962 0.02566162 1.00000000 1.00000000 1.00000000
v -0.20166431 0.18939555 0.02566162 1.00000000 1.00000000 1.00000000
v 0.10181420 0.13833005 0.02566162 1.00000000 1.00000000 1.00000000
v -0.26586634 -0.25750715 0.02485456 1.00000000 1.00000000 1.00000000
v -0.16694512 -0.38451247 0.02566162 1.00000000 1.00000000 1.00000000
v -0.11168401 -0.39974530 0.02566162 1.00000000 1.00000000 1.00000000
v -0.27633393 -0.20614732 0.02245943 1.00000000 1.00000000 1.00000000
v -0.14868776 -0.14149859 0.02566162 1.00000000 1.00000000 1.00000000
v -0.00493603 -0.23751974 0.02566162 1.00000000 1.00000000 1.00000000
v 0.13240624 0.28374006 0.02147753 1.00000000 1.00000000 1.00000000
v -0.15240171 0.17105592 0.02566162 1.00000000 1.00000000 1.00000000
v 0.10990232 -0.25376120 0.02566162 1.00000000 1.00000000 1.00000000
v 0.18938413 -0.39419021 0.02566162 1.00000000 1.00000000 1.00000000
v -0.01053612 0.08640981 0.02566162 1.00000000 1.00000000 1.00000000
v 0.26333779 -0.19110818 0.02498907 1.00000000 1.00000000 1.00000000
v 0.09798312 0.21177098 0.02566162 1.00000000 1.00000000 1.00000000
v -0.09880948 -0.31377563 0.02566162 1.00000000 1.00000000 1.00000000
v 0.02843751 -0.30131194 0.02566162 1.00000000 1.00000000 1.00000000
v -0.22649286 0.14829707 0.02566162 1.00000000 1.00000000 1.00000000
v 0.18233995 -0.22079625 0.02566162 1.00000000 1.00000000 1.00000000
v 0.12847528 -0.20950019 0.02566162 1.00000000 1.00000000 1.00000000
v 0.11379951 -0.41479351 0.02566162 1.00000000 1.00000000 1.00000000
v 0.02449897 0.01881001 0.02566162 1.00000000 1.00000000 1.00000000
v 0.19383393 -0.04040551 0.02566162 1.00000000 1.00000000 1.00000000
v -0.26996241 -0.18225549 0.02388616 1.00000000 1.00000000 1.00000000
v -0.03132208 0.14095597 0.02566162 1.00000000 1.00000000 1.00000000
v -0.22715362 -0.20047251 0.02566162 1.00000000 1.00000000 1.00000000
v 0.29664903 -0.14353203 0.00987366 1.00000000 1.00000000 1.00000000
v 0.03167616 -0.34061602 0.02566162 1.00000000 1.00000000 1.00000000
v -0.27026878 -0.22157171 0.02399939 1.00000000 1.00000000 1.00000000
v 0.09344913 -0.28225905 0.02566162 1.00000000 1.00000000 1.00000000
v -0.08746030 -0.40188660 0.02566162 1.00000000 1.00000000 1.00000000
v 0.16395468 -0.44358003 0.02566162 1.00000000 1.00000000 1.00000000
v -0.13980488 -0.39387742 0.02566162 1.00000000 1.00000000 1.00000000
v -0.18170547 0.19079482 0.02566162 1.00000000 1.00000000 1.00000000
v 0.08983143 -0.14685286 0.02566162 1.00000000 1.00000000 1.00000000
v 0.17308861 -0.26677532 0.02566162 1.00000000 1.00000000 1.00000000
v 0.21388224 -0.19556240 0.02566162 1.00000000 1.00000000 1.00000000
v -0.23689244 -0.38401372 0.02566162 1.00000000 1.00000000 1.00000000
v 0.13112770 0.24208961 0.02566162 1.00000000 1.00000000 1.00000000
v 0.22007921 -0.18080583 0.02566162 1.00000000 1.00000000 1.00000000
v 0.26610771 -0.04486167 0.02404676 1.00000000 1.00000000 1.00000000
v -0.04356367 -0.20321375 0.02566162 1.00000000 1.00000000 1.00000000
v 0.17038885 0.19204679 0.02566162 1.00000000 1.00000000 1.00000000
v 0.00368250 0.14929267 0.02566162 1.00000000 1.00000000 1.00000000
v 0.20841892 -0.15363124 0.02566162 1.00000000 1.00000000 1.00000000
v 0.03432181 -0.22914088 0.02566162 1.00000000 1.00000000 1.00000000
v 0.17230981 0.01356318 0.02566162 1.00000000 1.00000000 1.00000000
v -0.09357969 -0.33648273 0.02566162 1.00000000 1.00000000 1.00000000
v 0.18715401 0.11323251 0.02566162 1.00000000 1.00000000 1.00000000
v -0.18243216 -0.08505760 0.02566162 1.00000000 1.00000000 1.00000000
v -0.13977503 -0.32338195 0.02566162 1.00000000 1.00000000 1.00000000
v -0.29793055 -0.21561610 0.01025951 1.00000000 1.00000000 1.00000000
v 0.22015083 0.06650085 0.02566162 1.00000000 1.00000000 1.00000000
v 0.00949029 -0.41307285 0.02566162 1.00000000 1.00000000 1.00000000
v -0.23120540 -0.41187325 0.02566162 1.00000000 1.00000000 1.00000000
v 0.02801571 -0.32454293 0.02566162 1.00000000 1.00000000 1.00000000
v 0.06737733 -0.32738377 0.02566162 1.00000000 1.00000000 1.00000000
v -0.24527495 -0.40819448 0.02566162 1.00000000 1.00000000 1.00000000
v -0.12208140 -0.19763299 0.02566162 1.00000000 1.00000000 1.00000000
v 0.06179112 -0.15930873 0.02566162 1.00000000 1.00000000 1.00000000
v 0.25990893 0.13713231 0.02565117 1.00000000 1.00000000 1.00000000
v -0.27759742 0.21931738 0.02566162 1.00000000 1.00000000 1.00000000
v -0.28130862 -0.17293487 0.02054222 1.00000000 1.00000000 1.00000000
v -0.09892199 -0.40798116 0.02566162 1.00000000 1.00000000 1.00000000
v 0.28513509 0.20874320 0.02566162 1.00000000 1.00000000 1.00000000
v -0.13368835 -0.43677539 0.02566162 1.00000000 1.00000000 1.00000000
v 0.29173515 -0.15935271 0.01481715 1.00000000 1.00000000 1.00000000
v 0.25649749 -0.16749032 0.02553404 1.00000000 1.00000000 1.00000000
v -0.22562563 -0.06898005 0.02566162 1.00000000 1.00000000 1.00000000
v -0.00388366 -0.42016509 0.02566162 1.00000000 1.00000000 1.00000000
v -0.23820474 0.04718050 0.02566162 1.00000000 1.00000000 1.00000000
v -0.15804795 0.04272891 0.02566162 1.00000000 1.00000000 1.00000000
v 0.21726832 -0.12373597 0.02566162 1.00000000 1.00000000 1.00000000
v 0.07127776 -0.03272418 0.02566162 1.00000000 1.00000000 1.00000000
v -0.18582399 -0.14923005 0.02566162 1.00000000 1.00000000 1.00000000
v -0.18558975 -0.20648712 0.02566162 1.00000000 1.00000000 1.00000000
v 0.14081844 -0.39640783 0.02566162 1.00000000 1.00000000 1.00000000
v 0.12328764 -0.02386231 0.02566162 1.00000000 1.00000000 1.00000000
v 0.04653990 -0.24747636 0.02566162 1.00000000 1.00000000 1.00000000
v 0.14922375 0.20495917 0.02566162 1.00000000 1.00000000 1.00000000
v -0.21456504 -0.27720658 0.02566162 1.00000000 1.00000000 1.00000000
v -0.20982767 0.12420088 0.02566162 1.00000000 1.00000000 1.00000000
v 0.21151847 0.05556097 0.02566162 1.00000000 1.00000000 1.00000000
v -0.14101657 -0.31035481 0.02566162 1.00000000 1.00000000 1.00000000
v -0.11989872 -0.11089963 0.02566162 1.00000000 1.00000000 1.00000000
v -0.05141009 -0.40129215 0.02566162 1.00000000 1.00000000 1.00000000
v 0.25259350 0.06933449 0.02545429 1.00000000 1.00000000 1.00000000
v -0.09640924 0.09948736 0.02566162 1.00000000 1.00000000 1.00000000
v 0.28863612 -0.00129391 0.01451464 1.00000000 1.00000000 1.00000000
v -0.03243335 -0.33493207 0.02566162 1.00000000 1.00000000 1.00000000
v -0.26656291 -0.05234908 0.02399027 1.00000000 1.00000000 1.00000000
v -0.17653910 0.29002663 0.01593744 1.00000000 1.00000000 1.00000000
v 0.20933009 0.17441267 0.02566162 1.00000000 1.00000000 1.00000000
v -0.05207800 -0.06993306 0.02566162 1.00000000 1.00000000 1.00000000
v 0.16547201 0.10399225 0.02566162 1.00000000 1.00000000 1.00000000
v -0.13542304 0.12523167 0.02566162 1.00000000 1.00000000 1.00000000
v -0.08840324 0.04366796 0.02566162 1.00000000 1.00000000 1.00000000
v -0.02910349 -0.23915603 0.02566162 1.00000000 1.00000000 1.00000000
v 0.17407310 -0.28528326 0.02566162 1.00000000 1.00000000 1.00000000
v 0.18433322 -0.07259654 0.02566162 1.00000000 1.00000000 1.00000000
v -0.02162956 0.05220616 0.02566162 1.00000000 1.00000000 1.00000000
v -0.14083105 -0.18965124 0.02566162 1.00000000 1.00000000 1.00000000
v 0.07428559 0.14581294 0.02566162 1.00000000 1.00000000 1.00000000
v 0.08050199 0.12874670 0.02566162 1.00000000 1.00000000 1.00000000
v 0.25949937 0.05666523 0.02477251 1.00000000 1.00000000 1.00000000
v 0.16335353 0.20269171 0.02566162 1.00000000 1.00000000 1.00000000
v 0.01193075 -0.30099768 0.02566162 1.00000000 1.00000000 1.00000000
v -0.01413981 0.11616880 0.02566162 1.00000000 1.00000000 1.00000000
v -0.15376924 0.27778451 0.02260041 1.00000000 1.00000000 1.00000000
v -0.19667384 0.21910969 0.02566162 1.00000000 1.00000000 1.00000000
v -0.27688996 -0.07687579 0.02138070 1.00000000 1.00000000 1.00000000
v 0.03281659 -0.20670281 0.02566162 1.00000000 1.00000000 1.00000000
v -0.21121792 -0.03233133 0.02566162 1.00000000 1.00000000 1.00000000
v -0.10520420 0.03036763 0.02566162 1.00000000 1.00000000 1.00000000
v -0.24392890 -0.16487214 0.02566162 1.00000000 1.00000000 1.00000000
v 0.00471201 -0.38737881 0.02566162 1.00000000 1.00000000 1.00000000
v 0.09322933 0.09773260 0.02566162 1.00000000 1.00000000 1.00000000
v -0.19526259 0.27360889 0.02190267 1.00000000 1.00000000 1.00000000
v -0.07806063 -0.05260129 0.02566162 1.00000000 1.00000000 1.00000000
v 0.20697624 0.07323974 0.02566162 1.00000000 1.00000000 1.00000000
v -0.01925110 -0.25846101 0.02566162 1.00000000 1.00000000 1.00000000
v 0.02794681 -0.04819759 0.02566162 1.00000000 1.00000000 1.00000000
v 0.02062930 -0.31312761 0.02566162 1.00000000 1.00000000 1.00000000
v -0.09217357 0.11867661 0.02566162 1.00000000 1.00000000 1.00000000
v 0.05259500 0.19508932 0.02566162 1.00000000 1.00000000 1.00000000
v -0.19932259 0.26006091 0.02471894 1.00000000 1.00000000 1.00000000
v -0.01094170 -0.38702444 0.02566162 1.00000000 1.00000000 1.00000000
v -0.21200031 0.14045246 0.02566162 1.00000000 1.00000000 1.00000000
v -0.06220777 0.20781997 0.02566162 1.00000000 1.00000000 1.00000000
v 0.04479429 -0.09949361 0.02566162 1.00000000 1.00000000 1.00000000
v 0.03655686 -0.27852454 0.02566162 1.00000000 1.00000000 1.00000000
v 0.22845264 0.01756473 0.02566162 1.00000000 1.00000000 1.00000000
v -0.03130232 0.18320492 0.02566162 1.00000000 1.00000000 1.00000000
v 0.15451502 0.16794432 0.02566162 1.00000000 1.00000000 1.00000000
v -0.05794436 0.12549953 0.02566162 1.00000000 1.00000000 1.00000000
v -0.05462975 -0.21372027 0.02566162 1.00000000 1.00000000 1.00000000
v 0.04824868 -0.23644725 0.02566162 1.00000000 1.00000000 1.00000000
v -0.10383617 -0.27244695 0.02566162 1.00000000 1.00000000 1.00000000
v -0.20237917 -0.17885983 0.02566162 1.00000000 1.00000000 1.00000000
v -0.15393061 -0.24327702 0.02566162 1.00000000 1.00000000 1.00000000
v -0.23455215 0.23312792 0.02566162 1.00000000 1.00000000 1.00000000
v 0.19440526 0.07882776 0.02566162 1.00000000 1.00000000 1.00000000
v -0.17233699 0.26044999 0.02524709 1.00000000 1.00000000 1.00000000
v 0.11415040 0.28615587 0.02114101 1.00000000 1.00000000 1.00000000
v -0.27243297 0.00152543 0.02225345 1.00000000 1.00000000 1.00000000
v 0.17011885 0.23015199 0.02566162 1.00000000 1.00000000 1.00000000
v 0.24642404 -0.42066089 0.02566162 1.00000000 1.00000000 1.00000000
v -0.06227631 -0.14493051 0.02566162 1.00000000 1.00000000 1.00000000
v 0.11946156 0.09131808 0.02566162 1.00000000 1.00000000 1.00000000
v 0.05207543 -0.36734036 0.02566162 1.00000000 1.00000000 1.00000000
v -0.29656323 -0.29061619 0.01329747 1.00000000 1.00000000 1.00000000
v 0.10264229 0.02892265 0.02566162 1.00000000 1.00000000 1.00000000
v 0.10664480 0.08595516 0.02566162 1.00000000 1.00000000 1.00000000
v 0.01793446 -0.37990951 0.02566162 1.00000000 1.00000000 1.00000000
v -0.21725931 -0.41650587 0.02566162 1.00000000 1.00000000 1.00000000
v -0.10143849 -0.13925505 0.02566162 1.00000000 1.00000000 1.00000000
v -0.28231059 0.20393364 0.02566162 1.00000000 1.00000000 1.00000000
v -0.01358135 -0.37602906 0.02566162 1.00000000 1.00000000 1.00000000
v 0.09978149 -0.03368407 0.02566162 1.00000000 1.00000000 1.00000000
v 0.02821869 -0.40814011 0.02566162 1.00000000 1.00000000 1.00000000
v -0.01199296 0.13480368 0.02566162 1.00000000 1.00000000 1.00000000
v 0.04321539 0.02364918 0.02566162 1.00000000 1.00000000 1.00000000
v 0.02397733 0.16000918 0.02566162 1.00000000 1.00000000 1.00000000
v 0.28789073 0.01406655 0.01481652 1.00000000 1.00000000 1.00000000
v -0.00546446 -0.19235315 0.02566162 1.00000000 1.00000000 1.00000000
v 0.05614301 -0.09359418 0.02566162 1.00000000 1.00000000 1.00000000
v -0.11555742 -0.25875484 0.02566162 1.00000000 1.00000000 1.00000000
v 0.17356763 -0.06377586 0.02566162 1.00000000 1.00000000 1.00000000
v -0.02354193 0.19899636 0.02566162 1.00000000 1.00000000 1.00000000
v -0.03135466 0.15483225 0.02566162 1.00000000 1.00000000 1.00000000
v -0.05440961 -0.38507396 0.02566162 1.00000000 1.00000000 1.00000000
v 0.07946345 -0.00675385 0.02566162 1.00000000 1.00000000 1.00000000
v -0.13933169 -0.37887504 0.02566162 1.00000000 1.00000000 1.00000000
v -0.29249338 -0.12250418 0.01358653 1.00000000 1.00000000 1.00000000
v -0.21122724 -0.40308333 0.02566162 1.00000000 1.00000000 1.00000000
v 0.11307061 -0.30993125 0.02566162 1.00000000 1.00000000 1.00000000
v 0.24326572 -0.01138796 0.02566162 1.00000000 1.00000000 1.00000000
v -0.19682577 -0.04883755 0.02566162 1.00000000 1.00000000 1.00000000
v -0.00649388 -0.08574181 0.02566162 1.00000000 1.00000000 1.00000000
v 0.15963396 0.05285645 0.02566162 1.00000000 1.00000000 1.00000000
v -0.05166243 -0.42545081 0.02566162 1.00000000 1.00000000 1.00000000
v -0.22768214 0.07480075 0.02566162 1.00000000 1.00000000 1.00000000
v 0.00616261 0.01274657 0.02566162 1.00000000 1.00000000 1.00000000
v -0.28515889 -0.30199851 0.02014762 1.00000000 1.00000000 1.00000000
v 0.15487330 0.18922002 0.02566162 1.00000000 1.00000000 1.00000000
v -0.26966683 0.05951405 0.02267765 1.00000000 1.00000000 1.00000000
v 0.29731884 -0.34714813 0.01371522 1.00000000 1.00000000 1.00000000
v -0.10136754 0.21377936 0.02566162 1.00000000 1.00000000 1.00000000
v -0.10688899 0.06625548 0.02566162 1.00000000 1.00000000 1.00000000
v 0.25797758 -0.06169777 0.02525631 1.00000000 1.00000000 1.00000000
v 0.21844025 0.00305423 0.02566162 1.00000000 1.00000000 1.00000000
v -0.24912026 0.23826747 0.02555716 1.00000000 1.00000000 1.00000000
v 0.05144075 -0.29779221 0.02566162 1.00000000 1.00000000 1.00000000
v 0.14605645 -0.44385405 0.02566162 1.00000000 1.00000000 1.00000000
v -0.18480967 0.28265950 0.01919496 1.00000000 1.00000000 1.00000000
v 0.08223963 -0.24026760 0.02566162 1.00000000 1.00000000 1.00000000
v 0.18996749 0.26959912 0.02326822 1.00000000 1.00000000 1.00000000
v -0.27254864 0.16060847 0.02566162 1.00000000 1.00000000 1.00000000
v 0.28883324 -0.17488029 0.01695160 1.00000000 1.00000000 1.00000000
v 0.09561928 -0.01376827 0.02566162 1.00000000 1.00000000 1.00000000
v -0.27583520 -0.27012531 0.02298169 1.00000000 1.00000000 1.00000000
v 0.03397821 -0.18799203 0.02566162 1.00000000 1.00000000 1.00000000
v 0.26230999 0.22981746 0.02566028 1.00000000 1.00000000 1.00000000
v -0.13844936 -0.23594900 0.02566162 1.00000000 1.00000000 1.00000000
v -0.25645040 0.10957523 0.02507094 1.00000000 1.00000000 1.00000000
v -0.13745887 -0.44758382 0.02566162 1.00000000 1.00000000 1.00000000
v -0.05663931 0.10856525 0.02566162 1.00000000 1.00000000 1.00000000
v 0.17673020 0.07364767 0.02566162 1.00000000 1.00000000 1.00000000
v 0.15653832 -0.25989796 0.02566162 1.00000000 1.00000000 1.00000000
v 0.22470048 0.09741006 0.02566162 1.00000000 1.00000000 1.00000000
v 0.20228130 -0.13483465 0.02566162 1.00000000 1.00000000 1.00000000
v -0.10442775 0.19573827 0.02566162 1.00000000 1.00000000 1.00000000
v -0.19463014 0.03558780 0.02566162 1.00000000 1.00000000 1.00000000
v -0.25405979 0.09131558 0.02530384 1.00000000 1.00000000 1.00000000
v 0.26006545 0.19281509 0.02566162 1.00000000 1.00000000 1.00000000
v -0.22899871 0.03404216 0.02566162 1.00000000 1.00000000 1.00000000
v -0.14948320 0.10408910 0.02566162 1.00000000 1.00000000 1.00000000
v 0.00820328 -0.16461926 0.02566162 1.00000000 1.00000000 1.00000000
v -0.04141573 -0.41589970 0.02566162 1.00000000 1.00000000 1.00000000
v -0.11621594 -0.09542399 0.02566162 1.00000000 1.00000000 1.00000000
v -0.28993378 -0.15871714 0.01604946 1.00000000 1.00000000 1.00000000
v -0.25765597 0.15764787 0.02566162 1.00000000 1.00000000 1.00000000
v -0.21639164 0.00634930 0.02566162 1.00000000 1.00000000 1.00000000
v -0.13703499 0.19554192 0.02566162 1.00000000 1.00000000 1.00000000
v -0.17817352 -0.04127083 0.02566162 1.00000000 1.00000000 1.00000000
v -0.07831698 -0.30315720 0.02566162 1.00000000 1.00000000 1.00000000
v 0.20653183 0.26053443 0.02441929 1.00000000 1.00000000 1.00000000
v -0.06518795 -0.06472213 0.02566162 1.00000000 1.00000000 1.00000000
v -0.07316488 -0.27723236 0.02566162 1.00000000 1.00000000 1.00000000
v 0.17917130 -0.23695792 0.02566162 1.00000000 1.00000000 1.00000000
v -0.07114572 -0.13264546 0.02566162 1.00000000 1.00000000 1.00000000
v 0.10468547 -0.37174313 0.02566162 1.00000000 1.00000000 1.00000000
v 0.18993749 -0.42463793 0.02566162 1.00000000 1.00000000 1.00000000
v 0.14400551 -0.33795856 0.02566162 1.00000000 1.00000000 1.00000000
v -0.08573758 0.17811368 0.02566162 1.00000000 1.00000000 1.00000000
v 0.17944816 0.20569044 0.02566162 1.00000000 1.00000000 1.00000000
v -0.00678221 0.07214224 0.02566162 1.00000000 1.00000000 1.00000000
v 0.20681314 -0.05396423 0.02566162 1.00000000 1.00000000 1.00000000
v -0.10388791 0.24948573 0.02566162 1.00000000 1.00000000 1.00000000
v -0.11691817 0.26111207 0.02560747 1.00000000 1.00000000 1.00000000
v -0.29214159 -0.18615976 0.01495425 1.00000000 1.00000000 1.00000000
v 0.06075548 -0.00609675 0.02566162 1.00000000 1.00000000 1.00000000
v -0.05408999 -0.09603926 0.02566162 1.00000000 1.00000000 1.00000000
v 0.01419327 0.18585169 0.02566162 1.00000000 1.00000000 1.00000000
v -0.28718704 -0.22479526 0.01845013 1.00000000 1.00000000 1.00000000
v 0.20198008 -0.29155554 0.02566162 1.00000000 1.00000000 1.00000000
v -0.07747091 0.16217494 0.02566162 1.00000000 1.00000000 1.00000000
v 0.14749325 -0.10312055 0.02566162 1.00000000 1.00000000 1.00000000
v 0.12362136 -0.04590146 0.02566162 1.00000000 1.00000000 1.00000000
v 0.15364005 -0.43120801 0.02566162 1.00000000 1.00000000 1.00000000
v 0.13334413 -0.08318904 0.02566162 1.00000000 1.00000000 1.00000000
v 0.28382206 0.15485155 0.02566162 1.00000000 1.00000000 1.00000000
v 0.07430328 -0.01840061 0.02566162 1.00000000 1.00000000 1.00000000
v -0.04165266 -0.09886523 0.02566162 1.00000000 1.00000000 1.00000000
v -0.22701486 -0.21231997 0.02566162 1.00000000 1.00000000 1.00000000
v 0.28534268 0.13901933 0.02469589 1.00000000 1.00000000 1.00000000
v 0.06065924 -0.25653592 0.02566162 1.00000000 1.00000000 1.00000000
v -0.05315293 -0.13463910 0.02566162 1.00000000 1.00000000 1.00000000
v -0.27898264 0.07199788 0.01922954 1.00000000 1.00000000 1.00000000
v -0.26942202 -0.40797748 0.02482502 1.00000000 1.00000000 1.00000000
v -0.16489537 -0.07886216 0.02566162 1.00000000 1.00000000 1.00000000
v 0.19026572 -0.27921888 0.02566162 1.00000000 1.00000000 1.00000000
v -0.00524699 -0.28206734 0.02566162 1.00000000 1.00000000 1.00000000
v -0.11764973 -0.36105136 0.02566162 1.00000000 1.00000000 1.00000000
v 0.22575663 -0.44161642 0.02566162 1.00000000 1.00000000 1.00000000
v 0.03568374 0.03630495 0.02566162 1.00000000 1.00000000 1.00000000
v -0.03524240 -0.36337371 0.02566162 1.00000000 1.00000000 1.00000000
v -0.02838612 -0.38756032 0.02566162 1.00000000 1.00000000 1.00000000
v -0.02566234 -0.06134588 0.02566162 1.00000000 1.00000000 1.00000000
v -0.22970453 -0.25304114 0.02566162 1.00000000 1.00000000 1.00000000
v -0.22038128 0.16332453 0.02566162 1.00000000 1.00000000 1.00000000
v 0.21479978 -0.36658140 0.02566162 1.00000000 1.00000000 1.00000000
v 0.13436468 -0.16615535 0.02566162 1.00000000 1.00000000 1.00000000
v 0.17841087 -0.43357070 0.02566162 1.00000000 1.00000000 1.00000000
v -0.00743537 -0.15728385 0.02566162 1.00000000 1.00000000 1.00000000
v -0.02368668 -0.39982626 0.02566162 1.00000000 1.00000000 1.00000000
v -0.11616651 -0.16364849 0.02566162 1.00000000 1.00000000 1.00000000
v -0.27230826 -0.37975023 0.02427434 1.00000000 1.00000000 1.00000000
v -0.17886120 0.16068960 0.02566162 1.00000000 1.00000000 1.00000000
v -0.09057704 0.00350370 0.02566162 1.00000000 1.00000000 1.00000000
v 0.06752655 0.18815592 0.02566162 1.00000000 1.00000000 1.00000000
v -0.25858841 0.27683775 0.01156266 1.00000000 1.00000000 1.00000000
v -0.13633652 0.07769434 0.02566162 1.00000000 1.00000000 1.00000000
v 0.27078696 0.00995723 0.02267179 1.00000000 1.00000000 1.00000000
v 0.04259618 -0.39456758 0.02566162 1.00000000 1.00000000 1.00000000
v -0.03377279 -0.25939483 0.02566162 1.00000000 1.00000000 1.00000000
v 0.05615491 -0.21360233 0.02566162 1.00000000 1.00000000 1.00000000
v 0.01971280 -0.33707885 0.02566162 1.00000000 1.00000000 1.00000000
v 0.23765993 -0.20818237 0.02566162 1.00000000 1.00000000 1.00000000
v 0.27571888 -0.09410962 0.02189475 1.00000000 1.00000000 1.00000000
v 0.20053713 -0.44287194 0.02566162 1.00000000 1.00000000 1.00000000
v -0.04253093 -0.32033251 0.02566162 1.00000000 1.00000000 1.00000000
v 0.08742600 -0.02525696 0.02566162 1.00000000 1.00000000 1.00000000
v 0.11805000 0.05405804 0.02566162 1.00000000 1.00000000 1.00000000
v -0.04082123 0.07376162 0.02566162 1.00000000 1.00000000 1.00000000
v -0.20847495 0.15643759 0.02566162 1.00000000 1.00000000 1.00000000
v -0.24055606 -0.39604605 0.02566162 1.00000000 1.00000000 1.00000000
v -0.04331486 0.17753447 0.02566162 1.00000000 1.00000000 1.00000000
v 0.00679241 -0.05470530 0.02566162 1.00000000 1.00000000 1.00000000
v 0.00861390 -0.10567173 0.02566162 1.00000000 1.00000000 1.00000000
v -0.18023191 -0.24207258 0.02566162 1.00000000 1.00000000 1.00000000
v 0.18414794 0.22085322 0.02566162 1.00000000 1.00000000 1.00000000
v -0.23780180 -0.29935883 0.02566162 1.00000000 1.00000000 1.00000000
v -0.05767899 0.19587001 0.02566162 1.00000000 1.00000000 1.00000000
v -0.22383197 -0.28749605 0.02566162 1.00000000 1.00000000 1.00000000
v -0.13871735 0.14190985 0.02566162 1.00000000 1.00000000 1.00000000
v 0.29434422 -0.12925391 0.01205580 1.00000000 1.00000000 1.00000000
v -0.06782444 -0.35857786 0.02566162 1.00000000 1.00000000 1.00000000
v 0.24625574 -0.30195459 0.02566162 1.00000000 1.00000000 1.00000000
v 0.27409239 0.16108949 0.02566162 1.00000000 1.00000000 1.00000000
v 0.24710441 -0.43883932 0.02566162 1.00000000 1.00000000 1.00000000
v -0.09411699 -0.35016031 0.02566162 1.00000000 1.00000000 1.00000000
v -0.12736632 -0.30713392 0.02566162 1.00000000 1.00000000 1.00000000
v 0.27256186 -0.02549595 0.02239194 1.00000000 1.00000000 1.00000000
v 0.13834762 0.10966799 0.02566162 1.00000000 1.00000000 1.00000000
v 0.08910463 -0.05672504 0.02566162 1.00000000 1.00000000 1.00000000
v -0.23831358 -0.03745072 0.02566162 1.00000000 1.00000000 1.00000000
v 0.12733300 -0.33747541 0.02566162 1.00000000 1.00000000 1.00000000
v -0.11786028 0.18901782 0.02566162 1.00000000 1.00000000 1.00000000
v 0.06259557 -0.43773843 0.02566162 1.00000000 1.00000000 1.00000000
v 0.04290378 0.18297222 0.02566162 1.00000000 1.00000000 1.00000000
v 0.03672517 0.16942409 0.02566162 1.00000000 1.00000000 1.00000000
v -0.02458055 0.16765343 0.02566162 1.00000000 1.00000000 1.00000000
v -0.16432003 -0.34187971 0.02566162 1.00000000 1.00000000 1.00000000
v 0.25135731 -0.11650062 0.02565725 1.00000000 1.00000000 1.00000000
v 0.18734096 0.19594841 0.02566162 1.00000000 1.00000000 1.00000000
v -0.20575483 0.05078223 0.02566162 1.00000000 1.00000000 1.00000000
v -0.06236137 -0.25019476 0.02566162 1.00000000 1.00000000 1.00000000
v -0.27541634 -0.01787302 0.02143745 1.00000000 1.00000000 1.00000000
v -0.10205998 -0.30109486 0.02566162 1.00000000 1.00000000 1.00000000
v -0.02844752 0.10637497 0.02566162 1.00000000 1.00000000 1.00000000
v -0.19305288 -0.43731930 0.02566162 1.00000000 1.00000000 1.00000000
v -0.04626964 -0.02419634 0.02566162 1.00000000 1.00000000 1.00000000
v -0.28731681 -0.33802525 0.01957014 1.00000000 1.00000000 1.00000000
v -0.02977397 -0.16481829 0.02566162 1.00000000 1.00000000 1.00000000
v -0.18236010 0.27039572 0.02339907 1.00000000 1.00000000 1.00000000
v 0.23325718 0.11142982 0.02566162 1.00000000 1.00000000 1.00000000
v 0.23029265 0.23599229 0.02566162 1.00000000 1.00000000 1.00000000
v 0.16540840 -0.03570226 0.02566162 1.00000000 1.00000000 1.00000000
v 0.26203426 -0.38116432 0.02548909 1.00000000 1.00000000 1.00000000
v -0.29398967 -0.31354459 0.01563731 1.00000000 1.00000000 1.00000000
v -0.02548022 -0.41395452 0.02566162 1.00000000 1.00000000 1.00000000
v -0.05722208 0.18224468 0.02566162 1.00000000 1.00000000 1.00000000
v -0.29784853 -0.24928969 0.01119464 1.00000000 1.00000000 1.00000000
v -0.20355461 -0.11037913 0.02566162 1.00000000 1.00000000 1.00000000
v 0.16709586 -0.37844610 0.02566162 1.00000000 1.00000000 1.00000000
v -0.29241098 -0.07914779 0.01282608 1.00000000 1.00000000 1.00000000
v -0.29810164 -0.23021509 0.01043937 1.00000000 1.00000000 1.00000000
v -0.28673844 -0.04999734 0.01654509 1.00000000 1.00000000 1.00000000
v -0.12994036 -0.26108285 0.02566162 1.00000000 1.00000000 1.00000000
v 0.13184484 0.04329618 0.02566162 1.00000000 1.00000000 1.00000000
v 0.01520256 -0.08992201 0.02566162 1.00000000 1.00000000 1.00000000
v 0.13107545 -0.03579494 0.02566162 1.00000000 1.00000000 1.00000000
v 0.12409387 -0.40478106 0.02566162 1.00000000 1.00000000 1.00000000
v 0.24552831 -0.27478845 0.02566162 1.00000000 1.00000000 1.00000000
v 0.17620192 -0.41886459 0.02566162 1.00000000 1.00000000 1.00000000
v -0.04000938 -0.43318332 0.02566162 1.00000000 1.00000000 1.00000000
v -0.15843475 0.29214440 0.01624068 1.00000000 1.00000000 1.00000000
v -0.15673671 -0.19848650 0.02566162 1.00000000 1.00000000 1.00000000
v 0.00309982 0.17402479 0.02566162 1.00000000 1.00000000 1.00000000
v 0.01517707 -0.04364730 0.02566162 1.00000000 1.00000000 1.00000000
v -0.01637438 -0.16726847 0.02566162 1.00000000 1.00000000 1.00000000
v -0.04743215 0.15266253 0.02566162 1.00000000 1.00000000 1.00000000
v 0.21666792 -0.25646491 0.02566162 1.00000000 1.00000000 1.00000000
v 0.28764073 -0.32429837 0.01928861 1.00000000 1.00000000 1.00000000
v -0.14779923 -0.42949652 0.02566162 1.00000000 1.00000000 1.00000000
v 0.22012997 0.22769898 0.02566162 1.00000000 1.00000000 1.00000000
v 0.14057954 -0.02701673 0.02566162 1.00000000 1.00000000 1.00000000
v -0.26074172 -0.20728317 0.02529847 1.00000000 1.00000000 1.00000000
v -0.21407971 -0.04478578 0.02566162 1.00000000 1.00000000 1.00000000
v -0.22650747 0.11895454 0.02566162 1.00000000 1.00000000 1.00000000
v -0.11403586 -0.30135019 0.02566162 1.00000000 1.00000000 1.00000000
v 0.25263146 -0.21926549 0.02566162 1.00000000 1.00000000 1.00000000
v -0.28309168 -0.08984386 0.01898724 1.00000000 1.00000000 1.00000000
v -0.07238675 -0.21289813 0.02566162 1.00000000 1.00000000 1.00000000
v 0.10443659 0.20273588 0.02566162 1.00000000 1.00000000 1.00000000
v -0.24396458 -0.17791580 0.02566162 1.00000000 1.00000000 1.00000000
v 0.20616376 -0.24267866 0.02566162 1.00000000 1.00000000 1.00000000
v 0.18103420 -0.08777824 0.02566162 1.00000000 1.00000000 1.00000000
v 0.28976720 0.05752305 0.01247158 1.00000000 1.00000000 1.00000000
v 0.29712105 -0.23989128 0.01173450 1.00000000 1.00000000 1.00000000
v -0.27295388 0.11343528 0.02194843 1.00000000 1.00000000 1.00000000
v -0.03848992 -0.07489537 0.02566162 1.00000000 1.00000000 1.00000000
v 0.27744602 -0.15505097 0.02177421 1.00000000 1.00000000 1.00000000
v -0.22561773 -0.26757978 0.02566162 1.00000000 1.00000000 1.00000000
v -0.26521503 0.02766736 0.02390500 1.00000000 1.00000000 1.00000000
v -0.04469221 0.12078734 0.02566162 1.00000000 1.00000000 1.00000000
v -0.00381517 -0.37033471 0.02566162 1.00000000 1.00000000 1.00000000
v -0.01025935 -0.39817507 0.02566162 1.00000000 1.00000000 1.00000000
v -0.11250244 -0.33457996 0.02566162 1.00000000 1.00000000 1.00000000
v 0.19418240 0.17297749 0.02566162 1.00000000 1.00000000 1.00000000
v 0.23499297 -0.23796151 0.02566162 1.00000000 1.00000000 1.00000000
v 0.23720239 0.17133864 0.02566162 1.00000000 1.00000000 1.00000000
v -0.09022423 0.07598733 0.02566162 1.00000000 1.00000000 1.00000000
v -0.12158128 -0.21281369 0.02566162 1.00000000 1.00000000 1.00000000
v -0.27714956 -0.11716075 0.02159553 1.00000000 1.00000000 1.00000000
v 0.12964320 0.20447158 0.02566162 1.00000000 1.00000000 1.00000000
v -0.22986719 -0.15898085 0.02566162 1.00000000 1.00000000 1.00000000
v -0.08610013 -0.13889716 0.02566162 1.00000000 1.00000000 1.00000000
v -0.17412007 -0.36967821 0.02566162 1.00000000 1.00000000 1.00000000
v -0.02567920 0.00513919 0.02566162 1.00000000 1.00000000 1.00000000
v -0.04352832 -0.17320940 0.02566162 1.00000000 1.00000000 1.00000000
v -0.20106328 -0.14163562 0.02566162 1.00000000 1.00000000 1.00000000
v 0.24441395 0.26942813 0.01909390 1.00000000 1.00000000 1.00000000
v 0.26184023 0.16709631 0.02566162 1.00000000 1.00000000 1.00000000
v 0.05070356 0.04242712 0.02566162 1.00000000 1.00000000 1.00000000
v 0.05629259 -0.12266360 0.02566162 1.00000000 1.00000000 1.00000000
v 0.05409466 -0.22678901 0.02566162 1.00000000 1.00000000 1.00000000
v -0.20748769 -0.29315969 0.02566162 1.00000000 1.00000000 1.00000000
v -0.24161881 -0.23996774 0.02566162 1.00000000 1.00000000 1.00000000
v -0.00010145 0.12288803 0.02566162 1.00000000 1.00000000 1.00000000
v 0.01500201 -0.22551323 0.02566162 1.00000000 1.00000000 1.00000000
v 0.20905692 0.20975998 0.02566162 1.00000000 1.00000000 1.00000000
v -0.22299858 -0.32863847 0.02566162 1.00000000 1.00000000 1.00000000
v -0.16260990 0.08591198 0.02566162 1.00000000 1.00000000 1.00000000
v -0.14654714 -0.00235431 0.02566162 1.00000000 1.00000000 1.00000000
v 0.19084990 0.01532237 0.02566162 1.00000000 1.00000000 1.00000000
v 0.20438391 -0.35739059 0.02566162 1.00000000 1.00000000 1.00000000
v -0.19018722 -0.31767494 0.02566162 1.00000000 1.00000000 1.00000000
v -0.09036532 0.25403734 0.02566162 1.00000000 1.00000000 1.00000000
v -0.07090534 -0.18825051 0.02566162 1.00000000 1.00000000 1.00000000
v -0.12515654 -0.12569878 0.02566162 1.00000000 1.00000000 1.00000000
v 0.15657384 -0.30354972 0.02566162 1.00000000 1.00000000 1.00000000
v 0.22748104 -0.19315996 0.02566162 1.00000000 1.00000000 1.00000000
v -0.25276251 -0.29605718 0.02566162 1.00000000 1.00000000 1.00000000
v 0.20257705 -0.38689215 0.02566162 1.00000000 1.00000000 1.00000000
v -0.02259114 -0.08925627 0.02566162 1.00000000 1.00000000 1.00000000
v -0.00197573 -0.32700456 0.02566162 1.00000000 1.00000000 1.00000000
v 0.17228995 -0.30179222 0.02566162 1.00000000 1.00000000 1.00000000
v 0.26178476 0.10161594 0.02424748 1.00000000 1.00000000 1.00000000
v 0.16037161 0.26319217 0.02515193 1.00000000 1.00000000 1.00000000
v 0.07358731 0.22976327 0.02566162 1.00000000 1.00000000 1.00000000
v 0.13414215 0.13206086 0.02566162 1.00000000 1.00000000 1.00000000
v -0.09574569 0.05686270 0.02566162 1.00000000 1.00000000 1.00000000
v 0.24429524 -0.26174465 0.02566162 1.00000000 1.00000000 1.00000000
v -0.28824873 -0.14431310 0.01689638 1.00000000 1.00000000 1.00000000
v -0.05229055 0.05383950 0.02566162 1.00000000 1.00000000 1.00000000
v -0.19283286 0.07908470 0.02566162 1.00000000 1.00000000 1.00000000
v -0.05088342 -0.01119187 0.02566162 1.00000000 1.00000000 1.00000000
v 0.00269641 -0.04213330 0.02566162 1.00000000 1.00000000 1.00000000
v 0.00932995 -0.01515410 0.02566162 1.00000000 1.00000000 1.00000000
v -0.01641886 -0.33349155 0.02566162 1.00000000 1.00000000 1.00000000
v -0.10552723 0.01156343 0.02566162 1.00000000 1.00000000 1.00000000
v -0.09056108 -0.43295520 0.02566162 1.00000000 1.00000000 1.00000000
v 0.17889763 0.10099768 0.02566162 1.00000000 1.00000000 1.00000000
v -0.12008143 -0.27398086 0.02566162 1.00000000 1.00000000 1.00000000
v -0.21890799 -0.22198920 0.02566162 1.00000000 1.00000000 1.00000000
v -0.28675357 -0.00558339 0.01590895 1.00000000 1.00000000 1.00000000
v -0.02638275 -0.07466848 0.02566162 1.00000000 1.00000000 1.00000000
v 0.06385601 -0.24428560 0.02566162 1.00000000 1.00000000 1.00000000
v 0.05632184 0.14785672 0.02566162 1.00000000 1.00000000 1.00000000
v 0.06874277 -0.30123431 0.02566162 1.00000000 1.00000000 1.00000000
v -0.05768708 0.14189746 0.02566162 1.00000000 1.00000000 1.00000000
v -0.28667096 -0.38604306 0.02029029 1.00000000 1.00000000 1.00000000
v -0.15783552 0.23734023 0.02566162 1.00000000 1.00000000 1.00000000
v 0.12918842 0.01611293 0.02566162 1.00000000 1.00000000 1.00000000
v -0.09787394 -0.19653788 0.02566162 1.00000000 1.00000000 1.00000000
v 0.23697826 -0.15819733 0.02566162 1.00000000 1.00000000 1.00000000
v 0.27351081 0.18938070 0.02566162 1.00000000 1.00000000 1.00000000
v 0.15513038 0.09112342 0.02566162 1.00000000 1.00000000 1.00000000
v -0.08307552 0.06313311 0.02566162 1.00000000 1.00000000 1.00000000
v -0.10255881 0.26720010 0.02532584 1.00000000 1.00000000 1.00000000
v -0.07417862 -0.40887320 0.02566162 1.00000000 1.00000000 1.00000000
v 0.16457268 -0.24525085 0.02566162 1.00000000 1.00000000 1.00000000
v 0.23037113 -0.25313846 0.02566162 1.00000000 1.00000000 1.00000000
v 0.06879439 -0.09676246 0.02566162 1.00000000 1.00000000 1.00000000
v 0.05323516 -0.07923643 0.02566162 1.00000000 1.00000000 1.00000000
v -0.23946257 -0.09371950 0.02566162 1.00000000 1.00000000 1.00000000
v -0.29776188 -0.41083483 0.01448062 1.00000000 1.00000000 1.00000000
v -0.03731370 -0.40314246 0.02566162 1.00000000 1.00000000 1.00000000
v -0.16590554 0.29611586 0.01247910 1.00000000 1.00000000 1.00000000
v 0.12653686 0.14388416 0.02566162 1.00000000 1.00000000 1.00000000
v -0.19477026 -0.23656957 0.02566162 1.00000000 1.00000000 1.00000000
v -0.00502684 -0.09504106 0.02566162 1.00000000 1.00000000 1.00000000
v -0.20526823 0.10752531 0.02566162 1.00000000 1.00000000 1.00000000
v 0.01964812 -0.13888330 0.02566162 1.00000000 1.00000000 1.00000000
v -0.24850123 0.25851496 0.02254077 1.00000000 1.00000000 1.00000000
v -0.06031984 -0.16026323 0.02566162 1.00000000 1.00000000 1.00000000
v 0.16639365 -0.42974971 0.02566162 1.00000000 1.00000000 1.00000000
v 0.18721022 -0.37679516 0.02566162 1.00000000 1.00000000 1.00000000
v 0.25403596 0.24208277 0.02517722 1.00000000 1.00000000 1.00000000
v 0.24519117 0.12317254 0.02566162 1.00000000 1.00000000 1.00000000
v 0.13487133 -0.22630364 0.02566162 1.00000000 1.00000000 1.00000000
v -0.13121922 0.09470150 0.02566162 1.00000000 1.00000000 1.00000000
v 0.16341238 0.29524368 0.01353173 1.00000000 1.00000000 1.00000000
v -0.00430237 -0.29679059 0.02566162 1.00000000 1.00000000 1.00000000
v -0.17631013 0.29868734 0.00750099 1.00000000 1.00000000 1.00000000
v -0.07247635 -0.26274760 0.02566162 1.00000000 1.00000000 1.00000000
v 0.14765587 -0.27433590 0.02566162 1.00000000 1.00000000 1.00000000
v 0.25707730 -0.31583674 0.02563591 1.00000000 1.00000000 1.00000000
v -0.18779912 0.20370542 0.02566162 1.00000000 1.00000000 1.00000000
v 0.25747785 -0.33076159 0.02563426 1.00000000 1.00000000 1.00000000
v -0.17917787 0.00642076 0.02566162 1.00000000 1.00000000 1.00000000
v -0.11785018 0.16962069 0.02566162 1.00000000 1.00000000 1.00000000
v 0.02940413 0.19376103 0.02566162 1.00000000 1.00000000 1.00000000
v -0.25398911 -0.15598453 0.02562419 1.00000000 1.00000000 1.00000000
v 0.27605346 -0.43303005 0.02377611 1.00000000 1.00000000 1.00000000
v 0.01924891 -0.24823703 0.02566162 1.00000000 1.00000000 1.00000000
v -0.10359446 -0.08597221 0.02566162 1.00000000 1.00000000 1.00000000
v 0.05271962 0.16806739 0.02566162 1.00000000 1.00000000 1.00000000
v -0.27347559 -0.24675544 0.02343253 1.00000000 1.00000000 1.00000000
v 0.05901936 0.05538316 0.02566162 1.00000000 1.00000000 1.00000000
v -0.10265776 -0.42358694 0.02566162 1.00000000 1.00000000 1.00000000
v 0.18939627 0.06938860 0.02566162 1.00000000 1.00000000 1.00000000
v 0.09684095 0.12509188 0.02566162 1.00000000 1.00000000 1.00000000
v 0.14801819 -0.41250712 0.02566162 1.00000000 1.00000000 1.00000000
v 0.07788600 -0.10566720 0.02566162 1.00000000 1.00000000 1.00000000
v -0.28057139 0.08897080 0.01827694 1.00000000 1.00000000 1.00000000
v -0.17615788 -0.39902405 0.02566162 1.00000000 1.00000000 1.00000000
v 0.29178703 -0.22700672 0.01582726 1.00000000 1.00000000 1.00000000
v -0.21325413 0.29014360 0.00993161 1.00000000 1.00000000 1.00000000
v -0.22596475 -0.03340599 0.02566162 1.00000000 1.00000000 1.00000000
v 0.14599355 0.23930341 0.02566162 1.00000000 1.00000000 1.00000000
v 0.18721977 -0.33802809 0.02566162 1.00000000 1.00000000 1.00000000
v -0.24073909 -0.43080595 0.02566162 1.00000000 1.00000000 1.00000000
v -0.22669826 0.26760210 0.02159719 1.00000000 1.00000000 1.00000000
v 0.04427299 -0.20211346 0.02566162 1.00000000 1.00000000 1.00000000
v -0.08981627 -0.30174754 0.02566162 1.00000000 1.00000000 1.00000000
v 0.15221151 -0.32129797 0.02566162 1.00000000 1.00000000 1.00000000
v -0.28357839 -0.13261688 0.01920254 1.00000000 1.00000000 1.00000000
v 0.14510236 0.12165936 0.02566162 1.00000000 1.00000000 1.00000000
v 0.02634988 0.06537990 0.02566162 1.00000000 1.00000000 1.00000000
v 0.26480828 -0.34322858 0.02519945 1.00000000 1.00000000 1.00000000
v -0.13217850 -0.22354082 0.02566162 1.00000000 1.00000000 1.00000000
v 0.11691537 0.18312823 0.02566162 1.00000000 1.00000000 1.00000000
v -0.16004394 0.26663757 0.02473288 1.00000000 1.00000000 1.00000000
v -0.25962640 -0.00978633 0.02495103 1.00000000 1.00000000 1.00000000
v 0.22921776 -0.01017896 0.02566162 1.00000000 1.00000000 1.00000000
v -0.17414621 -0.32845621 0.02566162 1.00000000 1.00000000 1.00000000
v -0.15619287 -0.04228388 0.02566162 1.00000000 1.00000000 1.00000000
v 0.24784097 0.13673727 0.02566162 1.00000000 1.00000000 1.00000000
v 0.06807440 -0.23307897 0.02566162 1.00000000 1.00000000 1.00000000
v -0.27879714 -0.23482684 0.02190804 1.00000000 1.00000000 1.00000000
v 0.26358295 0.27816367 0.00814315 1.00000000 1.00000000 1.00000000
v -0.26734485 -0.33836854 0.02489594 1.00000000 1.00000000 1.00000000
v 0.20137020 -0.41636195 0.02566162 1.00000000 1.00000000 1.00000000
v -0.18172351 0.21810637 0.02566162 1.00000000 1.00000000 1.00000000
v -0.17798567 -0.06970144 0.02566162 1.00000000 1.00000000 1.00000000
v 0.25816045 -0.28694124 0.02558010 1.00000000 1.00000000 1.00000000
v -0.00707356 -0.03252489 0.02566162 1.00000000 1.00000000 1.00000000
v 0.08444432 -0.41786009 0.02566162 1.00000000 1.00000000 1.00000000
v -0.05867786 -0.08200132 0.02566162 1.00000000 1.00000000 1.00000000
v 0.20298581 -0.40261869 0.02566162 1.00000000 1.00000000 1.00000000
v -0.20828994 -0.32438903 0.02566162 1.00000000 1.00000000 1.00000000
v -0.07488456 -0.14706007 0.02566162 1.00000000 1.00000000 1.00000000
v 0.14980628 0.10287660 0.02566162 1.00000000 1.00000000 1.00000000
v 0.12142747 -0.29801946 0.02566162 1.00000000 1.00000000 1.00000000
v 0.20101335 -0.25697392 0.02566162 1.00000000 1.00000000 1.00000000
v 0.26189637 -0.26962870 0.02531831 1.00000000 1.00000000 1.00000000
v 0.28599120 -0.21413898 0.01891922 1.00000000 1.00000000 1.00000000
v 0.09086738 -0.44825231 0.02566162 1.00000000 1.00000000 1.00000000
v -0.19502809 -0.34718823 0.02566162 1.00000000 1.00000000 1.00000000
v 0.02196059 -0.23556245 0.02566162 1.00000000 1.00000000 1.00000000
v -0.22053700 0.10547330 0.02566162 1.00000000 1.00000000 1.00000000
v 0.10162970 -0.44214745 0.02566162 1.00000000 1.00000000 1.00000000
v -0.19354644 -0.12704971 0.02566162 1.00000000 1.00000000 1.00000000
v -0.24293549 -0.14586717 0.02566162 1.00000000 1.00000000 1.00000000
v -0.29324386 -0.20013384 0.01436295 1.00000000 1.00000000 1.00000000
v 0.18726463 -0.29561321 0.02566162 1.00000000 1.00000000 1.00000000
v -0.01387630 -0.27239596 0.02566162 1.00000000 1.00000000 1.00000000
v 0.29008474 -0.06014622 0.01440524 1.00000000 1.00000000 1.00000000
v -0.29512154 -0.17216997 0.01222437 1.00000000 1.00000000 1.00000000
v -0.23017747 -0.37163109 0.02566162 1.00000000 1.00000000 1.00000000
v 0.23146851 -0.17247600 0.02566162 1.00000000 1.00000000 1.00000000
v 0.04080798 -0.33395474 0.02566162 1.00000000 1.00000000 1.00000000
v 0.07734427 -0.44509743 0.02566162 1.00000000 1.00000000 1.00000000
v 0.00562075 -0.44059837 0.02566162 1.00000000 1.00000000 1.00000000
v -0.24733109 -0.05089054 0.02566162 1.00000000 1.00000000 1.00000000
v -0.14588796 -0.40392343 0.02566162 1.00000000 1.00000000 1.00000000
v 0.11076279 -0.18170030 0.02566162 1.00000000 1.00000000 1.00000000
v -0.17963322 -0.13434545 0.02566162 1.00000000 1.00000000 1.00000000
v 0.20319506 0.19782552 0.02566162 1.00000000 1.00000000 1.00000000
v -0.01540509 -0.05655905 0.02566162 1.00000000 1.00000000 1.00000000
v 0.21174025 -0.44696063 0.02566162 1.00000000 1.00000000 1.00000000
v 0.02911812 0.12870090 0.02566162 1.00000000 1.00000000 1.00000000
v 0.06093330 -0.34163141 0.02566162 1.00000000 1.00000000 1.00000000
v 0.25843069 -0.08869188 0.02526978 1.00000000 1.00000000 1.00000000
v -0.25094398 -0.33126848 0.02566162 1.00000000 1.00000000 1.00000000
v 0.00523701 -0.09210765 0.02566162 1.00000000 1.00000000 1.00000000
v 0.04933759 0.10598995 0.02566162 1.00000000 1.00000000 1.00000000
v 0.07309466 0.00614166 0.02566162 1.00000000 1.00000000 1.00000000
v -0.14045528 0.27844876 0.02283259 1.00000000 1.00000000 1.00000000
v -0.27928432 -0.43198681 0.02301765 1.00000000 1.00000000 1.00000000
v 0.22728653 0.12472733 0.02566162 1.00000000 1.00000000 1.00000000
v -0.18791854 -0.16778855 0.02566162 1.00000000 1.00000000 1.00000000
v -0.02899150 0.08690762 0.02566162 1.00000000 1.00000000 1.00000000
v 0.29012752 0.02881531 0.01272615 1.00000000 1.00000000 1.00000000
v 0.01942593 -0.44844414 0.02566162 1.00000000 1.00000000 1.00000000
v 0.14965699 0.01434687 0.02566162 1.00000000 1.00000000 1.00000000
v 0.08060624 0.18558771 0.02566162 1.00000000 1.00000000 1.00000000
v 0.10141144 -0.19171643 0.02566162 1.00000000 1.00000000 1.00000000
v 0.06087156 0.21290399 0.02566162 1.00000000 1.00000000 1.00000000
v -0.06745796 -0.38253242 0.02566162 1.00000000 1.00000000 1.00000000
v -0.28022916 0.26688466 0.01402400 1.00000000 1.00000000 1.00000000
v 0.10282298 -0.14846980 0.02566162 1.00000000 1.00000000 1.00000000
v -0.10071575 -0.02543263 0.02566162 1.00000000 1.00000000 1.00000000
v -0.13771075 0.10881993 0.02566162 1.00000000 1.00000000 1.00000000
v 0.28443288 0.19704279 0.02566162 1.00000000 1.00000000 1.00000000
v -0.15707230 -0.15995489 0.02566162 1.00000000 1.00000000 1.00000000
v -0.20459007 0.02049613 0.02566162 1.00000000 1.00000000 1.00000000
v -0.30278290 -0.33575511 0.00710584 1.00000000 1.00000000 1.00000000
v -0.15998854 -0.06505580 0.02566162 1.00000000 1.00000000 1.00000000
v 0.08855709 -0.16697150 0.02566162 1.00000000 1.00000000 1.00000000
v -0.24782390 0.19760269 0.02566162 1.00000000 1.00000000 1.00000000
v -0.02380171 -0.45236855 0.02566162 1.00000000 1.00000000 1.00000000
v -0.21226429 0.21982688 0.02566162 1.00000000 1.00000000 1.00000000
v -0.29943711 -0.35267304 0.01191922 1.00000000 1.00000000 1.00000000
v 0.00535904 0.04337768 0.02566162 1.00000000 1.00000000 1.00000000
v -0.25542344 0.06965246 0.02522213 1.00000000 1.00000000 1.00000000
v -0.17162951 -0.01006450 0.02566162 1.00000000 1.00000000 1.00000000
v -0.17442831 0.24287262 0.02566162 1.00000000 1.00000000 1.00000000
v -0.22189173 0.01950526 0.02566162 1.00000000 1.00000000 1.00000000
v 0.21511988 0.08471418 0.02566162 1.00000000 1.00000000 1.00000000
v -0.11892942 -0.43940244 0.02566162 1.00000000 1.00000000 1.00000000
v 0.08130963 -0.26884615 0.02566162 1.00000000 1.00000000 1.00000000
v -0.13727879 -0.27294912 0.02566162 1.00000000 1.00000000 1.00000000
v 0.03287046 -0.26599116 0.02566162 1.00000000 1.00000000 1.00000000
v 0.13263759 0.05649419 0.02566162 1.00000000 1.00000000 1.00000000
v -0.29901966 -0.30345461 0.01122661 1.00000000 1.00000000 1.00000000
v 0.23383940 0.06444470 0.02566162 1.00000000 1.00000000 1.00000000
v -0.13255224 -0.35683631 0.02566162 1.00000000 1.00000000 1.00000000
v 0.11061166 -0.09897803 0.02566162 1.00000000 1.00000000 1.00000000
v -0.18127988 -0.34124951 0.02566162 1.00000000 1.00000000 1.00000000
v -0.25776615 -0.19410361 0.02549630 1.00000000 1.00000000 1.00000000
v 0.05865452 -0.06843757 0.02566162 1.00000000 1.00000000 1.00000000
v 0.16754415 -0.19567997 0.02566162 1.00000000 1.00000000 1.00000000
v 0.18032414 -0.44518281 0.02566162 1.00000000 1.00000000 1.00000000
v 0.08437569 0.23667913 0.02566162 1.00000000 1.00000000 1.00000000
v -0.25886582 -0.11613856 0.02528555 1.00000000 1.00000000 1.00000000
v -0.20942207 -0.35455659 0.02566162 1.00000000 1.00000000 1.00000000
v 0.28208296 0.26575407 0.01436640 1.00000000 1.00000000 1.00000000
v 0.20827061 0.22356864 0.02566162 1.00000000 1.00000000 1.00000000
v -0.14474201 -0.36507752 0.02566162 1.00000000 1.00000000 1.00000000
v -0.11165811 0.15463558 0.02566162 1.00000000 1.00000000 1.00000000
v 0.16716896 -0.31704387 0.02566162 1.00000000 1.00000000 1.00000000
v -0.27194429 0.25658734 0.02079167 1.00000000 1.00000000 1.00000000
v -0.04893172 -0.05475145 0.02566162 1.00000000 1.00000000 1.00000000
v 0.09375514 0.07987680 0.02566162 1.00000000 1.00000000 1.00000000
v -0.28860624 0.11013596 0.01445839 1.00000000 1.00000000 1.00000000
v 0.15397084 -0.34933280 0.02566162 1.00000000 1.00000000 1.00000000
v 0.07772901 -0.28361124 0.02566162 1.00000000 1.00000000 1.00000000
v -0.07683360 -0.43953647 0.02566162 1.00000000 1.00000000 1.00000000
v 0.02432051 0.14541273 0.02566162 1.00000000 1.00000000 1.00000000
v 0.02194663 -0.27487090 0.02566162 1.00000000 1.00000000 1.00000000
v 0.07159390 -0.07222260 0.02566162 1.00000000 1.00000000 1.00000000
v 0.24309044 -0.31841897 0.02566162 1.00000000 1.00000000 1.00000000
v 0.27463373 0.17521241 0.02566162 1.00000000 1.00000000 1.00000000
v 0.14382744 -0.06748950 0.02566162 1.00000000 1.00000000 1.00000000
v -0.22558372 -0.40261374 0.02566162 1.00000000 1.00000000 1.00000000
v -0.18914646 -0.11304709 0.02566162 1.00000000 1.00000000 1.00000000
v -0.08802629 0.22353520 0.02566162 1.00000000 1.00000000 1.00000000
v -0.15506010 0.02959301 0.02566162 1.00000000 1.00000000 1.00000000
v -0.28575701 0.25092839 0.02103094 1.00000000 1.00000000 1.00000000
v 0.15275250 -0.16857344 0.02566162 1.00000000 1.00000000 1.00000000
v -0.03265616 -0.34970858 0.02566162 1.00000000 1.00000000 1.00000000
v 0.22952734 -0.34124157 0.02566162 1.00000000 1.00000000 1.00000000
v -0.00323121 -0.06369740 0.02566162 1.00000000 1.00000000 1.00000000
v -0.14486164 -0.17174546 0.02566162 1.00000000 1.00000000 1.00000000
v 0.26566336 0.24795264 0.02373982 1.00000000 1.00000000 1.00000000
v -0.16843883 0.20902876 0.02566162 1.00000000 1.00000000 1.00000000
v -0.03382130 -0.08722404 0.02566162 1.00000000 1.00000000 1.00000000
v 0.02168287 0.03417993 0.02566162 1.00000000 1.00000000 1.00000000
v 0.17436601 0.11788870 0.02566162 1.00000000 1.00000000 1.00000000
v 0.04528490 -0.25882954 0.02566162 1.00000000 1.00000000 1.00000000
v -0.27661351 -0.32912200 0.02311637 1.00000000 1.00000000 1.00000000
v -0.17674822 -0.22461700 0.02566162 1.00000000 1.00000000 1.00000000
v -0.20663021 -0.37716059 0.02566162 1.00000000 1.00000000 1.00000000
v -0.15733158 -0.31573057 0.02566162 1.00000000 1.00000000 1.00000000
v 0.24833072 -0.13109347 0.02566162 1.00000000 1.00000000 1.00000000
v 0.01226846 0.16614012 0.02566162 1.00000000 1.00000000 1.00000000
v -0.01333568 -0.44616464 0.02566162 1.00000000 1.00000000 1.00000000
v 0.05611723 -0.13852693 0.02566162 1.00000000 1.00000000 1.00000000
v -0.20262816 0.06875118 0.02566162 1.00000000 1.00000000 1.00000000
v 0.28981969 -0.19141528 0.01657857 1.00000000 1.00000000 1.00000000
v 0.18812751 -0.10517253 0.02566162 1.00000000 1.00000000 1.00000000
v -0.14339890 -0.05598239 0.02566162 1.00000000 1.00000000 1.00000000
v 0.19143044 -0.43783389 0.02566162 1.00000000 1.00000000 1.00000000
v 0.04256578 0.13917714 0.02566162 1.00000000 1.00000000 1.00000000
v -0.00285363 -0.12665813 0.02566162 1.00000000 1.00000000 1.00000000
v -0.27254744 0.23920107 0.02479660 1.00000000 1.00000000 1.00000000
v 0.26880391 0.07739729 0.02280430 1.00000000 1.00000000 1.00000000
v -0.15335202 -0.18397766 0.02566162 1.00000000 1.00000000 1.00000000
v 0.28665580 -0.14431212 0.01779781 1.00000000 1.00000000 1.00000000
v -0.14027134 0.29463195 0.01600497 1.00000000 1.00000000 1.00000000
v -0.11618173 0.24194858 0.02566162 1.00000000 1.00000000 1.00000000
v 0.09191792 -0.36538260 0.02566162 1.00000000 1.00000000 1.00000000
v 0.03111202 -0.07870868 0.02566162 1.00000000 1.00000000 1.00000000
v 0.01039716 -0.21338490 0.02566162 1.00000000 1.00000000 1.00000000
v -0.15771328 -0.12589365 0.02566162 1.00000000 1.00000000 1.00000000
v -0.11658707 -0.14118857 0.02566162 1.00000000 1.00000000 1.00000000
v -0.12022973 -0.07768192 0.02566162 1.00000000 1.00000000 1.00000000
v 0.12650184 0.06670433 0.02566162 1.00000000 1.00000000 1.00000000
v 0.16099997 0.24489331 0.02566162 1.00000000 1.00000000 1.00000000
v 0.16505481 0.17718338 0.02566162 1.00000000 1.00000000 1.00000000
v -0.00580466 0.05697163 0.02566162 1.00000000 1.00000000 1.00000000
v -0.28000309 -0.34585101 0.02229280 1.00000000 1.00000000 1.00000000
v -0.23183279 -0.17405208 0.02566162 1.00000000 1.00000000 1.00000000
v 0.23747593 -0.18478676 0.02566162 1.00000000 1.00000000 1.00000000
v -0.00937751 0.17757290 0.02566162 1.00000000 1.00000000 1.00000000
v 0.01450390 -0.40023286 0.02566162 1.00000000 1.00000000 1.00000000
v -0.25231101 -0.22887676 0.02566162 1.00000000 1.00000000 1.00000000
v 0.15324868 -0.19822789 0.02566162 1.00000000 1.00000000 1.00000000
v -0.28712813 -0.21255865 0.01834283 1.00000000 1.00000000 1.00000000
v -0.01383453 -0.06949551 0.02566162 1.00000000 1.00000000 1.00000000
v -0.26908966 0.09971338 0.02259048 1.00000000 1.00000000 1.00000000
v 0.25154529 0.11139880 0.02550687 1.00000000 1.00000000 1.00000000
v 0.04609355 -0.06266530 0.02566162 1.00000000 1.00000000 1.00000000
v -0.09969426 -0.18151574 0.02566162 1.00000000 1.00000000 1.00000000
v -0.14901061 -0.21121425 0.02566162 1.00000000 1.00000000 1.00000000
v 0.08193593 -0.21244496 0.02566162 1.00000000 1.00000000 1.00000000
v 0.12552637 -0.42841543 0.02566162 1.00000000 1.00000000 1.00000000
v -0.16276813 -0.10790065 0.02566162 1.00000000 1.00000000 1.00000000
v 0.22434399 0.17465397 0.02566162 1.00000000 1.00000000 1.00000000
v -0.01305619 0.19234202 0.02566162 1.00000000 1.00000000 1.00000000
v 0.23452785 0.20305205 0.02566162 1.00000000 1.00000000 1.00000000
v 0.13046563 0.17789127 0.02566162 1.00000000 1.00000000 1.00000000
v 0.26421220 0.15253524 0.02566162 1.00000000 1.00000000 1.00000000
v -0.22040973 -0.11700319 0.02566162 1.00000000 1.00000000 1.00000000
v 0.02930942 -0.01064983 0.02566162 1.00000000 1.00000000 1.00000000
v 0.07763698 -0.04839756 0.02566162 1.00000000 1.00000000 1.00000000
v 0.22738052 0.07941098 0.02566162 1.00000000 1.00000000 1.00000000
v -0.19214250 -0.02243303 0.02566162 1.00000000 1.00000000 1.00000000
v -0.18307587 -0.05537541 0.02566162 1.00000000 1.00000000 1.00000000
v -0.03413833 -0.05171005 0.02566162 1.00000000 1.00000000 1.00000000
v 0.23878938 0.03238908 0.02566162 1.00000000 1.00000000 1.00000000
v -0.28358150 -0.10376898 0.01890131 1.00000000 1.00000000 1.00000000
v -0.13575747 0.22035998 0.02566162 1.00000000 1.00000000 1.00000000
v -0.03834944 -0.13880119 0.02566162 1.00000000 1.00000000 1.00000000
v 0.19903325 -0.32507869 0.02566162 1.00000000 1.00000000 1.00000000
v 0.19400696 -0.23190343 0.02566162 1.00000000 1.00000000 1.00000000
v 0.09490728 0.24474306 0.02566162 1.00000000 1.00000000 1.00000000
v -0.24833011 -0.36013161 0.02566162 1.00000000 1.00000000 1.00000000
v -0.00286188 0.02676924 0.02566162 1.00000000 1.00000000 1.00000000
v -0.11023591 -0.34827186 0.02566162 1.00000000 1.00000000 1.00000000
v -0.17084792 -0.43095382 0.02566162 1.00000000 1.00000000 1.00000000
v 0.11037940 -0.01801369 0.02566162 1.00000000 1.00000000 1.00000000
v -0.10175040 -0.36182573 0.02566162 1.00000000 1.00000000 1.00000000
v 0.08693932 0.01841251 0.02566162 1.00000000 1.00000000 1.00000000
v 0.22869238 -0.10943499 0.02566162 1.00000000 1.00000000 1.00000000
v -0.25464509 -0.43850495 0.02566162 1.00000000 1.00000000 1.00000000
v 0.04180586 -0.21839713 0.02566162 1.00000000 1.00000000 1.00000000
v 0.22853154 -0.09400445 0.02566162 1.00000000 1.00000000 1.00000000
v 0.24816905 -0.38624320 0.02566162 1.00000000 1.00000000 1.00000000
v 0.02997037 -0.09110284 0.02566162 1.00000000 1.00000000 1.00000000
v -0.07805858 -0.00315449 0.02566162 1.00000000 1.00000000 1.00000000
v 0.17821342 0.02992559 0.02566162 1.00000000 1.00000000 1.00000000
v 0.05805233 0.18089138 0.02566162 1.00000000 1.00000000 1.00000000
v 0.11420746 0.21481010 0.02566162 1.00000000 1.00000000 1.00000000
v 0.04140720 0.15523285 0.02566162 1.00000000 1.00000000 1.00000000
v -0.26931769 0.14560902 0.02565805 1.00000000 1.00000000 1.00000000
v 0.21342545 -0.43742494 0.02566162 1.00000000 1.00000000 1.00000000
v 0.11940944 0.03358923 0.02566162 1.00000000 1.00000000 1.00000000
v -0.23816656 0.26700964 0.02078081 1.00000000 1.00000000 1.00000000
v 0.18080273 -0.20404123 0.02566162 1.00000000 1.00000000 1.00000000
v -0.21905488 0.25113233 0.02524806 1.00000000 1.00000000 1.00000000
v -0.11846582 0.29886902 0.01432642 1.00000000 1.00000000 1.00000000
v 0.14693180 -0.08683980 0.02566162 1.00000000 1.00000000 1.00000000
v -0.02039195 -0.02749108 0.02566162 1.00000000 1.00000000 1.00000000
v -0.02659522 -0.37540319 0.02566162 1.00000000 1.00000000 1.00000000
v -0.18089526 0.04189162 0.02566162 1.00000000 1.00000000 1.00000000
v 0.08174014 -0.06594250 0.02566162 1.00000000 1.00000000 1.00000000
v -0.01599340 0.14960537 0.02566162 1.00000000 1.00000000 1.00000000
v 0.06805243 0.08309115 0.02566162 1.00000000 1.00000000 1.00000000
v 0.21438865 -0.33429240 0.02566162 1.00000000 1.00000000 1.00000000
v 0.08662094 0.11258559 0.02566162 1.00000000 1.00000000 1.00000000
v -0.16085231 -0.39923737 0.02566162 1.00000000 1.00000000 1.00000000
v -0.00814958 -0.35555220 0.02566162 1.00000000 1.00000000 1.00000000
v -0.27297745 -0.15325823 0.02304992 1.00000000 1.00000000 1.00000000
v -0.11268748 -0.41373039 0.02566162 1.00000000 1.00000000 1.00000000
v 0.26551706 0.12121590 0.02437063 1.00000000 1.00000000 1.00000000
v -0.08585178 0.13209415 0.02566162 1.00000000 1.00000000 1.00000000
v 0.24941267 -0.05045435 0.02566064 1.00000000 1.00000000 1.00000000
v 0.03597498 0.00835721 0.02566162 1.00000000 1.00000000 1.00000000
v 0.04766952 0.12351642 0.02566162 1.00000000 1.00000000 1.00000000
v 0.18588690 -0.31228867 0.02566162 1.00000000 1.00000000 1.00000000
v -0.08752623 0.03083362 0.02566162 1.00000000 1.00000000 1.00000000
v 0.13975112 0.06974681 0.02566162 1.00000000 1.00000000 1.00000000
v -0.26155382 0.22652265 0.02566162 1.00000000 1.00000000 1.00000000
v -0.29030767 0.07840699 0.01148430 1.00000000 1.00000000 1.00000000
v -0.16493440 0.19291630 0.02566162 1.00000000 1.00000000 1.00000000
v -0.04369376 -0.12407514 0.02566162 1.00000000 1.00000000 1.00000000
v -0.04400620 0.13480069 0.02566162 1.00000000 1.00000000 1.00000000
v -0.28295781 0.12208962 0.02114620 1.00000000 1.00000000 1.00000000
v 0.23947346 -0.22462933 0.02566162 1.00000000 1.00000000 1.00000000
v 0.21391307 0.18676612 0.02566162 1.00000000 1.00000000 1.00000000
v 0.13953063 0.16430926 0.02566162 1.00000000 1.00000000 1.00000000
v 0.08380526 0.20790709 0.02566162 1.00000000 1.00000000 1.00000000
v -0.09348557 -0.15308729 0.02566162 1.00000000 1.00000000 1.00000000
v 0.14005148 0.14768439 0.02566162 1.00000000 1.00000000 1.00000000
v -0.26999814 -0.03870668 0.02316018 1.00000000 1.00000000 1.00000000
v -0.23103233 -0.08174970 0.02566162 1.00000000 1.00000000 1.00000000
v -0.02802259 -0.31925343 0.02566162 1.00000000 1.00000000 1.00000000
v -0.12540468 -0.24633771 0.02566162 1.00000000 1.00000000 1.00000000
v 0.20945468 0.09899072 0.02566162 1.00000000 1.00000000 1.00000000
v 0.16258479 -0.27496031 0.02566162 1.00000000 1.00000000 1.00000000
v 0.02236965 -0.28855165 0.02566162 1.00000000 1.00000000 1.00000000
v 0.09035657 0.14534463 0.02566162 1.00000000 1.00000000 1.00000000
v 0.11472056 -0.13919016 0.02566162 1.00000000 1.00000000 1.00000000
v 0.24318393 -0.10261536 0.02566162 1.00000000 1.00000000 1.00000000
v -0.16296150 0.09854678 0.02566162 1.00000000 1.00000000 1.00000000
v -0.26882568 -0.08960933 0.02369350 1.00000000 1.00000000 1.00000000
v 0.20027169 -0.07666542 0.02566162 1.00000000 1.00000000 1.00000000
v -0.11565567 -0.31702384 0.02566162 1.00000000 1.00000000 1.00000000
v 0.03838530 0.05280671 0.02566162 1.00000000 1.00000000 1.00000000
v -0.08266294 -0.15830061 0.02566162 1.00000000 1.00000000 1.00000000
v 0.08661498 -0.03981856 0.02566162 1.00000000 1.00000000 1.00000000
v 0.11557484 0.12601202 0.02566162 1.00000000 1.00000000 1.00000000
v -0.21495277 -0.15067031 0.02566162 1.00000000 1.00000000 1.00000000
v -0.23386381 0.28267978 0.01257732 1.00000000 1.00000000 1.00000000
v -0.26775974 -0.10353006 0.02397802 1.00000000 1.00000000 1.00000000
v -0.19093144 -0.22169953 0.02566162 1.00000000 1.00000000 1.00000000
v 0.27235711 0.21912955 0.02566162 1.00000000 1.00000000 1.00000000
v -0.09065170 -0.20776208 0.02566162 1.00000000 1.00000000 1.00000000
v -0.07051114 0.07108937 0.02566162 1.00000000 1.00000000 1.00000000
v -0.03865157 0.03046402 0.02566162 1.00000000 1.00000000 1.00000000
v -0.24002454 -0.02144068 0.02566162 1.00000000 1.00000000 1.00000000
v -0.15566968 -0.27043179 0.02566162 1.00000000 1.00000000 1.00000000
v -0.10213514 0.23173580 0.02566162 1.00000000 1.00000000 1.00000000
v 0.03983336 -0.30910540 0.02566162 1.00000000 1.00000000 1.00000000
v 0.04286922 -0.37817498 0.02566162 1.00000000 1.00000000 1.00000000
v -0.26001953 -0.02511393 0.02494436 1.00000000 1.00000000 1.00000000
v 0.06313469 0.13350331 0.02566162 1.00000000 1.00000000 1.00000000
v -0.05086749 -0.11014810 0.02566162 1.00000000 1.00000000 1.00000000
v 0.10208039 -0.11098035 0.02566162 1.00000000 1.00000000 1.00000000
v -0.24595913 0.22450662 0.02566162 1.00000000 1.00000000 1.00000000
v -0.17902475 -0.02573655 0.02566162 1.00000000 1.00000000 1.00000000
v 0.14414757 0.21758331 0.02566162 1.00000000 1.00000000 1.00000000
v 0.22622582 0.04796743 0.02566162 1.00000000 1.00000000 1.00000000
v 0.28982121 -0.27753354 0.01768303 1.00000000 1.00000000 1.00000000
v 0.23631226 -0.12056615 0.02566162 1.00000000 1.00000000 1.00000000
v 0.22169890 0.21257221 0.02566162 1.00000000 1.00000000 1.00000000
v 0.07951197 -0.25444176 0.02566162 1.00000000 1.00000000 1.00000000
v 0.21793794 0.24321937 0.02565747 1.00000000 1.00000000 1.00000000
v 0.21723854 -0.06603965 0.02566162 1.00000000 1.00000000 1.00000000
v -0.15059958 0.20556176 0.02566162 1.00000000 1.00000000 1.00000000
v 0.27284514 -0.13971014 0.02300699 1.00000000 1.00000000 1.00000000
v -0.28370239 0.15341392 0.02566162 1.00000000 1.00000000 1.00000000
v 0.11224906 -0.07331393 0.02566162 1.00000000 1.00000000 1.00000000
v 0.07018336 0.04218150 0.02566162 1.00000000 1.00000000 1.00000000
v 0.15804525 0.11662334 0.02566162 1.00000000 1.00000000 1.00000000
v 0.24412646 0.19182633 0.02566162 1.00000000 1.00000000 1.00000000
v 0.27497114 0.10800895 0.02074360 1.00000000 1.00000000 1.00000000
v -0.07877979 0.08685724 0.02566162 1.00000000 1.00000000 1.00000000
v 0.17957734 -0.18627445 0.02566162 1.00000000 1.00000000 1.00000000
v -0.07849226 -0.10178115 0.02566162 1.00000000 1.00000000 1.00000000
v -0.23234118 0.18217149 0.02566162 1.00000000 1.00000000 1.00000000
v -0.22744732 0.09146253 0.02566162 1.00000000 1.00000000 1.00000000
v 0.00971906 -0.11745957 0.02566162 1.00000000 1.00000000 1.00000000
v -0.19789221 -0.00802232 0.02566162 1.00000000 1.00000000 1.00000000
v -0.20130341 -0.41128404 0.02566162 1.00000000 1.00000000 1.00000000
v -0.10263281 -0.16606549 0.02566162 1.00000000 1.00000000 1.00000000
v 0.09170458 -0.32814722 0.02566162 1.00000000 1.00000000 1.00000000
v 0.24211860 0.10004520 0.02566162 1.00000000 1.00000000 1.00000000
v -0.21974588 -0.05811610 0.02566162 1.00000000 1.00000000 1.00000000
v 0.03211176 -0.45194241 0.02566162 1.00000000 1.00000000 1.00000000
v 0.25868702 -0.14236393 0.02535074 1.00000000 1.00000000 1.00000000
v -0.12957564 0.29057116 0.01881786 1.00000000 1.00000000 1.00000000
v 0.18068614 -0.02894787 0.02566162 1.00000000 1.00000000 1.00000000
v -0.24141036 0.15574835 0.02566162 1.00000000 1.00000000 1.00000000
v -0.18488461 -0.18303443 0.02566162 1.00000000 1.00000000 1.00000000
v 0.28607832 -0.30389816 0.01977966 1.00000000 1.00000000 1.00000000
v 0.04651786 0.08308984 0.02566162 1.00000000 1.00000000 1.00000000
v 0.09007767 0.06342915 0.02566162 1.00000000 1.00000000 1.00000000
v -0.27214469 -0.39338699 0.02435597 1.00000000 1.00000000 1.00000000
v 0.16040682 -0.36344193 0.02566162 1.00000000 1.00000000 1.00000000
v 0.28787257 0.09975603 0.01332725 1.00000000 1.00000000 1.00000000
v -0.17199686 -0.41439976 0.02566162 1.00000000 1.00000000 1.00000000
v -0.00786342 -0.01621172 0.02566162 1.00000000 1.00000000 1.00000000
v -0.12634082 -0.32747203 0.02566162 1.00000000 1.00000000 1.00000000
v 0.25232697 0.15273121 0.02566162 1.00000000 1.00000000 1.00000000
v 0.02688704 -0.11387533 0.02566162 1.00000000 1.00000000 1.00000000
v 0.11878045 -0.35285136 0.02566162 1.00000000 1.00000000 1.00000000
v 0.17571505 0.25996281 0.02524374 1.00000000 1.00000000 1.00000000
v 0.16409016 0.03963562 0.02566162 1.00000000 1.00000000 1.00000000
v 0.03858516 -0.29130105 0.02566162 1.00000000 1.00000000 1.00000000
v 0.04241213 -0.07669973 0.02566162 1.00000000 1.00000000 1.00000000
v 0.06028102 0.07042148 0.02566162 1.00000000 1.00000000 1.00000000
v 0.10379122 -0.20408351 0.02566162 1.00000000 1.00000000 1.00000000
v -0.11828069 -0.42720868 0.02566162 1.00000000 1.00000000 1.00000000
v -0.22138368 0.28103524 0.01609575 1.00000000 1.00000000 1.00000000
v -0.06357111 -0.22614596 0.02566162 1.00000000 1.00000000 1.00000000
v -0.15846337 -0.37156222 0.02566162 1.00000000 1.00000000 1.00000000
v 0.15484437 0.22927868 0.02566162 1.00000000 1.00000000 1.00000000
v -0.06192182 -0.02259487 0.02566162 1.00000000 1.00000000 1.00000000
v -0.03305887 -0.18046275 0.02566162 1.00000000 1.00000000 1.00000000
v -0.05253853 0.21573889 0.02566162 1.00000000 1.00000000 1.00000000
v -0.24150563 0.08078500 0.02566162 1.00000000 1.00000000 1.00000000
v 0.29988645 -0.36114541 0.01165662 1.00000000 1.00000000 1.00000000
v 0.12669884 0.07951354 0.02566162 1.00000000 1.00000000 1.00000000
v 0.14955469 0.02999224 0.02566162 1.00000000 1.00000000 1.00000000
v 0.00084107 0.10376253 0.02566162 1.00000000 1.00000000 1.00000000
v -0.20695736 -0.33962936 0.02566162 1.00000000 1.00000000 1.00000000
v 0.21176693 0.12884340 0.02566162 1.00000000 1.00000000 1.00000000
v 0.11765572 -0.15594180 0.02566162 1.00000000 1.00000000 1.00000000
v 0.01137116 0.05727425 0.02566162 1.00000000 1.00000000 1.00000000
v 0.14088358 -0.29199764 0.02566162 1.00000000 1.00000000 1.00000000
v -0.10295787 -0.25589215 0.02566162 1.00000000 1.00000000 1.00000000
v 0.14433110 0.17992467 0.02566162 1.00000000 1.00000000 1.00000000
v 0.08905377 -0.11631972 0.02566162 1.00000000 1.00000000 1.00000000
v -0.23260602 -0.10917021 0.02566162 1.00000000 1.00000000 1.00000000
v -0.04256640 -0.03941600 0.02566162 1.00000000 1.00000000 1.00000000
v -0.14835656 0.05543639 0.02566162 1.00000000 1.00000000 1.00000000
v -0.22957433 -0.00299885 0.02566162 1.00000000 1.00000000 1.00000000
v -0.18567458 0.17569066 0.02566162 1.00000000 1.00000000 1.00000000
v -0.22310229 -0.01864024 0.02566162 1.00000000 1.00000000 1.00000000
v 0.21345685 -0.01641309 0.02566162 1.00000000 1.00000000 1.00000000
v -0.08465567 -0.36175759 0.02566162 1.00000000 1.00000000 1.00000000
v -0.00783650 0.16241241 0.02566162 1.00000000 1.00000000 1.00000000
v -0.04075204 0.00716278 0.02566162 1.00000000 1.00000000 1.00000000
v -0.20526513 -0.42460646 0.02566162 1.00000000 1.00000000 1.00000000
v 0.04544838 -0.17118571 0.02566162 1.00000000 1.00000000 1.00000000
v 0.23716277 0.08899618 0.02566162 1.00000000 1.00000000 1.00000000
v 0.26325450 -0.15662970 0.02490379 1.00000000 1.00000000 1.00000000
v 0.00791469 -0.02953840 0.02566162 1.00000000 1.00000000 1.00000000
v 0.23152269 0.26849668 0.02087346 1.00000000 1.00000000 1.00000000
v -0.08743204 -0.08315890 0.02566162 1.00000000 1.00000000 1.00000000
v -0.03369108 0.19764622 0.02566162 1.00000000 1.00000000 1.00000000
v -0.00122584 -0.07635109 0.02566162 1.00000000 1.00000000 1.00000000
v -0.14892583 -0.44301344 0.02566162 1.00000000 1.00000000 1.00000000
v -0.17739314 0.14333622 0.02566162 1.00000000 1.00000000 1.00000000
v -0.00854779 -0.21052115 0.02566162 1.00000000 1.00000000 1.00000000
v 0.19864910 0.06106733 0.02566162 1.00000000 1.00000000 1.00000000
v 0.25806982 0.02665255 0.02504129 1.00000000 1.00000000 1.00000000
v -0.12416789 -0.06089931 0.02566162 1.00000000 1.00000000 1.00000000
v 0.29027182 -0.11527888 0.01516784 1.00000000 1.00000000 1.00000000
v -0.14924714 0.01455674 0.02566162 1.00000000 1.00000000 1.00000000
v -0.23895717 0.21280738 0.02566162 1.00000000 1.00000000 1.00000000
v -0.12335738 0.27851826 0.02322138 1.00000000 1.00000000 1.00000000
v -0.25185238 -0.42583969 0.02566162 1.00000000 1.00000000 1.00000000
v -0.21226687 -0.00730964 0.02566162 1.00000000 1.00000000 1.00000000
v -0.05910410 0.02044212 0.02566162 1.00000000 1.00000000 1.00000000
v 0.28580901 0.18474975 0.02566162 1.00000000 1.00000000 1.00000000
v 0.12398632 -0.39124234 0.02566162 1.00000000 1.00000000 1.00000000
v -0.11654263 -0.00017367 0.02566162 1.00000000 1.00000000 1.00000000
v -0.26139644 -0.23859272 0.02530196 1.00000000 1.00000000 1.00000000
v -0.00115622 -0.14501613 0.02566162 1.00000000 1.00000000 1.00000000
v 0.01543352 0.11632201 0.02566162 1.00000000 1.00000000 1.00000000
v 0.12829167 -0.31170179 0.02566162 1.00000000 1.00000000 1.00000000
v -0.02870715 0.01963867 0.02566162 1.00000000 1.00000000 1.00000000
v -0.25907836 0.26423493 0.01945779 1.00000000 1.00000000 1.00000000
v -0.29721135 -0.39678786 0.01466062 1.00000000 1.00000000 1.00000000
v -0.13160606 -0.14069392 0.02566162 1.00000000 1.00000000 1.00000000
v 0.05917668 -0.02253498 0.02566162 1.00000000 1.00000000 1.00000000
v -0.28476496 -0.25530531 0.01988029 1.00000000 1.00000000 1.00000000
v -0.27591189 -0.36683617 0.02348465 1.00000000 1.00000000 1.00000000
v 0.11067999 -0.04764572 0.02566162 1.00000000 1.00000000 1.00000000
v 0.26590215 -0.30198540 0.02497617 1.00000000 1.00000000 1.00000000
v -0.12435906 -0.15364288 0.02566162 1.00000000 1.00000000 1.00000000
v 0.15485661 -0.02719641 0.02566162 1.00000000 1.00000000 1.00000000
v -0.12689906 -0.40399658 0.02566162 1.00000000 1.00000000 1.00000000
v 0.23222426 0.21860594 0.02566162 1.00000000 1.00000000 1.00000000
v 0.16266931 -0.07857359 0.02566162 1.00000000 1.00000000 1.00000000
v 0.25041846 0.04237918 0.02559733 1.00000000 1.00000000 1.00000000
v -0.18872380 0.29451358 0.01041927 1.00000000 1.00000000 1.00000000
v -0.10691327 0.11750001 0.02566162 1.00000000 1.00000000 1.00000000
v -0.18470063 0.06883357 0.02566162 1.00000000 1.00000000 1.00000000
v -0.09160264 -0.24304242 0.02566162 1.00000000 1.00000000 1.00000000
v 0.22939802 -0.13257905 0.02566162 1.00000000 1.00000000 1.00000000
v -0.06302764 -0.43333517 0.02566162 1.00000000 1.00000000 1.00000000
v 0.16889925 0.06219420 0.02566162 1.00000000 1.00000000 1.00000000
v 0.21607656 -0.30145041 0.02566162 1.00000000 1.00000000 1.00000000
v -0.20853583 -0.31010433 0.02566162 1.00000000 1.00000000 1.00000000
v -0.24208715 -0.19869147 0.02566162 1.00000000 1.00000000 1.00000000
v -0.04760718 -0.33768877 0.02566162 1.00000000 1.00000000 1.00000000
v 0.25429977 -0.18033587 0.02563036 1.00000000 1.00000000 1.00000000
v -0.15656414 -0.09008472 0.02566162 1.00000000 1.00000000 1.00000000
v 0.27285409 -0.07821439 0.02264084 1.00000000 1.00000000 1.00000000
v -0.26559455 -0.16680300 0.02460478 1.00000000 1.00000000 1.00000000
v 0.26851964 -0.20947882 0.02427667 1.00000000 1.00000000 1.00000000
v 0.12209391 -0.36831598 0.02566162 1.00000000 1.00000000 1.00000000
v -0.22104163 -0.38061721 0.02566162 1.00000000 1.00000000 1.00000000
v -0.04099505 0.10897469 0.02566162 1.00000000 1.00000000 1.00000000
v 0.23568535 0.13608093 0.02566162 1.00000000 1.00000000 1.00000000
v 0.24208506 0.24031631 0.02556204 1.00000000 1.00000000 1.00000000
v 0.04886813 -0.18556944 0.02566162 1.00000000 1.00000000 1.00000000
v -0.10621111 -0.11689513 0.02566162 1.00000000 1.00000000 1.00000000
v 0.26766270 0.04079441 0.02329976 1.00000000 1.00000000 1.00000000
v -0.16435371 -0.30067832 0.02566162 1.00000000 1.00000000 1.00000000
v 0.11050806 0.25678715 0.02566162 1.00000000 1.00000000 1.00000000
v 0.01962181 0.00140125 0.02566162 1.00000000 1.00000000 1.00000000
v -0.20827911 -0.23075009 0.02566162 1.00000000 1.00000000 1.00000000
v -0.13139617 0.18315435 0.02566162 1.00000000 1.00000000 1.00000000
v 0.20115519 -0.34263292 0.02566162 1.00000000 1.00000000 1.00000000
v -0.17087954 -0.09322157 0.02566162 1.00000000 1.00000000 1.00000000
v 0.29211732 -0.04715329 0.01244437 1.00000000 1.00000000 1.00000000
v -0.19127981 0.12250362 0.02566162 1.00000000 1.00000000 1.00000000
v -0.01041806 0.00275498 0.02566162 1.00000000 1.00000000 1.00000000
v 0.06129908 -0.17646268 0.02566162 1.00000000 1.00000000 1.00000000
v -0.10392624 -0.10319630 0.02566162 1.00000000 1.00000000 1.00000000
v 0.07996551 -0.33910389 0.02566162 1.00000000 1.00000000 1.00000000
v 0.11471379 0.01509998 0.02566162 1.00000000 1.00000000 1.00000000
v 0.09642458 -0.21428061 0.02566162 1.00000000 1.00000000 1.00000000
v 0.13554489 0.02846396 0.02566162 1.00000000 1.00000000 1.00000000
v -0.19513539 -0.07959479 0.02566162 1.00000000 1.00000000 1.00000000
v -0.15976947 0.25077974 0.02566162 1.00000000 1.00000000 1.00000000
v -0.07483025 0.20055665 0.02566162 1.00000000 1.00000000 1.00000000
v 0.05051722 0.21721331 0.02566162 1.00000000 1.00000000 1.00000000
v 0.22727418 -0.35608995 0.02566162 1.00000000 1.00000000 1.00000000
v -0.06419351 0.15486559 0.02566162 1.00000000 1.00000000 1.00000000
v -0.21233359 0.23904803 0.02566162 1.00000000 1.00000000 1.00000000
v -0.07997856 0.01614300 0.02566162 1.00000000 1.00000000 1.00000000
v 0.05481163 -0.32189123 0.02566162 1.00000000 1.00000000 1.00000000
v -0.06099740 -0.17630772 0.02566162 1.00000000 1.00000000 1.00000000
v 0.00990395 -0.07849651 0.02566162 1.00000000 1.00000000 1.00000000
v -0.29115468 0.09463712 0.01013538 1.00000000 1.00000000 1.00000000
v 0.07003603 -0.34855372 0.02566162 1.00000000 1.00000000 1.00000000
v 0.11967812 -0.32470296 0.02566162 1.00000000 1.00000000 1.00000000
v 0.21577645 -0.14116030 0.02566162 1.00000000 1.00000000 1.00000000
v -0.26059886 -0.32366852 0.02549867 1.00000000 1.00000000 1.00000000
v 0.00792391 -0.45335840 0.02566162 1.00000000 1.00000000 1.00000000
v 0.05871887 -0.42296993 0.02566162 1.00000000 1.00000000 1.00000000
v 0.19607684 -0.16025187 0.02566162 1.00000000 1.00000000 1.00000000
v 0.04428518 -0.11197593 0.02566162 1.00000000 1.00000000 1.00000000
v -0.10121299 -0.21734984 0.02566162 1.00000000 1.00000000 1.00000000
v -0.01585392 -0.09949497 0.02566162 1.00000000 1.00000000 1.00000000
v 0.03534542 0.09522499 0.02566162 1.00000000 1.00000000 1.00000000
v 0.10641830 0.10055041 0.02566162 1.00000000 1.00000000 1.00000000
v 0.29457044 -0.43387201 0.01695486 1.00000000 1.00000000 1.00000000
v -0.11658132 0.22410221 0.02566162 1.00000000 1.00000000 1.00000000
v -0.13271027 0.26602174 0.02519141 1.00000000 1.00000000 1.00000000
v -0.14650343 -0.02205293 0.02566162 1.00000000 1.00000000 1.00000000
v -0.28760772 0.05740608 0.01430557 1.00000000 1.00000000 1.00000000
v -0.26791707 -0.31256011 0.02473980 1.00000000 1.00000000 1.00000000
v 0.29052017 -0.10109031 0.01476052 1.00000000 1.00000000 1.00000000
v 0.02059367 -0.15800642 0.02566162 1.00000000 1.00000000 1.00000000
v 0.20491296 -0.42862571 0.02566162 1.00000000 1.00000000 1.00000000
v -0.25952513 0.19857959 0.02566162 1.00000000 1.00000000 1.00000000
v 0.09949495 -0.06800301 0.02566162 1.00000000 1.00000000 1.00000000
v 0.23163322 -0.42094233 0.02566162 1.00000000 1.00000000 1.00000000
v -0.13341136 -0.42595008 0.02566162 1.00000000 1.00000000 1.00000000
v 0.05038735 -0.44961446 0.02566162 1.00000000 1.00000000 1.00000000
v -0.25977667 -0.26995159 0.02547625 1.00000000 1.00000000 1.00000000
v 0.18090942 0.13236396 0.02566162 1.00000000 1.00000000 1.00000000
v -0.10896699 -0.20632305 0.02566162 1.00000000 1.00000000 1.00000000
v 0.29508423 -0.37310037 0.01578887 1.00000000 1.00000000 1.00000000
v -0.28601316 -0.03394509 0.01676989 1.00000000 1.00000000 1.00000000
v -0.23327116 0.16830083 0.02566162 1.00000000 1.00000000 1.00000000
v -0.01691077 -0.12466278 0.02566162 1.00000000 1.00000000 1.00000000
v -0.23959741 0.11291890 0.02566162 1.00000000 1.00000000 1.00000000
v -0.26720130 0.17370895 0.02566162 1.00000000 1.00000000 1.00000000
v -0.21489837 -0.10288821 0.02566162 1.00000000 1.00000000 1.00000000
v -0.21216537 0.03546560 0.02566162 1.00000000 1.00000000 1.00000000
v 0.14270324 -0.21139118 0.02566162 1.00000000 1.00000000 1.00000000
v 0.11215696 -0.33925831 0.02566162 1.00000000 1.00000000 1.00000000
v -0.06866024 -0.31326822 0.02566162 1.00000000 1.00000000 1.00000000
v 0.13316454 -0.41480009 0.02566162 1.00000000 1.00000000 1.00000000
v 0.02302902 0.04821297 0.02566162 1.00000000 1.00000000 1.00000000
v 0.14058320 -0.42827168 0.02566162 1.00000000 1.00000000 1.00000000
v 0.27382108 0.06418474 0.02136036 1.00000000 1.00000000 1.00000000
v -0.24697409 0.03210932 0.02566162 1.00000000 1.00000000 1.00000000
v -0.25989414 -0.37023277 0.02558473 1.00000000 1.00000000 1.00000000
v 0.20155699 -0.11705723 0.02566162 1.00000000 1.00000000 1.00000000
v -0.26740557 0.20969684 0.02566162 1.00000000 1.00000000 1.00000000
v 0.20332354 0.16144878 0.02566162 1.00000000 1.00000000 1.00000000
v -0.12500968 0.11294428 0.02566162 1.00000000 1.00000000 1.00000000
v 0.21674927 0.27186714 0.02095858 1.00000000 1.00000000 1.00000000
v 0.07716402 0.05561726 0.02566162 1.00000000 1.00000000 1.00000000
v -0.20202782 0.23250713 0.02566162 1.00000000 1.00000000 1.00000000
v 0.06529964 0.15982086 0.02566162 1.00000000 1.00000000 1.00000000
v -0.07569384 -0.02106174 0.02566162 1.00000000 1.00000000 1.00000000
v 0.29721081 -0.33314530 0.01354750 1.00000000 1.00000000 1.00000000
v 0.13175801 -0.44155124 0.02566162 1.00000000 1.00000000 1.00000000
v -0.02384498 -0.43832448 0.02566162 1.00000000 1.00000000 1.00000000
v -0.23896783 0.06235878 0.02566162 1.00000000 1.00000000 1.00000000
v 0.23701935 -0.06328456 0.02566162 1.00000000 1.00000000 1.00000000
v 0.10234651 -0.16570577 0.02566162 1.00000000 1.00000000 1.00000000
v -0.07253466 0.18830022 0.02566162 1.00000000 1.00000000 1.00000000
v 0.17910857 0.17024651 0.02566162 1.00000000 1.00000000 1.00000000
v 0.26041146 -0.01600847 0.02486785 1.00000000 1.00000000 1.00000000
v -0.17657693 0.08299436 0.02566162 1.00000000 1.00000000 1.00000000
v 0.21583732 -0.38182797 0.02566162 1.00000000 1.00000000 1.00000000
v -0.16616471 -0.23726851 0.02566162 1.00000000 1.00000000 1.00000000
v 0.17028270 0.27863330 0.02165680 1.00000000 1.00000000 1.00000000
v -0.18186441 -0.42762565 0.02566162 1.00000000 1.00000000 1.00000000
v 0.19620302 -0.02138353 0.02566162 1.00000000 1.00000000 1.00000000
v 0.23839691 -0.37222029 0.02566162 1.00000000 1.00000000 1.00000000
v -0.10455440 0.13586105 0.02566162 1.00000000 1.00000000 1.00000000
v -0.18666713 0.02077401 0.02566162 1.00000000 1.00000000 1.00000000
v -0.05006196 -0.18713111 0.02566162 1.00000000 1.00000000 1.00000000
v 0.18765239 -0.40932839 0.02566162 1.00000000 1.00000000 1.00000000
v 0.22737208 -0.27183879 0.02566162 1.00000000 1.00000000 1.00000000
v 0.17473409 -0.00055784 0.02566162 1.00000000 1.00000000 1.00000000
v -0.08992157 -0.17042774 0.02566162 1.00000000 1.00000000 1.00000000
v -0.23614599 -0.31652149 0.02566162 1.00000000 1.00000000 1.00000000
v 0.16297244 -0.18096024 0.02566162 1.00000000 1.00000000 1.00000000
v -0.11061209 0.28346427 0.02211153 1.00000000 1.00000000 1.00000000
v -0.24191107 0.14077180 0.02566162 1.00000000 1.00000000 1.00000000
v -0.20672408 -0.05773806 0.02566162 1.00000000 1.00000000 1.00000000
v -0.06822897 0.00986097 0.02566162 1.00000000 1.00000000 1.00000000
v 0.17305147 -0.40341969 0.02566162 1.00000000 1.00000000 1.00000000
v -0.06052467 -0.04927236 0.02566162 1.00000000 1.00000000 1.00000000
v 0.05895272 0.09409011 0.02566162 1.00000000 1.00000000 1.00000000
v 0.09738558 -0.24562254 0.02566162 1.00000000 1.00000000 1.00000000
v -0.21838591 -0.13466301 0.02566162 1.00000000 1.00000000 1.00000000
v 0.02938570 -0.36862418 0.02566162 1.00000000 1.00000000 1.00000000
v 0.27413316 -0.11085442 0.02248457 1.00000000 1.00000000 1.00000000
v -0.28990671 -0.37220823 0.01872157 1.00000000 1.00000000 1.00000000
v -0.29690602 -0.34246656 0.01396580 1.00000000 1.00000000 1.00000000
v -0.15043851 0.07237260 0.02566162 1.00000000 1.00000000 1.00000000
v 0.04125530 -0.04837048 0.02566162 1.00000000 1.00000000 1.00000000
v 0.13691914 -0.19535088 0.02566162 1.00000000 1.00000000 1.00000000
v -0.19207684 -0.25283218 0.02566162 1.00000000 1.00000000 1.00000000
v -0.03531313 -0.11410635 0.02566162 1.00000000 1.00000000 1.00000000
v -0.13873076 0.04472441 0.02566162 1.00000000 1.00000000 1.00000000
v -0.23833913 -0.36435927 0.02566162 1.00000000 1.00000000 1.00000000
v -0.08077596 -0.22991189 0.02566162 1.00000000 1.00000000 1.00000000
v -0.04528118 0.01917201 0.02566162 1.00000000 1.00000000 1.00000000
v -0.25685263 0.04811610 0.02512442 1.00000000 1.00000000 1.00000000
v 0.27157613 -0.35690560 0.02431420 1.00000000 1.00000000 1.00000000
v 0.11563900 -0.21746587 0.02566162 1.00000000 1.00000000 1.00000000
v -0.01015103 0.03996568 0.02566162 1.00000000 1.00000000 1.00000000
v 0.01782114 -0.18375811 0.02566162 1.00000000 1.00000000 1.00000000
v -0.22413855 -0.39178268 0.02566162 1.00000000 1.00000000 1.00000000
v 0.00102062 -0.40295639 0.02566162 1.00000000 1.00000000 1.00000000
v 0.17570042 -0.38886871 0.02566162 1.00000000 1.00000000 1.00000000
v 0.13354220 -0.27454125 0.02566162 1.00000000 1.00000000 1.00000000
v 0.26303648 0.18037177 0.02566162 1.00000000 1.00000000 1.00000000
v 0.13716206 0.08784148 0.02566162 1.00000000 1.00000000 1.00000000
v 0.03572576 -0.44146701 0.02566162 1.00000000 1.00000000 1.00000000
v -0.04403891 0.20565521 0.02566162 1.00000000 1.00000000 1.00000000
v -0.05966149 -0.27707108 0.02566162 1.00000000 1.00000000 1.00000000
v -0.23018441 -0.18859856 0.02566162 1.00000000 1.00000000 1.00000000
v -0.18472912 0.09319026 0.02566162 1.00000000 1.00000000 1.00000000
v -0.05656977 0.06683659 0.02566162 1.00000000 1.00000000 1.00000000
v -0.30036867 -0.36623670 0.01127249 1.00000000 1.00000000 1.00000000
v -0.29075062 0.00749553 0.01258842 1.00000000 1.00000000 1.00000000
v 0.10338785 0.17556090 0.02566162 1.00000000 1.00000000 1.00000000
v 0.18637798 -0.12600689 0.02566162 1.00000000 1.00000000 1.00000000
v 0.13682999 0.26564037 0.02519103 1.00000000 1.00000000 1.00000000
v -0.04925297 -0.35526396 0.02566162 1.00000000 1.00000000 1.00000000
v -0.12602346 -0.34370529 0.02566162 1.00000000 1.00000000 1.00000000
v -0.09837771 -0.23150170 0.02566162 1.00000000 1.00000000 1.00000000
v 0.09964002 -0.05130717 0.02566162 1.00000000 1.00000000 1.00000000
v 0.27684910 -0.23966478 0.02252448 1.00000000 1.00000000 1.00000000
v 0.10146836 0.05637958 0.02566162 1.00000000 1.00000000 1.00000000
v -0.10940136 -0.24232858 0.02566162 1.00000000 1.00000000 1.00000000
v 0.20303056 -0.00149186 0.02566162 1.00000000 1.00000000 1.00000000
v -0.16555773 -0.14298238 0.02566162 1.00000000 1.00000000 1.00000000
v -0.14348234 0.24087155 0.02566162 1.00000000 1.00000000 1.00000000
v -0.06531714 0.09635735 0.02566162 1.00000000 1.00000000 1.00000000
v 0.23067030 -0.30887406 0.02566162 1.00000000 1.00000000 1.00000000
v 0.06566190 -0.27023310 0.02566162 1.00000000 1.00000000 1.00000000
v -0.11998431 0.01258665 0.02566162 1.00000000 1.00000000 1.00000000
v -0.28376027 -0.28508859 0.02055588 1.00000000 1.00000000 1.00000000
v 0.05425077 0.01046520 0.02566162 1.00000000 1.00000000 1.00000000
v 0.25182360 -0.07425391 0.02563346 1.00000000 1.00000000 1.00000000
v 0.04108532 -0.12498121 0.02566162 1.00000000 1.00000000 1.00000000
v 0.20829317 0.01869598 0.02566162 1.00000000 1.00000000 1.00000000
v -0.07652948 -0.17464005 0.02566162 1.00000000 1.00000000 1.00000000
v -0.03593078 -0.15260141 0.02566162 1.00000000 1.00000000 1.00000000
v 0.08648151 -0.13228310 0.02566162 1.00000000 1.00000000 1.00000000
v -0.16067050 0.06022929 0.02566162 1.00000000 1.00000000 1.00000000
v -0.24477900 -0.34550310 0.02566162 1.00000000 1.00000000 1.00000000
v -0.06940428 -0.03797004 0.02566162 1.00000000 1.00000000 1.00000000
v -0.12994007 0.23392625 0.02566162 1.00000000 1.00000000 1.00000000
v 0.23687083 0.00411616 0.02566162 1.00000000 1.00000000 1.00000000
v -0.06332088 0.04468271 0.02566162 1.00000000 1.00000000 1.00000000
v -0.16382685 0.15775369 0.02566162 1.00000000 1.00000000 1.00000000
v 0.05215977 -0.03727108 0.02566162 1.00000000 1.00000000 1.00000000
v -0.21570896 -0.16688494 0.02566162 1.00000000 1.00000000 1.00000000
v 0.27721692 -0.28858970 0.02272380 1.00000000 1.00000000 1.00000000
v -0.08898833 -0.01548303 0.02566162 1.00000000 1.00000000 1.00000000
v 0.29179510 -0.38629346 0.01791907 1.00000000 1.00000000 1.00000000
v -0.13598745 -0.21245555 0.02566162 1.00000000 1.00000000 1.00000000
v 0.24848145 -0.15305284 0.02566162 1.00000000 1.00000000 1.00000000
v 0.08775154 -0.40110727 0.02566162 1.00000000 1.00000000 1.00000000
v -0.01589968 0.09968372 0.02566162 1.00000000 1.00000000 1.00000000
v -0.01448874 -0.32045080 0.02566162 1.00000000 1.00000000 1.00000000
v -0.21939857 -0.17968762 0.02566162 1.00000000 1.00000000 1.00000000
v -0.08759963 -0.38568294 0.02566162 1.00000000 1.00000000 1.00000000
v 0.19667840 0.04753184 0.02566162 1.00000000 1.00000000 1.00000000
v -0.08805455 0.20668406 0.02566162 1.00000000 1.00000000 1.00000000
v -0.10707003 -0.44845437 0.02566162 1.00000000 1.00000000 1.00000000
v 0.09856713 -0.42674408 0.02566162 1.00000000 1.00000000 1.00000000
v 0.02136652 -0.19979708 0.02566162 1.00000000 1.00000000 1.00000000
v 0.09832952 0.16158409 0.02566162 1.00000000 1.00000000 1.00000000
v -0.19238370 -0.42208254 0.02566162 1.00000000 1.00000000 1.00000000
v 0.18320263 0.14654680 0.02566162 1.00000000 1.00000000 1.00000000
v -0.14649930 -0.28452620 0.02566162 1.00000000 1.00000000 1.00000000
v -0.17391398 -0.12018716 0.02566162 1.00000000 1.00000000 1.00000000
v -0.20863721 -0.39066971 0.02566162 1.00000000 1.00000000 1.00000000
v -0.11805988 -0.28758797 0.02566162 1.00000000 1.00000000 1.00000000
v -0.29053010 0.26593352 0.01162841 1.00000000 1.00000000 1.00000000
v 0.24554133 -0.34395082 0.02566162 1.00000000 1.00000000 1.00000000
v 0.29975051 -0.27665668 0.00968508 1.00000000 1.00000000 1.00000000
v -0.23585392 -0.22480930 0.02566162 1.00000000 1.00000000 1.00000000
v 0.17775338 0.04642767 0.02566162 1.00000000 1.00000000 1.00000000
v 0.11592561 0.19935570 0.02566162 1.00000000 1.00000000 1.00000000
v 0.24850453 0.16583999 0.02566162 1.00000000 1.00000000 1.00000000
v 0.28605204 0.07178958 0.01521862 1.00000000 1.00000000 1.00000000
v 0.23865998 -0.03399191 0.02566162 1.00000000 1.00000000 1.00000000
v 0.25615556 -0.03466097 0.02536232 1.00000000 1.00000000 1.00000000
v -0.24508099 0.18366442 0.02566162 1.00000000 1.00000000 1.00000000
v -0.26071666 -0.14163678 0.02516084 1.00000000 1.00000000 1.00000000
v 0.29028860 -0.24883721 0.01705990 1.00000000 1.00000000 1.00000000
v 0.02813476 -0.35254966 0.02566162 1.00000000 1.00000000 1.00000000
v 0.22031291 -0.42760544 0.02566162 1.00000000 1.00000000 1.00000000
v -0.19538339 -0.38413939 0.02566162 1.00000000 1.00000000 1.00000000
v 0.27555219 0.02638944 0.02104416 1.00000000 1.00000000 1.00000000
v -0.01695990 -0.19560013 0.02566162 1.00000000 1.00000000 1.00000000
v -0.14977390 -0.22741457 0.02566162 1.00000000 1.00000000 1.00000000
v 0.19362165 0.10072527 0.02566162 1.00000000 1.00000000 1.00000000
v -0.29148253 -0.24047495 0.01621911 1.00000000 1.00000000 1.00000000
v 0.07439711 0.19927112 0.02566162 1.00000000 1.00000000 1.00000000
v -0.22658557 -0.42655086 0.02566162 1.00000000 1.00000000 1.00000000
v 0.27167246 0.26033976 0.01936212 1.00000000 1.00000000 1.00000000
v -0.07870724 -0.24975238 0.02566162 1.00000000 1.00000000 1.00000000
v 0.27358759 -0.16967818 0.02298694 1.00000000 1.00000000 1.00000000
v -0.13307522 -0.29163980 0.02566162 1.00000000 1.00000000 1.00000000
v 0.22401784 -0.20652522 0.02566162 1.00000000 1.00000000 1.00000000
v -0.02007669 -0.36215849 0.02566162 1.00000000 1.00000000 1.00000000
v 0.04346142 0.06723228 0.02566162 1.00000000 1.00000000 1.00000000
v 0.24015775 0.15073418 0.02566162 1.00000000 1.00000000 1.00000000
v 0.19074812 -0.24701949 0.02566162 1.00000000 1.00000000 1.00000000
v 0.14151527 -0.30721267 0.02566162 1.00000000 1.00000000 1.00000000
v 0.19533698 -0.21391394 0.02566162 1.00000000 1.00000000 1.00000000
v -0.07699377 -0.37344886 0.02566162 1.00000000 1.00000000 1.00000000
v -0.20051391 -0.27793483 0.02566162 1.00000000 1.00000000 1.00000000
v 0.18627874 -0.16738672 0.02566162 1.00000000 1.00000000 1.00000000
v 0.27186648 -0.22492466 0.02368476 1.00000000 1.00000000 1.00000000
v 0.11488128 0.07119428 0.02566162 1.00000000 1.00000000 1.00000000
v -0.21666232 0.06656384 0.02566162 1.00000000 1.00000000 1.00000000
v -0.13569401 -0.20060326 0.02566162 1.00000000 1.00000000 1.00000000
v 0.02203322 -0.12473014 0.02566162 1.00000000 1.00000000 1.00000000
v 0.16294103 -0.33450828 0.02566162 1.00000000 1.00000000 1.00000000
v -0.01779790 -0.04385597 0.02566162 1.00000000 1.00000000 1.00000000
v 0.06243163 0.20235859 0.02566162 1.00000000 1.00000000 1.00000000
v -0.24015554 -0.41933137 0.02566162 1.00000000 1.00000000 1.00000000
v -0.13045470 0.20699678 0.02566162 1.00000000 1.00000000 1.00000000
v -0.23275797 -0.33933771 0.02566162 1.00000000 1.00000000 1.00000000
v 0.11335166 -0.03417598 0.02566162 1.00000000 1.00000000 1.00000000
v -0.28392300 0.10386962 0.01617075 1.00000000 1.00000000 1.00000000
v 0.18946345 -0.35571320 0.02566162 1.00000000 1.00000000 1.00000000
v -0.11373076 -0.17705407 0.02566162 1.00000000 1.00000000 1.00000000
v 0.26501432 0.26819436 0.01655369 1.00000000 1.00000000 1.00000000
v -0.05633364 0.08306255 0.02566162 1.00000000 1.00000000 1.00000000
v -0.20741755 -0.08948703 0.02566162 1.00000000 1.00000000 1.00000000
v 0.12823124 0.11898291 0.02566162 1.00000000 1.00000000 1.00000000
v 0.03619684 -0.06850064 0.02566162 1.00000000 1.00000000 1.00000000
v 0.06510029 -0.28818512 0.02566162 1.00000000 1.00000000 1.00000000
v -0.10232299 0.08267379 0.02566162 1.00000000 1.00000000 1.00000000
v 0.04114596 -0.41013568 0.02566162 1.00000000 1.00000000 1.00000000
v -0.23959450 0.24831665 0.02497209 1.00000000 1.00000000 1.00000000
v 0.06895647 -0.37863430 0.02566162 1.00000000 1.00000000 1.00000000
v 0.21823377 -0.39750815 0.02566162 1.00000000 1.00000000 1.00000000
v -0.24465437 -0.00736826 0.02566162 1.00000000 1.00000000 1.00000000
v -0.14573485 -0.07244482 0.02566162 1.00000000 1.00000000 1.00000000
v 0.21046135 -0.21089715 0.02566162 1.00000000 1.00000000 1.00000000
v -0.10632262 0.04535450 0.02566162 1.00000000 1.00000000 1.00000000
v -0.11150662 -0.19041784 0.02566162 1.00000000 1.00000000 1.00000000
v 0.17850960 -0.04701879 0.02566162 1.00000000 1.00000000 1.00000000
v 0.07321994 -0.42799197 0.02566162 1.00000000 1.00000000 1.00000000
v 0.07341113 -0.11917948 0.02566162 1.00000000 1.00000000 1.00000000
v -0.07039236 0.17465510 0.02566162 1.00000000 1.00000000 1.00000000
v 0.15877187 -0.00034035 0.02566162 1.00000000 1.00000000 1.00000000
v -0.23778846 -0.06298429 0.02566162 1.00000000 1.00000000 1.00000000
v -0.00094126 -0.22360812 0.02566162 1.00000000 1.00000000 1.00000000
v -0.23419645 -0.35232868 0.02566162 1.00000000 1.00000000 1.00000000
v 0.05308331 -0.33384563 0.02566162 1.00000000 1.00000000 1.00000000
v -0.05440678 -0.26162144 0.02566162 1.00000000 1.00000000 1.00000000
v -0.15153817 0.11947276 0.02566162 1.00000000 1.00000000 1.00000000
v -0.25858183 0.18370864 0.02566162 1.00000000 1.00000000 1.00000000
v 0.28095517 -0.03624945 0.01942357 1.00000000 1.00000000 1.00000000
v -0.04115961 0.16567409 0.02566162 1.00000000 1.00000000 1.00000000
v 0.05540620 -0.40781368 0.02566162 1.00000000 1.00000000 1.00000000
v -0.12661380 -0.37329302 0.02566162 1.00000000 1.00000000 1.00000000
v 0.28972485 -0.07266498 0.01488168 1.00000000 1.00000000 1.00000000
v -0.07252146 0.11570091 0.02566162 1.00000000 1.00000000 1.00000000
v -0.02501516 -0.20451465 0.02566162 1.00000000 1.00000000 1.00000000
v 0.03551795 -0.16135774 0.02566162 1.00000000 1.00000000 1.00000000
v -0.11952178 0.02513645 0.02566162 1.00000000 1.00000000 1.00000000
v 0.20341064 0.11339653 0.02566162 1.00000000 1.00000000 1.00000000
v 0.21525917 -0.31828293 0.02566162 1.00000000 1.00000000 1.00000000
v 0.10867891 -0.28369659 0.02566162 1.00000000 1.00000000 1.00000000
v -0.20135872 -0.15992536 0.02566162 1.00000000 1.00000000 1.00000000
v 0.20042232 -0.37103530 0.02566162 1.00000000 1.00000000 1.00000000
v 0.24146536 0.05334872 0.02566162 1.00000000 1.00000000 1.00000000
v 0.08182022 -0.37556134 0.02566162 1.00000000 1.00000000 1.00000000
v 0.08865367 0.22150117 0.02566162 1.00000000 1.00000000 1.00000000
v -0.28763051 0.03110179 0.01472983 1.00000000 1.00000000 1.00000000
v 0.21884424 -0.16726635 0.02566162 1.00000000 1.00000000 1.00000000
v -0.12171009 0.06909642 0.02566162 1.00000000 1.00000000 1.00000000
v -0.09467545 -0.37449361 0.02566162 1.00000000 1.00000000 1.00000000
v -0.13268229 -0.01026261 0.02566162 1.00000000 1.00000000 1.00000000
v 0.21480387 -0.08536789 0.02566162 1.00000000 1.00000000 1.00000000
v 0.01755575 -0.36130177 0.02566162 1.00000000 1.00000000 1.00000000
v -0.27771378 0.04304928 0.02006285 1.00000000 1.00000000 1.00000000
v 0.07016649 -0.22109275 0.02566162 1.00000000 1.00000000 1.00000000
v -0.12994181 0.25036452 0.02566162 1.00000000 1.00000000 1.00000000
v -0.27097428 0.19219187 0.02566162 1.00000000 1.00000000 1.00000000
v -0.20287511 -0.21395508 0.02566162 1.00000000 1.00000000 1.00000000
v -0.17854855 -0.44280541 0.02566162 1.00000000 1.00000000 1.00000000
v -0.29442211 -0.09459709 0.01119074 1.00000000 1.00000000 1.00000000
v -0.02811678 -0.13049689 0.02566162 1.00000000 1.00000000 1.00000000
v 0.12264026 -0.00101977 0.02566162 1.00000000 1.00000000 1.00000000
v 0.00627498 -0.18698723 0.02566162 1.00000000 1.00000000 1.00000000
v -0.18812029 -0.26735039 0.02566162 1.00000000 1.00000000 1.00000000
v 0.00460555 -0.25081348 0.02566162 1.00000000 1.00000000 1.00000000
v 0.05619155 -0.37954978 0.02566162 1.00000000 1.00000000 1.00000000
v 0.28629035 0.23642395 0.02446942 1.00000000 1.00000000 1.00000000
v 0.15636412 -0.11607118 0.02566162 1.00000000 1.00000000 1.00000000
v 0.16740587 0.14410513 0.02566162 1.00000000 1.00000000 1.00000000
v -0.07184864 0.03121168 0.02566162 1.00000000 1.00000000 1.00000000
v 0.05523502 -0.05425964 0.02566162 1.00000000 1.00000000 1.00000000
v 0.10166819 -0.22895357 0.02566162 1.00000000 1.00000000 1.00000000
v -0.25888437 0.01128905 0.02498489 1.00000000 1.00000000 1.00000000
v -0.12701987 -0.39032115 0.02566162 1.00000000 1.00000000 1.00000000
v 0.22418647 0.14086629 0.02566162 1.00000000 1.00000000 1.00000000
v 0.15272500 0.29072281 0.01751835 1.00000000 1.00000000 1.00000000
v -0.22714408 0.22128998 0.02566162 1.00000000 1.00000000 1.00000000
v 0.24068173 -0.14181171 0.02566162 1.00000000 1.00000000 1.00000000
v -0.00945518 -0.30895051 0.02566162 1.00000000 1.00000000 1.00000000
v -0.05461936 0.00374161 0.02566162 1.00000000 1.00000000 1.00000000
v -0.01743931 -0.22722345 0.02566162 1.00000000 1.00000000 1.00000000
v -0.08720667 -0.21986904 0.02566162 1.00000000 1.00000000 1.00000000
v -0.15183392 0.22258699 0.02566162 1.00000000 1.00000000 1.00000000
v 0.06194967 0.22506085 0.02566162 1.00000000 1.00000000 1.00000000
v -0.22461054 -0.23787077 0.02566162 1.00000000 1.00000000 1.00000000
v 0.24210805 -0.08574458 0.02566162 1.00000000 1.00000000 1.00000000
v 0.22249494 0.03143938 0.02566162 1.00000000 1.00000000 1.00000000
v 0.27800803 -0.37378966 0.02301402 1.00000000 1.00000000 1.00000000
v -0.11558881 -0.02948844 0.02566162 1.00000000 1.00000000 1.00000000
v 0.15137859 0.13588100 0.02566162 1.00000000 1.00000000 1.00000000
v -0.26932953 -0.43965517 0.02492945 1.00000000 1.00000000 1.00000000
v 0.06400278 -0.04427144 0.02566162 1.00000000 1.00000000 1.00000000
v 0.28658655 0.04159516 0.01531336 1.00000000 1.00000000 1.00000000
v 0.12595949 0.15871413 0.02566162 1.00000000 1.00000000 1.00000000
v 0.07526180 -0.39295584 0.02566162 1.00000000 1.00000000 1.00000000
v 0.24078042 -0.28705775 0.02566162 1.00000000 1.00000000 1.00000000
v -0.13037080 0.15500091 0.02566162 1.00000000 1.00000000 1.00000000
v 0.23932428 0.28155175 0.01234192 1.00000000 1.00000000 1.00000000
v 0.16105724 -0.14025148 0.02566162 1.00000000 1.00000000 1.00000000
v 0.00321113 -0.00258065 0.02566162 1.00000000 1.00000000 1.00000000
v -0.16150006 -0.22041110 0.02566162 1.00000000 1.00000000 1.00000000
v -0.24620145 -0.10923859 0.02566162 1.00000000 1.00000000 1.00000000
v -0.20803609 -0.07153411 0.02566162 1.00000000 1.00000000 1.00000000
v -0.10332291 0.17599035 0.02566162 1.00000000 1.00000000 1.00000000
v 0.16386234 -0.05177426 0.02566162 1.00000000 1.00000000 1.00000000
v -0.11612352 0.20771417 0.02566162 1.00000000 1.00000000 1.00000000
v -0.02298700 0.07014276 0.02566162 1.00000000 1.00000000 1.00000000
v 0.26183750 -0.36699580 0.02548191 1.00000000 1.00000000 1.00000000
v 0.16770885 -0.22756544 0.02566162 1.00000000 1.00000000 1.00000000
v 0.17739573 -0.25310946 0.02566162 1.00000000 1.00000000 1.00000000
v 0.05276680 -0.28246469 0.02566162 1.00000000 1.00000000 1.00000000
v -0.06652470 -0.11134083 0.02566162 1.00000000 1.00000000 1.00000000
v 0.17304393 -0.34776224 0.02566162 1.00000000 1.00000000 1.00000000
v 0.23253272 -0.40816544 0.02566162 1.00000000 1.00000000 1.00000000
v -0.16115095 0.00101116 0.02566162 1.00000000 1.00000000 1.00000000
v 0.12997913 0.21587901 0.02566162 1.00000000 1.00000000 1.00000000
v -0.10198412 -0.00643724 0.02566162 1.00000000 1.00000000 1.00000000
v -0.28496437 0.23267773 0.02502822 1.00000000 1.00000000 1.00000000
v -0.25318540 0.21227793 0.02566162 1.00000000 1.00000000 1.00000000
v -0.04440861 -0.27297026 0.02566162 1.00000000 1.00000000 1.00000000
v 0.07234647 0.17253094 0.02566162 1.00000000 1.00000000 1.00000000
v 0.14034080 0.19513096 0.02566162 1.00000000 1.00000000 1.00000000
v -0.26637581 0.12739810 0.02480128 1.00000000 1.00000000 1.00000000
v 0.12669118 -0.12971234 0.02566162 1.00000000 1.00000000 1.00000000
v 0.25905147 0.21605035 0.02566162 1.00000000 1.00000000 1.00000000
v 0.05938211 -0.39348039 0.02566162 1.00000000 1.00000000 1.00000000
v 0.00809624 -0.13220035 0.02566162 1.00000000 1.00000000 1.00000000
v 0.24188355 0.07712869 0.02566162 1.00000000 1.00000000 1.00000000
v -0.21354791 0.08603116 0.02566162 1.00000000 1.00000000 1.00000000
v 0.09761295 -0.26514379 0.02566162 1.00000000 1.00000000 1.00000000
v -0.18460603 -0.00866596 0.02566162 1.00000000 1.00000000 1.00000000
v 0.08818793 -0.07801234 0.02566162 1.00000000 1.00000000 1.00000000
v -0.14014107 -0.15572912 0.02566162 1.00000000 1.00000000 1.00000000
v 0.08274967 0.15981892 0.02566162 1.00000000 1.00000000 1.00000000
v -0.13365218 0.17090870 0.02566162 1.00000000 1.00000000 1.00000000
v 0.13548743 0.22871519 0.02566162 1.00000000 1.00000000 1.00000000
v 0.03340676 -0.24173192 0.02566162 1.00000000 1.00000000 1.00000000
v -0.25501097 -0.38583862 0.02566162 1.00000000 1.00000000 1.00000000
v -0.25595746 -0.17785009 0.02557090 1.00000000 1.00000000 1.00000000
v -0.22228768 -0.30099011 0.02566162 1.00000000 1.00000000 1.00000000
v 0.08021043 -0.32466511 0.02566162 1.00000000 1.00000000 1.00000000
v 0.01243699 -0.34644166 0.02566162 1.00000000 1.00000000 1.00000000
v -0.02396545 0.03508331 0.02566162 1.00000000 1.00000000 1.00000000
v -0.10067867 -0.28693132 0.02566162 1.00000000 1.00000000 1.00000000
v -0.24195617 -0.20946293 0.02566162 1.00000000 1.00000000 1.00000000
v -0.08316225 -0.03408130 0.02566162 1.00000000 1.00000000 1.00000000
v -0.09321405 0.16351992 0.02566162 1.00000000 1.00000000 1.00000000
v -0.23577952 0.19797044 0.02566162 1.00000000 1.00000000 1.00000000
v -0.16955894 -0.20893750 0.02566162 1.00000000 1.00000000 1.00000000
v -0.20032121 -0.36451847 0.02566162 1.00000000 1.00000000 1.00000000
v -0.17592797 0.10599566 0.02566162 1.00000000 1.00000000 1.00000000
v -0.29748578 0.26907450 0.00000000 1.00000000 0.00000000 0.00000000
v -0.28366612 0.27419629 0.00000000 1.00000000 1.00000000 1.00000000
v -0.26971639 0.27893501 0.00000000 1.00000000 1.00000000 1.00000000
v -0.25564176 0.28329834 0.00000000 1.00000000 1.00000000 1.00000000
v -0.24146541 0.28728910 0.00000000 1.00000000 1.00000000 1.00000000
v -0.22719328 0.29091610 0.00000000 1.00000000 1.00000000 1.00000000
v -0.21281266 0.29419211 0.00000000 1.00000000 1.00000000 1.00000000
v -0.19838518 0.29711378 0.00000000 1.00000000 1.00000000 1.00000000
v -0.18387998 0.29969852 0.00000000 1.00000000 1.00000000 1.00000000
v -0.16932219 0.30195205 0.00000000 1.00000000 1.00000000 1.00000000
v -0.15471829 0.30388400 0.00000000 1.00000000 1.00000000 1.00000000
v -0.14007467 0.30550386 0.00000000 1.00000000 1.00000000 1.00000000
v -0.12539768 0.30682107 0.00000000 1.00000000 1.00000000 1.00000000
v -0.11069358 0.30784491 0.00000000 1.00000000 0.00000000 0.00000000
v -0.09826442 0.30677214 -0.00896487 1.00000000 1.00000000 1.00000000
v -0.08754857 0.30119936 -0.01667515 1.00000000 1.00000000 1.00000000
v -0.07359221 0.29442268 -0.02278985 1.00000000 1.00000000 1.00000000
v -0.05758341 0.28842717 -0.02546898 1.00000000 1.00000000 1.00000000
v -0.04266557 0.28428153 -0.02566162 1.00000000 1.00000000 1.00000000
v -0.02856180 0.28131877 -0.02566162 1.00000000 1.00000000 1.00000000
v -0.01432518 0.27899773 -0.02566162 1.00000000 1.00000000 1.00000000
v 0.00000000 0.27734130 -0.02566162 1.00000000 0.00000000 0.00000000
v 0.01432518 0.27899773 -0.02566162 1.00000000 1.00000000 1.00000000
v 0.02856180 0.28131877 -0.02566162 1.00000000 1.00000000 1.00000000
v 0.04266557 0.28428153 -0.02566162 1.00000000 1.00000000 1.00000000
v 0.05758341 0.28842717 -0.02546898 1.00000000 1.00000000 1.00000000
v 0.07359221 0.29442268 -0.02278985 1.00000000 1.00000000 1.00000000
v 0.08754857 0.30119936 -0.01667515 1.00000000 1.00000000 1.00000000
v 0.09826442 0.30677214 -0.00896487 1.00000000 1.00000000 1.00000000
v 0.11069358 0.30784491 0.00000000 1.00000000 0.00000000 0.00000000
v 0.12539768 0.30682107 0.00000000 1.00000000 1.00000000 1.00000000
v 0.14007467 0.30550386 0.00000000 1.00000000 1.00000000 1.00000000
v 0.15471829 0.30388400 0.00000000 1.00000000 1.00000000 1.00000000
v 0.16932219 0.30195205 0.00000000 1.00000000 1.00000000 1.00000000
v 0.18387998 0.29969852 0.00000000 1.00000000 1.00000000 1.00000000
v 0.19838518 0.29711378 0.00000000 1.00000000 1.00000000 1.00000000
v 0.21281266 0.29419211 0.00000000 1.00000000 1.00000000 1.00000000
v 0.22719328 0.29091610 0.00000000 1.00000000 1.00000000 1.00000000
v 0.24146541 0.28728910 0.00000000 1.00000000 1.00000000 1.00000000
v 0.25564176 0.28329834 0.00000000 1.00000000 1.00000000 1.00000000
v 0.26971639 0.27893501 0.00000000 1.00000000 1.00000000 1.00000000
v 0.28366612 0.27419629 0.00000000 1.00000000 1.00000000 1.00000000
v 0.29748578 0.26907450 0.00000000 1.00000000 0.00000000 0.00000000
v 0.29915703 0.25943115 -0.01440891 1.00000000 1.00000000 1.00000000
v 0.29848498 0.24321717 -0.02201645 1.00000000 1.00000000 1.00000000
v 0.29730637 0.22558278 -0.02529052 1.00000000 1.00000000 1.00000000
v 0.29656590 0.20917692 -0.02566162 1.00000000 1.00000000 1.00000000
v 0.29633592 0.19420253 -0.02566162 1.00000000 1.00000000 1.00000000
v 0.29610595 0.17922814 -0.02566162 1.00000000 1.00000000 1.00000000
v 0.29587598 0.16425374 -0.02566162 1.00000000 1.00000000 1.00000000
v 0.29563073 0.14828453 -0.02550429 1.00000000 1.00000000 1.00000000
v 0.29535355 0.13023630 -0.02256808 1.00000000 1.00000000 1.00000000
v 0.29509893 0.11365697 -0.01498892 1.00000000 1.00000000 1.00000000
v 0.29495609 0.10435617 0.00000000 1.00000000 0.00000000 0.00000000
v 0.29528707 0.08942955 0.00000000 1.00000000 1.00000000 1.00000000
v 0.29561804 0.07450293 0.00000000 1.00000000 1.00000000 1.00000000
v 0.29595024 0.05952103 0.00000000 1.00000000 1.00000000 1.00000000
v 0.29628121 0.04459442 0.00000000 1.00000000 1.00000000 1.00000000
v 0.29661219 0.02966780 0.00000000 1.00000000 1.00000000 1.00000000
v 0.29694316 0.01474118 0.00000000 1.00000000 1.00000000 1.00000000
v 0.29727536 -0.00024072 0.00000000 1.00000000 1.00000000 1.00000000
v 0.29760633 -0.01516734 0.00000000 1.00000000 1.00000000 1.00000000
v 0.29793731 -0.03009396 0.00000000 1.00000000 1.00000000 1.00000000
v 0.29826828 -0.04502057 0.00000000 1.00000000 1.00000000 1.00000000
v 0.29860048 -0.06000248 0.00000000 1.00000000 1.00000000 1.00000000
v 0.29893146 -0.07492909 0.00000000 1.00000000 1.00000000 1.00000000
v 0.29926243 -0.08985571 0.00000000 1.00000000 1.00000000 1.00000000
v 0.29959340 -0.10478233 0.00000000 1.00000000 1.00000000 1.00000000
v 0.29992560 -0.11976423 0.00000000 1.00000000 1.00000000 1.00000000
v 0.30025658 -0.13469085 0.00000000 1.00000000 1.00000000 1.00000000
v 0.30058755 -0.14961747 0.00000000 1.00000000 1.00000000 1.00000000
v 0.30091852 -0.16454408 0.00000000 1.00000000 1.00000000 1.00000000
v 0.30125072 -0.17952598 0.00000000 1.00000000 1.00000000 1.00000000
v 0.30158170 -0.19445260 0.00000000 1.00000000 1.00000000 1.00000000
v 0.30191267 -0.20937922 0.00000000 1.00000000 1.00000000 1.00000000
v 0.30224364 -0.22430584 0.00000000 1.00000000 1.00000000 1.00000000
v 0.30257584 -0.23928774 0.00000000 1.00000000 1.00000000 1.00000000
v 0.30290682 -0.25421436 0.00000000 1.00000000 1.00000000 1.00000000
v 0.30323779 -0.26914097 0.00000000 1.00000000 1.00000000 1.00000000
v 0.30356876 -0.28406759 0.00000000 1.00000000 1.00000000 1.00000000
v 0.30390096 -0.29904949 0.00000000 1.00000000 1.00000000 1.00000000
v 0.30423194 -0.31397611 0.00000000 1.00000000 1.00000000 1.00000000
v 0.30456291 -0.32890273 0.00000000 1.00000000 1.00000000 1.00000000
v 0.30489389 -0.34382935 0.00000000 1.00000000 1.00000000 1.00000000
v 0.30522608 -0.35881125 0.00000000 1.00000000 1.00000000 1.00000000
v 0.30555706 -0.37373787 0.00000000 1.00000000 1.00000000 1.00000000
v 0.30588803 -0.38866448 0.00000000 1.00000000 1.00000000 1.00000000
v 0.30621901 -0.40359110 0.00000000 1.00000000 1.00000000 1.00000000
v 0.30655121 -0.41857300 0.00000000 1.00000000 1.00000000 1.00000000
v 0.30688218 -0.43349962 0.00000000 1.00000000 1.00000000 1.00000000
v 0.30721315 -0.44842624 0.00000000 1.00000000 0.00000000 0.00000000
v 0.29825133 -0.44888109 -0.01474884 1.00000000 1.00000000 1.00000000
v 0.28214436 -0.44969859 -0.02234338 1.00000000 1.00000000 1.00000000
v 0.26455262 -0.45059145 -0.02542592 1.00000000 1.00000000 1.00000000
v 0.24868319 -0.45139689 -0.02566162 1.00000000 1.00000000 1.00000000
v 0.23405839 -0.45213917 -0.02566162 1.00000000 1.00000000 1.00000000
v 0.21943358 -0.45288144 -0.02566162 1.00000000 1.00000000 1.00000000
v 0.20480877 -0.45362372 -0.02566162 1.00000000 1.00000000 1.00000000
v 0.19018396 -0.45436599 -0.02566162 1.00000000 1.00000000 1.00000000
v 0.17555915 -0.45510827 -0.02566162 1.00000000 1.00000000 1.00000000
v 0.16093434 -0.45585054 -0.02566162 1.00000000 1.00000000 1.00000000
v 0.14627881 -0.45659437 -0.02566162 1.00000000 1.00000000 1.00000000
v 0.13165400 -0.45733665 -0.02566162 1.00000000 1.00000000 1.00000000
v 0.11702919 -0.45807892 -0.02566162 1.00000000 1.00000000 1.00000000
v 0.10240438 -0.45882120 -0.02566162 1.00000000 1.00000000 1.00000000
v 0.08777958 -0.45956347 -0.02566162 1.00000000 1.00000000 1.00000000
v 0.07315477 -0.46030575 -0.02566162 1.00000000 1.00000000 1.00000000
v 0.05852996 -0.46104802 -0.02566162 1.00000000 1.00000000 1.00000000
v 0.04387443 -0.46179185 -0.02566162 1.00000000 1.00000000 1.00000000
v 0.02924962 -0.46253413 -0.02566162 1.00000000 1.00000000 1.00000000
v 0.01462481 -0.46327640 -0.02566162 1.00000000 1.00000000 1.00000000
v 0.00000000 -0.46401868 -0.02566162 1.00000000 0.00000000 0.00000000
v -0.01462481 -0.46327640 -0.02566162 1.00000000 1.00000000 1.00000000
v -0.02924962 -0.46253413 -0.02566162 1.00000000 1.00000000 1.00000000
v -0.04387443 -0.46179185 -0.02566162 1.00000000 1.00000000 1.00000000
v -0.05852996 -0.46104802 -0.02566162 1.00000000 1.00000000 1.00000000
v -0.07315477 -0.46030575 -0.02566162 1.00000000 1.00000000 1.00000000
v -0.08777958 -0.45956347 -0.02566162 1.00000000 1.00000000 1.00000000
v -0.10240438 -0.45882120 -0.02566162 1.00000000 1.00000000 1.00000000
v -0.11702919 -0.45807892 -0.02566162 1.00000000 1.00000000 1.00000000
v -0.13165400 -0.45733665 -0.02566162 1.00000000 1.00000000 1.00000000
v -0.14627881 -0.45659437 -0.02566162 1.00000000 1.00000000 1.00000000
v -0.16093434 -0.45585054 -0.02566162 1.00000000 1.00000000 1.00000000
v -0.17555915 -0.45510827 -0.02566162 1.00000000 1.00000000 1.00000000
v -0.19018396 -0.45436599 -0.02566162 1.00000000 1.00000000 1.00000000
v -0.20480877 -0.45362372 -0.02566162 1.00000000 1.00000000 1.00000000
v -0.21943358 -0.45288144 -0.02566162 1.00000000 1.00000000 1.00000000
v -0.23405839 -0.45213917 -0.02566162 1.00000000 1.00000000 1.00000000
v -0.24868319 -0.45139689 -0.02566162 1.00000000 1.00000000 1.00000000
v -0.26455262 -0.45059145 -0.02542592 1.00000000 1.00000000 1.00000000
v -0.28214436 -0.44969859 -0.02234338 1.00000000 1.00000000 1.00000000
v -0.29825133 -0.44888109 -0.01474884 1.00000000 1.00000000 1.00000000
v -0.30721315 -0.44842624 0.00000000 1.00000000 0.00000000 0.00000000
v -0.30688218 -0.43349962 0.00000000 1.00000000 1.00000000 1.00000000
v -0.30655121 -0.41857300 0.00000000 1.00000000 1.00000000 1.00000000
v -0.30621901 -0.40359110 0.00000000 1.00000000 1.00000000 1.00000000
v -0.30588803 -0.38866448 0.00000000 1.00000000 1.00000000 1.00000000
v -0.30555706 -0.37373787 0.00000000 1.00000000 1.00000000 1.00000000
v -0.30522608 -0.35881125 0.00000000 1.00000000 1.00000000 1.00000000
v -0.30489389 -0.34382935 0.00000000 1.00000000 1.00000000 1.00000000
v -0.30456291 -0.32890273 0.00000000 1.00000000 1.00000000 1.00000000
v -0.30423194 -0.31397611 0.00000000 1.00000000 1.00000000 1.00000000
v -0.30390096 -0.29904949 0.00000000 1.00000000 1.00000000 1.00000000
v -0.30356876 -0.28406759 0.00000000 1.00000000 1.00000000 1.00000000
v -0.30323779 -0.26914097 0.00000000 1.00000000 1.00000000 1.00000000
v -0.30290682 -0.25421436 0.00000000 1.00000000 1.00000000 1.00000000
v -0.30257584 -0.23928774 0.00000000 1.00000000 1.00000000 1.00000000
v -0.30224364 -0.22430584 0.00000000 1.00000000 1.00000000 1.00000000
v -0.30191267 -0.20937922 0.00000000 1.00000000 1.00000000 1.00000000
v -0.30158170 -0.19445260 0.00000000 1.00000000 1.00000000 1.00000000
v -0.30125072 -0.17952598 0.00000000 1.00000000 1.00000000 1.00000000
v -0.30091852 -0.16454408 0.00000000 1.00000000 1.00000000 1.00000000
v -0.30058755 -0.14961747 0.00000000 1.00000000 1.00000000 1.00000000
v -0.30025658 -0.13469085 0.00000000 1.00000000 1.00000000 1.00000000
v -0.29992560 -0.11976423 0.00000000 1.00000000 1.00000000 1.00000000
v -0.29959340 -0.10478233 0.00000000 1.00000000 1.00000000 1.00000000
v -0.29926243 -0.08985571 0.00000000 1.00000000 1.00000000 1.00000000
v -0.29893146 -0.07492909 0.00000000 1.00000000 1.00000000 1.00000000
v -0.29860048 -0.06000248 0.00000000 1.00000000 1.00000000 1.00000000
v -0.29826828 -0.04502057 0.00000000 1.00000000 1.00000000 1.00000000
v -0.29793731 -0.03009396 0.00000000 1.00000000 1.00000000 1.00000000
v -0.29760633 -0.01516734 0.00000000 1.00000000 1.00000000 1.00000000
v -0.29727536 -0.00024072 0.00000000 1.00000000 1.00000000 1.00000000
v -0.29694316 0.01474118 0.00000000 1.00000000 1.00000000 1.00000000
v -0.29661219 0.02966780 0.00000000 1.00000000 1.00000000 1.00000000
v -0.29628121 0.04459442 0.00000000 1.00000000 1.00000000 1.00000000
v -0.29595024 0.05952103 0.00000000 1.00000000 1.00000000 1.00000000
v -0.29561804 0.07450293 0.00000000 1.00000000 1.00000000 1.00000000
v -0.29528707 0.08942955 0.00000000 1.00000000 1.00000000 1.00000000
v -0.29495609 0.10435617 0.00000000 1.00000000 0.00000000 0.00000000
v -0.29509893 0.11365697 -0.01498892 1.00000000 1.00000000 1.00000000
v -0.29535355 0.13023630 -0.02256808 1.00000000 1.00000000 1.00000000
v -0.29563073 0.14828453 -0.02550429 1.00000000 1.00000000 1.00000000
v -0.29587598 0.16425374 -0.02566162 1.00000000 1.00000000 1.00000000
v -0.29610595 0.17922814 -0.02566162 1.00000000 1.00000000 1.00000000
v -0.29633592 0.19420253 -0.02566162 1.00000000 1.00000000 1.00000000
v -0.29656590 0.20917692 -0.02566162 1.00000000 1.00000000 1.00000000
v -0.29730637 0.22558278 -0.02529052 1.00000000 1.00000000 1.00000000
v -0.29848498 0.24321717 -0.02201645 1.00000000 1.00000000 1.00000000
v -0.29915703 0.25943115 -0.01440891 1.00000000 1.00000000 1.00000000
v -0.28864656 0.08130536 -0.01301029 1.00000000 1.00000000 1.00000000
v -0.26667068 -0.01692930 -0.02380894 1.00000000 1.00000000 1.00000000
v 0.28847859 0.03405544 -0.01402858 1.00000000 1.00000000 1.00000000
v 0.22917507 0.24874727 -0.02523079 1.00000000 1.00000000 1.00000000
v 0.07017734 -0.41191011 -0.02566162 1.00000000 1.00000000 1.00000000
v 0.28165722 0.20647258 -0.02566162 1.00000000 1.00000000 1.00000000
v -0.22709589 -0.02972432 -0.02566162 1.00000000 1.00000000 1.00000000
v -0.15427442 -0.27775924 -0.02566162 1.00000000 1.00000000 1.00000000
v -0.06026684 -0.44679130 -0.02566162 1.00000000 1.00000000 1.00000000
v -0.24056194 0.07336643 -0.02566162 1.00000000 1.00000000 1.00000000
v -0.15123807 -0.31332009 -0.02566162 1.00000000 1.00000000 1.00000000
v -0.15167121 -0.13516772 -0.02566162 1.00000000 1.00000000 1.00000000
v 0.05744328 -0.30359624 -0.02566162 1.00000000 1.00000000 1.00000000
v -0.16668891 -0.34655792 -0.02566162 1.00000000 1.00000000 1.00000000
v 0.16541800 0.24821496 -0.02566162 1.00000000 1.00000000 1.00000000
v -0.25307037 0.26639885 -0.01932820 1.00000000 1.00000000 1.00000000
v 0.22864506 -0.29142637 -0.02566162 1.00000000 1.00000000 1.00000000
v -0.15973853 -0.44336112 -0.02566162 1.00000000 1.00000000 1.00000000
v -0.03035345 0.20639938 -0.02566162 1.00000000 1.00000000 1.00000000
v 0.16753099 0.18159702 -0.02566162 1.00000000 1.00000000 1.00000000
v 0.17682606 0.27892339 -0.02121677 1.00000000 1.00000000 1.00000000
v -0.18254951 -0.07758292 -0.02566162 1.00000000 1.00000000 1.00000000
v -0.10706917 -0.17517078 -0.02566162 1.00000000 1.00000000 1.00000000
v 0.08821200 -0.34892051 -0.02566162 1.00000000 1.00000000 1.00000000
v 0.08672379 0.12695961 -0.02566162 1.00000000 1.00000000 1.00000000
v 0.07346273 0.28265341 -0.02456933 1.00000000 1.00000000 1.00000000
v -0.25004775 -0.06291296 -0.02565834 1.00000000 1.00000000 1.00000000
v 0.17974893 0.03069909 -0.02566162 1.00000000 1.00000000 1.00000000
v -0.29657726 -0.15496497 -0.01026957 1.00000000 1.00000000 1.00000000
v 0.23387994 -0.39843422 -0.02566162 1.00000000 1.00000000 1.00000000
v 0.08879750 -0.39083976 -0.02566162 1.00000000 1.00000000 1.00000000
v -0.06290132 0.03751162 -0.02566162 1.00000000 1.00000000 1.00000000
v 0.04245981 0.18970148 -0.02566162 1.00000000 1.00000000 1.00000000
v 0.13197527 0.08899771 -0.02566162 1.00000000 1.00000000 1.00000000
v 0.22517846 0.12238198 -0.02566162 1.00000000 1.00000000 1.00000000
v 0.22902317 0.23423446 -0.02566162 1.00000000 1.00000000 1.00000000
v 0.25832375 0.22136661 -0.02566162 1.00000000 1.00000000 1.00000000
v -0.21878965 0.15346461 -0.02566162 1.00000000 1.00000000 1.00000000
v -0.25299450 0.05096443 -0.02545471 1.00000000 1.00000000 1.00000000
v -0.08360558 -0.40038077 -0.02566162 1.00000000 1.00000000 1.00000000
v 0.29177472 -0.12735912 -0.01425118 1.00000000 1.00000000 1.00000000
v 0.01992946 0.14877965 -0.02566162 1.00000000 1.00000000 1.00000000
v 0.18262676 -0.13039472 -0.02566162 1.00000000 1.00000000 1.00000000
v 0.13957024 -0.30531831 -0.02566162 1.00000000 1.00000000 1.00000000
v 0.03792718 -0.16095226 -0.02566162 1.00000000 1.00000000 1.00000000
v -0.10443102 -0.35462919 -0.02566162 1.00000000 1.00000000 1.00000000
v -0.10479703 -0.29811437 -0.02566162 1.00000000 1.00000000 1.00000000
v 0.03218091 -0.21535906 -0.02566162 1.00000000 1.00000000 1.00000000
v -0.07164266 -0.12980365 -0.02566162 1.00000000 1.00000000 1.00000000
v -0.18046882 -0.40673262 -0.02566162 1.00000000 1.00000000 1.00000000
v -0.04420700 -0.37764057 -0.02566162 1.00000000 1.00000000 1.00000000
v 0.09354209 -0.25572066 -0.02566162 1.00000000 1.00000000 1.00000000
v 0.02246656 0.05817292 -0.02566162 1.00000000 1.00000000 1.00000000
v 0.03981802 0.00036161 -0.02566162 1.00000000 1.00000000 1.00000000
v 0.14498654 -0.27810242 -0.02566162 1.00000000 1.00000000 1.00000000
v 0.09792961 -0.37844703 -0.02566162 1.00000000 1.00000000 1.00000000
v -0.09472795 -0.23039538 -0.02566162 1.00000000 1.00000000 1.00000000
v 0.07837204 0.05541754 -0.02566162 1.00000000 1.00000000 1.00000000
v 0.19905330 0.20474526 -0.02566162 1.00000000 1.00000000 1.00000000
v -0.21536453 -0.29908612 -0.02566162 1.00000000 1.00000000 1.00000000
v -0.20689148 -0.21792993 -0.02566162 1.00000000 1.00000000 1.00000000
v -0.26646725 -0.17418254 -0.02449268 1.00000000 1.00000000 1.00000000
v 0.05112534 0.21792454 -0.02566162 1.00000000 1.00000000 1.00000000
v 0.14472189 0.12513684 -0.02566162 1.00000000 1.00000000 1.00000000
v -0.25804186 -0.07330606 -0.02527415 1.00000000 1.00000000 1.00000000
v 0.12530823 -0.17130416 -0.02566162 1.00000000 1.00000000 1.00000000
v 0.17514211 0.21864642 -0.02566162 1.00000000 1.00000000 1.00000000
v -0.24316139 0.09794990 -0.02566162 1.00000000 1.00000000 1.00000000
v 0.15334437 0.24910417 -0.02566162 1.00000000 1.00000000 1.00000000
v 0.26829552 0.18171454 -0.02566162 1.00000000 1.00000000 1.00000000
v 0.17386579 0.00260828 -0.02566162 1.00000000 1.00000000 1.00000000
v -0.08756640 -0.17599620 -0.02566162 1.00000000 1.00000000 1.00000000
v 0.04430959 -0.31118704 -0.02566162 1.00000000 1.00000000 1.00000000
v 0.07046056 -0.24933618 -0.02566162 1.00000000 1.00000000 1.00000000
v -0.08060817 0.06183192 -0.02566162 1.00000000 1.00000000 1.00000000
v -0.01207176 -0.28133108 -0.02566162 1.00000000 1.00000000 1.00000000
v -0.08617870 0.13106118 -0.02566162 1.00000000 1.00000000 1.00000000
v -0.07132575 -0.11242935 -0.02566162 1.00000000 1.00000000 1.00000000
v 0.11218102 0.25056810 -0.02566162 1.00000000 1.00000000 1.00000000
v 0.20214987 -0.06667383 -0.02566162 1.00000000 1.00000000 1.00000000
v -0.06872003 -0.35288282 -0.02566162 1.00000000 1.00000000 1.00000000
v 0.13563892 -0.19127723 -0.02566162 1.00000000 1.00000000 1.00000000
v -0.12806457 -0.26535245 -0.02566162 1.00000000 1.00000000 1.00000000
v 0.01106271 0.02590432 -0.02566162 1.00000000 1.00000000 1.00000000
v 0.03879974 -0.34214507 -0.02566162 1.00000000 1.00000000 1.00000000
v -0.13793913 -0.15539131 -0.02566162 1.00000000 1.00000000 1.00000000
v -0.11391976 0.23259075 -0.02566162 1.00000000 1.00000000 1.00000000
v -0.26471456 -0.05538800 -0.02434484 1.00000000 1.00000000 1.00000000
v -0.13589436 0.13345936 -0.02566162 1.00000000 1.00000000 1.00000000
v 0.13716371 -0.26435359 -0.02566162 1.00000000 1.00000000 1.00000000
v -0.08945020 -0.20381810 -0.02566162 1.00000000 1.00000000 1.00000000
v -0.10497723 0.27429148 -0.02438970 1.00000000 1.00000000 1.00000000
v -0.23603766 -0.01579276 -0.02566162 1.00000000 1.00000000 1.00000000
v -0.00612648 0.06321692 -0.02566162 1.00000000 1.00000000 1.00000000
v 0.14282671 -0.35061883 -0.02566162 1.00000000 1.00000000 1.00000000
v -0.00139423 0.10485341 -0.02566162 1.00000000 1.00000000 1.00000000
v -0.15363916 -0.34446571 -0.02566162 1.00000000 1.00000000 1.00000000
v -0.27323276 -0.06891793 -0.02247615 1.00000000 1.00000000 1.00000000
v 0.21266461 0.26371642 -0.02354422 1.00000000 1.00000000 1.00000000
v 0.24097933 -0.11081849 -0.02566162 1.00000000 1.00000000 1.00000000
v -0.18283572 -0.06363829 -0.02566162 1.00000000 1.00000000 1.00000000
v -0.14682699 -0.43546011 -0.02566162 1.00000000 1.00000000 1.00000000
v 0.29105868 -0.17854471 -0.01559504 1.00000000 1.00000000 1.00000000
v -0.18378095 -0.29098784 -0.02566162 1.00000000 1.00000000 1.00000000
v 0.15910712 -0.31967067 -0.02566162 1.00000000 1.00000000 1.00000000
v 0.02688118 0.18377918 -0.02566162 1.00000000 1.00000000 1.00000000
v -0.13253668 0.27603426 -0.02360634 1.00000000 1.00000000 1.00000000
v -0.19259175 -0.30637867 -0.02566162 1.00000000 1.00000000 1.00000000
v 0.20485636 -0.37665277 -0.02566162 1.00000000 1.00000000 1.00000000
v 0.06880467 -0.19843052 -0.02566162 1.00000000 1.00000000 1.00000000
v 0.08425721 -0.04436815 -0.02566162 1.00000000 1.00000000 1.00000000
v 0.09534742 -0.22528035 -0.02566162 1.00000000 1.00000000 1.00000000
v 0.24071089 0.24491774 -0.02528745 1.00000000 1.00000000 1.00000000
v -0.03943821 -0.36384271 -0.02566162 1.00000000 1.00000000 1.00000000
v 0.18938762 0.03975050 -0.02566162 1.00000000 1.00000000 1.00000000
v 0.05061548 -0.38057525 -0.02566162 1.00000000 1.00000000 1.00000000
v -0.04657892 -0.04022494 -0.02566162 1.00000000 1.00000000 1.00000000
v 0.27241375 0.21592449 -0.02566162 1.00000000 1.00000000 1.00000000
v -0.28851338 -0.27546104 -0.01834766 1.00000000 1.00000000 1.00000000
v -0.11488282 0.01884472 -0.02566162 1.00000000 1.00000000 1.00000000
v -0.16352772 -0.19063868 -0.02566162 1.00000000 1.00000000 1.00000000
v 0.02608611 0.02292093 -0.02566162 1.00000000 1.00000000 1.00000000
v -0.18984588 -0.41447081 -0.02566162 1.00000000 1.00000000 1.00000000
v 0.07365370 -0.29088426 -0.02566162 1.00000000 1.00000000 1.00000000
v -0.05646717 -0.39512885 -0.02566162 1.00000000 1.00000000 1.00000000
v -0.17439008 0.14925681 -0.02566162 1.00000000 1.00000000 1.00000000
v -0.07568846 -0.38392503 -0.02566162 1.00000000 1.00000000 1.00000000
v -0.12466436 -0.12672251 -0.02566162 1.00000000 1.00000000 1.00000000
v -0.22577919 -0.12285812 -0.02566162 1.00000000 1.00000000 1.00000000
v -0.22145419 0.11583727 -0.02566162 1.00000000 1.00000000 1.00000000
v 0.16071249 -0.00963596 -0.02566162 1.00000000 1.00000000 1.00000000
v -0.27247674 -0.34517861 -0.02410235 1.00000000 1.00000000 1.00000000
v 0.19034317 0.24940969 -0.02565589 1.00000000 1.00000000 1.00000000
v 0.20136761 -0.09624959 -0.02566162 1.00000000 1.00000000 1.00000000
v 0.15272016 0.07753904 -0.02566162 1.00000000 1.00000000 1.00000000
v -0.19134236 -0.09368481 -0.02566162 1.00000000 1.00000000 1.00000000
v -0.29595910 -0.37557369 -0.01522744 1.00000000 1.00000000 1.00000000
v -0.02691762 -0.33133363 -0.02566162 1.00000000 1.00000000 1.00000000
v 0.20982261 -0.36509277 -0.02566162 1.00000000 1.00000000 1.00000000
v -0.24623830 0.08404553 -0.02566132 1.00000000 1.00000000 1.00000000
v 0.18946653 -0.04097070 -0.02566162 1.00000000 1.00000000 1.00000000
v -0.28077165 -0.05239874 -0.01966294 1.00000000 1.00000000 1.00000000
v -0.09306531 -0.06380586 -0.02566162 1.00000000 1.00000000 1.00000000
v 0.16210568 0.03271227 -0.02566162 1.00000000 1.00000000 1.00000000
v 0.01302951 0.24636046 -0.02566162 1.00000000 1.00000000 1.00000000
v 0.07845485 -0.09273193 -0.02566162 1.00000000 1.00000000 1.00000000
v -0.25653719 -0.43836740 -0.02566162 1.00000000 1.00000000 1.00000000
v -0.02499710 -0.27724778 -0.02566162 1.00000000 1.00000000 1.00000000
v 0.12168856 -0.10194812 -0.02566162 1.00000000 1.00000000 1.00000000
v -0.10315300 0.12861686 -0.02566162 1.00000000 1.00000000 1.00000000
v -0.16675981 -0.23407979 -0.02566162 1.00000000 1.00000000 1.00000000
v -0.02644566 0.08709263 -0.02566162 1.00000000 1.00000000 1.00000000
v -0.16742094 -0.00132540 -0.02566162 1.00000000 1.00000000 1.00000000
v -0.16889362 -0.30985871 -0.02566162 1.00000000 1.00000000 1.00000000
v -0.26569427 0.14889341 -0.02566162 1.00000000 1.00000000 1.00000000
v -0.10865157 0.06529852 -0.02566162 1.00000000 1.00000000 1.00000000
v -0.29465627 -0.22985093 -0.01376576 1.00000000 1.00000000 1.00000000
v 0.13400490 -0.01295368 -0.02566162 1.00000000 1.00000000 1.00000000
v 0.16235942 0.13770709 -0.02566162 1.00000000 1.00000000 1.00000000
v 0.24306568 0.08805467 -0.02566162 1.00000000 1.00000000 1.00000000
v -0.12593880 -0.38803830 -0.02566162 1.00000000 1.00000000 1.00000000
v 0.07373769 0.09708459 -0.02566162 1.00000000 1.00000000 1.00000000
v -0.11971892 0.10368451 -0.02566162 1.00000000 1.00000000 1.00000000
v -0.16123951 -0.04660539 -0.02566162 1.00000000 1.00000000 1.00000000
v -0.00000210 -0.00769569 -0.02566162 1.00000000 1.00000000 1.00000000
v -0.22678555 -0.37034291 -0.02566162 1.00000000 1.00000000 1.00000000
v 0.06204357 0.08364627 -0.02566162 1.00000000 1.00000000 1.00000000
v 0.20155958 -0.32816403 -0.02566162 1.00000000 1.00000000 1.00000000
v 0.03083498 0.13668391 -0.02566162 1.00000000 1.00000000 1.00000000
v -0.17499658 -0.09053246 -0.02566162 1.00000000 1.00000000 1.00000000
v -0.03296444 -0.42849597 -0.02566162 1.00000000 1.00000000 1.00000000
v -0.03511932 -0.34495036 -0.02566162 1.00000000 1.00000000 1.00000000
v 0.14322180 -0.03072684 -0.02566162 1.00000000 1.00000000 1.00000000
v -0.16431716 -0.40961403 -0.02566162 1.00000000 1.00000000 1.00000000
v -0.13962024 0.25396306 -0.02566162 1.00000000 1.00000000 1.00000000
v 0.00311037 -0.25905859 -0.02566162 1.00000000 1.00000000 1.00000000
v -0.04363536 0.25115802 -0.02566162 1.00000000 1.00000000 1.00000000
v -0.03181326 0.27059131 -0.02566162 1.00000000 1.00000000 1.00000000
v 0.10502138 0.09957538 -0.02566162 1.00000000 1.00000000 1.00000000
v -0.01627935 -0.31883283 -0.02566162 1.00000000 1.00000000 1.00000000
v -0.09054459 -0.08705257 -0.02566162 1.00000000 1.00000000 1.00000000
v 0.17824393 -0.14430952 -0.02566162 1.00000000 1.00000000 1.00000000
v 0.10407976 -0.21162501 -0.02566162 1.00000000 1.00000000 1.00000000
v -0.09786509 0.17511194 -0.02566162 1.00000000 1.00000000 1.00000000
v -0.24245112 0.25440437 -0.02389556 1.00000000 1.00000000 1.00000000
v 0.03244759 -0.42494398 -0.02566162 1.00000000 1.00000000 1.00000000
v 0.13053268 -0.03911922 -0.02566162 1.00000000 1.00000000 1.00000000
v 0.08399779 -0.30385847 -0.02566162 1.00000000 1.00000000 1.00000000
v -0.07798417 0.27104968 -0.02543999 1.00000000 1.00000000 1.00000000
v -0.28517953 0.24185568 -0.02355585 1.00000000 1.00000000 1.00000000
v -0.10198671 0.16141798 -0.02566162 1.00000000 1.00000000 1.00000000
v -0.04854948 -0.45168948 -0.02566162 1.00000000 1.00000000 1.00000000
v 0.02192993 0.16900948 -0.02566162 1.00000000 1.00000000 1.00000000
v -0.13607133 -0.13872286 -0.02566162 1.00000000 1.00000000 1.00000000
v 0.01940420 -0.35849378 -0.02566162 1.00000000 1.00000000 1.00000000
v 0.20545660 0.14261235 -0.02566162 1.00000000 1.00000000 1.00000000
v -0.15544691 0.00811444 -0.02566162 1.00000000 1.00000000 1.00000000
v -0.12212416 -0.21790799 -0.02566162 1.00000000 1.00000000 1.00000000
v 0.17759661 0.24706343 -0.02566162 1.00000000 1.00000000 1.00000000
v 0.21384181 -0.00621998 -0.02566162 1.00000000 1.00000000 1.00000000
v -0.21895542 -0.22833955 -0.02566162 1.00000000 1.00000000 1.00000000
v 0.01171531 -0.24193501 -0.02566162 1.00000000 1.00000000 1.00000000
v -0.05058887 -0.25390336 -0.02566162 1.00000000 1.00000000 1.00000000
v -0.20406117 0.09211274 -0.02566162 1.00000000 1.00000000 1.00000000
v -0.29262102 -0.05407443 -0.01211050 1.00000000 1.00000000 1.00000000
v -0.29375126 -0.12845225 -0.01260112 1.00000000 1.00000000 1.00000000
v -0.29685058 -0.41990483 -0.01529168 1.00000000 1.00000000 1.00000000
v 0.04403320 0.08181533 -0.02566162 1.00000000 1.00000000 1.00000000
v 0.05115237 -0.07707881 -0.02566162 1.00000000 1.00000000 1.00000000
v 0.05576055 -0.40774508 -0.02566162 1.00000000 1.00000000 1.00000000
v -0.04660732 -0.18450801 -0.02566162 1.00000000 1.00000000 1.00000000
v -0.21512871 -0.36366189 -0.02566162 1.00000000 1.00000000 1.00000000
v 0.03659095 -0.07281538 -0.02566162 1.00000000 1.00000000 1.00000000
v 0.05747339 -0.42133483 -0.02566162 1.00000000 1.00000000 1.00000000
v -0.25219385 -0.13098143 -0.02565092 1.00000000 1.00000000 1.00000000
v -0.29092370 -0.44020558 -0.01895729 1.00000000 1.00000000 1.00000000
v 0.11857007 0.13674507 -0.02566162 1.00000000 1.00000000 1.00000000
v 0.01747959 -0.28982287 -0.02566162 1.00000000 1.00000000 1.00000000
v -0.04188754 0.26738381 -0.02566162 1.00000000 1.00000000 1.00000000
v -0.14232337 -0.26277918 -0.02566162 1.00000000 1.00000000 1.00000000
v -0.23777285 0.15555853 -0.02566162 1.00000000 1.00000000 1.00000000
v 0.29603122 -0.16572163 -0.01115634 1.00000000 1.00000000 1.00000000
v -0.09137168 -0.00421198 -0.02566162 1.00000000 1.00000000 1.00000000
v -0.04402307 -0.24338955 -0.02566162 1.00000000 1.00000000 1.00000000
v 0.08943776 0.29085405 -0.02076902 1.00000000 1.00000000 1.00000000
v 0.18543442 -0.37370364 -0.02566162 1.00000000 1.00000000 1.00000000
v -0.14794870 -0.08534448 -0.02566162 1.00000000 1.00000000 1.00000000
v 0.25391711 0.24554007 -0.02478237 1.00000000 1.00000000 1.00000000
v 0.04188162 -0.39779730 -0.02566162 1.00000000 1.00000000 1.00000000
v -0.00088219 -0.08629351 -0.02566162 1.00000000 1.00000000 1.00000000
v 0.23307944 0.15424327 -0.02566162 1.00000000 1.00000000 1.00000000
v 0.02998530 -0.40826067 -0.02566162 1.00000000 1.00000000 1.00000000
v 0.20704914 -0.11515615 -0.02566162 1.00000000 1.00000000 1.00000000
v -0.00404915 -0.34652384 -0.02566162 1.00000000 1.00000000 1.00000000
v -0.14971792 0.03742950 -0.02566162 1.00000000 1.00000000 1.00000000
v 0.02088401 -0.38079684 -0.02566162 1.00000000 1.00000000 1.00000000
v 0.22558588 0.22182466 -0.02566162 1.00000000 1.00000000 1.00000000
v -0.06429552 -0.01501015 -0.02566162 1.00000000 1.00000000 1.00000000
v -0.21508733 -0.40259715 -0.02566162 1.00000000 1.00000000 1.00000000
v -0.26563416 -0.32890088 -0.02507788 1.00000000 1.00000000 1.00000000
v -0.11328581 -0.13826126 -0.02566162 1.00000000 1.00000000 1.00000000
v 0.28892434 -0.09888105 -0.01584164 1.00000000 1.00000000 1.00000000
v 0.25916577 -0.43714357 -0.02564799 1.00000000 1.00000000 1.00000000
v -0.15308074 -0.00794063 -0.02566162 1.00000000 1.00000000 1.00000000
v -0.16023141 0.16588058 -0.02566162 1.00000000 1.00000000 1.00000000
v 0.02984693 0.07437594 -0.02566162 1.00000000 1.00000000 1.00000000
v 0.02783563 0.19923039 -0.02566162 1.00000000 1.00000000 1.00000000
v 0.01409580 -0.10314445 -0.02566162 1.00000000 1.00000000 1.00000000
v 0.05798458 -0.11585034 -0.02566162 1.00000000 1.00000000 1.00000000
v 0.23170892 0.09970440 -0.02566162 1.00000000 1.00000000 1.00000000
v 0.15914390 0.12215160 -0.02566162 1.00000000 1.00000000 1.00000000
v -0.04196057 -0.15781937 -0.02566162 1.00000000 1.00000000 1.00000000
v -0.16009280 -0.20713204 -0.02566162 1.00000000 1.00000000 1.00000000
v 0.00087985 0.07937943 -0.02566162 1.00000000 1.00000000 1.00000000
v 0.18282734 -0.06370988 -0.02566162 1.00000000 1.00000000 1.00000000
v -0.20915633 0.11464741 -0.02566162 1.00000000 1.00000000 1.00000000
v 0.00750473 -0.04063746 -0.02566162 1.00000000 1.00000000 1.00000000
v 0.12416016 -0.06212245 -0.02566162 1.00000000 1.00000000 1.00000000
v 0.29272827 -0.27851536 -0.01595953 1.00000000 1.00000000 1.00000000
v -0.07376812 -0.21054488 -0.02566162 1.00000000 1.00000000 1.00000000
v 0.08752430 0.25893726 -0.02566162 1.00000000 1.00000000 1.00000000
v 0.22885431 -0.09575920 -0.02566162 1.00000000 1.00000000 1.00000000
v -0.00603512 -0.42313287 -0.02566162 1.00000000 1.00000000 1.00000000
v -0.26329481 0.12808961 -0.02514878 1.00000000 1.00000000 1.00000000
v 0.05524872 -0.34938515 -0.02566162 1.00000000 1.00000000 1.00000000
v -0.11070531 0.21502415 -0.02566162 1.00000000 1.00000000 1.00000000
v -0.14976180 0.10550307 -0.02566162 1.00000000 1.00000000 1.00000000
v 0.06408773 -0.08364327 -0.02566162 1.00000000 1.00000000 1.00000000
v 0.05143454 -0.16766200 -0.02566162 1.00000000 1.00000000 1.00000000
v 0.28494532 -0.16760111 -0.01892587 1.00000000 1.00000000 1.00000000
v 0.24972918 0.02710077 -0.02562961 1.00000000 1.00000000 1.00000000
v 0.19182647 -0.41763093 -0.02566162 1.00000000 1.00000000 1.00000000
v -0.07333675 0.11856670 -0.02566162 1.00000000 1.00000000 1.00000000
v -0.18867814 -0.02262638 -0.02566162 1.00000000 1.00000000 1.00000000
v -0.12504091 -0.06602561 -0.02566162 1.00000000 1.00000000 1.00000000
v 0.05700138 -0.21510548 -0.02566162 1.00000000 1.00000000 1.00000000
v 0.01357798 0.23184441 -0.02566162 1.00000000 1.00000000 1.00000000
v 0.23217186 0.18203112 -0.02566162 1.00000000 1.00000000 1.00000000
v 0.16092697 -0.28525172 -0.02566162 1.00000000 1.00000000 1.00000000
v 0.05445781 0.03077366 -0.02566162 1.00000000 1.00000000 1.00000000
v -0.17663595 0.02778446 -0.02566162 1.00000000 1.00000000 1.00000000
v 0.05233350 -0.26068578 -0.02566162 1.00000000 1.00000000 1.00000000
v 0.05238868 -0.36480228 -0.02566162 1.00000000 1.00000000 1.00000000
v 0.17497933 -0.05070443 -0.02566162 1.00000000 1.00000000 1.00000000
v -0.05501605 0.23993160 -0.02566162 1.00000000 1.00000000 1.00000000
v 0.20811167 -0.25278413 -0.02566162 1.00000000 1.00000000 1.00000000
v -0.11180802 -0.19160434 -0.02566162 1.00000000 1.00000000 1.00000000
v -0.02969587 -0.11772425 -0.02566162 1.00000000 1.00000000 1.00000000
v -0.16910850 0.01471987 -0.02566162 1.00000000 1.00000000 1.00000000
v -0.08498818 -0.36021773 -0.02566162 1.00000000 1.00000000 1.00000000
v -0.13993055 -0.20120617 -0.02566162 1.00000000 1.00000000 1.00000000
v 0.00815976 -0.35238992 -0.02566162 1.00000000 1.00000000 1.00000000
v -0.04345897 -0.39352773 -0.02566162 1.00000000 1.00000000 1.00000000
v -0.09790598 0.20441781 -0.02566162 1.00000000 1.00000000 1.00000000
v -0.06525320 0.06906797 -0.02566162 1.00000000 1.00000000 1.00000000
v 0.27779162 -0.00315660 -0.02044532 1.00000000 1.00000000 1.00000000
v -0.10995383 -0.15662799 -0.02566162 1.00000000 1.00000000 1.00000000
v 0.20752409 0.10730094 -0.02566162 1.00000000 1.00000000 1.00000000
v -0.09760585 -0.21626292 -0.02566162 1.00000000 1.00000000 1.00000000
v -0.10932170 -0.43084338 -0.02566162 1.00000000 1.00000000 1.00000000
v -0.06658811 0.22827374 -0.02566162 1.00000000 1.00000000 1.00000000
v 0.06721898 -0.03337101 -0.02566162 1.00000000 1.00000000 1.00000000
v 0.25473497 0.19208329 -0.02566162 1.00000000 1.00000000 1.00000000
v -0.08955511 -0.09993747 -0.02566162 1.00000000 1.00000000 1.00000000
v -0.22183843 -0.00000217 -0.02566162 1.00000000 1.00000000 1.00000000
v 0.02867622 0.25023587 -0.02566162 1.00000000 1.00000000 1.00000000
v 0.10106436 -0.28170406 -0.02566162 1.00000000 1.00000000 1.00000000
v -0.25386561 0.15641706 -0.02566162 1.00000000 1.00000000 1.00000000
v 0.19863781 -0.30267178 -0.02566162 1.00000000 1.00000000 1.00000000
v -0.13847085 -0.35945594 -0.02566162 1.00000000 1.00000000 1.00000000
v 0.07128351 0.04010509 -0.02566162 1.00000000 1.00000000 1.00000000
v -0.01080602 -0.04417054 -0.02566162 1.00000000 1.00000000 1.00000000
v 0.21341351 0.23383287 -0.02566162 1.00000000 1.00000000 1.00000000
v 0.28028720 -0.38709796 -0.02247634 1.00000000 1.00000000 1.00000000
v 0.05998906 -0.28762429 -0.02566162 1.00000000 1.00000000 1.00000000
v -0.27777258 0.12031005 -0.02183595 1.00000000 1.00000000 1.00000000
v -0.15505478 -0.42223218 -0.02566162 1.00000000 1.00000000 1.00000000
v -0.02041352 -0.30506966 -0.02566162 1.00000000 1.00000000 1.00000000
v -0.20388253 0.28822865 -0.01369095 1.00000000 1.00000000 1.00000000
v 0.19721106 -0.13601176 -0.02566162 1.00000000 1.00000000 1.00000000
v 0.05236363 -0.00466338 -0.02566162 1.00000000 1.00000000 1.00000000
v 0.04711377 -0.20249193 -0.02566162 1.00000000 1.00000000 1.00000000
v 0.16835578 -0.06424044 -0.02566162 1.00000000 1.00000000 1.00000000
v 0.18408739 0.13671453 -0.02566162 1.00000000 1.00000000 1.00000000
v -0.28952569 0.12190117 -0.01996658 1.00000000 1.00000000 1.00000000
v 0.18208790 0.26333719 -0.02471635 1.00000000 1.00000000 1.00000000
v -0.22303821 -0.01449570 -0.02566162 1.00000000 1.00000000 1.00000000
v 0.24700944 -0.19058170 -0.02566162 1.00000000 1.00000000 1.00000000
v -0.14245156 -0.10492511 -0.02566162 1.00000000 1.00000000 1.00000000
v -0.13830855 -0.33991246 -0.02566162 1.00000000 1.00000000 1.00000000
v -0.28339752 -0.20802991 -0.02001446 1.00000000 1.00000000 1.00000000
v -0.24482735 0.22430576 -0.02566162 1.00000000 1.00000000 1.00000000
v -0.23261915 0.08974504 -0.02566162 1.00000000 1.00000000 1.00000000
v 0.18305632 -0.09318992 -0.02566162 1.00000000 1.00000000 1.00000000
v 0.14077158 -0.06448218 -0.02566162 1.00000000 1.00000000 1.00000000
v 0.11398517 -0.43426419 -0.02566162 1.00000000 1.00000000 1.00000000
v -0.13939031 -0.06150935 -0.02566162 1.00000000 1.00000000 1.00000000
v -0.02924282 -0.03824885 -0.02566162 1.00000000 1.00000000 1.00000000
v 0.22356689 -0.26422692 -0.02566162 1.00000000 1.00000000 1.00000000
v 0.20516935 -0.29104348 -0.02566162 1.00000000 1.00000000 1.00000000
v 0.20988634 0.21846804 -0.02566162 1.00000000 1.00000000 1.00000000
v -0.11065411 -0.25059012 -0.02566162 1.00000000 1.00000000 1.00000000
v 0.10649288 -0.44498542 -0.02566162 1.00000000 1.00000000 1.00000000
v 0.17438642 0.06236491 -0.02566162 1.00000000 1.00000000 1.00000000
v 0.04643909 -0.42936138 -0.02566162 1.00000000 1.00000000 1.00000000
v -0.18780072 -0.27961440 -0.02566162 1.00000000 1.00000000 1.00000000
v 0.15937913 0.09874080 -0.02566162 1.00000000 1.00000000 1.00000000
v 0.18863719 -0.24796513 -0.02566162 1.00000000 1.00000000 1.00000000
v -0.25179104 -0.25778391 -0.02566162 1.00000000 1.00000000 1.00000000
v 0.28600046 0.11303045 -0.01704348 1.00000000 1.00000000 1.00000000
v 0.05214911 0.23114513 -0.02566162 1.00000000 1.00000000 1.00000000
v -0.00476456 -0.43743961 -0.02566162 1.00000000 1.00000000 1.00000000
v 0.14127270 0.24400107 -0.02566162 1.00000000 1.00000000 1.00000000
v -0.05372948 -0.29235021 -0.02566162 1.00000000 1.00000000 1.00000000
v -0.01530368 0.17459968 -0.02566162 1.00000000 1.00000000 1.00000000
v 0.12913845 -0.05231947 -0.02566162 1.00000000 1.00000000 1.00000000
v -0.24121376 -0.23148786 -0.02566162 1.00000000 1.00000000 1.00000000
v 0.28755405 -0.11431106 -0.01691385 1.00000000 1.00000000 1.00000000
v -0.20103825 -0.02574919 -0.02566162 1.00000000 1.00000000 1.00000000
v -0.12376961 -0.14817212 -0.02566162 1.00000000 1.00000000 1.00000000
v 0.19153201 -0.31479189 -0.02566162 1.00000000 1.00000000 1.00000000
v 0.15579930 -0.41848910 -0.02566162 1.00000000 1.00000000 1.00000000
v -0.20772827 -0.39190868 -0.02566162 1.00000000 1.00000000 1.00000000
v 0.10831926 -0.34897870 -0.02566162 1.00000000 1.00000000 1.00000000
v -0.19279552 -0.21817670 -0.02566162 1.00000000 1.00000000 1.00000000
v -0.01935728 -0.13216870 -0.02566162 1.00000000 1.00000000 1.00000000
v -0.11157374 -0.06614680 -0.02566162 1.00000000 1.00000000 1.00000000
v -0.14600134 0.21635537 -0.02566162 1.00000000 1.00000000 1.00000000
v 0.12343090 -0.25949301 -0.02566162 1.00000000 1.00000000 1.00000000
v 0.07132674 -0.38163833 -0.02566162 1.00000000 1.00000000 1.00000000
v 0.29005303 -0.30850794 -0.01792828 1.00000000 1.00000000 1.00000000
v 0.07132295 0.19204236 -0.02566162 1.00000000 1.00000000 1.00000000
v -0.19889574 -0.36515205 -0.02566162 1.00000000 1.00000000 1.00000000
v 0.23769434 -0.36477488 -0.02566162 1.00000000 1.00000000 1.00000000
v 0.06378316 -0.37219983 -0.02566162 1.00000000 1.00000000 1.00000000
v 0.08673618 -0.24353808 -0.02566162 1.00000000 1.00000000 1.00000000
v -0.10443827 -0.20435703 -0.02566162 1.00000000 1.00000000 1.00000000
v 0.19461061 -0.12149973 -0.02566162 1.00000000 1.00000000 1.00000000
v 0.26510083 -0.02742908 -0.02416436 1.00000000 1.00000000 1.00000000
v 0.22609251 0.05241955 -0.02566162 1.00000000 1.00000000 1.00000000
v 0.03217943 -0.35763045 -0.02566162 1.00000000 1.00000000 1.00000000
v 0.03860907 0.06118430 -0.02566162 1.00000000 1.00000000 1.00000000
v -0.00059135 -0.32147954 -0.02566162 1.00000000 1.00000000 1.00000000
v -0.28545208 -0.02176088 -0.01694332 1.00000000 1.00000000 1.00000000
v 0.18300288 -0.43594785 -0.02566162 1.00000000 1.00000000 1.00000000
v -0.18558734 0.27018728 -0.02331373 1.00000000 1.00000000 1.00000000
v -0.15350590 -0.12072289 -0.02566162 1.00000000 1.00000000 1.00000000
v -0.13082368 0.21121355 -0.02566162 1.00000000 1.00000000 1.00000000
v -0.25696658 0.09421616 -0.02499447 1.00000000 1.00000000 1.00000000
v -0.12917933 0.01487538 -0.02566162 1.00000000 1.00000000 1.00000000
v -0.23299378 -0.27695684 -0.02566162 1.00000000 1.00000000 1.00000000
v 0.11571305 -0.11461299 -0.02566162 1.00000000 1.00000000 1.00000000
v 0.25307822 -0.28394309 -0.02566162 1.00000000 1.00000000 1.00000000
v -0.10314195 -0.09451996 -0.02566162 1.00000000 1.00000000 1.00000000
v 0.26119696 0.06943969 -0.02447120 1.00000000 1.00000000 1.00000000
v -0.26118288 -0.11620315 -0.02504762 1.00000000 1.00000000 1.00000000
v 0.21434746 -0.22749004 -0.02566162 1.00000000 1.00000000 1.00000000
v -0.02625073 -0.40089601 -0.02566162 1.00000000 1.00000000 1.00000000
v 0.16125601 0.08706729 -0.02566162 1.00000000 1.00000000 1.00000000
v 0.13281738 -0.28151687 -0.02566162 1.00000000 1.00000000 1.00000000
v 0.23796566 0.19756019 -0.02566162 1.00000000 1.00000000 1.00000000
v 0.07638652 0.15675586 -0.02566162 1.00000000 1.00000000 1.00000000
v -0.24755138 -0.32044994 -0.02566162 1.00000000 1.00000000 1.00000000
v 0.23102334 -0.02991184 -0.02566162 1.00000000 1.00000000 1.00000000
v -0.23441984 -0.29237462 -0.02566162 1.00000000 1.00000000 1.00000000
v 0.15785265 -0.20567099 -0.02566162 1.00000000 1.00000000 1.00000000
v 0.00968689 -0.05159101 -0.02566162 1.00000000 1.00000000 1.00000000
v -0.16599016 -0.43225066 -0.02566162 1.00000000 1.00000000 1.00000000
v 0.11570241 0.29354593 -0.01785473 1.00000000 1.00000000 1.00000000
v -0.16122968 -0.10982909 -0.02566162 1.00000000 1.00000000 1.00000000
v 0.24818160 0.10856352 -0.02563051 1.00000000 1.00000000 1.00000000
v 0.20401686 0.07635627 -0.02566162 1.00000000 1.00000000 1.00000000
v 0.02674713 -0.33227585 -0.02566162 1.00000000 1.00000000 1.00000000
v 0.00179457 -0.44965701 -0.02566162 1.00000000 1.00000000 1.00000000
v 0.07200032 0.11761437 -0.02566162 1.00000000 1.00000000 1.00000000
v 0.24872670 -0.13548301 -0.02566162 1.00000000 1.00000000 1.00000000
v 0.01619880 -0.02818199 -0.02566162 1.00000000 1.00000000 1.00000000
v 0.27191234 0.26985587 -0.01391333 1.00000000 1.00000000 1.00000000
v 0.17963781 -0.25996870 -0.02566162 1.00000000 1.00000000 1.00000000
v -0.14810833 -0.04994935 -0.02566162 1.00000000 1.00000000 1.00000000
v 0.10396405 0.00622274 -0.02566162 1.00000000 1.00000000 1.00000000
v -0.06424414 0.26672539 -0.02566162 1.00000000 1.00000000 1.00000000
v 0.27974147 -0.02026125 -0.01980009 1.00000000 1.00000000 1.00000000
v -0.01578536 0.20233757 -0.02566162 1.00000000 1.00000000 1.00000000
v 0.23582015 -0.16243208 -0.02566162 1.00000000 1.00000000 1.00000000
v -0.09424926 0.23841515 -0.02566162 1.00000000 1.00000000 1.00000000
v 0.12171004 0.23801398 -0.02566162 1.00000000 1.00000000 1.00000000
v 0.20298796 -0.04680370 -0.02566162 1.00000000 1.00000000 1.00000000
v -0.22845970 -0.15209524 -0.02566162 1.00000000 1.00000000 1.00000000
v 0.08290795 -0.43234227 -0.02566162 1.00000000 1.00000000 1.00000000
v -0.22785132 0.24324130 -0.02560250 1.00000000 1.00000000 1.00000000
v -0.25123562 0.17059562 -0.02566162 1.00000000 1.00000000 1.00000000
v 0.04179450 -0.22675081 -0.02566162 1.00000000 1.00000000 1.00000000
v 0.19259967 0.01774785 -0.02566162 1.00000000 1.00000000 1.00000000
v -0.13426441 0.09524883 -0.02566162 1.00000000 1.00000000 1.00000000
v -0.28853263 0.11169035 -0.01530683 1.00000000 1.00000000 1.00000000
v 0.05777986 -0.24698398 -0.02566162 1.00000000 1.00000000 1.00000000
v 0.02462323 0.27107144 -0.02566162 1.00000000 1.00000000 1.00000000
v -0.29279856 -0.08418827 -0.01257456 1.00000000 1.00000000 1.00000000
v -0.01286833 -0.12007257 -0.02566162 1.00000000 1.00000000 1.00000000
v -0.01497078 0.07673612 -0.02566162 1.00000000 1.00000000 1.00000000
v -0.20940633 -0.05937111 -0.02566162 1.00000000 1.00000000 1.00000000
v -0.08941482 -0.41346704 -0.02566162 1.00000000 1.00000000 1.00000000
v -0.01911880 -0.22698430 -0.02566162 1.00000000 1.00000000 1.00000000
v 0.23170980 -0.32044288 -0.02566162 1.00000000 1.00000000 1.00000000
v 0.05721880 -0.01918927 -0.02566162 1.00000000 1.00000000 1.00000000
v 0.07097106 -0.30546887 -0.02566162 1.00000000 1.00000000 1.00000000
v -0.18055919 0.06988919 -0.02566162 1.00000000 1.00000000 1.00000000
v -0.21364734 -0.44564062 -0.02566162 1.00000000 1.00000000 1.00000000
v -0.09722595 -0.44109459 -0.02566162 1.00000000 1.00000000 1.00000000
v -0.06416500 0.21133279 -0.02566162 1.00000000 1.00000000 1.00000000
v -0.18435209 -0.26529690 -0.02566162 1.00000000 1.00000000 1.00000000
v 0.19958220 -0.35425445 -0.02566162 1.00000000 1.00000000 1.00000000
v 0.19325853 -0.10636976 -0.02566162 1.00000000 1.00000000 1.00000000
v -0.07940006 -0.29533553 -0.02566162 1.00000000 1.00000000 1.00000000
v -0.00927487 -0.29650038 -0.02566162 1.00000000 1.00000000 1.00000000
v 0.00740908 0.17235826 -0.02566162 1.00000000 1.00000000 1.00000000
v -0.25944260 0.07615506 -0.02471898 1.00000000 1.00000000 1.00000000
v 0.11459545 -0.07087087 -0.02566162 1.00000000 1.00000000 1.00000000
v -0.23160975 0.28434570 -0.01154398 1.00000000 1.00000000 1.00000000
v 0.13372335 -0.14868187 -0.02566162 1.00000000 1.00000000 1.00000000
v 0.17761246 -0.31949370 -0.02566162 1.00000000 1.00000000 1.00000000
v -0.04327922 -0.08704879 -0.02566162 1.00000000 1.00000000 1.00000000
v 0.23755973 0.21455141 -0.02566162 1.00000000 1.00000000 1.00000000
v 0.17634222 0.01694461 -0.02566162 1.00000000 1.00000000 1.00000000
v -0.08263792 -0.34715972 -0.02566162 1.00000000 1.00000000 1.00000000
v 0.25385778 -0.37000909 -0.02566162 1.00000000 1.00000000 1.00000000
v -0.25363592 -0.21331001 -0.02565590 1.00000000 1.00000000 1.00000000
v -0.23839897 -0.35985491 -0.02566162 1.00000000 1.00000000 1.00000000
v -0.24898598 -0.03956543 -0.02566130 1.00000000 1.00000000 1.00000000
v -0.16116537 0.28999171 -0.01730816 1.00000000 1.00000000 1.00000000
v 0.29659721 -0.39380464 -0.01506128 1.00000000 1.00000000 1.00000000
v 0.15207835 -0.10585716 -0.02566162 1.00000000 1.00000000 1.00000000
v 0.17944797 -0.36179367 -0.02566162 1.00000000 1.00000000 1.00000000
v -0.22448978 0.12977016 -0.02566162 1.00000000 1.00000000 1.00000000
v 0.19056757 0.28478888 -0.01763147 1.00000000 1.00000000 1.00000000
v 0.00800546 0.15954359 -0.02566162 1.00000000 1.00000000 1.00000000
v 0.04974944 -0.45370032 -0.02566162 1.00000000 1.00000000 1.00000000
v -0.13815934 -0.32372029 -0.02566162 1.00000000 1.00000000 1.00000000
v -0.16887710 -0.12681309 -0.02566162 1.00000000 1.00000000 1.00000000
v 0.00060583 0.01419030 -0.02566162 1.00000000 1.00000000 1.00000000
v 0.12905799 -0.43296836 -0.02566162 1.00000000 1.00000000 1.00000000
v 0.18110952 -0.23227389 -0.02566162 1.00000000 1.00000000 1.00000000
v 0.06891519 0.02398610 -0.02566162 1.00000000 1.00000000 1.00000000
v -0.08011751 -0.01573686 -0.02566162 1.00000000 1.00000000 1.00000000
v -0.03153669 0.11940150 -0.02566162 1.00000000 1.00000000 1.00000000
v -0.22063570 -0.28578129 -0.02566162 1.00000000 1.00000000 1.00000000
v 0.17313714 -0.17283334 -0.02566162 1.00000000 1.00000000 1.00000000
v -0.21542139 -0.09238285 -0.02566162 1.00000000 1.00000000 1.00000000
v -0.25217303 0.18774782 -0.02566162 1.00000000 1.00000000 1.00000000
v -0.28883157 -0.26156541 -0.01802383 1.00000000 1.00000000 1.00000000
v -0.15982145 -0.39583671 -0.02566162 1.00000000 1.00000000 1.00000000
v -0.24997893 0.20569355 -0.02566162 1.00000000 1.00000000 1.00000000
v 0.15839792 -0.17330182 -0.02566162 1.00000000 1.00000000 1.00000000
v 0.06557933 -0.33280671 -0.02566162 1.00000000 1.00000000 1.00000000
v -0.01466979 -0.06745915 -0.02566162 1.00000000 1.00000000 1.00000000
v 0.22914693 -0.17644096 -0.02566162 1.00000000 1.00000000 1.00000000
v -0.12665802 0.23468102 -0.02566162 1.00000000 1.00000000 1.00000000
v -0.26552708 0.06304988 -0.02367478 1.00000000 1.00000000 1.00000000
v -0.23303731 0.12142410 -0.02566162 1.00000000 1.00000000 1.00000000
v 0.27714906 0.01118266 -0.02057212 1.00000000 1.00000000 1.00000000
v 0.01255075 0.13250873 -0.02566162 1.00000000 1.00000000 1.00000000
v -0.08780862 0.28940281 -0.02143917 1.00000000 1.00000000 1.00000000
v -0.03068487 -0.22137468 -0.02566162 1.00000000 1.00000000 1.00000000
v 0.13905723 -0.16234723 -0.02566162 1.00000000 1.00000000 1.00000000
v -0.19352937 0.08024232 -0.02566162 1.00000000 1.00000000 1.00000000
v -0.07480416 -0.33668965 -0.02566162 1.00000000 1.00000000 1.00000000
v 0.22429010 -0.35878795 -0.02566162 1.00000000 1.00000000 1.00000000
v -0.24668816 0.28104011 -0.01081387 1.00000000 1.00000000 1.00000000
v 0.25518139 -0.11876762 -0.02554600 1.00000000 1.00000000 1.00000000
v 0.26687514 -0.07274561 -0.02401776 1.00000000 1.00000000 1.00000000
v -0.12756459 0.14506975 -0.02566162 1.00000000 1.00000000 1.00000000
v 0.00024242 -0.07356762 -0.02566162 1.00000000 1.00000000 1.00000000
v -0.12268940 -0.32595453 -0.02566162 1.00000000 1.00000000 1.00000000
v 0.12567756 -0.24591619 -0.02566162 1.00000000 1.00000000 1.00000000
v -0.26208038 -0.18640981 -0.02512144 1.00000000 1.00000000 1.00000000
v -0.11536861 0.17212571 -0.02566162 1.00000000 1.00000000 1.00000000
v 0.27220975 -0.10860317 -0.02299302 1.00000000 1.00000000 1.00000000
v 0.03142834 -0.02833130 -0.02566162 1.00000000 1.00000000 1.00000000
v -0.02180093 0.10129279 -0.02566162 1.00000000 1.00000000 1.00000000
v 0.28065417 -0.06906878 -0.01987236 1.00000000 1.00000000 1.00000000
v -0.05209518 0.22675844 -0.02566162 1.00000000 1.00000000 1.00000000
v -0.17713401 0.17651995 -0.02566162 1.00000000 1.00000000 1.00000000
v -0.25785729 -0.39242840 -0.02565283 1.00000000 1.00000000 1.00000000
v 0.14458499 -0.09525796 -0.02566162 1.00000000 1.00000000 1.00000000
v 0.22320413 -0.24375275 -0.02566162 1.00000000 1.00000000 1.00000000
v -0.14319111 0.16857435 -0.02566162 1.00000000 1.00000000 1.00000000
v -0.19714035 0.22602411 -0.02566162 1.00000000 1.00000000 1.00000000
v -0.07943332 -0.05374533 -0.02566162 1.00000000 1.00000000 1.00000000
v 0.10533614 -0.06418157 -0.02566162 1.00000000 1.00000000 1.00000000
v -0.28131235 -0.23710052 -0.02107392 1.00000000 1.00000000 1.00000000
v -0.20888265 0.00955247 -0.02566162 1.00000000 1.00000000 1.00000000
v -0.05979019 -0.18195838 -0.02566162 1.00000000 1.00000000 1.00000000
v 0.29483575 -0.26091828 -0.01417342 1.00000000 1.00000000 1.00000000
v 0.14618630 0.29001250 -0.01827860 1.00000000 1.00000000 1.00000000
v 0.27206384 0.19368104 -0.02566162 1.00000000 1.00000000 1.00000000
v 0.10745781 -0.12840057 -0.02566162 1.00000000 1.00000000 1.00000000
v -0.17171614 -0.37314119 -0.02566162 1.00000000 1.00000000 1.00000000
v 0.26859847 -0.09391758 -0.02376253 1.00000000 1.00000000 1.00000000
v 0.01556907 -0.31042921 -0.02566162 1.00000000 1.00000000 1.00000000
v 0.01787550 0.10712226 -0.02566162 1.00000000 1.00000000 1.00000000
v -0.18137450 0.00306218 -0.02566162 1.00000000 1.00000000 1.00000000
v 0.14329907 -0.04713570 -0.02566162 1.00000000 1.00000000 1.00000000
v 0.26258077 0.00984684 -0.02446094 1.00000000 1.00000000 1.00000000
v 0.18083526 -0.39548010 -0.02566162 1.00000000 1.00000000 1.00000000
v -0.21701163 0.09008858 -0.02566162 1.00000000 1.00000000 1.00000000
v 0.18093590 -0.30448810 -0.02566162 1.00000000 1.00000000 1.00000000
v -0.26881090 -0.26327492 -0.02443208 1.00000000 1.00000000 1.00000000
v -0.28376721 -0.43079159 -0.02170676 1.00000000 1.00000000 1.00000000
v -0.14010857 0.23333470 -0.02566162 1.00000000 1.00000000 1.00000000
v 0.01286790 -0.01536034 -0.02566162 1.00000000 1.00000000 1.00000000
v 0.02066172 -0.39585855 -0.02566162 1.00000000 1.00000000 1.00000000
v -0.19801019 -0.07187499 -0.02566162 1.00000000 1.00000000 1.00000000
v -0.21371677 -0.02588865 -0.02566162 1.00000000 1.00000000 1.00000000
v 0.14208091 0.19444833 -0.02566162 1.00000000 1.00000000 1.00000000
v -0.23969269 -0.38720294 -0.02566162 1.00000000 1.00000000 1.00000000
v 0.08375723 -0.41874717 -0.02566162 1.00000000 1.00000000 1.00000000
v -0.27287276 0.27172791 -0.01207383 1.00000000 1.00000000 1.00000000
v -0.20096511 -0.20407888 -0.02566162 1.00000000 1.00000000 1.00000000
v -0.17443361 -0.33459403 -0.02566162 1.00000000 1.00000000 1.00000000
v -0.26885617 -0.43042682 -0.02496312 1.00000000 1.00000000 1.00000000
v 0.02987215 -0.43768377 -0.02566162 1.00000000 1.00000000 1.00000000
v -0.06201757 -0.41773169 -0.02566162 1.00000000 1.00000000 1.00000000
v 0.21016487 -0.41866661 -0.02566162 1.00000000 1.00000000 1.00000000
v -0.08375689 -0.11145024 -0.02566162 1.00000000 1.00000000 1.00000000
v -0.03129862 -0.18945104 -0.02566162 1.00000000 1.00000000 1.00000000
v 0.12364356 0.22204942 -0.02566162 1.00000000 1.00000000 1.00000000
v 0.12876124 -0.07254171 -0.02566162 1.00000000 1.00000000 1.00000000
v 0.17559400 -0.02307196 -0.02566162 1.00000000 1.00000000 1.00000000
v 0.27528181 -0.37167200 -0.02364961 1.00000000 1.00000000 1.00000000
v 0.00640633 -0.06275008 -0.02566162 1.00000000 1.00000000 1.00000000
v -0.06013353 0.01465926 -0.02566162 1.00000000 1.00000000 1.00000000
v -0.19679321 -0.35009888 -0.02566162 1.00000000 1.00000000 1.00000000
v 0.24208361 -0.09385906 -0.02566162 1.00000000 1.00000000 1.00000000
v 0.09281640 0.23399746 -0.02566162 1.00000000 1.00000000 1.00000000
v -0.04452248 0.04339243 -0.02566162 1.00000000 1.00000000 1.00000000
v 0.25587582 -0.06674737 -0.02543631 1.00000000 1.00000000 1.00000000
v 0.13609391 -0.42180072 -0.02566162 1.00000000 1.00000000 1.00000000
v 0.06235631 0.05703574 -0.02566162 1.00000000 1.00000000 1.00000000
v -0.23317421 0.10547039 -0.02566162 1.00000000 1.00000000 1.00000000
v -0.09111691 -0.30216248 -0.02566162 1.00000000 1.00000000 1.00000000
v 0.10942100 -0.36597968 -0.02566162 1.00000000 1.00000000 1.00000000
v -0.12853093 -0.05025433 -0.02566162 1.00000000 1.00000000 1.00000000
v -0.08485528 0.19133918 -0.02566162 1.00000000 1.00000000 1.00000000
v 0.15161732 -0.36305814 -0.02566162 1.00000000 1.00000000 1.00000000
v -0.27397263 -0.19644901 -0.02304038 1.00000000 1.00000000 1.00000000
v -0.29189648 -0.14344149 -0.01443215 1.00000000 1.00000000 1.00000000
v 0.09118885 0.01087429 -0.02566162 1.00000000 1.00000000 1.00000000
v 0.23345675 -0.22488942 -0.02566162 1.00000000 1.00000000 1.00000000
v -0.05785049 -0.27910872 -0.02566162 1.00000000 1.00000000 1.00000000
v -0.02390903 -0.00195315 -0.02566162 1.00000000 1.00000000 1.00000000
v 0.18064350 -0.16087885 -0.02566162 1.00000000 1.00000000 1.00000000
v 0.05259146 -0.33762754 -0.02566162 1.00000000 1.00000000 1.00000000
v -0.06392638 0.13207484 -0.02566162 1.00000000 1.00000000 1.00000000
v 0.06402319 -0.35922351 -0.02566162 1.00000000 1.00000000 1.00000000
v 0.17112828 0.08076332 -0.02566162 1.00000000 1.00000000 1.00000000
v -0.28470712 0.10591964 -0.01572973 1.00000000 1.00000000 1.00000000
v 0.23144202 -0.18950676 -0.02566162 1.00000000 1.00000000 1.00000000
v 0.17554497 -0.34283209 -0.02566162 1.00000000 1.00000000 1.00000000
v -0.21733253 -0.24314541 -0.02566162 1.00000000 1.00000000 1.00000000
v 0.25418419 -0.34164616 -0.02566162 1.00000000 1.00000000 1.00000000
v -0.10799612 0.29534430 -0.01722117 1.00000000 1.00000000 1.00000000
v -0.17294905 0.20906830 -0.02566162 1.00000000 1.00000000 1.00000000
v 0.17811863 0.23217770 -0.02566162 1.00000000 1.00000000 1.00000000
v -0.27957435 -0.31873629 -0.02224148 1.00000000 1.00000000 1.00000000
v -0.04414948 0.12784942 -0.02566162 1.00000000 1.00000000 1.00000000
v 0.09652274 -0.05559244 -0.02566162 1.00000000 1.00000000 1.00000000
v 0.10248766 0.18696918 -0.02566162 1.00000000 1.00000000 1.00000000
v -0.11866026 -0.04032690 -0.02566162 1.00000000 1.00000000 1.00000000
v 0.09286974 -0.00464281 -0.02566162 1.00000000 1.00000000 1.00000000
v 0.29247008 -0.15596063 -0.01420348 1.00000000 1.00000000 1.00000000
v -0.00180034 -0.36281933 -0.02566162 1.00000000 1.00000000 1.00000000
v 0.25031853 -0.22510376 -0.02566162 1.00000000 1.00000000 1.00000000
v -0.23932233 -0.34626682 -0.02566162 1.00000000 1.00000000 1.00000000
v -0.23923877 -0.40966844 -0.02566162 1.00000000 1.00000000 1.00000000
v 0.13352079 -0.22072279 -0.02566162 1.00000000 1.00000000 1.00000000
v -0.08067332 -0.15373516 -0.02566162 1.00000000 1.00000000 1.00000000
v 0.20621924 0.24902304 -0.02558194 1.00000000 1.00000000 1.00000000
v 0.03153317 -0.38934097 -0.02566162 1.00000000 1.00000000 1.00000000
v -0.04384401 -0.33133652 -0.02566162 1.00000000 1.00000000 1.00000000
v -0.04543769 0.01408576 -0.02566162 1.00000000 1.00000000 1.00000000
v -0.23020843 -0.22157224 -0.02566162 1.00000000 1.00000000 1.00000000
v 0.18636853 -0.20276034 -0.02566162 1.00000000 1.00000000 1.00000000
v 0.22050663 0.20577120 -0.02566162 1.00000000 1.00000000 1.00000000
v 0.16883765 -0.31058629 -0.02566162 1.00000000 1.00000000 1.00000000
v 0.12693073 -0.40808210 -0.02566162 1.00000000 1.00000000 1.00000000
v -0.28591387 0.09393237 -0.01496665 1.00000000 1.00000000 1.00000000
v -0.20729014 -0.23311975 -0.02566162 1.00000000 1.00000000 1.00000000
v -0.12070926 -0.42248565 -0.02566162 1.00000000 1.00000000 1.00000000
v 0.15214037 -0.42968660 -0.02566162 1.00000000 1.00000000 1.00000000
v -0.18703544 -0.25320563 -0.02566162 1.00000000 1.00000000 1.00000000
v -0.28359847 -0.33395258 -0.02102373 1.00000000 1.00000000 1.00000000
v -0.22576268 0.16704006 -0.02566162 1.00000000 1.00000000 1.00000000
v -0.21485165 -0.25630487 -0.02566162 1.00000000 1.00000000 1.00000000
v -0.16791389 -0.15844548 -0.02566162 1.00000000 1.00000000 1.00000000
v 0.19401400 0.15392724 -0.02566162 1.00000000 1.00000000 1.00000000
v -0.25409950 0.25073495 -0.02393044 1.00000000 1.00000000 1.00000000
v 0.23619010 0.11339464 -0.02566162 1.00000000 1.00000000 1.00000000
v -0.14912705 0.18331032 -0.02566162 1.00000000 1.00000000 1.00000000
v 0.22602629 -0.34351936 -0.02566162 1.00000000 1.00000000 1.00000000
v 0.28384082 -0.24829291 -0.02019957 1.00000000 1.00000000 1.00000000
v 0.10538528 0.03649592 -0.02566162 1.00000000 1.00000000 1.00000000
v -0.01642531 -0.21132553 -0.02566162 1.00000000 1.00000000 1.00000000
v -0.29107331 -0.00995301 -0.01264747 1.00000000 1.00000000 1.00000000
v 0.08143542 0.24440858 -0.02566162 1.00000000 1.00000000 1.00000000
v -0.22572758 -0.42648178 -0.02566162 1.00000000 1.00000000 1.00000000
v -0.02467486 -0.05482095 -0.02566162 1.00000000 1.00000000 1.00000000
v 0.29087632 0.00847215 -0.01245148 1.00000000 1.00000000 1.00000000
v 0.09220334 0.15510611 -0.02566162 1.00000000 1.00000000 1.00000000
v 0.23597943 -0.27640665 -0.02566162 1.00000000 1.00000000 1.00000000
v -0.19024341 0.20762176 -0.02566162 1.00000000 1.00000000 1.00000000
v -0.07268241 -0.17887193 -0.02566162 1.00000000 1.00000000 1.00000000
v 0.07565919 -0.21586629 -0.02566162 1.00000000 1.00000000 1.00000000
v 0.27188822 -0.05545159 -0.02276700 1.00000000 1.00000000 1.00000000
v 0.23955836 -0.01026832 -0.02566162 1.00000000 1.00000000 1.00000000
v 0.24564396 0.07429117 -0.02566162 1.00000000 1.00000000 1.00000000
v -0.27797480 -0.11796395 -0.02132052 1.00000000 1.00000000 1.00000000
v 0.08191299 -0.05723820 -0.02566162 1.00000000 1.00000000 1.00000000
v -0.20235181 0.14319612 -0.02566162 1.00000000 1.00000000 1.00000000
v -0.25446104 -0.19932286 -0.02563666 1.00000000 1.00000000 1.00000000
v -0.03706445 0.05692507 -0.02566162 1.00000000 1.00000000 1.00000000
v -0.22324056 -0.05875396 -0.02566162 1.00000000 1.00000000 1.00000000
v 0.03912580 -0.26895792 -0.02566162 1.00000000 1.00000000 1.00000000
v 0.10645423 0.15322430 -0.02566162 1.00000000 1.00000000 1.00000000
v 0.06105772 -0.38663665 -0.02566162 1.00000000 1.00000000 1.00000000
v -0.18357019 -0.24089406 -0.02566162 1.00000000 1.00000000 1.00000000
v -0.05304808 -0.40884281 -0.02566162 1.00000000 1.00000000 1.00000000
v -0.06530258 0.28554860 -0.02505380 1.00000000 1.00000000 1.00000000
v 0.04118386 0.01664783 -0.02566162 1.00000000 1.00000000 1.00000000
v -0.25186359 -0.22640209 -0.02566162 1.00000000 1.00000000 1.00000000
v -0.00176472 0.18019749 -0.02566162 1.00000000 1.00000000 1.00000000
v -0.23069400 0.02597668 -0.02566162 1.00000000 1.00000000 1.00000000
v 0.15039395 0.10892088 -0.02566162 1.00000000 1.00000000 1.00000000
v -0.07549838 -0.09673750 -0.02566162 1.00000000 1.00000000 1.00000000
v -0.09519439 -0.16382271 -0.02566162 1.00000000 1.00000000 1.00000000
v -0.15910663 0.09161359 -0.02566162 1.00000000 1.00000000 1.00000000
v -0.00711084 -0.05626646 -0.02566162 1.00000000 1.00000000 1.00000000
v -0.21959391 -0.04343044 -0.02566162 1.00000000 1.00000000 1.00000000
v -0.07103683 0.19736400 -0.02566162 1.00000000 1.00000000 1.00000000
v 0.10197936 0.26592022 -0.02543106 1.00000000 1.00000000 1.00000000
v -0.09503577 -0.24674163 -0.02566162 1.00000000 1.00000000 1.00000000
v 0.19402483 -0.28059031 -0.02566162 1.00000000 1.00000000 1.00000000
v -0.11284770 0.04649310 -0.02566162 1.00000000 1.00000000 1.00000000
v -0.27385433 -0.28707732 -0.02355020 1.00000000 1.00000000 1.00000000
v -0.28200769 -0.18548532 -0.02037676 1.00000000 1.00000000 1.00000000
v 0.19548878 0.12772238 -0.02566162 1.00000000 1.00000000 1.00000000
v 0.13176908 0.27796274 -0.02317257 1.00000000 1.00000000 1.00000000
v -0.25464045 -0.36589334 -0.02566162 1.00000000 1.00000000 1.00000000
v -0.12343077 0.03204236 -0.02566162 1.00000000 1.00000000 1.00000000
v 0.16441627 0.07105605 -0.02566162 1.00000000 1.00000000 1.00000000
v 0.20696597 -0.08030052 -0.02566162 1.00000000 1.00000000 1.00000000
v 0.11443448 -0.28322128 -0.02566162 1.00000000 1.00000000 1.00000000
v -0.26783776 -0.13345048 -0.02409175 1.00000000 1.00000000 1.00000000
v -0.00737452 0.26582971 -0.02566162 1.00000000 1.00000000 1.00000000
v 0.26853256 0.02653227 -0.02316489 1.00000000 1.00000000 1.00000000
v 0.16829666 0.26409390 -0.02491538 1.00000000 1.00000000 1.00000000
v -0.06292997 -0.04603879 -0.02566162 1.00000000 1.00000000 1.00000000
v -0.27310727 -0.16148831 -0.02306328 1.00000000 1.00000000 1.00000000
v -0.27257153 0.13673702 -0.02512701 1.00000000 1.00000000 1.00000000
v -0.09979127 0.18900459 -0.02566162 1.00000000 1.00000000 1.00000000
v -0.24162012 0.23817306 -0.02563711 1.00000000 1.00000000 1.00000000
v 0.10921026 -0.25330274 -0.02566162 1.00000000 1.00000000 1.00000000
v -0.26170579 -0.41266946 -0.02554562 1.00000000 1.00000000 1.00000000
v -0.16409619 -0.17577605 -0.02566162 1.00000000 1.00000000 1.00000000
v 0.26381092 0.09682606 -0.02387866 1.00000000 1.00000000 1.00000000
v 0.18347679 0.05272754 -0.02566162 1.00000000 1.00000000 1.00000000
v 0.15261463 -0.15717261 -0.02566162 1.00000000 1.00000000 1.00000000
v 0.10452800 0.20802021 -0.02566162 1.00000000 1.00000000 1.00000000
v -0.26794126 0.11361607 -0.02326656 1.00000000 1.00000000 1.00000000
v 0.23404624 -0.30669123 -0.02566162 1.00000000 1.00000000 1.00000000
v 0.11762469 -0.08333595 -0.02566162 1.00000000 1.00000000 1.00000000
v -0.02348857 -0.37540414 -0.02566162 1.00000000 1.00000000 1.00000000
v 0.22303919 -0.04350635 -0.02566162 1.00000000 1.00000000 1.00000000
v 0.05856763 -0.44856449 -0.02566162 1.00000000 1.00000000 1.00000000
v -0.11732460 0.28079924 -0.02274396 1.00000000 1.00000000 1.00000000
v 0.14112562 0.13865732 -0.02566162 1.00000000 1.00000000 1.00000000
v -0.04110561 0.08800165 -0.02566162 1.00000000 1.00000000 1.00000000
v 0.25296240 -0.08336487 -0.02560601 1.00000000 1.00000000 1.00000000
v 0.14168705 -0.43617300 -0.02566162 1.00000000 1.00000000 1.00000000
v 0.26620848 -0.01269065 -0.02388495 1.00000000 1.00000000 1.00000000
v 0.29823944 -0.32127673 -0.01240318 1.00000000 1.00000000 1.00000000
v 0.09171209 -0.44541290 -0.02566162 1.00000000 1.00000000 1.00000000
v 0.13706630 -0.39864952 -0.02566162 1.00000000 1.00000000 1.00000000
v -0.27045413 0.08783510 -0.02227283 1.00000000 1.00000000 1.00000000
v 0.23577905 0.02056284 -0.02566162 1.00000000 1.00000000 1.00000000
v 0.15645884 -0.07362341 -0.02566162 1.00000000 1.00000000 1.00000000
v 0.24787151 0.14936976 -0.02566162 1.00000000 1.00000000 1.00000000
v -0.22748051 -0.20468090 -0.02566162 1.00000000 1.00000000 1.00000000
v -0.03159505 -0.31658476 -0.02566162 1.00000000 1.00000000 1.00000000
v -0.21865136 -0.21373044 -0.02566162 1.00000000 1.00000000 1.00000000
v -0.24797701 0.02411259 -0.02565941 1.00000000 1.00000000 1.00000000
v 0.19109855 -0.38570161 -0.02566162 1.00000000 1.00000000 1.00000000
v -0.24704850 -0.28169025 -0.02566162 1.00000000 1.00000000 1.00000000
v 0.04792248 -0.27958723 -0.02566162 1.00000000 1.00000000 1.00000000
v -0.03292348 -0.25116319 -0.02566162 1.00000000 1.00000000 1.00000000
v 0.07809274 -0.26067054 -0.02566162 1.00000000 1.00000000 1.00000000
v -0.17647049 0.19464893 -0.02566162 1.00000000 1.00000000 1.00000000
v -0.21360678 -0.19802022 -0.02566162 1.00000000 1.00000000 1.00000000
v -0.03671217 -0.02277820 -0.02566162 1.00000000 1.00000000 1.00000000
v 0.01274060 -0.40645336 -0.02566162 1.00000000 1.00000000 1.00000000
v -0.23518239 -0.33298331 -0.02566162 1.00000000 1.00000000 1.00000000
v 0.22129286 -0.07816237 -0.02566162 1.00000000 1.00000000 1.00000000
v 0.10915321 -0.09081002 -0.02566162 1.00000000 1.00000000 1.00000000
v 0.14515237 -0.44622760 -0.02566162 1.00000000 1.00000000 1.00000000
v 0.24526326 -0.42942984 -0.02566162 1.00000000 1.00000000 1.00000000
v -0.12162415 -0.44082089 -0.02566162 1.00000000 1.00000000 1.00000000
v -0.07325489 -0.22818683 -0.02566162 1.00000000 1.00000000 1.00000000
v 0.25124915 -0.30881846 -0.02566162 1.00000000 1.00000000 1.00000000
v -0.12298217 -0.16483224 -0.02566162 1.00000000 1.00000000 1.00000000
v 0.16444219 0.23310786 -0.02566162 1.00000000 1.00000000 1.00000000
v -0.20576097 0.05585527 -0.02566162 1.00000000 1.00000000 1.00000000
v -0.25047477 -0.17279018 -0.02566162 1.00000000 1.00000000 1.00000000
v -0.19829551 0.01999571 -0.02566162 1.00000000 1.00000000 1.00000000
v -0.28647563 0.20106259 -0.02566162 1.00000000 1.00000000 1.00000000
v 0.11748249 0.27013826 -0.02485984 1.00000000 1.00000000 1.00000000
v 0.29951148 -0.17362373 -0.00649434 1.00000000 1.00000000 1.00000000
v -0.12863064 -0.36950343 -0.02566162 1.00000000 1.00000000 1.00000000
v 0.21043699 0.02001286 -0.02566162 1.00000000 1.00000000 1.00000000
v 0.11207716 -0.26896069 -0.02566162 1.00000000 1.00000000 1.00000000
v 0.21815850 -0.38114140 -0.02566162 1.00000000 1.00000000 1.00000000
v 0.25974947 0.13699811 -0.02565154 1.00000000 1.00000000 1.00000000
v -0.00170406 -0.14664082 -0.02566162 1.00000000 1.00000000 1.00000000
v 0.08337614 -0.03173035 -0.02566162 1.00000000 1.00000000 1.00000000
v 0.12047821 -0.42093747 -0.02566162 1.00000000 1.00000000 1.00000000
v 0.21733401 -0.30493304 -0.02566162 1.00000000 1.00000000 1.00000000
v -0.05587960 0.19619159 -0.02566162 1.00000000 1.00000000 1.00000000
v -0.07926101 -0.45016275 -0.02566162 1.00000000 1.00000000 1.00000000
v -0.27705103 -0.00652712 -0.02075973 1.00000000 1.00000000 1.00000000
v 0.03803664 -0.04451495 -0.02566162 1.00000000 1.00000000 1.00000000
v -0.13594954 -0.07695222 -0.02566162 1.00000000 1.00000000 1.00000000
v 0.01635884 -0.32358681 -0.02566162 1.00000000 1.00000000 1.00000000
v 0.15096757 0.04604188 -0.02566162 1.00000000 1.00000000 1.00000000
v 0.13689519 0.23011367 -0.02566162 1.00000000 1.00000000 1.00000000
v 0.14275197 -0.41186543 -0.02566162 1.00000000 1.00000000 1.00000000
v -0.04548893 -0.31643714 -0.02566162 1.00000000 1.00000000 1.00000000
v -0.02132414 -0.25342080 -0.02566162 1.00000000 1.00000000 1.00000000
v 0.12242787 0.16347113 -0.02566162 1.00000000 1.00000000 1.00000000
v 0.01927693 -0.07051199 -0.02566162 1.00000000 1.00000000 1.00000000
v 0.02793574 -0.08286076 -0.02566162 1.00000000 1.00000000 1.00000000
v 0.22975493 -0.14764793 -0.02566162 1.00000000 1.00000000 1.00000000
v 0.05700456 -0.06218827 -0.02566162 1.00000000 1.00000000 1.00000000
v -0.26193800 -0.27549778 -0.02532586 1.00000000 1.00000000 1.00000000
v -0.05428228 -0.00008254 -0.02566162 1.00000000 1.00000000 1.00000000
v 0.05455994 -0.04602326 -0.02566162 1.00000000 1.00000000 1.00000000
v 0.00166413 -0.39436579 -0.02566162 1.00000000 1.00000000 1.00000000
v 0.01594922 0.26225087 -0.02566162 1.00000000 1.00000000 1.00000000
v -0.08181153 0.16190379 -0.02566162 1.00000000 1.00000000 1.00000000
v -0.21070437 -0.35142023 -0.02566162 1.00000000 1.00000000 1.00000000
v 0.18610903 0.08903371 -0.02566162 1.00000000 1.00000000 1.00000000
v 0.29141817 -0.22229370 -0.01600095 1.00000000 1.00000000 1.00000000
v 0.28421455 0.16548550 -0.02566162 1.00000000 1.00000000 1.00000000
v -0.24344060 -0.44124799 -0.02566162 1.00000000 1.00000000 1.00000000
v -0.00273809 -0.18585865 -0.02566162 1.00000000 1.00000000 1.00000000
v -0.28751207 0.06391845 -0.01426779 1.00000000 1.00000000 1.00000000
v 0.21338843 -0.05434395 -0.02566162 1.00000000 1.00000000 1.00000000
v -0.14603335 -0.39137457 -0.02566162 1.00000000 1.00000000 1.00000000
v 0.28583328 -0.35652645 -0.02036362 1.00000000 1.00000000 1.00000000
v 0.01990622 -0.42003571 -0.02566162 1.00000000 1.00000000 1.00000000
v -0.18499078 -0.38746825 -0.02566162 1.00000000 1.00000000 1.00000000
v 0.00185677 0.11988850 -0.02566162 1.00000000 1.00000000 1.00000000
v 0.01536913 0.01207032 -0.02566162 1.00000000 1.00000000 1.00000000
v 0.04317480 -0.41452852 -0.02566162 1.00000000 1.00000000 1.00000000
v 0.14852872 0.01363074 -0.02566162 1.00000000 1.00000000 1.00000000
v -0.08403548 -0.07686473 -0.02566162 1.00000000 1.00000000 1.00000000
v 0.03126737 0.15726092 -0.02566162 1.00000000 1.00000000 1.00000000
v 0.02806626 -0.24218900 -0.02566162 1.00000000 1.00000000 1.00000000
v -0.27888039 0.15609273 -0.02566162 1.00000000 1.00000000 1.00000000
v -0.28379683 0.13169563 -0.02349478 1.00000000 1.00000000 1.00000000
v -0.10546409 -0.41570961 -0.02566162 1.00000000 1.00000000 1.00000000
v 0.07903666 -0.33618776 -0.02566162 1.00000000 1.00000000 1.00000000
v 0.21357178 -0.35185675 -0.02566162 1.00000000 1.00000000 1.00000000
v 0.10180891 -0.39592522 -0.02566162 1.00000000 1.00000000 1.00000000
v -0.05869472 -0.21174768 -0.02566162 1.00000000 1.00000000 1.00000000
v -0.04012365 0.21917738 -0.02566162 1.00000000 1.00000000 1.00000000
v 0.09809377 -0.04330950 -0.02566162 1.00000000 1.00000000 1.00000000
v -0.22390933 -0.17159713 -0.02566162 1.00000000 1.00000000 1.00000000
v -0.21299489 -0.10875493 -0.02566162 1.00000000 1.00000000 1.00000000
v -0.29085788 -0.34799595 -0.01796582 1.00000000 1.00000000 1.00000000
v -0.07220569 -0.06865989 -0.02566162 1.00000000 1.00000000 1.00000000
v -0.07088419 -0.24303443 -0.02566162 1.00000000 1.00000000 1.00000000
v 0.21369942 -0.43787611 -0.02566162 1.00000000 1.00000000 1.00000000
v -0.24912999 0.12624040 -0.02566162 1.00000000 1.00000000 1.00000000
v -0.09444105 0.05193181 -0.02566162 1.00000000 1.00000000 1.00000000
v 0.07754436 -0.44407686 -0.02566162 1.00000000 1.00000000 1.00000000
v -0.19505101 -0.44129644 -0.02566162 1.00000000 1.00000000 1.00000000
v 0.28432042 -0.32521035 -0.02068267 1.00000000 1.00000000 1.00000000
v -0.22701605 -0.44164506 -0.02566162 1.00000000 1.00000000 1.00000000
v -0.18554373 -0.20726249 -0.02566162 1.00000000 1.00000000 1.00000000
v 0.13751314 -0.33786909 -0.02566162 1.00000000 1.00000000 1.00000000
v -0.09375616 0.21921310 -0.02566162 1.00000000 1.00000000 1.00000000
v -0.05887761 -0.32163747 -0.02566162 1.00000000 1.00000000 1.00000000
v -0.23696212 -0.00054126 -0.02566162 1.00000000 1.00000000 1.00000000
v 0.29207876 -0.21086798 -0.01538695 1.00000000 1.00000000 1.00000000
v 0.27019453 -0.12694795 -0.02357466 1.00000000 1.00000000 1.00000000
v -0.23051727 -0.39767586 -0.02566162 1.00000000 1.00000000 1.00000000
v 0.17467888 -0.37822914 -0.02566162 1.00000000 1.00000000 1.00000000
v -0.10112854 -0.37770207 -0.02566162 1.00000000 1.00000000 1.00000000
v 0.07845605 0.22943646 -0.02566162 1.00000000 1.00000000 1.00000000
v 0.25046237 0.20840836 -0.02566162 1.00000000 1.00000000 1.00000000
v 0.07916395 -0.00267729 -0.02566162 1.00000000 1.00000000 1.00000000
v 0.23104377 -0.43932471 -0.02566162 1.00000000 1.00000000 1.00000000
v -0.18213262 0.22272300 -0.02566162 1.00000000 1.00000000 1.00000000
v -0.03633511 -0.17277282 -0.02566162 1.00000000 1.00000000 1.00000000
v -0.18537063 -0.36012552 -0.02566162 1.00000000 1.00000000 1.00000000
v 0.25446082 -0.00398926 -0.02543793 1.00000000 1.00000000 1.00000000
v 0.21619284 0.17500385 -0.02566162 1.00000000 1.00000000 1.00000000
v -0.18270457 -0.14607162 -0.02566162 1.00000000 1.00000000 1.00000000
v -0.09247902 0.09562514 -0.02566162 1.00000000 1.00000000 1.00000000
v 0.16208083 0.28172764 -0.02099757 1.00000000 1.00000000 1.00000000
v -0.21720090 0.27764043 -0.01850009 1.00000000 1.00000000 1.00000000
v -0.21769268 0.19464863 -0.02566162 1.00000000 1.00000000 1.00000000
v -0.17549504 -0.02451201 -0.02566162 1.00000000 1.00000000 1.00000000
v -0.28459695 0.00656595 -0.01707652 1.00000000 1.00000000 1.00000000
v 0.16755838 -0.24910076 -0.02566162 1.00000000 1.00000000 1.00000000
v 0.00256712 0.22227212 -0.02566162 1.00000000 1.00000000 1.00000000
v -0.05058019 0.09872174 -0.02566162 1.00000000 1.00000000 1.00000000
v -0.26718418 0.16605882 -0.02566162 1.00000000 1.00000000 1.00000000
v -0.01756711 -0.24197933 -0.02566162 1.00000000 1.00000000 1.00000000
v 0.15452538 -0.05802322 -0.02566162 1.00000000 1.00000000 1.00000000
v 0.23099650 0.06922934 -0.02566162 1.00000000 1.00000000 1.00000000
v 0.09982866 -0.30715436 -0.02566162 1.00000000 1.00000000 1.00000000
v 0.24445820 -0.41224284 -0.02566162 1.00000000 1.00000000 1.00000000
v 0.01146047 -0.14635233 -0.02566162 1.00000000 1.00000000 1.00000000
v 0.16139552 -0.11456924 -0.02566162 1.00000000 1.00000000 1.00000000
v 0.28561412 0.25400187 -0.01992141 1.00000000 1.00000000 1.00000000
v -0.01406926 -0.39283799 -0.02566162 1.00000000 1.00000000 1.00000000
v -0.09028462 0.11377556 -0.02566162 1.00000000 1.00000000 1.00000000
v -0.11130921 -0.36737550 -0.02566162 1.00000000 1.00000000 1.00000000
v -0.23041106 0.22971237 -0.02566162 1.00000000 1.00000000 1.00000000
v 0.29924810 -0.35027760 -0.01205284 1.00000000 1.00000000 1.00000000
v 0.09109720 -0.33084243 -0.02566162 1.00000000 1.00000000 1.00000000
v 0.15905161 -0.04354248 -0.02566162 1.00000000 1.00000000 1.00000000
v -0.21237665 -0.31317456 -0.02566162 1.00000000 1.00000000 1.00000000
v 0.15449853 0.15279367 -0.02566162 1.00000000 1.00000000 1.00000000
v -0.20561014 -0.33799249 -0.02566162 1.00000000 1.00000000 1.00000000
v -0.20086962 -0.29335352 -0.02566162 1.00000000 1.00000000 1.00000000
v 0.10143004 -0.07800742 -0.02566162 1.00000000 1.00000000 1.00000000
v 0.09676421 0.08032328 -0.02566162 1.00000000 1.00000000 1.00000000
v 0.29202575 0.26694060 -0.00999210 1.00000000 1.00000000 1.00000000
v 0.06527457 0.16789867 -0.02566162 1.00000000 1.00000000 1.00000000
v -0.20882964 0.21912461 -0.02566162 1.00000000 1.00000000 1.00000000
v 0.00471177 -0.33263959 -0.02566162 1.00000000 1.00000000 1.00000000
v -0.06284365 0.08684041 -0.02566162 1.00000000 1.00000000 1.00000000
v 0.17285201 -0.08019609 -0.02566162 1.00000000 1.00000000 1.00000000
v -0.28591727 -0.36232019 -0.02038131 1.00000000 1.00000000 1.00000000
v -0.20275353 0.24130428 -0.02566162 1.00000000 1.00000000 1.00000000
v 0.08411580 -0.40358614 -0.02566162 1.00000000 1.00000000 1.00000000
v 0.22661352 -0.42611175 -0.02566162 1.00000000 1.00000000 1.00000000
v 0.09847297 0.11420030 -0.02566162 1.00000000 1.00000000 1.00000000
v -0.18081031 -0.44337233 -0.02566162 1.00000000 1.00000000 1.00000000
v -0.29490313 -0.17433422 -0.01247638 1.00000000 1.00000000 1.00000000
v -0.00366667 0.13691078 -0.02566162 1.00000000 1.00000000 1.00000000
v -0.00274540 -0.30959375 -0.02566162 1.00000000 1.00000000 1.00000000
v -0.12456273 0.19816545 -0.02566162 1.00000000 1.00000000 1.00000000
v -0.26552049 0.24464408 -0.02435227 1.00000000 1.00000000 1.00000000
v 0.14052368 0.15991480 -0.02566162 1.00000000 1.00000000 1.00000000
v 0.03042741 -0.31584172 -0.02566162 1.00000000 1.00000000 1.00000000
v -0.05798374 -0.23949984 -0.02566162 1.00000000 1.00000000 1.00000000
v 0.01501876 -0.21267648 -0.02566162 1.00000000 1.00000000 1.00000000
v -0.12930621 -0.35263219 -0.02566162 1.00000000 1.00000000 1.00000000
v -0.16391491 0.18370385 -0.02566162 1.00000000 1.00000000 1.00000000
v 0.12147406 0.03613261 -0.02566162 1.00000000 1.00000000 1.00000000
v -0.18951162 0.18624650 -0.02566162 1.00000000 1.00000000 1.00000000
v -0.05628950 -0.07903929 -0.02566162 1.00000000 1.00000000 1.00000000
v 0.10050865 -0.26754733 -0.02566162 1.00000000 1.00000000 1.00000000
v -0.17891647 -0.05029294 -0.02566162 1.00000000 1.00000000 1.00000000
v 0.08761063 -0.18776946 -0.02566162 1.00000000 1.00000000 1.00000000
v 0.22005369 -0.16428548 -0.02566162 1.00000000 1.00000000 1.00000000
v -0.28663096 0.21705728 -0.02566162 1.00000000 1.00000000 1.00000000
v 0.24518163 0.22876098 -0.02566162 1.00000000 1.00000000 1.00000000
v 0.07715852 -0.36284328 -0.02566162 1.00000000 1.00000000 1.00000000
v 0.19457254 -0.08500669 -0.02566162 1.00000000 1.00000000 1.00000000
v -0.01537595 0.11375313 -0.02566162 1.00000000 1.00000000 1.00000000
v -0.11033431 0.24523376 -0.02566162 1.00000000 1.00000000 1.00000000
v 0.28544274 0.19340353 -0.02566162 1.00000000 1.00000000 1.00000000
v -0.24500928 -0.08032473 -0.02566162 1.00000000 1.00000000 1.00000000
v -0.25121020 -0.42398806 -0.02566162 1.00000000 1.00000000 1.00000000
v -0.11749870 -0.35651510 -0.02566162 1.00000000 1.00000000 1.00000000
v 0.05124312 -0.12996488 -0.02566162 1.00000000 1.00000000 1.00000000
v -0.10654645 0.11123797 -0.02566162 1.00000000 1.00000000 1.00000000
v -0.01587248 0.14433428 -0.02566162 1.00000000 1.00000000 1.00000000
v -0.07702458 0.01294501 -0.02566162 1.00000000 1.00000000 1.00000000
v 0.20393243 0.18908972 -0.02566162 1.00000000 1.00000000 1.00000000
v 0.14015609 -0.20578314 -0.02566162 1.00000000 1.00000000 1.00000000
v 0.25238175 -0.21009799 -0.02566162 1.00000000 1.00000000 1.00000000
v -0.15021069 -0.18058464 -0.02566162 1.00000000 1.00000000 1.00000000
v 0.21378309 0.15966099 -0.02566162 1.00000000 1.00000000 1.00000000
v 0.23329326 0.16712802 -0.02566162 1.00000000 1.00000000 1.00000000
v 0.18869153 0.00192817 -0.02566162 1.00000000 1.00000000 1.00000000
v 0.03867439 0.17315035 -0.02566162 1.00000000 1.00000000 1.00000000
v 0.21266316 -0.18215679 -0.02566162 1.00000000 1.00000000 1.00000000
v -0.01877431 -0.34578350 -0.02566162 1.00000000 1.00000000 1.00000000
v 0.18794757 0.06511535 -0.02566162 1.00000000 1.00000000 1.00000000
v 0.26754690 0.25551294 -0.02164948 1.00000000 1.00000000 1.00000000
v -0.27485596 -0.37678285 -0.02376562 1.00000000 1.00000000 1.00000000
v -0.09150492 -0.45007294 -0.02566162 1.00000000 1.00000000 1.00000000
v 0.17008460 -0.10042363 -0.02566162 1.00000000 1.00000000 1.00000000
v -0.16464721 0.03293010 -0.02566162 1.00000000 1.00000000 1.00000000
v 0.04699903 0.09665610 -0.02566162 1.00000000 1.00000000 1.00000000
v 0.04344968 -0.35416183 -0.02566162 1.00000000 1.00000000 1.00000000
v -0.18527433 -0.03580375 -0.02566162 1.00000000 1.00000000 1.00000000
v -0.19065391 0.28773265 -0.01587886 1.00000000 1.00000000 1.00000000
v -0.21608072 0.06708081 -0.02566162 1.00000000 1.00000000 1.00000000
v -0.05311942 -0.02787584 -0.02566162 1.00000000 1.00000000 1.00000000
v 0.00787222 0.05204518 -0.02566162 1.00000000 1.00000000 1.00000000
v -0.08277150 -0.42405681 -0.02566162 1.00000000 1.00000000 1.00000000
v 0.21789602 -0.06636977 -0.02566162 1.00000000 1.00000000 1.00000000
v 0.05161032 -0.32389769 -0.02566162 1.00000000 1.00000000 1.00000000
v -0.09741766 -0.31375161 -0.02566162 1.00000000 1.00000000 1.00000000
v -0.18995315 0.09400705 -0.02566162 1.00000000 1.00000000 1.00000000
v 0.06998696 -0.12972238 -0.02566162 1.00000000 1.00000000 1.00000000
v -0.29276697 0.06983168 -0.00874110 1.00000000 1.00000000 1.00000000
v -0.19259280 0.11258156 -0.02566162 1.00000000 1.00000000 1.00000000
v -0.09768875 0.29053176 -0.02031847 1.00000000 1.00000000 1.00000000
v 0.08434031 0.10993506 -0.02566162 1.00000000 1.00000000 1.00000000
v -0.07172051 -0.36874012 -0.02566162 1.00000000 1.00000000 1.00000000
v -0.03178105 0.13865826 -0.02566162 1.00000000 1.00000000 1.00000000
v -0.04902632 0.14166085 -0.02566162 1.00000000 1.00000000 1.00000000
v -0.19481641 -0.01028610 -0.02566162 1.00000000 1.00000000 1.00000000
v -0.23675087 0.13889266 -0.02566162 1.00000000 1.00000000 1.00000000
v -0.25467123 0.23501840 -0.02561448 1.00000000 1.00000000 1.00000000
v 0.03406772 -0.12560789 -0.02566162 1.00000000 1.00000000 1.00000000
v 0.13709962 0.03841280 -0.02566162 1.00000000 1.00000000 1.00000000
v -0.17318525 -0.29895134 -0.02566162 1.00000000 1.00000000 1.00000000
v 0.09314259 0.21939998 -0.02566162 1.00000000 1.00000000 1.00000000
v 0.03770369 0.10961823 -0.02566162 1.00000000 1.00000000 1.00000000
v -0.11264638 -0.26445032 -0.02566162 1.00000000 1.00000000 1.00000000
v -0.03010107 0.25612625 -0.02566162 1.00000000 1.00000000 1.00000000
v 0.08809006 -0.20492434 -0.02566162 1.00000000 1.00000000 1.00000000
v -0.04007756 0.19142665 -0.02566162 1.00000000 1.00000000 1.00000000
v 0.22739819 -0.41258579 -0.02566162 1.00000000 1.00000000 1.00000000
v -0.04922722 -0.42609708 -0.02566162 1.00000000 1.00000000 1.00000000
v 0.11793470 -0.15811753 -0.02566162 1.00000000 1.00000000 1.00000000
v 0.16514712 -0.22199050 -0.02566162 1.00000000 1.00000000 1.00000000
v -0.26546340 0.26021204 -0.02026682 1.00000000 1.00000000 1.00000000
v -0.16400488 0.11477745 -0.02566162 1.00000000 1.00000000 1.00000000
v 0.10995969 0.05284608 -0.02566162 1.00000000 1.00000000 1.00000000
v -0.03146820 -0.23667444 -0.02566162 1.00000000 1.00000000 1.00000000
v -0.00332104 0.24051675 -0.02566162 1.00000000 1.00000000 1.00000000
v -0.02047692 0.21582957 -0.02566162 1.00000000 1.00000000 1.00000000
v 0.00632410 -0.42194912 -0.02566162 1.00000000 1.00000000 1.00000000
v 0.12389171 0.20784807 -0.02566162 1.00000000 1.00000000 1.00000000
v -0.08486835 0.20612631 -0.02566162 1.00000000 1.00000000 1.00000000
v 0.24821884 0.09670444 -0.02562874 1.00000000 1.00000000 1.00000000
v -0.20011585 0.19413143 -0.02566162 1.00000000 1.00000000 1.00000000
v 0.00289224 0.03707267 -0.02566162 1.00000000 1.00000000 1.00000000
v -0.02769717 -0.09012907 -0.02566162 1.00000000 1.00000000 1.00000000
v -0.13954958 -0.27889293 -0.02566162 1.00000000 1.00000000 1.00000000
v 0.02931867 -0.19969599 -0.02566162 1.00000000 1.00000000 1.00000000
v 0.02769473 -0.14426487 -0.02566162 1.00000000 1.00000000 1.00000000
v -0.02188391 0.06294227 -0.02566162 1.00000000 1.00000000 1.00000000
v -0.06498450 -0.14715663 -0.02566162 1.00000000 1.00000000 1.00000000
v -0.18803360 -0.12964140 -0.02566162 1.00000000 1.00000000 1.00000000
v -0.03793459 -0.27374824 -0.02566162 1.00000000 1.00000000 1.00000000
v -0.12049193 -0.40935328 -0.02566162 1.00000000 1.00000000 1.00000000
v 0.29167294 -0.00493077 -0.01197209 1.00000000 1.00000000 1.00000000
v 0.09615629 -0.14038911 -0.02566162 1.00000000 1.00000000 1.00000000
v -0.26712318 0.03292170 -0.02346739 1.00000000 1.00000000 1.00000000
v -0.19576717 -0.05518248 -0.02566162 1.00000000 1.00000000 1.00000000
v -0.05292780 0.26275423 -0.02566162 1.00000000 1.00000000 1.00000000
v 0.03725544 0.21072105 -0.02566162 1.00000000 1.00000000 1.00000000
v 0.07014055 -0.42727021 -0.02566162 1.00000000 1.00000000 1.00000000
v 0.12275035 -0.29280345 -0.02566162 1.00000000 1.00000000 1.00000000
v -0.03312948 -0.45049230 -0.02566162 1.00000000 1.00000000 1.00000000
v 0.10388955 -0.23928988 -0.02566162 1.00000000 1.00000000 1.00000000
v 0.03105905 0.23775173 -0.02566162 1.00000000 1.00000000 1.00000000
v -0.28074479 -0.22123227 -0.02115133 1.00000000 1.00000000 1.00000000
v -0.15719705 -0.26039101 -0.02566162 1.00000000 1.00000000 1.00000000
v -0.11930566 0.08502330 -0.02566162 1.00000000 1.00000000 1.00000000
v -0.13900806 -0.03594953 -0.02566162 1.00000000 1.00000000 1.00000000
v -0.17054788 -0.38592325 -0.02566162 1.00000000 1.00000000 1.00000000
v 0.24624824 0.27904675 -0.01284905 1.00000000 1.00000000 1.00000000
v -0.09609351 -0.14902868 -0.02566162 1.00000000 1.00000000 1.00000000
v -0.01530187 -0.45013699 -0.02566162 1.00000000 1.00000000 1.00000000
v 0.23913044 -0.25596632 -0.02566162 1.00000000 1.00000000 1.00000000
v -0.06348140 -0.30562103 -0.02566162 1.00000000 1.00000000 1.00000000
v 0.07300304 0.26759533 -0.02565363 1.00000000 1.00000000 1.00000000
v 0.16114437 0.29584589 -0.01327767 1.00000000 1.00000000 1.00000000
v 0.16086071 0.00618295 -0.02566162 1.00000000 1.00000000 1.00000000
v 0.20428718 0.00470572 -0.02566162 1.00000000 1.00000000 1.00000000
v 0.10901108 0.06929756 -0.02566162 1.00000000 1.00000000 1.00000000
v -0.26644691 0.01977461 -0.02368340 1.00000000 1.00000000 1.00000000
v 0.14874307 -0.29244264 -0.02566162 1.00000000 1.00000000 1.00000000
v -0.28071875 0.04030718 -0.01874155 1.00000000 1.00000000 1.00000000
v 0.26236362 -0.18296293 -0.02508177 1.00000000 1.00000000 1.00000000
v -0.15280375 -0.14972471 -0.02566162 1.00000000 1.00000000 1.00000000
v -0.21645029 -0.43343080 -0.02566162 1.00000000 1.00000000 1.00000000
v 0.12820220 0.25312669 -0.02566162 1.00000000 1.00000000 1.00000000
v 0.05602595 0.01265853 -0.02566162 1.00000000 1.00000000 1.00000000
v -0.05753857 -0.09916886 -0.02566162 1.00000000 1.00000000 1.00000000
v 0.25909142 0.27257665 -0.01492917 1.00000000 1.00000000 1.00000000
v -0.22458153 -0.34900802 -0.02566162 1.00000000 1.00000000 1.00000000
v -0.25345884 0.10898050 -0.02535275 1.00000000 1.00000000 1.00000000
v -0.23731536 0.01294052 -0.02566162 1.00000000 1.00000000 1.00000000
v -0.29968410 -0.35949749 -0.01182399 1.00000000 1.00000000 1.00000000
v -0.28147211 0.18251496 -0.02566162 1.00000000 1.00000000 1.00000000
v -0.04366100 0.15607637 -0.02566162 1.00000000 1.00000000 1.00000000
v -0.01847223 0.01536889 -0.02566162 1.00000000 1.00000000 1.00000000
v -0.21769137 -0.14058100 -0.02566162 1.00000000 1.00000000 1.00000000
v -0.03863743 -0.26184207 -0.02566162 1.00000000 1.00000000 1.00000000
v -0.13335158 -0.40144269 -0.02566162 1.00000000 1.00000000 1.00000000
v -0.07757858 0.09983030 -0.02566162 1.00000000 1.00000000 1.00000000
v 0.28207067 0.17961124 -0.02566162 1.00000000 1.00000000 1.00000000
v -0.28169082 -0.13325340 -0.02003471 1.00000000 1.00000000 1.00000000
v 0.20502436 -0.38972360 -0.02566162 1.00000000 1.00000000 1.00000000
v 0.21707004 0.06878628 -0.02566162 1.00000000 1.00000000 1.00000000
v -0.15393334 -0.33063191 -0.02566162 1.00000000 1.00000000 1.00000000
v 0.27185192 0.12102529 -0.02325006 1.00000000 1.00000000 1.00000000
v -0.15721821 0.20139397 -0.02566162 1.00000000 1.00000000 1.00000000
v -0.15506457 -0.24211774 -0.02566162 1.00000000 1.00000000 1.00000000
v 0.15396268 0.26874660 -0.02453713 1.00000000 1.00000000 1.00000000
v -0.00649911 0.21319177 -0.02566162 1.00000000 1.00000000 1.00000000
v -0.02739827 -0.35799067 -0.02566162 1.00000000 1.00000000 1.00000000
v 0.28278930 -0.43570945 -0.02205264 1.00000000 1.00000000 1.00000000
v -0.24406369 -0.12052072 -0.02566162 1.00000000 1.00000000 1.00000000
v -0.17785857 -0.17141367 -0.02566162 1.00000000 1.00000000 1.00000000
v -0.07136871 -0.00044116 -0.02566162 1.00000000 1.00000000 1.00000000
v 0.08732544 0.27569015 -0.02464303 1.00000000 1.00000000 1.00000000
v -0.15475969 0.23638383 -0.02566162 1.00000000 1.00000000 1.00000000
v 0.19864422 0.17145645 -0.02566162 1.00000000 1.00000000 1.00000000
v 0.11597013 -0.14170832 -0.02566162 1.00000000 1.00000000 1.00000000
v 0.18913083 0.23543804 -0.02566162 1.00000000 1.00000000 1.00000000
v 0.21808351 -0.32708800 -0.02566162 1.00000000 1.00000000 1.00000000
v -0.19450043 0.15537613 -0.02566162 1.00000000 1.00000000 1.00000000
v -0.25241171 0.03780405 -0.02550863 1.00000000 1.00000000 1.00000000
v -0.06503810 0.05158127 -0.02566162 1.00000000 1.00000000 1.00000000
v -0.13386070 -0.23807016 -0.02566162 1.00000000 1.00000000 1.00000000
v -0.20878348 0.12850617 -0.02566162 1.00000000 1.00000000 1.00000000
v 0.22076492 0.11044327 -0.02566162 1.00000000 1.00000000 1.00000000
v 0.26748832 -0.42434082 -0.02510703 1.00000000 1.00000000 1.00000000
v -0.09257912 -0.33491910 -0.02566162 1.00000000 1.00000000 1.00000000
v 0.15181777 0.22829042 -0.02566162 1.00000000 1.00000000 1.00000000
v 0.20262735 0.04512639 -0.02566162 1.00000000 1.00000000 1.00000000
v -0.17633687 0.28882634 -0.01670441 1.00000000 1.00000000 1.00000000
v -0.28127948 0.02512003 -0.01863206 1.00000000 1.00000000 1.00000000
v 0.16766123 0.11112284 -0.02566162 1.00000000 1.00000000 1.00000000
v 0.19502505 -0.36738167 -0.02566162 1.00000000 1.00000000 1.00000000
v -0.16770021 -0.14173956 -0.02566162 1.00000000 1.00000000 1.00000000
v -0.17540016 -0.39721109 -0.02566162 1.00000000 1.00000000 1.00000000
v 0.13495984 -0.29449796 -0.02566162 1.00000000 1.00000000 1.00000000
v -0.11890315 -0.08268129 -0.02566162 1.00000000 1.00000000 1.00000000
v -0.08257691 0.25838336 -0.02566162 1.00000000 1.00000000 1.00000000
v -0.23508591 -0.06915123 -0.02566162 1.00000000 1.00000000 1.00000000
v 0.01049812 -0.36922074 -0.02566162 1.00000000 1.00000000 1.00000000
v -0.01085655 -0.33296747 -0.02566162 1.00000000 1.00000000 1.00000000
v -0.23784790 0.03897825 -0.02566162 1.00000000 1.00000000 1.00000000
v -0.06381111 0.10440806 -0.02566162 1.00000000 1.00000000 1.00000000
v 0.28974591 -0.03154924 -0.01417652 1.00000000 1.00000000 1.00000000
v -0.03803048 -0.12987317 -0.02566162 1.00000000 1.00000000 1.00000000
v -0.13908724 -0.12156751 -0.02566162 1.00000000 1.00000000 1.00000000
v 0.07578485 -0.07630344 -0.02566162 1.00000000 1.00000000 1.00000000
v -0.04833286 -0.30391995 -0.02566162 1.00000000 1.00000000 1.00000000
v 0.04215155 -0.05931752 -0.02566162 1.00000000 1.00000000 1.00000000
v -0.00882751 0.00350568 -0.02566162 1.00000000 1.00000000 1.00000000
v -0.23664527 -0.13654928 -0.02566162 1.00000000 1.00000000 1.00000000
v -0.02343878 -0.43959686 -0.02566162 1.00000000 1.00000000 1.00000000
v 0.27840899 0.09143767 -0.01929474 1.00000000 1.00000000 1.00000000
v 0.03377996 0.04663031 -0.02566162 1.00000000 1.00000000 1.00000000
v -0.10024840 -0.11052493 -0.02566162 1.00000000 1.00000000 1.00000000
v -0.20172178 -0.32231287 -0.02566162 1.00000000 1.00000000 1.00000000
v -0.10856800 -0.22177100 -0.02566162 1.00000000 1.00000000 1.00000000
v -0.16015988 0.04870224 -0.02566162 1.00000000 1.00000000 1.00000000
v -0.21480645 0.24890688 -0.02549117 1.00000000 1.00000000 1.00000000
v 0.20223474 0.06439600 -0.02566162 1.00000000 1.00000000 1.00000000
v -0.06908249 -0.08511701 -0.02566162 1.00000000 1.00000000 1.00000000
v 0.02951753 -0.18260517 -0.02566162 1.00000000 1.00000000 1.00000000
v -0.14628408 -0.37193345 -0.02566162 1.00000000 1.00000000 1.00000000
v -0.12409495 0.22185240 -0.02566162 1.00000000 1.00000000 1.00000000
v 0.26928378 -0.33412371 -0.02460799 1.00000000 1.00000000 1.00000000
v -0.25292668 0.00920959 -0.02551534 1.00000000 1.00000000 1.00000000
v -0.24523957 -0.30397803 -0.02566162 1.00000000 1.00000000 1.00000000
v -0.29358420 -0.24756013 -0.01489529 1.00000000 1.00000000 1.00000000
v 0.04409989 -0.18418951 -0.02566162 1.00000000 1.00000000 1.00000000
v 0.27250760 0.13860106 -0.02528352 1.00000000 1.00000000 1.00000000
v -0.10706491 -0.05325449 -0.02566162 1.00000000 1.00000000 1.00000000
v 0.19308197 0.22028653 -0.02566162 1.00000000 1.00000000 1.00000000
v -0.20737544 -0.04180164 -0.02566162 1.00000000 1.00000000 1.00000000
v 0.02288241 0.12103943 -0.02566162 1.00000000 1.00000000 1.00000000
v 0.17349224 -0.28924919 -0.02566162 1.00000000 1.00000000 1.00000000
v -0.00741877 -0.23115495 -0.02566162 1.00000000 1.00000000 1.00000000
v 0.26351467 -0.25616542 -0.02513355 1.00000000 1.00000000 1.00000000
v -0.06947216 -0.26850278 -0.02566162 1.00000000 1.00000000 1.00000000
v -0.04948654 -0.34860147 -0.02566162 1.00000000 1.00000000 1.00000000
v 0.28052142 0.15119935 -0.02566087 1.00000000 1.00000000 1.00000000
v -0.22361531 0.03821784 -0.02566162 1.00000000 1.00000000 1.00000000
v 0.17672383 0.29327244 -0.01354819 1.00000000 1.00000000 1.00000000
v 0.01279204 -0.08435436 -0.02566162 1.00000000 1.00000000 1.00000000
v 0.24858805 -0.05590140 -0.02566162 1.00000000 1.00000000 1.00000000
v 0.01283487 -0.27437766 -0.02566162 1.00000000 1.00000000 1.00000000
v 0.08851851 -0.27115464 -0.02566162 1.00000000 1.00000000 1.00000000
v -0.27235037 -0.10192018 -0.02291807 1.00000000 1.00000000 1.00000000
v 0.07794404 -0.23176434 -0.02566162 1.00000000 1.00000000 1.00000000
v 0.06706693 -0.10172619 -0.02566162 1.00000000 1.00000000 1.00000000
v -0.24056262 -0.21534774 -0.02566162 1.00000000 1.00000000 1.00000000
v 0.18225461 0.17084642 -0.02566162 1.00000000 1.00000000 1.00000000
v 0.24762882 -0.03415152 -0.02566162 1.00000000 1.00000000 1.00000000
v -0.26041928 -0.00261813 -0.02482700 1.00000000 1.00000000 1.00000000
v -0.25900322 -0.03114898 -0.02508112 1.00000000 1.00000000 1.00000000
v -0.04448175 -0.21659510 -0.02566162 1.00000000 1.00000000 1.00000000
v -0.17195719 0.23637765 -0.02566162 1.00000000 1.00000000 1.00000000
v -0.04919081 -0.14483174 -0.02566162 1.00000000 1.00000000 1.00000000
v -0.12696159 -0.25193198 -0.02566162 1.00000000 1.00000000 1.00000000
v -0.06386670 -0.25532045 -0.02566162 1.00000000 1.00000000 1.00000000
v 0.00844373 -0.38356841 -0.02566162 1.00000000 1.00000000 1.00000000
v 0.17449202 0.10080148 -0.02566162 1.00000000 1.00000000 1.00000000
v -0.09571709 -0.42792833 -0.02566162 1.00000000 1.00000000 1.00000000
v 0.07155688 -0.39685147 -0.02566162 1.00000000 1.00000000 1.00000000
v -0.27046993 -0.36043399 -0.02451322 1.00000000 1.00000000 1.00000000
v 0.22123864 0.14678337 -0.02566162 1.00000000 1.00000000 1.00000000
v -0.11677528 -0.29129967 -0.02566162 1.00000000 1.00000000 1.00000000
v 0.09950256 0.13891913 -0.02566162 1.00000000 1.00000000 1.00000000
v -0.02639169 0.15374177 -0.02566162 1.00000000 1.00000000 1.00000000
v -0.22419237 0.18243523 -0.02566162 1.00000000 1.00000000 1.00000000
v -0.25625844 -0.14463842 -0.02551974 1.00000000 1.00000000 1.00000000
v -0.09082645 -0.38924274 -0.02566162 1.00000000 1.00000000 1.00000000
v 0.27921921 -0.26613386 -0.02199363 1.00000000 1.00000000 1.00000000
v -0.20734177 -0.12508581 -0.02566162 1.00000000 1.00000000 1.00000000
v -0.10568077 -0.01354497 -0.02566162 1.00000000 1.00000000 1.00000000
v 0.18602004 -0.32887108 -0.02566162 1.00000000 1.00000000 1.00000000
v 0.23843049 0.12592392 -0.02566162 1.00000000 1.00000000 1.00000000
v -0.28927366 -0.03693593 -0.01462965 1.00000000 1.00000000 1.00000000
v -0.24122301 0.27112264 -0.01872872 1.00000000 1.00000000 1.00000000
v 0.26611723 0.10894952 -0.02341946 1.00000000 1.00000000 1.00000000
v 0.20683504 -0.20693836 -0.02566162 1.00000000 1.00000000 1.00000000
v 0.01325304 -0.43481970 -0.02566162 1.00000000 1.00000000 1.00000000
v -0.21873858 -0.33135556 -0.02566162 1.00000000 1.00000000 1.00000000
v -0.02187253 -0.26599149 -0.02566162 1.00000000 1.00000000 1.00000000
v 0.04075110 -0.01641427 -0.02566162 1.00000000 1.00000000 1.00000000
v -0.27796767 0.05939224 -0.01980335 1.00000000 1.00000000 1.00000000
v -0.08933488 0.24851279 -0.02566162 1.00000000 1.00000000 1.00000000
v 0.18797628 -0.07502067 -0.02566162 1.00000000 1.00000000 1.00000000
v 0.19489081 0.05447592 -0.02566162 1.00000000 1.00000000 1.00000000
v -0.13839725 -0.41736211 -0.02566162 1.00000000 1.00000000 1.00000000
v -0.16708383 -0.28569114 -0.02566162 1.00000000 1.00000000 1.00000000
v 0.26251131 -0.38842080 -0.02546942 1.00000000 1.00000000 1.00000000
v -0.03834871 -0.40621542 -0.02566162 1.00000000 1.00000000 1.00000000
v 0.16388571 -0.44054409 -0.02566162 1.00000000 1.00000000 1.00000000
v 0.17684184 0.15002974 -0.02566162 1.00000000 1.00000000 1.00000000
v -0.29933360 -0.29340531 -0.01063449 1.00000000 1.00000000 1.00000000
v -0.20947519 0.07888306 -0.02566162 1.00000000 1.00000000 1.00000000
v 0.17424457 -0.03646082 -0.02566162 1.00000000 1.00000000 1.00000000
v 0.04414982 -0.11011240 -0.02566162 1.00000000 1.00000000 1.00000000
v -0.01575302 -0.14633793 -0.02566162 1.00000000 1.00000000 1.00000000
v 0.05877692 0.25689720 -0.02566162 1.00000000 1.00000000 1.00000000
v 0.03936453 -0.44859481 -0.02566162 1.00000000 1.00000000 1.00000000
v 0.27907740 0.06359272 -0.01927148 1.00000000 1.00000000 1.00000000
v -0.10667726 -0.32523193 -0.02566162 1.00000000 1.00000000 1.00000000
v -0.07189533 -0.42752245 -0.02566162 1.00000000 1.00000000 1.00000000
v 0.04776726 -0.44060328 -0.02566162 1.00000000 1.00000000 1.00000000
v -0.17006728 -0.25112418 -0.02566162 1.00000000 1.00000000 1.00000000
v -0.16501169 -0.07915537 -0.02566162 1.00000000 1.00000000 1.00000000
v 0.06189486 -0.43697269 -0.02566162 1.00000000 1.00000000 1.00000000
v 0.09686244 -0.43043924 -0.02566162 1.00000000 1.00000000 1.00000000
v -0.07868607 -0.19318374 -0.02566162 1.00000000 1.00000000 1.00000000
v 0.12511877 -0.44539860 -0.02566162 1.00000000 1.00000000 1.00000000
v 0.14108983 0.26365228 -0.02533057 1.00000000 1.00000000 1.00000000
v -0.04644855 -0.20075624 -0.02566162 1.00000000 1.00000000 1.00000000
v 0.15146681 0.17516363 -0.02566162 1.00000000 1.00000000 1.00000000
v 0.15931514 -0.34634904 -0.02566162 1.00000000 1.00000000 1.00000000
v 0.08094123 -0.14257060 -0.02566162 1.00000000 1.00000000 1.00000000
v -0.12705816 0.07317076 -0.02566162 1.00000000 1.00000000 1.00000000
v 0.08159780 -0.38061940 -0.02566162 1.00000000 1.00000000 1.00000000
v 0.03017107 -0.10767441 -0.02566162 1.00000000 1.00000000 1.00000000
v -0.25626636 -0.24122039 -0.02561253 1.00000000 1.00000000 1.00000000
v 0.23943353 0.05780882 -0.02566162 1.00000000 1.00000000 1.00000000
v -0.27799924 0.22674119 -0.02561649 1.00000000 1.00000000 1.00000000
v -0.14103721 0.02302464 -0.02566162 1.00000000 1.00000000 1.00000000
v 0.23279897 0.28558788 -0.00984961 1.00000000 1.00000000 1.00000000
v 0.27966187 -0.20342265 -0.02139244 1.00000000 1.00000000 1.00000000
v -0.26700858 -0.22793040 -0.02459574 1.00000000 1.00000000 1.00000000
v 0.23801177 -0.20560560 -0.02566162 1.00000000 1.00000000 1.00000000
v 0.21960259 0.13371474 -0.02566162 1.00000000 1.00000000 1.00000000
v 0.09745072 -0.02659784 -0.02566162 1.00000000 1.00000000 1.00000000
v -0.12512838 -0.02211297 -0.02566162 1.00000000 1.00000000 1.00000000
v 0.09467397 -0.09438782 -0.02566162 1.00000000 1.00000000 1.00000000
v 0.14986224 -0.38714378 -0.02566162 1.00000000 1.00000000 1.00000000
v -0.00126344 -0.02132705 -0.02566162 1.00000000 1.00000000 1.00000000
v 0.14392626 -0.24929472 -0.02566162 1.00000000 1.00000000 1.00000000
v -0.13234854 -0.42980420 -0.02566162 1.00000000 1.00000000 1.00000000
v -0.09387262 -0.28654618 -0.02566162 1.00000000 1.00000000 1.00000000
v -0.03078359 -0.38677464 -0.02566162 1.00000000 1.00000000 1.00000000
v -0.04059324 -0.05328542 -0.02566162 1.00000000 1.00000000 1.00000000
v -0.05598377 -0.16509063 -0.02566162 1.00000000 1.00000000 1.00000000
v 0.08639709 -0.28457615 -0.02566162 1.00000000 1.00000000 1.00000000
v 0.10613798 -0.42112322 -0.02566162 1.00000000 1.00000000 1.00000000
v 0.01976073 -0.11821575 -0.02566162 1.00000000 1.00000000 1.00000000
v -0.19750420 0.25698470 -0.02514206 1.00000000 1.00000000 1.00000000
v 0.21362177 -0.40455808 -0.02566162 1.00000000 1.00000000 1.00000000
v 0.28199815 0.26601805 -0.01419729 1.00000000 1.00000000 1.00000000
v 0.19790223 0.26056805 -0.02468750 1.00000000 1.00000000 1.00000000
v 0.25745349 -0.24239433 -0.02556803 1.00000000 1.00000000 1.00000000
v 0.22037111 -0.19841430 -0.02566162 1.00000000 1.00000000 1.00000000
v 0.28567524 0.22322025 -0.02563527 1.00000000 1.00000000 1.00000000
v 0.04089703 -0.36819709 -0.02566162 1.00000000 1.00000000 1.00000000
v 0.04112403 -0.14216385 -0.02566162 1.00000000 1.00000000 1.00000000
v 0.09643743 -0.41084033 -0.02566162 1.00000000 1.00000000 1.00000000
v 0.28614509 0.02173584 -0.01591074 1.00000000 1.00000000 1.00000000
v 0.01211875 -0.17692795 -0.02566162 1.00000000 1.00000000 1.00000000
v 0.29318547 -0.07022305 -0.01190809 1.00000000 1.00000000 1.00000000
v -0.07905444 0.08136532 -0.02566162 1.00000000 1.00000000 1.00000000
v -0.28539764 -0.38815306 -0.02080313 1.00000000 1.00000000 1.00000000
v 0.04970030 0.27125311 -0.02566162 1.00000000 1.00000000 1.00000000
v -0.01284230 -0.01230596 -0.02566162 1.00000000 1.00000000 1.00000000
v 0.01779897 -0.15831258 -0.02566162 1.00000000 1.00000000 1.00000000
v 0.25921516 -0.16399130 -0.02534676 1.00000000 1.00000000 1.00000000
v -0.05447242 -0.13082558 -0.02566162 1.00000000 1.00000000 1.00000000
v 0.16068231 -0.23692867 -0.02566162 1.00000000 1.00000000 1.00000000
v 0.09119230 0.04523650 -0.02566162 1.00000000 1.00000000 1.00000000
v 0.00598301 -0.22763916 -0.02566162 1.00000000 1.00000000 1.00000000
v -0.03180858 -0.14429705 -0.02566162 1.00000000 1.00000000 1.00000000
v -0.10483369 0.25569298 -0.02566162 1.00000000 1.00000000 1.00000000
v 0.14545701 -0.31501277 -0.02566162 1.00000000 1.00000000 1.00000000
v 0.19831875 0.09400890 -0.02566162 1.00000000 1.00000000 1.00000000
v 0.19290234 -0.02715761 -0.02566162 1.00000000 1.00000000 1.00000000
v 0.00760247 -0.30015019 -0.02566162 1.00000000 1.00000000 1.00000000
v 0.27067728 0.16622448 -0.02566162 1.00000000 1.00000000 1.00000000
v -0.21927676 0.20790117 -0.02566162 1.00000000 1.00000000 1.00000000
v 0.05048655 0.04674801 -0.02566162 1.00000000 1.00000000 1.00000000
v 0.09338480 -0.29454955 -0.02566162 1.00000000 1.00000000 1.00000000
v 0.23833002 -0.04585867 -0.02566162 1.00000000 1.00000000 1.00000000
v -0.04642800 -0.11372694 -0.02566162 1.00000000 1.00000000 1.00000000
v 0.23394643 -0.08048341 -0.02566162 1.00000000 1.00000000 1.00000000
v -0.15750950 -0.38014668 -0.02566162 1.00000000 1.00000000 1.00000000
v -0.23981713 -0.26486895 -0.02566162 1.00000000 1.00000000 1.00000000
v -0.00852776 0.02609402 -0.02566162 1.00000000 1.00000000 1.00000000
v -0.07071999 0.02566750 -0.02566162 1.00000000 1.00000000 1.00000000
v 0.30065251 -0.43775377 -0.01256143 1.00000000 1.00000000 1.00000000
v 0.28182110 -0.29173428 -0.02132288 1.00000000 1.00000000 1.00000000
v -0.01628448 -0.08048322 -0.02566162 1.00000000 1.00000000 1.00000000
v -0.01612252 -0.19641222 -0.02566162 1.00000000 1.00000000 1.00000000
v -0.23729470 -0.43306487 -0.02566162 1.00000000 1.00000000 1.00000000
v 0.29042446 -0.23537888 -0.01680302 1.00000000 1.00000000 1.00000000
v -0.10631176 -0.23701009 -0.02566162 1.00000000 1.00000000 1.00000000
v 0.28498526 -0.34166045 -0.02056728 1.00000000 1.00000000 1.00000000
v 0.22739029 0.26352536 -0.02273816 1.00000000 1.00000000 1.00000000
v 0.08965209 -0.06791469 -0.02566162 1.00000000 1.00000000 1.00000000
v 0.18093472 -0.11212186 -0.02566162 1.00000000 1.00000000 1.00000000
v 0.17983057 0.07458602 -0.02566162 1.00000000 1.00000000 1.00000000
v 0.21609946 -0.09107342 -0.02566162 1.00000000 1.00000000 1.00000000
v 0.21602821 0.04005164 -0.02566162 1.00000000 1.00000000 1.00000000
v -0.22912606 0.27249564 -0.01954049 1.00000000 1.00000000 1.00000000
v -0.24526529 -0.18787664 -0.02566162 1.00000000 1.00000000 1.00000000
v -0.00925572 0.09160236 -0.02566162 1.00000000 1.00000000 1.00000000
v -0.12619820 -0.19580161 -0.02566162 1.00000000 1.00000000 1.00000000
v -0.14552334 -0.23008882 -0.02566162 1.00000000 1.00000000 1.00000000
v 0.24414398 -0.35240053 -0.02566162 1.00000000 1.00000000 1.00000000
v 0.11769540 -0.21844885 -0.02566162 1.00000000 1.00000000 1.00000000
v -0.21636185 0.26309253 -0.02349596 1.00000000 1.00000000 1.00000000
v -0.17648196 -0.10389852 -0.02566162 1.00000000 1.00000000 1.00000000
v -0.01770610 -0.17794598 -0.02566162 1.00000000 1.00000000 1.00000000
v 0.28843611 -0.04490394 -0.01536103 1.00000000 1.00000000 1.00000000
v -0.18317089 -0.34627977 -0.02566162 1.00000000 1.00000000 1.00000000
v -0.11574979 -0.39690521 -0.02566162 1.00000000 1.00000000 1.00000000
v 0.27919478 0.04248387 -0.01943012 1.00000000 1.00000000 1.00000000
v -0.10563459 -0.38896043 -0.02566162 1.00000000 1.00000000 1.00000000
v -0.18111048 0.10470458 -0.02566162 1.00000000 1.00000000 1.00000000
v -0.19403372 0.12668317 -0.02566162 1.00000000 1.00000000 1.00000000
v -0.13463549 0.04081072 -0.02566162 1.00000000 1.00000000 1.00000000
v -0.29171612 0.03579410 -0.01099001 1.00000000 1.00000000 1.00000000
v 0.26738979 -0.35461141 -0.02493629 1.00000000 1.00000000 1.00000000
v 0.12807865 -0.32424461 -0.02566162 1.00000000 1.00000000 1.00000000
v -0.24900370 -0.40286248 -0.02566162 1.00000000 1.00000000 1.00000000
v 0.14102073 -0.23568955 -0.02566162 1.00000000 1.00000000 1.00000000
v 0.06791020 0.13536537 -0.02566162 1.00000000 1.00000000 1.00000000
v -0.29599367 -0.31857205 -0.01426741 1.00000000 1.00000000 1.00000000
v -0.21180341 0.02705595 -0.02566162 1.00000000 1.00000000 1.00000000
v -0.05024694 0.07637306 -0.02566162 1.00000000 1.00000000 1.00000000
v -0.26760436 0.22991764 -0.02563371 1.00000000 1.00000000 1.00000000
v 0.05376235 -0.09604160 -0.02566162 1.00000000 1.00000000 1.00000000
v 0.19277085 -0.05529521 -0.02566162 1.00000000 1.00000000 1.00000000
v -0.27570564 0.19407739 -0.02566162 1.00000000 1.00000000 1.00000000
v 0.19429377 -0.16123328 -0.02566162 1.00000000 1.00000000 1.00000000
v -0.03065034 -0.07231228 -0.02566162 1.00000000 1.00000000 1.00000000
v -0.23033612 0.06647582 -0.02566162 1.00000000 1.00000000 1.00000000
v 0.11558470 -0.30471887 -0.02566162 1.00000000 1.00000000 1.00000000
v -0.14389192 0.06793617 -0.02566162 1.00000000 1.00000000 1.00000000
v -0.01780754 -0.42785505 -0.02566162 1.00000000 1.00000000 1.00000000
v -0.17750900 0.12219018 -0.02566162 1.00000000 1.00000000 1.00000000
v 0.13077017 -0.09416292 -0.02566162 1.00000000 1.00000000 1.00000000
v -0.13144102 -0.20987767 -0.02566162 1.00000000 1.00000000 1.00000000
v -0.02905031 0.22593960 -0.02566162 1.00000000 1.00000000 1.00000000
v 0.12256193 -0.35594841 -0.02566162 1.00000000 1.00000000 1.00000000
v 0.25457395 -0.10216707 -0.02555753 1.00000000 1.00000000 1.00000000
v 0.01739854 0.08142646 -0.02566162 1.00000000 1.00000000 1.00000000
v -0.00838638 0.15957954 -0.02566162 1.00000000 1.00000000 1.00000000
v -0.07248244 -0.40993377 -0.02566162 1.00000000 1.00000000 1.00000000
v -0.19040239 -0.42746488 -0.02566162 1.00000000 1.00000000 1.00000000
v -0.06721220 0.18163909 -0.02566162 1.00000000 1.00000000 1.00000000
v 0.16047051 -0.37412263 -0.02566162 1.00000000 1.00000000 1.00000000
v -0.04534437 -0.23011058 -0.02566162 1.00000000 1.00000000 1.00000000
v 0.06947329 -0.04874283 -0.02566162 1.00000000 1.00000000 1.00000000
v 0.15960486 -0.08951647 -0.02566162 1.00000000 1.00000000 1.00000000
v 0.06572613 0.00019519 -0.02566162 1.00000000 1.00000000 1.00000000
v 0.01131748 0.20495768 -0.02566162 1.00000000 1.00000000 1.00000000
v -0.01224536 -0.09421467 -0.02566162 1.00000000 1.00000000 1.00000000
v -0.22264599 0.05374253 -0.02566162 1.00000000 1.00000000 1.00000000
v -0.06008185 0.25135616 -0.02566162 1.00000000 1.00000000 1.00000000
v -0.17869681 -0.43225170 -0.02566162 1.00000000 1.00000000 1.00000000
v -0.20802269 0.18121481 -0.02566162 1.00000000 1.00000000 1.00000000
v 0.22608108 -0.01573614 -0.02566162 1.00000000 1.00000000 1.00000000
v -0.06780805 0.27754836 -0.02542153 1.00000000 1.00000000 1.00000000
v 0.10711560 -0.17516097 -0.02566162 1.00000000 1.00000000 1.00000000
v 0.07153045 -0.01735321 -0.02566162 1.00000000 1.00000000 1.00000000
v 0.27626600 0.07677497 -0.02034747 1.00000000 1.00000000 1.00000000
v 0.29525847 -0.19957561 -0.01266526 1.00000000 1.00000000 1.00000000
v 0.15906592 -0.02720874 -0.02566162 1.00000000 1.00000000 1.00000000
v 0.05058569 0.16595802 -0.02566162 1.00000000 1.00000000 1.00000000
v 0.10499026 0.02107645 -0.02566162 1.00000000 1.00000000 1.00000000
v 0.17788497 -0.01071232 -0.02566162 1.00000000 1.00000000 1.00000000
v -0.19467639 -0.39921199 -0.02566162 1.00000000 1.00000000 1.00000000
v 0.04291265 0.15060611 -0.02566162 1.00000000 1.00000000 1.00000000
v -0.12114761 0.15919738 -0.02566162 1.00000000 1.00000000 1.00000000
v -0.17822321 0.04175946 -0.02566162 1.00000000 1.00000000 1.00000000
v 0.10812508 0.22855572 -0.02566162 1.00000000 1.00000000 1.00000000
v -0.08303186 -0.13895636 -0.02566162 1.00000000 1.00000000 1.00000000
v -0.04972129 -0.43964282 -0.02566162 1.00000000 1.00000000 1.00000000
v -0.12181043 0.12307584 -0.02566162 1.00000000 1.00000000 1.00000000
v -0.20311069 -0.42685148 -0.02566162 1.00000000 1.00000000 1.00000000
v -0.29284810 -0.19939005 -0.01465038 1.00000000 1.00000000 1.00000000
v -0.23243758 0.20268186 -0.02566162 1.00000000 1.00000000 1.00000000
v 0.14720555 0.02866236 -0.02566162 1.00000000 1.00000000 1.00000000
v 0.28018118 -0.13849366 -0.02068232 1.00000000 1.00000000 1.00000000
v 0.11946446 -0.23263572 -0.02566162 1.00000000 1.00000000 1.00000000
v -0.08382338 -0.23837706 -0.02566162 1.00000000 1.00000000 1.00000000
v -0.27588440 -0.14843715 -0.02221567 1.00000000 1.00000000 1.00000000
v 0.11726370 -0.04354102 -0.02566162 1.00000000 1.00000000 1.00000000
v -0.15231573 -0.29695156 -0.02566162 1.00000000 1.00000000 1.00000000
v -0.15932751 -0.03136740 -0.02566162 1.00000000 1.00000000 1.00000000
v -0.10702420 0.14709961 -0.02566162 1.00000000 1.00000000 1.00000000
v -0.22918532 -0.25360045 -0.02566162 1.00000000 1.00000000 1.00000000
v 0.05241521 0.20140456 -0.02566162 1.00000000 1.00000000 1.00000000
v 0.19569106 0.11188358 -0.02566162 1.00000000 1.00000000 1.00000000
v 0.07082090 -0.34779946 -0.02566162 1.00000000 1.00000000 1.00000000
v 0.03821701 0.27262503 -0.02566162 1.00000000 1.00000000 1.00000000
v -0.06280929 -0.19729553 -0.02566162 1.00000000 1.00000000 1.00000000
v -0.19474604 -0.23156414 -0.02566162 1.00000000 1.00000000 1.00000000
v -0.19717050 -0.17366553 -0.02566162 1.00000000 1.00000000 1.00000000
v 0.06585841 -0.16578051 -0.02566162 1.00000000 1.00000000 1.00000000
v -0.08935875 -0.12382354 -0.02566162 1.00000000 1.00000000 1.00000000
v -0.25746077 -0.15904337 -0.02546714 1.00000000 1.00000000 1.00000000
v 0.16852919 -0.33058055 -0.02566162 1.00000000 1.00000000 1.00000000
v 0.19355437 -0.14797671 -0.02566162 1.00000000 1.00000000 1.00000000
v 0.02305716 -0.04234003 -0.02566162 1.00000000 1.00000000 1.00000000
v 0.01034503 0.06740105 -0.02566162 1.00000000 1.00000000 1.00000000
v -0.00197640 -0.40794002 -0.02566162 1.00000000 1.00000000 1.00000000
v -0.25639462 -0.37967824 -0.02566155 1.00000000 1.00000000 1.00000000
v -0.18006058 -0.01046319 -0.02566162 1.00000000 1.00000000 1.00000000
v 0.03787937 0.03240233 -0.02566162 1.00000000 1.00000000 1.00000000
v 0.20959595 -0.13005901 -0.02566162 1.00000000 1.00000000 1.00000000
v 0.07749046 0.17592499 -0.02566162 1.00000000 1.00000000 1.00000000
v 0.03937790 -0.32808672 -0.02566162 1.00000000 1.00000000 1.00000000
v -0.16488860 -0.01637182 -0.02566162 1.00000000 1.00000000 1.00000000
v -0.22202678 0.01473282 -0.02566162 1.00000000 1.00000000 1.00000000
v 0.23068146 -0.05986264 -0.02566162 1.00000000 1.00000000 1.00000000
v 0.27902588 -0.40222299 -0.02291368 1.00000000 1.00000000 1.00000000
v 0.02553565 -0.05760875 -0.02566162 1.00000000 1.00000000 1.00000000
v 0.17693926 0.12308256 -0.02566162 1.00000000 1.00000000 1.00000000
v -0.21206599 0.04388746 -0.02566162 1.00000000 1.00000000 1.00000000
v 0.26639526 -0.29780112 -0.02490243 1.00000000 1.00000000 1.00000000
v -0.19055404 -0.33322480 -0.02566162 1.00000000 1.00000000 1.00000000
v 0.15000291 -0.14034727 -0.02566162 1.00000000 1.00000000 1.00000000
v 0.11867254 0.15026385 -0.02566162 1.00000000 1.00000000 1.00000000
v 0.02561668 -0.34630946 -0.02566162 1.00000000 1.00000000 1.00000000
v 0.24573727 0.17930383 -0.02566162 1.00000000 1.00000000 1.00000000
v -0.14583202 0.14330219 -0.02566162 1.00000000 1.00000000 1.00000000
v -0.21096423 -0.18176852 -0.02566162 1.00000000 1.00000000 1.00000000
v 0.17997124 -0.41046666 -0.02566162 1.00000000 1.00000000 1.00000000
v -0.02398233 -0.01954048 -0.02566162 1.00000000 1.00000000 1.00000000
v 0.03070843 -0.28265739 -0.02566162 1.00000000 1.00000000 1.00000000
v -0.15989521 -0.36371312 -0.02566162 1.00000000 1.00000000 1.00000000
v -0.05988939 -0.33784014 -0.02566162 1.00000000 1.00000000 1.00000000
v 0.03883007 -0.38070309 -0.02566162 1.00000000 1.00000000 1.00000000
v 0.28991506 -0.05698687 -0.01448123 1.00000000 1.00000000 1.00000000
v 0.29806798 -0.40853914 -0.01420553 1.00000000 1.00000000 1.00000000
v -0.02508374 0.19182071 -0.02566162 1.00000000 1.00000000 1.00000000
v -0.03234925 0.01420903 -0.02566162 1.00000000 1.00000000 1.00000000
v 0.07364583 0.07061574 -0.02566162 1.00000000 1.00000000 1.00000000
v 0.12472366 -0.34295603 -0.02566162 1.00000000 1.00000000 1.00000000
v -0.07955115 -0.27997050 -0.02566162 1.00000000 1.00000000 1.00000000
v -0.20958339 0.16556040 -0.02566162 1.00000000 1.00000000 1.00000000
v 0.08812343 0.02833395 -0.02566162 1.00000000 1.00000000 1.00000000
v -0.15512500 0.02240792 -0.02566162 1.00000000 1.00000000 1.00000000
v 0.13291866 -0.38802774 -0.02566162 1.00000000 1.00000000 1.00000000
v 0.16579577 -0.15285717 -0.02566162 1.00000000 1.00000000 1.00000000
v 0.15256491 -0.26008973 -0.02566162 1.00000000 1.00000000 1.00000000
v 0.11559724 0.11228137 -0.02566162 1.00000000 1.00000000 1.00000000
v 0.12773148 -0.02534736 -0.02566162 1.00000000 1.00000000 1.00000000
v 0.17813473 -0.27610576 -0.02566162 1.00000000 1.00000000 1.00000000
v 0.25058548 0.16310283 -0.02566162 1.00000000 1.00000000 1.00000000
v -0.27728501 -0.30290048 -0.02279125 1.00000000 1.00000000 1.00000000
v -0.03150701 -0.20599784 -0.02566162 1.00000000 1.00000000 1.00000000
v 0.27086879 -0.23155222 -0.02392401 1.00000000 1.00000000 1.00000000
v -0.13732609 0.15694224 -0.02566162 1.00000000 1.00000000 1.00000000
v -0.09726410 -0.26032102 -0.02566162 1.00000000 1.00000000 1.00000000
v 0.11699469 -0.03177033 -0.02566162 1.00000000 1.00000000 1.00000000
v 0.26437310 0.20498787 -0.02566162 1.00000000 1.00000000 1.00000000
v 0.06900325 0.22095546 -0.02566162 1.00000000 1.00000000 1.00000000
v -0.10858965 -0.34009053 -0.02566162 1.00000000 1.00000000 1.00000000
v 0.08584414 -0.10713150 -0.02566162 1.00000000 1.00000000 1.00000000
v -0.18449701 0.01620648 -0.02566162 1.00000000 1.00000000 1.00000000
v -0.27650313 0.07540680 -0.02026448 1.00000000 1.00000000 1.00000000
v -0.15403387 0.12680882 -0.02566162 1.00000000 1.00000000 1.00000000
v 0.06451683 0.24076720 -0.02566162 1.00000000 1.00000000 1.00000000
v 0.27323821 0.22893646 -0.02560317 1.00000000 1.00000000 1.00000000
v 0.14051080 0.05772812 -0.02566162 1.00000000 1.00000000 1.00000000
v -0.18577850 -0.37349481 -0.02566162 1.00000000 1.00000000 1.00000000
v -0.27218888 -0.24894083 -0.02372997 1.00000000 1.00000000 1.00000000
v -0.10633384 0.09074023 -0.02566162 1.00000000 1.00000000 1.00000000
v 0.12279588 0.07936939 -0.02566162 1.00000000 1.00000000 1.00000000
v -0.16355073 0.06470881 -0.02566162 1.00000000 1.00000000 1.00000000
v 0.20043346 -0.42924284 -0.02566162 1.00000000 1.00000000 1.00000000
v 0.27062703 -0.31471075 -0.02431656 1.00000000 1.00000000 1.00000000
v 0.19678281 -0.17501715 -0.02566162 1.00000000 1.00000000 1.00000000
v -0.24149476 -0.24630624 -0.02566162 1.00000000 1.00000000 1.00000000
v 0.07268568 0.25459359 -0.02566162 1.00000000 1.00000000 1.00000000
v 0.07744807 0.01356484 -0.02566162 1.00000000 1.00000000 1.00000000
v 0.14117220 -0.37576259 -0.02566162 1.00000000 1.00000000 1.00000000
v 0.06505288 -0.14504287 -0.02566162 1.00000000 1.00000000 1.00000000
v 0.16690865 -0.35875386 -0.02566162 1.00000000 1.00000000 1.00000000
v -0.09214315 0.14750382 -0.02566162 1.00000000 1.00000000 1.00000000
v 0.10416956 -0.19367518 -0.02566162 1.00000000 1.00000000 1.00000000
v -0.01165503 0.18896937 -0.02566162 1.00000000 1.00000000 1.00000000
v -0.27860309 0.26114010 -0.01789453 1.00000000 1.00000000 1.00000000
v -0.00761127 0.04894874 -0.02566162 1.00000000 1.00000000 1.00000000
v -0.23017428 -0.31949817 -0.02566162 1.00000000 1.00000000 1.00000000
v -0.08612398 -0.26857479 -0.02566162 1.00000000 1.00000000 1.00000000
v 0.06018178 -0.18455327 -0.02566162 1.00000000 1.00000000 1.00000000
v 0.24592645 -0.15152771 -0.02566162 1.00000000 1.00000000 1.00000000
v -0.21471254 0.23255153 -0.02566162 1.00000000 1.00000000 1.00000000
v 0.16946454 -0.19271517 -0.02566162 1.00000000 1.00000000 1.00000000
v 0.12048613 -0.18607465 -0.02566162 1.00000000 1.00000000 1.00000000
v 0.08822463 0.18987753 -0.02566162 1.00000000 1.00000000 1.00000000
v 0.13153853 0.14801875 -0.02566162 1.00000000 1.00000000 1.00000000
v -0.07139354 0.25627046 -0.02566162 1.00000000 1.00000000 1.00000000
v -0.25187375 0.14143615 -0.02566162 1.00000000 1.00000000 1.00000000
v 0.25088885 0.25969329 -0.02199607 1.00000000 1.00000000 1.00000000
v 0.27170155 -0.21647735 -0.02367990 1.00000000 1.00000000 1.00000000
v 0.14731037 -0.12316163 -0.02566162 1.00000000 1.00000000 1.00000000
v 0.02947880 0.09345884 -0.02566162 1.00000000 1.00000000 1.00000000
v 0.12549214 -0.12394757 -0.02566162 1.00000000 1.00000000 1.00000000
v 0.24447590 -0.29451608 -0.02566162 1.00000000 1.00000000 1.00000000
v 0.12428984 -0.27355302 -0.02566162 1.00000000 1.00000000 1.00000000
v -0.10894371 -0.02917718 -0.02566162 1.00000000 1.00000000 1.00000000
v -0.00038839 -0.03295674 -0.02566162 1.00000000 1.00000000 1.00000000
v -0.21386312 -0.41917703 -0.02566162 1.00000000 1.00000000 1.00000000
v -0.22541377 0.07938514 -0.02566162 1.00000000 1.00000000 1.00000000
v -0.06764375 -0.28906644 -0.02566162 1.00000000 1.00000000 1.00000000
v -0.02503201 0.24226896 -0.02566162 1.00000000 1.00000000 1.00000000
v 0.01412600 -0.34019916 -0.02566162 1.00000000 1.00000000 1.00000000
v -0.15729170 0.25233107 -0.02566162 1.00000000 1.00000000 1.00000000
v -0.11511155 -0.09992791 -0.02566162 1.00000000 1.00000000 1.00000000
v 0.20099097 -0.23668375 -0.02566162 1.00000000 1.00000000 1.00000000
v 0.23430686 0.13928133 -0.02566162 1.00000000 1.00000000 1.00000000
v -0.10367326 0.01058977 -0.02566162 1.00000000 1.00000000 1.00000000
v -0.20012001 -0.14064264 -0.02566162 1.00000000 1.00000000 1.00000000
v 0.23650259 -0.38097091 -0.02566162 1.00000000 1.00000000 1.00000000
v 0.11021902 -0.38213479 -0.02566162 1.00000000 1.00000000 1.00000000
v 0.04134903 0.12403345 -0.02566162 1.00000000 1.00000000 1.00000000
v 0.24794693 -0.02050218 -0.02566162 1.00000000 1.00000000 1.00000000
v 0.16623240 -0.41275275 -0.02566162 1.00000000 1.00000000 1.00000000
v -0.19202558 0.04732999 -0.02566162 1.00000000 1.00000000 1.00000000
v 0.21197765 -0.14604498 -0.02566162 1.00000000 1.00000000 1.00000000
v 0.24149489 -0.06997140 -0.02566162 1.00000000 1.00000000 1.00000000
v 0.22442483 -0.13500452 -0.02566162 1.00000000 1.00000000 1.00000000
v -0.09665748 -0.04304566 -0.02566162 1.00000000 1.00000000 1.00000000
v 0.21220951 0.05531062 -0.02566162 1.00000000 1.00000000 1.00000000
v -0.17401346 0.05429684 -0.02566162 1.00000000 1.00000000 1.00000000
v -0.14185942 0.00457017 -0.02566162 1.00000000 1.00000000 1.00000000
v 0.19158647 0.27310360 -0.02226340 1.00000000 1.00000000 1.00000000
v -0.11697549 -0.20719291 -0.02566162 1.00000000 1.00000000 1.00000000
v -0.14301664 -0.24845897 -0.02566162 1.00000000 1.00000000 1.00000000
v -0.05068737 0.06041170 -0.02566162 1.00000000 1.00000000 1.00000000
v -0.22021526 0.10158277 -0.02566162 1.00000000 1.00000000 1.00000000
v 0.13568816 -0.11064297 -0.02566162 1.00000000 1.00000000 1.00000000
v -0.28238715 0.16913255 -0.02566162 1.00000000 1.00000000 1.00000000
v 0.01256201 0.18823182 -0.02566162 1.00000000 1.00000000 1.00000000
v -0.08033043 -0.25452286 -0.02566162 1.00000000 1.00000000 1.00000000
v 0.15310234 -0.33419924 -0.02566162 1.00000000 1.00000000 1.00000000
v -0.03903960 0.23652151 -0.02566162 1.00000000 1.00000000 1.00000000
v 0.17488636 0.04680081 -0.02566162 1.00000000 1.00000000 1.00000000
v 0.12753466 0.05077243 -0.02566162 1.00000000 1.00000000 1.00000000
v 0.13430773 0.01967680 -0.02566162 1.00000000 1.00000000 1.00000000
v 0.22054869 -0.39284443 -0.02566162 1.00000000 1.00000000 1.00000000
v -0.14513898 -0.21433362 -0.02566162 1.00000000 1.00000000 1.00000000
v 0.00236308 -0.09906095 -0.02566162 1.00000000 1.00000000 1.00000000
v 0.29547742 -0.37935829 -0.01561807 1.00000000 1.00000000 1.00000000
v -0.09539777 0.07535908 -0.02566162 1.00000000 1.00000000 1.00000000
v 0.14153760 0.21227878 -0.02566162 1.00000000 1.00000000 1.00000000
v -0.29392817 -0.30629296 -0.01556998 1.00000000 1.00000000 1.00000000
v -0.09017936 0.02486097 -0.02566162 1.00000000 1.00000000 1.00000000
v -0.03704151 0.10492984 -0.02566162 1.00000000 1.00000000 1.00000000
v 0.24742227 0.13515473 -0.02566162 1.00000000 1.00000000 1.00000000
v -0.08466077 -0.21985225 -0.02566162 1.00000000 1.00000000 1.00000000
v -0.22704375 -0.18893743 -0.02566162 1.00000000 1.00000000 1.00000000
v -0.02570979 0.04788032 -0.02566162 1.00000000 1.00000000 1.00000000
v 0.29711422 -0.42480776 -0.01518264 1.00000000 1.00000000 1.00000000
v -0.03765303 -0.10216147 -0.02566162 1.00000000 1.00000000 1.00000000
v 0.08001773 -0.15780905 -0.02566162 1.00000000 1.00000000 1.00000000
v 0.12128203 -0.20269739 -0.02566162 1.00000000 1.00000000 1.00000000
v 0.22725747 -0.10971486 -0.02566162 1.00000000 1.00000000 1.00000000
v 0.27490117 -0.03858949 -0.02176205 1.00000000 1.00000000 1.00000000
v 0.28962598 0.07176073 -0.01230721 1.00000000 1.00000000 1.00000000
v -0.00067690 -0.13044102 -0.02566162 1.00000000 1.00000000 1.00000000
v 0.12163024 0.09880629 -0.02566162 1.00000000 1.00000000 1.00000000
v -0.08776187 -0.32364569 -0.02566162 1.00000000 1.00000000 1.00000000
v -0.02121693 -0.10566053 -0.02566162 1.00000000 1.00000000 1.00000000
v -0.28873820 -0.16105029 -0.01682586 1.00000000 1.00000000 1.00000000
v -0.16678730 -0.06212778 -0.02566162 1.00000000 1.00000000 1.00000000
v 0.15272204 -0.18946436 -0.02566162 1.00000000 1.00000000 1.00000000
v 0.20496725 0.28806329 -0.01364702 1.00000000 1.00000000 1.00000000
v 0.07812355 -0.32006862 -0.02566162 1.00000000 1.00000000 1.00000000
v -0.27663475 0.20959523 -0.02566162 1.00000000 1.00000000 1.00000000
v -0.19488499 -0.04141150 -0.02566162 1.00000000 1.00000000 1.00000000
v 0.29694146 -0.29508031 -0.01305508 1.00000000 1.00000000 1.00000000
v 0.01475360 -0.19265194 -0.02566162 1.00000000 1.00000000 1.00000000
v 0.10339069 -0.01177526 -0.02566162 1.00000000 1.00000000 1.00000000
v 0.25852970 0.17443526 -0.02566162 1.00000000 1.00000000 1.00000000
v -0.29660080 -0.32937589 -0.01397777 1.00000000 1.00000000 1.00000000
v -0.07281786 -0.16441797 -0.02566162 1.00000000 1.00000000 1.00000000
v -0.26027883 0.27611218 -0.01175869 1.00000000 1.00000000 1.00000000
v 0.15165445 0.06455632 -0.02566162 1.00000000 1.00000000 1.00000000
v 0.17824309 0.20354899 -0.02566162 1.00000000 1.00000000 1.00000000
v 0.28033849 0.24190586 -0.02390510 1.00000000 1.00000000 1.00000000
v -0.13206295 0.29592676 -0.01565401 1.00000000 1.00000000 1.00000000
v -0.07661446 0.21582570 -0.02566162 1.00000000 1.00000000 1.00000000
v -0.24871048 -0.05001746 -0.02566162 1.00000000 1.00000000 1.00000000
v 0.28973731 0.08753395 -0.01185854 1.00000000 1.00000000 1.00000000
v -0.11690428 -0.37852076 -0.02566162 1.00000000 1.00000000 1.00000000
v -0.27635194 0.24736516 -0.02305414 1.00000000 1.00000000 1.00000000
v -0.30122903 -0.43332155 -0.01191559 1.00000000 1.00000000 1.00000000
v 0.09920992 -0.11457134 -0.02566162 1.00000000 1.00000000 1.00000000
v -0.20914684 -0.27940290 -0.02566162 1.00000000 1.00000000 1.00000000
v -0.00327198 -0.21611389 -0.02566162 1.00000000 1.00000000 1.00000000
v 0.27619484 -0.15586535 -0.02217173 1.00000000 1.00000000 1.00000000
v 0.16531081 -0.40025758 -0.02566162 1.00000000 1.00000000 1.00000000
v -0.17098710 -0.27034528 -0.02566162 1.00000000 1.00000000 1.00000000
v -0.14875525 -0.40682861 -0.02566162 1.00000000 1.00000000 1.00000000
v 0.26980320 0.05414635 -0.02267288 1.00000000 1.00000000 1.00000000
v -0.21719576 0.28848784 -0.01080075 1.00000000 1.00000000 1.00000000
v -0.20337563 -0.08678186 -0.02566162 1.00000000 1.00000000 1.00000000
v -0.23077470 0.25854596 -0.02370794 1.00000000 1.00000000 1.00000000
v -0.17184157 -0.21601826 -0.02566162 1.00000000 1.00000000 1.00000000
v 0.29544456 -0.18822650 -0.01225596 1.00000000 1.00000000 1.00000000
v -0.26548707 0.18118870 -0.02566162 1.00000000 1.00000000 1.00000000
v -0.20124975 -0.24639419 -0.02566162 1.00000000 1.00000000 1.00000000
v 0.08815182 -0.36893100 -0.02566162 1.00000000 1.00000000 1.00000000
v -0.05322883 0.11634240 -0.02566162 1.00000000 1.00000000 1.00000000
v 0.19602446 -0.01251272 -0.02566162 1.00000000 1.00000000 1.00000000
v 0.06292115 -0.26980750 -0.02566162 1.00000000 1.00000000 1.00000000
v 0.21872269 0.28775281 -0.01121376 1.00000000 1.00000000 1.00000000
v -0.28833193 0.26773643 -0.01062841 1.00000000 1.00000000 1.00000000
v 0.19274061 -0.33990889 -0.02566162 1.00000000 1.00000000 1.00000000
v 0.15948207 0.21253735 -0.02566162 1.00000000 1.00000000 1.00000000
v 0.11825945 -0.39500014 -0.02566162 1.00000000 1.00000000 1.00000000
v 0.00216902 -0.28669968 -0.02566162 1.00000000 1.00000000 1.00000000
v 0.08806208 -0.08163031 -0.02566162 1.00000000 1.00000000 1.00000000
v -0.14460743 0.05362815 -0.02566162 1.00000000 1.00000000 1.00000000
v 0.11439384 0.00139553 -0.02566162 1.00000000 1.00000000 1.00000000
v -0.27942297 -0.41521650 -0.02288505 1.00000000 1.00000000 1.00000000
v 0.20823195 -0.34058150 -0.02566162 1.00000000 1.00000000 1.00000000
v -0.26930139 -0.04258583 -0.02334983 1.00000000 1.00000000 1.00000000
v 0.17620775 -0.21319819 -0.02566162 1.00000000 1.00000000 1.00000000
v 0.23825973 0.04061926 -0.02566162 1.00000000 1.00000000 1.00000000
v -0.00659844 -0.10868053 -0.02566162 1.00000000 1.00000000 1.00000000
v 0.26343676 -0.19869845 -0.02499746 1.00000000 1.00000000 1.00000000
v -0.08245988 0.22946697 -0.02566162 1.00000000 1.00000000 1.00000000
v -0.18058664 -0.18492195 -0.02566162 1.00000000 1.00000000 1.00000000
v 0.26365243 0.15333339 -0.02566162 1.00000000 1.00000000 1.00000000
v -0.10319110 -0.27631267 -0.02566162 1.00000000 1.00000000 1.00000000
v -0.22179827 -0.38510394 -0.02566162 1.00000000 1.00000000 1.00000000
v -0.15273593 -0.06824360 -0.02566162 1.00000000 1.00000000 1.00000000
v 0.25119097 -0.32412437 -0.02566162 1.00000000 1.00000000 1.00000000
v 0.04411814 -0.29510046 -0.02566162 1.00000000 1.00000000 1.00000000
v -0.15804433 -0.09566408 -0.02566162 1.00000000 1.00000000 1.00000000
v -0.01365797 0.25229613 -0.02566162 1.00000000 1.00000000 1.00000000
v 0.00549641 -0.11632058 -0.02566162 1.00000000 1.00000000 1.00000000
v 0.10598718 0.16930077 -0.02566162 1.00000000 1.00000000 1.00000000
v 0.21159148 -0.02225740 -0.02566162 1.00000000 1.00000000 1.00000000
v -0.19605697 0.00388547 -0.02566162 1.00000000 1.00000000 1.00000000
v 0.07698111 -0.17713145 -0.02566162 1.00000000 1.00000000 1.00000000
v -0.25299547 -0.10180793 -0.02561814 1.00000000 1.00000000 1.00000000
v -0.13693908 -0.17155657 -0.02566162 1.00000000 1.00000000 1.00000000
v -0.05600756 -0.36263793 -0.02566162 1.00000000 1.00000000 1.00000000
v 0.13109152 0.29677476 -0.01512888 1.00000000 1.00000000 1.00000000
v 0.02725252 0.00568420 -0.02566162 1.00000000 1.00000000 1.00000000
v 0.23311725 0.08393291 -0.02566162 1.00000000 1.00000000 1.00000000
v -0.20144812 -0.15578650 -0.02566162 1.00000000 1.00000000 1.00000000
v -0.20111754 0.03804854 -0.02566162 1.00000000 1.00000000 1.00000000
v -0.15723896 0.15064735 -0.02566162 1.00000000 1.00000000 1.00000000
v -0.08139377 0.17687111 -0.02566162 1.00000000 1.00000000 1.00000000
v -0.29602899 -0.18769802 -0.01166837 1.00000000 1.00000000 1.00000000
v 0.00219975 -0.16595969 -0.02566162 1.00000000 1.00000000 1.00000000
v -0.24138999 -0.37390434 -0.02566162 1.00000000 1.00000000 1.00000000
v 0.12391265 -0.38113708 -0.02566162 1.00000000 1.00000000 1.00000000
v 0.24574659 0.00933946 -0.02566162 1.00000000 1.00000000 1.00000000
v -0.20213275 -0.26113746 -0.02566162 1.00000000 1.00000000 1.00000000
v -0.24356401 -0.15147534 -0.02566162 1.00000000 1.00000000 1.00000000
v -0.00643439 -0.37841756 -0.02566162 1.00000000 1.00000000 1.00000000
v -0.16749682 0.27020246 -0.02394957 1.00000000 1.00000000 1.00000000
v -0.26803170 -0.20983750 -0.02436339 1.00000000 1.00000000 1.00000000
v -0.25447456 -0.35115564 -0.02566162 1.00000000 1.00000000 1.00000000
v -0.09555290 -0.34728909 -0.02566162 1.00000000 1.00000000 1.00000000
v -0.06214941 0.15088124 -0.02566162 1.00000000 1.00000000 1.00000000
v -0.09950149 -0.13461232 -0.02566162 1.00000000 1.00000000 1.00000000
v -0.01581031 0.03767430 -0.02566162 1.00000000 1.00000000 1.00000000
v -0.16584047 0.13528050 -0.02566162 1.00000000 1.00000000 1.00000000
v -0.14608937 0.29245739 -0.01694843 1.00000000 1.00000000 1.00000000
v -0.04382089 0.17058283 -0.02566162 1.00000000 1.00000000 1.00000000
v 0.20049592 0.23667244 -0.02566162 1.00000000 1.00000000 1.00000000
v -0.01487484 -0.41059977 -0.02566162 1.00000000 1.00000000 1.00000000
v 0.20409588 0.27420891 -0.02111206 1.00000000 1.00000000 1.00000000
v 0.08628036 -0.01765416 -0.02566162 1.00000000 1.00000000 1.00000000
v -0.00256532 -0.24466693 -0.02566162 1.00000000 1.00000000 1.00000000
v 0.03226242 0.26170101 -0.02566162 1.00000000 1.00000000 1.00000000
v 0.05290016 -0.15072193 -0.02566162 1.00000000 1.00000000 1.00000000
v 0.14684628 0.08898682 -0.02566162 1.00000000 1.00000000 1.00000000
v 0.17128454 -0.12184745 -0.02566162 1.00000000 1.00000000 1.00000000
v -0.02019568 0.26674790 -0.02566162 1.00000000 1.00000000 1.00000000
v -0.20524075 0.20619368 -0.02566162 1.00000000 1.00000000 1.00000000
v 0.04651321 0.24401677 -0.02566162 1.00000000 1.00000000 1.00000000
v -0.20306257 0.27293362 -0.02161485 1.00000000 1.00000000 1.00000000
v 0.06316950 -0.31799193 -0.02566162 1.00000000 1.00000000 1.00000000
v -0.06894681 -0.39536545 -0.02566162 1.00000000 1.00000000 1.00000000
v -0.12264108 -0.18036721 -0.02566162 1.00000000 1.00000000 1.00000000
v 0.02605860 -0.01061499 -0.02566162 1.00000000 1.00000000 1.00000000
v 0.26328325 -0.14542196 -0.02486755 1.00000000 1.00000000 1.00000000
v 0.15941422 0.19574918 -0.02566162 1.00000000 1.00000000 1.00000000
v 0.21727305 -0.28286210 -0.02566162 1.00000000 1.00000000 1.00000000
v 0.09334767 -0.31800021 -0.02566162 1.00000000 1.00000000 1.00000000
v -0.09725505 -0.36532678 -0.02566162 1.00000000 1.00000000 1.00000000
v 0.19181006 0.29438209 -0.00992355 1.00000000 1.00000000 1.00000000
v -0.08656850 -0.37497159 -0.02566162 1.00000000 1.00000000 1.00000000
v 0.12717811 -0.31038687 -0.02566162 1.00000000 1.00000000 1.00000000
v 0.20682651 -0.31539165 -0.02566162 1.00000000 1.00000000 1.00000000
v -0.05950191 -0.37925067 -0.02566162 1.00000000 1.00000000 1.00000000
v 0.28344922 -0.41684874 -0.02170965 1.00000000 1.00000000 1.00000000
v 0.11191621 -0.05336973 -0.02566162 1.00000000 1.00000000 1.00000000
v 0.22268083 -0.21392737 -0.02566162 1.00000000 1.00000000 1.00000000
v -0.19960857 0.06810266 -0.02566162 1.00000000 1.00000000 1.00000000
v 0.22225920 0.08304392 -0.02566162 1.00000000 1.00000000 1.00000000
v -0.23366609 -0.04309161 -0.02566162 1.00000000 1.00000000 1.00000000
v -0.06895242 -0.03052575 -0.02566162 1.00000000 1.00000000 1.00000000
v -0.29012750 0.23213062 -0.02487636 1.00000000 1.00000000 1.00000000
v -0.08291110 -0.43763120 -0.02566162 1.00000000 1.00000000 1.00000000
v -0.07297459 -0.32296061 -0.02566162 1.00000000 1.00000000 1.00000000
v -0.08998343 0.00970685 -0.02566162 1.00000000 1.00000000 1.00000000
v -0.04819462 -0.01351443 -0.02566162 1.00000000 1.00000000 1.00000000
v -0.07872055 0.28565194 -0.02352119 1.00000000 1.00000000 1.00000000
v -0.13775225 -0.01223062 -0.02566162 1.00000000 1.00000000 1.00000000
v 0.10307426 0.28619840 -0.02156054 1.00000000 1.00000000 1.00000000
v -0.26187998 -0.31149665 -0.02539452 1.00000000 1.00000000 1.00000000
v 0.12767027 0.19002687 -0.02566162 1.00000000 1.00000000 1.00000000
v 0.25903468 -0.04463263 -0.02511078 1.00000000 1.00000000 1.00000000
v 0.07396980 -0.11542115 -0.02566162 1.00000000 1.00000000 1.00000000
v -0.14175548 0.12137746 -0.02566162 1.00000000 1.00000000 1.00000000
v 0.28422968 0.12968049 -0.02300348 1.00000000 1.00000000 1.00000000
v -0.17982502 -0.22730144 -0.02566162 1.00000000 1.00000000 1.00000000
v -0.27209295 0.00808471 -0.02231118 1.00000000 1.00000000 1.00000000
v -0.28921328 0.05078370 -0.01310699 1.00000000 1.00000000 1.00000000
v 0.09758025 -0.35987238 -0.02566162 1.00000000 1.00000000 1.00000000
v 0.26312082 0.23741914 -0.02532591 1.00000000 1.00000000 1.00000000
v -0.13104075 0.17926978 -0.02566162 1.00000000 1.00000000 1.00000000
v 0.02857683 -0.45142841 -0.02566162 1.00000000 1.00000000 1.00000000
v -0.02491105 -0.29012002 -0.02566162 1.00000000 1.00000000 1.00000000
v 0.29277552 -0.14374164 -0.01374238 1.00000000 1.00000000 1.00000000
v 0.21817175 0.25054875 -0.02531862 1.00000000 1.00000000 1.00000000
v 0.24793921 -0.39140185 -0.02566162 1.00000000 1.00000000 1.00000000
v 0.13389579 0.11177265 -0.02566162 1.00000000 1.00000000 1.00000000
v -0.09475810 0.26200792 -0.02564891 1.00000000 1.00000000 1.00000000
v 0.01997770 0.03978982 -0.02566162 1.00000000 1.00000000 1.00000000
v -0.02547441 -0.16048251 -0.02566162 1.00000000 1.00000000 1.00000000
v -0.17640182 0.25262184 -0.02564576 1.00000000 1.00000000 1.00000000
v -0.04128547 -0.28590102 -0.02566162 1.00000000 1.00000000 1.00000000
v 0.06051016 0.27293901 -0.02566162 1.00000000 1.00000000 1.00000000
v -0.12696350 -0.00140401 -0.02566162 1.00000000 1.00000000 1.00000000
v -0.16261942 0.22108983 -0.02566162 1.00000000 1.00000000 1.00000000
v 0.11009580 -0.31866626 -0.02566162 1.00000000 1.00000000 1.00000000
v -0.20283945 -0.41166713 -0.02566162 1.00000000 1.00000000 1.00000000
v 0.05044788 0.13692661 -0.02566162 1.00000000 1.00000000 1.00000000
v 0.15164820 -0.40200082 -0.02566162 1.00000000 1.00000000 1.00000000
v -0.29123591 0.01943083 -0.01186997 1.00000000 1.00000000 1.00000000
v -0.27408572 -0.39883486 -0.02402165 1.00000000 1.00000000 1.00000000
v -0.14005328 0.19673671 -0.02566162 1.00000000 1.00000000 1.00000000
v 0.03245624 0.22541219 -0.02566162 1.00000000 1.00000000 1.00000000
v 0.08521348 0.20621914 -0.02566162 1.00000000 1.00000000 1.00000000
v 0.26217373 0.08407970 -0.02424746 1.00000000 1.00000000 1.00000000
v 0.21721403 0.27650057 -0.01903691 1.00000000 1.00000000 1.00000000
v 0.03586965 -0.25461980 -0.02566162 1.00000000 1.00000000 1.00000000
v 0.22443663 0.02956205 -0.02566162 1.00000000 1.00000000 1.00000000
v -0.23827738 0.17549563 -0.02566162 1.00000000 1.00000000 1.00000000
v -0.23668588 -0.17821083 -0.02566162 1.00000000 1.00000000 1.00000000
v -0.19478258 -0.19090789 -0.02566162 1.00000000 1.00000000 1.00000000
v -0.23668848 -0.05586978 -0.02566162 1.00000000 1.00000000 1.00000000
v 0.11189308 -0.02108317 -0.02566162 1.00000000 1.00000000 1.00000000
v -0.03416141 0.07266835 -0.02566162 1.00000000 1.00000000 1.00000000
v 0.16175919 0.02095440 -0.02566162 1.00000000 1.00000000 1.00000000
v -0.01459808 -0.36257530 -0.02566162 1.00000000 1.00000000 1.00000000
v -0.17515636 -0.19911843 -0.02566162 1.00000000 1.00000000 1.00000000
v 0.09091541 0.09620673 -0.02566162 1.00000000 1.00000000 1.00000000
v 0.16486335 -0.29860659 -0.02566162 1.00000000 1.00000000 1.00000000
v -0.04860948 0.02897031 -0.02566162 1.00000000 1.00000000 1.00000000
v -0.14352140 0.08461350 -0.02566162 1.00000000 1.00000000 1.00000000
v 0.23140862 0.00123492 -0.02566162 1.00000000 1.00000000 1.00000000
v 0.16233115 0.05654014 -0.02566162 1.00000000 1.00000000 1.00000000
v -0.20919501 -0.37608129 -0.02566162 1.00000000 1.00000000 1.00000000
v -0.22971889 -0.23731476 -0.02566162 1.00000000 1.00000000 1.00000000
v 0.10186981 -0.33647038 -0.02566162 1.00000000 1.00000000 1.00000000
v 0.21001159 0.08547698 -0.02566162 1.00000000 1.00000000 1.00000000
v 0.00198007 -0.20227128 -0.02566162 1.00000000 1.00000000 1.00000000
v -0.03766218 -0.00263572 -0.02566162 1.00000000 1.00000000 1.00000000
v -0.26597964 0.21422711 -0.02566162 1.00000000 1.00000000 1.00000000
v -0.00064057 0.19822245 -0.02566162 1.00000000 1.00000000 1.00000000
v -0.15886006 0.07718934 -0.02566162 1.00000000 1.00000000 1.00000000
v -0.18464943 0.13846376 -0.02566162 1.00000000 1.00000000 1.00000000
v -0.13686672 -0.38202706 -0.02566162 1.00000000 1.00000000 1.00000000
v -0.27891929 -0.08569071 -0.02071698 1.00000000 1.00000000 1.00000000
v 0.22145117 -0.12094081 -0.02566162 1.00000000 1.00000000 1.00000000
v 0.12498109 0.06504140 -0.02566162 1.00000000 1.00000000 1.00000000
v 0.11543002 -0.33181018 -0.02566162 1.00000000 1.00000000 1.00000000
v 0.02401230 -0.09496809 -0.02566162 1.00000000 1.00000000 1.00000000
v 0.25057227 -0.26752003 -0.02566162 1.00000000 1.00000000 1.00000000
v -0.23756727 -0.10959921 -0.02566162 1.00000000 1.00000000 1.00000000
v -0.05996597 -0.11745223 -0.02566162 1.00000000 1.00000000 1.00000000
v 0.14728761 -0.01536522 -0.02566162 1.00000000 1.00000000 1.00000000
v 0.09845837 0.24692663 -0.02566162 1.00000000 1.00000000 1.00000000
v 0.13839319 0.07446555 -0.02566162 1.00000000 1.00000000 1.00000000
v -0.18655824 -0.16069319 -0.02566162 1.00000000 1.00000000 1.00000000
v 0.20953935 -0.03521264 -0.02566162 1.00000000 1.00000000 1.00000000
v -0.24050914 -0.02959400 -0.02566162 1.00000000 1.00000000 1.00000000
v 0.13953887 0.09981384 -0.02566162 1.00000000 1.00000000 1.00000000
v -0.03852678 -0.43885267 -0.02566162 1.00000000 1.00000000 1.00000000
v -0.29370628 0.00459677 -0.00943656 1.00000000 1.00000000 1.00000000
v -0.28885376 -0.06942137 -0.01544822 1.00000000 1.00000000 1.00000000
v 0.23801297 -0.33514237 -0.02566162 1.00000000 1.00000000 1.00000000
v -0.18046194 -0.11684219 -0.02566162 1.00000000 1.00000000 1.00000000
v -0.21430401 -0.16110249 -0.02566162 1.00000000 1.00000000 1.00000000
v -0.12221458 -0.34114878 -0.02566162 1.00000000 1.00000000 1.00000000
v 0.01639129 -0.44849120 -0.02566162 1.00000000 1.00000000 1.00000000
v -0.26905700 0.04786002 -0.02291080 1.00000000 1.00000000 1.00000000
v -0.04452870 -0.06816800 -0.02566162 1.00000000 1.00000000 1.00000000
v 0.22170903 0.01095590 -0.02566162 1.00000000 1.00000000 1.00000000
v 0.02630462 -0.16883626 -0.02566162 1.00000000 1.00000000 1.00000000
v 0.25286447 0.05605291 -0.02545585 1.00000000 1.00000000 1.00000000
v 0.13521468 -0.36314845 -0.02566162 1.00000000 1.00000000 1.00000000
v -0.12007916 0.26179324 -0.02557279 1.00000000 1.00000000 1.00000000
v 0.26034172 -0.40859188 -0.02560011 1.00000000 1.00000000 1.00000000
v -0.01489746 -0.03072895 -0.02566162 1.00000000 1.00000000 1.00000000
v -0.19633948 -0.10991274 -0.02566162 1.00000000 1.00000000 1.00000000
v 0.21351281 -0.10423361 -0.02566162 1.00000000 1.00000000 1.00000000
v 0.29112251 -0.08424179 -0.01401197 1.00000000 1.00000000 1.00000000
v 0.18478955 0.10718412 -0.02566162 1.00000000 1.00000000 1.00000000
v 0.19385247 -0.26488186 -0.02566162 1.00000000 1.00000000 1.00000000
v -0.18389395 -0.31881910 -0.02566162 1.00000000 1.00000000 1.00000000
v 0.06997634 -0.06496463 -0.02566162 1.00000000 1.00000000 1.00000000
v -0.07807869 -0.31006010 -0.02566162 1.00000000 1.00000000 1.00000000
v -0.11378135 -0.00186454 -0.02566162 1.00000000 1.00000000 1.00000000
v 0.29616109 -0.36621611 -0.01493464 1.00000000 1.00000000 1.00000000
v -0.18992549 0.03137882 -0.02566162 1.00000000 1.00000000 1.00000000
v -0.07401753 0.24214088 -0.02566162 1.00000000 1.00000000 1.00000000
v -0.20374434 0.10409977 -0.02566162 1.00000000 1.00000000 1.00000000
v 0.25901697 0.04123562 -0.02488431 1.00000000 1.00000000 1.00000000
v -0.27055311 0.10169634 -0.02215072 1.00000000 1.00000000 1.00000000
v 0.05965565 0.10380173 -0.02566162 1.00000000 1.00000000 1.00000000
v -0.10312271 0.03327997 -0.02566162 1.00000000 1.00000000 1.00000000
v -0.17836005 0.16235668 -0.02566162 1.00000000 1.00000000 1.00000000
v -0.13440510 -0.29341361 -0.02566162 1.00000000 1.00000000 1.00000000
v -0.11526929 -0.30996637 -0.02566162 1.00000000 1.00000000 1.00000000
v -0.23976763 -0.20096912 -0.02566162 1.00000000 1.00000000 1.00000000
v 0.05223802 0.06834370 -0.02566162 1.00000000 1.00000000 1.00000000
v 0.05533733 -0.39607706 -0.02566162 1.00000000 1.00000000 1.00000000
v 0.29859351 -0.33553605 -0.01236748 1.00000000 1.00000000 1.00000000
v -0.00280028 -0.27186323 -0.02566162 1.00000000 1.00000000 1.00000000
v -0.22699068 -0.10124125 -0.02566162 1.00000000 1.00000000 1.00000000
v 0.20929684 0.12359587 -0.02566162 1.00000000 1.00000000 1.00000000
v -0.01001394 -0.25856705 -0.02566162 1.00000000 1.00000000 1.00000000
v 0.11071878 0.08615515 -0.02566162 1.00000000 1.00000000 1.00000000
v 0.18671300 -0.35144943 -0.02566162 1.00000000 1.00000000 1.00000000
v 0.26902008 -0.27767372 -0.02445037 1.00000000 1.00000000 1.00000000
v -0.04293664 0.20439249 -0.02566162 1.00000000 1.00000000 1.00000000
v -0.12204525 -0.27822104 -0.02566162 1.00000000 1.00000000 1.00000000
v 0.04842011 -0.03177225 -0.02566162 1.00000000 1.00000000 1.00000000
v -0.17587368 0.08415409 -0.02566162 1.00000000 1.00000000 1.00000000
v -0.13332029 0.11124027 -0.02566162 1.00000000 1.00000000 1.00000000
v 0.10656500 -0.10308248 -0.02566162 1.00000000 1.00000000 1.00000000
v 0.02178799 -0.22861144 -0.02566162 1.00000000 1.00000000 1.00000000
v -0.03497320 -0.30053817 -0.02566162 1.00000000 1.00000000 1.00000000
v -0.11646510 0.13731650 -0.02566162 1.00000000 1.00000000 1.00000000
v -0.11079944 0.20048824 -0.02566162 1.00000000 1.00000000 1.00000000
v 0.05667572 0.11998854 -0.02566162 1.00000000 1.00000000 1.00000000
v -0.11901784 0.29828743 -0.01473613 1.00000000 1.00000000 1.00000000
v 0.06014678 0.15114676 -0.02566162 1.00000000 1.00000000 1.00000000
v -0.22078251 -0.26864903 -0.02566162 1.00000000 1.00000000 1.00000000
v 0.19914716 -0.19250135 -0.02566162 1.00000000 1.00000000 1.00000000
v 0.20125362 0.03070865 -0.02566162 1.00000000 1.00000000 1.00000000
v -0.05215652 0.18135351 -0.02566162 1.00000000 1.00000000 1.00000000
v -0.10907754 -0.44589437 -0.02566162 1.00000000 1.00000000 1.00000000
v 0.19734825 -0.40237117 -0.02566162 1.00000000 1.00000000 1.00000000
v -0.17236097 -0.03790134 -0.02566162 1.00000000 1.00000000 1.00000000
v 0.02731965 -0.37042173 -0.02566162 1.00000000 1.00000000 1.00000000
v 0.10745029 0.12596022 -0.02566162 1.00000000 1.00000000 1.00000000
v 0.10083491 -0.15512022 -0.02566162 1.00000000 1.00000000 1.00000000
v 0.04463017 0.25756900 -0.02566162 1.00000000 1.00000000 1.00000000
v -0.28963255 -0.09997862 -0.01537822 1.00000000 1.00000000 1.00000000
v 0.08230468 0.14201332 -0.02566162 1.00000000 1.00000000 1.00000000
v -0.18870971 0.05891134 -0.02566162 1.00000000 1.00000000 1.00000000
v 0.19562026 -0.21930551 -0.02566162 1.00000000 1.00000000 1.00000000
v 0.13118511 -0.08275800 -0.02566162 1.00000000 1.00000000 1.00000000
v 0.15736673 -0.27398714 -0.02566162 1.00000000 1.00000000 1.00000000
v 0.27628732 -0.08377689 -0.02163608 1.00000000 1.00000000 1.00000000
v -0.05861132 -0.06077118 -0.02566162 1.00000000 1.00000000 1.00000000
v -0.08174842 0.04003423 -0.02566162 1.00000000 1.00000000 1.00000000
v -0.23777021 0.21479039 -0.02566162 1.00000000 1.00000000 1.00000000
v 0.16539229 -0.38811031 -0.02566162 1.00000000 1.00000000 1.00000000
v -0.13292264 -0.22445798 -0.02566162 1.00000000 1.00000000 1.00000000
v 0.04014773 -0.09167195 -0.02566162 1.00000000 1.00000000 1.00000000
v 0.13531536 0.17544959 -0.02566162 1.00000000 1.00000000 1.00000000
v -0.23770121 -0.42124345 -0.02566162 1.00000000 1.00000000 1.00000000
v -0.12630619 0.05659201 -0.02566162 1.00000000 1.00000000 1.00000000
v 0.09265546 -0.16932686 -0.02566162 1.00000000 1.00000000 1.00000000
v 0.21664846 0.09661978 -0.02566162 1.00000000 1.00000000 1.00000000
v 0.14431944 -0.08065827 -0.02566162 1.00000000 1.00000000 1.00000000
v -0.24909669 0.06353003 -0.02562489 1.00000000 1.00000000 1.00000000
v -0.17271414 -0.35892693 -0.02566162 1.00000000 1.00000000 1.00000000
v 0.06883744 -0.45057131 -0.02566162 1.00000000 1.00000000 1.00000000
v -0.04093044 -0.41802467 -0.02566162 1.00000000 1.00000000 1.00000000
v -0.27425635 -0.03050109 -0.02191127 1.00000000 1.00000000 1.00000000
v 0.24605473 -0.17421553 -0.02566162 1.00000000 1.00000000 1.00000000
v -0.28160707 -0.17266205 -0.02042285 1.00000000 1.00000000 1.00000000
v 0.01985260 0.21595382 -0.02566162 1.00000000 1.00000000 1.00000000
v 0.19688248 -0.44207354 -0.02566162 1.00000000 1.00000000 1.00000000
v 0.22445321 -0.37175987 -0.02566162 1.00000000 1.00000000 1.00000000
v 0.08194316 0.08251528 -0.02566162 1.00000000 1.00000000 1.00000000
v 0.00962989 0.09387372 -0.02566162 1.00000000 1.00000000 1.00000000
v -0.08171932 -0.03738752 -0.02566162 1.00000000 1.00000000 1.00000000
v 0.17453921 0.09079210 -0.02566162 1.00000000 1.00000000 1.00000000
v -0.22525093 -0.41205362 -0.02566162 1.00000000 1.00000000 1.00000000
v 0.13398410 -0.13399593 -0.02566162 1.00000000 1.00000000 1.00000000
v 0.14252738 -0.32536941 -0.02566162 1.00000000 1.00000000 1.00000000
v 0.14976129 -0.22168922 -0.02566162 1.00000000 1.00000000 1.00000000
v -0.28496149 0.14455230 -0.02532497 1.00000000 1.00000000 1.00000000
v -0.24212612 0.11616336 -0.02566162 1.00000000 1.00000000 1.00000000
v -0.18814307 0.24063714 -0.02566162 1.00000000 1.00000000 1.00000000
v 0.10608203 -0.03588419 -0.02566162 1.00000000 1.00000000 1.00000000
v 0.12048868 -0.01072667 -0.02566162 1.00000000 1.00000000 1.00000000
v -0.19725656 -0.38243025 -0.02566162 1.00000000 1.00000000 1.00000000
v -0.29217880 -0.11421441 -0.01369475 1.00000000 1.00000000 1.00000000
v 0.12250733 -0.36995326 -0.02566162 1.00000000 1.00000000 1.00000000
v 0.16720535 0.16303079 -0.02566162 1.00000000 1.00000000 1.00000000
v 0.17201900 -0.42625220 -0.02566162 1.00000000 1.00000000 1.00000000
v -0.21935297 0.14112904 -0.02566162 1.00000000 1.00000000 1.00000000
v 0.02920929 -0.30007643 -0.02566162 1.00000000 1.00000000 1.00000000
v 0.18668634 -0.29262698 -0.02566162 1.00000000 1.00000000 1.00000000
v -0.23854695 0.19147466 -0.02566162 1.00000000 1.00000000 1.00000000
v 0.24041680 0.26556648 -0.02106824 1.00000000 1.00000000 1.00000000
v -0.06248476 0.16591923 -0.02566162 1.00000000 1.00000000 1.00000000
v -0.02730044 0.16646128 -0.02566162 1.00000000 1.00000000 1.00000000
v 0.15418719 -0.30524714 -0.02566162 1.00000000 1.00000000 1.00000000
v 0.23066729 0.27625638 -0.01754715 1.00000000 1.00000000 1.00000000
v 0.00285540 0.25818213 -0.02566162 1.00000000 1.00000000 1.00000000
v 0.25440202 0.12148226 -0.02550936 1.00000000 1.00000000 1.00000000
v -0.25164125 -0.33648161 -0.02566162 1.00000000 1.00000000 1.00000000
v -0.22930323 -0.30638516 -0.02566162 1.00000000 1.00000000 1.00000000
v 0.16409423 -0.13409969 -0.02566162 1.00000000 1.00000000 1.00000000
v -0.07019568 -0.44345872 -0.02566162 1.00000000 1.00000000 1.00000000
v -0.15193134 -0.16493583 -0.02566162 1.00000000 1.00000000 1.00000000
v 0.11978900 0.01922744 -0.02566162 1.00000000 1.00000000 1.00000000
v -0.14919139 -0.35583486 -0.02566162 1.00000000 1.00000000 1.00000000
v -0.20593859 -0.43887670 -0.02566162 1.00000000 1.00000000 1.00000000
v -0.10059485 -0.40248293 -0.02566162 1.00000000 1.00000000 1.00000000
v -0.23716755 0.05348793 -0.02566162 1.00000000 1.00000000 1.00000000
v -0.05263993 0.27610173 -0.02566162 1.00000000 1.00000000 1.00000000
v -0.09033117 0.27550014 -0.02458933 1.00000000 1.00000000 1.00000000
v -0.11571282 0.18605448 -0.02566162 1.00000000 1.00000000 1.00000000
v 0.23718794 -0.12670500 -0.02566162 1.00000000 1.00000000 1.00000000
v -0.29915875 -0.39256616 -0.01300601 1.00000000 1.00000000 1.00000000
v -0.02996133 0.03053809 -0.02566162 1.00000000 1.00000000 1.00000000
v -0.06067715 -0.43213956 -0.02566162 1.00000000 1.00000000 1.00000000
v 0.24039228 -0.23996335 -0.02566162 1.00000000 1.00000000 1.00000000
v 0.01605985 -0.25573026 -0.02566162 1.00000000 1.00000000 1.00000000
v -0.23819925 -0.16425817 -0.02566162 1.00000000 1.00000000 1.00000000
v 0.07474929 -0.27598887 -0.02566162 1.00000000 1.00000000 1.00000000
v 0.16676723 -0.26544176 -0.02566162 1.00000000 1.00000000 1.00000000
v 0.20808388 -0.27054418 -0.02566162 1.00000000 1.00000000 1.00000000
v 0.10690007 -0.29512411 -0.02566162 1.00000000 1.00000000 1.00000000
v -0.10977577 -0.12059293 -0.02566162 1.00000000 1.00000000 1.00000000
v 0.16540037 0.04276527 -0.02566162 1.00000000 1.00000000 1.00000000
v -0.14924670 0.27218595 -0.02403868 1.00000000 1.00000000 1.00000000
v 0.12685112 0.12457933 -0.02566162 1.00000000 1.00000000 1.00000000
v -0.06005709 -0.22509243 -0.02566162 1.00000000 1.00000000 1.00000000
v -0.01422588 0.22995421 -0.02566162 1.00000000 1.00000000 1.00000000
v -0.16704640 -0.32339967 -0.02566162 1.00000000 1.00000000 1.00000000
v -0.22402161 0.21929128 -0.02566162 1.00000000 1.00000000 1.00000000
v -0.26196771 -0.08716527 -0.02487069 1.00000000 1.00000000 1.00000000
v 0.00515413 0.14670115 -0.02566162 1.00000000 1.00000000 1.00000000
v -0.12638841 0.24765565 -0.02566162 1.00000000 1.00000000 1.00000000
v -0.14768053 -0.02338215 -0.02566162 1.00000000 1.00000000 1.00000000
v -0.26324329 0.19911328 -0.02566162 1.00000000 1.00000000 1.00000000
v -0.25787705 -0.29433199 -0.02559760 1.00000000 1.00000000 1.00000000
v 0.06742531 0.20689066 -0.02566162 1.00000000 1.00000000 1.00000000
v -0.24785181 -0.00874025 -0.02566162 1.00000000 1.00000000 1.00000000
v 0.11174789 -0.40772405 -0.02566162 1.00000000 1.00000000 1.00000000
v -0.01067739 -0.16253765 -0.02566162 1.00000000 1.00000000 1.00000000
v -0.15729360 -0.22233649 -0.02566162 1.00000000 1.00000000 1.00000000
v 0.12867748 0.00386710 -0.02566162 1.00000000 1.00000000 1.00000000
v -0.10327380 -0.07869166 -0.02566162 1.00000000 1.00000000 1.00000000
v 0.01620618 -0.13214329 -0.02566162 1.00000000 1.00000000 1.00000000
v 0.28295981 0.10418473 -0.01676442 1.00000000 1.00000000 1.00000000
v 0.22055162 0.19124232 -0.02566162 1.00000000 1.00000000 1.00000000
v -0.09613275 -0.18903274 -0.02566162 1.00000000 1.00000000 1.00000000
v 0.19250763 0.07742340 -0.02566162 1.00000000 1.00000000 1.00000000
v -0.15081306 -0.19651847 -0.02566162 1.00000000 1.00000000 1.00000000
v -0.17442418 -0.41961290 -0.02566162 1.00000000 1.00000000 1.00000000
v 0.28941725 0.05393403 -0.01286458 1.00000000 1.00000000 1.00000000
v -0.09279319 -0.02468679 -0.02566162 1.00000000 1.00000000 1.00000000
v -0.07639092 0.14491049 -0.02566162 1.00000000 1.00000000 1.00000000
v 0.18372576 -0.18465271 -0.02566162 1.00000000 1.00000000 1.00000000
v -0.12512793 -0.11023780 -0.02566162 1.00000000 1.00000000 1.00000000
v -0.13155538 -0.09303961 -0.02566162 1.00000000 1.00000000 1.00000000
v 0.20770316 -0.16084877 -0.02566162 1.00000000 1.00000000 1.00000000
v 0.14136655 -0.17694281 -0.02566162 1.00000000 1.00000000 1.00000000
v 0.04486454 -0.24177773 -0.02566162 1.00000000 1.00000000 1.00000000
v 0.09308302 0.06334843 -0.02566162 1.00000000 1.00000000 1.00000000
v 0.02484371 -0.26630235 -0.02566162 1.00000000 1.00000000 1.00000000
v -0.13205156 -0.30842741 -0.02566162 1.00000000 1.00000000 1.00000000
v -0.28941806 -0.28981834 -0.01804485 1.00000000 1.00000000 1.00000000
v -0.25630283 0.22059904 -0.02566162 1.00000000 1.00000000 1.00000000
v -0.02682080 -0.41653851 -0.02566162 1.00000000 1.00000000 1.00000000
v -0.16909229 0.10043548 -0.02566162 1.00000000 1.00000000 1.00000000
v 0.06102941 -0.23109261 -0.02566162 1.00000000 1.00000000 1.00000000
v -0.29575965 -0.21451515 -0.01250846 1.00000000 1.00000000 1.00000000
v -0.29386685 -0.40572442 -0.01700164 1.00000000 1.00000000 1.00000000
v 0.29165337 -0.01751420 -0.01226161 1.00000000 1.00000000 1.00000000
v 0.09151064 0.17119227 -0.02566162 1.00000000 1.00000000 1.00000000
v -0.13575191 -0.44455105 -0.02566162 1.00000000 1.00000000 1.00000000
v -0.30019548 -0.34016194 -0.01083175 1.00000000 1.00000000 1.00000000
v 0.11413514 0.19568211 -0.02566162 1.00000000 1.00000000 1.00000000
v 0.08801859 -0.12564798 -0.02566162 1.00000000 1.00000000 1.00000000
v 0.27432847 -0.17445252 -0.02282030 1.00000000 1.00000000 1.00000000
v -0.24052470 -0.09325660 -0.02566162 1.00000000 1.00000000 1.00000000
v 0.11817577 0.17802832 -0.02566162 1.00000000 1.00000000 1.00000000
v -0.28952350 0.25452960 -0.01909934 1.00000000 1.00000000 1.00000000
v -0.11906989 -0.22914716 -0.02566162 1.00000000 1.00000000 1.00000000
v 0.18549625 0.18899411 -0.02566162 1.00000000 1.00000000 1.00000000
v -0.19880587 -0.27312130 -0.02566162 1.00000000 1.00000000 1.00000000
v -0.03146872 0.18001516 -0.02566162 1.00000000 1.00000000 1.00000000
v -0.05245213 0.21255629 -0.02566162 1.00000000 1.00000000 1.00000000
v -0.13747615 -0.18680715 -0.02566162 1.00000000 1.00000000 1.00000000
v -0.22872987 -0.08268476 -0.02566162 1.00000000 1.00000000 1.00000000
v -0.25076140 -0.02097776 -0.02563048 1.00000000 1.00000000 1.00000000
v 0.05769841 0.18308476 -0.02566162 1.00000000 1.00000000 1.00000000
v 0.01083085 -0.00032375 -0.02566162 1.00000000 1.00000000 1.00000000
v 0.28025927 -0.18944745 -0.02107264 1.00000000 1.00000000 1.00000000
v -0.21602456 -0.07413333 -0.02566162 1.00000000 1.00000000 1.00000000
v -0.19408655 0.17127066 -0.02566162 1.00000000 1.00000000 1.00000000
v -0.01663077 0.12820534 -0.02566162 1.00000000 1.00000000 1.00000000
v 0.14401244 0.00041045 -0.02566162 1.00000000 1.00000000 1.00000000
v -0.12047487 -0.24024842 -0.02566162 1.00000000 1.00000000 1.00000000
v -0.20869958 -0.00851836 -0.02566162 1.00000000 1.00000000 1.00000000
v -0.05254825 -0.26786358 -0.02566162 1.00000000 1.00000000 1.00000000
v -0.10269464 0.22909067 -0.02566162 1.00000000 1.00000000 1.00000000
v -0.29915703 0.25943115 0.01440891 1.00000000 1.00000000 1.00000000
v -0.29848498 0.24321717 0.02201645 1.00000000 1.00000000 1.00000000
v -0.29730637 0.22558278 0.02529052 1.00000000 1.00000000 1.00000000
v -0.29656590 0.20917692 0.02566162 1.00000000 1.00000000 1.00000000
v -0.29633592 0.19420253 0.02566162 1.00000000 1.00000000 1.00000000
v -0.29610595 0.17922814 0.02566162 1.00000000 1.00000000 1.00000000
v -0.29587598 0.16425374 0.02566162 1.00000000 1.00000000 1.00000000
v -0.29563073 0.14828453 0.02550429 1.00000000 1.00000000 1.00000000
v -0.29535355 0.13023630 0.02256808 1.00000000 1.00000000 1.00000000
v -0.29509893 0.11365697 0.01498892 1.00000000 1.00000000 1.00000000
v -0.29495609 0.10435617 0.00000000 1.00000000 0.00000000 0.00000000
v -0.30907567 0.10018483 0.00000000 1.00000000 1.00000000 1.00000000
v -0.32314446 0.09602850 0.00000000 1.00000000 1.00000000 1.00000000
v -0.33726403 0.09185717 0.00000000 1.00000000 1.00000000 1.00000000
v -0.35138361 0.08768583 0.00000000 1.00000000 1.00000000 1.00000000
v -0.36550318 0.08351449 0.00000000 1.00000000 1.00000000 1.00000000
v -0.37957197 0.07935816 0.00000000 1.00000000 1.00000000 1.00000000
v -0.39369154 0.07518683 0.00000000 1.00000000 1.00000000 1.00000000
v -0.40781112 0.07101549 0.00000000 1.00000000 1.00000000 1.00000000
v -0.42193070 0.06684416 0.00000000 1.00000000 1.00000000 1.00000000
v -0.43599948 0.06268782 0.00000000 1.00000000 1.00000000 1.00000000
v -0.45011906 0.05851649 0.00000000 1.00000000 1.00000000 1.00000000
v -0.46423863 0.05434515 0.00000000 1.00000000 1.00000000 1.00000000
v -0.47835821 0.05017382 0.00000000 1.00000000 1.00000000 1.00000000
v -0.49247779 0.04600248 0.00000000 1.00000000 1.00000000 1.00000000
v -0.50654657 0.04184615 0.00000000 1.00000000 1.00000000 1.00000000
v -0.52066615 0.03767481 0.00000000 1.00000000 1.00000000 1.00000000
v -0.53478572 0.03350348 0.00000000 1.00000000 1.00000000 1.00000000
v -0.54890530 0.02933214 0.00000000 1.00000000 1.00000000 1.00000000
v -0.56297408 0.02517581 0.00000000 1.00000000 1.00000000 1.00000000
v -0.57709366 0.02100447 0.00000000 1.00000000 1.00000000 1.00000000
v -0.59121324 0.01683314 0.00000000 1.00000000 1.00000000 1.00000000
v -0.60533281 0.01266180 0.00000000 1.00000000 1.00000000 1.00000000
v -0.61940160 0.00850547 0.00000000 1.00000000 1.00000000 1.00000000
v -0.63352117 0.00433413 0.00000000 1.00000000 1.00000000 1.00000000
v -0.64764075 0.00016280 0.00000000 1.00000000 1.00000000 1.00000000
v -0.66176033 -0.00400854 0.00000000 1.00000000 1.00000000 1.00000000
v -0.67582911 -0.00816487 0.00000000 1.00000000 1.00000000 1.00000000
v -0.68994869 -0.01233620 0.00000000 1.00000000 1.00000000 1.00000000
v -0.70406826 -0.01650754 0.00000000 1.00000000 1.00000000 1.00000000
v -0.71818784 -0.02067888 0.00000000 1.00000000 1.00000000 1.00000000
v -0.73225663 -0.02483521 0.00000000 1.00000000 1.00000000 1.00000000
v -0.74637620 -0.02900654 0.00000000 1.00000000 1.00000000 1.00000000
v -0.76049578 -0.03317788 0.00000000 1.00000000 1.00000000 1.00000000
v -0.77461535 -0.03734922 0.00000000 1.00000000 1.00000000 1.00000000
v -0.78868414 -0.04150555 0.00000000 1.00000000 1.00000000 1.00000000
v -0.80280371 -0.04567688 0.00000000 1.00000000 0.00000000 0.00000000
v -0.80563319 -0.03774302 0.01433335 1.00000000 1.00000000 1.00000000
v -0.81079231 -0.02327678 0.02194217 1.00000000 1.00000000 1.00000000
v -0.81645988 -0.00738486 0.02525667 1.00000000 1.00000000 1.00000000
v -0.82172235 0.00737116 0.02566162 1.00000000 1.00000000 1.00000000
v -0.82645200 0.02063318 0.02566162 1.00000000 1.00000000 1.00000000
v -0.83171447 0.03538920 0.02525667 1.00000000 1.00000000 1.00000000
v -0.83738204 0.05128112 0.02194217 1.00000000 1.00000000 1.00000000
v -0.84254116 0.06574736 0.01433335 1.00000000 1.00000000 1.00000000
v -0.84537064 0.07368122 0.00000000 1.00000000 0.00000000 0.00000000
v -0.83134338 0.07868379 0.00000000 1.00000000 1.00000000 1.00000000
v -0.81726133 0.08370590 0.00000000 1.00000000 1.00000000 1.00000000
v -0.80323408 0.08870847 0.00000000 1.00000000 1.00000000 1.00000000
v -0.78915203 0.09373058 0.00000000 1.00000000 1.00000000 1.00000000
v -0.77512477 0.09873314 0.00000000 1.00000000 1.00000000 1.00000000
v -0.76109752 0.10373571 0.00000000 1.00000000 1.00000000 1.00000000
v -0.74701547 0.10875782 0.00000000 1.00000000 1.00000000 1.00000000
v -0.73298821 0.11376039 0.00000000 1.00000000 1.00000000 1.00000000
v -0.71896096 0.11876296 0.00000000 1.00000000 1.00000000 1.00000000
v -0.70487891 0.12378507 0.00000000 1.00000000 1.00000000 1.00000000
v -0.69085166 0.12878764 0.00000000 1.00000000 1.00000000 1.00000000
v -0.67676961 0.13380975 0.00000000 1.00000000 1.00000000 1.00000000
v -0.66274235 0.13881231 0.00000000 1.00000000 1.00000000 1.00000000
v -0.64871510 0.14381488 0.00000000 1.00000000 1.00000000 1.00000000
v -0.63463305 0.14883699 0.00000000 1.00000000 1.00000000 1.00000000
v -0.62060579 0.15383956 0.00000000 1.00000000 1.00000000 1.00000000
v -0.60652374 0.15886167 0.00000000 1.00000000 1.00000000 1.00000000
v -0.59249649 0.16386424 0.00000000 1.00000000 1.00000000 1.00000000
v -0.57846923 0.16886680 0.00000000 1.00000000 1.00000000 1.00000000
v -0.56438718 0.17388891 0.00000000 1.00000000 1.00000000 1.00000000
v -0.55035993 0.17889148 0.00000000 1.00000000 1.00000000 1.00000000
v -0.53633267 0.18389405 0.00000000 1.00000000 1.00000000 1.00000000
v -0.52225063 0.18891616 0.00000000 1.00000000 1.00000000 1.00000000
v -0.50822337 0.19391873 0.00000000 1.00000000 1.00000000 1.00000000
v -0.49414132 0.19894084 0.00000000 1.00000000 1.00000000 1.00000000
v -0.48011407 0.20394341 0.00000000 1.00000000 1.00000000 1.00000000
v -0.46608681 0.20894597 0.00000000 1.00000000 1.00000000 1.00000000
v -0.45200476 0.21396808 0.00000000 1.00000000 1.00000000 1.00000000
v -0.43797751 0.21897065 0.00000000 1.00000000 1.00000000 1.00000000
v -0.42389546 0.22399276 0.00000000 1.00000000 1.00000000 1.00000000
v -0.40986820 0.22899533 0.00000000 1.00000000 1.00000000 1.00000000
v -0.39584095 0.23399790 0.00000000 1.00000000 1.00000000 1.00000000
v -0.38175890 0.23902001 0.00000000 1.00000000 1.00000000 1.00000000
v -0.36773165 0.24402257 0.00000000 1.00000000 1.00000000 1.00000000
v -0.35370439 0.24902514 0.00000000 1.00000000 1.00000000 1.00000000
v -0.33962234 0.25404725 0.00000000 1.00000000 1.00000000 1.00000000
v -0.32559509 0.25904982 0.00000000 1.00000000 1.00000000 1.00000000
v -0.31151304 0.26407193 0.00000000 1.00000000 1.00000000 1.00000000
v -0.29748578 0.26907450 0.00000000 1.00000000 0.00000000 0.00000000
v -0.53878509 0.05792832 0.02218139 1.00000000 1.00000000 1.00000000
v -0.63798761 0.10113447 0.02549671 1.00000000 1.00000000 1.00000000
v -0.32632837 0.25241583 0.01226035 1.00000000 1.00000000 1.00000000
v -0.52011536 0.18229568 0.01312800 1.00000000 1.00000000 1.00000000
v -0.69148970 0.12146717 0.01288746 1.00000000 1.00000000 1.00000000
v -0.72204527 0.07860570 0.02481173 1.00000000 1.00000000 1.00000000
v -0.58818626 0.08866097 0.02566162 1.00000000 1.00000000 1.00000000
v -0.49511565 0.07906285 0.02410500 1.00000000 1.00000000 1.00000000
v -0.61536622 0.09877501 0.02566162 1.00000000 1.00000000 1.00000000
v -0.43504720 0.19310543 0.02241497 1.00000000 1.00000000 1.00000000
v -0.31076342 0.15885295 0.02566162 1.00000000 1.00000000 1.00000000
v -0.39168240 0.13225990 0.02566162 1.00000000 1.00000000 1.00000000
v -0.56792359 0.16349144 0.01447285 1.00000000 1.00000000 1.00000000
v -0.53202713 0.09864758 0.02566162 1.00000000 1.00000000 1.00000000
v -0.66670979 0.13229726 0.01103891 1.00000000 1.00000000 1.00000000
v -0.62866164 0.11091149 0.02493550 1.00000000 1.00000000 1.00000000
v -0.75810623 0.02660882 0.02566162 1.00000000 1.00000000 1.00000000
v -0.72898844 -0.01628162 0.01340675 1.00000000 1.00000000 1.00000000
v -0.64991323 0.01580423 0.01873702 1.00000000 1.00000000 1.00000000
v -0.34183050 0.15669898 0.02566162 1.00000000 1.00000000 1.00000000
v -0.33060920 0.12008435 0.02236798 1.00000000 1.00000000 1.00000000
v -0.70125954 -0.00593911 0.01501611 1.00000000 1.00000000 1.00000000
v -0.58512755 0.15657773 0.01501525 1.00000000 1.00000000 1.00000000
v -0.74260238 0.05439575 0.02566162 1.00000000 1.00000000 1.00000000
v -0.44765675 0.20593100 0.01479111 1.00000000 1.00000000 1.00000000
v -0.32433176 0.15312183 0.02566162 1.00000000 1.00000000 1.00000000
v -0.36522263 0.10852507 0.02198120 1.00000000 1.00000000 1.00000000
v -0.82484579 0.05656348 0.02169638 1.00000000 1.00000000 1.00000000
v -0.58201300 0.07435454 0.02566162 1.00000000 1.00000000 1.00000000
v -0.65840939 0.00327505 0.01229233 1.00000000 1.00000000 1.00000000
v -0.42457492 0.20391644 0.02009774 1.00000000 1.00000000 1.00000000
v -0.75260126 0.08561507 0.02059284 1.00000000 1.00000000 1.00000000
v -0.52234641 0.04924994 0.01650779 1.00000000 1.00000000 1.00000000
v -0.48387340 0.17876248 0.02150899 1.00000000 1.00000000 1.00000000
v -0.71135341 0.03122740 0.02564895 1.00000000 1.00000000 1.00000000
v -0.77312004 0.03349670 0.02566162 1.00000000 1.00000000 1.00000000
v -0.62754223 0.04032623 0.02417437 1.00000000 1.00000000 1.00000000
v -0.58007636 0.03042506 0.01539745 1.00000000 1.00000000 1.00000000
v -0.41596549 0.07505155 0.01242963 1.00000000 1.00000000 1.00000000
v -0.66234850 0.12058699 0.01950579 1.00000000 1.00000000 1.00000000
v -0.44493517 0.14216074 0.02566162 1.00000000 1.00000000 1.00000000
v -0.51345269 0.09927989 0.02566162 1.00000000 1.00000000 1.00000000
v -0.41665996 0.18765651 0.02479346 1.00000000 1.00000000 1.00000000
v -0.46285872 0.14152396 0.02566162 1.00000000 1.00000000 1.00000000
v -0.50211681 0.18625215 0.01496757 1.00000000 1.00000000 1.00000000
v -0.78094596 -0.03611144 0.00877937 1.00000000 1.00000000 1.00000000
v -0.33393752 0.22341786 0.02376523 1.00000000 1.00000000 1.00000000
v -0.64276439 0.05685164 0.02566162 1.00000000 1.00000000 1.00000000
v -0.41810894 0.21821486 0.01349855 1.00000000 1.00000000 1.00000000
v -0.67785115 0.11951401 0.01740714 1.00000000 1.00000000 1.00000000
v -0.64049926 0.13902439 0.01340232 1.00000000 1.00000000 1.00000000
v -0.44703987 0.17063068 0.02540944 1.00000000 1.00000000 1.00000000
v -0.47880629 0.13985782 0.02566162 1.00000000 1.00000000 1.00000000
v -0.62487150 0.06254453 0.02566162 1.00000000 1.00000000 1.00000000
v -0.36723389 0.22937558 0.01787969 1.00000000 1.00000000 1.00000000
v -0.68906087 0.00099160 0.01707987 1.00000000 1.00000000 1.00000000
v -0.73310436 0.04349428 0.02566162 1.00000000 1.00000000 1.00000000
v -0.52507387 0.08545273 0.02563316 1.00000000 1.00000000 1.00000000
v -0.67457893 0.07350369 0.02566162 1.00000000 1.00000000 1.00000000
v -0.67618451 0.12896055 0.01099539 1.00000000 1.00000000 1.00000000
v -0.37423698 0.09432557 0.01726015 1.00000000 1.00000000 1.00000000
v -0.54467636 0.14422629 0.02447697 1.00000000 1.00000000 1.00000000
v -0.39782352 0.15137323 0.02566162 1.00000000 1.00000000 1.00000000
v -0.60222554 0.08917268 0.02566162 1.00000000 1.00000000 1.00000000
v -0.52560288 0.06784409 0.02367355 1.00000000 1.00000000 1.00000000
v -0.73623516 0.07335684 0.02483587 1.00000000 1.00000000 1.00000000
v -0.33331852 0.20378407 0.02566162 1.00000000 1.00000000 1.00000000
v -0.32459184 0.23672576 0.02112933 1.00000000 1.00000000 1.00000000
v -0.83262634 0.07131004 0.01273739 1.00000000 1.00000000 1.00000000
v -0.75592839 0.04253428 0.02566162 1.00000000 1.00000000 1.00000000
v -0.58988485 0.13790487 0.02240965 1.00000000 1.00000000 1.00000000
v -0.54566439 0.07871088 0.02561558 1.00000000 1.00000000 1.00000000
v -0.71520358 -0.01125144 0.01415611 1.00000000 1.00000000 1.00000000
v -0.41209453 0.14914591 0.02566162 1.00000000 1.00000000 1.00000000
v -0.37874958 0.14394368 0.02566162 1.00000000 1.00000000 1.00000000
v -0.47718198 0.16073622 0.02534681 1.00000000 1.00000000 1.00000000
v -0.49617798 0.16895663 0.02301772 1.00000000 1.00000000 1.00000000
v -0.45948326 0.06485625 0.01456949 1.00000000 1.00000000 1.00000000
v -0.33459468 0.10486180 0.01659310 1.00000000 1.00000000 1.00000000
v -0.70748829 0.06509506 0.02566162 1.00000000 1.00000000 1.00000000
v -0.36797469 0.16322118 0.02566162 1.00000000 1.00000000 1.00000000
v -0.43090500 0.10570948 0.02517442 1.00000000 1.00000000 1.00000000
v -0.34004164 0.18155869 0.02566162 1.00000000 1.00000000 1.00000000
v -0.47123246 0.09685153 0.02542809 1.00000000 1.00000000 1.00000000
v -0.63728444 0.02526759 0.02104938 1.00000000 1.00000000 1.00000000
v -0.34543840 0.09518324 0.01177377 1.00000000 1.00000000 1.00000000
v -0.57193213 0.09344419 0.02566162 1.00000000 1.00000000 1.00000000
v -0.46088058 0.08507171 0.02325647 1.00000000 1.00000000 1.00000000
v -0.55443470 0.05085420 0.02142454 1.00000000 1.00000000 1.00000000
v -0.77698701 0.04721232 0.02564989 1.00000000 1.00000000 1.00000000
v -0.59712797 0.10966705 0.02566162 1.00000000 1.00000000 1.00000000
v -0.75809665 -0.00840566 0.02171598 1.00000000 1.00000000 1.00000000
v -0.48791695 0.19405524 0.01289797 1.00000000 1.00000000 1.00000000
v -0.79356348 0.00245018 0.02548053 1.00000000 1.00000000 1.00000000
v -0.56803108 0.03898954 0.01825553 1.00000000 1.00000000 1.00000000
v -0.67482499 0.05784464 0.02566162 1.00000000 1.00000000 1.00000000
v -0.50667639 0.15373434 0.02501415 1.00000000 1.00000000 1.00000000
v -0.66523773 0.09439158 0.02528843 1.00000000 1.00000000 1.00000000
v -0.31113506 0.23091817 0.02388884 1.00000000 1.00000000 1.00000000
v -0.38360683 0.15949649 0.02566162 1.00000000 1.00000000 1.00000000
v -0.78475802 -0.01333615 0.02257359 1.00000000 1.00000000 1.00000000
v -0.42683642 0.14048317 0.02566162 1.00000000 1.00000000 1.00000000
v -0.43560500 0.08765497 0.02195802 1.00000000 1.00000000 1.00000000
v -0.46266515 0.20004467 0.01515469 1.00000000 1.00000000 1.00000000
v -0.74172343 0.10478842 0.01178445 1.00000000 1.00000000 1.00000000
v -0.36641929 0.20768690 0.02449409 1.00000000 1.00000000 1.00000000
v -0.65829079 0.06426967 0.02566162 1.00000000 1.00000000 1.00000000
v -0.60754826 0.14865077 0.01496836 1.00000000 1.00000000 1.00000000
v -0.30515422 0.26426103 0.00715326 1.00000000 1.00000000 1.00000000
v -0.55242187 0.03646324 0.01386885 1.00000000 1.00000000 1.00000000
v -0.68497537 0.12879588 0.00716803 1.00000000 1.00000000 1.00000000
v -0.68984468 0.06140145 0.02566162 1.00000000 1.00000000 1.00000000
v -0.65383673 0.13392030 0.01367611 1.00000000 1.00000000 1.00000000
v -0.40066153 0.08846184 0.01826854 1.00000000 1.00000000 1.00000000
v -0.69173027 0.07644976 0.02566080 1.00000000 1.00000000 1.00000000
v -0.64605854 0.04071066 0.02502234 1.00000000 1.00000000 1.00000000
v -0.31910451 0.21507890 0.02548418 1.00000000 1.00000000 1.00000000
v -0.81925249 0.03691275 0.02547227 1.00000000 1.00000000 1.00000000
v -0.46432311 0.11106090 0.02566162 1.00000000 1.00000000 1.00000000
v -0.41948856 0.12144581 0.02566162 1.00000000 1.00000000 1.00000000
v -0.40916838 0.20410983 0.02190824 1.00000000 1.00000000 1.00000000
v -0.48781545 0.12389385 0.02566162 1.00000000 1.00000000 1.00000000
v -0.38381255 0.11159272 0.02404018 1.00000000 1.00000000 1.00000000
v -0.68590354 0.01989952 0.02354905 1.00000000 1.00000000 1.00000000
v -0.78214584 0.00849077 0.02560430 1.00000000 1.00000000 1.00000000
v -0.72850736 0.01549677 0.02492147 1.00000000 1.00000000 1.00000000
v -0.67977327 0.08969942 0.02524576 1.00000000 1.00000000 1.00000000
v -0.31354186 0.24516592 0.01942875 1.00000000 1.00000000 1.00000000
v -0.55178790 0.09686505 0.02566162 1.00000000 1.00000000 1.00000000
v -0.61076481 0.02400239 0.01701250 1.00000000 1.00000000 1.00000000
v -0.67294919 0.03103715 0.02481062 1.00000000 1.00000000 1.00000000
v -0.69946972 0.04904681 0.02566162 1.00000000 1.00000000 1.00000000
v -0.39820463 0.16924901 0.02566162 1.00000000 1.00000000 1.00000000
v -0.44646431 0.06389798 0.01026677 1.00000000 1.00000000 1.00000000
v -0.64780097 0.08929847 0.02566162 1.00000000 1.00000000 1.00000000
v -0.50576888 0.06665577 0.02187587 1.00000000 1.00000000 1.00000000
v -0.61495371 0.11928426 0.02445823 1.00000000 1.00000000 1.00000000
v -0.48884708 0.06015860 0.01708991 1.00000000 1.00000000 1.00000000
v -0.66279374 0.04789242 0.02566162 1.00000000 1.00000000 1.00000000
v -0.44724492 0.11338938 0.02566162 1.00000000 1.00000000 1.00000000
v -0.33523419 0.14142163 0.02563038 1.00000000 1.00000000 1.00000000
v -0.47018175 0.12500552 0.02566162 1.00000000 1.00000000 1.00000000
v -0.44958949 0.07760725 0.01987897 1.00000000 1.00000000 1.00000000
v -0.59160052 0.05440846 0.02472121 1.00000000 1.00000000 1.00000000
v -0.52363080 0.10907943 0.02566162 1.00000000 1.00000000 1.00000000
v -0.50072798 0.11395490 0.02566162 1.00000000 1.00000000 1.00000000
v -0.38164545 0.19936771 0.02489173 1.00000000 1.00000000 1.00000000
v -0.30650805 0.14363686 0.02528327 1.00000000 1.00000000 1.00000000
v -0.73168879 -0.00142617 0.02145262 1.00000000 1.00000000 1.00000000
v -0.53874338 0.08776688 0.02566162 1.00000000 1.00000000 1.00000000
v -0.65934151 0.07959269 0.02566162 1.00000000 1.00000000 1.00000000
v -0.51363659 0.11754867 0.02566162 1.00000000 1.00000000 1.00000000
v -0.74245073 0.02997336 0.02566162 1.00000000 1.00000000 1.00000000
v -0.40236674 0.11814651 0.02548791 1.00000000 1.00000000 1.00000000
v -0.71861339 0.11303693 0.01177809 1.00000000 1.00000000 1.00000000
v -0.80839474 0.00784658 0.02566162 1.00000000 1.00000000 1.00000000
v -0.44986560 0.09694609 0.02481108 1.00000000 1.00000000 1.00000000
v -0.72485501 0.03062875 0.02566162 1.00000000 1.00000000 1.00000000
v -0.43995921 0.15619000 0.02566162 1.00000000 1.00000000 1.00000000
v -0.59523478 0.03290437 0.01916746 1.00000000 1.00000000 1.00000000
v -0.77946790 0.08489943 0.01650414 1.00000000 1.00000000 1.00000000
v -0.31112866 0.25579662 0.01394006 1.00000000 1.00000000 1.00000000
v -0.73724875 0.09091787 0.02065530 1.00000000 1.00000000 1.00000000
v -0.47376234 0.19186884 0.01763221 1.00000000 1.00000000 1.00000000
v -0.52643652 0.12333370 0.02566162 1.00000000 1.00000000 1.00000000
v -0.48359310 0.08739799 0.02486489 1.00000000 1.00000000 1.00000000
v -0.68631410 0.10668342 0.02147138 1.00000000 1.00000000 1.00000000
v -0.64110974 0.07331795 0.02566162 1.00000000 1.00000000 1.00000000
v -0.51736193 0.14402631 0.02550372 1.00000000 1.00000000 1.00000000
v -0.56476682 0.10732118 0.02566162 1.00000000 1.00000000 1.00000000
v -0.69655948 0.03281394 0.02556772 1.00000000 1.00000000 1.00000000
v -0.69639719 0.09550565 0.02348474 1.00000000 1.00000000 1.00000000
v -0.63220347 0.12700428 0.02113518 1.00000000 1.00000000 1.00000000
v -0.50932202 0.13047431 0.02566162 1.00000000 1.00000000 1.00000000
v -0.51130038 0.08245338 0.02522193 1.00000000 1.00000000 1.00000000
v -0.55702920 0.13289803 0.02529549 1.00000000 1.00000000 1.00000000
v -0.40846180 0.13428175 0.02566162 1.00000000 1.00000000 1.00000000
v -0.47315271 0.07491636 0.02144064 1.00000000 1.00000000 1.00000000
v -0.64023250 0.00837596 0.01204341 1.00000000 1.00000000 1.00000000
v -0.80928582 0.02503582 0.02566162 1.00000000 1.00000000 1.00000000
v -0.32786297 0.19208211 0.02566162 1.00000000 1.00000000 1.00000000
v -0.34881096 0.10929928 0.02062262 1.00000000 1.00000000 1.00000000
v -0.55241537 0.06743576 0.02491119 1.00000000 1.00000000 1.00000000
v -0.81976819 0.07414511 0.01413058 1.00000000 1.00000000 1.00000000
v -0.39465075 0.20920389 0.02193308 1.00000000 1.00000000 1.00000000
v -0.55304920 0.17108304 0.01268002 1.00000000 1.00000000 1.00000000
v -0.30915236 0.18748610 0.02566162 1.00000000 1.00000000 1.00000000
v -0.71528600 0.00555437 0.02211421 1.00000000 1.00000000 1.00000000
v -0.49791227 0.09829723 0.02566162 1.00000000 1.00000000 1.00000000
v -0.41951318 0.08878123 0.02075766 1.00000000 1.00000000 1.00000000
v -0.80521921 0.07695241 0.01575554 1.00000000 1.00000000 1.00000000
v -0.67472085 0.00921360 0.01907458 1.00000000 1.00000000 1.00000000
v -0.72493076 0.05969923 0.02566162 1.00000000 1.00000000 1.00000000
v -0.65683860 0.03012448 0.02388592 1.00000000 1.00000000 1.00000000
v -0.32036832 0.10489489 0.01377239 1.00000000 1.00000000 1.00000000
v -0.79733398 -0.02465890 0.02006696 1.00000000 1.00000000 1.00000000
v -0.35805242 0.12556477 0.02499584 1.00000000 1.00000000 1.00000000
v -0.76547303 0.07623510 0.02214371 1.00000000 1.00000000 1.00000000
v -0.77130427 0.01705920 0.02566162 1.00000000 1.00000000 1.00000000
v -0.60388015 0.06791545 0.02566162 1.00000000 1.00000000 1.00000000
v -0.63016583 0.08626281 0.02566162 1.00000000 1.00000000 1.00000000
v -0.64599732 0.12006804 0.02178187 1.00000000 1.00000000 1.00000000
v -0.47355775 0.05989040 0.01396794 1.00000000 1.00000000 1.00000000
v -0.42357364 0.15838160 0.02566162 1.00000000 1.00000000 1.00000000
v -0.30610645 0.21535833 0.02564649 1.00000000 1.00000000 1.00000000
v -0.54434610 0.16155851 0.01995808 1.00000000 1.00000000 1.00000000
v -0.77793051 0.06547268 0.02368518 1.00000000 1.00000000 1.00000000
v -0.57695875 0.05389272 0.02391889 1.00000000 1.00000000 1.00000000
v -0.65467106 0.10650217 0.02423305 1.00000000 1.00000000 1.00000000
v -0.32169219 0.18003636 0.02566162 1.00000000 1.00000000 1.00000000
v -0.68326826 0.04379256 0.02566162 1.00000000 1.00000000 1.00000000
v -0.34907321 0.21069012 0.02492734 1.00000000 1.00000000 1.00000000
v -0.53897480 0.11063779 0.02566162 1.00000000 1.00000000 1.00000000
v -0.55314890 0.11552913 0.02566162 1.00000000 1.00000000 1.00000000
v -0.75855924 0.00763155 0.02503999 1.00000000 1.00000000 1.00000000
v -0.77212849 -0.00637570 0.02337202 1.00000000 1.00000000 1.00000000
v -0.62517750 0.01640198 0.01492191 1.00000000 1.00000000 1.00000000
v -0.46434968 0.17644449 0.02385651 1.00000000 1.00000000 1.00000000
v -0.54175629 0.12602680 0.02566162 1.00000000 1.00000000 1.00000000
v -0.48345447 0.10843748 0.02566162 1.00000000 1.00000000 1.00000000
v -0.67183216 0.10805384 0.02257783 1.00000000 1.00000000 1.00000000
v -0.45016769 0.18832601 0.02224512 1.00000000 1.00000000 1.00000000
v -0.45999612 0.15674577 0.02566162 1.00000000 1.00000000 1.00000000
v -0.41246834 0.17007209 0.02566162 1.00000000 1.00000000 1.00000000
v -0.38344904 0.17701534 0.02566162 1.00000000 1.00000000 1.00000000
v -0.53192164 0.15252828 0.02382100 1.00000000 1.00000000 1.00000000
v -0.67504434 -0.00272313 0.01124651 1.00000000 1.00000000 1.00000000
v -0.60369811 0.13063160 0.02301287 1.00000000 1.00000000 1.00000000
v -0.31305085 0.20066410 0.02566162 1.00000000 1.00000000 1.00000000
v -0.43426614 0.21328512 0.01281659 1.00000000 1.00000000 1.00000000
v -0.35422130 0.18912257 0.02566162 1.00000000 1.00000000 1.00000000
v -0.49671668 0.13701161 0.02566162 1.00000000 1.00000000 1.00000000
v -0.58204346 0.10939816 0.02566162 1.00000000 1.00000000 1.00000000
v -0.51111825 0.17145784 0.02069323 1.00000000 1.00000000 1.00000000
v -0.79748905 0.01832806 0.02566162 1.00000000 1.00000000 1.00000000
v -0.56325146 0.08163499 0.02566162 1.00000000 1.00000000 1.00000000
v -0.75597230 -0.02361399 0.01391337 1.00000000 1.00000000 1.00000000
v -0.31864664 0.12330057 0.02227819 1.00000000 1.00000000 1.00000000
v -0.40381971 0.07824610 0.01206857 1.00000000 1.00000000 1.00000000
v -0.37379297 0.12697084 0.02550950 1.00000000 1.00000000 1.00000000
v -0.53584746 0.17531110 0.01419654 1.00000000 1.00000000 1.00000000
v -0.31881148 0.13877814 0.02516977 1.00000000 1.00000000 1.00000000
v -0.30575734 0.12601160 0.02195676 1.00000000 1.00000000 1.00000000
v -0.35268135 0.16845408 0.02566162 1.00000000 1.00000000 1.00000000
v -0.78619975 0.02560485 0.02566162 1.00000000 1.00000000 1.00000000
v -0.43479560 0.12550373 0.02566162 1.00000000 1.00000000 1.00000000
v -0.33924648 0.24266032 0.01604860 1.00000000 1.00000000 1.00000000
v -0.66430732 0.01643383 0.02074750 1.00000000 1.00000000 1.00000000
v -0.30923743 0.17227093 0.02566162 1.00000000 1.00000000 1.00000000
v -0.38579819 0.08700701 0.01484169 1.00000000 1.00000000 1.00000000
v -0.56625705 0.06393341 0.02498168 1.00000000 1.00000000 1.00000000
v -0.50687204 0.05212152 0.01544368 1.00000000 1.00000000 1.00000000
v -0.72975636 0.10517480 0.01489493 1.00000000 1.00000000 1.00000000
v -0.40265053 0.22269139 0.01428603 1.00000000 1.00000000 1.00000000
v -0.74357647 -0.01386796 0.01775146 1.00000000 1.00000000 1.00000000
v -0.35187730 0.23402714 0.01828617 1.00000000 1.00000000 1.00000000
v -0.77036229 -0.02556145 0.01554875 1.00000000 1.00000000 1.00000000
v -0.35984468 0.09289463 0.01350415 1.00000000 1.00000000 1.00000000
v -0.42762165 0.07321859 0.01377981 1.00000000 1.00000000 1.00000000
v -0.75005488 0.06976017 0.02465722 1.00000000 1.00000000 1.00000000
v -0.45237956 0.12775570 0.02566162 1.00000000 1.00000000 1.00000000
v -0.43829946 0.07143440 0.01479788 1.00000000 1.00000000 1.00000000
v -0.53633553 0.04141667 0.01402358 1.00000000 1.00000000 1.00000000
v -0.55880131 0.15185818 0.02156687 1.00000000 1.00000000 1.00000000
v -0.79470544 -0.03812949 0.01119017 1.00000000 1.00000000 1.00000000
v -0.39559675 0.10180390 0.02261929 1.00000000 1.00000000 1.00000000
v -0.32791986 0.16754747 0.02566162 1.00000000 1.00000000 1.00000000
v -0.74465457 0.01037269 0.02487754 1.00000000 1.00000000 1.00000000
v -0.61057346 0.04592696 0.02427665 1.00000000 1.00000000 1.00000000
v -0.61671146 0.07876579 0.02566162 1.00000000 1.00000000 1.00000000
v -0.79365280 0.03893163 0.02566162 1.00000000 1.00000000 1.00000000
v -0.80814326 0.04487269 0.02515619 1.00000000 1.00000000 1.00000000
v -0.79357403 0.05994623 0.02367444 1.00000000 1.00000000 1.00000000
v -0.36941304 0.18365743 0.02566162 1.00000000 1.00000000 1.00000000
v -0.41272473 0.10283004 0.02399874 1.00000000 1.00000000 1.00000000
v -0.35912938 0.14596151 0.02566162 1.00000000 1.00000000 1.00000000
v -0.71951357 0.09589251 0.02112647 1.00000000 1.00000000 1.00000000
v -0.57236840 0.12389150 0.02553068 1.00000000 1.00000000 1.00000000
v -0.76123190 0.05762994 0.02547076 1.00000000 1.00000000 1.00000000
v -0.30733672 0.11015444 0.01481891 1.00000000 1.00000000 1.00000000
v -0.38385746 0.22412718 0.01753056 1.00000000 1.00000000 1.00000000
v -0.39810066 0.18809724 0.02540852 1.00000000 1.00000000 1.00000000
v -0.80134615 -0.00966087 0.02440503 1.00000000 1.00000000 1.00000000
v -0.70838490 0.10610056 0.01865638 1.00000000 1.00000000 1.00000000
v -0.75387566 0.09906942 0.01301213 1.00000000 1.00000000 1.00000000
v -0.62332597 0.14024837 0.01669810 1.00000000 1.00000000 1.00000000
v -0.81018150 0.06122879 0.02186839 1.00000000 1.00000000 1.00000000
v -0.79192754 0.08057047 0.01643717 1.00000000 1.00000000 1.00000000
v -0.70248769 0.01399134 0.02332502 1.00000000 1.00000000 1.00000000
v -0.78488341 -0.02764627 0.01689422 1.00000000 1.00000000 1.00000000
v -0.70039832 0.11507432 0.01527901 1.00000000 1.00000000 1.00000000
v -0.43039794 0.17456914 0.02552837 1.00000000 1.00000000 1.00000000
v -0.49015716 0.15138714 0.02560546 1.00000000 1.00000000 1.00000000
v -0.76790901 0.09319665 0.01370855 1.00000000 1.00000000 1.00000000
v -0.52398881 0.16429636 0.02155963 1.00000000 1.00000000 1.00000000
v -0.34463129 0.13021816 0.02507305 1.00000000 1.00000000 1.00000000
v -0.52978573 0.13584096 0.02564193 1.00000000 1.00000000 1.00000000
v -0.71525540 0.04765366 0.02566162 1.00000000 1.00000000 1.00000000
v -0.70731118 0.08426396 0.02475875 1.00000000 1.00000000 1.00000000
v -0.57310618 0.14315767 0.02260551 1.00000000 1.00000000 1.00000000
v -0.29915703 0.25943115 -0.01440891 1.00000000 1.00000000 1.00000000
v -0.29848498 0.24321717 -0.02201645 1.00000000 1.00000000 1.00000000
v -0.29730637 0.22558278 -0.02529052 1.00000000 1.00000000 1.00000000
v -0.29656590 0.20917692 -0.02566162 1.00000000 1.00000000 1.00000000
v -0.29633592 0.19420253 -0.02566162 1.00000000 1.00000000 1.00000000
v -0.29610595 0.17922814 -0.02566162 1.00000000 1.00000000 1.00000000
v -0.29587598 0.16425374 -0.02566162 1.00000000 1.00000000 1.00000000
v -0.29563073 0.14828453 -0.02550429 1.00000000 1.00000000 1.00000000
v -0.29535355 0.13023630 -0.02256808 1.00000000 1.00000000 1.00000000
v -0.29509893 0.11365697 -0.01498892 1.00000000 1.00000000 1.00000000
v -0.29495609 0.10435617 0.00000000 1.00000000 0.00000000 0.00000000
v -0.30907567 0.10018483 0.00000000 1.00000000 1.00000000 1.00000000
v -0.32314446 0.09602850 0.00000000 1.00000000 1.00000000 1.00000000
v -0.33726403 0.09185717 0.00000000 1.00000000 1.00000000 1.00000000
v -0.35138361 0.08768583 0.00000000 1.00000000 1.00000000 1.00000000
v -0.36550318 0.08351449 0.00000000 1.00000000 1.00000000 1.00000000
v -0.37957197 0.07935816 0.00000000 1.00000000 1.00000000 1.00000000
v -0.39369154 0.07518683 0.00000000 1.00000000 1.00000000 1.00000000
v -0.40781112 0.07101549 0.00000000 1.00000000 1.00000000 1.00000000
v -0.42193070 0.06684416 0.00000000 1.00000000 1.00000000 1.00000000
v -0.43599948 0.06268782 0.00000000 1.00000000 1.00000000 1.00000000
v -0.45011906 0.05851649 0.00000000 1.00000000 1.00000000 1.00000000
v -0.46423863 0.05434515 0.00000000 1.00000000 1.00000000 1.00000000
v -0.47835821 0.05017382 0.00000000 1.00000000 1.00000000 1.00000000
v -0.49247779 0.04600248 0.00000000 1.00000000 1.00000000 1.00000000
v -0.50654657 0.04184615 0.00000000 1.00000000 1.00000000 1.00000000
v -0.52066615 0.03767481 0.00000000 1.00000000 1.00000000 1.00000000
v -0.53478572 0.03350348 0.00000000 1.00000000 1.00000000 1.00000000
v -0.54890530 0.02933214 0.00000000 1.00000000 1.00000000 1.00000000
v -0.56297408 0.02517581 0.00000000 1.00000000 1.00000000 1.00000000
v -0.57709366 0.02100447 0.00000000 1.00000000 1.00000000 1.00000000
v -0.59121324 0.01683314 0.00000000 1.00000000 1.00000000 1.00000000
v -0.60533281 0.01266180 0.00000000 1.00000000 1.00000000 1.00000000
v -0.61940160 0.00850547 0.00000000 1.00000000 1.00000000 1.00000000
v -0.63352117 0.00433413 0.00000000 1.00000000 1.00000000 1.00000000
v -0.64764075 0.00016280 0.00000000 1.00000000 1.00000000 1.00000000
v -0.66176033 -0.00400854 0.00000000 1.00000000 1.00000000 1.00000000
v -0.67582911 -0.00816487 0.00000000 1.00000000 1.00000000 1.00000000
v -0.68994869 -0.01233620 0.00000000 1.00000000 1.00000000 1.00000000
v -0.70406826 -0.01650754 0.00000000 1.00000000 1.00000000 1.00000000
v -0.71818784 -0.02067888 0.00000000 1.00000000 1.00000000 1.00000000
v -0.73225663 -0.02483521 0.00000000 1.00000000 1.00000000 1.00000000
v -0.74637620 -0.02900654 0.00000000 1.00000000 1.00000000 1.00000000
v -0.76049578 -0.03317788 0.00000000 1.00000000 1.00000000 1.00000000
v -0.77461535 -0.03734922 0.00000000 1.00000000 1.00000000 1.00000000
v -0.78868414 -0.04150555 0.00000000 1.00000000 1.00000000 1.00000000
v -0.80280371 -0.04567688 0.00000000 1.00000000 0.00000000 0.00000000
v -0.80563319 -0.03774302 -0.01433335 1.00000000 1.00000000 1.00000000
v -0.81079231 -0.02327678 -0.02194217 1.00000000 1.00000000 1.00000000
v -0.81645988 -0.00738486 -0.02525667 1.00000000 1.00000000 1.00000000
v -0.82172235 0.00737116 -0.02566162 1.00000000 1.00000000 1.00000000
v -0.82645200 0.02063318 -0.02566162 1.00000000 1.00000000 1.00000000
v -0.83171447 0.03538920 -0.02525667 1.00000000 1.00000000 1.00000000
v -0.83738204 0.05128112 -0.02194217 1.00000000 1.00000000 1.00000000
v -0.84254116 0.06574736 -0.01433335 1.00000000 1.00000000 1.00000000
v -0.84537064 0.07368122 0.00000000 1.00000000 0.00000000 0.00000000
v -0.83134338 0.07868379 0.00000000 1.00000000 1.00000000 1.00000000
v -0.81726133 0.08370590 0.00000000 1.00000000 1.00000000 1.00000000
v -0.80323408 0.08870847 0.00000000 1.00000000 1.00000000 1.00000000
v -0.78915203 0.09373058 0.00000000 1.00000000 1.00000000 1.00000000
v -0.77512477 0.09873314 0.00000000 1.00000000 1.00000000 1.00000000
v -0.76109752 0.10373571 0.00000000 1.00000000 1.00000000 1.00000000
v -0.74701547 0.10875782 0.00000000 1.00000000 1.00000000 1.00000000
v -0.73298821 0.11376039 0.00000000 1.00000000 1.00000000 1.00000000
v -0.71896096 0.11876296 0.00000000 1.00000000 1.00000000 1.00000000
v -0.70487891 0.12378507 0.00000000 1.00000000 1.00000000 1.00000000
v -0.69085166 0.12878764 0.00000000 1.00000000 1.00000000 1.00000000
v -0.67676961 0.13380975 0.00000000 1.00000000 1.00000000 1.00000000
v -0.66274235 0.13881231 0.00000000 1.00000000 1.00000000 1.00000000
v -0.64871510 0.14381488 0.00000000 1.00000000 1.00000000 1.00000000
v -0.63463305 0.14883699 0.00000000 1.00000000 1.00000000 1.00000000
v -0.62060579 0.15383956 0.00000000 1.00000000 1.00000000 1.00000000
v -0.60652374 0.15886167 0.00000000 1.00000000 1.00000000 1.00000000
v -0.59249649 0.16386424 0.00000000 1.00000000 1.00000000 1.00000000
v -0.57846923 0.16886680 0.00000000 1.00000000 1.00000000 1.00000000
v -0.56438718 0.17388891 0.00000000 1.00000000 1.00000000 1.00000000
v -0.55035993 0.17889148 0.00000000 1.00000000 1.00000000 1.00000000
v -0.53633267 0.18389405 0.00000000 1.00000000 1.00000000 1.00000000
v -0.52225063 0.18891616 0.00000000 1.00000000 1.00000000 1.00000000
v -0.50822337 0.19391873 0.00000000 1.00000000 1.00000000 1.00000000
v -0.49414132 0.19894084 0.00000000 1.00000000 1.00000000 1.00000000
v -0.48011407 0.20394341 0.00000000 1.00000000 1.00000000 1.00000000
v -0.46608681 0.20894597 0.00000000 1.00000000 1.00000000 1.00000000
v -0.45200476 0.21396808 0.00000000 1.00000000 1.00000000 1.00000000
v -0.43797751 0.21897065 0.00000000 1.00000000 1.00000000 1.00000000
v -0.42389546 0.22399276 0.00000000 1.00000000 1.00000000 1.00000000
v -0.40986820 0.22899533 0.00000000 1.00000000 1.00000000 1.00000000
v -0.39584095 0.23399790 0.00000000 1.00000000 1.00000000 1.00000000
v -0.38175890 0.23902001 0.00000000 1.00000000 1.00000000 1.00000000
v -0.36773165 0.24402257 0.00000000 1.00000000 1.00000000 1.00000000
v -0.35370439 0.24902514 0.00000000 1.00000000 1.00000000 1.00000000
v -0.33962234 0.25404725 0.00000000 1.00000000 1.00000000 1.00000000
v -0.32559509 0.25904982 0.00000000 1.00000000 1.00000000 1.00000000
v -0.31151304 0.26407193 0.00000000 1.00000000 1.00000000 1.00000000
v -0.29748578 0.26907450 0.00000000 1.00000000 0.00000000 0.00000000
v -0.64902528 0.08499796 -0.02566162 1.00000000 1.00000000 1.00000000
v -0.71461900 0.06232173 -0.02566162 1.00000000 1.00000000 1.00000000
v -0.46982561 0.18424236 -0.02135758 1.00000000 1.00000000 1.00000000
v -0.54386908 0.03666215 -0.01187085 1.00000000 1.00000000 1.00000000
v -0.71160399 0.03185413 -0.02565755 1.00000000 1.00000000 1.00000000
v -0.72975844 -0.01565526 -0.01407753 1.00000000 1.00000000 1.00000000
v -0.70132301 0.04643388 -0.02566162 1.00000000 1.00000000 1.00000000
v -0.38346325 0.20522173 -0.02386995 1.00000000 1.00000000 1.00000000
v -0.48297990 0.10113905 -0.02566162 1.00000000 1.00000000 1.00000000
v -0.48711358 0.08282571 -0.02434817 1.00000000 1.00000000 1.00000000
v -0.63299584 0.12552080 -0.02152801 1.00000000 1.00000000 1.00000000
v -0.41412414 0.18097394 -0.02549656 1.00000000 1.00000000 1.00000000
v -0.75663931 0.08084299 -0.02171030 1.00000000 1.00000000 1.00000000
v -0.41423901 0.13146655 -0.02566162 1.00000000 1.00000000 1.00000000
v -0.73895815 0.00165731 -0.02295269 1.00000000 1.00000000 1.00000000
v -0.38809247 0.08948620 -0.01684213 1.00000000 1.00000000 1.00000000
v -0.65504658 0.06914238 -0.02566162 1.00000000 1.00000000 1.00000000
v -0.65142995 0.03534170 -0.02451763 1.00000000 1.00000000 1.00000000
v -0.53730943 0.10748393 -0.02566162 1.00000000 1.00000000 1.00000000
v -0.52459275 0.14252925 -0.02543915 1.00000000 1.00000000 1.00000000
v -0.51430518 0.18294406 -0.01423311 1.00000000 1.00000000 1.00000000
v -0.61752761 0.06727383 -0.02566162 1.00000000 1.00000000 1.00000000
v -0.34445680 0.09691495 -0.01307144 1.00000000 1.00000000 1.00000000
v -0.34403419 0.20874620 -0.02530485 1.00000000 1.00000000 1.00000000
v -0.40292649 0.21671789 -0.01784363 1.00000000 1.00000000 1.00000000
v -0.62109448 0.01917870 -0.01596003 1.00000000 1.00000000 1.00000000
v -0.48442284 0.13007010 -0.02566162 1.00000000 1.00000000 1.00000000
v -0.48863576 0.11606398 -0.02566162 1.00000000 1.00000000 1.00000000
v -0.82695100 0.06250889 -0.01924039 1.00000000 1.00000000 1.00000000
v -0.72234306 0.10534848 -0.01645947 1.00000000 1.00000000 1.00000000
v -0.36792685 0.11214679 -0.02316576 1.00000000 1.00000000 1.00000000
v -0.45910221 0.14190469 -0.02566162 1.00000000 1.00000000 1.00000000
v -0.49501178 0.09345604 -0.02560879 1.00000000 1.00000000 1.00000000
v -0.69759818 0.02212151 -0.02458121 1.00000000 1.00000000 1.00000000
v -0.68668424 0.03744258 -0.02562657 1.00000000 1.00000000 1.00000000
v -0.48394267 0.19405338 -0.01402457 1.00000000 1.00000000 1.00000000
v -0.55334910 0.16046465 -0.01907442 1.00000000 1.00000000 1.00000000
v -0.45988333 0.06093330 -0.01133961 1.00000000 1.00000000 1.00000000
v -0.44285813 0.16468448 -0.02566162 1.00000000 1.00000000 1.00000000
v -0.45163469 0.20294200 -0.01582448 1.00000000 1.00000000 1.00000000
v -0.78281400 0.07006394 -0.02213993 1.00000000 1.00000000 1.00000000
v -0.63532650 0.03172208 -0.02281335 1.00000000 1.00000000 1.00000000
v -0.67016058 0.08745452 -0.02559663 1.00000000 1.00000000 1.00000000
v -0.45159604 0.13108451 -0.02566162 1.00000000 1.00000000 1.00000000
v -0.57289479 0.08574089 -0.02566162 1.00000000 1.00000000 1.00000000
v -0.53851083 0.13118020 -0.02566043 1.00000000 1.00000000 1.00000000
v -0.50094866 0.10527493 -0.02566162 1.00000000 1.00000000 1.00000000
v -0.66974592 0.03503950 -0.02516359 1.00000000 1.00000000 1.00000000
v -0.41791832 0.15959165 -0.02566162 1.00000000 1.00000000 1.00000000
v -0.50137392 0.07447307 -0.02356156 1.00000000 1.00000000 1.00000000
v -0.47357886 0.16963427 -0.02446889 1.00000000 1.00000000 1.00000000
v -0.37682377 0.14643532 -0.02566162 1.00000000 1.00000000 1.00000000
v -0.59120590 0.08769673 -0.02566162 1.00000000 1.00000000 1.00000000
v -0.42904669 0.17269713 -0.02562006 1.00000000 1.00000000 1.00000000
v -0.62636483 0.08735841 -0.02566162 1.00000000 1.00000000 1.00000000
v -0.35915512 0.17741933 -0.02566162 1.00000000 1.00000000 1.00000000
v -0.76822024 0.01742111 -0.02566162 1.00000000 1.00000000 1.00000000
v -0.39095134 0.15565357 -0.02566162 1.00000000 1.00000000 1.00000000
v -0.42407775 0.12296085 -0.02566162 1.00000000 1.00000000 1.00000000
v -0.39420473 0.11023833 -0.02434230 1.00000000 1.00000000 1.00000000
v -0.75793227 0.02992204 -0.02566162 1.00000000 1.00000000 1.00000000
v -0.57016407 0.05383158 -0.02349237 1.00000000 1.00000000 1.00000000
v -0.77251272 0.05427185 -0.02542873 1.00000000 1.00000000 1.00000000
v -0.45523060 0.07586967 -0.01985003 1.00000000 1.00000000 1.00000000
v -0.36087967 0.23548797 -0.01571149 1.00000000 1.00000000 1.00000000
v -0.31243170 0.18739822 -0.02566162 1.00000000 1.00000000 1.00000000
v -0.30630267 0.15072649 -0.02564718 1.00000000 1.00000000 1.00000000
v -0.80180451 0.01564828 -0.02566162 1.00000000 1.00000000 1.00000000
v -0.39897186 0.08066408 -0.01294816 1.00000000 1.00000000 1.00000000
v -0.31074178 0.13543290 -0.02442997 1.00000000 1.00000000 1.00000000
v -0.66505372 0.12771724 -0.01525395 1.00000000 1.00000000 1.00000000
v -0.37073420 0.13147378 -0.02564225 1.00000000 1.00000000 1.00000000
v -0.63987281 0.10123268 -0.02545092 1.00000000 1.00000000 1.00000000
v -0.53159502 0.11917546 -0.02566162 1.00000000 1.00000000 1.00000000
v -0.34051849 0.13023527 -0.02493549 1.00000000 1.00000000 1.00000000
v -0.43692388 0.20931627 -0.01509336 1.00000000 1.00000000 1.00000000
v -0.32585903 0.13485201 -0.02496969 1.00000000 1.00000000 1.00000000
v -0.73208475 0.06442711 -0.02562537 1.00000000 1.00000000 1.00000000
v -0.33653412 0.24844107 -0.01255713 1.00000000 1.00000000 1.00000000
v -0.54137008 0.14979398 -0.02369409 1.00000000 1.00000000 1.00000000
v -0.42103571 0.09289823 -0.02223426 1.00000000 1.00000000 1.00000000
v -0.62751101 0.05258639 -0.02553902 1.00000000 1.00000000 1.00000000
v -0.37200921 0.09060488 -0.01450153 1.00000000 1.00000000 1.00000000
v -0.40868416 0.11567758 -0.02545101 1.00000000 1.00000000 1.00000000
v -0.54063922 0.06336131 -0.02366507 1.00000000 1.00000000 1.00000000
v -0.55508725 0.04619063 -0.01977685 1.00000000 1.00000000 1.00000000
v -0.75131030 0.09702937 -0.01520485 1.00000000 1.00000000 1.00000000
v -0.75086294 0.06283195 -0.02536965 1.00000000 1.00000000 1.00000000
v -0.60948477 0.08202128 -0.02566162 1.00000000 1.00000000 1.00000000
v -0.50593928 0.17120293 -0.02140957 1.00000000 1.00000000 1.00000000
v -0.73786196 0.05037125 -0.02566162 1.00000000 1.00000000 1.00000000
v -0.66263370 0.05230431 -0.02566162 1.00000000 1.00000000 1.00000000
v -0.64354335 0.01478318 -0.01727033 1.00000000 1.00000000 1.00000000
v -0.69566805 0.09108613 -0.02436513 1.00000000 1.00000000 1.00000000
v -0.52840800 0.16293099 -0.02149274 1.00000000 1.00000000 1.00000000
v -0.61496833 0.13582916 -0.02017002 1.00000000 1.00000000 1.00000000
v -0.30487957 0.21586678 -0.02564528 1.00000000 1.00000000 1.00000000
v -0.46194501 0.11913144 -0.02566162 1.00000000 1.00000000 1.00000000
v -0.52994786 0.09335782 -0.02566162 1.00000000 1.00000000 1.00000000
v -0.44090041 0.07384335 -0.01681813 1.00000000 1.00000000 1.00000000
v -0.45652854 0.15523527 -0.02566162 1.00000000 1.00000000 1.00000000
v -0.55565818 0.13482958 -0.02516477 1.00000000 1.00000000 1.00000000
v -0.50701508 0.11595719 -0.02566162 1.00000000 1.00000000 1.00000000
v -0.49987568 0.15416479 -0.02521781 1.00000000 1.00000000 1.00000000
v -0.79889506 -0.01381118 -0.02347724 1.00000000 1.00000000 1.00000000
v -0.41096111 0.08271974 -0.01683617 1.00000000 1.00000000 1.00000000
v -0.79427713 -0.03897339 -0.01013187 1.00000000 1.00000000 1.00000000
v -0.74530001 -0.01544951 -0.01717635 1.00000000 1.00000000 1.00000000
v -0.31965606 0.15468738 -0.02566162 1.00000000 1.00000000 1.00000000
v -0.43256077 0.19176335 -0.02298898 1.00000000 1.00000000 1.00000000
v -0.36479623 0.21733741 -0.02263442 1.00000000 1.00000000 1.00000000
v -0.78652826 0.02630961 -0.02566162 1.00000000 1.00000000 1.00000000
v -0.63563000 0.07130781 -0.02566162 1.00000000 1.00000000 1.00000000
v -0.31590286 0.21189904 -0.02564591 1.00000000 1.00000000 1.00000000
v -0.35275860 0.11683885 -0.02321554 1.00000000 1.00000000 1.00000000
v -0.64991740 0.11817720 -0.02193023 1.00000000 1.00000000 1.00000000
v -0.72582203 0.00213647 -0.02202397 1.00000000 1.00000000 1.00000000
v -0.75791184 -0.02186978 -0.01555754 1.00000000 1.00000000 1.00000000
v -0.68656329 0.07643103 -0.02566162 1.00000000 1.00000000 1.00000000
v -0.52361568 0.07164106 -0.02428078 1.00000000 1.00000000 1.00000000
v -0.44692276 0.06449251 -0.01106262 1.00000000 1.00000000 1.00000000
v -0.51306544 0.04669203 -0.01271914 1.00000000 1.00000000 1.00000000
v -0.42032516 0.10731216 -0.02501247 1.00000000 1.00000000 1.00000000
v -0.46972757 0.12856224 -0.02566162 1.00000000 1.00000000 1.00000000
v -0.80112536 0.04591820 -0.02528940 1.00000000 1.00000000 1.00000000
v -0.44313086 0.14488333 -0.02566162 1.00000000 1.00000000 1.00000000
v -0.47563586 0.05832696 -0.01321029 1.00000000 1.00000000 1.00000000
v -0.49960698 0.18795736 -0.01439948 1.00000000 1.00000000 1.00000000
v -0.60715467 0.05142630 -0.02493103 1.00000000 1.00000000 1.00000000
v -0.37918082 0.16332628 -0.02566162 1.00000000 1.00000000 1.00000000
v -0.82292243 0.07491640 -0.01261194 1.00000000 1.00000000 1.00000000
v -0.30858185 0.26139885 -0.00949077 1.00000000 1.00000000 1.00000000
v -0.39175570 0.22824662 -0.01298411 1.00000000 1.00000000 1.00000000
v -0.40442713 0.09719110 -0.02205522 1.00000000 1.00000000 1.00000000
v -0.39930373 0.12884629 -0.02566162 1.00000000 1.00000000 1.00000000
v -0.75751621 0.04682123 -0.02566162 1.00000000 1.00000000 1.00000000
v -0.43206546 0.15468558 -0.02566162 1.00000000 1.00000000 1.00000000
v -0.80145434 0.03120154 -0.02566162 1.00000000 1.00000000 1.00000000
v -0.81472997 0.02591485 -0.02566162 1.00000000 1.00000000 1.00000000
v -0.46417826 0.19644263 -0.01701426 1.00000000 1.00000000 1.00000000
v -0.49404554 0.05428002 -0.01430184 1.00000000 1.00000000 1.00000000
v -0.45821119 0.17104255 -0.02501146 1.00000000 1.00000000 1.00000000
v -0.53591096 0.04558826 -0.01671062 1.00000000 1.00000000 1.00000000
v -0.30565720 0.17592659 -0.02566162 1.00000000 1.00000000 1.00000000
v -0.47336425 0.15451068 -0.02565993 1.00000000 1.00000000 1.00000000
v -0.80263162 0.00207978 -0.02559170 1.00000000 1.00000000 1.00000000
v -0.39737625 0.17290634 -0.02566162 1.00000000 1.00000000 1.00000000
v -0.67999262 0.01907333 -0.02295166 1.00000000 1.00000000 1.00000000
v -0.50803964 0.09324108 -0.02566162 1.00000000 1.00000000 1.00000000
v -0.33327588 0.15247143 -0.02566162 1.00000000 1.00000000 1.00000000
v -0.50889427 0.06091117 -0.02020728 1.00000000 1.00000000 1.00000000
v -0.42050487 0.20941130 -0.01835387 1.00000000 1.00000000 1.00000000
v -0.81843460 0.04506467 -0.02470033 1.00000000 1.00000000 1.00000000
v -0.34890837 0.22440836 -0.02225354 1.00000000 1.00000000 1.00000000
v -0.48566494 0.06773237 -0.02019111 1.00000000 1.00000000 1.00000000
v -0.38049649 0.10437672 -0.02208943 1.00000000 1.00000000 1.00000000
v -0.34915982 0.24238299 -0.01382634 1.00000000 1.00000000 1.00000000
v -0.55211096 0.11647612 -0.02566162 1.00000000 1.00000000 1.00000000
v -0.78368564 0.00987608 -0.02564923 1.00000000 1.00000000 1.00000000
v -0.31180632 0.24973497 -0.01757646 1.00000000 1.00000000 1.00000000
v -0.65403749 0.00571339 -0.01328591 1.00000000 1.00000000 1.00000000
v -0.51722791 0.08539522 -0.02554991 1.00000000 1.00000000 1.00000000
v -0.52513544 0.05409229 -0.01937706 1.00000000 1.00000000 1.00000000
v -0.31198304 0.22915719 -0.02415670 1.00000000 1.00000000 1.00000000
v -0.35824396 0.09757782 -0.01641676 1.00000000 1.00000000 1.00000000
v -0.63064729 0.01226638 -0.01298731 1.00000000 1.00000000 1.00000000
v -0.36319400 0.16487997 -0.02566162 1.00000000 1.00000000 1.00000000
v -0.69723112 0.06351602 -0.02566162 1.00000000 1.00000000 1.00000000
v -0.55651678 0.03261703 -0.01157139 1.00000000 1.00000000 1.00000000
v -0.66022663 0.10329831 -0.02443326 1.00000000 1.00000000 1.00000000
v -0.67592022 0.11732227 -0.01881948 1.00000000 1.00000000 1.00000000
v -0.30853702 0.16330551 -0.02566162 1.00000000 1.00000000 1.00000000
v -0.43496494 0.11287458 -0.02564886 1.00000000 1.00000000 1.00000000
v -0.43160715 0.08253861 -0.01972243 1.00000000 1.00000000 1.00000000
v -0.57735050 0.04094092 -0.02030559 1.00000000 1.00000000 1.00000000
v -0.48731145 0.17963012 -0.02080644 1.00000000 1.00000000 1.00000000
v -0.59944257 0.14894993 -0.01659246 1.00000000 1.00000000 1.00000000
v -0.72092328 0.04613007 -0.02566162 1.00000000 1.00000000 1.00000000
v -0.56988689 0.11477106 -0.02566162 1.00000000 1.00000000 1.00000000
v -0.56037825 0.09911297 -0.02566162 1.00000000 1.00000000 1.00000000
v -0.34109316 0.17884223 -0.02566162 1.00000000 1.00000000 1.00000000
v -0.42545687 0.14140509 -0.02566162 1.00000000 1.00000000 1.00000000
v -0.38355359 0.12414516 -0.02551263 1.00000000 1.00000000 1.00000000
v -0.44832712 0.08800852 -0.02307321 1.00000000 1.00000000 1.00000000
v -0.72436359 0.08084619 -0.02436613 1.00000000 1.00000000 1.00000000
v -0.37083394 0.19034988 -0.02566162 1.00000000 1.00000000 1.00000000
v -0.35169682 0.18938280 -0.02566162 1.00000000 1.00000000 1.00000000
v -0.54290738 0.17177221 -0.01492162 1.00000000 1.00000000 1.00000000
v -0.64403702 0.05391721 -0.02566162 1.00000000 1.00000000 1.00000000
v -0.43657672 0.12945654 -0.02566162 1.00000000 1.00000000 1.00000000
v -0.44915484 0.18470641 -0.02325710 1.00000000 1.00000000 1.00000000
v -0.33815504 0.19455589 -0.02566162 1.00000000 1.00000000 1.00000000
v -0.36008667 0.20196277 -0.02538670 1.00000000 1.00000000 1.00000000
v -0.74189992 0.08114145 -0.02306161 1.00000000 1.00000000 1.00000000
v -0.48908585 0.16400608 -0.02448398 1.00000000 1.00000000 1.00000000
v -0.40768494 0.14397219 -0.02566162 1.00000000 1.00000000 1.00000000
v -0.69247165 0.00373301 -0.01896788 1.00000000 1.00000000 1.00000000
v -0.78526543 -0.00867610 -0.02371328 1.00000000 1.00000000 1.00000000
v -0.43020959 0.06894766 -0.01054481 1.00000000 1.00000000 1.00000000
v -0.75507557 0.00258567 -0.02416308 1.00000000 1.00000000 1.00000000
v -0.70965511 0.11533565 -0.01259067 1.00000000 1.00000000 1.00000000
v -0.57659238 0.10013178 -0.02566162 1.00000000 1.00000000 1.00000000
v -0.31774707 0.17281883 -0.02566162 1.00000000 1.00000000 1.00000000
v -0.39131649 0.18974808 -0.02545891 1.00000000 1.00000000 1.00000000
v -0.56675987 0.16451787 -0.01402475 1.00000000 1.00000000 1.00000000
v -0.51822927 0.12631038 -0.02566162 1.00000000 1.00000000 1.00000000
v -0.71323993 0.01139956 -0.02345646 1.00000000 1.00000000 1.00000000
v -0.46021302 0.10502261 -0.02564193 1.00000000 1.00000000 1.00000000
v -0.78639217 0.04660901 -0.02557375 1.00000000 1.00000000 1.00000000
v -0.57516587 0.12947145 -0.02499579 1.00000000 1.00000000 1.00000000
v -0.67211748 0.06867686 -0.02566162 1.00000000 1.00000000 1.00000000
v -0.44817840 0.11807322 -0.02566162 1.00000000 1.00000000 1.00000000
v -0.34758769 0.14939284 -0.02566162 1.00000000 1.00000000 1.00000000
v -0.55687851 0.06289072 -0.02445765 1.00000000 1.00000000 1.00000000
v -0.47397310 0.11144177 -0.02566162 1.00000000 1.00000000 1.00000000
v -0.59531569 0.12645267 -0.02443247 1.00000000 1.00000000 1.00000000
v -0.73918069 0.10546412 -0.01200070 1.00000000 1.00000000 1.00000000
v -0.32561429 0.20176019 -0.02566162 1.00000000 1.00000000 1.00000000
v -0.35724022 0.13677355 -0.02565933 1.00000000 1.00000000 1.00000000
v -0.58249825 0.15766755 -0.01491154 1.00000000 1.00000000 1.00000000
v -0.61912827 0.03670026 -0.02286256 1.00000000 1.00000000 1.00000000
v -0.57689552 0.07186226 -0.02565921 1.00000000 1.00000000 1.00000000
v -0.39044041 0.14040518 -0.02566162 1.00000000 1.00000000 1.00000000
v -0.70904663 0.08153594 -0.02501714 1.00000000 1.00000000 1.00000000
v -0.58623942 0.14180662 -0.02165032 1.00000000 1.00000000 1.00000000
v -0.73214314 0.09455962 -0.01996774 1.00000000 1.00000000 1.00000000
v -0.52747738 0.17821532 -0.01425592 1.00000000 1.00000000 1.00000000
v -0.49961422 0.12776102 -0.02566162 1.00000000 1.00000000 1.00000000
v -0.68462783 0.10236727 -0.02286621 1.00000000 1.00000000 1.00000000
v -0.54661459 0.09660490 -0.02566162 1.00000000 1.00000000 1.00000000
v -0.47304450 0.20266817 -0.00958614 1.00000000 1.00000000 1.00000000
v -0.61368362 0.14979720 -0.01238419 1.00000000 1.00000000 1.00000000
v -0.79448212 0.08260695 -0.01453461 1.00000000 1.00000000 1.00000000
v -0.48818835 0.14448677 -0.02566162 1.00000000 1.00000000 1.00000000
v -0.77214838 -0.02371700 -0.01698886 1.00000000 1.00000000 1.00000000
v -0.77971197 0.08699510 -0.01514167 1.00000000 1.00000000 1.00000000
v -0.66086157 0.01917957 -0.02134755 1.00000000 1.00000000 1.00000000
v -0.55698250 0.08067537 -0.02566162 1.00000000 1.00000000 1.00000000
v -0.64884403 0.13514525 -0.01409854 1.00000000 1.00000000 1.00000000
v -0.36344727 0.15131933 -0.02566162 1.00000000 1.00000000 1.00000000
v -0.60711317 0.09916861 -0.02566162 1.00000000 1.00000000 1.00000000
v -0.50635918 0.13927393 -0.02566162 1.00000000 1.00000000 1.00000000
v -0.30940134 0.19961879 -0.02566162 1.00000000 1.00000000 1.00000000
v -0.33636842 0.23435297 -0.02048437 1.00000000 1.00000000 1.00000000
v -0.59763921 0.02004372 -0.01114283 1.00000000 1.00000000 1.00000000
v -0.32402871 0.11254867 -0.01895281 1.00000000 1.00000000 1.00000000
v -0.30961293 0.11545605 -0.01831549 1.00000000 1.00000000 1.00000000
v -0.67777607 0.00321473 -0.01643831 1.00000000 1.00000000 1.00000000
v -0.40623586 0.19791105 -0.02370954 1.00000000 1.00000000 1.00000000
v -0.74193841 0.03668022 -0.02566162 1.00000000 1.00000000 1.00000000
v -0.62422905 0.10755839 -0.02540115 1.00000000 1.00000000 1.00000000
v -0.76879671 -0.00519812 -0.02341544 1.00000000 1.00000000 1.00000000
v -0.74453109 0.01905751 -0.02558464 1.00000000 1.00000000 1.00000000
v -0.32661883 0.18565269 -0.02566162 1.00000000 1.00000000 1.00000000
v -0.34593663 0.16471593 -0.02566162 1.00000000 1.00000000 1.00000000
v -0.46767484 0.07088362 -0.01929699 1.00000000 1.00000000 1.00000000
v -0.59138374 0.04210371 -0.02209805 1.00000000 1.00000000 1.00000000
v -0.60097621 0.03337347 -0.02007591 1.00000000 1.00000000 1.00000000
v -0.43514484 0.09640077 -0.02403517 1.00000000 1.00000000 1.00000000
v -0.37849929 0.17741336 -0.02566162 1.00000000 1.00000000 1.00000000
v -0.71385253 -0.00897401 -0.01547837 1.00000000 1.00000000 1.00000000
v -0.53994043 0.08127949 -0.02563806 1.00000000 1.00000000 1.00000000
v -0.70695556 0.10162197 -0.02069108 1.00000000 1.00000000 1.00000000
v -0.47333205 0.14163889 -0.02566162 1.00000000 1.00000000 1.00000000
v -0.81096765 0.06115116 -0.02180717 1.00000000 1.00000000 1.00000000
v -0.41933944 0.07501290 -0.01325526 1.00000000 1.00000000 1.00000000
v -0.51459852 0.15661518 -0.02420586 1.00000000 1.00000000 1.00000000
v -0.68142761 0.05383910 -0.02566162 1.00000000 1.00000000 1.00000000
v -0.63109424 0.14206019 -0.01365341 1.00000000 1.00000000 1.00000000
v -0.79599355 0.06423428 -0.02245467 1.00000000 1.00000000 1.00000000
v -0.76752097 0.07120607 -0.02324814 1.00000000 1.00000000 1.00000000
v -0.80826287 0.07767933 -0.01454383 1.00000000 1.00000000 1.00000000
v -0.56864190 0.03174140 -0.01392302 1.00000000 1.00000000 1.00000000
v -0.38073526 0.21982725 -0.01998971 1.00000000 1.00000000 1.00000000
v -0.72819710 0.02702554 -0.02565817 1.00000000 1.00000000 1.00000000
v -0.32983173 0.21967498 -0.02465018 1.00000000 1.00000000 1.00000000
v -0.56745838 0.14737760 -0.02199150 1.00000000 1.00000000 1.00000000
v -0.32447892 0.25117115 -0.01383692 1.00000000 1.00000000 1.00000000
v -0.44729528 0.10354298 -0.02540164 1.00000000 1.00000000 1.00000000
v -0.76652801 0.09276291 -0.01440082 1.00000000 1.00000000 1.00000000
v -0.69352802 0.11797022 -0.01498022 1.00000000 1.00000000 1.00000000
v -0.32982150 0.16870743 -0.02566162 1.00000000 1.00000000 1.00000000
v -0.37439255 0.23342090 -0.01379821 1.00000000 1.00000000 1.00000000
v -0.58422639 0.02662137 -0.01351676 1.00000000 1.00000000 1.00000000
v -0.66632074 0.00171485 -0.01297664 1.00000000 1.00000000 1.00000000
v -0.70016143 -0.00651440 -0.01437450 1.00000000 1.00000000 1.00000000
v -0.78357268 -0.02959912 -0.01546008 1.00000000 1.00000000 1.00000000
v -0.58769492 0.05729053 -0.02494496 1.00000000 1.00000000 1.00000000
v -0.59742019 0.07041347 -0.02566162 1.00000000 1.00000000 1.00000000
v -0.79664596 -0.02734492 -0.01882977 1.00000000 1.00000000 1.00000000
v -0.47493545 0.08322783 -0.02375901 1.00000000 1.00000000 1.00000000
v -0.33673406 0.10766572 -0.01842341 1.00000000 1.00000000 1.00000000
v -0.51950372 0.10634176 -0.02566162 1.00000000 1.00000000 1.00000000
v -0.46503199 0.09149769 -0.02467871 1.00000000 1.00000000 1.00000000
v -0.40459015 0.15869121 -0.02566162 1.00000000 1.00000000 1.00000000
v -0.77347086 0.03564512 -0.02566162 1.00000000 1.00000000 1.00000000
v -0.59030480 0.10787815 -0.02566162 1.00000000 1.00000000 1.00000000
v -0.32176152 0.23697724 -0.02138020 1.00000000 1.00000000 1.00000000
v -0.60987318 0.02263699 -0.01604944 1.00000000 1.00000000 1.00000000
v -0.61119988 0.11884365 -0.02471783 1.00000000 1.00000000 1.00000000
v 0.29748578 0.26907450 0.00000000 1.00000000 0.00000000 0.00000000
v 0.31151304 0.26407193 0.00000000 1.00000000 1.00000000 1.00000000
v 0.32559509 0.25904982 0.00000000 1.00000000 1.00000000 1.00000000
v 0.33962234 0.25404725 0.00000000 1.00000000 1.00000000 1.00000000
v 0.35370439 0.24902514 0.00000000 1.00000000 1.00000000 1.00000000
v 0.36773165 0.24402257 0.00000000 1.00000000 1.00000000 1.00000000
v 0.38175890 0.23902001 0.00000000 1.00000000 1.00000000 1.00000000
v 0.39584095 0.23399790 0.00000000 1.00000000 1.00000000 1.00000000
v 0.40986820 0.22899533 0.00000000 1.00000000 1.00000000 1.00000000
v 0.42389546 0.22399276 0.00000000 1.00000000 1.00000000 1.00000000
v 0.43797751 0.21897065 0.00000000 1.00000000 1.00000000 1.00000000
v 0.45200476 0.21396808 0.00000000 1.00000000 1.00000000 1.00000000
v 0.46608681 0.20894597 0.00000000 1.00000000 1.00000000 1.00000000
v 0.48011407 0.20394341 0.00000000 1.00000000 1.00000000 1.00000000
v 0.49414132 0.19894084 0.00000000 1.00000000 1.00000000 1.00000000
v 0.50822337 0.19391873 0.00000000 1.00000000 1.00000000 1.00000000
v 0.52225063 0.18891616 0.00000000 1.00000000 1.00000000 1.00000000
v 0.53633267 0.18389405 0.00000000 1.00000000 1.00000000 1.00000000
v 0.55035993 0.17889148 0.00000000 1.00000000 1.00000000 1.00000000
v 0.56438718 0.17388891 0.00000000 1.00000000 1.00000000 1.00000000
v 0.57846923 0.16886680 0.00000000 1.00000000 1.00000000 1.00000000
v 0.59249649 0.16386424 0.00000000 1.00000000 1.00000000 1.00000000
v 0.60652374 0.15886167 0.00000000 1.00000000 1.00000000 1.00000000
v 0.62060579 0.15383956 0.00000000 1.00000000 1.00000000 1.00000000
v 0.63463305 0.14883699 0.00000000 1.00000000 1.00000000 1.00000000
v 0.64871510 0.14381488 0.00000000 1.00000000 1.00000000 1.00000000
v 0.66274235 0.13881231 0.00000000 1.00000000 1.00000000 1.00000000
v 0.67676961 0.13380975 0.00000000 1.00000000 1.00000000 1.00000000
v 0.69085166 0.12878764 0.00000000 1.00000000 1.00000000 1.00000000
v 0.70487891 0.12378507 0.00000000 1.00000000 1.00000000 1.00000000
v 0.71896096 0.11876296 0.00000000 1.00000000 1.00000000 1.00000000
v 0.73298821 0.11376039 0.00000000 1.00000000 1.00000000 1.00000000
v 0.74701547 0.10875782 0.00000000 1.00000000 1.00000000 1.00000000
v 0.76109752 0.10373571 0.00000000 1.00000000 1.00000000 1.00000000
v 0.77512477 0.09873314 0.00000000 1.00000000 1.00000000 1.00000000
v 0.78915203 0.09373058 0.00000000 1.00000000 1.00000000 1.00000000
v 0.80323408 0.08870847 0.00000000 1.00000000 1.00000000 1.00000000
v 0.81726133 0.08370590 0.00000000 1.00000000 1.00000000 1.00000000
v 0.83134338 0.07868379 0.00000000 1.00000000 1.00000000 1.00000000
v 0.84537064 0.07368122 0.00000000 1.00000000 0.00000000 0.00000000
v 0.84254116 0.06574736 0.01433335 1.00000000 1.00000000 1.00000000
v 0.83738204 0.05128112 0.02194217 1.00000000 1.00000000 1.00000000
v 0.83171447 0.03538920 0.02525667 1.00000000 1.00000000 1.00000000
v 0.82645200 0.02063318 0.02566162 1.00000000 1.00000000 1.00000000
v 0.82172235 0.00737116 0.02566162 1.00000000 1.00000000 1.00000000
v 0.81645988 -0.00738486 0.02525667 1.00000000 1.00000000 1.00000000
v 0.81079231 -0.02327678 0.02194217 1.00000000 1.00000000 1.00000000
v 0.80563319 -0.03774302 0.01433335 1.00000000 1.00000000 1.00000000
v 0.80280371 -0.04567688 0.00000000 1.00000000 0.00000000 0.00000000
v 0.78868414 -0.04150555 0.00000000 1.00000000 1.00000000 1.00000000
v 0.77461535 -0.03734922 0.00000000 1.00000000 1.00000000 1.00000000
v 0.76049578 -0.03317788 0.00000000 1.00000000 1.00000000 1.00000000
v 0.74637620 -0.02900654 0.00000000 1.00000000 1.00000000 1.00000000
v 0.73225663 -0.02483521 0.00000000 1.00000000 1.00000000 1.00000000
v 0.71818784 -0.02067888 0.00000000 1.00000000 1.00000000 1.00000000
v 0.70406826 -0.01650754 0.00000000 1.00000000 1.00000000 1.00000000
v 0.68994869 -0.01233620 0.00000000 1.00000000 1.00000000 1.00000000
v 0.67582911 -0.00816487 0.00000000 1.00000000 1.00000000 1.00000000
v 0.66176033 -0.00400854 0.00000000 1.00000000 1.00000000 1.00000000
v 0.64764075 0.00016280 0.00000000 1.00000000 1.00000000 1.00000000
v 0.63352117 0.00433413 0.00000000 1.00000000 1.00000000 1.00000000
v 0.61940160 0.00850547 0.00000000 1.00000000 1.00000000 1.00000000
v 0.60533281 0.01266180 0.00000000 1.00000000 1.00000000 1.00000000
v 0.59121324 0.01683314 0.00000000 1.00000000 1.00000000 1.00000000
v 0.57709366 0.02100447 0.00000000 1.00000000 1.00000000 1.00000000
v 0.56297408 0.02517581 0.00000000 1.00000000 1.00000000 1.00000000
v 0.54890530 0.02933214 0.00000000 1.00000000 1.00000000 1.00000000
v 0.53478572 0.03350348 0.00000000 1.00000000 1.00000000 1.00000000
v 0.52066615 0.03767481 0.00000000 1.00000000 1.00000000 1.00000000
v 0.50654657 0.04184615 0.00000000 1.00000000 1.00000000 1.00000000
v 0.49247779 0.04600248 0.00000000 1.00000000 1.00000000 1.00000000
v 0.47835821 0.05017382 0.00000000 1.00000000 1.00000000 1.00000000
v 0.46423863 0.05434515 0.00000000 1.00000000 1.00000000 1.00000000
v 0.45011906 0.05851649 0.00000000 1.00000000 1.00000000 1.00000000
v 0.43605027 0.06267282 0.00000000 1.00000000 1.00000000 1.00000000
v 0.42193070 0.06684416 0.00000000 1.00000000 1.00000000 1.00000000
v 0.40781112 0.07101549 0.00000000 1.00000000 1.00000000 1.00000000
v 0.39369154 0.07518683 0.00000000 1.00000000 1.00000000 1.00000000
v 0.37962276 0.07934316 0.00000000 1.00000000 1.00000000 1.00000000
v 0.36550318 0.08351449 0.00000000 1.00000000 1.00000000 1.00000000
v 0.35138361 0.08768583 0.00000000 1.00000000 1.00000000 1.00000000
v 0.33726403 0.09185717 0.00000000 1.00000000 1.00000000 1.00000000
v 0.32319524 0.09601350 0.00000000 1.00000000 1.00000000 1.00000000
v 0.30907567 0.10018483 0.00000000 1.00000000 1.00000000 1.00000000
v 0.29495609 0.10435617 0.00000000 1.00000000 0.00000000 0.00000000
v 0.29509893 0.11365697 0.01498892 1.00000000 1.00000000 1.00000000
v 0.29535355 0.13023630 0.02256808 1.00000000 1.00000000 1.00000000
v 0.29563073 0.14828453 0.02550429 1.00000000 1.00000000 1.00000000
v 0.29587598 0.16425374 0.02566162 1.00000000 1.00000000 1.00000000
v 0.29610595 0.17922814 0.02566162 1.00000000 1.00000000 1.00000000
v 0.29633592 0.19420253 0.02566162 1.00000000 1.00000000 1.00000000
v 0.29656590 0.20917692 0.02566162 1.00000000 1.00000000 1.00000000
v 0.29730637 0.22558278 0.02529052 1.00000000 1.00000000 1.00000000
v 0.29848498 0.24321717 0.02201645 1.00000000 1.00000000 1.00000000
v 0.29915703 0.25943115 0.01440891 1.00000000 1.00000000 1.00000000
v 0.39850316 0.22485969 0.01376947 1.00000000 1.00000000 1.00000000
v 0.46145794 0.14019250 0.02566162 1.00000000 1.00000000 1.00000000
v 0.55886491 0.03689765 0.01553342 1.00000000 1.00000000 1.00000000
v 0.36676502 0.16660041 0.02566162 1.00000000 1.00000000 1.00000000
v 0.41091944 0.13863018 0.02566162 1.00000000 1.00000000 1.00000000
v 0.72333819 -0.00694389 0.01823031 1.00000000 1.00000000 1.00000000
v 0.44279263 0.12957210 0.02566162 1.00000000 1.00000000 1.00000000
v 0.46245194 0.09564996 0.02509876 1.00000000 1.00000000 1.00000000
v 0.68555846 0.05247740 0.02566162 1.00000000 1.00000000 1.00000000
v 0.45453188 0.15267946 0.02566162 1.00000000 1.00000000 1.00000000
v 0.45801972 0.18711347 0.02177986 1.00000000 1.00000000 1.00000000
v 0.33311799 0.11825703 0.02205496 1.00000000 1.00000000 1.00000000
v 0.75009126 0.09649108 0.01583182 1.00000000 1.00000000 1.00000000
v 0.61123238 0.13223596 0.02185168 1.00000000 1.00000000 1.00000000
v 0.41361051 0.18499405 0.02521186 1.00000000 1.00000000 1.00000000
v 0.47327214 0.18904094 0.01906637 1.00000000 1.00000000 1.00000000
v 0.58554576 0.14564034 0.02042804 1.00000000 1.00000000 1.00000000
v 0.77831606 0.04997624 0.02555285 1.00000000 1.00000000 1.00000000
v 0.52661213 0.17650982 0.01563069 1.00000000 1.00000000 1.00000000
v 0.55740929 0.11509486 0.02566162 1.00000000 1.00000000 1.00000000
v 0.76598680 0.09201687 0.01505631 1.00000000 1.00000000 1.00000000
v 0.51682201 0.14021218 0.02564646 1.00000000 1.00000000 1.00000000
v 0.62791172 0.08823636 0.02566162 1.00000000 1.00000000 1.00000000
v 0.60708328 0.11380402 0.02539187 1.00000000 1.00000000 1.00000000
v 0.39916070 0.10419911 0.02345896 1.00000000 1.00000000 1.00000000
v 0.59171850 0.02357109 0.01281944 1.00000000 1.00000000 1.00000000
v 0.47616973 0.14677826 0.02566162 1.00000000 1.00000000 1.00000000
v 0.67800506 0.10284028 0.02331394 1.00000000 1.00000000 1.00000000
v 0.66323750 0.00394653 0.01403915 1.00000000 1.00000000 1.00000000
v 0.56852521 0.04955576 0.02229997 1.00000000 1.00000000 1.00000000
v 0.71138257 -0.01040276 0.01394276 1.00000000 1.00000000 1.00000000
v 0.42344511 0.14881907 0.02566162 1.00000000 1.00000000 1.00000000
v 0.47647264 0.17429262 0.02340750 1.00000000 1.00000000 1.00000000
v 0.55317471 0.16328478 0.01776735 1.00000000 1.00000000 1.00000000
v 0.49595327 0.05605283 0.01589947 1.00000000 1.00000000 1.00000000
v 0.69796754 0.04244075 0.02566162 1.00000000 1.00000000 1.00000000
v 0.35929145 0.19874980 0.02558078 1.00000000 1.00000000 1.00000000
v 0.61268626 0.01859989 0.01382261 1.00000000 1.00000000 1.00000000
v 0.42958030 0.13669792 0.02566162 1.00000000 1.00000000 1.00000000
v 0.70544863 0.11412321 0.01470118 1.00000000 1.00000000 1.00000000
v 0.31493537 0.14146897 0.02531059 1.00000000 1.00000000 1.00000000
v 0.33093666 0.25190784 0.01117838 1.00000000 1.00000000 1.00000000
v 0.73745947 0.10592979 0.01213675 1.00000000 1.00000000 1.00000000
v 0.77752987 0.01356607 0.02566162 1.00000000 1.00000000 1.00000000
v 0.41650148 0.10454374 0.02448619 1.00000000 1.00000000 1.00000000
v 0.38533357 0.21777891 0.02014895 1.00000000 1.00000000 1.00000000
v 0.45851964 0.20794332 0.00946974 1.00000000 1.00000000 1.00000000
v 0.48628073 0.13326903 0.02566162 1.00000000 1.00000000 1.00000000
v 0.49770574 0.17412939 0.02141276 1.00000000 1.00000000 1.00000000
v 0.57806067 0.06574302 0.02545765 1.00000000 1.00000000 1.00000000
v 0.37277850 0.12978128 0.02561542 1.00000000 1.00000000 1.00000000
v 0.72454410 0.06611565 0.02564673 1.00000000 1.00000000 1.00000000
v 0.59024248 0.03678015 0.02016881 1.00000000 1.00000000 1.00000000
v 0.39484455 0.15259872 0.02566162 1.00000000 1.00000000 1.00000000
v 0.78721316 0.07122113 0.02130215 1.00000000 1.00000000 1.00000000
v 0.72993431 0.09401354 0.02047744 1.00000000 1.00000000 1.00000000
v 0.53384266 0.06927487 0.02438998 1.00000000 1.00000000 1.00000000
v 0.79843826 0.00981780 0.02566162 1.00000000 1.00000000 1.00000000
v 0.54509429 0.03921858 0.01431657 1.00000000 1.00000000 1.00000000
v 0.76312306 0.02236115 0.02566162 1.00000000 1.00000000 1.00000000
v 0.78124228 0.08799947 0.01404506 1.00000000 1.00000000 1.00000000
v 0.34868189 0.16649856 0.02566162 1.00000000 1.00000000 1.00000000
v 0.64152285 0.01487485 0.01698956 1.00000000 1.00000000 1.00000000
v 0.61558061 0.07833483 0.02566162 1.00000000 1.00000000 1.00000000
v 0.35951311 0.15150790 0.02566162 1.00000000 1.00000000 1.00000000
v 0.51461664 0.12035737 0.02566162 1.00000000 1.00000000 1.00000000
v 0.37138103 0.09132338 0.01488175 1.00000000 1.00000000 1.00000000
v 0.39871882 0.18802185 0.02539838 1.00000000 1.00000000 1.00000000
v 0.76365996 0.05931021 0.02528681 1.00000000 1.00000000 1.00000000
v 0.59408472 0.10031765 0.02566162 1.00000000 1.00000000 1.00000000
v 0.75089468 -0.01955153 0.01571648 1.00000000 1.00000000 1.00000000
v 0.62711005 0.12751193 0.02156219 1.00000000 1.00000000 1.00000000
v 0.74882174 0.03259857 0.02566162 1.00000000 1.00000000 1.00000000
v 0.37974043 0.10885020 0.02321145 1.00000000 1.00000000 1.00000000
v 0.32564596 0.23932146 0.02004951 1.00000000 1.00000000 1.00000000
v 0.31329272 0.12528745 0.02239239 1.00000000 1.00000000 1.00000000
v 0.34118643 0.24375042 0.01489552 1.00000000 1.00000000 1.00000000
v 0.66017401 0.09394577 0.02545387 1.00000000 1.00000000 1.00000000
v 0.66752530 0.05674368 0.02566162 1.00000000 1.00000000 1.00000000
v 0.36527040 0.23759303 0.01306642 1.00000000 1.00000000 1.00000000
v 0.39026321 0.08302245 0.01276361 1.00000000 1.00000000 1.00000000
v 0.57310877 0.12937577 0.02508662 1.00000000 1.00000000 1.00000000
v 0.63810032 0.03460122 0.02367191 1.00000000 1.00000000 1.00000000
v 0.45031837 0.10844458 0.02565047 1.00000000 1.00000000 1.00000000
v 0.46809959 0.07853552 0.02210100 1.00000000 1.00000000 1.00000000
v 0.31641144 0.16378165 0.02566162 1.00000000 1.00000000 1.00000000
v 0.52808294 0.09854328 0.02566162 1.00000000 1.00000000 1.00000000
v 0.57663348 0.09773897 0.02566162 1.00000000 1.00000000 1.00000000
v 0.43733074 0.17185496 0.02554019 1.00000000 1.00000000 1.00000000
v 0.67905615 -0.00103751 0.01379936 1.00000000 1.00000000 1.00000000
v 0.48426999 0.07085278 0.02118023 1.00000000 1.00000000 1.00000000
v 0.66997833 0.03744837 0.02537919 1.00000000 1.00000000 1.00000000
v 0.78005657 0.03064536 0.02566162 1.00000000 1.00000000 1.00000000
v 0.62742283 0.01501496 0.01440411 1.00000000 1.00000000 1.00000000
v 0.61804576 0.05977435 0.02565965 1.00000000 1.00000000 1.00000000
v 0.44631439 0.14145775 0.02566162 1.00000000 1.00000000 1.00000000
v 0.38392118 0.17782008 0.02566162 1.00000000 1.00000000 1.00000000
v 0.41135630 0.16838498 0.02566162 1.00000000 1.00000000 1.00000000
v 0.66008193 0.13023718 0.01474675 1.00000000 1.00000000 1.00000000
v 0.49165589 0.15377847 0.02547021 1.00000000 1.00000000 1.00000000
v 0.64375905 0.13510991 0.01538657 1.00000000 1.00000000 1.00000000
v 0.59941594 0.08364733 0.02566162 1.00000000 1.00000000 1.00000000
v 0.62380918 0.03060069 0.02150346 1.00000000 1.00000000 1.00000000
v 0.51221964 0.10089656 0.02566162 1.00000000 1.00000000 1.00000000
v 0.44368625 0.09005771 0.02323463 1.00000000 1.00000000 1.00000000
v 0.77949301 -0.02493772 0.01750963 1.00000000 1.00000000 1.00000000
v 0.54226290 0.12317678 0.02566162 1.00000000 1.00000000 1.00000000
v 0.57126560 0.11052000 0.02566162 1.00000000 1.00000000 1.00000000
v 0.30882576 0.24837215 0.01875929 1.00000000 1.00000000 1.00000000
v 0.72049779 0.02288890 0.02540576 1.00000000 1.00000000 1.00000000
v 0.41131674 0.20160231 0.02240573 1.00000000 1.00000000 1.00000000
v 0.70181793 0.06565952 0.02566162 1.00000000 1.00000000 1.00000000
v 0.44418679 0.18536268 0.02350394 1.00000000 1.00000000 1.00000000
v 0.72493820 0.05132192 0.02566162 1.00000000 1.00000000 1.00000000
v 0.79565759 0.08343275 0.01360569 1.00000000 1.00000000 1.00000000
v 0.38969896 0.12275802 0.02553483 1.00000000 1.00000000 1.00000000
v 0.32179350 0.18517595 0.02566162 1.00000000 1.00000000 1.00000000
v 0.37561542 0.14551527 0.02566162 1.00000000 1.00000000 1.00000000
v 0.33583658 0.18247896 0.02566162 1.00000000 1.00000000 1.00000000
v 0.33706114 0.22518774 0.02314023 1.00000000 1.00000000 1.00000000
v 0.42533623 0.08836538 0.02121485 1.00000000 1.00000000 1.00000000
v 0.48682109 0.18408828 0.01911940 1.00000000 1.00000000 1.00000000
v 0.79462332 0.03902260 0.02566162 1.00000000 1.00000000 1.00000000
v 0.38644804 0.09505976 0.01937496 1.00000000 1.00000000 1.00000000
v 0.44604317 0.21089723 0.01113778 1.00000000 1.00000000 1.00000000
v 0.61484542 0.04032856 0.02342547 1.00000000 1.00000000 1.00000000
v 0.77277590 0.07371352 0.02211992 1.00000000 1.00000000 1.00000000
v 0.63250010 0.05235278 0.02559211 1.00000000 1.00000000 1.00000000
v 0.45539603 0.12335441 0.02566162 1.00000000 1.00000000 1.00000000
v 0.56375069 0.06610004 0.02513800 1.00000000 1.00000000 1.00000000
v 0.60347793 0.14944581 0.01540591 1.00000000 1.00000000 1.00000000
v 0.60323935 0.04738166 0.02415221 1.00000000 1.00000000 1.00000000
v 0.35166835 0.23490768 0.01788929 1.00000000 1.00000000 1.00000000
v 0.69393658 0.10069047 0.02243857 1.00000000 1.00000000 1.00000000
v 0.71071126 0.00830476 0.02250998 1.00000000 1.00000000 1.00000000
v 0.55839215 0.09537284 0.02566162 1.00000000 1.00000000 1.00000000
v 0.48340922 0.11422995 0.02566162 1.00000000 1.00000000 1.00000000
v 0.51949893 0.08232385 0.02540957 1.00000000 1.00000000 1.00000000
v 0.58109631 0.02407579 0.01021187 1.00000000 1.00000000 1.00000000
v 0.55428094 0.13396426 0.02528826 1.00000000 1.00000000 1.00000000
v 0.60267921 0.02717257 0.01744230 1.00000000 1.00000000 1.00000000
v 0.58727098 0.11476702 0.02565138 1.00000000 1.00000000 1.00000000
v 0.69918879 0.02201965 0.02463543 1.00000000 1.00000000 1.00000000
v 0.41212591 0.21833246 0.01497665 1.00000000 1.00000000 1.00000000
v 0.43974481 0.19922031 0.01981536 1.00000000 1.00000000 1.00000000
v 0.74404710 0.06311860 0.02550722 1.00000000 1.00000000 1.00000000
v 0.69113156 0.00723239 0.02026921 1.00000000 1.00000000 1.00000000
v 0.58079482 0.15849849 0.01475721 1.00000000 1.00000000 1.00000000
v 0.70948767 0.05307425 0.02566162 1.00000000 1.00000000 1.00000000
v 0.52399270 0.15760400 0.02335024 1.00000000 1.00000000 1.00000000
v 0.43568060 0.07265686 0.01510969 1.00000000 1.00000000 1.00000000
v 0.67780484 0.08491610 0.02558992 1.00000000 1.00000000 1.00000000
v 0.58465371 0.08587353 0.02566162 1.00000000 1.00000000 1.00000000
v 0.53001655 0.04084382 0.01195567 1.00000000 1.00000000 1.00000000
v 0.31902818 0.25346639 0.01356466 1.00000000 1.00000000 1.00000000
v 0.32737632 0.15163018 0.02566162 1.00000000 1.00000000 1.00000000
v 0.56966479 0.08224285 0.02566162 1.00000000 1.00000000 1.00000000
v 0.74610961 0.01506666 0.02538730 1.00000000 1.00000000 1.00000000
v 0.43004309 0.18886277 0.02382074 1.00000000 1.00000000 1.00000000
v 0.64732417 0.06492625 0.02566162 1.00000000 1.00000000 1.00000000
v 0.56710719 0.16470226 0.01379086 1.00000000 1.00000000 1.00000000
v 0.31144622 0.23444202 0.02311218 1.00000000 1.00000000 1.00000000
v 0.32301479 0.22255914 0.02458495 1.00000000 1.00000000 1.00000000
v 0.61010883 0.09465420 0.02566162 1.00000000 1.00000000 1.00000000
v 0.48068736 0.09369651 0.02540296 1.00000000 1.00000000 1.00000000
v 0.55108766 0.05577673 0.02259504 1.00000000 1.00000000 1.00000000
v 0.71245855 0.03603645 0.02566162 1.00000000 1.00000000 1.00000000
v 0.45432763 0.06456326 0.01316140 1.00000000 1.00000000 1.00000000
v 0.36537031 0.11170022 0.02287079 1.00000000 1.00000000 1.00000000
v 0.59390191 0.05792258 0.02520989 1.00000000 1.00000000 1.00000000
v 0.65635232 0.01557768 0.01948481 1.00000000 1.00000000 1.00000000
v 0.78351055 -0.00391023 0.02448170 1.00000000 1.00000000 1.00000000
v 0.52859647 0.11433347 0.02566162 1.00000000 1.00000000 1.00000000
v 0.82347965 0.04587656 0.02430418 1.00000000 1.00000000 1.00000000
v 0.34289093 0.19608184 0.02566162 1.00000000 1.00000000 1.00000000
v 0.62299075 0.10610423 0.02551713 1.00000000 1.00000000 1.00000000
v 0.71144556 0.09708198 0.02167274 1.00000000 1.00000000 1.00000000
v 0.40994793 0.15465436 0.02566162 1.00000000 1.00000000 1.00000000
v 0.41846176 0.07558471 0.01351001 1.00000000 1.00000000 1.00000000
v 0.76519229 -0.00409075 0.02342492 1.00000000 1.00000000 1.00000000
v 0.49873056 0.11426160 0.02566162 1.00000000 1.00000000 1.00000000
v 0.33165626 0.16750271 0.02566162 1.00000000 1.00000000 1.00000000
v 0.81087605 0.01964304 0.02566162 1.00000000 1.00000000 1.00000000
v 0.46407132 0.19793724 0.01617390 1.00000000 1.00000000 1.00000000
v 0.73299460 -0.01818789 0.01280051 1.00000000 1.00000000 1.00000000
v 0.76667469 -0.02141244 0.01736891 1.00000000 1.00000000 1.00000000
v 0.46824806 0.11177558 0.02566162 1.00000000 1.00000000 1.00000000
v 0.42495721 0.21716815 0.01232623 1.00000000 1.00000000 1.00000000
v 0.38002603 0.23108943 0.01404251 1.00000000 1.00000000 1.00000000
v 0.67529041 0.01696175 0.02199312 1.00000000 1.00000000 1.00000000
v 0.39370413 0.13774476 0.02566162 1.00000000 1.00000000 1.00000000
v 0.59421584 0.13135321 0.02361054 1.00000000 1.00000000 1.00000000
v 0.46641547 0.15924127 0.02562358 1.00000000 1.00000000 1.00000000
v 0.38189242 0.16109567 0.02566162 1.00000000 1.00000000 1.00000000
v 0.68527711 0.03200409 0.02530599 1.00000000 1.00000000 1.00000000
v 0.43532985 0.11847213 0.02566162 1.00000000 1.00000000 1.00000000
v 0.35558858 0.09725050 0.01572744 1.00000000 1.00000000 1.00000000
v 0.76626476 0.03842631 0.02566162 1.00000000 1.00000000 1.00000000
v 0.72930344 0.00770426 0.02368172 1.00000000 1.00000000 1.00000000
v 0.65357364 0.11399937 0.02272528 1.00000000 1.00000000 1.00000000
v 0.32098368 0.10719096 0.01554405 1.00000000 1.00000000 1.00000000
v 0.81174465 0.03478102 0.02565041 1.00000000 1.00000000 1.00000000
v 0.83037676 0.06137001 0.01920453 1.00000000 1.00000000 1.00000000
v 0.34799913 0.21402132 0.02452969 1.00000000 1.00000000 1.00000000
v 0.31466465 0.20776125 0.02566162 1.00000000 1.00000000 1.00000000
v 0.68918164 0.11851193 0.01564367 1.00000000 1.00000000 1.00000000
v 0.52931198 0.13228693 0.02566162 1.00000000 1.00000000 1.00000000
v 0.36961999 0.18418236 0.02566162 1.00000000 1.00000000 1.00000000
v 0.81700320 0.05773964 0.02217747 1.00000000 1.00000000 1.00000000
v 0.32911817 0.20324564 0.02566162 1.00000000 1.00000000 1.00000000
v 0.42420941 0.20227712 0.02075582 1.00000000 1.00000000 1.00000000
v 0.30688813 0.15293247 0.02566162 1.00000000 1.00000000 1.00000000
v 0.73587575 0.02463005 0.02565706 1.00000000 1.00000000 1.00000000
v 0.73999807 0.04782217 0.02566162 1.00000000 1.00000000 1.00000000
v 0.39831863 0.20775598 0.02197449 1.00000000 1.00000000 1.00000000
v 0.30875425 0.26080392 0.01012194 1.00000000 1.00000000 1.00000000
v 0.60528566 0.06817587 0.02566162 1.00000000 1.00000000 1.00000000
v 0.80274539 -0.00441572 0.02514718 1.00000000 1.00000000 1.00000000
v 0.30959822 0.17640804 0.02566162 1.00000000 1.00000000 1.00000000
v 0.75604177 0.07784183 0.02262523 1.00000000 1.00000000 1.00000000
v 0.55215610 0.07733724 0.02563040 1.00000000 1.00000000 1.00000000
v 0.48526562 0.19666415 0.01138337 1.00000000 1.00000000 1.00000000
v 0.51419432 0.06341008 0.02164019 1.00000000 1.00000000 1.00000000
v 0.37289993 0.20761670 0.02412416 1.00000000 1.00000000 1.00000000
v 0.73864625 0.08071592 0.02342444 1.00000000 1.00000000 1.00000000
v 0.75512292 0.00453431 0.02449076 1.00000000 1.00000000 1.00000000
v 0.31058201 0.19482290 0.02566162 1.00000000 1.00000000 1.00000000
v 0.63091417 0.07093677 0.02566162 1.00000000 1.00000000 1.00000000
v 0.47160394 0.06096489 0.01434256 1.00000000 1.00000000 1.00000000
v 0.79094754 -0.03470360 0.01331078 1.00000000 1.00000000 1.00000000
v 0.51311678 0.18297314 0.01451871 1.00000000 1.00000000 1.00000000
v 0.35121033 0.11842058 0.02347121 1.00000000 1.00000000 1.00000000
v 0.43785449 0.15266301 0.02566162 1.00000000 1.00000000 1.00000000
v 0.39758490 0.16998046 0.02566162 1.00000000 1.00000000 1.00000000
v 0.68290205 0.06879950 0.02566162 1.00000000 1.00000000 1.00000000
v 0.40586744 0.08577765 0.01768699 1.00000000 1.00000000 1.00000000
v 0.66902058 0.11434290 0.02097536 1.00000000 1.00000000 1.00000000
v 0.64157234 0.09825452 0.02557382 1.00000000 1.00000000 1.00000000
v 0.50233761 0.14605437 0.02563294 1.00000000 1.00000000 1.00000000
v 0.33294017 0.13450339 0.02515975 1.00000000 1.00000000 1.00000000
v 0.63839870 0.11669456 0.02337439 1.00000000 1.00000000 1.00000000
v 0.67629525 0.12721602 0.01260529 1.00000000 1.00000000 1.00000000
v 0.35312116 0.18159028 0.02566162 1.00000000 1.00000000 1.00000000
v 0.71657817 0.08023853 0.02485215 1.00000000 1.00000000 1.00000000
v 0.79482954 -0.01951179 0.02163574 1.00000000 1.00000000 1.00000000
v 0.45179569 0.07798588 0.02028724 1.00000000 1.00000000 1.00000000
v 0.36394772 0.22143801 0.02153879 1.00000000 1.00000000 1.00000000
v 0.64588272 0.08146242 0.02566162 1.00000000 1.00000000 1.00000000
v 0.57290023 0.03276630 0.01554330 1.00000000 1.00000000 1.00000000
v 0.79208713 0.05744211 0.02424208 1.00000000 1.00000000 1.00000000
v 0.43476953 0.21115035 0.01434890 1.00000000 1.00000000 1.00000000
v 0.49633693 0.09691994 0.02566162 1.00000000 1.00000000 1.00000000
v 0.47094805 0.12853986 0.02566162 1.00000000 1.00000000 1.00000000
v 0.54414695 0.10498143 0.02566162 1.00000000 1.00000000 1.00000000
v 0.30609600 0.11021042 0.01459768 1.00000000 1.00000000 1.00000000
v 0.47307142 0.20229358 0.01001823 1.00000000 1.00000000 1.00000000
v 0.66323075 0.07391242 0.02566162 1.00000000 1.00000000 1.00000000
v 0.80861371 0.08162723 0.01110291 1.00000000 1.00000000 1.00000000
v 0.42638318 0.16189079 0.02566162 1.00000000 1.00000000 1.00000000
v 0.34256734 0.15080050 0.02566162 1.00000000 1.00000000 1.00000000
v 0.72165807 0.10937738 0.01394861 1.00000000 1.00000000 1.00000000
v 0.82074827 0.07882565 0.00938967 1.00000000 1.00000000 1.00000000
v 0.30762493 0.21876521 0.02550697 1.00000000 1.00000000 1.00000000
v 0.49964063 0.18987920 0.01289377 1.00000000 1.00000000 1.00000000
v 0.50087298 0.07779671 0.02418299 1.00000000 1.00000000 1.00000000
v 0.45188552 0.19878053 0.01808176 1.00000000 1.00000000 1.00000000
v 0.69728614 0.08275881 0.02530538 1.00000000 1.00000000 1.00000000
v 0.83457815 0.07325474 0.01014874 1.00000000 1.00000000 1.00000000
v 0.40611872 0.12214110 0.02565787 1.00000000 1.00000000 1.00000000
v 0.82137016 0.07014487 0.01639332 1.00000000 1.00000000 1.00000000
v 0.44716907 0.16254603 0.02566162 1.00000000 1.00000000 1.00000000
v 0.38425192 0.19676734 0.02508249 1.00000000 1.00000000 1.00000000
v 0.79442067 0.02363528 0.02566162 1.00000000 1.00000000 1.00000000
v 0.65405684 0.03239581 0.02415706 1.00000000 1.00000000 1.00000000
v 0.69814661 -0.00566822 0.01455769 1.00000000 1.00000000 1.00000000
v 0.80535186 0.06936385 0.01959878 1.00000000 1.00000000 1.00000000
v 0.62375020 0.14404245 0.01413722 1.00000000 1.00000000 1.00000000
v 0.72959459 0.03744185 0.02566162 1.00000000 1.00000000 1.00000000
v 0.80536187 0.05214661 0.02433571 1.00000000 1.00000000 1.00000000
v 0.74107354 -0.00515562 0.02113196 1.00000000 1.00000000 1.00000000
v 0.43353926 0.10302234 0.02496759 1.00000000 1.00000000 1.00000000
v 0.56452132 0.14764300 0.02221714 1.00000000 1.00000000 1.00000000
v 0.75415864 0.04703097 0.02566162 1.00000000 1.00000000 1.00000000
v 0.35359481 0.13620458 0.02563527 1.00000000 1.00000000 1.00000000
v 0.50186708 0.13029651 0.02566162 1.00000000 1.00000000 1.00000000
v 0.42104745 0.12400189 0.02566162 1.00000000 1.00000000 1.00000000
v 0.65156375 0.05021793 0.02566121 1.00000000 1.00000000 1.00000000
v 0.53979278 0.08779730 0.02566162 1.00000000 1.00000000 1.00000000
v 0.58985713 0.07258233 0.02566162 1.00000000 1.00000000 1.00000000
v 0.58275816 0.04793226 0.02298468 1.00000000 1.00000000 1.00000000
v 0.42380707 0.17513910 0.02560253 1.00000000 1.00000000 1.00000000
v 0.33936445 0.10219261 0.01582270 1.00000000 1.00000000 1.00000000
v 0.45363746 0.17358267 0.02490521 1.00000000 1.00000000 1.00000000
v 0.50955293 0.16510544 0.02279063 1.00000000 1.00000000 1.00000000
v 0.48344983 0.16460332 0.02469033 1.00000000 1.00000000 1.00000000
v 0.53478555 0.05330055 0.02022225 1.00000000 1.00000000 1.00000000
v 0.46528100 0.17559279 0.02395571 1.00000000 1.00000000 1.00000000
v 0.54084220 0.14801698 0.02407152 1.00000000 1.00000000 1.00000000
v 0.53980970 0.16926115 0.01712898 1.00000000 1.00000000 1.00000000
v 0.51623637 0.04844781 0.01482484 1.00000000 1.00000000 1.00000000
v 0.29748578 0.26907450 0.00000000 1.00000000 0.00000000 0.00000000
v 0.31151304 0.26407193 0.00000000 1.00000000 1.00000000 1.00000000
v 0.32559509 0.25904982 0.00000000 1.00000000 1.00000000 1.00000000
v 0.33962234 0.25404725 0.00000000 1.00000000 1.00000000 1.00000000
v 0.35370439 0.24902514 0.00000000 1.00000000 1.00000000 1.00000000
v 0.36773165 0.24402257 0.00000000 1.00000000 1.00000000 1.00000000
v 0.38175890 0.23902001 0.00000000 1.00000000 1.00000000 1.00000000
v 0.39584095 0.23399790 0.00000000 1.00000000 1.00000000 1.00000000
v 0.40986820 0.22899533 0.00000000 1.00000000 1.00000000 1.00000000
v 0.42389546 0.22399276 0.00000000 1.00000000 1.00000000 1.00000000
v 0.43797751 0.21897065 0.00000000 1.00000000 1.00000000 1.00000000
v 0.45200476 0.21396808 0.00000000 1.00000000 1.00000000 1.00000000
v 0.46608681 0.20894597 0.00000000 1.00000000 1.00000000 1.00000000
v 0.48011407 0.20394341 0.00000000 1.00000000 1.00000000 1.00000000
v 0.49414132 0.19894084 0.00000000 1.00000000 1.00000000 1.00000000
v 0.50822337 0.19391873 0.00000000 1.00000000 1.00000000 1.00000000
v 0.52225063 0.18891616 0.00000000 1.00000000 1.00000000 1.00000000
v 0.53633267 0.18389405 0.00000000 1.00000000 1.00000000 1.00000000
v 0.55035993 0.17889148 0.00000000 1.00000000 1.00000000 1.00000000
v 0.56438718 0.17388891 0.00000000 1.00000000 1.00000000 1.00000000
v 0.57846923 0.16886680 0.00000000 1.00000000 1.00000000 1.00000000
v 0.59249649 0.16386424 0.00000000 1.00000000 1.00000000 1.00000000
v 0.60652374 0.15886167 0.00000000 1.00000000 1.00000000 1.00000000
v 0.62060579 0.15383956 0.00000000 1.00000000 1.00000000 1.00000000
v 0.63463305 0.14883699 0.00000000 1.00000000 1.00000000 1.00000000
v 0.64871510 0.14381488 0.00000000 1.00000000 1.00000000 1.00000000
v 0.66274235 0.13881231 0.00000000 1.00000000 1.00000000 1.00000000
v 0.67676961 0.13380975 0.00000000 1.00000000 1.00000000 1.00000000
v 0.69085166 0.12878764 0.00000000 1.00000000 1.00000000 1.00000000
v 0.70487891 0.12378507 0.00000000 1.00000000 1.00000000 1.00000000
v 0.71896096 0.11876296 0.00000000 1.00000000 1.00000000 1.00000000
v 0.73298821 0.11376039 0.00000000 1.00000000 1.00000000 1.00000000
v 0.74701547 0.10875782 0.00000000 1.00000000 1.00000000 1.00000000
v 0.76109752 0.10373571 0.00000000 1.00000000 1.00000000 1.00000000
v 0.77512477 0.09873314 0.00000000 1.00000000 1.00000000 1.00000000
v 0.78915203 0.09373058 0.00000000 1.00000000 1.00000000 1.00000000
v 0.80323408 0.08870847 0.00000000 1.00000000 1.00000000 1.00000000
v 0.81726133 0.08370590 0.00000000 1.00000000 1.00000000 1.00000000
v 0.83134338 0.07868379 0.00000000 1.00000000 1.00000000 1.00000000
v 0.84537064 0.07368122 0.00000000 1.00000000 0.00000000 0.00000000
v 0.84254116 0.06574736 -0.01433335 1.00000000 1.00000000 1.00000000
v 0.83738204 0.05128112 -0.02194217 1.00000000 1.00000000 1.00000000
v 0.83171447 0.03538920 -0.02525667 1.00000000 1.00000000 1.00000000
v 0.82645200 0.02063318 -0.02566162 1.00000000 1.00000000 1.00000000
v 0.82172235 0.00737116 -0.02566162 1.00000000 1.00000000 1.00000000
v 0.81645988 -0.00738486 -0.02525667 1.00000000 1.00000000 1.00000000
v 0.81079231 -0.02327678 -0.02194217 1.00000000 1.00000000 1.00000000
v 0.80563319 -0.03774302 -0.01433335 1.00000000 1.00000000 1.00000000
v 0.80280371 -0.04567688 0.00000000 1.00000000 0.00000000 0.00000000
v 0.78868414 -0.04150555 0.00000000 1.00000000 1.00000000 1.00000000
v 0.77461535 -0.03734922 0.00000000 1.00000000 1.00000000 1.00000000
v 0.76049578 -0.03317788 0.00000000 1.00000000 1.00000000 1.00000000
v 0.74637620 -0.02900654 0.00000000 1.00000000 1.00000000 1.00000000
v 0.73225663 -0.02483521 0.00000000 1.00000000 1.00000000 1.00000000
v 0.71818784 -0.02067888 0.00000000 1.00000000 1.00000000 1.00000000
v 0.70406826 -0.01650754 0.00000000 1.00000000 1.00000000 1.00000000
v 0.68994869 -0.01233620 0.00000000 1.00000000 1.00000000 1.00000000
v 0.67582911 -0.00816487 0.00000000 1.00000000 1.00000000 1.00000000
v 0.66176033 -0.00400854 0.00000000 1.00000000 1.00000000 1.00000000
v 0.64764075 0.00016280 0.00000000 1.00000000 1.00000000 1.00000000
v 0.63352117 0.00433413 0.00000000 1.00000000 1.00000000 1.00000000
v 0.61940160 0.00850547 0.00000000 1.00000000 1.00000000 1.00000000
v 0.60533281 0.01266180 0.00000000 1.00000000 1.00000000 1.00000000
v 0.59121324 0.01683314 0.00000000 1.00000000 1.00000000 1.00000000
v 0.57709366 0.02100447 0.00000000 1.00000000 1.00000000 1.00000000
v 0.56297408 0.02517581 0.00000000 1.00000000 1.00000000 1.00000000
v 0.54890530 0.02933214 0.00000000 1.00000000 1.00000000 1.00000000
v 0.53478572 0.03350348 0.00000000 1.00000000 1.00000000 1.00000000
v 0.52066615 0.03767481 0.00000000 1.00000000 1.00000000 1.00000000
v 0.50654657 0.04184615 0.00000000 1.00000000 1.00000000 1.00000000
v 0.49247779 0.04600248 0.00000000 1.00000000 1.00000000 1.00000000
v 0.47835821 0.05017382 0.00000000 1.00000000 1.00000000 1.00000000
v 0.46423863 0.05434515 0.00000000 1.00000000 1.00000000 1.00000000
v 0.45011906 0.05851649 0.00000000 1.00000000 1.00000000 1.00000000
v 0.43605027 0.06267282 0.00000000 1.00000000 1.00000000 1.00000000
v 0.42193070 0.06684416 0.00000000 1.00000000 1.00000000 1.00000000
v 0.40781112 0.07101549 0.00000000 1.00000000 1.00000000 1.00000000
v 0.39369154 0.07518683 0.00000000 1.00000000 1.00000000 1.00000000
v 0.37962276 0.07934316 0.00000000 1.00000000 1.00000000 1.00000000
v 0.36550318 0.08351449 0.00000000 1.00000000 1.00000000 1.00000000
v 0.35138361 0.08768583 0.00000000 1.00000000 1.00000000 1.00000000
v 0.33726403 0.09185717 0.00000000 1.00000000 1.00000000 1.00000000
v 0.32319524 0.09601350 0.00000000 1.00000000 1.00000000 1.00000000
v 0.30907567 0.10018483 0.00000000 1.00000000 1.00000000 1.00000000
v 0.29495609 0.10435617 0.00000000 1.00000000 0.00000000 0.00000000
v 0.29509893 0.11365697 -0.01498892 1.00000000 1.00000000 1.00000000
v 0.29535355 0.13023630 -0.02256808 1.00000000 1.00000000 1.00000000
v 0.29563073 0.14828453 -0.02550429 1.00000000 1.00000000 1.00000000
v 0.29587598 0.16425374 -0.02566162 1.00000000 1.00000000 1.00000000
v 0.29610595 0.17922814 -0.02566162 1.00000000 1.00000000 1.00000000
v 0.29633592 0.19420253 -0.02566162 1.00000000 1.00000000 1.00000000
v 0.29656590 0.20917692 -0.02566162 1.00000000 1.00000000 1.00000000
v 0.29730637 0.22558278 -0.02529052 1.00000000 1.00000000 1.00000000
v 0.29848498 0.24321717 -0.02201645 1.00000000 1.00000000 1.00000000
v 0.29915703 0.25943115 -0.01440891 1.00000000 1.00000000 1.00000000
v 0.50316727 0.15638712 -0.02484717 1.00000000 1.00000000 1.00000000
v 0.74336736 0.04419665 -0.02566162 1.00000000 1.00000000 1.00000000
v 0.71531301 0.03005714 -0.02564894 1.00000000 1.00000000 1.00000000
v 0.46838585 0.14176142 -0.02566162 1.00000000 1.00000000 1.00000000
v 0.78603671 0.00872232 -0.02564109 1.00000000 1.00000000 1.00000000
v 0.46607948 0.06773884 -0.01755491 1.00000000 1.00000000 1.00000000
v 0.60754026 0.08993768 -0.02566162 1.00000000 1.00000000 1.00000000
v 0.71079771 0.04722339 -0.02566162 1.00000000 1.00000000 1.00000000
v 0.49847574 0.09511111 -0.02565973 1.00000000 1.00000000 1.00000000
v 0.30894553 0.18429531 -0.02566162 1.00000000 1.00000000 1.00000000
v 0.55723393 0.08266785 -0.02566162 1.00000000 1.00000000 1.00000000
v 0.39818336 0.22860249 -0.01046625 1.00000000 1.00000000 1.00000000
v 0.40701584 0.22343066 -0.01244694 1.00000000 1.00000000 1.00000000
v 0.67277789 0.01768516 -0.02198747 1.00000000 1.00000000 1.00000000
v 0.50271481 0.05065361 -0.01347755 1.00000000 1.00000000 1.00000000
v 0.32561487 0.17926054 -0.02566162 1.00000000 1.00000000 1.00000000
v 0.66794698 0.11241212 -0.02172921 1.00000000 1.00000000 1.00000000
v 0.75472067 0.03137029 -0.02566162 1.00000000 1.00000000 1.00000000
v 0.31582685 0.24433146 -0.01943700 1.00000000 1.00000000 1.00000000
v 0.63135673 0.02085257 -0.01853241 1.00000000 1.00000000 1.00000000
v 0.55737045 0.16946160 -0.01274894 1.00000000 1.00000000 1.00000000
v 0.72286642 -0.01054981 -0.01616973 1.00000000 1.00000000 1.00000000
v 0.67976490 0.07658323 -0.02566162 1.00000000 1.00000000 1.00000000
v 0.31227842 0.25593498 -0.01351628 1.00000000 1.00000000 1.00000000
v 0.40248017 0.08468577 -0.01652191 1.00000000 1.00000000 1.00000000
v 0.80176296 -0.00221976 -0.02532169 1.00000000 1.00000000 1.00000000
v 0.40078859 0.21000853 -0.02097346 1.00000000 1.00000000 1.00000000
v 0.60794803 0.03855891 -0.02248123 1.00000000 1.00000000 1.00000000
v 0.35524904 0.12402831 -0.02469250 1.00000000 1.00000000 1.00000000
v 0.45934038 0.15854126 -0.02566162 1.00000000 1.00000000 1.00000000
v 0.58799370 0.12246359 -0.02524284 1.00000000 1.00000000 1.00000000
v 0.40080436 0.13021174 -0.02566162 1.00000000 1.00000000 1.00000000
v 0.38140504 0.22645166 -0.01673995 1.00000000 1.00000000 1.00000000
v 0.51385988 0.07668280 -0.02462254 1.00000000 1.00000000 1.00000000
v 0.53601746 0.14074132 -0.02526567 1.00000000 1.00000000 1.00000000
v 0.67627953 0.03830562 -0.02554514 1.00000000 1.00000000 1.00000000
v 0.54067176 0.11381695 -0.02566162 1.00000000 1.00000000 1.00000000
v 0.59952003 0.13624688 -0.02190151 1.00000000 1.00000000 1.00000000
v 0.72127601 0.01263681 -0.02417477 1.00000000 1.00000000 1.00000000
v 0.68664368 0.09786555 -0.02371826 1.00000000 1.00000000 1.00000000
v 0.63597123 0.07180849 -0.02566162 1.00000000 1.00000000 1.00000000
v 0.80032869 0.07866070 -0.01577805 1.00000000 1.00000000 1.00000000
v 0.63476510 0.11219997 -0.02446117 1.00000000 1.00000000 1.00000000
v 0.62279696 0.03536771 -0.02279897 1.00000000 1.00000000 1.00000000
v 0.51886747 0.14363732 -0.02549555 1.00000000 1.00000000 1.00000000
v 0.30488768 0.26432025 -0.00721341 1.00000000 1.00000000 1.00000000
v 0.58162275 0.03712764 -0.01925652 1.00000000 1.00000000 1.00000000
v 0.50134372 0.06394081 -0.02051265 1.00000000 1.00000000 1.00000000
v 0.43983748 0.20890936 -0.01465858 1.00000000 1.00000000 1.00000000
v 0.41108914 0.11566794 -0.02549359 1.00000000 1.00000000 1.00000000
v 0.47472219 0.17363666 -0.02367901 1.00000000 1.00000000 1.00000000
v 0.42050463 0.10091800 -0.02407075 1.00000000 1.00000000 1.00000000
v 0.37230768 0.13374063 -0.02566162 1.00000000 1.00000000 1.00000000
v 0.59164878 0.06708733 -0.02565552 1.00000000 1.00000000 1.00000000
v 0.75413586 0.07975631 -0.02229133 1.00000000 1.00000000 1.00000000
v 0.77410304 -0.02390085 -0.01720832 1.00000000 1.00000000 1.00000000
v 0.64859522 0.13413178 -0.01488647 1.00000000 1.00000000 1.00000000
v 0.37538577 0.09184853 -0.01601026 1.00000000 1.00000000 1.00000000
v 0.39370630 0.14301459 -0.02566162 1.00000000 1.00000000 1.00000000
v 0.37149466 0.22845261 -0.01757416 1.00000000 1.00000000 1.00000000
v 0.56438183 0.06490642 -0.02502980 1.00000000 1.00000000 1.00000000
v 0.66929382 0.00067220 -0.01283595 1.00000000 1.00000000 1.00000000
v 0.50162206 0.11659839 -0.02566162 1.00000000 1.00000000 1.00000000
v 0.41777711 0.13268428 -0.02566162 1.00000000 1.00000000 1.00000000
v 0.41619577 0.21711870 -0.01481349 1.00000000 1.00000000 1.00000000
v 0.55071943 0.14647988 -0.02368998 1.00000000 1.00000000 1.00000000
v 0.78931812 0.04356422 -0.02563617 1.00000000 1.00000000 1.00000000
v 0.69611145 0.06307636 -0.02566162 1.00000000 1.00000000 1.00000000
v 0.55622767 0.04979098 -0.02124690 1.00000000 1.00000000 1.00000000
v 0.62991790 0.14570761 -0.01073690 1.00000000 1.00000000 1.00000000
v 0.68860490 0.02143272 -0.02401863 1.00000000 1.00000000 1.00000000
v 0.53171810 0.05477348 -0.02043969 1.00000000 1.00000000 1.00000000
v 0.55641689 0.10594224 -0.02566162 1.00000000 1.00000000 1.00000000
v 0.58464444 0.02525661 -0.01246355 1.00000000 1.00000000 1.00000000
v 0.60911177 0.14924423 -0.01415111 1.00000000 1.00000000 1.00000000
v 0.34824485 0.22268938 -0.02277634 1.00000000 1.00000000 1.00000000
v 0.30420899 0.10732806 -0.01173940 1.00000000 1.00000000 1.00000000
v 0.32566705 0.25278469 -0.01213991 1.00000000 1.00000000 1.00000000
v 0.30638768 0.13947185 -0.02482916 1.00000000 1.00000000 1.00000000
v 0.73524617 0.10522126 -0.01341298 1.00000000 1.00000000 1.00000000
v 0.42712819 0.20967207 -0.01700531 1.00000000 1.00000000 1.00000000
v 0.43936754 0.09379576 -0.02377121 1.00000000 1.00000000 1.00000000
v 0.34694101 0.16011677 -0.02566162 1.00000000 1.00000000 1.00000000
v 0.35538933 0.10271119 -0.01868839 1.00000000 1.00000000 1.00000000
v 0.30765649 0.23439035 -0.02343107 1.00000000 1.00000000 1.00000000
v 0.78586685 0.08329844 -0.01609900 1.00000000 1.00000000 1.00000000
v 0.33294426 0.15836684 -0.02566162 1.00000000 1.00000000 1.00000000
v 0.49852937 0.17089173 -0.02229748 1.00000000 1.00000000 1.00000000
v 0.39300848 0.11384838 -0.02482484 1.00000000 1.00000000 1.00000000
v 0.62499086 0.08320265 -0.02566162 1.00000000 1.00000000 1.00000000
v 0.34434869 0.14662484 -0.02566162 1.00000000 1.00000000 1.00000000
v 0.62474060 0.09682118 -0.02566162 1.00000000 1.00000000 1.00000000
v 0.60544433 0.11951794 -0.02489613 1.00000000 1.00000000 1.00000000
v 0.45861077 0.18518289 -0.02228216 1.00000000 1.00000000 1.00000000
v 0.44590619 0.06968324 -0.01514200 1.00000000 1.00000000 1.00000000
v 0.53022459 0.12701487 -0.02566162 1.00000000 1.00000000 1.00000000
v 0.53447630 0.07512139 -0.02517540 1.00000000 1.00000000 1.00000000
v 0.33244410 0.11231948 -0.01992118 1.00000000 1.00000000 1.00000000
v 0.76527544 0.02076270 -0.02566162 1.00000000 1.00000000 1.00000000
v 0.70166299 -0.01051326 -0.01132162 1.00000000 1.00000000 1.00000000
v 0.34817122 0.24134128 -0.01483917 1.00000000 1.00000000 1.00000000
v 0.64331800 0.01361423 -0.01656858 1.00000000 1.00000000 1.00000000
v 0.80076653 0.06201239 -0.02259349 1.00000000 1.00000000 1.00000000
v 0.64915348 0.03364257 -0.02412078 1.00000000 1.00000000 1.00000000
v 0.57751456 0.05434422 -0.02403585 1.00000000 1.00000000 1.00000000
v 0.54464417 0.09117649 -0.02566162 1.00000000 1.00000000 1.00000000
v 0.32005865 0.14916705 -0.02566162 1.00000000 1.00000000 1.00000000
v 0.51298823 0.12926611 -0.02566162 1.00000000 1.00000000 1.00000000
v 0.70028789 0.09780745 -0.02260371 1.00000000 1.00000000 1.00000000
v 0.77138234 0.09196024 -0.01370677 1.00000000 1.00000000 1.00000000
v 0.62228909 0.06840913 -0.02566162 1.00000000 1.00000000 1.00000000
v 0.61541587 0.01921350 -0.01487135 1.00000000 1.00000000 1.00000000
v 0.39653641 0.16026691 -0.02566162 1.00000000 1.00000000 1.00000000
v 0.56392671 0.13298665 -0.02505063 1.00000000 1.00000000 1.00000000
v 0.45132057 0.13801307 -0.02566162 1.00000000 1.00000000 1.00000000
v 0.71157190 0.07972781 -0.02511446 1.00000000 1.00000000 1.00000000
v 0.35706670 0.23887492 -0.01433928 1.00000000 1.00000000 1.00000000
v 0.67256872 0.09522059 -0.02493933 1.00000000 1.00000000 1.00000000
v 0.69079696 -0.00150414 -0.01590298 1.00000000 1.00000000 1.00000000
v 0.45441564 0.20300082 -0.01514525 1.00000000 1.00000000 1.00000000
v 0.65229904 0.06921331 -0.02566162 1.00000000 1.00000000 1.00000000
v 0.62343242 0.05311705 -0.02550383 1.00000000 1.00000000 1.00000000
v 0.31699940 0.13215121 -0.02418880 1.00000000 1.00000000 1.00000000
v 0.72591029 0.09173146 -0.02173200 1.00000000 1.00000000 1.00000000
v 0.52065558 0.04544049 -0.01354761 1.00000000 1.00000000 1.00000000
v 0.48435508 0.06922166 -0.02061009 1.00000000 1.00000000 1.00000000
v 0.66144386 0.08252985 -0.02566162 1.00000000 1.00000000 1.00000000
v 0.63813896 0.04279568 -0.02499313 1.00000000 1.00000000 1.00000000
v 0.81207543 0.02852750 -0.02566162 1.00000000 1.00000000 1.00000000
v 0.44373033 0.16954408 -0.02554155 1.00000000 1.00000000 1.00000000
v 0.45487423 0.08369471 -0.02245741 1.00000000 1.00000000 1.00000000
v 0.51151215 0.09141432 -0.02566055 1.00000000 1.00000000 1.00000000
v 0.38917298 0.17621897 -0.02566162 1.00000000 1.00000000 1.00000000
v 0.75921275 0.04785648 -0.02566162 1.00000000 1.00000000 1.00000000
v 0.48319486 0.15464960 -0.02557733 1.00000000 1.00000000 1.00000000
v 0.32724580 0.23615963 -0.02099984 1.00000000 1.00000000 1.00000000
v 0.38055908 0.21127352 -0.02274872 1.00000000 1.00000000 1.00000000
v 0.31715993 0.10740571 -0.01492632 1.00000000 1.00000000 1.00000000
v 0.43473688 0.13299496 -0.02566162 1.00000000 1.00000000 1.00000000
v 0.82143437 0.04332061 -0.02479090 1.00000000 1.00000000 1.00000000
v 0.71289074 0.06201555 -0.02566162 1.00000000 1.00000000 1.00000000
v 0.62069113 0.14073639 -0.01695260 1.00000000 1.00000000 1.00000000
v 0.32922038 0.10000334 -0.01180154 1.00000000 1.00000000 1.00000000
v 0.31857876 0.22560611 -0.02435900 1.00000000 1.00000000 1.00000000
v 0.34174045 0.13079918 -0.02504302 1.00000000 1.00000000 1.00000000
v 0.33960994 0.23281497 -0.02062408 1.00000000 1.00000000 1.00000000
v 0.62230136 0.11623751 -0.02452350 1.00000000 1.00000000 1.00000000
v 0.73761091 0.08062276 -0.02352436 1.00000000 1.00000000 1.00000000
v 0.33149237 0.20030004 -0.02566162 1.00000000 1.00000000 1.00000000
v 0.41336322 0.19930801 -0.02281632 1.00000000 1.00000000 1.00000000
v 0.67821400 0.05731512 -0.02566162 1.00000000 1.00000000 1.00000000
v 0.30720876 0.21541902 -0.02563790 1.00000000 1.00000000 1.00000000
v 0.57218769 0.09540307 -0.02566162 1.00000000 1.00000000 1.00000000
v 0.74439134 0.06269829 -0.02552284 1.00000000 1.00000000 1.00000000
v 0.74939323 0.10371235 -0.01005970 1.00000000 1.00000000 1.00000000
v 0.43078104 0.11607930 -0.02566162 1.00000000 1.00000000 1.00000000
v 0.75826500 0.09513022 -0.01481047 1.00000000 1.00000000 1.00000000
v 0.56454572 0.03606977 -0.01607534 1.00000000 1.00000000 1.00000000
v 0.34514152 0.24977832 -0.00751737 1.00000000 1.00000000 1.00000000
v 0.69127759 0.04787488 -0.02566162 1.00000000 1.00000000 1.00000000
v 0.48311428 0.05587950 -0.01301067 1.00000000 1.00000000 1.00000000
v 0.72785235 0.03719588 -0.02566162 1.00000000 1.00000000 1.00000000
v 0.36171930 0.09136857 -0.01268807 1.00000000 1.00000000 1.00000000
v 0.83177123 0.07177887 -0.01259612 1.00000000 1.00000000 1.00000000
v 0.51830829 0.17233082 -0.01934764 1.00000000 1.00000000 1.00000000
v 0.43977041 0.18967771 -0.02286959 1.00000000 1.00000000 1.00000000
v 0.65663202 0.00801897 -0.01553642 1.00000000 1.00000000 1.00000000
v 0.30785184 0.15657373 -0.02566162 1.00000000 1.00000000 1.00000000
v 0.51320202 0.10468249 -0.02566162 1.00000000 1.00000000 1.00000000
v 0.32142145 0.16378873 -0.02566162 1.00000000 1.00000000 1.00000000
v 0.76764211 0.00050928 -0.02443926 1.00000000 1.00000000 1.00000000
v 0.79667080 -0.02135484 -0.02120904 1.00000000 1.00000000 1.00000000
v 0.51822884 0.06240506 -0.02169926 1.00000000 1.00000000 1.00000000
v 0.41302057 0.15000981 -0.02566162 1.00000000 1.00000000 1.00000000
v 0.31619940 0.19439880 -0.02566162 1.00000000 1.00000000 1.00000000
v 0.30720157 0.12091046 -0.02036681 1.00000000 1.00000000 1.00000000
v 0.31036517 0.17120056 -0.02566162 1.00000000 1.00000000 1.00000000
v 0.74227745 -0.01389703 -0.01753421 1.00000000 1.00000000 1.00000000
v 0.38283454 0.12448483 -0.02551942 1.00000000 1.00000000 1.00000000
v 0.59250845 0.15201044 -0.01624716 1.00000000 1.00000000 1.00000000
v 0.34460635 0.11457144 -0.02196789 1.00000000 1.00000000 1.00000000
v 0.77290435 0.04000752 -0.02566162 1.00000000 1.00000000 1.00000000
v 0.70846867 -0.00024570 -0.01930058 1.00000000 1.00000000 1.00000000
v 0.76273548 0.06297934 -0.02494936 1.00000000 1.00000000 1.00000000
v 0.52609490 0.08975369 -0.02566162 1.00000000 1.00000000 1.00000000
v 0.36120919 0.15411237 -0.02566162 1.00000000 1.00000000 1.00000000
v 0.35919325 0.14019956 -0.02566162 1.00000000 1.00000000 1.00000000
v 0.56382553 0.15691782 -0.01899061 1.00000000 1.00000000 1.00000000
v 0.54513210 0.16258386 -0.01942434 1.00000000 1.00000000 1.00000000
v 0.72671115 0.07019236 -0.02545538 1.00000000 1.00000000 1.00000000
v 0.37845045 0.14689048 -0.02566162 1.00000000 1.00000000 1.00000000
v 0.41980015 0.08631091 -0.01983943 1.00000000 1.00000000 1.00000000
v 0.54256665 0.04067145 -0.01482652 1.00000000 1.00000000 1.00000000
v 0.41169603 0.07549396 -0.01166229 1.00000000 1.00000000 1.00000000
v 0.64038518 0.09583337 -0.02565126 1.00000000 1.00000000 1.00000000
v 0.47900029 0.08741783 -0.02468534 1.00000000 1.00000000 1.00000000
v 0.52650800 0.18300937 -0.01027626 1.00000000 1.00000000 1.00000000
v 0.75096675 0.00747916 -0.02474219 1.00000000 1.00000000 1.00000000
v 0.69527129 0.07961756 -0.02555173 1.00000000 1.00000000 1.00000000
v 0.59493956 0.04719301 -0.02363857 1.00000000 1.00000000 1.00000000
v 0.73471616 0.00470810 -0.02337904 1.00000000 1.00000000 1.00000000
v 0.33537554 0.24675074 -0.01423704 1.00000000 1.00000000 1.00000000
v 0.50157874 0.18773818 -0.01404376 1.00000000 1.00000000 1.00000000
v 0.37554073 0.18793238 -0.02566162 1.00000000 1.00000000 1.00000000
v 0.68148897 0.00525950 -0.01815095 1.00000000 1.00000000 1.00000000
v 0.40191954 0.09949007 -0.02249884 1.00000000 1.00000000 1.00000000
v 0.51766844 0.15967193 -0.02339185 1.00000000 1.00000000 1.00000000
v 0.82270936 0.05951520 -0.02098135 1.00000000 1.00000000 1.00000000
v 0.35995501 0.22314814 -0.02144744 1.00000000 1.00000000 1.00000000
v 0.70834428 0.11386058 -0.01414678 1.00000000 1.00000000 1.00000000
v 0.54943568 0.12551888 -0.02566162 1.00000000 1.00000000 1.00000000
v 0.69904042 0.03542593 -0.02565621 1.00000000 1.00000000 1.00000000
v 0.80495107 0.01410677 -0.02566162 1.00000000 1.00000000 1.00000000
v 0.61036950 0.10327727 -0.02566162 1.00000000 1.00000000 1.00000000
v 0.37595295 0.23831850 -0.00823280 1.00000000 1.00000000 1.00000000
v 0.49540540 0.12901013 -0.02566162 1.00000000 1.00000000 1.00000000
v 0.60762292 0.07593832 -0.02566162 1.00000000 1.00000000 1.00000000
v 0.37139269 0.17518085 -0.02566162 1.00000000 1.00000000 1.00000000
v 0.58990379 0.09641419 -0.02566162 1.00000000 1.00000000 1.00000000
v 0.52171719 0.11517169 -0.02566162 1.00000000 1.00000000 1.00000000
v 0.65650337 0.09922415 -0.02512903 1.00000000 1.00000000 1.00000000
v 0.59077641 0.08249738 -0.02566162 1.00000000 1.00000000 1.00000000
v 0.35551031 0.18606420 -0.02566162 1.00000000 1.00000000 1.00000000
v 0.64449194 0.08325489 -0.02566162 1.00000000 1.00000000 1.00000000
v 0.66024488 0.12635710 -0.01710330 1.00000000 1.00000000 1.00000000
v 0.44850792 0.11425350 -0.02566162 1.00000000 1.00000000 1.00000000
v 0.38667139 0.19908318 -0.02469509 1.00000000 1.00000000 1.00000000
v 0.43553518 0.15141612 -0.02566162 1.00000000 1.00000000 1.00000000
v 0.33294427 0.21760420 -0.02478140 1.00000000 1.00000000 1.00000000
v 0.47381761 0.19555835 -0.01548931 1.00000000 1.00000000 1.00000000
v 0.78171344 0.06180996 -0.02412607 1.00000000 1.00000000 1.00000000
v 0.78452773 -0.00982069 -0.02342098 1.00000000 1.00000000 1.00000000
v 0.57276778 0.11348900 -0.02566162 1.00000000 1.00000000 1.00000000
v 0.48113274 0.13184520 -0.02566162 1.00000000 1.00000000 1.00000000
v 0.40811280 0.17467441 -0.02566162 1.00000000 1.00000000 1.00000000
v 0.59954820 0.02446649 -0.01525963 1.00000000 1.00000000 1.00000000
v 0.34878533 0.20469991 -0.02547206 1.00000000 1.00000000 1.00000000
v 0.51328290 0.18378904 -0.01387397 1.00000000 1.00000000 1.00000000
v 0.70329281 0.01563891 -0.02373340 1.00000000 1.00000000 1.00000000
v 0.75893784 -0.01818850 -0.01786398 1.00000000 1.00000000 1.00000000
v 0.49642430 0.07935673 -0.02422611 1.00000000 1.00000000 1.00000000
v 0.63487352 0.13146753 -0.01904040 1.00000000 1.00000000 1.00000000
v 0.67458732 0.12783185 -0.01259944 1.00000000 1.00000000 1.00000000
v 0.35782921 0.17006567 -0.02566162 1.00000000 1.00000000 1.00000000
v 0.79554072 0.02764273 -0.02566162 1.00000000 1.00000000 1.00000000
v 0.61609728 0.12984395 -0.02204640 1.00000000 1.00000000 1.00000000
v 0.77093617 0.07700742 -0.02130827 1.00000000 1.00000000 1.00000000
v 0.57946518 0.13661291 -0.02361072 1.00000000 1.00000000 1.00000000
v 0.46477920 0.09915221 -0.02545400 1.00000000 1.00000000 1.00000000
v 0.36571591 0.11671124 -0.02399750 1.00000000 1.00000000 1.00000000
v 0.74318004 0.09363149 -0.01868407 1.00000000 1.00000000 1.00000000
v 0.66680444 0.06715054 -0.02566162 1.00000000 1.00000000 1.00000000
v 0.68275459 0.11584652 -0.01837209 1.00000000 1.00000000 1.00000000
v 0.38588202 0.09992704 -0.02118281 1.00000000 1.00000000 1.00000000
v 0.34304105 0.09841789 -0.01394413 1.00000000 1.00000000 1.00000000
v 0.37250947 0.10552446 -0.02172112 1.00000000 1.00000000 1.00000000
v 0.49908511 0.14216051 -0.02566162 1.00000000 1.00000000 1.00000000
v 0.64188655 0.05839530 -0.02566162 1.00000000 1.00000000 1.00000000
v 0.66121942 0.02698277 -0.02350365 1.00000000 1.00000000 1.00000000
v 0.42420998 0.18740201 -0.02444382 1.00000000 1.00000000 1.00000000
v 0.46416924 0.12084190 -0.02566162 1.00000000 1.00000000 1.00000000
v 0.57533556 0.07797045 -0.02566162 1.00000000 1.00000000 1.00000000
v 0.48818434 0.18600157 -0.01799941 1.00000000 1.00000000 1.00000000
v 0.34092328 0.17348168 -0.02566162 1.00000000 1.00000000 1.00000000
v 0.33052399 0.14007721 -0.02552661 1.00000000 1.00000000 1.00000000
v 0.32493682 0.12214676 -0.02247521 1.00000000 1.00000000 1.00000000
v 0.59359284 0.10808183 -0.02566162 1.00000000 1.00000000 1.00000000
v 0.60806389 0.05978711 -0.02559979 1.00000000 1.00000000 1.00000000
v 0.38789034 0.23393143 -0.00841801 1.00000000 1.00000000 1.00000000
v 0.36484539 0.19902840 -0.02546869 1.00000000 1.00000000 1.00000000
v 0.80693187 0.04648480 -0.02503293 1.00000000 1.00000000 1.00000000
v 0.49153666 0.10491228 -0.02566162 1.00000000 1.00000000 1.00000000
v 0.36591316 0.23819479 -0.01235332 1.00000000 1.00000000 1.00000000
v 0.31734952 0.20767377 -0.02566162 1.00000000 1.00000000 1.00000000
v 0.38891953 0.08468809 -0.01380775 1.00000000 1.00000000 1.00000000
v 0.71357777 0.09879529 -0.02085609 1.00000000 1.00000000 1.00000000
v 0.73895476 0.02525288 -0.02566162 1.00000000 1.00000000 1.00000000
v 0.33928365 0.18849406 -0.02566162 1.00000000 1.00000000 1.00000000
v 0.64860366 0.11460778 -0.02301506 1.00000000 1.00000000 1.00000000
v 0.36793036 0.21372089 -0.02324631 1.00000000 1.00000000 1.00000000
v 0.69542684 0.11724287 -0.01501430 1.00000000 1.00000000 1.00000000
v 0.72269011 0.11027247 -0.01294427 1.00000000 1.00000000 1.00000000
v 0.54410779 0.17653093 -0.01049931 1.00000000 1.00000000 1.00000000
v 0.39919392 0.19120704 -0.02510670 1.00000000 1.00000000 1.00000000
v 0.78765873 -0.03332345 -0.01364063 1.00000000 1.00000000 1.00000000
v 0.72877437 0.05313052 -0.02566162 1.00000000 1.00000000 1.00000000
v 0.37703299 0.16142310 -0.02566162 1.00000000 1.00000000 1.00000000
v 0.53208239 0.15687418 -0.02284014 1.00000000 1.00000000 1.00000000
v 0.53294594 0.17297310 -0.01641280 1.00000000 1.00000000 1.00000000
v 0.81608868 0.07341968 -0.01553692 1.00000000 1.00000000 1.00000000
v 0.39162224 0.21984342 -0.01829070 1.00000000 1.00000000 1.00000000
v 0.42363138 0.16617558 -0.02566162 1.00000000 1.00000000 1.00000000
v 0.57745311 0.15631236 -0.01686550 1.00000000 1.00000000 1.00000000
v 0.47987486 0.11267794 -0.02566162 1.00000000 1.00000000 1.00000000
v 0.37486161 0.08332822 -0.00801771 1.00000000 1.00000000 1.00000000
v 0.78023881 0.02381957 -0.02566162 1.00000000 1.00000000 1.00000000
v 0.54598749 0.06316347 -0.02394222 1.00000000 1.00000000 1.00000000
v 0.43004117 0.07492836 -0.01551533 1.00000000 1.00000000 1.00000000
v 0.65986591 0.05096289 -0.02566162 1.00000000 1.00000000 1.00000000
v 0.53318286 0.10221011 -0.02566162 1.00000000 1.00000000 1.00000000
v -0.11069358 0.30784491 0.00000000 1.00000000 0.00000000 0.00000000
v -0.10279737 0.30916815 0.00000000 1.00000000 1.00000000 1.00000000
v -0.09490273 0.31049112 0.00000000 1.00000000 0.00000000 0.00000000
v -0.09075023 0.30365039 0.01400316 1.00000000 1.00000000 1.00000000
v -0.08276208 0.29124383 0.02161008 1.00000000 1.00000000 1.00000000
v -0.07345290 0.27786391 0.02509215 1.00000000 1.00000000 1.00000000
v -0.06401612 0.26556569 0.02566162 1.00000000 1.00000000 1.00000000
v -0.05504574 0.25527900 0.02566162 1.00000000 1.00000000 1.00000000
v -0.04546695 0.24557286 0.02566162 1.00000000 1.00000000 1.00000000
v -0.03520246 0.23658073 0.02566162 1.00000000 1.00000000 1.00000000
v -0.02420984 0.22850219 0.02566162 1.00000000 1.00000000 1.00000000
v -0.01246422 0.22156955 0.02566162 1.00000000 1.00000000 1.00000000
v 0.00000000 0.21604981 0.02566162 1.00000000 0.00000000 0.00000000
v 0.01246422 0.22156955 0.02566162 1.00000000 1.00000000 1.00000000
v 0.02420984 0.22850219 0.02566162 1.00000000 1.00000000 1.00000000
v 0.03520246 0.23658073 0.02566162 1.00000000 1.00000000 1.00000000
v 0.04546695 0.24557286 0.02566162 1.00000000 1.00000000 1.00000000
v 0.05504574 0.25527900 0.02566162 1.00000000 1.00000000 1.00000000
v 0.06401612 0.26556569 0.02566162 1.00000000 1.00000000 1.00000000
v 0.07345290 0.27786391 0.02509215 1.00000000 1.00000000 1.00000000
v 0.08276208 0.29124383 0.02161008 1.00000000 1.00000000 1.00000000
v 0.09075023 0.30365039 0.01400316 1.00000000 1.00000000 1.00000000
v 0.09490273 0.31049112 0.00000000 1.00000000 0.00000000 0.00000000
v 0.10279895 0.30916788 0.00000000 1.00000000 1.00000000 1.00000000
v 0.11069358 0.30784491 0.00000000 1.00000000 0.00000000 0.00000000
v 0.10467532 0.30079282 0.01396106 1.00000000 1.00000000 1.00000000
v 0.09704159 0.28740078 0.02149692 1.00000000 1.00000000 1.00000000
v 0.08863346 0.27294046 0.02497811 1.00000000 1.00000000 1.00000000
v 0.07970083 0.25936043 0.02566162 1.00000000 1.00000000 1.00000000
v 0.07045918 0.24830831 0.02566162 1.00000000 1.00000000 1.00000000
v 0.06052390 0.23787658 0.02566162 1.00000000 1.00000000 1.00000000
v 0.04985707 0.22819486 0.02566162 1.00000000 1.00000000 1.00000000
v 0.03844288 0.21941443 0.02566162 1.00000000 1.00000000 1.00000000
v 0.02629152 0.21169490 0.02566162 1.00000000 1.00000000 1.00000000
v 0.01344349 0.20518962 0.02566162 1.00000000 1.00000000 1.00000000
v 0.00000000 0.20003877 0.02566162 1.00000000 0.00000000 0.00000000
v -0.01344349 0.20518962 0.02566162 1.00000000 1.00000000 1.00000000
v -0.02629152 0.21169490 0.02566162 1.00000000 1.00000000 1.00000000
v -0.03844288 0.21941443 0.02566162 1.00000000 1.00000000 1.00000000
v -0.04985707 0.22819486 0.02566162 1.00000000 1.00000000 1.00000000
v -0.06052390 0.23787658 0.02566162 1.00000000 1.00000000 1.00000000
v -0.07045918 0.24830831 0.02566162 1.00000000 1.00000000 1.00000000
v -0.07970083 0.25936043 0.02566162 1.00000000 1.00000000 1.00000000
v -0.08863346 0.27294046 0.02497811 1.00000000 1.00000000 1.00000000
v -0.09704159 0.28740078 0.02149692 1.00000000 1.00000000 1.00000000
v -0.10467532 0.30079282 0.01396106 1.00000000 1.00000000 1.00000000
v -0.02687736 0.22083510 0.02566162 1.00000000 1.00000000 1.00000000
v -0.09438215 0.29775138 0.01714976 1.00000000 1.00000000 1.00000000
v 0.01485933 0.21317920 0.02566162 1.00000000 1.00000000 1.00000000
v 0.03207479 0.22429214 0.02566162 1.00000000 1.00000000 1.00000000
v -0.10027633 0.30663927 0.00867896 1.00000000 1.00000000 1.00000000
v 0.09237619 0.29546353 0.01853746 1.00000000 1.00000000 1.00000000
v 0.05407535 0.24268580 0.02566162 1.00000000 1.00000000 1.00000000
v -0.03951457 0.22961279 0.02566162 1.00000000 1.00000000 1.00000000
v -0.07095371 0.26115087 0.02566162 1.00000000 1.00000000 1.00000000
v -0.00836120 0.20808435 0.02566162 1.00000000 1.00000000 1.00000000
v -0.05240913 0.24100252 0.02566162 1.00000000 1.00000000 1.00000000
v 0.02186932 0.21977599 0.02566162 1.00000000 1.00000000 1.00000000
v 0.06567047 0.25524705 0.02566162 1.00000000 1.00000000 1.00000000
v -0.00115502 0.21054117 0.02566162 1.00000000 1.00000000 1.00000000
v 0.08392196 0.28018691 0.02406282 1.00000000 1.00000000 1.00000000
v -0.00868244 0.21517532 0.02566162 1.00000000 1.00000000 1.00000000
v -0.00212206 0.20477706 0.02566162 1.00000000 1.00000000 1.00000000
v 0.04314627 0.23327446 0.02566162 1.00000000 1.00000000 1.00000000
v -0.01790949 0.21393054 0.02566162 1.00000000 1.00000000 1.00000000
v 0.00645577 0.20893562 0.02566162 1.00000000 1.00000000 1.00000000
v -0.11069358 0.30784491 0.00000000 1.00000000 0.00000000 0.00000000
v -0.10279737 0.30916815 0.00000000 1.00000000 1.00000000 1.00000000
v -0.09490273 0.31049112 0.00000000 1.00000000 0.00000000 0.00000000
v -0.08703441 0.30831765 -0.01413044 1.00000000 1.00000000 1.00000000
v -0.07252039 0.30458474 -0.02173920 1.00000000 1.00000000 1.00000000
v -0.05642812 0.30085613 -0.02515860 1.00000000 1.00000000 1.00000000
v -0.04115660 0.29782510 -0.02566162 1.00000000 1.00000000 1.00000000
v -0.02751210 0.29570941 -0.02566162 1.00000000 1.00000000 1.00000000
v -0.01378839 0.29417642 -0.02566162 1.00000000 1.00000000 1.00000000
v 0.00000000 0.29335234 -0.02566162 1.00000000 0.00000000 0.00000000
v 0.01378839 0.29417642 -0.02566162 1.00000000 1.00000000 1.00000000
v 0.02751210 0.29570941 -0.02566162 1.00000000 1.00000000 1.00000000
v 0.04115660 0.29782510 -0.02566162 1.00000000 1.00000000 1.00000000
v 0.05642812 0.30085613 -0.02515860 1.00000000 1.00000000 1.00000000
v 0.07252039 0.30458474 -0.02173920 1.00000000 1.00000000 1.00000000
v 0.08703441 0.30831765 -0.01413044 1.00000000 1.00000000 1.00000000
v 0.09490273 0.31049112 0.00000000 1.00000000 0.00000000 0.00000000
v 0.10279895 0.30916788 0.00000000 1.00000000 1.00000000 1.00000000
v 0.11069358 0.30784491 0.00000000 1.00000000 0.00000000 0.00000000
v 0.09826442 0.30677214 -0.00896487 1.00000000 1.00000000 1.00000000
v 0.08754857 0.30119936 -0.01667515 1.00000000 1.00000000 1.00000000
v 0.07359221 0.29442268 -0.02278985 1.00000000 1.00000000 1.00000000
v 0.05758341 0.28842717 -0.02546898 1.00000000 1.00000000 1.00000000
v 0.04266557 0.28428153 -0.02566162 1.00000000 1.00000000 1.00000000
v 0.02856180 0.28131877 -0.02566162 1.00000000 1.00000000 1.00000000
v 0.01432518 0.27899773 -0.02566162 1.00000000 1.00000000 1.00000000
v 0.00000000 0.27734130 -0.02566162 1.00000000 0.00000000 0.00000000
v -0.01432518 0.27899773 -0.02566162 1.00000000 1.00000000 1.00000000
v -0.02856180 0.28131877 -0.02566162 1.00000000 1.00000000 1.00000000
v -0.04266557 0.28428153 -0.02566162 1.00000000 1.00000000 1.00000000
v -0.05758341 0.28842717 -0.02546898 1.00000000 1.00000000 1.00000000
v -0.07359221 0.29442268 -0.02278985 1.00000000 1.00000000 1.00000000
v -0.08754857 0.30119936 -0.01667515 1.00000000 1.00000000 1.00000000
v -0.09826442 0.30677214 -0.00896487 1.00000000 1.00000000 1.00000000
v 0.00381699 0.28375047 -0.02566162 1.00000000 1.00000000 1.00000000
v 0.03944230 0.29020494 -0.02566162 1.00000000 1.00000000 1.00000000
v 0.06729096 0.29869220 -0.02360670 1.00000000 1.00000000 1.00000000
v -0.03701744 0.28754289 -0.02566162 1.00000000 1.00000000 1.00000000
v -0.00734077 0.28582148 -0.02566162 1.00000000 1.00000000 1.00000000
v 0.01139852 0.28778883 -0.02566162 1.00000000 1.00000000 1.00000000
v 0.03413328 0.29343428 -0.02566162 1.00000000 1.00000000 1.00000000
v -0.02075373 0.28727516 -0.02566162 1.00000000 1.00000000 1.00000000
v 0.06136641 0.29424744 -0.02487560 1.00000000 1.00000000 1.00000000
v 0.05158134 0.29008257 -0.02564967 1.00000000 1.00000000 1.00000000
v -0.03238022 0.29163669 -0.02566162 1.00000000 1.00000000 1.00000000
v -0.08073774 0.30232384 -0.01907389 1.00000000 1.00000000 1.00000000
v -0.04840696 0.29225353 -0.02566162 1.00000000 1.00000000 1.00000000
v -0.06488329 0.29396171 -0.02442890 1.00000000 1.00000000 1.00000000
v 0.03109223 0.28701354 -0.02566162 1.00000000 1.00000000 1.00000000
v 0.05295586 0.29625034 -0.02552466 1.00000000 1.00000000 1.00000000
v 0.04589384 0.28879654 -0.02566162 1.00000000 1.00000000 1.00000000
v 0.04625531 0.29522305 -0.02566162 1.00000000 1.00000000 1.00000000
v -0.06146604 0.29816649 -0.02464596 1.00000000 1.00000000 1.00000000
v -0.07100182 0.29954690 -0.02268050 1.00000000 1.00000000 1.00000000
f 334 1557 394
f 412 2045 943
f 1580 1627 994
f 428 943 2112
f 2154 1627 1580
f 1018 1852 702
f 4 639 5
f 1682 1611 1318
f 1941 337 1797
f 1582 1462 836
f 1042 1888 1730
f 920 219 667
f 9 1756 1289
f 1384 569 911
f 1160 911 569
f 7 1313 8
f 997 424 894
f 1797 945 1413
f 1784 1121 1026
f 1784 1296 1121
f 714 673 908
f 709 2119 1394
f 338 1931 357
f 2125 713 1591
f 1430 31 1234
f 2111 1875 1287
f 2171 2151 1629
f 1386 1775 2110
f 1128 469 215
f 24 971 1516
f 1875 999 417
f 502 1392 619
f 1550 717 817
f 488 1695 635
f 1046 25 792
f 348 1104 1038
f 1400 203 1261
f 1215 1633 1434
f 250 701 705
f 651 40 1287
f 1433 48 218
f 1753 1517 602
f 2008 656 1461
f 1038 1104 714
f 498 2160 602
f 1461 1005 789
f 651 1287 1875
f 867 1400 53
f 774 1614 867
f 1017 1643 395
f 1929 619 364
f 792 1162 1046
f 1038 714 908
f 315 1856 1193
f 215 1193 895
f 1415 855 1523
f 53 1400 54
f 2163 1523 1422
f 610 1112 1519
f 305 1101 1459
f 611 907 1779
f 1672 863 1519
f 292 1676 982
f 1930 1477 625
f 1958 934 993
f 243 680 1086
f 1389 2001 966
f 251 1040 825
f 1161 904 1484
f 1779 1755 1725
f 727 1787 70
f 75 1727 1109
f 869 77 829
f 2140 1141 382
f 2083 842 1366
f 1810 536 690
f 75 1109 76
f 1771 603 1175
f 379 816 1767
f 869 2010 1001
f 1631 244 228
f 2123 506 1965
f 578 1883 699
f 532 1351 228
f 1448 1294 1292
f 1987 366 86
f 89 358 1863
f 366 1987 1631
f 366 1963 1663
f 765 630 534
f 1299 100 99
f 95 94 630
f 96 98 97
f 989 91 90
f 1074 1800 190
f 1292 624 1749
f 238 2143 418
f 1282 814 1228
f 1067 1553 1376
f 1999 234 1828
f 2149 287 236
f 558 1148 342
f 1281 834 1076
f 190 1800 1458
f 451 1357 769
f 2054 1368 512
f 1378 1792 859
f 780 1895 813
f 1437 2027 343
f 620 1808 248
f 2042 1443 1944
f 2080 599 620
f 1211 1107 2175
f 962 2044 1087
f 2101 620 952
f 225 1265 419
f 1174 818 1132
f 392 1968 319
f 1159 517 659
f 312 118 1812
f 122 121 648
f 116 1390 117
f 1444 468 1246
f 856 872 332
f 126 1975 217
f 1444 1761 468
f 590 1416 1975
f 1681 590 1305
f 132 352 133
f 132 131 352
f 1876 1669 507
f 137 136 2126
f 404 445 1371
f 957 857 2007
f 344 245 1168
f 1385 2126 284
f 135 134 739
f 216 284 1731
f 493 356 193
f 284 2126 1542
f 147 146 1403
f 1080 1256 1666
f 537 1932 1110
f 729 1065 475
f 151 150 346
f 696 878 2184
f 597 1072 1212
f 341 1582 836
f 1773 840 1915
f 854 1150 1047
f 1811 1337 1380
f 399 941 1971
f 597 1212 1737
f 826 540 1426
f 1582 1637 1462
f 1359 683 416
f 644 1834 628
f 1043 540 826
f 1520 1147 1843
f 1896 521 1610
f 156 1043 157
f 164 163 1149
f 1179 2174 802
f 1176 913 1149
f 161 497 162
f 1329 1618 2048
f 519 1151 165
f 405 1108 276
f 2152 1964 1082
f 423 1838 1131
f 1129 2024 462
f 471 1453 701
f 2063 310 1019
f 1838 166 1151
f 2164 1649 984
f 1824 174 173
f 1279 994 2045
f 667 928 920
f 1339 1293 1462
f 179 333 1639
f 2183 492 482
f 337 1328 1797
f 1396 1985 1455
f 1 186 1985
f 1500 1226 379
f 22 1688 1922
f 1159 1865 640
f 2010 1715 870
f 43 42 421
f 987 845 908
f 1448 1111 1943
f 776 1001 1476
f 2116 2059 1723
f 776 80 79
f 699 735 1048
f 1230 1970 1244
f 474 266 193
f 1062 284 216
f 672 1443 1254
f 1723 1490 433
f 490 1467 1825
f 1008 217 868
f 2107 1912 1794
f 2016 1532 1032
f 160 976 161
f 1678 1489 400
f 1714 335 1655
f 2096 447 733
f 431 454 2041
f 164 519 165
f 1383 1947 1044
f 1906 411 1704
f 790 1447 514
f 201 707 1474
f 1450 382 782
f 1790 862 1713
f 999 1875 1675
f 1875 417 651
f 1562 500 299
f 2139 204 1014
f 2011 1984 1248
f 135 1542 136
f 1707 1618 1314
f 397 887 652
f 830 1090 1998
f 838 2145 1011
f 605 81 80
f 1013 1810 875
f 1164 447 1137
f 1844 1018 1414
f 1996 1322 1570
f 1628 1027 259
f 350 741 1781
f 1609 435 757
f 1743 143 142
f 588 139 493
f 1952 1530 541
f 1137 1952 509
f 2162 2026 1650
f 1472 846 965
f 1527 2079 1630
f 1495 1685 948
f 1542 739 1317
f 2007 415 957
f 581 2085 675
f 129 1721 245
f 1643 684 395
f 867 1614 203
f 894 1756 997
f 2183 1729 1406
f 862 295 201
f 509 541 1280
f 307 1666 1062
f 1652 1712 1979
f 645 464 543
f 154 153 1150
f 1214 1355 326
f 1198 1322 740
f 1956 1862 2181
f 1344 1045 472
f 332 872 721
f 1320 443 1028
f 1027 446 980
f 246 1778 457
f 1625 2147 666
f 1996 1570 1298
f 1663 1167 358
f 1186 1715 2010
f 1177 2117 1908
f 1817 791 750
f 339 1894 401
f 846 1710 1564
f 1019 1286 1399
f 1784 2170 1296
f 2032 1216 535
f 193 588 493
f 373 1311 384
f 659 121 120
f 1078 929 1070
f 95 630 96
f 1109 829 76
f 1799 28 302
f 787 342 293
f 1338 234 1345
f 1919 1261 1017
f 1991 1672 1207
f 283 1294 1325
f 504 1299 765
f 267 1088 2155
f 1600 1696 252
f 282 1887 1646
f 2162 1650 1481
f 299 500 1758
f 748 2108 1188
f 732 1790 1777
f 700 2072 1827
f 979 1958 1330
f 63 1992 1182
f 420 1586 1194
f 566 1180 1166
f 1832 1168 868
f 195 835 975
f 326 1355 848
f 523 2116 1723
f 1544 570 1541
f 611 1779 2128
f 1244 526 736
f 409 1308 1052
f 1405 837 295
f 1379 1601 389
f 637 1436 1879
f 701 20 19
f 208 566 314
f 1994 843 1116
f 1154 1381 1102
f 422 1701 1626
f 1232 665 1644
f 1002 778 788
f 1544 1601 2121
f 1818 1382 691
f 1325 321 283
f 1828 1093 1553
f 900 213 2116
f 1214 410 1355
f 1258 2097 773
f 214 1135 1686
f 206 2084 411
f 2089 172 2082
f 1689 1016 1411
f 2138 1796 450
f 1923 403 281
f 2085 1539 675
f 1940 442 1401
f 345 1340 1404
f 658 1833 1122
f 621 2044 962
f 479 265 1372
f 1540 788 531
f 2031 1637 1026
f 1406 1995 2183
f 1638 1186 1485
f 762 242 576
f 278 221 1955
f 977 957 1652
f 327 188 900
f 267 303 720
f 830 858 1090
f 1684 975 1435
f 2071 1723 2002
f 378 1809 978
f 1436 2182 2139
f 1208 1641 1304
f 412 428 1557
f 2064 510 1995
f 1726 224 458
f 653 1716 1163
f 1181 1604 902
f 536 2083 1366
f 1890 1172 1656
f 1280 950 503
f 940 552 743
f 1227 1105 678
f 1802 1408 1860
f 997 591 920
f 1685 2171 1629
f 277 1675 211
f 1946 1003 593
f 2175 1107 1105
f 929 1078 1191
f 1305 590 1246
f 625 198 2103
f 1551 965 1445
f 523 1723 2071
f 1699 743 1759
f 538 1405 480
f 1312 2022 1936
f 1167 624 283
f 1294 624 1292
f 415 710 352
f 857 1451 1099
f 550 1206 189
f 1430 32 31
f 1564 827 963
f 250 20 701
f 1690 989 799
f 90 1863 989
f 1782 1243 1521
f 837 1868 1397
f 1891 2105 1803
f 1546 722 375
f 1424 372 290
f 280 749 653
f 1433 291 657
f 2004 1596 2074
f 1961 876 1745
f 60 1668 61
f 1831 234 1999
f 2107 1895 780
f 138 493 139
f 1825 1811 579
f 1393 300 1372
f 580 425 273
f 300 1903 479
f 685 1117 757
f 485 1470 1331
f 2009 1759 743
f 1707 915 632
f 921 2181 200
f 1928 170 169
f 1524 2166 1651
f 86 85 1987
f 2033 1155 880
f 1369 332 721
f 301 544 872
f 1165 827 972
f 1178 1990 1550
f 2013 526 1457
f 1214 1490 2059
f 511 1098 797
f 1552 306 1024
f 1071 1506 1375
f 1670 1789 459
f 2034 176 1807
f 412 1557 1318
f 507 1979 1876
f 384 2000 373
f 1566 2075 1531
f 631 2088 268
f 1806 1381 1154
f 369 954 626
f 1039 760 396
f 510 2064 1842
f 1867 715 316
f 611 2128 1182
f 233 517 1761
f 419 1761 983
f 1624 906 905
f 979 1330 798
f 79 78 725
f 448 1291 1698
f 1630 2122 1527
f 2079 1527 1755
f 292 1692 1676
f 839 2012 1226
f 1326 763 1197
f 1134 1712 352
f 393 511 1706
f 704 226 1823
f 1657 1833 1921
f 879 342 787
f 1041 1620 471
f 1661 510 1024
f 1312 82 81
f 735 1064 1048
f 770 887 1224
f 1468 1103 1874
f 339 1382 1894
f 2129 1518 365
f 1029 421 999
f 2129 1591 1588
f 1438 1396 1455
f 1555 2045 412
f 479 1903 408
f 1372 300 479
f 239 2172 1300
f 900 256 327
f 2136 1468 1874
f 666 2147 477
f 716 804 1609
f 936 323 1496
f 1726 2049 330
f 416 1431 740
f 1654 378 661
f 848 1543 326
f 544 640 1865
f 1110 1709 2019
f 695 1073 393
f 1507 2034 1310
f 920 1138 997
f 3 1084 4
f 463 863 1572
f 825 1877 1660
f 2058 1656 210
f 740 1996 416
f 394 271 928
f 1277 884 1356
f 34 946 35
f 1178 619 783
f 1726 516 1478
f 1599 906 1307
f 1225 1698 2017
f 1531 1577 343
f 796 1788 1277
f 928 334 394
f 1763 761 2075
f 1479 1076 1429
f 255 100 1299
f 2140 970 2053
f 2060 647 2032
f 518 1975 125
f 397 652 633
f 1224 1744 1492
f 1927 662 1409
f 1421 148 1143
f 579 1886 1105
f 767 491 1126
f 1870 323 315
f 895 1856 324
f 402 1101 1242
f 551 372 2159
f 1233 407 338
f 642 723 811
f 1090 2177 1998
f 1918 273 425
f 682 1227 628
f 556 1246 468
f 1945 553 1736
f 561 759 1718
f 52 2102 774
f 635 1835 488
f 1709 1110 260
f 1613 1275 1468
f 140 139 588
f 356 1385 474
f 286 1100 1145
f 741 350 946
f 1963 366 1631
f 84 244 85
f 426 1945 2073
f 320 1784 1026
f 1511 2136 2003
f 1130 555 525
f 1072 2120 1212
f 1924 1971 1499
f 64 1389 65
f 646 305 454
f 924 653 1163
f 1720 305 1459
f 2006 502 1589
f 1046 26 25
f 1518 2157 545
f 2081 709 1589
f 1963 228 1341
f 1237 455 563
f 1739 444 1213
f 954 1793 1554
f 956 2088 631
f 892 1766 1457
f 1554 1795 1153
f 2127 496 1522
f 1509 2041 1678
f 1521 309 527
f 1281 1076 1158
f 512 1976 1343
f 1186 1638 1715
f 1793 1258 1554
f 1365 294 1907
f 233 123 122
f 1208 1304 1606
f 707 2055 1209
f 1268 790 514
f 1185 199 896
f 1810 1760 875
f 316 1993 362
f 2135 1782 985
f 272 1909 1617
f 1368 2054 1122
f 1766 1094 758
f 1183 82 1312
f 1887 1456 408
f 2102 291 789
f 1374 1128 215
f 495 182 181
f 1108 898 724
f 1471 1658 681
f 1391 2057 849
f 1522 876 2127
f 771 1548 1676
f 294 1365 689
f 1346 438 1216
f 396 730 1693
f 396 461 730
f 151 346 751
f 1063 1786 1768
f 1783 1275 1613
f 1385 284 212
f 2011 1248 1418
f 1290 743 552
f 641 650 992
f 1854 875 570
f 1231 1225 1437
f 1531 2075 761
f 1965 93 1837
f 1316 1785 1531
f 1916 918 1191
f 103 102 1067
f 511 393 1098
f 1954 1704 1901
f 1000 1639 1552
f 1730 1659 1384
f 1415 1523 1012
f 58 57 1058
f 27 313 302
f 916 2051 617
f 477 246 457
f 547 2058 643
f 1177 938 664
f 1367 476 858
f 322 1981 1619
f 1590 1201 958
f 1118 1522 1563
f 1909 272 1733
f 1234 30 2119
f 1989 1548 559
f 1686 1135 1241
f 1135 654 486
f 2179 1320 205
f 2068 1423 1435
f 1371 1752 835
f 518 125 124
f 1286 414 742
f 1722 797 298
f 1408 2112 482
f 1436 2132 724
f 1633 1517 1753
f 37 723 642
f 1334 1252 998
f 780 1912 2107
f 1378 1808 1792
f 105 1479 1429
f 736 268 2177
f 1164 229 1077
f 405 1960 533
f 898 1108 264
f 2092 2064 1829
f 1756 591 997
f 251 2053 970
f 335 665 1232
f 1412 478 2150
f 910 1213 963
f 1168 404 344
f 662 668 1498
f 2095 1528 1176
f 163 162 2095
f 39 2111 1287
f 1104 285 623
f 1282 2078 2035
f 88 358 89
f 1681 1305 1571
f 1569 736 526
f 1631 228 1963
f 207 847 1013
f 1434 348 1215
f 41 417 42
f 1278 242 762
f 1447 496 1427
f 1702 683 1520
f 180 179 1639
f 1558 13 744
f 1257 2118 1941
f 1294 1986 1325
f 2144 390 1266
f 2073 1245 916
f 1137 447 1952
f 435 919 1819
f 2074 851 2004
f 1841 1356 1173
f 1829 2154 1855
f 1742 639 1084
f 1682 667 219
f 1547 1964 1862
f 2024 2164 984
f 981 1276 1381
f 896 1439 1030
f 347 1694 1354
f 1510 2052 1259
f 810 410 2059
f 700 1713 2072
f 38 37 642
f 434 1776 1140
f 753 1950 2122
f 26 746 27
f 625 1477 1181
f 244 532 228
f 897 1642 1348
f 329 1642 1465
f 628 1003 1946
f 953 1946 346
f 1857 1757 679
f 574 1464 1410
f 1578 899 916
f 1606 1324 1849
f 1951 1885 274
f 1223 274 692
f 1791 887 1778
f 805 1737 1303
f 923 213 900
f 1561 606 1070
f 27 1297 313
f 1974 204 1798
f 127 217 1008
f 445 1752 1371
f 1263 1196 1236
f 547 643 336
f 1905 1625 1583
f 2172 939 848
f 1458 737 470
f 287 391 506
f 2103 1050 551
f 1349 371 978
f 2024 1129 1475
f 1844 1414 1402
f 1864 769 487
f 2149 2047 234
f 708 1442 1036
f 1936 1997 1183
f 191 2121 1948
f 691 730 1818
f 1154 1102 722
f 1720 1506 370
f 83 1183 84
f 2107 1794 249
f 446 1524 632
f 652 330 633
f 328 1224 397
f 1463 1251 1185
f 426 2073 614
f 1525 980 450
f 896 199 1439
f 247 1877 1939
f 1944 1417 1634
f 476 1621 858
f 1241 1135 486
f 1774 564 1189
f 259 1412 1628
f 2186 1602 310
f 1596 1012 607
f 863 463 610
f 1981 1418 1619
f 1484 904 1460
f 1493 1301 224
f 1940 1401 809
f 1051 363 466
f 254 2159 196
f 1332 1027 345
f 1463 791 1229
f 1159 983 517
f 312 119 118
f 315 237 1856
f 642 39 38
f 879 1735 1156
f 1291 273 1918
f 568 1889 554
f 1121 2141 2031
f 1786 1514 1768
f 1726 330 1493
f 676 473 670
f 1760 2113 1471
f 138 356 493
f 1899 1080 1747
f 786 580 273
f 2114 618 1970
f 2076 371 1349
f 1488 308 1034
f 1956 1893 214
f 1791 1778 246
f 1603 1176 1612
f 2137 1270 542
f 1504 711 1428
f 1350 2016 615
f 810 2100 410
f 538 1790 732
f 422 1626 1424
f 1471 2113 1658
f 2092 1842 2064
f 928 271 575
f 483 754 1456
f 282 288 483
f 1983 1773 1915
f 146 1900 1403
f 1984 2179 940
f 1006 687 1326
f 561 1030 759
f 1880 777 1562
f 708 1036 1120
f 1308 558 879
f 1695 607 1386
f 966 2001 1086
f 1643 1517 684
f 1261 203 1017
f 152 751 1146
f 1256 1080 1899
f 2085 2019 1709
f 1780 464 781
f 1462 1293 836
f 1722 298 533
f 1927 387 1899
f 133 710 134
f 2067 1813 262
f 582 114 113
f 1954 500 467
f 1475 2164 2024
f 1877 522 1708
f 383 880 1170
f 802 1426 1765
f 976 497 161
f 845 1496 469
f 2102 789 774
f 775 758 1094
f 303 267 2155
f 1263 899 270
f 2158 554 306
f 939 2172 881
f 918 1916 1502
f 1576 1377 691
f 502 1178 817
f 1060 1530 1583
f 355 485 560
f 93 1965 534
f 1892 1158 1882
f 1690 92 91
f 1785 1566 1531
f 418 2143 1911
f 420 1194 563
f 675 2068 524
f 2094 131 130
f 830 1998 331
f 1897 1998 2088
f 1905 791 1056
f 2025 1966 1197
f 1016 1507 784
f 1339 912 1293
f 812 341 1960
f 836 1706 341
f 1873 1228 2047
f 2080 620 2046
f 1179 917 2174
f 1610 521 1200
f 778 1538 2097
f 634 454 1806
f 1397 1868 1696
f 273 1291 1011
f 1286 1019 622
f 2138 871 456
f 613 1921 621
f 1395 2019 595
f 866 581 807
f 977 1915 1451
f 893 585 1592
f 913 336 557
f 1382 1818 1664
f 771 1692 1391
f 386 2120 1072
f 1783 1613 2093
f 1601 1127 389
f 1363 641 2069
f 2098 433 1977
f 925 819 909
f 962 726 621
f 1028 205 1320
f 1683 327 938
f 1759 1908 1934
f 268 1569 1190
f 1466 1419 194
f 1208 1068 964
f 1163 646 924
f 1372 1868 562
f 1362 729 923
f 2087 191 1636
f 396 760 461
f 2131 1883 578
f 2018 756 1556
f 1386 1139 1284
f 1665 1859 626
f 2018 1532 208
f 238 1142 2143
f 2043 890 414
f 1293 912 429
f 989 321 799
f 814 1345 1228
f 1979 1712 1134
f 222 1764 1221
f 1760 1471 1632
f 1993 316 715
f 2094 130 245
f 303 281 398
f 1004 914 1319
f 838 1597 901
f 665 335 1483
f 2163 1422 889
f 2136 1874 2003
f 915 1172 446
f 457 1778 770
f 2181 1862 1964
f 1618 1707 1705
f 1718 465 1647
f 977 1451 957
f 2025 388 904
f 1502 956 918
f 1311 1568 806
f 2119 30 29
f 1591 713 1588
f 1822 1042 1730
f 1888 15 1558
f 1628 446 1027
f 261 328 397
f 263 1424 768
f 1632 1127 1601
f 635 1695 354
f 694 1937 626
f 1206 612 656
f 1858 1717 592
f 1397 202 837
f 1810 1013 847
f 1432 2185 1354
f 281 2155 1923
f 1295 2150 353
f 2166 1628 1412
f 393 1706 803
f 988 1910 1411
f 1214 2059 410
f 1223 1951 274
f 1265 833 556
f 567 1470 886
f 2058 210 1370
f 1329 947 1131
f 1735 351 392
f 2047 505 1873
f 1716 1243 1670
f 655 1724 1306
f 2185 689 1469
f 233 1761 1444
f 1718 1647 561
f 1490 1977 433
f 1713 700 1004
f 2145 615 2016
f 1814 548 847
f 314 2050 208
f 1801 2056 1049
f 1573 231 586
f 2164 1240 734
f 574 985 824
f 1064 735 615
f 1532 2018 821
f 1115 1671 1605
f 347 1425 1331
f 178 1585 333
f 988 1411 1061
f 1860 1408 912
f 19 1222 471
f 1604 1181 686
f 1182 2128 64
f 2176 859 1792
f 596 1846 378
f 1051 2033 1748
f 1754 257 1450
f 1904 731 2099
f 2168 1750 1744
f 367 1208 964
f 1039 2142 1497
f 16 1264 17
f 2158 1552 333
f 1474 707 1209
f 700 1827 1020
f 1584 1165 1255
f 1039 1497 760
f 1864 996 1850
f 1282 1917 814
f 1271 212 232
f 662 1927 1899
f 1504 449 711
f 1437 1577 1231
f 1972 2019 2085
f 616 1070 606
f 1368 1353 512
f 1772 293 708
f 1988 1503 1212
f 1988 1249 1057
f 2155 2062 1923
f 213 2100 810
f 852 671 1786
f 1332 1478 704
f 1041 1042 1487
f 1189 1584 937
f 800 1533 717
f 2081 1234 709
f 387 143 1743
f 2030 2007 857
f 1403 484 147
f 1773 689 1365
f 1168 1832 445
f 1832 1681 779
f 1742 1084 325
f 1486 1384 1659
f 1675 1495 211
f 1336 189 2037
f 1971 941 1962
f 1335 1303 1737
f 1359 917 1200
f 1843 197 2039
f 1114 260 850
f 1114 1536 1539
f 1968 1343 319
f 1622 1087 2101
f 1275 386 1904
f 1746 805 1303
f 841 338 357
f 47 218 48
f 2067 2161 1087
f 279 608 956
f 803 1293 429
f 1413 381 1257
f 1674 1846 627
f 1895 2107 249
f 609 1776 434
f 882 987 908
f 2050 839 473
f 1814 207 2021
f 1545 287 506
f 1882 1338 1345
f 288 2021 207
f 71 2069 72
f 892 526 1244
f 973 537 1395
f 2110 2015 489
f 863 1333 1284
f 2013 1069 1561
f 331 1998 508
f 218 2037 2008
f 1336 46 550
f 315 323 1980
f 655 1973 1724
f 693 1614 2160
f 1676 1548 1989
f 1931 811 350
f 2160 498 693
f 1272 1021 1144
f 1812 1369 312
f 1901 411 1085
f 1736 565 2152
f 455 1936 420
f 1967 870 1715
f 952 620 248
f 1536 850 1192
f 1686 1241 440
f 330 2049 1768
f 939 881 1252
f 2155 1088 2062
f 1861 1253 905
f 1675 277 999
f 1998 2177 2088
f 476 745 1621
f 319 823 392
f 494 2067 2044
f 1009 2070 1942
f 1788 2186 298
f 1193 1870 315
f 688 1434 1169
f 1351 1237 1157
f 89 1863 90
f 1546 1489 634
f 1767 481 1500
f 2129 719 1274
f 782 1155 1051
f 822 300 1912
f 2148 1316 343
f 1770 1570 865
f 941 2077 1962
f 629 1665 1937
f 685 951 1920
f 1863 283 321
f 534 506 391
f 2067 494 1813
f 1677 1598 819
f 1245 2073 1945
f 734 1277 2164
f 696 1484 223
f 1786 1063 852
f 2150 478 1218
f 749 309 1521
f 1980 635 237
f 1461 291 2008
f 1772 351 787
f 1059 1466 194
f 724 679 1879
f 1573 637 1879
f 869 1485 1186
f 1352 1312 81
f 1742 600 1279
f 381 2118 1257
f 918 631 1190
f 599 2080 1488
f 572 2103 254
f 680 1116 413
f 1875 1233 1675
f 741 34 33
f 1359 1996 1298
f 1205 1896 1610
f 1057 828 2180
f 1150 153 2005
f 1331 1126 485
f 1150 854 154
f 1806 454 305
f 1268 514 968
f 2060 1534 1907
f 1694 1216 647
f 659 648 121
f 115 1657 116
f 716 719 804
f 1038 845 1128
f 2010 870 1767
f 2010 1767 638
f 338 407 1931
f 2133 1206 550
f 770 1224 1492
f 1179 1499 917
f 453 376 2057
f 985 1535 663
f 1239 272 728
f 1560 459 654
f 1989 559 1973
f 849 1884 1219
f 427 1596 2004
f 285 688 623
f 2133 44 592
f 2037 189 656
f 115 1833 1657
f 518 124 123
f 1812 117 1390
f 275 1202 764
f 982 1989 1762
f 629 1937 2023
f 2161 262 2130
f 608 1897 956
f 1256 1899 387
f 573 513 399
f 199 1526 1439
f 1678 400 1269
f 1607 1347 1201
f 2036 388 2052
f 1012 1714 1655
f 2079 889 1422
f 1625 1056 1045
f 1460 904 388
f 744 1659 1558
f 8 1313 591
f 1311 373 507
f 953 149 1421
f 715 1574 1993
f 891 68 67
f 251 970 902
f 1898 1127 681
f 1401 2168 809
f 2137 542 1612
f 2017 1698 1349
f 1088 267 923
f 385 1382 339
f 2111 407 1875
f 1983 1469 1773
f 140 588 193
f 606 537 973
f 352 710 133
f 1032 2144 1266
f 436 1485 1109
f 630 765 1820
f 1144 1021 640
f 1988 795 1503
f 1099 307 860
f 1399 1286 1857
f 2132 276 1108
f 66 966 67
f 829 1109 1485
f 681 1638 436
f 641 992 1769
f 284 1062 212
f 1409 1900 146
f 1662 941 513
f 585 893 1370
f 1714 1012 1523
f 277 688 1029
f 1782 824 985
f 401 1565 520
f 1574 992 843
f 1967 481 870
f 2184 1468 2136
f 2025 1197 861
f 421 42 417
f 774 53 52
f 628 1227 644
f 589 1467 490
f 1636 1040 1604
f 821 2144 1032
f 1894 1382 1664
f 1480 1445 1377
f 2052 861 1836
f 2147 1045 747
f 1112 610 1054
f 498 1517 1643
f 1748 363 1051
f 1420 1096 1153
f 1729 1627 2154
f 1441 176 2034
f 2052 1510 2036
f 1971 1962 1499
f 434 602 609
f 2110 1775 2015
f 437 1762 1010
f 660 1920 1579
f 2165 2076 712
f 605 1352 81
f 752 576 242
f 2002 1723 967
f 1637 2031 1529
f 23 1922 1719
f 1295 353 1880
f 1651 632 1524
f 618 1288 720
f 1805 509 1280
f 1358 1982 1452
f 1728 614 1454
f 1296 2132 1436
f 204 2139 1037
f 1909 1711 1741
f 1030 1439 1893
f 2103 198 1050
f 449 390 2144
f 769 111 110
f 2017 192 1321
f 2119 29 1799
f 2156 1392 1083
f 141 140 266
f 868 1681 1832
f 1376 103 1067
f 1895 998 1634
f 1968 262 1343
f 859 571 745
f 1551 1445 1480
f 1124 1123 577
f 348 285 1104
f 1128 348 1038
f 2128 1389 64
f 1450 782 466
f 1929 364 1978
f 1140 612 598
f 25 1516 792
f 723 946 811
f 2005 1146 1746
f 1346 1216 1694
f 235 1010 944
f 2171 1685 1315
f 1130 1290 2062
f 398 1594 618
f 115 114 1833
f 2019 1972 595
f 1716 1670 1342
f 981 1720 370
f 1781 357 350
f 1799 302 1394
f 21 1688 22
f 1957 1941 1529
f 2065 413 1116
f 1500 842 1226
f 726 332 613
f 2146 995 2042
f 2001 1725 1086
f 1668 697 1644
f 1879 926 1573
f 1913 903 2178
f 368 2177 1090
f 914 1977 326
f 1068 824 964
f 1578 2105 899
f 801 1907 1534
f 1605 1192 317
f 2072 1713 752
f 201 1474 862
f 733 1738 1481
f 1817 1229 791
f 898 2063 1399
f 2089 1910 988
f 530 452 1800
f 1194 314 566
f 1378 331 248
f 1069 2013 1457
f 104 1376 1093
f 1545 1142 238
f 560 1435 1423
f 1605 818 1174
f 1385 356 2126
f 739 134 674
f 2005 1746 1303
f 1238 160 159
f 407 1233 1875
f 1931 407 811
f 1693 1213 910
f 1872 1217 1602
f 443 317 850
f 1805 1280 503
f 1730 1558 1659
f 1384 1486 569
f 1968 2130 262
f 923 729 213
f 1315 1685 1495
f 1922 230 1719
f 1885 1607 1590
f 1880 1562 1015
f 1412 1295 2166
f 748 170 1928
f 1803 1578 377
f 1961 280 1902
f 1738 733 1077
f 1280 541 950
f 1988 2180 795
f 149 953 150
f 326 1543 914
f 295 480 1405
f 247 1884 376
f 253 1483 1992
f 1504 1887 408
f 2134 288 572
f 1705 702 241
f 1375 402 2028
f 1350 1180 2016
f 548 842 2083
f 1262 437 698
f 897 698 1247
f 886 2011 567
f 1423 1066 1933
f 1612 1528 1198
f 214 1439 1703
f 1235 1591 1274
f 1445 444 1377
f 787 351 1735
f 1157 1883 2131
f 747 1647 2147
f 576 1949 762
f 326 1977 1490
f 818 1320 1132
f 347 1331 1221
f 212 1062 232
f 1763 1048 761
f 630 94 534
f 2102 52 51
f 50 49 766
f 1470 485 853
f 888 225 419
f 309 1044 527
f 2033 961 1748
f 1917 558 1892
f 1674 1120 1846
f 414 1286 359
f 519 1149 913
f 1494 1579 1691
f 1548 849 1219
f 2167 1830 1563
f 1229 981 370
f 1751 453 1170
f 1664 1679 1565
f 1195 1991 395
f 602 2160 609
f 1847 1028 443
f 1130 188 555
f 1366 1260 536
f 2050 473 2018
f 1906 206 411
f 2164 1277 1356
f 2057 1884 849
f 1849 1324 1697
f 1721 868 1168
f 1230 368 501
f 2130 308 2080
f 1698 1918 340
f 1418 1248 1152
f 1671 1192 1605
f 1219 1939 1950
f 1509 1269 1427
f 1609 804 1307
f 365 719 2129
f 2082 748 1188
f 1441 2034 1184
f 2041 1489 1678
f 1082 1803 377
f 1968 308 2130
f 2075 1943 1763
f 1282 1228 2078
f 1895 249 998
f 924 1902 280
f 1239 439 1926
f 45 550 46
f 1858 598 1717
f 924 431 1902
f 1309 790 1268
f 1956 2181 921
f 654 459 486
f 1819 955 951
f 1929 365 1327
f 2092 1855 959
f 793 1639 1000
f 1769 1379 1092
f 282 1456 1887
f 543 322 1619
f 1421 986 953
f 1661 1024 306
f 1475 1758 1240
f 276 1960 405
f 1841 258 1356
f 69 413 727
f 851 2074 488
f 321 989 1863
f 1294 737 1986
f 2081 717 1430
f 841 649 2171
f 1946 682 628
f 1143 589 490
f 1770 1298 1570
f 1612 1176 1528
f 2183 1648 492
f 1602 622 1019
f 1262 698 897
f 374 1665 1440
f 1143 490 986
f 1702 1270 2137
f 468 1761 419
f 1933 1192 1671
f 1395 225 973
f 331 1367 830
f 1770 917 1298
f 1764 438 1346
f 1511 2184 2136
f 1726 458 516
f 1984 940 1248
f 858 1621 925
f 1283 609 1005
f 545 1199 1990
f 1015 1844 1402
f 990 1014 1974
f 1763 699 1048
f 2101 2161 2046
f 1553 1093 1376
f 342 1667 293
f 1857 898 1399
f 1849 1697 1410
f 366 87 86
f 869 78 77
f 1710 1501 1125
f 2169 364 2156
f 1539 1066 675
f 1197 763 1836
f 618 2114 1288
f 881 1466 1059
f 173 172 1824
f 5 1611 6
f 532 244 1997
f 901 1597 448
f 2144 821 711
f 1809 192 1740
f 823 1156 392
f 2130 2080 2046
f 382 1170 782
f 1117 1323 2040
f 376 1141 1660
f 970 257 1754
f 678 1187 583
f 865 1570 1023
f 2142 439 903
f 1255 586 231
f 1765 1924 802
f 1896 1520 683
f 1826 1727 74
f 1500 481 1366
f 1792 636 1654
f 499 758 432
f 2005 153 1146
f 682 1825 1227
f 580 1285 780
f 239 1300 584
f 432 850 260
f 1721 1168 245
f 879 1848 1308
f 343 1577 1437
f 1979 507 1652
f 1568 1371 195
f 2154 1580 1855
f 325 1084 3
f 1260 481 1967
f 1209 2055 772
f 1428 1887 1504
f 1194 1267 563
f 449 1285 390
f 77 76 829
f 957 1451 857
f 322 543 464
f 800 717 649
f 2008 1433 218
f 1658 1638 681
f 2022 1312 1352
f 2069 641 1769
f 1877 247 1660
f 2009 1130 525
f 1373 1358 1205
f 1515 324 489
f 357 800 841
f 963 846 1564
f 489 354 2110
f 2134 754 483
f 1680 300 1393
f 900 1088 923
f 2002 967 703
f 1748 1935 363
f 1155 2033 1051
f 312 1369 721
f 499 432 260
f 2074 607 1695
f 1608 876 1522
f 2049 1063 1768
f 2077 1610 1962
f 1191 918 929
f 1006 1595 687
f 751 346 593
f 1364 157 1043
f 1755 1527 1725
f 1262 1920 660
f 775 398 281
f 1159 1021 983
f 1975 126 125
f 1311 1669 1568
f 1976 319 1343
f 745 476 1804
f 1446 460 1598
f 1254 745 571
f 1666 232 1062
f 2173 1853 1080
f 2179 1174 1132
f 958 1492 441
f 1738 2162 1481
f 1004 700 1914
f 1400 1261 1734
f 1012 1655 1139
f 5 639 1611
f 1293 803 836
f 2180 828 1765
f 158 1364 1023
f 1087 279 962
f 491 1435 560
f 2102 657 291
f 2037 218 1336
f 127 126 217
f 1444 123 233
f 1948 1867 191
f 2121 1601 1379
f 1898 1092 389
f 72 2069 669
f 227 1520 1896
f 1198 1528 497
f 1976 823 319
f 378 1846 1809
f 1402 1880 1015
f 2082 1188 2089
f 2118 1529 1941
f 467 874 1954
f 1898 436 1727
f 1127 1898 389
f 2028 1071 1375
f 1002 788 974
f 2052 388 861
f 399 1971 1924
f 1326 1197 1966
f 1373 1940 1491
f 512 1343 2054
f 1943 470 1448
f 2053 1660 1141
f 1947 964 1575
f 1355 410 1300
f 1760 1632 875
f 2104 1980 323
f 545 1990 1327
f 1470 1780 738
f 442 877 1387
f 568 1841 1173
f 1441 1184 1585
f 922 885 855
f 1867 316 1636
f 2168 360 1750
f 940 2179 552
f 633 1768 1514
f 509 1952 541
f 119 1407 120
f 1390 613 1369
f 1170 880 1155
f 974 1044 1055
f 1947 367 964
f 792 1501 1162
f 1993 798 362
f 869 1001 725
f 659 517 648
f 1021 888 419
f 683 2137 416
f 1151 166 165
f 1222 19 18
f 803 304 492
f 623 688 277
f 1587 1515 684
f 1332 345 1404
f 1703 654 1135
f 1672 1333 863
f 944 922 427
f 1009 937 2070
f 286 1801 1165
f 742 890 1757
f 2182 1049 1037
f 1934 1816 763
f 281 403 775
f 838 1011 1597
f 1448 470 737
f 362 1708 522
f 2122 1950 934
f 749 1521 1243
f 1516 971 187
f 1107 678 1105
f 1759 1938 1699
f 927 302 313
f 1297 1123 313
f 1540 349 1383
f 1096 1937 694
f 665 1483 253
f 1948 1769 992
f 1835 329 1465
f 339 1567 385
f 1362 923 267
f 2054 1813 1122
f 905 1253 1624
f 1818 730 461
f 812 320 341
f 911 424 1328
f 241 1329 2048
f 183 959 864
f 1358 227 1205
f 1843 1702 1520
f 1512 528 515
f 1094 1594 398
f 980 1172 1890
f 1603 913 1176
f 874 467 777
f 1056 472 1045
f 1982 1491 1514
f 1023 1364 865
f 1367 2061 476
f 1865 1473 721
f 626 1859 1641
f 919 435 1567
f 2045 994 943
f 406 381 1413
f 1082 1964 1547
f 1862 1956 1686
f 1010 698 437
f 944 1010 1306
f 1934 1938 1759
f 1970 1594 1244
f 2178 663 1913
f 1118 1608 1522
f 1598 933 1446
f 1677 1621 995
f 1719 230 935
f 1880 353 777
f 965 1124 577
f 948 673 714
f 546 1160 569
f 1637 2118 1462
f 556 1305 1246
f 2088 956 1897
f 1954 1901 318
f 755 1402 1025
f 13 12 744
f 1564 1125 972
f 1447 1427 514
f 349 367 1947
f 1696 265 1075
f 1466 239 1419
f 2001 1779 1725
f 2016 1180 1532
f 1100 286 2066
f 424 1273 894
f 1315 338 841
f 885 753 1630
f 1704 874 1906
f 1926 1097 2038
f 633 1514 261
f 1805 1951 1223
f 967 2098 229
f 892 1094 1766
f 404 1669 344
f 327 555 188
f 652 887 1022
f 261 1491 328
f 1072 731 386
f 1966 2003 1326
f 1482 600 1438
f 803 492 695
f 437 660 549
f 2122 1630 753
f 1822 1730 1384
f 575 945 1138
f 741 33 587
f 587 32 1533
f 1651 1732 632
f 2164 1475 1240
f 1495 338 1315
f 338 1495 1233
f 530 1878 452
f 1113 102 101
f 1290 552 1031
f 914 1543 1319
f 1978 1599 719
f 880 383 1538
f 952 248 508
f 769 1513 451
f 484 589 1143
f 1746 751 593
f 2023 1494 1691
f 1745 1044 309
f 520 1440 919
f 1297 27 746
f 571 859 2176
f 830 1367 858
f 1099 860 857
f 2000 1469 1983
f 297 1006 942
f 1593 1270 594
f 1138 920 575
f 1689 1649 258
f 720 398 618
f 1921 1390 1657
f 1830 263 1640
f 1640 296 363
f 2161 2130 2046
f 2090 1512 515
f 1693 1739 1213
f 1516 25 24
f 574 1410 1535
f 1163 1716 1242
f 1068 1849 1464
f 1576 691 1382
f 697 60 59
f 62 253 1992
f 1543 1089 1319
f 475 1446 584
f 2026 762 1949
f 1608 1118 1935
f 1115 1174 2011
f 853 1671 1115
f 2055 1701 1309
f 1456 1075 408
f 1801 1255 1165
f 1106 1922 931
f 705 1798 931
f 1774 1133 564
f 779 1571 1752
f 1721 129 128
f 367 369 1641
f 1554 1096 694
f 973 616 606
f 718 1619 1418
f 1360 808 540
f 740 1322 1996
f 1271 141 266
f 1126 491 560
f 1569 526 2013
f 287 2149 949
f 1958 243 311
f 727 2065 1787
f 704 1478 516
f 1314 1618 1119
f 1650 209 1481
f 1600 202 1397
f 1306 1010 655
f 466 363 296
f 312 721 1473
f 613 332 1369
f 2186 1788 796
f 930 568 884
f 1961 309 280
f 1711 2115 486
f 1927 144 387
f 883 1187 1107
f 2157 1199 545
f 1515 489 1195
f 1585 178 177
f 1507 1310 784
f 1986 418 1325
f 87 358 88
f 1160 424 911
f 310 1602 1019
f 2124 458 1398
f 270 1959 1239
f 690 1760 1810
f 992 650 843
f 1724 922 1306
f 296 1640 768
f 1855 1580 864
f 1842 1000 1024
f 1968 392 308
f 1190 960 929
f 106 105 1429
f 110 109 487
f 405 264 1108
f 546 12 11
f 2116 213 810
f 378 978 661
f 285 348 1434
f 1283 612 1776
f 2182 1436 637
f 1648 1995 1839
f 1366 842 1500
f 2069 1769 669
f 1309 422 790
f 1751 376 453
f 1915 840 1099
f 1107 1187 678
f 1650 722 1102
f 932 1815 772
f 867 53 774
f 1515 1195 684
f 1699 940 743
f 852 1796 197
f 1098 393 1073
f 495 959 182
f 404 1168 445
f 128 1008 1721
f 2056 1869 1037
f 2056 1145 1869
f 427 2004 235
f 1989 1973 655
f 1148 558 1917
f 1087 2161 2101
f 1973 753 885
f 635 354 237
f 756 1646 1556
f 251 1604 1040
f 1384 911 337
f 1049 586 1801
f 2084 359 1085
f 200 2181 1398
f 873 1852 1018
f 2024 984 1866
f 421 1858 592
f 766 49 48
f 1581 175 174
f 2124 565 226
f 702 1414 1018
f 1286 622 1085
f 2055 1953 1701
f 938 256 844
f 1378 859 2061
f 225 595 1265
f 509 1204 1137
f 1347 1033 1201
f 1612 542 1603
f 386 1275 1783
f 568 820 1889
f 1852 873 1910
f 500 1954 318
f 1728 1454 353
f 1462 381 1339
f 1960 341 1081
f 565 2124 1398
f 168 1250 169
f 886 853 1115
f 1432 647 294
f 657 51 50
f 1374 380 1215
f 1733 2105 1891
f 1027 980 1525
f 443 1320 818
f 2059 1490 1723
f 1845 822 1285
f 1471 681 1127
f 403 1031 205
f 1881 664 844
f 1882 1345 814
f 620 2101 2046
f 238 1878 1545
f 104 103 1376
f 1850 1308 1848
f 1231 901 448
f 1960 1081 1722
f 2066 286 1165
f 1430 1234 2081
f 855 1630 1422
f 1609 1307 435
f 231 937 1255
f 1871 979 798
f 1219 1884 247
f 2091 1957 1487
f 1313 6 1682
f 334 1682 1318
f 15 14 1558
f 1452 197 1147
f 158 157 1364
f 1526 2028 785
f 1071 2028 1526
f 1033 666 477
f 1703 1135 214
f 1869 1145 1106
f 1599 2169 905
f 854 155 154
f 1043 826 865
f 699 1883 735
f 799 1837 1690
f 2073 617 614
f 1974 1014 204
f 1754 1559 198
f 1075 479 408
f 2097 383 773
f 1754 1450 1559
f 814 1892 1882
f 1052 996 834
f 257 382 1450
f 1715 1638 1658
f 539 1054 56
f 1734 1261 1449
f 1969 910 1133
f 1670 1560 1342
f 1836 1816 1615
f 733 1840 2096
f 535 1955 2032
f 2058 547 871
f 539 1734 1449
f 922 855 1415
f 2018 473 756
f 672 571 661
f 950 1347 503
f 447 2096 1530
f 1581 1061 1310
f 2108 241 702
f 2060 2032 1955
f 356 138 137
f 1493 652 1022
f 547 1270 1593
f 1586 420 1175
f 1148 1917 1282
f 881 239 1466
f 692 1177 664
f 853 485 355
f 1836 763 1816
f 2047 236 505
f 452 238 418
f 1891 1547 440
f 951 685 757
f 1272 1144 1078
f 275 1469 2000
f 807 1571 866
f 1357 1976 512
f 375 722 1673
f 1101 305 646
f 535 579 1380
f 1904 1103 1275
f 428 1802 1557
f 793 495 181
f 1341 2131 1111
f 92 1837 93
f 2159 1600 252
f 932 375 1815
f 949 1113 255
f 2148 1667 677
f 1914 2098 1977
f 938 327 256
f 1423 355 560
f 933 1598 1677
f 388 2025 861
f 1881 1805 1223
f 1136 1467 589
f 957 1712 1652
f 286 1145 2056
f 478 1823 1218
f 1945 1736 1245
f 1697 1497 1410
f 29 28 1799
f 757 1819 951
f 1555 412 1318
f 1482 864 1580
f 890 2043 1196
f 318 1901 1217
f 1086 1725 311
f 1086 311 243
f 736 2177 368
f 1932 1457 1766
f 2009 743 1290
f 1137 703 1164
f 1854 1013 875
f 1953 837 202
f 501 925 909
f 631 918 956
f 566 208 1180
f 603 816 379
f 1867 1636 191
f 725 776 79
f 1828 1035 1479
f 98 1820 99
f 1684 1202 806
f 1457 526 892
f 496 2127 2106
f 1252 881 1059
f 2040 1323 1235
f 502 817 1589
f 955 629 2023
f 991 359 2084
f 1706 1081 341
f 206 1906 617
f 307 2173 1666
f 2109 835 1752
f 1857 1286 742
f 2070 1573 926
f 2096 750 1905
f 1463 1185 472
f 1806 1154 634
f 1806 305 1720
f 1783 2120 386
f 1595 1938 687
f 2160 1614 1005
f 1193 1856 895
f 818 1605 317
f 1731 2030 216
f 2043 991 1196
f 815 2142 1039
f 678 583 644
f 2093 1249 1783
f 1889 820 1661
f 1616 1196 1263
f 1544 191 2087
f 669 1092 1826
f 807 581 524
f 1598 460 909
f 1545 505 236
f 2027 2148 343
f 1919 1207 1449
f 602 1517 498
f 530 505 1878
f 255 1113 100
f 1221 1331 738
f 1847 403 1028
f 1933 355 1423
f 275 2000 384
f 669 1769 1092
f 650 2065 843
f 1465 897 1247
f 906 1624 385
f 1427 1269 514
f 1540 1383 788
f 1514 1491 261
f 947 1928 1250
f 1813 494 658
f 761 1577 1531
f 1620 1041 1487
f 1798 1106 931
f 1735 392 1156
f 661 2176 1654
f 1922 23 22
f 1377 444 1739
f 1781 741 587
f 1567 435 1307
f 742 414 890
f 1213 444 963
f 524 2068 2109
f 260 1114 1709
f 2134 196 754
f 1930 288 207
f 592 44 43
f 1978 364 2169
f 1081 511 1722
f 2150 1218 1728
f 523 844 256
f 2116 256 900
f 328 809 1744
f 1184 2034 1507
f 2114 501 1288
f 2109 807 524
f 827 1584 564
f 706 1133 1774
f 1907 294 2060
f 764 1202 767
f 1733 1891 2115
f 553 1218 2086
f 387 144 143
f 145 144 1927
f 1512 1794 528
f 942 1874 361
f 1482 1438 1455
f 1925 734 1240
f 56 1054 57
f 1139 607 1012
f 380 1587 684
f 285 1434 688
f 453 2057 773
f 2159 252 196
f 1458 1986 737
f 409 1892 558
f 1380 1337 278
f 145 1409 146
f 2013 1190 1569
f 1443 832 1417
f 1549 1123 1302
f 617 2051 206
f 805 1003 1834
f 2060 294 647
f 2184 1161 696
f 330 652 1493
f 1035 1076 1479
f 1943 578 1763
f 1322 160 1238
f 2137 683 1702
f 1387 2077 941
f 2180 1765 1171
f 871 1656 2058
f 1411 1910 1866
f 2009 1908 1759
f 573 2093 513
f 778 2097 1793
f 1939 1219 247
f 1840 733 1481
f 240 2162 1738
f 1930 1013 1854
f 435 1819 757
f 1158 1035 1882
f 1156 823 1848
f 2131 1341 1157
f 1850 1848 1513
f 190 1220 1074
f 2078 1228 1873
f 419 1265 468
f 866 556 833
f 11 1160 546
f 928 575 920
f 1595 969 1938
f 1536 1114 850
f 1589 709 2006
f 1978 365 1929
f 1324 461 760
f 1563 496 1447
f 288 2134 483
f 844 2071 269
f 1879 679 1757
f 2139 1296 1436
f 2010 869 1186
f 2113 1967 1658
f 1963 1341 1749
f 1667 2148 1442
f 1144 301 1078
f 581 866 833
f 1029 1635 598
f 927 2029 302
f 2167 422 263
f 570 2087 686
f 1426 2174 826
f 883 2020 731
f 1896 683 521
f 1025 1705 1732
f 930 820 568
f 784 1310 1061
f 1192 850 317
f 205 1031 552
f 82 1183 83
f 1476 794 605
f 1238 1570 1322
f 1198 497 976
f 940 1699 969
f 188 1088 900
f 2129 1274 1591
f 502 2006 1392
f 1750 360 1079
f 1940 877 442
f 677 2035 2148
f 2172 239 881
f 1154 1546 634
f 2121 191 1544
f 1040 522 825
f 1058 57 1054
f 1476 638 794
f 2022 420 1936
f 1098 1073 820
f 1007 2158 1184
f 1102 220 1650
f 961 1935 1748
f 1476 1001 638
f 1936 1183 1312
f 221 668 1747
f 1211 2175 1764
f 1623 1592 585
f 1758 500 318
f 1710 1472 1162
f 927 1083 2029
f 640 544 1144
f 1369 1812 1390
f 2017 1349 1740
f 856 1916 872
f 1684 195 975
f 606 1932 537
f 1232 1644 1508
f 714 1104 948
f 794 1352 605
f 1771 816 603
f 1919 395 1207
f 1700 1588 936
f 1880 755 1295
f 1872 1240 1758
f 583 1072 597
f 877 1373 1205
f 1737 1212 1503
f 828 1924 1765
f 323 936 713
f 1762 655 1010
f 942 361 718
f 1982 1514 671
f 1301 1791 465
f 541 1060 950
f 275 384 1202
f 2007 1317 674
f 654 1703 785
f 2105 1959 270
f 1060 666 1033
f 1249 2093 573
f 917 1359 1298
f 1249 1988 2120
f 651 417 41
f 1753 1140 1169
f 463 1058 610
f 999 277 1029
f 1068 1464 824
f 1445 846 444
f 240 1738 1077
f 480 862 1790
f 938 1177 1683
f 1815 375 1673
f 1360 540 1043
f 1595 1006 297
f 1834 1003 628
f 1825 1467 1811
f 1624 1576 385
f 783 1990 1178
f 1209 1815 1949
f 925 1621 819
f 1128 1374 348
f 1717 612 1206
f 2173 840 801
f 597 1834 583
f 1839 820 1073
f 1399 2063 1019
f 1788 797 884
f 643 557 336
f 559 1548 1219
f 1465 1642 897
f 1067 1999 1553
f 2078 1074 1220
f 1432 689 2185
f 1311 507 1669
f 2091 1941 1957
f 20 250 21
f 2071 2002 269
f 1885 1590 1653
f 223 1484 1460
f 750 791 1905
f 627 596 636
f 615 838 1064
f 1903 1845 1504
f 1930 207 1013
f 1853 1747 1080
f 1511 2003 1966
f 1148 1282 677
f 604 1999 1067
f 968 400 932
f 646 454 431
f 239 584 1419
f 1069 1932 606
f 1437 1225 1321
f 483 1456 282
f 2015 1991 1195
f 559 753 1973
f 2133 550 45
f 357 1931 350
f 1297 577 1123
f 1700 987 2157
f 1724 885 922
f 1973 885 1724
f 1286 1085 359
f 1049 637 586
f 1175 1091 1586
f 735 1166 1350
f 854 1360 155
f 986 1946 953
f 1551 1302 1124
f 1506 1071 1251
f 1824 2089 988
f 174 1824 1581
f 1913 1535 1410
f 1913 663 1535
f 2152 1245 1736
f 1242 1101 1163
f 1097 439 2142
f 1526 199 1071
f 758 775 1847
f 1446 933 1419
f 226 2086 1823
f 1332 1823 259
f 1311 806 384
f 620 599 1808
f 1523 855 1422
f 719 1599 804
f 1683 1908 525
f 1259 692 274
f 583 1834 644
f 986 1421 1143
f 1356 884 1173
f 2089 1188 1910
f 472 1185 896
f 874 777 1454
f 1278 762 2026
f 1944 1059 194
f 2125 1642 329
f 1700 1518 1588
f 2018 1556 821
f 1772 708 1674
f 1257 1941 1797
f 637 1049 2182
f 2173 1080 1666
f 266 140 193
f 1888 1558 1730
f 1822 337 2091
f 1902 1509 2106
f 773 1391 1258
f 1615 1816 2117
f 1744 1224 328
f 1372 265 1868
f 1476 80 776
f 1675 1233 1495
f 610 1058 1054
f 1937 1665 626
f 1494 1096 1420
f 1969 1388 815
f 1196 1616 1645
f 1974 1453 990
f 18 17 1222
f 494 2044 621
f 1265 595 833
f 1597 1291 448
f 672 1254 571
f 1351 532 455
f 2076 340 712
f 1268 772 1309
f 1827 242 1278
f 1055 876 1095
f 2041 1509 431
f 164 1149 519
f 416 1996 1359
f 1337 1811 1467
f 710 2007 674
f 508 1897 1622
f 1571 1305 866
f 591 219 920
f 1682 6 1611
f 1302 1551 1253
f 1517 380 684
f 2025 1161 1511
f 1421 149 148
f 1459 1101 402
f 1789 985 663
f 1954 874 1704
f 500 1562 467
f 1077 733 447
f 654 785 1560
f 4 1084 639
f 943 428 412
f 967 229 703
f 1653 441 1079
f 1052 1850 996
f 351 1034 308
f 834 1429 1076
f 978 1740 1349
f 1775 1333 2015
f 2133 592 1717
f 1449 1207 1112
f 1140 1753 434
f 1011 2145 1266
f 1814 2021 548
f 796 734 1925
f 577 1472 965
f 1781 587 1533
f 741 946 34
f 960 2013 1561
f 1285 1912 780
f 394 1860 271
f 1289 10 9
f 2114 1230 501
f 1031 403 1923
f 1895 2165 813
f 249 1334 998
f 1749 624 1663
f 504 287 949
f 406 1413 271
f 334 928 667
f 1800 452 1458
f 1442 2148 2027
f 1277 734 796
f 828 399 1924
f 704 1823 1332
f 554 1889 306
f 1516 187 1501
f 1719 935 971
f 645 2020 1211
f 519 913 557
f 1986 1458 452
f 1545 506 1142
f 729 584 2100
f 772 1815 1209
f 791 1463 1056
f 1592 1623 1131
f 2156 364 1392
f 1516 1501 792
f 158 1023 159
f 668 662 1747
f 2023 951 955
f 2014 1304 1679
f 1865 1407 1473
f 233 648 517
f 851 1465 1247
f 2125 329 2104
f 1642 1323 1348
f 1599 905 906
f 1148 677 1667
f 761 1361 1577
f 2159 372 202
f 1546 400 1489
f 1807 176 175
f 1889 1661 306
f 1537 1669 1876
f 1752 1571 807
f 1267 1237 563
f 1181 198 625
f 864 959 1855
f 1289 1756 894
f 513 696 1662
f 1844 1015 1129
f 30 1234 31
f 27 302 28
f 821 1032 1532
f 1048 1064 1361
f 415 2007 710
f 1731 1542 1317
f 1328 424 945
f 935 230 1100
f 627 1488 1034
f 2165 832 2076
f 1110 499 260
f 764 2185 275
f 1361 1064 901
f 1254 2042 995
f 1431 1198 740
f 166 1838 167
f 1518 2129 1588
f 2074 1596 607
f 749 1243 1716
f 1762 437 549
f 677 1282 2035
f 1292 1749 1111
f 567 2011 1981
f 1750 1492 1744
f 1297 1046 577
f 32 587 33
f 1487 1957 1821
f 1860 394 1802
f 299 1129 1015
f 1581 1824 1061
f 1994 1993 1574
f 2057 376 1884
f 763 687 1938
f 2019 537 1110
f 2082 170 748
f 1890 2138 450
f 1685 673 948
f 1519 1207 1672
f 1397 1696 1600
f 1626 202 372
f 1946 593 346
f 802 2174 1426
f 1315 841 2171
f 189 1206 656
f 1498 668 1337
f 1955 221 1534
f 487 109 1864
f 1093 105 104
f 1296 2170 2132
f 1328 945 1797
f 553 1945 426
f 227 1147 1520
f 638 1767 816
f 532 1997 1936
f 2096 1905 1583
f 932 772 968
f 1087 608 279
f 194 933 2146
f 486 2115 1241
f 1381 1720 981
f 470 1566 1458
f 1035 1158 1076
f 1047 1335 831
f 1933 1536 1192
f 1662 696 223
f 1022 1791 1301
f 716 1274 719
f 237 354 1856
f 268 736 1569
f 712 340 1918
f 1252 1210 939
f 838 615 2145
f 676 1646 756
f 780 425 580
f 829 1485 869
f 1157 1237 1883
f 1577 1361 1231
f 1390 1921 613
f 1354 2185 764
f 2126 136 1542
f 1378 2061 331
f 925 368 858
f 1184 1507 1007
f 797 1098 930
f 1772 1674 627
f 1921 658 621
f 1478 1404 2049
f 465 1791 246
f 1593 594 456
f 1843 1147 197
f 1146 153 152
f 1505 1360 854
f 1266 2145 1032
f 455 1237 1351
f 1677 995 2146
f 2100 584 1300
f 74 1727 75
f 2128 1779 2001
f 1505 854 1047
f 2120 1988 1212
f 1470 738 1331
f 141 1271 142
f 816 794 638
f 2021 282 1646
f 1921 1833 658
f 636 1488 627
f 1848 823 1513
f 111 1353 112
f 1288 460 1065
f 1761 517 983
f 976 160 1322
f 2048 1618 1705
f 1975 518 590
f 1202 1684 491
f 1120 1674 708
f 1754 902 970
f 1360 1043 156
f 1493 1022 1301
f 2157 1518 1700
f 882 1629 1199
f 209 1817 750
f 1790 538 480
f 2047 1228 1345
f 1785 190 1566
f 1624 1480 1576
f 1549 2156 1083
f 1677 819 1621
f 726 613 621
f 1086 680 891
f 1260 690 536
f 1834 597 805
f 682 1946 986
f 1203 1741 1711
f 2028 1342 1560
f 1641 369 626
f 1670 2135 1789
f 2142 903 1497
f 954 1540 531
f 1273 424 1160
f 1160 11 1273
f 1534 1853 801
f 1498 1337 1136
f 1629 882 673
f 1660 247 376
f 1326 2003 1006
f 942 1006 2003
f 2038 1616 1926
f 1624 1253 1480
f 1939 1708 993
f 66 1389 966
f 1070 929 960
f 1657 1390 116
f 1793 2097 1258
f 944 427 235
f 365 1978 719
f 385 1567 906
f 787 293 1772
f 528 1680 1393
f 26 1046 746
f 2119 1799 1394
f 807 2109 1752
f 1865 721 544
f 1742 325 1438
f 2 1985 1396
f 562 1405 538
f 240 1020 1827
f 1703 1439 1526
f 458 289 200
f 1245 1082 377
f 286 2056 1801
f 2111 39 642
f 867 203 1400
f 886 1470 853
f 1662 223 1387
f 871 1593 456
f 1758 1475 299
f 2005 1047 1150
f 1743 1271 232
f 1623 1329 1131
f 2150 1295 1412
f 601 515 732
f 822 1845 1903
f 959 495 2092
f 182 959 183
f 1812 118 117
f 640 1021 1159
f 586 637 1573
f 2 1396 325
f 1955 535 1380
f 1743 1256 387
f 1565 401 1894
f 1711 486 1203
f 1507 1016 1007
f 2158 1007 554
f 178 333 179
f 446 1628 1524
f 911 1328 337
f 16 15 1888
f 984 1649 1689
f 1018 462 873
f 1017 395 1919
f 1383 1044 974
f 1008 868 1721
f 195 1371 835
f 1634 2165 1895
f 2101 952 1622
f 327 1683 555
f 567 322 1780
f 2098 1914 229
f 1794 1680 528
f 1762 549 982
f 1920 1691 1579
f 1136 1337 1467
f 150 953 346
f 1668 665 253
f 1755 907 2079
f 537 2019 1395
f 806 195 1684
f 727 413 2065
f 1053 296 768
f 1191 301 1916
f 2007 2030 1317
f 1426 540 808
f 1179 1924 1499
f 1095 961 1002
f 1745 876 1055
f 1477 686 1181
f 2012 314 1091
f 1882 1035 1338
f 2149 234 1831
f 1394 2029 709
f 35 946 723
f 2095 1149 163
f 1149 2095 1176
f 222 1211 1764
f 801 1853 2173
f 1517 1633 380
f 1717 1206 2133
f 40 651 41
f 817 1178 1550
f 1539 1536 1066
f 2013 960 1190
f 430 1942 2070
f 320 1637 1582
f 799 321 1911
f 1917 1892 814
f 1995 510 1839
f 1408 1802 428
f 1030 1344 896
f 1521 1575 1782
f 1096 1494 2023
f 1861 1302 1253
f 2034 1807 1310
f 784 1411 1016
f 1878 505 1545
f 1831 604 949
f 1362 720 1065
f 192 2017 1740
f 1070 1272 1078
f 1832 779 445
f 1145 1100 230
f 1324 1606 2014
f 1120 1036 192
f 1065 729 1362
f 2127 876 1961
f 1745 309 1961
f 96 1820 98
f 1011 786 273
f 1644 697 1572
f 56 55 539
f 1953 707 201
f 1086 891 966
f 1425 1126 1331
f 1271 474 212
f 2049 1726 1478
f 1370 893 643
f 1222 1041 471
f 575 1413 945
f 1872 318 1217
f 852 1340 1796
f 2112 1729 482
f 1985 186 1455
f 790 422 2167
f 1448 737 1294
f 1846 1120 1809
f 1932 499 1110
f 1883 1267 1166
f 1299 504 255
f 1947 1383 349
f 704 516 226
f 1221 738 781
f 1653 1590 441
f 612 1283 656
f 291 1433 2008
f 1042 1041 1264
f 495 793 1842
f 1673 2026 1949
f 2147 1647 477
f 1535 985 574
f 1741 1203 663
f 2135 985 1789
f 2004 851 1247
f 2172 1355 1300
f 736 368 1230
f 1900 1498 1136
f 645 1211 222
f 1126 560 485
f 1491 1940 809
f 1134 131 2094
f 1731 1317 2030
f 216 307 1062
f 1915 1099 1451
f 1997 244 84
f 603 1091 1175
f 1801 586 1255
f 730 1739 1693
f 1932 1766 499
f 872 544 721
f 1053 1559 1450
f 1530 1060 541
f 614 1906 1454
f 1841 1007 258
f 1586 314 1194
f 842 670 839
f 1001 2010 638
f 1538 778 1002
f 921 200 289
f 2036 360 388
f 409 1158 1892
f 1067 102 604
f 954 694 626
f 2142 815 1388
f 475 1065 460
f 1381 1806 1720
f 1 1985 2
f 1408 429 912
f 463 59 58
f 1992 1483 1851
f 1885 1653 1510
f 521 683 1359
f 1363 2069 71
f 1767 1500 379
f 1486 744 546
f 17 1264 1222
f 1026 1121 2031
f 6 1313 7
f 1343 262 2054
f 769 110 487
f 1243 1782 2135
f 1489 454 634
f 938 844 664
f 555 1683 525
f 770 1492 958
f 1301 465 1718
f 950 1060 1033
f 942 718 297
f 2093 1613 878
f 664 1881 1223
f 559 1950 753
f 292 982 529
f 609 2160 1005
f 44 2133 45
f 348 1374 1215
f 2029 2006 709
f 1392 2006 1083
f 1913 1497 903
f 2030 860 216
f 1746 1003 805
f 1387 223 442
f 1171 808 831
f 572 288 1930
f 80 1476 605
f 187 935 1125
f 1688 250 931
f 1622 952 508
f 1368 112 1353
f 1387 877 2077
f 223 1460 1401
f 1771 1175 2022
f 1231 448 1225
f 1057 573 828
f 2095 162 497
f 950 1033 1347
f 1095 974 1055
f 1585 177 1441
f 557 1151 519
f 1054 539 1112
f 1096 2023 1937
f 531 788 778
f 772 1268 968
f 770 958 457
f 360 2036 1079
f 1211 883 1107
f 416 2137 1431
f 1713 862 752
f 1266 390 786
f 451 1513 823
f 1864 1850 1513
f 1205 1610 2077
f 878 696 513
f 717 1550 649
f 1348 1323 1117
f 1710 1125 1564
f 971 935 187
f 1386 2110 1695
f 1714 1523 2163
f 1495 948 211
f 1920 951 1691
f 203 1614 693
f 1261 1919 1449
f 1358 1147 227
f 2039 197 1796
f 1102 1381 220
f 1239 1926 270
f 1427 2106 1509
f 363 1935 1830
f 1587 215 895
f 1980 237 315
f 1119 1618 585
f 1711 1909 2115
f 852 197 671
f 1705 1025 1414
f 1733 2115 1909
f 369 349 1540
f 1939 1877 1708
f 993 1708 1330
f 1119 210 1314
f 1593 871 547
f 1866 873 462
f 1097 1926 439
f 1912 300 1680
f 1840 1481 209
f 2143 1142 2123
f 1999 1828 1553
f 548 2083 847
f 1795 1692 292
f 1128 845 469
f 1550 2151 649
f 986 1825 682
f 221 1853 1534
f 1959 272 1239
f 1241 2115 440
f 1174 1115 1605
f 2011 1174 1984
f 135 739 1542
f 1975 1416 217
f 1474 1949 576
f 1626 372 1424
f 352 131 1134
f 1221 781 222
f 685 1920 1348
f 531 778 1793
f 1930 625 572
f 1727 436 1109
f 595 1972 833
f 840 1773 1365
f 1210 1543 939
f 1949 1474 1209
f 1483 335 889
f 1638 1485 436
f 1294 283 624
f 1999 604 1831
f 1665 374 1859
f 2041 454 1489
f 991 2084 206
f 259 1823 478
f 522 316 362
f 1579 1420 529
f 2156 1549 1302
f 987 1496 845
f 2156 1302 1861
f 1518 545 1327
f 760 1497 1697
f 730 691 1739
f 1839 695 1648
f 930 1098 820
f 1837 92 1690
f 1965 1837 2123
f 951 2023 1691
f 902 1754 1181
f 2153 864 1482
f 2112 943 1627
f 1698 340 1349
f 2021 288 282
f 569 1486 546
f 1318 1611 1555
f 1273 11 10
f 1888 1264 16
f 1676 1692 771
f 752 1474 576
f 1650 220 209
f 899 2105 270
f 331 2061 1367
f 1916 856 1502
f 1705 1414 702
f 1689 1866 984
f 1949 1815 1673
f 1830 1118 1563
f 926 430 2070
f 1392 364 619
f 1762 1989 655
f 374 1565 1679
f 769 1864 1513
f 1663 1963 1749
f 963 444 846
f 783 1929 1327
f 888 616 973
f 404 1568 1669
f 308 392 351
f 1174 2179 1984
f 1270 1702 594
f 547 336 542
f 1094 892 1594
f 1681 1571 779
f 1182 64 63
f 611 1182 1851
f 1106 230 1922
f 706 1097 1388
f 1541 570 875
f 65 1389 66
f 1327 365 1518
f 382 257 2140
f 619 1929 783
f 1947 1575 527
f 732 515 528
f 1429 834 106
f 459 1789 1203
f 426 614 1728
f 215 1587 1374
f 324 354 489
f 320 1582 341
f 554 1007 1841
f 1188 2108 1852
f 1841 568 554
f 1049 2056 1037
f 600 1742 1438
f 458 224 289
f 1301 1718 224
f 1464 1849 1410
f 439 728 903
f 1910 873 1866
f 175 1581 1807
f 1166 1267 566
f 1321 1036 2027
f 1870 1496 323
f 774 789 1614
f 804 1599 1307
f 635 1980 1835
f 1978 2169 1599
f 1327 1990 783
f 1201 477 457
f 1077 229 1020
f 1989 982 1676
f 302 2029 1394
f 871 2138 1656
f 168 167 423
f 1238 159 1023
f 1737 831 1335
f 1594 892 1244
f 925 501 368
f 1248 940 969
f 1750 441 1492
f 1950 559 1219
f 1247 698 235
f 530 1800 1074
f 624 1167 1663
f 1087 1622 608
f 1031 1923 1290
f 1565 1894 1664
f 2125 1235 1323
f 1953 201 837
f 1450 296 1053
f 73 1826 74
f 2065 1116 843
f 1014 990 2141
f 1472 1046 1162
f 1732 1707 632
f 893 557 643
f 1994 1871 798
f 254 2103 551
f 1021 419 983
f 1694 347 1346
f 2038 706 1942
f 1697 1324 760
f 2096 1583 1530
f 1079 441 1750
f 749 1716 653
f 646 1163 1101
f 1567 1307 906
f 1348 1920 1262
f 1499 1962 1200
f 941 1662 1387
f 2 325 3
f 1706 511 1081
f 450 1796 1340
f 585 1370 1119
f 1152 969 1595
f 1452 1982 671
f 1635 1029 688
f 688 1169 1635
f 1132 1320 2179
f 360 1460 388
f 564 1584 1189
f 1969 1693 910
f 1774 1009 706
f 1497 1913 1410
f 916 899 2051
f 1838 1592 1131
f 1583 666 1060
f 1886 535 1216
f 1264 1041 1222
f 1620 990 1453
f 1621 745 995
f 832 371 2076
f 1272 888 1021
f 331 508 248
f 2095 497 1528
f 1603 542 336
f 2157 987 882
f 1388 1969 1133
f 1263 270 1616
f 561 747 1344
f 369 1540 954
f 251 902 1604
f 1279 639 1742
f 2183 1995 1648
f 171 170 2082
f 2178 1617 1741
f 2119 709 1234
f 2157 882 1199
f 1262 897 1348
f 1992 1851 1182
f 1111 1749 1341
f 1987 244 1631
f 1769 1948 1379
f 1116 680 1871
f 1753 602 434
f 1587 380 1374
f 390 580 786
f 672 832 1443
f 1776 609 1283
f 1776 612 1140
f 1572 697 463
f 1604 2087 1636
f 701 1453 705
f 898 1857 679
f 875 1632 1541
f 536 1810 847
f 176 1441 177
f 258 1649 1356
f 822 1903 300
f 1559 290 1050
f 1935 1118 1830
f 773 383 453
f 1382 385 1576
f 489 2015 1195
f 55 1734 539
f 612 1717 598
f 1389 2128 2001
f 863 1284 1572
f 2070 937 231
f 299 1475 1129
f 1868 265 1696
f 1181 1754 198
f 477 1647 246
f 269 703 1687
f 943 994 1627
f 2153 1455 185
f 2186 1925 1602
f 1736 2086 565
f 924 646 431
f 1827 1278 240
f 1025 1402 1414
f 1119 1370 210
f 1752 445 779
f 415 352 1712
f 915 446 632
f 1460 360 2168
f 2177 268 2088
f 1654 2176 1792
f 1950 993 934
f 1655 335 1232
f 456 2039 2138
f 1151 557 893
f 451 1976 1357
f 726 962 856
f 2121 1379 1948
f 711 449 2144
f 1318 1557 334
f 219 1313 1682
f 1112 539 1449
f 2055 1309 772
f 2031 1821 1529
f 406 912 1339
f 274 1510 1259
f 1896 1205 227
f 1351 1157 1341
f 452 418 1986
f 1463 472 1056
f 520 374 1440
f 1818 461 1664
f 2040 757 1117
f 840 2173 1099
f 1694 647 1432
f 530 1873 505
f 2067 262 2161
f 54 1734 55
f 610 1519 863
f 127 1008 128
f 1652 373 977
f 724 1879 1436
f 370 1251 1229
f 297 1418 1152
f 818 317 443
f 1655 1508 1139
f 324 1856 354
f 1977 1004 1914
f 2033 1538 961
f 848 1355 2172
f 1502 856 962
f 1038 908 845
f 1029 1858 421
f 2097 1538 383
f 1819 919 955
f 1677 2146 933
f 1417 832 2165
f 2167 1447 790
f 2086 1218 1823
f 919 1567 401
f 905 2169 1861
f 1646 1428 1556
f 229 1914 1020
f 1191 1078 301
f 119 1473 1407
f 1756 8 591
f 1580 994 600
f 256 2116 523
f 205 1028 403
f 1979 1134 1876
f 1681 868 1416
f 1635 1140 598
f 357 1781 800
f 1584 1255 937
f 269 1881 844
f 1615 692 1259
f 523 2071 844
f 705 1974 1798
f 1620 1487 1821
f 568 1173 884
f 1852 1910 1188
f 1093 1479 105
f 506 2123 1142
f 895 324 1515
f 1323 1642 2125
f 1877 825 522
f 1258 1795 1554
f 964 824 1575
f 716 1235 1274
f 1780 322 464
f 344 1669 1537
f 660 437 1262
f 2015 1672 1991
f 1424 290 768
f 1640 263 768
f 965 846 1445
f 1170 1155 782
f 2075 470 1943
f 108 996 109
f 355 1933 1671
f 941 399 513
f 999 421 417
f 685 1348 1117
f 1559 1050 198
f 1854 686 1477
f 1373 1491 1982
f 210 1656 1172
f 264 533 2063
f 755 1732 1651
f 1404 1478 1332
f 2051 899 1236
f 594 2039 456
f 947 2108 748
f 2024 1866 462
f 2141 1121 1014
f 2150 1728 353
f 1623 1618 1329
f 1958 993 1330
f 889 1851 1483
f 2099 2020 645
f 856 332 726
f 935 2066 1125
f 1551 1480 1253
f 1782 1575 824
f 326 1490 1214
f 245 130 129
f 373 1652 507
f 1912 1285 822
f 1089 515 601
f 2015 1333 1672
f 1195 395 684
f 2159 202 1600
f 603 379 1091
f 2178 903 728
f 1817 981 1229
f 1635 1169 1140
f 1614 789 1005
f 663 2178 1741
f 1942 706 1009
f 1869 1106 1798
f 2170 276 2132
f 1720 1459 1506
f 1905 1056 1625
f 225 888 973
f 1537 245 344
f 1661 820 1839
f 1611 639 1555
f 1687 1881 269
f 862 480 295
f 2125 2104 713
f 1992 63 62
f 1096 1554 1153
f 253 62 61
f 440 1862 1686
f 1373 877 1940
f 1632 1601 1541
f 1787 2065 650
f 2089 1824 172
f 345 1525 1340
f 1438 325 1396
f 304 429 1408
f 744 12 546
f 894 1273 1289
f 356 474 193
f 1900 662 1498
f 1547 1862 440
f 1411 1866 1689
f 565 1398 2152
f 1547 1803 1082
f 1005 1461 1283
f 58 1058 463
f 1792 599 636
f 1291 1918 1698
f 414 359 2043
f 1342 402 1242
f 831 1505 1047
f 1003 1746 593
f 1701 202 1626
f 914 1004 1977
f 706 1388 1133
f 1377 1576 1480
f 1417 2165 1634
f 1059 1634 1252
f 529 1153 292
f 402 1342 2028
f 185 184 2153
f 1279 600 994
f 1899 1747 662
f 137 2126 356
f 503 1607 1951
f 1224 887 397
f 1509 1678 1269
f 1447 2167 1563
f 1079 2036 1653
f 1380 579 1811
f 1684 1435 491
f 1227 579 1105
f 383 1170 453
f 837 201 295
f 1586 1091 314
f 452 1878 238
f 1460 2168 1401
f 1687 703 1137
f 1701 422 1309
f 1040 316 522
f 975 2068 1435
f 1876 2094 1537
f 1433 657 766
f 1104 623 948
f 1334 2090 1210
f 389 1092 1379
f 1644 665 1668
f 311 1527 934
f 1462 2118 381
f 9 8 1756
f 812 2170 320
f 898 679 724
f 1454 777 353
f 1639 793 180
f 1699 1938 969
f 2025 1511 1966
f 1814 847 207
f 690 1260 2113
f 1066 1423 2068
f 1144 544 301
f 2014 461 1324
f 382 1751 1170
f 425 780 813
f 1566 470 2075
f 1346 347 1221
f 645 781 464
f 1590 958 441
f 597 1737 805
f 373 2000 1983
f 2085 1709 1539
f 2022 1175 420
f 1967 1715 1658
f 2036 1510 1653
f 1022 887 1791
f 1871 1994 1116
f 243 1958 979
f 865 1364 1043
f 2166 1295 755
f 870 481 1767
f 420 563 455
f 1361 761 1048
f 1944 1634 1059
f 404 1371 1568
f 222 781 645
f 1304 1641 1859
f 1803 2105 1578
f 607 1139 1386
f 1851 889 907
f 723 36 35
f 1643 1017 498
f 1077 1020 240
f 514 1269 968
f 1161 1484 696
f 1319 1777 1004
f 1330 362 798
f 59 463 697
f 1248 969 1152
f 2062 1290 1923
f 2111 811 407
f 642 811 2111
f 1258 1391 1795
f 2142 1388 1097
f 1326 687 763
f 883 731 1187
f 1821 990 1620
f 926 890 430
f 2050 2018 208
f 996 107 834
f 224 759 289
f 1373 1982 1358
f 71 1787 1363
f 992 1867 1948
f 1016 1689 258
f 206 2051 991
f 824 1464 574
f 815 1693 1969
f 732 528 538
f 1210 2090 1089
f 633 261 397
f 809 2168 1744
f 1069 1457 1932
f 1368 113 112
f 771 849 1548
f 1141 376 1751
f 447 1164 1077
f 449 1504 1845
f 335 2163 889
f 1902 431 1509
f 1702 1843 594
f 1404 1340 1063
f 2091 1042 1822
f 2112 1408 428
f 827 1564 972
f 2141 1821 2031
f 1377 1739 691
f 717 2081 817
f 604 1113 949
f 2035 2078 1220
f 926 1879 1757
f 23 971 24
f 2153 184 864
f 1257 1797 1413
f 1803 1547 1891
f 565 2086 226
f 596 1654 636
f 2061 859 1804
f 909 1288 501
f 2124 516 458
f 496 2106 1427
f 666 1583 1625
f 893 1592 1151
f 2158 1585 1184
f 1561 1070 960
f 909 460 1288
f 1442 708 293
f 1735 879 787
f 2079 907 889
f 532 1936 455
f 490 1825 986
f 1403 1900 589
f 659 1407 1865
f 1407 659 120
f 1444 1246 518
f 1813 658 1122
f 686 1854 570
f 670 473 839
f 862 1474 752
f 375 932 1546
f 1904 2099 361
f 1259 1836 1615
f 1840 750 2096
f 2115 1891 440
f 2066 1165 972
f 1693 815 396
f 329 1835 2104
f 1565 374 520
f 93 534 94
f 630 1820 96
f 2141 990 1821
f 1888 1042 1264
f 1313 219 591
f 2091 337 1941
f 411 2084 1085
f 913 1603 336
f 797 930 884
f 1129 462 1844
f 1694 1432 1354
f 579 535 1886
f 686 2087 1604
f 842 548 670
f 2117 1816 1934
f 1276 981 1817
f 1820 1299 99
f 1093 1828 1479
f 1729 2183 482
f 180 793 181
f 961 1095 1608
f 924 280 653
f 1316 2035 1785
f 1820 765 1299
f 1066 2068 675
f 2109 2068 975
f 2054 262 1813
f 956 1502 279
f 1335 2005 1303
f 2174 1770 826
f 1141 2140 2053
f 1835 1465 851
f 1904 361 1103
f 503 1347 1607
f 566 1267 1194
f 1987 85 244
f 446 1172 980
f 1314 915 1707
f 533 298 310
f 1455 2153 1482
f 1673 722 1650
f 200 1398 458
f 1602 1925 1872
f 411 1901 1704
f 2064 1406 1829
f 1455 186 185
f 976 1322 1198
f 2138 2039 1796
f 1250 1131 947
f 1807 1581 1310
f 847 2083 536
f 1393 1372 562
f 2027 1036 1442
f 1809 1740 978
f 1244 736 1230
f 720 303 398
f 1357 512 1353
f 1281 409 1052
f 2105 272 1959
f 1859 1679 1304
f 1052 1308 1850
f 1156 1848 879
f 1655 1232 1508
f 1572 1284 1508
f 1552 1024 1000
f 1151 1592 1838
f 266 474 1271
f 1731 284 1542
f 1477 1930 1854
f 2113 1260 1967
f 1580 600 1482
f 304 1408 482
f 895 1515 1587
f 1775 1284 1333
f 2063 533 310
f 1645 890 1196
f 592 43 421
f 713 2104 323
f 459 1203 486
f 1494 1420 1579
f 1682 334 667
f 1842 1024 510
f 1472 577 1046
f 2151 1550 1199
f 1030 921 759
f 246 1647 465
f 1183 1997 84
f 1911 321 1325
f 1272 1070 616
f 351 1772 1034
f 582 113 1368
f 1473 119 312
f 1844 462 1018
f 2049 1404 1063
f 1544 1541 1601
f 1450 466 296
f 1361 901 1231
f 572 254 2134
f 701 19 471
f 931 250 705
f 936 1588 713
f 1533 1430 717
f 1630 855 885
f 641 1363 650
f 1906 614 617
f 553 2086 1736
f 391 765 534
f 978 371 661
f 2099 731 2020
f 2093 878 513
f 623 277 211
f 841 800 649
f 1134 2094 1876
f 2109 975 835
f 727 70 69
f 966 891 67
f 1911 1325 418
f 1911 2143 2123
f 916 617 2073
f 890 1645 430
f 1645 2038 1942
f 1928 947 748
f 457 958 1201
f 1881 1687 1204
f 769 1357 111
f 1338 1035 1828
f 670 548 676
f 832 672 371
f 982 549 529
f 2074 1695 488
f 1615 2117 1177
f 2052 1836 1259
f 361 2099 543
f 567 1780 1470
f 1546 1154 722
f 208 1532 1180
f 337 1822 1384
f 1289 1273 10
f 2082 172 171
f 1138 424 997
f 1493 224 1726
f 1525 345 1027
f 1906 874 1454
f 961 1538 1002
f 106 834 107
f 813 712 425
f 1893 921 1030
f 459 1560 1670
f 461 2014 1664
f 1733 272 2105
f 460 1446 475
f 1827 2072 242
f 1746 1146 751
f 1171 1426 808
f 616 888 1272
f 2100 1300 410
f 1787 650 1363
f 798 1993 1994
f 567 1981 322
f 1099 2173 307
f 1666 1256 232
f 1900 1136 589
f 1525 450 1340
f 1562 777 467
f 694 954 1554
f 1381 1276 220
f 2145 2016 1032
f 1334 1210 1252
f 878 1613 1468
f 1765 1426 1171
f 1185 1251 199
f 1777 1319 601
f 1398 2181 1964
f 478 1412 259
f 1743 142 1271
f 216 860 307
f 1115 2011 886
f 1951 1607 1885
f 1893 1439 214
f 1039 396 815
f 793 1000 1842
f 1314 1172 915
f 1350 1166 1180
f 1837 799 2123
f 528 562 538
f 252 1696 1075
f 527 1575 1521
f 272 1617 728
f 252 754 196
f 861 1197 1836
f 1365 801 840
f 294 689 1432
f 508 1998 1897
f 1368 1122 582
f 1074 1873 530
f 391 287 504
f 601 732 1777
f 1918 425 712
f 1870 1193 469
f 1753 1169 1633
f 1606 1304 2014
f 2079 1422 1630
f 1488 636 599
f 2067 1087 2044
f 1026 1637 320
f 2139 1121 1296
f 543 2099 645
f 524 581 675
f 1452 1147 1358
f 330 1768 633
f 1901 622 1217
f 1784 320 2170
f 2135 1670 1243
f 1453 1974 705
f 1385 212 474
f 1187 731 1072
f 1250 168 423
f 1628 2166 1524
f 1124 1302 1123
f 1235 2125 1591
f 548 2021 676
f 2140 257 970
f 946 350 811
f 623 211 948
f 1190 929 918
f 1094 398 775
f 1766 758 499
f 188 1130 2062
f 1130 2009 1290
f 2179 205 552
f 1751 382 1141
f 974 1095 1002
f 2131 578 1111
f 1826 73 669
f 2127 1961 2106
f 1440 629 955
f 767 1202 491
f 1847 432 758
f 235 698 1010
f 1640 363 1830
f 1817 209 220
f 1595 297 1152
f 271 1413 575
f 1860 912 406
f 827 1165 1584
f 963 827 564
f 735 1883 1166
f 1074 2078 1873
f 340 2076 1349
f 1598 909 819
f 1332 259 1027
f 1245 2152 1082
f 221 278 668
f 147 484 148
f 377 1578 916
f 1606 1849 1068
f 843 1994 1574
f 1075 1456 754
f 1210 1089 1543
f 848 939 1543
f 1871 243 979
f 1050 290 551
f 1607 1201 1590
f 525 1908 2009
f 1045 2147 1625
f 1223 692 664
f 794 1771 1352
f 1646 1887 1428
f 306 1552 2158
f 2166 755 1651
f 1187 1072 583
f 278 1337 668
f 1344 472 896
f 1506 1459 1375
f 1960 1722 533
f 1821 1957 1529
f 1306 922 944
f 311 934 1958
f 1942 430 1645
f 1145 230 1106
f 1925 1240 1872
f 1602 1217 622
f 2106 1961 1902
f 1546 932 400
f 1418 297 718
f 1314 210 1172
f 1351 1341 228
f 2012 839 2050
f 298 2186 310
f 1686 1956 214
f 504 765 391
f 1863 358 1167
f 644 1227 678
f 802 1924 1179
f 1632 1471 1127
f 1898 1826 1092
f 2080 308 1488
f 342 879 558
f 1472 1710 846
f 2182 1037 2139
f 2061 1804 476
f 1847 775 403
f 1047 2005 1335
f 738 1780 781
f 1568 195 806
f 866 1305 556
f 716 1609 1235
f 427 1415 1596
f 1620 1453 471
f 1042 2091 1487
f 468 1265 556
f 1425 764 767
f 108 107 996
f 949 255 504
f 1204 1805 1881
f 720 1362 267
f 1579 549 660
f 531 1793 954
f 1983 1915 977
f 857 860 2030
f 1440 1665 629
f 1017 203 693
f 1933 1066 1536
f 1354 764 1425
f 1786 671 1514
f 226 516 2124
f 1425 347 1354
f 2085 581 1972
f 1773 1469 689
f 1425 767 1126
f 2154 1406 1729
f 1855 2092 1829
f 2022 1352 1771
f 293 1667 1442
f 1428 711 1556
f 236 2047 2149
f 1874 1103 361
f 1171 831 795
f 773 2057 1391
f 1668 253 61
f 1519 1112 1207
f 1123 927 313
f 697 1668 60
f 1695 2110 354
f 1779 907 1755
f 1284 1139 1508
f 1051 466 782
f 681 436 1898
f 776 725 1001
f 311 1725 1527
f 803 1706 836
f 864 184 183
f 1505 831 808
f 795 2180 1171
f 1597 1011 1291
f 366 358 87
f 1772 627 1034
f 1254 1443 2042
f 949 2149 1831
f 1113 101 100
f 217 1416 868
f 225 1395 595
f 1153 1795 292
f 2122 934 1527
f 1687 1137 1204
f 223 1401 442
f 795 831 1503
f 770 1778 887
f 235 2004 1247
f 395 1991 1207
f 155 1360 156
f 1249 573 1057
f 23 1719 971
f 757 2040 1609
f 1216 2032 647
f 1409 662 1900
f 47 46 1336
f 1461 656 1283
f 1908 2117 1934
f 967 433 2098
f 2012 1091 1226
f 1405 562 1868
f 1764 2175 438
f 361 1619 718
f 1574 715 1867
f 379 1226 1091
f 1970 1230 2114
f 648 233 122
f 1789 663 1203
f 1124 965 1551
f 1415 427 922
f 1633 1169 1434
f 1011 1266 786
f 1864 109 996
f 1120 192 1809
f 409 1281 1158
f 1790 1713 1777
f 735 1350 615
f 1416 590 1681
f 850 432 443
f 1737 1503 831
f 1418 1981 2011
f 2134 254 196
f 1556 711 821
f 690 2113 1760
f 725 78 869
f 619 1178 502
f 1330 1708 362
f 1852 2108 702
f 2164 1356 1649
f 477 1201 1033
f 2120 1783 1249
f 1405 1868 837
f 750 1840 209
f 1278 2026 2162
f 1064 838 901
f 2178 728 1617
f 1459 402 1375
f 1549 927 1123
f 1533 32 1430
f 1380 278 1955
f 1927 1409 145
f 1555 639 1279
f 1757 890 926
f 438 1886 1216
f 2185 1469 275
f 1342 1242 1716
f 1608 1095 876
f 2158 333 1585
f 1639 333 1552
f 1052 834 1281
f 2047 1345 234
f 2137 1612 1431
f 1805 1204 509
f 1287 40 39
f 1336 550 189
f 1100 2066 935
f 426 1728 553
f 1758 318 1872
f 167 1838 423
f 919 1440 955
f 1420 1153 529
f 2167 263 1830
f 1229 1251 1463
f 1808 599 1792
f 1319 1089 601
f 2038 1097 706
f 1085 622 1901
f 659 1865 1159
f 571 2176 661
f 1839 1073 695
f 803 695 393
f 1622 1897 608
f 2017 1321 1225
f 604 102 1113
f 1111 1448 1292
f 1562 299 1015
f 1732 1705 1707
f 2039 594 1843
f 1270 547 542
f 880 1538 2033
f 1763 578 699
f 369 367 349
f 270 1926 1616
f 2003 1874 942
f 1491 809 328
f 1053 290 1559
f 251 825 2053
f 1916 301 872
f 248 1808 1378
f 1701 1953 202
f 242 2072 752
f 1869 204 1037
f 2043 359 991
f 1608 1935 961
f 1391 849 771
f 1928 169 1250
f 2174 917 1770
f 729 2100 213
f 194 2146 1944
f 1256 1743 232
f 221 1747 1853
f 1334 249 2090
f 672 661 371
f 1938 1934 763
f 1164 703 229
f 796 1925 2186
f 1960 276 812
f 1007 1016 258
f 298 797 1788
f 68 413 69
f 1898 1727 1826
f 963 564 910
f 204 1869 1798
f 1122 1833 582
f 451 823 1976
f 1246 590 518
f 123 1444 518
f 839 1226 842
f 70 1787 71
f 1009 1774 1189
f 1857 742 1757
f 274 1885 1510
f 2184 878 1468
f 2090 249 1512
f 249 1794 1512
f 553 1728 1218
f 1703 1526 785
f 2104 1835 1980
f 1579 529 549
f 409 558 1308
f 2035 1220 1785
f 627 1846 596
f 1254 995 745
f 2058 1370 643
f 1359 1200 521
f 1566 190 1458
f 1036 1321 192
f 2163 335 1714
f 1596 1415 1012
f 279 1502 962
f 494 621 658
f 908 673 882
f 1496 1700 936
f 1061 1411 784
f 585 1618 1623
f 1883 1237 1267
f 1044 1745 1055
f 991 1236 1196
f 1189 937 1009
f 853 355 1671
f 432 1847 443
f 1817 220 1276
f 1251 370 1506
f 680 413 891
f 265 479 1075
f 1972 581 833
f 1804 859 745
f 1025 1732 755
f 1061 1824 988
f 390 1285 580
f 1914 700 1020
f 1659 744 1486
f 1558 14 13
f 304 482 492
f 492 1648 695
f 828 573 399
f 1499 1200 917
f 1537 2094 245
f 415 1712 957
f 826 1770 865
f 1023 1570 1238
f 290 1053 768
f 289 759 921
f 1950 1939 993
f 1606 1068 1208
f 2050 314 2012
f 1177 1908 1683
f 151 751 152
f 1143 148 484
f 1252 1634 998
f 1912 1680 1794
f 1069 606 1561
f 1667 342 1148
f 50 766 657
f 1284 1775 1386
f 2026 1673 1650
f 422 1424 263
f 1835 851 488
f 1851 907 611
f 1909 1741 1617
f 1573 2070 231
f 707 1953 2055
f 309 749 280
f 1285 449 1845
f 1777 1713 1004
f 423 1131 1250
f 755 1880 1402
f 1709 1114 1539
f 1317 739 674
f 401 1567 339
f 1029 598 1858
f 36 723 37
f 1685 1629 673
f 1722 511 797
f 1279 2045 1555
f 481 1260 1366
f 669 73 72
f 268 1190 631
f 2062 1088 188
f 1947 527 1044
f 724 2132 1108
f 1089 2090 515
f 729 475 584
f 1619 361 543
f 1468 1275 1103
f 429 304 803
f 1014 1121 2139
f 2029 1083 2006
f 1083 927 1549
f 1227 1825 579
f 484 1403 589
f 625 2103 572
f 1903 1504 408
f 1017 693 498
f 1508 1644 1572
f 1965 506 534
f 1828 234 1338
f 1647 747 561
f 224 1718 759
f 1859 374 1679
f 919 401 520
f 373 1983 977
f 1221 1764 1346
f 2040 1235 1609
f 1563 1522 496
f 891 413 68
f 1871 680 243
f 469 1496 1870
f 2171 649 2151
f 1833 114 582
f 2148 2035 1316
f 1321 2027 1437
f 1663 358 366
f 1688 931 1922
f 2063 898 264
f 1461 789 291
f 2037 656 2008
f 2053 825 1660
f 252 1075 754
f 788 1383 974
f 199 1251 1071
f 1904 386 731
f 1344 747 1045
f 2108 1329 241
f 808 1360 1505
f 1656 2138 1890
f 1612 1198 1431
f 21 250 1688
f 1162 1501 1710
f 290 372 551
f 676 2021 1646
f 406 1339 381
f 1637 1529 2118
f 564 1133 910
f 2014 1679 1664
f 1863 1167 283
f 1943 1111 578
f 794 816 1771
f 448 1698 1225
f 1944 2146 2042
f 2116 810 2059
f 1615 1177 692
f 1446 1419 584
f 916 1245 377
f 2162 240 1278
f 1220 190 1785
f 236 287 1545
f 91 989 1690
f 2123 799 1911
f 1956 921 1893
f 405 533 264
f 51 657 2102
f 1700 1496 987
f 785 2028 1560
f 1788 884 1277
f 1138 945 424
f 1406 2154 1829
f 2112 1627 1729
f 495 1842 2092
f 1970 618 1594
f 1952 447 1530
f 2081 1589 817
f 1861 2169 2156
f 469 1193 215
f 1633 1215 380
f 241 2048 1705
f 1995 1406 2064
f 316 1040 1636
f 1544 2087 570
f 47 1336 218
f 766 48 1433
f 1357 1353 111
f 1531 343 1316
f 968 1269 400
f 2159 254 551
f 1867 992 1574
f 1400 1734 54
f 2152 1398 1964
f 812 276 2170
f 596 378 1654
f 676 756 473
f 671 197 1452
f 947 1329 2108
f 1795 1391 1692
f 528 1393 562
f 2184 1511 1161
f 1723 433 967
f 746 1046 1297
f 800 1781 1533
f 2038 1645 1616
f 187 1125 1501
f 1199 1629 2151
f 1990 1199 1550
f 720 1288 1065
f 194 1419 933
f 1907 801 1365
f 710 674 134
f 1057 2180 1988
f 1211 2020 883
f 1105 1886 438
f 1202 384 806
f 712 813 2165
f 1944 1443 1417
f 1090 858 368
f 2155 281 303
f 1239 728 439
f 1641 1208 367
f 269 2002 703
f 503 1951 1805
f 1200 1962 1610
f 438 2175 1105
f 852 1063 1340
f 561 1344 1030
f 1125 2066 972
f 2051 1236 991
f 1839 510 1661
f 1802 394 1557
f 980 1890 450
f 1205 2077 877
f 904 1161 2025
f 1534 2060 1955
f 271 1860 406
f 899 1263 1236
f 2551 3003 2382
f 3674 4332 4117
f 3957 2188 2924
f 2837 4005 3440
f 3318 3807 3160
f 3528 2382 2875
f 4027 3654 3216
f 2193 3945 2192
f 3067 2551 2797
f 3506 4248 4078
f 4193 2516 3723
f 2698 4332 3327
f 2529 2801 4189
f 3945 2193 2685
f 2924 2189 3926
f 2508 2571 3527
f 3280 4366 2453
f 3059 3023 2762
f 2805 4139 4122
f 3821 3011 3809
f 2212 2392 4080
f 3608 3550 4208
f 4305 2738 3737
f 2544 4024 3334
f 3517 4206 2391
f 3046 2627 3424
f 2868 2408 2535
f 3046 2445 4131
f 2888 2817 2667
f 4131 2627 3046
f 3074 2974 3838
f 2209 2210 2804
f 3093 3795 3974
f 3564 3262 4222
f 3139 2933 2793
f 4314 3289 2990
f 3703 2651 4165
f 2692 3596 2499
f 2214 2215 2591
f 3802 3205 2403
f 3596 4017 2465
f 2707 4015 2679
f 4058 4342 3348
f 4037 3492 2221
f 3810 4067 3929
f 3093 3974 3127
f 2990 2830 2767
f 2402 2679 4072
f 2591 4056 3424
f 2234 2235 3281
f 3622 3923 2436
f 2430 2617 3039
f 4349 3289 3426
f 3944 4167 4149
f 2239 2240 2716
f 3795 3923 3622
f 3439 4200 2481
f 4278 4075 2458
f 4301 2864 2916
f 3045 3349 3931
f 3526 4266 3004
f 2650 3676 2621
f 3480 3490 4062
f 2244 2245 2369
f 2620 2807 3649
f 4319 2244 2369
f 2910 2867 2662
f 3022 3226 3992
f 2905 4215 2608
f 4156 4215 2887
f 3834 4032 3611
f 2636 4344 3940
f 3971 3291 2694
f 2588 2258 3122
f 3487 4127 3381
f 4212 2763 3858
f 3199 3156 3843
f 4176 2576 2595
f 3007 3597 3798
f 3748 4325 3678
f 3475 3640 3666
f 2534 3525 2727
f 4284 2892 2955
f 3978 3475 2967
f 4040 3131 3429
f 2271 3236 2270
f 4163 2272 3892
f 4236 3817 3187
f 2274 2275 3780
f 3780 2838 2274
f 2936 2833 3666
f 2273 2274 2838
f 2740 2833 3862
f 4183 3443 2840
f 3131 2706 4034
f 4073 2396 3862
f 3920 2737 3634
f 2965 3525 3958
f 3618 4263 2471
f 3436 2609 3111
f 2951 3565 3825
f 2728 4255 2996
f 3555 3551 2928
f 3443 2592 2840
f 4219 2911 3941
f 3306 2649 3600
f 3237 2390 3176
f 2718 3380 3462
f 2567 4112 2988
f 4176 2595 2482
f 2764 4016 4333
f 4069 4144 2928
f 3551 2295 2296
f 3190 4230 3558
f 2718 2629 3347
f 2302 2303 2375
f 3078 4103 4004
f 2301 2302 2558
f 2922 3668 2890
f 3576 3373 4006
f 3911 4051 2873
f 4121 2527 3407
f 2489 4084 3716
f 3201 2981 3668
f 3532 3241 3154
f 3716 4251 3165
f 3393 3193 3012
f 4088 3965 4337
f 3012 4223 4242
f 3936 2318 2319
f 2318 2582 2317
f 3165 2904 3377
f 2320 3936 2319
f 3637 3283 4223
f 3256 2384 2310
f 4297 3413 2926
f 2815 3393 4274
f 3693 2489 4318
f 3069 2890 3668
f 3776 2904 4229
f 3401 2325 2326
f 4172 3733 3354
f 3895 3671 2328
f 3997 3051 3725
f 2330 2485 4331
f 2764 3587 3232
f 3500 2988 2723
f 3373 2697 4006
f 2702 3591 3130
f 4345 4179 4128
f 3182 4286 2795
f 3900 3104 3094
f 4097 3900 3648
f 4286 3182 4097
f 4099 3932 4047
f 2571 4139 2345
f 4299 4122 2464
f 2428 2882 3051
f 3527 2346 2347
f 2750 2347 2348
f 3527 4232 3967
f 4355 4306 2459
f 3282 2431 2393
f 3075 4168 2963
f 3665 2352 4065
f 2802 2691 2682
f 2356 2963 2993
f 3010 2750 2348
f 2376 2506 2699
f 3120 2363 3275
f 2824 2506 2376
f 2357 2358 2691
f 3375 2801 2529
f 2963 2802 2682
f 2521 3841 3065
f 3067 3327 3003
f 4096 2587 2798
f 3947 3528 3647
f 3219 4064 3134
f 4089 2734 2754
f 3010 2348 2349
f 2637 3969 4167
f 3944 4149 2761
f 4095 3969 3091
f 3215 2387 3062
f 3596 2984 2499
f 4255 3543 2996
f 3843 3971 3575
f 2781 3670 2391
f 2990 2603 2830
f 2508 2464 4139
f 2369 3660 4319
f 3257 3913 4234
f 2338 3913 3257
f 3162 4121 3407
f 2576 2580 3168
f 2788 2555 3707
f 3134 2750 3010
f 3692 3554 3312
f 3586 2413 3975
f 2339 2340 2953
f 3521 4038 2493
f 2964 3598 3297
f 4173 3315 3553
f 2927 2316 2317
f 2774 2683 2468
f 3157 2237 3490
f 2465 4072 2984
f 2556 3572 4049
f 4078 4005 3856
f 4039 3618 3667
f 2977 4071 2257
f 4242 2605 3851
f 3539 3361 2995
f 2204 3034 2203
f 2885 2783 4031
f 4197 3246 2768
f 3909 2732 2806
f 2370 2402 4072
f 3574 2225 3378
f 4311 2547 2760
f 3324 2972 2960
f 2250 2251 3779
f 2773 2623 3749
f 3594 3337 2930
f 2736 3568 3513
f 3371 2478 3729
f 3240 3262 3564
f 3345 3981 4265
f 3928 2433 3482
f 2571 2508 4139
f 3059 2762 2581
f 2635 3833 3479
f 2934 2825 2624
f 2572 2340 2341
f 2715 3813 3570
f 2936 3666 3163
f 3889 3862 2396
f 3110 3561 3085
f 2961 2649 2631
f 2626 2457 3560
f 2717 3809 3803
f 3608 3740 2211
f 3345 3221 4296
f 2713 2765 4022
f 3830 3901 3357
f 3886 2710 3072
f 3071 4092 3350
f 2233 2234 3281
f 2679 2402 2603
f 2565 3428 2970
f 3204 3011 2941
f 2570 3316 2872
f 3046 3424 4056
f 3702 3680 3309
f 4138 3010 2349
f 3354 2449 4186
f 4137 2537 3462
f 4123 2599 4155
f 2881 3729 3669
f 3066 2550 4279
f 2790 3828 3781
f 2724 2608 2254
f 4272 3888 4310
f 2803 4327 4335
f 4225 4207 3708
f 2688 3479 3833
f 3823 3582 3789
f 2880 2845 4330
f 2426 4268 2771
f 2947 2413 3586
f 3047 2708 3639
f 4035 3227 4083
f 3115 4030 3988
f 4311 2509 3170
f 2623 2678 3850
f 3997 3257 3051
f 3693 3724 2489
f 3335 2476 3273
f 3419 3298 4103
f 3100 2681 3979
f 3019 2642 2476
f 2768 3756 4339
f 2420 3035 3395
f 2409 2744 2686
f 2646 3754 3624
f 3530 3598 4044
f 2951 4150 2461
f 3543 3110 2996
f 2796 2923 3559
f 3540 3942 2374
f 3314 4028 2861
f 2450 2488 3167
f 3588 2704 3013
f 2784 3595 3300
f 4037 2221 2222
f 2513 2315 2316
f 3413 2380 2926
f 2427 2925 2731
f 3449 3282 2393
f 3282 4345 4299
f 3422 4133 3001
f 2804 3152 2209
f 2585 2544 3334
f 2765 2501 4022
f 4085 2535 3717
f 2762 3421 2581
f 3967 4232 3504
f 2849 3220 3613
f 3362 2247 2248
f 3002 3544 3501
f 2435 3438 2719
f 3408 3214 3233
f 3025 2404 3786
f 2206 2207 4024
f 2472 3882 2613
f 2594 3300 4067
f 3409 3281 2235
f 2738 4356 3737
f 3063 3588 4216
f 3877 3433 3508
f 3183 2855 3946
f 4290 3369 3681
f 3271 3125 2673
f 3775 4329 3029
f 3248 2600 3451
f 2907 3332 3845
f 3901 3027 3357
f 4083 3681 4039
f 3229 3909 4312
f 2376 3852 3680
f 2419 4076 3311
f 3612 3507 3358
f 3592 3569 3328
f 4346 4058 4222
f 3074 3348 4342
f 3020 3907 3657
f 2748 4175 3624
f 3284 3123 3266
f 2658 3855 3769
f 2469 4344 2636
f 3592 4312 3982
f 3471 3396 3040
f 2415 3745 2931
f 2531 2917 3583
f 3189 3049 2522
f 3804 3553 3437
f 3602 3591 3559
f 4154 4141 3359
f 3422 3001 3070
f 2198 3930 4013
f 2968 2201 3320
f 4099 3449 2393
f 3759 2898 2671
f 3025 3663 3434
f 2895 2509 3871
f 4214 4288 3794
f 3978 4140 2811
f 4098 2925 3104
f 3925 2983 3358
f 2207 2208 3060
f 4054 2869 2202
f 4355 2459 4135
f 2641 2703 2949
f 3963 3682 4224
f 4085 3864 2535
f 3739 2961 2631
f 3941 4086 4219
f 2620 3750 2460
f 3750 2620 3690
f 2468 2308 2384
f 2998 2971 2606
f 3059 3520 3731
f 2919 3946 4359
f 3802 2403 2484
f 3300 2594 3842
f 2820 2744 3643
f 3805 3581 3937
f 2733 3481 2509
f 2367 2354 2355
f 3322 4041 2493
f 3724 4274 3393
f 3454 4338 2249
f 2758 4190 2515
f 2656 3322 4038
f 4172 3354 4186
f 3688 4253 2948
f 4236 2285 2751
f 2544 2585 2205
f 2960 3953 2639
f 4120 3663 3025
f 4248 3252 3593
f 3154 3398 3532
f 3393 3012 3851
f 3695 2951 3825
f 4255 2638 2751
f 3161 3079 3760
f 2654 3627 3903
f 3079 2770 3626
f 4357 4031 2917
f 4207 3363 3427
f 3962 3243 3581
f 2901 3417 3562
f 2644 3212 4314
f 2747 4205 2561
f 3095 2504 2986
f 2437 3385 2831
f 2401 3435 4180
f 3078 3587 2417
f 3952 3277 2390
f 3288 3423 4052
f 4271 3001 3392
f 2484 3810 3599
f 3438 3959 3894
f 3401 3251 2503
f 3251 3401 3184
f 3567 3375 2522
f 3063 2895 4240
f 4003 2795 4286
f 3239 2426 3242
f 3642 3962 3457
f 2477 3129 3181
f 3112 2306 2307
f 2573 3965 2915
f 2821 3586 3785
f 2461 3565 2951
f 2296 4069 3551
f 2307 4340 3112
f 3662 3316 3319
f 3196 2660 2632
f 3095 2546 2504
f 2711 3555 2928
f 3353 3912 3903
f 3616 3549 4077
f 3932 2454 3967
f 3064 3731 3746
f 3918 3275 3572
f 3879 2946 2496
f 3811 3138 3329
f 3091 3969 2637
f 4336 2523 2334
f 3251 3184 2498
f 2381 3062 2565
f 3074 3838 4091
f 2628 4155 3645
f 2905 3084 4215
f 3295 2437 2831
f 3622 2436 3409
f 4302 3734 3758
f 4240 2895 3871
f 2980 2835 4007
f 4268 3831 3477
f 3266 2676 2696
f 3248 2749 3137
f 4086 3941 3866
f 4150 4253 3688
f 3873 3468 3719
f 3504 4355 4135
f 3708 3339 2432
f 4132 4124 3815
f 2836 3932 3967
f 2351 4087 2350
f 2851 4240 4320
f 2415 2444 4129
f 3313 2446 3161
f 2400 4022 4132
f 2543 3334 3854
f 4024 2207 3060
f 2614 4126 3569
f 2575 3459 3147
f 3607 4281 2503
f 4273 2676 3473
f 4257 3263 2906
f 4029 2406 2493
f 2742 2478 3371
f 2407 4071 3728
f 2859 4259 2856
f 2748 3464 2419
f 2657 3890 4317
f 2986 2504 2538
f 3828 2790 4118
f 2957 3609 3774
f 3028 4099 4047
f 3325 3985 2908
f 3107 2980 4267
f 3804 4143 2880
f 2872 4188 2814
f 2802 2963 2356
f 4168 3075 3399
f 3396 3270 2829
f 3648 2882 3118
f 2428 3746 3118
f 3888 3727 3169
f 4280 4123 3906
f 3281 2902 2372
f 3815 4182 3910
f 4313 3529 2716
f 3886 3072 2481
f 4333 3542 2764
f 3197 3141 2986
f 3670 4210 2391
f 2778 3470 4316
f 3415 4089 3005
f 3217 3705 3519
f 3788 3573 2563
f 2808 3365 2919
f 3206 3822 2954
f 4107 4282 3782
f 2947 4161 3315
f 3239 3532 3831
f 2644 4314 2767
f 4175 2533 3783
f 3823 3789 4000
f 2456 2421 2766
f 3700 3418 3221
f 3153 4261 4009
f 2703 2786 2949
f 3899 2665 2457
f 2291 2292 3088
f 2659 3542 3033
f 2961 2741 2649
f 2552 2711 2928
f 2512 2634 3457
f 3838 3756 2738
f 4340 2307 2308
f 2683 4318 2540
f 2472 2613 2399
f 2924 3829 3957
f 3179 3505 4295
f 4285 2542 2568
f 3740 2210 2211
f 2792 3280 3617
f 2869 3320 2202
f 3334 4024 3981
f 2583 4294 4206
f 3343 3268 3008
f 3033 4231 3338
f 2451 3757 2959
f 4291 4010 2607
f 3421 4128 2495
f 2737 3818 3765
f 3014 2662 2867
f 3495 3961 4178
f 2903 3363 4343
f 3308 3440 2752
f 3280 2453 2864
f 4082 2969 3208
f 4279 2550 2883
f 2480 3419 3078
f 2296 2297 4069
f 3801 4100 3793
f 3793 2524 2539
f 3602 3559 2923
f 2736 3031 2741
f 4278 3320 2869
f 2717 4026 3809
f 2188 3957 2187
f 4218 2698 3235
f 3786 3430 3025
f 3469 3947 3654
f 3106 3164 3347
f 4283 3554 2929
f 2868 3166 3258
f 3484 2907 3166
f 3857 2760 3465
f 3104 3772 4098
f 3197 3777 4051
f 3568 2397 3513
f 3710 3908 3552
f 3052 2690 2562
f 4334 3662 3342
f 2536 3557 3980
f 3032 3556 2997
f 3509 3883 3186
f 3300 3842 3397
f 3810 3929 3599
f 2758 2515 3880
f 4319 2243 2244
f 3405 3993 4142
f 3118 4286 4097
f 2799 2688 2642
f 3451 2504 2546
f 3314 3757 2439
f 2474 3239 3242
f 4166 3879 2622
f 3160 3807 3535
f 4128 3987 4345
f 3282 4354 4345
f 2715 3820 3630
f 3497 3987 2762
f 3201 4242 2981
f 4229 3210 3658
f 4068 3799 2893
f 2945 2677 3624
f 4238 4328 3783
f 3144 3493 2879
f 2390 3739 3176
f 4144 4069 2297
f 4220 3890 3686
f 2470 3242 2712
f 2605 4242 3201
f 2981 4223 3283
f 3757 3263 2439
f 2860 3836 3915
f 2602 4205 3778
f 2779 2451 3769
f 3861 3993 3405
f 3758 3734 3218
f 3193 3393 2815
f 3069 4088 2890
f 4190 3937 3581
f 3205 3276 2403
f 3509 2569 4365
f 4205 3600 3778
f 3366 3703 2788
f 3060 4265 3981
f 3556 3942 2818
f 2846 2753 2378
f 3434 2622 2496
f 3546 2570 2872
f 3156 2262 3638
f 3108 3760 3628
f 4031 3991 2420
f 2756 4162 4081
f 3636 4115 3009
f 4323 3857 4291
f 2214 2591 2213
f 4080 3550 3608
f 3695 4219 3582
f 2290 2291 2709
f 3627 3455 3612
f 2607 2663 2726
f 2227 2784 3397
f 3424 3383 2392
f 3195 2461 3784
f 3130 4307 2992
f 2899 2577 3741
f 3128 3549 3909
f 2644 3770 3294
f 3578 4180 2562
f 3175 2995 3361
f 3190 2292 2293
f 3169 4102 3385
f 3907 3020 4059
f 3133 2303 2304
f 2602 3778 2985
f 3814 2529 3286
f 3400 3038 3759
f 4079 2514 4070
f 2552 2928 3164
f 3956 2224 3574
f 2425 2707 2990
f 3774 4153 2704
f 4216 3185 2895
f 3629 3377 2904
f 2540 4318 2416
f 3373 3576 2897
f 3099 2771 3477
f 3883 3730 3186
f 3471 3170 3185
f 3454 2789 4338
f 3079 3626 3760
f 4140 3652 3006
f 3889 3594 3411
f 4282 3404 3782
f 4168 3399 2755
f 3260 4194 4279
f 2550 3066 2950
f 2620 3649 4239
f 2909 2701 2722
f 3799 3771 3995
f 2555 4054 3707
f 3013 2862 3679
f 3358 2415 3612
f 2701 4227 2934
f 3632 2938 3288
f 4114 2778 3619
f 3712 4130 2497
f 3074 4342 2974
f 3619 3738 2664
f 2414 3355 2688
f 3741 2577 3563
f 2665 3899 2423
f 3379 2663 2607
f 3214 3814 3286
f 4239 2907 3845
f 3108 3628 2628
f 3645 3108 2628
f 4089 3260 4068
f 3829 4347 3957
f 3860 3896 4052
f 3043 2862 3013
f 2783 2623 3850
f 2973 3642 3024
f 3843 3575 3199
f 2258 2259 3122
f 3604 4148 3472
f 3270 3471 3185
f 2775 2217 3990
f 3492 2387 3215
f 4269 4023 2409
f 3660 4167 3944
f 2978 3450 4004
f 2491 3033 4029
f 2898 3119 3985
f 2872 4045 3546
f 3590 2490 4287
f 4066 3952 2390
f 3687 2385 3180
f 2916 3474 2734
f 3425 2916 2734
f 3826 4321 2443
f 3964 3922 2787
f 3230 2839 3303
f 2642 3019 4335
f 3697 2668 2477
f 2446 2794 3161
f 3728 4071 3940
f 2662 3362 4338
f 2746 3412 3226
f 2269 4177 3087
f 2284 4236 3187
f 3249 3673 2661
f 3799 2878 3771
f 3136 2641 3447
f 3985 3325 4364
f 3182 2795 4142
f 3183 3523 2495
f 3601 3356 3328
f 3696 3505 2870
f 2613 3882 3700
f 4175 2945 3624
f 2372 2484 3599
f 2902 3802 2372
f 3389 2645 4106
f 2421 2456 3791
f 4249 4043 3181
f 2807 4101 2518
f 3723 3286 2529
f 2622 3879 2496
f 3600 4205 2747
f 4289 2706 3048
f 3757 3314 2959
f 2461 4150 3688
f 3603 2369 2245
f 2839 3698 3303
f 3132 4185 3336
f 3066 4194 2660
f 3789 3089 3960
f 2407 2256 4071
f 2743 2457 2665
f 3651 4309 3890
f 3921 4115 3159
f 3615 4191 2568
f 3814 3893 2522
f 2920 2725 3483
f 4036 4008 2656
f 2538 3298 3419
f 3733 3540 2374
f 2377 2845 3413
f 3589 3507 2618
f 3368 2580 2371
f 4144 2780 3531
f 2956 4365 3360
f 3132 3694 3045
f 3687 4296 3346
f 2516 4193 3735
f 2829 3679 3353
f 3362 2662 3014
f 3645 3057 3108
f 2846 4141 2776
f 3047 3730 3883
f 3529 3071 2777
f 2710 4110 3056
f 2994 2567 2427
f 3563 3505 3179
f 2774 3704 4318
f 3203 4036 4038
f 3180 2888 3885
f 3506 4078 3856
f 2501 3927 4132
f 3150 3147 3459
f 2232 3599 2231
f 3923 3795 3770
f 3465 4291 3857
f 3745 3465 2931
f 3365 2467 2919
f 3038 3400 3097
f 3334 2543 2585
f 4026 3372 2672
f 3227 4035 2554
f 3827 3273 3708
f 4256 3025 3434
f 2363 3120 2362
f 3389 4106 4263
f 2874 2740 4237
f 2413 2947 3315
f 3413 4297 2377
f 3922 2976 2787
f 2954 3787 3714
f 3352 3631 4011
f 4116 3774 3105
f 2221 3492 2220
f 3002 2562 2690
f 3420 2609 3436
f 2275 3902 3780
f 3667 3618 4244
f 2673 3625 3590
f 3677 4303 3950
f 2993 4168 3090
f 3445 3165 3377
f 2858 3943 2540
f 2986 2538 3489
f 3989 2417 4041
f 4027 3593 3654
f 2191 2826 2875
f 4326 2860 3915
f 2253 2254 2608
f 4294 3792 4206
f 2450 3352 4076
f 4077 3656 3209
f 3159 3636 3656
f 4199 3530 2989
f 4227 2701 3092
f 3720 2793 2933
f 3511 3442 4157
f 3090 2755 2824
f 2630 3075 2682
f 4058 3348 2921
f 3276 4067 2403
f 2898 3759 3672
f 3117 3764 3702
f 4344 4358 3391
f 2625 3634 4184
f 2756 4081 3874
f 2641 3136 2703
f 3165 4251 3812
f 4273 2463 2696
f 2337 3257 3997
f 3478 3813 2857
f 4117 3918 3572
f 2362 3120 3402
f 3672 3491 3764
f 2698 4218 2859
f 2791 3611 4233
f 2688 3833 2476
f 3129 2477 2668
f 4175 3783 2945
f 2659 2417 3587
f 3773 4255 3866
f 2776 3655 3980
f 4224 3664 3963
f 4053 3105 3310
f 2483 3588 3063
f 3978 3114 3818
f 3007 2263 2264
f 3653 2982 3729
f 2982 4245 3669
f 2436 3923 2669
f 2230 2231 3231
f 3509 3186 3264
f 3234 2412 4036
f 3106 2918 2598
f 3176 2861 3917
f 4149 3969 3571
f 3538 3470 3872
f 3033 2491 2659
f 2709 2291 3088
f 3398 2578 2532
f 4174 3500 2834
f 2748 3624 3464
f 3004 2616 3435
f 3068 2881 2735
f 4044 2763 3530
f 3330 4159 2474
f 3242 4350 2712
f 2233 2372 3599
f 3093 2597 3795
f 3015 2768 4339
f 2220 3384 2219
f 2944 2996 3085
f 2297 2298 2780
f 3959 3438 3116
f 4093 4017 3916
f 2514 3360 3533
f 3298 2600 4103
f 3609 3583 4153
f 3336 4185 2385
f 2794 3676 2507
f 3601 3328 3285
f 4174 3900 3094
f 4234 3064 2428
f 2260 3711 3949
f 3084 2877 4215
f 3932 2393 2454
f 4252 2341 2342
f 2452 4271 3392
f 3213 4133 3993
f 3917 4035 3237
f 3823 4150 2951
f 3582 4086 3089
f 3126 3889 3411
f 4036 2656 4038
f 3796 3895 4331
f 4083 3227 3681
f 4257 2439 3263
f 3913 3731 3064
f 3032 3951 3742
f 3145 3144 2579
f 2937 2773 3762
f 3270 4216 4146
f 4010 4291 3745
f 3037 2823 3691
f 4185 3132 4352
f 3178 4307 3602
f 2451 2959 2631
f 4086 3866 2728
f 3232 3151 3751
f 2967 3666 3652
f 4044 3577 2955
f 2974 4342 4346
f 2392 2591 3424
f 4121 3162 3473
f 3338 4231 2537
f 3892 2680 2936
f 2930 3337 3254
f 3747 2828 3525
f 2747 2561 3769
f 3019 3335 2478
f 3237 3176 3917
f 3650 3686 2657
f 3861 3359 3213
f 3020 2887 2877
f 3805 3937 4343
f 3944 3552 4319
f 4059 3502 2745
f 3579 4018 3922
f 4134 2770 3079
f 3510 2918 3151
f 3031 4176 2482
f 4169 2528 2533
f 3206 4018 3709
f 3621 3259 2822
f 3586 2821 2947
f 2855 4354 4359
f 3919 2725 3307
f 3789 3582 3089
f 4237 2740 3862
f 4301 2541 4151
f 2191 2875 2190
f 3365 3919 3272
f 3272 2530 3914
f 3840 3448 2555
f 4189 3723 2529
f 3326 2841 2866
f 2691 2358 3174
f 4162 3524 3580
f 2733 4311 3447
f 3772 3104 3900
f 4104 4098 3973
f 3827 2549 3335
f 3057 3313 3108
f 3291 3971 3843
f 3163 3666 3640
f 2733 2641 3481
f 2655 2563 2519
f 4167 3061 2637
f 3276 2479 2594
f 3746 3731 3520
f 4209 4122 3497
f 3755 3870 3868
f 3798 3597 2979
f 2561 2658 3769
f 4016 3232 3751
f 4136 2713 4022
f 4085 4195 3864
f 3048 2706 4258
f 2978 4103 2600
f 3490 3974 3622
f 3763 3738 4157
f 3916 2842 4037
f 2843 2823 2559
f 3630 2757 3099
f 4063 3948 2517
f 3933 3908 3710
f 4156 2253 2608
f 2757 3630 4198
f 4007 2835 3054
f 3019 2478 3498
f 3125 2735 3848
f 3891 3970 3701
f 4249 4100 3801
f 3661 3659 3934
f 4036 2412 4008
f 2804 3740 4020
f 3062 2387 2692
f 2657 4353 3650
f 2560 3456 2494
f 4180 3578 2401
f 3394 3562 2719
f 2401 3859 3526
f 3538 3439 2481
f 3904 4225 3986
f 2918 3510 2602
f 4231 3542 4333
f 2299 2300 3380
f 4300 2868 3258
f 3082 3262 3240
f 4032 3940 3611
f 2955 2892 2763
f 2896 3243 3642
f 2398 2942 4107
f 3245 2229 2230
f 4313 2240 3933
f 2645 3389 2421
f 3290 2448 3915
f 3588 4146 4216
f 3000 2966 3951
f 3008 3614 3343
f 4357 2847 3167
f 3931 2817 3045
f 4277 2205 2585
f 3494 4059 3020
f 3022 4149 3571
f 3781 3828 2721
f 3694 4201 4261
f 3250 3537 2700
f 2759 4184 3765
f 3336 4351 4201
f 3506 3425 4082
f 2212 4080 3608
f 3321 3255 4105
f 3303 3643 3230
f 3603 2245 2246
f 4353 3292 3988
f 4154 2502 3655
f 2709 3561 2290
f 2709 3088 3559
f 4303 3677 3918
f 2999 3519 3786
f 2912 3879 2570
f 2630 2682 3065
f 2418 2742 3371
f 3590 2554 2490
f 3004 4266 2777
f 2548 2409 2686
f 3117 3994 3764
f 3663 3319 2622
f 3173 3223 2521
f 2993 2963 4168
f 3172 2568 4191
f 3955 2648 2440
f 3121 3053 3394
f 2544 2206 4024
f 3503 4306 2368
f 3987 3497 4299
f 3548 2615 3285
f 2596 3493 3891
f 3691 2823 2843
f 3460 2531 3609
f 4141 3655 2776
f 3860 2589 4162
f 3151 3106 3751
f 4202 3302 2305
f 3616 3507 3455
f 3636 3009 3797
f 3475 3666 2967
f 4140 3978 2967
f 2553 2909 2722
f 3150 3697 3147
f 3263 3757 2779
f 2991 2913 2828
f 3444 2846 2378
f 3879 2699 2946
f 2815 4274 2312
f 3637 4223 3012
f 4137 3462 3370
f 2816 3512 4050
f 3008 3714 3787
f 2382 3926 2875
f 3651 3877 3416
f 3094 3096 2988
f 2595 2576 3168
f 3773 3866 3941
f 3819 4199 4322
f 2694 3391 3971
f 2377 4330 2845
f 3191 3724 3693
f 3824 4021 3285
f 4295 3113 2626
f 3835 3252 2894
f 3562 2435 2719
f 3452 3431 2405
f 3503 2368 3134
f 3024 4160 3697
f 4147 2566 3386
f 3067 3003 2551
f 3528 2551 2382
f 3744 3833 2635
f 4214 3791 4288
f 2383 4034 3016
f 4244 3195 3667
f 3041 3925 2438
f 4126 4221 3569
f 2767 2669 3770
f 3205 2767 2830
f 3811 4124 4132
f 2497 3715 2935
f 2406 3692 2809
f 2873 4051 3777
f 2951 3695 3823
f 3192 3818 2737
f 2769 4267 2606
f 2731 3742 2427
f 3283 2927 3069
f 2314 2315 3158
f 4087 3219 4138
f 2953 2572 3410
f 3440 2195 2196
f 4013 2473 4293
f 3420 3902 3633
f 2279 3420 2278
f 2700 3643 3303
f 2772 3968 3340
f 4106 2913 2991
f 3114 3978 2811
f 3103 2969 3415
f 2866 2841 2496
f 3428 2499 4015
f 2222 2223 3916
f 2886 3279 2462
f 3403 4009 4261
f 3551 3555 2844
f 3178 3960 4307
f 2520 4159 3330
f 3651 3433 3877
f 3497 4122 4299
f 3041 2389 2663
f 2987 2938 4107
f 3105 3774 2704
f 3253 2923 2371
f 2965 3825 3565
f 3200 2876 2884
f 2500 2820 2700
f 3534 2885 4031
f 2539 3238 2909
f 3376 3734 4302
f 3009 2870 3797
f 3536 3448 4165
f 3893 3814 3214
f 3556 2517 3416
f 3292 4317 2487
f 3597 3487 3381
f 3904 4207 4225
f 2388 2536 2502
f 3491 3672 3038
f 3326 4256 2841
f 2404 2999 3786
f 3374 2586 2374
f 4309 3948 2619
f 4202 2305 2306
f 2904 3776 3629
f 2798 2674 3223
f 3572 3674 4117
f 2812 3534 2687
f 2785 4288 3220
f 4214 3794 2645
f 4290 3227 3625
f 2678 3043 3013
f 3144 2937 3762
f 4280 2782 3146
f 3537 2621 2446
f 4321 2960 2443
f 2950 3045 3694
f 2353 3318 3160
f 3219 3010 4138
f 2506 2755 2434
f 2841 3434 2496
f 3061 2910 2637
f 2820 3643 2700
f 4235 2613 3700
f 3255 2391 4206
f 2550 2557 2883
f 3034 4054 2203
f 3592 3982 2614
f 3589 3358 3507
f 3278 2700 3537
f 3790 3073 3767
f 3090 3807 2367
f 2754 2734 3474
f 2718 3462 3683
f 3512 2666 3175
f 2287 3543 2286
f 3862 3889 3126
f 2826 3528 2875
f 2366 3957 4347
f 3819 3678 4325
f 3949 4358 2469
f 3907 4059 2745
f 2401 3526 3004
f 3319 3316 4166
f 4061 2455 3723
f 2806 2654 3912
f 3782 4116 2987
f 3540 3330 2470
f 3259 2749 2546
f 2959 2861 2631
f 4287 3102 3496
f 2498 2998 2606
f 2333 2334 2523
f 3196 3972 3931
f 3703 3366 2543
f 2662 2789 3086
f 3657 3454 2250
f 2917 4031 2783
f 3460 3404 2847
f 2583 3839 3082
f 2668 4187 2812
f 3779 3657 2250
f 2689 3225 2650
f 2672 4020 4208
f 2907 4239 2462
f 3440 3308 2195
f 3425 3856 2541
f 3752 3054 3999
f 4341 3924 2998
f 2935 3715 3620
f 2539 3712 3238
f 3748 3678 2958
f 3747 2471 2828
f 3342 3808 2633
f 3342 3684 4012
f 2837 4013 4293
f 4279 4194 3066
f 4170 3896 3860
f 2975 2949 3376
f 4124 3811 3887
f 2634 3499 3675
f 3743 3973 4098
f 3576 4006 2834
f 2878 3718 3735
f 3316 4188 2872
f 3396 4129 2444
f 4191 3615 3265
f 3638 3007 3798
f 4044 2955 2763
f 3132 3045 2817
f 2217 2218 3990
f 3245 2230 3231
f 4349 3928 2425
f 3499 2512 3805
f 2810 3009 3939
f 2384 2309 2310
f 2312 4274 3191
f 3086 2789 2745
f 3084 3869 2943
f 4146 3679 2829
f 3659 3361 3407
f 2748 2612 2574
f 3464 3624 3754
f 3491 3452 4276
f 2368 4232 2750
f 2800 2831 2394
f 3620 3954 3984
f 3984 2566 3706
f 3084 2905 3689
f 2780 2718 3531
f 2680 3541 2936
f 4081 4055 3874
f 2404 4256 2587
f 3633 2276 2277
f 3058 4290 2673
f 4350 3938 4002
f 2485 2914 3148
f 3193 2314 3158
f 4088 3301 2890
f 3926 2382 3341
f 3132 4201 3694
f 2885 3749 2783
f 3035 2646 3395
f 2537 4137 3338
f 2709 2702 3561
f 3096 2567 2988
f 2467 3272 3914
f 4119 4108 3682
f 2776 3980 2695
f 3983 4346 3143
f 2793 2445 3394
f 3154 3241 2939
f 3201 3668 2922
f 3085 2848 2944
f 3130 2992 2944
f 3351 3705 3217
f 3103 3269 3017
f 3292 4271 3988
f 2925 2427 3096
f 3516 4330 4172
f 3338 4283 2929
f 2835 2532 3999
f 3012 4242 3851
f 2598 2595 3168
f 3080 4230 2294
f 3542 2659 2764
f 2558 2302 2375
f 3825 2840 3202
f 2272 2273 3892
f 3743 4133 3422
f 2487 4317 2619
f 2476 3833 3986
f 4048 2851 2604
f 3294 3293 3212
f 4195 4085 3670
f 2407 2255 2256
f 2973 4043 2896
f 2624 2722 2701
f 2724 2884 2608
f 4073 4152 3228
f 4042 3761 3780
f 3043 2678 2623
f 3507 3612 3455
f 3635 3679 2862
f 2589 4320 3524
f 2325 3401 2324
f 4229 2380 3776
f 4280 3870 4123
f 2744 2409 3643
f 3426 3501 4349
f 4208 3550 4026
f 2847 3404 3631
f 3279 4361 3166
f 2745 3502 3865
f 2466 2628 2940
f 4163 2936 3163
f 4203 3773 2911
f 2933 3348 3074
f 2868 4300 2408
f 4188 3316 3662
f 2963 2682 3075
f 3533 3101 3142
f 2832 4008 3437
f 3277 2741 2961
f 2410 3446 3389
f 2931 3465 2670
f 3055 3049 4170
f 4082 3425 2734
f 2611 4171 2889
f 3765 4184 3634
f 2811 4140 3429
f 3725 4336 2335
f 4198 4002 3938
f 2339 2395 2338
f 3973 3422 3070
f 2746 3646 3872
f 4362 2524 4310
f 3391 4358 3971
f 3297 3274 2863
f 2845 2696 3413
f 4348 4220 2564
f 2528 4105 4238
f 3149 2938 2987
f 3643 2409 4023
f 2772 4245 3290
f 3102 2742 2418
f 3031 2482 2741
f 2518 4101 3083
f 2620 4239 3690
f 2978 2658 3450
f 2422 3863 3178
f 4018 3129 3709
f 3056 2765 2962
f 4012 2492 3995
f 2359 2360 3173
f 2964 3577 3598
f 3575 3971 4358
f 3613 4245 3340
f 3960 4000 3789
f 3804 2412 3284
f 4030 2389 2653
f 3087 2737 2268
f 2256 2257 4071
f 3103 3017 2969
f 3320 2201 2202
f 4218 3726 2859
f 2792 3617 3536
f 3959 2433 3928
f 2707 2679 2603
f 3514 4007 3054
f 2915 2582 3936
f 2441 2661 3432
f 3222 3953 3897
f 3150 3459 3135
f 4221 3675 3548
f 3074 3331 3720
f 3687 3885 3854
f 3149 3423 2938
f 2773 2937 3043
f 3105 2483 3310
f 3230 4269 3844
f 4233 2694 2964
f 3843 3798 2979
f 3164 2928 3531
f 2749 3451 2546
f 3949 2259 2260
f 3202 3695 3825
f 4229 2904 3210
f 2330 2331 2485
f 3936 2582 2318
f 3812 2739 3210
f 3073 3790 2860
f 2476 3986 3273
f 2530 2786 3914
f 4323 2494 3456
f 3062 2692 2565
f 3397 3842 3378
f 3314 2861 2959
f 2923 3253 3602
f 4275 3175 3361
f 3488 3853 3785
f 3901 4011 4282
f 3897 2518 3083
f 4336 3725 2697
f 2914 2857 3813
f 3077 2934 4213
f 3007 3638 2263
f 2225 2226 3378
f 3898 3093 3127
f 2913 2675 2727
f 2759 3016 4127
f 3088 2796 3559
f 3114 3765 3818
f 3388 3441 3364
f 4065 2353 3160
f 2914 3813 2715
f 4348 3639 4363
f 2809 3512 3175
f 2606 4267 2498
f 2287 2288 3110
f 2833 4073 3862
f 4008 3804 3437
f 3359 4141 2846
f 3107 3532 3398
f 3107 3831 3532
f 3269 3351 3017
f 2859 4303 4117
f 2769 2606 4057
f 2723 4112 3820
f 2994 3742 3951
f 3730 3047 2423
f 4349 2425 3289
f 3544 2690 2525
f 3341 3261 3935
f 3003 3341 2382
f 3071 3529 4313
f 2902 2436 2669
f 4293 2541 3856
f 3025 4256 2404
f 3761 4152 3541
f 3048 4158 4289
f 3847 2383 3016
f 3436 4042 3420
f 3470 3538 3299
f 2746 3571 3969
f 3604 3159 3998
f 4285 2568 3172
f 3097 3388 3364
f 3491 3702 3764
f 3383 3821 3550
f 2921 3348 3894
f 2915 2927 2317
f 2313 2815 2312
f 3534 4187 2885
f 2937 2879 3043
f 3907 2745 2789
f 2246 2247 3014
f 4169 3305 3332
f 2974 4346 3983
f 2900 3522 3007
f 2705 2652 2892
f 2194 3308 2685
f 2376 3680 4228
f 3849 4320 3871
f 2688 2799 2414
f 3340 2849 3613
f 2478 2549 3653
f 2887 3020 3779
f 4215 4156 2608
f 3710 2761 4092
f 4292 4110 3886
f 2241 2242 3933
f 4226 2616 4046
f 2395 2339 2953
f 4179 3183 2495
f 2722 2624 4043
f 3135 3749 2885
f 4171 4360 2889
f 3950 3402 3677
f 3736 2966 3000
f 3421 2495 3461
f 3524 4320 3849
f 2612 2748 2419
f 2725 2640 3307
f 2464 4122 4139
f 3939 4115 3265
f 2414 3265 3355
f 3544 2525 3240
f 3564 4254 3240
f 4000 3960 3863
f 2580 2576 2371
f 2657 3686 3890
f 3036 3576 2834
f 2764 2659 3587
f 3302 2816 4050
f 3840 2555 2788
f 3034 3707 4054
f 4074 3910 3792
f 4357 3460 2847
f 3070 3001 4271
f 3523 4154 3359
f 3916 4017 2842
f 3735 3718 2557
f 3188 3075 2630
f 3097 3476 3388
f 4136 2400 3910
f 3387 3343 4328
f 3557 2536 2388
f 2547 3471 3040
f 3850 2678 4153
f 2753 2695 3456
f 3665 4087 2351
f 3734 4204 3218
f 2589 2851 4320
f 2420 3991 3035
f 3483 2808 3044
f 3038 3672 3759
f 3735 3826 2516
f 3415 4082 2734
f 3383 4080 2392
f 2627 3383 3424
f 4098 4104 3194
f 3488 3509 4365
f 3847 2759 3765
f 3192 4177 3640
f 3105 2704 2483
f 3758 3753 2519
f 2323 2503 4281
f 4007 4267 2980
f 3478 2332 2333
f 3026 4006 2952
f 3482 3428 4015
f 2394 2481 4200
f 3372 4026 2717
f 3093 3898 3859
f 2329 3545 3895
f 2578 4111 2532
f 4048 4240 2851
f 2655 2647 3304
f 3143 4222 3262
f 3927 4110 3138
f 4095 4147 3124
f 3057 3278 2446
f 2448 3905 3837
f 3791 3220 4288
f 2975 3849 3871
f 2331 2857 2485
f 3060 2208 4265
f 2643 3372 4090
f 2943 3020 2877
f 2689 3092 3225
f 4264 3574 3378
f 2692 2499 2565
f 2975 3871 3481
f 2932 3636 3797
f 3993 3861 3213
f 3257 4234 3051
f 3665 3390 3441
f 2373 3044 4047
f 3180 4185 4352
f 4301 3280 2864
f 3957 2366 2187
f 4078 4248 3593
f 2600 2658 2978
f 3029 3100 3775
f 4337 3965 2573
f 3398 2532 2835
f 3772 4142 3743
f 3998 4308 3128
f 4314 2990 2767
f 3526 3859 3898
f 3155 3619 4316
f 3865 2770 3021
f 3858 2652 2714
f 2871 3339 2827
f 3171 2559 3296
f 3139 2793 2719
f 3318 2354 2367
f 2912 3852 2699
f 4039 2410 3618
f 2266 2267 3920
f 2772 3915 3836
f 3880 2515 3685
f 3078 4004 3232
f 3368 3558 2580
f 2369 3603 3061
f 3699 3206 3709
f 3551 2844 2295
f 3080 2844 3555
f 2385 4185 3180
f 4151 2541 2473
f 3578 3515 3859
f 3515 2597 3859
f 3083 3673 3249
f 3826 2443 2516
f 3626 3502 4059
f 3969 3646 2746
f 3140 3089 4086
f 3747 2965 3565
f 2877 3084 2943
f 3086 2745 3865
f 3652 2740 2874
f 3818 3475 3978
f 2992 4307 3960
f 2598 2552 3164
f 3543 2287 3110
f 2283 3187 3207
f 4276 4228 3680
f 2866 4247 3188
f 2770 3502 3626
f 4200 3124 2800
f 3238 3547 2650
f 2466 4280 3906
f 4114 4226 4046
f 3619 4226 4114
f 4063 3032 3742
f 2857 2331 2332
f 4257 2584 3775
f 2311 3191 3256
f 2997 2818 4002
f 3520 3461 4003
f 4064 3388 3476
f 3452 3038 3097
f 3420 4042 3902
f 3337 3889 2396
f 4337 2573 2322
f 4104 2619 3948
f 2735 2881 2456
f 3496 3590 4287
f 3832 3800 3883
f 3113 4295 3264
f 4329 4285 4094
f 4257 3979 2439
f 3351 3269 3705
f 3926 2189 2190
f 2564 4220 3686
f 4345 4354 4179
f 3569 3592 2614
f 2847 2450 3167
f 2702 2709 3559
f 3168 2711 2552
f 3050 4304 3796
f 2927 3283 2513
f 2652 3858 2892
f 2701 2934 2624
f 4227 4213 2934
f 3181 2973 2477
f 3561 2702 2848
f 3277 3568 2736
f 3866 4255 2728
f 3594 3889 3337
f 3659 3407 2527
f 4070 2514 2442
f 3975 3800 3832
f 2806 2732 2654
f 3902 4042 3780
f 3202 2911 4219
f 3456 2560 2378
f 4220 4348 3433
f 2775 2216 2217
f 3116 2381 2565
f 4211 3867 3117
f 2506 2434 2699
f 3736 4198 3630
f 3743 3422 3973
f 3214 3408 3606
f 4204 3307 3218
f 4049 2364 2365
f 2924 3926 3341
f 3143 3262 3839
f 3384 3215 2901
f 4233 3391 2694
f 3530 4199 3598
f 3989 4041 3322
f 3621 2584 2906
f 3578 3859 2401
f 3706 2770 3984
f 2421 4214 2645
f 2759 4127 4184
f 3190 3558 3368
f 3163 3640 3236
f 3463 4092 3071
f 2239 2716 4062
f 3604 3472 3921
f 3472 4148 2411
f 3499 2615 3675
f 3285 3328 3548
f 4255 3773 2638
f 2728 2996 2944
f 3966 3958 2534
f 3446 2410 4039
f 3897 3953 2852
f 3649 2518 2886
f 2447 3322 2656
f 3853 3382 2821
f 2805 4122 4209
f 2725 3325 2640
f 3181 3129 3579
f 2689 3250 3092
f 3456 2695 4323
f 3903 2829 3353
f 3101 3533 3406
f 3172 2799 4327
f 3386 3954 3295
f 2954 3822 3787
f 2381 2435 3062
f 3345 2511 2643
f 2475 3411 3098
f 2944 3140 2728
f 2870 2810 3344
f 3553 2880 4173
f 3101 2590 3344
f 3310 2483 3063
f 3221 3418 4296
f 3644 3155 4316
f 3962 2512 3457
f 2596 3701 3635
f 3167 2488 3991
f 2673 3590 3496
f 2548 2686 3748
f 3689 2876 2466
f 4217 3896 4170
f 3968 3836 2989
f 2485 2857 2914
f 3148 3099 4304
f 3632 2398 4107
f 2647 4164 3719
f 3268 3888 4272
f 3499 4060 2615
f 2711 2580 3558
f 3739 2631 2861
f 2202 2203 4054
f 2210 3740 2804
f 4261 4201 4014
f 3781 4351 3336
f 2517 3948 4309
f 3532 3239 3466
f 3293 2562 3002
f 2690 3763 2525
f 3156 3199 2262
f 3200 2884 2724
f 3157 3409 2235
f 3859 2597 3093
f 2927 2513 2316
f 3407 3943 3162
f 3224 4019 4181
f 2415 4129 3612
f 3665 3441 4087
f 3535 3807 2865
f 3712 2935 3547
f 3243 2825 3077
f 2683 2774 4318
f 3112 4340 3585
f 3638 2262 2263
f 2269 3087 2268
f 3450 4205 2602
f 4230 3080 3558
f 2306 3112 4202
f 3545 4331 3895
f 3311 3750 2419
f 3518 3691 3287
f 3206 2976 4018
f 3632 4217 2398
f 3033 3338 2929
f 2658 2561 3450
f 3138 3727 3329
f 3537 3250 2621
f 2640 3325 3753
f 2786 3977 3914
f 2613 4235 3367
f 4026 3550 3809
f 4019 3486 3615
f 3209 3656 2932
f 3841 3188 2630
f 3208 3506 4082
f 3841 2630 3065
f 2587 2674 2798
f 4192 4079 4070
f 3943 2683 2540
f 3368 2796 3190
f 2681 2379 3979
f 2267 2268 2737
f 2727 4040 2534
f 2848 3130 2944
f 3513 2397 3253
f 2389 4030 3115
f 2732 3549 3616
f 3803 3809 3204
f 2916 3425 2541
f 4060 3317 2615
f 3815 2400 4132
f 4133 3213 3001
f 2919 2467 2388
f 3423 2589 4052
f 3213 3359 3444
f 4281 4337 2322
f 3831 2769 3477
f 4323 4291 2494
f 2623 2773 3043
f 3832 3883 3488
f 2732 3616 3455
f 3207 3254 3111
f 3140 4086 2728
f 4303 2856 3950
f 2912 3546 3852
f 2783 3749 2623
f 4300 3258 3287
f 2848 3085 3561
f 2294 2844 3080
f 4270 2375 2303
f 3539 3943 3407
f 3131 2811 3429
f 4140 2967 3652
f 3936 2320 2321
f 4281 3607 4337
f 3213 3444 3001
f 2853 2771 2757
f 3131 3076 2811
f 3125 3848 3058
f 3247 3835 2894
f 2453 3474 2864
f 3315 4173 2413
f 2873 3777 2447
f 3119 2898 3672
f 4209 2342 2343
f 3291 3843 2979
f 2261 2262 3199
f 4109 4001 3021
f 3146 2791 3274
f 2739 3812 4251
f 3637 3158 3283
f 3126 2475 2505
f 3126 4237 3862
f 3377 2858 3445
f 3934 2527 3123
f 3608 2211 2212
f 3403 3324 4009
f 2984 4015 2499
f 2228 2229 3245
f 3732 4249 3801
f 3709 2668 2812
f 3207 3111 2281
f 2278 3420 3633
f 4196 3081 3930
f 3208 3017 2894
f 3785 3832 3488
f 4312 3909 3982
f 3283 3668 2981
f 3704 3191 3693
f 3872 3412 2746
f 2761 3552 3944
f 3492 3384 2220
f 4131 3720 2941
f 3359 3861 3523
f 3104 3096 3094
f 3279 2852 4361
f 3222 3083 3249
f 3367 4235 4090
f 2603 3276 2830
f 2875 3926 2190
f 3235 3067 2797
f 3786 4360 3430
f 2889 3269 3103
f 4345 3987 4299
f 3557 2593 3980
f 4064 3441 3388
f 3503 4064 3476
f 4177 3236 3640
f 3625 2554 3590
f 3717 3713 4197
f 3366 2788 4277
f 3631 3404 4282
f 3808 3771 2455
f 3402 3950 3881
f 3674 3935 3261
f 3939 3486 2810
f 3315 3911 3553
f 3954 3620 3715
f 2783 3850 3583
f 2566 3954 3386
f 2526 3992 2616
f 4083 4039 3667
f 2822 2684 4070
f 3098 4203 2911
f 2936 4163 3892
f 3209 2577 3589
f 2732 3455 2654
f 3313 3760 3108
f 3092 3698 4227
f 2370 2479 2402
f 4260 2479 2370
f 4004 3510 3151
f 2538 2504 3298
f 2574 3305 2533
f 3049 3189 4170
f 3123 3473 2676
f 2880 4330 4173
f 3469 3654 3593
f 2198 2199 3930
f 2675 2706 3131
f 2965 3747 3525
f 3681 3369 4039
f 3618 2410 4263
f 2566 4109 3706
f 4043 2825 2896
f 2517 3556 3032
f 3514 3301 3251
f 2677 2646 3624
f 3348 2933 3894
f 2313 2314 3193
f 2329 2330 3545
f 2470 2712 3540
f 2925 3194 2731
f 2860 2854 3836
f 3278 3537 2446
f 3332 3305 3845
f 2827 3339 3427
f 3641 4264 4260
f 3157 2236 2237
f 4118 3882 3037
f 3750 2612 2419
f 3856 3425 3506
f 3003 3261 3341
f 4115 3939 3009
f 3354 2374 2586
f 3222 3897 3083
f 4119 3042 4108
f 3628 3869 3084
f 3709 2812 3699
f 4111 3976 2532
f 2322 2323 4281
f 4005 4078 2752
f 3506 3208 4248
f 3739 2390 3277
f 2948 3863 2422
f 2505 2475 3443
f 2282 3207 2281
f 2430 2525 2617
f 3138 3811 3927
f 3539 2468 2683
f 3766 3466 4159
f 2971 3796 4057
f 2723 3820 3570
f 3783 4328 2424
f 4328 3614 2424
f 2440 2742 3102
f 2749 3248 3451
f 3845 2574 2612
f 3153 4321 3826
f 3918 4117 4303
f 3829 2924 3341
f 3828 3037 2721
f 2738 4305 4091
f 2600 3298 3451
f 2681 4287 2490
f 2577 2932 3563
f 4308 3656 4077
f 2579 2575 4221
f 3100 3979 3775
f 3191 2311 2312
f 3733 2374 3354
f 3786 3705 4360
f 2754 3260 4089
f 3169 4362 3888
f 3750 3690 2612
f 3519 4096 4259
f 2521 3223 2674
f 3893 2441 3189
f 2373 4135 2459
f 4039 3369 3446
f 2881 3584 2456
f 2547 3040 2670
f 2846 3444 3359
f 3125 3058 2673
f 2477 2973 3024
f 3598 3577 4044
f 2599 4123 3755
f 2364 3275 2363
f 3326 3841 2587
f 2775 3053 3121
f 3300 3929 4067
f 4000 3863 4253
f 4028 3314 2439
f 2935 3712 2497
f 4001 3211 3021
f 4321 4009 2960
f 3803 3204 4091
f 2752 4078 3593
f 4194 3260 2632
f 2597 3293 3294
f 4260 4264 3378
f 3023 3410 2572
f 2805 2343 2344
f 3050 4331 2485
f 4111 2739 4251
f 4318 2489 2416
f 3489 3989 2447
f 4207 3427 3339
f 3982 3909 2806
f 4045 3117 3309
f 3691 3518 4262
f 2677 3614 3787
f 3670 4197 2768
f 2907 2462 3166
f 2760 2547 2670
f 3802 2484 2372
f 3482 4015 2707
f 2982 3653 3905
f 3057 3645 2500
f 2979 2955 3577
f 4184 4127 3487
f 2423 3467 2665
f 3772 3182 4142
f 3763 2690 3052
f 2770 4134 3984
f 3480 4062 3414
f 3022 4092 2761
f 4095 3646 3969
f 3880 3844 3846
f 4089 4068 3005
f 3815 4124 3387
f 2448 3290 3905
f 3073 2827 3767
f 3100 2648 3955
f 3989 2480 2417
f 4074 2430 3039
f 3321 4105 2528
f 2970 3482 2433
f 2565 2499 3428
f 2474 4159 3466
f 2922 2890 3752
f 2558 2375 3722
f 2816 4202 2666
f 2621 3676 2446
f 3313 3161 3760
f 3985 3806 2908
f 2647 3806 4164
f 3244 2545 4182
f 2601 3573 3788
f 3884 2461 3195
f 3568 3952 2422
f 4359 2808 2919
f 4053 2604 3149
f 3945 3216 2826
f 4013 2837 2197
f 3189 2441 4217
f 3808 3342 4012
f 3447 4311 2760
f 3055 2756 3573
f 3922 4018 2976
f 2391 3255 3321
f 2303 3133 4270
f 4050 3312 3554
f 2940 2628 3628
f 3646 4095 3124
f 3955 2440 3102
f 2742 3498 2478
f 3509 3488 3883
f 3360 4079 2956
f 4211 2814 3873
f 3682 4108 3567
f 3288 4052 3896
f 4021 3744 2635
f 2353 2354 3318
f 2376 4228 2824
f 4276 2405 4228
f 2360 3881 3173
f 4366 2632 2453
f 3703 3840 2788
f 2768 4210 3670
f 4085 3717 4197
f 2822 3259 2684
f 4121 3473 3123
f 3331 3204 2941
f 4091 4305 3803
f 3931 3972 2667
f 4194 2632 2660
f 2908 2655 2519
f 3365 2808 3483
f 4298 3247 3623
f 3399 3188 4247
f 2367 2993 3090
f 3223 3881 3950
f 2860 4326 2871
f 3616 2618 3507
f 3124 4147 3386
f 2710 3644 3299
f 4041 4029 2493
f 3401 4341 3184
f 3331 3074 4091
f 4033 2921 3894
f 3403 4014 4262
f 3189 2522 3893
f 3382 4051 4161
f 2743 2653 4315
f 3196 4366 2792
f 4300 2843 2408
f 3102 2418 3496
f 3271 3496 2418
f 3518 3287 3323
f 4351 4262 4014
f 2609 2281 3111
f 2269 2270 4177
f 3033 2929 3692
f 3722 2375 4283
f 4343 3937 2903
f 3363 2903 3427
f 3146 3274 3868
f 2456 3848 2735
f 4096 2798 2856
f 3528 3947 2551
f 4334 2633 3042
f 3117 3867 3994
f 3964 4310 4250
f 2661 2441 3606
f 2554 2813 2490
f 3696 4295 3505
f 3687 3180 3885
f 4352 2817 2888
f 3854 4296 3687
f 2790 3346 3418
f 3232 4004 3151
f 3462 3380 3370
f 3740 3608 4208
f 3074 3720 2933
f 2893 3995 2611
f 4189 4061 3723
f 3226 3022 3571
f 2617 3442 3039
f 4166 3316 2570
f 4171 3430 4360
f 4048 2604 3310
f 2486 3055 4170
f 2564 3686 3876
f 3229 3998 3128
f 4267 4007 2498
f 3382 4161 2821
f 3101 3406 2569
f 3566 3363 4207
f 4160 3457 2634
f 4094 4285 3172
f 4357 3167 3991
f 3723 2516 3286
f 3145 2579 4221
f 3128 4308 3549
f 2415 3721 3745
f 2897 3570 3813
f 3853 2821 3785
f 3101 3344 3224
f 2304 3302 3133
f 3370 2301 2558
f 3022 2526 4092
f 3463 4313 3933
f 3328 4312 3592
f 2891 3698 2839
f 3535 2865 4145
f 3431 3097 3364
f 3946 2919 2388
f 3447 3857 4324
f 4196 2199 2200
f 3334 3981 3854
f 3037 3828 4118
f 2651 3703 2543
f 2649 3306 2631
f 3778 2482 2595
f 4115 3921 3265
f 3371 3729 2881
f 4333 3683 2537
f 4333 2537 4231
f 2440 3498 2742
f 2799 2642 4335
f 3030 3983 3143
f 2672 2511 3152
f 3242 2426 3938
f 4154 3946 2502
f 3018 2899 3741
f 2715 3148 2914
f 4009 3324 2960
f 3214 3606 3893
f 3468 3963 2601
f 4126 3145 4221
f 2532 3976 2922
f 3658 2380 4229
f 4037 2222 3916
f 3438 3139 2719
f 3549 4308 4077
f 3396 2444 3040
f 2844 2294 2295
f 3659 2527 3934
f 3966 3006 3177
f 4215 2877 2887
f 2873 2832 3437
f 3141 3197 3458
f 2215 2216 2775
f 2775 4056 2215
f 3331 4091 3204
f 3121 3046 4056
f 2420 2687 3534
f 2664 4180 3435
f 3964 4272 4310
f 3211 2910 2662
f 2501 3056 3927
f 4195 3332 3864
f 2920 2693 4364
f 4138 2349 2350
f 4288 2785 3794
f 3848 2766 3058
f 2393 2431 2454
f 4138 2350 4087
f 2636 3940 2977
f 2694 3291 3577
f 3988 2452 3115
f 3113 3730 3899
f 2927 2915 3965
f 3512 3312 4050
f 2386 4033 3928
f 3810 2484 2403
f 3311 3830 2460
f 3105 4053 4116
f 2444 2415 2931
f 3560 2438 3018
f 3397 2226 2227
f 3641 4072 2465
f 3398 3154 2578
f 3158 2513 3283
f 3326 3188 3841
f 3491 4276 3702
f 4065 4145 3390
f 3719 3867 3873
f 4111 4251 2729
f 3210 2939 3658
f 2859 3726 4259
f 3252 4248 2894
f 3214 3286 3233
f 3045 2950 3349
f 3588 3013 3679
f 2938 3423 3288
f 3772 3900 3182
f 2952 2697 3725
f 3019 3498 4335
f 2560 2726 2452
f 3241 3532 3466
f 2308 2468 4340
f 3606 3408 3249
f 2883 2557 3718
f 2902 2669 3802
f 2237 2238 4062
f 3026 2952 2882
f 2697 3373 4336
f 3594 4203 3411
f 2280 2609 3420
f 4110 3927 3056
f 3329 3887 3811
f 4297 2926 4159
f 2487 4104 3973
f 3490 3622 3157
f 3350 2616 2777
f 3208 2894 4248
f 3448 4278 2555
f 3467 2564 3876
f 2520 4297 4159
f 4265 2511 3345
f 3875 3596 2692
f 2429 3367 4090
f 3617 4151 2458
f 2683 3943 3539
f 4192 2684 3095
f 3207 2282 2283
f 2279 2280 3420
f 4234 2428 3051
f 3987 4128 3421
f 4142 3993 3743
f 4198 3000 4002
f 3782 2987 4107
f 2920 2373 2693
f 3394 2719 2793
f 3212 2644 3294
f 2797 3469 3835
f 2632 4366 3196
f 2990 2707 2603
f 2403 4067 3810
f 3732 2553 2722
f 3824 3904 3744
f 3397 3378 2226
f 4093 4264 3641
f 3126 3411 2475
f 2900 2264 2265
f 2356 2357 2802
f 4303 2859 2856
f 2571 2345 2346
f 4064 3503 3134
f 3673 4101 3878
f 3149 2987 4116
f 3001 3444 3392
f 3194 3948 4063
f 3117 4045 4211
f 3188 3399 3075
f 3738 3052 4180
f 3002 2690 3544
f 4042 3436 4152
f 3337 2396 3228
f 3099 3477 4304
f 3521 4275 3661
f 3215 3384 3492
f 3046 3121 2445
f 4200 3439 3646
f 4147 4109 2566
f 4027 2685 3308
f 2193 2194 2685
f 3390 4145 3364
f 3431 4145 2405
f 3442 3763 4157
f 3571 2746 3226
f 3640 3475 3192
f 3485 4258 2913
f 3589 2577 2899
f 3946 4154 3183
f 3241 3766 2939
f 3934 3234 3203
f 2766 3369 3058
f 3791 3584 3220
f 3307 3272 3919
f 3136 4324 2593
f 2788 3707 4277
f 3196 2792 3972
f 2340 2572 2953
f 3919 3365 3483
f 2928 4144 3531
f 3347 3751 3106
f 2985 2595 2598
f 2730 3784 3688
f 3218 2640 3753
f 3546 4045 3309
f 3279 3166 2462
f 3286 2516 3233
f 3760 3494 3869
f 2943 3869 3494
f 2577 3209 2932
f 3018 3741 3560
f 2378 2753 3456
f 3493 3144 3145
f 3698 3250 3303
f 2917 2783 3583
f 3284 3266 4143
f 3516 4173 4330
f 2531 4357 2917
f 3493 2596 2879
f 2807 3357 4101
f 3336 4201 3132
f 3051 2882 2952
f 3032 2997 3951
f 3510 3450 2602
f 3164 3531 3347
f 2545 3792 3910
f 2562 3515 3578
f 3609 2957 3460
f 2907 3484 3332
f 3745 3721 4010
f 2626 3899 2457
f 4275 3361 3659
f 2926 3658 3766
f 4186 3516 4172
f 2653 2743 3876
f 2661 3878 3432
f 3684 4120 4012
f 2856 2798 3950
f 3617 4075 3536
f 3811 4132 3927
f 2710 3299 3072
f 3392 3444 2378
f 3696 2590 3264
f 3102 4287 3955
f 4191 3265 2414
f 3752 3301 3054
f 3733 4172 4330
f 4279 2883 4068
f 2893 3799 3995
f 3966 3429 3006
f 4183 2819 3443
f 3702 4276 3680
f 3097 3431 3452
f 3671 2327 2328
f 3154 2739 2578
f 3477 4057 4304
f 3032 4063 2517
f 3955 4287 2681
f 3824 3317 3566
f 2716 3529 3414
f 3412 4046 3226
f 3919 3483 2725
f 4282 4107 2942
f 4093 3956 4264
f 3205 3802 2669
f 2344 2345 4139
f 4306 3476 3198
f 3082 2430 4294
f 2916 2864 3474
f 2766 2421 3389
f 3863 3960 3178
f 3115 2452 2726
f 3533 3360 3406
f 2863 2791 4233
f 2265 2266 2625
f 2822 3961 3621
f 2997 4002 3951
f 2586 3374 3877
f 3264 4295 3696
f 3127 3414 4266
f 3212 3426 3289
f 3044 3028 4047
f 4247 2866 2946
f 3015 4339 3983
f 4260 3842 2479
f 3159 3656 3998
f 4160 3147 3697
f 2831 3385 4102
f 3657 3907 3454
f 3406 4365 2569
f 2673 4290 3625
f 3271 2673 3496
f 3917 4028 2813
f 3392 2378 2560
f 2771 4268 3477
f 2779 3769 3855
f 2891 2839 3880
f 3675 2615 3548
f 3601 4021 2411
f 2795 4003 3461
f 2994 2966 2567
f 3756 3246 4356
f 2591 2392 2213
f 3620 4134 2507
f 4001 3091 2637
f 3452 2405 4276
f 3449 4354 3282
f 2344 4139 2805
f 2786 2703 3977
f 3396 3903 3627
f 2832 2873 2447
f 3469 2797 3947
f 3623 3247 4025
f 2663 3115 2726
f 2444 2931 3040
f 3241 3466 3766
f 3560 2457 4315
f 2684 3259 2546
f 3560 3741 2626
f 3190 3088 2292
f 2417 2480 3078
f 2710 3056 3644
f 3886 4110 2710
f 2406 2809 4275
f 3133 3302 4050
f 2751 3543 4255
f 3952 3568 3277
f 2729 4251 3716
f 3184 2998 2498
f 3644 4316 3299
f 3409 2436 2902
f 3283 3069 3668
f 2449 3508 3333
f 3737 3367 2429
f 4105 3244 4238
f 3260 4279 4068
f 4175 2574 2533
f 4259 4096 2856
f 2362 3402 2361
f 2762 3987 3421
f 3946 2388 2502
f 2858 2540 3445
f 3473 3629 3776
f 4199 3819 3297
f 2737 3920 2267
f 3148 3630 3099
f 2610 4302 3758
f 2486 4170 3860
f 3027 4101 3357
f 4106 2645 3485
f 2766 3848 2456
f 2669 2767 3205
f 2240 4313 2716
f 4306 3503 3476
f 2671 2693 3198
f 4293 2473 2541
f 3216 3647 2826
f 2761 3710 3552
f 3644 2962 3155
f 4212 3530 2763
f 4158 3048 3794
f 3585 3539 2995
f 3561 2289 2290
f 2503 3301 3607
f 2416 3445 2540
f 3495 4178 2542
f 2779 3855 3137
f 3043 2879 2862
f 3243 3962 3642
f 3219 3134 3010
f 2358 4246 3174
f 3735 4193 2878
f 2792 4366 3280
f 3073 2871 2827
f 2548 3748 2958
f 2713 3511 4241
f 3646 3439 3872
f 2309 2384 2308
f 2729 3976 4111
f 4309 3651 3416
f 3333 4186 2449
f 2838 2680 3892
f 2273 2838 3892
f 2780 3380 2718
f 4275 2809 3175
f 2471 2991 2828
f 2848 2702 3130
f 3276 2594 4067
f 4226 2664 3435
f 4341 2327 3924
f 3107 4267 2769
f 3049 3664 4224
f 2898 4364 2671
f 2524 3793 4250
f 3605 2887 3779
f 2903 3846 3427
f 4243 3846 3844
f 3604 3921 3159
f 3650 4353 4030
f 4131 2445 3720
f 3053 2901 3562
f 4230 2293 2294
f 3692 3312 2809
f 3211 3865 3021
f 3061 2867 2910
f 2880 3553 3804
f 3162 2858 3629
f 2304 2305 3302
f 2779 3137 3263
f 3080 3555 3558
f 3555 2711 3558
f 4063 3742 2731
f 3650 4030 2653
f 2762 3023 3497
f 2487 3070 3292
f 3190 2796 3088
f 2598 3168 2552
f 2482 2649 2741
f 2289 3110 2288
f 2449 2586 3508
f 2870 3344 3696
f 2819 4183 3958
f 2397 3178 3253
f 3053 3562 3394
f 2603 2402 3276
f 3741 3179 2626
f 3651 4220 3433
f 3116 3438 2435
f 4058 4346 4342
f 2819 2505 3443
f 4125 4083 3667
f 3479 3472 2411
f 3335 3273 3827
f 2610 3758 2519
f 2452 3988 4271
f 3884 3565 2461
f 3436 3228 4152
f 3356 3610 3229
f 3701 3353 3635
f 3036 2834 3500
f 4006 3026 2834
f 3157 3622 3409
f 2765 2713 4241
f 2367 3807 3318
f 3120 3918 3677
f 2836 3504 4135
f 3272 4204 2530
f 3956 3916 2223
f 2984 2679 4015
f 2884 2876 3689
f 2259 3949 3122
f 3648 3026 2882
f 3736 3820 4112
f 3199 3711 2261
f 2989 3836 4322
f 3082 3839 3262
f 3738 3619 4157
f 2909 3238 3225
f 3805 4060 3499
f 3857 3447 2760
f 4129 3627 3612
f 2787 2954 3714
f 2448 2432 4326
f 4066 2948 2422
f 2285 4236 2284
f 3901 4282 2942
f 3690 4239 3845
f 2730 4066 2390
f 2766 3389 3446
f 3033 3692 4029
f 3812 2904 3165
f 2569 3264 2590
f 3508 3433 4363
f 3306 2747 2451
f 3078 3419 4103
f 3774 4116 2957
f 2899 3018 3589
f 2726 2560 2494
f 2590 3696 3344
f 2810 3224 3344
f 2439 2379 4028
f 2913 2727 2828
f 3031 2736 3513
f 3018 2438 3925
f 4327 2799 4335
f 3835 3247 4298
f 2188 2189 2924
f 3817 2930 3187
f 3780 3761 2838
f 3052 3738 3763
f 3482 2425 3928
f 2901 2218 2219
f 2425 3482 2707
f 3297 4325 3274
f 3541 4152 4073
f 2791 3834 3611
f 4034 4289 2705
f 3240 4254 3544
f 3082 3240 2525
f 2730 3688 2948
f 4028 3917 2861
f 3790 3767 4269
f 3801 3793 2553
f 4244 3618 2471
f 3140 2944 2992
f 3865 3502 2770
f 3494 3626 4059
f 2688 3355 3479
f 4187 3534 2812
f 2905 2884 3689
f 2621 2689 2650
f 3573 3664 3055
f 3249 3408 3453
f 3545 2330 4331
f 3193 3637 3012
f 2651 3885 2888
f 2775 3990 3053
f 2807 2620 2460
f 2879 3635 2862
f 3679 4146 3588
f 3029 4094 2648
f 2407 2724 2255
f 3007 3522 3487
f 3376 3580 2975
f 4021 3601 3285
f 3522 4184 3487
f 2592 3098 3202
f 3787 3822 2850
f 2574 4175 2748
f 3229 3128 3909
f 2379 2681 2490
f 2654 3455 3627
f 3560 4315 2438
f 4075 4278 3448
f 2611 3995 2492
f 3137 2906 3263
f 3068 2735 3125
f 4136 4074 3039
f 3135 2885 4187
f 3250 3698 3092
f 3211 4001 2910
f 4327 2803 2648
f 3248 3855 2600
f 4254 3501 3544
f 3763 3442 2617
f 3351 4025 3017
f 3308 2752 4027
f 3850 4153 3583
f 2847 3631 2450
f 3368 2371 2923
f 2985 2918 2602
f 4102 2510 2394
f 3109 2515 4190
f 3912 3353 3701
f 3970 3912 3701
f 3748 3868 4325
f 2650 2507 3676
f 3162 3943 2858
f 4274 3724 3191
f 3194 4063 2731
f 3194 2925 4098
f 4076 2488 2450
f 3468 2601 3304
f 3873 3816 3468
f 4053 3149 4116
f 3236 4177 2270
f 2751 2638 3817
f 3220 3584 3613
f 3711 3575 4358
f 3982 3970 3891
f 3493 4126 2614
f 4019 2568 2542
f 3797 3505 3563
f 3301 3514 3054
f 2582 2915 2317
f 3711 2260 2261
f 2892 3381 2705
f 2411 4021 2635
f 3533 4181 4178
f 3114 3847 3765
f 3429 2534 4040
f 3529 4266 3414
f 2594 2479 3842
f 3880 3846 2758
f 2432 2448 3837
f 3837 3827 3708
f 3685 2891 3880
f 3387 4124 3343
f 2497 3385 2437
f 3872 3439 3538
f 3870 3146 3868
f 3470 3299 4316
f 4182 2545 3910
f 2826 2191 2192
f 3308 2194 2195
f 2897 3576 3570
f 2897 3813 3478
f 3432 4217 2441
f 2535 3484 2868
f 3023 4252 4209
f 2966 4112 2567
f 4348 3467 3639
f 2389 2438 4315
f 2819 3966 3177
f 2727 2675 4040
f 2982 3669 3729
f 3685 3077 4213
f 4025 3247 2894
f 3208 2969 3017
f 2431 3282 4299
f 3467 4348 2564
f 3508 4363 2708
f 3472 3479 3355
f 3146 3834 2791
f 2789 3454 3907
f 3521 2406 4275
f 2322 2573 2321
f 2463 3413 2696
f 2298 3380 2780
f 2240 2241 3933
f 3463 3710 4092
f 3203 3661 3934
f 3661 4275 3659
f 2655 3806 2647
f 3546 3309 3852
f 3174 4246 3065
f 3799 4068 3718
f 3119 3672 3994
f 2942 3878 3027
f 3097 3400 3476
f 4364 3325 2725
f 3541 2833 2936
f 2900 2265 2625
f 3131 2383 3076
f 4113 4125 2730
f 3999 2922 3752
f 3716 3445 2416
f 2948 4253 3863
f 3237 4035 4113
f 2399 3367 3737
f 4356 2399 3737
f 2474 3242 2470
f 3398 2980 3107
f 2855 3183 4179
f 4164 3994 3867
f 3758 3218 3753
f 3434 3663 2622
f 3067 3235 2698
f 3198 3400 2671
f 2800 3386 3295
f 2825 4043 2624
f 3057 2446 3313
f 3643 4023 3230
f 2674 2587 3841
f 3835 3235 2797
f 2448 4326 3915
f 2903 2758 3846
f 3762 2579 3144
f 3150 4187 2668
f 3674 3572 3935
f 3090 4168 2755
f 3905 3290 2982
f 3757 2451 2779
f 3816 3682 3963
f 4232 2368 3504
f 3164 3106 2598
f 3551 4069 2928
f 2570 3879 4166
f 2814 3816 3873
f 2687 2420 3395
f 4160 2575 3147
f 3115 2663 2389
f 3433 4348 4363
f 2205 2206 2544
f 2458 4075 3617
f 3513 4176 3031
f 2505 3177 2874
f 3689 2940 3084
f 3200 4032 2782
f 3896 4217 3632
f 3991 4031 4357
f 2972 3324 3323
f 3996 2950 3694
f 2527 4121 3123
f 2300 3370 3380
f 3539 3407 3361
f 2774 3256 3704
f 3518 3323 3403
f 2455 4193 3723
f 3202 3098 2911
f 4034 2383 3131
f 4181 3142 3224
f 3589 2618 3209
f 2575 2634 3675
f 3675 4221 2575
f 4292 3886 2394
f 3906 4123 4155
f 4043 2973 3181
f 2954 2976 3206
f 3882 2823 3037
f 3305 4169 2533
f 3356 3229 4312
f 2668 3697 3150
f 2405 4145 2865
f 2611 2492 4171
f 2916 2541 4301
f 4235 3700 3221
f 2311 3256 2310
f 4273 3473 3776
f 2801 3375 3567
f 2999 2404 2587
f 3225 3238 2650
f 2246 3014 3603
f 3840 4165 3448
f 2667 3972 4165
f 2829 3903 3396
f 4060 4343 3317
f 2424 2677 2945
f 4021 3824 3744
f 3974 3480 3127
f 3124 4200 3646
f 4358 4344 2469
f 3968 4212 2849
f 3317 3285 2615
f 2524 4130 2539
f 2790 3781 2385
f 3768 3143 3839
f 3714 3268 4272
f 4250 4100 3922
f 3954 3715 3295
f 3092 2701 3225
f 2774 2384 3256
f 3724 4084 2489
f 2585 3366 4277
f 2533 4238 3783
f 2458 4151 3081
f 3684 3342 3662
f 3806 2655 2908
f 2801 2633 4189
f 2921 3564 4222
f 4093 2465 4017
f 2653 2389 4315
f 3580 4081 4162
f 4270 4050 3554
f 2929 3554 3692
f 2972 2852 3953
f 4120 3025 3430
f 3201 3976 2605
f 3585 2995 3112
f 3997 3725 2336
f 2853 3938 2426
f 3835 3469 3252
f 2361 3402 3881
f 4310 2524 4250
f 3129 2668 3709
f 2466 3906 2628
f 2252 2253 4156
f 2706 2675 4258
f 3819 4325 3297
f 3123 2676 3266
f 3047 3639 2423
f 3051 2952 3725
f 2395 3913 2338
f 4213 4227 2891
f 3727 3888 3329
f 3942 3556 3374
f 3890 4309 2619
f 3816 3963 3468
f 2756 2486 4162
f 2667 4165 2651
f 3319 3663 3684
f 3648 4174 3026
f 2428 3118 2882
f 3901 2942 3027
f 2781 2528 4169
f 3021 2770 3706
f 2435 3417 3062
f 3485 3794 4258
f 2422 2397 3568
f 2643 3221 3345
f 2429 2717 3803
f 3018 3925 3589
f 3063 4216 2895
f 2536 3980 3655
f 2586 2449 3354
f 3416 3374 3556
f 2743 3467 3876
f 3775 3495 4329
f 3472 3355 3921
f 2949 2786 3376
f 2725 2920 4364
f 3183 4154 3523
f 3520 2581 3461
f 3227 4290 3681
f 2652 4289 4158
f 3611 4344 3391
f 2628 3906 4155
f 2704 2678 3013
f 3631 3352 2450
f 3893 3606 2441
f 3352 3311 4076
f 2520 3330 3733
f 4144 2297 2780
f 3301 2503 3251
f 3050 2485 3148
f 4141 4154 3655
f 2655 3304 3788
f 2460 3357 2807
f 3484 2535 3864
f 2827 4243 3767
f 4190 2758 3937
f 2386 3564 4033
f 2627 3821 3383
f 4004 3450 3510
f 2442 2514 3533
f 2607 4010 3379
f 3860 4162 2486
f 2508 2454 2464
f 3867 4211 3873
f 2251 3605 3779
f 2820 2500 2599
f 3541 4073 2833
f 2278 3633 2277
f 3749 3762 2773
f 3610 3604 3998
f 4314 3212 3289
f 2616 3992 4046
f 3119 3806 3985
f 3441 3390 3364
f 3522 2900 2625
f 2456 3584 3791
f 2853 2757 4198
f 3000 3951 4002
f 4212 3968 2989
f 2935 3620 3547
f 2402 2479 3276
f 4222 4058 2921
f 4329 3495 4285
f 3100 3029 2648
f 3933 2242 3908
f 3300 3231 3929
f 2633 3808 4061
f 3260 2754 2632
f 2988 3500 3094
f 2581 3421 3461
f 2592 3443 3098
f 3195 3784 3667
f 3459 2579 3762
f 3481 3871 2509
f 3778 3600 2482
f 3961 2584 3621
f 2468 3539 3585
f 2447 2656 2832
f 3451 3298 2504
f 2468 2384 2774
f 4178 2442 3533
f 3368 2923 2796
f 3020 2943 3494
f 2867 3061 3603
f 3902 2275 2276
f 4152 3761 4042
f 2399 2613 3367
f 2721 4351 3781
f 3423 2604 2851
f 3783 2424 2945
f 4105 2545 3244
f 3166 2868 3484
f 3371 2881 3068
f 3137 2749 2906
f 4308 3998 3656
f 3186 3113 3264
f 3684 3663 4120
f 2699 2434 2946
f 4031 2420 3534
f 4362 4310 3888
f 2373 4047 4135
f 3083 4101 3673
f 3513 2371 2576
f 2534 3429 3966
f 2964 2863 4233
f 2794 4134 3161
f 2813 4028 2379
f 2766 3446 3369
f 3622 3974 3795
f 3171 3296 3713
f 3964 2787 4272
f 2539 2553 3793
f 3791 4214 2421
f 3369 4290 3058
f 4157 3619 3155
f 3116 2433 3959
f 3154 2939 2739
f 2815 2313 3193
f 3406 3360 4365
f 4077 2618 3616
f 3199 3575 3711
f 3611 3940 4344
f 2792 3536 4165
f 3267 3005 2611
f 4079 3458 2720
f 3686 3650 3876
f 3581 2512 3962
f 3712 3547 3238
f 4093 3916 3956
f 3281 2372 2233
f 3121 3394 2445
f 3815 3387 4182
f 4297 2520 2377
f 2538 2480 3489
f 3569 3548 3328
f 4249 3579 4100
f 3719 3468 3304
f 4014 3403 4261
f 2993 2355 2356
f 2521 2674 3841
f 2633 4334 3342
f 4055 2610 3874
f 3492 4037 2842
f 3011 2627 4131
f 3595 3245 3231
f 2232 2233 3599
f 3715 2437 3295
f 3792 3255 4206
f 2729 4084 2605
f 2380 4273 3776
f 3746 4286 3118
f 3050 3148 4304
f 2704 4153 2678
f 3816 4119 3682
f 3091 4001 4109
f 2850 3822 3395
f 2610 4055 4302
f 3994 3672 3764
f 2840 2592 3202
f 3695 3202 4219
f 2271 4163 3236
f 2979 3597 4284
f 3748 2686 3868
f 3274 4325 3868
f 3478 2333 2523
f 3820 3736 3630
f 3809 3011 3204
f 3116 2435 2381
f 3838 2974 4339
f 2583 3517 3030
f 3747 3884 2471
f 4150 3823 4253
f 4160 2634 2575
f 3024 3642 4160
f 4258 2675 2913
f 3016 2705 3381
f 2850 3395 2646
f 3972 2792 4165
f 2772 3836 3968
f 2881 3669 3584
f 2790 3418 4118
f 4262 2721 3691
f 3572 3275 4049
f 3235 4298 4218
f 2424 3614 2677
f 2851 2589 3423
f 4341 2998 3184
f 2423 3899 3730
f 4041 2417 2491
f 3890 4220 3651
f 2584 3961 3495
f 2549 2478 3335
f 2863 2964 3297
f 2977 2257 2258
f 3662 3319 3684
f 2878 4193 2455
f 2782 2876 3200
f 4023 4269 3230
f 3669 4245 3613
f 3273 3986 4225
f 4349 2386 3928
f 3116 2970 2433
f 3490 3480 3974
f 3670 2781 4195
f 2685 4027 3216
f 2738 3756 4356
f 4025 2894 3017
f 3881 2360 2361
f 4056 2775 3121
f 3574 4264 3956
f 3638 3798 3156
f 2636 2588 2469
f 3285 3317 3824
f 3767 3844 4269
f 3887 3329 3268
f 2385 3346 2790
f 3986 3744 3904
f 4060 3805 4343
f 2471 4263 2991
f 4236 2751 3817
f 2849 3858 2714
f 4106 3485 2913
f 3304 2647 3719
f 3481 2641 2949
f 3311 3352 3830
f 3206 3699 3822
f 4318 3704 3693
f 2498 4007 3514
f 2570 3546 2912
f 3173 4246 2359
f 2906 2749 3259
f 2708 3333 3508
f 3215 3417 2901
f 2807 2518 3649
f 2918 2985 2598
f 2880 2696 2845
f 4005 4293 3856
f 2365 2556 4049
f 2663 3379 3041
f 3040 2931 2670
f 2965 2840 3825
f 2599 3755 2744
f 3526 3898 4266
f 3795 3294 3770
f 2563 2655 3788
f 3233 2443 2639
f 3557 3914 3977
f 3997 2336 2337
f 3192 3087 4177
f 3187 2283 2284
f 3855 3248 3137
f 3347 3531 2718
f 4011 3631 4282
f 3838 4339 3756
f 3660 3944 4319
f 2909 2553 2539
f 3559 3591 2702
f 3695 3582 3823
f 2502 2536 3655
f 3117 3702 3309
f 2940 3628 3084
f 3728 3200 2407
f 3020 3657 3779
f 2608 2884 2905
f 3645 4155 2500
f 3611 3391 4233
f 3198 2693 2459
f 2946 2866 2496
f 3710 3463 3933
f 3412 3470 2778
f 3879 2912 2699
f 2522 3049 4224
f 2661 3673 3878
f 3307 4204 3272
f 3720 2445 2793
f 2224 3956 2223
f 3721 2415 3358
f 3730 3113 3186
f 2606 2971 4057
f 2956 3853 3488
f 2522 3375 3814
f 3395 3699 2687
f 3188 3326 2866
f 3042 2633 4108
f 2512 3581 3805
f 3984 3954 2566
f 2802 2357 2691
f 3173 3881 3223
f 2972 3953 2960
f 3152 2208 2209
f 3360 2514 4079
f 3292 3070 4271
f 4244 3884 3195
f 3613 3584 3669
f 2219 3384 2901
f 2200 2201 2968
f 4110 4292 3138
f 4043 4249 3732
f 4136 3039 2713
f 3579 3129 4018
f 4114 4046 3412
f 3517 3015 3030
f 2911 3773 3941
f 3254 3337 3228
f 3946 2855 4359
f 2389 3041 2438
f 3471 3270 3396
f 2596 3635 2879
f 3131 4040 2675
f 4203 3594 2930
f 3246 3713 4356
f 2852 3323 4361
f 3599 3929 2231
f 3289 2425 2990
f 2326 2327 4341
f 3924 2971 2998
f 4324 3857 4323
f 3447 2641 2733
f 2462 3649 2886
f 3567 4108 2801
f 2430 3082 2525
f 3490 2237 4062
f 2411 3356 3601
f 2720 3458 3382
f 2771 2853 2426
f 3772 3743 4098
f 2661 3606 3249
f 3762 3749 3135
f 3228 3111 3254
f 3187 3254 3207
f 3774 3609 4153
f 4048 3310 3063
f 3824 3566 3904
f 3566 4207 3904
f 2478 3653 3729
f 3243 3077 3109
f 3984 4134 3620
f 2794 2507 4134
f 3792 2545 3255
f 3552 3908 4319
f 3127 3480 3414
f 3660 3061 4167
f 3358 3589 3925
f 3229 3610 3998
f 4328 4238 3244
f 4238 2533 2528
f 3877 3374 3416
f 3419 2480 2538
f 4311 2733 2509
f 3909 3549 2732
f 3570 3576 3036
f 3257 2337 2338
f 4003 4286 3746
f 2938 3632 4107
f 3790 4269 2548
f 2903 3937 2758
f 2842 4017 3875
f 2842 2387 3492
f 2631 3306 2451
f 3176 3739 2861
f 4298 3235 3835
f 4246 2521 3065
f 2750 4232 3527
f 3218 3307 2640
f 2625 2266 3920
f 2264 2900 3007
f 2584 3495 3775
f 3846 4243 3427
f 4074 4136 3910
f 4249 3181 3579
f 3795 2597 3294
f 2243 4319 3908
f 2971 3895 3796
f 3401 2326 4341
f 2483 2704 3588
f 3185 3170 2509
f 3430 4171 2492
f 3103 3267 2889
f 3039 3442 2713
f 3244 3387 4328
f 4294 4074 3792
f 3887 3343 4124
f 2228 3595 2784
f 3641 4260 2370
f 3216 3945 2685
f 3216 3654 3647
f 3996 2550 2950
f 3280 4301 4151
f 4306 3198 2459
f 2368 4306 4355
f 3014 2867 3603
f 2644 2767 3770
f 3203 4038 3521
f 3284 2412 3234
f 3267 3415 3005
f 4347 3935 2556
f 3999 2532 2922
f 3607 4088 4337
f 3427 4243 2827
f 4199 2989 4322
f 2619 4104 2487
f 3733 3330 3540
f 2813 2554 3917
f 3141 3095 2986
f 3122 3949 2469
f 2252 4156 3605
f 3006 3652 2874
f 3411 4203 3098
f 4268 3239 3831
f 3445 3716 3165
f 3162 3629 3473
f 2442 4178 3961
f 2910 4001 2637
f 4254 3564 2386
f 3593 3252 3469
f 3674 3327 4332
f 2695 4324 4323
f 4048 3063 4240
f 3440 4005 2752
f 3519 4259 3217
f 2676 4273 2696
f 3047 3800 2708
f 2588 2636 2977
f 2979 4284 2955
f 2691 3174 2682
f 3261 3327 3674
f 3942 3540 2712
f 4331 3050 3796
f 2584 4257 2906
f 2482 3600 2649
f 2639 3453 3408
f 4009 4321 3153
f 3161 4134 3079
f 4130 3712 2539
f 2642 2688 2476
f 2418 3371 3068
f 2784 2227 2228
f 4080 3383 3550
f 3327 3261 3003
f 4188 4334 3042
f 2737 3765 3634
f 2874 4237 2505
f 3212 3293 3426
f 2984 4072 2679
f 3110 3085 2996
f 2992 3089 3140
f 3029 4329 4094
f 3832 3785 3586
f 4343 3363 3566
f 3732 3801 2553
f 3573 3874 2563
f 2942 2398 3432
f 2976 2954 2787
f 3072 3299 3538
f 2904 3812 3210
f 3054 2835 3999
f 3076 3847 3114
f 3016 2759 3847
f 2343 2805 4209
f 3759 2671 3400
f 2863 3274 2791
f 3271 2418 3068
f 3169 3727 4102
f 3022 2761 4149
f 4146 2829 3270
f 4148 3604 3610
f 3146 3870 4280
f 3016 4034 2705
f 2643 4090 4235
f 3081 4151 2473
f 3099 2757 2771
f 2395 2953 3913
f 2238 2239 4062
f 3426 3002 3501
f 2818 2712 4350
f 2956 2720 3853
f 3658 2939 3766
f 4088 3069 3965
f 2373 2920 3044
f 3523 3405 2495
f 4163 3163 3236
f 2811 3076 3114
f 3178 3602 3253
f 3347 2629 3751
f 3734 2530 4204
f 3800 3975 3333
f 4277 3707 3034
f 3981 3345 3854
f 2411 2635 3479
f 3610 3356 2411
f 3296 2472 2399
f 3428 3482 2970
f 2446 3676 2794
f 4338 2248 2249
f 3580 3376 4302
f 3399 4247 2434
f 2964 2694 3577
f 2860 2871 3073
f 3070 2487 3973
f 3788 3304 2601
f 2494 2607 2726
f 4173 3516 2413
f 3266 2696 4143
f 2491 2417 2659
f 4056 2591 2215
f 2387 2842 3875
f 3822 3699 3395
f 3459 2575 2579
f 3435 2401 3004
f 3992 2526 3022
f 4234 3913 3064
f 3483 3044 2920
f 3852 3309 3680
f 3662 4334 4188
f 4188 4119 2814
f 3153 3826 2557
f 4118 3418 3700
f 3614 3008 3787
f 4174 2834 3026
f 3557 3977 2593
f 3009 2810 2870
f 3615 3486 3939
f 3148 2715 3630
f 2832 2656 4008
f 2645 3794 3485
f 2747 3769 2451
f 3964 4250 3922
f 3728 3940 4032
f 2855 4179 4354
f 3194 4104 3948
f 3023 2572 4252
f 2953 3731 3913
f 3322 2447 3989
f 3489 2480 3989
f 2556 3935 3572
f 2968 2458 3081
f 2966 3736 4112
f 3900 4174 3648
f 2321 2573 3936
f 3724 3851 4084
f 2586 3877 3508
f 3333 3975 4186
f 4351 4014 4201
f 2672 3372 2511
f 3745 4291 3465
f 2760 2670 3465
f 3005 4068 2893
f 3484 3864 3332
f 3217 3623 4025
f 3996 3153 2550
f 4013 3930 2473
f 4013 2197 2198
f 4262 3518 3403
f 3352 4011 3830
f 3231 2231 3929
f 4072 3641 2370
f 2873 3437 3911
f 3033 3542 4231
f 3821 3809 3550
f 2218 2901 3990
f 3887 3268 3343
f 3225 2701 2909
f 3955 2681 3100
f 3486 4019 3224
f 3536 4075 3448
f 2643 2511 3372
f 3356 4312 3328
f 3627 4129 3396
f 4241 3155 2962
f 3072 3538 2481
f 2958 3819 2854
f 3250 2700 3303
f 3152 2804 4020
f 4024 3060 3981
f 3267 2611 2889
f 3814 3375 2529
f 3885 2543 3854
f 4208 4020 3740
f 2752 3593 4027
f 2492 4012 4120
f 4035 3917 2554
f 2580 2711 3168
f 3333 2708 3800
f 4333 4016 3683
f 3721 3379 4010
f 3777 3489 2447
f 2957 3782 3404
f 2531 3460 4357
f 2887 3605 4156
f 2588 2977 2258
f 3713 3717 3171
f 4305 3737 2429
f 3761 2680 2838
f 2638 2930 3817
f 4191 2799 3172
f 2549 3827 3905
f 3234 4036 3203
f 3661 3203 3521
f 2984 3596 2465
f 3143 4346 4222
f 3197 3382 3458
f 4192 3095 3141
f 3271 3068 3125
f 3961 2822 2442
f 2849 3340 3968
f 2652 4158 2714
f 3692 2406 4029
f 4202 3112 2666
f 2833 2740 3652
f 3633 3902 2276
f 2394 4200 2800
f 2477 3024 3697
f 2432 3339 2871
f 4245 2772 3340
f 2506 2824 2755
f 3567 2522 4224
f 3002 3426 3293
f 4338 2789 2662
f 2398 4217 3432
f 3734 3376 2786
f 4211 4045 2814
f 2693 2671 4364
f 2364 4049 3275
f 2946 2434 4247
f 2558 4137 3370
f 4137 3722 3338
f 3306 3600 2747
f 4186 3975 3516
f 3055 3664 3049
f 3963 3664 2601
f 3991 2488 3035
f 2639 3953 3453
f 4151 3617 3280
f 4196 2968 3081
f 2563 2610 2519
f 3174 3065 2682
f 3803 4305 2429
f 3215 3062 3417
f 4198 3938 2853
f 2324 2503 2323
f 3053 3990 2901
f 3139 3438 3894
f 4147 4095 3091
f 2497 2437 3715
f 3185 4216 3270
f 4187 3150 3135
f 3217 4259 3726
f 2950 2660 3349
f 3071 3350 2777
f 4313 3463 3071
f 2835 2980 3398
f 3330 2474 2470
f 3527 3967 2508
f 3985 4364 2898
f 3365 3272 2467
f 4065 2352 2353
f 2985 3778 2595
f 2371 3513 3253
f 3574 2224 2225
f 4131 2941 3011
f 2837 3440 2196
f 2889 4360 3269
f 2397 2422 3178
f 4230 3190 2293
f 2947 2821 4161
f 2986 3777 3197
f 2599 2744 2820
f 4199 3297 3598
f 3641 2465 4093
f 2717 4090 3372
f 3087 3192 2737
f 4237 3126 2505
f 3464 4076 2419
f 2778 4114 3412
f 4165 3840 3703
f 2651 2888 2667
f 3403 3323 3324
f 3860 4052 2589
f 3615 2568 4019
f 3179 3741 3563
f 2797 2551 3947
f 4332 2859 4117
f 3095 2684 2546
f 2720 3382 3853
f 2213 2392 2212
f 4197 3670 4085
f 2604 3423 3149
f 3753 2908 2519
f 2754 3474 2632
f 4061 3808 2455
f 3237 4113 2390
f 2422 3952 4066
f 3976 3201 2922
f 2769 4057 3477
f 3015 3517 4210
f 3233 2639 3408
f 3591 3602 4307
f 2286 3543 2751
f 4065 3390 3665
f 3807 3090 2824
f 3976 2729 2605
f 3936 2573 2915
f 3366 2585 2543
f 3153 3996 4261
f 3345 4296 3854
f 3564 2921 4033
f 3287 3691 4300
f 2778 4316 3619
f 2902 3281 3409
f 2243 3908 2242
f 3595 3231 3300
f 2970 3116 2565
f 3179 4295 2626
f 4079 4192 3458
f 3350 2526 2616
f 4241 2962 2765
f 3341 3935 3829
f 3705 3269 4360
f 3036 2723 3570
f 3292 4353 4317
f 3096 2427 2567
f 4330 2377 3733
f 3476 3400 3198
f 3310 2604 4053
f 2958 2854 3790
f 4243 3844 3767
f 3166 4361 3258
f 3826 3735 2557
f 3052 2562 4180
f 2689 2621 3250
f 3775 3979 4257
f 2590 3101 2569
f 3041 3379 2983
f 3742 2994 2427
f 4292 2510 3138
f 3082 4294 2583
f 2828 2727 3525
f 3389 4263 2410
f 2879 2937 3144
f 3233 2516 2443
f 3932 2836 4047
f 3453 3222 3249
f 2507 2650 3547
f 4167 3969 4149
f 2510 4102 3727
f 3329 3888 3268
f 3938 4350 3242
f 4223 2981 4242
f 2332 3478 2857
f 3648 3118 4097
f 2961 3739 3277
f 2629 3683 4016
f 4136 4022 2400
f 4109 4147 3091
f 3615 3939 3265
f 2822 4070 2442
f 3970 2806 3912
f 3573 2756 3874
f 3275 3918 3120
f 3950 2798 3223
f 4020 2672 3152
f 3830 3357 2460
f 2999 4096 3519
f 2814 4119 3816
f 3882 2559 2823
f 3319 4166 2622
f 2426 3239 4268
f 2493 4038 3322
f 3993 4133 3743
f 3520 3059 2581
f 4227 3698 2891
f 2876 4280 2466
f 3642 3457 4160
f 2831 2800 3295
f 3747 3565 3884
f 4035 4083 4113
f 3185 2509 2895
f 4207 3339 3708
f 3156 3798 3843
f 3291 2979 3577
f 2431 4299 2464
f 2341 4252 2572
f 2932 3656 3636
f 3136 3977 2703
f 4130 2524 4362
f 3008 3268 3714
f 3152 2511 4265
f 4090 2717 2429
f 3614 4328 3343
f 4210 3517 2391
f 3914 2388 2467
f 3725 2335 2336
f 4043 3732 2722
f 3579 3922 4100
f 2368 2750 3134
f 2953 3410 3731
f 3321 2528 2781
f 3511 4157 3155
f 2629 4016 3751
f 3112 2995 2666
f 3441 4064 3219
f 3119 4164 3806
f 3410 3023 3059
f 2342 4209 4252
f 3958 3966 2819
f 3487 3597 3007
f 2695 3980 2593
f 3900 4097 3182
f 3461 3405 2795
f 4142 2795 3405
f 3284 4143 3804
f 3975 2413 3516
f 3722 4283 3338
f 4016 2764 3232
f 3535 4145 4065
f 4065 3160 3535
f 3170 2547 4311
f 4116 3782 2957
f 2548 4269 2409
f 3211 3086 3865
f 3982 3891 2614
f 3041 2983 3925
f 3226 4046 3992
f 2664 3738 4180
f 3110 2289 3561
f 4125 3667 3784
f 3005 2893 2611
f 2632 3474 2453
f 2271 2272 4163
f 3048 4258 3794
f 3609 2531 3583
f 2949 2975 3481
f 2786 2530 3734
f 2495 3405 3461
f 2686 3755 3868
f 2500 3278 3057
f 3760 3869 3628
f 3454 2249 2250
f 2248 4338 3362
f 2562 3293 3515
f 2892 3858 2763
f 2785 2714 4158
f 3777 2986 3489
f 2926 2380 3658
f 3685 2515 3077
f 3793 4100 4250
f 4079 2720 2956
f 2658 2600 3855
f 3632 3288 3896
f 4320 4240 3871
f 2785 4158 3794
f 3177 3006 2874
f 3808 4012 3771
f 3027 3878 4101
f 4277 2204 2205
f 2869 4054 4278
f 4025 3351 3217
f 4119 4188 3042
f 3626 3494 3760
f 2236 3157 2235
f 3771 4012 3995
f 2750 3527 2347
f 2896 2825 3243
f 2768 3246 3756
f 3664 3573 2601
f 2462 4239 3649
f 4082 3415 2969
f 2878 3799 3718
f 4181 3533 3142
f 2880 4143 2696
f 3883 3800 3047
f 3197 4051 3382
f 2925 3096 3104
f 4128 4179 2495
f 3690 3845 2612
f 3517 2583 4206
f 2576 4176 3513
f 2561 4205 3450
f 2505 2819 3177
f 2625 3920 3634
f 4019 2542 4181
f 2803 2440 2648
f 3861 3405 3523
f 2431 2464 2454
f 3056 2962 3644
f 2616 4226 3435
f 3227 2554 3625
f 2542 4178 4181
f 3768 3030 3143
f 3763 2617 2525
f 2638 3773 4203
f 4289 4034 2706
f 3711 4358 3949
f 2876 2782 4280
f 2738 4091 3838
f 2391 3321 2781
f 3141 3458 4192
f 2374 3942 3374
f 3135 3459 3762
f 3569 4221 3548
f 3219 4087 3441
f 2695 2593 4324
f 2883 3718 4068
f 4089 3415 2734
f 3493 2614 3891
f 3109 3077 2515
f 3355 3265 3921
f 3833 3744 3986
f 3284 3234 3123
f 4094 3172 4327
f 3754 3035 2488
f 2878 2455 3771
f 3180 4352 2888
f 3153 2557 2550
f 3768 3839 2583
f 3246 4197 3713
f 2826 2192 3945
f 4196 3930 2199
f 2781 4169 4195
f 3222 3453 3953
f 2818 3942 2712
f 2517 4309 3416
f 2432 3837 3708
f 3290 4245 2982
f 3470 3412 3872
f 4241 3511 3155
f 3700 3882 4118
f 3349 3196 3931
f 2666 2995 3175
f 3133 4050 4270
f 2930 2638 4203
f 3443 2475 3098
f 2753 2776 2695
f 3753 3325 2908
f 2648 4094 4327
f 3823 4000 4253
f 3138 2510 3727
f 2501 4132 4022
f 2870 3505 3797
f 2634 2512 3499
f 2941 3720 3331
f 3296 2399 4356
f 2508 3967 2454
f 3447 4324 3136
f 3332 4195 4169
f 2942 3432 3878
f 4164 3867 3719
f 4189 2633 4061
f 3653 2549 3905
f 3192 3475 3818
f 3230 3844 2839
f 3581 3109 4190
f 2705 4289 2652
f 3290 3915 2772
f 2782 3834 3146
f 3755 4123 3870
f 4115 3636 3159
f 2810 3486 3224
f 3580 4055 4081
f 3189 4217 4170
f 3623 3217 3726
f 2993 2367 2355
f 3228 2396 4073
f 3187 2930 3254
f 2377 2520 3733
f 2818 4350 4002
f 2812 2687 3699
f 2825 2934 3077
f 2400 3815 3910
f 3886 2481 2394
f 3377 3629 2858
f 2729 3716 4084
f 2373 2459 2693
f 2563 3874 2610
f 3273 4225 3708
f 2860 3790 2854
f 3515 3293 2597
f 2616 3004 2777
f 2973 2896 3642
f 2787 3714 4272
f 2405 2865 4228
f 3399 2434 2755
f 3934 3123 3234
f 2739 2939 3210
f 4103 2978 4004
f 2629 2718 3683
f 2684 4192 4070
f 2736 2741 3277
f 2836 4135 4047
f 3028 2808 4359
f 3685 4213 2891
f 3278 2500 2700
f 3064 3746 2428
f 2523 2897 3478
f 3418 3346 4296
f 2721 4262 4351
f 3228 3436 3111
f 2609 2280 2281
f 3958 4183 2965
f 2833 3652 3666
f 4076 3464 3754
f 3894 2933 3139
f 2559 3171 2408
f 3035 3754 2646
f 3524 4162 2589
f 3500 4174 3094
f 2526 3350 4092
f 3030 3015 3983
f 3158 2315 2513
f 3193 3158 3637
f 3678 3819 2958
f 3566 3317 4343
f 3076 2383 3847
f 4066 2730 2948
f 3220 2714 2785
f 2730 4125 3784
f 4246 2358 2359
f 4246 3173 2521
f 3519 3705 3786
f 3852 2376 2699
f 4293 4005 2837
f 2837 2196 2197
f 3701 2596 3891
f 3620 2507 3547
f 2394 2831 4102
f 4294 2430 4074
f 2493 2406 3521
f 2375 4270 4283
f 3023 4209 3497
f 3731 3410 3059
f 2390 4113 2730
f 2918 3106 3151
f 2716 3414 4062
f 3296 2559 2472
f 2285 2286 2751
f 3591 4307 3130
f 4108 2633 2801
f 4218 4298 3726
f 4125 4113 4083
f 3089 2992 3960
f 4127 3016 3381
f 4322 2854 3819
f 2587 4096 2999
f 2492 4120 3430
f 2228 3245 3595
f 2387 3875 2692
f 2957 3404 3460
f 2886 2518 3897
f 3781 3336 2385
f 3030 3768 2583
f 3429 4140 3006
f 2680 3761 3541
f 3378 3842 4260
f 2784 3300 3397
f 3152 4265 2208
f 3882 2472 2559
f 3501 2386 4349
f 3501 4254 2386
f 3239 2474 3466
f 3671 3895 2971
f 4317 3890 2619
f 2578 2739 4111
f 2744 3755 2686
f 4109 3021 3706
f 2298 2299 3380
f 3554 4283 4270
f 4315 2457 2743
f 3988 4030 4353
f 2974 3983 4339
f 3109 3581 3243
f 3911 3437 3553
f 4273 2380 2463
f 3716 2416 2489
f 2816 2666 3512
f 3722 4137 2558
f 2926 3766 4159
f 3967 3504 2836
f 2865 2824 4228
f 2543 3885 2651
f 3034 2204 4277
f 3267 3103 3415
f 3196 3349 2660
f 3066 2660 2950
f 3694 4261 3996
f 3200 2724 2407
f 2599 2500 4155
f 2890 3301 3752
f 3607 3301 4088
f 3901 3830 4011
f 3754 2488 4076
f 3302 4202 2816
f 3312 3512 2809
f 4284 3597 3381
f 2724 2254 2255
f 3509 3264 2569
f 2440 4335 3498
f 4353 2657 4317
f 3570 3820 2715
f 3905 3827 3837
f 2379 2439 3979
f 3784 2461 3688
f 3525 2534 3958
f 2849 2714 3220
f 2625 4184 3522
f 3495 2542 4285
f 2471 3884 4244
f 2983 3721 3358
f 4359 4354 3449
f 2247 3362 3014
f 4182 3387 3244
f 2968 4196 2200
f 2968 3320 2458
f 2713 3442 3511
f 4210 2768 3015
f 4191 2414 2799
f 4161 4051 3911
f 3171 2535 2408
f 2667 2817 3931
f 3556 2818 2997
f 4084 3851 2605
f 3935 4347 3829
f 3120 3677 3402
f 2697 2952 4006
f 3028 4359 3449
f 2843 4300 3691
f 3171 3717 2535
f 2826 3647 3528
f 4054 2555 4278
f 3994 4164 3119
f 3682 3567 4224
f 2366 4347 2365
f 3947 3647 3654
f 3924 3671 2971
f 3401 2503 2324
f 3132 2817 4352
f 2672 4208 4026
f 4055 3580 4302
f 4045 2872 2814
f 4183 2840 2965
f 3582 4219 4086
f 2932 3797 3563
f 4322 3836 2854
f 2423 3639 3467
f 3951 2966 2994
f 2510 4292 2394
f 3750 3311 2460
f 2593 3977 3136
f 3580 3849 2975
f 3912 2654 3903
f 2432 2871 4326
f 2777 4266 3529
f 3770 2669 3923
f 3898 3127 4266
f 3205 2830 3276
f 3876 3650 2653
f 3142 3101 3224
f 3056 2501 2765
f 4362 3169 3385
f 2560 2452 3392
f 2388 3914 3557
f 4057 3796 4304
f 3585 4340 2468
f 3061 3660 2369
f 2664 4226 3619
f 3679 3635 3353
f 2547 3170 3471
f 2886 3897 2852
f 2843 2559 2408
f 3530 4212 2989
f 2548 2958 3790
f 2494 4291 2607
f 2988 4112 2723
f 3209 2618 4077
f 2393 3932 4099
f 2782 4032 3834
f 2849 4212 3858
f 2977 3940 4071
f 3844 3880 2839
f 4263 4106 2991
f 3587 3078 3232
f 2850 2677 3787
f 2497 4130 4362
f 3586 3975 3832
f 2476 3335 3019
f 3113 3899 2626
f 4365 2956 3488
f 3831 3107 2769
f 2498 3514 3251
f 4347 2556 2365
f 3726 4298 3623
f 2491 4029 4041
f 3370 2300 2301
f 3807 2824 2865
f 2756 3055 2486
f 2813 2379 2490
f 4335 2440 2803
f 2335 4336 2334
f 3373 2523 4336
f 3191 3704 3256
f 2927 3965 3069
f 2940 3689 2466
f 3124 3386 2800
f 3713 3296 4356
f 3562 3417 2435
f 3683 3462 2537
f 3724 3393 3851
f 2328 2329 3895
f 3671 3924 2327
f 2545 4105 3255
f 4033 3894 3959
f 2411 4148 3610
f 2806 3970 3982
f 3381 2892 4284
f 2588 3122 2469
f 4099 3028 3449
f 2846 2776 2753
f 3221 2643 4235
f 4033 3959 3928
f 2698 3327 3067
f 4256 3434 2841
f 2743 2665 3467
f 3621 2906 3259
f 3875 4017 3596
f 3011 3821 2627
f 2380 3413 2463
f 2523 3373 2897
f 3287 3258 4361
f 3037 3691 2721
f 3081 2473 3930
f 3323 2852 2972
f 2708 4363 3639
f 2723 3036 3500
f 2808 3028 3044
f 3504 2368 4355
f 3431 3364 4145
f 2352 3665 2351
f 3687 3346 2385
f 2574 3845 3305
f 3279 2886 2852
f 3145 4126 3493
f 3200 3728 4032
f 2251 2252 3605
f 4003 3746 3520
f 2571 2346 3527
f 3326 2587 4256
f 2859 4332 2698
f 2677 2850 2646
f 3323 3287 4361
f 3385 2497 4362
f 2662 3086 3211
f 4161 3911 3315
f 3000 4198 3736
f 3038 3452 3491
f 3524 3849 3580
f 2412 3804 4008
f 2983 3379 3721
f 3320 4278 2458
f 2960 2639 2443
f 4735 4686 4542
f 4570 4623 4367
f 4648 4371 4690
f 4481 4705 4737
f 4743 4594 4686
f 4371 4648 4372
f 4602 4487 4481
f 4703 4602 4699
f 4487 4609 4472
f 4735 4542 4705
f 4735 4567 4608
f 4609 4704 4375
f 4643 4719 4547
f 4666 4370 4369
f 4514 4603 4505
f 4457 4708 4458
f 4564 4651 4543
f 4728 4544 4705
f 4651 4575 4736
f 4544 4671 4642
f 4550 4462 4644
f 4620 4513 4684
f 4639 4469 4599
f 4674 4675 4590
f 4601 4580 4618
f 4533 4462 4526
f 4477 4598 4634
f 4390 4599 4391
f 4475 4590 4611
f 4591 4400 4399
f 4556 4669 4499
f 4470 4731 4525
f 4693 4558 4630
f 4571 4396 4395
f 4517 4688 4653
f 4640 4402 4401
f 4678 4591 4498
f 4572 4511 4521
f 4724 4494 4462
f 4517 4405 4688
f 4585 4632 4750
f 4759 4593 4541
f 4403 4402 4491
f 4507 4751 4726
f 4659 4668 4740
f 4676 4677 4553
f 4718 4553 4677
f 4534 4406 4483
f 4729 4587 4614
f 4614 4587 4619
f 4411 4718 4507
f 4721 4659 4740
f 4405 4483 4406
f 4422 4530 4423
f 4748 4489 4733
f 4416 4415 4744
f 4726 4657 4414
f 4733 4641 4732
f 4478 4614 4531
f 4518 4654 4485
f 4659 4721 4493
f 4579 4641 4733
f 4541 4467 4654
f 4619 4587 4649
f 4752 4432 4616
f 4694 4548 4631
f 4738 4624 4467
f 4746 4566 4429
f 4477 4663 4463
f 4577 4498 4509
f 4662 4596 4629
f 4752 4616 4745
f 4633 4752 4745
f 4739 4675 4637
f 4490 4712 4697
f 4731 4515 4661
f 4725 4647 4474
f 4549 4545 4639
f 4443 4702 4444
f 4599 4469 4597
f 4723 4564 4604
f 4563 4665 4620
f 4742 4608 4567
f 4376 4704 4741
f 4711 4727 4575
f 4651 4736 4543
f 4594 4561 4686
f 4524 4638 4473
f 4368 4589 4560
f 4481 4728 4705
f 4708 4508 4529
f 4369 4560 4666
f 4367 4461 4570
f 4498 4577 4546
f 4468 4694 4552
f 4576 4541 4573
f 4559 4670 4682
f 4578 4666 4560
f 4589 4529 4560
f 4583 4607 4681
f 4444 4702 4465
f 4546 4655 4480
f 4501 4682 4670
f 4610 4534 4649
f 4562 4657 4751
f 4445 4444 4465
f 4626 4758 4680
f 4695 4558 4538
f 4503 4607 4613
f 4550 4644 4712
f 4687 4756 4667
f 4513 4679 4684
f 4446 4506 4447
f 4374 4472 4609
f 4699 4602 4482
f 4608 4742 4646
f 4656 4699 4482
f 4731 4661 4525
f 4739 4532 4694
f 4462 4494 4526
f 4585 4517 4653
f 4432 4466 4433
f 4485 4740 4531
f 4588 4612 4559
f 4663 4501 4670
f 4706 4586 4660
f 4744 4617 4416
f 4491 4709 4653
f 4426 4749 4622
f 4653 4709 4592
f 4515 4509 4498
f 4703 4609 4487
f 4381 4380 4547
f 4580 4722 4603
f 4728 4472 4710
f 4592 4585 4653
f 4425 4749 4426
f 4515 4662 4629
f 4674 4680 4675
f 4531 4614 4518
f 4706 4660 4497
f 4691 4510 4452
f 4537 4679 4495
f 4717 4456 4516
f 4374 4609 4375
f 4720 4564 4723
f 4656 4741 4699
f 4420 4489 4421
f 4652 4734 4749
f 4611 4533 4526
f 4552 4532 4689
f 4483 4750 4649
f 4688 4405 4404
f 4582 4504 4743
f 4451 4691 4452
f 4493 4721 4527
f 4721 4485 4527
f 4475 4519 4503
f 4724 4393 4494
f 4667 4523 4687
f 4554 4506 4495
f 4437 4747 4438
f 4491 4402 4640
f 4676 4729 4478
f 4530 4422 4421
f 4746 4428 4755
f 4678 4400 4591
f 4724 4395 4394
f 4572 4466 4511
f 4554 4448 4447
f 4685 4535 4524
f 4436 4574 4512
f 4466 4628 4511
f 4447 4506 4554
f 4471 4683 4753
f 4723 4387 4720
f 4599 4664 4639
f 4743 4504 4685
f 4722 4502 4505
f 4700 4385 4384
f 4514 4693 4583
f 4549 4618 4545
f 4574 4435 4476
f 4579 4733 4489
f 4718 4411 4410
f 4705 4544 4692
f 4692 4735 4705
f 4725 4637 4523
f 4577 4655 4546
f 4679 4537 4684
f 4719 4381 4547
f 4429 4566 4430
f 4630 4687 4758
f 4435 4574 4436
f 4552 4470 4525
f 4547 4380 4540
f 4471 4504 4492
f 4565 4683 4486
f 4595 4604 4539
f 4480 4709 4491
f 4591 4399 4398
f 4500 4385 4700
f 4377 4741 4378
f 4593 4573 4541
f 4755 4659 4493
f 4738 4616 4714
f 4744 4562 4555
f 4490 4697 4548
f 4397 4396 4499
f 4613 4606 4503
f 4632 4585 4672
f 4747 4569 4438
f 4612 4596 4559
f 4642 4528 4544
f 4651 4700 4575
f 4669 4556 4712
f 4631 4548 4590
f 4715 4453 4510
f 4544 4728 4671
f 4437 4436 4512
f 4599 4713 4391
f 4468 4525 4661
f 4520 4588 4576
f 4605 4730 4621
f 4586 4677 4660
f 4368 4560 4369
f 4683 4679 4513
f 4589 4464 4529
f 4719 4643 4488
f 4748 4734 4652
f 4419 4489 4420
f 4622 4668 4659
f 4718 4751 4507
f 4662 4515 4731
f 4499 4669 4605
f 4499 4398 4397
f 4572 4434 4433
f 4480 4640 4546
f 4654 4759 4541
f 4658 4701 4488
f 4671 4648 4642
f 4567 4735 4692
f 4671 4710 4648
f 4387 4595 4388
f 4613 4607 4635
f 4469 4650 4636
f 4702 4443 4647
f 4580 4545 4618
f 4681 4650 4627
f 4742 4454 4715
f 4608 4743 4686
f 4738 4467 4760
f 4755 4428 4427
f 4528 4692 4544
f 4524 4536 4561
f 4543 4736 4581
f 4543 4707 4601
f 4692 4673 4567
f 4372 4710 4373
f 4506 4695 4538
f 4722 4580 4601
f 4612 4520 4568
f 4391 4713 4392
f 4708 4529 4464
f 4528 4508 4673
f 4434 4572 4521
f 4621 4591 4398
f 4606 4475 4503
f 4545 4681 4627
f 4713 4494 4392
f 4725 4761 4637
f 4632 4593 4496
f 4641 4579 4418
f 4712 4644 4697
f 4724 4550 4571
f 4414 4657 4415
f 4610 4716 4479
f 4658 4737 4701
f 4565 4679 4683
f 4718 4677 4562
f 4497 4660 4478
f 4713 4526 4494
f 4398 4499 4621
f 4738 4745 4616
f 4571 4550 4556
f 4504 4753 4685
f 4597 4636 4526
f 4750 4517 4585
f 4761 4532 4739
f 4459 4464 4623
f 4690 4642 4648
f 4565 4450 4449
f 4700 4711 4575
f 4654 4467 4527
f 4696 4641 4617
f 4584 4522 4488
f 4522 4727 4711
f 4604 4564 4618
f 4382 4522 4383
f 4720 4651 4564
f 4691 4471 4492
f 4714 4616 4430
f 4428 4746 4429
f 4737 4602 4481
f 4643 4757 4658
f 4641 4417 4617
f 4490 4605 4669
f 4477 4470 4598
f 4634 4512 4663
f 4717 4508 4708
f 4570 4461 4460
f 4697 4644 4533
f 4388 4539 4389
f 4430 4616 4431
f 4576 4760 4541
f 4434 4476 4435
f 4732 4641 4696
f 4730 4605 4661
f 4463 4470 4477
f 4439 4569 4440
f 4550 4712 4556
f 4626 4674 4606
f 4628 4588 4682
f 4548 4468 4490
f 4611 4590 4533
f 4481 4487 4728
f 4728 4487 4472
f 4706 4497 4732
f 4418 4579 4419
f 4536 4473 4701
f 4558 4756 4630
f 4535 4685 4665
f 4736 4615 4581
f 4540 4379 4656
f 4492 4510 4691
f 4680 4637 4675
f 4604 4618 4549
f 4737 4705 4542
f 4715 4510 4582
f 4750 4483 4517
f 4730 4498 4591
f 4729 4553 4716
f 4412 4507 4726
f 4491 4688 4403
f 4740 4668 4551
f 4661 4515 4730
f 4745 4760 4633
f 4589 4368 4623
f 4671 4728 4710
f 4736 4575 4727
f 4747 4512 4634
f 4476 4501 4574
f 4396 4556 4499
f 4616 4432 4431
f 4515 4629 4509
f 4466 4432 4752
f 4600 4592 4655
f 4584 4615 4727
f 4567 4673 4516
f 4680 4758 4523
f 4532 4569 4689
f 4590 4675 4631
f 4621 4730 4591
f 4539 4664 4389
f 4495 4506 4538
f 4441 4484 4474
f 4573 4520 4576
f 4603 4681 4580
f 4583 4635 4607
f 4525 4468 4552
f 4610 4587 4729
f 4736 4727 4615
f 4538 4754 4537
f 4385 4500 4386
f 4656 4482 4540
f 4630 4756 4687
f 4563 4638 4535
f 4695 4756 4558
f 4606 4613 4626
f 4678 4640 4401
f 4758 4687 4523
f 4588 4633 4576
f 4697 4533 4590
f 4561 4536 4542
f 4747 4437 4512
f 4691 4451 4486
f 4454 4453 4715
f 4710 4472 4373
f 4703 4704 4609
f 4496 4593 4759
f 4755 4493 4746
f 4606 4674 4475
f 4571 4395 4724
f 4548 4697 4590
f 4515 4498 4730
f 4439 4438 4569
f 4471 4753 4504
f 4752 4633 4628
f 4628 4633 4588
f 4536 4524 4473
f 4581 4563 4707
f 4669 4712 4490
f 4624 4714 4566
f 4553 4729 4676
f 4586 4562 4677
f 4465 4446 4445
f 4664 4599 4390
f 4588 4520 4612
f 4733 4734 4748
f 4711 4384 4383
f 4486 4450 4565
f 4396 4571 4556
f 4534 4407 4406
f 4586 4696 4555
f 4423 4645 4424
f 4458 4708 4464
f 4508 4578 4529
f 4622 4427 4426
f 4714 4430 4566
f 4651 4720 4500
f 4495 4679 4625
f 4470 4552 4598
f 4754 4693 4514
f 4535 4638 4524
f 4635 4693 4630
f 4632 4672 4593
f 4574 4663 4512
f 4574 4501 4663
f 4752 4628 4466
f 4630 4758 4635
f 4679 4565 4625
f 4573 4672 4557
f 4754 4558 4693
f 4649 4496 4619
f 4480 4655 4709
f 4714 4624 4738
f 4622 4749 4668
f 4463 4663 4670
f 4663 4477 4634
f 4739 4631 4675
f 4603 4722 4505
f 4723 4604 4595
f 4469 4636 4597
f 4713 4599 4597
f 4484 4761 4474
f 4468 4661 4490
f 4516 4455 4742
f 4611 4526 4519
f 4638 4581 4615
f 4403 4688 4404
f 4511 4682 4501
f 4483 4405 4517
f 4652 4424 4645
f 4471 4691 4486
f 4510 4492 4582
f 4472 4374 4373
f 4741 4377 4376
f 4635 4626 4613
f 4550 4724 4462
f 4530 4645 4423
f 4677 4676 4660
f 4561 4542 4686
f 4685 4753 4665
f 4495 4538 4537
f 4647 4725 4667
f 4529 4578 4560
f 4666 4690 4370
f 4732 4696 4706
f 4546 4640 4678
f 4720 4387 4386
f 4526 4636 4519
f 4584 4727 4522
f 4701 4737 4536
f 4744 4657 4562
f 4652 4425 4424
f 4568 4600 4509
f 4748 4652 4645
f 4732 4497 4551
f 4485 4531 4518
f 4568 4520 4557
f 4503 4636 4650
f 4699 4704 4703
f 4537 4754 4514
f 4617 4744 4555
f 4726 4413 4412
f 4741 4704 4699
f 4757 4602 4737
f 4660 4676 4478
f 4586 4706 4696
f 4649 4534 4483
f 4410 4409 4698
f 4756 4465 4702
f 4392 4494 4393
f 4557 4520 4573
f 4592 4600 4672
f 4747 4689 4569
f 4559 4596 4670
f 4601 4707 4722
f 4538 4558 4754
f 4742 4455 4454
f 4647 4667 4702
f 4708 4457 4717
f 4648 4710 4372
f 4636 4503 4519
f 4475 4611 4519
f 4732 4734 4733
f 4716 4610 4729
f 4474 4761 4725
f 4604 4549 4539
f 4662 4470 4463
f 4484 4569 4532
f 4594 4524 4561
f 4459 4623 4460
f 4501 4521 4511
f 4577 4600 4655
f 4455 4516 4456
f 4623 4570 4460
f 4514 4583 4603
f 4682 4588 4559
f 4694 4631 4739
f 4626 4680 4674
f 4479 4407 4534
f 4489 4748 4645
f 4718 4410 4698
f 4497 4531 4551
f 4400 4678 4401
f 4731 4470 4662
f 4448 4554 4625
f 4535 4665 4563
f 4476 4434 4521
f 4601 4618 4543
f 4484 4532 4761
f 4505 4502 4684
f 4694 4468 4548
f 4629 4596 4612
f 4737 4542 4536
f 4565 4448 4625
f 4383 4522 4711
f 4707 4563 4502
f 4482 4757 4643
f 4492 4504 4582
f 4486 4683 4471
f 4565 4449 4448
f 4537 4514 4505
f 4680 4523 4637
f 4546 4678 4498
f 4568 4629 4612
f 4621 4499 4605
f 4521 4501 4476
f 4690 4666 4578
f 4717 4516 4673
f 4719 4382 4381
f 4473 4638 4615
f 4379 4540 4380
f 4658 4757 4737
f 4465 4695 4506
f 4681 4607 4650
f 4747 4598 4689
f 4761 4739 4637
f 4539 4549 4639
f 4590 4475 4674
f 4417 4416 4617
f 4555 4696 4617
f 4693 4635 4583
f 4583 4681 4603
f 4553 4698 4716
f 4518 4614 4619
f 4602 4703 4487
f 4742 4567 4516
f 4563 4581 4638
f 4634 4598 4747
f 4452 4510 4453
f 4387 4723 4595
f 4626 4635 4758
f 4756 4702 4667
f 4719 4488 4522
f 4717 4457 4456
f 4615 4584 4473
f 4690 4528 4642
f 4528 4578 4508
f 4618 4564 4543
f 4698 4553 4718
f 4527 4485 4654
f 4685 4524 4594
f 4701 4473 4584
f 4623 4368 4367
f 4482 4602 4757
f 4750 4496 4649
f 4593 4672 4573
f 4623 4464 4589
f 4458 4464 4459
f 4743 4646 4582
f 4378 4741 4656
f 4533 4644 4462
f 4597 4526 4713
f 4639 4545 4627
f 4580 4681 4545
f 4760 4467 4541
f 4551 4734 4732
f 4486 4451 4450
f 4522 4382 4719
f 4491 4640 4480
f 4555 4562 4586
f 4528 4690 4578
f 4711 4700 4384
f 4562 4751 4718
f 4633 4760 4576
f 4488 4643 4658
f 4722 4707 4502
f 4694 4532 4552
f 4502 4620 4684
f 4750 4632 4496
f 4668 4734 4551
f 4743 4608 4646
f 4390 4389 4664
f 4490 4661 4605
f 4469 4639 4627
f 4639 4664 4539
f 4552 4689 4598
f 4474 4647 4442
f 4568 4557 4600
f 4413 4726 4414
f 4751 4657 4726
f 4707 4543 4581
f 4595 4539 4388
f 4690 4371 4370
f 4742 4715 4646
f 4527 4624 4493
f 4478 4729 4614
f 4724 4394 4393
f 4446 4465 4506
f 4709 4655 4592
f 4509 4600 4577
f 4493 4624 4746
f 4688 4491 4653
f 4744 4415 4657
f 4641 4418 4417
f 4479 4716 4408
f 4497 4478 4531
f 4508 4717 4673
f 4701 4584 4488
f 4502 4563 4620
f 4656 4379 4378
f 4684 4537 4505
f 4753 4513 4620
f 4659 4755 4622
f 4738 4760 4745
f 4607 4503 4650
f 4720 4386 4500
f 4412 4411 4507
f 4740 4485 4721
f 4375 4704 4376
f 4540 4482 4643
f 4643 4547 4540
f 4646 4715 4582
f 4743 4685 4594
f 4554 4495 4625
f 4421 4489 4530
f 4408 4407 4479
f 4746 4624 4566
f 4759 4619 4496
f 4518 4759 4654
f 4619 4759 4518
f 4662 4463 4596
f 4569 4484 4440
f 4419 4579 4489
f 4587 4610 4649
f 4531 4740 4551
f 4527 4467 4624
f 4534 4610 4479
f 4755 4427 4622
f 4716 4698 4409
f 4749 4425 4652
f 4463 4670 4596
f 4433 4466 4572
f 4753 4683 4513
f 4665 4753 4620
f 4695 4465 4756
f 4627 4650 4469
f 4530 4489 4645
f 4408 4716 4409
f 4443 4442 4647
f 4667 4725 4523
f 4608 4686 4735
f 4692 4528 4673
f 4440 4484 4441
f 4700 4651 4500
f 4672 4600 4557
f 4672 4585 4592
f 4749 4734 4668
f 4511 4628 4682
f 4474 4442 4441
f 4629 4568 4509
f 5049 4967 4880
f 4855 4856 4988
f 5111 5023 4912
f 5013 5010 4921
f 4850 5139 4989
f 4921 4851 4852
f 5099 4766 4922
f 5059 5000 5028
f 4771 4772 5103
f 4773 4774 5102
f 4935 4853 4854
f 5148 4971 4931
f 4937 4979 4990
f 5096 5069 5075
f 4912 5023 5116
f 4926 4770 5103
f 4910 4966 4868
f 5012 4887 4939
f 4962 4925 4780
f 5075 4931 4971
f 4916 4872 4990
f 5149 5005 5018
f 4977 4782 4783
f 4937 5030 5115
f 4925 4872 4779
f 5007 4978 5019
f 4940 4991 4916
f 4875 4955 5086
f 5142 5117 5063
f 5104 4799 4800
f 5124 4948 4904
f 5094 5036 5086
f 5077 4882 4898
f 4898 4938 5077
f 5078 4918 5144
f 5017 4797 4798
f 4934 4858 5034
f 4964 5056 4871
f 4874 4898 4949
f 4874 4948 5045
f 5109 4917 5106
f 4791 4792 5129
f 5106 4917 4992
f 4904 4948 4874
f 4913 5015 4968
f 4964 4862 4803
f 5002 4961 4811
f 5009 4994 4995
f 4801 4802 5117
f 4861 5131 5034
f 4813 4995 4812
f 5137 5119 5057
f 4987 4885 4816
f 4814 5009 4995
f 4817 4818 4816
f 4819 5128 4987
f 5041 5082 4886
f 4961 4810 4811
f 4947 5106 4992
f 4808 4809 4963
f 4822 4823 5136
f 4975 5024 5080
f 4825 5073 4824
f 4975 4950 5085
f 4799 5104 5141
f 5137 5057 4827
f 4834 4835 5033
f 4828 4829 5027
f 5089 4820 4821
f 4976 5007 5019
f 4831 5095 4830
f 5125 4867 5095
f 4829 4927 5027
f 5083 4951 5044
f 5095 4927 4830
f 4893 4936 4958
f 4955 5018 4976
f 5070 5094 4941
f 4875 5086 5014
f 5018 4955 5149
f 4790 5025 4860
f 4993 4910 4905
f 5120 5090 5001
f 4896 4932 4966
f 5068 5064 4954
f 4846 4932 4845
f 5008 4868 4966
f 4970 5099 5074
f 5048 5043 4880
f 4846 4847 4932
f 5010 4880 4967
f 5020 4953 4970
f 4921 4967 5139
f 5085 5027 5026
f 5129 5031 4918
f 5050 5041 4934
f 4899 4857 4873
f 5072 4952 5033
f 4976 4941 5118
f 5058 4901 4909
f 5014 4902 4930
f 4949 4796 4797
f 5121 5126 4981
f 4995 4813 4814
f 4800 4801 5142
f 5104 5004 5141
f 5080 4950 4975
f 4884 4903 4959
f 4776 4777 5021
f 5084 5098 5090
f 5035 5066 4958
f 5051 5032 4907
f 4900 5068 4954
f 5026 4929 4857
f 5127 4919 4897
f 5001 5051 4907
f 5135 5115 5040
f 5027 5085 5137
f 5152 4917 4913
f 5038 4870 4915
f 5039 5012 4916
f 5034 4863 4861
f 4943 5073 5082
f 5084 4883 4884
f 4912 5116 5042
f 5063 4861 4890
f 4866 4865 5147
f 4882 4794 4795
f 4960 5098 5123
f 5123 5098 4876
f 5101 4793 4794
f 4936 4876 4902
f 4837 4838 4893
f 5037 5043 5048
f 4946 4960 5123
f 4878 4945 5145
f 4927 5026 5027
f 5111 5069 5096
f 4926 5103 4933
f 5075 5069 4931
f 5037 4912 5043
f 5138 5037 5110
f 4854 5134 4935
f 5145 4945 4909
f 4969 4857 4911
f 4996 4896 5047
f 4834 5033 5088
f 5062 4876 5098
f 4928 4887 5039
f 4974 4804 4805
f 4913 4968 5152
f 5026 4972 4929
f 5050 4934 4944
f 4777 4778 4939
f 5029 5115 5135
f 4900 4982 5046
f 4859 4907 5032
f 5090 5051 5001
f 5044 4838 4839
f 5152 5065 4919
f 5022 4796 4949
f 5067 4975 4899
f 5126 5065 4981
f 4833 5088 5125
f 5098 4960 5090
f 5094 5070 5078
f 4877 4840 4841
f 4980 5120 4888
f 4887 5021 4939
f 5150 4920 5112
f 4843 5087 4892
f 4877 5083 4840
f 4998 4957 4907
f 5093 4874 4949
f 4995 4994 4924
f 4929 4911 4857
f 5118 5094 5086
f 5050 5082 5041
f 4873 4948 5067
f 4979 4915 4940
f 4920 4956 4977
f 5144 5113 4985
f 4959 5149 5062
f 4955 5118 5086
f 4938 4878 4985
f 4883 5090 5120
f 4976 5019 4941
f 5125 4952 4867
f 5145 5144 4985
f 4914 5052 5151
f 5001 4957 4888
f 5107 4929 4867
f 5019 4788 4999
f 4876 4936 4951
f 5062 4902 4876
f 5135 5068 5029
f 4956 5055 4977
f 4951 5123 4876
f 5145 4909 5078
f 4838 5044 4893
f 4864 5060 5105
f 4992 4919 5127
f 5040 4920 5150
f 5020 5132 5154
f 5021 4887 4971
f 5128 4819 4820
f 4913 4917 5109
f 4926 4933 4965
f 4953 5020 4764
f 4895 4910 4993
f 5079 5052 4914
f 4847 4881 5008
f 4923 5028 4768
f 4973 5063 5117
f 5131 5106 5034
f 4918 5031 5144
f 4901 5078 4909
f 5152 4968 5065
f 5143 4806 4807
f 5098 5084 5062
f 5044 4936 4893
f 4765 4953 4764
f 5148 5102 4774
f 5099 4922 5074
f 5105 5003 4868
f 4908 5096 4928
f 4922 4766 4767
f 5015 5108 5054
f 4871 5109 4973
f 4916 5012 4872
f 5151 4868 5003
f 4965 5006 5138
f 4853 4935 5013
f 5124 4891 4863
f 5088 5033 4952
f 4887 5012 5039
f 4998 4907 4859
f 5072 5156 4952
f 5122 5030 4937
f 5144 5031 5113
f 4790 4791 5025
f 4926 4965 4923
f 4847 4848 4881
f 4922 5000 5059
f 5087 4844 4996
f 4770 4771 5103
f 5154 4935 5134
f 4885 5121 5009
f 4825 4886 5073
f 5020 4763 4764
f 5013 4852 4853
f 5113 5114 4985
f 5051 5090 4960
f 4892 4842 4843
f 4997 4983 4785
f 5149 4930 5062
f 5117 4802 4862
f 4879 4775 4776
f 5039 4991 5079
f 4984 4946 4877
f 5038 4993 4905
f 5072 5066 5153
f 5140 4792 4793
f 4978 4787 4788
f 4941 4942 5070
f 5092 5089 4821
f 4823 4943 5136
f 5124 4975 5067
f 5155 5101 4794
f 5140 5129 4792
f 5083 4877 4946
f 5133 5081 5076
f 5066 5133 4958
f 4898 4874 5045
f 5143 5091 4806
f 4973 5109 5131
f 5141 4798 4799
f 4945 4878 4911
f 5141 5004 5093
f 5108 5091 5054
f 5045 4873 4969
f 5061 4893 5133
f 4906 4889 4866
f 5076 4835 4836
f 4828 5137 4827
f 5100 5013 4935
f 5000 4767 4768
f 5122 4962 4780
f 4925 4779 4780
f 5147 5112 5011
f 4958 4936 4902
f 5030 5040 5115
f 4866 5147 5011
f 4954 5071 4980
f 4768 4769 4923
f 5149 4875 4930
f 4832 5125 4831
f 4983 4894 4784
f 4908 4914 4986
f 5051 4946 5032
f 5006 4933 4931
f 5054 5143 5146
f 4807 4808 4963
f 4959 5084 4884
f 4978 4788 5019
f 4995 4924 4812
f 5053 4800 5142
f 5109 5056 4913
f 5056 4964 4974
f 4887 4928 4971
f 5006 4931 5069
f 4786 4787 4997
f 4778 4779 4872
f 5006 4965 4933
f 4910 4868 4905
f 5146 4961 5054
f 4944 4947 4992
f 4950 5119 5085
f 4955 4976 5118
f 5016 4988 4762
f 4763 5016 4762
f 5105 5008 4881
f 4926 4923 4769
f 5073 4943 4824
f 4869 5050 4944
f 4862 4964 4871
f 5053 4890 5004
f 5119 4886 5057
f 5017 4949 4797
f 4890 4891 5004
f 4911 4929 5107
f 4866 4889 4865
f 5112 4894 4983
f 5018 4906 5007
f 5011 4983 4997
f 4930 4875 5014
f 5140 5031 5129
f 5120 4980 4883
f 5012 4939 4872
f 4959 5062 5084
f 4850 4851 5139
f 5009 4814 4815
f 4917 5152 4992
f 4776 5021 4879
f 4900 4954 4980
f 4872 4925 4990
f 4843 4844 5087
f 5025 4942 4860
f 5046 4982 5038
f 5095 4972 4927
f 5114 5077 4985
f 4908 5079 4914
f 5130 4864 4881
f 4981 4994 5009
f 4815 4885 5009
f 4967 5049 4864
f 4852 5013 4921
f 5150 5147 4865
f 5020 5154 5016
f 4982 4895 4993
f 4991 4940 4870
f 5102 5148 4931
f 4906 5018 5005
f 4924 5002 4812
f 4974 4964 4804
f 4928 5039 5079
f 4982 4957 4895
f 4818 4819 4987
f 5065 4968 4994
f 4974 5091 5108
f 4810 4961 5146
f 5047 4896 4966
f 5064 5150 5071
f 4778 4872 4939
f 4786 4997 4785
f 4866 5011 4906
f 5049 5042 4864
f 5077 4938 4985
f 5055 4781 4782
f 5021 4777 4939
f 4928 5075 4971
f 4979 4937 5115
f 5068 5135 5064
f 4807 4963 5143
f 5034 4858 4863
f 4980 4888 4900
f 5071 4865 4884
f 5109 4871 5056
f 5093 4904 4874
f 5040 5030 4956
f 5064 5071 4954
f 5096 5075 4928
f 4914 5151 5003
f 5122 5055 5030
f 5032 4892 4859
f 5105 5060 5003
f 5010 4967 4921
f 5056 4974 5108
f 4987 5128 5121
f 5059 5028 4965
f 5100 4935 5154
f 4785 4983 4784
f 5032 4946 4984
f 5052 5038 4905
f 4940 4915 4870
f 4986 5023 5096
f 5047 4910 4895
f 5150 4865 5071
f 5107 5097 4911
f 5056 5108 4913
f 5004 4891 4904
f 4855 4988 4854
f 5074 5048 4880
f 5140 5113 5031
f 5141 5093 5017
f 5107 4867 5156
f 4889 4903 4865
f 5019 4999 4941
f 4938 5045 4969
f 5010 5013 5100
f 5099 4970 4953
f 5138 5111 5037
f 4864 5042 5060
f 5140 5101 5114
f 5004 5104 5053
f 5028 5000 4768
f 5052 4870 5038
f 4832 4833 5125
f 5022 4949 4898
f 4860 4942 4999
f 5070 4942 4918
f 5066 5072 5081
f 4886 4825 4826
f 4945 5097 4909
f 5127 4944 4992
f 4772 4773 5103
f 5103 4773 5102
f 5029 4915 4979
f 4780 4781 5122
f 4990 4979 4940
f 5046 5029 5068
f 5058 4909 5153
f 4878 4969 4911
f 5083 4839 4840
f 4996 4844 4896
f 4787 4978 4997
f 5036 5035 5014
f 5088 4952 5125
f 5091 4805 4806
f 5156 4867 4952
f 4893 4958 5133
f 4955 4875 5149
f 5044 4951 4936
f 4767 5000 4922
f 4850 4989 4849
f 5007 4906 4997
f 4956 5030 5055
f 5132 5074 4880
f 4966 4910 5047
f 4895 4957 4998
f 5122 4781 5055
f 5126 4897 5065
f 5137 5085 5119
f 5139 4967 5130
f 5134 4854 4988
f 5132 5100 5154
f 4988 5016 5134
f 5005 4903 4889
f 5047 4998 4859
f 4958 5014 5035
f 5131 4861 5063
f 4951 5083 5123
f 4991 5052 5079
f 5120 5001 4888
f 5087 4859 4892
f 5059 5138 5110
f 4932 4896 4845
f 5132 4880 5010
f 5154 5134 5016
f 5136 5127 5092
f 4861 4863 4890
f 5076 5033 4835
f 4841 4984 4877
f 4908 4928 5079
f 4986 5003 5116
f 4973 5117 4862
f 4867 4929 4972
f 4815 4816 4885
f 4798 5141 5017
f 5102 4931 4933
f 4920 5040 4956
f 5002 4811 4812
f 5045 4948 4873
f 4890 5053 5063
f 4944 5127 4869
f 4789 4790 4860
f 5097 4945 4911
f 5103 5102 4933
f 5048 5110 5037
f 4962 5122 4937
f 5074 4922 5110
f 4932 5008 4966
f 5137 4828 5027
f 5005 5149 4903
f 4883 5084 5090
f 5050 4869 4943
f 5091 5143 5054
f 4916 4990 4940
f 5135 5040 5064
f 4994 4981 5065
f 4947 5034 5106
f 5083 5044 4839
f 5082 5050 4943
f 4795 4796 5022
f 5127 4897 5092
f 4982 4900 4888
f 4993 5038 4982
f 5048 5074 5110
f 4908 4986 5096
f 5095 4867 4972
f 4901 5058 5036
f 4991 5039 4916
f 4900 5046 5068
f 5081 5033 5076
f 5107 5156 5097
f 4987 4816 4818
f 5092 4821 4822
f 4986 5116 5023
f 4765 4766 5099
f 5138 5006 5111
f 5116 5060 5042
f 5018 5007 4976
f 4783 4784 4894
f 4941 5094 5118
f 4803 4804 4964
f 4882 5155 4794
f 5082 5073 4886
f 4775 4879 5148
f 4926 4769 4770
f 4822 5136 5092
f 5041 4858 4934
f 5061 5133 5076
f 5088 4833 4834
f 4869 5127 5136
f 5092 4897 5089
f 5007 4997 4978
f 5005 4889 4906
f 5046 4915 5029
f 5011 4997 4906
f 4827 5057 4826
f 5004 4904 5093
f 4999 4942 4941
f 5149 4959 4903
f 4892 5032 4984
f 4996 4859 5087
f 4829 4830 4927
f 5061 5076 4836
f 5057 4886 4826
f 4809 4810 5146
f 5037 5111 4912
f 5071 4883 4980
f 4820 5089 5128
f 5065 4897 4919
f 5131 5109 5106
f 5089 4897 5126
f 5153 5097 5156
f 4882 5022 4898
f 4789 4860 4999
f 4788 4789 4999
f 5070 4918 5078
f 4891 5124 4904
f 4905 4868 5151
f 4971 4879 5021
f 4942 5025 5129
f 5104 4800 5053
f 5080 4886 5119
f 5052 4991 4870
f 5020 5016 4763
f 5043 4912 5042
f 4856 4762 4988
f 5008 4932 4847
f 5155 5114 5101
f 5144 5145 5078
f 5111 5096 5023
f 5138 5059 4965
f 5008 5105 4868
f 5006 5069 5111
f 5142 4801 5117
f 4809 5146 4963
f 4880 5043 5049
f 5014 4958 4902
f 5017 5093 4949
f 5015 5002 4924
f 4873 4857 4969
f 4920 4894 5112
f 5124 5024 4975
f 5053 5142 5063
f 5034 4947 4934
f 5080 4858 5041
f 4989 4881 4848
f 5003 5060 5116
f 5055 4782 4977
f 5148 4774 4775
f 4960 4946 5051
f 4982 4888 4957
f 5150 5112 5147
f 5045 4938 4898
f 5072 5033 5081
f 5153 4909 5097
f 5148 4879 4971
f 4894 4977 4783
f 4915 5046 5038
f 5110 4922 5059
f 5129 4918 4942
f 5145 4985 4878
f 5078 4901 5094
f 5133 5066 5081
f 5125 5095 4831
f 5152 4919 4992
f 5001 4907 4957
f 4984 4842 4892
f 4947 4944 4934
f 4961 5002 5054
f 4962 4937 4990
f 4977 4894 4920
f 4842 4984 4841
f 5083 4946 5123
f 5080 5041 4886
f 4899 4975 5085
f 4899 5085 5026
f 5156 5072 5153
f 5089 5126 5128
f 5121 4981 5009
f 5015 4913 5108
f 4878 4938 4969
f 5128 5126 5121
f 5146 5143 4963
f 5101 5140 4793
f 4899 5026 4857
f 5139 5130 4989
f 5132 4970 5074
f 4882 4795 5022
f 5131 5063 4973
f 4849 4989 4848
f 4851 4921 5139
f 5035 5058 5153
f 5086 5036 5014
f 5100 5132 5010
f 4953 4765 5099
f 4884 4883 5071
f 5150 5064 5040
f 4823 4824 4943
f 5124 5067 4948
f 4891 4890 4863
f 5080 5024 4858
f 4903 4884 4865
f 5029 4979 5115
f 4923 4965 5028
f 5003 4986 4914
f 5077 5114 5155
f 5058 5035 5036
f 5129 5025 4791
f 4863 5024 5124
f 4858 5024 4863
f 4862 4802 4803
f 4968 4924 4994
f 5015 4924 4968
f 5114 5113 5140
f 5066 5035 5153
f 5155 4882 5077
f 5026 4927 4972
f 5002 5015 5054
f 5121 4885 4987
f 4864 5130 4967
f 5112 4983 5011
f 5049 5043 5042
f 5052 4905 5151
f 5062 4930 4902
f 4844 4845 4896
f 4925 4962 4990
f 4998 5047 4895
f 5105 4881 4864
f 4881 4989 5130
f 4871 4973 4862
f 4974 4805 5091
f 4836 4837 5061
f 5136 4943 4869
f 5047 4859 4996
f 5020 4970 5132
f 4873 5067 4899
f 5119 4950 5080
f 5061 4837 4893
f 5094 4901 5036
f 5506 5240 5452
f 5370 5461 5368
f 5371 5326 5414
f 5288 5459 5475
f 5356 5402 5497
f 5160 5328 5161
f 5537 5256 5520
f 5228 5227 5286
f 5502 5462 5396
f 5466 5319 5362
f 5250 5360 5251
f 5475 5459 5523
f 5551 5226 5225
f 5373 5300 5515
f 5517 5435 5298
f 5497 5402 5419
f 5490 5273 5401
f 5504 5438 5388
f 5254 5223 5222
f 5545 5490 5401
f 5416 5503 5388
f 5505 5358 5424
f 5333 5443 5268
f 5285 5176 5175
f 5458 5358 5549
f 5181 5528 5352
f 5272 5190 5264
f 5493 5185 5184
f 5476 5397 5471
f 5287 5260 5446
f 5527 5460 5521
f 5329 5403 5279
f 5418 5529 5365
f 5512 5307 5294
f 5418 5394 5361
f 5495 5476 5307
f 5453 5434 5200
f 5527 5366 5306
f 5549 5358 5391
f 5397 5320 5471
f 5534 5320 5397
f 5357 5423 5437
f 5343 5260 5330
f 5471 5378 5272
f 5264 5476 5471
f 5526 5213 5212
f 5425 5453 5199
f 5519 5196 5195
f 5496 5204 5203
f 5295 5431 5423
f 5415 5321 5353
f 5307 5476 5264
f 5196 5519 5197
f 5344 5311 5295
f 5379 5538 5411
f 5418 5365 5400
f 5398 5341 5526
f 5341 5280 5214
f 5418 5400 5287
f 5280 5422 5216
f 5390 5220 5277
f 5304 5392 5383
f 5538 5334 5525
f 5301 5540 5404
f 5488 5279 5457
f 5528 5382 5265
f 5277 5392 5304
f 5377 5379 5346
f 5256 5537 5290
f 5380 5253 5347
f 5405 5224 5310
f 5543 5237 5448
f 5549 5401 5458
f 5420 5483 5448
f 5410 5340 5364
f 5535 5369 5316
f 5523 5459 5348
f 5259 5497 5336
f 5537 5296 5447
f 5502 5167 5439
f 5532 5296 5372
f 5498 5440 5331
f 5349 5266 5485
f 5244 5243 5292
f 5514 5248 5456
f 5407 5491 5511
f 5313 5494 5370
f 5426 5461 5370
f 5328 5293 5326
f 5494 5255 5459
f 5369 5535 5302
f 5455 5461 5426
f 5247 5478 5248
f 5302 5442 5369
f 5162 5161 5331
f 5252 5165 5164
f 5520 5256 5442
f 5446 5394 5287
f 5333 5533 5391
f 5442 5305 5369
f 5335 5532 5356
f 5483 5535 5491
f 5367 5302 5325
f 5451 5329 5488
f 5309 5524 5295
f 5372 5430 5402
f 5487 5296 5276
f 5458 5317 5424
f 5281 5500 5541
f 5409 5311 5324
f 5508 5329 5499
f 5548 5262 5544
f 5543 5483 5263
f 5484 5283 5290
f 5410 5396 5462
f 5371 5414 5461
f 5302 5420 5325
f 5512 5188 5187
f 5182 5350 5183
f 5271 5359 5333
f 5220 5390 5221
f 5517 5376 5396
f 5475 5297 5498
f 5419 5402 5231
f 5515 5300 5482
f 5432 5355 5317
f 5399 5177 5412
f 5519 5454 5197
f 5353 5468 5315
f 5286 5480 5228
f 5435 5507 5298
f 5389 5539 5338
f 5228 5480 5229
f 5425 5530 5453
f 5269 5449 5344
f 5333 5391 5271
f 5321 5393 5339
f 5324 5534 5465
f 5186 5291 5187
f 5363 5303 5495
f 5391 5358 5271
f 5510 5484 5340
f 5331 5163 5162
f 5387 5339 5359
f 5254 5417 5310
f 5546 5373 5284
f 5497 5419 5336
f 5479 5379 5411
f 5312 5306 5366
f 5303 5397 5476
f 5539 5387 5505
f 5393 5359 5339
f 5500 5221 5390
f 5363 5287 5400
f 5469 5423 5496
f 5299 5504 5388
f 5511 5433 5407
f 5362 5319 5266
f 5171 5515 5172
f 5507 5169 5298
f 5273 5458 5401
f 5417 5308 5547
f 5451 5350 5352
f 5436 5209 5322
f 5193 5366 5509
f 5248 5478 5456
f 5293 5160 5159
f 5289 5392 5219
f 5457 5291 5186
f 5342 5480 5286
f 5463 5407 5337
f 5385 5291 5457
f 5518 5363 5495
f 5242 5241 5506
f 5452 5263 5327
f 5327 5243 5242
f 5371 5455 5384
f 5403 5329 5508
f 5488 5350 5451
f 5206 5481 5207
f 5272 5378 5312
f 5498 5384 5455
f 5546 5444 5278
f 5466 5252 5297
f 5164 5163 5440
f 5429 5485 5305
f 5273 5536 5317
f 5424 5317 5355
f 5299 5351 5278
f 5522 5444 5544
f 5482 5300 5545
f 5185 5493 5457
f 5424 5358 5458
f 5235 5318 5236
f 5231 5402 5232
f 5216 5422 5314
f 5512 5291 5428
f 5446 5398 5394
f 5354 5345 5334
f 5470 5337 5368
f 5290 5283 5256
f 5486 5518 5403
f 5526 5386 5398
f 5443 5333 5393
f 5449 5324 5311
f 5167 5376 5168
f 5417 5281 5381
f 5320 5269 5378
f 5529 5418 5361
f 5486 5330 5260
f 5516 5342 5286
f 5437 5423 5431
f 5357 5437 5207
f 5508 5499 5411
f 5191 5190 5272
f 5466 5523 5319
f 5367 5520 5442
f 5274 5415 5315
f 5315 5346 5479
f 5381 5301 5408
f 5225 5224 5405
f 5288 5498 5455
f 5478 5246 5470
f 5179 5178 5382
f 5270 5401 5550
f 5229 5419 5230
f 5349 5485 5429
f 5447 5258 5290
f 5319 5348 5485
f 5428 5291 5385
f 5496 5357 5481
f 5408 5301 5404
f 5300 5546 5351
f 5309 5434 5524
f 5374 5524 5453
f 5219 5392 5277
f 5528 5323 5352
f 5525 5334 5314
f 5477 5322 5431
f 5487 5234 5233
f 5236 5448 5237
f 5371 5461 5455
f 5414 5514 5456
f 5325 5318 5375
f 5413 5249 5514
f 5478 5368 5461
f 5467 5360 5406
f 5421 5383 5468
f 5174 5550 5175
f 5393 5333 5359
f 5314 5334 5345
f 5413 5250 5249
f 5406 5360 5413
f 5539 5505 5338
f 5487 5276 5332
f 5499 5479 5411
f 5323 5492 5352
f 5361 5464 5529
f 5443 5382 5268
f 5283 5484 5510
f 5317 5458 5273
f 5420 5318 5325
f 5229 5480 5419
f 5276 5367 5325
f 5433 5337 5407
f 5265 5323 5528
f 5403 5508 5486
f 5474 5286 5551
f 5382 5178 5399
f 5474 5551 5547
f 5523 5348 5319
f 5441 5280 5341
f 5531 5450 5257
f 5543 5239 5238
f 5342 5336 5480
f 5211 5436 5257
f 5538 5379 5334
f 5534 5324 5449
f 5469 5201 5309
f 5301 5421 5540
f 5279 5403 5385
f 5289 5219 5218
f 5427 5275 5415
f 5288 5426 5494
f 5517 5364 5262
f 5258 5447 5380
f 5484 5290 5347
f 5367 5442 5302
f 5462 5266 5410
f 5441 5422 5280
f 5374 5501 5269
f 5522 5340 5484
f 5545 5351 5490
f 5282 5211 5257
f 5291 5512 5187
f 5417 5254 5281
f 5492 5427 5489
f 5541 5301 5281
f 5541 5304 5421
f 5277 5304 5390
f 5536 5299 5432
f 5278 5504 5299
f 5438 5259 5416
f 5477 5311 5409
f 5202 5201 5469
f 5172 5482 5173
f 5270 5550 5174
f 5499 5274 5479
f 5381 5408 5472
f 5251 5467 5157
f 5158 5467 5406
f 5394 5386 5361
f 5400 5303 5363
f 5267 5435 5262
f 5284 5373 5267
f 5295 5524 5344
f 5184 5183 5350
f 5340 5544 5364
f 5284 5444 5546
f 5501 5374 5530
f 5446 5260 5343
f 5213 5341 5214
f 5199 5453 5200
f 5498 5331 5384
f 5255 5494 5313
f 5494 5426 5370
f 5327 5506 5452
f 5535 5511 5491
f 5448 5318 5420
f 5292 5243 5327
f 5255 5313 5316
f 5523 5297 5475
f 5438 5416 5388
f 5539 5472 5387
f 5164 5440 5252
f 5542 5349 5510
f 5396 5364 5517
f 5460 5454 5521
f 5513 5194 5509
f 5319 5485 5266
f 5543 5448 5483
f 5376 5517 5298
f 5263 5491 5327
f 5217 5345 5218
f 5392 5377 5383
f 5460 5530 5425
f 5398 5386 5394
f 5443 5265 5382
f 5387 5408 5339
f 5433 5511 5313
f 5271 5387 5359
f 5373 5515 5473
f 5508 5411 5330
f 5432 5299 5388
f 5549 5533 5285
f 5500 5222 5221
f 5257 5450 5386
f 5160 5293 5328
f 5297 5252 5440
f 5285 5550 5549
f 5421 5304 5383
f 5377 5289 5354
f 5207 5437 5208
f 5323 5265 5275
f 5547 5310 5417
f 5549 5391 5533
f 5173 5482 5270
f 5525 5343 5538
f 5253 5444 5261
f 5277 5220 5219
f 5222 5500 5254
f 5405 5551 5225
f 5181 5180 5528
f 5365 5465 5397
f 5468 5346 5315
f 5492 5489 5451
f 5179 5382 5180
f 5338 5355 5389
f 5354 5289 5345
f 5395 5166 5165
f 5478 5470 5368
f 5395 5165 5252
f 5516 5355 5503
f 5354 5379 5377
f 5198 5425 5199
f 5531 5409 5450
f 5320 5449 5269
f 5399 5412 5533
f 5488 5329 5279
f 5215 5280 5216
f 5184 5350 5493
f 5504 5380 5438
f 5444 5522 5261
f 5487 5372 5296
f 5233 5232 5430
f 5366 5192 5312
f 5428 5385 5518
f 5408 5404 5339
f 5472 5408 5387
f 5274 5427 5415
f 5424 5355 5338
f 5514 5249 5248
f 5452 5543 5263
f 5332 5318 5235
f 5430 5232 5402
f 5301 5541 5421
f 5468 5383 5346
f 5437 5431 5322
f 5303 5400 5365
f 5445 5255 5369
f 5316 5511 5535
f 5540 5421 5468
f 5526 5212 5282
f 5516 5474 5389
f 5387 5271 5505
f 5251 5360 5467
f 5326 5371 5328
f 5384 5161 5328
f 5245 5463 5337
f 5489 5427 5274
f 5525 5314 5422
f 5270 5174 5173
f 5310 5223 5254
f 5479 5274 5315
f 5404 5321 5339
f 5477 5409 5531
f 5322 5531 5436
f 5253 5504 5278
f 5373 5546 5300
f 5244 5292 5463
f 5238 5237 5543
f 5310 5224 5223
f 5216 5314 5217
f 5486 5363 5518
f 5210 5209 5436
f 5208 5322 5209
f 5366 5527 5509
f 5381 5472 5417
f 5503 5355 5432
f 5521 5454 5519
f 5191 5312 5192
f 5433 5313 5370
f 5326 5406 5413
f 5533 5412 5285
f 5529 5465 5365
f 5345 5217 5314
f 5457 5279 5385
f 5542 5340 5410
f 5305 5445 5369
f 5410 5266 5542
f 5487 5233 5430
f 5204 5496 5481
f 5423 5309 5295
f 5536 5432 5317
f 5500 5281 5254
f 5506 5327 5242
f 5498 5288 5475
f 5496 5423 5357
f 5527 5306 5501
f 5342 5503 5416
f 5517 5262 5435
f 5208 5437 5322
f 5204 5481 5205
f 5524 5434 5453
f 5309 5201 5434
f 5447 5296 5532
f 5544 5340 5522
f 5266 5462 5362
f 5439 5167 5166
f 5466 5395 5252
f 5331 5161 5384
f 5422 5343 5525
f 5214 5280 5215
f 5420 5302 5483
f 5253 5380 5504
f 5505 5424 5338
f 5393 5275 5443
f 5439 5462 5502
f 5364 5544 5262
f 5263 5483 5491
f 5498 5297 5440
f 5289 5377 5392
f 5486 5260 5363
f 5480 5336 5419
f 5234 5487 5332
f 5283 5429 5256
f 5355 5516 5389
f 5449 5311 5344
f 5257 5386 5282
f 5469 5309 5423
f 5524 5374 5344
f 5529 5464 5324
f 5189 5188 5294
f 5459 5255 5348
f 5459 5288 5494
f 5501 5530 5527
f 5386 5526 5282
f 5378 5269 5306
f 5454 5198 5197
f 5414 5326 5413
f 5463 5292 5407
f 5413 5360 5250
f 5463 5245 5244
f 5428 5307 5512
f 5415 5275 5321
f 5352 5350 5182
f 5502 5396 5376
f 5537 5447 5290
f 5362 5439 5395
f 5307 5264 5294
f 5295 5477 5431
f 5246 5245 5470
f 5158 5406 5159
f 5440 5163 5331
f 5172 5515 5482
f 5327 5491 5292
f 5375 5318 5332
f 5307 5428 5495
f 5398 5446 5441
f 5469 5203 5202
f 5531 5257 5436
f 5362 5395 5466
f 5384 5328 5371
f 5514 5414 5413
f 5157 5467 5158
f 5399 5178 5177
f 5479 5346 5379
f 5434 5201 5200
f 5460 5425 5454
f 5470 5245 5337
f 5380 5335 5438
f 5457 5186 5185
f 5501 5306 5269
f 5473 5515 5171
f 5547 5551 5405
f 5473 5267 5373
f 5169 5168 5298
f 5489 5329 5451
f 5305 5485 5445
f 5332 5235 5234
f 5455 5426 5288
f 5282 5212 5211
f 5363 5260 5287
f 5374 5269 5344
f 5324 5464 5409
f 5506 5241 5240
f 5456 5478 5461
f 5443 5275 5265
f 5382 5528 5180
f 5381 5281 5301
f 5430 5372 5487
f 5496 5203 5469
f 5527 5530 5460
f 5473 5170 5507
f 5429 5510 5349
f 5230 5419 5231
f 5438 5335 5259
f 5267 5507 5435
f 5369 5255 5316
f 5532 5335 5447
f 5416 5259 5336
f 5382 5399 5268
f 5446 5343 5441
f 5473 5171 5170
f 5342 5416 5336
f 5308 5472 5539
f 5189 5294 5264
f 5397 5303 5365
f 5323 5427 5492
f 5300 5351 5545
f 5532 5372 5356
f 5448 5236 5318
f 5370 5368 5433
f 5527 5521 5509
f 5493 5350 5488
f 5427 5323 5275
f 5352 5492 5451
f 5474 5308 5389
f 5340 5542 5510
f 5486 5508 5330
f 5386 5450 5361
f 5518 5495 5428
f 5210 5436 5211
f 5258 5380 5347
f 5356 5259 5335
f 5159 5406 5293
f 5461 5414 5456
f 5412 5176 5285
f 5275 5393 5321
f 5379 5354 5334
f 5538 5330 5411
f 5207 5481 5357
f 5471 5320 5378
f 5168 5376 5298
f 5507 5170 5169
f 5417 5472 5308
f 5548 5267 5262
f 5507 5267 5473
f 5490 5299 5536
f 5227 5226 5286
f 5516 5286 5474
f 5520 5367 5276
f 5292 5491 5407
f 5348 5255 5445
f 5523 5466 5297
f 5512 5294 5188
f 5538 5343 5330
f 5493 5488 5457
f 5195 5513 5519
f 5548 5444 5284
f 5284 5267 5548
f 5296 5520 5276
f 5167 5502 5376
f 5198 5454 5425
f 5264 5471 5272
f 5264 5190 5189
f 5274 5499 5489
f 5247 5246 5478
f 5293 5406 5326
f 5278 5444 5253
f 5485 5348 5445
f 5356 5497 5259
f 5310 5547 5405
f 5551 5286 5226
f 5462 5439 5362
f 5449 5320 5534
f 5205 5481 5206
f 5195 5194 5513
f 5509 5521 5513
f 5325 5375 5276
f 5375 5332 5276
f 5403 5518 5385
f 5192 5366 5193
f 5510 5429 5283
f 5542 5266 5349
f 5256 5305 5442
f 5410 5364 5396
f 5378 5306 5312
f 5509 5194 5193
f 5346 5383 5377
f 5441 5343 5422
f 5495 5303 5476
f 5464 5361 5450
f 5513 5521 5519
f 5409 5464 5450
f 5499 5329 5489
f 5268 5533 5333
f 5526 5341 5213
f 5530 5374 5453
f 5477 5295 5311
f 5312 5191 5272
f 5534 5397 5465
f 5394 5418 5287
f 5547 5308 5474
f 5402 5356 5372
f 5533 5268 5399
f 5505 5271 5358
f 5529 5324 5465
f 5531 5322 5477
f 5452 5240 5239
f 5313 5511 5316
f 5545 5270 5482
f 5258 5347 5290
f 5347 5253 5261
f 5388 5503 5432
f 5181 5352 5182
f 5345 5289 5218
f 5175 5550 5285
f 5546 5278 5351
f 5390 5304 5500
f 5398 5441 5341
f 5270 5545 5401
f 5353 5540 5468
f 5302 5535 5483
f 5503 5342 5516
f 5239 5543 5452
f 5447 5335 5380
f 5484 5347 5261
f 5539 5389 5308
f 5520 5296 5537
f 5299 5490 5351
f 5444 5548 5544
f 5433 5368 5337
f 5315 5415 5353
f 5541 5500 5304
f 5256 5429 5305
f 5522 5484 5261
f 5412 5177 5176
f 5536 5273 5490
f 5321 5404 5353
f 5439 5166 5395
f 5404 5540 5353
f 5550 5401 5549
f 5833 5791 5737
f 5924 5795 5883
f 5930 5796 5881
f 5656 5662 5823
f 5644 5798 5643
f 5910 5729 5733
f 5900 5735 5852
f 5916 5850 5869
f 5912 5784 5822
f 5848 5747 5792
f 5673 5930 5873
f 5772 5694 5807
f 5834 5939 5760
f 5933 5837 5832
f 5909 5849 5734
f 5908 5657 5799
f 5807 5661 5622
f 5880 5650 5781
f 5716 5788 5575
f 5772 5842 5887
f 5866 5709 5754
f 5568 5843 5884
f 5799 5657 5719
f 5876 5565 5909
f 5867 5773 5870
f 5684 5721 5892
f 5749 5917 5713
f 5888 5925 5689
f 5686 5669 5764
f 5834 5667 5571
f 5649 5808 5685
f 5586 5587 5756
f 5801 5803 5897
f 5794 5897 5701
f 5826 5573 5574
f 5786 5594 5775
f 5756 5893 5701
f 5886 5702 5603
f 5620 5771 5619
f 5808 5648 5923
f 5927 5899 5580
f 5801 5897 5726
f 5597 5672 5596
f 5775 5859 5891
f 5713 5891 5942
f 5905 5682 5660
f 5806 5797 5714
f 5599 5600 5601
f 5817 5745 5942
f 5817 5702 5886
f 5870 5687 5736
f 5605 5606 5668
f 5808 5923 5685
f 5702 5878 5931
f 5595 5596 5859
f 5898 5669 5797
f 5605 5668 5824
f 5738 5689 5841
f 5690 5674 5768
f 5904 5774 5768
f 5899 5927 5686
f 5619 5771 5839
f 5888 5703 5925
f 5826 5684 5894
f 5748 5666 5750
f 5940 5907 5880
f 5759 5705 5837
f 5894 5879 5760
f 5772 5887 5694
f 5693 5804 5751
f 5872 5907 5895
f 5761 5785 5874
f 5872 5728 5802
f 5743 5831 5752
f 5838 5698 5728
f 5671 5628 5629
f 5658 5937 5915
f 5559 5915 5558
f 5676 5697 5781
f 5873 5783 5937
f 5632 5633 5901
f 5820 5678 5705
f 5634 5789 5633
f 5632 5809 5631
f 5643 5920 5821
f 5753 5911 5769
f 5895 5728 5872
f 5640 5814 5639
f 5910 5733 5816
f 5730 5809 5901
f 5869 5890 5910
f 5783 5873 5850
f 5798 5790 5920
f 5736 5757 5863
f 5559 5560 5658
f 5844 5664 5745
f 5654 5932 5808
f 5851 5708 5660
f 5870 5767 5687
f 5862 5940 5880
f 5796 5906 5881
f 5599 5931 5818
f 5756 5587 5732
f 5771 5620 5621
f 5807 5623 5624
f 5841 5867 5870
f 5793 5689 5738
f 5786 5854 5593
f 5886 5603 5604
f 5720 5882 5615
f 5754 5691 5742
f 5809 5941 5631
f 5747 5763 5722
f 5751 5908 5700
f 5777 5741 5728
f 5665 5670 5724
f 5907 5872 5761
f 5558 5915 5861
f 5683 5857 5719
f 5748 5750 5905
f 5808 5932 5648
f 5570 5929 5569
f 5918 5940 5709
f 5769 5912 5822
f 5944 5741 5626
f 5904 5945 5774
f 5932 5800 5648
f 5594 5786 5593
f 5596 5672 5859
f 5915 5679 5861
f 5890 5864 5933
f 5767 5898 5945
f 5856 5928 5922
f 5879 5719 5760
f 5781 5697 5734
f 5836 5762 5770
f 5664 5923 5648
f 5882 5693 5846
f 5813 5748 5905
f 5645 5646 5670
f 5855 5722 5763
f 5837 5825 5699
f 5784 5744 5789
f 5859 5651 5891
f 5787 5714 5762
f 5816 5733 5753
f 5727 5711 5561
f 5757 5914 5863
f 5708 5609 5610
f 5812 5695 5766
f 5832 5833 5737
f 5569 5935 5843
f 5825 5678 5735
f 5793 5860 5739
f 5684 5739 5677
f 5938 5881 5906
f 5896 5902 5730
f 5679 5915 5937
f 5875 5782 5792
f 5811 5853 5647
f 5867 5663 5764
f 5866 5742 5683
f 5697 5909 5734
f 5847 5844 5824
f 5841 5870 5736
f 5934 5835 5681
f 5842 5655 5887
f 5739 5913 5677
f 5707 5908 5751
f 5928 5770 5922
f 5604 5605 5824
f 5726 5770 5928
f 5853 5691 5647
f 5579 5580 5889
f 5669 5686 5845
f 5601 5602 5931
f 5847 5685 5923
f 5703 5888 5716
f 5903 5862 5880
f 5674 5914 5768
f 5885 5765 5717
f 5720 5616 5804
f 5569 5929 5935
f 5553 5692 5552
f 5692 5646 5552
f 5867 5841 5925
f 5899 5686 5764
f 5653 5736 5863
f 5843 5935 5811
f 5831 5946 5752
f 5673 5711 5796
f 5895 5940 5842
f 5872 5785 5761
f 5903 5781 5647
f 5812 5776 5938
f 5676 5761 5874
f 5675 5827 5791
f 5833 5699 5675
f 5763 5747 5556
f 5577 5703 5716
f 5653 5738 5736
f 5746 5829 5668
f 5594 5595 5775
f 5598 5818 5672
f 5829 5685 5668
f 5865 5860 5653
f 5939 5572 5573
f 5941 5921 5630
f 5881 5938 5820
f 5864 5850 5779
f 5827 5744 5791
f 5791 5911 5737
f 5790 5875 5920
f 5773 5767 5870
f 5703 5871 5925
f 5927 5755 5686
f 5834 5571 5572
f 5814 5725 5639
f 5632 5901 5809
f 5665 5782 5790
f 5652 5741 5777
f 5821 5642 5643
f 5656 5821 5662
f 5697 5676 5740
f 5674 5882 5846
f 5854 5936 5810
f 5590 5810 5936
f 5844 5923 5664
f 5583 5584 5726
f 5657 5943 5743
f 5904 5687 5767
f 5793 5888 5689
f 5739 5892 5793
f 5672 5878 5651
f 5765 5885 5829
f 5835 5834 5712
f 5671 5852 5838
f 5740 5766 5876
f 5826 5574 5721
f 5720 5693 5882
f 5868 5863 5700
f 5929 5667 5835
f 5894 5939 5826
f 5825 5902 5896
f 5919 5763 5557
f 5705 5825 5837
f 5725 5769 5822
f 5805 5848 5555
f 5554 5555 5724
f 5926 5855 5706
f 5779 5759 5933
f 5732 5893 5756
f 5770 5897 5794
f 5874 5820 5938
f 5883 5875 5722
f 5661 5771 5621
f 5933 5759 5837
f 5706 5679 5926
f 5937 5673 5873
f 5627 5944 5626
f 5631 5941 5630
f 5670 5554 5724
f 5855 5919 5706
f 5800 5780 5648
f 5858 5806 5654
f 5699 5833 5837
f 5640 5823 5814
f 5624 5625 5652
f 5831 5815 5946
f 5783 5679 5937
f 5789 5744 5901
f 5889 5663 5871
f 5666 5612 5613
f 5637 5822 5723
f 5638 5822 5637
f 5609 5708 5851
f 5863 5914 5700
f 5695 5562 5563
f 5718 5943 5839
f 5568 5569 5843
f 5909 5565 5566
f 5912 5911 5791
f 5895 5907 5940
f 5674 5846 5914
f 5819 5718 5771
f 5939 5894 5760
f 5807 5694 5661
f 5825 5735 5902
f 5852 5735 5696
f 5775 5917 5786
f 5942 5828 5713
f 5942 5651 5817
f 5616 5617 5804
f 5883 5722 5855
f 5670 5665 5645
f 5758 5674 5690
f 5666 5690 5774
f 5803 5801 5585
f 5780 5877 5828
f 5575 5576 5716
f 5765 5746 5608
f 5935 5929 5835
f 5758 5882 5674
f 5680 5819 5694
f 5742 5866 5754
f 5729 5890 5832
f 5643 5798 5920
f 5811 5734 5884
f 5625 5741 5652
f 5865 5799 5879
f 5794 5800 5836
f 5688 5749 5877
f 5854 5786 5917
f 5945 5904 5767
f 5899 5889 5580
f 5717 5682 5858
f 5851 5660 5717
f 5902 5900 5704
f 5642 5821 5656
f 5751 5715 5707
f 5657 5707 5943
f 5560 5561 5711
f 5815 5655 5918
f 5762 5714 5845
f 5714 5669 5845
f 5676 5650 5761
f 5855 5763 5919
f 5813 5708 5610
f 5685 5885 5649
f 5800 5701 5830
f 5649 5885 5858
f 5812 5766 5740
f 5869 5864 5890
f 5898 5797 5945
f 5682 5797 5806
f 5879 5799 5719
f 5690 5666 5758
f 5733 5737 5911
f 5557 5558 5861
f 5667 5929 5570
f 5844 5817 5886
f 5758 5613 5614
f 5853 5935 5934
f 5842 5652 5777
f 5842 5918 5655
f 5610 5611 5813
f 5578 5889 5871
f 5899 5663 5889
f 5885 5717 5858
f 5688 5589 5936
f 5854 5810 5592
f 5673 5937 5659
f 5857 5683 5742
f 5868 5908 5799
f 5622 5661 5621
f 5694 5887 5680
f 5624 5652 5807
f 5744 5912 5791
f 5827 5901 5744
f 5588 5589 5688
f 5688 5732 5588
f 5652 5772 5807
f 5766 5695 5563
f 5916 5926 5783
f 5670 5553 5554
f 5673 5659 5711
f 5919 5861 5706
f 5636 5637 5723
f 5852 5671 5921
f 5840 5838 5944
f 5634 5784 5789
f 5828 5942 5745
f 5854 5917 5749
f 5859 5775 5595
f 5803 5701 5897
f 5666 5774 5750
f 5768 5757 5687
f 5696 5735 5678
f 5816 5753 5814
f 5776 5676 5874
f 5795 5875 5883
f 5924 5869 5910
f 5832 5890 5933
f 5692 5553 5670
f 5883 5916 5869
f 5913 5860 5865
f 5868 5865 5653
f 5651 5942 5891
f 5923 5844 5847
f 5792 5722 5875
f 5730 5901 5827
f 5676 5776 5740
f 5869 5850 5864
f 5682 5905 5945
f 5787 5836 5932
f 5782 5665 5724
f 5670 5646 5692
f 5804 5617 5618
f 5684 5677 5894
f 5922 5770 5762
f 5591 5592 5810
f 5856 5922 5755
f 5732 5877 5893
f 5647 5781 5734
f 5811 5647 5734
f 5780 5830 5877
f 5585 5586 5756
f 5751 5700 5846
f 5653 5863 5868
f 5790 5782 5875
f 5848 5782 5724
f 5803 5756 5701
f 5663 5899 5764
f 5710 5785 5802
f 5623 5807 5622
f 5917 5775 5891
f 5682 5717 5660
f 5737 5729 5832
f 5838 5728 5944
f 5762 5845 5755
f 5749 5936 5854
f 5693 5751 5846
f 5909 5697 5876
f 5789 5901 5633
f 5675 5896 5730
f 5687 5757 5736
f 5770 5794 5836
f 5930 5673 5796
f 5805 5556 5747
f 5681 5712 5857
f 5819 5661 5694
f 5911 5753 5733
f 5814 5753 5725
f 5801 5584 5585
f 5810 5590 5591
f 5817 5878 5702
f 5745 5664 5828
f 5612 5666 5748
f 5771 5661 5819
f 5727 5561 5562
f 5680 5778 5831
f 5639 5725 5638
f 5729 5910 5890
f 5837 5833 5832
f 5731 5790 5798
f 5725 5753 5769
f 5926 5679 5783
f 5818 5931 5878
f 5668 5606 5746
f 5698 5802 5728
f 5781 5903 5880
f 5777 5895 5842
f 5718 5743 5943
f 5840 5944 5627
f 5919 5557 5861
f 5726 5584 5801
f 5818 5598 5599
f 5765 5609 5851
f 5746 5607 5608
f 5845 5686 5755
f 5927 5856 5755
f 5691 5934 5681
f 5691 5681 5742
f 5656 5823 5641
f 5710 5696 5678
f 5864 5779 5933
f 5887 5778 5680
f 5849 5884 5734
f 5677 5913 5879
f 5771 5718 5839
f 5650 5676 5781
f 5841 5689 5925
f 5794 5701 5800
f 5662 5924 5910
f 5629 5921 5671
f 5895 5777 5728
f 5628 5671 5840
f 5846 5700 5914
f 5719 5752 5683
f 5827 5675 5730
f 5852 5698 5838
f 5788 5716 5888
f 5736 5738 5841
f 5887 5655 5778
f 5853 5811 5935
f 5839 5943 5715
f 5567 5568 5884
f 5765 5851 5717
f 5818 5878 5672
f 5804 5715 5751
f 5762 5836 5787
f 5720 5615 5616
f 5715 5943 5707
f 5702 5602 5603
f 5787 5654 5714
f 5912 5769 5911
f 5665 5731 5645
f 5766 5563 5564
f 5752 5946 5683
f 5711 5659 5560
f 5802 5698 5696
f 5765 5608 5609
f 5746 5765 5829
f 5628 5840 5627
f 5869 5924 5883
f 5880 5907 5650
f 5902 5704 5809
f 5877 5732 5688
f 5859 5672 5651
f 5861 5679 5706
f 5930 5881 5779
f 5703 5577 5578
f 5806 5714 5654
f 5860 5793 5738
f 5835 5667 5834
f 5886 5824 5844
f 5672 5597 5598
f 5702 5931 5602
f 5836 5800 5932
f 5709 5940 5862
f 5835 5934 5935
f 5731 5644 5645
f 5926 5916 5883
f 5921 5900 5852
f 5743 5718 5819
f 5865 5868 5799
f 5764 5669 5773
f 5711 5727 5796
f 5921 5629 5630
f 5903 5691 5754
f 5868 5700 5908
f 5849 5909 5566
f 5815 5778 5655
f 5576 5577 5716
f 5687 5904 5768
f 5866 5946 5815
f 5879 5913 5865
f 5555 5556 5805
f 5659 5658 5560
f 5611 5748 5813
f 5945 5750 5774
f 5788 5721 5575
f 5574 5575 5721
f 5842 5940 5918
f 5730 5902 5809
f 5850 5916 5783
f 5795 5920 5875
f 5930 5779 5873
f 5833 5675 5791
f 5763 5556 5557
f 5855 5926 5883
f 5565 5876 5564
f 5812 5727 5695
f 5664 5648 5780
f 5830 5893 5877
f 5755 5922 5762
f 5585 5756 5803
f 5813 5905 5660
f 5939 5834 5572
f 5804 5693 5720
f 5752 5719 5657
f 5802 5696 5710
f 5906 5727 5812
f 5615 5882 5614
f 5892 5888 5793
f 5873 5779 5850
f 5656 5641 5642
f 5843 5811 5884
f 5876 5766 5564
f 5708 5813 5660
f 5750 5945 5905
f 5606 5607 5746
f 5664 5780 5828
f 5882 5758 5614
f 5903 5754 5862
f 5871 5663 5925
f 5857 5712 5760
f 5829 5885 5685
f 5649 5858 5654
f 5640 5641 5823
f 5710 5820 5874
f 5854 5592 5593
f 5780 5800 5830
f 5867 5764 5773
f 5677 5879 5894
f 5580 5581 5927
f 5856 5927 5581
f 5888 5892 5788
f 5690 5768 5774
f 5866 5815 5709
f 5839 5804 5618
f 5852 5696 5698
f 5635 5636 5723
f 5925 5663 5867
f 5669 5898 5773
f 5582 5928 5856
f 5824 5886 5604
f 5847 5824 5668
f 5579 5889 5578
f 5822 5784 5723
f 5759 5881 5820
f 5759 5820 5705
f 5900 5921 5704
f 5704 5941 5809
f 5881 5759 5779
f 5566 5567 5849
f 5944 5728 5741
f 5748 5611 5612
f 5830 5701 5893
f 5613 5758 5666
f 5826 5939 5573
f 5776 5812 5740
f 5559 5658 5915
f 5741 5625 5626
f 5857 5742 5681
f 5715 5804 5839
f 5619 5839 5618
f 5652 5842 5772
f 5849 5567 5884
f 5710 5678 5820
f 5699 5825 5896
f 5822 5638 5725
f 5635 5723 5784
f 5634 5635 5784
f 5662 5816 5823
f 5914 5757 5768
f 5788 5892 5721
f 5754 5709 5862
f 5767 5773 5898
f 5792 5782 5848
f 5662 5910 5816
f 5823 5816 5814
f 5821 5920 5795
f 5828 5877 5713
f 5587 5588 5732
f 5819 5680 5743
f 5650 5907 5761
f 5848 5724 5555
f 5790 5731 5665
f 5924 5662 5795
f 5821 5795 5662
f 5785 5710 5874
f 5704 5921 5941
f 5932 5654 5787
f 5582 5583 5928
f 5669 5714 5797
f 5684 5826 5721
f 5729 5737 5733
f 5784 5912 5744
f 5760 5712 5834
f 5797 5682 5945
f 5840 5671 5838
f 5776 5874 5938
f 5808 5649 5654
f 5858 5682 5806
f 5897 5770 5726
f 5856 5581 5582
f 5752 5657 5743
f 5934 5691 5853
f 5798 5644 5731
f 5697 5740 5876
f 5601 5931 5599
f 5817 5844 5745
f 5877 5749 5713
f 5749 5688 5936
f 5722 5792 5747
f 5705 5678 5825
f 5857 5760 5719
f 5815 5918 5709
f 5683 5946 5866
f 5695 5727 5562
f 5583 5726 5928
f 5917 5891 5713
f 5735 5900 5902
f 5937 5658 5659
f 5796 5727 5906
f 5938 5906 5812
f 5892 5739 5684
f 5860 5913 5739
f 5691 5903 5647
f 5657 5908 5707
f 5848 5805 5747
f 5872 5802 5785
f 5817 5651 5878
f 5589 5590 5936
f 5738 5653 5860
f 5831 5743 5680
f 5699 5896 5675
f 5831 5778 5815
f 5703 5578 5871
f 5685 5847 5668
f 5835 5712 5681
f 5571 5667 5570
f 5951 5994 5991
f 5992 5994 5997
f 5997 5994 5950
f 5997 5950 5949
f 5952 5951 5990
f 5989 5988 6001
f 5955 6003 6000
f 6001 5988 5954
f 6011 5958 5993
f 6011 6002 6008
f 5954 6003 5955
f 5980 5996 6004
f 5959 6006 6012
f 6000 5985 5993
f 6004 5995 5980
f 6004 5961 5960
f 5965 6005 5975
f 5965 5964 6005
f 5975 5966 5965
f 5972 5998 5973
f 5968 5967 5998
f 5969 5968 5972
f 5970 5969 5972
f 5971 5970 5972
f 5967 6007 5998
f 5974 5973 6007
f 6007 5973 5998
f 6008 5959 5958
f 5996 6010 5962
f 5975 6005 5976
f 5977 5999 5978
f 5982 6012 6009
f 5976 5999 5977
f 6009 6012 6006
f 6002 6011 5983
f 5980 5995 5981
f 6010 5999 5963
f 5955 6000 5956
f 5986 5985 6000
f 5987 5954 5988
f 6001 5954 5953
f 5989 5952 5990
f 5990 5951 5991
f 5994 5951 5950
f 6006 6002 6009
f 5957 5993 5958
f 5994 5992 5991
f 5997 5947 5992
f 6010 5963 5962
f 6011 5993 5984
f 5995 6004 5960
f 6008 5958 6011
f 5948 5997 5949
f 5947 5997 5948
f 5975 6007 5966
f 6007 5967 5966
f 5996 5962 5961
f 5979 6010 5996
f 5981 5995 6012
f 5957 6000 5993
f 6001 5952 5989
f 5952 6001 5953
f 6003 5986 6000
f 6010 5979 5978
f 5987 5986 6003
f 5983 6011 5984
f 5956 6000 5957
f 6009 5983 5982
f 6004 5996 5961
f 6005 5964 5999
f 5985 5984 5993
f 6008 6006 5959
f 5968 5998 5972
f 5974 6007 5975
f 6009 6002 5983
f 5978 5999 6010
f 5959 6012 5960
f 6012 5982 5981
f 5964 5963 5999
f 5976 6005 5999
f 6002 6006 6008
f 5987 6003 5954
f 5996 5980 5979
f 6012 5995 5960
f 6014 6015 6046
f 6014 6046 6013
f 6016 6046 6015
f 6044 6066 6060
f 6059 6050 6042
f 6065 6018 6059
f 6017 6065 6066
f 6019 6050 6059
f 6020 6021 6054
f 6023 6052 6022
f 6037 6023 6061
f 6063 6036 6048
f 6036 6063 6056
f 6025 6064 6048
f 6033 6027 6028
f 6029 6032 6028
f 6030 6032 6029
f 6031 6032 6030
f 6032 6033 6028
f 6033 6034 6027
f 6061 6048 6036
f 6055 6026 6049
f 6055 6049 6034
f 6052 6047 6022
f 6051 6047 6039
f 6052 6038 6047
f 6057 6019 6020
f 6037 6038 6052
f 6021 6051 6054
f 6045 6016 6058
f 6018 6019 6059
f 6045 6046 6016
f 6022 6047 6051
f 6057 6054 6041
f 6064 6056 6063
f 6026 6055 6062
f 6027 6034 6049
f 6062 6056 6064
f 6050 6019 6057
f 6020 6054 6057
f 6040 6051 6039
f 6039 6047 6038
f 6054 6051 6040
f 6023 6037 6052
f 6053 6061 6024
f 6053 6025 6048
f 6016 6017 6058
f 6041 6054 6040
f 6064 6063 6048
f 6056 6055 6035
f 6024 6025 6053
f 6027 6049 6026
f 6043 6059 6042
f 6018 6065 6017
f 6066 6065 6060
f 6043 6060 6065
f 6044 6060 6043
f 6021 6022 6051
f 6058 6017 6066
f 6050 6041 6042
f 6061 6053 6048
f 6036 6037 6061
f 6025 6026 6064
f 6061 6023 6024
f 6035 6055 6034
f 6056 6035 6036
f 6026 6062 6064
f 6055 6056 6062
f 6059 6043 6065
f 6050 6057 6041
f 6044 6058 6066
f 6045 6058 6044

