# https://github.com/mikedh/trimesh
v -0.22633491 0.52236288 0.01311986 1.00000000 1.00000000 1.00000000
v -0.20969356 0.52073705 0.01862524 1.00000000 1.00000000 1.00000000
v -0.19243126 0.51905723 0.02005178 1.00000000 1.00000000 1.00000000
v -0.17762704 0.51759111 0.02005178 1.00000000 1.00000000 1.00000000
v -0.16282281 0.51612499 0.02005178 1.00000000 1.00000000 1.00000000
v -0.14801858 0.51465887 0.02005178 1.00000000 1.00000000 1.00000000
v -0.13321436 0.51319275 0.02005178 1.00000000 1.00000000 1.00000000
v -0.11841013 0.51172663 0.02005178 1.00000000 1.00000000 1.00000000
v -0.10362959 0.51026285 0.02005178 1.00000000 1.00000000 1.00000000
v -0.08882536 0.50879673 0.02005178 1.00000000 1.00000000 1.00000000
v -0.07402113 0.50733061 0.02005178 1.00000000 1.00000000 1.00000000
v -0.05921691 0.50586449 0.02005178 1.00000000 1.00000000 1.00000000
v -0.04441268 0.50439836 0.02005178 1.00000000 1.00000000 1.00000000
v -0.02960845 0.50293224 0.02005178 1.00000000 1.00000000 1.00000000
v -0.01480423 0.50146612 0.02005178 1.00000000 1.00000000 1.00000000
v 0.00000000 0.50000000 0.02005178 1.00000000 0.00000000 0.00000000
v 0.01480423 0.50146612 0.02005178 1.00000000 1.00000000 1.00000000
v 0.02960845 0.50293224 0.02005178 1.00000000 1.00000000 1.00000000
v 0.04441268 0.50439836 0.02005178 1.00000000 1.00000000 1.00000000
v 0.05921691 0.50586449 0.02005178 1.00000000 1.00000000 1.00000000
v 0.07402113 0.50733061 0.02005178 1.00000000 1.00000000 1.00000000
v 0.08882536 0.50879673 0.02005178 1.00000000 1.00000000 1.00000000
v 0.10362959 0.51026285 0.02005178 1.00000000 1.00000000 1.00000000
v 0.11843381 0.51172897 0.02005178 1.00000000 1.00000000 1.00000000
v 0.13321436 0.51319275 0.02005178 1.00000000 1.00000000 1.00000000
v 0.14801858 0.51465887 0.02005178 1.00000000 1.00000000 1.00000000
v 0.16282281 0.51612499 0.02005178 1.00000000 1.00000000 1.00000000
v 0.17762704 0.51759111 0.02005178 1.00000000 1.00000000 1.00000000
v 0.19243126 0.51905723 0.02005178 1.00000000 1.00000000 1.00000000
v 0.20969356 0.52073705 0.01862524 1.00000000 1.00000000 1.00000000
v 0.22633491 0.52236288 0.01311986 1.00000000 1.00000000 1.00000000
v 0.23684394 0.52345560 0.00000000 1.00000000 0.00000000 0.00000000
v 0.23811184 0.50887136 0.00000000 1.00000000 1.00000000 1.00000000
v 0.23936047 0.49429925 0.00000000 1.00000000 1.00000000 1.00000000
v 0.24058983 0.47973925 0.00000000 1.00000000 1.00000000 1.00000000
v 0.24179993 0.46519138 0.00000000 1.00000000 1.00000000 1.00000000
v 0.24299520 0.45060100 0.00000000 1.00000000 1.00000000 1.00000000
v 0.24417107 0.43602283 0.00000000 1.00000000 1.00000000 1.00000000
v 0.24532752 0.42145688 0.00000000 1.00000000 1.00000000 1.00000000
v 0.24646879 0.40684865 0.00000000 1.00000000 1.00000000 1.00000000
v 0.24758635 0.39230716 0.00000000 1.00000000 1.00000000 1.00000000
v 0.24868857 0.37772349 0.00000000 1.00000000 1.00000000 1.00000000
v 0.24977124 0.36315212 0.00000000 1.00000000 1.00000000 1.00000000
v 0.25083829 0.34853876 0.00000000 1.00000000 1.00000000 1.00000000
v 0.25188563 0.33393779 0.00000000 1.00000000 1.00000000 1.00000000
v 0.25291327 0.31934921 0.00000000 1.00000000 1.00000000 1.00000000
v 0.25392121 0.30477303 0.00000000 1.00000000 1.00000000 1.00000000
v 0.25490945 0.29020925 0.00000000 1.00000000 1.00000000 1.00000000
v 0.25588155 0.27560378 0.00000000 1.00000000 1.00000000 1.00000000
v 0.25683380 0.26101081 0.00000000 1.00000000 1.00000000 1.00000000
v 0.25776620 0.24643032 0.00000000 1.00000000 1.00000000 1.00000000
v 0.25868209 0.23180839 0.00000000 1.00000000 1.00000000 1.00000000
v 0.25957472 0.21725292 0.00000000 1.00000000 1.00000000 1.00000000
v 0.26045070 0.20265610 0.00000000 1.00000000 1.00000000 1.00000000
v 0.26130980 0.18801807 0.00000000 1.00000000 1.00000000 1.00000000
v 0.26214571 0.17344646 0.00000000 1.00000000 1.00000000 1.00000000
v 0.26296460 0.15883373 0.00000000 1.00000000 1.00000000 1.00000000
v 0.26376334 0.14423367 0.00000000 1.00000000 1.00000000 1.00000000
v 0.26454194 0.12964628 0.00000000 1.00000000 1.00000000 1.00000000
v 0.26530315 0.11501801 0.00000000 1.00000000 1.00000000 1.00000000
v 0.26604139 0.10045601 0.00000000 1.00000000 1.00000000 1.00000000
v 0.26676469 0.08579976 0.00000000 1.00000000 1.00000000 1.00000000
v 0.26746502 0.07120978 0.00000000 1.00000000 1.00000000 1.00000000
v 0.26814506 0.05663257 0.00000000 1.00000000 1.00000000 1.00000000
v 0.26880718 0.04201480 0.00000000 1.00000000 1.00000000 1.00000000
v 0.26944886 0.02740990 0.00000000 1.00000000 1.00000000 1.00000000
v 0.27007234 0.01276462 0.00000000 1.00000000 1.00000000 1.00000000
v 0.27067306 -0.00181453 0.00000000 1.00000000 1.00000000 1.00000000
v 0.27125543 -0.01643395 0.00000000 1.00000000 0.00000000 0.00000000
v 0.26085634 -0.01710785 0.01304284 1.00000000 1.00000000 1.00000000
v 0.24434708 -0.01817771 0.01856570 1.00000000 1.00000000 1.00000000
v 0.22711011 -0.01929473 0.02005178 1.00000000 1.00000000 1.00000000
v 0.21240187 -0.02024789 0.02005178 1.00000000 1.00000000 1.00000000
v 0.19769363 -0.02120104 0.02005178 1.00000000 1.00000000 1.00000000
v 0.18298539 -0.02215419 0.02005178 1.00000000 1.00000000 1.00000000
v 0.16827716 -0.02310734 0.02005178 1.00000000 1.00000000 1.00000000
v 0.15354832 -0.02406183 0.02005178 1.00000000 1.00000000 1.00000000
v 0.13884008 -0.02501498 0.02005178 1.00000000 1.00000000 1.00000000
v 0.12413184 -0.02596813 0.02005178 1.00000000 1.00000000 1.00000000
v 0.10942360 -0.02692128 0.02005178 1.00000000 1.00000000 1.00000000
v 0.09218663 -0.02803830 0.01856570 1.00000000 1.00000000 1.00000000
v 0.07567737 -0.02910817 0.01304284 1.00000000 1.00000000 1.00000000
v 0.06527828 -0.02978207 0.00000000 1.00000000 0.00000000 0.00000000
v 0.06201577 -0.01515038 0.00000000 1.00000000 1.00000000 1.00000000
v 0.05878336 -0.00053281 0.00000000 1.00000000 1.00000000 1.00000000
v 0.05558131 0.01407033 0.00000000 1.00000000 1.00000000 1.00000000
v 0.05239554 0.02872489 0.00000000 1.00000000 1.00000000 1.00000000
v 0.04924099 0.04336391 0.00000000 1.00000000 1.00000000 1.00000000
v 0.04611093 0.05801995 0.00000000 1.00000000 1.00000000 1.00000000
v 0.04301279 0.07265957 0.00000000 1.00000000 1.00000000 1.00000000
v 0.03994000 0.08731509 0.00000000 1.00000000 1.00000000 1.00000000
v 0.03689311 0.10198585 0.00000000 1.00000000 1.00000000 1.00000000
v 0.03387928 0.11663875 0.00000000 1.00000000 1.00000000 1.00000000
v 0.03089222 0.13130577 0.00000000 1.00000000 1.00000000 1.00000000
v 0.02793246 0.14598623 0.00000000 1.00000000 1.00000000 1.00000000
v 0.02500054 0.16067945 0.00000000 1.00000000 1.00000000 1.00000000
v 0.02209701 0.17538476 0.00000000 1.00000000 1.00000000 1.00000000
v 0.01922858 0.19006961 0.00000000 1.00000000 1.00000000 1.00000000
v 0.01638333 0.20479715 0.00000000 1.00000000 1.00000000 1.00000000
v 0.01357410 0.21950308 0.00000000 1.00000000 1.00000000 1.00000000
v 0.01079523 0.23421857 0.00000000 1.00000000 1.00000000 1.00000000
v 0.00804728 0.24894293 0.00000000 1.00000000 1.00000000 1.00000000
v 0.00533653 0.26364418 0.00000000 1.00000000 1.00000000 1.00000000
v 0.00265198 0.27838430 0.00000000 1.00000000 1.00000000 1.00000000
v 0.00000000 0.29313119 0.00000000 1.00000000 0.00000000 0.00000000
v -0.00265198 0.27838430 0.00000000 1.00000000 1.00000000 1.00000000
v -0.00533653 0.26364418 0.00000000 1.00000000 1.00000000 1.00000000
v -0.00804728 0.24894293 0.00000000 1.00000000 1.00000000 1.00000000
v -0.01079523 0.23421857 0.00000000 1.00000000 1.00000000 1.00000000
v -0.01357410 0.21950308 0.00000000 1.00000000 1.00000000 1.00000000
v -0.01638333 0.20479715 0.00000000 1.00000000 1.00000000 1.00000000
v -0.01922858 0.19006961 0.00000000 1.00000000 1.00000000 1.00000000
v -0.02209701 0.17538476 0.00000000 1.00000000 1.00000000 1.00000000
v -0.02500054 0.16067945 0.00000000 1.00000000 1.00000000 1.00000000
v -0.02793246 0.14598623 0.00000000 1.00000000 1.00000000 1.00000000
v -0.03089222 0.13130577 0.00000000 1.00000000 1.00000000 1.00000000
v -0.03387928 0.11663875 0.00000000 1.00000000 1.00000000 1.00000000
v -0.03689311 0.10198585 0.00000000 1.00000000 1.00000000 1.00000000
v -0.03994000 0.08731509 0.00000000 1.00000000 1.00000000 1.00000000
v -0.04301279 0.07265957 0.00000000 1.00000000 1.00000000 1.00000000
v -0.04611093 0.05801995 0.00000000 1.00000000 1.00000000 1.00000000
v -0.04924099 0.04336391 0.00000000 1.00000000 1.00000000 1.00000000
v -0.05239554 0.02872489 0.00000000 1.00000000 1.00000000 1.00000000
v -0.05558131 0.01407033 0.00000000 1.00000000 1.00000000 1.00000000
v -0.05878336 -0.00053281 0.00000000 1.00000000 1.00000000 1.00000000
v -0.06201577 -0.01515038 0.00000000 1.00000000 1.00000000 1.00000000
v -0.06527828 -0.02978207 0.00000000 1.00000000 0.00000000 0.00000000
v -0.07567737 -0.02910817 0.01304284 1.00000000 1.00000000 1.00000000
v -0.09218663 -0.02803830 0.01856570 1.00000000 1.00000000 1.00000000
v -0.10942360 -0.02692128 0.02005178 1.00000000 1.00000000 1.00000000
v -0.12413184 -0.02596813 0.02005178 1.00000000 1.00000000 1.00000000
v -0.13884008 -0.02501498 0.02005178 1.00000000 1.00000000 1.00000000
v -0.15354832 -0.02406183 0.02005178 1.00000000 1.00000000 1.00000000
v -0.16825656 -0.02310867 0.02005178 1.00000000 1.00000000 1.00000000
v -0.18298539 -0.02215419 0.02005178 1.00000000 1.00000000 1.00000000
v -0.19769363 -0.02120104 0.02005178 1.00000000 1.00000000 1.00000000
v -0.21240187 -0.02024789 0.02005178 1.00000000 1.00000000 1.00000000
v -0.22711011 -0.01929473 0.02005178 1.00000000 1.00000000 1.00000000
v -0.24434708 -0.01817771 0.01856570 1.00000000 1.00000000 1.00000000
v -0.26085634 -0.01710785 0.01304284 1.00000000 1.00000000 1.00000000
v -0.27125543 -0.01643395 0.00000000 1.00000000 0.00000000 0.00000000
v -0.27067306 -0.00181453 0.00000000 1.00000000 1.00000000 1.00000000
v -0.27007234 0.01276462 0.00000000 1.00000000 1.00000000 1.00000000
v -0.26944886 0.02740990 0.00000000 1.00000000 1.00000000 1.00000000
v -0.26880718 0.04201480 0.00000000 1.00000000 1.00000000 1.00000000
v -0.26814506 0.05663257 0.00000000 1.00000000 1.00000000 1.00000000
v -0.26746502 0.07120978 0.00000000 1.00000000 1.00000000 1.00000000
v -0.26676469 0.08579976 0.00000000 1.00000000 1.00000000 1.00000000
v -0.26604139 0.10045601 0.00000000 1.00000000 1.00000000 1.00000000
v -0.26530315 0.11501801 0.00000000 1.00000000 1.00000000 1.00000000
v -0.26454194 0.12964628 0.00000000 1.00000000 1.00000000 1.00000000
v -0.26376334 0.14423367 0.00000000 1.00000000 1.00000000 1.00000000
v -0.26296460 0.15883373 0.00000000 1.00000000 1.00000000 1.00000000
v -0.26214571 0.17344646 0.00000000 1.00000000 1.00000000 1.00000000
v -0.26130980 0.18801807 0.00000000 1.00000000 1.00000000 1.00000000
v -0.26045070 0.20265610 0.00000000 1.00000000 1.00000000 1.00000000
v -0.25957472 0.21725292 0.00000000 1.00000000 1.00000000 1.00000000
v -0.25868209 0.23180839 0.00000000 1.00000000 1.00000000 1.00000000
v -0.25776620 0.24643032 0.00000000 1.00000000 1.00000000 1.00000000
v -0.25683380 0.26101081 0.00000000 1.00000000 1.00000000 1.00000000
v -0.25588155 0.27560378 0.00000000 1.00000000 1.00000000 1.00000000
v -0.25490945 0.29020925 0.00000000 1.00000000 1.00000000 1.00000000
v -0.25392121 0.30477303 0.00000000 1.00000000 1.00000000 1.00000000
v -0.25291327 0.31934921 0.00000000 1.00000000 1.00000000 1.00000000
v -0.25188563 0.33393779 0.00000000 1.00000000 1.00000000 1.00000000
v -0.25083829 0.34853876 0.00000000 1.00000000 1.00000000 1.00000000
v -0.24977124 0.36315212 0.00000000 1.00000000 1.00000000 1.00000000
v -0.24868857 0.37772349 0.00000000 1.00000000 1.00000000 1.00000000
v -0.24758635 0.39230716 0.00000000 1.00000000 1.00000000 1.00000000
v -0.24646879 0.40684865 0.00000000 1.00000000 1.00000000 1.00000000
v -0.24532752 0.42145688 0.00000000 1.00000000 1.00000000 1.00000000
v -0.24417107 0.43602283 0.00000000 1.00000000 1.00000000 1.00000000
v -0.24299520 0.45060100 0.00000000 1.00000000 1.00000000 1.00000000
v -0.24179993 0.46519138 0.00000000 1.00000000 1.00000000 1.00000000
v -0.24058983 0.47973925 0.00000000 1.00000000 1.00000000 1.00000000
v -0.23936047 0.49429925 0.00000000 1.00000000 1.00000000 1.00000000
v -0.23811184 0.50887136 0.00000000 1.00000000 1.00000000 1.00000000
v -0.23684394 0.52345560 0.00000000 1.00000000 0.00000000 0.00000000
v -0.18859074 0.14510644 0.02005178 1.00000000 1.00000000 1.00000000
v 0.25882740 0.05880992 0.01235631 1.00000000 1.00000000 1.00000000
v 0.05452473 0.18207655 0.01948528 1.00000000 1.00000000 1.00000000
v -0.14935698 0.44480028 0.02005178 1.00000000 1.00000000 1.00000000
v -0.06732043 0.32695693 0.02005178 1.00000000 1.00000000 1.00000000
v 0.09959455 -0.01894118 0.01975047 1.00000000 1.00000000 1.00000000
v 0.10545135 0.46302896 0.02005178 1.00000000 1.00000000 1.00000000
v -0.25736249 0.02681572 0.01389914 1.00000000 1.00000000 1.00000000
v -0.12282740 0.14244583 0.02005178 1.00000000 1.00000000 1.00000000
v 0.21899162 0.35102647 0.01929983 1.00000000 1.00000000 1.00000000
v -0.09936127 0.41935539 0.02005178 1.00000000 1.00000000 1.00000000
v -0.05596466 0.04114782 0.01026241 1.00000000 1.00000000 1.00000000
v 0.23166252 0.04574915 0.01983192 1.00000000 1.00000000 1.00000000
v -0.05368490 0.29697387 0.02005178 1.00000000 1.00000000 1.00000000
v -0.03769710 0.18341676 0.01587080 1.00000000 1.00000000 1.00000000
v -0.23560020 0.20770720 0.01805914 1.00000000 1.00000000 1.00000000
v -0.24042256 0.38580045 0.01136541 1.00000000 1.00000000 1.00000000
v -0.11860786 0.21893057 0.02005178 1.00000000 1.00000000 1.00000000
v 0.13529767 0.37482523 0.02005178 1.00000000 1.00000000 1.00000000
v 0.06106166 0.19791311 0.02004856 1.00000000 1.00000000 1.00000000
v 0.03175812 0.44764455 0.02005178 1.00000000 1.00000000 1.00000000
v 0.08294842 0.36540566 0.02005178 1.00000000 1.00000000 1.00000000
v 0.04469788 0.16339327 0.01685075 1.00000000 1.00000000 1.00000000
v -0.20408791 0.23930123 0.02005178 1.00000000 1.00000000 1.00000000
v 0.08681316 0.16302090 0.02005178 1.00000000 1.00000000 1.00000000
v 0.06864034 0.31225272 0.02005178 1.00000000 1.00000000 1.00000000
v -0.23699840 0.09755840 0.01894689 1.00000000 1.00000000 1.00000000
v 0.05429593 0.20778725 0.01988690 1.00000000 1.00000000 1.00000000
v -0.05971677 0.37820226 0.02005178 1.00000000 1.00000000 1.00000000
v 0.22276774 0.44484988 0.01707721 1.00000000 1.00000000 1.00000000
v -0.18017415 -0.01128546 0.02005178 1.00000000 1.00000000 1.00000000
v 0.18241762 0.06998822 0.02005178 1.00000000 1.00000000 1.00000000
v -0.26312724 -0.00195248 0.01130553 1.00000000 1.00000000 1.00000000
v 0.04650646 0.25471239 0.01994470 1.00000000 1.00000000 1.00000000
v 0.13876327 0.19952672 0.02005178 1.00000000 1.00000000 1.00000000
v 0.12413866 0.48650390 0.02005178 1.00000000 1.00000000 1.00000000
v 0.06456970 0.24099956 0.02005178 1.00000000 1.00000000 1.00000000
v -0.25076783 0.21138507 0.01231868 1.00000000 1.00000000 1.00000000
v -0.14163101 0.39195563 0.02005178 1.00000000 1.00000000 1.00000000
v -0.13584797 0.09118613 0.02005178 1.00000000 1.00000000 1.00000000
v -0.10220927 0.43739468 0.02005178 1.00000000 1.00000000 1.00000000
v -0.05089862 0.06677799 0.01056037 1.00000000 1.00000000 1.00000000
v -0.11041518 0.27113759 0.02005178 1.00000000 1.00000000 1.00000000
v 0.14799613 0.00908117 0.02005178 1.00000000 1.00000000 1.00000000
v -0.06593229 0.10360620 0.01888365 1.00000000 1.00000000 1.00000000
v -0.14618122 0.16385572 0.02005178 1.00000000 1.00000000 1.00000000
v -0.18125917 0.22955814 0.02005178 1.00000000 1.00000000 1.00000000
v 0.15034218 0.37032613 0.02005178 1.00000000 1.00000000 1.00000000
v 0.19250392 0.40535912 0.02005178 1.00000000 1.00000000 1.00000000
v 0.23922882 0.30481809 0.01503139 1.00000000 1.00000000 1.00000000
v 0.19447675 0.46334094 0.02005178 1.00000000 1.00000000 1.00000000
v -0.11919485 0.35610142 0.02005178 1.00000000 1.00000000 1.00000000
v 0.14737344 0.22466073 0.02005178 1.00000000 1.00000000 1.00000000
v -0.05362473 0.39103260 0.02005178 1.00000000 1.00000000 1.00000000
v -0.04107531 0.15384634 0.01493783 1.00000000 1.00000000 1.00000000
v 0.19748790 0.01358402 0.02005178 1.00000000 1.00000000 1.00000000
v -0.12064413 0.28177260 0.02005178 1.00000000 1.00000000 1.00000000
v 0.25702855 0.16322311 0.00992505 1.00000000 1.00000000 1.00000000
v -0.20645337 0.20350983 0.02005178 1.00000000 1.00000000 1.00000000
v -0.07934903 0.34765310 0.02005178 1.00000000 1.00000000 1.00000000
v -0.04056474 0.24594580 0.01927812 1.00000000 1.00000000 1.00000000
v 0.14763930 0.47016537 0.02005178 1.00000000 1.00000000 1.00000000
v 0.07497342 0.24343595 0.02005178 1.00000000 1.00000000 1.00000000
v -0.02374127 0.19305461 0.00934747 1.00000000 1.00000000 1.00000000
v 0.17492964 -0.00078457 0.02005178 1.00000000 1.00000000 1.00000000
v 0.19340247 0.30047195 0.02005178 1.00000000 1.00000000 1.00000000
v 0.10689047 0.35438442 0.02005178 1.00000000 1.00000000 1.00000000
v 0.05955341 0.34293058 0.02005178 1.00000000 1.00000000 1.00000000
v 0.21956249 0.30564338 0.01960266 1.00000000 1.00000000 1.00000000
v 0.12951880 0.09730400 0.02005178 1.00000000 1.00000000 1.00000000
v 0.16501180 0.23977759 0.02005178 1.00000000 1.00000000 1.00000000
v -0.22456488 0.37006699 0.01808613 1.00000000 1.00000000 1.00000000
v -0.13615699 0.14884852 0.02005178 1.00000000 1.00000000 1.00000000
v 0.11979101 0.21499540 0.02005178 1.00000000 1.00000000 1.00000000
v -0.18485230 0.49377192 0.02005178 1.00000000 1.00000000 1.00000000
v 0.04174950 0.09552185 0.00782980 1.00000000 1.00000000 1.00000000
v 0.14267791 0.09339977 0.02005178 1.00000000 1.00000000 1.00000000
v -0.18295451 0.12641720 0.02005178 1.00000000 1.00000000 1.00000000
v 0.06781983 0.04887487 0.01669082 1.00000000 1.00000000 1.00000000
v 0.12512413 0.20056437 0.02005178 1.00000000 1.00000000 1.00000000
v -0.14475435 0.08034932 0.02005178 1.00000000 1.00000000 1.00000000
v -0.21082439 0.47578261 0.01907718 1.00000000 1.00000000 1.00000000
v -0.08925820 0.24083879 0.02005178 1.00000000 1.00000000 1.00000000
v -0.15909860 0.07824879 0.02005178 1.00000000 1.00000000 1.00000000
v -0.18936176 0.50409975 0.02005178 1.00000000 1.00000000 1.00000000
v -0.15510156 0.41838066 0.02005178 1.00000000 1.00000000 1.00000000
v -0.23088621 0.02880681 0.01992459 1.00000000 1.00000000 1.00000000
v -0.06959937 0.01429732 0.01464762 1.00000000 1.00000000 1.00000000
v -0.07600574 0.00032371 0.01592434 1.00000000 1.00000000 1.00000000
v 0.04492348 0.08324850 0.00845689 1.00000000 1.00000000 1.00000000
v -0.13049034 0.33473305 0.02005178 1.00000000 1.00000000 1.00000000
v 0.17196291 -0.01192045 0.02005178 1.00000000 1.00000000 1.00000000
v -0.20177519 0.05514407 0.02005178 1.00000000 1.00000000 1.00000000
v -0.23710100 0.06578463 0.01916381 1.00000000 1.00000000 1.00000000
v -0.11059184 0.34398600 0.02005178 1.00000000 1.00000000 1.00000000
v -0.17100974 0.20699822 0.02005178 1.00000000 1.00000000 1.00000000
v 0.19185454 0.28747151 0.02005178 1.00000000 1.00000000 1.00000000
v -0.06395019 0.19179837 0.02005178 1.00000000 1.00000000 1.00000000
v 0.24665264 0.34004967 0.00915648 1.00000000 1.00000000 1.00000000
v -0.05168029 0.46888094 0.02005178 1.00000000 1.00000000 1.00000000
v -0.20250290 0.46780909 0.01994850 1.00000000 1.00000000 1.00000000
v -0.07492779 0.44919322 0.02005178 1.00000000 1.00000000 1.00000000
v -0.12995059 0.34921963 0.02005178 1.00000000 1.00000000 1.00000000
v -0.06474200 0.11778623 0.01914622 1.00000000 1.00000000 1.00000000
v -0.09674742 0.32519454 0.02005178 1.00000000 1.00000000 1.00000000
v -0.24862527 0.35433307 0.00569581 1.00000000 1.00000000 1.00000000
v -0.17545088 0.44918512 0.02005178 1.00000000 1.00000000 1.00000000
v -0.24841725 0.06487884 0.01669143 1.00000000 1.00000000 1.00000000
v -0.13623953 0.43778365 0.02005178 1.00000000 1.00000000 1.00000000
v 0.17492409 0.37820252 0.02005178 1.00000000 1.00000000 1.00000000
v 0.03863696 0.48873066 0.02005178 1.00000000 1.00000000 1.00000000
v -0.09375546 0.00055229 0.01961891 1.00000000 1.00000000 1.00000000
v 0.14067595 0.48681674 0.02005178 1.00000000 1.00000000 1.00000000
v 0.21001160 0.08959419 0.02005178 1.00000000 1.00000000 1.00000000
v 0.23348861 0.16439886 0.01894174 1.00000000 1.00000000 1.00000000
v 0.04269657 0.23953510 0.01939464 1.00000000 1.00000000 1.00000000
v -0.06419459 0.06954684 0.01691915 1.00000000 1.00000000 1.00000000
v -0.22586797 0.07249895 0.02003350 1.00000000 1.00000000 1.00000000
v 0.22914343 0.49729598 0.01276943 1.00000000 1.00000000 1.00000000
v 0.18849596 0.15381270 0.02005178 1.00000000 1.00000000 1.00000000
v -0.13397582 0.27420933 0.02005178 1.00000000 1.00000000 1.00000000
v 0.03025075 0.18960584 0.01320739 1.00000000 1.00000000 1.00000000
v 0.08209016 0.21005486 0.02005178 1.00000000 1.00000000 1.00000000
v -0.07402428 0.30299423 0.02005178 1.00000000 1.00000000 1.00000000
v -0.06868511 0.41700051 0.02005178 1.00000000 1.00000000 1.00000000
v 0.24501719 0.15896137 0.01623824 1.00000000 1.00000000 1.00000000
v -0.20099429 0.07285591 0.02005178 1.00000000 1.00000000 1.00000000
v 0.09203557 0.13129856 0.02005178 1.00000000 1.00000000 1.00000000
v -0.02935778 0.35966587 0.02005178 1.00000000 1.00000000 1.00000000
v 0.12319609 0.42910807 0.02005178 1.00000000 1.00000000 1.00000000
v 0.19216270 0.04718337 0.02005178 1.00000000 1.00000000 1.00000000
v -0.21763713 0.00413346 0.02005178 1.00000000 1.00000000 1.00000000
v 0.11797512 0.34277649 0.02005178 1.00000000 1.00000000 1.00000000
v 0.22814754 0.41925102 0.01602909 1.00000000 1.00000000 1.00000000
v 0.18575303 0.02040262 0.02005178 1.00000000 1.00000000 1.00000000
v 0.13300778 0.21054756 0.02005178 1.00000000 1.00000000 1.00000000
v 0.08259117 0.34903702 0.02005178 1.00000000 1.00000000 1.00000000
v -0.16488295 0.38203054 0.02005178 1.00000000 1.00000000 1.00000000
v 0.13566094 0.06524704 0.02005178 1.00000000 1.00000000 1.00000000
v 0.05154727 0.37615452 0.02005178 1.00000000 1.00000000 1.00000000
v -0.08379480 0.05469496 0.01977472 1.00000000 1.00000000 1.00000000
v 0.23498323 0.43740809 0.01226150 1.00000000 1.00000000 1.00000000
v 0.02954747 0.23587287 0.01650690 1.00000000 1.00000000 1.00000000
v 0.12792353 0.10783013 0.02005178 1.00000000 1.00000000 1.00000000
v 0.05442013 0.45150460 0.02005178 1.00000000 1.00000000 1.00000000
v 0.07804632 0.00595722 0.01695657 1.00000000 1.00000000 1.00000000
v -0.11354457 0.24189587 0.02005178 1.00000000 1.00000000 1.00000000
v -0.23058021 0.43659434 0.01454281 1.00000000 1.00000000 1.00000000
v -0.10006143 0.38162419 0.02005178 1.00000000 1.00000000 1.00000000
v 0.03132638 0.24675736 0.01757746 1.00000000 1.00000000 1.00000000
v 0.17312826 0.01246035 0.02005178 1.00000000 1.00000000 1.00000000
v 0.08397187 0.25279083 0.02005178 1.00000000 1.00000000 1.00000000
v 0.08904293 0.26354788 0.02005178 1.00000000 1.00000000 1.00000000
v -0.20619922 0.09023588 0.02005178 1.00000000 1.00000000 1.00000000
v 0.12977985 0.33434640 0.02005178 1.00000000 1.00000000 1.00000000
v -0.23572728 0.37595333 0.01434496 1.00000000 1.00000000 1.00000000
v 0.00432556 0.36991295 0.02005178 1.00000000 1.00000000 1.00000000
v -0.08097210 0.10192433 0.02005158 1.00000000 1.00000000 1.00000000
v 0.13228410 0.46150099 0.02005178 1.00000000 1.00000000 1.00000000
v -0.17027958 0.36700343 0.02005178 1.00000000 1.00000000 1.00000000
v 0.19537389 -0.00087101 0.02005178 1.00000000 1.00000000 1.00000000
v -0.15709659 -0.01260960 0.02005178 1.00000000 1.00000000 1.00000000
v 0.11614018 0.41901223 0.02005178 1.00000000 1.00000000 1.00000000
v -0.15741936 0.17392096 0.02005178 1.00000000 1.00000000 1.00000000
v 0.23609638 0.37889970 0.01407360 1.00000000 1.00000000 1.00000000
v 0.13484646 0.43361944 0.02005178 1.00000000 1.00000000 1.00000000
v -0.15037545 0.01472547 0.02005178 1.00000000 1.00000000 1.00000000
v 0.15715354 0.41932859 0.02005178 1.00000000 1.00000000 1.00000000
v 0.14209286 0.26261520 0.02005178 1.00000000 1.00000000 1.00000000
v -0.15002848 0.43136035 0.02005178 1.00000000 1.00000000 1.00000000
v -0.14073596 0.30055719 0.02005178 1.00000000 1.00000000 1.00000000
v 0.04299354 0.19973611 0.01820415 1.00000000 1.00000000 1.00000000
v 0.11458895 0.32976501 0.02005178 1.00000000 1.00000000 1.00000000
v -0.24872793 0.18503032 0.01419677 1.00000000 1.00000000 1.00000000
v -0.10066335 0.20786471 0.02005178 1.00000000 1.00000000 1.00000000
v 0.16706956 0.11838518 0.02005178 1.00000000 1.00000000 1.00000000
v 0.17779445 0.19999993 0.02005178 1.00000000 1.00000000 1.00000000
v 0.25303486 0.08238010 0.01470646 1.00000000 1.00000000 1.00000000
v 0.14155789 0.31344468 0.02005178 1.00000000 1.00000000 1.00000000
v 0.02437973 0.22640158 0.01380098 1.00000000 1.00000000 1.00000000
v -0.17367050 0.24138801 0.02005178 1.00000000 1.00000000 1.00000000
v -0.15989749 0.19295248 0.02005178 1.00000000 1.00000000 1.00000000
v -0.08601858 0.01047170 0.01891615 1.00000000 1.00000000 1.00000000
v 0.05194945 0.09097768 0.01409028 1.00000000 1.00000000 1.00000000
v 0.02642816 0.47784773 0.02005178 1.00000000 1.00000000 1.00000000
v -0.02130171 0.20960631 0.00996735 1.00000000 1.00000000 1.00000000
v 0.05231295 0.26553144 0.02005178 1.00000000 1.00000000 1.00000000
v -0.10090133 0.49704019 0.02005178 1.00000000 1.00000000 1.00000000
v 0.24360701 0.32945857 0.01197246 1.00000000 1.00000000 1.00000000
v 0.22997855 0.29724696 0.01803538 1.00000000 1.00000000 1.00000000
v -0.01954788 0.33412501 0.02005178 1.00000000 1.00000000 1.00000000
v 0.20894211 0.01568417 0.02005178 1.00000000 1.00000000 1.00000000
v -0.11481152 0.44562463 0.02005178 1.00000000 1.00000000 1.00000000
v -0.11044440 0.10362812 0.02005178 1.00000000 1.00000000 1.00000000
v 0.04236309 0.36383091 0.02005178 1.00000000 1.00000000 1.00000000
v 0.07533011 0.07205369 0.01928814 1.00000000 1.00000000 1.00000000
v -0.25567391 0.13431720 0.01199330 1.00000000 1.00000000 1.00000000
v -0.20101584 0.36276980 0.02005178 1.00000000 1.00000000 1.00000000
v 0.08940838 -0.00095849 0.01904998 1.00000000 1.00000000 1.00000000
v -0.03317250 0.37373114 0.02005178 1.00000000 1.00000000 1.00000000
v -0.00686852 0.32356989 0.01924982 1.00000000 1.00000000 1.00000000
v -0.18371782 0.24372752 0.02005178 1.00000000 1.00000000 1.00000000
v -0.25253979 0.29821685 0.00575318 1.00000000 1.00000000 1.00000000
v -0.12330791 0.49179313 0.02005178 1.00000000 1.00000000 1.00000000
v 0.11942091 0.11279751 0.02005178 1.00000000 1.00000000 1.00000000
v -0.21704816 0.04903206 0.02005178 1.00000000 1.00000000 1.00000000
v 0.26202309 0.04767374 0.01057816 1.00000000 1.00000000 1.00000000
v 0.13498322 0.22234696 0.02005178 1.00000000 1.00000000 1.00000000
v -0.17113711 0.00208023 0.02005178 1.00000000 1.00000000 1.00000000
v -0.03182015 0.34332415 0.02005178 1.00000000 1.00000000 1.00000000
v -0.09225170 0.37177072 0.02005178 1.00000000 1.00000000 1.00000000
v 0.14381626 -0.01291711 0.02005178 1.00000000 1.00000000 1.00000000
v 0.05195742 0.10277698 0.01513521 1.00000000 1.00000000 1.00000000
v -0.08847895 0.21106527 0.02005178 1.00000000 1.00000000 1.00000000
v 0.08180842 0.33020300 0.02005178 1.00000000 1.00000000 1.00000000
v -0.21371238 0.18637098 0.02005178 1.00000000 1.00000000 1.00000000
v 0.21383895 0.24680244 0.02005178 1.00000000 1.00000000 1.00000000
v -0.12885880 0.32090719 0.02005178 1.00000000 1.00000000 1.00000000
v -0.03100250 0.40821157 0.02005178 1.00000000 1.00000000 1.00000000
v -0.04258057 0.17164479 0.01670651 1.00000000 1.00000000 1.00000000
v -0.22168127 0.51295242 0.01556476 1.00000000 1.00000000 1.00000000
v -0.10365168 0.00843039 0.02005178 1.00000000 1.00000000 1.00000000
v -0.13194201 0.11295634 0.02005178 1.00000000 1.00000000 1.00000000
v -0.05937710 0.31935632 0.02005178 1.00000000 1.00000000 1.00000000
v 0.05860500 0.29661474 0.02005178 1.00000000 1.00000000 1.00000000
v -0.05639262 0.24313222 0.02005178 1.00000000 1.00000000 1.00000000
v 0.04881595 0.40616294 0.02005178 1.00000000 1.00000000 1.00000000
v -0.13420389 0.20027505 0.02005178 1.00000000 1.00000000 1.00000000
v -0.19895572 0.25671405 0.02005178 1.00000000 1.00000000 1.00000000
v -0.23327774 0.45091442 0.01261982 1.00000000 1.00000000 1.00000000
v -0.06148710 0.36493883 0.02005178 1.00000000 1.00000000 1.00000000
v 0.08319769 0.23167636 0.02005178 1.00000000 1.00000000 1.00000000
v -0.09604786 0.26911421 0.02005178 1.00000000 1.00000000 1.00000000
v -0.16263672 0.06194919 0.02005178 1.00000000 1.00000000 1.00000000
v -0.10188244 0.36511780 0.02005178 1.00000000 1.00000000 1.00000000
v -0.13447104 0.16883114 0.02005178 1.00000000 1.00000000 1.00000000
v -0.03238952 0.16308722 0.01142011 1.00000000 1.00000000 1.00000000
v 0.09736360 0.15351107 0.02005178 1.00000000 1.00000000 1.00000000
v -0.19560000 0.13437454 0.02005178 1.00000000 1.00000000 1.00000000
v 0.17513195 0.33430107 0.02005178 1.00000000 1.00000000 1.00000000
v 0.11310438 0.14845348 0.02005178 1.00000000 1.00000000 1.00000000
v -0.19810075 0.49569426 0.02002234 1.00000000 1.00000000 1.00000000
v 0.22394921 0.39231498 0.01784362 1.00000000 1.00000000 1.00000000
v -0.15232295 0.32997057 0.02005178 1.00000000 1.00000000 1.00000000
v 0.20571452 0.35456940 0.02005178 1.00000000 1.00000000 1.00000000
v -0.22110386 -0.00781410 0.02005178 1.00000000 1.00000000 1.00000000
v -0.00964582 0.47894522 0.02005178 1.00000000 1.00000000 1.00000000
v 0.14366987 0.29093112 0.02005178 1.00000000 1.00000000 1.00000000
v 0.24783490 0.06744396 0.01683183 1.00000000 1.00000000 1.00000000
v 0.15463461 0.11168791 0.02005178 1.00000000 1.00000000 1.00000000
v -0.22228136 0.14382257 0.02003260 1.00000000 1.00000000 1.00000000
v -0.20562224 0.14338735 0.02005178 1.00000000 1.00000000 1.00000000
v -0.24255926 0.35791461 0.01132526 1.00000000 1.00000000 1.00000000
v 0.11052680 0.17802295 0.02005178 1.00000000 1.00000000 1.00000000
v 0.22921107 0.36882339 0.01692064 1.00000000 1.00000000 1.00000000
v 0.16947646 0.34658152 0.02005178 1.00000000 1.00000000 1.00000000
v 0.09438010 0.43462817 0.02005178 1.00000000 1.00000000 1.00000000
v -0.16011474 0.24398278 0.02005178 1.00000000 1.00000000 1.00000000
v -0.08487936 0.36192837 0.02005178 1.00000000 1.00000000 1.00000000
v 0.08331802 0.11184944 0.02005178 1.00000000 1.00000000 1.00000000
v -0.24971254 0.23720604 0.01199832 1.00000000 1.00000000 1.00000000
v 0.07301601 0.45226027 0.02005178 1.00000000 1.00000000 1.00000000
v 0.07398409 0.25735098 0.02005178 1.00000000 1.00000000 1.00000000
v 0.02047069 0.29405330 0.01698705 1.00000000 1.00000000 1.00000000
v 0.05034699 0.30682665 0.02005178 1.00000000 1.00000000 1.00000000
v -0.06494962 0.31119741 0.02005178 1.00000000 1.00000000 1.00000000
v -0.05690418 0.45465262 0.02005178 1.00000000 1.00000000 1.00000000
v 0.01986440 0.43277653 0.02005178 1.00000000 1.00000000 1.00000000
v 0.03431879 0.29045880 0.01950695 1.00000000 1.00000000 1.00000000
v -0.14398820 -0.01259697 0.02005178 1.00000000 1.00000000 1.00000000
v -0.12139646 0.19213315 0.02005178 1.00000000 1.00000000 1.00000000
v 0.21765691 0.04555163 0.02005178 1.00000000 1.00000000 1.00000000
v -0.20460553 0.41365447 0.02002751 1.00000000 1.00000000 1.00000000
v 0.07285984 0.10587367 0.01976274 1.00000000 1.00000000 1.00000000
v -0.03459581 0.19366502 0.01547194 1.00000000 1.00000000 1.00000000
v -0.09479725 0.39547397 0.02005178 1.00000000 1.00000000 1.00000000
v 0.17618698 0.28806012 0.02005178 1.00000000 1.00000000 1.00000000
v 0.13060733 0.03190895 0.02005178 1.00000000 1.00000000 1.00000000
v 0.02313005 0.20021221 0.00998441 1.00000000 1.00000000 1.00000000
v -0.06301941 0.34903968 0.02005178 1.00000000 1.00000000 1.00000000
v -0.18621747 0.39356732 0.02005178 1.00000000 1.00000000 1.00000000
v 0.18548132 0.27588002 0.02005178 1.00000000 1.00000000 1.00000000
v 0.11250563 0.26917921 0.02005178 1.00000000 1.00000000 1.00000000
v 0.22890674 0.51047903 0.01225224 1.00000000 1.00000000 1.00000000
v 0.22106912 0.43130774 0.01780442 1.00000000 1.00000000 1.00000000
v -0.06753358 0.40051952 0.02005178 1.00000000 1.00000000 1.00000000
v -0.22275144 0.38674998 0.01820756 1.00000000 1.00000000 1.00000000
v -0.16363569 0.47941267 0.02005178 1.00000000 1.00000000 1.00000000
v 0.20165673 0.42452887 0.02005177 1.00000000 1.00000000 1.00000000
v -0.10810265 0.32902665 0.02005178 1.00000000 1.00000000 1.00000000
v -0.08098817 0.02008218 0.01839817 1.00000000 1.00000000 1.00000000
v -0.25063627 0.12166516 0.01488573 1.00000000 1.00000000 1.00000000
v -0.21021318 0.22848838 0.02005178 1.00000000 1.00000000 1.00000000
v -0.09524237 0.02341920 0.02001578 1.00000000 1.00000000 1.00000000
v -0.08746677 0.19907224 0.02005178 1.00000000 1.00000000 1.00000000
v -0.23472559 0.47444727 0.01039847 1.00000000 1.00000000 1.00000000
v -0.13763993 0.31294856 0.02005178 1.00000000 1.00000000 1.00000000
v -0.22494552 0.05816889 0.02005143 1.00000000 1.00000000 1.00000000
v 0.09708355 0.38871640 0.02005178 1.00000000 1.00000000 1.00000000
v -0.23385980 0.36308652 0.01551086 1.00000000 1.00000000 1.00000000
v 0.08434321 -0.01619360 0.01733758 1.00000000 1.00000000 1.00000000
v 0.23305736 0.21488583 0.01849816 1.00000000 1.00000000 1.00000000
v 0.06663087 -0.00305433 0.01101045 1.00000000 1.00000000 1.00000000
v -0.11906527 0.23210419 0.02005178 1.00000000 1.00000000 1.00000000
v 0.02924228 0.34213958 0.02005178 1.00000000 1.00000000 1.00000000
v -0.26101255 0.03771462 0.01159210 1.00000000 1.00000000 1.00000000
v 0.03520352 0.25918657 0.01885061 1.00000000 1.00000000 1.00000000
v 0.08276865 0.38168642 0.02005178 1.00000000 1.00000000 1.00000000
v -0.21399713 0.12672487 0.02005178 1.00000000 1.00000000 1.00000000
v -0.13440879 0.48440599 0.02005178 1.00000000 1.00000000 1.00000000
v -0.20048247 0.16582870 0.02005178 1.00000000 1.00000000 1.00000000
v 0.10069877 0.28211567 0.02005178 1.00000000 1.00000000 1.00000000
v 0.13958603 0.10656288 0.02005178 1.00000000 1.00000000 1.00000000
v -0.24625560 0.30623351 0.01130654 1.00000000 1.00000000 1.00000000
v 0.02738897 0.40702005 0.02005178 1.00000000 1.00000000 1.00000000
v -0.18431379 0.25804141 0.02005178 1.00000000 1.00000000 1.00000000
v -0.08908215 0.25547494 0.02005178 1.00000000 1.00000000 1.00000000
v -0.15675890 0.11607531 0.02005178 1.00000000 1.00000000 1.00000000
v 0.03798598 0.15014687 0.01317800 1.00000000 1.00000000 1.00000000
v 0.23213549 0.45853960 0.01290895 1.00000000 1.00000000 1.00000000
v -0.20257164 0.45419541 0.01999205 1.00000000 1.00000000 1.00000000
v -0.04450529 0.14191250 0.01534503 1.00000000 1.00000000 1.00000000
v -0.23922219 0.28985382 0.01543564 1.00000000 1.00000000 1.00000000
v 0.25289771 0.03911254 0.01556707 1.00000000 1.00000000 1.00000000
v 0.15405484 0.44157950 0.02005178 1.00000000 1.00000000 1.00000000
v 0.06113011 0.21954677 0.02005178 1.00000000 1.00000000 1.00000000
v -0.08056046 0.23327210 0.02005178 1.00000000 1.00000000 1.00000000
v -0.16800055 0.23233627 0.02005178 1.00000000 1.00000000 1.00000000
v -0.14796867 -0.00053918 0.02005178 1.00000000 1.00000000 1.00000000
v -0.14064264 0.50029120 0.02005178 1.00000000 1.00000000 1.00000000
v 0.14057172 0.13056815 0.02005178 1.00000000 1.00000000 1.00000000
v 0.01061718 0.27323542 0.01086526 1.00000000 1.00000000 1.00000000
v 0.22322034 0.27265548 0.01944811 1.00000000 1.00000000 1.00000000
v -0.24155024 0.08082173 0.01825860 1.00000000 1.00000000 1.00000000
v 0.16405265 0.32645596 0.02005178 1.00000000 1.00000000 1.00000000
v -0.24049920 0.34653037 0.01306194 1.00000000 1.00000000 1.00000000
v 0.12195640 0.00090610 0.02005178 1.00000000 1.00000000 1.00000000
v 0.04479167 0.44296254 0.02005178 1.00000000 1.00000000 1.00000000
v 0.05341814 0.35430380 0.02005178 1.00000000 1.00000000 1.00000000
v 0.18894477 0.49825637 0.02005178 1.00000000 1.00000000 1.00000000
v 0.14717428 0.13819598 0.02005178 1.00000000 1.00000000 1.00000000
v 0.13388451 0.11793299 0.02005178 1.00000000 1.00000000 1.00000000
v -0.20933755 -0.01246096 0.02005178 1.00000000 1.00000000 1.00000000
v -0.05205944 0.30953815 0.02005178 1.00000000 1.00000000 1.00000000
v 0.24882009 0.31124689 0.00902924 1.00000000 1.00000000 1.00000000
v 0.22705786 0.19077135 0.01958404 1.00000000 1.00000000 1.00000000
v -0.13569989 0.37983756 0.02005178 1.00000000 1.00000000 1.00000000
v 0.05468793 0.49158750 0.02005178 1.00000000 1.00000000 1.00000000
v 0.06756717 0.08229738 0.01837916 1.00000000 1.00000000 1.00000000
v -0.24155090 0.27963622 0.01477185 1.00000000 1.00000000 1.00000000
v 0.17669683 0.45552726 0.02005178 1.00000000 1.00000000 1.00000000
v 0.21656922 0.37997317 0.01933556 1.00000000 1.00000000 1.00000000
v -0.26549851 0.06493402 0.00638637 1.00000000 1.00000000 1.00000000
v -0.10488977 0.40651180 0.02005178 1.00000000 1.00000000 1.00000000
v -0.13571050 0.02635079 0.02005178 1.00000000 1.00000000 1.00000000
v 0.07010357 0.14883567 0.02004078 1.00000000 1.00000000 1.00000000
v -0.05406037 0.26775815 0.02005178 1.00000000 1.00000000 1.00000000
v 0.07107816 0.37343442 0.02005178 1.00000000 1.00000000 1.00000000
v 0.16965435 0.48420361 0.02005178 1.00000000 1.00000000 1.00000000
v -0.10629298 0.21964941 0.02005178 1.00000000 1.00000000 1.00000000
v -0.12941424 0.50122956 0.02005178 1.00000000 1.00000000 1.00000000
v -0.19284402 0.15677868 0.02005178 1.00000000 1.00000000 1.00000000
v 0.08707986 0.27734958 0.02005178 1.00000000 1.00000000 1.00000000
v 0.19353587 0.26080945 0.02005178 1.00000000 1.00000000 1.00000000
v -0.09045935 0.28079755 0.02005178 1.00000000 1.00000000 1.00000000
v 0.23098949 0.13679147 0.01948694 1.00000000 1.00000000 1.00000000
v 0.06432323 0.01035436 0.01143860 1.00000000 1.00000000 1.00000000
v -0.13915090 0.46523561 0.02005178 1.00000000 1.00000000 1.00000000
v 0.02089034 0.31659281 0.01927792 1.00000000 1.00000000 1.00000000
v 0.25391924 0.24172353 0.00854658 1.00000000 1.00000000 1.00000000
v 0.14441968 0.50048791 0.02005178 1.00000000 1.00000000 1.00000000
v -0.25459885 0.09280730 0.01375577 1.00000000 1.00000000 1.00000000
v 0.23105104 0.35489875 0.01667583 1.00000000 1.00000000 1.00000000
v -0.21768586 0.26809628 0.01993178 1.00000000 1.00000000 1.00000000
v -0.09357926 0.03842085 0.02004605 1.00000000 1.00000000 1.00000000
v 0.18593868 0.37098974 0.02005178 1.00000000 1.00000000 1.00000000
v 0.20515032 0.30498177 0.02005178 1.00000000 1.00000000 1.00000000
v -0.21457977 0.32245019 0.01990030 1.00000000 1.00000000 1.00000000
v -0.21343859 0.07647261 0.02005178 1.00000000 1.00000000 1.00000000
v -0.02742714 0.47887783 0.02005178 1.00000000 1.00000000 1.00000000
v -0.12261204 0.43349133 0.02005178 1.00000000 1.00000000 1.00000000
v -0.04865636 0.19285001 0.01898884 1.00000000 1.00000000 1.00000000
v 0.23060174 0.02049958 0.01995595 1.00000000 1.00000000 1.00000000
v 0.24290078 0.01977015 0.01854375 1.00000000 1.00000000 1.00000000
v -0.00798970 0.39976246 0.02005178 1.00000000 1.00000000 1.00000000
v -0.08605228 0.49463001 0.02005178 1.00000000 1.00000000 1.00000000
v 0.15659492 0.24894072 0.02005178 1.00000000 1.00000000 1.00000000
v 0.21910280 0.02827266 0.02005178 1.00000000 1.00000000 1.00000000
v 0.15958887 0.22816050 0.02005178 1.00000000 1.00000000 1.00000000
v -0.10984218 0.47208967 0.02005178 1.00000000 1.00000000 1.00000000
v -0.23477401 -0.00676073 0.01976761 1.00000000 1.00000000 1.00000000
v -0.15122644 0.09275294 0.02005178 1.00000000 1.00000000 1.00000000
v -0.08595058 0.44250752 0.02005178 1.00000000 1.00000000 1.00000000
v 0.03732831 0.11193401 0.00662071 1.00000000 1.00000000 1.00000000
v 0.10568264 0.21634802 0.02005178 1.00000000 1.00000000 1.00000000
v -0.04102201 0.30250097 0.02004331 1.00000000 1.00000000 1.00000000
v 0.13080909 -0.01183096 0.02005178 1.00000000 1.00000000 1.00000000
v -0.20281158 0.00534947 0.02005178 1.00000000 1.00000000 1.00000000
v 0.00864736 0.45851897 0.02005178 1.00000000 1.00000000 1.00000000
v -0.05872066 0.01926039 0.00858237 1.00000000 1.00000000 1.00000000
v -0.08404419 0.11613858 0.02005178 1.00000000 1.00000000 1.00000000
v -0.18252308 0.40850655 0.02005178 1.00000000 1.00000000 1.00000000
v -0.18299607 0.00213185 0.02005178 1.00000000 1.00000000 1.00000000
v -0.12862424 0.24823680 0.02005178 1.00000000 1.00000000 1.00000000
v -0.04242671 0.48032260 0.02005178 1.00000000 1.00000000 1.00000000
v 0.21579657 0.21427392 0.02005178 1.00000000 1.00000000 1.00000000
v -0.17373034 0.26506399 0.02005178 1.00000000 1.00000000 1.00000000
v 0.01514379 0.39763354 0.02005178 1.00000000 1.00000000 1.00000000
v 0.09608647 0.49231521 0.02005178 1.00000000 1.00000000 1.00000000
v -0.09322016 0.18768273 0.02005178 1.00000000 1.00000000 1.00000000
v -0.17755811 0.34654363 0.02005178 1.00000000 1.00000000 1.00000000
v -0.21963878 0.20098908 0.02001841 1.00000000 1.00000000 1.00000000
v -0.16699104 0.35323520 0.02005178 1.00000000 1.00000000 1.00000000
v 0.04301104 0.10659511 0.01087054 1.00000000 1.00000000 1.00000000
v 0.12920285 0.16541393 0.02005178 1.00000000 1.00000000 1.00000000
v 0.22887662 0.26384368 0.01870329 1.00000000 1.00000000 1.00000000
v -0.11572080 0.20512676 0.02005178 1.00000000 1.00000000 1.00000000
v 0.08176429 0.42921371 0.02005178 1.00000000 1.00000000 1.00000000
v 0.03133951 0.21585833 0.01584052 1.00000000 1.00000000 1.00000000
v 0.09170069 0.46895036 0.02005178 1.00000000 1.00000000 1.00000000
v 0.08182289 0.46065065 0.02005178 1.00000000 1.00000000 1.00000000
v 0.10001298 0.02830286 0.02005178 1.00000000 1.00000000 1.00000000
v -0.14304175 0.05469645 0.02005178 1.00000000 1.00000000 1.00000000
v 0.25341625 0.20060855 0.01102759 1.00000000 1.00000000 1.00000000
v -0.24505802 0.36936758 0.00864994 1.00000000 1.00000000 1.00000000
v -0.17278621 0.32330006 0.02005178 1.00000000 1.00000000 1.00000000
v 0.00259522 0.40813064 0.02005178 1.00000000 1.00000000 1.00000000
v 0.11797933 0.09861839 0.02005178 1.00000000 1.00000000 1.00000000
v -0.25173360 0.14609113 0.01380696 1.00000000 1.00000000 1.00000000
v 0.24093814 0.31946028 0.01382030 1.00000000 1.00000000 1.00000000
v 0.06264441 0.03501780 0.01352591 1.00000000 1.00000000 1.00000000
v 0.17122269 0.31395206 0.02005178 1.00000000 1.00000000 1.00000000
v -0.15976652 0.00470192 0.02005178 1.00000000 1.00000000 1.00000000
v 0.20486585 0.28869882 0.02005178 1.00000000 1.00000000 1.00000000
v -0.13355168 0.45034445 0.02005178 1.00000000 1.00000000 1.00000000
v -0.18973654 0.08135683 0.02005178 1.00000000 1.00000000 1.00000000
v 0.24986917 0.13143037 0.01499146 1.00000000 1.00000000 1.00000000
v 0.01637518 0.23993105 0.01058722 1.00000000 1.00000000 1.00000000
v 0.11570462 0.45322600 0.02005178 1.00000000 1.00000000 1.00000000
v 0.24186499 0.03409845 0.01862153 1.00000000 1.00000000 1.00000000
v 0.17229573 0.38985775 0.02005178 1.00000000 1.00000000 1.00000000
v -0.14861260 0.49198169 0.02005178 1.00000000 1.00000000 1.00000000
v 0.13020370 0.36284743 0.02005178 1.00000000 1.00000000 1.00000000
v 0.16876374 0.08498562 0.02005178 1.00000000 1.00000000 1.00000000
v 0.19458819 0.20769768 0.02005178 1.00000000 1.00000000 1.00000000
v -0.21257505 0.37447787 0.01978216 1.00000000 1.00000000 1.00000000
v -0.23807859 0.15759701 0.01815009 1.00000000 1.00000000 1.00000000
v -0.09656322 0.10704562 0.02005178 1.00000000 1.00000000 1.00000000
v 0.16065722 0.21608776 0.02005178 1.00000000 1.00000000 1.00000000
v 0.19731568 0.09429549 0.02005178 1.00000000 1.00000000 1.00000000
v -0.15546693 0.34337062 0.02005178 1.00000000 1.00000000 1.00000000
v -0.24477213 0.02698616 0.01809650 1.00000000 1.00000000 1.00000000
v -0.05765914 0.48228727 0.02005178 1.00000000 1.00000000 1.00000000
v 0.25350681 0.28416256 0.00572063 1.00000000 1.00000000 1.00000000
v 0.12954458 0.49941044 0.02005178 1.00000000 1.00000000 1.00000000
v -0.08400887 0.13635221 0.02005178 1.00000000 1.00000000 1.00000000
v -0.20462308 0.28772902 0.02005178 1.00000000 1.00000000 1.00000000
v -0.14482691 0.23057477 0.02005178 1.00000000 1.00000000 1.00000000
v 0.07192260 -0.01399845 0.01276728 1.00000000 1.00000000 1.00000000
v -0.17453891 0.41703121 0.02005178 1.00000000 1.00000000 1.00000000
v 0.00351310 0.35350027 0.02005178 1.00000000 1.00000000 1.00000000
v -0.06015462 0.02954885 0.01144784 1.00000000 1.00000000 1.00000000
v -0.17485821 0.04961574 0.02005178 1.00000000 1.00000000 1.00000000
v 0.22345280 0.15126880 0.01998734 1.00000000 1.00000000 1.00000000
v -0.14829422 0.36373083 0.02005178 1.00000000 1.00000000 1.00000000
v 0.22314384 0.22635003 0.01974662 1.00000000 1.00000000 1.00000000
v 0.01037060 0.30249223 0.01474607 1.00000000 1.00000000 1.00000000
v -0.21141575 0.15612555 0.02005178 1.00000000 1.00000000 1.00000000
v 0.16539017 0.37171785 0.02005178 1.00000000 1.00000000 1.00000000
v 0.11171877 0.39397104 0.02005178 1.00000000 1.00000000 1.00000000
v -0.13225434 0.07489276 0.02005178 1.00000000 1.00000000 1.00000000
v 0.24931744 0.29703884 0.00945196 1.00000000 1.00000000 1.00000000
v -0.18178689 0.21686204 0.02005178 1.00000000 1.00000000 1.00000000
v -0.06323066 0.29996479 0.02005178 1.00000000 1.00000000 1.00000000
v -0.21716971 0.46221102 0.01812284 1.00000000 1.00000000 1.00000000
v 0.16237822 0.00215989 0.02005178 1.00000000 1.00000000 1.00000000
v 0.09188159 0.01489519 0.01973248 1.00000000 1.00000000 1.00000000
v -0.14089702 0.37060701 0.02005178 1.00000000 1.00000000 1.00000000
v 0.17645474 0.04826130 0.02005178 1.00000000 1.00000000 1.00000000
v 0.10929374 0.13882149 0.02005178 1.00000000 1.00000000 1.00000000
v -0.08032414 0.21892643 0.02005178 1.00000000 1.00000000 1.00000000
v -0.09409538 0.29387483 0.02005178 1.00000000 1.00000000 1.00000000
v 0.14249100 0.34116501 0.02005178 1.00000000 1.00000000 1.00000000
v -0.16208848 0.28734651 0.02005178 1.00000000 1.00000000 1.00000000
v -0.06226680 0.15269657 0.01967567 1.00000000 1.00000000 1.00000000
v -0.05500078 0.12995186 0.01779261 1.00000000 1.00000000 1.00000000
v 0.10114038 0.47733882 0.02005178 1.00000000 1.00000000 1.00000000
v -0.17250700 0.48921995 0.02005178 1.00000000 1.00000000 1.00000000
v -0.01606447 0.41019532 0.02005178 1.00000000 1.00000000 1.00000000
v -0.22439541 0.01708862 0.02005178 1.00000000 1.00000000 1.00000000
v 0.01634436 0.35791896 0.02005178 1.00000000 1.00000000 1.00000000
v -0.05711722 0.33621824 0.02005178 1.00000000 1.00000000 1.00000000
v 0.11919382 -0.01641420 0.02005178 1.00000000 1.00000000 1.00000000
v 0.10500157 0.33983971 0.02005178 1.00000000 1.00000000 1.00000000
v -0.08931675 0.09167897 0.02005178 1.00000000 1.00000000 1.00000000
v -0.11016447 0.04541752 0.02005178 1.00000000 1.00000000 1.00000000
v 0.09141153 0.11786980 0.02005178 1.00000000 1.00000000 1.00000000
v -0.01482506 0.26553554 0.01262805 1.00000000 1.00000000 1.00000000
v -0.03698264 0.49218917 0.02005178 1.00000000 1.00000000 1.00000000
v 0.11870366 0.07022336 0.02005178 1.00000000 1.00000000 1.00000000
v 0.24778503 0.25143424 0.01260956 1.00000000 1.00000000 1.00000000
v -0.09244378 0.22451637 0.02005178 1.00000000 1.00000000 1.00000000
v 0.09090384 0.07299032 0.02005178 1.00000000 1.00000000 1.00000000
v 0.16747395 0.27325847 0.02005178 1.00000000 1.00000000 1.00000000
v 0.14457734 0.24980977 0.02005178 1.00000000 1.00000000 1.00000000
v 0.11021013 0.38121883 0.02005178 1.00000000 1.00000000 1.00000000
v -0.02521681 0.30221341 0.01853488 1.00000000 1.00000000 1.00000000
v 0.20409832 0.04301087 0.02005178 1.00000000 1.00000000 1.00000000
v -0.17934220 0.35839605 0.02005178 1.00000000 1.00000000 1.00000000
v -0.03919695 0.38618845 0.02005178 1.00000000 1.00000000 1.00000000
v -0.12262863 0.26478213 0.02005178 1.00000000 1.00000000 1.00000000
v -0.24745678 0.29296702 0.01110209 1.00000000 1.00000000 1.00000000
v -0.16187289 0.26132629 0.02005178 1.00000000 1.00000000 1.00000000
v 0.21743394 0.46844009 0.01794786 1.00000000 1.00000000 1.00000000
v 0.18856801 0.23935603 0.02005178 1.00000000 1.00000000 1.00000000
v -0.12143528 0.17587528 0.02005178 1.00000000 1.00000000 1.00000000
v -0.06797497 0.13996252 0.01990266 1.00000000 1.00000000 1.00000000
v -0.08178907 0.39764890 0.02005178 1.00000000 1.00000000 1.00000000
v 0.17885829 0.41070023 0.02005178 1.00000000 1.00000000 1.00000000
v -0.04538193 0.22459464 0.01937806 1.00000000 1.00000000 1.00000000
v -0.21325155 0.34818286 0.01986984 1.00000000 1.00000000 1.00000000
v -0.10590936 0.16771116 0.02005178 1.00000000 1.00000000 1.00000000
v 0.04724188 0.29100513 0.02005178 1.00000000 1.00000000 1.00000000
v -0.08837617 0.31647282 0.02005178 1.00000000 1.00000000 1.00000000
v -0.15946287 0.48969981 0.02005178 1.00000000 1.00000000 1.00000000
v 0.10905986 0.25612921 0.02005178 1.00000000 1.00000000 1.00000000
v -0.09957250 0.34033496 0.02005178 1.00000000 1.00000000 1.00000000
v 0.25947378 0.09296618 0.01087608 1.00000000 1.00000000 1.00000000
v 0.03904220 0.38104270 0.02005178 1.00000000 1.00000000 1.00000000
v 0.24150083 0.24009761 0.01579128 1.00000000 1.00000000 1.00000000
v -0.19815057 0.12170266 0.02005178 1.00000000 1.00000000 1.00000000
v 0.03535510 0.43293181 0.02005178 1.00000000 1.00000000 1.00000000
v -0.25979876 0.05725571 0.01180612 1.00000000 1.00000000 1.00000000
v -0.23159501 0.00597832 0.01993783 1.00000000 1.00000000 1.00000000
v -0.15715536 0.39424775 0.02005178 1.00000000 1.00000000 1.00000000
v 0.21745895 0.18233315 0.02005178 1.00000000 1.00000000 1.00000000
v -0.02793011 0.17707919 0.01021862 1.00000000 1.00000000 1.00000000
v -0.08610541 0.30409105 0.02005178 1.00000000 1.00000000 1.00000000
v -0.22448557 0.25320155 0.01944774 1.00000000 1.00000000 1.00000000
v -0.10565303 0.28403116 0.02005178 1.00000000 1.00000000 1.00000000
v -0.03178085 0.23127438 0.01691811 1.00000000 1.00000000 1.00000000
v -0.11856896 0.08104220 0.02005178 1.00000000 1.00000000 1.00000000
v -0.04071490 0.32605005 0.02005178 1.00000000 1.00000000 1.00000000
v 0.03099970 0.16355730 0.01051975 1.00000000 1.00000000 1.00000000
v -0.06902315 0.24063911 0.02005178 1.00000000 1.00000000 1.00000000
v 0.20268885 0.36899848 0.02005178 1.00000000 1.00000000 1.00000000
v -0.16440254 0.44121891 0.02005178 1.00000000 1.00000000 1.00000000
v 0.04302445 0.31955143 0.02005178 1.00000000 1.00000000 1.00000000
v -0.05231240 0.25468244 0.02005178 1.00000000 1.00000000 1.00000000
v -0.04025018 0.35349843 0.02005178 1.00000000 1.00000000 1.00000000
v -0.24969920 0.22419671 0.01248875 1.00000000 1.00000000 1.00000000
v -0.08341744 0.41936964 0.02005178 1.00000000 1.00000000 1.00000000
v -0.14249671 0.10519713 0.02005178 1.00000000 1.00000000 1.00000000
v 0.10703867 0.00440807 0.02005178 1.00000000 1.00000000 1.00000000
v -0.19858841 0.30302965 0.02005178 1.00000000 1.00000000 1.00000000
v 0.19623413 0.02971902 0.02005178 1.00000000 1.00000000 1.00000000
v 0.07171679 0.11994991 0.01988313 1.00000000 1.00000000 1.00000000
v -0.07552455 0.08241800 0.01956248 1.00000000 1.00000000 1.00000000
v 0.17262398 0.09616038 0.02005178 1.00000000 1.00000000 1.00000000
v 0.18332922 0.12530647 0.02005178 1.00000000 1.00000000 1.00000000
v 0.10195577 0.18913811 0.02005178 1.00000000 1.00000000 1.00000000
v -0.25854108 0.08015375 0.01191753 1.00000000 1.00000000 1.00000000
v -0.12932313 0.21159870 0.02005178 1.00000000 1.00000000 1.00000000
v 0.13259962 0.47502280 0.02005178 1.00000000 1.00000000 1.00000000
v -0.24393687 0.26884713 0.01402249 1.00000000 1.00000000 1.00000000
v -0.25076141 0.17158443 0.01358951 1.00000000 1.00000000 1.00000000
v 0.00516924 0.33873575 0.02005178 1.00000000 1.00000000 1.00000000
v -0.17708654 0.13926547 0.02005178 1.00000000 1.00000000 1.00000000
v 0.22888038 0.25244672 0.01883029 1.00000000 1.00000000 1.00000000
v 0.06907328 0.20993583 0.02005178 1.00000000 1.00000000 1.00000000
v -0.11841249 0.29646549 0.02005178 1.00000000 1.00000000 1.00000000
v -0.16349337 0.40753447 0.02005178 1.00000000 1.00000000 1.00000000
v 0.19904022 0.23185899 0.02005178 1.00000000 1.00000000 1.00000000
v -0.06315305 0.00520706 0.00977450 1.00000000 1.00000000 1.00000000
v -0.13438642 0.13245085 0.02005178 1.00000000 1.00000000 1.00000000
v -0.03409035 0.21669381 0.01678381 1.00000000 1.00000000 1.00000000
v 0.11157385 -0.00960772 0.02005178 1.00000000 1.00000000 1.00000000
v -0.12073811 0.48022042 0.02005178 1.00000000 1.00000000 1.00000000
v 0.25229190 0.02548550 0.01600249 1.00000000 1.00000000 1.00000000
v 0.08374979 0.04432386 0.01957431 1.00000000 1.00000000 1.00000000
v -0.01845163 0.46804433 0.02005178 1.00000000 1.00000000 1.00000000
v -0.21787788 0.24251936 0.01999416 1.00000000 1.00000000 1.00000000
v 0.07289764 0.41898858 0.02005178 1.00000000 1.00000000 1.00000000
v -0.19734348 0.17848678 0.02005178 1.00000000 1.00000000 1.00000000
v -0.05490646 0.05415103 0.01147207 1.00000000 1.00000000 1.00000000
v 0.05354102 0.27872224 0.02005178 1.00000000 1.00000000 1.00000000
v -0.00880791 0.42154354 0.02005178 1.00000000 1.00000000 1.00000000
v 0.21396249 0.49185689 0.01827730 1.00000000 1.00000000 1.00000000
v -0.21082490 0.43365422 0.01952059 1.00000000 1.00000000 1.00000000
v 0.05042684 0.33258336 0.02005178 1.00000000 1.00000000 1.00000000
v -0.10790343 0.11962477 0.02005178 1.00000000 1.00000000 1.00000000
v 0.09293903 0.34146169 0.02005178 1.00000000 1.00000000 1.00000000
v -0.19143833 0.29352411 0.02005178 1.00000000 1.00000000 1.00000000
v 0.01788745 0.33667583 0.02005178 1.00000000 1.00000000 1.00000000
v 0.11616608 0.16667445 0.02005178 1.00000000 1.00000000 1.00000000
v -0.17582536 0.47320982 0.02005178 1.00000000 1.00000000 1.00000000
v -0.19591159 0.33091838 0.02005178 1.00000000 1.00000000 1.00000000
v -0.25752130 0.06957838 0.01281692 1.00000000 1.00000000 1.00000000
v 0.24242553 0.26058409 0.01492896 1.00000000 1.00000000 1.00000000
v -0.13347205 0.23741743 0.02005178 1.00000000 1.00000000 1.00000000
v -0.02138296 0.43184100 0.02005178 1.00000000 1.00000000 1.00000000
v 0.18447009 0.09619809 0.02005178 1.00000000 1.00000000 1.00000000
v -0.11641874 0.41331961 0.02005178 1.00000000 1.00000000 1.00000000
v 0.09227824 0.21728179 0.02005178 1.00000000 1.00000000 1.00000000
v -0.18689375 0.03760094 0.02005178 1.00000000 1.00000000 1.00000000
v -0.26474233 0.01892434 0.00940539 1.00000000 1.00000000 1.00000000
v -0.18624585 0.11137805 0.02005178 1.00000000 1.00000000 1.00000000
v -0.23166867 0.04289978 0.01984032 1.00000000 1.00000000 1.00000000
v 0.08596429 0.31603405 0.02005178 1.00000000 1.00000000 1.00000000
v -0.25237909 0.26475294 0.00861294 1.00000000 1.00000000 1.00000000
v 0.24749454 0.28097543 0.01161550 1.00000000 1.00000000 1.00000000
v -0.22320151 0.08746150 0.02005178 1.00000000 1.00000000 1.00000000
v 0.15620501 0.31526636 0.02005178 1.00000000 1.00000000 1.00000000
v 0.08291080 0.08463128 0.02003385 1.00000000 1.00000000 1.00000000
v -0.12175276 0.02409696 0.02005178 1.00000000 1.00000000 1.00000000
v 0.12602431 0.17808525 0.02005178 1.00000000 1.00000000 1.00000000
v 0.04266489 0.34478296 0.02005178 1.00000000 1.00000000 1.00000000
v -0.04238117 0.36542370 0.02005178 1.00000000 1.00000000 1.00000000
v -0.12611150 0.06328082 0.02005178 1.00000000 1.00000000 1.00000000
v 0.22933503 0.03275727 0.01998638 1.00000000 1.00000000 1.00000000
v 0.15752487 0.09226687 0.02005178 1.00000000 1.00000000 1.00000000
v 0.22001144 0.01423050 0.02005178 1.00000000 1.00000000 1.00000000
v 0.00779988 0.44226840 0.02005178 1.00000000 1.00000000 1.00000000
v 0.04069177 0.41745517 0.02005178 1.00000000 1.00000000 1.00000000
v 0.21149799 0.27674819 0.02005178 1.00000000 1.00000000 1.00000000
v 0.21449304 0.13559120 0.02005178 1.00000000 1.00000000 1.00000000
v -0.12683872 0.15648884 0.02005178 1.00000000 1.00000000 1.00000000
v -0.16612999 0.33927401 0.02005178 1.00000000 1.00000000 1.00000000
v 0.14122305 0.15902542 0.02005178 1.00000000 1.00000000 1.00000000
v -0.17009457 0.17989462 0.02005178 1.00000000 1.00000000 1.00000000
v 0.15506729 0.48154364 0.02005178 1.00000000 1.00000000 1.00000000
v -0.11690105 0.16244877 0.02005178 1.00000000 1.00000000 1.00000000
v 0.14453391 0.03741054 0.02005178 1.00000000 1.00000000 1.00000000
v -0.05944556 0.21775102 0.02005178 1.00000000 1.00000000 1.00000000
v -0.01762486 0.31484838 0.01874859 1.00000000 1.00000000 1.00000000
v 0.04904009 0.39113469 0.02005178 1.00000000 1.00000000 1.00000000
v 0.17978581 0.49113773 0.02005178 1.00000000 1.00000000 1.00000000
v 0.18714889 0.05830759 0.02005178 1.00000000 1.00000000 1.00000000
v 0.11895088 0.04409125 0.02005178 1.00000000 1.00000000 1.00000000
v -0.19915782 0.19259358 0.02005178 1.00000000 1.00000000 1.00000000
v 0.11964962 0.30004085 0.02005178 1.00000000 1.00000000 1.00000000
v -0.08199708 0.26731191 0.02005178 1.00000000 1.00000000 1.00000000
v 0.15933745 -0.01289156 0.02005178 1.00000000 1.00000000 1.00000000
v 0.20633149 0.05746287 0.02005178 1.00000000 1.00000000 1.00000000
v -0.02627162 0.24330922 0.01588184 1.00000000 1.00000000 1.00000000
v 0.15672757 0.20285109 0.02005178 1.00000000 1.00000000 1.00000000
v -0.23068063 0.46403498 0.01344038 1.00000000 1.00000000 1.00000000
v 0.22575368 0.28464360 0.01899606 1.00000000 1.00000000 1.00000000
v -0.19099190 0.04821289 0.02005178 1.00000000 1.00000000 1.00000000
v 0.06234159 0.41029400 0.02005178 1.00000000 1.00000000 1.00000000
v -0.25080167 0.15707970 0.01396613 1.00000000 1.00000000 1.00000000
v 0.07436774 0.09421562 0.01968719 1.00000000 1.00000000 1.00000000
v 0.15525274 0.17429956 0.02005178 1.00000000 1.00000000 1.00000000
v -0.04183774 0.25957805 0.01969144 1.00000000 1.00000000 1.00000000
v 0.08676505 0.47997639 0.02005178 1.00000000 1.00000000 1.00000000
v -0.11158085 0.42606270 0.02005178 1.00000000 1.00000000 1.00000000
v -0.08063971 0.15209112 0.02005178 1.00000000 1.00000000 1.00000000
v 0.22734348 -0.00556090 0.02005178 1.00000000 1.00000000 1.00000000
v 0.26422316 0.00575279 0.01028329 1.00000000 1.00000000 1.00000000
v 0.06683350 0.27980457 0.02005178 1.00000000 1.00000000 1.00000000
v 0.14278207 0.38651655 0.02005178 1.00000000 1.00000000 1.00000000
v 0.21636726 0.36500971 0.01949260 1.00000000 1.00000000 1.00000000
v 0.14868512 0.06985223 0.02005178 1.00000000 1.00000000 1.00000000
v -0.18394850 0.01385801 0.02005178 1.00000000 1.00000000 1.00000000
v -0.14690592 0.19810133 0.02005178 1.00000000 1.00000000 1.00000000
v 0.15526928 0.12521458 0.02005178 1.00000000 1.00000000 1.00000000
v -0.19011833 0.06328691 0.02005178 1.00000000 1.00000000 1.00000000
v -0.16599747 0.09176651 0.02005178 1.00000000 1.00000000 1.00000000
v 0.08442007 0.41045954 0.02005178 1.00000000 1.00000000 1.00000000
v 0.11744134 0.18975870 0.02005178 1.00000000 1.00000000 1.00000000
v 0.05337383 0.24555435 0.02005178 1.00000000 1.00000000 1.00000000
v -0.04195910 0.39883844 0.02005178 1.00000000 1.00000000 1.00000000
v 0.26116738 0.07170996 0.01038601 1.00000000 1.00000000 1.00000000
v 0.18553311 0.00601414 0.02005178 1.00000000 1.00000000 1.00000000
v -0.00801718 0.34203625 0.02005178 1.00000000 1.00000000 1.00000000
v 0.11879885 0.44042678 0.02005178 1.00000000 1.00000000 1.00000000
v 0.20593225 0.14985460 0.02005178 1.00000000 1.00000000 1.00000000
v -0.18962665 0.34246593 0.02005178 1.00000000 1.00000000 1.00000000
v 0.19434510 0.11803710 0.02005178 1.00000000 1.00000000 1.00000000
v -0.23188976 0.19121154 0.01895200 1.00000000 1.00000000 1.00000000
v 0.17965509 0.47129459 0.02005178 1.00000000 1.00000000 1.00000000
v -0.19939262 0.37456685 0.02005178 1.00000000 1.00000000 1.00000000
v 0.25408567 0.11828477 0.01336623 1.00000000 1.00000000 1.00000000
v -0.10886431 0.18255296 0.02005178 1.00000000 1.00000000 1.00000000
v -0.17352549 0.19404861 0.02005178 1.00000000 1.00000000 1.00000000
v -0.06925617 0.26440987 0.02005178 1.00000000 1.00000000 1.00000000
v 0.14110975 0.17226022 0.02005178 1.00000000 1.00000000 1.00000000
v 0.11158915 0.40666540 0.02005178 1.00000000 1.00000000 1.00000000
v 0.25357462 0.10421929 0.01397549 1.00000000 1.00000000 1.00000000
v -0.02237438 0.49030176 0.02005178 1.00000000 1.00000000 1.00000000
v 0.18689294 0.38504987 0.02005178 1.00000000 1.00000000 1.00000000
v -0.10970498 0.48656484 0.02005178 1.00000000 1.00000000 1.00000000
v -0.04421518 0.20384559 0.01859970 1.00000000 1.00000000 1.00000000
v -0.13493637 0.01200636 0.02005178 1.00000000 1.00000000 1.00000000
v -0.10469093 0.19540248 0.02005178 1.00000000 1.00000000 1.00000000
v -0.10090941 0.24643551 0.02005178 1.00000000 1.00000000 1.00000000
v -0.21841107 0.10288941 0.02005178 1.00000000 1.00000000 1.00000000
v 0.23561294 0.17752106 0.01842845 1.00000000 1.00000000 1.00000000
v -0.16271513 0.32735837 0.02005178 1.00000000 1.00000000 1.00000000
v -0.20745119 0.33029866 0.02005178 1.00000000 1.00000000 1.00000000
v -0.17701427 0.33495925 0.02005178 1.00000000 1.00000000 1.00000000
v 0.09613082 0.10177419 0.02005178 1.00000000 1.00000000 1.00000000
v -0.02062641 0.29161248 0.01690547 1.00000000 1.00000000 1.00000000
v 0.23380665 -0.01324871 0.01985573 1.00000000 1.00000000 1.00000000
v 0.15912390 0.45644889 0.02005178 1.00000000 1.00000000 1.00000000
v 0.10849165 0.05784843 0.02005178 1.00000000 1.00000000 1.00000000
v 0.20000645 0.24782010 0.02005178 1.00000000 1.00000000 1.00000000
v -0.09520019 0.15774897 0.02005178 1.00000000 1.00000000 1.00000000
v 0.15633103 0.33718331 0.02005178 1.00000000 1.00000000 1.00000000
v -0.16780496 0.16450149 0.02005178 1.00000000 1.00000000 1.00000000
v 0.17170422 0.50281709 0.02005178 1.00000000 1.00000000 1.00000000
v -0.05293573 0.35811796 0.02005178 1.00000000 1.00000000 1.00000000
v -0.06688970 0.17929486 0.02005178 1.00000000 1.00000000 1.00000000
v -0.09636638 0.48256836 0.02005178 1.00000000 1.00000000 1.00000000
v 0.12235766 0.27620737 0.02005178 1.00000000 1.00000000 1.00000000
v -0.09464430 0.06401540 0.02005178 1.00000000 1.00000000 1.00000000
v 0.22915214 0.31420792 0.01795853 1.00000000 1.00000000 1.00000000
v -0.07035180 0.49189159 0.02005178 1.00000000 1.00000000 1.00000000
v 0.03355980 0.20514420 0.01589929 1.00000000 1.00000000 1.00000000
v 0.12519838 0.26275351 0.02005178 1.00000000 1.00000000 1.00000000
v 0.07888094 0.28848312 0.02005178 1.00000000 1.00000000 1.00000000
v -0.21649287 0.33734131 0.01968248 1.00000000 1.00000000 1.00000000
v 0.09982774 0.20423239 0.02005178 1.00000000 1.00000000 1.00000000
v -0.04902250 0.34576039 0.02005178 1.00000000 1.00000000 1.00000000
v -0.18328253 0.43971421 0.02005178 1.00000000 1.00000000 1.00000000
v -0.18197018 0.48284424 0.02005178 1.00000000 1.00000000 1.00000000
v 0.21579608 0.29384868 0.01994045 1.00000000 1.00000000 1.00000000
v 0.15169640 0.30121041 0.02005178 1.00000000 1.00000000 1.00000000
v 0.23323113 0.47203392 0.01158964 1.00000000 1.00000000 1.00000000
v 0.04949877 0.22608577 0.01980223 1.00000000 1.00000000 1.00000000
v -0.14275177 0.41527129 0.02005178 1.00000000 1.00000000 1.00000000
v 0.21411939 0.50686899 0.01796233 1.00000000 1.00000000 1.00000000
v -0.18280032 0.17011267 0.02005178 1.00000000 1.00000000 1.00000000
v -0.09138344 0.40766839 0.02005178 1.00000000 1.00000000 1.00000000
v 0.14419839 0.08148651 0.02005178 1.00000000 1.00000000 1.00000000
v -0.04297638 0.45590425 0.02005178 1.00000000 1.00000000 1.00000000
v -0.18919689 0.45162732 0.02005178 1.00000000 1.00000000 1.00000000
v 0.16485843 0.46887643 0.02005178 1.00000000 1.00000000 1.00000000
v 0.03867119 0.27440384 0.01965163 1.00000000 1.00000000 1.00000000
v -0.19295383 0.23594591 0.02005178 1.00000000 1.00000000 1.00000000
v -0.23899815 0.05278970 0.01896928 1.00000000 1.00000000 1.00000000
v 0.16603685 0.44493246 0.02005178 1.00000000 1.00000000 1.00000000
v -0.01706511 0.23593506 0.01054627 1.00000000 1.00000000 1.00000000
v 0.11275924 0.12286917 0.02005178 1.00000000 1.00000000 1.00000000
v -0.04872669 0.37529489 0.02005178 1.00000000 1.00000000 1.00000000
v 0.10021361 0.26863527 0.02005178 1.00000000 1.00000000 1.00000000
v 0.09634125 0.23060416 0.02005178 1.00000000 1.00000000 1.00000000
v -0.11846802 -0.01341384 0.02005178 1.00000000 1.00000000 1.00000000
v 0.12886126 0.23958609 0.02005178 1.00000000 1.00000000 1.00000000
v 0.23789885 0.27512663 0.01625916 1.00000000 1.00000000 1.00000000
v 0.11340849 0.28478590 0.02005178 1.00000000 1.00000000 1.00000000
v -0.23418401 0.48676449 0.01001457 1.00000000 1.00000000 1.00000000
v 0.25872207 0.17965579 0.00740381 1.00000000 1.00000000 1.00000000
v -0.01251573 0.38841830 0.02005178 1.00000000 1.00000000 1.00000000
v 0.06132377 0.17135073 0.01988153 1.00000000 1.00000000 1.00000000
v -0.20165961 0.32083622 0.02005178 1.00000000 1.00000000 1.00000000
v 0.07058335 0.13604997 0.01998635 1.00000000 1.00000000 1.00000000
v -0.20566260 0.21652029 0.02005178 1.00000000 1.00000000 1.00000000
v -0.16766568 0.14854665 0.02005178 1.00000000 1.00000000 1.00000000
v 0.15826962 0.50604077 0.02005178 1.00000000 1.00000000 1.00000000
v 0.19298838 0.35854114 0.02005178 1.00000000 1.00000000 1.00000000
v 0.11453141 0.49890932 0.02005178 1.00000000 1.00000000 1.00000000
v -0.21633511 0.28037205 0.01995761 1.00000000 1.00000000 1.00000000
v -0.05933300 0.20373995 0.02004178 1.00000000 1.00000000 1.00000000
v 0.17082276 0.13123067 0.02005178 1.00000000 1.00000000 1.00000000
v 0.23987388 0.28945830 0.01519185 1.00000000 1.00000000 1.00000000
v 0.05703365 0.07917211 0.01519463 1.00000000 1.00000000 1.00000000
v 0.14232001 0.44383406 0.02005178 1.00000000 1.00000000 1.00000000
v 0.11553458 0.03017665 0.02005178 1.00000000 1.00000000 1.00000000
v 0.22307823 0.08271936 0.02005178 1.00000000 1.00000000 1.00000000
v -0.24597165 0.03875020 0.01769603 1.00000000 1.00000000 1.00000000
v 0.15436597 0.35160151 0.02005178 1.00000000 1.00000000 1.00000000
v 0.23945385 0.09319489 0.01855593 1.00000000 1.00000000 1.00000000
v -0.00533627 0.45214843 0.02005178 1.00000000 1.00000000 1.00000000
v 0.22086265 0.06324113 0.02005178 1.00000000 1.00000000 1.00000000
v 0.01556519 0.37864321 0.02005178 1.00000000 1.00000000 1.00000000
v -0.18781410 0.02542118 0.02005178 1.00000000 1.00000000 1.00000000
v 0.17267951 0.02604897 0.02005178 1.00000000 1.00000000 1.00000000
v -0.10632743 0.39243138 0.02005178 1.00000000 1.00000000 1.00000000
v -0.09624451 0.45187486 0.02005178 1.00000000 1.00000000 1.00000000
v -0.25146620 0.28117036 0.00844991 1.00000000 1.00000000 1.00000000
v -0.18749169 0.36815617 0.02005178 1.00000000 1.00000000 1.00000000
v 0.02799779 0.37092145 0.02005178 1.00000000 1.00000000 1.00000000
v -0.23997663 0.25557165 0.01598382 1.00000000 1.00000000 1.00000000
v 0.06022016 0.12652705 0.01871595 1.00000000 1.00000000 1.00000000
v -0.16087819 0.31463125 0.02005178 1.00000000 1.00000000 1.00000000
v 0.21315675 0.31706174 0.01998558 1.00000000 1.00000000 1.00000000
v 0.02453259 0.26520037 0.01664126 1.00000000 1.00000000 1.00000000
v 0.19103133 0.18136068 0.02005178 1.00000000 1.00000000 1.00000000
v -0.04832373 0.21365092 0.01947684 1.00000000 1.00000000 1.00000000
v -0.07145539 0.02789606 0.01641525 1.00000000 1.00000000 1.00000000
v -0.13062726 0.40123579 0.02005178 1.00000000 1.00000000 1.00000000
v 0.19702915 0.06770477 0.02005178 1.00000000 1.00000000 1.00000000
v -0.02654338 0.26520611 0.01722134 1.00000000 1.00000000 1.00000000
v 0.24365839 -0.00781199 0.01861566 1.00000000 1.00000000 1.00000000
v 0.21996321 0.00252453 0.02005178 1.00000000 1.00000000 1.00000000
v 0.14299785 0.02160771 0.02005178 1.00000000 1.00000000 1.00000000
v -0.22490406 0.16203922 0.01988869 1.00000000 1.00000000 1.00000000
v -0.25170688 0.04992615 0.01582571 1.00000000 1.00000000 1.00000000
v 0.25610607 0.14663164 0.01128499 1.00000000 1.00000000 1.00000000
v 0.25386769 -0.00006343 0.01582363 1.00000000 1.00000000 1.00000000
v 0.16424204 0.35988330 0.02005178 1.00000000 1.00000000 1.00000000
v -0.17244643 0.39505616 0.02005178 1.00000000 1.00000000 1.00000000
v 0.12659637 0.32237035 0.02005178 1.00000000 1.00000000 1.00000000
v 0.10355264 0.13103541 0.02005178 1.00000000 1.00000000 1.00000000
v -0.11884729 0.01177241 0.02005178 1.00000000 1.00000000 1.00000000
v 0.22631136 0.32765456 0.01836763 1.00000000 1.00000000 1.00000000
v -0.09371655 -0.01827434 0.01911718 1.00000000 1.00000000 1.00000000
v -0.06716333 0.04033379 0.01588198 1.00000000 1.00000000 1.00000000
v 0.13323491 0.18797559 0.02005178 1.00000000 1.00000000 1.00000000
v 0.15948887 0.06235960 0.02005178 1.00000000 1.00000000 1.00000000
v -0.10405466 0.25870573 0.02005178 1.00000000 1.00000000 1.00000000
v 0.06298672 0.06441009 0.01621170 1.00000000 1.00000000 1.00000000
v -0.24185968 0.01610920 0.01876185 1.00000000 1.00000000 1.00000000
v -0.15594785 0.22823139 0.02005178 1.00000000 1.00000000 1.00000000
v 0.13627418 0.14737909 0.02005178 1.00000000 1.00000000 1.00000000
v 0.19025211 0.44814749 0.02005178 1.00000000 1.00000000 1.00000000
v 0.26574659 -0.00679641 0.00945546 1.00000000 1.00000000 1.00000000
v 0.02017529 0.21385825 0.00971385 1.00000000 1.00000000 1.00000000
v -0.04265492 0.31591642 0.02005178 1.00000000 1.00000000 1.00000000
v 0.20055089 0.41312741 0.02005178 1.00000000 1.00000000 1.00000000
v -0.11719552 0.36875178 0.02005178 1.00000000 1.00000000 1.00000000
v 0.08281725 0.02983656 0.01907306 1.00000000 1.00000000 1.00000000
v 0.23634362 0.07627318 0.01920030 1.00000000 1.00000000 1.00000000
v 0.02011257 0.44788873 0.02005178 1.00000000 1.00000000 1.00000000
v -0.20142141 0.35064915 0.02005178 1.00000000 1.00000000 1.00000000
v -0.18133644 0.27465696 0.02005178 1.00000000 1.00000000 1.00000000
v 0.10064757 0.11074215 0.02005178 1.00000000 1.00000000 1.00000000
v 0.11433734 0.47744237 0.02005178 1.00000000 1.00000000 1.00000000
v -0.10795852 0.45902836 0.02005178 1.00000000 1.00000000 1.00000000
v 0.01529703 0.22737044 0.00750831 1.00000000 1.00000000 1.00000000
v 0.00522556 0.48705902 0.02005178 1.00000000 1.00000000 1.00000000
v 0.07497210 0.43879280 0.02005178 1.00000000 1.00000000 1.00000000
v 0.20622198 0.10631632 0.02005178 1.00000000 1.00000000 1.00000000
v -0.10977935 0.13465778 0.02005178 1.00000000 1.00000000 1.00000000
v 0.04532563 0.18960188 0.01827937 1.00000000 1.00000000 1.00000000
v 0.23744468 0.42855903 0.01113483 1.00000000 1.00000000 1.00000000
v 0.05075041 0.46480562 0.02005178 1.00000000 1.00000000 1.00000000
v 0.06912592 0.22964659 0.02005178 1.00000000 1.00000000 1.00000000
v -0.15710905 0.15620137 0.02005178 1.00000000 1.00000000 1.00000000
v -0.07775925 0.40845635 0.02005178 1.00000000 1.00000000 1.00000000
v -0.12291853 0.12682977 0.02005178 1.00000000 1.00000000 1.00000000
v -0.14743039 0.14868267 0.02005178 1.00000000 1.00000000 1.00000000
v 0.06838060 0.18713887 0.02005178 1.00000000 1.00000000 1.00000000
v -0.19548827 0.22482148 0.02005178 1.00000000 1.00000000 1.00000000
v 0.10663833 0.09393462 0.02005178 1.00000000 1.00000000 1.00000000
v 0.10598088 0.29611356 0.02005178 1.00000000 1.00000000 1.00000000
v -0.23494546 0.29966271 0.01667789 1.00000000 1.00000000 1.00000000
v 0.12355807 0.22766481 0.02005178 1.00000000 1.00000000 1.00000000
v -0.20487856 0.38709865 0.02005109 1.00000000 1.00000000 1.00000000
v 0.15630177 0.26108102 0.02005178 1.00000000 1.00000000 1.00000000
v 0.15028563 0.10150145 0.02005178 1.00000000 1.00000000 1.00000000
v 0.23460413 0.05981189 0.01951270 1.00000000 1.00000000 1.00000000
v -0.14167752 0.32536282 0.02005178 1.00000000 1.00000000 1.00000000
v -0.06652513 -0.00805853 0.01012783 1.00000000 1.00000000 1.00000000
v 0.11894660 0.35625484 0.02005178 1.00000000 1.00000000 1.00000000
v -0.07915347 0.04326587 0.01895810 1.00000000 1.00000000 1.00000000
v 0.19872254 0.38014971 0.02005178 1.00000000 1.00000000 1.00000000
v 0.14208030 0.41607395 0.02005178 1.00000000 1.00000000 1.00000000
v -0.10613786 0.35495290 0.02005178 1.00000000 1.00000000 1.00000000
v 0.21027463 0.20041537 0.02005178 1.00000000 1.00000000 1.00000000
v 0.20961281 0.40370091 0.01983544 1.00000000 1.00000000 1.00000000
v 0.03680441 0.47034766 0.02005178 1.00000000 1.00000000 1.00000000
v 0.24655608 0.05085867 0.01740769 1.00000000 1.00000000 1.00000000
v -0.16309889 0.46740712 0.02005178 1.00000000 1.00000000 1.00000000
v -0.20342824 0.27383614 0.02005178 1.00000000 1.00000000 1.00000000
v -0.15814491 0.37042458 0.02005178 1.00000000 1.00000000 1.00000000
v 0.18285563 0.32268168 0.02005178 1.00000000 1.00000000 1.00000000
v 0.15096141 -0.00355377 0.02005178 1.00000000 1.00000000 1.00000000
v 0.20765196 0.32786834 0.02005178 1.00000000 1.00000000 1.00000000
v -0.18498721 0.51232412 0.02005178 1.00000000 1.00000000 1.00000000
v 0.26201470 0.01685753 0.01152677 1.00000000 1.00000000 1.00000000
v 0.05667698 0.23355408 0.02005178 1.00000000 1.00000000 1.00000000
v -0.12813376 0.36867438 0.02005178 1.00000000 1.00000000 1.00000000
v -0.23155741 0.11340574 0.01955847 1.00000000 1.00000000 1.00000000
v -0.15912368 0.50862692 0.02005178 1.00000000 1.00000000 1.00000000
v 0.16863854 0.25464437 0.02005178 1.00000000 1.00000000 1.00000000
v -0.25066772 -0.00812083 0.01696663 1.00000000 1.00000000 1.00000000
v 0.21058089 0.26083104 0.02005178 1.00000000 1.00000000 1.00000000
v 0.18186126 0.08342793 0.02005178 1.00000000 1.00000000 1.00000000
v 0.02781841 0.42146858 0.02005178 1.00000000 1.00000000 1.00000000
v 0.06373880 0.46301029 0.02005178 1.00000000 1.00000000 1.00000000
v -0.12011883 0.33992925 0.02005178 1.00000000 1.00000000 1.00000000
v -0.09461661 0.07835826 0.02005178 1.00000000 1.00000000 1.00000000
v 0.00820244 0.28787503 0.01102780 1.00000000 1.00000000 1.00000000
v -0.11731460 0.39859745 0.02005178 1.00000000 1.00000000 1.00000000
v 0.09622941 0.17390141 0.02005178 1.00000000 1.00000000 1.00000000
v 0.17657867 0.42424907 0.02005178 1.00000000 1.00000000 1.00000000
v 0.14534810 0.27910730 0.02005178 1.00000000 1.00000000 1.00000000
v -0.17759441 0.06542781 0.02005178 1.00000000 1.00000000 1.00000000
v 0.15774816 0.16108288 0.02005178 1.00000000 1.00000000 1.00000000
v -0.20541062 0.48617493 0.01963167 1.00000000 1.00000000 1.00000000
v -0.17108294 0.11816863 0.02005178 1.00000000 1.00000000 1.00000000
v 0.11685617 0.08476378 0.02005178 1.00000000 1.00000000 1.00000000
v -0.03647069 0.43379450 0.02005178 1.00000000 1.00000000 1.00000000
v -0.25056404 0.25067484 0.01086732 1.00000000 1.00000000 1.00000000
v 0.17786249 0.11062932 0.02005178 1.00000000 1.00000000 1.00000000
v -0.05478565 0.16516171 0.01909141 1.00000000 1.00000000 1.00000000
v 0.18205685 0.14062895 0.02005178 1.00000000 1.00000000 1.00000000
v 0.04917221 0.11690662 0.01518443 1.00000000 1.00000000 1.00000000
v -0.10783486 0.02106579 0.02005178 1.00000000 1.00000000 1.00000000
v 0.16970257 0.07250866 0.02005178 1.00000000 1.00000000 1.00000000
v 0.12336454 0.12228226 0.02005178 1.00000000 1.00000000 1.00000000
v -0.07395401 0.43123606 0.02005178 1.00000000 1.00000000 1.00000000
v 0.23997671 0.41087824 0.01030310 1.00000000 1.00000000 1.00000000
v -0.03457471 0.46621419 0.02005178 1.00000000 1.00000000 1.00000000
v -0.23270987 0.35171541 0.01621701 1.00000000 1.00000000 1.00000000
v -0.04306006 0.27932291 0.01998941 1.00000000 1.00000000 1.00000000
v -0.23712515 0.41031302 0.01226072 1.00000000 1.00000000 1.00000000
v -0.15320233 0.29741046 0.02005178 1.00000000 1.00000000 1.00000000
v 0.07339589 0.16172946 0.02005178 1.00000000 1.00000000 1.00000000
v 0.07899249 0.05930309 0.01940559 1.00000000 1.00000000 1.00000000
v -0.18621098 0.32939715 0.02005178 1.00000000 1.00000000 1.00000000
v 0.08668781 0.09753218 0.02005178 1.00000000 1.00000000 1.00000000
v -0.06315445 0.08976364 0.01776108 1.00000000 1.00000000 1.00000000
v 0.03755187 0.13721282 0.01140695 1.00000000 1.00000000 1.00000000
v 0.10502688 0.16218233 0.02005178 1.00000000 1.00000000 1.00000000
v -0.10558205 -0.00938763 0.02005178 1.00000000 1.00000000 1.00000000
v 0.15760983 0.07896550 0.02005178 1.00000000 1.00000000 1.00000000
v 0.13339068 0.28218996 0.02005178 1.00000000 1.00000000 1.00000000
v -0.05730357 0.43146426 0.02005178 1.00000000 1.00000000 1.00000000
v -0.19351717 0.24822094 0.02005178 1.00000000 1.00000000 1.00000000
v 0.24150497 0.14614799 0.01748435 1.00000000 1.00000000 1.00000000
v 0.05087732 0.06306014 0.00994571 1.00000000 1.00000000 1.00000000
v -0.15282101 0.27636663 0.02005178 1.00000000 1.00000000 1.00000000
v -0.23527125 0.22428563 0.01790487 1.00000000 1.00000000 1.00000000
v -0.20676114 0.11064367 0.02005178 1.00000000 1.00000000 1.00000000
v 0.12942266 0.44829063 0.02005178 1.00000000 1.00000000 1.00000000
v -0.00160858 0.30569135 0.01416459 1.00000000 1.00000000 1.00000000
v 0.14653526 0.18411072 0.02005178 1.00000000 1.00000000 1.00000000
v -0.00888890 0.35915884 0.02005178 1.00000000 1.00000000 1.00000000
v -0.22286146 0.47918394 0.01617082 1.00000000 1.00000000 1.00000000
v -0.04012805 0.12733204 0.01177357 1.00000000 1.00000000 1.00000000
v -0.12752804 0.38729605 0.02005178 1.00000000 1.00000000 1.00000000
v 0.18798219 0.22317495 0.02005178 1.00000000 1.00000000 1.00000000
v -0.08193674 0.47916496 0.02005178 1.00000000 1.00000000 1.00000000
v 0.07220127 0.34227539 0.02005178 1.00000000 1.00000000 1.00000000
v 0.08900421 0.24223594 0.02005178 1.00000000 1.00000000 1.00000000
v -0.21501978 0.02778779 0.02005178 1.00000000 1.00000000 1.00000000
v -0.10647566 0.29845610 0.02005178 1.00000000 1.00000000 1.00000000
v -0.20936453 0.26138201 0.02005178 1.00000000 1.00000000 1.00000000
v -0.02000552 0.34999113 0.02005178 1.00000000 1.00000000 1.00000000
v 0.06489676 0.42941246 0.02005178 1.00000000 1.00000000 1.00000000
v -0.18092493 0.09401743 0.02005178 1.00000000 1.00000000 1.00000000
v 0.05502188 0.41967005 0.02005178 1.00000000 1.00000000 1.00000000
v -0.11693995 0.38353134 0.02005178 1.00000000 1.00000000 1.00000000
v -0.20801476 0.51234046 0.01903054 1.00000000 1.00000000 1.00000000
v -0.23054206 0.27468009 0.01824192 1.00000000 1.00000000 1.00000000
v 0.24944456 0.01022316 0.01710293 1.00000000 1.00000000 1.00000000
v -0.08360889 0.16802428 0.02005178 1.00000000 1.00000000 1.00000000
v -0.19721521 0.43942752 0.02005178 1.00000000 1.00000000 1.00000000
v -0.19432542 0.48407710 0.02005178 1.00000000 1.00000000 1.00000000
v -0.19118535 0.38299065 0.02005178 1.00000000 1.00000000 1.00000000
v -0.06931583 0.21700702 0.02005178 1.00000000 1.00000000 1.00000000
v -0.06748813 -0.02150050 0.00837310 1.00000000 1.00000000 1.00000000
v 0.10661842 0.31992600 0.02005178 1.00000000 1.00000000 1.00000000
v -0.10948421 0.15030533 0.02005178 1.00000000 1.00000000 1.00000000
v -0.05469716 0.28316891 0.02005178 1.00000000 1.00000000 1.00000000
v -0.23550243 0.39707885 0.01369521 1.00000000 1.00000000 1.00000000
v 0.15719476 0.02987078 0.02005178 1.00000000 1.00000000 1.00000000
v -0.12013467 0.11259468 0.02005178 1.00000000 1.00000000 1.00000000
v -0.08112159 0.37537441 0.02005178 1.00000000 1.00000000 1.00000000
v 0.23218891 0.34019273 0.01665328 1.00000000 1.00000000 1.00000000
v -0.20589344 0.04164168 0.02005178 1.00000000 1.00000000 1.00000000
v 0.22431665 0.20306417 0.01976581 1.00000000 1.00000000 1.00000000
v 0.22671336 0.48339608 0.01455101 1.00000000 1.00000000 1.00000000
v -0.06338188 0.27544872 0.02005178 1.00000000 1.00000000 1.00000000
v 0.18543173 0.34410951 0.02005178 1.00000000 1.00000000 1.00000000
v 0.06895817 0.02178948 0.01505465 1.00000000 1.00000000 1.00000000
v -0.23595278 0.24147344 0.01747396 1.00000000 1.00000000 1.00000000
v -0.13817176 0.04182412 0.02005178 1.00000000 1.00000000 1.00000000
v -0.17810993 0.46163397 0.02005178 1.00000000 1.00000000 1.00000000
v -0.05632287 0.40560325 0.02005178 1.00000000 1.00000000 1.00000000
v 0.18423444 0.50874861 0.02005178 1.00000000 1.00000000 1.00000000
v 0.20315853 0.12622489 0.02005178 1.00000000 1.00000000 1.00000000
v -0.26461734 0.04808251 0.00832438 1.00000000 1.00000000 1.00000000
v 0.04999408 0.47786884 0.02005178 1.00000000 1.00000000 1.00000000
v 0.16814551 0.14711841 0.02005178 1.00000000 1.00000000 1.00000000
v -0.15853331 0.14064923 0.02005178 1.00000000 1.00000000 1.00000000
v 0.07324740 0.39046838 0.02005178 1.00000000 1.00000000 1.00000000
v -0.07101516 0.16679054 0.02005178 1.00000000 1.00000000 1.00000000
v -0.20525814 -0.00501934 0.02005178 1.00000000 1.00000000 1.00000000
v 0.14423004 0.32660844 0.02005178 1.00000000 1.00000000 1.00000000
v 0.07913541 0.48818345 0.02005178 1.00000000 1.00000000 1.00000000
v 0.09758239 0.14236537 0.02005178 1.00000000 1.00000000 1.00000000
v 0.10310093 0.44649649 0.02005178 1.00000000 1.00000000 1.00000000
v 0.24949903 0.17387196 0.01413616 1.00000000 1.00000000 1.00000000
v -0.00589514 0.28921094 0.00944450 1.00000000 1.00000000 1.00000000
v -0.23563437 0.49952956 0.00763660 1.00000000 1.00000000 1.00000000
v -0.05166347 0.32535856 0.02005178 1.00000000 1.00000000 1.00000000
v 0.09713482 0.25274050 0.02005178 1.00000000 1.00000000 1.00000000
v 0.06814525 0.32842290 0.02005178 1.00000000 1.00000000 1.00000000
v -0.18602143 0.20078512 0.02005178 1.00000000 1.00000000 1.00000000
v 0.17671150 0.18627878 0.02005178 1.00000000 1.00000000 1.00000000
v -0.24528863 0.31629345 0.01148783 1.00000000 1.00000000 1.00000000
v 0.06489208 0.47952335 0.02005178 1.00000000 1.00000000 1.00000000
v 0.19087666 0.10685263 0.02005178 1.00000000 1.00000000 1.00000000
v 0.13138581 0.08745475 0.02005178 1.00000000 1.00000000 1.00000000
v 0.14675791 0.21150911 0.02005178 1.00000000 1.00000000 1.00000000
v -0.01505464 0.25227569 0.01127185 1.00000000 1.00000000 1.00000000
v -0.03209642 0.44667094 0.02005178 1.00000000 1.00000000 1.00000000
v -0.07096705 0.33843714 0.02005178 1.00000000 1.00000000 1.00000000
v 0.16869942 0.17395541 0.02005178 1.00000000 1.00000000 1.00000000
v 0.20498629 0.39188346 0.02004810 1.00000000 1.00000000 1.00000000
v -0.23065217 0.30871078 0.01769237 1.00000000 1.00000000 1.00000000
v -0.15136452 0.47186985 0.02005178 1.00000000 1.00000000 1.00000000
v -0.04786059 0.09648154 0.01259672 1.00000000 1.00000000 1.00000000
v 0.21005913 0.16228847 0.02005178 1.00000000 1.00000000 1.00000000
v -0.19710233 0.01521616 0.02005178 1.00000000 1.00000000 1.00000000
v 0.16243787 0.18878062 0.02005178 1.00000000 1.00000000 1.00000000
v -0.17785071 0.50261457 0.02005178 1.00000000 1.00000000 1.00000000
v -0.15132482 0.25395949 0.02005178 1.00000000 1.00000000 1.00000000
v -0.11627407 0.25355895 0.02005178 1.00000000 1.00000000 1.00000000
v -0.25727522 0.01083218 0.01425811 1.00000000 1.00000000 1.00000000
v 0.19645165 0.13885435 0.02005178 1.00000000 1.00000000 1.00000000
v -0.02414059 0.38239284 0.02005178 1.00000000 1.00000000 1.00000000
v -0.10659349 0.03368387 0.02005178 1.00000000 1.00000000 1.00000000
v -0.00356427 0.46687074 0.02005178 1.00000000 1.00000000 1.00000000
v 0.22198061 0.10035515 0.02005178 1.00000000 1.00000000 1.00000000
v -0.03118915 0.20436228 0.01494928 1.00000000 1.00000000 1.00000000
v 0.06827308 0.29362421 0.02005178 1.00000000 1.00000000 1.00000000
v -0.21352818 0.36098124 0.01978594 1.00000000 1.00000000 1.00000000
v 0.18584691 -0.00984985 0.02005178 1.00000000 1.00000000 1.00000000
v 0.18179700 0.43900270 0.02005178 1.00000000 1.00000000 1.00000000
v 0.23765731 0.40051375 0.01239461 1.00000000 1.00000000 1.00000000
v -0.08008186 0.06854242 0.01971373 1.00000000 1.00000000 1.00000000
v -0.19030375 0.46375572 0.02005178 1.00000000 1.00000000 1.00000000
v -0.02661687 0.27789528 0.01782517 1.00000000 1.00000000 1.00000000
v 0.20375208 0.21803951 0.02005178 1.00000000 1.00000000 1.00000000
v -0.09540729 0.12594145 0.02005178 1.00000000 1.00000000 1.00000000
v 0.07324087 0.40413817 0.02005178 1.00000000 1.00000000 1.00000000
v 0.13049068 0.12934377 0.02005178 1.00000000 1.00000000 1.00000000
v -0.13411829 0.18458107 0.02005178 1.00000000 1.00000000 1.00000000
v -0.00825669 0.27361624 0.00904510 1.00000000 1.00000000 1.00000000
v 0.05915691 0.36601764 0.02005178 1.00000000 1.00000000 1.00000000
v 0.17665411 0.23804056 0.02005178 1.00000000 1.00000000 1.00000000
v 0.26519101 0.03648082 0.00826798 1.00000000 1.00000000 1.00000000
v 0.22036972 0.16854150 0.02004201 1.00000000 1.00000000 1.00000000
v 0.19989093 0.49231181 0.01997280 1.00000000 1.00000000 1.00000000
v -0.06753682 0.46187809 0.02005178 1.00000000 1.00000000 1.00000000
v 0.23072265 0.12345925 0.01959046 1.00000000 1.00000000 1.00000000
v 0.09461706 0.05883576 0.02005178 1.00000000 1.00000000 1.00000000
v 0.11161082 0.01649312 0.02005178 1.00000000 1.00000000 1.00000000
v 0.07011260 0.35724547 0.02005178 1.00000000 1.00000000 1.00000000
v -0.08230787 0.46189186 0.02005178 1.00000000 1.00000000 1.00000000
v 0.07517470 0.47148820 0.02005178 1.00000000 1.00000000 1.00000000
v 0.18957158 0.19538250 0.02005178 1.00000000 1.00000000 1.00000000
v 0.14702870 0.05581326 0.02005178 1.00000000 1.00000000 1.00000000
v 0.02114546 0.48934638 0.02005178 1.00000000 1.00000000 1.00000000
v -0.15267784 0.50227027 0.02005178 1.00000000 1.00000000 1.00000000
v 0.07668259 0.19718910 0.02005178 1.00000000 1.00000000 1.00000000
v -0.16150832 0.02760808 0.02005178 1.00000000 1.00000000 1.00000000
v 0.08158851 0.12866153 0.02005178 1.00000000 1.00000000 1.00000000
v -0.00872149 0.49063487 0.02005178 1.00000000 1.00000000 1.00000000
v 0.20602067 0.47685338 0.01964846 1.00000000 1.00000000 1.00000000
v -0.19370197 0.21059660 0.02005178 1.00000000 1.00000000 1.00000000
v -0.14317297 0.12068365 0.02005178 1.00000000 1.00000000 1.00000000
v 0.09406930 0.35709480 0.02005178 1.00000000 1.00000000 1.00000000
v -0.22019782 0.03748190 0.02005178 1.00000000 1.00000000 1.00000000
v 0.08521085 0.39662340 0.02005178 1.00000000 1.00000000 1.00000000
v -0.16743129 0.27605758 0.02005178 1.00000000 1.00000000 1.00000000
v -0.09967089 0.30988850 0.02005178 1.00000000 1.00000000 1.00000000
v -0.20730664 0.39859423 0.01998021 1.00000000 1.00000000 1.00000000
v 0.25049667 0.26846537 0.01005158 1.00000000 1.00000000 1.00000000
v -0.10898744 0.07106469 0.02005178 1.00000000 1.00000000 1.00000000
v -0.19062077 0.47443338 0.02005178 1.00000000 1.00000000 1.00000000
v -0.21106296 0.30045491 0.02005135 1.00000000 1.00000000 1.00000000
v 0.13305390 0.25172012 0.02005178 1.00000000 1.00000000 1.00000000
v 0.20855896 0.03002465 0.02005178 1.00000000 1.00000000 1.00000000
v -0.14893217 0.03056242 0.02005178 1.00000000 1.00000000 1.00000000
v 0.11648349 0.23969759 0.02005178 1.00000000 1.00000000 1.00000000
v -0.05129604 0.08062418 0.01266648 1.00000000 1.00000000 1.00000000
v 0.00705854 0.32016878 0.01874414 1.00000000 1.00000000 1.00000000
v 0.13654282 0.00209604 0.02005178 1.00000000 1.00000000 1.00000000
v -0.05849131 0.23064437 0.02005178 1.00000000 1.00000000 1.00000000
v 0.26237617 0.02773594 0.01096355 1.00000000 1.00000000 1.00000000
v -0.08868665 0.38518756 0.02005178 1.00000000 1.00000000 1.00000000
v 0.12788352 0.01570609 0.02005178 1.00000000 1.00000000 1.00000000
v -0.04347835 0.42399293 0.02005178 1.00000000 1.00000000 1.00000000
v 0.17208364 0.43593478 0.02005178 1.00000000 1.00000000 1.00000000
v -0.11902566 0.32563977 0.02005178 1.00000000 1.00000000 1.00000000
v 0.10434001 0.24195474 0.02005178 1.00000000 1.00000000 1.00000000
v -0.14729533 0.18192734 0.02005178 1.00000000 1.00000000 1.00000000
v 0.11925291 0.37144125 0.02005178 1.00000000 1.00000000 1.00000000
v 0.24238966 0.36475029 0.01109792 1.00000000 1.00000000 1.00000000
v -0.15629033 0.21029267 0.02005178 1.00000000 1.00000000 1.00000000
v 0.15841947 0.49419236 0.02005178 1.00000000 1.00000000 1.00000000
v -0.04573525 0.29072477 0.02005178 1.00000000 1.00000000 1.00000000
v 0.01542988 0.41484960 0.02005178 1.00000000 1.00000000 1.00000000
v -0.12369576 0.09639605 0.02005178 1.00000000 1.00000000 1.00000000
v 0.24043684 0.38917203 0.01118280 1.00000000 1.00000000 1.00000000
v -0.14667984 0.40391744 0.02005178 1.00000000 1.00000000 1.00000000
v 0.23745285 0.44732946 0.01001087 1.00000000 1.00000000 1.00000000
v 0.22803949 0.23940172 0.01909462 1.00000000 1.00000000 1.00000000
v 0.21548472 -0.00957728 0.02005178 1.00000000 1.00000000 1.00000000
v 0.10449388 0.36783904 0.02005178 1.00000000 1.00000000 1.00000000
v -0.04120672 0.11202117 0.01037110 1.00000000 1.00000000 1.00000000
v -0.02980135 0.32759813 0.02005178 1.00000000 1.00000000 1.00000000
v -0.13684465 0.25933031 0.02005178 1.00000000 1.00000000 1.00000000
v -0.12855427 0.41454038 0.02005178 1.00000000 1.00000000 1.00000000
v 0.09715174 0.08608082 0.02005178 1.00000000 1.00000000 1.00000000
v -0.16637971 0.49950336 0.02005178 1.00000000 1.00000000 1.00000000
v -0.22150583 0.40523546 0.01817100 1.00000000 1.00000000 1.00000000
v 0.00320135 0.38845355 0.02005178 1.00000000 1.00000000 1.00000000
v 0.10255631 0.12085852 0.02005178 1.00000000 1.00000000 1.00000000
v -0.04426406 0.41177757 0.02005178 1.00000000 1.00000000 1.00000000
v -0.22021348 0.21624134 0.01996668 1.00000000 1.00000000 1.00000000
v -0.09702075 0.04941823 0.02005178 1.00000000 1.00000000 1.00000000
v 0.07695877 0.17619609 0.02005178 1.00000000 1.00000000 1.00000000
v 0.16737249 0.20466987 0.02005178 1.00000000 1.00000000 1.00000000
v -0.08689299 -0.00834784 0.01832819 1.00000000 1.00000000 1.00000000
v 0.21136975 0.23309183 0.02005178 1.00000000 1.00000000 1.00000000
v 0.01224598 0.25984881 0.01026296 1.00000000 1.00000000 1.00000000
v 0.03019249 0.35555942 0.02005178 1.00000000 1.00000000 1.00000000
v 0.21475022 0.45650100 0.01869533 1.00000000 1.00000000 1.00000000
v 0.11030078 0.30970688 0.02005178 1.00000000 1.00000000 1.00000000
v 0.21491164 0.33913909 0.01980115 1.00000000 1.00000000 1.00000000
v 0.16607632 0.30006970 0.02005178 1.00000000 1.00000000 1.00000000
v 0.13935018 0.23599635 0.02005178 1.00000000 1.00000000 1.00000000
v 0.21603261 0.11690222 0.02005178 1.00000000 1.00000000 1.00000000
v -0.16731347 0.22001072 0.02005178 1.00000000 1.00000000 1.00000000
v 0.06223590 0.38369756 0.02005178 1.00000000 1.00000000 1.00000000
v 0.19926146 0.50764828 0.01994206 1.00000000 1.00000000 1.00000000
v -0.12735151 0.47074629 0.02005178 1.00000000 1.00000000 1.00000000
v -0.06867723 0.47483110 0.02005178 1.00000000 1.00000000 1.00000000
v 0.19031526 0.39536272 0.02005178 1.00000000 1.00000000 1.00000000
v 0.12660873 0.29056785 0.02005178 1.00000000 1.00000000 1.00000000
v 0.16459440 0.10466518 0.02005178 1.00000000 1.00000000 1.00000000
v -0.22201909 0.31417623 0.01924623 1.00000000 1.00000000 1.00000000
v -0.17698612 0.29027670 0.02005178 1.00000000 1.00000000 1.00000000
v 0.10968267 0.22812164 0.02005178 1.00000000 1.00000000 1.00000000
v 0.11976691 0.46621124 0.02005178 1.00000000 1.00000000 1.00000000
v 0.24200059 0.18911829 0.01665727 1.00000000 1.00000000 1.00000000
v 0.12352194 0.40398655 0.02005178 1.00000000 1.00000000 1.00000000
v 0.19176604 0.43216353 0.02005178 1.00000000 1.00000000 1.00000000
v 0.12027154 0.25147801 0.02005178 1.00000000 1.00000000 1.00000000
v -0.23896768 0.13982792 0.01816722 1.00000000 1.00000000 1.00000000
v -0.19070711 0.35477004 0.02005178 1.00000000 1.00000000 1.00000000
v 0.23897248 0.22651017 0.01689514 1.00000000 1.00000000 1.00000000
v -0.21355254 0.50202476 0.01817992 1.00000000 1.00000000 1.00000000
v -0.15010559 0.38115299 0.02005178 1.00000000 1.00000000 1.00000000
v -0.25299968 0.10736662 0.01417030 1.00000000 1.00000000 1.00000000
v 0.17353484 0.15907391 0.02005178 1.00000000 1.00000000 1.00000000
v -0.17075155 0.51026483 0.02005178 1.00000000 1.00000000 1.00000000
v -0.14564004 0.48130715 0.02005178 1.00000000 1.00000000 1.00000000
v 0.14940974 0.19523650 0.02005178 1.00000000 1.00000000 1.00000000
v -0.15821555 0.04511969 0.02005178 1.00000000 1.00000000 1.00000000
v 0.12654006 0.38775734 0.02005178 1.00000000 1.00000000 1.00000000
v 0.04484658 0.21497138 0.01905848 1.00000000 1.00000000 1.00000000
v -0.19318560 0.31486515 0.02005178 1.00000000 1.00000000 1.00000000
v 0.09392208 0.45588272 0.02005178 1.00000000 1.00000000 1.00000000
v -0.17899900 0.42935200 0.02005178 1.00000000 1.00000000 1.00000000
v -0.11697781 -0.00015310 0.02005178 1.00000000 1.00000000 1.00000000
v -0.17393404 0.07883392 0.02005178 1.00000000 1.00000000 1.00000000
v 0.09406930 0.37507067 0.02005178 1.00000000 1.00000000 1.00000000
v -0.13238726 -0.00091461 0.02005178 1.00000000 1.00000000 1.00000000
v 0.14760846 0.42870992 0.02005178 1.00000000 1.00000000 1.00000000
v -0.02135809 0.22264595 0.01175757 1.00000000 1.00000000 1.00000000
v -0.20814629 0.31129906 0.02005178 1.00000000 1.00000000 1.00000000
v 0.05646664 0.15671625 0.01909079 1.00000000 1.00000000 1.00000000
v -0.19311658 0.26702864 0.02005178 1.00000000 1.00000000 1.00000000
v -0.19486040 0.09920358 0.02005178 1.00000000 1.00000000 1.00000000
v -0.05257688 0.11182030 0.01604433 1.00000000 1.00000000 1.00000000
v -0.04543232 0.23569162 0.01961179 1.00000000 1.00000000 1.00000000
v -0.25919945 0.15964115 0.00812176 1.00000000 1.00000000 1.00000000
v 0.18149968 0.30451405 0.02005178 1.00000000 1.00000000 1.00000000
v 0.10869693 0.43381484 0.02005178 1.00000000 1.00000000 1.00000000
v -0.17222108 0.25258594 0.02005178 1.00000000 1.00000000 1.00000000
v -0.20890977 0.25024256 0.02005178 1.00000000 1.00000000 1.00000000
v -0.11453914 0.50054580 0.02005178 1.00000000 1.00000000 1.00000000
v 0.04837150 0.13003963 0.01587954 1.00000000 1.00000000 1.00000000
v -0.12626935 0.30666412 0.02005178 1.00000000 1.00000000 1.00000000
v 0.06187719 0.25342598 0.02005178 1.00000000 1.00000000 1.00000000
v 0.17678177 0.40012109 0.02005178 1.00000000 1.00000000 1.00000000
v -0.16781298 0.13063354 0.02005178 1.00000000 1.00000000 1.00000000
v -0.07585687 0.27882264 0.02005178 1.00000000 1.00000000 1.00000000
v -0.14499423 0.24437178 0.02005178 1.00000000 1.00000000 1.00000000
v -0.23794003 0.33521214 0.01468098 1.00000000 1.00000000 1.00000000
v 0.23969675 0.41977389 0.00997652 1.00000000 1.00000000 1.00000000
v 0.08975763 0.19838329 0.02005178 1.00000000 1.00000000 1.00000000
v 0.06230296 0.09574152 0.01785361 1.00000000 1.00000000 1.00000000
v 0.15182696 0.14957431 0.02005178 1.00000000 1.00000000 1.00000000
v 0.19031077 0.48060858 0.02005178 1.00000000 1.00000000 1.00000000
v 0.15366669 0.27247527 0.02005178 1.00000000 1.00000000 1.00000000
v 0.17264969 0.22512945 0.02005178 1.00000000 1.00000000 1.00000000
v 0.12330593 0.05757847 0.02005178 1.00000000 1.00000000 1.00000000
v 0.02309388 0.27881851 0.01695157 1.00000000 1.00000000 1.00000000
v -0.01456407 0.28204924 0.01402883 1.00000000 1.00000000 1.00000000
v 0.19640862 0.16552509 0.02005178 1.00000000 1.00000000 1.00000000
v -0.06404724 0.44245554 0.02005178 1.00000000 1.00000000 1.00000000
v 0.19959577 0.34389967 0.02005178 1.00000000 1.00000000 1.00000000
v -0.06986265 0.22791350 0.02005178 1.00000000 1.00000000 1.00000000
v 0.14258134 0.35759707 0.02005178 1.00000000 1.00000000 1.00000000
v -0.21660113 0.44742009 0.01848902 1.00000000 1.00000000 1.00000000
v -0.07504843 0.19639574 0.02005178 1.00000000 1.00000000 1.00000000
v 0.03287091 0.32810069 0.02005178 1.00000000 1.00000000 1.00000000
v 0.03722582 0.39874391 0.02005178 1.00000000 1.00000000 1.00000000
v -0.22047526 0.29464250 0.01958640 1.00000000 1.00000000 1.00000000
v 0.16795645 0.03903416 0.02005178 1.00000000 1.00000000 1.00000000
v -0.23577392 0.32234185 0.01588371 1.00000000 1.00000000 1.00000000
v -0.02171491 0.45620579 0.02005178 1.00000000 1.00000000 1.00000000
v -0.12248998 0.03709781 0.02005178 1.00000000 1.00000000 1.00000000
v 0.02288433 0.46292842 0.02005178 1.00000000 1.00000000 1.00000000
v 0.07698554 0.27042939 0.02005178 1.00000000 1.00000000 1.00000000
v 0.15685964 0.04649713 0.02005178 1.00000000 1.00000000 1.00000000
v 0.19574074 0.31615805 0.02005178 1.00000000 1.00000000 1.00000000
v 0.20656244 0.43647079 0.01986592 1.00000000 1.00000000 1.00000000
v 0.04093171 0.17581696 0.01645178 1.00000000 1.00000000 1.00000000
v -0.19350636 0.42355524 0.02005178 1.00000000 1.00000000 1.00000000
v 0.09610017 0.32668420 0.02005178 1.00000000 1.00000000 1.00000000
v -0.25038865 0.19789667 0.01299010 1.00000000 1.00000000 1.00000000
v -0.14159845 0.33901761 0.02005178 1.00000000 1.00000000 1.00000000
v -0.02763362 0.42054682 0.02005178 1.00000000 1.00000000 1.00000000
v 0.15956951 0.28646738 0.02005178 1.00000000 1.00000000 1.00000000
v -0.07766533 -0.01641620 0.01517071 1.00000000 1.00000000 1.00000000
v 0.25107099 0.23169678 0.01134480 1.00000000 1.00000000 1.00000000
v -0.18474492 0.18563194 0.02005178 1.00000000 1.00000000 1.00000000
v 0.05748299 0.32003050 0.02005178 1.00000000 1.00000000 1.00000000
v 0.23931699 0.20206184 0.01721937 1.00000000 1.00000000 1.00000000
v 0.09914225 -0.00778870 0.01988970 1.00000000 1.00000000 1.00000000
v -0.14427053 0.28534108 0.02005178 1.00000000 1.00000000 1.00000000
v -0.13168553 0.29069126 0.02005178 1.00000000 1.00000000 1.00000000
v 0.03773776 0.12355285 0.00948982 1.00000000 1.00000000 1.00000000
v -0.21059117 0.01641556 0.02005178 1.00000000 1.00000000 1.00000000
v -0.15541680 0.12784293 0.02005178 1.00000000 1.00000000 1.00000000
v 0.12752563 0.14074365 0.02005178 1.00000000 1.00000000 1.00000000
v -0.10540289 0.09011426 0.02005178 1.00000000 1.00000000 1.00000000
v -0.24729720 0.32870313 0.00930162 1.00000000 1.00000000 1.00000000
v 0.01931407 0.25121182 0.01359992 1.00000000 1.00000000 1.00000000
v -0.08796883 0.33799973 0.02005178 1.00000000 1.00000000 1.00000000
v -0.08343463 0.03158025 0.01921339 1.00000000 1.00000000 1.00000000
v -0.19449152 0.40429773 0.02005178 1.00000000 1.00000000 1.00000000
v -0.06859170 0.05475343 0.01726644 1.00000000 1.00000000 1.00000000
v 0.10736293 0.48992812 0.02005178 1.00000000 1.00000000 1.00000000
v -0.14992371 0.31266534 0.02005178 1.00000000 1.00000000 1.00000000
v -0.20120483 0.02989944 0.02005178 1.00000000 1.00000000 1.00000000
v 0.13070087 0.41846091 0.02005178 1.00000000 1.00000000 1.00000000
v -0.22968991 0.50726151 0.01194488 1.00000000 1.00000000 1.00000000
v 0.18825967 0.41858551 0.02005178 1.00000000 1.00000000 1.00000000
v -0.09296342 0.35241607 0.02005178 1.00000000 1.00000000 1.00000000
v -0.14489566 0.35004222 0.02005178 1.00000000 1.00000000 1.00000000
v -0.01056274 0.30032954 0.01421981 1.00000000 1.00000000 1.00000000
v 0.12599907 0.31142454 0.02005178 1.00000000 1.00000000 1.00000000
v 0.02798794 0.17778274 0.01036686 1.00000000 1.00000000 1.00000000
v -0.22377036 0.23211511 0.01966107 1.00000000 1.00000000 1.00000000
v 0.16244172 0.42913057 0.02005178 1.00000000 1.00000000 1.00000000
v -0.03901309 0.26987933 0.01960584 1.00000000 1.00000000 1.00000000
v -0.23060974 0.26367191 0.01837624 1.00000000 1.00000000 1.00000000
v 0.08673542 0.44518965 0.02005178 1.00000000 1.00000000 1.00000000
v 0.06081703 0.39737567 0.02005178 1.00000000 1.00000000 1.00000000
v 0.08691896 0.18478999 0.02005178 1.00000000 1.00000000 1.00000000
v -0.01679609 0.44358488 0.02005178 1.00000000 1.00000000 1.00000000
v -0.16746329 -0.00936960 0.02005178 1.00000000 1.00000000 1.00000000
v -0.23280497 0.17589316 0.01894720 1.00000000 1.00000000 1.00000000
v -0.22550457 0.49452513 0.01466691 1.00000000 1.00000000 1.00000000
v -0.03363255 0.29017021 0.01942388 1.00000000 1.00000000 1.00000000
v -0.14859177 0.26607001 0.02005178 1.00000000 1.00000000 1.00000000
v 0.06236428 0.44274249 0.02005178 1.00000000 1.00000000 1.00000000
v -0.15755353 0.10440505 0.02005178 1.00000000 1.00000000 1.00000000
v 0.25332726 0.22188431 0.01014207 1.00000000 1.00000000 1.00000000
v 0.06476037 0.26616849 0.02005178 1.00000000 1.00000000 1.00000000
v -0.06352804 0.25393396 0.02005178 1.00000000 1.00000000 1.00000000
v -0.13481297 0.42528659 0.02005178 1.00000000 1.00000000 1.00000000
v -0.17377301 0.03283895 0.02005178 1.00000000 1.00000000 1.00000000
v -0.16486079 0.45582148 0.02005178 1.00000000 1.00000000 1.00000000
v 0.09104992 0.29157395 0.02005178 1.00000000 1.00000000 1.00000000
v -0.14774023 0.06681015 0.02005178 1.00000000 1.00000000 1.00000000
v 0.20524949 0.17679944 0.02005178 1.00000000 1.00000000 1.00000000
v -0.21492807 0.49075299 0.01809044 1.00000000 1.00000000 1.00000000
v 0.18358106 0.03584646 0.02005178 1.00000000 1.00000000 1.00000000
v 0.13487804 0.04862344 0.02005178 1.00000000 1.00000000 1.00000000
v -0.06642711 0.38768786 0.02005178 1.00000000 1.00000000 1.00000000
v 0.14492655 0.45645672 0.02005178 1.00000000 1.00000000 1.00000000
v -0.11276240 0.31324773 0.02005178 1.00000000 1.00000000 1.00000000
v -0.13141109 0.22511305 0.02005178 1.00000000 1.00000000 1.00000000
v -0.17807318 0.37879392 0.02005178 1.00000000 1.00000000 1.00000000
v 0.15799407 0.38499663 0.02005178 1.00000000 1.00000000 1.00000000
v 0.20131961 -0.01122784 0.02005178 1.00000000 1.00000000 1.00000000
v -0.00475158 0.43571896 0.02005178 1.00000000 1.00000000 1.00000000
v 0.05048949 0.43161088 0.02005178 1.00000000 1.00000000 1.00000000
v -0.18301247 0.31835943 0.02005178 1.00000000 1.00000000 1.00000000
v -0.14350482 0.21574405 0.02005178 1.00000000 1.00000000 1.00000000
v 0.00604476 0.42518476 0.02005178 1.00000000 1.00000000 1.00000000
v -0.19942898 0.50687720 0.01993714 1.00000000 1.00000000 1.00000000
v -0.19281532 -0.00550962 0.02005178 1.00000000 1.00000000 1.00000000
v -0.13133512 -0.01406906 0.02005178 1.00000000 1.00000000 1.00000000
v -0.05685315 0.41943475 0.02005178 1.00000000 1.00000000 1.00000000
v 0.08661892 0.49886223 0.02005178 1.00000000 1.00000000 1.00000000
v 0.12294627 0.15452259 0.02005178 1.00000000 1.00000000 1.00000000
v 0.07765645 0.22151976 0.02005178 1.00000000 1.00000000 1.00000000
v -0.08101531 0.32843223 0.02005178 1.00000000 1.00000000 1.00000000
v 0.23915555 0.00097449 0.01927285 1.00000000 1.00000000 1.00000000
v 0.15124737 0.23780188 0.02005178 1.00000000 1.00000000 1.00000000
v 0.20366567 0.44898714 0.01996585 1.00000000 1.00000000 1.00000000
v 0.08400315 0.14586536 0.02005178 1.00000000 1.00000000 1.00000000
v 0.10159968 0.41342948 0.02005178 1.00000000 1.00000000 1.00000000
v 0.13454190 0.27081940 0.02005178 1.00000000 1.00000000 1.00000000
v -0.22325491 0.35454830 0.01858595 1.00000000 1.00000000 1.00000000
v 0.09030555 0.42034907 0.02005178 1.00000000 1.00000000 1.00000000
v -0.16487420 0.42736489 0.02005178 1.00000000 1.00000000 1.00000000
v -0.04816854 0.44218877 0.02005178 1.00000000 1.00000000 1.00000000
v 0.02683482 0.38855191 0.02005178 1.00000000 1.00000000 1.00000000
v 0.14500158 0.11844285 0.02005178 1.00000000 1.00000000 1.00000000
v -0.10289274 0.23265301 0.02005178 1.00000000 1.00000000 1.00000000
v 0.06081727 0.11103646 0.01822330 1.00000000 1.00000000 1.00000000
v 0.11876331 0.13366825 0.02005178 1.00000000 1.00000000 1.00000000
v -0.01943392 0.36805065 0.02005178 1.00000000 1.00000000 1.00000000
v 0.15221322 0.40984872 0.02005178 1.00000000 1.00000000 1.00000000
v -0.07596509 0.31639539 0.02005178 1.00000000 1.00000000 1.00000000
v 0.25363714 0.18873674 0.01135436 1.00000000 1.00000000 1.00000000
v -0.17181287 0.10533512 0.02005178 1.00000000 1.00000000 1.00000000
v 0.13022231 0.07670837 0.02005178 1.00000000 1.00000000 1.00000000
v 0.25456313 -0.01070031 0.01572626 1.00000000 1.00000000 1.00000000
v -0.17845569 0.15547114 0.02005178 1.00000000 1.00000000 1.00000000
v -0.09479342 0.17495707 0.02005178 1.00000000 1.00000000 1.00000000
v -0.21375157 0.17262949 0.02005178 1.00000000 1.00000000 1.00000000
v 0.03263145 0.30633961 0.01969539 1.00000000 1.00000000 1.00000000
v 0.17875630 0.35882401 0.02005178 1.00000000 1.00000000 1.00000000
v -0.07690643 0.38731423 0.02005178 1.00000000 1.00000000 1.00000000
v -0.12247397 0.45863978 0.02005178 1.00000000 1.00000000 1.00000000
v 0.20300235 0.19077621 0.02005178 1.00000000 1.00000000 1.00000000
v -0.07119033 0.37258269 0.02005178 1.00000000 1.00000000 1.00000000
v 0.16176992 0.39981724 0.02005178 1.00000000 1.00000000 1.00000000
v -0.21204554 0.06207426 0.02005178 1.00000000 1.00000000 1.00000000
v -0.22877375 0.28645376 0.01844261 1.00000000 1.00000000 1.00000000
v -0.10872734 0.37528452 0.02005178 1.00000000 1.00000000 1.00000000
v -0.04245686 0.33628788 0.02005178 1.00000000 1.00000000 1.00000000
v -0.20284286 0.34008666 0.02005178 1.00000000 1.00000000 1.00000000
v -0.06631846 0.28859855 0.02005178 1.00000000 1.00000000 1.00000000
v 0.15955522 0.13722352 0.02005178 1.00000000 1.00000000 1.00000000
v -0.14576894 0.13583020 0.02005178 1.00000000 1.00000000 1.00000000
v 0.17810410 0.26550916 0.02005178 1.00000000 1.00000000 1.00000000
v -0.07987000 0.29133634 0.02005178 1.00000000 1.00000000 1.00000000
v 0.18229660 0.25188545 0.02005178 1.00000000 1.00000000 1.00000000
v -0.07497289 0.12636067 0.02004496 1.00000000 1.00000000 1.00000000
v -0.24657650 0.00312517 0.01791543 1.00000000 1.00000000 1.00000000
v -0.12373531 0.05095417 0.02005178 1.00000000 1.00000000 1.00000000
v -0.09026159 0.42985010 0.02005178 1.00000000 1.00000000 1.00000000
v 0.21453642 0.41842252 0.01921293 1.00000000 1.00000000 1.00000000
v 0.11022604 0.10800256 0.02005178 1.00000000 1.00000000 1.00000000
v 0.05464977 0.05001320 0.01069438 1.00000000 1.00000000 1.00000000
v 0.03968041 0.45704660 0.02005178 1.00000000 1.00000000 1.00000000
v 0.03743971 0.22653029 0.01811490 1.00000000 1.00000000 1.00000000
v 0.24900818 0.21223891 0.01327008 1.00000000 1.00000000 1.00000000
v -0.22763159 0.34149824 0.01786347 1.00000000 1.00000000 1.00000000
v 0.07893849 0.30336385 0.02005178 1.00000000 1.00000000 1.00000000
v 0.15961947 0.01667149 0.02005178 1.00000000 1.00000000 1.00000000
v -0.03137351 0.31290131 0.01984185 1.00000000 1.00000000 1.00000000
v 0.13558325 0.30130569 0.02005178 1.00000000 1.00000000 1.00000000
v 0.23257603 0.00902755 0.01987640 1.00000000 1.00000000 1.00000000
v -0.02557285 0.39630111 0.02005178 1.00000000 1.00000000 1.00000000
v -0.07680968 0.25097311 0.02005178 1.00000000 1.00000000 1.00000000
v 0.23696221 0.11032800 0.01884700 1.00000000 1.00000000 1.00000000
v -0.09469175 0.46805847 0.02005178 1.00000000 1.00000000 1.00000000
v 0.04914508 0.07321830 0.01026950 1.00000000 1.00000000 1.00000000
v -0.07238784 0.20713486 0.02005178 1.00000000 1.00000000 1.00000000
v 0.22449008 0.40662859 0.01743431 1.00000000 1.00000000 1.00000000
v -0.02941400 0.25449566 0.01745798 1.00000000 1.00000000 1.00000000
v 0.18258763 0.17026746 0.02005178 1.00000000 1.00000000 1.00000000
v 0.19978621 0.27299896 0.02005178 1.00000000 1.00000000 1.00000000
v -0.13650096 0.35874241 0.02005178 1.00000000 1.00000000 1.00000000
v -0.16601733 0.30084893 0.02005178 1.00000000 1.00000000 1.00000000
v 0.17086623 0.05847085 0.02005178 1.00000000 1.00000000 1.00000000
v 0.16714041 0.41306856 0.02005178 1.00000000 1.00000000 1.00000000
v 0.19549273 0.08082812 0.02005178 1.00000000 1.00000000 1.00000000
v -0.15105754 0.45704128 0.02005178 1.00000000 1.00000000 1.00000000
v 0.09502928 0.30526616 0.02005178 1.00000000 1.00000000 1.00000000
v 0.06901952 0.49460429 0.02005178 1.00000000 1.00000000 1.00000000
v 0.13535574 0.40255378 0.02005178 1.00000000 1.00000000 1.00000000
v 0.11206090 0.20253323 0.02005178 1.00000000 1.00000000 1.00000000
v 0.24310634 0.35086005 0.01130368 1.00000000 1.00000000 1.00000000
v 0.09740182 0.40237612 0.02005178 1.00000000 1.00000000 1.00000000
v 0.10169704 0.04323734 0.02005178 1.00000000 1.00000000 1.00000000
v -0.23130900 0.12774001 0.01950509 1.00000000 1.00000000 1.00000000
v 0.05365394 0.14264662 0.01807046 1.00000000 1.00000000 1.00000000
v -0.21746518 0.42156777 0.01871271 1.00000000 1.00000000 1.00000000
v -0.17333781 0.31026749 0.02005178 1.00000000 1.00000000 1.00000000
v -0.18387792 0.30403552 0.02005178 1.00000000 1.00000000 1.00000000
v -0.09645084 0.14252213 0.02005178 1.00000000 1.00000000 1.00000000
v 0.17864335 0.21313074 0.02005178 1.00000000 1.00000000 1.00000000
v 0.10273323 0.42440380 0.02005178 1.00000000 1.00000000 1.00000000
v 0.21039252 0.07392407 0.02005178 1.00000000 1.00000000 1.00000000
v -0.07282703 0.35854502 0.02005178 1.00000000 1.00000000 1.00000000
v 0.13097769 0.34855950 0.02005178 1.00000000 1.00000000 1.00000000
v -0.17004476 0.01639272 0.02005178 1.00000000 1.00000000 1.00000000
v -0.05302260 0.18092762 0.01927783 1.00000000 1.00000000 1.00000000
v -0.23379162 0.42306522 0.01354002 1.00000000 1.00000000 1.00000000
v -0.22567601 0.32856972 0.01848078 1.00000000 1.00000000 1.00000000
v -0.19104218 0.28161538 0.02005178 1.00000000 1.00000000 1.00000000
v 0.01052189 0.47457368 0.02005178 1.00000000 1.00000000 1.00000000
v -0.00812635 0.37588976 0.02005178 1.00000000 1.00000000 1.00000000
v -0.10845334 0.05816149 0.02005178 1.00000000 1.00000000 1.00000000
v 0.14776307 0.39858262 0.02005178 1.00000000 1.00000000 1.00000000
v -0.24809877 0.34151976 0.00760137 1.00000000 1.00000000 1.00000000
v -0.07974626 0.18336702 0.02005178 1.00000000 1.00000000 1.00000000
v -0.05278212 0.49363587 0.02005178 1.00000000 1.00000000 1.00000000
v 0.20752388 0.00145342 0.02005178 1.00000000 1.00000000 1.00000000
v 0.19453851 0.33154330 0.02005178 1.00000000 1.00000000 1.00000000
v 0.10532934 0.07404177 0.02005178 1.00000000 1.00000000 1.00000000
v -0.15658335 0.35674210 0.02005178 1.00000000 1.00000000 1.00000000
v -0.22633491 0.52236288 -0.01311986 1.00000000 1.00000000 1.00000000
v -0.20969356 0.52073705 -0.01862524 1.00000000 1.00000000 1.00000000
v -0.19243126 0.51905723 -0.02005178 1.00000000 1.00000000 1.00000000
v -0.17762704 0.51759111 -0.02005178 1.00000000 1.00000000 1.00000000
v -0.16282281 0.51612499 -0.02005178 1.00000000 1.00000000 1.00000000
v -0.14801858 0.51465887 -0.02005178 1.00000000 1.00000000 1.00000000
v -0.13321436 0.51319275 -0.02005178 1.00000000 1.00000000 1.00000000
v -0.11841013 0.51172663 -0.02005178 1.00000000 1.00000000 1.00000000
v -0.10362959 0.51026285 -0.02005178 1.00000000 1.00000000 1.00000000
v -0.08882536 0.50879673 -0.02005178 1.00000000 1.00000000 1.00000000
v -0.07402113 0.50733061 -0.02005178 1.00000000 1.00000000 1.00000000
v -0.05921691 0.50586449 -0.02005178 1.00000000 1.00000000 1.00000000
v -0.04441268 0.50439836 -0.02005178 1.00000000 1.00000000 1.00000000
v -0.02960845 0.50293224 -0.02005178 1.00000000 1.00000000 1.00000000
v -0.01480423 0.50146612 -0.02005178 1.00000000 1.00000000 1.00000000
v 0.00000000 0.50000000 -0.02005178 1.00000000 0.00000000 0.00000000
v 0.01480423 0.50146612 -0.02005178 1.00000000 1.00000000 1.00000000
v 0.02960845 0.50293224 -0.02005178 1.00000000 1.00000000 1.00000000
v 0.04441268 0.50439836 -0.02005178 1.00000000 1.00000000 1.00000000
v 0.05921691 0.50586449 -0.02005178 1.00000000 1.00000000 1.00000000
v 0.07402113 0.50733061 -0.02005178 1.00000000 1.00000000 1.00000000
v 0.08882536 0.50879673 -0.02005178 1.00000000 1.00000000 1.00000000
v 0.10362959 0.51026285 -0.02005178 1.00000000 1.00000000 1.00000000
v 0.11843381 0.51172897 -0.02005178 1.00000000 1.00000000 1.00000000
v 0.13321436 0.51319275 -0.02005178 1.00000000 1.00000000 1.00000000
v 0.14801858 0.51465887 -0.02005178 1.00000000 1.00000000 1.00000000
v 0.16282281 0.51612499 -0.02005178 1.00000000 1.00000000 1.00000000
v 0.17762704 0.51759111 -0.02005178 1.00000000 1.00000000 1.00000000
v 0.19243126 0.51905723 -0.02005178 1.00000000 1.00000000 1.00000000
v 0.20969356 0.52073705 -0.01862524 1.00000000 1.00000000 1.00000000
v 0.22633491 0.52236288 -0.01311986 1.00000000 1.00000000 1.00000000
v 0.23684394 0.52345560 0.00000000 1.00000000 0.00000000 0.00000000
v 0.23811184 0.50887136 0.00000000 1.00000000 1.00000000 1.00000000
v 0.23936047 0.49429925 0.00000000 1.00000000 1.00000000 1.00000000
v 0.24058983 0.47973925 0.00000000 1.00000000 1.00000000 1.00000000
v 0.24179993 0.46519138 0.00000000 1.00000000 1.00000000 1.00000000
v 0.24299520 0.45060100 0.00000000 1.00000000 1.00000000 1.00000000
v 0.24417107 0.43602283 0.00000000 1.00000000 1.00000000 1.00000000
v 0.24532752 0.42145688 0.00000000 1.00000000 1.00000000 1.00000000
v 0.24646879 0.40684865 0.00000000 1.00000000 1.00000000 1.00000000
v 0.24758635 0.39230716 0.00000000 1.00000000 1.00000000 1.00000000
v 0.24868857 0.37772349 0.00000000 1.00000000 1.00000000 1.00000000
v 0.24977124 0.36315212 0.00000000 1.00000000 1.00000000 1.00000000
v 0.25083829 0.34853876 0.00000000 1.00000000 1.00000000 1.00000000
v 0.25188563 0.33393779 0.00000000 1.00000000 1.00000000 1.00000000
v 0.25291327 0.31934921 0.00000000 1.00000000 1.00000000 1.00000000
v 0.25392121 0.30477303 0.00000000 1.00000000 1.00000000 1.00000000
v 0.25490945 0.29020925 0.00000000 1.00000000 1.00000000 1.00000000
v 0.25588155 0.27560378 0.00000000 1.00000000 1.00000000 1.00000000
v 0.25683380 0.26101081 0.00000000 1.00000000 1.00000000 1.00000000
v 0.25776620 0.24643032 0.00000000 1.00000000 1.00000000 1.00000000
v 0.25868209 0.23180839 0.00000000 1.00000000 1.00000000 1.00000000
v 0.25957472 0.21725292 0.00000000 1.00000000 1.00000000 1.00000000
v 0.26045070 0.20265610 0.00000000 1.00000000 1.00000000 1.00000000
v 0.26130980 0.18801807 0.00000000 1.00000000 1.00000000 1.00000000
v 0.26214571 0.17344646 0.00000000 1.00000000 1.00000000 1.00000000
v 0.26296460 0.15883373 0.00000000 1.00000000 1.00000000 1.00000000
v 0.26376334 0.14423367 0.00000000 1.00000000 1.00000000 1.00000000
v 0.26454194 0.12964628 0.00000000 1.00000000 1.00000000 1.00000000
v 0.26530315 0.11501801 0.00000000 1.00000000 1.00000000 1.00000000
v 0.26604139 0.10045601 0.00000000 1.00000000 1.00000000 1.00000000
v 0.26676469 0.08579976 0.00000000 1.00000000 1.00000000 1.00000000
v 0.26746502 0.07120978 0.00000000 1.00000000 1.00000000 1.00000000
v 0.26814506 0.05663257 0.00000000 1.00000000 1.00000000 1.00000000
v 0.26880718 0.04201480 0.00000000 1.00000000 1.00000000 1.00000000
v 0.26944886 0.02740990 0.00000000 1.00000000 1.00000000 1.00000000
v 0.27007234 0.01276462 0.00000000 1.00000000 1.00000000 1.00000000
v 0.27067306 -0.00181453 0.00000000 1.00000000 1.00000000 1.00000000
v 0.27125543 -0.01643395 0.00000000 1.00000000 0.00000000 0.00000000
v 0.26085634 -0.01710785 -0.01304284 1.00000000 1.00000000 1.00000000
v 0.24434708 -0.01817771 -0.01856570 1.00000000 1.00000000 1.00000000
v 0.22711011 -0.01929473 -0.02005178 1.00000000 1.00000000 1.00000000
v 0.21240187 -0.02024789 -0.02005178 1.00000000 1.00000000 1.00000000
v 0.19769363 -0.02120104 -0.02005178 1.00000000 1.00000000 1.00000000
v 0.18298539 -0.02215419 -0.02005178 1.00000000 1.00000000 1.00000000
v 0.16827716 -0.02310734 -0.02005178 1.00000000 1.00000000 1.00000000
v 0.15354832 -0.02406183 -0.02005178 1.00000000 1.00000000 1.00000000
v 0.13884008 -0.02501498 -0.02005178 1.00000000 1.00000000 1.00000000
v 0.12413184 -0.02596813 -0.02005178 1.00000000 1.00000000 1.00000000
v 0.10942360 -0.02692128 -0.02005178 1.00000000 1.00000000 1.00000000
v 0.09218663 -0.02803830 -0.01856570 1.00000000 1.00000000 1.00000000
v 0.07567737 -0.02910817 -0.01304284 1.00000000 1.00000000 1.00000000
v 0.06527828 -0.02978207 0.00000000 1.00000000 0.00000000 0.00000000
v 0.06201577 -0.01515038 0.00000000 1.00000000 1.00000000 1.00000000
v 0.05878336 -0.00053281 0.00000000 1.00000000 1.00000000 1.00000000
v 0.05558131 0.01407033 0.00000000 1.00000000 1.00000000 1.00000000
v 0.05239554 0.02872489 0.00000000 1.00000000 1.00000000 1.00000000
v 0.04924099 0.04336391 0.00000000 1.00000000 1.00000000 1.00000000
v 0.04611093 0.05801995 0.00000000 1.00000000 1.00000000 1.00000000
v 0.04301279 0.07265957 0.00000000 1.00000000 1.00000000 1.00000000
v 0.03994000 0.08731509 0.00000000 1.00000000 1.00000000 1.00000000
v 0.03689311 0.10198585 0.00000000 1.00000000 1.00000000 1.00000000
v 0.03387928 0.11663875 0.00000000 1.00000000 1.00000000 1.00000000
v 0.03089222 0.13130577 0.00000000 1.00000000 1.00000000 1.00000000
v 0.02793246 0.14598623 0.00000000 1.00000000 1.00000000 1.00000000
v 0.02500054 0.16067945 0.00000000 1.00000000 1.00000000 1.00000000
v 0.02209701 0.17538476 0.00000000 1.00000000 1.00000000 1.00000000
v 0.01922858 0.19006961 0.00000000 1.00000000 1.00000000 1.00000000
v 0.01638333 0.20479715 0.00000000 1.00000000 1.00000000 1.00000000
v 0.01357410 0.21950308 0.00000000 1.00000000 1.00000000 1.00000000
v 0.01079523 0.23421857 0.00000000 1.00000000 1.00000000 1.00000000
v 0.00804728 0.24894293 0.00000000 1.00000000 1.00000000 1.00000000
v 0.00533653 0.26364418 0.00000000 1.00000000 1.00000000 1.00000000
v 0.00265198 0.27838430 0.00000000 1.00000000 1.00000000 1.00000000
v 0.00000000 0.29313119 0.00000000 1.00000000 0.00000000 0.00000000
v -0.00265198 0.27838430 0.00000000 1.00000000 1.00000000 1.00000000
v -0.00533653 0.26364418 0.00000000 1.00000000 1.00000000 1.00000000
v -0.00804728 0.24894293 0.00000000 1.00000000 1.00000000 1.00000000
v -0.01079523 0.23421857 0.00000000 1.00000000 1.00000000 1.00000000
v -0.01357410 0.21950308 0.00000000 1.00000000 1.00000000 1.00000000
v -0.01638333 0.20479715 0.00000000 1.00000000 1.00000000 1.00000000
v -0.01922858 0.19006961 0.00000000 1.00000000 1.00000000 1.00000000
v -0.02209701 0.17538476 0.00000000 1.00000000 1.00000000 1.00000000
v -0.02500054 0.16067945 0.00000000 1.00000000 1.00000000 1.00000000
v -0.02793246 0.14598623 0.00000000 1.00000000 1.00000000 1.00000000
v -0.03089222 0.13130577 0.00000000 1.00000000 1.00000000 1.00000000
v -0.03387928 0.11663875 0.00000000 1.00000000 1.00000000 1.00000000
v -0.03689311 0.10198585 0.00000000 1.00000000 1.00000000 1.00000000
v -0.03994000 0.08731509 0.00000000 1.00000000 1.00000000 1.00000000
v -0.04301279 0.07265957 0.00000000 1.00000000 1.00000000 1.00000000
v -0.04611093 0.05801995 0.00000000 1.00000000 1.00000000 1.00000000
v -0.04924099 0.04336391 0.00000000 1.00000000 1.00000000 1.00000000
v -0.05239554 0.02872489 0.00000000 1.00000000 1.00000000 1.00000000
v -0.05558131 0.01407033 0.00000000 1.00000000 1.00000000 1.00000000
v -0.05878336 -0.00053281 0.00000000 1.00000000 1.00000000 1.00000000
v -0.06201577 -0.01515038 0.00000000 1.00000000 1.00000000 1.00000000
v -0.06527828 -0.02978207 0.00000000 1.00000000 0.00000000 0.00000000
v -0.07567737 -0.02910817 -0.01304284 1.00000000 1.00000000 1.00000000
v -0.09218663 -0.02803830 -0.01856570 1.00000000 1.00000000 1.00000000
v -0.10942360 -0.02692128 -0.02005178 1.00000000 1.00000000 1.00000000
v -0.12413184 -0.02596813 -0.02005178 1.00000000 1.00000000 1.00000000
v -0.13884008 -0.02501498 -0.02005178 1.00000000 1.00000000 1.00000000
v -0.15354832 -0.02406183 -0.02005178 1.00000000 1.00000000 1.00000000
v -0.16825656 -0.02310867 -0.02005178 1.00000000 1.00000000 1.00000000
v -0.18298539 -0.02215419 -0.02005178 1.00000000 1.00000000 1.00000000
v -0.19769363 -0.02120104 -0.02005178 1.00000000 1.00000000 1.00000000
v -0.21240187 -0.02024789 -0.02005178 1.00000000 1.00000000 1.00000000
v -0.22711011 -0.01929473 -0.02005178 1.00000000 1.00000000 1.00000000
v -0.24434708 -0.01817771 -0.01856570 1.00000000 1.00000000 1.00000000
v -0.26085634 -0.01710785 -0.01304284 1.00000000 1.00000000 1.00000000
v -0.27125543 -0.01643395 0.00000000 1.00000000 0.00000000 0.00000000
v -0.27067306 -0.00181453 0.00000000 1.00000000 1.00000000 1.00000000
v -0.27007234 0.01276462 0.00000000 1.00000000 1.00000000 1.00000000
v -0.26944886 0.02740990 0.00000000 1.00000000 1.00000000 1.00000000
v -0.26880718 0.04201480 0.00000000 1.00000000 1.00000000 1.00000000
v -0.26814506 0.05663257 0.00000000 1.00000000 1.00000000 1.00000000
v -0.26746502 0.07120978 0.00000000 1.00000000 1.00000000 1.00000000
v -0.26676469 0.08579976 0.00000000 1.00000000 1.00000000 1.00000000
v -0.26604139 0.10045601 0.00000000 1.00000000 1.00000000 1.00000000
v -0.26530315 0.11501801 0.00000000 1.00000000 1.00000000 1.00000000
v -0.26454194 0.12964628 0.00000000 1.00000000 1.00000000 1.00000000
v -0.26376334 0.14423367 0.00000000 1.00000000 1.00000000 1.00000000
v -0.26296460 0.15883373 0.00000000 1.00000000 1.00000000 1.00000000
v -0.26214571 0.17344646 0.00000000 1.00000000 1.00000000 1.00000000
v -0.26130980 0.18801807 0.00000000 1.00000000 1.00000000 1.00000000
v -0.26045070 0.20265610 0.00000000 1.00000000 1.00000000 1.00000000
v -0.25957472 0.21725292 0.00000000 1.00000000 1.00000000 1.00000000
v -0.25868209 0.23180839 0.00000000 1.00000000 1.00000000 1.00000000
v -0.25776620 0.24643032 0.00000000 1.00000000 1.00000000 1.00000000
v -0.25683380 0.26101081 0.00000000 1.00000000 1.00000000 1.00000000
v -0.25588155 0.27560378 0.00000000 1.00000000 1.00000000 1.00000000
v -0.25490945 0.29020925 0.00000000 1.00000000 1.00000000 1.00000000
v -0.25392121 0.30477303 0.00000000 1.00000000 1.00000000 1.00000000
v -0.25291327 0.31934921 0.00000000 1.00000000 1.00000000 1.00000000
v -0.25188563 0.33393779 0.00000000 1.00000000 1.00000000 1.00000000
v -0.25083829 0.34853876 0.00000000 1.00000000 1.00000000 1.00000000
v -0.24977124 0.36315212 0.00000000 1.00000000 1.00000000 1.00000000
v -0.24868857 0.37772349 0.00000000 1.00000000 1.00000000 1.00000000
v -0.24758635 0.39230716 0.00000000 1.00000000 1.00000000 1.00000000
v -0.24646879 0.40684865 0.00000000 1.00000000 1.00000000 1.00000000
v -0.24532752 0.42145688 0.00000000 1.00000000 1.00000000 1.00000000
v -0.24417107 0.43602283 0.00000000 1.00000000 1.00000000 1.00000000
v -0.24299520 0.45060100 0.00000000 1.00000000 1.00000000 1.00000000
v -0.24179993 0.46519138 0.00000000 1.00000000 1.00000000 1.00000000
v -0.24058983 0.47973925 0.00000000 1.00000000 1.00000000 1.00000000
v -0.23936047 0.49429925 0.00000000 1.00000000 1.00000000 1.00000000
v -0.23811184 0.50887136 0.00000000 1.00000000 1.00000000 1.00000000
v -0.23684394 0.52345560 0.00000000 1.00000000 0.00000000 0.00000000
v 0.22355978 0.22663720 -0.01971023 1.00000000 1.00000000 1.00000000
v -0.03375566 0.16993035 -0.01302140 1.00000000 1.00000000 1.00000000
v -0.10082798 0.03316067 -0.02005178 1.00000000 1.00000000 1.00000000
v 0.25650149 -0.00937203 -0.01495202 1.00000000 1.00000000 1.00000000
v 0.17700790 0.14139198 -0.02005178 1.00000000 1.00000000 1.00000000
v -0.02646238 0.39880893 -0.02005178 1.00000000 1.00000000 1.00000000
v 0.13708754 0.27715998 -0.02005178 1.00000000 1.00000000 1.00000000
v 0.25835003 0.16286039 -0.00878633 1.00000000 1.00000000 1.00000000
v 0.11572105 0.21618991 -0.02005178 1.00000000 1.00000000 1.00000000
v -0.22018485 0.34200954 -0.01922781 1.00000000 1.00000000 1.00000000
v 0.07507848 0.30423890 -0.02005178 1.00000000 1.00000000 1.00000000
v 0.14900682 0.20279805 -0.02005178 1.00000000 1.00000000 1.00000000
v -0.09013387 0.39930581 -0.02005178 1.00000000 1.00000000 1.00000000
v 0.00199266 0.31933186 -0.01843251 1.00000000 1.00000000 1.00000000
v 0.10233818 0.45846963 -0.02005178 1.00000000 1.00000000 1.00000000
v 0.08395829 0.29193682 -0.02005178 1.00000000 1.00000000 1.00000000
v -0.19309419 0.38852709 -0.02005178 1.00000000 1.00000000 1.00000000
v 0.24178955 0.19721307 -0.01657489 1.00000000 1.00000000 1.00000000
v 0.23503368 0.13656193 -0.01893841 1.00000000 1.00000000 1.00000000
v -0.12317660 0.06416798 -0.02005178 1.00000000 1.00000000 1.00000000
v 0.01802102 0.27467985 -0.01495012 1.00000000 1.00000000 1.00000000
v 0.14015873 0.22208167 -0.02005178 1.00000000 1.00000000 1.00000000
v -0.05463762 0.48216734 -0.02005178 1.00000000 1.00000000 1.00000000
v -0.16528289 0.40976367 -0.02005178 1.00000000 1.00000000 1.00000000
v 0.18633627 0.37112534 -0.02005178 1.00000000 1.00000000 1.00000000
v 0.01831679 0.33069360 -0.02003900 1.00000000 1.00000000 1.00000000
v 0.26226623 0.03470248 -0.01082344 1.00000000 1.00000000 1.00000000
v 0.00066903 0.35668338 -0.02005178 1.00000000 1.00000000 1.00000000
v 0.24425667 0.30249967 -0.01269760 1.00000000 1.00000000 1.00000000
v 0.03896069 0.20167818 -0.01734043 1.00000000 1.00000000 1.00000000
v 0.12778179 0.03693603 -0.02005178 1.00000000 1.00000000 1.00000000
v 0.26742090 0.00935039 -0.00707804 1.00000000 1.00000000 1.00000000
v -0.16155408 0.31977403 -0.02005178 1.00000000 1.00000000 1.00000000
v -0.10702671 0.49791980 -0.02005178 1.00000000 1.00000000 1.00000000
v -0.23888939 0.18324241 -0.01762143 1.00000000 1.00000000 1.00000000
v 0.08394409 0.06521727 -0.01992656 1.00000000 1.00000000 1.00000000
v -0.06814977 0.15063204 -0.02000382 1.00000000 1.00000000 1.00000000
v -0.23704446 0.10993072 -0.01883655 1.00000000 1.00000000 1.00000000
v -0.18744067 0.26823945 -0.02005178 1.00000000 1.00000000 1.00000000
v -0.13511883 -0.00252001 -0.02005178 1.00000000 1.00000000 1.00000000
v 0.04974707 0.11978665 -0.01562506 1.00000000 1.00000000 1.00000000
v 0.13142306 -0.01961913 -0.02005178 1.00000000 1.00000000 1.00000000
v -0.19178206 0.47648254 -0.02005178 1.00000000 1.00000000 1.00000000
v -0.25128362 0.07290621 -0.01558954 1.00000000 1.00000000 1.00000000
v -0.25079619 0.06144140 -0.01596135 1.00000000 1.00000000 1.00000000
v -0.23704248 0.45498743 -0.00983807 1.00000000 1.00000000 1.00000000
v 0.08523848 -0.01503800 -0.01762982 1.00000000 1.00000000 1.00000000
v 0.03219452 0.33308761 -0.02005178 1.00000000 1.00000000 1.00000000
v -0.17626047 -0.01796533 -0.02005178 1.00000000 1.00000000 1.00000000
v -0.21074371 0.25151333 -0.02005178 1.00000000 1.00000000 1.00000000
v 0.11671779 0.32291164 -0.02005178 1.00000000 1.00000000 1.00000000
v 0.07678668 0.21897661 -0.02005178 1.00000000 1.00000000 1.00000000
v -0.21003163 0.27594514 -0.02005178 1.00000000 1.00000000 1.00000000
v -0.11321980 0.23779102 -0.02005178 1.00000000 1.00000000 1.00000000
v 0.11716724 0.43471608 -0.02005178 1.00000000 1.00000000 1.00000000
v -0.01972634 0.22524781 -0.01100582 1.00000000 1.00000000 1.00000000
v 0.05523322 0.29047964 -0.02005178 1.00000000 1.00000000 1.00000000
v 0.13053029 0.40941300 -0.02005178 1.00000000 1.00000000 1.00000000
v 0.11029552 0.29551748 -0.02005178 1.00000000 1.00000000 1.00000000
v 0.12955724 -0.00661132 -0.02005178 1.00000000 1.00000000 1.00000000
v 0.02154100 0.26228118 -0.01544076 1.00000000 1.00000000 1.00000000
v -0.26670578 -0.00219571 -0.00839331 1.00000000 1.00000000 1.00000000
v -0.22241416 0.21132107 -0.01986582 1.00000000 1.00000000 1.00000000
v -0.21520027 0.45087059 -0.01869733 1.00000000 1.00000000 1.00000000
v 0.13602145 0.17363990 -0.02005178 1.00000000 1.00000000 1.00000000
v -0.22800282 0.49518187 -0.01347321 1.00000000 1.00000000 1.00000000
v 0.02467885 0.42574856 -0.02005178 1.00000000 1.00000000 1.00000000
v 0.19977568 0.37251913 -0.02005178 1.00000000 1.00000000 1.00000000
v 0.08143190 0.40675775 -0.02005178 1.00000000 1.00000000 1.00000000
v -0.00766344 0.41736114 -0.02005178 1.00000000 1.00000000 1.00000000
v 0.18834365 -0.01081096 -0.02005178 1.00000000 1.00000000 1.00000000
v -0.25012764 0.23958163 -0.01164151 1.00000000 1.00000000 1.00000000
v -0.07950973 0.48663432 -0.02005178 1.00000000 1.00000000 1.00000000
v 0.13024537 0.26269002 -0.02005178 1.00000000 1.00000000 1.00000000
v 0.17927888 0.46834890 -0.02005178 1.00000000 1.00000000 1.00000000
v -0.06736931 0.09508756 -0.01882923 1.00000000 1.00000000 1.00000000
v 0.19773957 0.12591135 -0.02005178 1.00000000 1.00000000 1.00000000
v -0.10291877 0.01831378 -0.02005178 1.00000000 1.00000000 1.00000000
v 0.00843980 0.44769237 -0.02005178 1.00000000 1.00000000 1.00000000
v 0.17840930 0.34473990 -0.02005178 1.00000000 1.00000000 1.00000000
v 0.07438652 0.27044498 -0.02005178 1.00000000 1.00000000 1.00000000
v 0.16529617 0.49292711 -0.02005178 1.00000000 1.00000000 1.00000000
v 0.14432420 0.23420214 -0.02005178 1.00000000 1.00000000 1.00000000
v -0.07828169 0.38535477 -0.02005178 1.00000000 1.00000000 1.00000000
v -0.16425584 0.28056549 -0.02005178 1.00000000 1.00000000 1.00000000
v 0.12782083 0.02455903 -0.02005178 1.00000000 1.00000000 1.00000000
v 0.16546149 0.23469149 -0.02005178 1.00000000 1.00000000 1.00000000
v 0.25898727 0.18175101 -0.00693900 1.00000000 1.00000000 1.00000000
v 0.03558650 0.25567820 -0.01880663 1.00000000 1.00000000 1.00000000
v 0.21957459 0.14078982 -0.02005178 1.00000000 1.00000000 1.00000000
v -0.06923406 0.06946801 -0.01816659 1.00000000 1.00000000 1.00000000
v 0.23259629 0.44229586 -0.01336644 1.00000000 1.00000000 1.00000000
v -0.12418257 0.02031381 -0.02005178 1.00000000 1.00000000 1.00000000
v -0.22275352 0.40344839 -0.01792317 1.00000000 1.00000000 1.00000000
v 0.13199673 0.37483963 -0.02005178 1.00000000 1.00000000 1.00000000
v -0.07926683 0.01144689 -0.01760049 1.00000000 1.00000000 1.00000000
v 0.13145247 0.11688745 -0.02005178 1.00000000 1.00000000 1.00000000
v 0.18378581 0.19467639 -0.02005178 1.00000000 1.00000000 1.00000000
v 0.24288824 0.34051187 -0.01192949 1.00000000 1.00000000 1.00000000
v -0.05662642 0.41973640 -0.02005178 1.00000000 1.00000000 1.00000000
v -0.05762473 0.02153209 -0.00798226 1.00000000 1.00000000 1.00000000
v 0.16660554 0.40815667 -0.02005178 1.00000000 1.00000000 1.00000000
v -0.21699041 0.36072030 -0.01945817 1.00000000 1.00000000 1.00000000
v 0.22783054 0.01784067 -0.02004205 1.00000000 1.00000000 1.00000000
v -0.05503758 0.22442542 -0.02003658 1.00000000 1.00000000 1.00000000
v -0.06827946 0.49344719 -0.02005178 1.00000000 1.00000000 1.00000000
v 0.12738035 0.34904085 -0.02005178 1.00000000 1.00000000 1.00000000
v 0.16760202 0.43113393 -0.02005178 1.00000000 1.00000000 1.00000000
v -0.03613463 0.20052146 -0.01645822 1.00000000 1.00000000 1.00000000
v 0.25582494 0.08217547 -0.01340152 1.00000000 1.00000000 1.00000000
v 0.12623597 0.22137180 -0.02005178 1.00000000 1.00000000 1.00000000
v 0.07781099 0.41849822 -0.02005178 1.00000000 1.00000000 1.00000000
v 0.06759685 0.40871889 -0.02005178 1.00000000 1.00000000 1.00000000
v 0.15542739 0.39591108 -0.02005178 1.00000000 1.00000000 1.00000000
v 0.25861197 0.00940993 -0.01364856 1.00000000 1.00000000 1.00000000
v -0.01570174 0.25169525 -0.01162518 1.00000000 1.00000000 1.00000000
v 0.11501416 0.37688887 -0.02005178 1.00000000 1.00000000 1.00000000
v -0.15073040 0.10021474 -0.02005178 1.00000000 1.00000000 1.00000000
v -0.09089749 0.27528736 -0.02005178 1.00000000 1.00000000 1.00000000
v 0.13046572 0.18764002 -0.02005178 1.00000000 1.00000000 1.00000000
v 0.13743067 0.06983621 -0.02005178 1.00000000 1.00000000 1.00000000
v 0.12202495 0.27322895 -0.02005178 1.00000000 1.00000000 1.00000000
v 0.15092048 0.02844601 -0.02005178 1.00000000 1.00000000 1.00000000
v -0.26243985 0.07383241 -0.00925617 1.00000000 1.00000000 1.00000000
v 0.09042189 0.11649109 -0.02005178 1.00000000 1.00000000 1.00000000
v 0.20797407 0.31582263 -0.02005178 1.00000000 1.00000000 1.00000000
v -0.18502787 0.03227402 -0.02005178 1.00000000 1.00000000 1.00000000
v 0.21876266 0.02725878 -0.02005178 1.00000000 1.00000000 1.00000000
v 0.18319773 0.12895986 -0.02005178 1.00000000 1.00000000 1.00000000
v 0.06114023 0.07305605 -0.01620617 1.00000000 1.00000000 1.00000000
v 0.15533038 0.47164558 -0.02005178 1.00000000 1.00000000 1.00000000
v -0.20109067 0.33881492 -0.02005178 1.00000000 1.00000000 1.00000000
v 0.16247350 -0.01526765 -0.02005178 1.00000000 1.00000000 1.00000000
v -0.05797066 0.12159712 -0.01807984 1.00000000 1.00000000 1.00000000
v 0.07472592 0.15643962 -0.02005178 1.00000000 1.00000000 1.00000000
v 0.03349285 0.22666363 -0.01715547 1.00000000 1.00000000 1.00000000
v 0.25908371 0.12498479 -0.00993473 1.00000000 1.00000000 1.00000000
v 0.17590385 0.24273436 -0.02005178 1.00000000 1.00000000 1.00000000
v 0.25983528 0.09311453 -0.01060743 1.00000000 1.00000000 1.00000000
v 0.11134655 0.24722155 -0.02005178 1.00000000 1.00000000 1.00000000
v 0.16094177 0.03198120 -0.02005178 1.00000000 1.00000000 1.00000000
v 0.14678782 0.36935184 -0.02005178 1.00000000 1.00000000 1.00000000
v -0.10340503 0.09005368 -0.02005178 1.00000000 1.00000000 1.00000000
v -0.24292888 0.41312831 -0.00737771 1.00000000 1.00000000 1.00000000
v -0.08397784 0.22587319 -0.02005178 1.00000000 1.00000000 1.00000000
v 0.24817823 0.24856024 -0.01248906 1.00000000 1.00000000 1.00000000
v -0.04000988 0.30697275 -0.02004643 1.00000000 1.00000000 1.00000000
v -0.10860123 0.09895350 -0.02005178 1.00000000 1.00000000 1.00000000
v -0.19314377 0.49154892 -0.02005178 1.00000000 1.00000000 1.00000000
v 0.04402226 0.13622297 -0.01469139 1.00000000 1.00000000 1.00000000
v 0.08243539 0.44554370 -0.02005178 1.00000000 1.00000000 1.00000000
v -0.19068957 0.16658456 -0.02005178 1.00000000 1.00000000 1.00000000
v -0.02181449 0.42573355 -0.02005178 1.00000000 1.00000000 1.00000000
v 0.18349542 0.17116278 -0.02005178 1.00000000 1.00000000 1.00000000
v -0.22147363 0.22818440 -0.01986015 1.00000000 1.00000000 1.00000000
v 0.02913102 0.31880437 -0.01994299 1.00000000 1.00000000 1.00000000
v -0.22374593 0.10124551 -0.02004488 1.00000000 1.00000000 1.00000000
v -0.14761144 0.50458836 -0.02005178 1.00000000 1.00000000 1.00000000
v 0.15468411 0.23804142 -0.02005178 1.00000000 1.00000000 1.00000000
v -0.12015593 0.35786234 -0.02005178 1.00000000 1.00000000 1.00000000
v -0.08162984 -0.00288720 -0.01740003 1.00000000 1.00000000 1.00000000
v -0.08507168 0.05144522 -0.01981721 1.00000000 1.00000000 1.00000000
v 0.20724276 0.36015163 -0.02004914 1.00000000 1.00000000 1.00000000
v 0.03355105 0.21291200 -0.01639466 1.00000000 1.00000000 1.00000000
v -0.25933606 0.02738010 -0.01286986 1.00000000 1.00000000 1.00000000
v 0.05685792 0.08714957 -0.01575295 1.00000000 1.00000000 1.00000000
v -0.07622342 0.24626676 -0.02005178 1.00000000 1.00000000 1.00000000
v -0.06038166 0.00735815 -0.00762013 1.00000000 1.00000000 1.00000000
v -0.23942629 0.07812104 -0.01869643 1.00000000 1.00000000 1.00000000
v 0.10061864 0.38750338 -0.02005178 1.00000000 1.00000000 1.00000000
v 0.16595234 0.46601472 -0.02005178 1.00000000 1.00000000 1.00000000
v -0.19731705 0.24417825 -0.02005178 1.00000000 1.00000000 1.00000000
v -0.22122964 0.41675947 -0.01803387 1.00000000 1.00000000 1.00000000
v 0.05457988 0.40374553 -0.02005178 1.00000000 1.00000000 1.00000000
v -0.24150224 0.28155152 -0.01473837 1.00000000 1.00000000 1.00000000
v -0.16200910 0.00885528 -0.02005178 1.00000000 1.00000000 1.00000000
v -0.05194118 0.27317903 -0.02005178 1.00000000 1.00000000 1.00000000
v -0.01085347 0.32603170 -0.01964422 1.00000000 1.00000000 1.00000000
v 0.12830784 0.44978638 -0.02005178 1.00000000 1.00000000 1.00000000
v -0.04616822 0.16311091 -0.01724768 1.00000000 1.00000000 1.00000000
v -0.02186705 0.49362906 -0.02005178 1.00000000 1.00000000 1.00000000
v 0.19255238 0.21785543 -0.02005178 1.00000000 1.00000000 1.00000000
v -0.11225853 0.01039809 -0.02005178 1.00000000 1.00000000 1.00000000
v 0.00786399 0.25698423 -0.00483345 1.00000000 1.00000000 1.00000000
v -0.20922612 0.09585621 -0.02005178 1.00000000 1.00000000 1.00000000
v 0.09015738 0.43369353 -0.02005178 1.00000000 1.00000000 1.00000000
v 0.08430156 0.37472487 -0.02005178 1.00000000 1.00000000 1.00000000
v -0.17505604 0.32057627 -0.02005178 1.00000000 1.00000000 1.00000000
v 0.25752049 0.11558652 -0.01143824 1.00000000 1.00000000 1.00000000
v -0.06447612 0.26651216 -0.02005178 1.00000000 1.00000000 1.00000000
v -0.07008535 0.05597208 -0.01771108 1.00000000 1.00000000 1.00000000
v 0.13839192 0.50152071 -0.02005178 1.00000000 1.00000000 1.00000000
v 0.16073937 0.08293078 -0.02005178 1.00000000 1.00000000 1.00000000
v -0.25795670 0.04967266 -0.01308162 1.00000000 1.00000000 1.00000000
v -0.18062468 -0.00425261 -0.02005178 1.00000000 1.00000000 1.00000000
v 0.05341038 0.20651238 -0.01981376 1.00000000 1.00000000 1.00000000
v 0.12384150 0.24960725 -0.02005178 1.00000000 1.00000000 1.00000000
v -0.10404475 0.30570318 -0.02005178 1.00000000 1.00000000 1.00000000
v 0.07485870 0.45809514 -0.02005178 1.00000000 1.00000000 1.00000000
v 0.22405614 0.26903781 -0.01937648 1.00000000 1.00000000 1.00000000
v 0.12373264 0.30013238 -0.02005178 1.00000000 1.00000000 1.00000000
v 0.06337070 0.22660844 -0.02005178 1.00000000 1.00000000 1.00000000
v 0.15815945 0.50670513 -0.02005178 1.00000000 1.00000000 1.00000000
v -0.24429036 0.13830212 -0.01682499 1.00000000 1.00000000 1.00000000
v 0.19160300 0.50563012 -0.02005178 1.00000000 1.00000000 1.00000000
v -0.15444956 0.35777210 -0.02005178 1.00000000 1.00000000 1.00000000
v 0.20471657 0.49067699 -0.01966121 1.00000000 1.00000000 1.00000000
v 0.16593281 0.26778722 -0.02005178 1.00000000 1.00000000 1.00000000
v 0.22704210 0.50757951 -0.01342141 1.00000000 1.00000000 1.00000000
v -0.09827288 0.31941096 -0.02005178 1.00000000 1.00000000 1.00000000
v 0.00693167 0.27436361 -0.00788358 1.00000000 1.00000000 1.00000000
v -0.01567182 0.23975031 -0.01002790 1.00000000 1.00000000 1.00000000
v 0.19120937 0.49082550 -0.02005178 1.00000000 1.00000000 1.00000000
v -0.21149004 0.43841910 -0.01940054 1.00000000 1.00000000 1.00000000
v -0.07293285 -0.01751707 -0.01288972 1.00000000 1.00000000 1.00000000
v 0.11637461 0.35557314 -0.02005178 1.00000000 1.00000000 1.00000000
v 0.16677259 0.15047244 -0.02005178 1.00000000 1.00000000 1.00000000
v 0.03202885 0.41298845 -0.02005178 1.00000000 1.00000000 1.00000000
v 0.05194409 0.22947050 -0.01997518 1.00000000 1.00000000 1.00000000
v 0.02319922 0.24960251 -0.01517742 1.00000000 1.00000000 1.00000000
v 0.12583914 0.16168617 -0.02005178 1.00000000 1.00000000 1.00000000
v -0.08371356 0.21067993 -0.02005178 1.00000000 1.00000000 1.00000000
v 0.08874465 0.13631401 -0.02005178 1.00000000 1.00000000 1.00000000
v -0.15850142 0.33940363 -0.02005178 1.00000000 1.00000000 1.00000000
v 0.05275051 0.10580930 -0.01567174 1.00000000 1.00000000 1.00000000
v 0.05233807 0.27728723 -0.02005178 1.00000000 1.00000000 1.00000000
v -0.14209513 0.34203097 -0.02005178 1.00000000 1.00000000 1.00000000
v 0.22783837 0.48444786 -0.01399918 1.00000000 1.00000000 1.00000000
v -0.10684551 0.20836799 -0.02005178 1.00000000 1.00000000 1.00000000
v -0.08297017 0.09367921 -0.02005178 1.00000000 1.00000000 1.00000000
v -0.04934634 0.49497255 -0.02005178 1.00000000 1.00000000 1.00000000
v 0.10433862 0.27201250 -0.02005178 1.00000000 1.00000000 1.00000000
v 0.01466907 0.25723008 -0.01161744 1.00000000 1.00000000 1.00000000
v -0.01141548 0.43266543 -0.02005178 1.00000000 1.00000000 1.00000000
v -0.10593213 0.48330860 -0.02005178 1.00000000 1.00000000 1.00000000
v 0.08081487 0.31644234 -0.02005178 1.00000000 1.00000000 1.00000000
v -0.10771024 0.33535740 -0.02005178 1.00000000 1.00000000 1.00000000
v 0.20372994 0.39230264 -0.02005178 1.00000000 1.00000000 1.00000000
v 0.17363510 0.21260294 -0.02005178 1.00000000 1.00000000 1.00000000
v -0.25480268 0.10837837 -0.01325710 1.00000000 1.00000000 1.00000000
v -0.13609137 0.30643067 -0.02005178 1.00000000 1.00000000 1.00000000
v 0.09423888 -0.01120213 -0.01939174 1.00000000 1.00000000 1.00000000
v -0.05915807 0.10701426 -0.01766252 1.00000000 1.00000000 1.00000000
v 0.12141890 0.42001661 -0.02005178 1.00000000 1.00000000 1.00000000
v 0.01819674 0.22743084 -0.01019020 1.00000000 1.00000000 1.00000000
v 0.14741616 0.21413892 -0.02005178 1.00000000 1.00000000 1.00000000
v -0.17720842 0.29177954 -0.02005178 1.00000000 1.00000000 1.00000000
v -0.24441157 0.12178467 -0.01704503 1.00000000 1.00000000 1.00000000
v 0.20683093 0.14136626 -0.02005178 1.00000000 1.00000000 1.00000000
v -0.14650454 0.13932882 -0.02005178 1.00000000 1.00000000 1.00000000
v 0.19961311 0.40792207 -0.02005178 1.00000000 1.00000000 1.00000000
v 0.11769261 0.47509584 -0.02005178 1.00000000 1.00000000 1.00000000
v -0.08795538 0.02762007 -0.01963172 1.00000000 1.00000000 1.00000000
v -0.13338568 0.22484468 -0.02005178 1.00000000 1.00000000 1.00000000
v -0.01996939 0.38501935 -0.02005178 1.00000000 1.00000000 1.00000000
v 0.08882269 0.20480148 -0.02005178 1.00000000 1.00000000 1.00000000
v 0.16874959 0.28019571 -0.02005178 1.00000000 1.00000000 1.00000000
v -0.22889551 0.39345272 -0.01644740 1.00000000 1.00000000 1.00000000
v -0.06418973 0.43587994 -0.02005178 1.00000000 1.00000000 1.00000000
v -0.16226649 -0.00951497 -0.02005178 1.00000000 1.00000000 1.00000000
v 0.19821909 0.07834604 -0.02005178 1.00000000 1.00000000 1.00000000
v 0.13103151 0.47842250 -0.02005178 1.00000000 1.00000000 1.00000000
v 0.19173789 0.23594649 -0.02005178 1.00000000 1.00000000 1.00000000
v 0.22931197 0.42866278 -0.01532717 1.00000000 1.00000000 1.00000000
v 0.03677261 0.34765152 -0.02005178 1.00000000 1.00000000 1.00000000
v 0.07535435 0.02371942 -0.01728518 1.00000000 1.00000000 1.00000000
v 0.00427519 0.45936104 -0.02005178 1.00000000 1.00000000 1.00000000
v 0.06656008 0.36718147 -0.02005178 1.00000000 1.00000000 1.00000000
v 0.18396026 0.01060002 -0.02005178 1.00000000 1.00000000 1.00000000
v 0.07308079 0.07780510 -0.01914921 1.00000000 1.00000000 1.00000000
v 0.09060442 0.48605686 -0.02005178 1.00000000 1.00000000 1.00000000
v -0.14251508 0.12649839 -0.02005178 1.00000000 1.00000000 1.00000000
v -0.01609910 0.35323526 -0.02005178 1.00000000 1.00000000 1.00000000
v -0.11449915 0.46140816 -0.02005178 1.00000000 1.00000000 1.00000000
v 0.15315345 0.48805664 -0.02005178 1.00000000 1.00000000 1.00000000
v 0.19443394 0.31235042 -0.02005178 1.00000000 1.00000000 1.00000000
v -0.09740122 0.45836595 -0.02005178 1.00000000 1.00000000 1.00000000
v 0.18660942 0.05845051 -0.02005178 1.00000000 1.00000000 1.00000000
v -0.18749005 0.42836934 -0.02005178 1.00000000 1.00000000 1.00000000
v 0.24974314 0.18635326 -0.01367553 1.00000000 1.00000000 1.00000000
v 0.07548083 0.24534375 -0.02005178 1.00000000 1.00000000 1.00000000
v 0.15762613 0.44217174 -0.02005178 1.00000000 1.00000000 1.00000000
v 0.15508742 0.32265691 -0.02005178 1.00000000 1.00000000 1.00000000
v 0.06009597 0.35306146 -0.02005178 1.00000000 1.00000000 1.00000000
v -0.17075009 0.03089670 -0.02005178 1.00000000 1.00000000 1.00000000
v -0.04592317 0.21249587 -0.01914603 1.00000000 1.00000000 1.00000000
v 0.12471963 0.00319905 -0.02005178 1.00000000 1.00000000 1.00000000
v 0.13537930 0.36077620 -0.02005178 1.00000000 1.00000000 1.00000000
v -0.02078760 0.29140496 -0.01694132 1.00000000 1.00000000 1.00000000
v 0.11586282 0.04171818 -0.02005178 1.00000000 1.00000000 1.00000000
v -0.18792148 0.33070705 -0.02005178 1.00000000 1.00000000 1.00000000
v -0.10497516 0.35023769 -0.02005178 1.00000000 1.00000000 1.00000000
v 0.25794638 0.15010233 -0.00976623 1.00000000 1.00000000 1.00000000
v 0.16070617 0.21066218 -0.02005178 1.00000000 1.00000000 1.00000000
v -0.06601820 -0.00755737 -0.00981566 1.00000000 1.00000000 1.00000000
v -0.06496138 0.40707319 -0.02005178 1.00000000 1.00000000 1.00000000
v 0.08713361 0.07832884 -0.02005178 1.00000000 1.00000000 1.00000000
v 0.14887896 0.33672677 -0.02005178 1.00000000 1.00000000 1.00000000
v -0.24614069 0.32123613 -0.01065391 1.00000000 1.00000000 1.00000000
v -0.11698527 -0.00153285 -0.02005178 1.00000000 1.00000000 1.00000000
v 0.07758538 0.43042276 -0.02005178 1.00000000 1.00000000 1.00000000
v -0.21346276 0.06841300 -0.02005178 1.00000000 1.00000000 1.00000000
v 0.17234851 0.05726859 -0.02005178 1.00000000 1.00000000 1.00000000
v -0.09597517 0.24307816 -0.02005178 1.00000000 1.00000000 1.00000000
v -0.14424904 0.20225346 -0.02005178 1.00000000 1.00000000 1.00000000
v 0.24904472 0.21027640 -0.01331246 1.00000000 1.00000000 1.00000000
v 0.09927462 0.22719322 -0.02005178 1.00000000 1.00000000 1.00000000
v -0.24394395 0.02609218 -0.01828240 1.00000000 1.00000000 1.00000000
v 0.14151924 0.12555644 -0.02005178 1.00000000 1.00000000 1.00000000
v -0.15220441 0.40660285 -0.02005178 1.00000000 1.00000000 1.00000000
v 0.24761884 0.14114331 -0.01566573 1.00000000 1.00000000 1.00000000
v 0.03014210 0.27546769 -0.01848090 1.00000000 1.00000000 1.00000000
v -0.25034965 0.22542076 -0.01205587 1.00000000 1.00000000 1.00000000
v 0.08231252 0.35307055 -0.02005178 1.00000000 1.00000000 1.00000000
v 0.22371372 0.31939712 -0.01894264 1.00000000 1.00000000 1.00000000
v 0.05296684 0.25838248 -0.02005178 1.00000000 1.00000000 1.00000000
v -0.18860745 0.36916337 -0.02005178 1.00000000 1.00000000 1.00000000
v -0.13625869 0.38888793 -0.02005178 1.00000000 1.00000000 1.00000000
v 0.24118528 0.35258489 -0.01243084 1.00000000 1.00000000 1.00000000
v 0.24627814 0.31608964 -0.01081519 1.00000000 1.00000000 1.00000000
v 0.10073558 0.25748902 -0.02005178 1.00000000 1.00000000 1.00000000
v -0.00600537 0.34293474 -0.02005178 1.00000000 1.00000000 1.00000000
v -0.21224673 0.14740524 -0.02005178 1.00000000 1.00000000 1.00000000
v 0.06674995 0.33876348 -0.02005178 1.00000000 1.00000000 1.00000000
v 0.09604450 0.40927591 -0.02005178 1.00000000 1.00000000 1.00000000
v -0.13852294 0.18808273 -0.02005178 1.00000000 1.00000000 1.00000000
v -0.04257065 0.47911693 -0.02005178 1.00000000 1.00000000 1.00000000
v -0.10782961 0.22261393 -0.02005178 1.00000000 1.00000000 1.00000000
v 0.04454301 0.23703274 -0.01954795 1.00000000 1.00000000 1.00000000
v 0.05380420 0.32852462 -0.02005178 1.00000000 1.00000000 1.00000000
v -0.12220005 0.40495742 -0.02005178 1.00000000 1.00000000 1.00000000
v -0.01071435 0.46235553 -0.02005178 1.00000000 1.00000000 1.00000000
v -0.04743295 0.46592465 -0.02005178 1.00000000 1.00000000 1.00000000
v -0.16484262 0.42433347 -0.02005178 1.00000000 1.00000000 1.00000000
v -0.09543550 0.21518934 -0.02005178 1.00000000 1.00000000 1.00000000
v -0.05597095 0.03894854 -0.00989874 1.00000000 1.00000000 1.00000000
v 0.01605593 0.35780713 -0.02005178 1.00000000 1.00000000 1.00000000
v -0.14291865 0.43686081 -0.02005178 1.00000000 1.00000000 1.00000000
v 0.03473352 0.43455692 -0.02005178 1.00000000 1.00000000 1.00000000
v 0.10519412 0.19721872 -0.02005178 1.00000000 1.00000000 1.00000000
v 0.24094576 0.29067518 -0.01471594 1.00000000 1.00000000 1.00000000
v 0.13928593 0.41943297 -0.02005178 1.00000000 1.00000000 1.00000000
v -0.16841543 0.46582883 -0.02005178 1.00000000 1.00000000 1.00000000
v 0.17611659 0.01916360 -0.02005178 1.00000000 1.00000000 1.00000000
v -0.25977035 0.03828659 -0.01234785 1.00000000 1.00000000 1.00000000
v -0.07157642 0.23216073 -0.02005178 1.00000000 1.00000000 1.00000000
v 0.16645372 0.09617413 -0.02005178 1.00000000 1.00000000 1.00000000
v 0.08786812 0.27677753 -0.02005178 1.00000000 1.00000000 1.00000000
v 0.03523407 0.49298381 -0.02005178 1.00000000 1.00000000 1.00000000
v 0.24587384 0.37001887 -0.00776114 1.00000000 1.00000000 1.00000000
v 0.22150796 0.46806211 -0.01689135 1.00000000 1.00000000 1.00000000
v -0.22404756 0.07565055 -0.02005160 1.00000000 1.00000000 1.00000000
v -0.11664117 0.14929291 -0.02005178 1.00000000 1.00000000 1.00000000
v 0.22163118 0.04124576 -0.02005178 1.00000000 1.00000000 1.00000000
v -0.22475486 0.37194893 -0.01801249 1.00000000 1.00000000 1.00000000
v 0.14169907 0.04351977 -0.02005178 1.00000000 1.00000000 1.00000000
v -0.19233722 0.05644548 -0.02005178 1.00000000 1.00000000 1.00000000
v -0.12832081 0.43357540 -0.02005178 1.00000000 1.00000000 1.00000000
v 0.06242739 0.15300368 -0.01969521 1.00000000 1.00000000 1.00000000
v -0.17452697 0.08132949 -0.02005178 1.00000000 1.00000000 1.00000000
v -0.20064854 0.15429463 -0.02005178 1.00000000 1.00000000 1.00000000
v -0.18297388 0.40494946 -0.02005178 1.00000000 1.00000000 1.00000000
v 0.06333371 0.01271166 -0.01112476 1.00000000 1.00000000 1.00000000
v 0.00991307 0.49167378 -0.02005178 1.00000000 1.00000000 1.00000000
v 0.25203602 0.04600925 -0.01577089 1.00000000 1.00000000 1.00000000
v 0.10018899 0.10795674 -0.02005178 1.00000000 1.00000000 1.00000000
v 0.14201157 0.32089481 -0.02005178 1.00000000 1.00000000 1.00000000
v -0.06104330 0.28295580 -0.02005178 1.00000000 1.00000000 1.00000000
v 0.00065743 0.47023070 -0.02005178 1.00000000 1.00000000 1.00000000
v 0.06365728 0.39599779 -0.02005178 1.00000000 1.00000000 1.00000000
v -0.17827919 0.23443509 -0.02005178 1.00000000 1.00000000 1.00000000
v 0.04800494 0.35159980 -0.02005178 1.00000000 1.00000000 1.00000000
v -0.23311934 -0.00834114 -0.01988643 1.00000000 1.00000000 1.00000000
v 0.09058565 0.36830979 -0.02005178 1.00000000 1.00000000 1.00000000
v -0.11712280 0.08867470 -0.02005178 1.00000000 1.00000000 1.00000000
v -0.25862755 0.11908277 -0.01052903 1.00000000 1.00000000 1.00000000
v -0.20180659 0.36499855 -0.02005178 1.00000000 1.00000000 1.00000000
v -0.14168813 0.24001540 -0.02005178 1.00000000 1.00000000 1.00000000
v 0.08708760 0.30470789 -0.02005178 1.00000000 1.00000000 1.00000000
v -0.03371106 0.33643331 -0.02005178 1.00000000 1.00000000 1.00000000
v -0.18715345 0.44602409 -0.02005178 1.00000000 1.00000000 1.00000000
v 0.12495394 0.50257822 -0.02005178 1.00000000 1.00000000 1.00000000
v -0.02595121 0.36439509 -0.02005178 1.00000000 1.00000000 1.00000000
v -0.14135382 0.04131902 -0.02005178 1.00000000 1.00000000 1.00000000
v 0.05166088 0.14612661 -0.01777687 1.00000000 1.00000000 1.00000000
v -0.16091188 0.13955727 -0.02005178 1.00000000 1.00000000 1.00000000
v -0.13229459 0.29250668 -0.02005178 1.00000000 1.00000000 1.00000000
v 0.11659889 0.07398167 -0.02005178 1.00000000 1.00000000 1.00000000
v -0.03108927 0.21374639 -0.01560542 1.00000000 1.00000000 1.00000000
v 0.21100828 -0.00303159 -0.02005178 1.00000000 1.00000000 1.00000000
v -0.03336802 0.37403806 -0.02005178 1.00000000 1.00000000 1.00000000
v -0.11352369 0.02729785 -0.02005178 1.00000000 1.00000000 1.00000000
v 0.22315034 0.35821751 -0.01855525 1.00000000 1.00000000 1.00000000
v 0.10579528 0.04779724 -0.02005178 1.00000000 1.00000000 1.00000000
v 0.18764433 0.09807524 -0.02005178 1.00000000 1.00000000 1.00000000
v 0.08517438 0.03569774 -0.01952960 1.00000000 1.00000000 1.00000000
v 0.23239103 0.08021816 -0.01964016 1.00000000 1.00000000 1.00000000
v 0.14344989 0.09820816 -0.02005178 1.00000000 1.00000000 1.00000000
v 0.15566766 0.04275552 -0.02005178 1.00000000 1.00000000 1.00000000
v -0.11159078 0.05581043 -0.02005178 1.00000000 1.00000000 1.00000000
v -0.23634582 0.29580078 -0.01631492 1.00000000 1.00000000 1.00000000
v 0.06293041 0.16820396 -0.01993508 1.00000000 1.00000000 1.00000000
v -0.20551911 0.12168229 -0.02005178 1.00000000 1.00000000 1.00000000
v -0.15773200 -0.00022137 -0.02005178 1.00000000 1.00000000 1.00000000
v -0.02030323 0.33925606 -0.02005178 1.00000000 1.00000000 1.00000000
v -0.11586642 0.47518171 -0.02005178 1.00000000 1.00000000 1.00000000
v 0.09272779 0.46863396 -0.02005178 1.00000000 1.00000000 1.00000000
v 0.16727258 0.48019014 -0.02005178 1.00000000 1.00000000 1.00000000
v 0.12248871 0.31364445 -0.02005178 1.00000000 1.00000000 1.00000000
v -0.06313592 0.16333591 -0.01989436 1.00000000 1.00000000 1.00000000
v 0.04115556 0.29191744 -0.02000217 1.00000000 1.00000000 1.00000000
v -0.13126805 0.08891700 -0.02005178 1.00000000 1.00000000 1.00000000
v -0.25091953 0.21058305 -0.01225699 1.00000000 1.00000000 1.00000000
v 0.20185881 0.09202844 -0.02005178 1.00000000 1.00000000 1.00000000
v -0.14345932 0.45262898 -0.02005178 1.00000000 1.00000000 1.00000000
v -0.03054996 0.48758729 -0.02005178 1.00000000 1.00000000 1.00000000
v -0.17931899 0.39051076 -0.02005178 1.00000000 1.00000000 1.00000000
v -0.21191722 0.37434652 -0.01983073 1.00000000 1.00000000 1.00000000
v -0.20044481 0.00547884 -0.02005178 1.00000000 1.00000000 1.00000000
v -0.08062020 0.28872857 -0.02005178 1.00000000 1.00000000 1.00000000
v 0.22814408 0.41338678 -0.01618694 1.00000000 1.00000000 1.00000000
v 0.06813471 0.29478929 -0.02005178 1.00000000 1.00000000 1.00000000
v -0.23234231 0.13387420 -0.01934444 1.00000000 1.00000000 1.00000000
v 0.08722398 0.38489393 -0.02005178 1.00000000 1.00000000 1.00000000
v 0.14290866 0.11225161 -0.02005178 1.00000000 1.00000000 1.00000000
v -0.24791056 0.29515896 -0.01067195 1.00000000 1.00000000 1.00000000
v 0.18200726 0.40772623 -0.02005178 1.00000000 1.00000000 1.00000000
v 0.14937914 0.05357209 -0.02005178 1.00000000 1.00000000 1.00000000
v 0.20200363 0.15176231 -0.02005178 1.00000000 1.00000000 1.00000000
v 0.07789480 0.49499781 -0.02005178 1.00000000 1.00000000 1.00000000
v 0.14309968 0.35056862 -0.02005178 1.00000000 1.00000000 1.00000000
v -0.19292903 -0.00371722 -0.02005178 1.00000000 1.00000000 1.00000000
v -0.18230192 0.02036101 -0.02005178 1.00000000 1.00000000 1.00000000
v -0.13157296 0.44868572 -0.02005178 1.00000000 1.00000000 1.00000000
v -0.21737973 0.01705710 -0.02005178 1.00000000 1.00000000 1.00000000
v -0.05698567 0.06326719 -0.01371634 1.00000000 1.00000000 1.00000000
v 0.20886880 0.07877599 -0.02005178 1.00000000 1.00000000 1.00000000
v 0.15408925 0.10737886 -0.02005178 1.00000000 1.00000000 1.00000000
v 0.11219713 0.00377368 -0.02005178 1.00000000 1.00000000 1.00000000
v -0.16717502 0.49977036 -0.02005178 1.00000000 1.00000000 1.00000000
v -0.10395595 -0.00310913 -0.02005178 1.00000000 1.00000000 1.00000000
v -0.04312736 0.23668567 -0.01938177 1.00000000 1.00000000 1.00000000
v 0.25856714 0.13704463 -0.00983584 1.00000000 1.00000000 1.00000000
v 0.22088544 0.24047069 -0.01984842 1.00000000 1.00000000 1.00000000
v -0.13604006 0.25309380 -0.02005178 1.00000000 1.00000000 1.00000000
v -0.14389222 0.01866454 -0.02005178 1.00000000 1.00000000 1.00000000
v 0.13417179 0.08974064 -0.02005178 1.00000000 1.00000000 1.00000000
v 0.20710408 0.02485324 -0.02005178 1.00000000 1.00000000 1.00000000
v -0.05106082 0.37895682 -0.02005178 1.00000000 1.00000000 1.00000000
v 0.17528268 0.44090331 -0.02005178 1.00000000 1.00000000 1.00000000
v -0.02367772 0.30799827 -0.01874669 1.00000000 1.00000000 1.00000000
v -0.19821662 0.02872753 -0.02005178 1.00000000 1.00000000 1.00000000
v -0.04409916 0.09906367 -0.01053347 1.00000000 1.00000000 1.00000000
v 0.18991603 0.02011453 -0.02005178 1.00000000 1.00000000 1.00000000
v 0.13991305 0.46500786 -0.02005178 1.00000000 1.00000000 1.00000000
v 0.12873886 0.32828613 -0.02005178 1.00000000 1.00000000 1.00000000
v 0.22296021 0.38993531 -0.01811045 1.00000000 1.00000000 1.00000000
v 0.01854959 0.28691276 -0.01597897 1.00000000 1.00000000 1.00000000
v 0.19921267 0.00940306 -0.02005178 1.00000000 1.00000000 1.00000000
v -0.25221466 0.25158433 -0.00953330 1.00000000 1.00000000 1.00000000
v -0.08891669 0.45173017 -0.02005178 1.00000000 1.00000000 1.00000000
v -0.19796250 0.43868563 -0.02005178 1.00000000 1.00000000 1.00000000
v 0.20561224 0.46207903 -0.01978721 1.00000000 1.00000000 1.00000000
v 0.18084129 0.31533935 -0.02005178 1.00000000 1.00000000 1.00000000
v 0.22159133 0.33290490 -0.01912149 1.00000000 1.00000000 1.00000000
v -0.11662062 0.42052608 -0.02005178 1.00000000 1.00000000 1.00000000
v 0.12217300 0.14817249 -0.02005178 1.00000000 1.00000000 1.00000000
v -0.00916838 0.49559136 -0.02005178 1.00000000 1.00000000 1.00000000
v 0.21588641 0.17061429 -0.02005178 1.00000000 1.00000000 1.00000000
v -0.24266261 0.34250643 -0.01198080 1.00000000 1.00000000 1.00000000
v 0.16083127 0.05697578 -0.02005178 1.00000000 1.00000000 1.00000000
v 0.13965484 0.02123757 -0.02005178 1.00000000 1.00000000 1.00000000
v 0.01297351 0.31463861 -0.01819350 1.00000000 1.00000000 1.00000000
v 0.07488794 0.03885033 -0.01797263 1.00000000 1.00000000 1.00000000
v 0.17948837 0.49828415 -0.02005178 1.00000000 1.00000000 1.00000000
v 0.09962167 0.37768991 -0.02005178 1.00000000 1.00000000 1.00000000
v -0.05421637 0.09320077 -0.01524069 1.00000000 1.00000000 1.00000000
v 0.07618103 0.19326957 -0.02005178 1.00000000 1.00000000 1.00000000
v -0.06344287 0.46023199 -0.02005178 1.00000000 1.00000000 1.00000000
v 0.21788144 0.51354410 -0.01682145 1.00000000 1.00000000 1.00000000
v 0.06436062 0.12491260 -0.01929178 1.00000000 1.00000000 1.00000000
v 0.13460892 0.01160948 -0.02005178 1.00000000 1.00000000 1.00000000
v 0.10661774 0.42023909 -0.02005178 1.00000000 1.00000000 1.00000000
v -0.10065394 0.38763468 -0.02005178 1.00000000 1.00000000 1.00000000
v -0.00808229 0.44843122 -0.02005178 1.00000000 1.00000000 1.00000000
v -0.08517254 0.34748010 -0.02005178 1.00000000 1.00000000 1.00000000
v -0.24121577 0.30843543 -0.01405233 1.00000000 1.00000000 1.00000000
v 0.01081197 0.26624516 -0.01006323 1.00000000 1.00000000 1.00000000
v 0.23583715 0.12211648 -0.01893190 1.00000000 1.00000000 1.00000000
v 0.01167131 0.34520136 -0.02005178 1.00000000 1.00000000 1.00000000
v 0.17542021 0.08520081 -0.02005178 1.00000000 1.00000000 1.00000000
v -0.17617320 0.13757723 -0.02005178 1.00000000 1.00000000 1.00000000
v 0.06638633 0.48789711 -0.02005178 1.00000000 1.00000000 1.00000000
v 0.04103283 0.19050386 -0.01731543 1.00000000 1.00000000 1.00000000
v -0.05498395 0.44941987 -0.02005178 1.00000000 1.00000000 1.00000000
v -0.17782210 0.41747454 -0.02005178 1.00000000 1.00000000 1.00000000
v 0.13977874 0.39800597 -0.02005178 1.00000000 1.00000000 1.00000000
v -0.04337863 0.28303952 -0.02002008 1.00000000 1.00000000 1.00000000
v 0.14562835 0.08124068 -0.02005178 1.00000000 1.00000000 1.00000000
v -0.22751793 0.27884516 -0.01876897 1.00000000 1.00000000 1.00000000
v -0.13716619 0.02790164 -0.02005178 1.00000000 1.00000000 1.00000000
v -0.11769377 0.38904633 -0.02005178 1.00000000 1.00000000 1.00000000
v 0.06684514 0.18272314 -0.02005178 1.00000000 1.00000000 1.00000000
v -0.14855233 0.29798816 -0.02005178 1.00000000 1.00000000 1.00000000
v -0.18141783 0.18065448 -0.02005178 1.00000000 1.00000000 1.00000000
v -0.11758402 0.49351759 -0.02005178 1.00000000 1.00000000 1.00000000
v -0.23773983 0.25212818 -0.01678295 1.00000000 1.00000000 1.00000000
v 0.09816372 0.05934717 -0.02005178 1.00000000 1.00000000 1.00000000
v 0.10376991 0.21173527 -0.02005178 1.00000000 1.00000000 1.00000000
v 0.06014312 0.24415865 -0.02005178 1.00000000 1.00000000 1.00000000
v -0.25145701 0.19518985 -0.01247927 1.00000000 1.00000000 1.00000000
v -0.08514497 0.03937072 -0.01960667 1.00000000 1.00000000 1.00000000
v 0.26411705 0.04755529 -0.00883606 1.00000000 1.00000000 1.00000000
v -0.24404029 0.03960995 -0.01813536 1.00000000 1.00000000 1.00000000
v 0.11123198 0.15684523 -0.02005178 1.00000000 1.00000000 1.00000000
v -0.08163312 0.36413661 -0.02005178 1.00000000 1.00000000 1.00000000
v -0.00674031 0.28746581 -0.00988432 1.00000000 1.00000000 1.00000000
v -0.20594478 0.05350626 -0.02005178 1.00000000 1.00000000 1.00000000
v -0.04527130 0.36378731 -0.02005178 1.00000000 1.00000000 1.00000000
v -0.22816464 0.38214779 -0.01693495 1.00000000 1.00000000 1.00000000
v 0.10793154 0.11721343 -0.02005178 1.00000000 1.00000000 1.00000000
v -0.24153622 0.37342475 -0.01124163 1.00000000 1.00000000 1.00000000
v 0.19346360 0.27656391 -0.02005178 1.00000000 1.00000000 1.00000000
v -0.02582752 0.18392317 -0.00960733 1.00000000 1.00000000 1.00000000
v 0.00159065 0.37255066 -0.02005178 1.00000000 1.00000000 1.00000000
v -0.20672683 0.10868375 -0.02005178 1.00000000 1.00000000 1.00000000
v 0.21639030 0.29078912 -0.01992075 1.00000000 1.00000000 1.00000000
v -0.07136926 0.42043999 -0.02005178 1.00000000 1.00000000 1.00000000
v -0.20619628 0.20243956 -0.02005178 1.00000000 1.00000000 1.00000000
v 0.00301072 0.48076051 -0.02005178 1.00000000 1.00000000 1.00000000
v -0.02436541 0.19848406 -0.01066601 1.00000000 1.00000000 1.00000000
v 0.07140813 0.44170118 -0.02005178 1.00000000 1.00000000 1.00000000
v 0.11488675 0.46115521 -0.02005178 1.00000000 1.00000000 1.00000000
v -0.15574319 0.16588331 -0.02005178 1.00000000 1.00000000 1.00000000
v 0.09143478 0.42081788 -0.02005178 1.00000000 1.00000000 1.00000000
v 0.07821378 -0.00448246 -0.01630725 1.00000000 1.00000000 1.00000000
v 0.13913110 0.25399938 -0.02005178 1.00000000 1.00000000 1.00000000
v 0.17752487 0.10390893 -0.02005178 1.00000000 1.00000000 1.00000000
v 0.23283194 0.49770293 -0.01034594 1.00000000 1.00000000 1.00000000
v 0.08918971 0.49903082 -0.02005178 1.00000000 1.00000000 1.00000000
v 0.22550290 0.12940228 -0.01995093 1.00000000 1.00000000 1.00000000
v 0.19003996 0.11456116 -0.02005178 1.00000000 1.00000000 1.00000000
v 0.23387011 0.05128160 -0.01962867 1.00000000 1.00000000 1.00000000
v 0.11352386 -0.01674180 -0.02005178 1.00000000 1.00000000 1.00000000
v -0.25151314 0.26977128 -0.00911728 1.00000000 1.00000000 1.00000000
v -0.17663658 0.12329896 -0.02005178 1.00000000 1.00000000 1.00000000
v -0.26262052 0.06175491 -0.00959174 1.00000000 1.00000000 1.00000000
v -0.21801436 -0.00802602 -0.02005178 1.00000000 1.00000000 1.00000000
v -0.03372788 0.35210882 -0.02005178 1.00000000 1.00000000 1.00000000
v -0.18493107 0.21082553 -0.02005178 1.00000000 1.00000000 1.00000000
v -0.09989471 0.07448750 -0.02005178 1.00000000 1.00000000 1.00000000
v -0.25725929 -0.00438077 -0.01454473 1.00000000 1.00000000 1.00000000
v 0.01450787 0.36940705 -0.02005178 1.00000000 1.00000000 1.00000000
v 0.17076583 0.18466225 -0.02005178 1.00000000 1.00000000 1.00000000
v -0.24775027 0.16934420 -0.01501017 1.00000000 1.00000000 1.00000000
v 0.06584619 0.47572639 -0.02005178 1.00000000 1.00000000 1.00000000
v -0.07664417 0.20055228 -0.02005178 1.00000000 1.00000000 1.00000000
v -0.10583882 0.40315323 -0.02005178 1.00000000 1.00000000 1.00000000
v -0.20004696 0.32249593 -0.02005178 1.00000000 1.00000000 1.00000000
v -0.09297518 0.08735607 -0.02005178 1.00000000 1.00000000 1.00000000
v 0.14910525 0.30433921 -0.02005178 1.00000000 1.00000000 1.00000000
v -0.19627123 0.22628210 -0.02005178 1.00000000 1.00000000 1.00000000
v 0.21411698 0.10295905 -0.02005178 1.00000000 1.00000000 1.00000000
v 0.20440896 0.44532008 -0.01994570 1.00000000 1.00000000 1.00000000
v 0.18848445 0.30001498 -0.02005178 1.00000000 1.00000000 1.00000000
v 0.16310993 0.33791912 -0.02005178 1.00000000 1.00000000 1.00000000
v 0.04794875 0.49393384 -0.02005178 1.00000000 1.00000000 1.00000000
v -0.20460363 0.13668912 -0.02005178 1.00000000 1.00000000 1.00000000
v 0.04066398 0.45557734 -0.02005178 1.00000000 1.00000000 1.00000000
v -0.12185144 0.25107240 -0.02005178 1.00000000 1.00000000 1.00000000
v -0.08150150 0.14784511 -0.02005178 1.00000000 1.00000000 1.00000000
v 0.25051612 0.28819230 -0.00891382 1.00000000 1.00000000 1.00000000
v 0.05526018 0.03608029 -0.00875566 1.00000000 1.00000000 1.00000000
v 0.23123129 0.06664601 -0.01979370 1.00000000 1.00000000 1.00000000
v -0.20926649 0.49440998 -0.01907473 1.00000000 1.00000000 1.00000000
v -0.18629367 0.46311297 -0.02005178 1.00000000 1.00000000 1.00000000
v -0.24054597 0.39977112 -0.01052331 1.00000000 1.00000000 1.00000000
v 0.14834713 0.06595985 -0.02005178 1.00000000 1.00000000 1.00000000
v -0.11655109 -0.02022412 -0.02005178 1.00000000 1.00000000 1.00000000
v -0.23208913 0.50871067 -0.01019063 1.00000000 1.00000000 1.00000000
v 0.03075333 0.26594082 -0.01825603 1.00000000 1.00000000 1.00000000
v 0.08363891 0.18087707 -0.02005178 1.00000000 1.00000000 1.00000000
v -0.09838454 0.29093272 -0.02005178 1.00000000 1.00000000 1.00000000
v -0.19423199 0.41582375 -0.02005178 1.00000000 1.00000000 1.00000000
v -0.12681283 0.48077710 -0.02005178 1.00000000 1.00000000 1.00000000
v -0.10098649 0.44238157 -0.02005178 1.00000000 1.00000000 1.00000000
v -0.02965116 0.24595530 -0.01709561 1.00000000 1.00000000 1.00000000
v 0.26809601 -0.00964996 -0.00719605 1.00000000 1.00000000 1.00000000
v -0.20927974 0.18458263 -0.02005178 1.00000000 1.00000000 1.00000000
v -0.03693770 0.22514595 -0.01794604 1.00000000 1.00000000 1.00000000
v 0.04819845 0.07872114 -0.01042622 1.00000000 1.00000000 1.00000000
v -0.20007835 0.45647141 -0.02004597 1.00000000 1.00000000 1.00000000
v 0.19398307 0.47495016 -0.02005178 1.00000000 1.00000000 1.00000000
v 0.22250905 0.11524301 -0.02004977 1.00000000 1.00000000 1.00000000
v -0.05202195 0.40467432 -0.02005178 1.00000000 1.00000000 1.00000000
v 0.06578914 0.49870371 -0.02005178 1.00000000 1.00000000 1.00000000
v -0.06728225 0.01591825 -0.01376536 1.00000000 1.00000000 1.00000000
v -0.08452005 0.30401824 -0.02005178 1.00000000 1.00000000 1.00000000
v 0.04560238 0.09435444 -0.01090946 1.00000000 1.00000000 1.00000000
v 0.15761075 0.07091103 -0.02005178 1.00000000 1.00000000 1.00000000
v -0.06132497 0.47162860 -0.02005178 1.00000000 1.00000000 1.00000000
v 0.07967065 0.12430568 -0.02005178 1.00000000 1.00000000 1.00000000
v 0.14572481 0.47783901 -0.02005178 1.00000000 1.00000000 1.00000000
v 0.25244114 0.22293694 -0.01076307 1.00000000 1.00000000 1.00000000
v 0.22478081 0.37271403 -0.01799376 1.00000000 1.00000000 1.00000000
v 0.03486863 0.30483801 -0.01982099 1.00000000 1.00000000 1.00000000
v 0.06389787 0.04206263 -0.01478147 1.00000000 1.00000000 1.00000000
v 0.17153291 -0.00442212 -0.02005178 1.00000000 1.00000000 1.00000000
v -0.00736265 0.27301125 -0.00807736 1.00000000 1.00000000 1.00000000
v 0.15871217 0.19429686 -0.02005178 1.00000000 1.00000000 1.00000000
v -0.26068273 0.08430838 -0.01029380 1.00000000 1.00000000 1.00000000
v -0.13810278 0.50147141 -0.02005178 1.00000000 1.00000000 1.00000000
v -0.25518528 0.14591100 -0.01191050 1.00000000 1.00000000 1.00000000
v -0.24412233 0.09923191 -0.01744052 1.00000000 1.00000000 1.00000000
v -0.22290507 0.42836424 -0.01740168 1.00000000 1.00000000 1.00000000
v 0.23794830 0.37855090 -0.01316421 1.00000000 1.00000000 1.00000000
v 0.00186277 0.30264091 -0.01263752 1.00000000 1.00000000 1.00000000
v 0.01575041 0.41560809 -0.02005178 1.00000000 1.00000000 1.00000000
v 0.21005819 0.06471515 -0.02005178 1.00000000 1.00000000 1.00000000
v 0.08855409 0.33831951 -0.02005178 1.00000000 1.00000000 1.00000000
v -0.04045375 0.26678135 -0.01968655 1.00000000 1.00000000 1.00000000
v -0.06099666 0.20958299 -0.02005178 1.00000000 1.00000000 1.00000000
v 0.22511997 0.15249152 -0.01990674 1.00000000 1.00000000 1.00000000
v 0.06460706 0.38368599 -0.02005178 1.00000000 1.00000000 1.00000000
v 0.03993028 0.42317175 -0.02005178 1.00000000 1.00000000 1.00000000
v -0.11042758 0.06873174 -0.02005178 1.00000000 1.00000000 1.00000000
v -0.02122592 0.47964871 -0.02005178 1.00000000 1.00000000 1.00000000
v -0.16382480 0.48734608 -0.02005178 1.00000000 1.00000000 1.00000000
v -0.20115153 0.26230656 -0.02005178 1.00000000 1.00000000 1.00000000
v 0.10113238 0.18056768 -0.02005178 1.00000000 1.00000000 1.00000000
v 0.26114508 0.02130328 -0.01196194 1.00000000 1.00000000 1.00000000
v -0.14846177 0.28229150 -0.02005178 1.00000000 1.00000000 1.00000000
v 0.08785359 0.05018542 -0.01995943 1.00000000 1.00000000 1.00000000
v 0.16424735 0.45338092 -0.02005178 1.00000000 1.00000000 1.00000000
v 0.02557959 0.19476109 -0.01101584 1.00000000 1.00000000 1.00000000
v -0.17285019 0.33451111 -0.02005178 1.00000000 1.00000000 1.00000000
v -0.11939346 0.22696691 -0.02005178 1.00000000 1.00000000 1.00000000
v 0.04737505 0.24845572 -0.01993011 1.00000000 1.00000000 1.00000000
v -0.06090744 0.33945774 -0.02005178 1.00000000 1.00000000 1.00000000
v -0.03691066 0.40996224 -0.02005178 1.00000000 1.00000000 1.00000000
v -0.22176442 0.29056135 -0.01947806 1.00000000 1.00000000 1.00000000
v 0.07549814 0.39355707 -0.02005178 1.00000000 1.00000000 1.00000000
v -0.15308344 0.03025454 -0.02005178 1.00000000 1.00000000 1.00000000
v 0.19949608 0.17605043 -0.02005178 1.00000000 1.00000000 1.00000000
v -0.05847665 0.49429913 -0.02005178 1.00000000 1.00000000 1.00000000
v 0.24229747 0.17543483 -0.01680706 1.00000000 1.00000000 1.00000000
v -0.16934567 0.26247140 -0.02005178 1.00000000 1.00000000 1.00000000
v -0.09747663 0.36234722 -0.02005178 1.00000000 1.00000000 1.00000000
v -0.13452769 0.01189244 -0.02005178 1.00000000 1.00000000 1.00000000
v -0.09085713 0.37677074 -0.02005178 1.00000000 1.00000000 1.00000000
v -0.15391052 0.18086298 -0.02005178 1.00000000 1.00000000 1.00000000
v 0.12280265 0.36542129 -0.02005178 1.00000000 1.00000000 1.00000000
v 0.09103447 0.10086193 -0.02005178 1.00000000 1.00000000 1.00000000
v 0.16874112 0.07189196 -0.02005178 1.00000000 1.00000000 1.00000000
v -0.16944707 0.24823660 -0.02005178 1.00000000 1.00000000 1.00000000
v 0.24998124 0.23537738 -0.01190240 1.00000000 1.00000000 1.00000000
v 0.22839595 0.10638780 -0.01985602 1.00000000 1.00000000 1.00000000
v 0.04585986 0.43978624 -0.02005178 1.00000000 1.00000000 1.00000000
v -0.03690802 0.18486874 -0.01569088 1.00000000 1.00000000 1.00000000
v -0.10180552 0.42963458 -0.02005178 1.00000000 1.00000000 1.00000000
v 0.11478299 0.26142876 -0.02005178 1.00000000 1.00000000 1.00000000
v 0.03696940 0.17695690 -0.01512909 1.00000000 1.00000000 1.00000000
v 0.10476978 0.03021136 -0.02005178 1.00000000 1.00000000 1.00000000
v 0.09312478 0.34821640 -0.02005178 1.00000000 1.00000000 1.00000000
v -0.12189725 0.21437129 -0.02005178 1.00000000 1.00000000 1.00000000
v 0.23423655 0.45734004 -0.01172374 1.00000000 1.00000000 1.00000000
v -0.02253720 0.41303475 -0.02005178 1.00000000 1.00000000 1.00000000
v 0.02260523 0.49104674 -0.02005178 1.00000000 1.00000000 1.00000000
v -0.22208364 0.17556621 -0.01998767 1.00000000 1.00000000 1.00000000
v 0.15544364 0.12279476 -0.02005178 1.00000000 1.00000000 1.00000000
v -0.19665655 0.17786240 -0.02005178 1.00000000 1.00000000 1.00000000
v -0.01139550 0.40155701 -0.02005178 1.00000000 1.00000000 1.00000000
v -0.22898810 0.02342850 -0.02001154 1.00000000 1.00000000 1.00000000
v -0.05651186 0.35614792 -0.02005178 1.00000000 1.00000000 1.00000000
v -0.20656059 0.08218329 -0.02005178 1.00000000 1.00000000 1.00000000
v 0.21596161 0.43508830 -0.01878760 1.00000000 1.00000000 1.00000000
v -0.08849921 0.42869021 -0.02005178 1.00000000 1.00000000 1.00000000
v -0.17923734 0.49230154 -0.02005178 1.00000000 1.00000000 1.00000000
v 0.13457130 0.24277384 -0.02005178 1.00000000 1.00000000 1.00000000
v 0.15705381 0.25997730 -0.02005178 1.00000000 1.00000000 1.00000000
v 0.19226487 0.25996521 -0.02005178 1.00000000 1.00000000 1.00000000
v 0.01097785 0.39595624 -0.02005178 1.00000000 1.00000000 1.00000000
v -0.08037708 0.07784354 -0.01987699 1.00000000 1.00000000 1.00000000
v 0.21069895 0.47809709 -0.01906698 1.00000000 1.00000000 1.00000000
v -0.25204863 0.27868491 -0.00802261 1.00000000 1.00000000 1.00000000
v -0.02800879 0.27403089 -0.01798309 1.00000000 1.00000000 1.00000000
v 0.12877780 0.07940000 -0.02005178 1.00000000 1.00000000 1.00000000
v 0.20173298 0.24753152 -0.02005178 1.00000000 1.00000000 1.00000000
v -0.02728705 0.23450625 -0.01565556 1.00000000 1.00000000 1.00000000
v -0.17625135 0.47784285 -0.02005178 1.00000000 1.00000000 1.00000000
v 0.17088275 0.19980267 -0.02005178 1.00000000 1.00000000 1.00000000
v -0.23729993 0.26809408 -0.01660103 1.00000000 1.00000000 1.00000000
v -0.08750707 0.13615935 -0.02005178 1.00000000 1.00000000 1.00000000
v 0.02294645 0.44175230 -0.02005178 1.00000000 1.00000000 1.00000000
v 0.17017495 0.50548644 -0.02005178 1.00000000 1.00000000 1.00000000
v -0.18181213 0.19565494 -0.02005178 1.00000000 1.00000000 1.00000000
v 0.23080499 0.28219573 -0.01807698 1.00000000 1.00000000 1.00000000
v 0.06045942 0.26867340 -0.02005178 1.00000000 1.00000000 1.00000000
v -0.26102865 0.13630106 -0.00750915 1.00000000 1.00000000 1.00000000
v 0.01438227 0.48006028 -0.02005178 1.00000000 1.00000000 1.00000000
v 0.13545169 0.33873895 -0.02005178 1.00000000 1.00000000 1.00000000
v -0.24368826 0.35718785 -0.01056332 1.00000000 1.00000000 1.00000000
v 0.09320521 0.35885233 -0.02005178 1.00000000 1.00000000 1.00000000
v 0.24982406 0.03060538 -0.01673545 1.00000000 1.00000000 1.00000000
v 0.09007586 0.16741917 -0.02005178 1.00000000 1.00000000 1.00000000
v -0.11551715 0.32253481 -0.02005178 1.00000000 1.00000000 1.00000000
v 0.24760392 0.12797614 -0.01592464 1.00000000 1.00000000 1.00000000
v 0.05585089 0.44529903 -0.02005178 1.00000000 1.00000000 1.00000000
v 0.21874608 0.49559770 -0.01702105 1.00000000 1.00000000 1.00000000
v 0.26367728 0.07649804 -0.00792654 1.00000000 1.00000000 1.00000000
v 0.08217711 0.09278238 -0.02004767 1.00000000 1.00000000 1.00000000
v 0.23725761 0.36372778 -0.01405895 1.00000000 1.00000000 1.00000000
v 0.08920964 0.24719640 -0.02005178 1.00000000 1.00000000 1.00000000
v 0.08437315 0.23247133 -0.02005178 1.00000000 1.00000000 1.00000000
v 0.10295869 0.13470516 -0.02005178 1.00000000 1.00000000 1.00000000
v 0.03407046 0.24323946 -0.01806624 1.00000000 1.00000000 1.00000000
v -0.07399818 0.33194352 -0.02005178 1.00000000 1.00000000 1.00000000
v 0.05657596 0.48918453 -0.02005178 1.00000000 1.00000000 1.00000000
v 0.07457916 0.37894543 -0.02005178 1.00000000 1.00000000 1.00000000
v 0.19038326 0.35845710 -0.02005178 1.00000000 1.00000000 1.00000000
v 0.00406716 0.33456678 -0.02003629 1.00000000 1.00000000 1.00000000
v 0.23533414 0.31376999 -0.01624159 1.00000000 1.00000000 1.00000000
v 0.17104304 0.39569195 -0.02005178 1.00000000 1.00000000 1.00000000
v 0.05175805 0.18337486 -0.01917216 1.00000000 1.00000000 1.00000000
v 0.19839676 0.05200370 -0.02005178 1.00000000 1.00000000 1.00000000
v -0.05879948 0.07992314 -0.01590313 1.00000000 1.00000000 1.00000000
v -0.23051874 0.04831586 -0.01989704 1.00000000 1.00000000 1.00000000
v -0.22029795 0.08778067 -0.02005178 1.00000000 1.00000000 1.00000000
v -0.19512772 0.19164847 -0.02005178 1.00000000 1.00000000 1.00000000
v 0.23939617 0.42094232 -0.01014298 1.00000000 1.00000000 1.00000000
v -0.16237542 0.23642155 -0.02005178 1.00000000 1.00000000 1.00000000
v -0.23651945 0.23538432 -0.01742553 1.00000000 1.00000000 1.00000000
v -0.20419106 0.50809690 -0.01956643 1.00000000 1.00000000 1.00000000
v 0.14117348 0.29207754 -0.02005178 1.00000000 1.00000000 1.00000000
v 0.24349555 0.11338974 -0.01741666 1.00000000 1.00000000 1.00000000
v 0.21214649 0.01267353 -0.02005178 1.00000000 1.00000000 1.00000000
v 0.04093316 0.10932892 -0.00972370 1.00000000 1.00000000 1.00000000
v 0.20136701 0.42814812 -0.02005177 1.00000000 1.00000000 1.00000000
v -0.16694006 0.17661488 -0.02005178 1.00000000 1.00000000 1.00000000
v -0.08566203 0.12275844 -0.02005178 1.00000000 1.00000000 1.00000000
v -0.21293064 0.46736688 -0.01885498 1.00000000 1.00000000 1.00000000
v -0.11505709 0.12426101 -0.02005178 1.00000000 1.00000000 1.00000000
v -0.20622579 0.01810612 -0.02005178 1.00000000 1.00000000 1.00000000
v 0.10260271 -0.00249618 -0.02004670 1.00000000 1.00000000 1.00000000
v -0.18955333 0.11213789 -0.02005178 1.00000000 1.00000000 1.00000000
v 0.25455818 0.17331641 -0.01133085 1.00000000 1.00000000 1.00000000
v -0.24153959 0.38634296 -0.01054678 1.00000000 1.00000000 1.00000000
v 0.11691148 0.34231112 -0.02005178 1.00000000 1.00000000 1.00000000
v 0.21136947 0.05088003 -0.02005178 1.00000000 1.00000000 1.00000000
v -0.01995324 0.21207866 -0.00923758 1.00000000 1.00000000 1.00000000
v 0.10356791 0.47534918 -0.02005178 1.00000000 1.00000000 1.00000000
v 0.22890055 0.17443281 -0.01948808 1.00000000 1.00000000 1.00000000
v 0.22223063 0.21285590 -0.01987156 1.00000000 1.00000000 1.00000000
v 0.08476281 0.14972873 -0.02005178 1.00000000 1.00000000 1.00000000
v -0.15917091 -0.01733720 -0.02005178 1.00000000 1.00000000 1.00000000
v 0.07232263 0.20533836 -0.02005178 1.00000000 1.00000000 1.00000000
v -0.15199526 0.21377552 -0.02005178 1.00000000 1.00000000 1.00000000
v -0.23062782 0.47490716 -0.01299263 1.00000000 1.00000000 1.00000000
v 0.23428742 0.51599277 -0.00755442 1.00000000 1.00000000 1.00000000
v 0.25116207 0.26187431 -0.00986167 1.00000000 1.00000000 1.00000000
v 0.06521699 -0.00021502 -0.01044998 1.00000000 1.00000000 1.00000000
v 0.06412656 0.42108965 -0.02005178 1.00000000 1.00000000 1.00000000
v -0.02256421 0.45380996 -0.02005178 1.00000000 1.00000000 1.00000000
v -0.14925612 0.42251423 -0.02005178 1.00000000 1.00000000 1.00000000
v -0.12805597 0.17515877 -0.02005178 1.00000000 1.00000000 1.00000000
v 0.21651392 0.40305679 -0.01910193 1.00000000 1.00000000 1.00000000
v -0.22538511 0.45877901 -0.01588259 1.00000000 1.00000000 1.00000000
v 0.21193567 0.37833446 -0.01980813 1.00000000 1.00000000 1.00000000
v -0.09524505 0.00425108 -0.01981047 1.00000000 1.00000000 1.00000000
v -0.20025760 0.30688847 -0.02005178 1.00000000 1.00000000 1.00000000
v 0.07001266 0.23466873 -0.02005178 1.00000000 1.00000000 1.00000000
v 0.11251126 0.40752691 -0.02005178 1.00000000 1.00000000 1.00000000
v 0.09602416 0.08649271 -0.02005178 1.00000000 1.00000000 1.00000000
v -0.07041544 0.21795945 -0.02005178 1.00000000 1.00000000 1.00000000
v -0.05114400 0.29810286 -0.02005178 1.00000000 1.00000000 1.00000000
v 0.05577329 0.37661737 -0.02005178 1.00000000 1.00000000 1.00000000
v 0.16586672 0.35238224 -0.02005178 1.00000000 1.00000000 1.00000000
v 0.09178495 0.19147960 -0.02005178 1.00000000 1.00000000 1.00000000
v 0.13839058 -0.01364115 -0.02005178 1.00000000 1.00000000 1.00000000
v 0.22685390 0.09146938 -0.01997637 1.00000000 1.00000000 1.00000000
v 0.09630540 0.15529351 -0.02005178 1.00000000 1.00000000 1.00000000
v 0.04933576 0.41383363 -0.02005178 1.00000000 1.00000000 1.00000000
v 0.08392369 0.01508445 -0.01873676 1.00000000 1.00000000 1.00000000
v -0.17271739 0.15180326 -0.02005178 1.00000000 1.00000000 1.00000000
v 0.17786882 0.45416430 -0.02005178 1.00000000 1.00000000 1.00000000
v -0.11702138 0.13594654 -0.02005178 1.00000000 1.00000000 1.00000000
v 0.11551383 0.02652191 -0.02005178 1.00000000 1.00000000 1.00000000
v 0.06449557 0.10014860 -0.01850602 1.00000000 1.00000000 1.00000000
v -0.07938342 0.26070351 -0.02005178 1.00000000 1.00000000 1.00000000
v 0.08857597 0.39654053 -0.02005178 1.00000000 1.00000000 1.00000000
v 0.17836022 0.33024726 -0.02005178 1.00000000 1.00000000 1.00000000
v 0.14238536 0.44679398 -0.02005178 1.00000000 1.00000000 1.00000000
v -0.01246486 0.36720039 -0.02005178 1.00000000 1.00000000 1.00000000
v -0.06578300 0.25109109 -0.02005178 1.00000000 1.00000000 1.00000000
v 0.02486572 0.39073846 -0.02005178 1.00000000 1.00000000 1.00000000
v -0.03461561 0.15325043 -0.01159182 1.00000000 1.00000000 1.00000000
v 0.25723519 0.06789179 -0.01301710 1.00000000 1.00000000 1.00000000
v 0.04480159 0.33716313 -0.02005178 1.00000000 1.00000000 1.00000000
v 0.09710331 0.29819406 -0.02005178 1.00000000 1.00000000 1.00000000
v -0.25935529 0.09660030 -0.01083239 1.00000000 1.00000000 1.00000000
v -0.20821109 0.21788933 -0.02005178 1.00000000 1.00000000 1.00000000
v 0.11106673 0.23090015 -0.02005178 1.00000000 1.00000000 1.00000000
v -0.19030319 0.04365140 -0.02005178 1.00000000 1.00000000 1.00000000
v 0.00486379 0.42382458 -0.02005178 1.00000000 1.00000000 1.00000000
v -0.03301413 0.47329883 -0.02005178 1.00000000 1.00000000 1.00000000
v 0.21009333 0.27861223 -0.02005178 1.00000000 1.00000000 1.00000000
v -0.10595259 0.24583948 -0.02005178 1.00000000 1.00000000 1.00000000
v 0.16086000 0.38237152 -0.02005178 1.00000000 1.00000000 1.00000000
v 0.03969046 0.48183711 -0.02005178 1.00000000 1.00000000 1.00000000
v -0.06347921 0.03051893 -0.01345840 1.00000000 1.00000000 1.00000000
v 0.17181460 0.00659010 -0.02005178 1.00000000 1.00000000 1.00000000
v 0.21946317 0.45244989 -0.01778034 1.00000000 1.00000000 1.00000000
v 0.26351629 -0.00007055 -0.01098290 1.00000000 1.00000000 1.00000000
v 0.12558396 0.06400840 -0.02005178 1.00000000 1.00000000 1.00000000
v -0.21638544 0.19797421 -0.02005178 1.00000000 1.00000000 1.00000000
v 0.16044953 0.41949609 -0.02005178 1.00000000 1.00000000 1.00000000
v -0.04034593 0.44357594 -0.02005178 1.00000000 1.00000000 1.00000000
v -0.21940275 0.11467292 -0.02005178 1.00000000 1.00000000 1.00000000
v -0.18954484 0.29706689 -0.02005178 1.00000000 1.00000000 1.00000000
v -0.09184266 0.33464421 -0.02005178 1.00000000 1.00000000 1.00000000
v 0.21988820 0.07486392 -0.02005178 1.00000000 1.00000000 1.00000000
v -0.15862067 0.07999863 -0.02005178 1.00000000 1.00000000 1.00000000
v -0.18953758 0.50539902 -0.02005178 1.00000000 1.00000000 1.00000000
v -0.12805335 0.23766195 -0.02005178 1.00000000 1.00000000 1.00000000
v 0.13371539 0.14082258 -0.02005178 1.00000000 1.00000000 1.00000000
v 0.12172531 0.11061019 -0.02005178 1.00000000 1.00000000 1.00000000
v 0.03375424 0.13999345 -0.00891848 1.00000000 1.00000000 1.00000000
v -0.24697637 -0.00879990 -0.01793473 1.00000000 1.00000000 1.00000000
v -0.08788307 -0.01365192 -0.01828980 1.00000000 1.00000000 1.00000000
v 0.18279978 0.22180871 -0.02005178 1.00000000 1.00000000 1.00000000
v 0.18114655 0.04714880 -0.02005178 1.00000000 1.00000000 1.00000000
v -0.22197179 0.26312779 -0.01964476 1.00000000 1.00000000 1.00000000
v -0.10651865 0.25702201 -0.02005178 1.00000000 1.00000000 1.00000000
v 0.04521704 0.31141891 -0.02005178 1.00000000 1.00000000 1.00000000
v 0.24869142 0.01031559 -0.01731017 1.00000000 1.00000000 1.00000000
v 0.06516830 0.45306685 -0.02005178 1.00000000 1.00000000 1.00000000
v 0.12343078 -0.01468790 -0.02005178 1.00000000 1.00000000 1.00000000
v 0.11306679 0.28341979 -0.02005178 1.00000000 1.00000000 1.00000000
v -0.11394604 0.04186341 -0.02005178 1.00000000 1.00000000 1.00000000
v 0.24948185 -0.00194693 -0.01723242 1.00000000 1.00000000 1.00000000
v 0.00000097 0.43690315 -0.02005178 1.00000000 1.00000000 1.00000000
v -0.19432957 0.28126922 -0.02005178 1.00000000 1.00000000 1.00000000
v 0.02533425 0.29623202 -0.01827096 1.00000000 1.00000000 1.00000000
v 0.05220650 0.42719479 -0.02005178 1.00000000 1.00000000 1.00000000
v 0.09742880 0.44504702 -0.02005178 1.00000000 1.00000000 1.00000000
v -0.16367364 0.02203261 -0.02005178 1.00000000 1.00000000 1.00000000
v -0.19249914 0.35500763 -0.02005178 1.00000000 1.00000000 1.00000000
v 0.06261166 0.43412299 -0.02005178 1.00000000 1.00000000 1.00000000
v -0.25214364 0.28620421 -0.00736089 1.00000000 1.00000000 1.00000000
v -0.22338804 0.30457036 -0.01914814 1.00000000 1.00000000 1.00000000
v 0.03032798 0.28569593 -0.01884551 1.00000000 1.00000000 1.00000000
v -0.17378853 0.45166991 -0.02005178 1.00000000 1.00000000 1.00000000
v 0.13731428 0.05635041 -0.02005178 1.00000000 1.00000000 1.00000000
v 0.06950607 0.08992543 -0.01899786 1.00000000 1.00000000 1.00000000
v 0.15135713 0.01663609 -0.02005178 1.00000000 1.00000000 1.00000000
v -0.11267658 0.17341924 -0.02005178 1.00000000 1.00000000 1.00000000
v -0.15126369 0.46493043 -0.02005178 1.00000000 1.00000000 1.00000000
v 0.18725239 0.07361867 -0.02005178 1.00000000 1.00000000 1.00000000
v 0.11639382 0.13618135 -0.02005178 1.00000000 1.00000000 1.00000000
v -0.07306469 0.44883732 -0.02005178 1.00000000 1.00000000 1.00000000
v -0.05532916 0.05144597 -0.01137086 1.00000000 1.00000000 1.00000000
v -0.04656299 0.34129578 -0.02005178 1.00000000 1.00000000 1.00000000
v -0.02435789 0.44129707 -0.02005178 1.00000000 1.00000000 1.00000000
v 0.03836204 0.12528225 -0.01027137 1.00000000 1.00000000 1.00000000
v -0.19948982 0.37922660 -0.02005178 1.00000000 1.00000000 1.00000000
v 0.14552318 0.26606319 -0.02005178 1.00000000 1.00000000 1.00000000
v -0.07843294 0.50112739 -0.02005178 1.00000000 1.00000000 1.00000000
v 0.16824350 0.16920356 -0.02005178 1.00000000 1.00000000 1.00000000
v 0.19502253 0.32537286 -0.02005178 1.00000000 1.00000000 1.00000000
v -0.11462370 -0.01103935 -0.02005178 1.00000000 1.00000000 1.00000000
v -0.14523193 0.07467421 -0.02005178 1.00000000 1.00000000 1.00000000
v -0.22979071 0.35209994 -0.01710786 1.00000000 1.00000000 1.00000000
v -0.01045558 0.29862432 -0.01375828 1.00000000 1.00000000 1.00000000
v 0.09431237 0.31415965 -0.02005178 1.00000000 1.00000000 1.00000000
v 0.06691909 -0.02321923 -0.00736567 1.00000000 1.00000000 1.00000000
v -0.07525948 0.10636444 -0.01992411 1.00000000 1.00000000 1.00000000
v 0.17280762 0.37244616 -0.02005178 1.00000000 1.00000000 1.00000000
v 0.10041622 0.49257757 -0.02005178 1.00000000 1.00000000 1.00000000
v 0.09018451 0.21833554 -0.02005178 1.00000000 1.00000000 1.00000000
v 0.12027202 0.20155435 -0.02005178 1.00000000 1.00000000 1.00000000
v 0.17571630 0.11859987 -0.02005178 1.00000000 1.00000000 1.00000000
v -0.15800081 0.11138819 -0.02005178 1.00000000 1.00000000 1.00000000
v -0.23687615 0.44456612 -0.01062522 1.00000000 1.00000000 1.00000000
v 0.21781689 0.19670665 -0.02005080 1.00000000 1.00000000 1.00000000
v 0.23813984 0.22224483 -0.01720770 1.00000000 1.00000000 1.00000000
v -0.23710711 0.20234288 -0.01778466 1.00000000 1.00000000 1.00000000
v 0.10210199 0.39883109 -0.02005178 1.00000000 1.00000000 1.00000000
v 0.25140425 0.30928140 -0.00630753 1.00000000 1.00000000 1.00000000
v -0.16136178 0.29445659 -0.02005178 1.00000000 1.00000000 1.00000000
v -0.04039338 0.25389179 -0.01943891 1.00000000 1.00000000 1.00000000
v -0.18467012 -0.01264934 -0.02005178 1.00000000 1.00000000 1.00000000
v 0.19772747 0.19620874 -0.02005178 1.00000000 1.00000000 1.00000000
v 0.14983680 -0.01593371 -0.02005178 1.00000000 1.00000000 1.00000000
v -0.14178416 0.17157967 -0.02005178 1.00000000 1.00000000 1.00000000
v 0.09708604 0.32838215 -0.02005178 1.00000000 1.00000000 1.00000000
v -0.14851260 0.49115900 -0.02005178 1.00000000 1.00000000 1.00000000
v -0.16305178 0.37560576 -0.02005178 1.00000000 1.00000000 1.00000000
v 0.04193647 0.36335290 -0.02005178 1.00000000 1.00000000 1.00000000
v 0.02723899 0.18365245 -0.01066007 1.00000000 1.00000000 1.00000000
v 0.20922550 0.21999216 -0.02005178 1.00000000 1.00000000 1.00000000
v -0.12382732 0.34063598 -0.02005178 1.00000000 1.00000000 1.00000000
v -0.14321080 0.26552382 -0.02005178 1.00000000 1.00000000 1.00000000
v 0.18201991 0.03268815 -0.02005178 1.00000000 1.00000000 1.00000000
v -0.07910273 0.16276416 -0.02005178 1.00000000 1.00000000 1.00000000
v -0.14961718 0.32794371 -0.02005178 1.00000000 1.00000000 1.00000000
v 0.11214785 0.33236335 -0.02005178 1.00000000 1.00000000 1.00000000
v -0.16311839 0.05369981 -0.02005178 1.00000000 1.00000000 1.00000000
v 0.14989072 0.40959581 -0.02005178 1.00000000 1.00000000 1.00000000
v 0.08622397 0.32641285 -0.02005178 1.00000000 1.00000000 1.00000000
v -0.22379638 0.48371612 -0.01570737 1.00000000 1.00000000 1.00000000
v 0.16414066 0.24859193 -0.02005178 1.00000000 1.00000000 1.00000000
v 0.13273866 0.23119683 -0.02005178 1.00000000 1.00000000 1.00000000
v -0.13127558 0.14144861 -0.02005178 1.00000000 1.00000000 1.00000000
v 0.07952203 0.10792203 -0.02005096 1.00000000 1.00000000 1.00000000
v -0.20676608 0.47944603 -0.01955266 1.00000000 1.00000000 1.00000000
v 0.24673505 0.16452281 -0.01551588 1.00000000 1.00000000 1.00000000
v -0.18716798 0.00675638 -0.02005178 1.00000000 1.00000000 1.00000000
v -0.14710151 0.05296907 -0.02005178 1.00000000 1.00000000 1.00000000
v -0.06414453 0.31062170 -0.02005178 1.00000000 1.00000000 1.00000000
v -0.09518335 0.19825261 -0.02005178 1.00000000 1.00000000 1.00000000
v 0.12885968 0.43257010 -0.02005178 1.00000000 1.00000000 1.00000000
v 0.17876025 0.23165236 -0.02005178 1.00000000 1.00000000 1.00000000
v 0.17654132 0.35935150 -0.02005178 1.00000000 1.00000000 1.00000000
v 0.10812995 0.30811910 -0.02005178 1.00000000 1.00000000 1.00000000
v -0.04954930 0.07091095 -0.01020540 1.00000000 1.00000000 1.00000000
v -0.24753144 0.26096185 -0.01240332 1.00000000 1.00000000 1.00000000
v -0.06806022 0.18641018 -0.02005178 1.00000000 1.00000000 1.00000000
v -0.11652996 0.28502459 -0.02005178 1.00000000 1.00000000 1.00000000
v -0.08107853 0.31878251 -0.02005178 1.00000000 1.00000000 1.00000000
v -0.24087231 0.15257454 -0.01755663 1.00000000 1.00000000 1.00000000
v -0.08507565 0.49594375 -0.02005178 1.00000000 1.00000000 1.00000000
v -0.19214330 0.07640639 -0.02005178 1.00000000 1.00000000 1.00000000
v 0.08518293 0.47716697 -0.02005178 1.00000000 1.00000000 1.00000000
v -0.26284841 0.00702259 -0.01124367 1.00000000 1.00000000 1.00000000
v -0.26734702 -0.01119084 -0.00810350 1.00000000 1.00000000 1.00000000
v 0.20573067 0.16480961 -0.02005178 1.00000000 1.00000000 1.00000000
v 0.00924933 0.28454646 -0.01133175 1.00000000 1.00000000 1.00000000
v 0.10799950 0.01378543 -0.02005178 1.00000000 1.00000000 1.00000000
v 0.19782247 0.06517587 -0.02005178 1.00000000 1.00000000 1.00000000
v 0.13922267 0.48883888 -0.02005178 1.00000000 1.00000000 1.00000000
v -0.23558402 0.46604182 -0.01027641 1.00000000 1.00000000 1.00000000
v 0.05632381 0.34107912 -0.02005178 1.00000000 1.00000000 1.00000000
v 0.24323803 0.01995514 -0.01847730 1.00000000 1.00000000 1.00000000
v 0.05537297 0.05124942 -0.01137206 1.00000000 1.00000000 1.00000000
v -0.19541011 0.09875756 -0.02005178 1.00000000 1.00000000 1.00000000
v 0.25317922 0.10637506 -0.01411025 1.00000000 1.00000000 1.00000000
v -0.22779685 0.03562763 -0.02002853 1.00000000 1.00000000 1.00000000
v -0.18495736 0.24387556 -0.02005178 1.00000000 1.00000000 1.00000000
v 0.21511939 0.08976443 -0.02005178 1.00000000 1.00000000 1.00000000
v 0.22579621 0.34537028 -0.01821215 1.00000000 1.00000000 1.00000000
v 0.23873530 0.26045826 -0.01629955 1.00000000 1.00000000 1.00000000
v 0.07342757 0.05217507 -0.01827313 1.00000000 1.00000000 1.00000000
v 0.13985263 0.03271040 -0.02005178 1.00000000 1.00000000 1.00000000
v -0.10175921 0.14365745 -0.02005178 1.00000000 1.00000000 1.00000000
v 0.14958769 0.24864887 -0.02005178 1.00000000 1.00000000 1.00000000
v 0.17814750 0.15790545 -0.02005178 1.00000000 1.00000000 1.00000000
v 0.12164484 0.23498137 -0.02005178 1.00000000 1.00000000 1.00000000
v -0.03719654 0.45696348 -0.02005178 1.00000000 1.00000000 1.00000000
v -0.19396667 -0.01415476 -0.02005178 1.00000000 1.00000000 1.00000000
v -0.16377361 0.09412421 -0.02005178 1.00000000 1.00000000 1.00000000
v -0.14033708 0.21582188 -0.02005178 1.00000000 1.00000000 1.00000000
v -0.10141352 0.41633627 -0.02005178 1.00000000 1.00000000 1.00000000
v -0.21968358 0.15861769 -0.02005171 1.00000000 1.00000000 1.00000000
v 0.20436561 0.30141442 -0.02005178 1.00000000 1.00000000 1.00000000
v -0.10837329 0.18874877 -0.02005178 1.00000000 1.00000000 1.00000000
v -0.11992976 0.44864556 -0.02005178 1.00000000 1.00000000 1.00000000
v 0.10151720 0.07266646 -0.02005178 1.00000000 1.00000000 1.00000000
v -0.22425675 0.24533003 -0.01952954 1.00000000 1.00000000 1.00000000
v -0.21285100 0.00440752 -0.02005178 1.00000000 1.00000000 1.00000000
v 0.19199453 0.04098361 -0.02005178 1.00000000 1.00000000 1.00000000
v -0.05155848 0.24654113 -0.02004638 1.00000000 1.00000000 1.00000000
v 0.02493263 0.34621738 -0.02005178 1.00000000 1.00000000 1.00000000
v 0.00353442 0.40734349 -0.02005178 1.00000000 1.00000000 1.00000000
v 0.11580471 -0.00633757 -0.02005178 1.00000000 1.00000000 1.00000000
v 0.18822059 0.08614282 -0.02005178 1.00000000 1.00000000 1.00000000
v -0.15445251 0.06510323 -0.02005178 1.00000000 1.00000000 1.00000000
v -0.09118846 0.48066115 -0.02005178 1.00000000 1.00000000 1.00000000
v -0.09029923 0.01633920 -0.01962054 1.00000000 1.00000000 1.00000000
v -0.10800072 0.45119899 -0.02005178 1.00000000 1.00000000 1.00000000
v 0.12348701 0.39903556 -0.02005178 1.00000000 1.00000000 1.00000000
v 0.13738327 0.00053062 -0.02005178 1.00000000 1.00000000 1.00000000
v 0.15482327 0.14463327 -0.02005178 1.00000000 1.00000000 1.00000000
v -0.17375040 0.04280711 -0.02005178 1.00000000 1.00000000 1.00000000
v 0.19993817 -0.00643724 -0.02005178 1.00000000 1.00000000 1.00000000
v -0.03488024 0.38616578 -0.02005178 1.00000000 1.00000000 1.00000000
v -0.09750339 -0.02139374 -0.01950412 1.00000000 1.00000000 1.00000000
v -0.08571933 0.24158295 -0.02005178 1.00000000 1.00000000 1.00000000
v 0.09722345 0.04023226 -0.02005178 1.00000000 1.00000000 1.00000000
v -0.13432475 0.32631998 -0.02005178 1.00000000 1.00000000 1.00000000
v 0.19639337 0.02886505 -0.02005178 1.00000000 1.00000000 1.00000000
v 0.20803628 0.34350536 -0.02005135 1.00000000 1.00000000 1.00000000
v 0.14724596 0.16834328 -0.02005178 1.00000000 1.00000000 1.00000000
v 0.14721347 0.13643157 -0.02005178 1.00000000 1.00000000 1.00000000
v -0.15881013 0.15338727 -0.02005178 1.00000000 1.00000000 1.00000000
v 0.09784045 0.01626925 -0.02003831 1.00000000 1.00000000 1.00000000
v -0.17751276 0.27687567 -0.02005178 1.00000000 1.00000000 1.00000000
v -0.06320831 0.19724561 -0.02005178 1.00000000 1.00000000 1.00000000
v 0.17411539 0.30097463 -0.02005178 1.00000000 1.00000000 1.00000000
v -0.05444672 0.25868466 -0.02005178 1.00000000 1.00000000 1.00000000
v 0.19880154 0.22691642 -0.02005178 1.00000000 1.00000000 1.00000000
v -0.09626475 0.10114403 -0.02005178 1.00000000 1.00000000 1.00000000
v -0.13844439 0.40427881 -0.02005178 1.00000000 1.00000000 1.00000000
v 0.16021124 0.29219997 -0.02005178 1.00000000 1.00000000 1.00000000
v -0.15360632 0.01595501 -0.02005178 1.00000000 1.00000000 1.00000000
v 0.07658977 -0.01930430 -0.01446318 1.00000000 1.00000000 1.00000000
v 0.22251401 0.00584705 -0.02005178 1.00000000 1.00000000 1.00000000
v 0.09038433 0.00336111 -0.01931480 1.00000000 1.00000000 1.00000000
v 0.01568777 0.46837577 -0.02005178 1.00000000 1.00000000 1.00000000
v -0.20866714 0.23524128 -0.02005178 1.00000000 1.00000000 1.00000000
v 0.24427344 0.08793489 -0.01754575 1.00000000 1.00000000 1.00000000
v -0.14062251 0.48152657 -0.02005178 1.00000000 1.00000000 1.00000000
v 0.10249503 -0.01782154 -0.01994769 1.00000000 1.00000000 1.00000000
v 0.06726898 -0.01147581 -0.01011871 1.00000000 1.00000000 1.00000000
v 0.24014347 0.04080260 -0.01887159 1.00000000 1.00000000 1.00000000
v 0.02970801 0.36129836 -0.02005178 1.00000000 1.00000000 1.00000000
v -0.24119760 0.01306067 -0.01889585 1.00000000 1.00000000 1.00000000
v -0.05997107 0.23712874 -0.02005178 1.00000000 1.00000000 1.00000000
v 0.01285008 0.24885689 -0.00908692 1.00000000 1.00000000 1.00000000
v 0.09847882 0.12513871 -0.02005178 1.00000000 1.00000000 1.00000000
v -0.01660549 0.27876114 -0.01467087 1.00000000 1.00000000 1.00000000
v 0.11698294 0.12356149 -0.02005178 1.00000000 1.00000000 1.00000000
v 0.25906267 0.05758189 -0.01225045 1.00000000 1.00000000 1.00000000
v 0.11354255 0.39053706 -0.02005178 1.00000000 1.00000000 1.00000000
v 0.02783664 0.37559441 -0.02005178 1.00000000 1.00000000 1.00000000
v 0.01272827 0.38253792 -0.02005178 1.00000000 1.00000000 1.00000000
v 0.16810139 0.22298168 -0.02005178 1.00000000 1.00000000 1.00000000
v 0.16917619 0.04328083 -0.02005178 1.00000000 1.00000000 1.00000000
v -0.07524175 0.27516831 -0.02005178 1.00000000 1.00000000 1.00000000
v 0.06294621 0.21530441 -0.02005178 1.00000000 1.00000000 1.00000000
v -0.15331405 0.25093650 -0.02005178 1.00000000 1.00000000 1.00000000
v 0.07595820 0.17025524 -0.02005178 1.00000000 1.00000000 1.00000000
v 0.15360763 0.09321282 -0.02005178 1.00000000 1.00000000 1.00000000
v -0.07067107 0.35248264 -0.02005178 1.00000000 1.00000000 1.00000000
v -0.23329231 0.41047153 -0.01425282 1.00000000 1.00000000 1.00000000
v -0.09698135 0.18118982 -0.02005178 1.00000000 1.00000000 1.00000000
v 0.23440557 0.47256786 -0.01075227 1.00000000 1.00000000 1.00000000
v 0.20642460 0.03899276 -0.02005178 1.00000000 1.00000000 1.00000000
v -0.09570874 0.50130112 -0.02005178 1.00000000 1.00000000 1.00000000
v 0.05198686 0.45741707 -0.02005178 1.00000000 1.00000000 1.00000000
v -0.17931639 0.09708610 -0.02005178 1.00000000 1.00000000 1.00000000
v -0.10911184 0.08076253 -0.02005178 1.00000000 1.00000000 1.00000000
v -0.20630924 0.29303216 -0.02005178 1.00000000 1.00000000 1.00000000
v 0.11120412 0.49972402 -0.02005178 1.00000000 1.00000000 1.00000000
v 0.18810462 0.39666117 -0.02005178 1.00000000 1.00000000 1.00000000
v 0.04297663 0.46883782 -0.02005178 1.00000000 1.00000000 1.00000000
v 0.12869189 0.38690264 -0.02005178 1.00000000 1.00000000 1.00000000
v 0.12102905 0.09418773 -0.02005178 1.00000000 1.00000000 1.00000000
v 0.23381449 0.18741546 -0.01866180 1.00000000 1.00000000 1.00000000
v -0.15407973 0.38975820 -0.02005178 1.00000000 1.00000000 1.00000000
v 0.20705215 0.11519979 -0.02005178 1.00000000 1.00000000 1.00000000
v -0.15688724 0.26793558 -0.02005178 1.00000000 1.00000000 1.00000000
v 0.13969315 0.15422244 -0.02005178 1.00000000 1.00000000 1.00000000
v -0.04130319 0.48939217 -0.02005178 1.00000000 1.00000000 1.00000000
v 0.18775674 0.43243470 -0.02005178 1.00000000 1.00000000 1.00000000
v -0.16890778 0.06731579 -0.02005178 1.00000000 1.00000000 1.00000000
v 0.19104435 0.41870852 -0.02005178 1.00000000 1.00000000 1.00000000
v -0.10823248 0.11685417 -0.02005178 1.00000000 1.00000000 1.00000000
v -0.07520946 0.17538430 -0.02005178 1.00000000 1.00000000 1.00000000
v 0.20705121 0.50567896 -0.01925195 1.00000000 1.00000000 1.00000000
v -0.19565491 0.40118560 -0.02005178 1.00000000 1.00000000 1.00000000
v 0.10450687 0.09522361 -0.02005178 1.00000000 1.00000000 1.00000000
v -0.09293442 0.47020773 -0.02005178 1.00000000 1.00000000 1.00000000
v -0.17892633 0.37808151 -0.02005178 1.00000000 1.00000000 1.00000000
v -0.09737765 0.11533502 -0.02005178 1.00000000 1.00000000 1.00000000
v 0.23458553 0.33028303 -0.01610323 1.00000000 1.00000000 1.00000000
v 0.05189288 0.47808152 -0.02005178 1.00000000 1.00000000 1.00000000
v -0.21921492 0.50773189 -0.01656752 1.00000000 1.00000000 1.00000000
v -0.13766596 -0.01370076 -0.02005178 1.00000000 1.00000000 1.00000000
v -0.05638847 0.17441918 -0.01952344 1.00000000 1.00000000 1.00000000
v -0.23336431 0.16530152 -0.01895354 1.00000000 1.00000000 1.00000000
v -0.20882213 0.39739032 -0.01991371 1.00000000 1.00000000 1.00000000
v 0.12641980 0.05000372 -0.02005178 1.00000000 1.00000000 1.00000000
v -0.09776217 0.06090421 -0.02005178 1.00000000 1.00000000 1.00000000
v 0.23030264 0.29881531 -0.01793745 1.00000000 1.00000000 1.00000000
v 0.06607634 0.11326213 -0.01920222 1.00000000 1.00000000 1.00000000
v 0.07881419 0.25760738 -0.02005178 1.00000000 1.00000000 1.00000000
v -0.15866168 0.45250783 -0.02005178 1.00000000 1.00000000 1.00000000
v -0.17641848 0.00582127 -0.02005178 1.00000000 1.00000000 1.00000000
v 0.10713963 0.16869400 -0.02005178 1.00000000 1.00000000 1.00000000
v -0.20579034 0.42515874 -0.01995660 1.00000000 1.00000000 1.00000000
v -0.25407080 0.18084310 -0.01136826 1.00000000 1.00000000 1.00000000
v -0.11230426 0.10794818 -0.02005178 1.00000000 1.00000000 1.00000000
v -0.16839475 0.39611751 -0.02005178 1.00000000 1.00000000 1.00000000
v 0.14494474 -0.00774408 -0.02005178 1.00000000 1.00000000 1.00000000
v 0.06503384 0.02795457 -0.01394017 1.00000000 1.00000000 1.00000000
v -0.13314630 0.07544966 -0.02005178 1.00000000 1.00000000 1.00000000
v -0.10468232 0.46848625 -0.02005178 1.00000000 1.00000000 1.00000000
v 0.10002383 0.24104789 -0.02005178 1.00000000 1.00000000 1.00000000
v -0.08695110 0.10853909 -0.02005178 1.00000000 1.00000000 1.00000000
v 0.16230416 0.30836544 -0.02005178 1.00000000 1.00000000 1.00000000
v 0.07603020 0.48319200 -0.02005178 1.00000000 1.00000000 1.00000000
v -0.17810052 0.05486579 -0.02005178 1.00000000 1.00000000 1.00000000
v -0.08412826 0.06423304 -0.01992523 1.00000000 1.00000000 1.00000000
v -0.15734629 0.50268172 -0.02005178 1.00000000 1.00000000 1.00000000
v 0.18459647 0.20689200 -0.02005178 1.00000000 1.00000000 1.00000000
v -0.00188000 0.39072093 -0.02005178 1.00000000 1.00000000 1.00000000
v 0.23273363 0.03085307 -0.01980274 1.00000000 1.00000000 1.00000000
v -0.22567648 0.44111804 -0.01627596 1.00000000 1.00000000 1.00000000
v 0.15927110 -0.00579399 -0.02005178 1.00000000 1.00000000 1.00000000
v -0.23483446 0.08984833 -0.01931422 1.00000000 1.00000000 1.00000000
v 0.07526047 0.28362243 -0.02005178 1.00000000 1.00000000 1.00000000
v 0.20917707 0.13048740 -0.02005178 1.00000000 1.00000000 1.00000000
v 0.07735673 0.46858987 -0.02005178 1.00000000 1.00000000 1.00000000
v -0.12225917 0.09856535 -0.02005178 1.00000000 1.00000000 1.00000000
v 0.19832087 0.28915346 -0.02005178 1.00000000 1.00000000 1.00000000
v -0.13330750 0.41936284 -0.02005178 1.00000000 1.00000000 1.00000000
v 0.15600218 0.15926507 -0.02005178 1.00000000 1.00000000 1.00000000
v -0.22647750 0.01111306 -0.02005178 1.00000000 1.00000000 1.00000000
v -0.08381256 0.18722871 -0.02005178 1.00000000 1.00000000 1.00000000
v 0.04927551 0.17183545 -0.01837241 1.00000000 1.00000000 1.00000000
v -0.11516299 0.26492203 -0.02005178 1.00000000 1.00000000 1.00000000
v -0.24642865 0.00305581 -0.01795028 1.00000000 1.00000000 1.00000000
v -0.10728607 0.16036467 -0.02005178 1.00000000 1.00000000 1.00000000
v 0.21828508 0.18411452 -0.02005164 1.00000000 1.00000000 1.00000000
v 0.19942305 0.10479421 -0.02005178 1.00000000 1.00000000 1.00000000
v -0.16030605 0.22211673 -0.02005178 1.00000000 1.00000000 1.00000000
v -0.08737584 0.44122607 -0.02005178 1.00000000 1.00000000 1.00000000
v -0.14597537 0.00475767 -0.02005178 1.00000000 1.00000000 1.00000000
v -0.22781160 0.00129130 -0.02004959 1.00000000 1.00000000 1.00000000
v 0.01357125 0.43415638 -0.02005178 1.00000000 1.00000000 1.00000000
v -0.04870334 0.19734055 -0.01912562 1.00000000 1.00000000 1.00000000
v 0.12675104 0.28732915 -0.02005178 1.00000000 1.00000000 1.00000000
v 0.18123855 0.27018822 -0.02005178 1.00000000 1.00000000 1.00000000
v -0.01399937 0.26369133 -0.01194435 1.00000000 1.00000000 1.00000000
v 0.02143213 0.30698812 -0.01827900 1.00000000 1.00000000 1.00000000
v -0.07486637 0.02660547 -0.01732209 1.00000000 1.00000000 1.00000000
v 0.11283724 0.05963678 -0.02005178 1.00000000 1.00000000 1.00000000
v 0.15038210 0.50011897 -0.02005178 1.00000000 1.00000000 1.00000000
v -0.06920477 0.48046218 -0.02005178 1.00000000 1.00000000 1.00000000
v 0.23622830 0.14833673 -0.01862266 1.00000000 1.00000000 1.00000000
v -0.23339061 0.36452609 -0.01564630 1.00000000 1.00000000 1.00000000
v -0.09761266 0.23019788 -0.02005178 1.00000000 1.00000000 1.00000000
v -0.25408606 0.12952877 -0.01305709 1.00000000 1.00000000 1.00000000
v 0.02777672 0.16896853 -0.00873605 1.00000000 1.00000000 1.00000000
v -0.05090281 0.43392756 -0.02005178 1.00000000 1.00000000 1.00000000
v -0.01257511 0.48684137 -0.02005178 1.00000000 1.00000000 1.00000000
v 0.19033945 0.44537266 -0.02005178 1.00000000 1.00000000 1.00000000
v -0.08630895 0.41546332 -0.02005178 1.00000000 1.00000000 1.00000000
v 0.23616474 0.00578104 -0.01959762 1.00000000 1.00000000 1.00000000
v -0.05760463 0.32367359 -0.02005178 1.00000000 1.00000000 1.00000000
v 0.18059675 0.28705153 -0.02005178 1.00000000 1.00000000 1.00000000
v -0.20712227 0.35100891 -0.02005178 1.00000000 1.00000000 1.00000000
v -0.13632873 0.10183683 -0.02005178 1.00000000 1.00000000 1.00000000
v 0.24697907 0.15415106 -0.01564024 1.00000000 1.00000000 1.00000000
v -0.22172362 0.05888079 -0.02005178 1.00000000 1.00000000 1.00000000
v -0.03706844 0.49799357 -0.02005178 1.00000000 1.00000000 1.00000000
v 0.11564620 0.18701897 -0.02005178 1.00000000 1.00000000 1.00000000
v -0.24979832 0.08698416 -0.01588394 1.00000000 1.00000000 1.00000000
v 0.20936360 0.20585409 -0.02005178 1.00000000 1.00000000 1.00000000
v 0.02746587 0.47884403 -0.02005178 1.00000000 1.00000000 1.00000000
v 0.18637452 0.18315431 -0.02005178 1.00000000 1.00000000 1.00000000
v -0.11811957 0.30097578 -0.02005178 1.00000000 1.00000000 1.00000000
v 0.17668966 0.42118207 -0.02005178 1.00000000 1.00000000 1.00000000
v -0.10077191 0.12964893 -0.02005178 1.00000000 1.00000000 1.00000000
v 0.11257830 0.44708002 -0.02005178 1.00000000 1.00000000 1.00000000
v 0.14503721 0.38374291 -0.02005178 1.00000000 1.00000000 1.00000000
v -0.03869672 0.13861192 -0.01229006 1.00000000 1.00000000 1.00000000
v -0.12936714 0.49577942 -0.02005178 1.00000000 1.00000000 1.00000000
v -0.04347106 0.42124519 -0.02005178 1.00000000 1.00000000 1.00000000
v 0.01104496 0.29869480 -0.01402618 1.00000000 1.00000000 1.00000000
v -0.17294751 0.20681811 -0.02005178 1.00000000 1.00000000 1.00000000
v 0.15165678 0.42904873 -0.02005178 1.00000000 1.00000000 1.00000000
v -0.07212087 0.13428649 -0.02002244 1.00000000 1.00000000 1.00000000
v 0.21333780 0.25438978 -0.02005178 1.00000000 1.00000000 1.00000000
v -0.12685065 0.26795646 -0.02005178 1.00000000 1.00000000 1.00000000
v -0.23630403 0.21933539 -0.01773107 1.00000000 1.00000000 1.00000000
v 0.14519632 0.18764126 -0.02005178 1.00000000 1.00000000 1.00000000
v 0.08859650 0.45654536 -0.02005178 1.00000000 1.00000000 1.00000000
v -0.02688860 0.25961546 -0.01703140 1.00000000 1.00000000 1.00000000
v -0.25515143 0.15889992 -0.01147455 1.00000000 1.00000000 1.00000000
v 0.10188885 0.36838775 -0.02005178 1.00000000 1.00000000 1.00000000
v 0.11267767 0.48675603 -0.02005178 1.00000000 1.00000000 1.00000000
v -0.15831108 0.43832973 -0.02005178 1.00000000 1.00000000 1.00000000
v 0.19575326 0.34843125 -0.02005178 1.00000000 1.00000000 1.00000000
v -0.06968130 0.04260827 -0.01684326 1.00000000 1.00000000 1.00000000
v -0.20103504 0.06730028 -0.02005178 1.00000000 1.00000000 1.00000000
v -0.12689346 0.03633799 -0.02005178 1.00000000 1.00000000 1.00000000
v 0.12751086 0.46468009 -0.02005178 1.00000000 1.00000000 1.00000000
v 0.03951108 0.40150225 -0.02005178 1.00000000 1.00000000 1.00000000
v 0.24615855 0.32696397 -0.01033736 1.00000000 1.00000000 1.00000000
v 0.02124789 0.21624057 -0.01087359 1.00000000 1.00000000 1.00000000
v 0.11166182 0.08488420 -0.02005178 1.00000000 1.00000000 1.00000000
v 0.26250390 0.10515491 -0.00766919 1.00000000 1.00000000 1.00000000
v -0.19550659 0.20742523 -0.02005178 1.00000000 1.00000000 1.00000000
v -0.20794428 0.41065442 -0.01990542 1.00000000 1.00000000 1.00000000
v -0.18468728 0.22342308 -0.02005178 1.00000000 1.00000000 1.00000000
v -0.12790168 0.37390347 -0.02005178 1.00000000 1.00000000 1.00000000
v 0.24469562 0.05991074 -0.01777278 1.00000000 1.00000000 1.00000000
v -0.18598253 0.31270683 -0.02005178 1.00000000 1.00000000 1.00000000
v -0.03404464 0.42953210 -0.02005178 1.00000000 1.00000000 1.00000000
v 0.24454760 0.27426486 -0.01355248 1.00000000 1.00000000 1.00000000
v -0.14766632 -0.01678957 -0.02005178 1.00000000 1.00000000 1.00000000
v 0.09121246 0.02646567 -0.01986594 1.00000000 1.00000000 1.00000000
v 0.13516015 0.30848259 -0.02005178 1.00000000 1.00000000 1.00000000
v 0.05688775 0.02231365 -0.00736331 1.00000000 1.00000000 1.00000000
v -0.23544537 0.06583751 -0.01938260 1.00000000 1.00000000 1.00000000
v 0.12841734 0.12920351 -0.02005178 1.00000000 1.00000000 1.00000000
v 0.15648435 0.17884621 -0.02005178 1.00000000 1.00000000 1.00000000
v 0.05439717 0.36438291 -0.02005178 1.00000000 1.00000000 1.00000000
v 0.13179549 0.10284955 -0.02005178 1.00000000 1.00000000 1.00000000
v -0.14552935 0.37292880 -0.02005178 1.00000000 1.00000000 1.00000000
v -0.08028095 0.46102429 -0.02005178 1.00000000 1.00000000 1.00000000
v -0.15318012 0.19341758 -0.02005178 1.00000000 1.00000000 1.00000000
v 0.02376691 0.20483506 -0.01110755 1.00000000 1.00000000 1.00000000
v -0.07848915 0.47228470 -0.02005178 1.00000000 1.00000000 1.00000000
v -0.04617848 0.08366125 -0.00965609 1.00000000 1.00000000 1.00000000
v 0.23671845 0.09944577 -0.01897648 1.00000000 1.00000000 1.00000000
v 0.06509492 0.32595607 -0.02005178 1.00000000 1.00000000 1.00000000
v -0.17416334 0.36282741 -0.02005178 1.00000000 1.00000000 1.00000000
v 0.20505084 0.18681020 -0.02005178 1.00000000 1.00000000 1.00000000
v 0.15034722 -0.00104398 -0.02005178 1.00000000 1.00000000 1.00000000
v 0.04226590 0.28025139 -0.01996488 1.00000000 1.00000000 1.00000000
v 0.10849089 0.36291163 -0.02005178 1.00000000 1.00000000 1.00000000
v 0.12554878 0.49099321 -0.02005178 1.00000000 1.00000000 1.00000000
v 0.24806016 0.09878788 -0.01628146 1.00000000 1.00000000 1.00000000
v -0.13088435 0.20354050 -0.02005178 1.00000000 1.00000000 1.00000000
v 0.07439441 0.00806197 -0.01595561 1.00000000 1.00000000 1.00000000
v 0.16802369 0.32166064 -0.02005178 1.00000000 1.00000000 1.00000000
v -0.12673119 0.16006784 -0.02005178 1.00000000 1.00000000 1.00000000
v 0.21450849 0.15546055 -0.02005178 1.00000000 1.00000000 1.00000000
v -0.23645564 0.42257157 -0.01208533 1.00000000 1.00000000 1.00000000
v 0.23224198 0.16253661 -0.01914712 1.00000000 1.00000000 1.00000000
v 0.07060635 0.35283516 -0.02005178 1.00000000 1.00000000 1.00000000
v -0.09047294 0.07554805 -0.02005178 1.00000000 1.00000000 1.00000000
v 0.07576219 0.32951379 -0.02005178 1.00000000 1.00000000 1.00000000
v -0.13772957 0.46800984 -0.02005178 1.00000000 1.00000000 1.00000000
v 0.12142847 0.01416742 -0.02005178 1.00000000 1.00000000 1.00000000
v -0.14269215 0.11371379 -0.02005178 1.00000000 1.00000000 1.00000000
v 0.05982573 0.30457150 -0.02005178 1.00000000 1.00000000 1.00000000
v -0.11637459 0.20063600 -0.02005178 1.00000000 1.00000000 1.00000000
v 0.10210770 0.33918951 -0.02005178 1.00000000 1.00000000 1.00000000
v -0.03354784 0.29186056 -0.01944920 1.00000000 1.00000000 1.00000000
v 0.18618761 0.00043789 -0.02005178 1.00000000 1.00000000 1.00000000
v 0.17627078 -0.01340080 -0.02005178 1.00000000 1.00000000 1.00000000
v -0.09255865 0.16931817 -0.02005178 1.00000000 1.00000000 1.00000000
v -0.17218643 0.10946472 -0.02005178 1.00000000 1.00000000 1.00000000
v 0.05152208 0.06449338 -0.01066196 1.00000000 1.00000000 1.00000000
v 0.22833982 0.25310287 -0.01891296 1.00000000 1.00000000 1.00000000
v -0.12566210 0.31411191 -0.02005178 1.00000000 1.00000000 1.00000000
v 0.10502437 0.32019510 -0.02005178 1.00000000 1.00000000 1.00000000
v -0.11030483 0.37247820 -0.02005178 1.00000000 1.00000000 1.00000000
v -0.16095845 0.20530450 -0.02005178 1.00000000 1.00000000 1.00000000
v -0.17593636 0.50658276 -0.02005178 1.00000000 1.00000000 1.00000000
v -0.12348707 0.18873147 -0.02005178 1.00000000 1.00000000 1.00000000
v -0.18342099 0.06773367 -0.02005178 1.00000000 1.00000000 1.00000000
v -0.12736156 0.05068471 -0.02005178 1.00000000 1.00000000 1.00000000
v -0.21739024 0.13119800 -0.02005178 1.00000000 1.00000000 1.00000000
v 0.03610363 0.15149479 -0.01228805 1.00000000 1.00000000 1.00000000
v -0.12144575 0.07753357 -0.02005178 1.00000000 1.00000000 1.00000000
v 0.04951498 0.15921193 -0.01788754 1.00000000 1.00000000 1.00000000
v -0.19125848 0.14126393 -0.02005178 1.00000000 1.00000000 1.00000000
v 0.17094512 0.02944641 -0.02005178 1.00000000 1.00000000 1.00000000
v 0.02025577 0.45566914 -0.02005178 1.00000000 1.00000000 1.00000000
v 0.11239606 0.10445557 -0.02005178 1.00000000 1.00000000 1.00000000
v -0.05024484 0.18398583 -0.01896669 1.00000000 1.00000000 1.00000000
v 0.10470586 0.35096798 -0.02005178 1.00000000 1.00000000 1.00000000
v -0.16780637 0.19137092 -0.02005178 1.00000000 1.00000000 1.00000000
v -0.23006331 0.12219138 -0.01966062 1.00000000 1.00000000 1.00000000
v -0.12651992 0.46353964 -0.02005178 1.00000000 1.00000000 1.00000000
v -0.12855929 0.12385869 -0.02005178 1.00000000 1.00000000 1.00000000
v 0.25492221 0.19778073 -0.01002467 1.00000000 1.00000000 1.00000000
v 0.10382408 0.43292850 -0.02005178 1.00000000 1.00000000 1.00000000
v -0.14927196 -0.00674831 -0.02005178 1.00000000 1.00000000 1.00000000
v 0.09818996 0.28492047 -0.02005178 1.00000000 1.00000000 1.00000000
v -0.06254176 0.39042783 -0.02005178 1.00000000 1.00000000 1.00000000
v -0.13382348 0.27915570 -0.02005178 1.00000000 1.00000000 1.00000000
v 0.07777008 0.34205663 -0.02005178 1.00000000 1.00000000 1.00000000
v -0.17262593 0.01520218 -0.02005178 1.00000000 1.00000000 1.00000000
v 0.05980541 0.46625785 -0.02005178 1.00000000 1.00000000 1.00000000
v 0.16599512 0.13161643 -0.02005178 1.00000000 1.00000000 1.00000000
v -0.06665396 0.37158443 -0.02005178 1.00000000 1.00000000 1.00000000
v 0.19321909 0.16233136 -0.02005178 1.00000000 1.00000000 1.00000000
v -0.10011013 0.04698275 -0.02005178 1.00000000 1.00000000 1.00000000
v 0.15503151 0.22459346 -0.02005178 1.00000000 1.00000000 1.00000000
v 0.06607250 0.25705839 -0.02005178 1.00000000 1.00000000 1.00000000
v 0.12095543 0.17469947 -0.02005178 1.00000000 1.00000000 1.00000000
v 0.04633679 0.21765940 -0.01933256 1.00000000 1.00000000 1.00000000
v 0.05068571 0.39006541 -0.02005178 1.00000000 1.00000000 1.00000000
v -0.05688984 0.13784747 -0.01853014 1.00000000 1.00000000 1.00000000
v 0.15969978 0.00607578 -0.02005178 1.00000000 1.00000000 1.00000000
v -0.19376832 0.01680093 -0.02005178 1.00000000 1.00000000 1.00000000
v -0.20508319 -0.00821551 -0.02005178 1.00000000 1.00000000 1.00000000
v -0.18978546 0.08726484 -0.02005178 1.00000000 1.00000000 1.00000000
v 0.05622791 0.31639537 -0.02005178 1.00000000 1.00000000 1.00000000
v 0.03702501 0.38810130 -0.02005178 1.00000000 1.00000000 1.00000000
v -0.00157202 0.48932781 -0.02005178 1.00000000 1.00000000 1.00000000
v 0.05742603 0.13455737 -0.01850540 1.00000000 1.00000000 1.00000000
v -0.22672024 0.14549552 -0.01983062 1.00000000 1.00000000 1.00000000
v 0.01376985 0.23987482 -0.00837573 1.00000000 1.00000000 1.00000000
v -0.00978846 0.47609723 -0.02005178 1.00000000 1.00000000 1.00000000
v 0.07807940 0.36438849 -0.02005178 1.00000000 1.00000000 1.00000000
v -0.23078109 0.31995207 -0.01746209 1.00000000 1.00000000 1.00000000
v 0.23620757 0.23917867 -0.01744500 1.00000000 1.00000000 1.00000000
v 0.13222334 0.21069899 -0.02005178 1.00000000 1.00000000 1.00000000
v -0.14897834 0.31276821 -0.02005178 1.00000000 1.00000000 1.00000000
v 0.19136415 0.45946214 -0.02005178 1.00000000 1.00000000 1.00000000
v 0.18059051 0.48264415 -0.02005178 1.00000000 1.00000000 1.00000000
v -0.02597737 0.32299914 -0.01997643 1.00000000 1.00000000 1.00000000
v 0.20513521 0.26555437 -0.02005178 1.00000000 1.00000000 1.00000000
v -0.07657655 0.43354841 -0.02005178 1.00000000 1.00000000 1.00000000
v -0.20808475 0.16752071 -0.02005178 1.00000000 1.00000000 1.00000000
v -0.13735945 0.06167980 -0.02005178 1.00000000 1.00000000 1.00000000
v -0.21554231 0.32827585 -0.01981169 1.00000000 1.00000000 1.00000000
v -0.12516874 0.00519114 -0.02005178 1.00000000 1.00000000 1.00000000
v 0.08958858 0.26385715 -0.02005178 1.00000000 1.00000000 1.00000000
v 0.23262410 0.20533843 -0.01868580 1.00000000 1.00000000 1.00000000
v 0.04400288 0.26709755 -0.01993421 1.00000000 1.00000000 1.00000000
v 0.04237460 0.32299480 -0.02005178 1.00000000 1.00000000 1.00000000
v 0.10478455 0.14551984 -0.02005178 1.00000000 1.00000000 1.00000000
v 0.15273903 0.27889218 -0.02005178 1.00000000 1.00000000 1.00000000
v -0.12547609 0.11084031 -0.02005178 1.00000000 1.00000000 1.00000000
v 0.20864646 0.23508287 -0.02005178 1.00000000 1.00000000 1.00000000
v -0.06702750 0.29604137 -0.02005178 1.00000000 1.00000000 1.00000000
v -0.24191556 0.05372031 -0.01844399 1.00000000 1.00000000 1.00000000
v -0.15990453 0.12530436 -0.02005178 1.00000000 1.00000000 1.00000000
v -0.17454266 0.16575434 -0.02005178 1.00000000 1.00000000 1.00000000
v 0.22150015 0.05775016 -0.02005178 1.00000000 1.00000000 1.00000000
v -0.11440887 0.43587174 -0.02005178 1.00000000 1.00000000 1.00000000
v 0.19334494 0.13837930 -0.02005178 1.00000000 1.00000000 1.00000000
v -0.14521277 0.08847408 -0.02005178 1.00000000 1.00000000 1.00000000
v -0.21327134 0.31329147 -0.01999098 1.00000000 1.00000000 1.00000000
v 0.24486923 0.07395344 -0.01756607 1.00000000 1.00000000 1.00000000
v 0.21891718 0.30599189 -0.01966221 1.00000000 1.00000000 1.00000000
v 0.06674373 0.06183990 -0.01717616 1.00000000 1.00000000 1.00000000
v -0.16923266 -0.00119723 -0.02005178 1.00000000 1.00000000 1.00000000
v -0.10554001 0.27459579 -0.02005178 1.00000000 1.00000000 1.00000000
v -0.23726600 0.43304320 -0.01101134 1.00000000 1.00000000 1.00000000
v -0.17179814 0.22119476 -0.02005178 1.00000000 1.00000000 1.00000000
v -0.18593069 0.15371185 -0.02005178 1.00000000 1.00000000 1.00000000
v 0.03672964 0.16299659 -0.01382907 1.00000000 1.00000000 1.00000000
v -0.07668785 0.40260320 -0.02005178 1.00000000 1.00000000 1.00000000
v 0.06366387 0.28129228 -0.02005178 1.00000000 1.00000000 1.00000000
v -0.18385067 0.34616585 -0.02005178 1.00000000 1.00000000 1.00000000
v -0.21331665 0.38705245 -0.01963697 1.00000000 1.00000000 1.00000000
v -0.05051623 0.15002723 -0.01769113 1.00000000 1.00000000 1.00000000
v 0.17752195 0.38456409 -0.02005178 1.00000000 1.00000000 1.00000000
v 0.17566539 0.25693912 -0.02005178 1.00000000 1.00000000 1.00000000
v 0.16326265 0.01817969 -0.02005178 1.00000000 1.00000000 1.00000000
v 0.16073500 0.36767262 -0.02005178 1.00000000 1.00000000 1.00000000
v -0.16950899 0.30594545 -0.02005178 1.00000000 1.00000000 1.00000000
v -0.09471467 0.49048330 -0.02005178 1.00000000 1.00000000 1.00000000
v -0.17433924 0.43606905 -0.02005178 1.00000000 1.00000000 1.00000000
v -0.17170482 -0.01168292 -0.02005178 1.00000000 1.00000000 1.00000000
v 0.20807779 0.32929317 -0.02005178 1.00000000 1.00000000 1.00000000
v 0.16530593 0.11156077 -0.02005178 1.00000000 1.00000000 1.00000000
v -0.04402381 0.12646799 -0.01380292 1.00000000 1.00000000 1.00000000
v -0.19180407 0.12718607 -0.02005178 1.00000000 1.00000000 1.00000000
v -0.15784383 0.04171259 -0.02005178 1.00000000 1.00000000 1.00000000
v 0.19203868 0.38405961 -0.02005178 1.00000000 1.00000000 1.00000000
v -0.13657649 0.35673295 -0.02005178 1.00000000 1.00000000 1.00000000
v 0.02250994 0.40374277 -0.02005178 1.00000000 1.00000000 1.00000000
v -0.07005499 0.00261009 -0.01369544 1.00000000 1.00000000 1.00000000
v 0.02988072 0.46558068 -0.02005178 1.00000000 1.00000000 1.00000000
v -0.07106834 0.08391473 -0.01904349 1.00000000 1.00000000 1.00000000
v -0.21688641 0.04524043 -0.02005178 1.00000000 1.00000000 1.00000000
v 0.18868117 0.14967646 -0.02005178 1.00000000 1.00000000 1.00000000
v 0.07319875 0.13940443 -0.02005140 1.00000000 1.00000000 1.00000000
v -0.20436180 0.03949315 -0.02005178 1.00000000 1.00000000 1.00000000
v -0.23453488 0.33302012 -0.01605420 1.00000000 1.00000000 1.00000000
v 0.00369065 0.29100171 -0.00762481 1.00000000 1.00000000 1.00000000
v -0.15636959 0.47683896 -0.02005178 1.00000000 1.00000000 1.00000000
v 0.02447330 0.23677311 -0.01472212 1.00000000 1.00000000 1.00000000
v 0.21620604 0.12350256 -0.02005178 1.00000000 1.00000000 1.00000000
v 0.05920353 0.19574638 -0.02000317 1.00000000 1.00000000 1.00000000
v -0.18424419 0.25627601 -0.02005178 1.00000000 1.00000000 1.00000000
v 0.19128250 0.33694831 -0.02005178 1.00000000 1.00000000 1.00000000
v -0.00864456 0.30977871 -0.01651475 1.00000000 1.00000000 1.00000000
v -0.16866659 0.35007292 -0.02005178 1.00000000 1.00000000 1.00000000
v 0.23693570 -0.00732765 -0.01957363 1.00000000 1.00000000 1.00000000
v 0.23664395 0.40293695 -0.01286506 1.00000000 1.00000000 1.00000000
v -0.07228336 0.11944347 -0.01990936 1.00000000 1.00000000 1.00000000
v 0.17852770 0.06848596 -0.02005178 1.00000000 1.00000000 1.00000000
v 0.22279096 -0.00732282 -0.02005178 1.00000000 1.00000000 1.00000000
v -0.21462086 0.03006708 -0.02005178 1.00000000 1.00000000 1.00000000
v 0.14635200 0.00791075 -0.02005178 1.00000000 1.00000000 1.00000000
v 0.14008037 0.43420229 -0.02005178 1.00000000 1.00000000 1.00000000
v -0.04388974 0.39480411 -0.02005178 1.00000000 1.00000000 1.00000000
v 0.04267759 0.37632009 -0.02005178 1.00000000 1.00000000 1.00000000
v 0.06897955 0.31475682 -0.02005178 1.00000000 1.00000000 1.00000000
v -0.02349842 0.46670748 -0.02005178 1.00000000 1.00000000 1.00000000
v -0.09313694 0.15481259 -0.02005178 1.00000000 1.00000000 1.00000000
v -0.00911989 0.37988303 -0.02005178 1.00000000 1.00000000 1.00000000
v -0.12654203 -0.01243914 -0.02005178 1.00000000 1.00000000 1.00000000
v 0.15402743 0.35470166 -0.02005178 1.00000000 1.00000000 1.00000000
v 0.03305790 0.44835507 -0.02005178 1.00000000 1.00000000 1.00000000
v -0.04396719 0.11251584 -0.01226373 1.00000000 1.00000000 1.00000000
v -0.25753797 0.01630787 -0.01402865 1.00000000 1.00000000 1.00000000
v -0.04291533 0.32166693 -0.02005178 1.00000000 1.00000000 1.00000000
v -0.14224143 0.15473619 -0.02005178 1.00000000 1.00000000 1.00000000
v 0.15058341 0.45728808 -0.02005178 1.00000000 1.00000000 1.00000000
v 0.19796583 0.20891115 -0.02005178 1.00000000 1.00000000 1.00000000
v 0.18715801 0.24785548 -0.02005178 1.00000000 1.00000000 1.00000000
v -0.14901292 0.22999857 -0.02005178 1.00000000 1.00000000 1.00000000
v -0.22641003 0.19048349 -0.01964903 1.00000000 1.00000000 1.00000000
v 0.04840776 0.30024490 -0.02005178 1.00000000 1.00000000 1.00000000
v 0.21325730 0.41830560 -0.01938052 1.00000000 1.00000000 1.00000000
v -0.09340039 0.25906858 -0.02005178 1.00000000 1.00000000 1.00000000
v 0.13624976 0.19966085 -0.02005178 1.00000000 1.00000000 1.00000000
v 0.23860337 0.39001570 -0.01231127 1.00000000 1.00000000 1.00000000
v -0.10409067 -0.01416140 -0.02002920 1.00000000 1.00000000 1.00000000
f 1484 983 922
f 283 1240 702
f 1479 1179 914
f 1003 577 801
f 1123 1121 1458
f 21 1546 1466
f 1155 526 289
f 1379 1084 1179
f 1209 847 761
f 536 486 1158
f 938 889 27
f 341 1312 1415
f 549 633 291
f 1258 1066 1202
f 185 1164 617
f 518 1301 1152
f 320 1271 208
f 692 229 1293
f 1304 227 1352
f 1144 35 34
f 214 940 1412
f 454 327 1255
f 297 1144 34
f 883 503 920
f 1293 229 1472
f 692 1144 1233
f 1535 421 1203
f 423 188 840
f 516 1458 1436
f 226 839 197
f 320 38 1271
f 905 803 826
f 608 46 367
f 551 840 188
f 551 1141 1549
f 1362 347 1029
f 791 610 513
f 1367 298 855
f 555 612 905
f 416 419 1095
f 1069 1321 1181
f 52 548 1394
f 1317 1272 644
f 584 1039 1143
f 1558 1288 355
f 534 935 1473
f 293 1165 876
f 642 293 1216
f 524 1397 1143
f 1397 524 1311
f 67 837 68
f 180 1042 385
f 1215 385 502
f 191 1031 953
f 851 180 63
f 1247 734 370
f 1042 1031 191
f 1491 996 979
f 356 951 1002
f 757 1127 1050
f 74 1201 75
f 73 72 1273
f 1127 757 562
f 450 686 1247
f 1456 73 1273
f 322 606 248
f 83 637 84
f 1398 184 755
f 975 1525 1138
f 637 479 377
f 243 1201 852
f 1001 758 609
f 1047 390 821
f 637 377 324
f 77 76 821
f 383 606 322
f 1519 609 257
f 545 86 85
f 983 1163 306
f 478 431 1085
f 1102 90 89
f 177 1167 1416
f 983 1283 922
f 591 1578 338
f 1483 452 735
f 371 834 219
f 1089 1338 534
f 175 930 176
f 100 99 997
f 366 1348 870
f 198 1229 748
f 1228 620 508
f 373 517 1213
f 1498 371 1008
f 791 1296 610
f 1110 1447 1433
f 368 895 247
f 388 369 1120
f 1333 684 477
f 8 7 539
f 901 573 782
f 382 1348 539
f 796 307 378
f 890 923 409
f 1529 667 397
f 1132 659 1534
f 1253 698 1342
f 1276 1526 813
f 152 375 607
f 379 1107 1251
f 538 595 353
f 404 1440 723
f 560 453 871
f 715 112 242
f 453 193 242
f 891 1573 1159
f 1128 835 1159
f 336 1093 223
f 123 190 640
f 588 862 1493
f 987 969 640
f 113 715 415
f 267 752 266
f 553 472 1409
f 190 763 1411
f 763 122 121
f 190 123 122
f 1033 125 752
f 793 1195 1380
f 295 1411 763
f 282 223 1341
f 400 1079 984
f 190 1411 987
f 614 845 1068
f 926 1464 131
f 521 136 1160
f 448 133 132
f 133 448 340
f 387 842 581
f 139 569 1056
f 265 668 1117
f 1160 136 1463
f 845 305 271
f 272 919 476
f 550 205 1320
f 986 130 129
f 1187 1414 1402
f 484 144 186
f 531 146 711
f 512 740 776
f 487 1105 709
f 417 746 179
f 1068 641 412
f 1494 646 489
f 788 160 1074
f 1315 470 1552
f 875 790 332
f 540 646 430
f 1074 962 788
f 1503 941 1376
f 941 1044 635
f 778 1453 482
f 635 733 1245
f 230 273 1038
f 1556 1459 1328
f 492 381 690
f 1045 316 338
f 250 334 478
f 168 334 195
f 981 580 459
f 564 11 10
f 399 2 1
f 1125 3 2
f 1416 1167 1433
f 930 1167 176
f 177 1416 178
f 256 1353 746
f 449 595 406
f 70 996 1491
f 180 64 63
f 933 1338 1089
f 1225 967 1499
f 1223 1303 1114
f 488 539 508
f 8 539 1348
f 723 505 1370
f 947 1551 600
f 81 80 184
f 341 1415 308
f 999 467 1417
f 384 1142 271
f 521 1160 424
f 1373 473 1573
f 496 1489 1437
f 1569 1109 335
f 551 188 1141
f 379 369 813
f 868 425 1232
f 601 1325 1149
f 404 1253 1342
f 671 755 80
f 996 837 979
f 225 1023 651
f 871 453 1198
f 823 719 921
f 1076 1564 891
f 843 1460 1264
f 352 858 1389
f 281 1390 269
f 488 756 382
f 500 116 115
f 522 444 652
f 838 1439 1382
f 35 907 36
f 301 901 782
f 1548 739 848
f 667 563 605
f 759 1084 1379
f 1116 330 241
f 742 1310 337
f 1349 963 1553
f 350 300 1014
f 1119 717 1347
f 273 705 1038
f 410 1468 782
f 706 62 61
f 301 1358 901
f 1529 1194 932
f 484 186 949
f 740 512 550
f 350 198 206
f 704 1249 1314
f 1504 1124 1000
f 599 1427 1329
f 433 1263 343
f 1549 1141 277
f 1208 626 579
f 716 1511 302
f 675 438 880
f 1528 561 800
f 630 992 265
f 569 1514 1056
f 1207 1039 584
f 966 917 1365
f 985 965 895
f 447 917 701
f 985 1048 965
f 1304 869 1036
f 1063 510 1365
f 893 929 461
f 1347 760 202
f 1104 216 194
f 1232 15 868
f 1307 1378 1183
f 1268 372 1139
f 784 144 143
f 389 1255 327
f 1049 263 1189
f 115 415 233
f 319 1411 1204
f 380 918 225
f 187 805 251
f 1481 844 509
f 428 844 1481
f 1513 695 634
f 116 500 1111
f 863 808 360
f 1190 1435 691
f 778 1355 636
f 235 299 689
f 498 692 1293
f 1524 1199 899
f 1417 467 1313
f 1357 1015 312
f 1384 965 1048
f 311 1034 245
f 1361 1233 1217
f 1547 1326 839
f 168 195 169
f 409 1500 1561
f 1188 824 1324
f 1549 1263 551
f 631 1574 896
f 378 923 796
f 1135 810 805
f 1564 560 276
f 1525 329 956
f 1219 861 615
f 691 1103 1239
f 335 669 954
f 1522 1317 480
f 1311 602 1397
f 225 506 359
f 218 731 570
f 765 1461 1457
f 902 728 890
f 106 1166 1212
f 691 1435 1103
f 833 587 1162
f 443 204 1396
f 510 1291 966
f 1553 534 1338
f 698 812 968
f 871 968 942
f 1165 236 931
f 1525 654 329
f 1305 929 893
f 995 1313 1385
f 1374 772 547
f 490 1025 1444
f 1222 1115 315
f 1368 1082 1099
f 432 794 848
f 228 944 650
f 1163 1473 306
f 1229 1429 1358
f 249 567 1363
f 594 928 511
f 970 781 1278
f 1316 376 1004
f 216 157 156
f 785 1489 1071
f 258 848 988
f 491 1481 520
f 1054 1280 1228
f 860 624 376
f 792 374 681
f 592 1078 572
f 438 1231 735
f 803 612 1538
f 1211 843 1261
f 149 550 1320
f 1147 87 86
f 515 1221 732
f 1548 848 258
f 824 1188 1288
f 969 578 640
f 550 148 740
f 1330 725 903
f 499 279 653
f 749 235 718
f 560 193 453
f 570 262 259
f 305 1502 271
f 1184 1043 1544
f 703 1323 620
f 260 1447 1110
f 338 1578 1045
f 842 1187 581
f 790 512 296
f 1096 400 1331
f 345 611 507
f 1563 345 1230
f 128 1393 129
f 362 1359 391
f 1533 991 945
f 713 316 1319
f 1366 1166 881
f 1176 1072 1490
f 1575 234 339
f 977 484 949
f 641 845 827
f 569 424 712
f 484 145 144
f 413 1000 1038
f 591 629 1578
f 635 1245 1376
f 251 753 187
f 1296 455 1344
f 627 1558 1363
f 1373 276 942
f 835 663 1159
f 42 1263 43
f 423 1369 1295
f 756 870 382
f 1099 303 1465
f 904 666 253
f 556 1337 934
f 1520 1381 199
f 756 568 870
f 543 718 411
f 422 964 1413
f 823 1536 239
f 1482 261 874
f 402 1168 183
f 1259 468 1061
f 422 1390 629
f 528 690 959
f 909 1278 1441
f 1189 666 1280
f 1264 360 843
f 265 992 668
f 388 902 1505
f 915 1205 499
f 1344 275 244
f 1172 355 1188
f 1292 961 669
f 761 1121 1123
f 127 1133 128
f 1409 969 1035
f 1162 1224 833
f 549 1265 938
f 293 876 1216
f 657 1377 1448
f 54 602 55
f 1488 1165 931
f 1282 954 586
f 504 206 748
f 1286 319 894
f 336 626 673
f 1142 1117 1414
f 711 776 531
f 766 297 910
f 214 291 633
f 824 627 1177
f 1225 1172 967
f 552 1044 941
f 1299 506 225
f 722 1422 97
f 849 1051 215
f 441 331 1382
f 1383 811 1138
f 574 522 192
f 1529 850 688
f 896 1303 631
f 667 605 765
f 1067 1475 347
f 693 885 1512
f 1463 136 135
f 1208 769 626
f 1553 935 534
f 1518 606 383
f 493 1059 1267
f 1381 1041 363
f 214 1007 742
f 16 15 1232
f 427 1002 1031
f 1560 822 953
f 1463 135 209
f 926 1334 1464
f 1246 1297 683
f 490 461 929
f 208 1472 1385
f 1335 346 1424
f 1490 913 1176
f 1216 1446 1186
f 1548 573 901
f 1169 1260 704
f 541 1444 899
f 661 333 1161
f 703 1280 666
f 733 1556 1328
f 212 294 849
f 1081 1210 1484
f 1222 536 1213
f 244 612 555
f 984 793 872
f 641 783 1442
f 518 889 815
f 1265 809 537
f 795 517 373
f 1553 963 935
f 1181 1537 1172
f 210 1543 1058
f 373 707 961
f 1060 599 1224
f 1490 1072 678
f 1012 1175 628
f 1556 1308 1540
f 1482 538 680
f 451 1410 1387
f 1244 279 1205
f 303 1099 1082
f 1131 1028 860
f 1473 1163 416
f 1051 849 294
f 390 77 821
f 370 734 234
f 645 1495 547
f 748 301 1468
f 684 1326 648
f 1495 447 701
f 1514 1192 211
f 256 709 785
f 1522 1397 602
f 1475 898 347
f 1523 1476 1085
f 1476 1200 250
f 1457 1430 779
f 1375 802 493
f 1403 1235 1509
f 646 1494 976
f 854 617 1164
f 185 598 1329
f 474 1110 930
f 163 162 381
f 243 329 654
f 502 385 1042
f 400 1096 290
f 1149 533 1380
f 1134 982 351
f 547 1495 726
f 414 805 810
f 607 1343 152
f 938 27 26
f 1066 1542 697
f 1517 463 467
f 227 1182 1040
f 1464 448 132
f 187 1135 805
f 536 1300 1213
f 1361 815 859
f 426 1392 906
f 1562 311 333
f 316 1045 1319
f 699 1004 1200
f 863 1171 1395
f 1476 250 478
f 331 1169 924
f 1051 294 908
f 1569 1194 1485
f 513 1161 791
f 743 1426 1126
f 829 744 1343
f 858 394 590
f 261 680 505
f 989 1226 1383
f 615 544 1219
f 1283 306 675
f 54 1522 602
f 978 1101 615
f 861 59 615
f 747 395 1272
f 1527 906 357
f 497 95 1094
f 294 328 321
f 514 284 1572
f 1264 993 1299
f 417 179 430
f 1005 494 585
f 969 266 578
f 123 640 578
f 203 1287 1089
f 1484 1404 419
f 105 645 1107
f 1041 1016 1155
f 114 415 115
f 1536 832 239
f 200 1236 1333
f 645 1251 1107
f 1191 689 582
f 532 781 1064
f 1535 312 1517
f 433 840 551
f 523 46 608
f 985 1295 1048
f 379 853 369
f 1511 1354 1507
f 1575 1273 974
f 971 816 822
f 219 958 371
f 1084 278 914
f 1079 400 472
f 1157 1021 1018
f 1274 1262 684
f 442 447 1495
f 88 609 1519
f 1092 792 1279
f 256 417 709
f 237 1234 936
f 1523 1085 514
f 349 1400 1350
f 575 1252 515
f 377 655 324
f 409 923 207
f 204 443 403
f 405 814 1428
f 1140 1497 1255
f 918 1023 225
f 1064 781 970
f 1503 528 1126
f 1376 1183 1026
f 892 1532 1114
f 1228 508 6
f 606 1024 1072
f 1051 504 1017
f 785 709 1105
f 143 1192 784
f 68 837 996
f 67 1050 837
f 314 252 258
f 642 1216 1186
f 1237 265 1117
f 576 1463 581
f 970 909 1270
f 645 105 1063
f 1505 902 670
f 571 1223 958
f 657 1383 1377
f 515 671 575
f 1481 509 520
f 254 391 592
f 500 695 664
f 1336 754 364
f 1238 486 477
f 331 541 1382
f 528 743 1126
f 299 1277 689
f 551 1263 433
f 1143 1039 524
f 436 993 1355
f 1434 1086 1206
f 563 1529 932
f 454 696 912
f 500 664 1111
f 1573 1493 1128
f 1049 1322 4
f 904 1130 1244
f 472 361 469
f 1409 469 969
f 835 695 663
f 570 259 218
f 1469 283 702
f 588 473 873
f 1427 596 435
f 388 1120 307
f 183 670 1180
f 886 1135 1557
f 1265 291 809
f 768 726 1396
f 259 262 1445
f 353 680 538
f 494 1100 380
f 1136 535 1086
f 173 408 174
f 173 172 408
f 605 586 1267
f 1479 1257 1073
f 386 252 314
f 683 1471 565
f 881 1420 685
f 1487 1469 702
f 1395 808 863
f 1515 601 1149
f 269 1061 281
f 1487 716 302
f 538 482 196
f 808 1395 911
f 110 364 111
f 754 968 871
f 1508 844 943
f 675 306 1231
f 557 296 1502
f 205 875 1053
f 434 887 418
f 768 246 795
f 773 794 432
f 1359 527 830
f 638 1387 580
f 624 465 250
f 421 1535 1040
f 1203 41 40
f 900 699 1523
f 525 1052 1112
f 1496 288 647
f 1304 1352 869
f 1514 569 712
f 211 141 140
f 445 1218 280
f 219 571 958
f 455 275 1344
f 43 1549 44
f 706 951 356
f 837 1050 1127
f 1058 1543 780
f 1156 943 1077
f 1340 332 614
f 1494 762 394
f 540 430 179
f 744 1432 352
f 1085 431 514
f 1572 284 166
f 748 1229 301
f 1324 1108 1188
f 1258 1202 920
f 49 789 1242
f 650 632 48
f 1424 1542 1066
f 896 12 11
f 665 598 185
f 202 1100 1347
f 1087 1137 1281
f 1516 571 219
f 539 7 508
f 497 1338 201
f 90 268 91
f 439 1148 1074
f 1148 760 717
f 344 1106 854
f 23 940 24
f 104 103 510
f 307 1485 378
f 101 1009 616
f 795 1374 768
f 198 181 1022
f 373 1213 318
f 397 850 1529
f 716 702 1240
f 814 405 1375
f 558 759 425
f 707 318 814
f 1010 425 1568
f 795 246 517
f 917 966 485
f 1393 128 1133
f 125 124 752
f 1453 196 482
f 595 538 196
f 1456 1201 74
f 385 64 180
f 1241 465 1028
f 1028 624 860
f 758 1090 257
f 1163 419 416
f 1534 392 473
f 404 1342 239
f 912 189 532
f 713 217 1270
f 819 1421 1294
f 1550 866 1474
f 575 79 78
f 1364 817 1449
f 99 98 457
f 1349 1094 1401
f 1500 207 1450
f 796 923 890
f 465 624 1028
f 1114 1532 1223
f 426 906 1527
f 1512 1214 693
f 226 197 1371
f 490 924 461
f 462 910 297
f 1217 910 1301
f 859 229 1361
f 1472 208 1293
f 1485 1109 1569
f 458 1561 238
f 1028 1410 1241
f 459 1028 1131
f 5 1322 1054
f 260 653 279
f 227 697 1352
f 1037 346 1335
f 1555 964 604
f 396 269 1032
f 1513 664 695
f 507 340 448
f 1299 651 274
f 412 1332 1068
f 394 762 818
f 1339 1119 407
f 1062 1243 894
f 295 763 220
f 119 1250 120
f 673 1062 736
f 1318 399 1416
f 408 326 1372
f 299 1400 1399
f 1180 1469 183
f 1445 262 412
f 711 1154 977
f 828 1209 761
f 1213 1300 318
f 195 1137 169
f 1137 170 169
f 248 1072 1176
f 1221 1256 947
f 602 1311 1488
f 682 460 455
f 1252 222 975
f 671 80 79
f 353 595 873
f 274 1264 1299
f 1251 745 379
f 772 483 669
f 1502 305 557
f 1431 387 209
f 1009 997 358
f 447 1365 917
f 1455 1571 839
f 772 745 1251
f 1445 797 649
f 818 1234 237
f 1257 1465 1284
f 1184 466 1043
f 1235 1403 496
f 487 1053 1105
f 768 1374 726
f 1027 1249 1309
f 203 1095 1065
f 322 491 520
f 162 161 959
f 936 1234 1023
f 1059 446 1267
f 315 200 1222
f 1423 760 1148
f 1100 918 380
f 1354 543 820
f 1198 453 242
f 1460 1453 636
f 634 835 1557
f 1533 268 90
f 268 254 91
f 529 1202 995
f 1517 467 999
f 1443 1150 285
f 767 451 1387
f 1132 1370 659
f 926 1331 1334
f 806 879 877
f 1245 1307 1183
f 618 561 562
f 1058 780 737
f 1501 1455 619
f 21 1466 22
f 924 541 331
f 547 772 1251
f 754 1336 719
f 364 242 111
f 604 879 1091
f 494 1005 1339
f 1414 1117 1402
f 872 507 1334
f 508 620 488
f 1302 1498 568
f 306 1283 983
f 428 354 844
f 1291 102 1407
f 443 1396 726
f 1046 610 1344
f 1057 511 803
f 668 1402 1117
f 186 1192 992
f 1538 460 542
f 939 554 1496
f 717 1426 962
f 1356 1378 1566
f 76 75 270
f 1078 391 1483
f 1007 1412 665
f 616 358 321
f 440 1060 323
f 639 853 745
f 462 297 33
f 344 854 308
f 1499 1446 714
f 255 248 1176
f 1483 391 1359
f 622 1058 737
f 286 776 711
f 827 1142 783
f 1511 1507 302
f 444 183 1487
f 1576 1369 1146
f 1542 1501 1352
f 777 747 679
f 1186 1367 855
f 1045 643 1319
f 912 532 454
f 1568 425 1196
f 1312 648 1326
f 884 1220 1551
f 913 841 1097
f 1044 1119 1339
f 501 528 1503
f 197 1262 621
f 1233 229 692
f 697 1542 1352
f 421 343 1269
f 286 919 272
f 1154 145 484
f 285 725 1443
f 1561 458 409
f 1442 783 955
f 412 1325 601
f 901 739 1548
f 655 1001 1147
f 1434 574 1266
f 812 698 1253
f 246 1170 1115
f 1016 1520 323
f 920 1424 1258
f 32 462 33
f 1460 406 741
f 406 1460 843
f 1316 687 960
f 564 892 1114
f 415 715 398
f 1044 552 1119
f 241 441 1351
f 513 610 1046
f 555 247 965
f 1297 1246 927
f 505 680 659
f 696 454 1255
f 732 755 515
f 55 1488 931
f 81 184 479
f 545 85 481
f 1462 1318 420
f 1218 1223 280
f 764 701 917
f 483 795 1292
f 395 1057 885
f 548 679 708
f 214 742 291
f 815 889 537
f 1502 384 271
f 1353 256 1071
f 423 1295 188
f 1305 893 1098
f 148 550 149
f 1190 1355 1277
f 220 763 121
f 472 469 1409
f 1371 661 950
f 1040 1517 999
f 1394 1317 1438
f 1066 1313 1202
f 1566 900 1523
f 1523 699 1476
f 134 1431 209
f 531 776 147
f 1516 189 730
f 583 631 278
f 1070 1130 420
f 165 164 1406
f 871 1198 754
f 261 495 874
f 951 1197 948
f 973 882 71
f 354 943 844
f 1528 974 836
f 605 1282 586
f 1480 954 961
f 1228 6 1054
f 488 1302 756
f 241 1351 215
f 1214 249 1363
f 1575 1456 1273
f 1560 292 1543
f 1098 893 1475
f 706 356 62
f 14 13 677
f 1544 613 546
f 137 136 521
f 140 1056 211
f 557 790 296
f 664 282 1341
f 703 666 466
f 1073 1179 1479
f 925 782 573
f 254 92 91
f 357 1161 982
f 1283 675 1006
f 522 402 444
f 659 680 392
f 222 1525 975
f 1398 732 377
f 1514 992 1192
f 134 209 135
f 1174 1546 526
f 868 14 677
f 986 1393 1289
f 872 793 533
f 595 196 741
f 1071 496 1353
f 957 1124 327
f 1124 1064 1112
f 336 223 579
f 1331 400 984
f 436 1346 359
f 1511 716 660
f 366 892 564
f 914 278 445
f 368 826 944
f 1156 1077 1321
f 1091 775 1328
f 1157 937 1353
f 1209 1428 1158
f 341 308 1345
f 16 1232 1010
f 665 185 1007
f 636 1453 778
f 401 1268 1139
f 662 1103 1399
f 431 167 284
f 274 1171 863
f 936 471 1285
f 877 879 604
f 1539 1052 656
f 1090 758 1220
f 254 592 92
f 1287 1022 933
f 1468 1017 504
f 275 460 1538
f 944 826 928
f 1235 496 731
f 1122 846 1489
f 761 596 1121
f 1162 587 1466
f 925 1116 410
f 203 1065 1287
f 323 1060 1016
f 1345 1559 341
f 1461 446 801
f 435 1164 1427
f 1097 622 799
f 637 83 82
f 361 290 267
f 1570 1515 674
f 395 885 1290
f 1512 1510 1055
f 1356 1523 514
f 635 771 733
f 264 909 348
f 900 1506 699
f 1086 1425 1206
f 547 726 1374
f 739 1358 1429
f 1287 1065 1429
f 256 785 1071
f 1552 470 1053
f 555 905 247
f 367 45 277
f 87 1147 609
f 971 210 816
f 421 1269 1203
f 1141 1295 985
f 1431 611 387
f 129 1393 986
f 530 724 840
f 227 1040 999
f 6 508 7
f 189 1516 219
f 977 949 919
f 570 731 1437
f 1448 313 734
f 180 427 1042
f 102 1291 103
f 616 102 101
f 1333 477 486
f 227 1417 697
f 1030 1306 428
f 1541 210 1080
f 869 1352 619
f 1415 1547 1037
f 903 1387 1330
f 1433 1167 930
f 245 1236 770
f 197 1326 1262
f 600 1001 655
f 1252 975 1256
f 1153 804 1193
f 844 519 509
f 1506 775 856
f 1406 1173 1378
f 470 150 1320
f 274 651 1171
f 1570 674 1286
f 1128 886 835
f 927 1249 1027
f 794 865 988
f 1075 738 354
f 1138 1525 956
f 1032 475 396
f 638 1478 1330
f 340 134 133
f 1502 476 384
f 1099 1479 1368
f 9 1348 366
f 367 985 608
f 1562 1034 311
f 529 883 920
f 1066 697 1417
f 582 325 1191
f 1573 1128 1159
f 281 1061 230
f 733 1328 1337
f 1234 818 1171
f 1460 636 993
f 270 654 821
f 527 991 374
f 750 264 638
f 580 1387 1410
f 1109 853 639
f 1569 1282 932
f 1068 845 641
f 533 345 872
f 412 641 1325
f 286 512 776
f 1531 861 1219
f 57 236 978
f 806 422 629
f 1259 269 396
f 679 50 1242
f 49 1242 50
f 442 645 1063
f 917 365 764
f 394 818 237
f 1463 576 1160
f 51 548 52
f 434 950 887
f 577 1196 952
f 1227 363 289
f 1380 674 1515
f 626 336 579
f 47 46 523
f 1046 1576 418
f 1494 394 1432
f 941 635 1376
f 406 595 741
f 1240 283 1452
f 915 1150 1205
f 546 1498 1302
f 1541 816 210
f 757 618 562
f 945 527 362
f 184 1398 479
f 834 781 189
f 1281 465 1241
f 852 339 234
f 706 61 867
f 1484 922 1081
f 1484 1210 1404
f 1423 471 760
f 921 1178 823
f 1425 535 832
f 685 1434 881
f 927 1246 1314
f 37 498 1271
f 380 225 359
f 1091 1459 604
f 1135 187 1013
f 921 719 1336
f 942 276 560
f 634 1208 1513
f 1010 17 16
f 28 889 1152
f 1447 1318 1433
f 175 474 930
f 283 705 468
f 1170 768 1396
f 955 1414 1187
f 142 211 143
f 328 212 485
f 1436 1121 1011
f 1539 230 1052
f 1452 283 468
f 852 329 243
f 222 654 1525
f 1294 1545 1025
f 787 393 1170
f 576 581 1187
f 1250 220 120
f 1035 553 1409
f 1275 1185 118
f 566 450 1247
f 811 1449 456
f 902 458 670
f 505 1530 261
f 583 1084 558
f 13 12 1574
f 1069 1360 1156
f 922 1518 383
f 1317 644 480
f 708 747 1272
f 990 1191 874
f 1076 1159 663
f 438 735 452
f 374 991 1090
f 1545 1524 1444
f 1029 565 1055
f 1512 885 542
f 386 231 1297
f 759 1196 425
f 599 440 1427
f 723 1440 1530
f 1212 1366 676
f 799 913 1097
f 1256 515 1252
f 1308 662 1540
f 603 334 168
f 446 710 199
f 1450 232 464
f 1350 1400 749
f 1530 1440 864
f 501 690 528
f 1190 1277 1435
f 1023 1234 651
f 235 749 1400
f 31 910 462
f 1144 692 907
f 672 351 311
f 565 1029 683
f 1018 342 888
f 1325 1230 1248
f 1139 1020 401
f 372 626 769
f 1114 896 564
f 402 183 444
f 1034 621 1262
f 1571 1547 839
f 972 1206 1425
f 107 1178 108
f 264 1270 909
f 348 1441 287
f 1111 117 116
f 1534 659 392
f 323 516 1436
f 204 787 1170
f 998 574 1526
f 660 543 1511
f 825 474 174
f 970 1112 1064
f 865 794 593
f 393 770 315
f 269 1390 1032
f 998 1168 522
f 1165 304 236
f 1470 979 1127
f 1155 289 1041
f 554 869 288
f 567 231 627
f 426 1305 1098
f 797 720 649
f 512 790 205
f 1571 1455 1501
f 1106 617 854
f 147 740 148
f 711 146 1154
f 476 919 786
f 1463 209 581
f 656 1319 643
f 264 750 1270
f 1438 52 1394
f 1537 967 1172
f 111 242 112
f 719 1342 698
f 495 411 990
f 449 873 595
f 1245 733 1337
f 829 607 625
f 639 745 669
f 1045 1578 643
f 1235 401 753
f 404 727 1440
f 512 272 296
f 673 626 1405
f 1526 1276 721
f 1019 464 303
f 96 722 97
f 1065 739 1429
f 968 812 942
f 475 1032 1413
f 244 1384 1344
f 44 277 45
f 687 589 591
f 1129 499 1372
f 442 1365 447
f 1025 819 1294
f 1190 691 436
f 1166 1366 1212
f 1407 485 966
f 1140 1255 389
f 342 1018 224
f 439 159 158
f 238 437 1418
f 388 1276 369
f 1248 1149 1325
f 237 936 1285
f 1138 956 1377
f 1279 681 1577
f 505 659 1370
f 552 1126 1426
f 973 836 882
f 657 309 816
f 572 93 92
f 1006 880 1518
f 1208 1557 1013
f 664 1513 282
f 657 1541 1383
f 865 831 1108
f 623 1499 1039
f 1298 804 1153
f 807 1467 994
f 831 1181 1188
f 476 296 272
f 746 417 256
f 636 1355 993
f 694 449 1211
f 1345 308 854
f 537 809 916
f 157 729 158
f 194 1389 858
f 540 179 1492
f 470 1315 375
f 221 990 411
f 728 388 307
f 1261 414 1211
f 1013 769 1208
f 1290 751 1207
f 650 523 228
f 212 328 294
f 1009 100 997
f 1266 1086 1434
f 651 1234 1171
f 750 713 1270
f 1506 856 1004
f 1197 1531 1298
f 682 1392 1362
f 266 752 578
f 220 121 120
f 797 1243 720
f 1157 1509 1021
f 715 242 193
f 325 874 1191
f 270 1201 243
f 479 1398 377
f 1323 466 1184
f 1504 413 327
f 1528 1127 562
f 1449 811 1226
f 1024 880 1279
f 1006 675 880
f 1257 1479 1099
f 1162 1466 1546
f 1245 1183 1376
f 959 161 788
f 199 516 1520
f 517 246 1222
f 1340 785 1105
f 224 1018 1021
f 122 763 190
f 553 1195 472
f 621 1034 1562
f 351 982 333
f 1568 577 1381
f 1179 1430 1379
f 940 633 24
f 907 692 498
f 1137 465 1281
f 525 1319 656
f 358 997 597
f 1333 486 200
f 1111 1275 117
f 1268 401 731
f 916 529 859
f 905 826 368
f 492 163 381
f 806 589 879
f 105 104 1063
f 932 1282 563
f 573 1548 252
f 1193 298 1077
f 1443 725 182
f 1554 451 767
f 1316 589 687
f 900 556 878
f 205 790 875
f 1492 179 746
f 1496 980 434
f 511 826 803
f 588 1493 1573
f 1482 325 482
f 493 802 1059
f 366 870 892
f 524 876 1311
f 298 1537 1321
f 546 488 1323
f 957 532 1064
f 181 1386 933
f 1422 300 98
f 588 873 862
f 1195 674 1380
f 141 211 142
f 424 310 712
f 1402 668 310
f 762 911 1395
f 1117 1142 1237
f 310 1160 576
f 330 331 441
f 935 735 1231
f 788 161 160
f 1183 492 1026
f 1146 1496 434
f 1384 555 965
f 439 158 729
f 1489 846 1437
f 1036 724 530
f 898 461 704
f 1092 452 830
f 545 324 1147
f 1563 1442 955
f 1133 1033 1393
f 857 1153 738
f 1078 963 1349
f 1314 898 704
f 1276 813 369
f 779 1179 1073
f 1408 1418 705
f 783 1142 1414
f 1515 1149 1380
f 973 979 1470
f 64 385 65
f 255 1176 913
f 975 1138 811
f 65 1215 66
f 1448 956 313
f 1267 446 1461
f 868 558 425
f 586 1480 493
f 1546 20 526
f 679 51 50
f 1510 542 460
f 628 292 1012
f 1186 1446 1367
f 1482 482 538
f 496 1403 1353
f 382 539 488
f 1539 643 1419
f 971 1543 210
f 908 504 1051
f 1405 626 372
f 582 1277 1355
f 240 916 809
f 1388 770 393
f 261 1482 680
f 1268 731 218
f 947 600 1221
f 309 686 822
f 1178 1536 823
f 972 1536 1178
f 691 1239 585
f 1107 1420 105
f 226 980 647
f 1474 866 341
f 1202 1313 995
f 214 1412 1007
f 1543 628 780
f 855 298 1193
f 1252 390 1047
f 362 254 268
f 194 858 590
f 1509 1157 1403
f 684 1262 1326
f 1214 1113 693
f 1120 369 853
f 207 232 1450
f 63 62 851
f 390 78 77
f 678 884 1364
f 309 1448 734
f 276 1573 891
f 239 1342 719
f 1287 1429 1022
f 1473 1089 534
f 1110 1433 930
f 767 1387 1129
f 650 48 47
f 48 632 49
f 340 611 1431
f 1142 827 271
f 1059 710 446
f 308 1415 344
f 1026 1503 1376
f 470 1320 1053
f 92 592 572
f 324 655 1147
f 1095 432 1065
f 1214 1512 1055
f 1507 192 652
f 873 473 353
f 21 20 1546
f 1461 605 1267
f 278 1084 583
f 730 1082 1516
f 718 660 1118
f 1534 942 1132
f 1254 502 757
f 974 1528 800
f 502 1254 1215
f 450 953 822
f 897 1327 597
f 1309 925 573
f 226 950 980
f 833 598 665
f 529 229 859
f 1203 1083 1535
f 317 1449 1226
f 1072 1577 678
f 266 361 267
f 611 1563 387
f 700 1135 886
f 449 406 1211
f 989 1097 841
f 1058 622 1080
f 1405 720 1243
f 784 186 144
f 744 829 625
f 233 663 500
f 1016 1060 1174
f 1345 435 1559
f 1467 773 419
f 1306 1030 799
f 997 457 897
f 547 1251 645
f 488 620 1323
f 458 902 890
f 1101 642 544
f 62 356 851
f 68 996 69
f 234 1575 370
f 1428 1209 828
f 961 1292 373
f 950 661 887
f 1412 940 23
f 622 1097 1080
f 432 848 739
f 1556 1555 1459
f 465 334 250
f 416 1095 203
f 309 822 816
f 590 237 1285
f 430 429 487
f 907 35 1144
f 809 291 240
f 556 1566 1307
f 699 1200 1476
f 450 798 191
f 1050 1254 757
f 414 1261 224
f 1432 858 352
f 342 808 888
f 225 651 1299
f 1420 1107 813
f 107 676 1178
f 304 1101 978
f 1401 1094 94
f 291 742 240
f 185 1329 1164
f 309 734 686
f 427 851 356
f 958 1532 1008
f 303 730 1019
f 1384 1576 1046
f 346 1037 1486
f 1544 1443 182
f 666 904 774
f 663 233 1076
f 364 110 1336
f 1331 984 1334
f 1563 842 387
f 495 820 411
f 664 1341 1111
f 251 224 1021
f 155 352 1389
f 375 151 470
f 962 1426 743
f 777 928 594
f 593 773 1467
f 1435 1277 299
f 1459 1091 1328
f 699 1506 1004
f 525 1112 217
f 436 691 1346
f 585 494 1346
f 913 1490 317
f 527 374 792
f 652 302 1507
f 721 1505 1168
f 339 1456 1575
f 1448 309 657
f 946 1335 503
f 1542 1486 1501
f 566 370 800
f 792 681 1279
f 480 584 1143
f 885 751 1290
f 112 715 113
f 1564 276 891
f 1545 1134 787
f 1371 1562 661
f 1105 332 1340
f 153 152 1343
f 518 1361 1217
f 1472 995 1385
f 1408 283 1469
f 238 1418 1408
f 862 694 700
f 364 754 1198
f 725 348 182
f 677 558 868
f 988 865 1108
f 1475 893 898
f 1035 969 987
f 1320 205 1053
f 895 228 608
f 939 724 554
f 677 13 1574
f 1387 903 1129
f 358 616 1009
f 410 1116 241
f 441 241 330
f 213 258 988
f 1468 504 748
f 99 457 997
f 1307 1566 1378
f 635 1567 771
f 511 1057 594
f 1471 567 249
f 1485 1120 1109
f 444 302 652
f 1070 420 1447
f 167 603 168
f 176 1167 177
f 915 1129 903
f 1510 460 682
f 906 1296 791
f 669 483 1292
f 1471 249 565
f 33 297 34
f 498 36 907
f 410 1017 1468
f 988 848 794
f 1500 1450 1497
f 1565 172 171
f 587 833 665
f 920 1202 529
f 818 762 1395
f 810 1135 700
f 425 1010 1232
f 1151 464 232
f 799 622 737
f 1030 255 799
f 1223 1532 958
f 870 568 892
f 653 408 1372
f 620 1228 703
f 29 1152 1301
f 710 1458 516
f 1365 442 1063
f 350 897 300
f 1104 194 1285
f 1389 216 156
f 1502 296 476
f 576 1402 310
f 463 320 208
f 467 1385 1313
f 921 1336 109
f 972 1425 832
f 1553 1094 1349
f 520 509 1210
f 200 486 536
f 303 464 1151
f 983 1484 658
f 311 351 333
f 722 1386 1422
f 1467 1404 994
f 507 872 345
f 290 361 400
f 541 924 490
f 1545 1444 1025
f 747 708 679
f 460 275 455
f 1134 1545 1294
f 982 1134 1294
f 399 1 1416
f 279 1244 1130
f 1367 967 1537
f 844 1508 519
f 814 1300 1428
f 586 493 1267
f 201 722 497
f 365 1351 1439
f 1567 1005 1308
f 1572 1356 514
f 1094 95 94
f 1484 419 658
f 439 1104 1148
f 224 251 414
f 1261 360 342
f 187 1020 1013
f 549 25 633
f 19 18 289
f 312 1015 463
f 1549 43 1263
f 1361 518 815
f 526 19 289
f 1346 380 359
f 1503 1026 501
f 820 1530 864
f 1493 886 1128
f 1508 1360 519
f 322 520 1081
f 368 944 228
f 777 679 1242
f 481 637 324
f 592 391 1078
f 22 587 23
f 1106 1451 337
f 270 821 76
f 1519 257 991
f 737 1075 1306
f 956 329 313
f 305 332 557
f 345 1563 611
f 1571 1486 1547
f 1388 351 672
f 56 55 931
f 520 1210 1081
f 1120 1485 307
f 232 923 688
f 180 851 427
f 951 706 867
f 772 669 745
f 1526 721 998
f 286 977 919
f 138 424 569
f 561 566 800
f 57 978 58
f 316 981 1454
f 1087 171 170
f 1544 1043 1443
f 834 371 559
f 729 1104 439
f 436 1355 1190
f 475 349 1350
f 1131 1454 459
f 838 403 764
f 866 648 1312
f 235 221 718
f 552 1426 717
f 1364 884 817
f 1283 1518 922
f 981 713 750
f 936 1023 471
f 789 944 928
f 724 423 840
f 1439 1351 441
f 1199 838 899
f 56 236 57
f 1012 857 1175
f 1088 1399 349
f 1020 769 1013
f 220 1250 295
f 1243 797 1570
f 656 1052 525
f 923 378 688
f 876 1165 1311
f 1528 562 561
f 972 1178 676
f 727 239 832
f 628 1543 292
f 882 836 72
f 65 385 1215
f 390 1252 575
f 74 73 1456
f 867 1531 951
f 1315 429 625
f 1122 785 1340
f 786 265 1237
f 668 992 712
f 628 1175 780
f 1367 1446 967
f 561 798 566
f 837 1127 979
f 513 418 887
f 1161 513 887
f 904 1244 774
f 478 603 431
f 1576 1384 1048
f 1146 434 418
f 324 545 481
f 1247 686 734
f 1033 267 1393
f 1033 752 267
f 1182 227 1304
f 1300 536 1158
f 190 987 640
f 401 1235 731
f 752 124 578
f 290 1096 1289
f 1306 1075 354
f 865 807 1069
f 1221 655 732
f 1364 317 678
f 1264 1460 993
f 422 806 877
f 383 1081 922
f 1279 880 1092
f 576 1187 1402
f 137 424 138
f 1434 685 574
f 1566 1523 1356
f 1231 438 675
f 594 747 777
f 1535 1083 312
f 1271 38 37
f 1470 836 973
f 1491 71 70
f 379 745 853
f 485 212 365
f 881 1206 1366
f 1391 397 667
f 1182 530 421
f 815 537 859
f 1180 458 238
f 376 624 1200
f 1226 841 317
f 755 732 1398
f 822 686 450
f 292 1197 1012
f 1284 1465 1151
f 1174 526 1155
f 528 959 743
f 703 466 1323
f 1173 164 163
f 1452 1259 396
f 1069 807 1360
f 314 258 213
f 1451 1106 946
f 710 516 199
f 1516 1082 571
f 1150 1443 1043
f 443 1495 701
f 101 100 1009
f 1164 435 1345
f 605 1461 765
f 1123 1458 802
f 639 335 1109
f 971 1560 1543
f 931 236 56
f 1411 295 1204
f 1492 911 540
f 457 300 897
f 1022 1429 1229
f 31 462 32
f 39 1015 1357
f 1455 647 288
f 1391 1073 1257
f 1521 321 358
f 1521 1327 908
f 295 736 1204
f 1552 429 1315
f 716 1487 702
f 1019 730 912
f 863 360 274
f 894 1570 1286
f 1332 614 1068
f 430 646 429
f 849 1351 212
f 330 1169 331
f 625 1432 744
f 1567 1339 1005
f 735 935 963
f 362 527 1359
f 1388 393 787
f 791 357 906
f 1503 1126 941
f 934 775 878
f 682 455 1392
f 1072 248 606
f 459 1410 1028
f 1372 499 653
f 1067 1392 426
f 644 1290 584
f 1298 1153 1012
f 322 248 491
f 822 1560 971
f 191 618 1042
f 960 376 1316
f 1118 1240 1452
f 987 1411 1035
f 1464 1334 448
f 952 759 1379
f 751 693 1113
f 1185 1250 119
f 282 579 223
f 312 1083 1357
f 1527 1305 426
f 946 503 1451
f 1312 1326 1547
f 510 966 1365
f 413 389 327
f 747 1057 395
f 1027 1297 927
f 523 650 47
f 1141 188 1295
f 599 598 1224
f 599 1329 598
f 1002 427 356
f 799 737 1306
f 892 568 1532
f 546 1184 1544
f 660 1240 1118
f 471 202 760
f 1462 1049 3
f 638 580 750
f 1161 887 661
f 1199 204 403
f 270 75 1201
f 654 270 243
f 367 46 45
f 1161 333 982
f 4 3 1049
f 1322 1280 1054
f 72 836 1273
f 867 60 861
f 215 1017 241
f 1422 1386 300
f 662 1088 1540
f 1497 696 1255
f 625 429 976
f 1353 937 746
f 546 1323 1184
f 1049 1462 263
f 1392 1067 1362
f 51 679 548
f 955 1187 842
f 476 786 384
f 1242 789 928
f 347 683 1029
f 1075 857 738
f 255 1030 491
f 828 1123 405
f 1568 1196 577
f 393 315 1115
f 1162 1546 1174
f 878 775 1506
f 696 1019 912
f 533 793 1380
f 1557 1135 1013
f 198 350 1014
f 1291 1407 966
f 192 522 652
f 1450 464 1497
f 306 1473 1231
f 791 1161 357
f 1007 185 1310
f 1357 1083 39
f 1384 1046 1344
f 343 42 1269
f 720 218 649
f 487 417 430
f 780 1175 1075
f 354 738 943
f 896 1114 1303
f 960 1131 860
f 911 1492 888
f 1445 412 601
f 1072 1024 1279
f 89 1519 1102
f 725 285 903
f 1461 801 1457
f 470 151 150
f 202 1023 918
f 657 816 1541
f 544 642 804
f 888 937 1018
f 874 325 1482
f 1201 1456 339
f 953 948 1560
f 1014 1386 181
f 1551 1220 758
f 401 1020 753
f 736 295 1093
f 71 882 72
f 544 804 1219
f 1077 943 738
f 1225 1499 623
f 437 389 413
f 1284 1151 850
f 463 1015 320
f 766 1233 1144
f 466 666 774
f 1479 914 445
f 1406 164 1173
f 1378 1173 1183
f 1212 107 106
f 1434 1206 881
f 1441 1278 559
f 1110 825 653
f 1118 749 718
f 1399 1103 299
f 773 1095 419
f 1169 330 1116
f 222 1252 1047
f 391 254 362
f 771 1567 1308
f 1565 1281 1554
f 1163 983 658
f 527 792 830
f 1096 1331 926
f 793 1079 1195
f 438 1092 880
f 1577 884 678
f 773 432 1095
f 419 1163 658
f 1334 984 872
f 469 361 266
f 994 1360 807
f 1470 1127 1528
f 768 1170 246
f 1527 357 1421
f 451 1281 1241
f 1391 1257 1284
f 1103 1435 299
f 1285 471 1423
f 58 978 59
f 1288 627 824
f 1102 1519 991
f 452 1359 830
f 1556 733 771
f 1400 299 235
f 585 1346 691
f 149 1320 150
f 1437 731 496
f 1552 1053 487
f 25 549 26
f 1182 421 1040
f 881 1166 1420
f 510 103 1291
f 1055 1510 682
f 1177 213 1324
f 1505 670 1168
f 1260 1169 1116
f 1416 1433 1318
f 703 1228 1280
f 634 695 835
f 1513 1208 579
f 964 877 604
f 878 556 934
f 524 714 876
f 252 1027 1309
f 409 207 1500
f 1413 349 475
f 1562 1371 621
f 764 1439 838
f 461 898 893
f 770 1388 672
f 1237 1142 384
f 139 1056 140
f 269 1259 1061
f 532 189 781
f 1100 407 1347
f 962 1148 717
f 1497 464 696
f 563 1282 605
f 961 954 669
f 1427 440 1011
f 760 1347 717
f 557 332 790
f 1312 1547 1415
f 1274 1034 1262
f 559 1278 834
f 1487 183 1469
f 1554 326 1565
f 253 1130 904
f 729 157 216
f 1343 744 154
f 953 450 191
f 1201 339 852
f 754 719 698
f 1018 937 1157
f 1322 5 4
f 326 1554 767
f 774 1205 1150
f 1447 420 1318
f 1418 437 413
f 1556 1540 1555
f 1564 193 560
f 108 921 109
f 611 340 507
f 507 448 1334
f 772 1374 483
f 1335 344 1037
f 1440 535 864
f 1509 753 251
f 360 808 342
f 328 1407 616
f 1281 1565 1087
f 284 167 166
f 515 755 671
f 798 561 618
f 553 674 1195
f 482 582 778
f 371 958 1008
f 1350 1452 396
f 1048 1369 1576
f 1392 455 1296
f 581 209 387
f 424 1160 310
f 1363 1113 1214
f 509 994 1404
f 910 1217 766
f 1361 229 1233
f 230 1038 1000
f 232 688 850
f 247 905 368
f 1550 1238 477
f 1147 86 545
f 1147 1001 609
f 585 1239 1005
f 1343 154 153
f 126 1033 1133
f 1570 797 1515
f 3 1125 1462
f 287 559 613
f 219 834 189
f 446 1003 801
f 910 31 30
f 910 30 1301
f 714 1446 1216
f 293 642 304
f 1514 211 1056
f 310 668 712
f 802 1458 710
f 445 278 1218
f 682 1029 1055
f 780 1075 737
f 271 827 845
f 1405 1243 1062
f 1158 1428 1300
f 357 982 1421
f 114 113 415
f 500 115 233
f 286 272 512
f 784 1192 186
f 1550 847 1238
f 939 1369 423
f 1227 1568 363
f 801 952 1457
f 1473 203 1089
f 704 1260 1249
f 647 980 1496
f 1011 1121 596
f 480 644 584
f 524 1039 714
f 1526 685 813
f 1266 1136 1086
f 1447 260 1070
f 399 1318 1125
f 1140 389 437
f 212 1351 365
f 198 1014 181
f 1017 410 241
f 1025 490 929
f 1524 787 204
f 646 540 489
f 375 1315 607
f 1057 542 885
f 1177 314 213
f 941 1126 552
f 1452 749 1118
f 405 1123 802
f 779 1430 1179
f 738 1193 1077
f 947 1256 456
f 1473 935 1231
f 1279 1577 1072
f 1249 927 1314
f 1069 1181 831
f 921 108 1178
f 942 1534 1373
f 199 1381 1003
f 15 14 868
f 1124 1112 1052
f 411 718 221
f 612 803 905
f 565 249 1055
f 530 1182 1036
f 1385 467 463
f 376 960 860
f 381 162 690
f 382 870 1348
f 338 1454 960
f 398 715 193
f 698 968 754
f 1039 1499 714
f 313 329 852
f 137 521 424
f 345 533 1248
f 794 773 593
f 213 988 1108
f 1205 774 1244
f 1462 420 263
f 1088 662 1399
f 1511 543 1354
f 862 873 449
f 942 560 871
f 550 512 205
f 484 977 1154
f 1531 1219 1298
f 1108 831 1188
f 586 954 1480
f 801 577 952
f 340 1431 134
f 130 926 131
f 1465 1257 1099
f 1227 18 17
f 618 191 798
f 1081 383 322
f 1573 473 588
f 239 719 823
f 787 1134 1388
f 814 1375 707
f 1307 1245 1337
f 422 1032 1390
f 69 996 70
f 1551 947 817
f 312 463 1517
f 859 537 916
f 29 28 1152
f 1549 277 44
f 673 736 336
f 1185 119 118
f 1554 1281 451
f 1416 1 178
f 473 392 353
f 676 107 1212
f 1246 898 1314
f 1512 542 1510
f 336 736 1093
f 601 1515 797
f 1123 828 761
f 1529 688 1194
f 1551 1001 600
f 355 1225 623
f 744 352 154
f 360 1261 843
f 328 616 321
f 908 294 1521
f 839 226 1455
f 1477 847 1474
f 1055 249 1214
f 1394 548 708
f 66 1050 67
f 566 798 450
f 1488 55 602
f 1101 544 615
f 240 883 916
f 766 1144 297
f 730 303 1082
f 779 1073 1391
f 1012 1153 857
f 1172 1225 355
f 945 268 1533
f 1483 963 1078
f 671 79 575
f 82 479 637
f 684 1333 1274
f 902 388 728
f 1302 568 756
f 1574 583 677
f 1550 648 866
f 24 633 25
f 819 1527 1421
f 1188 355 1288
f 948 1197 292
f 1449 817 456
f 1016 1174 1155
f 599 1060 440
f 253 666 1189
f 1054 6 5
f 300 1386 1014
f 943 1156 1508
f 265 949 630
f 986 1289 1096
f 203 1473 416
f 1551 758 1001
f 17 1010 1227
f 1084 759 558
f 1301 30 29
f 1217 1301 518
f 1100 202 918
f 394 237 590
f 700 694 810
f 694 414 810
f 639 669 335
f 315 1236 200
f 186 630 949
f 712 992 1514
f 1115 1170 393
f 1439 441 1382
f 1389 156 155
f 281 1419 1390
f 1052 230 1000
f 990 874 495
f 459 580 1410
f 825 1110 474
f 895 965 247
f 747 594 1057
f 500 663 695
f 259 649 218
f 408 172 326
f 1189 1280 1322
f 154 352 155
f 1506 900 878
f 201 933 1386
f 1207 751 1113
f 1383 1541 989
f 1186 855 642
f 1230 345 1248
f 614 332 305
f 824 1177 1324
f 623 1207 1113
f 673 1405 1062
f 1341 1185 1275
f 522 1168 402
f 102 616 1407
f 867 861 1531
f 1247 370 566
f 1530 505 723
f 1493 862 700
f 1490 678 317
f 1042 427 1031
f 437 1500 1140
f 238 1408 1180
f 1528 836 1470
f 1551 817 884
f 1529 563 667
f 914 1179 1084
f 1036 554 724
f 337 1451 240
f 535 1136 1145
f 856 589 1316
f 350 1327 897
f 318 1300 814
f 1005 1239 1308
f 886 1557 835
f 1246 347 898
f 795 373 1292
f 789 49 632
f 895 368 228
f 325 582 482
f 1171 818 1395
f 1265 889 938
f 549 938 26
f 1507 1354 1145
f 1370 812 1253
f 779 1391 765
f 1520 1016 1041
f 398 193 1564
f 319 1204 894
f 498 208 1271
f 1269 41 1203
f 1454 1131 960
f 1539 1419 281
f 1501 1486 1571
f 1217 1233 766
f 275 1538 612
f 1317 708 1272
f 1197 1298 1012
f 800 370 974
f 541 899 1382
f 1107 379 813
f 262 846 1332
f 1341 223 1185
f 192 1136 1266
f 707 1480 961
f 1211 414 694
f 1239 662 1308
f 767 1129 1372
f 1578 629 1419
f 456 1256 975
f 257 1090 991
f 613 1544 182
f 1498 1008 568
f 580 981 750
f 1478 638 264
f 1194 1569 932
f 363 1041 289
f 1260 1309 1249
f 1065 432 739
f 1218 278 1303
f 1019 696 464
f 429 1552 487
f 1074 160 159
f 736 1062 1204
f 262 570 846
f 748 206 198
f 1338 933 201
f 355 623 1558
f 1467 419 1404
f 218 720 1268
f 131 1464 132
f 1438 1317 1522
f 555 1384 244
f 925 1309 1260
f 1116 925 1260
f 397 1284 850
f 206 1327 350
f 1369 939 1146
f 529 995 229
f 1436 440 323
f 929 819 1025
f 523 608 228
f 1394 708 1317
f 1188 1181 1172
f 1181 1321 1537
f 181 933 1022
f 311 245 672
f 1541 1080 989
f 1221 515 1256
f 221 1191 990
f 230 1539 281
f 1375 1480 707
f 839 1326 197
f 518 1152 889
f 587 665 1412
f 1348 9 8
f 1302 488 546
f 499 1205 279
f 10 366 564
f 1472 229 995
f 341 1559 1474
f 1471 683 1297
f 1576 1146 418
f 817 947 456
f 593 807 865
f 1044 1339 1567
f 1140 1500 1497
f 934 1328 775
f 543 411 820
f 201 1386 722
f 1558 1113 1363
f 833 1224 598
f 583 1574 631
f 1362 1029 682
f 1219 804 1298
f 1098 1067 426
f 503 1335 1424
f 1265 537 889
f 1015 38 320
f 480 1143 1397
f 1297 231 1471
f 375 152 151
f 194 590 1285
f 1572 166 165
f 1565 171 1087
f 650 944 632
f 1272 395 1290
f 613 371 1498
f 1322 1049 1189
f 582 1355 778
f 834 1278 781
f 1154 146 145
f 740 147 776
f 627 1363 567
f 948 953 1002
f 613 1498 546
f 1125 1318 1462
f 591 338 687
f 1218 1303 1223
f 1324 213 1108
f 252 386 1027
f 1268 720 1405
f 1492 937 888
f 421 530 343
f 1213 517 1222
f 504 1327 206
f 510 1063 104
f 1572 1406 1356
f 422 1413 1032
f 617 1310 185
f 1568 1227 1010
f 174 408 825
f 1419 629 1390
f 472 400 361
f 1079 793 984
f 977 286 711
f 1243 1570 894
f 1455 226 647
f 999 1417 227
f 130 986 1096
f 305 845 614
f 1417 1313 1066
f 1106 337 617
f 1373 1534 473
f 1573 276 1373
f 660 718 543
f 216 1104 729
f 1401 94 93
f 572 1078 1401
f 407 1119 1347
f 582 689 1277
f 187 753 1020
f 332 1105 875
f 1139 769 1020
f 1111 1341 1275
f 1132 942 812
f 415 398 233
f 429 646 976
f 962 743 788
f 1369 1048 1295
f 899 1444 1524
f 1106 344 946
f 363 1568 1381
f 261 1530 495
f 274 360 1264
f 705 1418 1038
f 976 1432 625
f 915 499 1129
f 278 631 1303
f 1533 90 1102
f 1094 1553 497
f 192 1507 1136
f 489 762 1494
f 365 1439 764
f 335 954 1282
f 1496 554 288
f 1451 883 240
f 570 1437 846
f 1149 1248 533
f 1168 998 721
f 1145 864 535
f 1299 993 506
f 911 888 808
f 478 334 603
f 1406 1378 1356
f 1083 40 39
f 530 840 433
f 925 410 782
f 497 96 95
f 945 991 527
f 963 1483 735
f 1216 876 714
f 623 1039 1207
f 1007 1310 742
f 1466 587 22
f 386 1297 1027
f 1207 584 1290
f 819 929 1305
f 1471 231 567
f 830 792 1092
f 1097 989 1080
f 597 1521 358
f 443 726 1495
f 1505 1276 388
f 1266 574 192
f 738 1153 1193
f 304 642 1101
f 217 713 1319
f 923 232 207
f 944 789 632
f 661 1562 333
f 109 1336 110
f 1420 1166 105
f 1371 197 621
f 1209 1238 847
f 348 287 182
f 1124 957 1064
f 404 239 727
f 843 1211 406
f 215 1051 1017
f 952 1196 759
f 896 11 564
f 1569 335 1282
f 1000 1124 1052
f 959 690 162
f 1226 811 1383
f 1058 1080 210
f 260 1130 1070
f 1148 962 1074
f 366 10 9
f 1430 952 1379
f 1393 267 1289
f 1513 579 282
f 1381 1520 1041
f 1520 516 323
f 782 1468 301
f 403 838 1199
f 861 60 59
f 821 654 1047
f 803 1538 1057
f 275 612 244
f 530 433 343
f 1269 42 41
f 457 98 300
f 497 722 96
f 806 591 589
f 451 1241 1410
f 344 1335 946
f 1034 1274 245
f 194 216 1389
f 1105 1053 875
f 189 912 730
f 183 1168 670
f 327 1124 1504
f 1561 1500 437
f 1321 1069 1156
f 423 724 939
f 126 125 1033
f 127 126 1133
f 865 1069 831
f 304 1165 293
f 349 1399 1400
f 506 993 436
f 924 1169 704
f 596 761 1477
f 644 1272 1290
f 304 978 236
f 479 82 81
f 456 975 811
f 522 574 998
f 376 1200 1004
f 556 1307 1337
f 775 1091 856
f 739 901 1358
f 1483 1359 452
f 842 1563 955
f 1230 1442 1563
f 846 1122 1332
f 1405 372 1268
f 1401 93 572
f 491 1030 428
f 553 1035 1286
f 1237 384 786
f 431 603 167
f 514 431 284
f 908 1327 504
f 485 365 917
f 1088 349 1413
f 1091 879 856
f 1289 267 290
f 123 578 124
f 1406 1572 165
f 170 1137 1087
f 894 1204 1062
f 634 1557 1208
f 536 1222 200
f 1458 1121 1436
f 287 613 182
f 877 964 422
f 641 1442 1325
f 783 641 827
f 764 403 701
f 1345 854 1164
f 174 474 175
f 767 1372 326
f 344 1415 1037
f 343 1263 42
f 629 591 806
f 749 1452 1350
f 656 643 1539
f 1452 468 1259
f 723 1253 404
f 1521 294 321
f 461 924 704
f 490 1444 541
f 497 1553 1338
f 97 1422 98
f 1315 625 607
f 471 1023 202
f 463 208 1385
f 1424 1066 1258
f 812 1370 1132
f 890 409 458
f 1423 1148 1104
f 359 506 436
f 802 710 1059
f 1477 435 596
f 1477 761 847
f 1457 952 1430
f 314 1177 386
f 252 1309 573
f 765 1457 779
f 1150 1043 774
f 138 569 139
f 1403 1157 1353
f 449 694 862
f 489 911 762
f 1387 638 1330
f 903 285 915
f 1420 813 685
f 1276 1505 721
f 1564 1076 398
f 495 1530 820
f 1427 1011 596
f 526 20 19
f 969 469 266
f 1492 746 937
f 1057 1538 542
f 52 1438 53
f 853 1109 1120
f 770 1236 315
f 676 1206 972
f 1086 535 1425
f 285 1150 915
f 1565 326 172
f 472 1195 1079
f 540 911 489
f 466 774 1043
f 420 253 263
f 1496 1146 939
f 906 1392 1296
f 1494 1432 976
f 1185 223 1093
f 1558 623 1113
f 1488 1311 1165
f 1478 348 725
f 279 1130 260
f 1024 1518 880
f 1560 948 292
f 85 84 481
f 377 732 655
f 705 283 1408
f 413 1504 1000
f 1535 1517 1040
f 291 1265 549
f 1495 645 442
f 1061 273 230
f 723 1370 1253
f 1104 1285 1423
f 1532 568 1008
f 556 900 1566
f 513 1046 418
f 245 770 672
f 1254 66 1215
f 317 841 913
f 1082 280 571
f 440 1436 1011
f 1391 1284 397
f 1574 12 896
f 1239 1103 662
f 1316 1004 856
f 414 251 805
f 224 1261 342
f 1003 1381 577
f 280 1223 571
f 263 253 1189
f 260 1110 653
f 783 1414 955
f 1509 1235 753
f 1096 926 130
f 319 1286 1035
f 217 1112 970
f 1465 303 1151
f 373 318 707
f 1474 1559 1477
f 519 1360 994
f 1006 1518 1283
f 1327 1521 597
f 1401 1078 1349
f 660 716 1240
f 454 957 327
f 1575 974 370
f 951 1531 1197
f 1475 1067 1098
f 386 1177 231
f 498 1293 208
f 498 37 36
f 655 1221 600
f 1024 606 1518
f 787 1524 1545
f 503 1424 920
f 899 838 1382
f 885 693 751
f 501 1026 690
f 250 1200 624
f 1474 847 1550
f 1559 435 1477
f 316 1454 338
f 825 408 653
f 1479 445 1368
f 558 677 583
f 337 240 742
f 246 1115 1222
f 519 994 509
f 1508 1156 1360
f 398 1076 233
f 535 727 832
f 481 84 637
f 1220 681 1090
f 255 491 248
f 609 88 87
f 890 728 796
f 1333 1236 1274
f 1238 1158 486
f 27 889 28
f 1561 437 238
f 443 701 403
f 1499 967 1446
f 855 1193 804
f 797 1445 601
f 630 186 992
f 841 1226 989
f 1047 654 222
f 618 502 1042
f 1491 979 973
f 494 407 1100
f 858 1432 394
f 741 196 1453
f 1493 700 886
f 1343 607 829
f 468 705 273
f 204 1170 1396
f 1158 1238 1209
f 346 1486 1542
f 1015 39 38
f 728 307 796
f 1191 221 689
f 287 1441 559
f 970 1278 909
f 1522 480 1397
f 511 928 826
f 670 458 1180
f 1038 1418 413
f 346 1542 1424
f 337 1310 617
f 1332 412 262
f 949 786 919
f 1044 1567 635
f 1119 552 717
f 1478 725 1330
f 1136 1507 1145
f 559 371 613
f 688 378 1194
f 217 970 1270
f 743 959 788
f 1469 1180 1408
f 392 680 353
f 509 1404 1210
f 1481 491 428
f 1035 1411 319
f 1332 1122 614
f 608 985 895
f 1527 819 1305
f 235 689 221
f 879 589 856
f 1548 258 252
f 1537 298 1367
f 1275 118 117
f 1071 1489 496
f 949 265 786
f 211 1192 143
f 295 1250 1093
f 1325 1442 1230
f 445 280 1368
f 1346 494 380
f 1203 40 1083
f 1486 1037 1547
f 1577 1220 884
f 1577 681 1220
f 758 257 609
f 88 1519 89
f 405 802 1375
f 1224 1162 1174
f 1229 198 1022
f 1287 933 1089
f 1522 54 53
f 298 1321 1077
f 492 690 1026
f 264 348 1478
f 231 1177 627
f 597 997 897
f 1364 1449 317
f 575 78 390
f 535 1440 727
f 972 832 1536
f 245 1274 1236
f 950 226 1371
f 757 502 618
f 974 1273 836
f 328 485 1407
f 1003 446 199
f 864 1354 820
f 676 1366 1206
f 642 855 804
f 1254 1050 66
f 850 1151 232
f 454 532 957
f 374 1090 681
f 452 1092 438
f 364 1198 242
f 1076 891 1159
f 1036 869 554
f 1134 351 1388
f 468 273 1061
f 1166 106 105
f 354 428 1306
f 1558 627 1288
f 928 777 1242
f 610 1296 1344
f 1368 280 1082
f 643 1578 1419
f 1337 1328 934
f 964 1555 1540
f 978 615 59
f 313 234 734
f 648 1550 477
f 633 940 214
f 953 1031 1002
f 857 1075 1175
f 420 1130 253
f 909 1441 348
f 1067 347 1362
f 1246 683 347
f 1485 1194 378
f 883 529 916
f 288 869 619
f 1451 503 883
f 301 1229 1358
f 849 215 1351
f 619 1352 1501
f 367 277 1141
f 1427 1164 1329
f 477 684 648
f 184 80 755
f 1448 1377 956
f 649 259 1445
f 417 487 709
f 945 362 268
f 799 255 913
f 1125 2 399
f 981 316 713
f 1413 964 1088
f 687 338 960
f 1476 478 1085
f 1173 163 492
f 1122 1489 785
f 1139 372 769
f 867 61 60
f 1522 53 1438
f 1199 1524 204
f 1455 288 619
f 1467 807 593
f 1002 951 948
f 1526 574 685
f 475 1350 396
f 980 950 434
f 587 1412 23
f 1093 1250 1185
f 146 531 147
f 302 444 1487
f 1509 251 1021
f 1540 1088 964
f 465 195 334
f 492 1183 1173
f 1137 195 465
f 1339 407 494
f 159 439 1074
f 1224 1174 1060
f 289 18 1227
f 405 1428 828
f 483 1374 795
f 1286 674 553
f 614 1122 1340
f 866 1312 341
f 1304 1036 1182
f 1454 981 459
f 604 1459 1555
f 1145 1354 864
f 741 1453 1460
f 765 1391 667
f 493 1480 1375
f 71 1491 973
f 313 852 234
f 982 1294 1421
f 985 367 1141
f 991 1533 1102
f 1383 1138 1377
f 1319 525 217
f 771 1308 1556
f 2708 2389 2230
f 1993 2462 2657
f 2351 3021 2052
f 1779 2357 2885
f 2733 3097 1829
f 2251 2089 2714
f 3151 2362 2590
f 2383 1937 2892
f 2424 2120 1595
f 2163 2924 2859
f 1898 2912 2564
f 2474 2822 2323
f 2390 2038 3146
f 3047 2130 2459
f 2422 1615 1848
f 2440 2219 2349
f 2465 2815 2236
f 2320 2893 3052
f 2810 2812 2909
f 1961 1963 1969
f 1984 2107 2440
f 2205 3133 2741
f 2291 2239 2081
f 3132 2098 2677
f 1608 2236 2815
f 3100 2747 2221
f 1965 1611 2295
f 1615 1616 1848
f 3018 1811 2239
f 2524 3105 1994
f 2213 3126 3155
f 2468 2149 2361
f 2098 3132 2918
f 2524 1994 2213
f 2361 2149 1919
f 1617 2486 1616
f 2558 1765 2063
f 2861 2720 2283
f 1902 2412 3049
f 2062 1774 3062
f 2200 2994 3049
f 3147 1938 2656
f 2586 2678 2019
f 2426 3026 3101
f 1635 1764 1634
f 1634 1764 2502
f 2886 1775 1846
f 2330 2153 3078
f 2615 2581 2953
f 2939 1639 1895
f 2641 2062 3062
f 2971 2491 2702
f 1641 1642 2778
f 2375 2193 2577
f 2215 2025 2210
f 2569 1871 1788
f 2971 2963 2491
f 2330 2944 2299
f 1871 2591 2387
f 1783 2121 2269
f 2778 2269 2121
f 1945 1893 1638
f 2989 2025 2215
f 2195 2730 2500
f 2762 3129 2146
f 2737 2967 2840
f 3131 2967 2737
f 2500 2763 2694
f 1798 1656 1657
f 2761 1803 1659
f 2768 2500 2730
f 1998 2292 2763
f 2694 2983 2195
f 2065 2181 1853
f 2748 1821 2923
f 1662 1663 2769
f 2951 2119 1664
f 2723 2053 2529
f 2389 2150 2744
f 2603 3089 1888
f 1958 2527 1808
f 2639 1802 2854
f 3033 1892 1975
f 2035 2252 2340
f 1839 2711 1915
f 1751 1802 2639
f 2609 2828 2570
f 2671 2497 2666
f 1797 1906 3043
f 1748 2333 1747
f 2655 1676 2391
f 2941 2827 1850
f 1845 2072 2394
f 2226 2458 2628
f 2265 2096 2012
f 2090 1780 2252
f 2916 2373 2229
f 2619 1990 1909
f 2470 2469 2844
f 2733 2818 1991
f 1821 2748 2808
f 1790 2794 3097
f 3015 2030 2722
f 2623 1862 1829
f 1983 3106 2657
f 2727 2646 2198
f 1923 2743 2545
f 2784 1946 2545
f 1978 1901 2530
f 2029 2161 2305
f 1687 1968 1686
f 2877 1865 2415
f 2485 2940 2452
f 1936 2166 2825
f 1903 2207 2988
f 2091 2084 2888
f 2166 1936 3091
f 1694 1695 3102
f 3127 2496 2919
f 2820 2845 2757
f 1872 1685 1686
f 2382 1776 3005
f 2660 3137 2991
f 2626 2056 2197
f 2734 2525 1834
f 1939 2056 3060
f 1796 3060 3139
f 2882 2353 1852
f 2051 3108 1924
f 2860 2838 1904
f 2585 2525 1917
f 3058 2674 2732
f 3142 3102 1695
f 1796 3139 2824
f 1726 2367 1880
f 1818 2690 2308
f 1883 2208 2559
f 2191 3130 2499
f 2189 3037 1883
f 2595 2156 3029
f 2304 3038 1715
f 2690 1818 1720
f 2703 2483 3111
f 3070 2483 2270
f 2739 2848 2663
f 2760 2602 2399
f 2864 2875 2772
f 1880 2303 1725
f 2901 3111 2483
f 1917 1852 3108
f 1996 2370 2556
f 2856 1913 2484
f 2574 3003 2159
f 2686 1960 2369
f 2327 1793 2919
f 2488 2922 2069
f 3150 2642 2571
f 2169 2069 2922
f 2462 1993 1966
f 2285 2345 2571
f 1780 2090 2520
f 2441 2301 1739
f 1809 2588 2256
f 2462 1966 1954
f 2114 2862 2094
f 1789 3051 3096
f 2073 2133 2621
f 1789 1944 2392
f 2941 1929 2836
f 1750 1751 2639
f 3077 2606 3048
f 1822 1753 1754
f 1753 2514 2697
f 2652 2850 1914
f 1780 2066 2839
f 2854 2523 1820
f 2637 1885 2298
f 1629 1630 2412
f 2530 2378 2313
f 1923 2545 2550
f 2064 2772 3143
f 2673 2188 2175
f 2569 2344 1760
f 3073 2330 2299
f 2620 1797 2493
f 2185 3028 2692
f 2658 2807 2388
f 1862 1590 2401
f 2104 1772 3020
f 2756 2019 3068
f 1628 2516 1627
f 2648 2966 2907
f 1767 2178 2985
f 1674 1675 2890
f 2503 2278 1746
f 1789 3096 1944
f 2759 2754 2897
f 1623 1855 1622
f 1672 2620 1671
f 2534 2338 2234
f 2167 3151 1813
f 1580 2489 2823
f 2966 2905 2640
f 2590 2362 1912
f 2253 2802 2736
f 2312 3025 2822
f 2454 2072 3063
f 1837 2832 3031
f 2139 2549 2029
f 2137 2332 2608
f 2667 2436 3093
f 1844 2502 2036
f 1833 2298 1885
f 1846 2005 2976
f 1699 2192 2681
f 1941 2431 2484
f 2158 2115 3006
f 1845 2394 2472
f 2851 3147 2648
f 2490 1957 2950
f 2714 2561 3136
f 1588 1589 2623
f 1980 2392 3124
f 2722 2190 3015
f 2468 2106 1621
f 2476 2930 1836
f 1912 2881 2229
f 2780 2551 3041
f 2005 2858 3075
f 2895 3125 3129
f 2275 2205 2147
f 2365 1684 1685
f 2897 2861 2279
f 2062 3017 1774
f 2234 2512 2012
f 1957 1815 2680
f 2763 2751 2694
f 1654 2990 1653
f 2466 1866 1640
f 2853 2460 2699
f 3124 2965 1962
f 2495 2407 2290
f 2357 2235 2961
f 2172 2383 2561
f 2369 1731 2926
f 2014 1850 2827
f 2155 1879 2112
f 2419 2694 2751
f 1911 2724 2765
f 1766 1888 3059
f 2427 2485 2261
f 3035 2919 1793
f 1986 2316 2757
f 1978 2091 1901
f 3029 1918 2268
f 3060 2405 1849
f 1886 2993 2347
f 2851 1995 2586
f 2726 2659 2587
f 3036 3131 2611
f 2579 2489 1581
f 2523 2514 2497
f 1918 2829 2849
f 2064 2429 2772
f 1913 1941 2484
f 2202 2257 2405
f 2218 2035 2836
f 2790 1900 2977
f 2694 2195 2500
f 1666 1667 2700
f 2222 2087 2862
f 1992 2630 2135
f 2274 3111 2901
f 1713 1805 1712
f 2526 2575 2798
f 2216 1737 1738
f 2654 2128 2021
f 2135 2555 1772
f 2400 1910 2907
f 2266 2037 2527
f 2487 2872 3084
f 2127 2704 2411
f 3011 2825 2683
f 2214 2607 1777
f 2859 2689 2163
f 3053 2231 1969
f 2445 1812 2346
f 2877 2753 2378
f 2607 2968 2068
f 2774 1680 1940
f 2224 2892 1937
f 2076 2936 1624
f 2435 1953 2293
f 2244 1989 1940
f 2100 2567 3094
f 2567 2025 2989
f 2366 2954 2923
f 2693 2214 1777
f 1722 1723 2101
f 1719 2691 1718
f 2082 2959 2061
f 2773 1923 2550
f 3098 2137 2608
f 2434 1905 2579
f 2749 2738 3026
f 1768 2923 3154
f 1799 2332 2348
f 3083 1750 2639
f 1909 1826 2423
f 2507 2027 2634
f 2020 2432 1848
f 2239 2528 2081
f 1974 2381 2538
f 2754 2846 2220
f 2795 2592 2464
f 3046 2383 2892
f 2492 1884 1860
f 1652 1827 2740
f 2642 1819 2571
f 2216 2682 2263
f 2619 2573 2714
f 2718 2433 2894
f 2656 2509 2905
f 2985 3151 2590
f 1814 2098 2664
f 2451 2231 1838
f 2268 2931 2882
f 2439 2316 1986
f 2049 1764 1635
f 2238 2983 1842
f 2051 1971 1917
f 1712 1805 3099
f 2288 2464 2592
f 2450 3141 2095
f 2548 3146 2038
f 2317 2123 2039
f 1976 3045 2774
f 2469 2037 2832
f 2884 1604 1959
f 3052 2541 1831
f 1988 1878 2417
f 2594 1878 1988
f 3027 2430 2789
f 2388 2260 2143
f 2354 1954 1966
f 2315 3077 3059
f 1666 2329 1665
f 1803 1998 2768
f 2897 2013 2759
f 3050 1778 2002
f 2938 2803 2443
f 2062 2641 2360
f 2785 1958 1808
f 1958 3033 1975
f 2375 2695 2193
f 2067 2199 2463
f 2233 1832 1999
f 3039 2796 2116
f 1963 2465 2440
f 1811 1935 2677
f 2399 2257 2202
f 2686 2369 2926
f 3077 2526 2798
f 2819 2965 2073
f 2289 2934 1935
f 1898 3140 2187
f 1698 1699 2681
f 1703 1924 1702
f 3026 1761 1885
f 2855 1889 2649
f 1958 2266 2527
f 2678 1894 2019
f 3092 2800 3105
f 1620 1621 2106
f 2136 3054 3144
f 1869 1825 2398
f 2188 2673 1951
f 2009 2268 2882
f 2884 1959 1838
f 2654 3134 2955
f 2616 2235 2251
f 2055 3115 3048
f 2569 1760 2596
f 1646 2344 2569
f 2753 2313 2378
f 2721 3000 2986
f 2222 2416 2718
f 1591 1987 1590
f 2551 3107 2935
f 2599 2881 2362
f 1984 1613 2792
f 1887 2164 1927
f 1985 2091 2676
f 2506 2145 1812
f 2944 3078 2553
f 2122 1881 2775
f 2461 2338 2386
f 2844 2063 2470
f 2476 2679 1781
f 1972 2969 2408
f 2541 2206 2390
f 2312 2249 2847
f 1851 1873 2802
f 2475 2380 2398
f 2387 1783 1644
f 2762 1860 2895
f 2773 2102 1923
f 2955 2024 2040
f 2376 2981 3023
f 1870 2479 2564
f 2691 2308 1718
f 3102 2913 1694
f 2867 2589 2326
f 3022 2143 2684
f 1681 1682 1967
f 2277 2122 2775
f 2150 2883 2046
f 2230 2363 2708
f 1681 1967 2244
f 2447 2366 2050
f 2269 1643 1783
f 1798 2593 1816
f 2303 1724 1725
f 2856 2484 2108
f 2409 2467 2670
f 2443 2255 1877
f 2996 2662 1807
f 1972 2408 1863
f 2933 2257 2140
f 2556 1727 1996
f 2806 2871 2298
f 2536 2413 2963
f 2858 1833 3075
f 2871 2151 2298
f 1797 2620 1906
f 1665 2951 1664
f 2906 2565 2801
f 2781 2281 2852
f 2256 1931 2157
f 2836 2035 2340
f 2709 2228 1842
f 2649 1656 2535
f 1899 2307 2797
f 2676 2091 1978
f 1886 1922 2026
f 2264 1792 2723
f 1845 2472 1976
f 1881 2358 2775
f 2225 2978 2976
f 2502 2402 2036
f 2221 2821 2071
f 2522 2213 1994
f 2245 2463 2491
f 2491 2463 1945
f 1763 3066 2622
f 2104 3061 1837
f 2529 2467 2409
f 2230 2022 2841
f 2533 2322 3140
f 2459 2130 2927
f 2797 2307 2382
f 2006 2028 3071
f 2898 1888 1766
f 2226 3115 1743
f 2343 2198 2646
f 2407 2959 2082
f 2920 2994 2200
f 1628 1629 1902
f 3047 2024 2475
f 1687 1812 1968
f 2382 2829 2156
f 3058 2842 1776
f 2854 1802 2523
f 1905 2434 1799
f 3026 1973 1761
f 1886 2026 3080
f 3066 1763 2490
f 3025 2859 1955
f 3007 3085 2248
f 3014 2004 2179
f 1593 2224 1937
f 3041 2551 2935
f 1632 1633 3017
f 1839 2435 2711
f 2786 2403 2807
f 2588 2263 2448
f 1926 2232 2180
f 3088 2857 1837
f 2904 2856 1925
f 2742 3156 2585
f 2758 2074 2805
f 2314 2087 2222
f 1830 1763 2622
f 1843 1915 2667
f 2767 2982 2613
f 2066 2520 2758
f 2931 1918 1947
f 1708 3156 2742
f 2566 1857 2353
f 3076 2168 2842
f 2328 1785 1625
f 3100 3122 2747
f 3033 1952 1786
f 2635 2063 2265
f 2429 3130 2191
f 2304 2725 3038
f 2609 2184 2112
f 2227 2356 2410
f 2618 2275 2305
f 2683 2825 2814
f 1759 3029 2268
f 2525 1852 1917
f 2952 2901 2483
f 3070 1801 2952
f 2011 3138 2549
f 2420 3012 2987
f 1961 2815 1963
f 2164 1887 2031
f 2326 1810 2580
f 2606 2798 2397
f 1579 1580 2823
f 1749 1900 1748
f 2564 3092 2633
f 2373 3123 1770
f 1828 2216 2263
f 1997 2995 2908
f 2948 3019 2824
f 2016 2511 3099
f 2462 1954 2908
f 2551 2438 3107
f 2080 2981 2964
f 2161 1934 3054
f 2634 2928 2507
f 2969 2927 1873
f 2753 2683 2313
f 1978 2530 2313
f 1588 2687 2794
f 1826 1909 1990
f 3079 1882 2071
f 3062 2509 2641
f 2566 2353 2882
f 2931 1947 2617
f 2077 1896 2844
f 3045 2001 1679
f 2116 3001 2688
f 2826 2686 2311
f 2597 1835 2876
f 1935 2934 2211
f 2987 3012 2504
f 2555 3020 1772
f 1888 2898 2603
f 2392 2047 3089
f 2702 2939 1895
f 3026 1885 2637
f 3069 2124 2176
f 1812 1688 2506
f 1904 2838 2757
f 2168 2860 2131
f 2799 2928 2634
f 2031 2359 2696
f 2426 2065 2749
f 2994 2707 1902
f 1720 1818 2691
f 3070 2270 1950
f 2257 2933 1849
f 2511 1711 1712
f 2077 3061 1988
f 1952 3120 1786
f 2759 3066 2490
f 2002 3030 2050
f 2943 2957 2074
f 2599 2362 2167
f 1948 2696 2970
f 2597 1990 2241
f 2185 3112 3028
f 2412 1902 1629
f 3093 2879 2437
f 2310 1854 2907
f 2376 3023 2070
f 3061 2104 1988
f 2164 2031 1838
f 2810 2909 2206
f 2108 2058 2901
f 2028 2984 3071
f 2568 1848 2432
f 3109 2906 2801
f 2331 2671 2666
f 1916 2997 2048
f 1611 1612 2295
f 3146 2211 1887
f 2479 1858 2183
f 2821 2221 2706
f 1606 2231 2451
f 2792 1614 2422
f 2867 3082 2589
f 2684 2143 2908
f 2072 2266 2394
f 1940 1680 1681
f 2888 1810 2563
f 2629 1683 2273
f 1961 1606 1607
f 2528 2000 1814
f 2458 2226 1744
f 2226 1743 1744
f 3139 1709 1710
f 2511 1712 3099
f 2782 2050 3030
f 3064 1912 1804
f 2512 1808 2012
f 2508 2402 2978
f 2618 2430 2275
f 2643 2546 2081
f 3086 3006 3004
f 1677 1678 2937
f 2469 3061 2077
f 2212 1807 2662
f 2749 3026 2426
f 2310 1910 2624
f 2082 2061 2972
f 2669 3016 2028
f 2636 2096 2265
f 1922 2347 2355
f 2520 2066 1780
f 2124 1933 1946
f 2609 1877 2334
f 2122 3010 2817
f 2063 1765 2265
f 2265 2012 2635
f 3106 1962 2957
f 2745 3051 2661
f 2451 1605 1606
f 2625 2220 2547
f 2406 1840 2272
f 1740 1741 2182
f 2449 2327 2919
f 3035 3091 2913
f 1594 3042 2224
f 1769 2406 2240
f 3030 1778 1839
f 2123 2950 2212
f 3045 1679 1680
f 3151 2167 2362
f 2173 2839 2653
f 2892 3042 3046
f 2089 2235 2357
f 1762 2423 2428
f 3118 2001 3045
f 2178 2857 3088
f 2645 3096 3051
f 2995 2462 2908
f 1824 3105 2524
f 1994 3105 2800
f 2259 2158 2866
f 2748 2863 2808
f 2285 2940 2485
f 2367 1800 1880
f 2575 2945 3096
f 2661 3051 1789
f 1816 2593 2730
f 2543 2983 2694
f 1999 3142 2209
f 2108 1925 2856
f 3034 2380 2532
f 2187 3140 2054
f 1808 2512 2785
f 2558 2063 2844
f 2785 2512 1952
f 2444 2200 3068
f 2275 3027 2205
f 2798 2575 2598
f 2942 2306 2318
f 1806 1928 2765
f 2194 2154 2181
f 1846 2976 2379
f 2462 2995 2745
f 2079 2117 2324
f 2800 2479 2183
f 2296 2027 2186
f 1984 2440 2465
f 2799 1601 1602
f 1759 2148 2595
f 3029 2829 1918
f 1738 1739 2301
f 2166 3091 1793
f 2902 2172 2809
f 2275 2430 3027
f 1763 1878 2878
f 1778 1867 2668
f 2800 3092 2479
f 2987 2376 2420
f 3021 3087 2052
f 1773 2621 3090
f 1589 1590 1862
f 2284 1856 2052
f 3156 1708 2335
f 2511 3019 2948
f 3113 1891 2510
f 2778 2121 2944
f 2507 2928 2008
f 2286 2120 2456
f 2283 2562 2861
f 2097 2830 1785
f 2815 1961 1607
f 2444 2437 3055
f 2618 2395 2430
f 2450 2095 1823
f 2949 2751 2539
f 2841 2329 2363
f 2519 2088 2241
f 2241 2088 2023
f 2604 2600 2414
f 2924 2163 1771
f 1798 2535 1656
f 2413 2319 2350
f 2144 2883 2723
f 2122 2409 1881
f 2138 1603 1948
f 2241 2023 1835
f 2168 3076 2899
f 2482 2192 1847
f 2867 2921 2684
f 2217 2958 2616
f 2999 2579 1582
f 1790 1587 2794
f 2515 1609 1610
f 2031 2884 1838
f 3052 2219 2320
f 2328 1626 1627
f 2961 1829 2885
f 2275 2139 2305
f 2170 2705 2193
f 1637 1638 1893
f 1916 3106 2943
f 3098 2090 2252
f 1844 3017 1633
f 1636 1637 2199
f 2636 3154 1876
f 2920 2200 2444
f 1605 2451 1959
f 2432 2494 2320
f 2478 2936 2076
f 2453 2283 2830
f 2504 2457 2212
f 2251 2235 2089
f 2585 1971 1706
f 3060 1796 2405
f 2280 1690 1691
f 1865 2042 2145
f 2544 2355 1981
f 2363 2230 2841
f 2220 2321 2754
f 1926 2546 2643
f 1903 2988 2531
f 2896 3144 2675
f 2419 2543 2694
f 1879 2228 2709
f 2385 1795 3121
f 1820 2348 2218
f 2784 2545 1875
f 2186 2847 2249
f 1844 1633 1634
f 2536 2963 2766
f 2966 2870 2225
f 3112 2712 3028
f 1852 2525 2734
f 2405 2257 1849
f 2902 2809 1987
f 1993 2576 1966
f 2883 2264 2723
f 2152 2389 2744
f 2232 2927 2130
f 2420 2459 3012
f 3124 3089 2965
f 2658 2388 3022
f 1700 1701 2092
f 1971 1705 1706
f 2325 2795 2464
f 2475 2024 2380
f 1951 2647 2188
f 2796 2701 2501
f 2146 3129 1651
f 2953 2777 2615
f 2415 2287 2280
f 2243 2157 2182
f 2010 3149 2134
f 2117 3007 2324
f 2437 2279 3055
f 2508 2978 2225
f 2259 2338 2787
f 2713 2435 2668
f 2584 1717 1718
f 2690 1721 3143
f 2461 2386 2835
f 2480 2259 2866
f 2392 1944 2047
f 2997 2406 2404
f 2672 2402 2502
f 3119 2858 2297
f 2555 1815 3020
f 2916 2881 2599
f 2588 2448 2256
f 2345 3150 2571
f 2911 1811 3018
f 2532 3134 3034
f 2453 2947 1956
f 3148 2444 2019
f 2214 2599 2607
f 2655 1675 1676
f 1929 2977 2371
f 1744 1745 2458
f 3106 2957 2943
f 2735 2030 2033
f 3126 2213 2522
f 2486 2177 2020
f 2644 2076 1624
f 2408 1873 1851
f 1685 2880 2365
f 2527 2037 2470
f 1873 2927 2232
f 2698 2080 2086
f 1960 2455 2369
f 2820 2910 2496
f 1767 1992 2135
f 2601 1907 2924
f 1984 2465 2295
f 2601 1771 2911
f 2243 1741 1742
f 2483 3070 2952
f 2764 2023 2125
f 1862 2401 2885
f 2658 3022 2921
f 2872 2513 2998
f 1786 1920 3033
f 1777 1967 2693
f 2878 1815 1957
f 2935 2538 1930
f 2666 2497 2514
f 1991 2262 1790
f 1990 2597 2560
f 2190 2171 3015
f 2224 1593 1594
f 1593 1937 1592
f 2621 2133 2174
f 2118 1780 2839
f 2589 2563 2326
f 1734 1735 2169
f 2439 2980 2316
f 2595 3029 1759
f 3134 3041 3034
f 1982 2968 1813
f 1773 2073 2621
f 2094 2171 2190
f 2565 2906 2105
f 2565 2105 2323
f 2586 2019 2756
f 2512 2234 3120
f 1995 2050 2782
f 2720 3079 2283
f 2231 1606 1961
f 2541 1927 1831
f 3117 2384 2652
f 2434 2196 2384
f 1655 1889 1654
f 2587 2034 2481
f 2501 3103 2302
f 1818 2308 2691
f 2415 3011 2877
f 2880 2442 2776
f 2587 2659 2783
f 2509 1757 2641
f 1958 2785 3033
f 2878 1878 2594
f 2083 2172 2561
f 2876 1823 2374
f 3095 2564 2633
f 1848 2568 2422
f 2107 2422 2568
f 2494 2812 2810
f 2064 3143 1921
f 2716 2578 2116
f 2201 2658 2921
f 2290 2750 3072
f 2858 2005 1846
f 3119 2350 2806
f 1997 2260 3051
f 2628 3115 2226
f 3008 2659 2100
f 2100 2210 2025
f 1723 1724 1950
f 2669 2542 3016
f 1585 1586 2914
f 1784 2093 2246
f 2141 2115 3043
f 2493 2355 1670
f 2797 2382 3005
f 3002 2140 2674
f 3096 2645 2003
f 2791 2676 2865
f 2503 2333 2014
f 1766 3115 2628
f 2119 2951 2841
f 2769 2292 2761
f 1595 2120 1594
f 2186 2027 2847
f 2577 2536 2153
f 2778 2553 1641
f 2461 2537 2510
f 3128 2614 2034
f 2912 2253 1870
f 2680 2630 2996
f 2908 1954 2339
f 2531 2254 2124
f 1600 1601 2296
f 2286 3042 2120
f 2007 1994 2800
f 1596 1597 2105
f 1736 1737 1828
f 2557 2318 2940
f 2165 1807 2212
f 1926 2180 2546
f 2559 2274 2113
f 3130 2208 2499
f 2281 2781 2309
f 3135 2985 3040
f 3001 2811 2848
f 1849 2148 1939
f 2004 1960 2179
f 2984 2899 1874
f 2818 2843 1991
f 2441 1931 2301
f 1968 1872 1686
f 2888 2084 1810
f 2408 1851 2044
f 2469 2470 2037
f 2029 2078 2161
f 2326 2201 2921
f 1944 2945 2047
f 2357 1779 2089
f 2677 2098 2000
f 2696 2359 2018
f 2205 3021 3133
f 2281 3138 2852
f 2617 1699 1700
f 2716 2992 2638
f 2993 1668 2347
f 3030 2002 1778
f 2058 2932 2274
f 2248 2142 3071
f 2521 2612 2975
f 2134 3149 2487
f 2537 2461 2835
f 2005 3075 2185
f 2629 2373 1683
f 1933 2254 2377
f 2596 1649 3125
f 1871 2569 2596
f 2728 2021 1804
f 2414 2381 2095
f 2335 1708 1709
f 1832 2233 2482
f 2936 2821 1855
f 2075 1622 1855
f 2144 2570 2883
f 2223 2581 2615
f 2330 3073 2577
f 2356 2334 2255
f 2751 2949 2419
f 2990 1827 1653
f 2738 2749 2808
f 1637 1893 2199
f 2170 2319 2705
f 1792 3080 2026
f 2740 2989 2215
f 2050 1768 2002
f 2864 2191 2725
f 2382 2307 2829
f 2055 1742 1743
f 2645 2260 2388
f 2418 2655 2250
f 3065 1979 2537
f 2904 1925 1800
f 3058 3002 2674
f 2405 2874 2202
f 2051 1704 1971
f 2074 2087 2258
f 3123 1934 1770
f 1905 2331 2489
f 2885 1829 1862
f 1948 1604 2884
f 3025 2795 2801
f 2138 1602 1603
f 3109 2801 2325
f 2981 1992 3135
f 2504 2212 2662
f 3000 2082 2972
f 2660 2814 2166
f 2662 2996 2651
f 2104 2857 1772
f 2980 2307 2316
f 2131 2860 1904
f 2169 1735 2069
f 2724 2263 2588
f 2731 2614 2247
f 2017 2170 2193
f 2833 2929 2608
f 2982 2171 2613
f 2573 2946 2891
f 2623 1589 1862
f 2752 2003 1841
f 2789 2473 2242
f 2520 2929 2094
f 2336 2823 1822
f 3038 1714 1715
f 1874 2638 2984
f 2549 3138 2281
f 2124 1946 2784
f 2177 2522 3152
f 3126 2177 2486
f 3100 2221 2071
f 2610 2467 2026
f 2501 2282 2159
f 2556 2370 2904
f 2130 1943 2232
f 2911 3018 2601
f 2567 3036 3094
f 2141 1906 3004
f 2819 2653 2965
f 2645 2388 1841
f 2211 2934 2018
f 2799 2138 2970
f 2144 2443 2570
f 2989 2364 2567
f 2247 1949 2103
f 2067 2463 1775
f 2600 2381 2414
f 2494 2893 2320
f 2007 2800 2183
f 1851 1898 2044
f 2948 1711 2511
f 2725 2499 2175
f 2113 3001 2848
f 2148 1759 1834
f 2514 2523 2697
f 2035 3098 2252
f 3114 2208 3130
f 1707 2742 2585
f 2092 2566 2931
f 3060 1849 1939
f 2059 2034 2587
f 1949 2788 2103
f 3073 2110 2505
f 2956 2582 1853
f 2210 2746 2204
f 2990 2989 1827
f 2652 1914 2368
f 2666 1822 2331
f 2009 2882 2734
f 2681 2192 2482
f 2755 1933 2377
f 2045 2629 2273
f 3028 1910 2400
f 2067 1775 2886
f 1938 3147 2851
f 2861 2321 2720
f 2717 2513 3149
f 2069 1828 2488
f 3081 2834 1932
f 1971 2585 1917
f 2831 2670 2544
f 2203 2956 2154
f 2463 2245 1775
f 1643 2269 1642
f 2354 2339 1954
f 2241 1835 2597
f 2476 1781 1824
f 1963 2440 2349
f 2070 2979 3047
f 2365 2776 2273
f 2690 2868 2308
f 1925 2108 2952
f 2865 2814 2991
f 1936 2552 3091
f 2410 2356 1949
f 2708 2363 2700
f 2696 1948 2884
f 2847 2027 2689
f 2165 2680 1807
f 2912 1851 2802
f 2106 2468 2372
f 2018 2008 2970
f 2021 2128 2554
f 2029 2305 2139
f 2567 2100 2025
f 2146 2492 2762
f 2959 2407 3013
f 1806 2385 1928
f 3097 2687 1829
f 2576 2242 2473
f 1914 2850 1584
f 2348 2137 2218
f 2515 1611 1965
f 3053 1831 2164
f 3134 2532 2955
f 2444 3068 2019
f 2706 2075 1855
f 2830 2097 2453
f 1809 2256 2397
f 2314 2240 2258
f 2866 3006 3086
f 2803 3010 2582
f 2894 2433 2284
f 1592 2902 1591
f 2672 2502 1764
f 2923 2954 2748
f 2258 2240 2997
f 2628 2887 1859
f 2492 2204 1884
f 2640 3062 2804
f 2238 2228 3131
f 2100 3094 3008
f 1989 2774 1940
f 2093 1784 2309
f 2567 2364 3036
f 2152 2744 2949
f 2231 1961 1969
f 2291 1868 2057
f 1848 1616 2020
f 2253 2912 2802
f 2449 2910 2710
f 1793 2327 2660
f 2181 2956 1853
f 2960 1920 1786
f 2902 1987 1591
f 2961 2958 2818
f 2451 1838 1959
f 2236 1608 1609
f 2085 1975 1892
f 1670 2355 1669
f 2238 2043 2983
f 1860 2853 2699
f 2876 1835 2450
f 1943 3047 2475
f 2396 3133 2351
f 2446 2434 2384
f 2573 2619 2946
f 2981 2080 3023
f 2822 3025 2801
f 1784 2281 2309
f 2243 2182 1741
f 2704 3121 2411
f 2178 1813 2985
f 2391 1786 2250
f 2692 2400 2225
f 2581 2223 2808
f 1772 2857 2178
f 3088 1982 1813
f 2170 2151 2871
f 3065 2223 2615
f 2268 2009 1759
f 3044 1960 2686
f 2604 2414 2464
f 3025 2592 2795
f 2655 2418 2890
f 2480 2250 3120
f 2818 2033 2843
f 2066 2758 2805
f 2613 2833 2099
f 3090 2827 1773
f 1935 3132 2677
f 2432 2020 3152
f 2776 2045 2273
f 1946 2755 2550
f 2350 2319 2806
f 2709 2112 1879
f 2921 3022 2684
f 2385 1809 2598
f 1950 1801 3070
f 1924 2353 1857
f 2520 2094 2862
f 2396 2915 2946
f 2890 1675 2655
f 2250 2480 2418
f 2773 2727 2198
f 2914 1586 2262
f 2117 3085 3007
f 2132 1728 1729
f 2332 1799 2446
f 2341 2914 2262
f 2495 3013 2407
f 3051 2260 2645
f 2493 1671 2620
f 2670 2467 2544
f 2259 3120 2234
f 2870 2640 2804
f 2418 3086 2890
f 2271 3065 2537
f 2686 2926 2311
f 2719 2686 2826
f 2421 2986 2972
f 1924 1857 1702
f 2297 1775 2245
f 2151 2731 2247
f 2270 2483 2703
f 2134 2487 2786
f 2622 3066 2436
f 2749 2581 2808
f 2862 2087 2758
f 2652 2368 2914
f 2657 2462 2745
f 1683 2373 3116
f 2796 2992 2716
f 1719 1720 2691
f 1684 2365 2273
f 1769 3087 1840
f 2336 1822 1754
f 2503 1747 2333
f 2409 2122 2817
f 1906 2583 3004
f 2605 2182 1931
f 2827 3090 2014
f 2920 3055 1956
f 2830 2478 1785
f 2343 2445 2198
f 2825 3011 1758
f 2207 3123 2629
f 2764 3009 2023
f 1794 2004 3014
f 3002 2933 2140
f 1814 2736 2528
f 1894 1843 2667
f 2246 2728 1782
f 2818 2958 2033
f 1736 2069 1735
f 2285 2571 1819
f 2383 3046 3136
f 2600 2518 2538
f 2201 2326 2580
f 1861 2198 2346
f 2038 2390 2206
f 2138 2799 1602
f 2163 2507 1771
f 2349 3052 1831
f 3039 2431 2701
f 2159 3103 2501
f 2408 2044 1863
f 2664 2572 1858
f 3080 2700 2993
f 1657 2300 2593
f 2508 2870 2804
f 1830 2293 1953
f 3094 3036 2611
f 2297 2245 2350
f 2465 1965 2295
f 2912 1870 2564
f 1600 2296 1599
f 2450 3009 3141
f 2994 1956 2707
f 2298 1833 2806
f 3101 3026 2637
f 2356 2255 1949
f 2170 2017 2731
f 3128 2247 2614
f 2631 1661 1662
f 3131 2228 2611
f 2598 2575 2003
f 2765 1928 2318
f 3058 1776 3002
f 3067 2860 2899
f 1800 1801 2303
f 2627 3058 2732
f 2626 2197 3156
f 1717 2584 2129
f 2657 3106 1916
f 1817 2337 1845
f 2411 2487 2127
f 2367 2556 2904
f 2415 2280 1758
f 1701 1857 2566
f 1718 2308 2584
f 2429 2703 3130
f 2477 2246 1782
f 1840 3027 2272
f 2283 3079 2830
f 2534 2012 2096
f 2169 2922 2642
f 3057 2719 2425
f 2696 2018 2970
f 1604 1605 1959
f 2646 2377 2925
f 2531 2988 2254
f 2222 2114 3074
f 2173 2819 1773
f 3144 1903 2675
f 2047 1888 3089
f 2041 2739 3104
f 2842 2627 3076
f 2021 2554 1804
f 1995 2851 2447
f 1908 2427 2261
f 2865 2676 2313
f 3073 2375 2577
f 2702 1945 2939
f 2792 2107 1984
f 2664 2918 2572
f 1625 1626 2328
f 2759 2490 2317
f 3100 2625 3122
f 2054 2123 2457
f 2714 2089 2561
f 2323 1598 2474
f 2261 3072 1908
f 2427 2345 2485
f 2876 2450 1823
f 2398 2126 1869
f 1911 2488 2724
f 2563 2060 2888
f 2280 1691 1758
f 2513 2061 2998
f 2123 2317 2950
f 2328 1627 2947
f 2517 2292 2769
f 2763 2973 2539
f 2611 2228 1879
f 2766 1866 3078
f 2171 2982 3015
f 1820 1970 2854
f 1802 1751 1752
f 2603 2133 2073
f 3083 2977 1749
f 3089 2603 2965
f 1889 2855 2364
f 2609 2570 1877
f 2566 2092 1701
f 3002 1776 2156
f 3117 2613 2099
f 2336 1579 2823
f 1989 2244 1817
f 2774 3045 1680
f 2512 3120 1952
f 2115 3113 3043
f 2393 1810 2084
f 2735 2342 3074
f 2827 2816 1773
f 2371 3083 2854
f 2914 2368 1585
f 3015 2982 2341
f 2741 1762 2011
f 2262 1991 2162
f 2145 2506 2287
f 2550 2545 1946
f 1648 2344 1647
f 2569 1788 1646
f 2845 3127 2632
f 1733 2837 1732
f 2675 1903 2531
f 3123 2373 2629
f 2730 2593 2300
f 2883 2150 2264
f 2671 2331 1905
f 2671 1799 2497
f 2541 2390 1927
f 2572 1864 2909
f 3073 2505 2375
f 2770 2121 2460
f 2561 2383 3136
f 2351 1856 2915
f 2312 2847 2859
f 1835 3009 2450
f 2009 1834 1759
f 1947 2192 2617
f 2416 2222 3074
f 3022 2388 2143
f 2065 1853 2953
f 2670 2831 2358
f 1787 1842 2543
f 2330 2577 2153
f 2078 1784 2246
f 2794 2687 3097
f 2831 1981 1797
f 1778 3050 1867
f 2359 1887 2211
f 2601 3018 1942
f 2400 2966 2225
f 1621 1622 2075
f 1781 3105 1824
f 3122 2930 2747
f 1845 3063 2072
f 2618 2136 3144
f 2292 2973 2763
f 2389 1792 2264
f 1879 1897 3094
f 2227 2155 2184
f 2925 2880 1872
f 2473 2395 2896
f 3050 1765 1867
f 2321 2220 2032
f 1941 2282 2701
f 2303 1880 1800
f 2579 2999 2434
f 1752 1753 2697
f 2750 2540 3072
f 2179 3044 3003
f 2542 2498 3016
f 2660 2166 1793
f 1970 2836 2371
f 1822 2666 1753
f 3126 1618 1619
f 3152 2020 2177
f 2599 2167 2607
f 2337 3063 1845
f 2404 2272 2242
f 2424 2105 2906
f 2151 2247 2294
f 2731 2017 2614
f 2878 1957 2490
f 2472 3118 1976
f 2445 2346 2198
f 2337 1817 1777
f 1865 2145 2287
f 2791 2991 2612
f 1844 1634 2502
f 2886 2379 2978
f 2665 2981 2376
f 1863 2457 2504
f 2249 2352 2186
f 2015 2891 1856
f 3001 2116 2811
f 2716 2638 1874
f 2722 3074 2114
f 2519 3136 2088
f 2196 1583 2850
f 2608 2332 2099
f 2942 3084 2306
f 2267 2169 2642
f 2544 2467 2610
f 3043 1906 2141
f 2121 1783 2460
f 1788 1645 1646
f 2448 2301 1931
f 2755 2727 2550
f 1666 2700 2329
f 1663 2517 2769
f 3146 1927 2390
f 1596 2105 2424
f 2785 1952 3033
f 1786 2391 2960
f 1933 2124 2254
f 2011 1762 2428
f 2807 1841 2388
f 2669 3145 2975
f 1892 2001 3118
f 2068 2968 3063
f 2354 2176 2339
f 3063 2968 1982
f 3074 2722 2735
f 2214 2693 2916
f 3072 2261 2495
f 2603 2898 2133
f 3135 2964 2981
f 2974 2322 2547
f 3108 2051 1917
f 1874 2899 3076
f 2804 2036 2402
f 2648 1854 2851
f 2342 2416 3074
f 2401 1590 1987
f 2900 2978 2672
f 2199 2067 2049
f 1828 2263 2488
f 3082 2339 1875
f 1980 1983 2661
f 1840 3021 3027
f 2160 1932 2874
f 3081 1932 2160
f 2074 2957 2805
f 3133 1762 2741
f 2642 2922 1819
f 1791 2267 2642
f 2239 1811 2000
f 1870 2664 1858
f 2803 2817 3010
f 1981 2355 2493
f 1651 1652 2740
f 3010 2277 2582
f 1795 2752 2403
f 3084 2872 2998
f 2782 2678 2586
f 2846 2974 2220
f 2738 2863 1973
f 1649 1650 3125
f 3023 2979 2070
f 2604 2288 2057
f 2209 3142 1696
f 2683 2865 2313
f 2173 1773 2118
f 2579 1581 1582
f 2454 3031 2072
f 2680 2996 1807
f 2358 2831 2237
f 2730 2195 2043
f 2539 2022 2949
f 2587 2783 2059
f 2541 3052 2893
f 2423 1762 2396
f 2176 2124 2784
f 1923 2102 2743
f 2107 2792 2422
f 1831 1927 2164
f 3056 2015 2284
f 2406 2997 2240
f 1779 1987 2809
f 2679 3095 2633
f 2765 2318 2557
f 2318 1928 2704
f 2659 2210 2100
f 3154 2636 3050
f 1791 3150 2425
f 1730 2455 1729
f 2902 1592 2172
f 2946 2619 1909
f 3143 2868 2690
f 2189 1883 2041
f 2943 2074 2258
f 2896 2395 2618
f 2108 2901 2952
f 2431 1941 2701
f 2296 2634 2027
f 2177 3126 2522
f 2340 2118 2816
f 2941 2340 2816
f 2652 2384 2850
f 2222 2862 2114
f 2586 1995 2782
f 2115 2141 3006
f 2558 2713 1867
f 2923 1876 3154
f 2293 2622 2711
f 2039 2846 2317
f 3056 2433 2873
f 1782 2229 1770
f 3039 2688 2431
f 2042 1865 2877
f 2970 2008 2928
f 1612 1984 2295
f 2606 2243 3048
f 3084 2998 2917
f 2786 2658 2201
f 2393 2421 2010
f 1876 2903 2636
f 3101 2103 2194
f 2437 3148 3093
f 2036 2804 1774
f 2343 1968 2445
f 2717 2061 2513
f 2218 1970 1820
f 1584 1585 1914
f 2481 2034 2695
f 2738 1973 3026
f 2182 2157 1931
f 2421 2972 2717
f 2980 2849 2829
f 2411 2403 2786
f 2078 2029 1784
f 2057 2518 2604
f 2538 2518 1869
f 2696 2884 2031
f 2448 1931 2256
f 2755 2646 2727
f 2071 1882 3100
f 2468 2075 2149
f 2594 1988 3020
f 2881 2916 2229
f 2574 2282 1913
f 2837 1791 2311
f 2764 2456 2906
f 2251 2891 2015
f 1964 3093 2436
f 2039 2974 2846
f 2977 1900 1749
f 2487 2411 2786
f 2546 1825 2081
f 2964 3135 3040
f 2762 2492 1860
f 3129 2762 2895
f 2237 2831 1797
f 1979 3113 2510
f 2377 2646 2755
f 1934 3123 3054
f 1636 2049 1635
f 2049 2900 1764
f 1823 1974 2374
f 2438 2729 3107
f 1948 1603 1604
f 1611 2515 1610
f 1641 2466 1640
f 1895 1639 1640
f 2096 2903 2386
f 2230 2152 2022
f 3055 2920 2444
f 2568 2432 2320
f 2391 1677 2960
f 2417 1830 1953
f 2266 1958 1975
f 2831 2544 1981
f 1669 2347 1668
f 2853 2770 2460
f 2937 2001 1892
f 2244 1967 1777
f 2839 2805 2653
f 2385 3121 1928
f 1942 3018 2291
f 2325 3141 3109
f 2125 2286 2456
f 2554 2086 3064
f 2459 2927 2969
f 2098 2918 2664
f 2549 2281 1784
f 1943 2130 3047
f 2707 2947 2516
f 2747 1919 2149
f 2756 1938 2586
f 2664 2253 1814
f 1837 3031 2454
f 2960 2937 1920
f 2803 2956 2203
f 1653 1827 1652
f 2233 2209 2962
f 2910 2820 2813
f 2064 2270 2703
f 1714 3038 2715
f 2848 2559 2113
f 2425 2826 1791
f 2179 1960 3044
f 2605 1740 2182
f 3155 3126 1619
f 3140 1898 3095
f 2575 2526 2945
f 1766 2628 1859
f 2485 2452 2261
f 2786 2807 2658
f 1905 1799 2671
f 2666 2514 1753
f 2879 1964 2013
f 2478 2821 2936
f 2793 2505 2110
f 2553 2466 1641
f 2783 2227 2059
f 3129 1650 1651
f 1886 3080 2993
f 2358 1881 2670
f 1609 1965 2236
f 2206 2909 1864
f 3077 3048 3059
f 2540 3085 3072
f 2498 2542 2910
f 1901 2102 2530
f 2111 2276 2174
f 2252 1780 2118
f 2632 3127 1999
f 1832 1986 2632
f 2525 2197 1939
f 2129 2868 2875
f 2817 2938 2529
f 2841 2022 2119
f 2006 2142 2750
f 3014 2574 1794
f 1636 2199 2049
f 2707 2516 1902
f 2336 1755 1756
f 1773 2819 2073
f 2781 2780 2309
f 2728 1804 1782
f 2153 2536 2766
f 1860 2699 2895
f 2612 3000 2721
f 3011 2683 2753
f 2374 1974 3107
f 2008 2934 2289
f 3028 2400 2692
f 2748 2954 2863
f 3049 2641 1757
f 1844 2036 3017
f 2890 3086 1674
f 2426 2194 2181
f 3099 1951 3081
f 3019 1796 2824
f 1977 2808 2223
f 2472 1892 3118
f 2719 3057 2117
f 1819 2922 1911
f 2190 2114 2094
f 2767 2914 2341
f 1965 1609 2515
f 2236 1965 2465
f 2644 1625 1785
f 2067 2900 2049
f 1816 2737 2535
f 1663 2119 2517
f 2728 2246 2093
f 2428 1826 2729
f 3133 3021 2351
f 1769 2240 2314
f 1980 2661 1789
f 1859 2898 1766
f 3016 3067 2984
f 2814 2660 2991
f 1620 2106 2372
f 3155 2372 2213
f 2133 2898 1859
f 1822 2823 2331
f 1618 3126 2486
f 3055 2279 2562
f 1918 2849 1947
f 2197 2585 3156
f 2406 1769 1840
f 3096 2003 2575
f 2923 1821 1876
f 2037 3031 2832
f 2518 2057 1868
f 1771 2289 2911
f 2537 1979 2510
f 2763 2539 2751
f 3011 2415 1758
f 2427 1908 3057
f 1901 2888 2743
f 3054 3123 2207
f 2852 2438 2781
f 2528 2736 2779
f 2720 1882 3079
f 1919 1824 2524
f 1953 2435 2713
f 3120 2259 2480
f 2737 1816 2043
f 2535 1798 1816
f 2976 2692 2225
f 2379 2976 2978
f 2993 1667 1668
f 1922 2355 2544
f 2528 2239 2000
f 1943 2475 2180
f 2761 1660 2631
f 1803 2292 1998
f 2922 2488 1911
f 2311 2926 1732
f 3146 2548 2211
f 1868 2291 1825
f 2813 2838 2498
f 3005 1776 2842
f 2967 2855 2840
f 2649 1889 1655
f 1922 2610 2026
f 2543 2419 2046
f 2091 2888 1901
f 2988 2442 2254
f 2779 2643 2528
f 2799 2634 1601
f 2547 2322 1836
f 3122 2547 1836
f 2728 2093 2771
f 1955 2924 1907
f 2275 2147 2139
f 2161 2078 1934
f 2134 2786 2201
f 2776 2442 2045
f 2633 3092 1781
f 2232 1926 1873
f 1812 1687 1688
f 2710 2542 2109
f 2712 3112 1761
f 2413 2350 2245
f 2771 2654 2021
f 2011 2852 3138
f 3064 1804 2554
f 3155 1620 2372
f 2837 2311 1732
f 2367 1726 2556
f 2132 2004 1996
f 2986 3000 2972
f 2636 2265 1765
f 1896 1953 2713
f 2006 2669 2028
f 1951 2834 3081
f 2023 2088 2125
f 2093 2309 2771
f 2342 2217 2873
f 2714 2519 2619
f 2283 2453 2562
f 2976 2185 2692
f 2530 1861 2378
f 1806 2724 2588
f 3155 1619 1620
f 2651 2996 2630
f 2714 3136 2519
f 2519 2241 2619
f 2578 2627 2732
f 1702 1857 1701
f 2793 2204 2746
f 1897 1879 2155
f 1984 1612 1613
f 2494 2432 3152
f 2344 1646 1647
f 2596 3125 2895
f 2152 2949 2022
f 2184 2334 2227
f 2899 2860 2168
f 2650 2521 2975
f 2038 2918 3132
f 2219 2107 2568
f 2162 1991 2843
f 1586 1790 2262
f 2159 2282 2574
f 2638 3071 2984
f 2452 2306 2917
f 2315 2047 2945
f 2111 2887 2278
f 2428 2852 2011
f 1827 2989 2740
f 2978 2402 2672
f 2864 2429 2191
f 2674 3104 2663
f 2613 2171 2833
f 2579 1905 2489
f 3091 3035 1793
f 1999 2209 2233
f 1843 2782 3030
f 1891 2461 2510
f 2110 2299 2770
f 2582 2956 2803
f 2115 1891 3113
f 2539 2973 2022
f 1720 1721 2690
f 2715 2647 1713
f 2874 1932 2760
f 2353 1924 3108
f 3030 1915 1843
f 3050 2636 1765
f 2294 2247 2103
f 2364 2990 1889
f 2216 1738 2682
f 2945 1944 3096
f 2280 2287 1690
f 2675 3069 2354
f 2599 2214 2916
f 2475 2398 2180
f 3073 2299 2110
f 2460 1783 2387
f 2946 2915 2891
f 2323 2105 1597
f 2112 1787 2828
f 2043 2238 2737
f 2187 2054 2457
f 2665 2630 1992
f 2617 2192 1699
f 2270 1921 2101
f 1644 1645 2387
f 2505 2793 2481
f 2597 2876 2560
f 2083 1779 2809
f 2392 1980 1789
f 2724 2488 2263
f 2086 2964 3040
f 1777 2068 2337
f 2038 1864 2918
f 2381 2600 2538
f 3134 2654 2780
f 1930 1869 2126
f 2335 2626 3156
f 3038 2175 2188
f 2940 2285 2557
f 3115 1766 3059
f 1869 2518 1868
f 3107 1974 2935
f 2318 2306 2940
f 2605 2441 1739
f 2628 2458 2887
f 2176 2784 1875
f 1882 2032 2625
f 2396 1762 3133
f 2446 2099 2332
f 2758 2087 2074
f 2768 2730 2300
f 2983 2043 2195
f 2723 2529 2938
f 2534 2386 2338
f 2155 2227 2783
f 1877 2570 2443
f 2132 2889 2004
f 2117 3057 1908
f 3117 2652 2767
f 1743 3115 2055
f 2971 2702 1895
f 2705 2577 2193
f 2019 1894 3148
f 2808 2863 2738
f 2288 1907 2057
f 2401 1987 1779
f 2498 3067 3016
f 3103 3007 2248
f 2839 2173 2118
f 1684 2273 1683
f 2729 2374 3107
f 2057 1907 1942
f 2389 2708 1792
f 2937 1892 1920
f 2489 2331 2823
f 2653 1962 2965
f 3079 2071 2478
f 2846 2759 2317
f 2033 2030 2843
f 2357 2961 2885
f 1761 1973 2712
f 2032 1882 2720
f 2220 2625 2032
f 2212 2950 2165
f 1939 1834 2525
f 2131 2797 3005
f 2131 1899 2797
f 2168 3005 2842
f 2621 2174 3090
f 1739 1740 2605
f 2048 2997 2404
f 3153 2743 2060
f 2096 2386 2534
f 3040 3064 2086
f 2744 2419 2949
f 2500 2768 1998
f 2439 1986 3110
f 2710 2910 2542
f 2187 2044 1898
f 2328 2097 1785
f 2689 2027 2163
f 2296 1601 2634
f 2648 3147 2905
f 2355 2347 1669
f 1891 2115 2158
f 3032 1876 1821
f 2310 2907 1910
f 1853 2582 2777
f 3114 3130 3111
f 2913 1693 1694
f 2348 2332 2137
f 1850 1929 2941
f 2640 2870 2966
f 2637 2298 2294
f 2851 1854 2447
f 2076 2644 1785
f 3103 2159 2324
f 2411 3121 2403
f 3012 1972 2504
f 2031 1887 2359
f 1894 2667 3093
f 2821 2478 2071
f 2397 2798 1809
f 2710 2109 2869
f 3087 3021 1840
f 1968 1812 2445
f 2208 1883 3037
f 1714 2715 1713
f 2844 2469 2077
f 2293 1830 2622
f 1658 2768 2300
f 2768 1659 1803
f 2091 1985 2084
f 1758 1936 2825
f 2629 2045 2207
f 2779 1926 2643
f 2446 2384 3117
f 1580 1581 2489
f 2284 2052 3087
f 2790 1850 2333
f 1836 2930 3122
f 1685 1872 2880
f 2358 1979 2775
f 2788 2194 2103
f 2754 2759 2846
f 2622 2436 2711
f 1826 1990 2560
f 2048 2404 2242
f 1738 2301 2682
f 1997 2143 2260
f 2709 1842 1787
f 2364 2855 3036
f 1692 1758 1691
f 2773 1861 2102
f 1980 3124 1962
f 2805 2957 2653
f 2504 1972 1863
f 3031 2266 2072
f 2431 2932 2058
f 2811 2663 2848
f 2981 2665 1992
f 2018 2934 2008
f 2428 2423 1826
f 1992 1767 3135
f 2333 1748 1900
f 1755 2336 1754
f 3068 1757 2656
f 2366 2310 2954
f 2410 1949 2247
f 2954 2624 2863
f 2681 2482 2962
f 2506 1689 2287
f 1979 2358 3113
f 1673 1674 3004
f 2836 1929 2371
f 3083 2639 2854
f 2067 2886 2900
f 3101 2294 2103
f 2092 2617 1700
f 2584 2308 2868
f 2041 3104 2399
f 2064 1921 2270
f 2684 2908 2339
f 2727 2773 2550
f 2552 2913 3091
f 1690 2287 1689
f 2253 2664 1870
f 1811 2911 1935
f 2808 1977 1821
f 2293 2711 2435
f 2533 3140 3095
f 1778 2668 1839
f 2468 2361 2372
f 2417 2077 1988
f 2578 2811 2116
f 2552 1936 1758
f 2752 1841 2403
f 3145 2290 2650
f 2991 2791 2865
f 2975 2109 2669
f 2957 1962 2653
f 1997 3051 2745
f 2487 3084 2127
f 3027 3021 2205
f 1727 1728 1996
f 2324 2159 3003
f 2190 2722 2114
f 1588 2623 2687
f 2811 2732 2663
f 2772 2875 2868
f 2126 2398 2380
f 3046 3042 2286
f 3114 2274 2559
f 1716 1717 2129
f 1921 3143 1722
f 2584 2868 2129
f 2777 2277 2471
f 2900 2886 2978
f 2167 2968 2607
f 2394 2085 2472
f 2389 2264 2150
f 2777 2471 2615
f 2793 2746 2726
f 2536 2577 2705
f 2107 2219 2440
f 2528 2643 2081
f 2446 1799 2434
f 2368 1914 1585
f 1678 2001 2937
f 2136 2618 2305
f 2491 1945 2702
f 2553 2778 2944
f 2277 2775 2471
f 2529 2053 2467
f 1925 2952 1800
f 2750 3145 2006
f 2695 2375 2481
f 2170 2871 2319
f 1725 1726 1880
f 2875 2304 2129
f 2458 2278 2887
f 3077 2315 2526
f 2740 2146 1651
f 2255 2203 2154
f 2322 2054 3140
f 2486 1617 1618
f 2097 2328 2947
f 1885 3075 1833
f 2730 2043 1816
f 2053 1792 2026
f 2783 1897 2155
f 3101 2637 2294
f 2716 1874 3076
f 3102 1890 3035
f 1894 3093 3148
f 2453 1956 2562
f 3128 2410 2247
f 2624 1973 2863
f 1867 1765 2558
f 1878 1830 2417
f 2374 2560 2876
f 1856 2891 2915
f 2725 2191 2499
f 3038 2188 2715
f 3145 2750 2290
f 2750 2142 2540
f 2048 2242 2576
f 2111 2174 1859
f 2894 3087 1769
f 2286 2125 3046
f 3057 2345 2427
f 2796 2716 2116
f 2459 2969 3012
f 3147 2656 2905
f 2657 1916 2048
f 2102 1861 2530
f 1970 2371 2854
f 1856 2351 2052
f 2065 2953 2581
f 2610 1922 2544
f 2704 1928 3121
f 1960 2889 2455
f 1715 1716 2304
f 3104 2140 2399
f 1760 1648 1649
f 2334 1877 2255
f 2198 1861 2773
f 2397 2256 2157
f 2080 2698 2040
f 3109 3009 2764
f 2714 2573 2251
f 1916 2943 2997
f 2570 2828 2883
f 2990 1654 1889
f 2803 2203 2443
f 2481 2726 2587
f 1801 1800 2952
f 2208 3114 2559
f 2852 2428 2729
f 2999 2196 2434
f 2197 2525 2585
f 2192 1947 1847
f 2873 2616 3056
f 2735 2722 2030
f 2779 2736 2802
f 2736 1814 2253
f 2593 1798 1657
f 2990 2364 2989
f 2712 2624 1910
f 2749 2065 2581
f 2739 2663 3104
f 2627 2578 3076
f 2492 2215 2204
f 2410 2059 2227
f 2549 2139 2011
f 3056 2616 2015
f 2009 2734 1834
f 2016 2160 3019
f 2589 3153 2563
f 2776 2365 2880
f 2112 2709 1787
f 1979 3065 2471
f 2684 3082 2867
f 2395 2789 2430
f 3094 2611 1879
f 2817 2529 2409
f 1919 2930 2476
f 2524 2361 1919
f 2879 2897 2279
f 2110 2853 1884
f 1886 2347 1922
f 2583 1672 1673
f 1908 3072 3085
f 3110 1986 1832
f 2119 2973 2517
f 2708 2700 3080
f 2545 3153 1875
f 2972 2061 2717
f 2743 2888 2060
f 2207 2045 2988
f 1624 1625 2644
f 1781 3092 3105
f 2421 2393 2084
f 2134 2201 2580
f 2436 2667 2711
f 2437 2444 3148
f 1758 1692 2552
f 3067 2899 2984
f 2497 1799 2348
f 2066 2805 2839
f 2706 1855 2821
f 2490 1763 2878
f 3139 2056 2626
f 2496 2449 2919
f 1661 2631 1660
f 2543 2046 1787
f 2146 2215 2492
f 1783 1643 1644
f 1842 2228 2238
f 2500 1998 2763
f 2383 2172 1937
f 2894 2284 3087
f 2612 2869 2975
f 2127 3084 2942
f 2793 2110 1884
f 2900 2672 1764
f 2162 2030 3015
f 2685 2675 2354
f 2419 2150 2046
f 2022 2973 2119
f 2046 2828 1787
f 2973 2292 2517
f 2199 1893 2463
f 2971 1895 2766
f 2729 1826 2560
f 3151 2985 1813
f 2175 3037 2673
f 1921 1722 2101
f 2042 1861 2346
f 3153 2060 2563
f 2693 3116 2916
f 2835 2903 3032
f 1977 2223 2271
f 2271 2835 1977
f 2880 2925 2442
f 3153 2545 2743
f 1854 2648 2907
f 3032 2903 1876
f 3078 1866 2553
f 1642 2269 2778
f 3061 2832 1837
f 1869 1868 1825
f 2125 2088 3046
f 2549 1784 2029
f 1770 2477 1782
f 2822 2565 2323
f 2680 2165 1957
f 2447 2310 2366
f 1657 1658 2300
f 2410 3128 2059
f 2143 1997 2908
f 2339 2176 1875
f 2527 2470 1808
f 2266 3031 2037
f 2156 2829 3029
f 3084 2917 2306
f 2655 2391 2250
f 2832 3061 2469
f 2255 2154 2788
f 2967 3036 2855
f 2675 2531 3069
f 2011 2139 2147
f 2497 2348 1820
f 2682 2301 2448
f 2267 1734 2169
f 2638 2992 3071
f 2893 2810 2206
f 2970 2928 2799
f 2746 2210 2659
f 1897 3008 3094
f 2729 2438 2852
f 2616 2251 2015
f 1930 2538 1869
f 2507 2289 1771
f 2113 2932 3001
f 1832 2632 1999
f 2688 3039 2116
f 2602 3024 2041
f 2134 2580 2010
f 1733 1734 2267
f 2027 2507 2163
f 2359 2211 2018
f 2747 2706 2221
f 2459 2420 2070
f 2456 2424 2906
f 2616 2873 2217
f 2893 2206 2541
f 2564 3095 1898
f 2659 3008 2783
f 2146 2740 2215
f 2830 3079 2478
f 2939 1945 1638
f 2606 2157 2243
f 2520 2090 2929
f 2938 2817 2803
f 2379 2886 1846
f 2827 2941 2816
f 2442 2377 2254
f 2104 3020 1988
f 2158 2787 1891
f 2687 2623 1829
f 3097 1991 1790
f 2548 3132 1935
f 2572 2918 1864
f 2715 2188 2647
f 1776 2382 2156
f 2504 2662 2987
f 2422 1614 1615
f 2602 2041 2399
f 2307 2980 2829
f 2028 3016 2984
f 3082 3153 2589
f 1607 1608 2815
f 3146 1887 1927
f 2986 1985 2721
f 2645 1841 2003
f 1672 2583 2620
f 2583 1673 3004
f 2885 2401 1779
f 2352 1599 2186
f 2340 2252 2118
f 2174 2133 1859
f 1721 1722 3143
f 2617 2092 2931
f 2453 2097 2947
f 1621 2075 2468
f 3034 1930 2126
f 2323 1597 1598
f 1756 1579 2336
f 2218 2137 2035
f 2197 2056 1939
f 1932 3024 2602
f 2439 1847 2849
f 1903 3144 2207
f 2455 2889 1729
f 1791 2826 2311
f 2503 2014 2276
f 1983 1962 3106
f 2112 2828 2609
f 2708 3080 1792
f 1706 1707 2585
f 2849 2980 2439
f 1956 2947 2707
f 2879 3093 1964
f 2615 2471 3065
f 2338 2461 2787
f 2787 2461 1891
f 2417 1953 1896
f 2384 2196 2850
f 2520 2862 2758
f 2160 2016 3081
f 2820 2838 2813
f 2358 2237 3113
f 2053 2026 2467
f 1746 1747 2503
f 2697 2523 1802
f 2370 2856 2904
f 2216 1828 1737
f 2837 2267 1791
f 3137 2869 2991
f 2473 2675 2685
f 2276 2014 3090
f 2649 2840 2855
f 2744 2150 2419
f 1792 2053 2723
f 2119 1663 1664
f 3142 1999 1890
f 3142 1695 1696
f 2162 2843 2030
f 1970 2218 2836
f 2594 1815 2878
f 2635 2012 1808
f 2845 2820 2496
f 1693 2913 2552
f 2165 2950 1957
f 1938 2756 2656
f 1942 1907 2601
f 2095 2381 1823
f 2303 1950 1724
f 2739 1883 2559
f 2168 2131 3005
f 3127 1890 1999
f 2137 3098 2035
f 2833 2608 2099
f 3154 3050 2002
f 1995 2447 2050
f 2551 2781 2438
f 2474 2249 2312
f 2840 2649 2535
f 2153 2766 3078
f 1820 2523 2497
f 2196 2999 1583
f 1871 2387 1788
f 2770 2299 2121
f 2725 2875 2864
f 2367 2904 1800
f 1679 2001 1678
f 2866 3086 2418
f 3119 2297 2350
f 2695 2034 2614
f 3141 2325 2414
f 2906 3109 2764
f 3127 2845 2496
f 2521 2650 2082
f 2754 2321 2897
f 2075 2706 2149
f 2033 2217 2342
f 1993 2657 2048
f 2215 2210 2204
f 2338 2259 2234
f 2811 2578 2732
f 2304 1716 2129
f 3102 3142 1890
f 3035 1890 2919
f 2426 3101 2194
f 2250 1786 3120
f 2421 2084 1985
f 2261 3013 2495
f 2725 2175 3038
f 2511 2016 3019
f 2988 2045 2442
f 2721 1985 2676
f 1632 3017 2062
f 2062 2360 1631
f 2151 2170 2731
f 3112 3075 1761
f 2598 1795 2385
f 2069 1736 1828
f 2433 2416 2873
f 2342 2735 2033
f 2626 2335 3139
f 2016 3099 3081
f 3024 2189 2041
f 1932 2834 3024
f 3141 2414 2095
f 2546 2180 2398
f 2872 3149 2513
f 2145 2346 1812
f 2321 2861 2897
f 2362 2881 1912
f 2437 2879 2279
f 2680 1815 2555
f 1692 1693 2552
f 2373 1770 2229
f 2657 2745 1983
f 1837 2857 2104
f 1697 1698 2962
f 2307 1899 2316
f 1797 1981 2493
f 2065 2426 2181
f 2565 2822 2801
f 2689 2859 2847
f 2982 2767 2341
f 2733 1829 2961
f 2641 3049 2412
f 3049 2994 1902
f 2403 3121 1795
f 1745 2278 2458
f 2683 2814 2865
f 2343 1872 1968
f 2117 1908 3085
f 2267 2837 1733
f 1677 2937 2960
f 2670 1881 2409
f 2147 2205 2741
f 2789 2395 2473
f 3056 2284 2433
f 2083 2561 2089
f 3053 2349 1831
f 2231 3053 1838
f 1683 3116 1682
f 2272 2789 2242
f 2596 1760 1649
f 1648 1760 2344
f 2573 2891 2251
f 3144 3054 2207
f 2077 2417 1896
f 1628 1902 2516
f 2816 2118 1773
f 2127 2942 2318
f 2248 2302 3103
f 2270 2101 1950
f 2770 2853 2110
f 1638 1639 2939
f 2772 2868 3143
f 2559 2848 2739
f 2089 1779 2083
f 1587 1588 2794
f 2775 1979 2471
f 2712 1973 2624
f 2274 2932 2113
f 2101 1723 1950
f 1854 2310 2447
f 2641 2412 2360
f 2120 3042 1594
f 1811 2677 2000
f 2360 1630 1631
f 2870 2508 2225
f 2867 2326 2921
f 2557 1819 1911
f 2183 2812 2007
f 2457 2123 2212
f 2233 2962 2482
f 2838 2820 2757
f 2098 1814 2000
f 2476 1836 2679
f 2289 1935 2911
f 1851 2912 1898
f 1698 2681 2962
f 2612 2991 2869
f 2090 3098 2929
f 2718 2416 2433
f 2288 2604 2464
f 2538 2935 1974
f 1966 2576 2685
f 2085 1892 2472
f 2910 2813 2498
f 2047 2315 1888
f 2219 2568 2320
f 2815 2465 1963
f 2042 2378 1861
f 2849 1847 1947
f 3066 1964 2436
f 2851 2586 1938
f 2704 2127 2318
f 2576 2473 2685
f 3014 2179 3003
f 2455 1730 2369
f 2558 1896 2713
f 2039 2123 2054
f 2120 2424 2456
f 2548 1935 2211
f 2102 1901 2743
f 2753 2877 3011
f 2370 1794 1913
f 2719 2826 2425
f 2024 2979 2040
f 2322 2039 2054
f 1858 2572 2909
f 1955 2592 3025
f 1790 1586 1587
f 2340 2941 2836
f 1836 2533 2679
f 2678 2782 1843
f 2156 2595 3002
f 2202 2760 2399
f 2703 3111 3130
f 2701 2796 3039
f 2688 3001 2932
f 2838 2860 3067
f 2038 3132 2548
f 2008 2289 2507
f 2935 3034 3041
f 2464 2414 2325
f 1956 3055 2562
f 2564 2479 3092
f 2244 1777 1817
f 3086 3004 1674
f 2777 2953 1853
f 2443 2144 2938
f 2963 2971 2766
f 1893 1945 2463
f 2010 2717 3149
f 2441 2605 1931
f 2887 2111 1859
f 2977 1929 2790
f 1728 2132 1996
f 2385 1806 2588
f 2613 3117 2767
f 2021 2728 2771
f 2591 2596 2895
f 2806 2858 3119
f 2819 2173 2653
f 1985 2986 2421
f 2241 1990 2619
f 1909 2423 2946
f 2478 2076 1785
f 3100 1882 2625
f 3099 1805 2647
f 1711 2948 1710
f 2737 2840 2535
f 1659 1660 2761
f 1676 1677 2391
f 2291 2081 1825
f 2769 2761 2631
f 1803 2761 2292
f 2701 2282 2501
f 2058 2108 2431
f 2582 2277 2777
f 2712 1910 3028
f 2266 1975 2085
f 1915 3030 1839
f 2551 2780 2781
f 2925 2377 2442
f 3043 3113 2237
f 1659 2768 1658
f 2943 2258 2997
f 2718 2894 1769
f 2416 2342 2873
f 2818 2733 2961
f 2425 2345 3057
f 2079 2324 3003
f 2012 2534 2234
f 2454 3088 1837
f 2217 2033 2958
f 2162 2341 2262
f 1986 2845 2632
f 1697 2209 1696
f 2536 2319 2413
f 2766 1895 1866
f 1815 2594 3020
f 2987 2651 2376
f 2745 2661 1983
f 1850 2014 2333
f 2976 2005 2185
f 2321 2032 2720
f 2858 2806 1833
f 3131 3036 2967
f 1767 2985 3135
f 2607 2068 1777
f 2220 2974 2547
f 2044 2187 1863
f 2352 1598 1599
f 2970 2138 1948
f 2330 3078 2944
f 2871 2806 2319
f 2719 3044 2686
f 2327 2449 3137
f 1662 2769 2631
f 2329 2841 2951
f 2007 2522 1994
f 1830 1878 1763
f 1794 2370 1996
f 2425 3150 2345
f 2553 1866 2466
f 2858 1846 2297
f 2276 3090 2174
f 2790 1929 1850
f 3075 3112 2185
f 1768 2366 2923
f 2532 2024 2955
f 2779 2802 1873
f 2140 2257 2399
f 1924 1703 2051
f 2080 2040 2979
f 2654 2955 2128
f 2915 2396 2351
f 2718 2314 2222
f 3008 1897 2783
f 2700 2363 2329
f 1913 2856 2370
f 2940 2306 2452
f 2376 2651 2665
f 2693 1682 3116
f 3153 3082 1875
f 2484 2431 2108
f 2007 3152 2522
f 2420 2376 2070
f 2404 2406 2272
f 2343 2646 2925
f 2460 2387 2699
f 2659 2726 2746
f 2387 1645 1788
f 2059 3128 2034
f 2676 1978 2313
f 2650 2975 3145
f 2669 2006 3145
f 2757 2316 1899
f 2329 2951 1665
f 2543 1842 2983
f 2036 1774 3017
f 2994 2920 1956
f 2977 3083 2371
f 3041 3134 2780
f 2178 1767 1772
f 1863 2187 2457
f 2010 2421 2717
f 2147 2741 2011
f 2650 2407 2082
f 3013 2998 2959
f 2999 1582 1583
f 2171 2094 2929
f 2612 2521 3000
f 2345 2285 2485
f 2303 1801 1950
f 2732 2674 2663
f 2647 1951 3099
f 1847 2439 3110
f 3003 3044 2079
f 2669 2109 2542
f 2271 2223 3065
f 2184 2609 2334
f 2791 2721 2676
f 1883 2739 2041
f 1671 2493 1670
f 2158 2259 2787
f 1726 1727 2556
f 2117 2079 2719
f 2699 2591 2895
f 2154 2194 2788
f 1955 1907 2288
f 3141 3009 3109
f 1667 2993 2700
f 2389 2152 2230
f 2959 2998 2061
f 2814 2825 2166
f 2546 2398 1825
f 2897 2879 2013
f 2142 2248 2540
f 2719 2079 3044
f 2540 2248 3085
f 2369 1730 1731
f 2850 1583 1584
f 2172 1592 1937
f 3127 2919 1890
f 3072 2495 2290
f 1630 2360 2412
f 1846 1775 2297
f 2801 2795 2325
f 2040 2128 2955
f 1849 2933 2148
f 2948 2824 1710
f 2780 2771 2309
f 2454 3063 1982
f 2272 3027 2789
f 2729 2560 2374
f 1742 2055 2243
f 2724 1806 2765
f 2232 1943 2180
f 2249 2474 2352
f 2566 2882 2931
f 2673 3037 2189
f 2474 1598 2352
f 2312 2822 2474
f 3075 1885 1761
f 2804 2402 2508
f 2693 1967 1682
f 2618 3144 2896
f 2966 2400 2907
f 2640 2905 2509
f 2845 1986 2757
f 2131 1904 1899
f 1977 3032 1821
f 3032 1977 2835
f 2317 2490 2950
f 2590 1912 3064
f 2063 2635 2470
f 2713 2668 1867
f 2635 1808 2470
f 2774 1989 1976
f 2592 1955 2288
f 3034 2935 1930
f 2913 3102 3035
f 1697 2962 2209
f 3129 3125 1650
f 2298 2151 2294
f 2760 1932 2602
f 2703 2429 2064
f 2725 2304 2875
f 2882 1852 2734
f 2688 2932 2431
f 2148 1834 1939
f 2698 2554 2128
f 2337 2068 3063
f 2057 1942 2291
f 2341 2162 3015
f 2604 2518 2600
f 2235 2958 2961
f 2866 2158 3006
f 2480 2866 2418
f 1729 2889 2132
f 2642 3150 1791
f 3033 1920 1892
f 1817 1845 1976
f 2088 3136 3046
f 2423 2396 2946
f 3088 2454 1982
f 2291 3018 2239
f 1809 2385 2588
f 2995 1997 2745
f 2648 2905 2966
f 1964 3066 2013
f 2366 1768 2050
f 1768 3154 2002
f 3082 2684 2339
f 2580 1810 2393
f 2349 2219 3052
f 2349 1969 1963
f 2792 1613 1614
f 1771 2601 2924
f 2780 2654 2771
f 2477 2078 2246
f 2640 2509 3062
f 2562 2279 2861
f 2235 2616 2958
f 2224 3042 2892
f 2798 2606 3077
f 2302 2248 3071
f 2496 2910 2449
f 1796 2874 2405
f 2807 2403 1841
f 2278 2276 2111
f 2673 2834 1951
f 1704 1705 1971
f 2680 2555 2630
f 1813 2968 2167
f 1774 2804 3062
f 2756 3068 2656
f 2665 2651 2630
f 2178 3088 1813
f 1912 1782 1804
f 2964 2086 2080
f 2835 2271 2537
f 3010 2122 2277
f 1623 2936 1855
f 3068 2200 1757
f 2109 2975 2869
f 2482 3110 1832
f 2062 1631 1632
f 1757 2509 2656
f 2473 2896 2675
f 2314 2258 2087
f 2501 2302 2992
f 2595 2148 2933
f 3137 2710 2869
f 2650 2290 2407
f 2557 2285 1819
f 1794 1996 2004
f 2963 2413 2491
f 2695 2614 2017
f 1991 3097 2733
f 2315 3059 1888
f 2096 2636 2903
f 2505 2481 2375
f 2202 2874 2760
f 2501 2992 2796
f 2603 2073 2965
f 3013 2452 2917
f 2491 2413 2245
f 2299 2944 2121
f 1836 2322 2533
f 2516 2947 1627
f 2184 2155 2112
f 2386 2903 2835
f 2175 2499 3037
f 3111 2274 3114
f 2612 2721 2791
f 3069 2531 2124
f 2278 1745 1746
f 1752 2697 1802
f 2506 1688 1689
f 2282 1941 1913
f 3007 3103 2324
f 1731 1732 2926
f 2620 2583 1906
f 2394 2266 2085
f 2487 3149 2872
f 2080 2979 3023
f 1772 1767 2135
f 1872 2343 2925
f 2392 3089 3124
f 3069 2176 2354
f 3083 1749 1750
f 2278 2503 2276
f 2580 2393 2010
f 1933 2755 1946
f 1919 2747 2930
f 2183 1858 2909
f 3066 2759 2013
f 2678 1843 1894
f 1655 1656 2649
f 2443 2203 2255
f 2486 2020 1616
f 2533 3095 2679
f 2798 2598 1809
f 1983 1980 1962
f 2015 1856 2284
f 2083 2809 2172
f 2767 2652 2914
f 2576 1993 2048
f 2189 3024 2834
f 3108 1852 2353
f 2625 2547 3122
f 2459 2070 3047
f 2181 2154 2956
f 2668 2435 1839
f 3110 2482 1847
f 2660 2327 3137
f 2004 2889 1960
f 2006 3071 2142
f 2595 2933 3002
f 1805 1713 2647
f 2476 1824 1919
f 2893 2494 2810
f 2315 2945 2526
f 2314 2718 1769
f 1770 1934 2477
f 1934 2078 2477
f 1703 1704 2051
f 2874 1796 3019
f 2456 2764 2125
f 2126 2380 3034
f 2415 1865 2287
f 2268 1918 2931
f 2499 2208 3037
f 2160 2874 3019
f 2319 2536 2705
f 2793 2726 2481
f 2141 3004 3006
f 3043 2237 1797
f 2673 2189 2834
f 1904 2757 1899
f 3059 3048 3115
f 1900 2790 2333
f 3040 2590 3064
f 1817 1976 1989
f 2929 3098 2608
f 2099 2446 3117
f 3118 3045 1976
f 2229 1782 1912
f 2144 2723 2938
f 1640 1866 1895
f 2558 2844 1896
f 2244 1940 1681
f 2243 2055 3048
f 3013 2917 2998
f 2200 3049 1757
f 1926 2779 1873
f 2698 2128 2040
f 2171 2929 2833
f 3013 2261 2452
f 2606 2397 2157
f 2596 2591 1871
f 2699 2387 2591
f 3053 2164 1838
f 1623 1624 2936
f 3104 2674 2140
f 2574 3014 3003
f 2227 2334 2356
f 2695 2017 2193
f 1884 2204 2793
f 1884 2853 1860
f 2578 2716 3076
f 2901 2058 2274
f 2046 2883 2828
f 2737 2238 3131
f 2969 1873 2408
f 2024 3047 2979
f 2590 3040 2985
f 2305 2161 2136
f 1864 2038 2206
f 2679 2633 1781
f 3025 2312 2859
f 2086 2554 2698
f 2424 1595 1596
f 2296 2186 1599
f 2574 1913 1794
f 2346 2145 2042
f 2136 2161 3054
f 2532 2380 2024
f 3139 1710 2824
f 2056 3139 3060
f 2372 2361 2213
f 2494 3152 2007
f 2381 1974 1823
f 2924 1955 2859
f 2710 3137 2449
f 2838 3067 2498
f 2429 2864 2772
f 3071 2992 2302
f 1835 2023 3009
f 2378 2042 2877
f 2842 3058 2627
f 2563 1810 2326
f 2479 1870 1858
f 2349 3053 1969
f 2711 2667 1915
f 2954 2310 2624
f 2969 1972 3012
f 2747 2149 2706
f 3000 2521 2082
f 2598 2003 2752
f 1911 2765 2557
f 1795 2598 2752
f 2630 2555 2135
f 2373 2916 3116
f 2662 2651 2987
f 2183 2909 2812
f 1966 2685 2354
f 2682 2448 2263
f 2322 2974 2039
f 1949 2255 2788
f 2361 2524 2213
f 2007 2812 2494
f 2335 1709 3139
f 2742 1707 1708

