# https://github.com/mikedh/trimesh
v -0.28999326 0.24357724 0.00000000 1.00000000 0.00000000 0.00000000
v -0.27597188 0.24595485 0.00000000 1.00000000 1.00000000 1.00000000
v -0.26196365 0.24845898 0.00000000 1.00000000 1.00000000 1.00000000
v -0.24798479 0.25109427 0.00000000 1.00000000 1.00000000 1.00000000
v -0.23405181 0.25386541 0.00000000 1.00000000 1.00000000 1.00000000
v -0.22012495 0.25678941 0.00000000 1.00000000 1.00000000 1.00000000
v -0.20624378 0.25986810 0.00000000 1.00000000 1.00000000 1.00000000
v -0.19239265 0.26311592 0.00000000 1.00000000 1.00000000 1.00000000
v -0.17857756 0.26654401 0.00000000 1.00000000 1.00000000 1.00000000
v -0.16482396 0.27015964 0.00000000 1.00000000 1.00000000 1.00000000
v -0.15112486 0.27397969 0.00000000 1.00000000 1.00000000 1.00000000
v -0.13749393 0.27801751 0.00000000 1.00000000 1.00000000 1.00000000
v -0.12393213 0.28229227 0.00000000 1.00000000 1.00000000 1.00000000
v -0.11044552 0.28682458 0.00000000 1.00000000 0.00000000 0.00000000
v -0.10424066 0.28041367 0.01604947 1.00000000 1.00000000 1.00000000
v -0.09240177 0.26821310 0.02426205 1.00000000 1.00000000 1.00000000
v -0.07935756 0.25481672 0.02666137 1.00000000 1.00000000 1.00000000
v -0.06895606 0.24419145 0.02666137 1.00000000 1.00000000 1.00000000
v -0.05853032 0.23359259 0.02666137 1.00000000 1.00000000 1.00000000
v -0.04807818 0.22302556 0.02666137 1.00000000 1.00000000 1.00000000
v -0.03758355 0.21248394 0.02666137 1.00000000 1.00000000 1.00000000
v -0.02705402 0.20198818 0.02666137 1.00000000 1.00000000 1.00000000
v -0.01647223 0.19153831 0.02666137 1.00000000 1.00000000 1.00000000
v -0.00582671 0.18114759 0.02666137 1.00000000 0.00000000 0.00000000
v 0.00000000 0.18114759 0.02666137 1.00000000 0.00000000 0.00000000
v 0.00582671 0.18114759 0.02666137 1.00000000 0.00000000 0.00000000
v 0.01647223 0.19153831 0.02666137 1.00000000 1.00000000 1.00000000
v 0.02705402 0.20198818 0.02666137 1.00000000 1.00000000 1.00000000
v 0.03758355 0.21248394 0.02666137 1.00000000 1.00000000 1.00000000
v 0.04807818 0.22302556 0.02666137 1.00000000 1.00000000 1.00000000
v 0.05853032 0.23359259 0.02666137 1.00000000 1.00000000 1.00000000
v 0.06895606 0.24419145 0.02666137 1.00000000 1.00000000 1.00000000
v 0.07935756 0.25481672 0.02666137 1.00000000 1.00000000 1.00000000
v 0.09240177 0.26821310 0.02426205 1.00000000 1.00000000 1.00000000
v 0.10424066 0.28041367 0.01604947 1.00000000 1.00000000 1.00000000
v 0.11044552 0.28682458 0.00000000 1.00000000 0.00000000 0.00000000
v 0.12393213 0.28229227 0.00000000 1.00000000 1.00000000 1.00000000
v 0.13749393 0.27801751 0.00000000 1.00000000 1.00000000 1.00000000
v 0.15112486 0.27397969 0.00000000 1.00000000 1.00000000 1.00000000
v 0.16482396 0.27015964 0.00000000 1.00000000 1.00000000 1.00000000
v 0.17857756 0.26654401 0.00000000 1.00000000 1.00000000 1.00000000
v 0.19239265 0.26311592 0.00000000 1.00000000 1.00000000 1.00000000
v 0.20624378 0.25986810 0.00000000 1.00000000 1.00000000 1.00000000
v 0.22012495 0.25678941 0.00000000 1.00000000 1.00000000 1.00000000
v 0.23405181 0.25386541 0.00000000 1.00000000 1.00000000 1.00000000
v 0.24798479 0.25109427 0.00000000 1.00000000 1.00000000 1.00000000
v 0.26196365 0.24845898 0.00000000 1.00000000 1.00000000 1.00000000
v 0.27597188 0.24595485 0.00000000 1.00000000 1.00000000 1.00000000
v 0.28999326 0.24357724 0.00000000 1.00000000 0.00000000 0.00000000
v 0.29199673 0.23444083 0.01502746 1.00000000 1.00000000 1.00000000
v 0.29118304 0.21841538 0.02333116 1.00000000 1.00000000 1.00000000
v 0.28965174 0.20060867 0.02653165 1.00000000 1.00000000 1.00000000
v 0.28906175 0.18513194 0.02666137 1.00000000 1.00000000 1.00000000
v 0.28882870 0.17050965 0.02666137 1.00000000 1.00000000 1.00000000
v 0.28859565 0.15588736 0.02666137 1.00000000 1.00000000 1.00000000
v 0.28836295 0.14128699 0.02666137 1.00000000 1.00000000 1.00000000
v 0.28812990 0.12666470 0.02666137 1.00000000 1.00000000 1.00000000
v 0.28789720 0.11206434 0.02666137 1.00000000 1.00000000 1.00000000
v 0.28766415 0.09744205 0.02666137 1.00000000 1.00000000 1.00000000
v 0.28743110 0.08281976 0.02666137 1.00000000 1.00000000 1.00000000
v 0.28719650 0.06809994 0.02665931 1.00000000 1.00000000 1.00000000
v 0.28690247 0.04965165 0.02408224 1.00000000 1.00000000 1.00000000
v 0.28663784 0.03304821 0.01585025 1.00000000 1.00000000 1.00000000
v 0.28649960 0.02437445 0.00000000 1.00000000 0.00000000 0.00000000
v 0.28702310 0.00975040 0.00000000 1.00000000 1.00000000 1.00000000
v 0.28754661 -0.00487365 0.00000000 1.00000000 1.00000000 1.00000000
v 0.28807011 -0.01949770 0.00000000 1.00000000 1.00000000 1.00000000
v 0.28859561 -0.03417736 0.00000000 1.00000000 1.00000000 1.00000000
v 0.28911912 -0.04880141 0.00000000 1.00000000 1.00000000 1.00000000
v 0.28964262 -0.06342546 0.00000000 1.00000000 1.00000000 1.00000000
v 0.29016613 -0.07804952 0.00000000 1.00000000 1.00000000 1.00000000
v 0.29068963 -0.09267357 0.00000000 1.00000000 1.00000000 1.00000000
v 0.29121314 -0.10729762 0.00000000 1.00000000 1.00000000 1.00000000
v 0.29173664 -0.12192167 0.00000000 1.00000000 1.00000000 1.00000000
v 0.29226015 -0.13654572 0.00000000 1.00000000 1.00000000 1.00000000
v 0.29278565 -0.15122538 0.00000000 1.00000000 1.00000000 1.00000000
v 0.29330915 -0.16584943 0.00000000 1.00000000 1.00000000 1.00000000
v 0.29383266 -0.18047348 0.00000000 1.00000000 1.00000000 1.00000000
v 0.29435616 -0.19509754 0.00000000 1.00000000 1.00000000 1.00000000
v 0.29487967 -0.20972159 0.00000000 1.00000000 1.00000000 1.00000000
v 0.29540317 -0.22434564 0.00000000 1.00000000 1.00000000 1.00000000
v 0.29592668 -0.23896969 0.00000000 1.00000000 1.00000000 1.00000000
v 0.29645218 -0.25364935 0.00000000 1.00000000 1.00000000 1.00000000
v 0.29697568 -0.26827340 0.00000000 1.00000000 1.00000000 1.00000000
v 0.29749919 -0.28289745 0.00000000 1.00000000 1.00000000 1.00000000
v 0.29802269 -0.29752150 0.00000000 1.00000000 1.00000000 1.00000000
v 0.29854620 -0.31214555 0.00000000 1.00000000 1.00000000 1.00000000
v 0.29906970 -0.32676961 0.00000000 1.00000000 1.00000000 1.00000000
v 0.29959321 -0.34139366 0.00000000 1.00000000 1.00000000 1.00000000
v 0.30011671 -0.35601771 0.00000000 1.00000000 1.00000000 1.00000000
v 0.30064221 -0.37069737 0.00000000 1.00000000 1.00000000 1.00000000
v 0.30116572 -0.38532142 0.00000000 1.00000000 1.00000000 1.00000000
v 0.30168922 -0.39994547 0.00000000 1.00000000 1.00000000 1.00000000
v 0.30221273 -0.41456952 0.00000000 1.00000000 1.00000000 1.00000000
v 0.30273623 -0.42919357 0.00000000 1.00000000 1.00000000 1.00000000
v 0.30325974 -0.44381763 0.00000000 1.00000000 1.00000000 1.00000000
v 0.30378324 -0.45844168 0.00000000 1.00000000 1.00000000 1.00000000
v 0.30430675 -0.47306573 0.00000000 1.00000000 1.00000000 1.00000000
v 0.30483225 -0.48774539 0.00000000 1.00000000 1.00000000 1.00000000
v 0.30535575 -0.50236944 0.00000000 1.00000000 1.00000000 1.00000000
v 0.30587926 -0.51699349 0.00000000 1.00000000 1.00000000 1.00000000
v 0.30640276 -0.53161754 0.00000000 1.00000000 0.00000000 0.00000000
v 0.29776103 -0.53026863 0.01577923 1.00000000 1.00000000 1.00000000
v 0.28120898 -0.52920289 0.02402781 1.00000000 1.00000000 1.00000000
v 0.26283057 -0.52820253 0.02665636 1.00000000 1.00000000 1.00000000
v 0.24802720 -0.52707071 0.02666137 1.00000000 1.00000000 1.00000000
v 0.23344097 -0.52593460 0.02666137 1.00000000 1.00000000 1.00000000
v 0.21885474 -0.52479849 0.02666137 1.00000000 1.00000000 1.00000000
v 0.20426851 -0.52366238 0.02666137 1.00000000 1.00000000 1.00000000
v 0.18968228 -0.52252627 0.02666137 1.00000000 1.00000000 1.00000000
v 0.17509605 -0.52139015 0.02666137 1.00000000 1.00000000 1.00000000
v 0.16050982 -0.52025404 0.02666137 1.00000000 1.00000000 1.00000000
v 0.14589294 -0.51911555 0.02666137 1.00000000 1.00000000 1.00000000
v 0.13130671 -0.51797944 0.02666137 1.00000000 1.00000000 1.00000000
v 0.11672048 -0.51684332 0.02666137 1.00000000 1.00000000 1.00000000
v 0.10213425 -0.51570721 0.02666137 1.00000000 1.00000000 1.00000000
v 0.08754802 -0.51457110 0.02666137 1.00000000 1.00000000 1.00000000
v 0.07296179 -0.51343499 0.02666137 1.00000000 1.00000000 1.00000000
v 0.05837556 -0.51229888 0.02666137 1.00000000 1.00000000 1.00000000
v 0.04375869 -0.51116038 0.02666137 1.00000000 1.00000000 1.00000000
v 0.02917246 -0.51002427 0.02666137 1.00000000 1.00000000 1.00000000
v 0.01458623 -0.50888816 0.02666137 1.00000000 1.00000000 1.00000000
v 0.00000000 -0.50775205 0.02666137 1.00000000 0.00000000 0.00000000
v -0.01458623 -0.50888816 0.02666137 1.00000000 1.00000000 1.00000000
v -0.02917246 -0.51002427 0.02666137 1.00000000 1.00000000 1.00000000
v -0.04375869 -0.51116038 0.02666137 1.00000000 1.00000000 1.00000000
v -0.05837556 -0.51229888 0.02666137 1.00000000 1.00000000 1.00000000
v -0.07296179 -0.51343499 0.02666137 1.00000000 1.00000000 1.00000000
v -0.08754802 -0.51457110 0.02666137 1.00000000 1.00000000 1.00000000
v -0.10213425 -0.51570721 0.02666137 1.00000000 1.00000000 1.00000000
v -0.11672048 -0.51684332 0.02666137 1.00000000 1.00000000 1.00000000
v -0.13130671 -0.51797944 0.02666137 1.00000000 1.00000000 1.00000000
v -0.14589294 -0.51911555 0.02666137 1.00000000 1.00000000 1.00000000
v -0.16050982 -0.52025404 0.02666137 1.00000000 1.00000000 1.00000000
v -0.17509605 -0.52139015 0.02666137 1.00000000 1.00000000 1.00000000
v -0.18968228 -0.52252627 0.02666137 1.00000000 1.00000000 1.00000000
v -0.20426851 -0.52366238 0.02666137 1.00000000 1.00000000 1.00000000
v -0.21885474 -0.52479849 0.02666137 1.00000000 1.00000000 1.00000000
v -0.23344097 -0.52593460 0.02666137 1.00000000 1.00000000 1.00000000
v -0.24802720 -0.52707071 0.02666137 1.00000000 1.00000000 1.00000000
v -0.26283057 -0.52820253 0.02665636 1.00000000 1.00000000 1.00000000
v -0.28120898 -0.52920289 0.02402781 1.00000000 1.00000000 1.00000000
v -0.29776103 -0.53026863 0.01577923 1.00000000 1.00000000 1.00000000
v -0.30640276 -0.53161754 0.00000000 1.00000000 0.00000000 0.00000000
v -0.30587926 -0.51699349 0.00000000 1.00000000 1.00000000 1.00000000
v -0.30535575 -0.50236944 0.00000000 1.00000000 1.00000000 1.00000000
v -0.30483225 -0.48774539 0.00000000 1.00000000 1.00000000 1.00000000
v -0.30430675 -0.47306573 0.00000000 1.00000000 1.00000000 1.00000000
v -0.30378324 -0.45844168 0.00000000 1.00000000 1.00000000 1.00000000
v -0.30325974 -0.44381763 0.00000000 1.00000000 1.00000000 1.00000000
v -0.30273623 -0.42919357 0.00000000 1.00000000 1.00000000 1.00000000
v -0.30221273 -0.41456952 0.00000000 1.00000000 1.00000000 1.00000000
v -0.30168922 -0.39994547 0.00000000 1.00000000 1.00000000 1.00000000
v -0.30116572 -0.38532142 0.00000000 1.00000000 1.00000000 1.00000000
v -0.30064221 -0.37069737 0.00000000 1.00000000 1.00000000 1.00000000
v -0.30011671 -0.35601771 0.00000000 1.00000000 1.00000000 1.00000000
v -0.29959321 -0.34139366 0.00000000 1.00000000 1.00000000 1.00000000
v -0.29906970 -0.32676961 0.00000000 1.00000000 1.00000000 1.00000000
v -0.29854620 -0.31214555 0.00000000 1.00000000 1.00000000 1.00000000
v -0.29802269 -0.29752150 0.00000000 1.00000000 1.00000000 1.00000000
v -0.29749919 -0.28289745 0.00000000 1.00000000 1.00000000 1.00000000
v -0.29697568 -0.26827340 0.00000000 1.00000000 1.00000000 1.00000000
v -0.29645018 -0.25359374 0.00000000 1.00000000 1.00000000 1.00000000
v -0.29592668 -0.23896969 0.00000000 1.00000000 1.00000000 1.00000000
v -0.29540317 -0.22434564 0.00000000 1.00000000 1.00000000 1.00000000
v -0.29487967 -0.20972159 0.00000000 1.00000000 1.00000000 1.00000000
v -0.29435616 -0.19509754 0.00000000 1.00000000 1.00000000 1.00000000
v -0.29383266 -0.18047348 0.00000000 1.00000000 1.00000000 1.00000000
v -0.29330915 -0.16584943 0.00000000 1.00000000 1.00000000 1.00000000
v -0.29278565 -0.15122538 0.00000000 1.00000000 1.00000000 1.00000000
v -0.29226015 -0.13654572 0.00000000 1.00000000 1.00000000 1.00000000
v -0.29173664 -0.12192167 0.00000000 1.00000000 1.00000000 1.00000000
v -0.29121314 -0.10729762 0.00000000 1.00000000 1.00000000 1.00000000
v -0.29068963 -0.09267357 0.00000000 1.00000000 1.00000000 1.00000000
v -0.29016613 -0.07804952 0.00000000 1.00000000 1.00000000 1.00000000
v -0.28964262 -0.06342546 0.00000000 1.00000000 1.00000000 1.00000000
v -0.28911912 -0.04880141 0.00000000 1.00000000 1.00000000 1.00000000
v -0.28859561 -0.03417736 0.00000000 1.00000000 1.00000000 1.00000000
v -0.28807011 -0.01949770 0.00000000 1.00000000 1.00000000 1.00000000
v -0.28754661 -0.00487365 0.00000000 1.00000000 1.00000000 1.00000000
v -0.28702310 0.00975040 0.00000000 1.00000000 1.00000000 1.00000000
v -0.28649960 0.02437445 0.00000000 1.00000000 0.00000000 0.00000000
v -0.28663784 0.03304821 0.01585025 1.00000000 1.00000000 1.00000000
v -0.28690247 0.04965165 0.02408224 1.00000000 1.00000000 1.00000000
v -0.28719650 0.06809994 0.02665931 1.00000000 1.00000000 1.00000000
v -0.28743110 0.08281976 0.02666137 1.00000000 1.00000000 1.00000000
v -0.28766415 0.09744205 0.02666137 1.00000000 1.00000000 1.00000000
v -0.28789720 0.11206434 0.02666137 1.00000000 1.00000000 1.00000000
v -0.28812990 0.12666470 0.02666137 1.00000000 1.00000000 1.00000000
v -0.28836295 0.14128699 0.02666137 1.00000000 1.00000000 1.00000000
v -0.28859565 0.15588736 0.02666137 1.00000000 1.00000000 1.00000000
v -0.28882870 0.17050965 0.02666137 1.00000000 1.00000000 1.00000000
v -0.28906175 0.18513194 0.02666137 1.00000000 1.00000000 1.00000000
v -0.28965174 0.20060867 0.02653165 1.00000000 1.00000000 1.00000000
v -0.29118304 0.21841538 0.02333116 1.00000000 1.00000000 1.00000000
v -0.29199673 0.23444083 0.01502746 1.00000000 1.00000000 1.00000000
v 0.21157671 -0.11517353 0.02666137 1.00000000 1.00000000 1.00000000
v -0.17003886 -0.28730272 0.02666137 1.00000000 1.00000000 1.00000000
v -0.26849155 0.05406934 0.02603366 1.00000000 1.00000000 1.00000000
v 0.20300254 -0.26095494 0.02666137 1.00000000 1.00000000 1.00000000
v 0.23442919 0.05644388 0.02666137 1.00000000 1.00000000 1.00000000
v -0.06253087 -0.42002205 0.02666137 1.00000000 1.00000000 1.00000000
v -0.20713321 0.13863737 0.02666137 1.00000000 1.00000000 1.00000000
v -0.07310159 0.15196089 0.02666137 1.00000000 1.00000000 1.00000000
v 0.30073181 -0.51957024 0.01257679 1.00000000 1.00000000 1.00000000
v -0.10271186 0.12423861 0.02666137 1.00000000 1.00000000 1.00000000
v -0.02792544 -0.06150657 0.02666137 1.00000000 1.00000000 1.00000000
v 0.21055132 -0.44614429 0.02666137 1.00000000 1.00000000 1.00000000
v -0.23905022 0.10770550 0.02666137 1.00000000 1.00000000 1.00000000
v -0.13150078 -0.21889687 0.02666137 1.00000000 1.00000000 1.00000000
v 0.04438470 -0.00359157 0.02666137 1.00000000 1.00000000 1.00000000
v -0.28956041 -0.12951618 0.00873942 1.00000000 1.00000000 1.00000000
v 0.19119691 -0.23433427 0.02666137 1.00000000 1.00000000 1.00000000
v -0.27928855 -0.39061276 0.02305880 1.00000000 1.00000000 1.00000000
v 0.20970972 -0.12888332 0.02666137 1.00000000 1.00000000 1.00000000
v 0.16908738 -0.37908012 0.02666137 1.00000000 1.00000000 1.00000000
v 0.06003881 0.03887131 0.02666137 1.00000000 1.00000000 1.00000000
v 0.09092764 0.17279536 0.02666137 1.00000000 1.00000000 1.00000000
v -0.00895253 -0.32858087 0.02666137 1.00000000 1.00000000 1.00000000
v 0.26448495 0.10602060 0.02666137 1.00000000 1.00000000 1.00000000
v 0.15577060 -0.04637868 0.02666137 1.00000000 1.00000000 1.00000000
v -0.01539708 -0.44482634 0.02666137 1.00000000 1.00000000 1.00000000
v 0.05459642 -0.10595091 0.02666137 1.00000000 1.00000000 1.00000000
v 0.20375218 0.02703095 0.02666137 1.00000000 1.00000000 1.00000000
v 0.24217601 0.18514537 0.02666137 1.00000000 1.00000000 1.00000000
v -0.20483004 -0.29201636 0.02666137 1.00000000 1.00000000 1.00000000
v 0.21298699 -0.18635874 0.02666137 1.00000000 1.00000000 1.00000000
v -0.01961543 0.06971459 0.02666137 1.00000000 1.00000000 1.00000000
v 0.23401087 -0.06118723 0.02666137 1.00000000 1.00000000 1.00000000
v -0.09509985 0.09718837 0.02666137 1.00000000 1.00000000 1.00000000
v 0.21621410 -0.21680304 0.02666137 1.00000000 1.00000000 1.00000000
v -0.03446053 0.16277000 0.02666137 1.00000000 1.00000000 1.00000000
v -0.03877612 -0.49710095 0.02666137 1.00000000 1.00000000 1.00000000
v -0.03823482 0.20219014 0.02666137 1.00000000 1.00000000 1.00000000
v 0.12622283 -0.32930956 0.02666137 1.00000000 1.00000000 1.00000000
v 0.03426046 -0.41987468 0.02666137 1.00000000 1.00000000 1.00000000
v -0.27787095 0.10317892 0.02666137 1.00000000 1.00000000 1.00000000
v 0.20343859 -0.24558301 0.02666137 1.00000000 1.00000000 1.00000000
v 0.20919828 0.17132314 0.02666137 1.00000000 1.00000000 1.00000000
v 0.06131104 -0.28186196 0.02666137 1.00000000 1.00000000 1.00000000
v 0.05961999 -0.47221017 0.02666137 1.00000000 1.00000000 1.00000000
v 0.03643948 -0.12466999 0.02666137 1.00000000 1.00000000 1.00000000
v 0.10720820 0.08839887 0.02666137 1.00000000 1.00000000 1.00000000
v 0.01995650 -0.39521277 0.02666137 1.00000000 1.00000000 1.00000000
v -0.17164645 -0.09441384 0.02666137 1.00000000 1.00000000 1.00000000
v 0.18284760 -0.12985959 0.02666137 1.00000000 1.00000000 1.00000000
v -0.10250078 0.23279099 0.02666137 1.00000000 1.00000000 1.00000000
v 0.00608130 -0.04194488 0.02666137 1.00000000 1.00000000 1.00000000
v 0.08451574 0.08250762 0.02666137 1.00000000 1.00000000 1.00000000
v -0.11690806 0.08332127 0.02666137 1.00000000 1.00000000 1.00000000
v 0.03934503 -0.39580597 0.02666137 1.00000000 1.00000000 1.00000000
v -0.23861264 0.17248852 0.02666137 1.00000000 1.00000000 1.00000000
v 0.01348951 -0.49028571 0.02666137 1.00000000 1.00000000 1.00000000
v 0.18764707 -0.45166378 0.02666137 1.00000000 1.00000000 1.00000000
v -0.25043797 -0.01456790 0.02634052 1.00000000 1.00000000 1.00000000
v -0.00529133 -0.41793566 0.02666137 1.00000000 1.00000000 1.00000000
v -0.01065221 -0.24691414 0.02666137 1.00000000 1.00000000 1.00000000
v 0.11758237 -0.14053711 0.02666137 1.00000000 1.00000000 1.00000000
v 0.15106281 -0.47743501 0.02666137 1.00000000 1.00000000 1.00000000
v 0.12482843 0.20010089 0.02666137 1.00000000 1.00000000 1.00000000
v 0.06104276 0.17090541 0.02666137 1.00000000 1.00000000 1.00000000
v 0.10063402 0.14977532 0.02666137 1.00000000 1.00000000 1.00000000
v -0.14504474 -0.46953253 0.02666137 1.00000000 1.00000000 1.00000000
v 0.17506032 -0.11865097 0.02666137 1.00000000 1.00000000 1.00000000
v -0.01555187 0.04191133 0.02666137 1.00000000 1.00000000 1.00000000
v -0.04007466 -0.27423728 0.02666137 1.00000000 1.00000000 1.00000000
v 0.16669062 0.19490574 0.02666137 1.00000000 1.00000000 1.00000000
v 0.16453004 -0.01838549 0.02666137 1.00000000 1.00000000 1.00000000
v 0.24423439 -0.10654734 0.02666137 1.00000000 1.00000000 1.00000000
v -0.18877421 -0.39636945 0.02666137 1.00000000 1.00000000 1.00000000
v -0.10362011 0.10659967 0.02666137 1.00000000 1.00000000 1.00000000
v -0.02362574 0.02842001 0.02666137 1.00000000 1.00000000 1.00000000
v -0.18477605 -0.22052540 0.02666137 1.00000000 1.00000000 1.00000000
v 0.15756077 -0.39479005 0.02666137 1.00000000 1.00000000 1.00000000
v -0.05968328 0.15786463 0.02666137 1.00000000 1.00000000 1.00000000
v -0.06328996 -0.48980642 0.02666137 1.00000000 1.00000000 1.00000000
v 0.02719413 -0.43212089 0.02666137 1.00000000 1.00000000 1.00000000
v -0.06840082 -0.46556388 0.02666137 1.00000000 1.00000000 1.00000000
v 0.05966318 -0.24516789 0.02666137 1.00000000 1.00000000 1.00000000
v -0.24218903 -0.11085081 0.02666137 1.00000000 1.00000000 1.00000000
v -0.27795494 -0.16607388 0.02018546 1.00000000 1.00000000 1.00000000
v 0.17925611 -0.10598465 0.02666137 1.00000000 1.00000000 1.00000000
v -0.24915772 -0.49779111 0.02666137 1.00000000 1.00000000 1.00000000
v 0.11982144 -0.50962324 0.02666137 1.00000000 1.00000000 1.00000000
v 0.03139078 -0.22065257 0.02666137 1.00000000 1.00000000 1.00000000
v 0.09064305 -0.37025968 0.02666137 1.00000000 1.00000000 1.00000000
v -0.20841186 0.16884354 0.02666137 1.00000000 1.00000000 1.00000000
v 0.08661368 0.19795823 0.02666137 1.00000000 1.00000000 1.00000000
v -0.04711113 -0.03915142 0.02666137 1.00000000 1.00000000 1.00000000
v 0.07634029 0.23867907 0.02666137 1.00000000 1.00000000 1.00000000
v -0.22713876 -0.38562794 0.02666137 1.00000000 1.00000000 1.00000000
v 0.06318907 -0.48894398 0.02666137 1.00000000 1.00000000 1.00000000
v -0.13659130 0.06591149 0.02666137 1.00000000 1.00000000 1.00000000
v 0.00593414 0.01667100 0.02666137 1.00000000 1.00000000 1.00000000
v -0.25806145 -0.48548240 0.02666137 1.00000000 1.00000000 1.00000000
v 0.04000097 -0.32369732 0.02666137 1.00000000 1.00000000 1.00000000
v 0.13561840 -0.25255804 0.02666137 1.00000000 1.00000000 1.00000000
v -0.06637489 -0.33090675 0.02666137 1.00000000 1.00000000 1.00000000
v -0.29284399 -0.34879693 0.01439580 1.00000000 1.00000000 1.00000000
v -0.25802807 -0.26620509 0.02646000 1.00000000 1.00000000 1.00000000
v 0.23071715 0.09571647 0.02666137 1.00000000 1.00000000 1.00000000
v -0.12547502 -0.29539745 0.02666137 1.00000000 1.00000000 1.00000000
v -0.04746880 -0.10611131 0.02666137 1.00000000 1.00000000 1.00000000
v 0.03188461 0.02616064 0.02666137 1.00000000 1.00000000 1.00000000
v 0.11257455 0.03585237 0.02666137 1.00000000 1.00000000 1.00000000
v 0.22780249 -0.15575652 0.02666137 1.00000000 1.00000000 1.00000000
v -0.05460662 0.04447468 0.02666137 1.00000000 1.00000000 1.00000000
v 0.19668465 -0.37122924 0.02666137 1.00000000 1.00000000 1.00000000
v -0.16572299 -0.02748097 0.02666137 1.00000000 1.00000000 1.00000000
v 0.07792728 -0.36408121 0.02666137 1.00000000 1.00000000 1.00000000
v -0.23763052 0.24805898 0.01230339 1.00000000 1.00000000 1.00000000
v 0.29113447 -0.38208605 0.01680895 1.00000000 1.00000000 1.00000000
v 0.05819905 0.21958607 0.02666137 1.00000000 1.00000000 1.00000000
v 0.09036517 -0.22128007 0.02666137 1.00000000 1.00000000 1.00000000
v 0.16370016 0.15272109 0.02666137 1.00000000 1.00000000 1.00000000
v -0.27500621 -0.09619898 0.02041465 1.00000000 1.00000000 1.00000000
v 0.16625675 0.12721600 0.02666137 1.00000000 1.00000000 1.00000000
v 0.01887071 -0.10117007 0.02666137 1.00000000 1.00000000 1.00000000
v 0.19975867 -0.21535688 0.02666137 1.00000000 1.00000000 1.00000000
v -0.16947760 -0.13039407 0.02666137 1.00000000 1.00000000 1.00000000
v -0.02463983 -0.41449923 0.02666137 1.00000000 1.00000000 1.00000000
v 0.04690818 0.20987212 0.02666137 1.00000000 1.00000000 1.00000000
v 0.07867650 0.02497549 0.02666137 1.00000000 1.00000000 1.00000000
v 0.02537758 -0.31841158 0.02666137 1.00000000 1.00000000 1.00000000
v -0.19363079 -0.35216856 0.02666137 1.00000000 1.00000000 1.00000000
v -0.11772861 -0.28338822 0.02666137 1.00000000 1.00000000 1.00000000
v 0.07101388 -0.13385873 0.02666137 1.00000000 1.00000000 1.00000000
v -0.15227340 -0.10267400 0.02666137 1.00000000 1.00000000 1.00000000
v 0.27944269 -0.48292785 0.02405945 1.00000000 1.00000000 1.00000000
v 0.11612868 -0.11455959 0.02666137 1.00000000 1.00000000 1.00000000
v 0.10862247 -0.48891743 0.02666137 1.00000000 1.00000000 1.00000000
v 0.12791059 -0.20939596 0.02666137 1.00000000 1.00000000 1.00000000
v 0.13943926 -0.07092378 0.02666137 1.00000000 1.00000000 1.00000000
v 0.09439455 0.03925525 0.02666137 1.00000000 1.00000000 1.00000000
v 0.20441497 -0.27559908 0.02666137 1.00000000 1.00000000 1.00000000
v -0.05284897 0.09678720 0.02666137 1.00000000 1.00000000 1.00000000
v -0.05783180 -0.34225478 0.02666137 1.00000000 1.00000000 1.00000000
v 0.12816369 0.15006920 0.02666137 1.00000000 1.00000000 1.00000000
v -0.04295147 -0.46124831 0.02666137 1.00000000 1.00000000 1.00000000
v -0.28111754 -0.02856469 0.01463948 1.00000000 1.00000000 1.00000000
v -0.06012597 -0.45434979 0.02666137 1.00000000 1.00000000 1.00000000
v 0.01221166 -0.31369898 0.02666137 1.00000000 1.00000000 1.00000000
v 0.26460286 -0.17004957 0.02498755 1.00000000 1.00000000 1.00000000
v 0.25491097 0.07345167 0.02666137 1.00000000 1.00000000 1.00000000
v 0.15975679 -0.00242156 0.02666137 1.00000000 1.00000000 1.00000000
v -0.11621218 0.15506254 0.02666137 1.00000000 1.00000000 1.00000000
v 0.22595283 0.11547421 0.02666137 1.00000000 1.00000000 1.00000000
v 0.03330544 -0.44615283 0.02666137 1.00000000 1.00000000 1.00000000
v 0.14403140 -0.08781773 0.02666137 1.00000000 1.00000000 1.00000000
v 0.13687307 0.24105153 0.02614644 1.00000000 1.00000000 1.00000000
v 0.25163522 -0.14244879 0.02657935 1.00000000 1.00000000 1.00000000
v -0.00678760 0.09799507 0.02666137 1.00000000 1.00000000 1.00000000
v 0.21063972 -0.05751413 0.02666137 1.00000000 1.00000000 1.00000000
v 0.12856764 -0.45199990 0.02666137 1.00000000 1.00000000 1.00000000
v 0.20495540 0.04299320 0.02666137 1.00000000 1.00000000 1.00000000
v 0.17502487 0.17474175 0.02666137 1.00000000 1.00000000 1.00000000
v 0.06676257 0.00952617 0.02666137 1.00000000 1.00000000 1.00000000
v -0.24743499 0.09506167 0.02666137 1.00000000 1.00000000 1.00000000
v -0.08493194 -0.33276684 0.02666137 1.00000000 1.00000000 1.00000000
v 0.21941509 -0.50026498 0.02666137 1.00000000 1.00000000 1.00000000
v 0.25503666 -0.23276497 0.02657120 1.00000000 1.00000000 1.00000000
v 0.15738157 0.20611813 0.02666137 1.00000000 1.00000000 1.00000000
v -0.05113094 -0.17624320 0.02666137 1.00000000 1.00000000 1.00000000
v -0.26009558 0.02705229 0.02442794 1.00000000 1.00000000 1.00000000
v -0.17925862 -0.14541921 0.02666137 1.00000000 1.00000000 1.00000000
v 0.14887485 -0.10620266 0.02666137 1.00000000 1.00000000 1.00000000
v 0.18253623 -0.35934995 0.02666137 1.00000000 1.00000000 1.00000000
v -0.02293221 -0.04318995 0.02666137 1.00000000 1.00000000 1.00000000
v -0.25790532 -0.22752959 0.02635506 1.00000000 1.00000000 1.00000000
v 0.08694452 -0.01568624 0.02666137 1.00000000 1.00000000 1.00000000
v 0.27649003 -0.35360176 0.02355114 1.00000000 1.00000000 1.00000000
v -0.14201953 0.12500177 0.02666137 1.00000000 1.00000000 1.00000000
v -0.01277366 -0.34288061 0.02666137 1.00000000 1.00000000 1.00000000
v 0.18914571 -0.46796323 0.02666137 1.00000000 1.00000000 1.00000000
v 0.28099644 -0.00812973 0.01406451 1.00000000 1.00000000 1.00000000
v -0.27225115 -0.15670107 0.02257306 1.00000000 1.00000000 1.00000000
v 0.13653638 0.10012064 0.02666137 1.00000000 1.00000000 1.00000000
v 0.21339840 0.08698572 0.02666137 1.00000000 1.00000000 1.00000000
v -0.15950797 0.16922317 0.02666137 1.00000000 1.00000000 1.00000000
v -0.20837146 0.05865418 0.02666137 1.00000000 1.00000000 1.00000000
v -0.17879713 -0.20512233 0.02666137 1.00000000 1.00000000 1.00000000
v -0.29588547 -0.44674290 0.01482268 1.00000000 1.00000000 1.00000000
v 0.29146487 -0.42458731 0.01765475 1.00000000 1.00000000 1.00000000
v -0.22304302 -0.27146685 0.02666137 1.00000000 1.00000000 1.00000000
v -0.27760833 -0.50553121 0.02475628 1.00000000 1.00000000 1.00000000
v 0.15759691 -0.11965471 0.02666137 1.00000000 1.00000000 1.00000000
v -0.24450820 0.14215434 0.02666137 1.00000000 1.00000000 1.00000000
v -0.06423492 0.21516073 0.02666137 1.00000000 1.00000000 1.00000000
v -0.14485079 -0.40707588 0.02666137 1.00000000 1.00000000 1.00000000
v -0.01789471 -0.12617665 0.02666137 1.00000000 1.00000000 1.00000000
v 0.09212585 -0.44860767 0.02666137 1.00000000 1.00000000 1.00000000
v 0.00110331 0.17007730 0.02666137 1.00000000 1.00000000 1.00000000
v -0.11594130 -0.41995072 0.02666137 1.00000000 1.00000000 1.00000000
v -0.25514497 -0.17898515 0.02644182 1.00000000 1.00000000 1.00000000
v -0.29092404 -0.25733274 0.01303849 1.00000000 1.00000000 1.00000000
v 0.08812826 0.01138852 0.02666137 1.00000000 1.00000000 1.00000000
v 0.21996141 -0.03073940 0.02666137 1.00000000 1.00000000 1.00000000
v -0.22198029 0.02620268 0.02666137 1.00000000 1.00000000 1.00000000
v -0.04973309 -0.14740893 0.02666137 1.00000000 1.00000000 1.00000000
v 0.20017637 0.01192322 0.02666137 1.00000000 1.00000000 1.00000000
v -0.19773299 -0.11979674 0.02666137 1.00000000 1.00000000 1.00000000
v 0.26706885 -0.28425597 0.02532938 1.00000000 1.00000000 1.00000000
v -0.20799057 -0.34913157 0.02666137 1.00000000 1.00000000 1.00000000
v -0.16971783 -0.36727610 0.02666137 1.00000000 1.00000000 1.00000000
v 0.23036912 -0.04631372 0.02666137 1.00000000 1.00000000 1.00000000
v 0.09973762 -0.18517141 0.02666137 1.00000000 1.00000000 1.00000000
v -0.14105217 0.10866748 0.02666137 1.00000000 1.00000000 1.00000000
v 0.16635342 -0.22721813 0.02666137 1.00000000 1.00000000 1.00000000
v -0.18873365 -0.00323499 0.02666137 1.00000000 1.00000000 1.00000000
v -0.05776408 0.18009621 0.02666137 1.00000000 1.00000000 1.00000000
v -0.02056888 -0.35777040 0.02666137 1.00000000 1.00000000 1.00000000
v 0.08543662 -0.35127948 0.02666137 1.00000000 1.00000000 1.00000000
v 0.19680514 -0.44159177 0.02666137 1.00000000 1.00000000 1.00000000
v -0.29475619 -0.40525321 0.01449734 1.00000000 1.00000000 1.00000000
v -0.09671868 0.19140223 0.02666137 1.00000000 1.00000000 1.00000000
v -0.22947730 0.22808982 0.02433020 1.00000000 1.00000000 1.00000000
v 0.04579528 0.07414095 0.02666137 1.00000000 1.00000000 1.00000000
v 0.13350742 0.02643314 0.02666137 1.00000000 1.00000000 1.00000000
v 0.07906505 -0.00313478 0.02666137 1.00000000 1.00000000 1.00000000
v 0.08446979 0.05660437 0.02666137 1.00000000 1.00000000 1.00000000
v -0.03724502 -0.04925112 0.02666137 1.00000000 1.00000000 1.00000000
v 0.14989168 -0.01624210 0.02666137 1.00000000 1.00000000 1.00000000
v 0.17269955 -0.39392538 0.02666137 1.00000000 1.00000000 1.00000000
v 0.28447432 -0.14371287 0.01531739 1.00000000 1.00000000 1.00000000
v 0.13324696 -0.15684154 0.02666137 1.00000000 1.00000000 1.00000000
v 0.17941459 -0.48152196 0.02666137 1.00000000 1.00000000 1.00000000
v -0.08030077 -0.29043241 0.02666137 1.00000000 1.00000000 1.00000000
v -0.16129511 -0.35507641 0.02666137 1.00000000 1.00000000 1.00000000
v 0.26772982 -0.02753621 0.02253419 1.00000000 1.00000000 1.00000000
v 0.21008732 0.18865424 0.02666137 1.00000000 1.00000000 1.00000000
v 0.13824376 -0.36974478 0.02666137 1.00000000 1.00000000 1.00000000
v 0.20922416 -0.43053411 0.02666137 1.00000000 1.00000000 1.00000000
v -0.18240319 -0.05259796 0.02666137 1.00000000 1.00000000 1.00000000
v -0.02749921 -0.23986478 0.02666137 1.00000000 1.00000000 1.00000000
v 0.00615781 -0.21009274 0.02666137 1.00000000 1.00000000 1.00000000
v 0.12132745 -0.22660913 0.02666137 1.00000000 1.00000000 1.00000000
v 0.04028927 0.14804024 0.02666137 1.00000000 1.00000000 1.00000000
v -0.18299416 -0.37369341 0.02666137 1.00000000 1.00000000 1.00000000
v -0.25897954 -0.25257157 0.02633848 1.00000000 1.00000000 1.00000000
v -0.09418387 -0.50573703 0.02666137 1.00000000 1.00000000 1.00000000
v 0.03194674 0.19231665 0.02666137 1.00000000 1.00000000 1.00000000
v -0.01869382 -0.00096564 0.02666137 1.00000000 1.00000000 1.00000000
v 0.18726765 -0.39833555 0.02666137 1.00000000 1.00000000 1.00000000
v 0.08503742 -0.12559724 0.02666137 1.00000000 1.00000000 1.00000000
v -0.13463923 -0.12377916 0.02666137 1.00000000 1.00000000 1.00000000
v 0.08870204 -0.46504387 0.02666137 1.00000000 1.00000000 1.00000000
v -0.24296909 -0.22111373 0.02666137 1.00000000 1.00000000 1.00000000
v 0.17787626 0.05675106 0.02666137 1.00000000 1.00000000 1.00000000
v -0.25282642 -0.27975802 0.02666137 1.00000000 1.00000000 1.00000000
v 0.25259946 -0.08431719 0.02637132 1.00000000 1.00000000 1.00000000
v -0.18890309 -0.06352223 0.02666137 1.00000000 1.00000000 1.00000000
v 0.13282307 0.18744265 0.02666137 1.00000000 1.00000000 1.00000000
v -0.16773731 0.12078357 0.02666137 1.00000000 1.00000000 1.00000000
v 0.03299847 0.06607232 0.02666137 1.00000000 1.00000000 1.00000000
v 0.03170096 0.18132678 0.02666137 1.00000000 1.00000000 1.00000000
v 0.16897744 -0.03527781 0.02666137 1.00000000 1.00000000 1.00000000
v -0.08029198 0.05089135 0.02666137 1.00000000 1.00000000 1.00000000
v -0.13650888 -0.01779374 0.02666137 1.00000000 1.00000000 1.00000000
v -0.01744341 -0.27861630 0.02666137 1.00000000 1.00000000 1.00000000
v -0.26062594 0.09988877 0.02666137 1.00000000 1.00000000 1.00000000
v 0.25304068 -0.31460732 0.02666137 1.00000000 1.00000000 1.00000000
v -0.08148424 0.21683369 0.02666137 1.00000000 1.00000000 1.00000000
v 0.12093823 -0.16235588 0.02666137 1.00000000 1.00000000 1.00000000
v -0.26823064 0.15680982 0.02666137 1.00000000 1.00000000 1.00000000
v -0.07228863 0.18456418 0.02666137 1.00000000 1.00000000 1.00000000
v 0.08703921 -0.19115788 0.02666137 1.00000000 1.00000000 1.00000000
v 0.18616018 0.07012766 0.02666137 1.00000000 1.00000000 1.00000000
v 0.03232598 -0.35558583 0.02666137 1.00000000 1.00000000 1.00000000
v 0.06184564 -0.37742395 0.02666137 1.00000000 1.00000000 1.00000000
v -0.05566564 0.07520460 0.02666137 1.00000000 1.00000000 1.00000000
v -0.00068468 -0.31434275 0.02666137 1.00000000 1.00000000 1.00000000
v 0.11419775 -0.21178571 0.02666137 1.00000000 1.00000000 1.00000000
v 0.07320382 -0.20804923 0.02666137 1.00000000 1.00000000 1.00000000
v 0.11118472 0.20027433 0.02666137 1.00000000 1.00000000 1.00000000
v 0.02933848 -0.03949828 0.02666137 1.00000000 1.00000000 1.00000000
v -0.27525226 -0.11105608 0.02055788 1.00000000 1.00000000 1.00000000
v -0.16544391 -0.51048371 0.02666137 1.00000000 1.00000000 1.00000000
v -0.22083384 -0.49706977 0.02666137 1.00000000 1.00000000 1.00000000
v -0.21134811 -0.21236351 0.02666137 1.00000000 1.00000000 1.00000000
v 0.10515349 -0.26068545 0.02666137 1.00000000 1.00000000 1.00000000
v -0.27799459 0.18557787 0.02666137 1.00000000 1.00000000 1.00000000
v -0.10963715 0.27481902 0.01801486 1.00000000 1.00000000 1.00000000
v -0.12932764 0.11868140 0.02666137 1.00000000 1.00000000 1.00000000
v -0.07483900 -0.26041211 0.02666137 1.00000000 1.00000000 1.00000000
v -0.11379581 -0.03986795 0.02666137 1.00000000 1.00000000 1.00000000
v 0.14215413 -0.18225516 0.02666137 1.00000000 1.00000000 1.00000000
v -0.08620064 -0.46328426 0.02666137 1.00000000 1.00000000 1.00000000
v -0.10917098 0.18506881 0.02666137 1.00000000 1.00000000 1.00000000
v 0.08384539 -0.47785866 0.02666137 1.00000000 1.00000000 1.00000000
v -0.26435367 -0.05480739 0.02399094 1.00000000 1.00000000 1.00000000
v -0.21628162 -0.39561685 0.02666137 1.00000000 1.00000000 1.00000000
v -0.23930039 -0.27154001 0.02666137 1.00000000 1.00000000 1.00000000
v 0.27366338 -0.38780357 0.02469085 1.00000000 1.00000000 1.00000000
v 0.04411730 -0.18446133 0.02666137 1.00000000 1.00000000 1.00000000
v 0.13112606 0.05721848 0.02666137 1.00000000 1.00000000 1.00000000
v 0.07076141 0.09112059 0.02666137 1.00000000 1.00000000 1.00000000
v 0.07179427 -0.06035929 0.02666137 1.00000000 1.00000000 1.00000000
v 0.14914216 -0.25584533 0.02666137 1.00000000 1.00000000 1.00000000
v -0.13972413 -0.50983929 0.02666137 1.00000000 1.00000000 1.00000000
v -0.12151293 -0.02187127 0.02666137 1.00000000 1.00000000 1.00000000
v 0.27470807 -0.44366638 0.02491725 1.00000000 1.00000000 1.00000000
v 0.15728278 -0.44964404 0.02666137 1.00000000 1.00000000 1.00000000
v 0.22210286 -0.19802994 0.02666137 1.00000000 1.00000000 1.00000000
v 0.10693351 0.26968632 0.02117030 1.00000000 1.00000000 1.00000000
v -0.25453439 -0.46020607 0.02666137 1.00000000 1.00000000 1.00000000
v 0.16797693 -0.18010988 0.02666137 1.00000000 1.00000000 1.00000000
v -0.00364963 -0.00302202 0.02666137 1.00000000 1.00000000 1.00000000
v 0.00574788 0.15661383 0.02666137 1.00000000 1.00000000 1.00000000
v -0.14456231 0.16406530 0.02666137 1.00000000 1.00000000 1.00000000
v 0.14130274 0.12803742 0.02666137 1.00000000 1.00000000 1.00000000
v -0.10612544 -0.48858564 0.02666137 1.00000000 1.00000000 1.00000000
v 0.09494066 -0.49585880 0.02666137 1.00000000 1.00000000 1.00000000
v 0.01956772 -0.21453020 0.02666137 1.00000000 1.00000000 1.00000000
v 0.24769964 -0.02378797 0.02656392 1.00000000 1.00000000 1.00000000
v -0.07730476 -0.24257044 0.02666137 1.00000000 1.00000000 1.00000000
v 0.14738219 -0.41845825 0.02666137 1.00000000 1.00000000 1.00000000
v 0.00373689 -0.34315187 0.02666137 1.00000000 1.00000000 1.00000000
v 0.27474435 0.24022140 0.01325480 1.00000000 1.00000000 1.00000000
v -0.06779369 0.10151541 0.02666137 1.00000000 1.00000000 1.00000000
v 0.13993679 -0.04528070 0.02666137 1.00000000 1.00000000 1.00000000
v 0.15062318 0.07760455 0.02666137 1.00000000 1.00000000 1.00000000
v 0.02794981 0.15495752 0.02666137 1.00000000 1.00000000 1.00000000
v 0.24682070 0.20376381 0.02666137 1.00000000 1.00000000 1.00000000
v 0.04495937 -0.27506565 0.02666137 1.00000000 1.00000000 1.00000000
v -0.28854809 -0.33588991 0.01747724 1.00000000 1.00000000 1.00000000
v 0.22839476 -0.18312834 0.02666137 1.00000000 1.00000000 1.00000000
v -0.22806272 -0.25742176 0.02666137 1.00000000 1.00000000 1.00000000
v -0.23960654 -0.46668848 0.02666137 1.00000000 1.00000000 1.00000000
v 0.02438200 -0.36732802 0.02666137 1.00000000 1.00000000 1.00000000
v 0.18836328 -0.27153468 0.02666137 1.00000000 1.00000000 1.00000000
v -0.00990235 -0.49440747 0.02666137 1.00000000 1.00000000 1.00000000
v 0.06788816 -0.34734748 0.02666137 1.00000000 1.00000000 1.00000000
v -0.18370293 0.21130448 0.02666137 1.00000000 1.00000000 1.00000000
v 0.15243174 -0.13425973 0.02666137 1.00000000 1.00000000 1.00000000
v 0.19820808 -0.35864974 0.02666137 1.00000000 1.00000000 1.00000000
v -0.03810957 -0.07597569 0.02666137 1.00000000 1.00000000 1.00000000
v -0.18087131 0.06269688 0.02666137 1.00000000 1.00000000 1.00000000
v -0.16182015 0.18471606 0.02666137 1.00000000 1.00000000 1.00000000
v -0.24230669 -0.08164743 0.02666137 1.00000000 1.00000000 1.00000000
v -0.02210991 0.16759093 0.02666137 1.00000000 1.00000000 1.00000000
v -0.23121463 -0.15048720 0.02666137 1.00000000 1.00000000 1.00000000
v 0.01080459 -0.13956580 0.02666137 1.00000000 1.00000000 1.00000000
v -0.02273784 -0.19822796 0.02666137 1.00000000 1.00000000 1.00000000
v -0.17174431 -0.04340861 0.02666137 1.00000000 1.00000000 1.00000000
v -0.23549458 -0.37161733 0.02666137 1.00000000 1.00000000 1.00000000
v 0.05678180 0.13336377 0.02666137 1.00000000 1.00000000 1.00000000
v -0.23021804 0.14460522 0.02666137 1.00000000 1.00000000 1.00000000
v 0.26442962 0.00913177 0.02324741 1.00000000 1.00000000 1.00000000
v 0.18259440 0.12199204 0.02666137 1.00000000 1.00000000 1.00000000
v 0.05265793 -0.07266785 0.02666137 1.00000000 1.00000000 1.00000000
v -0.10169709 -0.40778215 0.02666137 1.00000000 1.00000000 1.00000000
v 0.07941623 -0.03124838 0.02666137 1.00000000 1.00000000 1.00000000
v 0.23379557 0.19551256 0.02666137 1.00000000 1.00000000 1.00000000
v 0.27456083 -0.19805918 0.02225168 1.00000000 1.00000000 1.00000000
v -0.08733294 -0.37185139 0.02666137 1.00000000 1.00000000 1.00000000
v -0.17174249 -0.43942274 0.02666137 1.00000000 1.00000000 1.00000000
v -0.06653549 -0.14757199 0.02666137 1.00000000 1.00000000 1.00000000
v 0.11673751 -0.38442725 0.02666137 1.00000000 1.00000000 1.00000000
v -0.11818109 -0.09083824 0.02666137 1.00000000 1.00000000 1.00000000
v -0.13462660 -0.37746931 0.02666137 1.00000000 1.00000000 1.00000000
v -0.23130943 -0.45270481 0.02666137 1.00000000 1.00000000 1.00000000
v 0.07081353 0.14030822 0.02666137 1.00000000 1.00000000 1.00000000
v 0.20356888 0.06951240 0.02666137 1.00000000 1.00000000 1.00000000
v 0.16092451 -0.31469716 0.02666137 1.00000000 1.00000000 1.00000000
v 0.18103443 0.19996105 0.02666137 1.00000000 1.00000000 1.00000000
v 0.04707964 -0.03918006 0.02666137 1.00000000 1.00000000 1.00000000
v 0.05463773 -0.22860459 0.02666137 1.00000000 1.00000000 1.00000000
v 0.11437975 -0.06789362 0.02666137 1.00000000 1.00000000 1.00000000
v -0.07363032 -0.27710145 0.02666137 1.00000000 1.00000000 1.00000000
v 0.01550243 -0.45453144 0.02666137 1.00000000 1.00000000 1.00000000
v -0.27785800 -0.14743332 0.01988417 1.00000000 1.00000000 1.00000000
v -0.12567326 -0.36379781 0.02666137 1.00000000 1.00000000 1.00000000
v 0.15284200 0.13990534 0.02666137 1.00000000 1.00000000 1.00000000
v 0.28768168 -0.15877801 0.01272707 1.00000000 1.00000000 1.00000000
v -0.19180636 -0.02029529 0.02666137 1.00000000 1.00000000 1.00000000
v 0.14589548 0.04990171 0.02666137 1.00000000 1.00000000 1.00000000
v 0.06443662 -0.03908564 0.02666137 1.00000000 1.00000000 1.00000000
v -0.09578760 -0.01194869 0.02666137 1.00000000 1.00000000 1.00000000
v -0.20670400 -0.23478071 0.02666137 1.00000000 1.00000000 1.00000000
v 0.20817896 -0.17258265 0.02666137 1.00000000 1.00000000 1.00000000
v 0.28869624 -0.20257113 0.01332148 1.00000000 1.00000000 1.00000000
v -0.16161746 -0.23889417 0.02666137 1.00000000 1.00000000 1.00000000
v 0.23625199 -0.11905962 0.02666137 1.00000000 1.00000000 1.00000000
v -0.15733344 0.02027408 0.02666137 1.00000000 1.00000000 1.00000000
v -0.26617079 -0.12445681 0.02418395 1.00000000 1.00000000 1.00000000
v 0.18952178 0.24904180 0.01965284 1.00000000 1.00000000 1.00000000
v 0.14331951 -0.32379487 0.02666137 1.00000000 1.00000000 1.00000000
v -0.08189043 -0.20652462 0.02666137 1.00000000 1.00000000 1.00000000
v -0.00858674 0.03192712 0.02666137 1.00000000 1.00000000 1.00000000
v -0.10306880 -0.27717200 0.02666137 1.00000000 1.00000000 1.00000000
v 0.17683738 -0.00642826 0.02666137 1.00000000 1.00000000 1.00000000
v -0.21295731 -0.25581306 0.02666137 1.00000000 1.00000000 1.00000000
v 0.02403094 -0.05764980 0.02666137 1.00000000 1.00000000 1.00000000
v -0.27723934 -0.22557005 0.02154447 1.00000000 1.00000000 1.00000000
v 0.09604359 0.16102424 0.02666137 1.00000000 1.00000000 1.00000000
v -0.01276509 0.05635000 0.02666137 1.00000000 1.00000000 1.00000000
v -0.03744388 -0.15970798 0.02666137 1.00000000 1.00000000 1.00000000
v 0.00410479 0.12710241 0.02666137 1.00000000 1.00000000 1.00000000
v -0.07530272 0.09115336 0.02666137 1.00000000 1.00000000 1.00000000
v 0.17894255 -0.49712497 0.02666137 1.00000000 1.00000000 1.00000000
v -0.04543258 0.15342445 0.02666137 1.00000000 1.00000000 1.00000000
v -0.28926852 -0.21389464 0.01314582 1.00000000 1.00000000 1.00000000
v -0.15857530 -0.40315703 0.02666137 1.00000000 1.00000000 1.00000000
v -0.00176343 0.11187946 0.02666137 1.00000000 1.00000000 1.00000000
v 0.28907190 -0.32859535 0.01691781 1.00000000 1.00000000 1.00000000
v 0.29656400 -0.36590301 0.01094611 1.00000000 1.00000000 1.00000000
v 0.25881353 0.22418094 0.02383936 1.00000000 1.00000000 1.00000000
v 0.16444442 -0.10861492 0.02666137 1.00000000 1.00000000 1.00000000
v -0.18736445 -0.43270578 0.02666137 1.00000000 1.00000000 1.00000000
v -0.03603129 -0.13870564 0.02666137 1.00000000 1.00000000 1.00000000
v 0.23884864 -0.38206971 0.02666137 1.00000000 1.00000000 1.00000000
v 0.25357622 -0.01133056 0.02595843 1.00000000 1.00000000 1.00000000
v 0.12238613 -0.00909658 0.02666137 1.00000000 1.00000000 1.00000000
v 0.15120149 -0.49287287 0.02666137 1.00000000 1.00000000 1.00000000
v -0.19586952 -0.44840591 0.02666137 1.00000000 1.00000000 1.00000000
v 0.12745389 -0.50321407 0.02666137 1.00000000 1.00000000 1.00000000
v 0.14311403 -0.11779900 0.02666137 1.00000000 1.00000000 1.00000000
v 0.19320003 -0.00372188 0.02666137 1.00000000 1.00000000 1.00000000
v -0.13268967 -0.34448180 0.02666137 1.00000000 1.00000000 1.00000000
v 0.01639304 0.05567579 0.02666137 1.00000000 1.00000000 1.00000000
v 0.14208481 0.11287829 0.02666137 1.00000000 1.00000000 1.00000000
v -0.28094212 -0.29115229 0.02092576 1.00000000 1.00000000 1.00000000
v -0.10665107 0.24837557 0.02636120 1.00000000 1.00000000 1.00000000
v 0.18692036 -0.09472755 0.02666137 1.00000000 1.00000000 1.00000000
v 0.01272312 0.11667663 0.02666137 1.00000000 1.00000000 1.00000000
v -0.12283669 0.17170706 0.02666137 1.00000000 1.00000000 1.00000000
v -0.06476501 0.05323770 0.02666137 1.00000000 1.00000000 1.00000000
v -0.12856767 0.08894465 0.02666137 1.00000000 1.00000000 1.00000000
v -0.20616219 -0.06511052 0.02666137 1.00000000 1.00000000 1.00000000
v -0.14572786 0.23155828 0.02663501 1.00000000 1.00000000 1.00000000
v -0.29424069 -0.48739251 0.01728889 1.00000000 1.00000000 1.00000000
v 0.03887163 -0.49483990 0.02666137 1.00000000 1.00000000 1.00000000
v 0.27112842 -0.33906631 0.02487929 1.00000000 1.00000000 1.00000000
v -0.19062906 0.05033213 0.02666137 1.00000000 1.00000000 1.00000000
v 0.25529098 -0.11379152 0.02620599 1.00000000 1.00000000 1.00000000
v -0.27587579 -0.26176863 0.02262448 1.00000000 1.00000000 1.00000000
v -0.01286634 -0.46177695 0.02666137 1.00000000 1.00000000 1.00000000
v -0.09108445 -0.25555905 0.02666137 1.00000000 1.00000000 1.00000000
v 0.01730518 0.07081413 0.02666137 1.00000000 1.00000000 1.00000000
v -0.16324744 0.26102647 0.01629566 1.00000000 1.00000000 1.00000000
v 0.04510560 -0.24129596 0.02666137 1.00000000 1.00000000 1.00000000
v 0.00745506 -0.05789799 0.02666137 1.00000000 1.00000000 1.00000000
v -0.27479678 -0.01624049 0.01895948 1.00000000 1.00000000 1.00000000
v -0.17389620 -0.07504575 0.02666137 1.00000000 1.00000000 1.00000000
v -0.30018550 -0.49723133 0.01228756 1.00000000 1.00000000 1.00000000
v 0.13311655 -0.23725317 0.02666137 1.00000000 1.00000000 1.00000000
v -0.19616796 0.08535307 0.02666137 1.00000000 1.00000000 1.00000000
v -0.14602188 -0.42119638 0.02666137 1.00000000 1.00000000 1.00000000
v 0.09896964 -0.15700642 0.02666137 1.00000000 1.00000000 1.00000000
v -0.01934701 -0.43033000 0.02666137 1.00000000 1.00000000 1.00000000
v -0.01176942 -0.06495362 0.02666137 1.00000000 1.00000000 1.00000000
v -0.08562411 -0.10982267 0.02666137 1.00000000 1.00000000 1.00000000
v 0.03667193 0.08600714 0.02666137 1.00000000 1.00000000 1.00000000
v -0.13733849 -0.35899688 0.02666137 1.00000000 1.00000000 1.00000000
v -0.10036333 0.26166193 0.02457463 1.00000000 1.00000000 1.00000000
v 0.21679269 -0.04484580 0.02666137 1.00000000 1.00000000 1.00000000
v 0.11518841 -0.40721818 0.02666137 1.00000000 1.00000000 1.00000000
v -0.09142175 -0.16210815 0.02666137 1.00000000 1.00000000 1.00000000
v -0.25631355 -0.47270118 0.02666137 1.00000000 1.00000000 1.00000000
v -0.19714451 -0.30467697 0.02666137 1.00000000 1.00000000 1.00000000
v 0.25173580 -0.41617272 0.02666137 1.00000000 1.00000000 1.00000000
v 0.12020035 -0.02610741 0.02666137 1.00000000 1.00000000 1.00000000
v -0.05900273 0.22390711 0.02666137 1.00000000 1.00000000 1.00000000
v 0.07571850 -0.24182020 0.02666137 1.00000000 1.00000000 1.00000000
v 0.19490083 0.20766274 0.02666137 1.00000000 1.00000000 1.00000000
v -0.09810251 -0.36192916 0.02666137 1.00000000 1.00000000 1.00000000
v -0.21252984 0.08708360 0.02666137 1.00000000 1.00000000 1.00000000
v -0.28327853 -0.05458046 0.01344589 1.00000000 1.00000000 1.00000000
v -0.19574406 -0.41632489 0.02666137 1.00000000 1.00000000 1.00000000
v 0.20063047 -0.30993369 0.02666137 1.00000000 1.00000000 1.00000000
v 0.10432921 -0.39434218 0.02666137 1.00000000 1.00000000 1.00000000
v -0.02964039 -0.47264885 0.02666137 1.00000000 1.00000000 1.00000000
v -0.14098694 -0.29307323 0.02666137 1.00000000 1.00000000 1.00000000
v -0.13275003 -0.30893491 0.02666137 1.00000000 1.00000000 1.00000000
v 0.01590122 -0.16775350 0.02666137 1.00000000 1.00000000 1.00000000
v -0.17547046 0.19191745 0.02666137 1.00000000 1.00000000 1.00000000
v -0.24351734 -0.00003611 0.02665997 1.00000000 1.00000000 1.00000000
v -0.20903186 -0.02345832 0.02666137 1.00000000 1.00000000 1.00000000
v 0.27958252 -0.17149233 0.01940770 1.00000000 1.00000000 1.00000000
v 0.24576995 0.01898693 0.02658338 1.00000000 1.00000000 1.00000000
v -0.08691239 0.14663587 0.02666137 1.00000000 1.00000000 1.00000000
v -0.18553204 0.07501253 0.02666137 1.00000000 1.00000000 1.00000000
v -0.23147037 -0.21314468 0.02666137 1.00000000 1.00000000 1.00000000
v -0.27980887 -0.12498756 0.01826914 1.00000000 1.00000000 1.00000000
v -0.20113152 -0.05205896 0.02666137 1.00000000 1.00000000 1.00000000
v -0.25354994 -0.21511089 0.02660860 1.00000000 1.00000000 1.00000000
v -0.25458725 0.15231900 0.02666137 1.00000000 1.00000000 1.00000000
v 0.22221523 -0.37892356 0.02666137 1.00000000 1.00000000 1.00000000
v -0.08813578 -0.44928709 0.02666137 1.00000000 1.00000000 1.00000000
v 0.23759688 -0.19820569 0.02666137 1.00000000 1.00000000 1.00000000
v -0.13093660 -0.03596263 0.02666137 1.00000000 1.00000000 1.00000000
v 0.15596757 0.23207203 0.02647740 1.00000000 1.00000000 1.00000000
v -0.15493967 0.12887931 0.02666137 1.00000000 1.00000000 1.00000000
v -0.14090279 -0.43519711 0.02666137 1.00000000 1.00000000 1.00000000
v 0.18935326 0.03760078 0.02666137 1.00000000 1.00000000 1.00000000
v -0.16709087 0.13944709 0.02666137 1.00000000 1.00000000 1.00000000
v 0.22183848 -0.16906392 0.02666137 1.00000000 1.00000000 1.00000000
v -0.20183955 0.04512096 0.02666137 1.00000000 1.00000000 1.00000000
v -0.03028641 -0.01674313 0.02666137 1.00000000 1.00000000 1.00000000
v -0.11003062 0.05631807 0.02666137 1.00000000 1.00000000 1.00000000
v 0.08311602 -0.30832957 0.02666137 1.00000000 1.00000000 1.00000000
v 0.12327036 -0.26359381 0.02666137 1.00000000 1.00000000 1.00000000
v 0.19679388 -0.06366000 0.02666137 1.00000000 1.00000000 1.00000000
v -0.28184049 -0.32345940 0.02104746 1.00000000 1.00000000 1.00000000
v -0.16116979 -0.48288629 0.02666137 1.00000000 1.00000000 1.00000000
v 0.10278832 -0.22699475 0.02666137 1.00000000 1.00000000 1.00000000
v 0.25282609 -0.04968322 0.02622493 1.00000000 1.00000000 1.00000000
v -0.23633975 -0.13245962 0.02666137 1.00000000 1.00000000 1.00000000
v -0.02401749 -0.31851890 0.02666137 1.00000000 1.00000000 1.00000000
v -0.09205507 0.01572449 0.02666137 1.00000000 1.00000000 1.00000000
v 0.20828395 -0.41566306 0.02666137 1.00000000 1.00000000 1.00000000
v -0.12750544 0.10339955 0.02666137 1.00000000 1.00000000 1.00000000
v -0.25321696 -0.13579027 0.02647047 1.00000000 1.00000000 1.00000000
v -0.15034294 -0.19337814 0.02666137 1.00000000 1.00000000 1.00000000
v -0.07471127 -0.37696783 0.02666137 1.00000000 1.00000000 1.00000000
v 0.04358754 -0.38000905 0.02666137 1.00000000 1.00000000 1.00000000
v -0.15567151 0.19854633 0.02666137 1.00000000 1.00000000 1.00000000
v -0.00418657 -0.35705663 0.02666137 1.00000000 1.00000000 1.00000000
v 0.26871301 0.03810144 0.02320207 1.00000000 1.00000000 1.00000000
v -0.24848282 -0.19138574 0.02666137 1.00000000 1.00000000 1.00000000
v 0.25281319 -0.15975300 0.02655079 1.00000000 1.00000000 1.00000000
v 0.01689981 0.13339801 0.02666137 1.00000000 1.00000000 1.00000000
v 0.01673310 -0.47227552 0.02666137 1.00000000 1.00000000 1.00000000
v -0.03413501 0.06358075 0.02666137 1.00000000 1.00000000 1.00000000
v -0.29493670 -0.50745247 0.01730449 1.00000000 1.00000000 1.00000000
v 0.21234312 0.12961060 0.02666137 1.00000000 1.00000000 1.00000000
v 0.10387946 -0.10891305 0.02666137 1.00000000 1.00000000 1.00000000
v 0.17000700 0.26488095 0.01078880 1.00000000 1.00000000 1.00000000
v -0.21690895 -0.37549194 0.02666137 1.00000000 1.00000000 1.00000000
v -0.09435065 -0.05819933 0.02666137 1.00000000 1.00000000 1.00000000
v -0.07799275 -0.03581055 0.02666137 1.00000000 1.00000000 1.00000000
v -0.24099118 -0.32085975 0.02666137 1.00000000 1.00000000 1.00000000
v -0.11422982 -0.46231168 0.02666137 1.00000000 1.00000000 1.00000000
v -0.19445334 -0.03906409 0.02666137 1.00000000 1.00000000 1.00000000
v 0.22339282 -0.12568228 0.02666137 1.00000000 1.00000000 1.00000000
v -0.20205063 -0.18233158 0.02666137 1.00000000 1.00000000 1.00000000
v -0.13161504 0.13820580 0.02666137 1.00000000 1.00000000 1.00000000
v -0.00736687 -0.15452643 0.02666137 1.00000000 1.00000000 1.00000000
v 0.03955212 0.11062111 0.02666137 1.00000000 1.00000000 1.00000000
v 0.01781180 -0.02914111 0.02666137 1.00000000 1.00000000 1.00000000
v 0.11700985 0.04885256 0.02666137 1.00000000 1.00000000 1.00000000
v -0.04716202 -0.25974053 0.02666137 1.00000000 1.00000000 1.00000000
v -0.26564780 -0.23742290 0.02527836 1.00000000 1.00000000 1.00000000
v -0.08623948 0.12932276 0.02666137 1.00000000 1.00000000 1.00000000
v -0.11731002 -0.49758788 0.02666137 1.00000000 1.00000000 1.00000000
v -0.12375948 -0.18071900 0.02666137 1.00000000 1.00000000 1.00000000
v 0.10559954 -0.37440438 0.02666137 1.00000000 1.00000000 1.00000000
v -0.27975349 0.01721115 0.01438482 1.00000000 1.00000000 1.00000000
v 0.01225452 -0.22684911 0.02666137 1.00000000 1.00000000 1.00000000
v -0.07318507 -0.17870413 0.02666137 1.00000000 1.00000000 1.00000000
v -0.08384309 -0.06875340 0.02666137 1.00000000 1.00000000 1.00000000
v -0.15545083 -0.27828606 0.02666137 1.00000000 1.00000000 1.00000000
v -0.15695962 -0.04436642 0.02666137 1.00000000 1.00000000 1.00000000
v 0.02202794 -0.12819876 0.02666137 1.00000000 1.00000000 1.00000000
v -0.25011714 -0.36511480 0.02666137 1.00000000 1.00000000 1.00000000
v 0.04540955 -0.09026146 0.02666137 1.00000000 1.00000000 1.00000000
v -0.10533300 -0.50179588 0.02666137 1.00000000 1.00000000 1.00000000
v -0.10864696 -0.12110099 0.02666137 1.00000000 1.00000000 1.00000000
v 0.19813405 0.22306883 0.02636370 1.00000000 1.00000000 1.00000000
v 0.00480869 -0.32783419 0.02666137 1.00000000 1.00000000 1.00000000
v 0.16538706 -0.47569684 0.02666137 1.00000000 1.00000000 1.00000000
v 0.24828959 0.17180071 0.02666137 1.00000000 1.00000000 1.00000000
v 0.06591924 -0.36003056 0.02666137 1.00000000 1.00000000 1.00000000
v -0.02735667 -0.11213223 0.02666137 1.00000000 1.00000000 1.00000000
v 0.23760366 -0.26708142 0.02666137 1.00000000 1.00000000 1.00000000
v -0.08020439 -0.30560565 0.02666137 1.00000000 1.00000000 1.00000000
v 0.11768774 -0.46137967 0.02666137 1.00000000 1.00000000 1.00000000
v -0.18368295 -0.36073637 0.02666137 1.00000000 1.00000000 1.00000000
v -0.11200051 -0.47760931 0.02666137 1.00000000 1.00000000 1.00000000
v 0.19098599 -0.29899800 0.02666137 1.00000000 1.00000000 1.00000000
v 0.02190915 -0.30276510 0.02666137 1.00000000 1.00000000 1.00000000
v -0.11196905 -0.05672999 0.02666137 1.00000000 1.00000000 1.00000000
v 0.28237651 -0.02195246 0.01316803 1.00000000 1.00000000 1.00000000
v -0.27964822 -0.07554120 0.01718180 1.00000000 1.00000000 1.00000000
v 0.05284060 0.14567142 0.02666137 1.00000000 1.00000000 1.00000000
v -0.05942823 0.14432023 0.02666137 1.00000000 1.00000000 1.00000000
v 0.07658194 -0.37807017 0.02666137 1.00000000 1.00000000 1.00000000
v 0.04305184 0.12896310 0.02666137 1.00000000 1.00000000 1.00000000
v 0.24013279 -0.48966315 0.02666137 1.00000000 1.00000000 1.00000000
v 0.24834790 0.09243137 0.02666137 1.00000000 1.00000000 1.00000000
v -0.10049730 -0.37758069 0.02666137 1.00000000 1.00000000 1.00000000
v 0.08589734 0.14392293 0.02666137 1.00000000 1.00000000 1.00000000
v 0.10058077 -0.21225617 0.02666137 1.00000000 1.00000000 1.00000000
v -0.04512337 -0.33030243 0.02666137 1.00000000 1.00000000 1.00000000
v -0.16418026 -0.30616929 0.02666137 1.00000000 1.00000000 1.00000000
v -0.24369390 0.23993440 0.01810956 1.00000000 1.00000000 1.00000000
v 0.22542401 -0.39365703 0.02666137 1.00000000 1.00000000 1.00000000
v -0.09197260 0.11444731 0.02666137 1.00000000 1.00000000 1.00000000
v 0.07778171 -0.45395256 0.02666137 1.00000000 1.00000000 1.00000000
v 0.02469850 -0.25945228 0.02666137 1.00000000 1.00000000 1.00000000
v 0.14197900 -0.43235541 0.02666137 1.00000000 1.00000000 1.00000000
v 0.16646793 -0.13209422 0.02666137 1.00000000 1.00000000 1.00000000
v -0.22538042 0.24021464 0.02007505 1.00000000 1.00000000 1.00000000
v -0.03635665 -0.29270457 0.02666137 1.00000000 1.00000000 1.00000000
v -0.10190366 -0.10875184 0.02666137 1.00000000 1.00000000 1.00000000
v 0.02677801 -0.23403800 0.02666137 1.00000000 1.00000000 1.00000000
v 0.11894469 -0.24761592 0.02666137 1.00000000 1.00000000 1.00000000
v 0.28216299 -0.05363953 0.01450318 1.00000000 1.00000000 1.00000000
v 0.28576869 -0.31094157 0.01870483 1.00000000 1.00000000 1.00000000
v -0.10468611 0.08867966 0.02666137 1.00000000 1.00000000 1.00000000
v 0.28451467 -0.12834485 0.01479829 1.00000000 1.00000000 1.00000000
v 0.01201961 -0.11416119 0.02666137 1.00000000 1.00000000 1.00000000
v -0.00816710 0.01980935 0.02666137 1.00000000 1.00000000 1.00000000
v 0.04612232 0.17218125 0.02666137 1.00000000 1.00000000 1.00000000
v 0.05224887 -0.44484342 0.02666137 1.00000000 1.00000000 1.00000000
v 0.18804438 -0.34888378 0.02666137 1.00000000 1.00000000 1.00000000
v 0.15990391 -0.35276221 0.02666137 1.00000000 1.00000000 1.00000000
v -0.23485418 -0.33575726 0.02666137 1.00000000 1.00000000 1.00000000
v 0.15243763 0.19528025 0.02666137 1.00000000 1.00000000 1.00000000
v -0.10647879 -0.26305311 0.02666137 1.00000000 1.00000000 1.00000000
v 0.02479859 0.11221282 0.02666137 1.00000000 1.00000000 1.00000000
v 0.22198274 -0.34667000 0.02666137 1.00000000 1.00000000 1.00000000
v 0.14824418 -0.23536393 0.02666137 1.00000000 1.00000000 1.00000000
v -0.06558111 -0.47744280 0.02666137 1.00000000 1.00000000 1.00000000
v -0.04887170 0.06085312 0.02666137 1.00000000 1.00000000 1.00000000
v -0.21338985 -0.41213881 0.02666137 1.00000000 1.00000000 1.00000000
v 0.09704173 0.07344693 0.02666137 1.00000000 1.00000000 1.00000000
v -0.19208401 -0.48378352 0.02666137 1.00000000 1.00000000 1.00000000
v 0.01358106 -0.35532378 0.02666137 1.00000000 1.00000000 1.00000000
v 0.05689238 -0.15988270 0.02666137 1.00000000 1.00000000 1.00000000
v -0.14928362 0.21509843 0.02666137 1.00000000 1.00000000 1.00000000
v -0.14796324 -0.38847021 0.02666137 1.00000000 1.00000000 1.00000000
v 0.06072572 -0.26382889 0.02666137 1.00000000 1.00000000 1.00000000
v -0.21773385 -0.07406261 0.02666137 1.00000000 1.00000000 1.00000000
v -0.13441322 -0.47698905 0.02666137 1.00000000 1.00000000 1.00000000
v 0.25154938 -0.50453993 0.02666137 1.00000000 1.00000000 1.00000000
v -0.12333196 -0.47330300 0.02666137 1.00000000 1.00000000 1.00000000
v -0.22189450 -0.36120205 0.02666137 1.00000000 1.00000000 1.00000000
v -0.00563606 -0.13898932 0.02666137 1.00000000 1.00000000 1.00000000
v -0.11787694 -0.35291235 0.02666137 1.00000000 1.00000000 1.00000000
v 0.10200563 -0.46317264 0.02666137 1.00000000 1.00000000 1.00000000
v -0.18470808 0.10167323 0.02666137 1.00000000 1.00000000 1.00000000
v -0.04785768 0.18516864 0.02666137 1.00000000 1.00000000 1.00000000
v 0.27439664 -0.09659546 0.02072413 1.00000000 1.00000000 1.00000000
v 0.22431150 0.22046098 0.02602892 1.00000000 1.00000000 1.00000000
v -0.19902499 0.09911286 0.02666137 1.00000000 1.00000000 1.00000000
v 0.16169427 -0.08541238 0.02666137 1.00000000 1.00000000 1.00000000
v -0.08518603 -0.00174004 0.02666137 1.00000000 1.00000000 1.00000000
v 0.16942681 -0.21140496 0.02666137 1.00000000 1.00000000 1.00000000
v 0.12410451 -0.47748693 0.02666137 1.00000000 1.00000000 1.00000000
v 0.05194733 0.09940512 0.02666137 1.00000000 1.00000000 1.00000000
v 0.18188419 -0.15549328 0.02666137 1.00000000 1.00000000 1.00000000
v -0.10409678 -0.07182634 0.02666137 1.00000000 1.00000000 1.00000000
v -0.20093707 0.15359344 0.02666137 1.00000000 1.00000000 1.00000000
v 0.22838212 -0.23404190 0.02666137 1.00000000 1.00000000 1.00000000
v -0.23150638 -0.22946456 0.02666137 1.00000000 1.00000000 1.00000000
v -0.14793088 -0.36506899 0.02666137 1.00000000 1.00000000 1.00000000
v -0.04534041 -0.24407700 0.02666137 1.00000000 1.00000000 1.00000000
v -0.04911551 -0.28717654 0.02666137 1.00000000 1.00000000 1.00000000
v 0.21671224 -0.23781820 0.02666137 1.00000000 1.00000000 1.00000000
v -0.11534078 -0.22164907 0.02666137 1.00000000 1.00000000 1.00000000
v -0.20194641 -0.50057820 0.02666137 1.00000000 1.00000000 1.00000000
v 0.07982640 -0.04850226 0.02666137 1.00000000 1.00000000 1.00000000
v 0.04643332 -0.21408074 0.02666137 1.00000000 1.00000000 1.00000000
v -0.26824065 0.10926191 0.02666137 1.00000000 1.00000000 1.00000000
v -0.28090497 -0.41141189 0.02274622 1.00000000 1.00000000 1.00000000
v 0.28597332 -0.09890800 0.01223315 1.00000000 1.00000000 1.00000000
v 0.08115543 0.22968890 0.02666137 1.00000000 1.00000000 1.00000000
v -0.23588744 -0.19261130 0.02666137 1.00000000 1.00000000 1.00000000
v 0.19738633 -0.28776475 0.02666137 1.00000000 1.00000000 1.00000000
v -0.17078641 0.25088787 0.02105812 1.00000000 1.00000000 1.00000000
v -0.07542438 -0.34439853 0.02666137 1.00000000 1.00000000 1.00000000
v 0.10903568 0.11596821 0.02666137 1.00000000 1.00000000 1.00000000
v 0.08670534 0.18452158 0.02666137 1.00000000 1.00000000 1.00000000
v -0.19642546 0.11382717 0.02666137 1.00000000 1.00000000 1.00000000
v 0.28569827 -0.51622954 0.02235113 1.00000000 1.00000000 1.00000000
v 0.26461414 0.02221430 0.02302243 1.00000000 1.00000000 1.00000000
v -0.14466023 -0.26822917 0.02666137 1.00000000 1.00000000 1.00000000
v 0.11924320 0.27465651 0.01589639 1.00000000 1.00000000 1.00000000
v 0.17857679 0.08283424 0.02666137 1.00000000 1.00000000 1.00000000
v 0.17298921 -0.26859718 0.02666137 1.00000000 1.00000000 1.00000000
v 0.24147000 -0.24160010 0.02666137 1.00000000 1.00000000 1.00000000
v 0.17741744 -0.33825604 0.02666137 1.00000000 1.00000000 1.00000000
v 0.00954253 -0.15452008 0.02666137 1.00000000 1.00000000 1.00000000
v -0.28489960 -0.24749951 0.01780743 1.00000000 1.00000000 1.00000000
v -0.17231080 -0.01243033 0.02666137 1.00000000 1.00000000 1.00000000
v 0.08142150 -0.14947771 0.02666137 1.00000000 1.00000000 1.00000000
v -0.28961873 -0.22342889 0.01313635 1.00000000 1.00000000 1.00000000
v -0.15915142 -0.25877125 0.02666137 1.00000000 1.00000000 1.00000000
v -0.29069471 -0.20232252 0.01096415 1.00000000 1.00000000 1.00000000
v 0.29164621 -0.45474536 0.01824813 1.00000000 1.00000000 1.00000000
v -0.28763309 -0.47649675 0.02089907 1.00000000 1.00000000 1.00000000
v 0.24281721 0.22579138 0.02423524 1.00000000 1.00000000 1.00000000
v 0.21123660 -0.07019068 0.02666137 1.00000000 1.00000000 1.00000000
v 0.23307837 -0.28063089 0.02666137 1.00000000 1.00000000 1.00000000
v -0.24782163 -0.12341904 0.02666058 1.00000000 1.00000000 1.00000000
v 0.07574184 0.07054808 0.02666137 1.00000000 1.00000000 1.00000000
v -0.19156744 0.03384257 0.02666137 1.00000000 1.00000000 1.00000000
v 0.13012686 -0.41182024 0.02666137 1.00000000 1.00000000 1.00000000
v 0.22212617 -0.45404594 0.02666137 1.00000000 1.00000000 1.00000000
v 0.15421844 -0.21982195 0.02666137 1.00000000 1.00000000 1.00000000
v 0.27461246 0.15881591 0.02666137 1.00000000 1.00000000 1.00000000
v -0.15228984 -0.32960185 0.02666137 1.00000000 1.00000000 1.00000000
v -0.13892563 -0.25702615 0.02666137 1.00000000 1.00000000 1.00000000
v -0.17084883 -0.16163633 0.02666137 1.00000000 1.00000000 1.00000000
v 0.06863223 -0.22949390 0.02666137 1.00000000 1.00000000 1.00000000
v -0.21722122 -0.04906486 0.02666137 1.00000000 1.00000000 1.00000000
v 0.13841416 -0.13017006 0.02666137 1.00000000 1.00000000 1.00000000
v -0.28051481 -0.19801090 0.01941734 1.00000000 1.00000000 1.00000000
v 0.13961292 -0.19653922 0.02666137 1.00000000 1.00000000 1.00000000
v -0.03372196 0.11396086 0.02666137 1.00000000 1.00000000 1.00000000
v -0.11535505 0.09793812 0.02666137 1.00000000 1.00000000 1.00000000
v -0.16483256 -0.32052361 0.02666137 1.00000000 1.00000000 1.00000000
v -0.26276614 -0.16957808 0.02536811 1.00000000 1.00000000 1.00000000
v -0.22784980 -0.43646824 0.02666137 1.00000000 1.00000000 1.00000000
v 0.14866366 0.02673441 0.02666137 1.00000000 1.00000000 1.00000000
v 0.24643310 0.04554424 0.02666137 1.00000000 1.00000000 1.00000000
v -0.17446302 -0.18114494 0.02666137 1.00000000 1.00000000 1.00000000
v -0.06038058 -0.04856065 0.02666137 1.00000000 1.00000000 1.00000000
v 0.14212601 -0.44608337 0.02666137 1.00000000 1.00000000 1.00000000
v 0.25549651 -0.35294958 0.02666137 1.00000000 1.00000000 1.00000000
v -0.27670659 0.11971660 0.02666137 1.00000000 1.00000000 1.00000000
v -0.15325143 -0.01147453 0.02666137 1.00000000 1.00000000 1.00000000
v 0.04864153 -0.48179187 0.02666137 1.00000000 1.00000000 1.00000000
v -0.07028835 -0.00513844 0.02666137 1.00000000 1.00000000 1.00000000
v 0.17512774 -0.04616305 0.02666137 1.00000000 1.00000000 1.00000000
v -0.09561342 -0.20317980 0.02666137 1.00000000 1.00000000 1.00000000
v 0.06737223 -0.40328983 0.02666137 1.00000000 1.00000000 1.00000000
v 0.21009576 -0.47689576 0.02666137 1.00000000 1.00000000 1.00000000
v -0.19854819 -0.32307435 0.02666137 1.00000000 1.00000000 1.00000000
v 0.09532473 -0.27986095 0.02666137 1.00000000 1.00000000 1.00000000
v 0.16523310 -0.49121938 0.02666137 1.00000000 1.00000000 1.00000000
v 0.17197770 -0.42116271 0.02666137 1.00000000 1.00000000 1.00000000
v 0.24242695 -0.51414416 0.02666137 1.00000000 1.00000000 1.00000000
v 0.23434496 -0.50066336 0.02666137 1.00000000 1.00000000 1.00000000
v -0.04419409 -0.37722189 0.02666137 1.00000000 1.00000000 1.00000000
v 0.15647000 0.03945432 0.02666137 1.00000000 1.00000000 1.00000000
v -0.06028244 0.20471531 0.02666137 1.00000000 1.00000000 1.00000000
v 0.17274305 0.23946160 0.02471941 1.00000000 1.00000000 1.00000000
v 0.12459052 -0.04186430 0.02666137 1.00000000 1.00000000 1.00000000
v 0.19764504 -0.18665901 0.02666137 1.00000000 1.00000000 1.00000000
v 0.03106857 0.17003164 0.02666137 1.00000000 1.00000000 1.00000000
v -0.27975952 -0.23720131 0.02056206 1.00000000 1.00000000 1.00000000
v 0.19113112 -0.10822053 0.02666137 1.00000000 1.00000000 1.00000000
v 0.17951643 0.18705626 0.02666137 1.00000000 1.00000000 1.00000000
v 0.25453776 -0.44544849 0.02666137 1.00000000 1.00000000 1.00000000
v 0.25948249 0.15833281 0.02666137 1.00000000 1.00000000 1.00000000
v -0.23981001 -0.02596293 0.02666137 1.00000000 1.00000000 1.00000000
v 0.17488180 -0.30235044 0.02666137 1.00000000 1.00000000 1.00000000
v -0.20400928 0.07324856 0.02666137 1.00000000 1.00000000 1.00000000
v 0.11541888 -0.08482209 0.02666137 1.00000000 1.00000000 1.00000000
v -0.02137736 -0.21846064 0.02666137 1.00000000 1.00000000 1.00000000
v -0.12278973 -0.20493905 0.02666137 1.00000000 1.00000000 1.00000000
v 0.26933117 -0.08039695 0.02264394 1.00000000 1.00000000 1.00000000
v 0.19410044 0.05428006 0.02666137 1.00000000 1.00000000 1.00000000
v -0.06409909 -0.23082976 0.02666137 1.00000000 1.00000000 1.00000000
v -0.08150364 -0.50043228 0.02666137 1.00000000 1.00000000 1.00000000
v -0.08009176 -0.35987545 0.02666137 1.00000000 1.00000000 1.00000000
v 0.18295685 0.09611220 0.02666137 1.00000000 1.00000000 1.00000000
v 0.23251131 -0.29693293 0.02666137 1.00000000 1.00000000 1.00000000
v -0.27898893 0.24018053 0.01252298 1.00000000 1.00000000 1.00000000
v 0.03074908 -0.19305238 0.02666137 1.00000000 1.00000000 1.00000000
v -0.30163944 -0.51856819 0.01145254 1.00000000 1.00000000 1.00000000
v 0.06185371 -0.21636549 0.02666137 1.00000000 1.00000000 1.00000000
v -0.11802680 0.19371709 0.02666137 1.00000000 1.00000000 1.00000000
v 0.15714137 -0.20213123 0.02666137 1.00000000 1.00000000 1.00000000
v 0.05459123 -0.32226736 0.02666137 1.00000000 1.00000000 1.00000000
v 0.25312921 -0.39261571 0.02666137 1.00000000 1.00000000 1.00000000
v -0.17013801 0.02339381 0.02666137 1.00000000 1.00000000 1.00000000
v -0.29079548 -0.30209131 0.01474304 1.00000000 1.00000000 1.00000000
v 0.08441484 -0.41501073 0.02666137 1.00000000 1.00000000 1.00000000
v -0.06521912 0.02949615 0.02666137 1.00000000 1.00000000 1.00000000
v -0.22873108 -0.11646407 0.02666137 1.00000000 1.00000000 1.00000000
v -0.19904855 -0.22247464 0.02666137 1.00000000 1.00000000 1.00000000
v -0.08791454 0.16236958 0.02666137 1.00000000 1.00000000 1.00000000
v -0.17823944 -0.32872607 0.02666137 1.00000000 1.00000000 1.00000000
v -0.03892984 -0.31707316 0.02666137 1.00000000 1.00000000 1.00000000
v -0.19631254 -0.20488349 0.02666137 1.00000000 1.00000000 1.00000000
v -0.23704189 0.12858432 0.02666137 1.00000000 1.00000000 1.00000000
v 0.17418574 0.04092911 0.02666137 1.00000000 1.00000000 1.00000000
v 0.17636626 -0.14213522 0.02666137 1.00000000 1.00000000 1.00000000
v 0.22611928 -0.32908669 0.02666137 1.00000000 1.00000000 1.00000000
v -0.15553936 0.03785456 0.02666137 1.00000000 1.00000000 1.00000000
v 0.17551788 -0.16705211 0.02666137 1.00000000 1.00000000 1.00000000
v -0.25206874 0.18037022 0.02666137 1.00000000 1.00000000 1.00000000
v -0.20791926 -0.08311169 0.02666137 1.00000000 1.00000000 1.00000000
v -0.22045117 -0.06172810 0.02666137 1.00000000 1.00000000 1.00000000
v 0.15951161 -0.42495139 0.02666137 1.00000000 1.00000000 1.00000000
v 0.28959176 -0.17405114 0.01108459 1.00000000 1.00000000 1.00000000
v 0.23772136 -0.01050818 0.02666137 1.00000000 1.00000000 1.00000000
v 0.24201917 -0.22723329 0.02666137 1.00000000 1.00000000 1.00000000
v -0.10017751 0.00444093 0.02666137 1.00000000 1.00000000 1.00000000
v 0.06971593 0.22325902 0.02666137 1.00000000 1.00000000 1.00000000
v -0.13468721 -0.49020409 0.02666137 1.00000000 1.00000000 1.00000000
v 0.23104417 -0.25079001 0.02666137 1.00000000 1.00000000 1.00000000
v -0.02156991 -0.16373589 0.02666137 1.00000000 1.00000000 1.00000000
v -0.13983411 -0.00112884 0.02666137 1.00000000 1.00000000 1.00000000
v 0.09363042 0.24997311 0.02656435 1.00000000 1.00000000 1.00000000
v 0.21714751 -0.28568612 0.02666137 1.00000000 1.00000000 1.00000000
v -0.24784227 0.21220965 0.02641195 1.00000000 1.00000000 1.00000000
v -0.06373006 -0.10554821 0.02666137 1.00000000 1.00000000 1.00000000
v -0.00364761 -0.28219549 0.02666137 1.00000000 1.00000000 1.00000000
v -0.25557078 -0.43004627 0.02666137 1.00000000 1.00000000 1.00000000
v -0.08500296 -0.38810401 0.02666137 1.00000000 1.00000000 1.00000000
v 0.26343780 -0.40530693 0.02642672 1.00000000 1.00000000 1.00000000
v -0.10733707 -0.02333069 0.02666137 1.00000000 1.00000000 1.00000000
v 0.29358327 -0.39677223 0.01527441 1.00000000 1.00000000 1.00000000
v -0.07401400 0.20440390 0.02666137 1.00000000 1.00000000 1.00000000
v 0.10409990 0.13770166 0.02666137 1.00000000 1.00000000 1.00000000
v -0.12126895 -0.27114487 0.02666137 1.00000000 1.00000000 1.00000000
v 0.18057256 -0.41152175 0.02666137 1.00000000 1.00000000 1.00000000
v -0.13473177 -0.23266328 0.02666137 1.00000000 1.00000000 1.00000000
v 0.15516644 0.10824900 0.02666137 1.00000000 1.00000000 1.00000000
v -0.12918103 0.07607153 0.02666137 1.00000000 1.00000000 1.00000000
v -0.02551191 -0.33081294 0.02666137 1.00000000 1.00000000 1.00000000
v -0.21220508 0.10316693 0.02666137 1.00000000 1.00000000 1.00000000
v -0.27622776 -0.06467096 0.01913786 1.00000000 1.00000000 1.00000000
v -0.28897094 -0.26818707 0.01528241 1.00000000 1.00000000 1.00000000
v 0.06878187 0.21206121 0.02666137 1.00000000 1.00000000 1.00000000
v -0.20295322 0.19901719 0.02666137 1.00000000 1.00000000 1.00000000
v -0.05377530 -0.16073993 0.02666137 1.00000000 1.00000000 1.00000000
v 0.05861669 -0.20328656 0.02666137 1.00000000 1.00000000 1.00000000
v 0.11806035 0.14084258 0.02666137 1.00000000 1.00000000 1.00000000
v -0.20167278 -0.09465576 0.02666137 1.00000000 1.00000000 1.00000000
v -0.10754155 -0.32108640 0.02666137 1.00000000 1.00000000 1.00000000
v -0.02421576 0.12588633 0.02666137 1.00000000 1.00000000 1.00000000
v -0.01213881 -0.10531989 0.02666137 1.00000000 1.00000000 1.00000000
v -0.05032739 0.16585082 0.02666137 1.00000000 1.00000000 1.00000000
v -0.02449727 0.18981213 0.02666137 1.00000000 1.00000000 1.00000000
v 0.11380408 -0.18513199 0.02666137 1.00000000 1.00000000 1.00000000
v 0.17529283 -0.46294561 0.02666137 1.00000000 1.00000000 1.00000000
v 0.19840104 -0.32436833 0.02666137 1.00000000 1.00000000 1.00000000
v -0.11903515 0.06796083 0.02666137 1.00000000 1.00000000 1.00000000
v -0.07546378 -0.09710887 0.02666137 1.00000000 1.00000000 1.00000000
v 0.23843944 -0.34798375 0.02666137 1.00000000 1.00000000 1.00000000
v 0.11737704 0.22610513 0.02666137 1.00000000 1.00000000 1.00000000
v 0.06621067 -0.30421512 0.02666137 1.00000000 1.00000000 1.00000000
v 0.12880872 -0.42484915 0.02666137 1.00000000 1.00000000 1.00000000
v -0.11483027 0.03894298 0.02666137 1.00000000 1.00000000 1.00000000
v -0.26431027 -0.37972407 0.02626058 1.00000000 1.00000000 1.00000000
v 0.02738037 -0.11220821 0.02666137 1.00000000 1.00000000 1.00000000
v -0.22554292 -0.01694899 0.02666137 1.00000000 1.00000000 1.00000000
v -0.22466392 0.16336135 0.02666137 1.00000000 1.00000000 1.00000000
v -0.27340584 -0.27661440 0.02365488 1.00000000 1.00000000 1.00000000
v -0.03110382 -0.03147446 0.02666137 1.00000000 1.00000000 1.00000000
v 0.07656038 -0.27454427 0.02666137 1.00000000 1.00000000 1.00000000
v -0.27014294 -0.40246236 0.02554767 1.00000000 1.00000000 1.00000000
v 0.09282418 0.23051479 0.02666137 1.00000000 1.00000000 1.00000000
v -0.17829734 -0.50799962 0.02666137 1.00000000 1.00000000 1.00000000
v 0.13949926 -0.00598304 0.02666137 1.00000000 1.00000000 1.00000000
v -0.28997805 -0.36266111 0.01714487 1.00000000 1.00000000 1.00000000
v -0.19386252 0.18521608 0.02666137 1.00000000 1.00000000 1.00000000
v -0.13250572 -0.19363359 0.02666137 1.00000000 1.00000000 1.00000000
v -0.27424752 -0.17750562 0.02208180 1.00000000 1.00000000 1.00000000
v 0.24067082 -0.33175332 0.02666137 1.00000000 1.00000000 1.00000000
v 0.07278998 0.18881109 0.02666137 1.00000000 1.00000000 1.00000000
v 0.17293748 -0.35044460 0.02666137 1.00000000 1.00000000 1.00000000
v -0.00753045 0.16658535 0.02666137 1.00000000 1.00000000 1.00000000
v 0.13746425 -0.49585773 0.02666137 1.00000000 1.00000000 1.00000000
v -0.13205270 0.26982621 0.01646139 1.00000000 1.00000000 1.00000000
v 0.06155125 -0.50218820 0.02666137 1.00000000 1.00000000 1.00000000
v 0.06254967 -0.12077388 0.02666137 1.00000000 1.00000000 1.00000000
v -0.15291395 -0.16057800 0.02666137 1.00000000 1.00000000 1.00000000
v 0.23816982 -0.08290462 0.02666137 1.00000000 1.00000000 1.00000000
v -0.11304460 -0.36936816 0.02666137 1.00000000 1.00000000 1.00000000
v -0.06148570 -0.24888437 0.02666137 1.00000000 1.00000000 1.00000000
v 0.22724721 -0.10798832 0.02666137 1.00000000 1.00000000 1.00000000
v 0.13396540 -0.35445303 0.02666137 1.00000000 1.00000000 1.00000000
v 0.10798775 -0.44619585 0.02666137 1.00000000 1.00000000 1.00000000
v -0.02216085 -0.07861300 0.02666137 1.00000000 1.00000000 1.00000000
v -0.23941398 0.03117386 0.02666137 1.00000000 1.00000000 1.00000000
v -0.21789592 0.22313035 0.02584378 1.00000000 1.00000000 1.00000000
v -0.17299385 -0.24774806 0.02666137 1.00000000 1.00000000 1.00000000
v 0.13146637 0.07103382 0.02666137 1.00000000 1.00000000 1.00000000
v -0.28352246 -0.13748294 0.01592391 1.00000000 1.00000000 1.00000000
v 0.06754816 0.23299560 0.02666137 1.00000000 1.00000000 1.00000000
v 0.07009186 -0.32082459 0.02666137 1.00000000 1.00000000 1.00000000
v -0.00424962 -0.08846826 0.02666137 1.00000000 1.00000000 1.00000000
v -0.08252068 0.19335573 0.02666137 1.00000000 1.00000000 1.00000000
v -0.16902926 0.05855616 0.02666137 1.00000000 1.00000000 1.00000000
v -0.05542889 -0.01410589 0.02666137 1.00000000 1.00000000 1.00000000
v 0.03964587 0.16100880 0.02666137 1.00000000 1.00000000 1.00000000
v -0.28884500 -0.51847485 0.02103649 1.00000000 1.00000000 1.00000000
v 0.07451845 -0.42259179 0.02666137 1.00000000 1.00000000 1.00000000
v -0.13062889 -0.42373865 0.02666137 1.00000000 1.00000000 1.00000000
v 0.10955443 -0.30912222 0.02666137 1.00000000 1.00000000 1.00000000
v -0.04923982 0.21019374 0.02666137 1.00000000 1.00000000 1.00000000
v 0.15851565 -0.50619583 0.02666137 1.00000000 1.00000000 1.00000000
v -0.09012403 -0.09713074 0.02666137 1.00000000 1.00000000 1.00000000
v -0.20698631 -0.16587948 0.02666137 1.00000000 1.00000000 1.00000000
v 0.28700039 -0.22493909 0.01563944 1.00000000 1.00000000 1.00000000
v -0.21983859 -0.22266107 0.02666137 1.00000000 1.00000000 1.00000000
v -0.12517276 0.05524572 0.02666137 1.00000000 1.00000000 1.00000000
v 0.03070668 0.13988910 0.02666137 1.00000000 1.00000000 1.00000000
v -0.10990903 0.02157320 0.02666137 1.00000000 1.00000000 1.00000000
v 0.06719447 0.15553523 0.02666137 1.00000000 1.00000000 1.00000000
v 0.09706069 0.26070233 0.02510044 1.00000000 1.00000000 1.00000000
v -0.24349595 -0.43668297 0.02666137 1.00000000 1.00000000 1.00000000
v -0.09106436 -0.34718531 0.02666137 1.00000000 1.00000000 1.00000000
v -0.05698473 -0.11942855 0.02666137 1.00000000 1.00000000 1.00000000
v 0.04488842 -0.02216622 0.02666137 1.00000000 1.00000000 1.00000000
v 0.09103524 -0.38543180 0.02666137 1.00000000 1.00000000 1.00000000
v 0.06017138 0.06966679 0.02666137 1.00000000 1.00000000 1.00000000
v -0.26612791 -0.00389343 0.02281532 1.00000000 1.00000000 1.00000000
v 0.02845399 0.00430526 0.02666137 1.00000000 1.00000000 1.00000000
v -0.28611385 -0.10851354 0.01246722 1.00000000 1.00000000 1.00000000
v 0.22459492 -0.48513133 0.02666137 1.00000000 1.00000000 1.00000000
v -0.02556566 0.13872448 0.02666137 1.00000000 1.00000000 1.00000000
v 0.09536675 -0.29794198 0.02666137 1.00000000 1.00000000 1.00000000
v 0.28485820 -0.25899634 0.01810653 1.00000000 1.00000000 1.00000000
v -0.25655887 0.07008228 0.02666137 1.00000000 1.00000000 1.00000000
v -0.25521829 -0.20356950 0.02649998 1.00000000 1.00000000 1.00000000
v -0.29496689 -0.32366324 0.01105905 1.00000000 1.00000000 1.00000000
v 0.27265255 -0.18288964 0.02277261 1.00000000 1.00000000 1.00000000
v -0.27706313 -0.04209712 0.01812641 1.00000000 1.00000000 1.00000000
v -0.18520564 -0.31519484 0.02666137 1.00000000 1.00000000 1.00000000
v -0.23410015 -0.28724488 0.02666137 1.00000000 1.00000000 1.00000000
v -0.16135667 -0.42233172 0.02666137 1.00000000 1.00000000 1.00000000
v -0.00348362 -0.26027235 0.02666137 1.00000000 1.00000000 1.00000000
v 0.25899666 -0.09675398 0.02558375 1.00000000 1.00000000 1.00000000
v -0.28994555 -0.27928366 0.01477334 1.00000000 1.00000000 1.00000000
v 0.08787601 -0.20571109 0.02666137 1.00000000 1.00000000 1.00000000
v -0.04892780 -0.39278033 0.02666137 1.00000000 1.00000000 1.00000000
v -0.24184345 -0.20490122 0.02666137 1.00000000 1.00000000 1.00000000
v -0.07237444 -0.44260654 0.02666137 1.00000000 1.00000000 1.00000000
v -0.05359832 -0.13349912 0.02666137 1.00000000 1.00000000 1.00000000
v 0.01543553 -0.19706834 0.02666137 1.00000000 1.00000000 1.00000000
v 0.29330184 -0.43884976 0.01670817 1.00000000 1.00000000 1.00000000
v -0.20270438 -0.36664716 0.02666137 1.00000000 1.00000000 1.00000000
v -0.13465763 -0.27889611 0.02666137 1.00000000 1.00000000 1.00000000
v 0.24380220 -0.21228451 0.02666137 1.00000000 1.00000000 1.00000000
v 0.27453513 -0.42175065 0.02477404 1.00000000 1.00000000 1.00000000
v -0.22278370 -0.34515817 0.02666137 1.00000000 1.00000000 1.00000000
v 0.29849870 -0.50544594 0.01435157 1.00000000 1.00000000 1.00000000
v -0.05125126 -0.48487302 0.02666137 1.00000000 1.00000000 1.00000000
v -0.12714767 -0.40932846 0.02666137 1.00000000 1.00000000 1.00000000
v -0.03905247 0.12910317 0.02666137 1.00000000 1.00000000 1.00000000
v 0.02986076 -0.15979080 0.02666137 1.00000000 1.00000000 1.00000000
v -0.08009804 -0.22411740 0.02666137 1.00000000 1.00000000 1.00000000
v -0.15976375 -0.46904767 0.02666137 1.00000000 1.00000000 1.00000000
v 0.28105728 -0.40522596 0.02260717 1.00000000 1.00000000 1.00000000
v 0.01951845 0.17909255 0.02666137 1.00000000 1.00000000 1.00000000
v 0.27282033 0.04888314 0.02481000 1.00000000 1.00000000 1.00000000
v 0.24316874 -0.18697909 0.02666137 1.00000000 1.00000000 1.00000000
v -0.06722453 -0.21266624 0.02666137 1.00000000 1.00000000 1.00000000
v -0.03558022 -0.20954306 0.02666137 1.00000000 1.00000000 1.00000000
v 0.02886209 0.12547694 0.02666137 1.00000000 1.00000000 1.00000000
v 0.01105492 0.16953888 0.02666137 1.00000000 1.00000000 1.00000000
v -0.18191106 0.11552309 0.02666137 1.00000000 1.00000000 1.00000000
v 0.17891017 -0.05954085 0.02666137 1.00000000 1.00000000 1.00000000
v 0.26517800 -0.25724323 0.02550530 1.00000000 1.00000000 1.00000000
v -0.22487486 -0.42118454 0.02666137 1.00000000 1.00000000 1.00000000
v -0.17348911 -0.27041156 0.02666137 1.00000000 1.00000000 1.00000000
v -0.14939708 -0.45569381 0.02666137 1.00000000 1.00000000 1.00000000
v -0.18636088 -0.10586823 0.02666137 1.00000000 1.00000000 1.00000000
v -0.16730827 0.15521939 0.02666137 1.00000000 1.00000000 1.00000000
v 0.27499152 0.21129130 0.02598081 1.00000000 1.00000000 1.00000000
v 0.26959961 -0.12266021 0.02309254 1.00000000 1.00000000 1.00000000
v -0.00914499 -0.29163492 0.02666137 1.00000000 1.00000000 1.00000000
v 0.17730094 -0.02401678 0.02666137 1.00000000 1.00000000 1.00000000
v 0.25397219 -0.20147814 0.02656842 1.00000000 1.00000000 1.00000000
v -0.05879957 -0.26778838 0.02666137 1.00000000 1.00000000 1.00000000
v 0.18972202 0.14990739 0.02666137 1.00000000 1.00000000 1.00000000
v -0.21797036 -0.10227598 0.02666137 1.00000000 1.00000000 1.00000000
v -0.08178828 -0.01875328 0.02666137 1.00000000 1.00000000 1.00000000
v -0.06978464 -0.13241680 0.02666137 1.00000000 1.00000000 1.00000000
v -0.23477967 -0.24517714 0.02666137 1.00000000 1.00000000 1.00000000
v 0.26879658 -0.13536140 0.02351300 1.00000000 1.00000000 1.00000000
v 0.25367936 -0.46096070 0.02666137 1.00000000 1.00000000 1.00000000
v 0.01845486 -0.28874015 0.02666137 1.00000000 1.00000000 1.00000000
v 0.12157585 -0.34618113 0.02666137 1.00000000 1.00000000 1.00000000
v -0.06156329 -0.28366135 0.02666137 1.00000000 1.00000000 1.00000000
v 0.00311960 0.08343150 0.02666137 1.00000000 1.00000000 1.00000000
v 0.00361235 -0.12690909 0.02666137 1.00000000 1.00000000 1.00000000
v 0.05700297 0.20659807 0.02666137 1.00000000 1.00000000 1.00000000
v 0.12898279 0.22776206 0.02666137 1.00000000 1.00000000 1.00000000
v -0.00624330 0.14975824 0.02666137 1.00000000 1.00000000 1.00000000
v -0.10724567 -0.24863492 0.02666137 1.00000000 1.00000000 1.00000000
v 0.09726218 -0.12269887 0.02666137 1.00000000 1.00000000 1.00000000
v 0.21384259 0.10528099 0.02666137 1.00000000 1.00000000 1.00000000
v -0.06783605 -0.02064241 0.02666137 1.00000000 1.00000000 1.00000000
v 0.26728160 -0.14849515 0.02411348 1.00000000 1.00000000 1.00000000
v 0.23412284 0.03334465 0.02666137 1.00000000 1.00000000 1.00000000
v 0.25797266 0.18813066 0.02666137 1.00000000 1.00000000 1.00000000
v -0.28665835 -0.09851452 0.01138168 1.00000000 1.00000000 1.00000000
v -0.06421306 -0.30012289 0.02666137 1.00000000 1.00000000 1.00000000
v 0.04976192 -0.12387453 0.02666137 1.00000000 1.00000000 1.00000000
v -0.01322240 0.08358601 0.02666137 1.00000000 1.00000000 1.00000000
v -0.03887312 -0.48169468 0.02666137 1.00000000 1.00000000 1.00000000
v -0.00904699 0.12550018 0.02666137 1.00000000 1.00000000 1.00000000
v 0.12683666 -0.07431924 0.02666137 1.00000000 1.00000000 1.00000000
v -0.22208530 0.05847857 0.02666137 1.00000000 1.00000000 1.00000000
v 0.17107502 -0.25292061 0.02666137 1.00000000 1.00000000 1.00000000
v -0.00985863 -0.04977240 0.02666137 1.00000000 1.00000000 1.00000000
v 0.20791500 -0.49203981 0.02666137 1.00000000 1.00000000 1.00000000
v -0.21489301 -0.45264650 0.02666137 1.00000000 1.00000000 1.00000000
v 0.19645789 0.08576362 0.02666137 1.00000000 1.00000000 1.00000000
v 0.27117465 0.07799610 0.02666137 1.00000000 1.00000000 1.00000000
v 0.22761304 -0.51307959 0.02666137 1.00000000 1.00000000 1.00000000
v -0.26499195 0.09084633 0.02666137 1.00000000 1.00000000 1.00000000
v 0.22289350 0.07343723 0.02666137 1.00000000 1.00000000 1.00000000
v -0.09353789 -0.49411383 0.02666137 1.00000000 1.00000000 1.00000000
v -0.22546831 -0.03458697 0.02666137 1.00000000 1.00000000 1.00000000
v -0.10307888 -0.44850380 0.02666137 1.00000000 1.00000000 1.00000000
v -0.20551341 -0.38567820 0.02666137 1.00000000 1.00000000 1.00000000
v -0.04385378 -0.34619164 0.02666137 1.00000000 1.00000000 1.00000000
v 0.20356010 -0.02179269 0.02666137 1.00000000 1.00000000 1.00000000
v -0.06105230 -0.37392679 0.02666137 1.00000000 1.00000000 1.00000000
v 0.20486378 -0.03515479 0.02666137 1.00000000 1.00000000 1.00000000
v -0.26950574 -0.45823723 0.02596807 1.00000000 1.00000000 1.00000000
v 0.23724057 -0.16919677 0.02666137 1.00000000 1.00000000 1.00000000
v -0.22659316 0.11692158 0.02666137 1.00000000 1.00000000 1.00000000
v -0.03971618 -0.41062815 0.02666137 1.00000000 1.00000000 1.00000000
v -0.23956069 0.18663841 0.02666137 1.00000000 1.00000000 1.00000000
v 0.14886098 0.06422430 0.02666137 1.00000000 1.00000000 1.00000000
v 0.05823604 -0.18920141 0.02666137 1.00000000 1.00000000 1.00000000
v 0.19260364 -0.49517680 0.02666137 1.00000000 1.00000000 1.00000000
v 0.12757224 -0.28779976 0.02666137 1.00000000 1.00000000 1.00000000
v 0.21699392 0.15935184 0.02666137 1.00000000 1.00000000 1.00000000
v 0.26007869 -0.43100352 0.02664427 1.00000000 1.00000000 1.00000000
v 0.06671816 -0.43306876 0.02666137 1.00000000 1.00000000 1.00000000
v -0.15520983 0.11126872 0.02666137 1.00000000 1.00000000 1.00000000
v 0.01908127 0.03907914 0.02666137 1.00000000 1.00000000 1.00000000
v 0.17272747 -0.07530755 0.02666137 1.00000000 1.00000000 1.00000000
v 0.28392798 -0.08473997 0.01387961 1.00000000 1.00000000 1.00000000
v 0.21256908 -0.08668893 0.02666137 1.00000000 1.00000000 1.00000000
v -0.24117120 0.04903499 0.02666137 1.00000000 1.00000000 1.00000000
v -0.17038383 -0.22507205 0.02666137 1.00000000 1.00000000 1.00000000
v -0.25413481 -0.04333362 0.02603866 1.00000000 1.00000000 1.00000000
v 0.11489536 0.15381954 0.02666137 1.00000000 1.00000000 1.00000000
v -0.13005579 0.04259006 0.02666137 1.00000000 1.00000000 1.00000000
v 0.13900970 0.19744558 0.02666137 1.00000000 1.00000000 1.00000000
v 0.08890794 -0.10856751 0.02666137 1.00000000 1.00000000 1.00000000
v 0.13438984 -0.30076424 0.02666137 1.00000000 1.00000000 1.00000000
v 0.27329928 0.13962299 0.02666137 1.00000000 1.00000000 1.00000000
v 0.19453107 0.16326696 0.02666137 1.00000000 1.00000000 1.00000000
v 0.25360743 0.03220659 0.02590554 1.00000000 1.00000000 1.00000000
v 0.15225927 0.17074129 0.02666137 1.00000000 1.00000000 1.00000000
v 0.03133868 -0.20679970 0.02666137 1.00000000 1.00000000 1.00000000
v -0.05557808 -0.07545000 0.02666137 1.00000000 1.00000000 1.00000000
v -0.02600911 -0.26812282 0.02666137 1.00000000 1.00000000 1.00000000
v 0.00166633 0.04760953 0.02666137 1.00000000 1.00000000 1.00000000
v -0.05832335 -0.18996323 0.02666137 1.00000000 1.00000000 1.00000000
v 0.21479227 0.00575547 0.02666137 1.00000000 1.00000000 1.00000000
v -0.02622872 -0.28624684 0.02666137 1.00000000 1.00000000 1.00000000
v 0.14927297 -0.30655812 0.02666137 1.00000000 1.00000000 1.00000000
v -0.08336916 -0.08401906 0.02666137 1.00000000 1.00000000 1.00000000
v -0.19537473 0.22511955 0.02622613 1.00000000 1.00000000 1.00000000
v 0.07387151 -0.46725826 0.02666137 1.00000000 1.00000000 1.00000000
v -0.26949405 0.19594467 0.02666137 1.00000000 1.00000000 1.00000000
v 0.24459916 0.15532426 0.02666137 1.00000000 1.00000000 1.00000000
v -0.13403347 -0.16787283 0.02666137 1.00000000 1.00000000 1.00000000
v -0.25358091 -0.30942415 0.02666137 1.00000000 1.00000000 1.00000000
v 0.14849693 -0.36006316 0.02666137 1.00000000 1.00000000 1.00000000
v 0.00132416 -0.23547391 0.02666137 1.00000000 1.00000000 1.00000000
v -0.17448098 0.22040976 0.02666137 1.00000000 1.00000000 1.00000000
v 0.07208343 -0.18371354 0.02666137 1.00000000 1.00000000 1.00000000
v -0.22994395 0.08933246 0.02666137 1.00000000 1.00000000 1.00000000
v 0.19209720 -0.14542045 0.02666137 1.00000000 1.00000000 1.00000000
v 0.16070364 -0.46223749 0.02666137 1.00000000 1.00000000 1.00000000
v -0.23713347 -0.30523381 0.02666137 1.00000000 1.00000000 1.00000000
v -0.25931653 -0.07219642 0.02536102 1.00000000 1.00000000 1.00000000
v -0.02004919 -0.25602351 0.02666137 1.00000000 1.00000000 1.00000000
v -0.09469920 0.05926523 0.02666137 1.00000000 1.00000000 1.00000000
v 0.20766974 -0.20151073 0.02666137 1.00000000 1.00000000 1.00000000
v 0.27164961 -0.32095271 0.02459662 1.00000000 1.00000000 1.00000000
v 0.06240024 -0.33491382 0.02666137 1.00000000 1.00000000 1.00000000
v 0.08966857 0.09618543 0.02666137 1.00000000 1.00000000 1.00000000
v -0.12808426 -0.33127292 0.02666137 1.00000000 1.00000000 1.00000000
v -0.08698725 -0.40142325 0.02666137 1.00000000 1.00000000 1.00000000
v -0.01640838 -0.18183963 0.02666137 1.00000000 1.00000000 1.00000000
v 0.11044499 -0.47519909 0.02666137 1.00000000 1.00000000 1.00000000
v -0.08094267 -0.14851419 0.02666137 1.00000000 1.00000000 1.00000000
v -0.27721263 0.02811149 0.01688397 1.00000000 1.00000000 1.00000000
v -0.19493492 0.06331947 0.02666137 1.00000000 1.00000000 1.00000000
v -0.06091157 -0.09165421 0.02666137 1.00000000 1.00000000 1.00000000
v 0.14026334 0.14414801 0.02666137 1.00000000 1.00000000 1.00000000
v -0.25198877 -0.34565174 0.02666137 1.00000000 1.00000000 1.00000000
v -0.09146495 -0.32074959 0.02666137 1.00000000 1.00000000 1.00000000
v -0.09866875 0.21930405 0.02666137 1.00000000 1.00000000 1.00000000
v 0.26547398 -0.00267242 0.02303333 1.00000000 1.00000000 1.00000000
v 0.00870624 -0.18208307 0.02666137 1.00000000 1.00000000 1.00000000
v 0.20165975 -0.04852117 0.02666137 1.00000000 1.00000000 1.00000000
v -0.10691432 0.07216364 0.02666137 1.00000000 1.00000000 1.00000000
v -0.08266066 -0.41444199 0.02666137 1.00000000 1.00000000 1.00000000
v -0.03367983 -0.44529446 0.02666137 1.00000000 1.00000000 1.00000000
v -0.18625346 0.14380609 0.02666137 1.00000000 1.00000000 1.00000000
v 0.16328801 -0.06903918 0.02666137 1.00000000 1.00000000 1.00000000
v 0.18301269 0.21417983 0.02666137 1.00000000 1.00000000 1.00000000
v 0.21039530 -0.33416619 0.02666137 1.00000000 1.00000000 1.00000000
v -0.08517696 0.23159913 0.02666137 1.00000000 1.00000000 1.00000000
v 0.02647705 -0.38118948 0.02666137 1.00000000 1.00000000 1.00000000
v 0.19430541 -0.11971149 0.02666137 1.00000000 1.00000000 1.00000000
v 0.23831408 -0.03601858 0.02666137 1.00000000 1.00000000 1.00000000
v -0.13906408 -0.15409523 0.02666137 1.00000000 1.00000000 1.00000000
v 0.10247869 -0.07781816 0.02666137 1.00000000 1.00000000 1.00000000
v 0.17479882 -0.31925820 0.02666137 1.00000000 1.00000000 1.00000000
v 0.15825800 -0.16693405 0.02666137 1.00000000 1.00000000 1.00000000
v 0.14164157 -0.39172180 0.02666137 1.00000000 1.00000000 1.00000000
v -0.23031726 -0.50943064 0.02666137 1.00000000 1.00000000 1.00000000
v 0.05415595 0.11521315 0.02666137 1.00000000 1.00000000 1.00000000
v -0.04797195 -0.06105823 0.02666137 1.00000000 1.00000000 1.00000000
v 0.00826147 -0.36858807 0.02666137 1.00000000 1.00000000 1.00000000
v -0.09492894 -0.14758297 0.02666137 1.00000000 1.00000000 1.00000000
v -0.21283540 -0.51049280 0.02666137 1.00000000 1.00000000 1.00000000
v -0.16364893 -0.33889065 0.02666137 1.00000000 1.00000000 1.00000000
v 0.15883118 0.26073033 0.01737358 1.00000000 1.00000000 1.00000000
v 0.19671895 -0.13281651 0.02666137 1.00000000 1.00000000 1.00000000
v 0.06942017 -0.10426435 0.02666137 1.00000000 1.00000000 1.00000000
v -0.07888023 -0.16347396 0.02666137 1.00000000 1.00000000 1.00000000
v -0.29110546 -0.23384662 0.01187506 1.00000000 1.00000000 1.00000000
v -0.20399370 0.02573009 0.02666137 1.00000000 1.00000000 1.00000000
v 0.04211084 -0.17038666 0.02666137 1.00000000 1.00000000 1.00000000
v 0.03251740 -0.24801189 0.02666137 1.00000000 1.00000000 1.00000000
v -0.21808000 0.04767616 0.02666137 1.00000000 1.00000000 1.00000000
v 0.18348455 -0.08157882 0.02666137 1.00000000 1.00000000 1.00000000
v -0.14286244 -0.20841592 0.02666137 1.00000000 1.00000000 1.00000000
v -0.24341073 0.01632833 0.02665547 1.00000000 1.00000000 1.00000000
v -0.22434495 -0.20053455 0.02666137 1.00000000 1.00000000 1.00000000
v 0.21879281 0.02242806 0.02666137 1.00000000 1.00000000 1.00000000
v -0.21091266 -0.43771795 0.02666137 1.00000000 1.00000000 1.00000000
v -0.25297477 0.05675398 0.02666137 1.00000000 1.00000000 1.00000000
v -0.13321468 -0.39515334 0.02666137 1.00000000 1.00000000 1.00000000
v -0.17508414 -0.47334416 0.02666137 1.00000000 1.00000000 1.00000000
v -0.10849024 -0.29398332 0.02666137 1.00000000 1.00000000 1.00000000
v -0.00894143 -0.37226037 0.02666137 1.00000000 1.00000000 1.00000000
v 0.01611565 -0.33161119 0.02666137 1.00000000 1.00000000 1.00000000
v 0.11112406 0.25558751 0.02510945 1.00000000 1.00000000 1.00000000
v -0.01819922 0.17868369 0.02666137 1.00000000 1.00000000 1.00000000
v -0.27530453 0.16834519 0.02666137 1.00000000 1.00000000 1.00000000
v -0.07524147 -0.45482321 0.02666137 1.00000000 1.00000000 1.00000000
v 0.10480268 0.17847109 0.02666137 1.00000000 1.00000000 1.00000000
v 0.05113294 -0.35126439 0.02666137 1.00000000 1.00000000 1.00000000
v -0.06813497 -0.50116738 0.02666137 1.00000000 1.00000000 1.00000000
v 0.11969994 -0.36480754 0.02666137 1.00000000 1.00000000 1.00000000
v 0.19445468 0.19428796 0.02666137 1.00000000 1.00000000 1.00000000
v -0.12437058 0.27608368 0.01318054 1.00000000 1.00000000 1.00000000
v 0.22749038 0.23965705 0.02013386 1.00000000 1.00000000 1.00000000
v -0.18999376 -0.28060714 0.02666137 1.00000000 1.00000000 1.00000000
v 0.18433141 0.02315263 0.02666137 1.00000000 1.00000000 1.00000000
v 0.13807463 -0.48260652 0.02666137 1.00000000 1.00000000 1.00000000
v -0.27545496 -0.48465729 0.02507798 1.00000000 1.00000000 1.00000000
v -0.02988092 -0.34347192 0.02666137 1.00000000 1.00000000 1.00000000
v 0.22561793 -0.43873033 0.02666137 1.00000000 1.00000000 1.00000000
v -0.10922683 -0.19083996 0.02666137 1.00000000 1.00000000 1.00000000
v -0.17943441 0.03126376 0.02666137 1.00000000 1.00000000 1.00000000
v -0.18061918 0.13002450 0.02666137 1.00000000 1.00000000 1.00000000
v -0.27779835 -0.18792443 0.02065942 1.00000000 1.00000000 1.00000000
v -0.15933876 -0.17653613 0.02666137 1.00000000 1.00000000 1.00000000
v -0.17193848 -0.40199459 0.02666137 1.00000000 1.00000000 1.00000000
v 0.26236801 -0.30197495 0.02616679 1.00000000 1.00000000 1.00000000
v -0.22153396 -0.13592418 0.02666137 1.00000000 1.00000000 1.00000000
v -0.10914978 -0.17454008 0.02666137 1.00000000 1.00000000 1.00000000
v 0.11827512 0.24036852 0.02661553 1.00000000 1.00000000 1.00000000
v 0.28905660 -0.23701879 0.01419308 1.00000000 1.00000000 1.00000000
v -0.13075471 -0.46066742 0.02666137 1.00000000 1.00000000 1.00000000
v -0.05158481 -0.36049543 0.02666137 1.00000000 1.00000000 1.00000000
v -0.11369654 -0.30706349 0.02666137 1.00000000 1.00000000 1.00000000
v 0.01693242 0.14806710 0.02666137 1.00000000 1.00000000 1.00000000
v -0.09641213 -0.30696654 0.02666137 1.00000000 1.00000000 1.00000000
v -0.09427692 -0.02926646 0.02666137 1.00000000 1.00000000 1.00000000
v 0.01190956 0.00439421 0.02666137 1.00000000 1.00000000 1.00000000
v 0.20624992 -0.00677415 0.02666137 1.00000000 1.00000000 1.00000000
v -0.25977595 -0.11311537 0.02554929 1.00000000 1.00000000 1.00000000
v -0.12828196 0.01320496 0.02666137 1.00000000 1.00000000 1.00000000
v 0.05319594 0.15949393 0.02666137 1.00000000 1.00000000 1.00000000
v 0.23664596 -0.46165071 0.02666137 1.00000000 1.00000000 1.00000000
v 0.04832031 0.05471827 0.02666137 1.00000000 1.00000000 1.00000000
v 0.22169813 0.14291294 0.02666137 1.00000000 1.00000000 1.00000000
v -0.16447554 -0.38557195 0.02666137 1.00000000 1.00000000 1.00000000
v 0.18582300 -0.31272962 0.02666137 1.00000000 1.00000000 1.00000000
v 0.09167785 -0.08588526 0.02666137 1.00000000 1.00000000 1.00000000
v 0.10602634 0.22867690 0.02666137 1.00000000 1.00000000 1.00000000
v -0.14165050 0.02405113 0.02666137 1.00000000 1.00000000 1.00000000
v 0.09841926 -0.31850580 0.02666137 1.00000000 1.00000000 1.00000000
v -0.14760210 -0.34574767 0.02666137 1.00000000 1.00000000 1.00000000
v -0.09935063 0.13977737 0.02666137 1.00000000 1.00000000 1.00000000
v -0.23961380 -0.39044323 0.02666137 1.00000000 1.00000000 1.00000000
v 0.08186982 -0.09699140 0.02666137 1.00000000 1.00000000 1.00000000
v 0.13017890 -0.08794510 0.02666137 1.00000000 1.00000000 1.00000000
v 0.25772896 0.24064386 0.01567737 1.00000000 1.00000000 1.00000000
v 0.08069971 0.12535514 0.02666137 1.00000000 1.00000000 1.00000000
v 0.12899181 -0.05818150 0.02666137 1.00000000 1.00000000 1.00000000
v 0.16669751 -0.32818538 0.02666137 1.00000000 1.00000000 1.00000000
v -0.26507506 -0.29230993 0.02573997 1.00000000 1.00000000 1.00000000
v 0.02949361 -0.33258592 0.02666137 1.00000000 1.00000000 1.00000000
v -0.20354805 -0.13472429 0.02666137 1.00000000 1.00000000 1.00000000
v -0.17193239 0.23652709 0.02538305 1.00000000 1.00000000 1.00000000
v -0.21068406 0.18666061 0.02666137 1.00000000 1.00000000 1.00000000
v 0.23952288 -0.31277199 0.02666137 1.00000000 1.00000000 1.00000000
v -0.18744799 -0.17303760 0.02666137 1.00000000 1.00000000 1.00000000
v -0.20605862 -0.00693405 0.02666137 1.00000000 1.00000000 1.00000000
v -0.26253416 -0.44435528 0.02657497 1.00000000 1.00000000 1.00000000
v 0.16503400 -0.05653694 0.02666137 1.00000000 1.00000000 1.00000000
v -0.03426280 -0.25424277 0.02666137 1.00000000 1.00000000 1.00000000
v 0.25004491 -0.17577379 0.02665814 1.00000000 1.00000000 1.00000000
v 0.04496715 -0.19947785 0.02666137 1.00000000 1.00000000 1.00000000
v -0.23178936 -0.05418994 0.02666137 1.00000000 1.00000000 1.00000000
v 0.06830195 -0.07406369 0.02666137 1.00000000 1.00000000 1.00000000
v 0.23132320 0.01403128 0.02666137 1.00000000 1.00000000 1.00000000
v -0.04319303 0.08054879 0.02666137 1.00000000 1.00000000 1.00000000
v -0.13962323 -0.07250064 0.02666137 1.00000000 1.00000000 1.00000000
v 0.10899016 -0.12772628 0.02666137 1.00000000 1.00000000 1.00000000
v 0.22015979 0.20179997 0.02666137 1.00000000 1.00000000 1.00000000
v -0.18493741 -0.12659436 0.02666137 1.00000000 1.00000000 1.00000000
v 0.08472200 -0.50372971 0.02666137 1.00000000 1.00000000 1.00000000
v 0.25033106 -0.12692824 0.02661093 1.00000000 1.00000000 1.00000000
v -0.29002117 -0.18997288 0.01126776 1.00000000 1.00000000 1.00000000
v -0.17583546 -0.48979539 0.02666137 1.00000000 1.00000000 1.00000000
v -0.11528585 -0.39976394 0.02666137 1.00000000 1.00000000 1.00000000
v 0.20782362 0.20576711 0.02666137 1.00000000 1.00000000 1.00000000
v -0.01350090 0.15857481 0.02666137 1.00000000 1.00000000 1.00000000
v 0.17728910 0.14672870 0.02666137 1.00000000 1.00000000 1.00000000
v 0.18566839 0.25993601 0.01196050 1.00000000 1.00000000 1.00000000
v 0.08151484 -0.49023833 0.02666137 1.00000000 1.00000000 1.00000000
v -0.10233581 -0.33475135 0.02666137 1.00000000 1.00000000 1.00000000
v 0.04838433 -0.41169995 0.02666137 1.00000000 1.00000000 1.00000000
v -0.01051044 -0.38810231 0.02666137 1.00000000 1.00000000 1.00000000
v 0.21223609 -0.29959071 0.02666137 1.00000000 1.00000000 1.00000000
v -0.25337100 0.11023572 0.02666137 1.00000000 1.00000000 1.00000000
v 0.02852666 -0.40733452 0.02666137 1.00000000 1.00000000 1.00000000
v -0.13068309 0.18665727 0.02666137 1.00000000 1.00000000 1.00000000
v -0.04672626 0.13954216 0.02666137 1.00000000 1.00000000 1.00000000
v -0.28205036 -0.45095527 0.02284483 1.00000000 1.00000000 1.00000000
v 0.23920474 -0.09596369 0.02666137 1.00000000 1.00000000 1.00000000
v 0.03732878 -0.30759584 0.02666137 1.00000000 1.00000000 1.00000000
v 0.12991998 0.21339733 0.02666137 1.00000000 1.00000000 1.00000000
v -0.28415594 -0.08608438 0.01370057 1.00000000 1.00000000 1.00000000
v 0.15370533 0.12362674 0.02666137 1.00000000 1.00000000 1.00000000
v 0.13272792 -0.14291740 0.02666137 1.00000000 1.00000000 1.00000000
v -0.18787615 0.19884202 0.02666137 1.00000000 1.00000000 1.00000000
v -0.25193495 -0.32912493 0.02666137 1.00000000 1.00000000 1.00000000
v 0.11270673 -0.15229912 0.02666137 1.00000000 1.00000000 1.00000000
v 0.00513535 -0.25095741 0.02666137 1.00000000 1.00000000 1.00000000
v -0.28535881 -0.46381511 0.02172179 1.00000000 1.00000000 1.00000000
v -0.19099098 0.25795510 0.01269998 1.00000000 1.00000000 1.00000000
v -0.27093030 -0.13611810 0.02279015 1.00000000 1.00000000 1.00000000
v 0.18045351 0.13391680 0.02666137 1.00000000 1.00000000 1.00000000
v -0.24006549 0.20026383 0.02666137 1.00000000 1.00000000 1.00000000
v 0.23543411 -0.41594316 0.02666137 1.00000000 1.00000000 1.00000000
v 0.10803265 -0.34761777 0.02666137 1.00000000 1.00000000 1.00000000
v 0.07054102 -0.48017215 0.02666137 1.00000000 1.00000000 1.00000000
v -0.14894326 0.14573576 0.02666137 1.00000000 1.00000000 1.00000000
v 0.05477658 -0.42930678 0.02666137 1.00000000 1.00000000 1.00000000
v -0.07796392 -0.05141287 0.02666137 1.00000000 1.00000000 1.00000000
v -0.17788336 -0.38698353 0.02666137 1.00000000 1.00000000 1.00000000
v -0.11680015 -0.33787753 0.02666137 1.00000000 1.00000000 1.00000000
v 0.18193702 -0.37016196 0.02666137 1.00000000 1.00000000 1.00000000
v -0.14693086 -0.24387047 0.02666137 1.00000000 1.00000000 1.00000000
v 0.27950042 -0.29424043 0.02163045 1.00000000 1.00000000 1.00000000
v -0.28661309 -0.42633176 0.02052066 1.00000000 1.00000000 1.00000000
v -0.12880434 -0.24676055 0.02666137 1.00000000 1.00000000 1.00000000
v -0.05305754 -0.49939614 0.02666137 1.00000000 1.00000000 1.00000000
v 0.17293700 0.25367457 0.01938551 1.00000000 1.00000000 1.00000000
v -0.07753088 0.01012893 0.02666137 1.00000000 1.00000000 1.00000000
v 0.17681470 -0.23671081 0.02666137 1.00000000 1.00000000 1.00000000
v -0.20444724 -0.10801197 0.02666137 1.00000000 1.00000000 1.00000000
v -0.00763899 -0.27016084 0.02666137 1.00000000 1.00000000 1.00000000
v -0.18394023 -0.25660597 0.02666137 1.00000000 1.00000000 1.00000000
v -0.03759880 0.02610133 0.02666137 1.00000000 1.00000000 1.00000000
v 0.29146345 -0.25009462 0.01214182 1.00000000 1.00000000 1.00000000
v 0.28701714 -0.18786696 0.01445747 1.00000000 1.00000000 1.00000000
v -0.19473836 -0.07520134 0.02666137 1.00000000 1.00000000 1.00000000
v -0.21449430 -0.12131274 0.02666137 1.00000000 1.00000000 1.00000000
v 0.08592630 0.24198673 0.02666137 1.00000000 1.00000000 1.00000000
v 0.20834355 -0.39689563 0.02666137 1.00000000 1.00000000 1.00000000
v -0.12984414 -0.14291496 0.02666137 1.00000000 1.00000000 1.00000000
v 0.23102509 -0.02234348 0.02666137 1.00000000 1.00000000 1.00000000
v -0.15945195 0.00289577 0.02666137 1.00000000 1.00000000 1.00000000
v 0.24166460 0.24350956 0.01584782 1.00000000 1.00000000 1.00000000
v 0.28080994 -0.03677086 0.01517594 1.00000000 1.00000000 1.00000000
v 0.27283721 0.19508449 0.02666137 1.00000000 1.00000000 1.00000000
v 0.19840108 0.18210868 0.02666137 1.00000000 1.00000000 1.00000000
v -0.17723098 0.26168277 0.01235773 1.00000000 1.00000000 1.00000000
v -0.22457510 -0.00252194 0.02666137 1.00000000 1.00000000 1.00000000
v -0.21672817 -0.18056963 0.02666137 1.00000000 1.00000000 1.00000000
v 0.07416111 0.17436218 0.02666137 1.00000000 1.00000000 1.00000000
v 0.27446007 0.11882344 0.02666137 1.00000000 1.00000000 1.00000000
v -0.24345558 -0.23406078 0.02666137 1.00000000 1.00000000 1.00000000
v -0.15268279 -0.49343998 0.02666137 1.00000000 1.00000000 1.00000000
v 0.12341781 0.16675988 0.02666137 1.00000000 1.00000000 1.00000000
v 0.25958008 -0.18899369 0.02600769 1.00000000 1.00000000 1.00000000
v 0.11194835 -0.05291324 0.02666137 1.00000000 1.00000000 1.00000000
v -0.22278661 -0.46871217 0.02666137 1.00000000 1.00000000 1.00000000
v 0.10810994 -0.03746453 0.02666137 1.00000000 1.00000000 1.00000000
v -0.15206812 0.09633639 0.02666137 1.00000000 1.00000000 1.00000000
v -0.15268977 -0.12232089 0.02666137 1.00000000 1.00000000 1.00000000
v -0.02605193 -0.37567703 0.02666137 1.00000000 1.00000000 1.00000000
v -0.09155982 0.20583412 0.02666137 1.00000000 1.00000000 1.00000000
v -0.15298385 -0.06461934 0.02666137 1.00000000 1.00000000 1.00000000
v 0.12261663 -0.31172082 0.02666137 1.00000000 1.00000000 1.00000000
v -0.19361764 -0.33703274 0.02666137 1.00000000 1.00000000 1.00000000
v 0.09971267 0.19182480 0.02666137 1.00000000 1.00000000 1.00000000
v -0.08863390 0.04147240 0.02666137 1.00000000 1.00000000 1.00000000
v 0.26942065 -0.01531099 0.02167143 1.00000000 1.00000000 1.00000000
v -0.09692655 -0.43638456 0.02666137 1.00000000 1.00000000 1.00000000
v 0.23356330 0.20975910 0.02665553 1.00000000 1.00000000 1.00000000
v 0.11397136 0.06372406 0.02666137 1.00000000 1.00000000 1.00000000
v -0.08364860 -0.43652675 0.02666137 1.00000000 1.00000000 1.00000000
v 0.10481027 -0.19860567 0.02666137 1.00000000 1.00000000 1.00000000
v -0.11709007 0.22231936 0.02666137 1.00000000 1.00000000 1.00000000
v -0.18856962 -0.50153227 0.02666137 1.00000000 1.00000000 1.00000000
v 0.21836821 -0.25473905 0.02666137 1.00000000 1.00000000 1.00000000
v 0.00135377 -0.48532344 0.02666137 1.00000000 1.00000000 1.00000000
v -0.15635038 -0.08426561 0.02666137 1.00000000 1.00000000 1.00000000
v 0.10211980 0.24100410 0.02666137 1.00000000 1.00000000 1.00000000
v -0.04850262 -0.23206028 0.02666137 1.00000000 1.00000000 1.00000000
v 0.22390015 -0.14134693 0.02666137 1.00000000 1.00000000 1.00000000
v -0.14058479 0.20151401 0.02666137 1.00000000 1.00000000 1.00000000
v 0.26005875 0.20551626 0.02664234 1.00000000 1.00000000 1.00000000
v -0.20973161 -0.03762263 0.02666137 1.00000000 1.00000000 1.00000000
v -0.25608728 0.23973032 0.01662729 1.00000000 1.00000000 1.00000000
v -0.29866442 -0.46818299 0.01282977 1.00000000 1.00000000 1.00000000
v -0.02416842 0.09917590 0.02666137 1.00000000 1.00000000 1.00000000
v -0.15514787 -0.43862768 0.02666137 1.00000000 1.00000000 1.00000000
v -0.09473320 -0.29111206 0.02666137 1.00000000 1.00000000 1.00000000
v 0.04630418 -0.46742832 0.02666137 1.00000000 1.00000000 1.00000000
v 0.22076072 0.04073043 0.02666137 1.00000000 1.00000000 1.00000000
v 0.15525834 0.21800325 0.02666137 1.00000000 1.00000000 1.00000000
v 0.09950937 0.20677953 0.02666137 1.00000000 1.00000000 1.00000000
v 0.09554392 0.12785879 0.02666137 1.00000000 1.00000000 1.00000000
v 0.04464721 0.19733278 0.02666137 1.00000000 1.00000000 1.00000000
v 0.24494174 0.13573418 0.02666137 1.00000000 1.00000000 1.00000000
v 0.09151355 0.11213123 0.02666137 1.00000000 1.00000000 1.00000000
v -0.23266066 -0.07126072 0.02666137 1.00000000 1.00000000 1.00000000
v -0.10588686 -0.23335436 0.02666137 1.00000000 1.00000000 1.00000000
v -0.24107439 -0.42075547 0.02666137 1.00000000 1.00000000 1.00000000
v -0.19471154 0.23998160 0.02303835 1.00000000 1.00000000 1.00000000
v -0.26344359 -0.41739404 0.02645976 1.00000000 1.00000000 1.00000000
v 0.13645472 -0.02636599 0.02666137 1.00000000 1.00000000 1.00000000
v -0.08137062 -0.12412387 0.02666137 1.00000000 1.00000000 1.00000000
v -0.17724948 -0.34617701 0.02666137 1.00000000 1.00000000 1.00000000
v 0.18373370 0.00815834 0.02666137 1.00000000 1.00000000 1.00000000
v -0.27713940 0.20961404 0.02614815 1.00000000 1.00000000 1.00000000
v -0.02262926 0.15231042 0.02666137 1.00000000 1.00000000 1.00000000
v -0.21820277 -0.28577018 0.02666137 1.00000000 1.00000000 1.00000000
v -0.15637277 0.08190657 0.02666137 1.00000000 1.00000000 1.00000000
v -0.08081334 -0.47409909 0.02666137 1.00000000 1.00000000 1.00000000
v -0.04034646 0.09999192 0.02666137 1.00000000 1.00000000 1.00000000
v -0.21261996 0.03728375 0.02666137 1.00000000 1.00000000 1.00000000
v 0.21267164 -0.31857052 0.02666137 1.00000000 1.00000000 1.00000000
v 0.02901491 0.09851798 0.02666137 1.00000000 1.00000000 1.00000000
v -0.07267669 -0.19450351 0.02666137 1.00000000 1.00000000 1.00000000
v 0.08637755 -0.23403648 0.02666137 1.00000000 1.00000000 1.00000000
v -0.27305561 -0.51710343 0.02575074 1.00000000 1.00000000 1.00000000
v -0.05278007 -0.47022052 0.02666137 1.00000000 1.00000000 1.00000000
v 0.25621789 -0.03637954 0.02568981 1.00000000 1.00000000 1.00000000
v 0.22947674 -0.20899565 0.02666137 1.00000000 1.00000000 1.00000000
v 0.17518957 -0.19756976 0.02666137 1.00000000 1.00000000 1.00000000
v -0.10835219 -0.20781676 0.02666137 1.00000000 1.00000000 1.00000000
v 0.10266657 -0.50508814 0.02666137 1.00000000 1.00000000 1.00000000
v 0.23879697 -0.44734365 0.02666137 1.00000000 1.00000000 1.00000000
v -0.11950908 -0.23738338 0.02666137 1.00000000 1.00000000 1.00000000
v -0.06103163 -0.03264014 0.02666137 1.00000000 1.00000000 1.00000000
v -0.06511868 0.17183894 0.02666137 1.00000000 1.00000000 1.00000000
v 0.18751522 -0.25313470 0.02666137 1.00000000 1.00000000 1.00000000
v -0.10261595 0.17263039 0.02666137 1.00000000 1.00000000 1.00000000
v 0.14473478 -0.40555516 0.02666137 1.00000000 1.00000000 1.00000000
v 0.26697583 -0.21110701 0.02477853 1.00000000 1.00000000 1.00000000
v -0.02882758 -0.30484851 0.02666137 1.00000000 1.00000000 1.00000000
v -0.22965203 0.04223202 0.02666137 1.00000000 1.00000000 1.00000000
v -0.14837425 0.25174527 0.02309492 1.00000000 1.00000000 1.00000000
v -0.10179207 0.15678916 0.02666137 1.00000000 1.00000000 1.00000000
v -0.09668210 0.07654772 0.02666137 1.00000000 1.00000000 1.00000000
v 0.13720990 -0.33846490 0.02666137 1.00000000 1.00000000 1.00000000
v -0.25895059 0.13776269 0.02666137 1.00000000 1.00000000 1.00000000
v -0.11588594 0.28225819 0.00899367 1.00000000 1.00000000 1.00000000
v -0.24322456 0.06665866 0.02666137 1.00000000 1.00000000 1.00000000
v -0.11815275 0.12681007 0.02666137 1.00000000 1.00000000 1.00000000
v 0.13609056 -0.31506889 0.02666137 1.00000000 1.00000000 1.00000000
v -0.10164725 -0.42148226 0.02666137 1.00000000 1.00000000 1.00000000
v 0.12400977 -0.19416225 0.02666137 1.00000000 1.00000000 1.00000000
v 0.11178792 -0.29293915 0.02666137 1.00000000 1.00000000 1.00000000
v -0.06587871 -0.35685515 0.02666137 1.00000000 1.00000000 1.00000000
v -0.29376453 -0.24544076 0.00864468 1.00000000 1.00000000 1.00000000
v -0.26490334 0.07915612 0.02666137 1.00000000 1.00000000 1.00000000
v -0.26401903 -0.18967106 0.02526204 1.00000000 1.00000000 1.00000000
v -0.28460282 -0.49536464 0.02248612 1.00000000 1.00000000 1.00000000
v -0.03915137 -0.12244939 0.02666137 1.00000000 1.00000000 1.00000000
v 0.07585727 -0.11725237 0.02666137 1.00000000 1.00000000 1.00000000
v -0.01435596 -0.47788589 0.02666137 1.00000000 1.00000000 1.00000000
v 0.16803702 0.01135834 0.02666137 1.00000000 1.00000000 1.00000000
v -0.13934444 0.09463633 0.02666137 1.00000000 1.00000000 1.00000000
v 0.08078905 0.16015083 0.02666137 1.00000000 1.00000000 1.00000000
v -0.07389875 -0.31843613 0.02666137 1.00000000 1.00000000 1.00000000
v -0.15499641 -0.29513139 0.02666137 1.00000000 1.00000000 1.00000000
v 0.00564219 0.03190645 0.02666137 1.00000000 1.00000000 1.00000000
v 0.15919912 -0.43716518 0.02666137 1.00000000 1.00000000 1.00000000
v -0.20489570 -0.42629898 0.02666137 1.00000000 1.00000000 1.00000000
v 0.10961417 -0.23785584 0.02666137 1.00000000 1.00000000 1.00000000
v 0.03253926 0.04799386 0.02666137 1.00000000 1.00000000 1.00000000
v -0.10456539 -0.16101706 0.02666137 1.00000000 1.00000000 1.00000000
v 0.16401465 -0.15083433 0.02666137 1.00000000 1.00000000 1.00000000
v -0.12066498 -0.16082455 0.02666137 1.00000000 1.00000000 1.00000000
v -0.23895346 -0.04273517 0.02666137 1.00000000 1.00000000 1.00000000
v -0.22880616 -0.18224990 0.02666137 1.00000000 1.00000000 1.00000000
v 0.25591666 -0.21987119 0.02649226 1.00000000 1.00000000 1.00000000
v 0.05506360 -0.39254643 0.02666137 1.00000000 1.00000000 1.00000000
v 0.23738563 -0.13514188 0.02666137 1.00000000 1.00000000 1.00000000
v -0.20362021 0.25681360 0.01049184 1.00000000 1.00000000 1.00000000
v -0.22291001 0.17799510 0.02666137 1.00000000 1.00000000 1.00000000
v -0.00801939 0.00846515 0.02666137 1.00000000 1.00000000 1.00000000
v -0.08978705 0.24472459 0.02666137 1.00000000 1.00000000 1.00000000
v -0.25483959 0.19547411 0.02666137 1.00000000 1.00000000 1.00000000
v -0.26466019 -0.35881599 0.02613606 1.00000000 1.00000000 1.00000000
v 0.14892661 -0.06034139 0.02666137 1.00000000 1.00000000 1.00000000
v -0.28136436 -0.43910208 0.02293883 1.00000000 1.00000000 1.00000000
v -0.04485534 -0.02381120 0.02666137 1.00000000 1.00000000 1.00000000
v -0.08342114 0.10213308 0.02666137 1.00000000 1.00000000 1.00000000
v -0.19019481 -0.46699116 0.02666137 1.00000000 1.00000000 1.00000000
v 0.10251874 -0.09518444 0.02666137 1.00000000 1.00000000 1.00000000
v 0.06026549 0.19602000 0.02666137 1.00000000 1.00000000 1.00000000
v -0.18861000 -0.19032058 0.02666137 1.00000000 1.00000000 1.00000000
v -0.01749289 0.11260317 0.02666137 1.00000000 1.00000000 1.00000000
v -0.16733063 -0.05990410 0.02666137 1.00000000 1.00000000 1.00000000
v -0.28739922 -0.17979631 0.01381183 1.00000000 1.00000000 1.00000000
v 0.23576038 -0.07203394 0.02666137 1.00000000 1.00000000 1.00000000
v 0.14311041 0.25560365 0.02225444 1.00000000 1.00000000 1.00000000
v -0.14846751 -0.31125476 0.02666137 1.00000000 1.00000000 1.00000000
v -0.12938769 -0.05632482 0.02666137 1.00000000 1.00000000 1.00000000
v -0.07213012 -0.11569082 0.02666137 1.00000000 1.00000000 1.00000000
v -0.19008524 -0.15965673 0.02666137 1.00000000 1.00000000 1.00000000
v -0.11808488 0.23806816 0.02666056 1.00000000 1.00000000 1.00000000
v 0.07269201 0.10738897 0.02666137 1.00000000 1.00000000 1.00000000
v 0.08761514 -0.40063045 0.02666137 1.00000000 1.00000000 1.00000000
v -0.24123744 0.22713947 0.02394588 1.00000000 1.00000000 1.00000000
v 0.26502924 -0.51389493 0.02657469 1.00000000 1.00000000 1.00000000
v -0.22605039 0.25176629 0.01066682 1.00000000 1.00000000 1.00000000
v 0.04474901 -0.25825410 0.02666137 1.00000000 1.00000000 1.00000000
v -0.02530427 0.01350006 0.02666137 1.00000000 1.00000000 1.00000000
v 0.19187854 -0.17122811 0.02666137 1.00000000 1.00000000 1.00000000
v 0.25576037 -0.37597040 0.02666137 1.00000000 1.00000000 1.00000000
v 0.15685154 -0.18771309 0.02666137 1.00000000 1.00000000 1.00000000
v 0.01422752 -0.41875246 0.02666137 1.00000000 1.00000000 1.00000000
v 0.26676438 -0.49654831 0.02642184 1.00000000 1.00000000 1.00000000
v -0.15052386 -0.22536943 0.02666137 1.00000000 1.00000000 1.00000000
v -0.10788865 -0.14858467 0.02666137 1.00000000 1.00000000 1.00000000
v 0.22291446 -0.07659484 0.02666137 1.00000000 1.00000000 1.00000000
v 0.17129140 -0.50816086 0.02666137 1.00000000 1.00000000 1.00000000
v -0.11102552 -0.43452017 0.02666137 1.00000000 1.00000000 1.00000000
v 0.21838445 -0.01435478 0.02666137 1.00000000 1.00000000 1.00000000
v -0.23137985 0.21168717 0.02662246 1.00000000 1.00000000 1.00000000
v 0.04479917 -0.15383224 0.02666137 1.00000000 1.00000000 1.00000000
v 0.00719030 -0.09550871 0.02666137 1.00000000 1.00000000 1.00000000
v 0.09592022 -0.33751611 0.02666137 1.00000000 1.00000000 1.00000000
v -0.16513856 -0.49829743 0.02666137 1.00000000 1.00000000 1.00000000
v 0.11229910 -0.42617311 0.02666137 1.00000000 1.00000000 1.00000000
v 0.02928385 -0.48346192 0.02666137 1.00000000 1.00000000 1.00000000
v 0.08521487 -0.32435040 0.02666137 1.00000000 1.00000000 1.00000000
v -0.13329938 0.22065599 0.02666137 1.00000000 1.00000000 1.00000000
v -0.21346522 -0.33165718 0.02666137 1.00000000 1.00000000 1.00000000
v 0.27975608 0.01646940 0.01440729 1.00000000 1.00000000 1.00000000
v 0.29121528 -0.34579342 0.01573157 1.00000000 1.00000000 1.00000000
v 0.20596676 -0.34793875 0.02666137 1.00000000 1.00000000 1.00000000
v -0.21053913 0.21156603 0.02666137 1.00000000 1.00000000 1.00000000
v -0.06316055 0.19309758 0.02666137 1.00000000 1.00000000 1.00000000
v 0.03448491 -0.47267020 0.02666137 1.00000000 1.00000000 1.00000000
v -0.07331380 0.07775066 0.02666137 1.00000000 1.00000000 1.00000000
v 0.13801457 0.08359402 0.02666137 1.00000000 1.00000000 1.00000000
v 0.18439922 -0.38265964 0.02666137 1.00000000 1.00000000 1.00000000
v -0.27215003 -0.42841256 0.02534500 1.00000000 1.00000000 1.00000000
v 0.07257230 -0.19634128 0.02666137 1.00000000 1.00000000 1.00000000
v 0.11520175 0.12737497 0.02666137 1.00000000 1.00000000 1.00000000
v 0.28450720 -0.11325924 0.01430640 1.00000000 1.00000000 1.00000000
v -0.12014072 -0.12865013 0.02666137 1.00000000 1.00000000 1.00000000
v 0.24550508 0.00340795 0.02661669 1.00000000 1.00000000 1.00000000
v 0.14839284 -0.14945773 0.02666137 1.00000000 1.00000000 1.00000000
v 0.01163605 -0.26736345 0.02666137 1.00000000 1.00000000 1.00000000
v 0.23181263 0.15431874 0.02666137 1.00000000 1.00000000 1.00000000
v 0.20546383 -0.22862179 0.02666137 1.00000000 1.00000000 1.00000000
v -0.01202091 -0.03152957 0.02666137 1.00000000 1.00000000 1.00000000
v -0.26558535 0.17983079 0.02666137 1.00000000 1.00000000 1.00000000
v 0.02506566 -0.49725960 0.02666137 1.00000000 1.00000000 1.00000000
v -0.01244505 -0.31276474 0.02666137 1.00000000 1.00000000 1.00000000
v 0.05448960 -0.13923755 0.02666137 1.00000000 1.00000000 1.00000000
v -0.03452591 -0.22647516 0.02666137 1.00000000 1.00000000 1.00000000
v 0.15213385 -0.07652207 0.02666137 1.00000000 1.00000000 1.00000000
v -0.05742890 0.00172347 0.02666137 1.00000000 1.00000000 1.00000000
v 0.04083728 -0.05763329 0.02666137 1.00000000 1.00000000 1.00000000
v 0.22151187 -0.46841007 0.02666137 1.00000000 1.00000000 1.00000000
v 0.24523247 0.11277422 0.02666137 1.00000000 1.00000000 1.00000000
v -0.16046928 0.22366787 0.02666137 1.00000000 1.00000000 1.00000000
v -0.19961265 -0.24986659 0.02666137 1.00000000 1.00000000 1.00000000
v -0.16646399 -0.19457487 0.02666137 1.00000000 1.00000000 1.00000000
v -0.07352385 -0.42704570 0.02666137 1.00000000 1.00000000 1.00000000
v 0.13373548 0.27021113 0.01576874 1.00000000 1.00000000 1.00000000
v -0.07764856 0.11406431 0.02666137 1.00000000 1.00000000 1.00000000
v -0.18468676 0.15882947 0.02666137 1.00000000 1.00000000 1.00000000
v 0.07787213 -0.08366106 0.02666137 1.00000000 1.00000000 1.00000000
v 0.09790427 0.21873520 0.02666137 1.00000000 1.00000000 1.00000000
v -0.04840396 0.11617971 0.02666137 1.00000000 1.00000000 1.00000000
v 0.22270794 -0.06077330 0.02666137 1.00000000 1.00000000 1.00000000
v -0.16731726 0.04207727 0.02666137 1.00000000 1.00000000 1.00000000
v -0.08590517 0.07231569 0.02666137 1.00000000 1.00000000 1.00000000
v 0.03483104 -0.29079279 0.02666137 1.00000000 1.00000000 1.00000000
v -0.26315621 0.12278335 0.02666137 1.00000000 1.00000000 1.00000000
v 0.07351131 0.20213106 0.02666137 1.00000000 1.00000000 1.00000000
v -0.09593263 -0.04380075 0.02666137 1.00000000 1.00000000 1.00000000
v -0.12772313 -0.50470547 0.02666137 1.00000000 1.00000000 1.00000000
v -0.04045080 -0.19317573 0.02666137 1.00000000 1.00000000 1.00000000
v 0.01504554 -0.43856024 0.02666137 1.00000000 1.00000000 1.00000000
v -0.05718060 0.12922969 0.02666137 1.00000000 1.00000000 1.00000000
v 0.27160928 -0.36940328 0.02501650 1.00000000 1.00000000 1.00000000
v 0.20322496 -0.10476088 0.02666137 1.00000000 1.00000000 1.00000000
v 0.21580037 -0.10028931 0.02666137 1.00000000 1.00000000 1.00000000
v -0.16898888 -0.11238989 0.02666137 1.00000000 1.00000000 1.00000000
v 0.04508937 -0.45562817 0.02666137 1.00000000 1.00000000 1.00000000
v 0.22626589 -0.09094505 0.02666137 1.00000000 1.00000000 1.00000000
v 0.06621546 -0.14791735 0.02666137 1.00000000 1.00000000 1.00000000
v -0.27157115 -0.47173477 0.02572805 1.00000000 1.00000000 1.00000000
v 0.09658352 -0.43054719 0.02666137 1.00000000 1.00000000 1.00000000
v 0.16325943 -0.40813454 0.02666137 1.00000000 1.00000000 1.00000000
v -0.02493445 -0.49162342 0.02666137 1.00000000 1.00000000 1.00000000
v -0.24625481 -0.09569011 0.02666137 1.00000000 1.00000000 1.00000000
v -0.28764262 -0.15035567 0.01243198 1.00000000 1.00000000 1.00000000
v -0.04720699 -0.30355113 0.02666137 1.00000000 1.00000000 1.00000000
v 0.25209644 -0.06924740 0.02636805 1.00000000 1.00000000 1.00000000
v 0.08173950 0.21948429 0.02666137 1.00000000 1.00000000 1.00000000
v -0.08956992 -0.18937190 0.02666137 1.00000000 1.00000000 1.00000000
v 0.06499181 -0.02149647 0.02666137 1.00000000 1.00000000 1.00000000
v 0.20243156 -0.50711506 0.02666137 1.00000000 1.00000000 1.00000000
v -0.23777236 -0.35335435 0.02666137 1.00000000 1.00000000 1.00000000
v -0.21899765 0.07313159 0.02666137 1.00000000 1.00000000 1.00000000
v 0.29377808 -0.47113156 0.01720414 1.00000000 1.00000000 1.00000000
v 0.12123803 0.10394007 0.02666137 1.00000000 1.00000000 1.00000000
v -0.16046103 -0.21052228 0.02666137 1.00000000 1.00000000 1.00000000
v -0.24566711 -0.06145570 0.02666026 1.00000000 1.00000000 1.00000000
v -0.29424687 -0.41648507 0.01531056 1.00000000 1.00000000 1.00000000
v -0.13960405 -0.32560269 0.02666137 1.00000000 1.00000000 1.00000000
v -0.08110666 0.02693945 0.02666137 1.00000000 1.00000000 1.00000000
v -0.03305887 0.18878979 0.02666137 1.00000000 1.00000000 1.00000000
v 0.27580962 -0.26964457 0.02275373 1.00000000 1.00000000 1.00000000
v -0.16544288 0.09273907 0.02666137 1.00000000 1.00000000 1.00000000
v 0.15023302 0.09411648 0.02666137 1.00000000 1.00000000 1.00000000
v -0.29904693 -0.42527926 0.01045537 1.00000000 1.00000000 1.00000000
v -0.05483883 -0.40760761 0.02666137 1.00000000 1.00000000 1.00000000
v 0.27039009 -0.10937694 0.02263589 1.00000000 1.00000000 1.00000000
v 0.07988791 -0.17492681 0.02666137 1.00000000 1.00000000 1.00000000
v -0.13532882 -0.10684872 0.02666137 1.00000000 1.00000000 1.00000000
v 0.14351626 -0.16720605 0.02666137 1.00000000 1.00000000 1.00000000
v -0.11614768 0.26325311 0.02250068 1.00000000 1.00000000 1.00000000
v -0.04045214 0.04318719 0.02666137 1.00000000 1.00000000 1.00000000
v -0.07084084 -0.40551557 0.02666137 1.00000000 1.00000000 1.00000000
v -0.22583256 -0.31956976 0.02666137 1.00000000 1.00000000 1.00000000
v -0.27380690 0.06804038 0.02666137 1.00000000 1.00000000 1.00000000
v 0.04110449 -0.22817466 0.02666137 1.00000000 1.00000000 1.00000000
v -0.15583105 -0.37444092 0.02666137 1.00000000 1.00000000 1.00000000
v 0.28864698 -0.27819083 0.01585294 1.00000000 1.00000000 1.00000000
v -0.18162929 0.08961415 0.02666137 1.00000000 1.00000000 1.00000000
v 0.26684708 0.09117498 0.02666137 1.00000000 1.00000000 1.00000000
v 0.22465702 -0.31100039 0.02666137 1.00000000 1.00000000 1.00000000
v 0.27385564 -0.46318126 0.02525276 1.00000000 1.00000000 1.00000000
v 0.29253168 -0.29645326 0.01281357 1.00000000 1.00000000 1.00000000
v -0.03463029 0.14679550 0.02666137 1.00000000 1.00000000 1.00000000
v 0.00370791 0.14093820 0.02666137 1.00000000 1.00000000 1.00000000
v -0.28807823 -0.15955880 0.01231003 1.00000000 1.00000000 1.00000000
v -0.00909690 -0.20646224 0.02666137 1.00000000 1.00000000 1.00000000
v -0.24460130 -0.48021198 0.02666137 1.00000000 1.00000000 1.00000000
v 0.02147096 -0.34487094 0.02666137 1.00000000 1.00000000 1.00000000
v 0.03703675 -0.34387420 0.02666137 1.00000000 1.00000000 1.00000000
v -0.18570681 -0.29322637 0.02666137 1.00000000 1.00000000 1.00000000
v 0.16958916 0.22269852 0.02666137 1.00000000 1.00000000 1.00000000
v -0.25600693 0.16658002 0.02666137 1.00000000 1.00000000 1.00000000
v -0.18444883 -0.41016871 0.02666137 1.00000000 1.00000000 1.00000000
v -0.26277331 0.21205349 0.02615540 1.00000000 1.00000000 1.00000000
v -0.17891054 0.04726098 0.02666137 1.00000000 1.00000000 1.00000000
v 0.11611872 0.18670325 0.02666137 1.00000000 1.00000000 1.00000000
v -0.19689512 -0.14693254 0.02666137 1.00000000 1.00000000 1.00000000
v -0.07186266 0.04009988 0.02666137 1.00000000 1.00000000 1.00000000
v -0.11092094 -0.00756529 0.02666137 1.00000000 1.00000000 1.00000000
v 0.25452917 -0.33230112 0.02666137 1.00000000 1.00000000 1.00000000
v -0.05690883 -0.31691150 0.02666137 1.00000000 1.00000000 1.00000000
v 0.17893282 -0.43385523 0.02666137 1.00000000 1.00000000 1.00000000
v -0.19650295 0.12924543 0.02666137 1.00000000 1.00000000 1.00000000
v 0.15966393 -0.24383555 0.02666137 1.00000000 1.00000000 1.00000000
v 0.29578118 -0.41148907 0.01372411 1.00000000 1.00000000 1.00000000
v -0.09079445 -0.48307364 0.02666137 1.00000000 1.00000000 1.00000000
v 0.26501419 0.17252125 0.02666137 1.00000000 1.00000000 1.00000000
v -0.24406798 -0.25724400 0.02666137 1.00000000 1.00000000 1.00000000
v 0.12606883 0.17811648 0.02666137 1.00000000 1.00000000 1.00000000
v -0.28039117 0.00167923 0.01430783 1.00000000 1.00000000 1.00000000
v 0.10055085 -0.14125431 0.02666137 1.00000000 1.00000000 1.00000000
v 0.04419596 0.03508360 0.02666137 1.00000000 1.00000000 1.00000000
v 0.13686023 -0.50952877 0.02666137 1.00000000 1.00000000 1.00000000
v -0.04072456 0.00880444 0.02666137 1.00000000 1.00000000 1.00000000
v 0.22991326 -0.22138766 0.02666137 1.00000000 1.00000000 1.00000000
v -0.25286760 0.24769547 0.00872008 1.00000000 1.00000000 1.00000000
v 0.00795992 -0.28137866 0.02666137 1.00000000 1.00000000 1.00000000
v -0.25668940 0.04093162 0.02594710 1.00000000 1.00000000 1.00000000
v -0.03344648 -0.09670127 0.02666137 1.00000000 1.00000000 1.00000000
v 0.03475682 -0.07511828 0.02666137 1.00000000 1.00000000 1.00000000
v 0.15151622 -0.38193153 0.02666137 1.00000000 1.00000000 1.00000000
v -0.27254803 -0.24936346 0.02361792 1.00000000 1.00000000 1.00000000
v 0.04439688 0.18433748 0.02666137 1.00000000 1.00000000 1.00000000
v -0.26526271 -0.49593479 0.02652679 1.00000000 1.00000000 1.00000000
v -0.15212658 -0.50409397 0.02666137 1.00000000 1.00000000 1.00000000
v 0.08726373 -0.13825083 0.02666137 1.00000000 1.00000000 1.00000000
v 0.13095926 -0.38057495 0.02666137 1.00000000 1.00000000 1.00000000
v 0.16249213 -0.33997279 0.02666137 1.00000000 1.00000000 1.00000000
v 0.18473553 -0.06922525 0.02666137 1.00000000 1.00000000 1.00000000
v 0.13934676 0.17290217 0.02666137 1.00000000 1.00000000 1.00000000
v -0.04099577 0.19248227 0.02666137 1.00000000 1.00000000 1.00000000
v 0.15616987 0.24617878 0.02412315 1.00000000 1.00000000 1.00000000
v -0.14283135 -0.04746185 0.02666137 1.00000000 1.00000000 1.00000000
v 0.18375335 -0.21812975 0.02666137 1.00000000 1.00000000 1.00000000
v 0.11914557 0.02197199 0.02666137 1.00000000 1.00000000 1.00000000
v -0.02223616 -0.14458108 0.02666137 1.00000000 1.00000000 1.00000000
v 0.18411608 0.10956992 0.02666137 1.00000000 1.00000000 1.00000000
v -0.09970403 -0.46075433 0.02666137 1.00000000 1.00000000 1.00000000
v 0.14856901 0.26881756 0.01305899 1.00000000 1.00000000 1.00000000
v 0.28072097 0.00390070 0.01391300 1.00000000 1.00000000 1.00000000
v -0.18713899 -0.23777566 0.02666137 1.00000000 1.00000000 1.00000000
v 0.22008084 -0.26927130 0.02666137 1.00000000 1.00000000 1.00000000
v 0.12619030 0.25626884 0.02374413 1.00000000 1.00000000 1.00000000
v 0.00463936 -0.40247970 0.02666137 1.00000000 1.00000000 1.00000000
v -0.09617521 -0.22014557 0.02666137 1.00000000 1.00000000 1.00000000
v 0.05877784 0.02301240 0.02666137 1.00000000 1.00000000 1.00000000
v 0.29645683 -0.48890063 0.01563341 1.00000000 1.00000000 1.00000000
v 0.02485760 -0.14511927 0.02666137 1.00000000 1.00000000 1.00000000
v 0.18888744 -0.03516308 0.02666137 1.00000000 1.00000000 1.00000000
v 0.19571272 0.13536837 0.02666137 1.00000000 1.00000000 1.00000000
v -0.22715734 0.01222741 0.02666137 1.00000000 1.00000000 1.00000000
v 0.08212862 -0.43609411 0.02666137 1.00000000 1.00000000 1.00000000
v -0.21053207 -0.19619925 0.02666137 1.00000000 1.00000000 1.00000000
v -0.25646281 -0.51810649 0.02666137 1.00000000 1.00000000 1.00000000
v 0.07727992 -0.29149340 0.02666137 1.00000000 1.00000000 1.00000000
v -0.18409931 0.23181827 0.02567941 1.00000000 1.00000000 1.00000000
v 0.24432834 -0.36507939 0.02666137 1.00000000 1.00000000 1.00000000
v -0.03322032 -0.17852830 0.02666137 1.00000000 1.00000000 1.00000000
v 0.20509616 0.14953588 0.02666137 1.00000000 1.00000000 1.00000000
v 0.13420102 -0.46721536 0.02666137 1.00000000 1.00000000 1.00000000
v 0.06648237 0.12276970 0.02666137 1.00000000 1.00000000 1.00000000
v 0.04063864 -0.36578374 0.02666137 1.00000000 1.00000000 1.00000000
v 0.14992967 0.15629022 0.02666137 1.00000000 1.00000000 1.00000000
v 0.11431785 0.21375219 0.02666137 1.00000000 1.00000000 1.00000000
v -0.00292028 -0.19250051 0.02666137 1.00000000 1.00000000 1.00000000
v 0.09926947 -0.06271149 0.02666137 1.00000000 1.00000000 1.00000000
v -0.20204284 -0.40165759 0.02666137 1.00000000 1.00000000 1.00000000
v -0.09803719 0.02991149 0.02666137 1.00000000 1.00000000 1.00000000
v 0.25830239 0.14333087 0.02666137 1.00000000 1.00000000 1.00000000
v -0.12579985 0.20644100 0.02666137 1.00000000 1.00000000 1.00000000
v -0.07049077 0.12445563 0.02666137 1.00000000 1.00000000 1.00000000
v -0.02704020 -0.45811582 0.02666137 1.00000000 1.00000000 1.00000000
v -0.14257454 0.03687487 0.02666137 1.00000000 1.00000000 1.00000000
v 0.05944601 -0.17439841 0.02666137 1.00000000 1.00000000 1.00000000
v 0.16388982 0.16629176 0.02666137 1.00000000 1.00000000 1.00000000
v 0.03871128 -0.13989481 0.02666137 1.00000000 1.00000000 1.00000000
v 0.22780247 -0.00129302 0.02666137 1.00000000 1.00000000 1.00000000
v 0.09444064 -0.04827046 0.02666137 1.00000000 1.00000000 1.00000000
v 0.20017260 0.11908824 0.02666137 1.00000000 1.00000000 1.00000000
v -0.23965768 0.15811070 0.02666137 1.00000000 1.00000000 1.00000000
v 0.12943767 0.13315496 0.02666137 1.00000000 1.00000000 1.00000000
v 0.13198714 0.00888922 0.02666137 1.00000000 1.00000000 1.00000000
v 0.12730349 -0.17602516 0.02666137 1.00000000 1.00000000 1.00000000
v 0.02847110 -0.01552154 0.02666137 1.00000000 1.00000000 1.00000000
v 0.00325507 -0.02635122 0.02666137 1.00000000 1.00000000 1.00000000
v 0.21349316 -0.36270490 0.02666137 1.00000000 1.00000000 1.00000000
v -0.26801802 -0.20201557 0.02443565 1.00000000 1.00000000 1.00000000
v 0.19112466 -0.20160075 0.02666137 1.00000000 1.00000000 1.00000000
v -0.22676613 0.19242973 0.02666137 1.00000000 1.00000000 1.00000000
v 0.26911478 -0.04653872 0.02226040 1.00000000 1.00000000 1.00000000
v -0.03597827 -0.36101239 0.02666137 1.00000000 1.00000000 1.00000000
v 0.12306370 -0.43880837 0.02666137 1.00000000 1.00000000 1.00000000
v 0.04017785 -0.10699222 0.02666137 1.00000000 1.00000000 1.00000000
v 0.01963006 0.16370188 0.02666137 1.00000000 1.00000000 1.00000000
v -0.21457725 0.24966406 0.01542006 1.00000000 1.00000000 1.00000000
v -0.08665501 -0.13578024 0.02666137 1.00000000 1.00000000 1.00000000
v 0.02910169 -0.46017246 0.02666137 1.00000000 1.00000000 1.00000000
v -0.20924314 0.23384877 0.02392869 1.00000000 1.00000000 1.00000000
v -0.10521042 -0.35009074 0.02666137 1.00000000 1.00000000 1.00000000
v 0.07861460 -0.33709659 0.02666137 1.00000000 1.00000000 1.00000000
v -0.28904585 -0.17047981 0.01161914 1.00000000 1.00000000 1.00000000
v 0.18255833 -0.18399181 0.02666137 1.00000000 1.00000000 1.00000000
v -0.21947690 0.20286888 0.02666137 1.00000000 1.00000000 1.00000000
v 0.12778309 0.11742116 0.02666137 1.00000000 1.00000000 1.00000000
v -0.08910498 -0.42456812 0.02666137 1.00000000 1.00000000 1.00000000
v -0.18401023 0.24856384 0.02058638 1.00000000 1.00000000 1.00000000
v -0.21009075 -0.48377096 0.02666137 1.00000000 1.00000000 1.00000000
v 0.24012898 -0.40147630 0.02666137 1.00000000 1.00000000 1.00000000
v 0.06611231 0.05447623 0.02666137 1.00000000 1.00000000 1.00000000
v -0.27366640 -0.30607640 0.02389726 1.00000000 1.00000000 1.00000000
v -0.24894013 0.12339320 0.02666137 1.00000000 1.00000000 1.00000000
v 0.15633345 -0.37082970 0.02666137 1.00000000 1.00000000 1.00000000
v -0.06096428 0.11233266 0.02666137 1.00000000 1.00000000 1.00000000
v -0.26064297 -0.10116073 0.02530384 1.00000000 1.00000000 1.00000000
v 0.20181368 0.24429503 0.02060155 1.00000000 1.00000000 1.00000000
v 0.00365889 -0.29934647 0.02666137 1.00000000 1.00000000 1.00000000
v 0.10878019 -0.17051102 0.02666137 1.00000000 1.00000000 1.00000000
v 0.14323097 0.20950506 0.02666137 1.00000000 1.00000000 1.00000000
v 0.05798443 0.18402789 0.02666137 1.00000000 1.00000000 1.00000000
v -0.15295717 -0.51328608 0.02666137 1.00000000 1.00000000 1.00000000
v 0.16248576 0.05439704 0.02666137 1.00000000 1.00000000 1.00000000
v -0.14467914 -0.13828213 0.02666137 1.00000000 1.00000000 1.00000000
v 0.16773224 0.09941085 0.02666137 1.00000000 1.00000000 1.00000000
v -0.04922467 -0.42715043 0.02666137 1.00000000 1.00000000 1.00000000
v 0.13725382 -0.22210300 0.02666137 1.00000000 1.00000000 1.00000000
v -0.21694467 0.15118760 0.02666137 1.00000000 1.00000000 1.00000000
v 0.22899470 -0.36389275 0.02666137 1.00000000 1.00000000 1.00000000
v 0.23993587 -0.15174280 0.02666137 1.00000000 1.00000000 1.00000000
v -0.25031807 -0.24283973 0.02666137 1.00000000 1.00000000 1.00000000
v 0.02642523 -0.17928432 0.02666137 1.00000000 1.00000000 1.00000000
v -0.11905537 -0.38409469 0.02666137 1.00000000 1.00000000 1.00000000
v 0.21181241 0.22647459 0.02550765 1.00000000 1.00000000 1.00000000
v -0.12591966 -0.43831483 0.02666137 1.00000000 1.00000000 1.00000000
v -0.23752841 -0.49343914 0.02666137 1.00000000 1.00000000 1.00000000
v -0.27429368 0.03958939 0.02209785 1.00000000 1.00000000 1.00000000
v 0.06269394 -0.41559609 0.02666137 1.00000000 1.00000000 1.00000000
v 0.06067433 -0.00604465 0.02666137 1.00000000 1.00000000 1.00000000
v 0.18905402 -0.04992107 0.02666137 1.00000000 1.00000000 1.00000000
v 0.18570351 0.23096030 0.02575509 1.00000000 1.00000000 1.00000000
v 0.14762704 0.18395246 0.02666137 1.00000000 1.00000000 1.00000000
v 0.11141926 -0.32912972 0.02666137 1.00000000 1.00000000 1.00000000
v -0.14464024 0.18176589 0.02666137 1.00000000 1.00000000 1.00000000
v 0.19914345 -0.15877514 0.02666137 1.00000000 1.00000000 1.00000000
v -0.15351317 0.26770849 0.01275842 1.00000000 1.00000000 1.00000000
v -0.12295611 -0.48794369 0.02666137 1.00000000 1.00000000 1.00000000
v -0.16967838 0.10481651 0.02666137 1.00000000 1.00000000 1.00000000
v 0.07278573 -0.49969274 0.02666137 1.00000000 1.00000000 1.00000000
v 0.25338460 -0.48813221 0.02666137 1.00000000 1.00000000 1.00000000
v 0.10071904 -0.41296712 0.02666137 1.00000000 1.00000000 1.00000000
v 0.10047046 0.05558872 0.02666137 1.00000000 1.00000000 1.00000000
v -0.11519240 0.11288352 0.02666137 1.00000000 1.00000000 1.00000000
v 0.15657339 -0.26740356 0.02666137 1.00000000 1.00000000 1.00000000
v 0.27474556 0.22733871 0.02170217 1.00000000 1.00000000 1.00000000
v -0.06671795 -0.06345643 0.02666137 1.00000000 1.00000000 1.00000000
v 0.10055075 0.02228784 0.02666137 1.00000000 1.00000000 1.00000000
v -0.25690596 -0.15882523 0.02620566 1.00000000 1.00000000 1.00000000
v -0.17656027 0.17409746 0.02666137 1.00000000 1.00000000 1.00000000
v -0.19860326 0.21276585 0.02666137 1.00000000 1.00000000 1.00000000
v 0.05100649 -0.49651000 0.02666137 1.00000000 1.00000000 1.00000000
v -0.14271628 0.08110187 0.02666137 1.00000000 1.00000000 1.00000000
v 0.19441942 -0.33847188 0.02666137 1.00000000 1.00000000 1.00000000
v -0.10859471 0.20656272 0.02666137 1.00000000 1.00000000 1.00000000
v 0.24211170 -0.43115987 0.02666137 1.00000000 1.00000000 1.00000000
v -0.11931967 -0.10929842 0.02666137 1.00000000 1.00000000 1.00000000
v -0.13348586 0.23919681 0.02642200 1.00000000 1.00000000 1.00000000
v -0.17493552 -0.42015535 0.02666137 1.00000000 1.00000000 1.00000000
v 0.05400772 -0.36609496 0.02666137 1.00000000 1.00000000 1.00000000
v 0.08641951 -0.16182407 0.02666137 1.00000000 1.00000000 1.00000000
v -0.27641873 -0.34887085 0.02351974 1.00000000 1.00000000 1.00000000
v -0.25598210 0.22632894 0.02333260 1.00000000 1.00000000 1.00000000
v 0.11571927 0.07691022 0.02666137 1.00000000 1.00000000 1.00000000
v 0.24275615 -0.05566200 0.02666137 1.00000000 1.00000000 1.00000000
v -0.26391894 0.01186814 0.02338512 1.00000000 1.00000000 1.00000000
v -0.03075889 -0.39318898 0.02666137 1.00000000 1.00000000 1.00000000
v -0.24903412 -0.38101452 0.02666137 1.00000000 1.00000000 1.00000000
v -0.02981783 0.08419690 0.02666137 1.00000000 1.00000000 1.00000000
v 0.19694876 -0.38786984 0.02666137 1.00000000 1.00000000 1.00000000
v -0.18966793 0.01510797 0.02666137 1.00000000 1.00000000 1.00000000
v -0.07181897 0.22801893 0.02666137 1.00000000 1.00000000 1.00000000
v 0.25424572 -0.27229513 0.02664738 1.00000000 1.00000000 1.00000000
v -0.23250127 -0.09793935 0.02666137 1.00000000 1.00000000 1.00000000
v 0.12715699 -0.39670739 0.02666137 1.00000000 1.00000000 1.00000000
v 0.08611665 -0.06853366 0.02666137 1.00000000 1.00000000 1.00000000
v 0.07457029 -0.25531750 0.02666137 1.00000000 1.00000000 1.00000000
v 0.19319793 -0.08014324 0.02666137 1.00000000 1.00000000 1.00000000
v -0.06495721 0.06618719 0.02666137 1.00000000 1.00000000 1.00000000
v -0.00307879 -0.17035797 0.02666137 1.00000000 1.00000000 1.00000000
v 0.07342920 -0.39126214 0.02666137 1.00000000 1.00000000 1.00000000
v 0.14689524 -0.50618845 0.02666137 1.00000000 1.00000000 1.00000000
v 0.01635648 -0.24432675 0.02666137 1.00000000 1.00000000 1.00000000
v -0.15879100 0.24189013 0.02499565 1.00000000 1.00000000 1.00000000
v 0.16331336 0.08596987 0.02666137 1.00000000 1.00000000 1.00000000
v -0.01682621 -0.01643890 0.02666137 1.00000000 1.00000000 1.00000000
v -0.23211089 0.06197940 0.02666137 1.00000000 1.00000000 1.00000000
v 0.13635398 0.16015854 0.02666137 1.00000000 1.00000000 1.00000000
v -0.17455501 0.00678913 0.02666137 1.00000000 1.00000000 1.00000000
v -0.11770841 -0.14380286 0.02666137 1.00000000 1.00000000 1.00000000
v 0.17261899 -0.44693660 0.02666137 1.00000000 1.00000000 1.00000000
v 0.11005742 0.16647240 0.02666137 1.00000000 1.00000000 1.00000000
v 0.11400960 0.00710463 0.02666137 1.00000000 1.00000000 1.00000000
v 0.22108566 -0.40809978 0.02666137 1.00000000 1.00000000 1.00000000
v 0.12484264 0.08915022 0.02666137 1.00000000 1.00000000 1.00000000
v -0.05344592 -0.20433921 0.02666137 1.00000000 1.00000000 1.00000000
v 0.18543571 -0.32792370 0.02666137 1.00000000 1.00000000 1.00000000
v -0.09777255 -0.08305647 0.02666137 1.00000000 1.00000000 1.00000000
v 0.22972171 0.17153267 0.02666137 1.00000000 1.00000000 1.00000000
v -0.12216544 -0.31957156 0.02666137 1.00000000 1.00000000 1.00000000
v 0.14572515 -0.28841376 0.02666137 1.00000000 1.00000000 1.00000000
v -0.24828724 -0.29403824 0.02666137 1.00000000 1.00000000 1.00000000
v -0.01406162 -0.23305810 0.02666137 1.00000000 1.00000000 1.00000000
v 0.26001151 -0.47605371 0.02666137 1.00000000 1.00000000 1.00000000
v 0.00035160 -0.45095169 0.02666137 1.00000000 1.00000000 1.00000000
v -0.06611293 -0.39090551 0.02666137 1.00000000 1.00000000 1.00000000
v -0.14310993 -0.17864621 0.02666137 1.00000000 1.00000000 1.00000000
v 0.18773778 -0.50988867 0.02666137 1.00000000 1.00000000 1.00000000
v -0.14248158 0.05258583 0.02666137 1.00000000 1.00000000 1.00000000
v 0.27838412 0.02772093 0.01593421 1.00000000 1.00000000 1.00000000
v -0.16551367 0.07070780 0.02666137 1.00000000 1.00000000 1.00000000
v 0.12971077 -0.11369602 0.02666137 1.00000000 1.00000000 1.00000000
v 0.27565757 0.18049715 0.02666137 1.00000000 1.00000000 1.00000000
v -0.00002837 0.06671110 0.02666137 1.00000000 1.00000000 1.00000000
v 0.21372852 -0.51309943 0.02666137 1.00000000 1.00000000 1.00000000
v 0.19859807 0.10251366 0.02666137 1.00000000 1.00000000 1.00000000
v -0.08554993 0.17752721 0.02666137 1.00000000 1.00000000 1.00000000
v -0.25305351 -0.40978445 0.02666137 1.00000000 1.00000000 1.00000000
v -0.12572843 0.02793317 0.02666137 1.00000000 1.00000000 1.00000000
v 0.14238884 0.22510929 0.02666137 1.00000000 1.00000000 1.00000000
v 0.16972362 -0.09752027 0.02666137 1.00000000 1.00000000 1.00000000
v -0.22148583 -0.30145551 0.02666137 1.00000000 1.00000000 1.00000000
v 0.28696492 -0.36532883 0.01915282 1.00000000 1.00000000 1.00000000
v 0.14958222 0.01073564 0.02666137 1.00000000 1.00000000 1.00000000
v 0.06205552 -0.08952994 0.02666137 1.00000000 1.00000000 1.00000000
v 0.12369451 -0.49080299 0.02666137 1.00000000 1.00000000 1.00000000
v -0.00044527 -0.07422610 0.02666137 1.00000000 1.00000000 1.00000000
v 0.24000827 -0.47517900 0.02666137 1.00000000 1.00000000 1.00000000
v -0.07294184 0.13793004 0.02666137 1.00000000 1.00000000 1.00000000
v -0.29714932 -0.43633347 0.01323246 1.00000000 1.00000000 1.00000000
v -0.18155532 -0.03162063 0.02666137 1.00000000 1.00000000 1.00000000
v -0.27389951 0.13358272 0.02666137 1.00000000 1.00000000 1.00000000
v 0.05676551 0.08537215 0.02666137 1.00000000 1.00000000 1.00000000
v -0.11783351 -0.44899050 0.02666137 1.00000000 1.00000000 1.00000000
v 0.04475884 0.01374407 0.02666137 1.00000000 1.00000000 1.00000000
v 0.23205439 0.13019729 0.02666137 1.00000000 1.00000000 1.00000000
v -0.13180839 0.15551808 0.02666137 1.00000000 1.00000000 1.00000000
v 0.10542219 0.10201956 0.02666137 1.00000000 1.00000000 1.00000000
v 0.27146775 -0.22817644 0.02371834 1.00000000 1.00000000 1.00000000
v -0.19347205 -0.38120318 0.02666137 1.00000000 1.00000000 1.00000000
v -0.12752207 0.25432344 0.02417154 1.00000000 1.00000000 1.00000000
v 0.20372329 -0.46112193 0.02666137 1.00000000 1.00000000 1.00000000
v 0.22339935 0.18476236 0.02666137 1.00000000 1.00000000 1.00000000
v -0.07850958 0.06273438 0.02666137 1.00000000 1.00000000 1.00000000
v 0.16996103 0.20900146 0.02666137 1.00000000 1.00000000 1.00000000
v 0.11426560 -0.27645938 0.02666137 1.00000000 1.00000000 1.00000000
v 0.13322120 0.04102904 0.02666137 1.00000000 1.00000000 1.00000000
v 0.21547181 0.24830640 0.01633879 1.00000000 1.00000000 1.00000000
v -0.24102168 -0.17721003 0.02666137 1.00000000 1.00000000 1.00000000
v 0.16867013 0.11386766 0.02666137 1.00000000 1.00000000 1.00000000
v 0.13814917 -0.27264777 0.02666137 1.00000000 1.00000000 1.00000000
v -0.24724341 0.08243477 0.02666137 1.00000000 1.00000000 1.00000000
v -0.17958941 -0.45493248 0.02666137 1.00000000 1.00000000 1.00000000
v -0.17222419 0.08079673 0.02666137 1.00000000 1.00000000 1.00000000
v -0.05185247 0.01538438 0.02666137 1.00000000 1.00000000 1.00000000
v -0.12279468 -0.25872463 0.02666137 1.00000000 1.00000000 1.00000000
v 0.21562249 0.05716668 0.02666137 1.00000000 1.00000000 1.00000000
v -0.10186070 -0.39137196 0.02666137 1.00000000 1.00000000 1.00000000
v 0.02838773 -0.27443489 0.02666137 1.00000000 1.00000000 1.00000000
v -0.01206595 0.13827386 0.02666137 1.00000000 1.00000000 1.00000000
v -0.05160137 0.02952680 0.02666137 1.00000000 1.00000000 1.00000000
v -0.25941290 -0.50720942 0.02666137 1.00000000 1.00000000 1.00000000
v 0.10027085 -0.00090109 0.02666137 1.00000000 1.00000000 1.00000000
v -0.12129634 -0.07385447 0.02666137 1.00000000 1.00000000 1.00000000
v -0.27524674 0.22621099 0.02213083 1.00000000 1.00000000 1.00000000
v -0.29377532 -0.29064823 0.01107185 1.00000000 1.00000000 1.00000000
v -0.02787999 0.04794910 0.02666137 1.00000000 1.00000000 1.00000000
v -0.14034346 -0.49887035 0.02666137 1.00000000 1.00000000 1.00000000
v -0.24202397 -0.40425361 0.02666137 1.00000000 1.00000000 1.00000000
v -0.20798653 0.00997522 0.02666137 1.00000000 1.00000000 1.00000000
v -0.29119434 -0.37832811 0.01666390 1.00000000 1.00000000 1.00000000
v 0.09506903 -0.24643364 0.02666137 1.00000000 1.00000000 1.00000000
v 0.01971475 0.08515430 0.02666137 1.00000000 1.00000000 1.00000000
v -0.28775935 -0.11793661 0.01084946 1.00000000 1.00000000 1.00000000
v 0.02804753 -0.09099598 0.02666137 1.00000000 1.00000000 1.00000000
v 0.17787831 0.16112586 0.02666137 1.00000000 1.00000000 1.00000000
v 0.19237089 -0.42609415 0.02666137 1.00000000 1.00000000 1.00000000
v -0.28941330 -0.31270326 0.01622771 1.00000000 1.00000000 1.00000000
v 0.16788633 -0.36382920 0.02666137 1.00000000 1.00000000 1.00000000
v -0.23323487 0.07674780 0.02666137 1.00000000 1.00000000 1.00000000
v -0.24477716 -0.14799493 0.02666137 1.00000000 1.00000000 1.00000000
v -0.08849399 -0.27288260 0.02666137 1.00000000 1.00000000 1.00000000
v 0.04815878 -0.33669032 0.02666137 1.00000000 1.00000000 1.00000000
v 0.07800155 -0.21962518 0.02666137 1.00000000 1.00000000 1.00000000
v -0.27568629 -0.37056207 0.02398237 1.00000000 1.00000000 1.00000000
v 0.11911540 -0.09974545 0.02666137 1.00000000 1.00000000 1.00000000
v -0.05094080 0.19715591 0.02666137 1.00000000 1.00000000 1.00000000
v -0.18723475 -0.08734936 0.02666137 1.00000000 1.00000000 1.00000000
v 0.05113105 -0.29335509 0.02666137 1.00000000 1.00000000 1.00000000
v 0.08562618 0.21021916 0.02666137 1.00000000 1.00000000 1.00000000
v 0.15291749 -0.33016136 0.02666137 1.00000000 1.00000000 1.00000000
v -0.26695351 -0.32004411 0.02559016 1.00000000 1.00000000 1.00000000
v -0.06171131 0.08687091 0.02666137 1.00000000 1.00000000 1.00000000
v 0.28310730 -0.50142940 0.02311033 1.00000000 1.00000000 1.00000000
v 0.24682550 -0.25631339 0.02666137 1.00000000 1.00000000 1.00000000
v -0.09271783 -0.17623371 0.02666137 1.00000000 1.00000000 1.00000000
v -0.09444640 -0.12210158 0.02666137 1.00000000 1.00000000 1.00000000
v -0.11441308 -0.50855678 0.02666137 1.00000000 1.00000000 1.00000000
v 0.14415835 -0.20962329 0.02666137 1.00000000 1.00000000 1.00000000
v 0.27451471 -0.15840881 0.02168370 1.00000000 1.00000000 1.00000000
v 0.18956793 -0.01880856 0.02666137 1.00000000 1.00000000 1.00000000
v -0.05057289 -0.21844885 0.02666137 1.00000000 1.00000000 1.00000000
v -0.14159755 0.26443166 0.01816037 1.00000000 1.00000000 1.00000000
v -0.22548856 0.10161003 0.02666137 1.00000000 1.00000000 1.00000000
v -0.17702400 -0.30402124 0.02666137 1.00000000 1.00000000 1.00000000
v 0.16646321 0.02628923 0.02666137 1.00000000 1.00000000 1.00000000
v -0.12556487 -0.00434643 0.02666137 1.00000000 1.00000000 1.00000000
v 0.23867559 0.07556752 0.02666137 1.00000000 1.00000000 1.00000000
v 0.25480572 0.05776820 0.02666137 1.00000000 1.00000000 1.00000000
v 0.16152745 -0.29720909 0.02666137 1.00000000 1.00000000 1.00000000
v 0.04253165 -0.43245491 0.02666137 1.00000000 1.00000000 1.00000000
v 0.16667792 0.07049227 0.02666137 1.00000000 1.00000000 1.00000000
v 0.11380441 -0.50028173 0.02666137 1.00000000 1.00000000 1.00000000
v -0.24398369 -0.51183087 0.02666137 1.00000000 1.00000000 1.00000000
v -0.11411916 0.13988026 0.02666137 1.00000000 1.00000000 1.00000000
v -0.22377429 -0.08657060 0.02666137 1.00000000 1.00000000 1.00000000
v -0.24643769 -0.45013737 0.02666137 1.00000000 1.00000000 1.00000000
v -0.19392255 -0.26634897 0.02666137 1.00000000 1.00000000 1.00000000
v -0.26850074 -0.33580169 0.02540974 1.00000000 1.00000000 1.00000000
v 0.01620167 -0.07644140 0.02666137 1.00000000 1.00000000 1.00000000
v 0.15307368 -0.03201495 0.02666137 1.00000000 1.00000000 1.00000000
v 0.17799780 -0.28590983 0.02666137 1.00000000 1.00000000 1.00000000
v 0.01940264 0.02066499 0.02666137 1.00000000 1.00000000 1.00000000
v -0.00011442 -0.43349661 0.02666137 1.00000000 1.00000000 1.00000000
v 0.19991932 -0.09242630 0.02666137 1.00000000 1.00000000 1.00000000
v -0.21082851 -0.31308795 0.02666137 1.00000000 1.00000000 1.00000000
v -0.08752794 0.08646003 0.02666137 1.00000000 1.00000000 1.00000000
v -0.14498722 0.01105112 0.02666137 1.00000000 1.00000000 1.00000000
v 0.01257263 -0.01044592 0.02666137 1.00000000 1.00000000 1.00000000
v 0.25737389 -0.24452337 0.02645083 1.00000000 1.00000000 1.00000000
v 0.28254456 -0.21385503 0.01854997 1.00000000 1.00000000 1.00000000
v -0.00511002 -0.22092554 0.02666137 1.00000000 1.00000000 1.00000000
v 0.06761997 -0.44567188 0.02666137 1.00000000 1.00000000 1.00000000
v 0.13580863 -0.10107454 0.02666137 1.00000000 1.00000000 1.00000000
v 0.25997044 0.12520241 0.02666137 1.00000000 1.00000000 1.00000000
v -0.21071931 0.11920651 0.02666137 1.00000000 1.00000000 1.00000000
v 0.07139339 -0.16286735 0.02666137 1.00000000 1.00000000 1.00000000
v -0.20213958 0.24743604 0.01889522 1.00000000 1.00000000 1.00000000
v -0.07687330 -0.48733474 0.02666137 1.00000000 1.00000000 1.00000000
v 0.09371898 -0.17376427 0.02666137 1.00000000 1.00000000 1.00000000
v -0.29442273 -0.39295915 0.01439782 1.00000000 1.00000000 1.00000000
v -0.00290881 -0.01546910 0.02666137 1.00000000 1.00000000 1.00000000
v -0.04378441 0.17444073 0.02666137 1.00000000 1.00000000 1.00000000
v 0.17491149 -0.08810066 0.02666137 1.00000000 1.00000000 1.00000000
v 0.09647660 -0.48100735 0.02666137 1.00000000 1.00000000 1.00000000
v -0.26169846 -0.02997741 0.02447770 1.00000000 1.00000000 1.00000000
v -0.03105260 -0.00162025 0.02666137 1.00000000 1.00000000 1.00000000
v -0.06613381 0.01561832 0.02666137 1.00000000 1.00000000 1.00000000
v -0.13765457 -0.44874496 0.02666137 1.00000000 1.00000000 1.00000000
v 0.12414564 -0.12786004 0.02666137 1.00000000 1.00000000 1.00000000
v -0.25653508 -0.39430519 0.02666137 1.00000000 1.00000000 1.00000000
v 0.07688756 0.04072568 0.02666137 1.00000000 1.00000000 1.00000000
v 0.20843842 -0.37900938 0.02666137 1.00000000 1.00000000 1.00000000
v -0.15075487 0.06806992 0.02666137 1.00000000 1.00000000 1.00000000
v 0.05735440 -0.05464639 0.02666137 1.00000000 1.00000000 1.00000000
v -0.16416540 -0.45489967 0.02666137 1.00000000 1.00000000 1.00000000
v 0.14833572 -0.34553726 0.02666137 1.00000000 1.00000000 1.00000000
v -0.03558616 -0.42967522 0.02666137 1.00000000 1.00000000 1.00000000
v -0.29726232 -0.45691969 0.01386855 1.00000000 1.00000000 1.00000000
v -0.07053095 -0.07929956 0.02666137 1.00000000 1.00000000 1.00000000
v -0.21454300 -0.15131803 0.02666137 1.00000000 1.00000000 1.00000000
v 0.16259918 0.18198365 0.02666137 1.00000000 1.00000000 1.00000000
v -0.20693443 -0.27310980 0.02666137 1.00000000 1.00000000 1.00000000
v -0.01588512 -0.30006356 0.02666137 1.00000000 1.00000000 1.00000000
v -0.10319627 -0.13462853 0.02666137 1.00000000 1.00000000 1.00000000
v 0.06098398 -0.45852240 0.02666137 1.00000000 1.00000000 1.00000000
v -0.03220747 0.17727466 0.02666137 1.00000000 1.00000000 1.00000000
v -0.27695514 0.08734302 0.02666137 1.00000000 1.00000000 1.00000000
v -0.24306840 -0.16390547 0.02666137 1.00000000 1.00000000 1.00000000
v -0.29082566 -0.14238052 0.00719373 1.00000000 1.00000000 1.00000000
v -0.06594401 -0.16514149 0.02666137 1.00000000 1.00000000 1.00000000
v -0.15658193 0.05470307 0.02666137 1.00000000 1.00000000 1.00000000
v 0.09480468 -0.03085525 0.02666137 1.00000000 1.00000000 1.00000000
v -0.06057301 -0.43705305 0.02666137 1.00000000 1.00000000 1.00000000
v 0.16049716 -0.28179171 0.02666137 1.00000000 1.00000000 1.00000000
v 0.10576319 -0.01713177 0.02666137 1.00000000 1.00000000 1.00000000
v -0.22101255 0.13198275 0.02666137 1.00000000 1.00000000 1.00000000
v -0.26852970 -0.21641890 0.02443668 1.00000000 1.00000000 1.00000000
v -0.00286550 -0.11407536 0.02666137 1.00000000 1.00000000 1.00000000
v 0.00711665 -0.38372782 0.02666137 1.00000000 1.00000000 1.00000000
v 0.16608549 0.13958806 0.02666137 1.00000000 1.00000000 1.00000000
v -0.09926609 -0.47348044 0.02666137 1.00000000 1.00000000 1.00000000
v -0.10487904 -0.09562605 0.02666137 1.00000000 1.00000000 1.00000000
v 0.20783920 -0.14313042 0.02666137 1.00000000 1.00000000 1.00000000
v -0.04333483 -0.00703301 0.02666137 1.00000000 1.00000000 1.00000000
v 0.26766148 -0.06279552 0.02302096 1.00000000 1.00000000 1.00000000
v -0.04858509 -0.44570704 0.02666137 1.00000000 1.00000000 1.00000000
v -0.14666734 -0.48329901 0.02666137 1.00000000 1.00000000 1.00000000
v 0.00162631 -0.46850502 0.02666137 1.00000000 1.00000000 1.00000000
v -0.26350101 -0.08596868 0.02452977 1.00000000 1.00000000 1.00000000
v -0.11471987 0.00779347 0.02666137 1.00000000 1.00000000 1.00000000
v 0.14627301 -0.46138780 0.02666137 1.00000000 1.00000000 1.00000000
v 0.01099783 0.09997053 0.02666137 1.00000000 1.00000000 1.00000000
v -0.14909479 -0.02816652 0.02666137 1.00000000 1.00000000 1.00000000
v 0.28230678 -0.06981355 0.01489934 1.00000000 1.00000000 1.00000000
v 0.18858629 0.17526247 0.02666137 1.00000000 1.00000000 1.00000000
v -0.19328338 0.17141325 0.02666137 1.00000000 1.00000000 1.00000000
v -0.20551449 -0.46679240 0.02666137 1.00000000 1.00000000 1.00000000
v -0.04651645 -0.08901605 0.02666137 1.00000000 1.00000000 1.00000000
v -0.13602503 -0.08923594 0.02666137 1.00000000 1.00000000 1.00000000
v 0.22390646 -0.42459921 0.02666137 1.00000000 1.00000000 1.00000000
v -0.01453207 -0.40265107 0.02666137 1.00000000 1.00000000 1.00000000
v -0.10202478 0.04477137 0.02666137 1.00000000 1.00000000 1.00000000
v -0.26204260 -0.14666492 0.02534923 1.00000000 1.00000000 1.00000000
v 0.19586203 -0.48076126 0.02666137 1.00000000 1.00000000 1.00000000
v -0.15998338 -0.14416097 0.02666137 1.00000000 1.00000000 1.00000000
v -0.27469367 0.14674285 0.02666137 1.00000000 1.00000000 1.00000000
v 0.20293270 -0.07787273 0.02666137 1.00000000 1.00000000 1.00000000
v 0.05174834 -0.30882547 0.02666137 1.00000000 1.00000000 1.00000000
v -0.01890295 -0.09261397 0.02666137 1.00000000 1.00000000 1.00000000
v -0.22810988 -0.48266516 0.02666137 1.00000000 1.00000000 1.00000000
v -0.22851086 -0.40419861 0.02666137 1.00000000 1.00000000 1.00000000
v 0.10011854 -0.35871507 0.02666137 1.00000000 1.00000000 1.00000000
v 0.15554176 -0.09648610 0.02666137 1.00000000 1.00000000 1.00000000
v -0.22615886 -0.16598553 0.02666137 1.00000000 1.00000000 1.00000000
v 0.08839309 -0.26276332 0.02666137 1.00000000 1.00000000 1.00000000
v -0.30097169 -0.47975375 0.01049101 1.00000000 1.00000000 1.00000000
v -0.09203852 -0.23772435 0.02666137 1.00000000 1.00000000 1.00000000
v -0.07434832 0.16538452 0.02666137 1.00000000 1.00000000 1.00000000
v 0.27559630 -0.24334837 0.02248034 1.00000000 1.00000000 1.00000000
v -0.27920191 -0.20975197 0.02034829 1.00000000 1.00000000 1.00000000
v 0.24761451 -0.28996496 0.02666137 1.00000000 1.00000000 1.00000000
v 0.27286000 0.06412459 0.02662676 1.00000000 1.00000000 1.00000000
v 0.19589607 -0.41005134 0.02666137 1.00000000 1.00000000 1.00000000
v 0.21354076 -0.15567365 0.02666137 1.00000000 1.00000000 1.00000000
v -0.22039971 -0.24019966 0.02666137 1.00000000 1.00000000 1.00000000
v -0.16738856 0.20774459 0.02666137 1.00000000 1.00000000 1.00000000
v -0.26677426 0.23783966 0.01658257 1.00000000 1.00000000 1.00000000
v -0.28999326 0.24357724 0.00000000 1.00000000 0.00000000 0.00000000
v -0.27597188 0.24595485 0.00000000 1.00000000 1.00000000 1.00000000
v -0.26196365 0.24845898 0.00000000 1.00000000 1.00000000 1.00000000
v -0.24798479 0.25109427 0.00000000 1.00000000 1.00000000 1.00000000
v -0.23405181 0.25386541 0.00000000 1.00000000 1.00000000 1.00000000
v -0.22012495 0.25678941 0.00000000 1.00000000 1.00000000 1.00000000
v -0.20624378 0.25986810 0.00000000 1.00000000 1.00000000 1.00000000
v -0.19239265 0.26311592 0.00000000 1.00000000 1.00000000 1.00000000
v -0.17857756 0.26654401 0.00000000 1.00000000 1.00000000 1.00000000
v -0.16482396 0.27015964 0.00000000 1.00000000 1.00000000 1.00000000
v -0.15112486 0.27397969 0.00000000 1.00000000 1.00000000 1.00000000
v -0.13749393 0.27801751 0.00000000 1.00000000 1.00000000 1.00000000
v -0.12393213 0.28229227 0.00000000 1.00000000 1.00000000 1.00000000
v -0.11044552 0.28682458 0.00000000 1.00000000 0.00000000 0.00000000
v -0.10259004 0.28582496 -0.01521530 1.00000000 1.00000000 1.00000000
v -0.08718274 0.28401977 -0.02352106 1.00000000 1.00000000 1.00000000
v -0.06989353 0.28220633 -0.02657954 1.00000000 1.00000000 1.00000000
v -0.05533874 0.28091777 -0.02666137 1.00000000 1.00000000 1.00000000
v -0.04152062 0.27989855 -0.02666137 1.00000000 1.00000000 1.00000000
v -0.02769146 0.27906395 -0.02666137 1.00000000 1.00000000 1.00000000
v -0.01385125 0.27841441 -0.02666137 1.00000000 1.00000000 1.00000000
v 0.00000000 0.27795038 -0.02666137 1.00000000 0.00000000 0.00000000
v 0.01385125 0.27841441 -0.02666137 1.00000000 1.00000000 1.00000000
v 0.02769146 0.27906395 -0.02666137 1.00000000 1.00000000 1.00000000
v 0.04152062 0.27989855 -0.02666137 1.00000000 1.00000000 1.00000000
v 0.05533874 0.28091777 -0.02666137 1.00000000 1.00000000 1.00000000
v 0.06989353 0.28220633 -0.02657954 1.00000000 1.00000000 1.00000000
v 0.08718274 0.28401977 -0.02352106 1.00000000 1.00000000 1.00000000
v 0.10259004 0.28582496 -0.01521530 1.00000000 1.00000000 1.00000000
v 0.11044552 0.28682458 0.00000000 1.00000000 0.00000000 0.00000000
v 0.12393213 0.28229227 0.00000000 1.00000000 1.00000000 1.00000000
v 0.13749393 0.27801751 0.00000000 1.00000000 1.00000000 1.00000000
v 0.15112486 0.27397969 0.00000000 1.00000000 1.00000000 1.00000000
v 0.16482396 0.27015964 0.00000000 1.00000000 1.00000000 1.00000000
v 0.17857756 0.26654401 0.00000000 1.00000000 1.00000000 1.00000000
v 0.19239265 0.26311592 0.00000000 1.00000000 1.00000000 1.00000000
v 0.20624378 0.25986810 0.00000000 1.00000000 1.00000000 1.00000000
v 0.22012495 0.25678941 0.00000000 1.00000000 1.00000000 1.00000000
v 0.23405181 0.25386541 0.00000000 1.00000000 1.00000000 1.00000000
v 0.24798479 0.25109427 0.00000000 1.00000000 1.00000000 1.00000000
v 0.26196365 0.24845898 0.00000000 1.00000000 1.00000000 1.00000000
v 0.27597188 0.24595485 0.00000000 1.00000000 1.00000000 1.00000000
v 0.28999326 0.24357724 0.00000000 1.00000000 0.00000000 0.00000000
v 0.29199673 0.23444083 -0.01502746 1.00000000 1.00000000 1.00000000
v 0.29118304 0.21841538 -0.02333116 1.00000000 1.00000000 1.00000000
v 0.28965174 0.20060867 -0.02653165 1.00000000 1.00000000 1.00000000
v 0.28906175 0.18513194 -0.02666137 1.00000000 1.00000000 1.00000000
v 0.28882870 0.17050965 -0.02666137 1.00000000 1.00000000 1.00000000
v 0.28859565 0.15588736 -0.02666137 1.00000000 1.00000000 1.00000000
v 0.28836295 0.14128699 -0.02666137 1.00000000 1.00000000 1.00000000
v 0.28812990 0.12666470 -0.02666137 1.00000000 1.00000000 1.00000000
v 0.28789720 0.11206434 -0.02666137 1.00000000 1.00000000 1.00000000
v 0.28766415 0.09744205 -0.02666137 1.00000000 1.00000000 1.00000000
v 0.28743110 0.08281976 -0.02666137 1.00000000 1.00000000 1.00000000
v 0.28719650 0.06809994 -0.02665931 1.00000000 1.00000000 1.00000000
v 0.28690247 0.04965165 -0.02408224 1.00000000 1.00000000 1.00000000
v 0.28663784 0.03304821 -0.01585025 1.00000000 1.00000000 1.00000000
v 0.28649960 0.02437445 0.00000000 1.00000000 0.00000000 0.00000000
v 0.28702310 0.00975040 0.00000000 1.00000000 1.00000000 1.00000000
v 0.28754661 -0.00487365 0.00000000 1.00000000 1.00000000 1.00000000
v 0.28807011 -0.01949770 0.00000000 1.00000000 1.00000000 1.00000000
v 0.28859561 -0.03417736 0.00000000 1.00000000 1.00000000 1.00000000
v 0.28911912 -0.04880141 0.00000000 1.00000000 1.00000000 1.00000000
v 0.28964262 -0.06342546 0.00000000 1.00000000 1.00000000 1.00000000
v 0.29016613 -0.07804952 0.00000000 1.00000000 1.00000000 1.00000000
v 0.29068963 -0.09267357 0.00000000 1.00000000 1.00000000 1.00000000
v 0.29121314 -0.10729762 0.00000000 1.00000000 1.00000000 1.00000000
v 0.29173664 -0.12192167 0.00000000 1.00000000 1.00000000 1.00000000
v 0.29226015 -0.13654572 0.00000000 1.00000000 1.00000000 1.00000000
v 0.29278565 -0.15122538 0.00000000 1.00000000 1.00000000 1.00000000
v 0.29330915 -0.16584943 0.00000000 1.00000000 1.00000000 1.00000000
v 0.29383266 -0.18047348 0.00000000 1.00000000 1.00000000 1.00000000
v 0.29435616 -0.19509754 0.00000000 1.00000000 1.00000000 1.00000000
v 0.29487967 -0.20972159 0.00000000 1.00000000 1.00000000 1.00000000
v 0.29540317 -0.22434564 0.00000000 1.00000000 1.00000000 1.00000000
v 0.29592668 -0.23896969 0.00000000 1.00000000 1.00000000 1.00000000
v 0.29645218 -0.25364935 0.00000000 1.00000000 1.00000000 1.00000000
v 0.29697568 -0.26827340 0.00000000 1.00000000 1.00000000 1.00000000
v 0.29749919 -0.28289745 0.00000000 1.00000000 1.00000000 1.00000000
v 0.29802269 -0.29752150 0.00000000 1.00000000 1.00000000 1.00000000
v 0.29854620 -0.31214555 0.00000000 1.00000000 1.00000000 1.00000000
v 0.29906970 -0.32676961 0.00000000 1.00000000 1.00000000 1.00000000
v 0.29959321 -0.34139366 0.00000000 1.00000000 1.00000000 1.00000000
v 0.30011671 -0.35601771 0.00000000 1.00000000 1.00000000 1.00000000
v 0.30064221 -0.37069737 0.00000000 1.00000000 1.00000000 1.00000000
v 0.30116572 -0.38532142 0.00000000 1.00000000 1.00000000 1.00000000
v 0.30168922 -0.39994547 0.00000000 1.00000000 1.00000000 1.00000000
v 0.30221273 -0.41456952 0.00000000 1.00000000 1.00000000 1.00000000
v 0.30273623 -0.42919357 0.00000000 1.00000000 1.00000000 1.00000000
v 0.30325974 -0.44381763 0.00000000 1.00000000 1.00000000 1.00000000
v 0.30378324 -0.45844168 0.00000000 1.00000000 1.00000000 1.00000000
v 0.30430675 -0.47306573 0.00000000 1.00000000 1.00000000 1.00000000
v 0.30483225 -0.48774539 0.00000000 1.00000000 1.00000000 1.00000000
v 0.30535575 -0.50236944 0.00000000 1.00000000 1.00000000 1.00000000
v 0.30587926 -0.51699349 0.00000000 1.00000000 1.00000000 1.00000000
v 0.30640276 -0.53161754 0.00000000 1.00000000 0.00000000 0.00000000
v 0.29776103 -0.53026863 -0.01577923 1.00000000 1.00000000 1.00000000
v 0.28120898 -0.52920289 -0.02402781 1.00000000 1.00000000 1.00000000
v 0.26283057 -0.52820253 -0.02665636 1.00000000 1.00000000 1.00000000
v 0.24802720 -0.52707071 -0.02666137 1.00000000 1.00000000 1.00000000
v 0.23344097 -0.52593460 -0.02666137 1.00000000 1.00000000 1.00000000
v 0.21885474 -0.52479849 -0.02666137 1.00000000 1.00000000 1.00000000
v 0.20426851 -0.52366238 -0.02666137 1.00000000 1.00000000 1.00000000
v 0.18968228 -0.52252627 -0.02666137 1.00000000 1.00000000 1.00000000
v 0.17509605 -0.52139015 -0.02666137 1.00000000 1.00000000 1.00000000
v 0.16050982 -0.52025404 -0.02666137 1.00000000 1.00000000 1.00000000
v 0.14589294 -0.51911555 -0.02666137 1.00000000 1.00000000 1.00000000
v 0.13130671 -0.51797944 -0.02666137 1.00000000 1.00000000 1.00000000
v 0.11672048 -0.51684332 -0.02666137 1.00000000 1.00000000 1.00000000
v 0.10213425 -0.51570721 -0.02666137 1.00000000 1.00000000 1.00000000
v 0.08754802 -0.51457110 -0.02666137 1.00000000 1.00000000 1.00000000
v 0.07296179 -0.51343499 -0.02666137 1.00000000 1.00000000 1.00000000
v 0.05837556 -0.51229888 -0.02666137 1.00000000 1.00000000 1.00000000
v 0.04375869 -0.51116038 -0.02666137 1.00000000 1.00000000 1.00000000
v 0.02917246 -0.51002427 -0.02666137 1.00000000 1.00000000 1.00000000
v 0.01458623 -0.50888816 -0.02666137 1.00000000 1.00000000 1.00000000
v 0.00000000 -0.50775205 -0.02666137 1.00000000 0.00000000 0.00000000
v -0.01458623 -0.50888816 -0.02666137 1.00000000 1.00000000 1.00000000
v -0.02917246 -0.51002427 -0.02666137 1.00000000 1.00000000 1.00000000
v -0.04375869 -0.51116038 -0.02666137 1.00000000 1.00000000 1.00000000
v -0.05837556 -0.51229888 -0.02666137 1.00000000 1.00000000 1.00000000
v -0.07296179 -0.51343499 -0.02666137 1.00000000 1.00000000 1.00000000
v -0.08754802 -0.51457110 -0.02666137 1.00000000 1.00000000 1.00000000
v -0.10213425 -0.51570721 -0.02666137 1.00000000 1.00000000 1.00000000
v -0.11672048 -0.51684332 -0.02666137 1.00000000 1.00000000 1.00000000
v -0.13130671 -0.51797944 -0.02666137 1.00000000 1.00000000 1.00000000
v -0.14589294 -0.51911555 -0.02666137 1.00000000 1.00000000 1.00000000
v -0.16050982 -0.52025404 -0.02666137 1.00000000 1.00000000 1.00000000
v -0.17509605 -0.52139015 -0.02666137 1.00000000 1.00000000 1.00000000
v -0.18968228 -0.52252627 -0.02666137 1.00000000 1.00000000 1.00000000
v -0.20426851 -0.52366238 -0.02666137 1.00000000 1.00000000 1.00000000
v -0.21885474 -0.52479849 -0.02666137 1.00000000 1.00000000 1.00000000
v -0.23344097 -0.52593460 -0.02666137 1.00000000 1.00000000 1.00000000
v -0.24802720 -0.52707071 -0.02666137 1.00000000 1.00000000 1.00000000
v -0.26283057 -0.52820253 -0.02665636 1.00000000 1.00000000 1.00000000
v -0.28120898 -0.52920289 -0.02402781 1.00000000 1.00000000 1.00000000
v -0.29776103 -0.53026863 -0.01577923 1.00000000 1.00000000 1.00000000
v -0.30640276 -0.53161754 0.00000000 1.00000000 0.00000000 0.00000000
v -0.30587926 -0.51699349 0.00000000 1.00000000 1.00000000 1.00000000
v -0.30535575 -0.50236944 0.00000000 1.00000000 1.00000000 1.00000000
v -0.30483225 -0.48774539 0.00000000 1.00000000 1.00000000 1.00000000
v -0.30430675 -0.47306573 0.00000000 1.00000000 1.00000000 1.00000000
v -0.30378324 -0.45844168 0.00000000 1.00000000 1.00000000 1.00000000
v -0.30325974 -0.44381763 0.00000000 1.00000000 1.00000000 1.00000000
v -0.30273623 -0.42919357 0.00000000 1.00000000 1.00000000 1.00000000
v -0.30221273 -0.41456952 0.00000000 1.00000000 1.00000000 1.00000000
v -0.30168922 -0.39994547 0.00000000 1.00000000 1.00000000 1.00000000
v -0.30116572 -0.38532142 0.00000000 1.00000000 1.00000000 1.00000000
v -0.30064221 -0.37069737 0.00000000 1.00000000 1.00000000 1.00000000
v -0.30011671 -0.35601771 0.00000000 1.00000000 1.00000000 1.00000000
v -0.29959321 -0.34139366 0.00000000 1.00000000 1.00000000 1.00000000
v -0.29906970 -0.32676961 0.00000000 1.00000000 1.00000000 1.00000000
v -0.29854620 -0.31214555 0.00000000 1.00000000 1.00000000 1.00000000
v -0.29802269 -0.29752150 0.00000000 1.00000000 1.00000000 1.00000000
v -0.29749919 -0.28289745 0.00000000 1.00000000 1.00000000 1.00000000
v -0.29697568 -0.26827340 0.00000000 1.00000000 1.00000000 1.00000000
v -0.29645018 -0.25359374 0.00000000 1.00000000 1.00000000 1.00000000
v -0.29592668 -0.23896969 0.00000000 1.00000000 1.00000000 1.00000000
v -0.29540317 -0.22434564 0.00000000 1.00000000 1.00000000 1.00000000
v -0.29487967 -0.20972159 0.00000000 1.00000000 1.00000000 1.00000000
v -0.29435616 -0.19509754 0.00000000 1.00000000 1.00000000 1.00000000
v -0.29383266 -0.18047348 0.00000000 1.00000000 1.00000000 1.00000000
v -0.29330915 -0.16584943 0.00000000 1.00000000 1.00000000 1.00000000
v -0.29278565 -0.15122538 0.00000000 1.00000000 1.00000000 1.00000000
v -0.29226015 -0.13654572 0.00000000 1.00000000 1.00000000 1.00000000
v -0.29173664 -0.12192167 0.00000000 1.00000000 1.00000000 1.00000000
v -0.29121314 -0.10729762 0.00000000 1.00000000 1.00000000 1.00000000
v -0.29068963 -0.09267357 0.00000000 1.00000000 1.00000000 1.00000000
v -0.29016613 -0.07804952 0.00000000 1.00000000 1.00000000 1.00000000
v -0.28964262 -0.06342546 0.00000000 1.00000000 1.00000000 1.00000000
v -0.28911912 -0.04880141 0.00000000 1.00000000 1.00000000 1.00000000
v -0.28859561 -0.03417736 0.00000000 1.00000000 1.00000000 1.00000000
v -0.28807011 -0.01949770 0.00000000 1.00000000 1.00000000 1.00000000
v -0.28754661 -0.00487365 0.00000000 1.00000000 1.00000000 1.00000000
v -0.28702310 0.00975040 0.00000000 1.00000000 1.00000000 1.00000000
v -0.28649960 0.02437445 0.00000000 1.00000000 0.00000000 0.00000000
v -0.28663784 0.03304821 -0.01585025 1.00000000 1.00000000 1.00000000
v -0.28690247 0.04965165 -0.02408224 1.00000000 1.00000000 1.00000000
v -0.28719650 0.06809994 -0.02665931 1.00000000 1.00000000 1.00000000
v -0.28743110 0.08281976 -0.02666137 1.00000000 1.00000000 1.00000000
v -0.28766415 0.09744205 -0.02666137 1.00000000 1.00000000 1.00000000
v -0.28789720 0.11206434 -0.02666137 1.00000000 1.00000000 1.00000000
v -0.28812990 0.12666470 -0.02666137 1.00000000 1.00000000 1.00000000
v -0.28836295 0.14128699 -0.02666137 1.00000000 1.00000000 1.00000000
v -0.28859565 0.15588736 -0.02666137 1.00000000 1.00000000 1.00000000
v -0.28882870 0.17050965 -0.02666137 1.00000000 1.00000000 1.00000000
v -0.28906175 0.18513194 -0.02666137 1.00000000 1.00000000 1.00000000
v -0.28965174 0.20060867 -0.02653165 1.00000000 1.00000000 1.00000000
v -0.29118304 0.21841538 -0.02333116 1.00000000 1.00000000 1.00000000
v -0.29199673 0.23444083 -0.01502746 1.00000000 1.00000000 1.00000000
v 0.01121705 -0.43523741 -0.02666137 1.00000000 1.00000000 1.00000000
v 0.14762500 -0.39974823 -0.02666137 1.00000000 1.00000000 1.00000000
v 0.29511981 -0.37808636 -0.01317378 1.00000000 1.00000000 1.00000000
v -0.13065627 0.01596723 -0.02666137 1.00000000 1.00000000 1.00000000
v -0.20050423 -0.02699724 -0.02666137 1.00000000 1.00000000 1.00000000
v -0.00813903 0.10092783 -0.02666137 1.00000000 1.00000000 1.00000000
v -0.21723080 0.08918635 -0.02666137 1.00000000 1.00000000 1.00000000
v -0.20957769 -0.29935971 -0.02666137 1.00000000 1.00000000 1.00000000
v 0.18700714 -0.28096404 -0.02666137 1.00000000 1.00000000 1.00000000
v -0.19144178 0.14497812 -0.02666137 1.00000000 1.00000000 1.00000000
v 0.13635100 -0.41702798 -0.02666137 1.00000000 1.00000000 1.00000000
v -0.11801726 -0.29097579 -0.02666137 1.00000000 1.00000000 1.00000000
v 0.04402135 -0.23868708 -0.02666137 1.00000000 1.00000000 1.00000000
v 0.06481047 -0.26771805 -0.02666137 1.00000000 1.00000000 1.00000000
v -0.16204861 0.12016025 -0.02666137 1.00000000 1.00000000 1.00000000
v -0.24691110 0.02459449 -0.02651130 1.00000000 1.00000000 1.00000000
v -0.16586088 0.23515137 -0.02587332 1.00000000 1.00000000 1.00000000
v -0.22575395 0.10172675 -0.02666137 1.00000000 1.00000000 1.00000000
v 0.20139614 -0.46230599 -0.02666137 1.00000000 1.00000000 1.00000000
v 0.01859223 0.01308997 -0.02666137 1.00000000 1.00000000 1.00000000
v 0.10117423 -0.13107675 -0.02666137 1.00000000 1.00000000 1.00000000
v -0.22444097 -0.17408810 -0.02666137 1.00000000 1.00000000 1.00000000
v 0.26643480 -0.07127054 -0.02353466 1.00000000 1.00000000 1.00000000
v -0.21193662 0.10631322 -0.02666137 1.00000000 1.00000000 1.00000000
v -0.11443366 -0.33097174 -0.02666137 1.00000000 1.00000000 1.00000000
v 0.05463458 0.05218498 -0.02666137 1.00000000 1.00000000 1.00000000
v 0.12229297 0.07700064 -0.02666137 1.00000000 1.00000000 1.00000000
v -0.02618394 0.14186283 -0.02666137 1.00000000 1.00000000 1.00000000
v -0.05385352 -0.26059999 -0.02666137 1.00000000 1.00000000 1.00000000
v 0.28464426 -0.33485748 -0.01984272 1.00000000 1.00000000 1.00000000
v 0.13383674 -0.10148032 -0.02666137 1.00000000 1.00000000 1.00000000
v 0.19206364 -0.45069738 -0.02666137 1.00000000 1.00000000 1.00000000
v -0.14057254 0.22686252 -0.02666137 1.00000000 1.00000000 1.00000000
v -0.04271467 -0.06207876 -0.02666137 1.00000000 1.00000000 1.00000000
v 0.07944619 -0.38579821 -0.02666137 1.00000000 1.00000000 1.00000000
v -0.28674705 -0.13077968 -0.01265186 1.00000000 1.00000000 1.00000000
v 0.25224602 -0.14909443 -0.02656076 1.00000000 1.00000000 1.00000000
v -0.03636472 -0.17030929 -0.02666137 1.00000000 1.00000000 1.00000000
v 0.19801232 -0.07343852 -0.02666137 1.00000000 1.00000000 1.00000000
v -0.10450799 -0.39786167 -0.02666137 1.00000000 1.00000000 1.00000000
v 0.26024566 -0.20847127 -0.02601199 1.00000000 1.00000000 1.00000000
v 0.00412363 -0.47602199 -0.02666137 1.00000000 1.00000000 1.00000000
v -0.23469611 -0.09395117 -0.02666137 1.00000000 1.00000000 1.00000000
v -0.06412283 -0.28700558 -0.02666137 1.00000000 1.00000000 1.00000000
v -0.04815658 -0.14513596 -0.02666137 1.00000000 1.00000000 1.00000000
v -0.25603611 -0.19924172 -0.02642873 1.00000000 1.00000000 1.00000000
v -0.08955572 -0.37810172 -0.02666137 1.00000000 1.00000000 1.00000000
v 0.06394731 -0.38746316 -0.02666137 1.00000000 1.00000000 1.00000000
v 0.17125940 0.19809140 -0.02666137 1.00000000 1.00000000 1.00000000
v 0.15728227 -0.35531968 -0.02666137 1.00000000 1.00000000 1.00000000
v 0.24975432 0.15724144 -0.02666137 1.00000000 1.00000000 1.00000000
v -0.23451503 -0.26688214 -0.02666137 1.00000000 1.00000000 1.00000000
v 0.11325046 -0.44829870 -0.02666137 1.00000000 1.00000000 1.00000000
v -0.15021021 -0.28223658 -0.02666137 1.00000000 1.00000000 1.00000000
v -0.11283375 -0.26011817 -0.02666137 1.00000000 1.00000000 1.00000000
v 0.24393277 -0.49115555 -0.02666137 1.00000000 1.00000000 1.00000000
v -0.19062458 0.09385477 -0.02666137 1.00000000 1.00000000 1.00000000
v -0.17726377 -0.35375435 -0.02666137 1.00000000 1.00000000 1.00000000
v -0.19656812 0.00363902 -0.02666137 1.00000000 1.00000000 1.00000000
v 0.21915105 -0.08405185 -0.02666137 1.00000000 1.00000000 1.00000000
v -0.10521481 -0.18404674 -0.02666137 1.00000000 1.00000000 1.00000000
v -0.15315789 0.10447839 -0.02666137 1.00000000 1.00000000 1.00000000
v -0.08169141 -0.50363363 -0.02666137 1.00000000 1.00000000 1.00000000
v 0.12742230 0.05538912 -0.02666137 1.00000000 1.00000000 1.00000000
v -0.29604133 -0.37615746 -0.01206490 1.00000000 1.00000000 1.00000000
v 0.12267256 0.16985672 -0.02666137 1.00000000 1.00000000 1.00000000
v 0.07500023 -0.09649094 -0.02666137 1.00000000 1.00000000 1.00000000
v -0.10450222 0.27239584 -0.02031562 1.00000000 1.00000000 1.00000000
v -0.02297718 -0.22391491 -0.02666137 1.00000000 1.00000000 1.00000000
v 0.12436015 -0.46335311 -0.02666137 1.00000000 1.00000000 1.00000000
v -0.05394271 0.02166129 -0.02666137 1.00000000 1.00000000 1.00000000
v -0.08808170 0.14863171 -0.02666137 1.00000000 1.00000000 1.00000000
v -0.15750740 -0.25572040 -0.02666137 1.00000000 1.00000000 1.00000000
v 0.23328522 -0.45512723 -0.02666137 1.00000000 1.00000000 1.00000000
v -0.17373431 -0.31730825 -0.02666137 1.00000000 1.00000000 1.00000000
v 0.08122876 0.09484724 -0.02666137 1.00000000 1.00000000 1.00000000
v 0.03432326 0.24386435 -0.02666137 1.00000000 1.00000000 1.00000000
v -0.23409564 -0.30625797 -0.02666137 1.00000000 1.00000000 1.00000000
v 0.06035568 -0.31155668 -0.02666137 1.00000000 1.00000000 1.00000000
v -0.17793309 0.26135491 -0.01252629 1.00000000 1.00000000 1.00000000
v -0.21353489 -0.34176794 -0.02666137 1.00000000 1.00000000 1.00000000
v -0.13428081 -0.45345619 -0.02666137 1.00000000 1.00000000 1.00000000
v 0.02921190 -0.45005468 -0.02666137 1.00000000 1.00000000 1.00000000
v -0.18195412 -0.39000344 -0.02666137 1.00000000 1.00000000 1.00000000
v 0.05034978 0.06877952 -0.02666137 1.00000000 1.00000000 1.00000000
v -0.12879534 -0.19654785 -0.02666137 1.00000000 1.00000000 1.00000000
v -0.09371446 -0.12511877 -0.02666137 1.00000000 1.00000000 1.00000000
v -0.26711250 -0.00066631 -0.02240175 1.00000000 1.00000000 1.00000000
v -0.04049605 0.19133402 -0.02666137 1.00000000 1.00000000 1.00000000
v -0.26909693 -0.38054667 -0.02559410 1.00000000 1.00000000 1.00000000
v -0.18769763 -0.50376045 -0.02666137 1.00000000 1.00000000 1.00000000
v 0.09548904 0.24080051 -0.02666137 1.00000000 1.00000000 1.00000000
v -0.27017574 0.17376457 -0.02666137 1.00000000 1.00000000 1.00000000
v 0.13434522 -0.35203023 -0.02666137 1.00000000 1.00000000 1.00000000
v 0.08652947 0.08028433 -0.02666137 1.00000000 1.00000000 1.00000000
v -0.05993991 0.23926898 -0.02666137 1.00000000 1.00000000 1.00000000
v -0.15591970 0.22143228 -0.02666137 1.00000000 1.00000000 1.00000000
v 0.17368265 -0.05066778 -0.02666137 1.00000000 1.00000000 1.00000000
v 0.00679128 -0.00787916 -0.02666137 1.00000000 1.00000000 1.00000000
v -0.19791959 -0.28898286 -0.02666137 1.00000000 1.00000000 1.00000000
v 0.26003200 0.03248554 -0.02471749 1.00000000 1.00000000 1.00000000
v -0.05275417 0.09999637 -0.02666137 1.00000000 1.00000000 1.00000000
v 0.14378443 -0.23887427 -0.02666137 1.00000000 1.00000000 1.00000000
v 0.03005098 -0.06057428 -0.02666137 1.00000000 1.00000000 1.00000000
v -0.27987000 -0.42699539 -0.02330519 1.00000000 1.00000000 1.00000000
v -0.12901004 -0.48544949 -0.02666137 1.00000000 1.00000000 1.00000000
v -0.09716689 0.08124492 -0.02666137 1.00000000 1.00000000 1.00000000
v -0.20801324 -0.11617786 -0.02666137 1.00000000 1.00000000 1.00000000
v -0.13664381 0.03485603 -0.02666137 1.00000000 1.00000000 1.00000000
v -0.14732448 -0.32738058 -0.02666137 1.00000000 1.00000000 1.00000000
v -0.22621343 -0.04466912 -0.02666137 1.00000000 1.00000000 1.00000000
v 0.08405115 -0.13588803 -0.02666137 1.00000000 1.00000000 1.00000000
v -0.03708594 -0.32616170 -0.02666137 1.00000000 1.00000000 1.00000000
v -0.03906147 -0.35855830 -0.02666137 1.00000000 1.00000000 1.00000000
v 0.00539230 -0.08480208 -0.02666137 1.00000000 1.00000000 1.00000000
v -0.17011890 0.25091208 -0.02112623 1.00000000 1.00000000 1.00000000
v -0.04077818 -0.37264875 -0.02666137 1.00000000 1.00000000 1.00000000
v 0.16509446 0.14567610 -0.02666137 1.00000000 1.00000000 1.00000000
v -0.10121134 -0.02392765 -0.02666137 1.00000000 1.00000000 1.00000000
v -0.12598093 0.25724312 -0.02347045 1.00000000 1.00000000 1.00000000
v -0.03509915 0.04731375 -0.02666137 1.00000000 1.00000000 1.00000000
v 0.20910124 -0.41672351 -0.02666137 1.00000000 1.00000000 1.00000000
v -0.03718167 -0.22306945 -0.02666137 1.00000000 1.00000000 1.00000000
v 0.03432170 -0.40545226 -0.02666137 1.00000000 1.00000000 1.00000000
v -0.28629406 -0.16010907 -0.01420203 1.00000000 1.00000000 1.00000000
v -0.20388237 0.09319895 -0.02666137 1.00000000 1.00000000 1.00000000
v -0.26809045 -0.31695093 -0.02535862 1.00000000 1.00000000 1.00000000
v -0.20070407 -0.04187514 -0.02666137 1.00000000 1.00000000 1.00000000
v 0.03742071 -0.17704638 -0.02666137 1.00000000 1.00000000 1.00000000
v -0.10126238 -0.16062292 -0.02666137 1.00000000 1.00000000 1.00000000
v 0.25387471 -0.18246457 -0.02653671 1.00000000 1.00000000 1.00000000
v 0.07023841 -0.24337360 -0.02666137 1.00000000 1.00000000 1.00000000
v 0.15346469 -0.07731411 -0.02666137 1.00000000 1.00000000 1.00000000
v 0.01471380 -0.10332092 -0.02666137 1.00000000 1.00000000 1.00000000
v -0.28500249 -0.08394774 -0.01272756 1.00000000 1.00000000 1.00000000
v 0.04462268 -0.19177485 -0.02666137 1.00000000 1.00000000 1.00000000
v -0.27371592 -0.49112467 -0.02547476 1.00000000 1.00000000 1.00000000
v -0.01607953 0.17119480 -0.02666137 1.00000000 1.00000000 1.00000000
v 0.01588326 -0.31597840 -0.02666137 1.00000000 1.00000000 1.00000000
v -0.29982675 -0.45573027 -0.01088288 1.00000000 1.00000000 1.00000000
v -0.19827163 -0.07975374 -0.02666137 1.00000000 1.00000000 1.00000000
v -0.19740561 -0.17850007 -0.02666137 1.00000000 1.00000000 1.00000000
v 0.02726071 -0.18853220 -0.02666137 1.00000000 1.00000000 1.00000000
v -0.25865615 -0.08512315 -0.02557032 1.00000000 1.00000000 1.00000000
v -0.18209515 -0.45763033 -0.02666137 1.00000000 1.00000000 1.00000000
v -0.01971129 0.23208730 -0.02666137 1.00000000 1.00000000 1.00000000
v -0.26350051 -0.21483281 -0.02553429 1.00000000 1.00000000 1.00000000
v 0.15437972 0.05891197 -0.02666137 1.00000000 1.00000000 1.00000000
v 0.07414475 -0.22973952 -0.02666137 1.00000000 1.00000000 1.00000000
v 0.00370936 -0.26585797 -0.02666137 1.00000000 1.00000000 1.00000000
v 0.29706393 -0.51853273 -0.01600374 1.00000000 1.00000000 1.00000000
v -0.09850878 0.11591383 -0.02666137 1.00000000 1.00000000 1.00000000
v -0.02743840 -0.37745838 -0.02666137 1.00000000 1.00000000 1.00000000
v -0.12473434 0.12294878 -0.02666137 1.00000000 1.00000000 1.00000000
v 0.21733938 0.23331576 -0.02355753 1.00000000 1.00000000 1.00000000
v 0.02090588 -0.26054360 -0.02666137 1.00000000 1.00000000 1.00000000
v 0.11345284 -0.16057191 -0.02666137 1.00000000 1.00000000 1.00000000
v 0.23160473 -0.20284038 -0.02666137 1.00000000 1.00000000 1.00000000
v 0.03510102 -0.33156984 -0.02666137 1.00000000 1.00000000 1.00000000
v 0.09646537 -0.09452609 -0.02666137 1.00000000 1.00000000 1.00000000
v -0.08145409 -0.33147254 -0.02666137 1.00000000 1.00000000 1.00000000
v -0.08820492 0.25256545 -0.02658101 1.00000000 1.00000000 1.00000000
v 0.09540487 0.27584982 -0.02172783 1.00000000 1.00000000 1.00000000
v 0.15187572 0.01791146 -0.02666137 1.00000000 1.00000000 1.00000000
v -0.00236366 0.23008726 -0.02666137 1.00000000 1.00000000 1.00000000
v -0.27149560 0.13566522 -0.02666137 1.00000000 1.00000000 1.00000000
v -0.03948333 0.23822322 -0.02666137 1.00000000 1.00000000 1.00000000
v 0.22290365 -0.29390673 -0.02666137 1.00000000 1.00000000 1.00000000
v -0.12876112 -0.25854887 -0.02666137 1.00000000 1.00000000 1.00000000
v -0.20224228 -0.46456142 -0.02666137 1.00000000 1.00000000 1.00000000
v -0.04170947 -0.18288291 -0.02666137 1.00000000 1.00000000 1.00000000
v -0.16764147 -0.12999526 -0.02666137 1.00000000 1.00000000 1.00000000
v -0.00762408 -0.17322294 -0.02666137 1.00000000 1.00000000 1.00000000
v 0.13851004 0.07219613 -0.02666137 1.00000000 1.00000000 1.00000000
v 0.13092516 0.15834512 -0.02666137 1.00000000 1.00000000 1.00000000
v -0.24257937 -0.32025238 -0.02666137 1.00000000 1.00000000 1.00000000
v 0.08688005 -0.22613659 -0.02666137 1.00000000 1.00000000 1.00000000
v -0.22621281 -0.37864215 -0.02666137 1.00000000 1.00000000 1.00000000
v -0.06991104 -0.04574557 -0.02666137 1.00000000 1.00000000 1.00000000
v -0.21910814 0.03354938 -0.02666137 1.00000000 1.00000000 1.00000000
v -0.27154059 0.12034416 -0.02666137 1.00000000 1.00000000 1.00000000
v -0.25756157 0.06410772 -0.02666137 1.00000000 1.00000000 1.00000000
v 0.24319178 0.06701006 -0.02666137 1.00000000 1.00000000 1.00000000
v -0.22437846 -0.20337504 -0.02666137 1.00000000 1.00000000 1.00000000
v -0.06090616 -0.08764330 -0.02666137 1.00000000 1.00000000 1.00000000
v -0.21834450 -0.32840126 -0.02666137 1.00000000 1.00000000 1.00000000
v -0.16850153 -0.28468464 -0.02666137 1.00000000 1.00000000 1.00000000
v 0.24023110 -0.11645012 -0.02666137 1.00000000 1.00000000 1.00000000
v -0.18458682 -0.42512790 -0.02666137 1.00000000 1.00000000 1.00000000
v 0.17757967 0.03987935 -0.02666137 1.00000000 1.00000000 1.00000000
v 0.03185718 -0.31894378 -0.02666137 1.00000000 1.00000000 1.00000000
v -0.09211499 0.01745545 -0.02666137 1.00000000 1.00000000 1.00000000
v -0.04216184 0.25170627 -0.02666137 1.00000000 1.00000000 1.00000000
v -0.10315242 -0.13889490 -0.02666137 1.00000000 1.00000000 1.00000000
v -0.14290538 0.18295208 -0.02666137 1.00000000 1.00000000 1.00000000
v -0.04893655 0.17235699 -0.02666137 1.00000000 1.00000000 1.00000000
v 0.29825322 -0.49344469 -0.01417660 1.00000000 1.00000000 1.00000000
v -0.13155917 -0.16099234 -0.02666137 1.00000000 1.00000000 1.00000000
v -0.00891967 -0.22819216 -0.02666137 1.00000000 1.00000000 1.00000000
v -0.01771096 -0.48448279 -0.02666137 1.00000000 1.00000000 1.00000000
v 0.01368133 -0.35512094 -0.02666137 1.00000000 1.00000000 1.00000000
v -0.28476356 -0.22040520 -0.01723197 1.00000000 1.00000000 1.00000000
v 0.05704698 -0.00868971 -0.02666137 1.00000000 1.00000000 1.00000000
v -0.28768461 -0.27897542 -0.01662863 1.00000000 1.00000000 1.00000000
v 0.27018071 -0.11466806 -0.02278347 1.00000000 1.00000000 1.00000000
v 0.11965856 -0.03133587 -0.02666137 1.00000000 1.00000000 1.00000000
v -0.08863671 0.09215185 -0.02666137 1.00000000 1.00000000 1.00000000
v -0.29312986 -0.39468376 -0.01559529 1.00000000 1.00000000 1.00000000
v 0.00666778 -0.30760807 -0.02666137 1.00000000 1.00000000 1.00000000
v 0.14767637 -0.21322633 -0.02666137 1.00000000 1.00000000 1.00000000
v 0.21357975 0.14269531 -0.02666137 1.00000000 1.00000000 1.00000000
v -0.03520719 0.06768092 -0.02666137 1.00000000 1.00000000 1.00000000
v 0.19611390 -0.11408332 -0.02666137 1.00000000 1.00000000 1.00000000
v -0.24149899 -0.24619097 -0.02666137 1.00000000 1.00000000 1.00000000
v -0.12459522 -0.50079454 -0.02666137 1.00000000 1.00000000 1.00000000
v 0.20899437 -0.37954976 -0.02666137 1.00000000 1.00000000 1.00000000
v 0.01366617 -0.24865607 -0.02666137 1.00000000 1.00000000 1.00000000
v 0.20876294 -0.32712966 -0.02666137 1.00000000 1.00000000 1.00000000
v -0.12828435 -0.21498906 -0.02666137 1.00000000 1.00000000 1.00000000
v 0.06327908 0.09634695 -0.02666137 1.00000000 1.00000000 1.00000000
v -0.13225903 0.17578098 -0.02666137 1.00000000 1.00000000 1.00000000
v 0.19534154 0.24445323 -0.02123112 1.00000000 1.00000000 1.00000000
v 0.00234164 -0.44651905 -0.02666137 1.00000000 1.00000000 1.00000000
v 0.27742012 -0.12604591 -0.01970624 1.00000000 1.00000000 1.00000000
v -0.29396333 -0.32375558 -0.01230165 1.00000000 1.00000000 1.00000000
v 0.12832621 -0.05044851 -0.02666137 1.00000000 1.00000000 1.00000000
v -0.15342654 -0.38815936 -0.02666137 1.00000000 1.00000000 1.00000000
v 0.08609601 -0.31687385 -0.02666137 1.00000000 1.00000000 1.00000000
v -0.18147052 0.19308807 -0.02666137 1.00000000 1.00000000 1.00000000
v 0.03921592 -0.00457882 -0.02666137 1.00000000 1.00000000 1.00000000
v -0.02032834 -0.00908035 -0.02666137 1.00000000 1.00000000 1.00000000
v -0.11204855 -0.19551818 -0.02666137 1.00000000 1.00000000 1.00000000
v 0.03052613 -0.37225091 -0.02666137 1.00000000 1.00000000 1.00000000
v -0.11480140 -0.07207475 -0.02666137 1.00000000 1.00000000 1.00000000
v -0.08516808 -0.36447641 -0.02666137 1.00000000 1.00000000 1.00000000
v 0.20890113 -0.10157618 -0.02666137 1.00000000 1.00000000 1.00000000
v -0.26176741 0.19451545 -0.02666137 1.00000000 1.00000000 1.00000000
v -0.08983796 -0.30822703 -0.02666137 1.00000000 1.00000000 1.00000000
v -0.27094688 0.07574911 -0.02666137 1.00000000 1.00000000 1.00000000
v 0.12883908 -0.16604700 -0.02666137 1.00000000 1.00000000 1.00000000
v -0.02875017 -0.03318831 -0.02666137 1.00000000 1.00000000 1.00000000
v 0.05808625 -0.04432022 -0.02666137 1.00000000 1.00000000 1.00000000
v 0.26335517 0.01606694 -0.02351963 1.00000000 1.00000000 1.00000000
v 0.01408964 -0.19517882 -0.02666137 1.00000000 1.00000000 1.00000000
v 0.01633808 -0.44727084 -0.02666137 1.00000000 1.00000000 1.00000000
v 0.23731237 -0.25492169 -0.02666137 1.00000000 1.00000000 1.00000000
v -0.01401296 -0.32587991 -0.02666137 1.00000000 1.00000000 1.00000000
v 0.10587825 -0.33548739 -0.02666137 1.00000000 1.00000000 1.00000000
v -0.05398477 -0.13089786 -0.02666137 1.00000000 1.00000000 1.00000000
v 0.13537926 -0.08654325 -0.02666137 1.00000000 1.00000000 1.00000000
v 0.17314079 0.08172489 -0.02666137 1.00000000 1.00000000 1.00000000
v -0.04871745 0.00672540 -0.02666137 1.00000000 1.00000000 1.00000000
v 0.00288661 0.13827310 -0.02666137 1.00000000 1.00000000 1.00000000
v 0.26269199 -0.48606256 -0.02662761 1.00000000 1.00000000 1.00000000
v 0.14194463 -0.33960674 -0.02666137 1.00000000 1.00000000 1.00000000
v -0.05087312 -0.19508274 -0.02666137 1.00000000 1.00000000 1.00000000
v -0.01133242 -0.07754829 -0.02666137 1.00000000 1.00000000 1.00000000
v -0.03526685 0.09244649 -0.02666137 1.00000000 1.00000000 1.00000000
v -0.22687109 0.01867409 -0.02666137 1.00000000 1.00000000 1.00000000
v -0.21626680 0.25065359 -0.01422152 1.00000000 1.00000000 1.00000000
v 0.18047691 -0.11678565 -0.02666137 1.00000000 1.00000000 1.00000000
v 0.14707308 0.15142891 -0.02666137 1.00000000 1.00000000 1.00000000
v 0.13846437 0.17212409 -0.02666137 1.00000000 1.00000000 1.00000000
v 0.00061593 -0.12586034 -0.02666137 1.00000000 1.00000000 1.00000000
v 0.09321017 -0.17559367 -0.02666137 1.00000000 1.00000000 1.00000000
v -0.00976523 -0.43315632 -0.02666137 1.00000000 1.00000000 1.00000000
v -0.10468337 -0.20777143 -0.02666137 1.00000000 1.00000000 1.00000000
v -0.19383684 -0.43605935 -0.02666137 1.00000000 1.00000000 1.00000000
v -0.22110150 -0.09559226 -0.02666137 1.00000000 1.00000000 1.00000000
v 0.22723824 -0.12050803 -0.02666137 1.00000000 1.00000000 1.00000000
v 0.25798114 0.23234381 -0.02079745 1.00000000 1.00000000 1.00000000
v -0.10430886 -0.10275550 -0.02666137 1.00000000 1.00000000 1.00000000
v 0.26772062 -0.38656925 -0.02585435 1.00000000 1.00000000 1.00000000
v -0.00355456 -0.33792202 -0.02666137 1.00000000 1.00000000 1.00000000
v -0.15217014 0.16903825 -0.02666137 1.00000000 1.00000000 1.00000000
v -0.14148435 0.21304498 -0.02666137 1.00000000 1.00000000 1.00000000
v 0.10251451 -0.00371619 -0.02666137 1.00000000 1.00000000 1.00000000
v -0.02358976 -0.10294834 -0.02666137 1.00000000 1.00000000 1.00000000
v -0.28577557 -0.32840083 -0.01907525 1.00000000 1.00000000 1.00000000
v -0.16693886 -0.21621947 -0.02666137 1.00000000 1.00000000 1.00000000
v 0.09550170 -0.06879540 -0.02666137 1.00000000 1.00000000 1.00000000
v -0.02026421 -0.08841803 -0.02666137 1.00000000 1.00000000 1.00000000
v 0.20616376 -0.23711298 -0.02666137 1.00000000 1.00000000 1.00000000
v 0.13700010 -0.44960280 -0.02666137 1.00000000 1.00000000 1.00000000
v -0.21745913 -0.42783014 -0.02666137 1.00000000 1.00000000 1.00000000
v 0.21070514 -0.06519332 -0.02666137 1.00000000 1.00000000 1.00000000
v 0.01209760 -0.27572790 -0.02666137 1.00000000 1.00000000 1.00000000
v -0.09484262 -0.50530079 -0.02666137 1.00000000 1.00000000 1.00000000
v -0.26855878 -0.50501391 -0.02628515 1.00000000 1.00000000 1.00000000
v -0.25720411 -0.44762799 -0.02666137 1.00000000 1.00000000 1.00000000
v -0.09023770 -0.23036923 -0.02666137 1.00000000 1.00000000 1.00000000
v 0.14597585 -0.16270283 -0.02666137 1.00000000 1.00000000 1.00000000
v -0.09718032 -0.24237631 -0.02666137 1.00000000 1.00000000 1.00000000
v -0.23103197 0.04953331 -0.02666137 1.00000000 1.00000000 1.00000000
v 0.07036240 -0.49613179 -0.02666137 1.00000000 1.00000000 1.00000000
v 0.03810572 -0.25402623 -0.02666137 1.00000000 1.00000000 1.00000000
v -0.01968265 0.08781812 -0.02666137 1.00000000 1.00000000 1.00000000
v 0.26857488 -0.45699999 -0.02608641 1.00000000 1.00000000 1.00000000
v 0.02358996 -0.28357424 -0.02666137 1.00000000 1.00000000 1.00000000
v -0.03311525 -0.47724286 -0.02666137 1.00000000 1.00000000 1.00000000
v 0.16321059 -0.23767279 -0.02666137 1.00000000 1.00000000 1.00000000
v -0.27557915 -0.00965141 -0.01833350 1.00000000 1.00000000 1.00000000
v 0.02427511 -0.34883169 -0.02666137 1.00000000 1.00000000 1.00000000
v 0.03244595 0.13375344 -0.02666137 1.00000000 1.00000000 1.00000000
v -0.21559491 0.07611147 -0.02666137 1.00000000 1.00000000 1.00000000
v 0.07684119 -0.46165148 -0.02666137 1.00000000 1.00000000 1.00000000
v -0.13150370 -0.33200015 -0.02666137 1.00000000 1.00000000 1.00000000
v -0.09170871 0.17737857 -0.02666137 1.00000000 1.00000000 1.00000000
v 0.07129689 -0.16107468 -0.02666137 1.00000000 1.00000000 1.00000000
v -0.07885444 0.23787781 -0.02666137 1.00000000 1.00000000 1.00000000
v -0.01619652 -0.02498954 -0.02666137 1.00000000 1.00000000 1.00000000
v 0.05332278 0.11100328 -0.02666137 1.00000000 1.00000000 1.00000000
v -0.15283261 0.24186020 -0.02533351 1.00000000 1.00000000 1.00000000
v 0.14403084 -0.30197733 -0.02666137 1.00000000 1.00000000 1.00000000
v -0.03199316 -0.08260090 -0.02666137 1.00000000 1.00000000 1.00000000
v -0.14051600 0.09355633 -0.02666137 1.00000000 1.00000000 1.00000000
v -0.11352629 0.11463221 -0.02666137 1.00000000 1.00000000 1.00000000
v -0.22762728 -0.47891172 -0.02666137 1.00000000 1.00000000 1.00000000
v 0.21838731 0.08366177 -0.02666137 1.00000000 1.00000000 1.00000000
v 0.22445289 -0.33388316 -0.02666137 1.00000000 1.00000000 1.00000000
v 0.22592571 -0.10217296 -0.02666137 1.00000000 1.00000000 1.00000000
v 0.16322311 -0.16154437 -0.02666137 1.00000000 1.00000000 1.00000000
v -0.07449579 0.09866995 -0.02666137 1.00000000 1.00000000 1.00000000
v 0.18668008 -0.50849561 -0.02666137 1.00000000 1.00000000 1.00000000
v -0.20329127 0.06521770 -0.02666137 1.00000000 1.00000000 1.00000000
v -0.02199861 0.00615392 -0.02666137 1.00000000 1.00000000 1.00000000
v 0.07429145 0.11043917 -0.02666137 1.00000000 1.00000000 1.00000000
v -0.11096851 0.20089074 -0.02666137 1.00000000 1.00000000 1.00000000
v -0.21441889 -0.47265175 -0.02666137 1.00000000 1.00000000 1.00000000
v -0.18527578 -0.22325212 -0.02666137 1.00000000 1.00000000 1.00000000
v -0.08352353 0.05877115 -0.02666137 1.00000000 1.00000000 1.00000000
v -0.15050733 -0.50496920 -0.02666137 1.00000000 1.00000000 1.00000000
v -0.15024117 -0.01132091 -0.02666137 1.00000000 1.00000000 1.00000000
v 0.17660828 -0.33181837 -0.02666137 1.00000000 1.00000000 1.00000000
v 0.05178961 -0.14352463 -0.02666137 1.00000000 1.00000000 1.00000000
v 0.11447134 -0.31971398 -0.02666137 1.00000000 1.00000000 1.00000000
v -0.00295808 -0.01835909 -0.02666137 1.00000000 1.00000000 1.00000000
v 0.16890825 -0.44696918 -0.02666137 1.00000000 1.00000000 1.00000000
v -0.08252999 -0.06314021 -0.02666137 1.00000000 1.00000000 1.00000000
v -0.18633739 0.03754916 -0.02666137 1.00000000 1.00000000 1.00000000
v -0.26085683 -0.40672906 -0.02659027 1.00000000 1.00000000 1.00000000
v -0.07951368 -0.31467480 -0.02666137 1.00000000 1.00000000 1.00000000
v -0.07785989 0.16450622 -0.02666137 1.00000000 1.00000000 1.00000000
v 0.27156784 -0.41543019 -0.02536796 1.00000000 1.00000000 1.00000000
v 0.11229935 -0.19600487 -0.02666137 1.00000000 1.00000000 1.00000000
v 0.24046733 -0.22959204 -0.02666137 1.00000000 1.00000000 1.00000000
v 0.28986855 -0.48347819 -0.01989439 1.00000000 1.00000000 1.00000000
v 0.24548946 0.01756771 -0.02659791 1.00000000 1.00000000 1.00000000
v -0.22017139 0.13330354 -0.02666137 1.00000000 1.00000000 1.00000000
v -0.23531676 0.13106734 -0.02666137 1.00000000 1.00000000 1.00000000
v 0.01785141 0.17309971 -0.02666137 1.00000000 1.00000000 1.00000000
v 0.00095795 -0.32402276 -0.02666137 1.00000000 1.00000000 1.00000000
v -0.02714690 -0.31709853 -0.02666137 1.00000000 1.00000000 1.00000000
v -0.19601325 -0.34405758 -0.02666137 1.00000000 1.00000000 1.00000000
v -0.21199063 -0.21510508 -0.02666137 1.00000000 1.00000000 1.00000000
v -0.01587616 -0.31126598 -0.02666137 1.00000000 1.00000000 1.00000000
v -0.16141868 0.15423743 -0.02666137 1.00000000 1.00000000 1.00000000
v -0.04077385 -0.13516367 -0.02666137 1.00000000 1.00000000 1.00000000
v -0.04183646 0.02978386 -0.02666137 1.00000000 1.00000000 1.00000000
v -0.13635300 -0.28538667 -0.02666137 1.00000000 1.00000000 1.00000000
v -0.10245659 -0.28388605 -0.02666137 1.00000000 1.00000000 1.00000000
v -0.26513989 -0.43365595 -0.02636819 1.00000000 1.00000000 1.00000000
v -0.19422175 0.12876519 -0.02666137 1.00000000 1.00000000 1.00000000
v 0.27397737 0.06357548 -0.02659476 1.00000000 1.00000000 1.00000000
v 0.00301237 -0.11403085 -0.02666137 1.00000000 1.00000000 1.00000000
v -0.29935845 -0.43875277 -0.01069324 1.00000000 1.00000000 1.00000000
v 0.06617422 -0.11171115 -0.02666137 1.00000000 1.00000000 1.00000000
v 0.10197582 -0.18715929 -0.02666137 1.00000000 1.00000000 1.00000000
v 0.11793919 -0.35801341 -0.02666137 1.00000000 1.00000000 1.00000000
v 0.10205928 -0.22150412 -0.02666137 1.00000000 1.00000000 1.00000000
v -0.27022852 -0.18752115 -0.02365113 1.00000000 1.00000000 1.00000000
v 0.03472003 0.21841276 -0.02666137 1.00000000 1.00000000 1.00000000
v 0.09660919 -0.36317403 -0.02666137 1.00000000 1.00000000 1.00000000
v 0.01429229 0.23011282 -0.02666137 1.00000000 1.00000000 1.00000000
v -0.15068241 -0.45265191 -0.02666137 1.00000000 1.00000000 1.00000000
v -0.22675482 0.14882440 -0.02666137 1.00000000 1.00000000 1.00000000
v 0.28350775 -0.18435632 -0.01720732 1.00000000 1.00000000 1.00000000
v 0.03020734 -0.43562195 -0.02666137 1.00000000 1.00000000 1.00000000
v 0.10245197 0.18723798 -0.02666137 1.00000000 1.00000000 1.00000000
v 0.03985537 -0.15553920 -0.02666137 1.00000000 1.00000000 1.00000000
v 0.05281260 0.03712440 -0.02666137 1.00000000 1.00000000 1.00000000
v -0.23623732 -0.11877966 -0.02666137 1.00000000 1.00000000 1.00000000
v 0.09300043 0.10752280 -0.02666137 1.00000000 1.00000000 1.00000000
v 0.13716603 -0.03484619 -0.02666137 1.00000000 1.00000000 1.00000000
v -0.03134658 -0.28103152 -0.02666137 1.00000000 1.00000000 1.00000000
v 0.16700370 -0.47251820 -0.02666137 1.00000000 1.00000000 1.00000000
v 0.03308893 0.15073372 -0.02666137 1.00000000 1.00000000 1.00000000
v 0.27204123 0.24024291 -0.01372136 1.00000000 1.00000000 1.00000000
v -0.01586001 0.04311261 -0.02666137 1.00000000 1.00000000 1.00000000
v 0.20747308 -0.36423829 -0.02666137 1.00000000 1.00000000 1.00000000
v -0.18298116 0.21146091 -0.02666137 1.00000000 1.00000000 1.00000000
v -0.10800847 0.22140915 -0.02666137 1.00000000 1.00000000 1.00000000
v -0.17777388 -0.11296824 -0.02666137 1.00000000 1.00000000 1.00000000
v 0.00498642 -0.05164081 -0.02666137 1.00000000 1.00000000 1.00000000
v -0.05912047 -0.45238499 -0.02666137 1.00000000 1.00000000 1.00000000
v -0.05266139 -0.44035577 -0.02666137 1.00000000 1.00000000 1.00000000
v -0.20739413 0.01862829 -0.02666137 1.00000000 1.00000000 1.00000000
v 0.23533395 -0.13586399 -0.02666137 1.00000000 1.00000000 1.00000000
v 0.28016381 -0.00285993 -0.01467017 1.00000000 1.00000000 1.00000000
v -0.11299510 -0.15075473 -0.02666137 1.00000000 1.00000000 1.00000000
v 0.05895563 -0.16186179 -0.02666137 1.00000000 1.00000000 1.00000000
v -0.09762228 0.23629035 -0.02666137 1.00000000 1.00000000 1.00000000
v -0.04690779 -0.09176712 -0.02666137 1.00000000 1.00000000 1.00000000
v -0.01654083 -0.05970885 -0.02666137 1.00000000 1.00000000 1.00000000
v 0.23371723 -0.28111921 -0.02666137 1.00000000 1.00000000 1.00000000
v 0.14260438 -0.37983020 -0.02666137 1.00000000 1.00000000 1.00000000
v -0.05552828 0.25233586 -0.02666137 1.00000000 1.00000000 1.00000000
v -0.03219567 -0.14550327 -0.02666137 1.00000000 1.00000000 1.00000000
v 0.21653793 -0.13300087 -0.02666137 1.00000000 1.00000000 1.00000000
v 0.00938219 -0.34311865 -0.02666137 1.00000000 1.00000000 1.00000000
v 0.13483345 -0.12644816 -0.02666137 1.00000000 1.00000000 1.00000000
v 0.24097446 0.20675454 -0.02666137 1.00000000 1.00000000 1.00000000
v 0.27778974 0.20780496 -0.02632886 1.00000000 1.00000000 1.00000000
v 0.08693378 0.26453092 -0.02568394 1.00000000 1.00000000 1.00000000
v -0.26210271 -0.10165065 -0.02499908 1.00000000 1.00000000 1.00000000
v -0.00795435 -0.46119025 -0.02666137 1.00000000 1.00000000 1.00000000
v 0.17012365 0.26635697 -0.00853501 1.00000000 1.00000000 1.00000000
v -0.07456458 -0.23084369 -0.02666137 1.00000000 1.00000000 1.00000000
v 0.13086377 0.23949563 -0.02645776 1.00000000 1.00000000 1.00000000
v -0.15267902 0.08402474 -0.02666137 1.00000000 1.00000000 1.00000000
v -0.22724739 0.25145548 -0.01074678 1.00000000 1.00000000 1.00000000
v -0.10268606 -0.04080716 -0.02666137 1.00000000 1.00000000 1.00000000
v 0.18438164 -0.03753678 -0.02666137 1.00000000 1.00000000 1.00000000
v -0.18180984 -0.14330924 -0.02666137 1.00000000 1.00000000 1.00000000
v -0.26853499 -0.47769900 -0.02618120 1.00000000 1.00000000 1.00000000
v 0.02108029 -0.38198863 -0.02666137 1.00000000 1.00000000 1.00000000
v -0.18521270 -0.33124498 -0.02666137 1.00000000 1.00000000 1.00000000
v -0.04049418 -0.04683301 -0.02666137 1.00000000 1.00000000 1.00000000
v 0.25072176 0.17364728 -0.02666137 1.00000000 1.00000000 1.00000000
v -0.23380585 -0.19043450 -0.02666137 1.00000000 1.00000000 1.00000000
v -0.07746547 -0.42600678 -0.02666137 1.00000000 1.00000000 1.00000000
v 0.14722799 -0.14324966 -0.02666137 1.00000000 1.00000000 1.00000000
v -0.25684084 0.13734199 -0.02666137 1.00000000 1.00000000 1.00000000
v 0.23399504 -0.37572090 -0.02666137 1.00000000 1.00000000 1.00000000
v -0.24257822 -0.50940048 -0.02666137 1.00000000 1.00000000 1.00000000
v -0.03769062 0.20758217 -0.02666137 1.00000000 1.00000000 1.00000000
v -0.14741911 -0.34427851 -0.02666137 1.00000000 1.00000000 1.00000000
v 0.03572355 0.16927599 -0.02666137 1.00000000 1.00000000 1.00000000
v 0.24142824 -0.32340403 -0.02666137 1.00000000 1.00000000 1.00000000
v 0.12084912 -0.41353057 -0.02666137 1.00000000 1.00000000 1.00000000
v 0.18941431 -0.46938102 -0.02666137 1.00000000 1.00000000 1.00000000
v 0.19094346 0.06613865 -0.02666137 1.00000000 1.00000000 1.00000000
v -0.04435517 -0.39076444 -0.02666137 1.00000000 1.00000000 1.00000000
v 0.23045823 -0.21719147 -0.02666137 1.00000000 1.00000000 1.00000000
v -0.19009449 0.16446591 -0.02666137 1.00000000 1.00000000 1.00000000
v 0.28304080 -0.07203950 -0.01429773 1.00000000 1.00000000 1.00000000
v 0.09690699 0.16996398 -0.02666137 1.00000000 1.00000000 1.00000000
v -0.24589803 -0.41552907 -0.02666137 1.00000000 1.00000000 1.00000000
v 0.11023722 -0.26366045 -0.02666137 1.00000000 1.00000000 1.00000000
v -0.15393780 -0.13830516 -0.02666137 1.00000000 1.00000000 1.00000000
v -0.16713053 -0.01154239 -0.02666137 1.00000000 1.00000000 1.00000000
v 0.16271762 0.00663476 -0.02666137 1.00000000 1.00000000 1.00000000
v -0.03786470 -0.19682959 -0.02666137 1.00000000 1.00000000 1.00000000
v -0.11965010 -0.46708101 -0.02666137 1.00000000 1.00000000 1.00000000
v -0.22486049 -0.10894747 -0.02666137 1.00000000 1.00000000 1.00000000
v -0.15561174 -0.48603088 -0.02666137 1.00000000 1.00000000 1.00000000
v -0.08166056 -0.21899958 -0.02666137 1.00000000 1.00000000 1.00000000
v 0.23205617 -0.23977274 -0.02666137 1.00000000 1.00000000 1.00000000
v -0.09346585 0.16333795 -0.02666137 1.00000000 1.00000000 1.00000000
v -0.08064266 0.02865639 -0.02666137 1.00000000 1.00000000 1.00000000
v 0.01817019 0.09588644 -0.02666137 1.00000000 1.00000000 1.00000000
v 0.06682075 0.00674814 -0.02666137 1.00000000 1.00000000 1.00000000
v -0.15661287 0.13699401 -0.02666137 1.00000000 1.00000000 1.00000000
v 0.29615294 -0.42506018 -0.01383776 1.00000000 1.00000000 1.00000000
v -0.14311491 0.25439188 -0.02270003 1.00000000 1.00000000 1.00000000
v -0.21485261 0.20825221 -0.02666137 1.00000000 1.00000000 1.00000000
v 0.21475409 -0.49581978 -0.02666137 1.00000000 1.00000000 1.00000000
v 0.19945311 -0.21248708 -0.02666137 1.00000000 1.00000000 1.00000000
v 0.27072130 -0.33706097 -0.02495607 1.00000000 1.00000000 1.00000000
v 0.24686536 -0.35249805 -0.02666137 1.00000000 1.00000000 1.00000000
v 0.12354696 0.18380146 -0.02666137 1.00000000 1.00000000 1.00000000
v -0.18210690 -0.05201413 -0.02666137 1.00000000 1.00000000 1.00000000
v 0.25602125 -0.45144292 -0.02666137 1.00000000 1.00000000 1.00000000
v 0.22718760 0.09712715 -0.02666137 1.00000000 1.00000000 1.00000000
v -0.08828465 -0.03013826 -0.02666137 1.00000000 1.00000000 1.00000000
v 0.20026443 -0.48462714 -0.02666137 1.00000000 1.00000000 1.00000000
v -0.04875567 0.22778834 -0.02666137 1.00000000 1.00000000 1.00000000
v -0.08060472 -0.48854942 -0.02666137 1.00000000 1.00000000 1.00000000
v 0.07418842 -0.21273516 -0.02666137 1.00000000 1.00000000 1.00000000
v 0.12371083 -0.18307014 -0.02666137 1.00000000 1.00000000 1.00000000
v -0.23135266 -0.13219325 -0.02666137 1.00000000 1.00000000 1.00000000
v 0.15168017 -0.41645860 -0.02666137 1.00000000 1.00000000 1.00000000
v -0.23322264 -0.28991874 -0.02666137 1.00000000 1.00000000 1.00000000
v -0.20701713 -0.16574161 -0.02666137 1.00000000 1.00000000 1.00000000
v -0.08525302 -0.04610517 -0.02666137 1.00000000 1.00000000 1.00000000
v -0.28713929 -0.24136305 -0.01600585 1.00000000 1.00000000 1.00000000
v -0.13836718 0.07564685 -0.02666137 1.00000000 1.00000000 1.00000000
v -0.27808398 0.23338982 -0.01827251 1.00000000 1.00000000 1.00000000
v 0.02249414 -0.08976268 -0.02666137 1.00000000 1.00000000 1.00000000
v -0.16758930 -0.39033772 -0.02666137 1.00000000 1.00000000 1.00000000
v -0.00075434 -0.35275134 -0.02666137 1.00000000 1.00000000 1.00000000
v -0.26816432 0.01115522 -0.02180343 1.00000000 1.00000000 1.00000000
v 0.09630877 -0.14710432 -0.02666137 1.00000000 1.00000000 1.00000000
v 0.20928878 -0.18341830 -0.02666137 1.00000000 1.00000000 1.00000000
v 0.01042708 -0.33113322 -0.02666137 1.00000000 1.00000000 1.00000000
v 0.01955105 0.04420758 -0.02666137 1.00000000 1.00000000 1.00000000
v -0.06537046 -0.43286337 -0.02666137 1.00000000 1.00000000 1.00000000
v 0.16813796 -0.25239641 -0.02666137 1.00000000 1.00000000 1.00000000
v 0.10327597 0.11887180 -0.02666137 1.00000000 1.00000000 1.00000000
v 0.27396647 -0.02884475 -0.01969202 1.00000000 1.00000000 1.00000000
v 0.23342074 0.11248138 -0.02666137 1.00000000 1.00000000 1.00000000
v 0.10330902 0.09452651 -0.02666137 1.00000000 1.00000000 1.00000000
v 0.27096607 -0.27901896 -0.02438503 1.00000000 1.00000000 1.00000000
v -0.28267310 -0.09617558 -0.01540234 1.00000000 1.00000000 1.00000000
v 0.05944225 0.13836789 -0.02666137 1.00000000 1.00000000 1.00000000
v 0.25737258 -0.10214366 -0.02587934 1.00000000 1.00000000 1.00000000
v -0.01701532 -0.14735209 -0.02666137 1.00000000 1.00000000 1.00000000
v 0.26839741 0.08934233 -0.02666137 1.00000000 1.00000000 1.00000000
v -0.23972881 -0.00964197 -0.02666137 1.00000000 1.00000000 1.00000000
v -0.11834097 -0.20663219 -0.02666137 1.00000000 1.00000000 1.00000000
v -0.01060107 -0.26174818 -0.02666137 1.00000000 1.00000000 1.00000000
v -0.14434720 -0.49254418 -0.02666137 1.00000000 1.00000000 1.00000000
v 0.00819991 -0.48675136 -0.02666137 1.00000000 1.00000000 1.00000000
v -0.29307210 -0.36204855 -0.01462422 1.00000000 1.00000000 1.00000000
v 0.23890969 -0.34075891 -0.02666137 1.00000000 1.00000000 1.00000000
v -0.27178559 0.05155110 -0.02541580 1.00000000 1.00000000 1.00000000
v 0.14485057 -0.19640652 -0.02666137 1.00000000 1.00000000 1.00000000
v 0.08739857 0.04941328 -0.02666137 1.00000000 1.00000000 1.00000000
v 0.11867965 -0.13019403 -0.02666137 1.00000000 1.00000000 1.00000000
v -0.24781154 -0.02433351 -0.02655909 1.00000000 1.00000000 1.00000000
v -0.25773593 -0.39342845 -0.02665901 1.00000000 1.00000000 1.00000000
v -0.27332849 0.16202157 -0.02666137 1.00000000 1.00000000 1.00000000
v -0.26031220 -0.42085210 -0.02662897 1.00000000 1.00000000 1.00000000
v 0.08410587 -0.12028006 -0.02666137 1.00000000 1.00000000 1.00000000
v -0.01252827 -0.11049200 -0.02666137 1.00000000 1.00000000 1.00000000
v -0.16710129 -0.05174094 -0.02666137 1.00000000 1.00000000 1.00000000
v 0.06332980 0.06358474 -0.02666137 1.00000000 1.00000000 1.00000000
v -0.24304792 -0.45264224 -0.02666137 1.00000000 1.00000000 1.00000000
v 0.22884947 -0.51644226 -0.02666137 1.00000000 1.00000000 1.00000000
v 0.09701339 -0.16162972 -0.02666137 1.00000000 1.00000000 1.00000000
v -0.09076989 -0.15104355 -0.02666137 1.00000000 1.00000000 1.00000000
v 0.29513108 -0.33573218 -0.01140597 1.00000000 1.00000000 1.00000000
v 0.15179911 -0.48389102 -0.02666137 1.00000000 1.00000000 1.00000000
v 0.12063738 -0.08202606 -0.02666137 1.00000000 1.00000000 1.00000000
v 0.19140233 0.16908230 -0.02666137 1.00000000 1.00000000 1.00000000
v 0.08353889 -0.43179182 -0.02666137 1.00000000 1.00000000 1.00000000
v -0.13099668 0.14794330 -0.02666137 1.00000000 1.00000000 1.00000000
v -0.17415158 0.12007683 -0.02666137 1.00000000 1.00000000 1.00000000
v 0.14140079 0.05377657 -0.02666137 1.00000000 1.00000000 1.00000000
v 0.15673148 0.20526977 -0.02666137 1.00000000 1.00000000 1.00000000
v 0.08259855 0.24295328 -0.02666137 1.00000000 1.00000000 1.00000000
v 0.22794748 -0.32009612 -0.02666137 1.00000000 1.00000000 1.00000000
v 0.27888641 0.22868873 -0.02077900 1.00000000 1.00000000 1.00000000
v -0.15753873 -0.43731704 -0.02666137 1.00000000 1.00000000 1.00000000
v -0.10827919 0.06971099 -0.02666137 1.00000000 1.00000000 1.00000000
v 0.08235782 -0.16811976 -0.02666137 1.00000000 1.00000000 1.00000000
v -0.17806118 -0.49399792 -0.02666137 1.00000000 1.00000000 1.00000000
v -0.22360437 -0.08057222 -0.02666137 1.00000000 1.00000000 1.00000000
v 0.23318253 -0.03590429 -0.02666137 1.00000000 1.00000000 1.00000000
v -0.11019823 0.10248532 -0.02666137 1.00000000 1.00000000 1.00000000
v 0.06851559 -0.13008144 -0.02666137 1.00000000 1.00000000 1.00000000
v 0.19529172 0.21249681 -0.02666137 1.00000000 1.00000000 1.00000000
v 0.13379243 -0.27063891 -0.02666137 1.00000000 1.00000000 1.00000000
v -0.15564860 -0.29672722 -0.02666137 1.00000000 1.00000000 1.00000000
v -0.06734002 0.22551214 -0.02666137 1.00000000 1.00000000 1.00000000
v 0.00498443 -0.37612502 -0.02666137 1.00000000 1.00000000 1.00000000
v 0.02792645 0.03379628 -0.02666137 1.00000000 1.00000000 1.00000000
v -0.03424080 0.26343684 -0.02666137 1.00000000 1.00000000 1.00000000
v 0.12178110 -0.34304634 -0.02666137 1.00000000 1.00000000 1.00000000
v -0.09919315 -0.33896795 -0.02666137 1.00000000 1.00000000 1.00000000
v 0.00279515 0.02199972 -0.02666137 1.00000000 1.00000000 1.00000000
v -0.24584273 -0.13028258 -0.02666137 1.00000000 1.00000000 1.00000000
v -0.05529299 -0.18226674 -0.02666137 1.00000000 1.00000000 1.00000000
v 0.03318801 0.18162202 -0.02666137 1.00000000 1.00000000 1.00000000
v -0.05507600 -0.46652619 -0.02666137 1.00000000 1.00000000 1.00000000
v 0.26758070 0.04784558 -0.02526671 1.00000000 1.00000000 1.00000000
v -0.20234162 0.25514233 -0.01286017 1.00000000 1.00000000 1.00000000
v -0.24669531 -0.43396933 -0.02666137 1.00000000 1.00000000 1.00000000
v -0.20769666 0.12294755 -0.02666137 1.00000000 1.00000000 1.00000000
v -0.04966536 0.04489196 -0.02666137 1.00000000 1.00000000 1.00000000
v 0.17628366 -0.26672623 -0.02666137 1.00000000 1.00000000 1.00000000
v -0.12542828 0.09141438 -0.02666137 1.00000000 1.00000000 1.00000000
v 0.12589512 -0.30145040 -0.02666137 1.00000000 1.00000000 1.00000000
v -0.18914256 -0.47154688 -0.02666137 1.00000000 1.00000000 1.00000000
v 0.00656972 -0.20953438 -0.02666137 1.00000000 1.00000000 1.00000000
v 0.05181198 -0.07975673 -0.02666137 1.00000000 1.00000000 1.00000000
v 0.01611295 -0.03580462 -0.02666137 1.00000000 1.00000000 1.00000000
v 0.08083513 -0.19989658 -0.02666137 1.00000000 1.00000000 1.00000000
v 0.20939882 -0.47361184 -0.02666137 1.00000000 1.00000000 1.00000000
v -0.11523583 -0.05545245 -0.02666137 1.00000000 1.00000000 1.00000000
v 0.20740878 0.17227366 -0.02666137 1.00000000 1.00000000 1.00000000
v 0.19280612 0.01556691 -0.02666137 1.00000000 1.00000000 1.00000000
v -0.27940550 -0.34080662 -0.02235624 1.00000000 1.00000000 1.00000000
v 0.22216093 -0.38568788 -0.02666137 1.00000000 1.00000000 1.00000000
v -0.21374572 0.04977796 -0.02666137 1.00000000 1.00000000 1.00000000
v -0.09734437 -0.41158941 -0.02666137 1.00000000 1.00000000 1.00000000
v -0.03480268 -0.12507854 -0.02666137 1.00000000 1.00000000 1.00000000
v -0.00794268 -0.47510090 -0.02666137 1.00000000 1.00000000 1.00000000
v 0.18573607 -0.08477376 -0.02666137 1.00000000 1.00000000 1.00000000
v -0.17976120 0.13391879 -0.02666137 1.00000000 1.00000000 1.00000000
v 0.03625904 0.26638620 -0.02666137 1.00000000 1.00000000 1.00000000
v 0.02489521 0.20429200 -0.02666137 1.00000000 1.00000000 1.00000000
v 0.21056668 0.21620114 -0.02661588 1.00000000 1.00000000 1.00000000
v 0.20389076 0.15564810 -0.02666137 1.00000000 1.00000000 1.00000000
v 0.29711323 -0.45383552 -0.01390670 1.00000000 1.00000000 1.00000000
v 0.13012961 -0.38744647 -0.02666137 1.00000000 1.00000000 1.00000000
v 0.00481480 -0.38708471 -0.02666137 1.00000000 1.00000000 1.00000000
v 0.00526622 -0.22371736 -0.02666137 1.00000000 1.00000000 1.00000000
v -0.15894317 -0.09331600 -0.02666137 1.00000000 1.00000000 1.00000000
v -0.06914418 -0.34500278 -0.02666137 1.00000000 1.00000000 1.00000000
v 0.17900458 -0.39430957 -0.02666137 1.00000000 1.00000000 1.00000000
v 0.22049615 -0.36659507 -0.02666137 1.00000000 1.00000000 1.00000000
v -0.26629691 -0.36530725 -0.02595148 1.00000000 1.00000000 1.00000000
v 0.26408557 0.07302475 -0.02666137 1.00000000 1.00000000 1.00000000
v -0.25795857 -0.25890335 -0.02644548 1.00000000 1.00000000 1.00000000
v 0.01809703 -0.42402930 -0.02666137 1.00000000 1.00000000 1.00000000
v 0.21368158 -0.26565271 -0.02666137 1.00000000 1.00000000 1.00000000
v -0.00645401 0.05776169 -0.02666137 1.00000000 1.00000000 1.00000000
v -0.09735414 -0.07359898 -0.02666137 1.00000000 1.00000000 1.00000000
v 0.18133955 -0.00201171 -0.02666137 1.00000000 1.00000000 1.00000000
v -0.12581099 -0.14338244 -0.02666137 1.00000000 1.00000000 1.00000000
v -0.22089992 -0.39430016 -0.02666137 1.00000000 1.00000000 1.00000000
v -0.20602474 0.19841167 -0.02666137 1.00000000 1.00000000 1.00000000
v 0.06650590 0.18695481 -0.02666137 1.00000000 1.00000000 1.00000000
v 0.08752621 -0.39937971 -0.02666137 1.00000000 1.00000000 1.00000000
v 0.10355708 0.05441528 -0.02666137 1.00000000 1.00000000 1.00000000
v 0.16774996 0.02708340 -0.02666137 1.00000000 1.00000000 1.00000000
v -0.14666963 -0.15440548 -0.02666137 1.00000000 1.00000000 1.00000000
v 0.02223291 0.15953408 -0.02666137 1.00000000 1.00000000 1.00000000
v -0.04133672 0.15297558 -0.02666137 1.00000000 1.00000000 1.00000000
v 0.10337486 -0.49356329 -0.02666137 1.00000000 1.00000000 1.00000000
v -0.25482476 -0.04287942 -0.02594153 1.00000000 1.00000000 1.00000000
v 0.18934623 0.08192593 -0.02666137 1.00000000 1.00000000 1.00000000
v -0.18008971 0.23494517 -0.02529855 1.00000000 1.00000000 1.00000000
v -0.10482638 0.09232075 -0.02666137 1.00000000 1.00000000 1.00000000
v -0.05295113 -0.32617134 -0.02666137 1.00000000 1.00000000 1.00000000
v 0.07105302 -0.28028677 -0.02666137 1.00000000 1.00000000 1.00000000
v -0.00819973 -0.00289759 -0.02666137 1.00000000 1.00000000 1.00000000
v 0.09944210 -0.02151750 -0.02666137 1.00000000 1.00000000 1.00000000
v -0.25713932 -0.24224302 -0.02646230 1.00000000 1.00000000 1.00000000
v -0.12396827 0.22527824 -0.02666137 1.00000000 1.00000000 1.00000000
v 0.00509895 -0.46209937 -0.02666137 1.00000000 1.00000000 1.00000000
v 0.07220382 -0.00919782 -0.02666137 1.00000000 1.00000000 1.00000000
v 0.05212423 0.08389986 -0.02666137 1.00000000 1.00000000 1.00000000
v -0.09035884 -0.42543782 -0.02666137 1.00000000 1.00000000 1.00000000
v -0.19575391 -0.30274127 -0.02666137 1.00000000 1.00000000 1.00000000
v 0.24134106 -0.19090294 -0.02666137 1.00000000 1.00000000 1.00000000
v -0.28682949 -0.38419217 -0.01961345 1.00000000 1.00000000 1.00000000
v -0.27635555 -0.14334893 -0.02058403 1.00000000 1.00000000 1.00000000
v -0.17398636 -0.37847647 -0.02666137 1.00000000 1.00000000 1.00000000
v 0.14592317 0.24237399 -0.02558776 1.00000000 1.00000000 1.00000000
v -0.16307559 -0.33026888 -0.02666137 1.00000000 1.00000000 1.00000000
v -0.08663106 -0.34668419 -0.02666137 1.00000000 1.00000000 1.00000000
v 0.28877065 -0.21899326 -0.01384331 1.00000000 1.00000000 1.00000000
v -0.28565658 -0.02560131 -0.00905211 1.00000000 1.00000000 1.00000000
v -0.28856833 -0.26117710 -0.01541205 1.00000000 1.00000000 1.00000000
v 0.06119103 -0.20993412 -0.02666137 1.00000000 1.00000000 1.00000000
v 0.16604120 -0.42836254 -0.02666137 1.00000000 1.00000000 1.00000000
v 0.16091258 -0.26694824 -0.02666137 1.00000000 1.00000000 1.00000000
v 0.11634122 0.04009949 -0.02666137 1.00000000 1.00000000 1.00000000
v 0.28318604 -0.28937367 -0.01975045 1.00000000 1.00000000 1.00000000
v 0.16462180 -0.10857262 -0.02666137 1.00000000 1.00000000 1.00000000
v -0.24296357 -0.14817263 -0.02666137 1.00000000 1.00000000 1.00000000
v 0.01262013 0.25995977 -0.02666137 1.00000000 1.00000000 1.00000000
v 0.04512047 0.25308833 -0.02666137 1.00000000 1.00000000 1.00000000
v -0.09683134 -0.48233770 -0.02666137 1.00000000 1.00000000 1.00000000
v -0.10030970 -0.44463830 -0.02666137 1.00000000 1.00000000 1.00000000
v 0.21004505 -0.16975466 -0.02666137 1.00000000 1.00000000 1.00000000
v 0.05050697 0.00773016 -0.02666137 1.00000000 1.00000000 1.00000000
v 0.14456986 -0.32169647 -0.02666137 1.00000000 1.00000000 1.00000000
v -0.04652554 -0.33552579 -0.02666137 1.00000000 1.00000000 1.00000000
v 0.02429942 -0.00485363 -0.02666137 1.00000000 1.00000000 1.00000000
v -0.17984203 0.17756662 -0.02666137 1.00000000 1.00000000 1.00000000
v -0.29214738 -0.51668932 -0.01928925 1.00000000 1.00000000 1.00000000
v -0.17376671 0.02770392 -0.02666137 1.00000000 1.00000000 1.00000000
v -0.03043829 -0.11347471 -0.02666137 1.00000000 1.00000000 1.00000000
v -0.04930964 0.06038739 -0.02666137 1.00000000 1.00000000 1.00000000
v -0.14989682 0.04637997 -0.02666137 1.00000000 1.00000000 1.00000000
v 0.09959624 0.03871341 -0.02666137 1.00000000 1.00000000 1.00000000
v -0.05889743 -0.50227900 -0.02666137 1.00000000 1.00000000 1.00000000
v -0.24241321 -0.35053067 -0.02666137 1.00000000 1.00000000 1.00000000
v 0.27358813 0.10286179 -0.02666137 1.00000000 1.00000000 1.00000000
v -0.19851611 0.24230384 -0.02183224 1.00000000 1.00000000 1.00000000
v 0.24834967 -0.36702377 -0.02666137 1.00000000 1.00000000 1.00000000
v -0.21060310 -0.24526597 -0.02666137 1.00000000 1.00000000 1.00000000
v -0.27351050 -0.26878517 -0.02353300 1.00000000 1.00000000 1.00000000
v 0.25391788 0.20914669 -0.02654355 1.00000000 1.00000000 1.00000000
v -0.06173061 -0.20171993 -0.02666137 1.00000000 1.00000000 1.00000000
v 0.07467403 0.21667981 -0.02666137 1.00000000 1.00000000 1.00000000
v 0.16506909 0.21563865 -0.02666137 1.00000000 1.00000000 1.00000000
v -0.13525838 -0.29973922 -0.02666137 1.00000000 1.00000000 1.00000000
v 0.05049584 -0.20390699 -0.02666137 1.00000000 1.00000000 1.00000000
v 0.20218383 0.05041724 -0.02666137 1.00000000 1.00000000 1.00000000
v -0.14387043 -0.39929452 -0.02666137 1.00000000 1.00000000 1.00000000
v 0.22336444 -0.44792562 -0.02666137 1.00000000 1.00000000 1.00000000
v 0.10313957 -0.41195356 -0.02666137 1.00000000 1.00000000 1.00000000
v -0.19930268 -0.50389924 -0.02666137 1.00000000 1.00000000 1.00000000
v -0.02130870 0.19490186 -0.02666137 1.00000000 1.00000000 1.00000000
v 0.21108310 0.10654866 -0.02666137 1.00000000 1.00000000 1.00000000
v 0.30069114 -0.50670980 -0.01209290 1.00000000 1.00000000 1.00000000
v -0.03244888 -0.26948949 -0.02666137 1.00000000 1.00000000 1.00000000
v 0.25879392 -0.26893091 -0.02640719 1.00000000 1.00000000 1.00000000
v -0.11671810 -0.36303656 -0.02666137 1.00000000 1.00000000 1.00000000
v 0.27230711 0.18871426 -0.02666137 1.00000000 1.00000000 1.00000000
v -0.02577945 0.15764210 -0.02666137 1.00000000 1.00000000 1.00000000
v 0.06891767 -0.42954322 -0.02666137 1.00000000 1.00000000 1.00000000
v -0.22655386 0.19430201 -0.02666137 1.00000000 1.00000000 1.00000000
v 0.18488750 0.05242180 -0.02666137 1.00000000 1.00000000 1.00000000
v -0.20726211 -0.10256200 -0.02666137 1.00000000 1.00000000 1.00000000
v 0.20619728 -0.22454394 -0.02666137 1.00000000 1.00000000 1.00000000
v -0.24032698 0.16447523 -0.02666137 1.00000000 1.00000000 1.00000000
v 0.18999828 -0.19752539 -0.02666137 1.00000000 1.00000000 1.00000000
v 0.23297044 0.24070487 -0.01894181 1.00000000 1.00000000 1.00000000
v -0.08795333 -0.16721887 -0.02666137 1.00000000 1.00000000 1.00000000
v -0.26662325 -0.06536249 -0.02340497 1.00000000 1.00000000 1.00000000
v 0.28094263 -0.51739392 -0.02398233 1.00000000 1.00000000 1.00000000
v -0.15175362 -0.17301889 -0.02666137 1.00000000 1.00000000 1.00000000
v 0.03589616 -0.49482658 -0.02666137 1.00000000 1.00000000 1.00000000
v -0.16131607 0.05998175 -0.02666137 1.00000000 1.00000000 1.00000000
v -0.09891444 -0.11431553 -0.02666137 1.00000000 1.00000000 1.00000000
v -0.29551155 -0.46894258 -0.01582352 1.00000000 1.00000000 1.00000000
v 0.09532935 -0.28982846 -0.02666137 1.00000000 1.00000000 1.00000000
v 0.23664815 -0.39161384 -0.02666137 1.00000000 1.00000000 1.00000000
v -0.06377966 -0.33414142 -0.02666137 1.00000000 1.00000000 1.00000000
v 0.10105533 -0.23715432 -0.02666137 1.00000000 1.00000000 1.00000000
v 0.16554950 -0.39844188 -0.02666137 1.00000000 1.00000000 1.00000000
v -0.06883065 0.21064474 -0.02666137 1.00000000 1.00000000 1.00000000
v -0.27486317 -0.44684258 -0.02490776 1.00000000 1.00000000 1.00000000
v 0.23104306 0.07539134 -0.02666137 1.00000000 1.00000000 1.00000000
v 0.24455196 -0.21684019 -0.02666137 1.00000000 1.00000000 1.00000000
v -0.06268737 -0.01576712 -0.02666137 1.00000000 1.00000000 1.00000000
v -0.08078198 0.12749410 -0.02666137 1.00000000 1.00000000 1.00000000
v -0.21811649 -0.02784031 -0.02666137 1.00000000 1.00000000 1.00000000
v 0.20647259 -0.29213592 -0.02666137 1.00000000 1.00000000 1.00000000
v -0.11104282 -0.41688555 -0.02666137 1.00000000 1.00000000 1.00000000
v 0.05659152 -0.37003726 -0.02666137 1.00000000 1.00000000 1.00000000
v 0.05973586 -0.40237792 -0.02666137 1.00000000 1.00000000 1.00000000
v 0.09894825 -0.42955008 -0.02666137 1.00000000 1.00000000 1.00000000
v 0.29737843 -0.36087909 -0.00950636 1.00000000 1.00000000 1.00000000
v 0.22907686 0.18423386 -0.02666137 1.00000000 1.00000000 1.00000000
v 0.23191735 0.13444543 -0.02666137 1.00000000 1.00000000 1.00000000
v 0.20430607 -0.30926331 -0.02666137 1.00000000 1.00000000 1.00000000
v -0.14164399 -0.20963551 -0.02666137 1.00000000 1.00000000 1.00000000
v -0.00944905 -0.09512246 -0.02666137 1.00000000 1.00000000 1.00000000
v -0.05090661 -0.17013873 -0.02666137 1.00000000 1.00000000 1.00000000
v 0.02660001 -0.22130121 -0.02666137 1.00000000 1.00000000 1.00000000
v 0.02229453 0.26742050 -0.02666137 1.00000000 1.00000000 1.00000000
v 0.20578675 -0.44178751 -0.02666137 1.00000000 1.00000000 1.00000000
v 0.20947172 -0.34539687 -0.02666137 1.00000000 1.00000000 1.00000000
v 0.28665812 -0.09965595 -0.01143391 1.00000000 1.00000000 1.00000000
v -0.17589040 -0.33978955 -0.02666137 1.00000000 1.00000000 1.00000000
v -0.06424489 -0.23875050 -0.02666137 1.00000000 1.00000000 1.00000000
v 0.06218616 0.20042630 -0.02666137 1.00000000 1.00000000 1.00000000
v -0.21869344 0.23249047 -0.02372374 1.00000000 1.00000000 1.00000000
v 0.18613097 -0.06147746 -0.02666137 1.00000000 1.00000000 1.00000000
v -0.21180397 -0.37855681 -0.02666137 1.00000000 1.00000000 1.00000000
v 0.05445225 -0.24643104 -0.02666137 1.00000000 1.00000000 1.00000000
v -0.00443305 -0.31298622 -0.02666137 1.00000000 1.00000000 1.00000000
v -0.08964194 -0.27733458 -0.02666137 1.00000000 1.00000000 1.00000000
v -0.13002721 -0.43662783 -0.02666137 1.00000000 1.00000000 1.00000000
v -0.22450562 -0.01152001 -0.02666137 1.00000000 1.00000000 1.00000000
v 0.20920232 -0.45188439 -0.02666137 1.00000000 1.00000000 1.00000000
v -0.25085114 -0.05706106 -0.02643629 1.00000000 1.00000000 1.00000000
v 0.21802499 -0.30995097 -0.02666137 1.00000000 1.00000000 1.00000000
v -0.12608020 0.10636820 -0.02666137 1.00000000 1.00000000 1.00000000
v 0.08773693 -0.05596221 -0.02666137 1.00000000 1.00000000 1.00000000
v -0.07337357 -0.02979784 -0.02666137 1.00000000 1.00000000 1.00000000
v -0.29207593 -0.41689901 -0.01703225 1.00000000 1.00000000 1.00000000
v -0.11473551 -0.22002209 -0.02666137 1.00000000 1.00000000 1.00000000
v 0.08719648 -0.10608635 -0.02666137 1.00000000 1.00000000 1.00000000
v 0.09521102 0.25763136 -0.02577044 1.00000000 1.00000000 1.00000000
v -0.17033457 0.16634057 -0.02666137 1.00000000 1.00000000 1.00000000
v 0.00420434 0.21538102 -0.02666137 1.00000000 1.00000000 1.00000000
v 0.00198998 0.09298851 -0.02666137 1.00000000 1.00000000 1.00000000
v 0.01489700 -0.06958048 -0.02666137 1.00000000 1.00000000 1.00000000
v -0.25418178 -0.31707315 -0.02666137 1.00000000 1.00000000 1.00000000
v -0.24893298 -0.09385561 -0.02661855 1.00000000 1.00000000 1.00000000
v 0.29654751 -0.40785552 -0.01278288 1.00000000 1.00000000 1.00000000
v -0.10008791 -0.35833936 -0.02666137 1.00000000 1.00000000 1.00000000
v -0.02066481 -0.23678869 -0.02666137 1.00000000 1.00000000 1.00000000
v 0.06088369 0.25905535 -0.02666137 1.00000000 1.00000000 1.00000000
v 0.22558608 -0.50577892 -0.02666137 1.00000000 1.00000000 1.00000000
v 0.19492173 0.11712541 -0.02666137 1.00000000 1.00000000 1.00000000
v 0.09002517 0.02593127 -0.02666137 1.00000000 1.00000000 1.00000000
v -0.02292495 -0.44115773 -0.02666137 1.00000000 1.00000000 1.00000000
v 0.03459423 -0.46186642 -0.02666137 1.00000000 1.00000000 1.00000000
v 0.16423879 0.25855474 -0.01783901 1.00000000 1.00000000 1.00000000
v -0.26743376 -0.30247830 -0.02538554 1.00000000 1.00000000 1.00000000
v -0.08059686 -0.26488864 -0.02666137 1.00000000 1.00000000 1.00000000
v -0.25448027 -0.49665528 -0.02666137 1.00000000 1.00000000 1.00000000
v -0.13675185 0.16308158 -0.02666137 1.00000000 1.00000000 1.00000000
v -0.29488718 -0.40599508 -0.01439990 1.00000000 1.00000000 1.00000000
v -0.00689693 -0.21513244 -0.02666137 1.00000000 1.00000000 1.00000000
v 0.18963805 0.10030725 -0.02666137 1.00000000 1.00000000 1.00000000
v -0.02174469 -0.26804551 -0.02666137 1.00000000 1.00000000 1.00000000
v -0.02681512 -0.33377505 -0.02666137 1.00000000 1.00000000 1.00000000
v -0.09187227 -0.46915886 -0.02666137 1.00000000 1.00000000 1.00000000
v 0.01669999 0.12503030 -0.02666137 1.00000000 1.00000000 1.00000000
v -0.21587564 -0.45409761 -0.02666137 1.00000000 1.00000000 1.00000000
v -0.09770669 -0.19684694 -0.02666137 1.00000000 1.00000000 1.00000000
v -0.27600352 -0.39605072 -0.02415303 1.00000000 1.00000000 1.00000000
v 0.27970200 -0.43042963 -0.02340161 1.00000000 1.00000000 1.00000000
v 0.24487019 0.22605447 -0.02405439 1.00000000 1.00000000 1.00000000
v 0.09149824 0.06552872 -0.02666137 1.00000000 1.00000000 1.00000000
v 0.20698120 -0.42901819 -0.02666137 1.00000000 1.00000000 1.00000000
v -0.14358483 0.14063911 -0.02666137 1.00000000 1.00000000 1.00000000
v -0.14713525 -0.46498220 -0.02666137 1.00000000 1.00000000 1.00000000
v 0.05863579 -0.23377352 -0.02666137 1.00000000 1.00000000 1.00000000
v 0.22696690 -0.43457048 -0.02666137 1.00000000 1.00000000 1.00000000
v -0.15335282 0.19164069 -0.02666137 1.00000000 1.00000000 1.00000000
v -0.11723392 0.05767791 -0.02666137 1.00000000 1.00000000 1.00000000
v 0.07390903 0.15131754 -0.02666137 1.00000000 1.00000000 1.00000000
v 0.08814336 -0.27690797 -0.02666137 1.00000000 1.00000000 1.00000000
v -0.05416574 -0.29485459 -0.02666137 1.00000000 1.00000000 1.00000000
v -0.07595013 -0.16602939 -0.02666137 1.00000000 1.00000000 1.00000000
v 0.24922190 -0.39620603 -0.02666137 1.00000000 1.00000000 1.00000000
v 0.00909459 0.08238932 -0.02666137 1.00000000 1.00000000 1.00000000
v -0.26803105 -0.05232309 -0.02275336 1.00000000 1.00000000 1.00000000
v -0.06417672 -0.30543657 -0.02666137 1.00000000 1.00000000 1.00000000
v -0.04554352 0.26759195 -0.02666137 1.00000000 1.00000000 1.00000000
v -0.05651810 -0.31477975 -0.02666137 1.00000000 1.00000000 1.00000000
v 0.26793431 -0.04085628 -0.02263698 1.00000000 1.00000000 1.00000000
v -0.08839312 -0.39443200 -0.02666137 1.00000000 1.00000000 1.00000000
v 0.09774226 -0.46225666 -0.02666137 1.00000000 1.00000000 1.00000000
v 0.04738705 -0.31943964 -0.02666137 1.00000000 1.00000000 1.00000000
v -0.12845252 -0.31678688 -0.02666137 1.00000000 1.00000000 1.00000000
v 0.18647296 0.25672050 -0.01496451 1.00000000 1.00000000 1.00000000
v 0.07454215 0.25329681 -0.02666137 1.00000000 1.00000000 1.00000000
v 0.21948810 -0.42526706 -0.02666137 1.00000000 1.00000000 1.00000000
v -0.16340155 -0.11200562 -0.02666137 1.00000000 1.00000000 1.00000000
v -0.04934780 -0.21165117 -0.02666137 1.00000000 1.00000000 1.00000000
v 0.27856073 -0.47679496 -0.02424575 1.00000000 1.00000000 1.00000000
v 0.06545641 -0.14618474 -0.02666137 1.00000000 1.00000000 1.00000000
v 0.06055079 -0.48539220 -0.02666137 1.00000000 1.00000000 1.00000000
v 0.24723173 -0.46546521 -0.02666137 1.00000000 1.00000000 1.00000000
v -0.09769001 -0.17563455 -0.02666137 1.00000000 1.00000000 1.00000000
v 0.17054885 0.24444695 -0.02351494 1.00000000 1.00000000 1.00000000
v -0.12958032 -0.34693833 -0.02666137 1.00000000 1.00000000 1.00000000
v -0.04545256 -0.30330276 -0.02666137 1.00000000 1.00000000 1.00000000
v 0.04726521 0.23595202 -0.02666137 1.00000000 1.00000000 1.00000000
v 0.00674356 -0.49813521 -0.02666137 1.00000000 1.00000000 1.00000000
v 0.27665642 0.17271326 -0.02666137 1.00000000 1.00000000 1.00000000
v -0.10275865 0.14304759 -0.02666137 1.00000000 1.00000000 1.00000000
v -0.19287307 -0.09655501 -0.02666137 1.00000000 1.00000000 1.00000000
v -0.22562914 -0.35118418 -0.02666137 1.00000000 1.00000000 1.00000000
v -0.05923705 -0.47985494 -0.02666137 1.00000000 1.00000000 1.00000000
v -0.07916661 -0.46562322 -0.02666137 1.00000000 1.00000000 1.00000000
v -0.07051287 -0.45647021 -0.02666137 1.00000000 1.00000000 1.00000000
v -0.11535811 -0.16788768 -0.02666137 1.00000000 1.00000000 1.00000000
v -0.03254661 -0.46267533 -0.02666137 1.00000000 1.00000000 1.00000000
v 0.10060596 -0.31252746 -0.02666137 1.00000000 1.00000000 1.00000000
v -0.02523433 0.12298390 -0.02666137 1.00000000 1.00000000 1.00000000
v 0.08630753 0.12430287 -0.02666137 1.00000000 1.00000000 1.00000000
v -0.07795108 -0.12723515 -0.02666137 1.00000000 1.00000000 1.00000000
v -0.02754760 0.01938823 -0.02666137 1.00000000 1.00000000 1.00000000
v 0.04910284 -0.41402269 -0.02666137 1.00000000 1.00000000 1.00000000
v 0.10760942 0.25490794 -0.02546360 1.00000000 1.00000000 1.00000000
v 0.06368280 -0.19602018 -0.02666137 1.00000000 1.00000000 1.00000000
v -0.25559478 -0.00886091 -0.02562834 1.00000000 1.00000000 1.00000000
v -0.03240715 -0.25723328 -0.02666137 1.00000000 1.00000000 1.00000000
v 0.05179222 -0.42965705 -0.02666137 1.00000000 1.00000000 1.00000000
v -0.09449575 -0.00996318 -0.02666137 1.00000000 1.00000000 1.00000000
v -0.25795466 -0.34976552 -0.02662318 1.00000000 1.00000000 1.00000000
v 0.09853421 -0.32506140 -0.02666137 1.00000000 1.00000000 1.00000000
v -0.16243476 -0.34852912 -0.02666137 1.00000000 1.00000000 1.00000000
v 0.19091319 -0.26416962 -0.02666137 1.00000000 1.00000000 1.00000000
v 0.27593027 -0.21059629 -0.02187599 1.00000000 1.00000000 1.00000000
v -0.04713556 -0.02180281 -0.02666137 1.00000000 1.00000000 1.00000000
v -0.07276325 -0.44402225 -0.02666137 1.00000000 1.00000000 1.00000000
v 0.03206322 -0.47890419 -0.02666137 1.00000000 1.00000000 1.00000000
v 0.06243816 -0.32926959 -0.02666137 1.00000000 1.00000000 1.00000000
v 0.17049876 -0.36526635 -0.02666137 1.00000000 1.00000000 1.00000000
v 0.26216765 -0.49811309 -0.02665036 1.00000000 1.00000000 1.00000000
v 0.03619339 -0.38916055 -0.02666137 1.00000000 1.00000000 1.00000000
v 0.00025657 -0.03368500 -0.02666137 1.00000000 1.00000000 1.00000000
v -0.05643484 -0.11551056 -0.02666137 1.00000000 1.00000000 1.00000000
v 0.09957359 -0.39524672 -0.02666137 1.00000000 1.00000000 1.00000000
v -0.15882239 0.03230941 -0.02666137 1.00000000 1.00000000 1.00000000
v 0.14481260 0.13218971 -0.02666137 1.00000000 1.00000000 1.00000000
v -0.20719234 -0.19890172 -0.02666137 1.00000000 1.00000000 1.00000000
v -0.14207208 -0.25215525 -0.02666137 1.00000000 1.00000000 1.00000000
v -0.25932712 0.11136444 -0.02666137 1.00000000 1.00000000 1.00000000
v -0.27679942 -0.32369609 -0.02309142 1.00000000 1.00000000 1.00000000
v -0.02317012 -0.36471381 -0.02666137 1.00000000 1.00000000 1.00000000
v 0.25117372 -0.50081806 -0.02666137 1.00000000 1.00000000 1.00000000
v 0.19184965 -0.31993809 -0.02666137 1.00000000 1.00000000 1.00000000
v -0.21746792 -0.49171447 -0.02666137 1.00000000 1.00000000 1.00000000
v 0.08687868 -0.00310528 -0.02666137 1.00000000 1.00000000 1.00000000
v 0.20195582 -0.14673755 -0.02666137 1.00000000 1.00000000 1.00000000
v 0.22076833 0.17441412 -0.02666137 1.00000000 1.00000000 1.00000000
v 0.02938434 -0.10783303 -0.02666137 1.00000000 1.00000000 1.00000000
v -0.05324442 -0.37572847 -0.02666137 1.00000000 1.00000000 1.00000000
v 0.08029029 0.03684038 -0.02666137 1.00000000 1.00000000 1.00000000
v -0.22929716 -0.50239871 -0.02666137 1.00000000 1.00000000 1.00000000
v -0.11584828 -0.02358251 -0.02666137 1.00000000 1.00000000 1.00000000
v -0.05381705 -0.10257444 -0.02666137 1.00000000 1.00000000 1.00000000
v -0.23272657 -0.33731007 -0.02666137 1.00000000 1.00000000 1.00000000
v -0.06925058 0.15121873 -0.02666137 1.00000000 1.00000000 1.00000000
v 0.22239493 -0.14520707 -0.02666137 1.00000000 1.00000000 1.00000000
v -0.14372839 -0.19039899 -0.02666137 1.00000000 1.00000000 1.00000000
v 0.18272509 0.24144311 -0.02349914 1.00000000 1.00000000 1.00000000
v -0.01213370 -0.27597676 -0.02666137 1.00000000 1.00000000 1.00000000
v 0.25772929 0.24477424 -0.01159321 1.00000000 1.00000000 1.00000000
v 0.25131086 0.14130791 -0.02666137 1.00000000 1.00000000 1.00000000
v 0.06248159 0.27119826 -0.02666137 1.00000000 1.00000000 1.00000000
v 0.22140474 -0.22732336 -0.02666137 1.00000000 1.00000000 1.00000000
v -0.01425007 0.02676748 -0.02666137 1.00000000 1.00000000 1.00000000
v 0.06325865 -0.22200654 -0.02666137 1.00000000 1.00000000 1.00000000
v 0.28782599 -0.23685444 -0.01530245 1.00000000 1.00000000 1.00000000
v 0.00226830 0.17428332 -0.02666137 1.00000000 1.00000000 1.00000000
v 0.04148642 -0.36193510 -0.02666137 1.00000000 1.00000000 1.00000000
v -0.21073134 -0.26475575 -0.02666137 1.00000000 1.00000000 1.00000000
v -0.12607755 -0.37494769 -0.02666137 1.00000000 1.00000000 1.00000000
v 0.12843683 -0.24162448 -0.02666137 1.00000000 1.00000000 1.00000000
v -0.15427501 0.20545888 -0.02666137 1.00000000 1.00000000 1.00000000
v 0.27426463 0.13930382 -0.02666137 1.00000000 1.00000000 1.00000000
v -0.24838450 -0.33429154 -0.02666137 1.00000000 1.00000000 1.00000000
v 0.13556476 -0.22544267 -0.02666137 1.00000000 1.00000000 1.00000000
v 0.14412017 -0.50118969 -0.02666137 1.00000000 1.00000000 1.00000000
v 0.03685703 -0.22837163 -0.02666137 1.00000000 1.00000000 1.00000000
v 0.20128775 -0.40338953 -0.02666137 1.00000000 1.00000000 1.00000000
v -0.03170060 -0.40611394 -0.02666137 1.00000000 1.00000000 1.00000000
v 0.06502670 -0.29567049 -0.02666137 1.00000000 1.00000000 1.00000000
v -0.28136451 -0.11624124 -0.01699493 1.00000000 1.00000000 1.00000000
v 0.15518506 -0.45928875 -0.02666137 1.00000000 1.00000000 1.00000000
v 0.09184717 -0.37846213 -0.02666137 1.00000000 1.00000000 1.00000000
v -0.27609631 -0.02664028 -0.01839114 1.00000000 1.00000000 1.00000000
v 0.19015964 -0.39979312 -0.02666137 1.00000000 1.00000000 1.00000000
v 0.03179917 -0.07663293 -0.02666137 1.00000000 1.00000000 1.00000000
v 0.23695002 -0.43936455 -0.02666137 1.00000000 1.00000000 1.00000000
v 0.28715593 -0.27187358 -0.01683352 1.00000000 1.00000000 1.00000000
v -0.03851374 0.01329194 -0.02666137 1.00000000 1.00000000 1.00000000
v 0.03891167 -0.21233351 -0.02666137 1.00000000 1.00000000 1.00000000
v 0.17048361 -0.28052787 -0.02666137 1.00000000 1.00000000 1.00000000
v 0.13254547 -0.40117058 -0.02666137 1.00000000 1.00000000 1.00000000
v 0.19427458 -0.41358346 -0.02666137 1.00000000 1.00000000 1.00000000
v 0.10365475 0.20369233 -0.02666137 1.00000000 1.00000000 1.00000000
v -0.29271063 -0.34931922 -0.01453743 1.00000000 1.00000000 1.00000000
v -0.23191257 0.07822124 -0.02666137 1.00000000 1.00000000 1.00000000
v -0.05121037 -0.49388706 -0.02666137 1.00000000 1.00000000 1.00000000
v -0.05169921 0.14276734 -0.02666137 1.00000000 1.00000000 1.00000000
v 0.01828374 0.21553737 -0.02666137 1.00000000 1.00000000 1.00000000
v 0.16482142 0.18142093 -0.02666137 1.00000000 1.00000000 1.00000000
v 0.09960968 0.22644474 -0.02666137 1.00000000 1.00000000 1.00000000
v 0.02291942 0.08056719 -0.02666137 1.00000000 1.00000000 1.00000000
v -0.27102912 0.03463669 -0.02170457 1.00000000 1.00000000 1.00000000
v 0.01506231 -0.01971274 -0.02666137 1.00000000 1.00000000 1.00000000
v 0.29128540 -0.35003132 -0.01579852 1.00000000 1.00000000 1.00000000
v -0.18263408 -0.30698551 -0.02666137 1.00000000 1.00000000 1.00000000
v -0.20182476 -0.40726794 -0.02666137 1.00000000 1.00000000 1.00000000
v 0.22531500 -0.41379928 -0.02666137 1.00000000 1.00000000 1.00000000
v -0.02640211 0.24699079 -0.02666137 1.00000000 1.00000000 1.00000000
v -0.03273874 -0.01733408 -0.02666137 1.00000000 1.00000000 1.00000000
v -0.12082561 0.15797151 -0.02666137 1.00000000 1.00000000 1.00000000
v -0.05137821 0.12031757 -0.02666137 1.00000000 1.00000000 1.00000000
v -0.00123705 0.26530173 -0.02666137 1.00000000 1.00000000 1.00000000
v -0.28216599 -0.37037132 -0.02165630 1.00000000 1.00000000 1.00000000
v 0.17331733 0.22769913 -0.02646881 1.00000000 1.00000000 1.00000000
v -0.23410458 -0.39215405 -0.02666137 1.00000000 1.00000000 1.00000000
v -0.28396059 -0.01381760 -0.01094559 1.00000000 1.00000000 1.00000000
v 0.08008643 -0.29094906 -0.02666137 1.00000000 1.00000000 1.00000000
v -0.21895936 -0.12430311 -0.02666137 1.00000000 1.00000000 1.00000000
v -0.23288894 -0.02650980 -0.02666137 1.00000000 1.00000000 1.00000000
v -0.23060115 0.20664774 -0.02666137 1.00000000 1.00000000 1.00000000
v 0.12396084 0.26950831 -0.01836729 1.00000000 1.00000000 1.00000000
v 0.14703943 -0.26717403 -0.02666137 1.00000000 1.00000000 1.00000000
v 0.15908973 -0.02753477 -0.02666137 1.00000000 1.00000000 1.00000000
v 0.22766525 0.03578814 -0.02666137 1.00000000 1.00000000 1.00000000
v -0.03334348 -0.23808709 -0.02666137 1.00000000 1.00000000 1.00000000
v -0.25735742 0.15725089 -0.02666137 1.00000000 1.00000000 1.00000000
v -0.06712893 0.12383987 -0.02666137 1.00000000 1.00000000 1.00000000
v 0.22058820 -0.04869831 -0.02666137 1.00000000 1.00000000 1.00000000
v 0.02726604 0.10765233 -0.02666137 1.00000000 1.00000000 1.00000000
v 0.04976357 0.19134613 -0.02666137 1.00000000 1.00000000 1.00000000
v 0.25333211 0.05647710 -0.02666137 1.00000000 1.00000000 1.00000000
v 0.00550158 0.15749414 -0.02666137 1.00000000 1.00000000 1.00000000
v 0.20116848 -0.27627149 -0.02666137 1.00000000 1.00000000 1.00000000
v 0.30011792 -0.47876824 -0.01157418 1.00000000 1.00000000 1.00000000
v 0.07995467 0.01365620 -0.02666137 1.00000000 1.00000000 1.00000000
v -0.10660579 0.02630086 -0.02666137 1.00000000 1.00000000 1.00000000
v 0.12349847 0.20946611 -0.02666137 1.00000000 1.00000000 1.00000000
v 0.01743783 -0.36929011 -0.02666137 1.00000000 1.00000000 1.00000000
v -0.17986718 0.10308811 -0.02666137 1.00000000 1.00000000 1.00000000
v -0.23270953 -0.42473724 -0.02666137 1.00000000 1.00000000 1.00000000
v 0.19086069 -0.22796329 -0.02666137 1.00000000 1.00000000 1.00000000
v -0.00661001 -0.49273048 -0.02666137 1.00000000 1.00000000 1.00000000
v 0.11533110 0.06141583 -0.02666137 1.00000000 1.00000000 1.00000000
v 0.14549038 -0.36191644 -0.02666137 1.00000000 1.00000000 1.00000000
v -0.16857084 0.20632493 -0.02666137 1.00000000 1.00000000 1.00000000
v -0.06190730 0.13571252 -0.02666137 1.00000000 1.00000000 1.00000000
v -0.00314035 0.03684524 -0.02666137 1.00000000 1.00000000 1.00000000
v -0.05505152 0.18534976 -0.02666137 1.00000000 1.00000000 1.00000000
v -0.02146953 -0.49783641 -0.02666137 1.00000000 1.00000000 1.00000000
v -0.04595483 -0.15769508 -0.02666137 1.00000000 1.00000000 1.00000000
v -0.08213653 0.11406276 -0.02666137 1.00000000 1.00000000 1.00000000
v -0.09034880 -0.49348526 -0.02666137 1.00000000 1.00000000 1.00000000
v 0.00948826 0.05743877 -0.02666137 1.00000000 1.00000000 1.00000000
v 0.28521298 -0.13638743 -0.01442134 1.00000000 1.00000000 1.00000000
v -0.18574050 0.05645029 -0.02666137 1.00000000 1.00000000 1.00000000
v 0.06911766 0.07875992 -0.02666137 1.00000000 1.00000000 1.00000000
v -0.01081945 0.24326926 -0.02666137 1.00000000 1.00000000 1.00000000
v 0.26137996 -0.35845305 -0.02645630 1.00000000 1.00000000 1.00000000
v 0.23339551 0.05264298 -0.02666137 1.00000000 1.00000000 1.00000000
v -0.06415267 -0.13678174 -0.02666137 1.00000000 1.00000000 1.00000000
v 0.02358562 -0.39425058 -0.02666137 1.00000000 1.00000000 1.00000000
v 0.19542984 -0.43732998 -0.02666137 1.00000000 1.00000000 1.00000000
v -0.10599367 0.00864973 -0.02666137 1.00000000 1.00000000 1.00000000
v 0.08700997 -0.24184221 -0.02666137 1.00000000 1.00000000 1.00000000
v -0.06699860 -0.46966646 -0.02666137 1.00000000 1.00000000 1.00000000
v 0.14427245 0.27063388 -0.01248400 1.00000000 1.00000000 1.00000000
v 0.08410344 0.22813525 -0.02666137 1.00000000 1.00000000 1.00000000
v -0.00293134 -0.28345275 -0.02666137 1.00000000 1.00000000 1.00000000
v -0.15738205 0.00468677 -0.02666137 1.00000000 1.00000000 1.00000000
v -0.21326372 -0.04131555 -0.02666137 1.00000000 1.00000000 1.00000000
v -0.02086112 -0.25110594 -0.02666137 1.00000000 1.00000000 1.00000000
v -0.06654429 -0.10573553 -0.02666137 1.00000000 1.00000000 1.00000000
v 0.10745000 -0.38340317 -0.02666137 1.00000000 1.00000000 1.00000000
v -0.24140734 -0.10590643 -0.02666137 1.00000000 1.00000000 1.00000000
v -0.11807534 0.27017382 -0.01908045 1.00000000 1.00000000 1.00000000
v 0.03592391 0.06514470 -0.02666137 1.00000000 1.00000000 1.00000000
v -0.22935566 -0.44172797 -0.02666137 1.00000000 1.00000000 1.00000000
v 0.21672010 -0.27999311 -0.02666137 1.00000000 1.00000000 1.00000000
v 0.07597429 0.26952682 -0.02643855 1.00000000 1.00000000 1.00000000
v 0.15600472 0.07699741 -0.02666137 1.00000000 1.00000000 1.00000000
v -0.23005764 -0.14591188 -0.02666137 1.00000000 1.00000000 1.00000000
v 0.04726262 -0.39821189 -0.02666137 1.00000000 1.00000000 1.00000000
v 0.27019058 -0.24192006 -0.02423533 1.00000000 1.00000000 1.00000000
v 0.24977948 -0.28063213 -0.02666137 1.00000000 1.00000000 1.00000000
v 0.24850305 -0.43372845 -0.02666137 1.00000000 1.00000000 1.00000000
v -0.18093885 -0.18245210 -0.02666137 1.00000000 1.00000000 1.00000000
v -0.25177840 -0.16026567 -0.02660108 1.00000000 1.00000000 1.00000000
v 0.12222960 -0.11249373 -0.02666137 1.00000000 1.00000000 1.00000000
v -0.03690241 -0.43682356 -0.02666137 1.00000000 1.00000000 1.00000000
v -0.27460590 -0.51695544 -0.02548120 1.00000000 1.00000000 1.00000000
v 0.11366815 -0.09775089 -0.02666137 1.00000000 1.00000000 1.00000000
v -0.11214505 -0.31723945 -0.02666137 1.00000000 1.00000000 1.00000000
v -0.06755702 0.02435925 -0.02666137 1.00000000 1.00000000 1.00000000
v -0.18702316 -0.16139219 -0.02666137 1.00000000 1.00000000 1.00000000
v -0.13782257 0.19815516 -0.02666137 1.00000000 1.00000000 1.00000000
v -0.26446032 0.24186779 -0.01345146 1.00000000 1.00000000 1.00000000
v -0.02153982 0.10714605 -0.02666137 1.00000000 1.00000000 1.00000000
v -0.15370422 -0.36143264 -0.02666137 1.00000000 1.00000000 1.00000000
v -0.24907014 0.07930798 -0.02666137 1.00000000 1.00000000 1.00000000
v 0.02309086 -0.04858981 -0.02666137 1.00000000 1.00000000 1.00000000
v -0.07400154 -0.09463932 -0.02666137 1.00000000 1.00000000 1.00000000
v 0.24762368 -0.30684636 -0.02666137 1.00000000 1.00000000 1.00000000
v 0.16864624 -0.03729767 -0.02666137 1.00000000 1.00000000 1.00000000
v 0.13152641 -0.01489399 -0.02666137 1.00000000 1.00000000 1.00000000
v -0.23838596 -0.49066417 -0.02666137 1.00000000 1.00000000 1.00000000
v -0.19173173 0.22871870 -0.02588012 1.00000000 1.00000000 1.00000000
v -0.16219297 0.17931564 -0.02666137 1.00000000 1.00000000 1.00000000
v -0.10898043 0.12794979 -0.02666137 1.00000000 1.00000000 1.00000000
v 0.14593619 -0.11137992 -0.02666137 1.00000000 1.00000000 1.00000000
v -0.21448288 -0.18545811 -0.02666137 1.00000000 1.00000000 1.00000000
v 0.13026207 -0.48432739 -0.02666137 1.00000000 1.00000000 1.00000000
v -0.24014229 -0.04007360 -0.02666137 1.00000000 1.00000000 1.00000000
v 0.12971000 0.22180216 -0.02666137 1.00000000 1.00000000 1.00000000
v -0.17149854 0.21980945 -0.02666137 1.00000000 1.00000000 1.00000000
v 0.21118505 -0.25015500 -0.02666137 1.00000000 1.00000000 1.00000000
v 0.02888425 -0.14792420 -0.02666137 1.00000000 1.00000000 1.00000000
v 0.25776220 -0.31672386 -0.02658455 1.00000000 1.00000000 1.00000000
v 0.16446475 -0.49404836 -0.02666137 1.00000000 1.00000000 1.00000000
v 0.05765117 -0.25716504 -0.02666137 1.00000000 1.00000000 1.00000000
v 0.15560297 0.16661611 -0.02666137 1.00000000 1.00000000 1.00000000
v 0.27862653 -0.01662515 -0.01637404 1.00000000 1.00000000 1.00000000
v -0.25503306 0.17690802 -0.02666137 1.00000000 1.00000000 1.00000000
v 0.26980625 -0.15713875 -0.02343847 1.00000000 1.00000000 1.00000000
v 0.19879065 -0.03360911 -0.02666137 1.00000000 1.00000000 1.00000000
v -0.03075624 -0.15794636 -0.02666137 1.00000000 1.00000000 1.00000000
v 0.22408465 -0.34990001 -0.02666137 1.00000000 1.00000000 1.00000000
v 0.19449916 -0.24435229 -0.02666137 1.00000000 1.00000000 1.00000000
v -0.03486059 -0.44992417 -0.02666137 1.00000000 1.00000000 1.00000000
v 0.05290243 -0.34244868 -0.02666137 1.00000000 1.00000000 1.00000000
v 0.25392792 -0.25443048 -0.02664040 1.00000000 1.00000000 1.00000000
v -0.00021722 -0.19479800 -0.02666137 1.00000000 1.00000000 1.00000000
v 0.06735765 0.04456254 -0.02666137 1.00000000 1.00000000 1.00000000
v -0.06745559 -0.18814626 -0.02666137 1.00000000 1.00000000 1.00000000
v -0.14747501 0.15387798 -0.02666137 1.00000000 1.00000000 1.00000000
v -0.13327420 -0.10406001 -0.02666137 1.00000000 1.00000000 1.00000000
v -0.03539715 0.16935953 -0.02666137 1.00000000 1.00000000 1.00000000
v 0.01247210 -0.39882080 -0.02666137 1.00000000 1.00000000 1.00000000
v 0.05992337 -0.09292954 -0.02666137 1.00000000 1.00000000 1.00000000
v 0.18782120 0.19811483 -0.02666137 1.00000000 1.00000000 1.00000000
v -0.27289132 -0.16240099 -0.02240597 1.00000000 1.00000000 1.00000000
v -0.04258581 -0.31495820 -0.02666137 1.00000000 1.00000000 1.00000000
v 0.23978630 -0.05416900 -0.02666137 1.00000000 1.00000000 1.00000000
v -0.08426200 -0.08359082 -0.02666137 1.00000000 1.00000000 1.00000000
v -0.04580956 -0.12039787 -0.02666137 1.00000000 1.00000000 1.00000000
v -0.02137427 -0.47159780 -0.02666137 1.00000000 1.00000000 1.00000000
v -0.23949340 0.11145800 -0.02666137 1.00000000 1.00000000 1.00000000
v 0.06897473 -0.02796786 -0.02666137 1.00000000 1.00000000 1.00000000
v 0.08213002 0.16472419 -0.02666137 1.00000000 1.00000000 1.00000000
v 0.25607878 0.18996166 -0.02666137 1.00000000 1.00000000 1.00000000
v -0.15562373 -0.41227630 -0.02666137 1.00000000 1.00000000 1.00000000
v -0.07722506 -0.19790755 -0.02666137 1.00000000 1.00000000 1.00000000
v -0.25951640 0.21116383 -0.02631280 1.00000000 1.00000000 1.00000000
v -0.07338758 0.04203390 -0.02666137 1.00000000 1.00000000 1.00000000
v 0.18132279 -0.43783779 -0.02666137 1.00000000 1.00000000 1.00000000
v 0.12504334 -0.28768692 -0.02666137 1.00000000 1.00000000 1.00000000
v -0.15866901 -0.37609120 -0.02666137 1.00000000 1.00000000 1.00000000
v 0.04932964 0.26734024 -0.02666137 1.00000000 1.00000000 1.00000000
v 0.19231825 -0.38626540 -0.02666137 1.00000000 1.00000000 1.00000000
v -0.28477841 -0.47734974 -0.02216388 1.00000000 1.00000000 1.00000000
v -0.05523627 -0.40530197 -0.02666137 1.00000000 1.00000000 1.00000000
v 0.03921140 -0.03704469 -0.02666137 1.00000000 1.00000000 1.00000000
v 0.27129413 -0.26025184 -0.02411010 1.00000000 1.00000000 1.00000000
v -0.19607240 -0.05355758 -0.02666137 1.00000000 1.00000000 1.00000000
v 0.04669340 -0.26754382 -0.02666137 1.00000000 1.00000000 1.00000000
v -0.16404443 -0.18811705 -0.02666137 1.00000000 1.00000000 1.00000000
v 0.27244922 -0.32382606 -0.02441704 1.00000000 1.00000000 1.00000000
v -0.27302868 -0.10887472 -0.02155904 1.00000000 1.00000000 1.00000000
v 0.07617774 -0.25459781 -0.02666137 1.00000000 1.00000000 1.00000000
v -0.04079642 -0.28901117 -0.02666137 1.00000000 1.00000000 1.00000000
v 0.15771201 -0.37344897 -0.02666137 1.00000000 1.00000000 1.00000000
v 0.15939472 -0.30759240 -0.02666137 1.00000000 1.00000000 1.00000000
v -0.15249072 -0.22391047 -0.02666137 1.00000000 1.00000000 1.00000000
v -0.16239236 -0.51073455 -0.02666137 1.00000000 1.00000000 1.00000000
v 0.09170013 -0.34812099 -0.02666137 1.00000000 1.00000000 1.00000000
v 0.25710758 -0.34368757 -0.02664077 1.00000000 1.00000000 1.00000000
v 0.23545304 -0.42407391 -0.02666137 1.00000000 1.00000000 1.00000000
v -0.20839247 -0.35548194 -0.02666137 1.00000000 1.00000000 1.00000000
v 0.04225403 0.05407923 -0.02666137 1.00000000 1.00000000 1.00000000
v 0.02952842 -0.30754350 -0.02666137 1.00000000 1.00000000 1.00000000
v 0.06566350 -0.34422734 -0.02666137 1.00000000 1.00000000 1.00000000
v 0.02772787 -0.24206331 -0.02666137 1.00000000 1.00000000 1.00000000
v -0.03517531 -0.00194261 -0.02666137 1.00000000 1.00000000 1.00000000
v -0.27255385 -0.04041102 -0.02064167 1.00000000 1.00000000 1.00000000
v 0.24270212 -0.26747410 -0.02666137 1.00000000 1.00000000 1.00000000
v 0.15366703 0.19331880 -0.02666137 1.00000000 1.00000000 1.00000000
v 0.10991200 0.17554019 -0.02666137 1.00000000 1.00000000 1.00000000
v 0.22038069 -0.48227007 -0.02666137 1.00000000 1.00000000 1.00000000
v 0.25528891 -0.40942347 -0.02666137 1.00000000 1.00000000 1.00000000
v 0.26340481 -0.05561774 -0.02426738 1.00000000 1.00000000 1.00000000
v 0.26298214 -0.47086811 -0.02659759 1.00000000 1.00000000 1.00000000
v 0.26323399 0.00118082 -0.02372554 1.00000000 1.00000000 1.00000000
v 0.23322271 -0.30602644 -0.02666137 1.00000000 1.00000000 1.00000000
v -0.12811924 -0.27023687 -0.02666137 1.00000000 1.00000000 1.00000000
v -0.17687500 -0.20300165 -0.02666137 1.00000000 1.00000000 1.00000000
v -0.27280984 0.09983632 -0.02666137 1.00000000 1.00000000 1.00000000
v 0.00925655 0.10984673 -0.02666137 1.00000000 1.00000000 1.00000000
v -0.10974985 -0.24698884 -0.02666137 1.00000000 1.00000000 1.00000000
v 0.21914954 -0.19709062 -0.02666137 1.00000000 1.00000000 1.00000000
v 0.00723577 0.19650246 -0.02666137 1.00000000 1.00000000 1.00000000
v 0.17713728 0.01518918 -0.02666137 1.00000000 1.00000000 1.00000000
v -0.17951876 -0.02319903 -0.02666137 1.00000000 1.00000000 1.00000000
v 0.03591685 0.11792908 -0.02666137 1.00000000 1.00000000 1.00000000
v -0.14007320 0.00300602 -0.02666137 1.00000000 1.00000000 1.00000000
v -0.09649028 0.21054796 -0.02666137 1.00000000 1.00000000 1.00000000
v -0.07432598 -0.35552561 -0.02666137 1.00000000 1.00000000 1.00000000
v -0.12119351 -0.23378349 -0.02666137 1.00000000 1.00000000 1.00000000
v 0.20194787 -0.08917107 -0.02666137 1.00000000 1.00000000 1.00000000
v -0.03458948 -0.20957658 -0.02666137 1.00000000 1.00000000 1.00000000
v 0.28089750 -0.05880154 -0.01576787 1.00000000 1.00000000 1.00000000
v -0.14299569 -0.23857603 -0.02666137 1.00000000 1.00000000 1.00000000
v 0.26675494 -0.19360596 -0.02468020 1.00000000 1.00000000 1.00000000
v -0.06656299 -0.12191945 -0.02666137 1.00000000 1.00000000 1.00000000
v -0.24619534 -0.22748793 -0.02666137 1.00000000 1.00000000 1.00000000
v -0.24137684 -0.47143440 -0.02666137 1.00000000 1.00000000 1.00000000
v 0.08809425 -0.47791948 -0.02666137 1.00000000 1.00000000 1.00000000
v -0.00085087 -0.25270233 -0.02666137 1.00000000 1.00000000 1.00000000
v -0.15988689 -0.24043947 -0.02666137 1.00000000 1.00000000 1.00000000
v 0.16847073 -0.09125572 -0.02666137 1.00000000 1.00000000 1.00000000
v -0.05346650 0.20100087 -0.02666137 1.00000000 1.00000000 1.00000000
v 0.15279287 -0.12595047 -0.02666137 1.00000000 1.00000000 1.00000000
v 0.24026587 -0.00181802 -0.02666137 1.00000000 1.00000000 1.00000000
v -0.11425343 -0.48497293 -0.02666137 1.00000000 1.00000000 1.00000000
v 0.21630615 -0.43831698 -0.02666137 1.00000000 1.00000000 1.00000000
v 0.18539740 -0.10064900 -0.02666137 1.00000000 1.00000000 1.00000000
v -0.17564889 -0.09837483 -0.02666137 1.00000000 1.00000000 1.00000000
v 0.18274125 -0.25316774 -0.02666137 1.00000000 1.00000000 1.00000000
v 0.03499617 0.01044475 -0.02666137 1.00000000 1.00000000 1.00000000
v -0.01567625 -0.34086979 -0.02666137 1.00000000 1.00000000 1.00000000
v 0.00506687 -0.16741652 -0.02666137 1.00000000 1.00000000 1.00000000
v 0.15505705 -0.44218260 -0.02666137 1.00000000 1.00000000 1.00000000
v -0.17032319 -0.16958289 -0.02666137 1.00000000 1.00000000 1.00000000
v -0.12600477 -0.24604202 -0.02666137 1.00000000 1.00000000 1.00000000
v -0.09599983 0.19338510 -0.02666137 1.00000000 1.00000000 1.00000000
v 0.04666512 0.16144980 -0.02666137 1.00000000 1.00000000 1.00000000
v 0.03611124 -0.42255743 -0.02666137 1.00000000 1.00000000 1.00000000
v -0.14975292 -0.10605658 -0.02666137 1.00000000 1.00000000 1.00000000
v -0.16508611 -0.44694039 -0.02666137 1.00000000 1.00000000 1.00000000
v 0.10181703 -0.27400297 -0.02666137 1.00000000 1.00000000 1.00000000
v -0.23625878 0.09244093 -0.02666137 1.00000000 1.00000000 1.00000000
v 0.28058094 -0.40186063 -0.02273964 1.00000000 1.00000000 1.00000000
v -0.24028673 0.18258356 -0.02666137 1.00000000 1.00000000 1.00000000
v -0.04574834 -0.48250198 -0.02666137 1.00000000 1.00000000 1.00000000
v 0.29584741 -0.43901824 -0.01460587 1.00000000 1.00000000 1.00000000
v 0.13074214 -0.36724383 -0.02666137 1.00000000 1.00000000 1.00000000
v 0.14586041 -0.43129914 -0.02666137 1.00000000 1.00000000 1.00000000
v -0.10269914 -0.30811693 -0.02666137 1.00000000 1.00000000 1.00000000
v 0.25690443 -0.42377931 -0.02666137 1.00000000 1.00000000 1.00000000
v 0.18128626 0.18267077 -0.02666137 1.00000000 1.00000000 1.00000000
v 0.17316826 -0.38208774 -0.02666137 1.00000000 1.00000000 1.00000000
v -0.01251134 -0.38470636 -0.02666137 1.00000000 1.00000000 1.00000000
v 0.28458252 -0.15088850 -0.01544406 1.00000000 1.00000000 1.00000000
v 0.19660796 -0.35569889 -0.02666137 1.00000000 1.00000000 1.00000000
v 0.16929939 -0.34665397 -0.02666137 1.00000000 1.00000000 1.00000000
v -0.28187123 -0.05882403 -0.01493690 1.00000000 1.00000000 1.00000000
v 0.17043640 -0.50676216 -0.02666137 1.00000000 1.00000000 1.00000000
v -0.12875858 -0.39267924 -0.02666137 1.00000000 1.00000000 1.00000000
v -0.28036045 0.02101184 -0.01366203 1.00000000 1.00000000 1.00000000
v 0.00145470 -0.42516593 -0.02666137 1.00000000 1.00000000 1.00000000
v 0.24267064 0.18731857 -0.02666137 1.00000000 1.00000000 1.00000000
v 0.05574779 -0.28092606 -0.02666137 1.00000000 1.00000000 1.00000000
v -0.27214093 -0.09149286 -0.02167438 1.00000000 1.00000000 1.00000000
v -0.01257601 -0.35470029 -0.02666137 1.00000000 1.00000000 1.00000000
v 0.16288934 -0.29417018 -0.02666137 1.00000000 1.00000000 1.00000000
v -0.19017459 -0.35641966 -0.02666137 1.00000000 1.00000000 1.00000000
v 0.01898565 -0.30014900 -0.02666137 1.00000000 1.00000000 1.00000000
v -0.23538185 -0.36433779 -0.02666137 1.00000000 1.00000000 1.00000000
v -0.04566690 0.08065943 -0.02666137 1.00000000 1.00000000 1.00000000
v -0.28719689 -0.10425663 -0.01094719 1.00000000 1.00000000 1.00000000
v -0.02272855 0.05656499 -0.02666137 1.00000000 1.00000000 1.00000000
v 0.25269972 -0.51310293 -0.02666137 1.00000000 1.00000000 1.00000000
v -0.04136605 -0.10739458 -0.02666137 1.00000000 1.00000000 1.00000000
v 0.16278142 -0.00955394 -0.02666137 1.00000000 1.00000000 1.00000000
v -0.06658620 -0.06064651 -0.02666137 1.00000000 1.00000000 1.00000000
v 0.01665961 -0.12036385 -0.02666137 1.00000000 1.00000000 1.00000000
v -0.06916504 -0.25398061 -0.02666137 1.00000000 1.00000000 1.00000000
v -0.15497495 -0.42463482 -0.02666137 1.00000000 1.00000000 1.00000000
v 0.26047813 -0.08710281 -0.02523535 1.00000000 1.00000000 1.00000000
v 0.07341745 -0.06047330 -0.02666137 1.00000000 1.00000000 1.00000000
v -0.07976978 -0.01531929 -0.02666137 1.00000000 1.00000000 1.00000000
v -0.14314878 -0.47896930 -0.02666137 1.00000000 1.00000000 1.00000000
v -0.19826937 0.07985918 -0.02666137 1.00000000 1.00000000 1.00000000
v 0.01817755 0.18840360 -0.02666137 1.00000000 1.00000000 1.00000000
v 0.19856179 0.18558913 -0.02666137 1.00000000 1.00000000 1.00000000
v -0.11425834 -0.38584659 -0.02666137 1.00000000 1.00000000 1.00000000
v -0.20093046 -0.36737198 -0.02666137 1.00000000 1.00000000 1.00000000
v 0.06895573 -0.47524658 -0.02666137 1.00000000 1.00000000 1.00000000
v -0.09253306 0.10376168 -0.02666137 1.00000000 1.00000000 1.00000000
v -0.05247541 0.21521820 -0.02666137 1.00000000 1.00000000 1.00000000
v 0.26710938 -0.30259950 -0.02544818 1.00000000 1.00000000 1.00000000
v 0.16504857 -0.14352965 -0.02666137 1.00000000 1.00000000 1.00000000
v 0.02302028 0.06508932 -0.02666137 1.00000000 1.00000000 1.00000000
v 0.03878691 -0.11964227 -0.02666137 1.00000000 1.00000000 1.00000000
v -0.04328121 -0.26892201 -0.02666137 1.00000000 1.00000000 1.00000000
v 0.14697573 -0.02031549 -0.02666137 1.00000000 1.00000000 1.00000000
v 0.22101816 0.15921715 -0.02666137 1.00000000 1.00000000 1.00000000
v -0.24937894 0.00772729 -0.02636462 1.00000000 1.00000000 1.00000000
v -0.02303967 0.26274362 -0.02666137 1.00000000 1.00000000 1.00000000
v -0.21220428 -0.07314668 -0.02666137 1.00000000 1.00000000 1.00000000
v -0.29945929 -0.48020158 -0.01242173 1.00000000 1.00000000 1.00000000
v -0.17367637 -0.40376878 -0.02666137 1.00000000 1.00000000 1.00000000
v 0.20756213 0.07026112 -0.02666137 1.00000000 1.00000000 1.00000000
v -0.16888453 0.14054840 -0.02666137 1.00000000 1.00000000 1.00000000
v 0.25262300 0.08227668 -0.02666137 1.00000000 1.00000000 1.00000000
v -0.22776078 -0.23707299 -0.02666137 1.00000000 1.00000000 1.00000000
v -0.16369516 -0.49929522 -0.02666137 1.00000000 1.00000000 1.00000000
v -0.24497492 -0.39957845 -0.02666137 1.00000000 1.00000000 1.00000000
v -0.21280279 -0.05576276 -0.02666137 1.00000000 1.00000000 1.00000000
v 0.00903729 0.27064352 -0.02666137 1.00000000 1.00000000 1.00000000
v -0.06211822 -0.39311772 -0.02666137 1.00000000 1.00000000 1.00000000
v -0.11226504 -0.50294909 -0.02666137 1.00000000 1.00000000 1.00000000
v -0.13113166 0.27319136 -0.01392107 1.00000000 1.00000000 1.00000000
v -0.08897091 -0.29345551 -0.02666137 1.00000000 1.00000000 1.00000000
v 0.13047725 -0.14736192 -0.02666137 1.00000000 1.00000000 1.00000000
v 0.25955343 -0.01347974 -0.02486064 1.00000000 1.00000000 1.00000000
v -0.07553627 -0.14172555 -0.02666137 1.00000000 1.00000000 1.00000000
v 0.22943672 -0.46800684 -0.02666137 1.00000000 1.00000000 1.00000000
v -0.06184050 -0.16160617 -0.02666137 1.00000000 1.00000000 1.00000000
v -0.07667637 -0.38295804 -0.02666137 1.00000000 1.00000000 1.00000000
v 0.07780767 -0.34336350 -0.02666137 1.00000000 1.00000000 1.00000000
v 0.20103209 -0.12990831 -0.02666137 1.00000000 1.00000000 1.00000000
v -0.08609001 -0.43982013 -0.02666137 1.00000000 1.00000000 1.00000000
v 0.09389537 -0.44630050 -0.02666137 1.00000000 1.00000000 1.00000000
v 0.18168618 -0.16759820 -0.02666137 1.00000000 1.00000000 1.00000000
v -0.02784724 -0.39126370 -0.02666137 1.00000000 1.00000000 1.00000000
v 0.25101184 -0.13239115 -0.02659134 1.00000000 1.00000000 1.00000000
v 0.17170394 0.10223877 -0.02666137 1.00000000 1.00000000 1.00000000
v 0.16536555 -0.06287947 -0.02666137 1.00000000 1.00000000 1.00000000
v -0.20507049 -0.22945245 -0.02666137 1.00000000 1.00000000 1.00000000
v -0.07534916 -0.29847359 -0.02666137 1.00000000 1.00000000 1.00000000
v -0.16094265 -0.02720662 -0.02666137 1.00000000 1.00000000 1.00000000
v 0.17788923 -0.45815092 -0.02666137 1.00000000 1.00000000 1.00000000
v -0.14787833 0.12333831 -0.02666137 1.00000000 1.00000000 1.00000000
v -0.11365979 -0.34677244 -0.02666137 1.00000000 1.00000000 1.00000000
v 0.28263469 -0.44672650 -0.02257255 1.00000000 1.00000000 1.00000000
v -0.13906671 0.11150138 -0.02666137 1.00000000 1.00000000 1.00000000
v -0.27200010 -0.07775143 -0.02152149 1.00000000 1.00000000 1.00000000
v 0.12591194 0.12634444 -0.02666137 1.00000000 1.00000000 1.00000000
v 0.12640682 -0.33008066 -0.02666137 1.00000000 1.00000000 1.00000000
v -0.06645791 0.17457445 -0.02666137 1.00000000 1.00000000 1.00000000
v 0.26382280 0.17096045 -0.02666137 1.00000000 1.00000000 1.00000000
v -0.07594565 -0.15397285 -0.02666137 1.00000000 1.00000000 1.00000000
v -0.11218927 0.28170507 -0.01145748 1.00000000 1.00000000 1.00000000
v 0.11342701 0.26744115 -0.02119776 1.00000000 1.00000000 1.00000000
v 0.24158399 -0.41174489 -0.02666137 1.00000000 1.00000000 1.00000000
v -0.19518676 -0.25863305 -0.02666137 1.00000000 1.00000000 1.00000000
v 0.16208704 0.04407598 -0.02666137 1.00000000 1.00000000 1.00000000
v 0.07192302 -0.37362105 -0.02666137 1.00000000 1.00000000 1.00000000
v 0.08514662 -0.41542403 -0.02666137 1.00000000 1.00000000 1.00000000
v -0.03418931 -0.09578437 -0.02666137 1.00000000 1.00000000 1.00000000
v 0.13963333 -0.18094006 -0.02666137 1.00000000 1.00000000 1.00000000
v 0.13764118 0.02219671 -0.02666137 1.00000000 1.00000000 1.00000000
v 0.12084082 -0.37745110 -0.02666137 1.00000000 1.00000000 1.00000000
v -0.02416146 -0.13442590 -0.02666137 1.00000000 1.00000000 1.00000000
v 0.08439781 -0.08138648 -0.02666137 1.00000000 1.00000000 1.00000000
v 0.02708457 -0.16517796 -0.02666137 1.00000000 1.00000000 1.00000000
v 0.18474906 -0.49450431 -0.02666137 1.00000000 1.00000000 1.00000000
v 0.29042936 -0.36649282 -0.01691720 1.00000000 1.00000000 1.00000000
v 0.09873740 -0.20332740 -0.02666137 1.00000000 1.00000000 1.00000000
v 0.22777054 -0.26878701 -0.02666137 1.00000000 1.00000000 1.00000000
v -0.09195892 0.06975542 -0.02666137 1.00000000 1.00000000 1.00000000
v -0.23565397 -0.05481178 -0.02666137 1.00000000 1.00000000 1.00000000
v -0.18713091 -0.03708732 -0.02666137 1.00000000 1.00000000 1.00000000
v -0.27109602 -0.28696843 -0.02442595 1.00000000 1.00000000 1.00000000
v 0.05882165 -0.06249952 -0.02666137 1.00000000 1.00000000 1.00000000
v -0.10388577 0.04279857 -0.02666137 1.00000000 1.00000000 1.00000000
v -0.24190034 -0.27936983 -0.02666137 1.00000000 1.00000000 1.00000000
v -0.18765007 0.25137729 -0.01858732 1.00000000 1.00000000 1.00000000
v 0.08759616 -0.18814135 -0.02666137 1.00000000 1.00000000 1.00000000
v 0.10767061 0.02396201 -0.02666137 1.00000000 1.00000000 1.00000000
v 0.13996809 0.09105155 -0.02666137 1.00000000 1.00000000 1.00000000
v 0.29239027 -0.39616474 -0.01623613 1.00000000 1.00000000 1.00000000
v -0.27790373 0.19691169 -0.02666137 1.00000000 1.00000000 1.00000000
v -0.10395642 -0.29596301 -0.02666137 1.00000000 1.00000000 1.00000000
v 0.04327818 -0.01827170 -0.02666137 1.00000000 1.00000000 1.00000000
v 0.11448296 -0.21173227 -0.02666137 1.00000000 1.00000000 1.00000000
v 0.05459567 -0.18085420 -0.02666137 1.00000000 1.00000000 1.00000000
v -0.17655085 -0.50896025 -0.02666137 1.00000000 1.00000000 1.00000000
v 0.23987972 -0.09767919 -0.02666137 1.00000000 1.00000000 1.00000000
v -0.21265105 -0.28216385 -0.02666137 1.00000000 1.00000000 1.00000000
v -0.00475194 0.07578544 -0.02666137 1.00000000 1.00000000 1.00000000
v -0.10696093 0.17996640 -0.02666137 1.00000000 1.00000000 1.00000000
v -0.22563535 -0.25449442 -0.02666137 1.00000000 1.00000000 1.00000000
v 0.12222920 0.25255244 -0.02499603 1.00000000 1.00000000 1.00000000
v -0.01760246 -0.40329244 -0.02666137 1.00000000 1.00000000 1.00000000
v 0.09110423 0.21326762 -0.02666137 1.00000000 1.00000000 1.00000000
v 0.22862595 -0.01756518 -0.02666137 1.00000000 1.00000000 1.00000000
v -0.22472548 -0.27464808 -0.02666137 1.00000000 1.00000000 1.00000000
v -0.17006591 -0.43108860 -0.02666137 1.00000000 1.00000000 1.00000000
v -0.25215721 -0.38164812 -0.02666137 1.00000000 1.00000000 1.00000000
v -0.00632044 0.20295253 -0.02666137 1.00000000 1.00000000 1.00000000
v 0.27576760 -0.34918654 -0.02372823 1.00000000 1.00000000 1.00000000
v -0.17146142 -0.03840700 -0.02666137 1.00000000 1.00000000 1.00000000
v -0.22910666 -0.46112047 -0.02666137 1.00000000 1.00000000 1.00000000
v -0.18876104 0.01892101 -0.02666137 1.00000000 1.00000000 1.00000000
v -0.23821134 -0.16745895 -0.02666137 1.00000000 1.00000000 1.00000000
v -0.05694948 -0.07105993 -0.02666137 1.00000000 1.00000000 1.00000000
v -0.16992922 -0.36511400 -0.02666137 1.00000000 1.00000000 1.00000000
v -0.19352239 -0.27668407 -0.02666137 1.00000000 1.00000000 1.00000000
v -0.19580245 -0.45110829 -0.02666137 1.00000000 1.00000000 1.00000000
v 0.14930442 0.21752510 -0.02666137 1.00000000 1.00000000 1.00000000
v -0.27383221 -0.25128046 -0.02322016 1.00000000 1.00000000 1.00000000
v 0.05088869 -0.29561943 -0.02666137 1.00000000 1.00000000 1.00000000
v -0.11859484 0.17260799 -0.02666137 1.00000000 1.00000000 1.00000000
v -0.07957610 0.18463116 -0.02666137 1.00000000 1.00000000 1.00000000
v -0.22749486 0.23918381 -0.02037211 1.00000000 1.00000000 1.00000000
v 0.04076355 -0.28259996 -0.02666137 1.00000000 1.00000000 1.00000000
v -0.24716365 -0.18368637 -0.02666137 1.00000000 1.00000000 1.00000000
v 0.13548808 -0.06917132 -0.02666137 1.00000000 1.00000000 1.00000000
v 0.21889940 0.12314537 -0.02666137 1.00000000 1.00000000 1.00000000
v 0.07375404 -0.40104815 -0.02666137 1.00000000 1.00000000 1.00000000
v 0.27896269 -0.37422432 -0.02296700 1.00000000 1.00000000 1.00000000
v -0.22116830 0.16282339 -0.02666137 1.00000000 1.00000000 1.00000000
v -0.17559529 -0.25315243 -0.02666137 1.00000000 1.00000000 1.00000000
v 0.11078023 -0.47578064 -0.02666137 1.00000000 1.00000000 1.00000000
v -0.09874910 -0.05755598 -0.02666137 1.00000000 1.00000000 1.00000000
v -0.24473908 -0.26177575 -0.02666137 1.00000000 1.00000000 1.00000000
v 0.27455964 -0.09882159 -0.02068346 1.00000000 1.00000000 1.00000000
v 0.00431106 -0.18228770 -0.02666137 1.00000000 1.00000000 1.00000000
v -0.18597612 -0.37164233 -0.02666137 1.00000000 1.00000000 1.00000000
v 0.14509080 0.18380673 -0.02666137 1.00000000 1.00000000 1.00000000
v -0.22131531 -0.15718192 -0.02666137 1.00000000 1.00000000 1.00000000
v 0.25825748 -0.29217340 -0.02650868 1.00000000 1.00000000 1.00000000
v 0.09916309 0.14120773 -0.02666137 1.00000000 1.00000000 1.00000000
v -0.09691473 -0.08979452 -0.02666137 1.00000000 1.00000000 1.00000000
v -0.00772903 0.18564194 -0.02666137 1.00000000 1.00000000 1.00000000
v -0.19559822 0.18281340 -0.02666137 1.00000000 1.00000000 1.00000000
v 0.28608427 -0.20009281 -0.01566159 1.00000000 1.00000000 1.00000000
v 0.21789962 -0.46168714 -0.02666137 1.00000000 1.00000000 1.00000000
v -0.20061308 -0.14889122 -0.02666137 1.00000000 1.00000000 1.00000000
v -0.20227324 -0.33043856 -0.02666137 1.00000000 1.00000000 1.00000000
v -0.06106379 -0.14954226 -0.02666137 1.00000000 1.00000000 1.00000000
v 0.15175543 -0.22826949 -0.02666137 1.00000000 1.00000000 1.00000000
v 0.21283526 -0.11661198 -0.02666137 1.00000000 1.00000000 1.00000000
v -0.13496807 -0.22709985 -0.02666137 1.00000000 1.00000000 1.00000000
v 0.05997798 0.21225677 -0.02666137 1.00000000 1.00000000 1.00000000
v 0.17895527 -0.40915270 -0.02666137 1.00000000 1.00000000 1.00000000
v -0.16613889 0.10002712 -0.02666137 1.00000000 1.00000000 1.00000000
v -0.09810598 -0.21841009 -0.02666137 1.00000000 1.00000000 1.00000000
v -0.06731674 0.26886768 -0.02666137 1.00000000 1.00000000 1.00000000
v 0.28709191 -0.41606538 -0.02008736 1.00000000 1.00000000 1.00000000
v -0.07580288 0.01277159 -0.02666137 1.00000000 1.00000000 1.00000000
v -0.22400475 0.11764780 -0.02666137 1.00000000 1.00000000 1.00000000
v -0.25224027 0.22664038 -0.02345997 1.00000000 1.00000000 1.00000000
v 0.04770877 -0.16554581 -0.02666137 1.00000000 1.00000000 1.00000000
v 0.26501818 -0.43908577 -0.02639593 1.00000000 1.00000000 1.00000000
v -0.20832511 -0.01244971 -0.02666137 1.00000000 1.00000000 1.00000000
v -0.26454612 0.02421839 -0.02302430 1.00000000 1.00000000 1.00000000
v -0.01077165 0.01444318 -0.02666137 1.00000000 1.00000000 1.00000000
v 0.17533218 -0.22607957 -0.02666137 1.00000000 1.00000000 1.00000000
v 0.08631946 0.18285623 -0.02666137 1.00000000 1.00000000 1.00000000
v 0.05370696 -0.12430888 -0.02666137 1.00000000 1.00000000 1.00000000
v -0.28605366 -0.46113393 -0.02137515 1.00000000 1.00000000 1.00000000
v 0.00250246 -0.14574215 -0.02666137 1.00000000 1.00000000 1.00000000
v -0.19265954 0.19989286 -0.02666137 1.00000000 1.00000000 1.00000000
v 0.16888342 -0.12730546 -0.02666137 1.00000000 1.00000000 1.00000000
v -0.28165023 0.00359403 -0.01296662 1.00000000 1.00000000 1.00000000
v -0.02912373 0.18260226 -0.02666137 1.00000000 1.00000000 1.00000000
v -0.30043447 -0.42223061 -0.00802056 1.00000000 1.00000000 1.00000000
v -0.20902907 -0.44065057 -0.02666137 1.00000000 1.00000000 1.00000000
v -0.01220706 0.13408869 -0.02666137 1.00000000 1.00000000 1.00000000
v -0.02293439 0.20966309 -0.02666137 1.00000000 1.00000000 1.00000000
v -0.20255111 0.03418109 -0.02666137 1.00000000 1.00000000 1.00000000
v 0.07606492 -0.30587247 -0.02666137 1.00000000 1.00000000 1.00000000
v -0.12981410 -0.06345667 -0.02666137 1.00000000 1.00000000 1.00000000
v 0.10472634 -0.08051219 -0.02666137 1.00000000 1.00000000 1.00000000
v 0.27541609 -0.22655597 -0.02231683 1.00000000 1.00000000 1.00000000
v 0.11073854 0.21757219 -0.02666137 1.00000000 1.00000000 1.00000000
v 0.10606850 -0.05390208 -0.02666137 1.00000000 1.00000000 1.00000000
v -0.10101078 -0.26934421 -0.02666137 1.00000000 1.00000000 1.00000000
v 0.04842755 0.12724898 -0.02666137 1.00000000 1.00000000 1.00000000
v 0.11727006 -0.06540991 -0.02666137 1.00000000 1.00000000 1.00000000
v -0.26557123 -0.01904579 -0.02320232 1.00000000 1.00000000 1.00000000
v 0.13062305 0.14283021 -0.02666137 1.00000000 1.00000000 1.00000000
v -0.10612267 -0.47150359 -0.02666137 1.00000000 1.00000000 1.00000000
v -0.24959269 0.12410495 -0.02666137 1.00000000 1.00000000 1.00000000
v 0.13388675 0.26580389 -0.01871027 1.00000000 1.00000000 1.00000000
v -0.03778824 -0.34401784 -0.02666137 1.00000000 1.00000000 1.00000000
v 0.19233004 -0.29895278 -0.02666137 1.00000000 1.00000000 1.00000000
v -0.02614147 -0.35030888 -0.02666137 1.00000000 1.00000000 1.00000000
v 0.14195798 -0.46988386 -0.02666137 1.00000000 1.00000000 1.00000000
v -0.06597419 -0.27039142 -0.02666137 1.00000000 1.00000000 1.00000000
v 0.11921275 0.11052093 -0.02666137 1.00000000 1.00000000 1.00000000
v -0.11513919 0.23998927 -0.02665003 1.00000000 1.00000000 1.00000000
v 0.16169970 -0.32216542 -0.02666137 1.00000000 1.00000000 1.00000000
v 0.05655980 0.02155905 -0.02666137 1.00000000 1.00000000 1.00000000
v 0.04171012 -0.37600774 -0.02666137 1.00000000 1.00000000 1.00000000
v 0.17818684 -0.29624306 -0.02666137 1.00000000 1.00000000 1.00000000
v 0.10955288 -0.28830419 -0.02666137 1.00000000 1.00000000 1.00000000
v -0.18591123 0.11563945 -0.02666137 1.00000000 1.00000000 1.00000000
v 0.04469180 -0.06685791 -0.02666137 1.00000000 1.00000000 1.00000000
v -0.17352555 0.06609248 -0.02666137 1.00000000 1.00000000 1.00000000
v -0.24489576 0.20878073 -0.02663058 1.00000000 1.00000000 1.00000000
v -0.17634402 -0.47992212 -0.02666137 1.00000000 1.00000000 1.00000000
v -0.02083034 -0.28807654 -0.02666137 1.00000000 1.00000000 1.00000000
v 0.27729338 0.03620309 -0.01999459 1.00000000 1.00000000 1.00000000
v -0.13631220 -0.35937042 -0.02666137 1.00000000 1.00000000 1.00000000
v -0.29556429 -0.31389552 -0.00971230 1.00000000 1.00000000 1.00000000
v 0.20410002 0.08951728 -0.02666137 1.00000000 1.00000000 1.00000000
v 0.22607200 -0.18425678 -0.02666137 1.00000000 1.00000000 1.00000000
v 0.07675116 0.19980582 -0.02666137 1.00000000 1.00000000 1.00000000
v -0.20677454 0.17088955 -0.02666137 1.00000000 1.00000000 1.00000000
v 0.17678115 0.11890298 -0.02666137 1.00000000 1.00000000 1.00000000
v -0.22216889 0.06346355 -0.02666137 1.00000000 1.00000000 1.00000000
v 0.03457478 0.19423439 -0.02666137 1.00000000 1.00000000 1.00000000
v 0.23336311 0.15020123 -0.02666137 1.00000000 1.00000000 1.00000000
v 0.19673477 -0.16250532 -0.02666137 1.00000000 1.00000000 1.00000000
v 0.21033802 -0.01678977 -0.02666137 1.00000000 1.00000000 1.00000000
v -0.11407596 0.08268245 -0.02666137 1.00000000 1.00000000 1.00000000
v -0.03566316 -0.42332880 -0.02666137 1.00000000 1.00000000 1.00000000
v -0.00373514 -0.15618206 -0.02666137 1.00000000 1.00000000 1.00000000
v -0.17859255 -0.29410164 -0.02666137 1.00000000 1.00000000 1.00000000
v 0.02628583 0.02217845 -0.02666137 1.00000000 1.00000000 1.00000000
v -0.18895513 -0.06687283 -0.02666137 1.00000000 1.00000000 1.00000000
v -0.02190056 -0.12184843 -0.02666137 1.00000000 1.00000000 1.00000000
v -0.05311226 -0.34684528 -0.02666137 1.00000000 1.00000000 1.00000000
v -0.06294441 0.08730197 -0.02666137 1.00000000 1.00000000 1.00000000
v -0.06892201 -0.32146791 -0.02666137 1.00000000 1.00000000 1.00000000
v 0.04957853 -0.22133771 -0.02666137 1.00000000 1.00000000 1.00000000
v -0.24641894 0.19526523 -0.02666137 1.00000000 1.00000000 1.00000000
v 0.02949128 -0.02445975 -0.02666137 1.00000000 1.00000000 1.00000000
v -0.08092640 0.26802811 -0.02606864 1.00000000 1.00000000 1.00000000
v -0.08780762 -0.13722292 -0.02666137 1.00000000 1.00000000 1.00000000
v 0.09468720 -0.25659034 -0.02666137 1.00000000 1.00000000 1.00000000
v -0.11033194 -0.00844063 -0.02666137 1.00000000 1.00000000 1.00000000
v -0.29983168 -0.50626819 -0.01304241 1.00000000 1.00000000 1.00000000
v -0.13300400 0.24063195 -0.02631057 1.00000000 1.00000000 1.00000000
v -0.25092402 0.04573115 -0.02660851 1.00000000 1.00000000 1.00000000
v -0.07234783 -0.07625420 -0.02666137 1.00000000 1.00000000 1.00000000
v -0.17772709 0.08667953 -0.02666137 1.00000000 1.00000000 1.00000000
v -0.26274573 -0.14984667 -0.02523093 1.00000000 1.00000000 1.00000000
v 0.17645990 0.25830205 -0.01571484 1.00000000 1.00000000 1.00000000
v 0.17432905 -0.19352320 -0.02666137 1.00000000 1.00000000 1.00000000
v -0.05996731 0.07199873 -0.02666137 1.00000000 1.00000000 1.00000000
v 0.29861316 -0.39006725 -0.00920142 1.00000000 1.00000000 1.00000000
v -0.07246047 -0.40244049 -0.02666137 1.00000000 1.00000000 1.00000000
v -0.06569944 0.05503461 -0.02666137 1.00000000 1.00000000 1.00000000
v 0.05209335 0.17713531 -0.02666137 1.00000000 1.00000000 1.00000000
v -0.21267114 0.18563366 -0.02666137 1.00000000 1.00000000 1.00000000
v 0.03821683 0.04126925 -0.02666137 1.00000000 1.00000000 1.00000000
v -0.14398345 -0.26781865 -0.02666137 1.00000000 1.00000000 1.00000000
v 0.28123927 -0.25139951 -0.02006527 1.00000000 1.00000000 1.00000000
v -0.13778700 -0.41062756 -0.02666137 1.00000000 1.00000000 1.00000000
v 0.11528408 0.14583372 -0.02666137 1.00000000 1.00000000 1.00000000
v -0.06502809 -0.41726188 -0.02666137 1.00000000 1.00000000 1.00000000
v 0.10891329 0.23896740 -0.02666137 1.00000000 1.00000000 1.00000000
v 0.26537079 0.20207823 -0.02666137 1.00000000 1.00000000 1.00000000
v -0.01041834 -0.44771094 -0.02666137 1.00000000 1.00000000 1.00000000
v 0.13052532 -0.31479088 -0.02666137 1.00000000 1.00000000 1.00000000
v -0.21959928 -0.31206630 -0.02666137 1.00000000 1.00000000 1.00000000
v 0.27722511 -0.36173006 -0.02340739 1.00000000 1.00000000 1.00000000
v 0.02249494 -0.41163837 -0.02666137 1.00000000 1.00000000 1.00000000
v -0.21481840 -0.14015783 -0.02666137 1.00000000 1.00000000 1.00000000
v -0.07691896 -0.28223703 -0.02666137 1.00000000 1.00000000 1.00000000
v 0.15076759 0.25884701 -0.01982486 1.00000000 1.00000000 1.00000000
v -0.28568795 -0.30938937 -0.01872021 1.00000000 1.00000000 1.00000000
v 0.03384858 0.09151636 -0.02666137 1.00000000 1.00000000 1.00000000
v 0.18754958 0.15117181 -0.02666137 1.00000000 1.00000000 1.00000000
v -0.04342573 -0.46865988 -0.02666137 1.00000000 1.00000000 1.00000000
v -0.29365714 -0.42926752 -0.01617177 1.00000000 1.00000000 1.00000000
v -0.13693918 -0.50387626 -0.02666137 1.00000000 1.00000000 1.00000000
v 0.12108630 -0.49923813 -0.02666137 1.00000000 1.00000000 1.00000000
v -0.18596324 -0.08543181 -0.02666137 1.00000000 1.00000000 1.00000000
v 0.15158456 -0.09449621 -0.02666137 1.00000000 1.00000000 1.00000000
v 0.01792288 0.14328259 -0.02666137 1.00000000 1.00000000 1.00000000
v -0.12996373 -0.02855793 -0.02666137 1.00000000 1.00000000 1.00000000
v -0.17324929 -0.06507560 -0.02666137 1.00000000 1.00000000 1.00000000
v -0.01247410 0.26766702 -0.02666137 1.00000000 1.00000000 1.00000000
v 0.08560620 0.14129206 -0.02666137 1.00000000 1.00000000 1.00000000
v 0.25008350 -0.16504044 -0.02665297 1.00000000 1.00000000 1.00000000
v -0.17939171 -0.44277093 -0.02666137 1.00000000 1.00000000 1.00000000
v 0.17958575 0.21208360 -0.02666137 1.00000000 1.00000000 1.00000000
v 0.20273748 0.23165608 -0.02486502 1.00000000 1.00000000 1.00000000
v -0.19780589 0.21387912 -0.02666137 1.00000000 1.00000000 1.00000000
v -0.12437624 -0.28153505 -0.02666137 1.00000000 1.00000000 1.00000000
v 0.05319851 -0.35548529 -0.02666137 1.00000000 1.00000000 1.00000000
v -0.00367961 -0.39809872 -0.02666137 1.00000000 1.00000000 1.00000000
v -0.17082743 -0.08473080 -0.02666137 1.00000000 1.00000000 1.00000000
v 0.01694568 -0.23074610 -0.02666137 1.00000000 1.00000000 1.00000000
v 0.28818788 -0.50498349 -0.02111767 1.00000000 1.00000000 1.00000000
v 0.26505023 -0.39866933 -0.02625403 1.00000000 1.00000000 1.00000000
v 0.00444250 0.25296934 -0.02666137 1.00000000 1.00000000 1.00000000
v -0.20220209 -0.06541029 -0.02666137 1.00000000 1.00000000 1.00000000
v 0.25100473 -0.04124927 -0.02637605 1.00000000 1.00000000 1.00000000
v -0.17904793 -0.07524255 -0.02666137 1.00000000 1.00000000 1.00000000
v -0.28410863 -0.03677200 -0.01180470 1.00000000 1.00000000 1.00000000
v -0.03849027 0.11042325 -0.02666137 1.00000000 1.00000000 1.00000000
v 0.04182012 0.02522360 -0.02666137 1.00000000 1.00000000 1.00000000
v -0.28564917 -0.50193539 -0.02216764 1.00000000 1.00000000 1.00000000
v -0.04967243 -0.00770903 -0.02666137 1.00000000 1.00000000 1.00000000
v 0.02767751 -0.35958402 -0.02666137 1.00000000 1.00000000 1.00000000
v -0.01779273 -0.29943850 -0.02666137 1.00000000 1.00000000 1.00000000
v -0.27132445 -0.46147191 -0.02570821 1.00000000 1.00000000 1.00000000
v 0.20191884 -0.25840607 -0.02666137 1.00000000 1.00000000 1.00000000
v 0.12253959 0.09450507 -0.02666137 1.00000000 1.00000000 1.00000000
v -0.01193702 0.21852320 -0.02666137 1.00000000 1.00000000 1.00000000
v 0.05730275 -0.45997760 -0.02666137 1.00000000 1.00000000 1.00000000
v 0.00598749 0.04526477 -0.02666137 1.00000000 1.00000000 1.00000000
v -0.08666072 0.04650146 -0.02666137 1.00000000 1.00000000 1.00000000
v -0.13344604 0.05493664 -0.02666137 1.00000000 1.00000000 1.00000000
v 0.03981339 -0.09198580 -0.02666137 1.00000000 1.00000000 1.00000000
v 0.22944437 0.22216300 -0.02561415 1.00000000 1.00000000 1.00000000
v -0.15899064 -0.40079824 -0.02666137 1.00000000 1.00000000 1.00000000
v 0.20113009 -0.00041863 -0.02666137 1.00000000 1.00000000 1.00000000
v -0.15888212 -0.07763498 -0.02666137 1.00000000 1.00000000 1.00000000
v -0.11899607 -0.30388022 -0.02666137 1.00000000 1.00000000 1.00000000
v 0.27953916 0.01227697 -0.01474548 1.00000000 1.00000000 1.00000000
v -0.17959729 -0.27050276 -0.02666137 1.00000000 1.00000000 1.00000000
v 0.24711692 0.12329476 -0.02666137 1.00000000 1.00000000 1.00000000
v -0.21484594 0.00347390 -0.02666137 1.00000000 1.00000000 1.00000000
v -0.00905629 -0.13685943 -0.02666137 1.00000000 1.00000000 1.00000000
v 0.15673177 0.09752439 -0.02666137 1.00000000 1.00000000 1.00000000
v 0.22694976 -0.16807489 -0.02666137 1.00000000 1.00000000 1.00000000
v 0.24665161 -0.20290701 -0.02666137 1.00000000 1.00000000 1.00000000
v -0.19187856 -0.19484673 -0.02666137 1.00000000 1.00000000 1.00000000
v -0.02201232 -0.17216619 -0.02666137 1.00000000 1.00000000 1.00000000
v 0.04743373 -0.33214147 -0.02666137 1.00000000 1.00000000 1.00000000
v -0.12098583 -0.40457511 -0.02666137 1.00000000 1.00000000 1.00000000
v -0.05463233 -0.05035802 -0.02666137 1.00000000 1.00000000 1.00000000
v -0.00808723 -0.41418600 -0.02666137 1.00000000 1.00000000 1.00000000
v 0.17088288 0.06234166 -0.02666137 1.00000000 1.00000000 1.00000000
v -0.14825154 0.06450912 -0.02666137 1.00000000 1.00000000 1.00000000
v -0.05757825 0.15959590 -0.02666137 1.00000000 1.00000000 1.00000000
v -0.23849853 0.22179701 -0.02535407 1.00000000 1.00000000 1.00000000
v 0.24175428 -0.51801857 -0.02666137 1.00000000 1.00000000 1.00000000
v -0.17085174 0.04628897 -0.02666137 1.00000000 1.00000000 1.00000000
v 0.05858162 0.15277695 -0.02666137 1.00000000 1.00000000 1.00000000
v 0.00000607 0.00801696 -0.02666137 1.00000000 1.00000000 1.00000000
v 0.15709811 0.26848184 -0.01065708 1.00000000 1.00000000 1.00000000
v 0.22607282 -0.06361949 -0.02666137 1.00000000 1.00000000 1.00000000
v 0.08122456 -0.26648671 -0.02666137 1.00000000 1.00000000 1.00000000
v 0.24498509 0.24371325 -0.01513315 1.00000000 1.00000000 1.00000000
v 0.22042398 -0.24061772 -0.02666137 1.00000000 1.00000000 1.00000000
v -0.13522453 -0.04445795 -0.02666137 1.00000000 1.00000000 1.00000000
v -0.12512601 0.07276082 -0.02666137 1.00000000 1.00000000 1.00000000
v 0.11379398 -0.42863367 -0.02666137 1.00000000 1.00000000 1.00000000
v 0.07363629 -0.18641055 -0.02666137 1.00000000 1.00000000 1.00000000
v 0.11606973 0.00584091 -0.02666137 1.00000000 1.00000000 1.00000000
v 0.26811973 -0.13921585 -0.02376858 1.00000000 1.00000000 1.00000000
v 0.26657619 0.22132215 -0.02425640 1.00000000 1.00000000 1.00000000
v 0.14162290 0.22781951 -0.02666137 1.00000000 1.00000000 1.00000000
v -0.15916878 0.26193546 -0.01645586 1.00000000 1.00000000 1.00000000
v 0.04831600 0.22046790 -0.02666137 1.00000000 1.00000000 1.00000000
v -0.22442363 -0.06438731 -0.02666137 1.00000000 1.00000000 1.00000000
v -0.07698680 0.13964910 -0.02666137 1.00000000 1.00000000 1.00000000
v 0.14006722 0.20686787 -0.02666137 1.00000000 1.00000000 1.00000000
v 0.29152014 -0.30100512 -0.01402619 1.00000000 1.00000000 1.00000000
v -0.19999055 -0.13100019 -0.02666137 1.00000000 1.00000000 1.00000000
v -0.17249681 -0.46879690 -0.02666137 1.00000000 1.00000000 1.00000000
v -0.26160825 -0.03165384 -0.02451653 1.00000000 1.00000000 1.00000000
v -0.27313390 0.18539367 -0.02666137 1.00000000 1.00000000 1.00000000
v -0.18603099 0.07285833 -0.02666137 1.00000000 1.00000000 1.00000000
v -0.20797764 -0.39398402 -0.02666137 1.00000000 1.00000000 1.00000000
v -0.19290604 -0.39589601 -0.02666137 1.00000000 1.00000000 1.00000000
v -0.11928969 -0.18308913 -0.02666137 1.00000000 1.00000000 1.00000000
v -0.14834015 0.02027988 -0.02666137 1.00000000 1.00000000 1.00000000
v -0.01057381 0.25512328 -0.02666137 1.00000000 1.00000000 1.00000000
v -0.09358738 0.13076314 -0.02666137 1.00000000 1.00000000 1.00000000
v -0.07901996 0.08207633 -0.02666137 1.00000000 1.00000000 1.00000000
v -0.29510045 -0.49134191 -0.01676821 1.00000000 1.00000000 1.00000000
v 0.04392747 0.20565018 -0.02666137 1.00000000 1.00000000 1.00000000
v -0.19124613 -0.31879651 -0.02666137 1.00000000 1.00000000 1.00000000
v 0.28221321 -0.04412496 -0.01413382 1.00000000 1.00000000 1.00000000
v -0.09300622 0.03338772 -0.02666137 1.00000000 1.00000000 1.00000000
v 0.22445650 -0.25464944 -0.02666137 1.00000000 1.00000000 1.00000000
v 0.04369168 -0.30652082 -0.02666137 1.00000000 1.00000000 1.00000000
v 0.08630433 -0.33260752 -0.02666137 1.00000000 1.00000000 1.00000000
v 0.10532081 0.27592174 -0.01828024 1.00000000 1.00000000 1.00000000
v 0.10380142 -0.11435325 -0.02666137 1.00000000 1.00000000 1.00000000
v 0.07332843 -0.32223979 -0.02666137 1.00000000 1.00000000 1.00000000
v -0.16068298 -0.31121715 -0.02666137 1.00000000 1.00000000 1.00000000
v -0.02084238 -0.45740028 -0.02666137 1.00000000 1.00000000 1.00000000
v 0.19215492 -0.18158005 -0.02666137 1.00000000 1.00000000 1.00000000
v -0.29279294 -0.44984776 -0.01736191 1.00000000 1.00000000 1.00000000
v 0.11565866 -0.39742487 -0.02666137 1.00000000 1.00000000 1.00000000
v 0.25028100 -0.47962782 -0.02666137 1.00000000 1.00000000 1.00000000
v -0.02802257 -0.05037866 -0.02666137 1.00000000 1.00000000 1.00000000
v 0.23472004 -0.36014638 -0.02666137 1.00000000 1.00000000 1.00000000
v -0.24014774 -0.37882328 -0.02666137 1.00000000 1.00000000 1.00000000
v 0.26832662 0.15426146 -0.02666137 1.00000000 1.00000000 1.00000000
v -0.14670437 -0.06987424 -0.02666137 1.00000000 1.00000000 1.00000000
v -0.15901032 -0.06231739 -0.02666137 1.00000000 1.00000000 1.00000000
v -0.25562370 -0.46505627 -0.02666137 1.00000000 1.00000000 1.00000000
v -0.12498848 0.20946673 -0.02666137 1.00000000 1.00000000 1.00000000
v -0.17103205 -0.41730339 -0.02666137 1.00000000 1.00000000 1.00000000
v 0.02987361 0.23092981 -0.02666137 1.00000000 1.00000000 1.00000000
v -0.19487447 -0.21172742 -0.02666137 1.00000000 1.00000000 1.00000000
v -0.12340571 0.18995597 -0.02666137 1.00000000 1.00000000 1.00000000
v 0.26858660 -0.17384958 -0.02399924 1.00000000 1.00000000 1.00000000
v -0.28747139 -0.29520384 -0.01721048 1.00000000 1.00000000 1.00000000
v -0.07758414 -0.47833854 -0.02666137 1.00000000 1.00000000 1.00000000
v 0.06440809 0.12203458 -0.02666137 1.00000000 1.00000000 1.00000000
v 0.21471599 -0.03413705 -0.02666137 1.00000000 1.00000000 1.00000000
v 0.02788636 0.05271952 -0.02666137 1.00000000 1.00000000 1.00000000
v -0.06055288 -0.22185259 -0.02666137 1.00000000 1.00000000 1.00000000
v 0.18553296 -0.21251175 -0.02666137 1.00000000 1.00000000 1.00000000
v 0.15346517 -0.28294007 -0.02666137 1.00000000 1.00000000 1.00000000
v 0.23642009 -0.15389867 -0.02666137 1.00000000 1.00000000 1.00000000
v 0.20214688 0.13163025 -0.02666137 1.00000000 1.00000000 1.00000000
v -0.05903214 -0.03302463 -0.02666137 1.00000000 1.00000000 1.00000000
v 0.20938764 0.24965091 -0.01634249 1.00000000 1.00000000 1.00000000
v 0.04387791 -0.05134439 -0.02666137 1.00000000 1.00000000 1.00000000
v -0.14348077 -0.09211306 -0.02666137 1.00000000 1.00000000 1.00000000
v -0.11471154 -0.43513557 -0.02666137 1.00000000 1.00000000 1.00000000
v 0.06082304 -0.44428003 -0.02666137 1.00000000 1.00000000 1.00000000
v -0.23667285 0.24605346 -0.01452714 1.00000000 1.00000000 1.00000000
v 0.11125511 0.15932056 -0.02666137 1.00000000 1.00000000 1.00000000
v 0.26344599 -0.51711437 -0.02663758 1.00000000 1.00000000 1.00000000
v -0.04856908 -0.23152148 -0.02666137 1.00000000 1.00000000 1.00000000
v 0.19839092 0.25706597 -0.01173607 1.00000000 1.00000000 1.00000000
v 0.22779416 -0.40093571 -0.02666137 1.00000000 1.00000000 1.00000000
v -0.02079692 -0.21145941 -0.02666137 1.00000000 1.00000000 1.00000000
v 0.01888142 0.24485769 -0.02666137 1.00000000 1.00000000 1.00000000
v 0.06371184 0.16590370 -0.02666137 1.00000000 1.00000000 1.00000000
v -0.14431732 -0.31180525 -0.02666137 1.00000000 1.00000000 1.00000000
v 0.06666573 -0.41557305 -0.02666137 1.00000000 1.00000000 1.00000000
v 0.08833733 -0.21238223 -0.02666137 1.00000000 1.00000000 1.00000000
v 0.18539525 -0.13496971 -0.02666137 1.00000000 1.00000000 1.00000000
v -0.00427093 0.11935782 -0.02666137 1.00000000 1.00000000 1.00000000
v -0.03140219 -0.30219824 -0.02666137 1.00000000 1.00000000 1.00000000
v -0.09420295 -0.25751085 -0.02666137 1.00000000 1.00000000 1.00000000
v -0.12159749 0.00231795 -0.02666137 1.00000000 1.00000000 1.00000000
v -0.22630735 0.17748406 -0.02666137 1.00000000 1.00000000 1.00000000
v -0.02017750 0.07245838 -0.02666137 1.00000000 1.00000000 1.00000000
v -0.19168241 -0.01284921 -0.02666137 1.00000000 1.00000000 1.00000000
v -0.14475035 -0.05593026 -0.02666137 1.00000000 1.00000000 1.00000000
v -0.14488176 -0.02752561 -0.02666137 1.00000000 1.00000000 1.00000000
v 0.04554888 0.14430964 -0.02666137 1.00000000 1.00000000 1.00000000
v 0.11653057 0.28040029 -0.01127075 1.00000000 1.00000000 1.00000000
v -0.04113274 -0.24903541 -0.02666137 1.00000000 1.00000000 1.00000000
v 0.25560617 -0.23688409 -0.02654903 1.00000000 1.00000000 1.00000000
v -0.07066058 -0.21147381 -0.02666137 1.00000000 1.00000000 1.00000000
v -0.17830678 0.15324644 -0.02666137 1.00000000 1.00000000 1.00000000
v -0.13146194 -0.01239971 -0.02666137 1.00000000 1.00000000 1.00000000
v -0.00949754 -0.24268384 -0.02666137 1.00000000 1.00000000 1.00000000
v 0.03714605 0.07779959 -0.02666137 1.00000000 1.00000000 1.00000000
v 0.24461057 -0.45018152 -0.02666137 1.00000000 1.00000000 1.00000000
v -0.17010466 0.01295123 -0.02666137 1.00000000 1.00000000 1.00000000
v 0.13231648 0.03845760 -0.02666137 1.00000000 1.00000000 1.00000000
v 0.01423848 -0.15708801 -0.02666137 1.00000000 1.00000000 1.00000000
v 0.14868883 -0.05913095 -0.02666137 1.00000000 1.00000000 1.00000000
v 0.15692881 -0.33709560 -0.02666137 1.00000000 1.00000000 1.00000000
v 0.01145850 0.00421849 -0.02666137 1.00000000 1.00000000 1.00000000
v -0.13399802 0.13120431 -0.02666137 1.00000000 1.00000000 1.00000000
v -0.20873898 -0.08841542 -0.02666137 1.00000000 1.00000000 1.00000000
v -0.13269418 -0.46924674 -0.02666137 1.00000000 1.00000000 1.00000000
v 0.07637121 0.06034968 -0.02666137 1.00000000 1.00000000 1.00000000
v 0.00498992 -0.36402555 -0.02666137 1.00000000 1.00000000 1.00000000
v -0.24945385 0.24014843 -0.01722655 1.00000000 1.00000000 1.00000000
v -0.26425084 -0.33458067 -0.02607899 1.00000000 1.00000000 1.00000000
v 0.03993723 -0.13607630 -0.02666137 1.00000000 1.00000000 1.00000000
v -0.02741699 0.03381947 -0.02666137 1.00000000 1.00000000 1.00000000
v 0.26229329 -0.37394600 -0.02642847 1.00000000 1.00000000 1.00000000
v 0.18073415 -0.42245565 -0.02666137 1.00000000 1.00000000 1.00000000
v 0.20471524 0.20085366 -0.02666137 1.00000000 1.00000000 1.00000000
v -0.02837037 -0.06945810 -0.02666137 1.00000000 1.00000000 1.00000000
v -0.03216531 0.22358008 -0.02666137 1.00000000 1.00000000 1.00000000
v 0.13282735 0.00473923 -0.02666137 1.00000000 1.00000000 1.00000000
v 0.10631653 -0.34950699 -0.02666137 1.00000000 1.00000000 1.00000000
v 0.12703876 -0.19782042 -0.02666137 1.00000000 1.00000000 1.00000000
v 0.09729797 0.01159573 -0.02666137 1.00000000 1.00000000 1.00000000
v 0.12044625 -0.22487193 -0.02666137 1.00000000 1.00000000 1.00000000
v 0.18234517 -0.35288574 -0.02666137 1.00000000 1.00000000 1.00000000
v 0.09433588 0.15510377 -0.02666137 1.00000000 1.00000000 1.00000000
v -0.08303871 -0.41101237 -0.02666137 1.00000000 1.00000000 1.00000000
v -0.06763444 0.19382143 -0.02666137 1.00000000 1.00000000 1.00000000
v 0.22138049 0.20631592 -0.02666137 1.00000000 1.00000000 1.00000000
v -0.11148255 -0.08831018 -0.02666137 1.00000000 1.00000000 1.00000000
v -0.17314586 -0.23344005 -0.02666137 1.00000000 1.00000000 1.00000000
v -0.27448410 0.21252923 -0.02581374 1.00000000 1.00000000 1.00000000
v 0.24883922 -0.38171057 -0.02666137 1.00000000 1.00000000 1.00000000
v 0.03344756 -0.29438057 -0.02666137 1.00000000 1.00000000 1.00000000
v -0.09622631 -0.32345242 -0.02666137 1.00000000 1.00000000 1.00000000
v -0.14425057 -0.43979440 -0.02666137 1.00000000 1.00000000 1.00000000
v 0.23305766 -0.07664098 -0.02666137 1.00000000 1.00000000 1.00000000
v -0.11347234 -0.12635501 -0.02666137 1.00000000 1.00000000 1.00000000
v 0.08219112 -0.36221552 -0.02666137 1.00000000 1.00000000 1.00000000
v -0.19063794 -0.24169965 -0.02666137 1.00000000 1.00000000 1.00000000
v 0.28482196 -0.11320320 -0.01400216 1.00000000 1.00000000 1.00000000
v -0.06574685 -0.48932857 -0.02666137 1.00000000 1.00000000 1.00000000
v -0.04436385 -0.03472768 -0.02666137 1.00000000 1.00000000 1.00000000
v 0.18148717 -0.15140981 -0.02666137 1.00000000 1.00000000 1.00000000
v 0.28634484 -0.08628622 -0.01122196 1.00000000 1.00000000 1.00000000
v 0.21440458 -0.40467413 -0.02666137 1.00000000 1.00000000 1.00000000
v -0.20969933 0.24025663 -0.02163260 1.00000000 1.00000000 1.00000000
v 0.21207052 0.03708952 -0.02666137 1.00000000 1.00000000 1.00000000
v 0.14879129 0.03620694 -0.02666137 1.00000000 1.00000000 1.00000000
v -0.09454773 0.27201224 -0.02294462 1.00000000 1.00000000 1.00000000
v -0.14261498 -0.37213809 -0.02666137 1.00000000 1.00000000 1.00000000
v 0.08626691 -0.49590626 -0.02666137 1.00000000 1.00000000 1.00000000
v -0.08191784 0.20284850 -0.02666137 1.00000000 1.00000000 1.00000000
v -0.28225407 -0.20120189 -0.01844852 1.00000000 1.00000000 1.00000000
v -0.27832921 -0.41159765 -0.02362624 1.00000000 1.00000000 1.00000000
v -0.23866586 -0.06799492 -0.02666137 1.00000000 1.00000000 1.00000000
v 0.24470057 -0.24409512 -0.02666137 1.00000000 1.00000000 1.00000000
v -0.27515500 -0.12811380 -0.02090232 1.00000000 1.00000000 1.00000000
v 0.19203601 -0.01765879 -0.02666137 1.00000000 1.00000000 1.00000000
v 0.00366556 -0.23831515 -0.02666137 1.00000000 1.00000000 1.00000000
v 0.13873185 -0.25342553 -0.02666137 1.00000000 1.00000000 1.00000000
v 0.04487573 0.09954326 -0.02666137 1.00000000 1.00000000 1.00000000
v 0.17287576 -0.20956607 -0.02666137 1.00000000 1.00000000 1.00000000
v -0.23569867 0.03481436 -0.02666137 1.00000000 1.00000000 1.00000000
v 0.21378693 -0.51138018 -0.02666137 1.00000000 1.00000000 1.00000000
v 0.15353681 -0.25106830 -0.02666137 1.00000000 1.00000000 1.00000000
v 0.06834993 -0.17530048 -0.02666137 1.00000000 1.00000000 1.00000000
v -0.06558144 0.11019426 -0.02666137 1.00000000 1.00000000 1.00000000
v -0.00433609 -0.29777309 -0.02666137 1.00000000 1.00000000 1.00000000
v 0.10924549 0.13156808 -0.02666137 1.00000000 1.00000000 1.00000000
v 0.25297675 -0.33110714 -0.02666137 1.00000000 1.00000000 1.00000000
v -0.16497739 0.07948715 -0.02666137 1.00000000 1.00000000 1.00000000
v 0.18077826 -0.48146950 -0.02666137 1.00000000 1.00000000 1.00000000
v -0.11951215 -0.44978981 -0.02666137 1.00000000 1.00000000 1.00000000
v -0.12866696 -0.12019876 -0.02666137 1.00000000 1.00000000 1.00000000
v 0.12854007 -0.43406116 -0.02666137 1.00000000 1.00000000 1.00000000
v 0.21077424 0.01849394 -0.02666137 1.00000000 1.00000000 1.00000000
v 0.02763192 0.25577350 -0.02666137 1.00000000 1.00000000 1.00000000
v -0.01066494 -0.12349244 -0.02666137 1.00000000 1.00000000 1.00000000
v -0.20801288 0.22384173 -0.02604162 1.00000000 1.00000000 1.00000000
v -0.21142758 -0.50683017 -0.02666137 1.00000000 1.00000000 1.00000000
v 0.17558019 -0.02008480 -0.02666137 1.00000000 1.00000000 1.00000000
v -0.16236864 -0.26998763 -0.02666137 1.00000000 1.00000000 1.00000000
v 0.11848568 0.23135383 -0.02666137 1.00000000 1.00000000 1.00000000
v 0.24057790 -0.29326082 -0.02666137 1.00000000 1.00000000 1.00000000
v -0.26319416 -0.12238402 -0.02492018 1.00000000 1.00000000 1.00000000
v 0.01717220 -0.14207936 -0.02666137 1.00000000 1.00000000 1.00000000
v 0.19285083 -0.33820516 -0.02666137 1.00000000 1.00000000 1.00000000
v -0.20847229 0.14167818 -0.02666137 1.00000000 1.00000000 1.00000000
v -0.11806723 0.14041874 -0.02666137 1.00000000 1.00000000 1.00000000
v 0.05936710 0.24598514 -0.02666137 1.00000000 1.00000000 1.00000000
v 0.15682071 -0.38782998 -0.02666137 1.00000000 1.00000000 1.00000000
v 0.28265939 -0.46246140 -0.02277303 1.00000000 1.00000000 1.00000000
v 0.24854490 -0.06773345 -0.02659783 1.00000000 1.00000000 1.00000000
v -0.10313923 -0.49544565 -0.02666137 1.00000000 1.00000000 1.00000000
v -0.00867473 -0.36984369 -0.02666137 1.00000000 1.00000000 1.00000000
v 0.27535932 -0.08379276 -0.02000189 1.00000000 1.00000000 1.00000000
v -0.12616467 -0.08666859 -0.02666137 1.00000000 1.00000000 1.00000000
v -0.27055840 -0.23160157 -0.02402699 1.00000000 1.00000000 1.00000000
v 0.29560116 -0.46762817 -0.01571139 1.00000000 1.00000000 1.00000000
v 0.21664948 -0.15682539 -0.02666137 1.00000000 1.00000000 1.00000000
v -0.24990130 0.09879331 -0.02666137 1.00000000 1.00000000 1.00000000
v -0.28428563 -0.17850040 -0.01647838 1.00000000 1.00000000 1.00000000
v -0.23096785 -0.40861074 -0.02666137 1.00000000 1.00000000 1.00000000
v 0.11022814 -0.25020513 -0.02666137 1.00000000 1.00000000 1.00000000
v 0.24748546 -0.02431567 -0.02657557 1.00000000 1.00000000 1.00000000
v 0.27151484 -0.50661089 -0.02592867 1.00000000 1.00000000 1.00000000
v 0.03858191 -0.34676288 -0.02666137 1.00000000 1.00000000 1.00000000
v -0.02802553 -0.18439855 -0.02666137 1.00000000 1.00000000 1.00000000
v -0.02154596 -0.42231471 -0.02666137 1.00000000 1.00000000 1.00000000
v -0.10650687 0.15859535 -0.02666137 1.00000000 1.00000000 1.00000000
v -0.06625258 -0.17428319 -0.02666137 1.00000000 1.00000000 1.00000000
v -0.19832111 0.04966408 -0.02666137 1.00000000 1.00000000 1.00000000
v 0.11572485 -0.01302197 -0.02666137 1.00000000 1.00000000 1.00000000
v -0.01309516 -0.18649798 -0.02666137 1.00000000 1.00000000 1.00000000
v 0.03203666 -0.20118923 -0.02666137 1.00000000 1.00000000 1.00000000
v -0.28665718 -0.43993488 -0.02073881 1.00000000 1.00000000 1.00000000
v 0.05145461 -0.49764731 -0.02666137 1.00000000 1.00000000 1.00000000
v 0.24194189 0.09171162 -0.02666137 1.00000000 1.00000000 1.00000000
v 0.01037928 0.06970133 -0.02666137 1.00000000 1.00000000 1.00000000
v 0.05461732 -0.02720614 -0.02666137 1.00000000 1.00000000 1.00000000
v 0.01798719 -0.17680255 -0.02666137 1.00000000 1.00000000 1.00000000
v 0.17938057 -0.23980118 -0.02666137 1.00000000 1.00000000 1.00000000
v -0.16569013 -0.15308214 -0.02666137 1.00000000 1.00000000 1.00000000
v -0.10540666 0.25521596 -0.02553884 1.00000000 1.00000000 1.00000000
v 0.10588000 -0.03895752 -0.02666137 1.00000000 1.00000000 1.00000000
v -0.11347932 -0.27494832 -0.02666137 1.00000000 1.00000000 1.00000000
v 0.12449155 -0.25793468 -0.02666137 1.00000000 1.00000000 1.00000000
v -0.04513568 -0.07790482 -0.02666137 1.00000000 1.00000000 1.00000000
v 0.09173587 -0.30249918 -0.02666137 1.00000000 1.00000000 1.00000000
v 0.15980021 -0.20125836 -0.02666137 1.00000000 1.00000000 1.00000000
v -0.07444975 0.06902829 -0.02666137 1.00000000 1.00000000 1.00000000
v -0.25270484 -0.48185997 -0.02666137 1.00000000 1.00000000 1.00000000
v 0.10866452 -0.36883822 -0.02666137 1.00000000 1.00000000 1.00000000
v -0.26075774 -0.17326340 -0.02574900 1.00000000 1.00000000 1.00000000
v -0.08770231 0.00242364 -0.02666137 1.00000000 1.00000000 1.00000000
v 0.18265497 0.13548103 -0.02666137 1.00000000 1.00000000 1.00000000
v 0.00679374 -0.41103575 -0.02666137 1.00000000 1.00000000 1.00000000
v 0.23034487 -0.49364863 -0.02666137 1.00000000 1.00000000 1.00000000
v -0.23788912 -0.08100847 -0.02666137 1.00000000 1.00000000 1.00000000
v -0.16814122 0.19206330 -0.02666137 1.00000000 1.00000000 1.00000000
v 0.17391374 -0.07533197 -0.02666137 1.00000000 1.00000000 1.00000000
v -0.05573343 -0.35976354 -0.02666137 1.00000000 1.00000000 1.00000000
v 0.06808466 -0.35852079 -0.02666137 1.00000000 1.00000000 1.00000000
v -0.10548515 -0.45711090 -0.02666137 1.00000000 1.00000000 1.00000000
v -0.19047596 -0.48728956 -0.02666137 1.00000000 1.00000000 1.00000000
v -0.18706281 -0.41014823 -0.02666137 1.00000000 1.00000000 1.00000000
v 0.01290163 0.03053310 -0.02666137 1.00000000 1.00000000 1.00000000
v 0.13821450 0.25454882 -0.02314381 1.00000000 1.00000000 1.00000000
v -0.24114373 -0.20972264 -0.02666137 1.00000000 1.00000000 1.00000000
v 0.27958579 -0.49317922 -0.02412331 1.00000000 1.00000000 1.00000000
v 0.11279796 -0.14590888 -0.02666137 1.00000000 1.00000000 1.00000000
v -0.14760243 -0.12102404 -0.02666137 1.00000000 1.00000000 1.00000000
v -0.10292602 -0.37663348 -0.02666137 1.00000000 1.00000000 1.00000000
v 0.08067055 -0.15074774 -0.02666137 1.00000000 1.00000000 1.00000000
v -0.25245846 -0.07372028 -0.02634960 1.00000000 1.00000000 1.00000000
v -0.25159055 -0.29079716 -0.02666137 1.00000000 1.00000000 1.00000000
v -0.19297664 -0.11180593 -0.02666137 1.00000000 1.00000000 1.00000000
v 0.15216526 -0.04429323 -0.02666137 1.00000000 1.00000000 1.00000000
v -0.26567938 0.22849538 -0.02188841 1.00000000 1.00000000 1.00000000
v -0.02326741 -0.19779604 -0.02666137 1.00000000 1.00000000 1.00000000
v -0.08742040 -0.10174440 -0.02666137 1.00000000 1.00000000 1.00000000
v -0.25613941 -0.51411339 -0.02666137 1.00000000 1.00000000 1.00000000
v 0.22956669 0.01855748 -0.02666137 1.00000000 1.00000000 1.00000000
v 0.25277223 0.10469363 -0.02666137 1.00000000 1.00000000 1.00000000
v 0.01890505 -0.47612064 -0.02666137 1.00000000 1.00000000 1.00000000
v -0.19713183 -0.38213281 -0.02666137 1.00000000 1.00000000 1.00000000
v -0.07973647 -0.11323482 -0.02666137 1.00000000 1.00000000 1.00000000
v -0.05363301 -0.24645867 -0.02666137 1.00000000 1.00000000 1.00000000
v -0.25953150 -0.13705492 -0.02573766 1.00000000 1.00000000 1.00000000
v 0.08286872 -0.02116649 -0.02666137 1.00000000 1.00000000 1.00000000
v 0.00114441 -0.10100128 -0.02666137 1.00000000 1.00000000 1.00000000
v -0.03159345 -0.48928528 -0.02666137 1.00000000 1.00000000 1.00000000
v 0.00422038 0.24165477 -0.02666137 1.00000000 1.00000000 1.00000000
v 0.12280894 0.02173306 -0.02666137 1.00000000 1.00000000 1.00000000
v 0.20496043 -0.19814363 -0.02666137 1.00000000 1.00000000 1.00000000
v 0.24395686 0.03943132 -0.02666137 1.00000000 1.00000000 1.00000000
v -0.24749825 -0.30334303 -0.02666137 1.00000000 1.00000000 1.00000000
v 0.23177146 0.19769150 -0.02666137 1.00000000 1.00000000 1.00000000
v 0.21564938 -0.21210100 -0.02666137 1.00000000 1.00000000 1.00000000
v 0.17693625 -0.31298060 -0.02666137 1.00000000 1.00000000 1.00000000
v -0.10056393 0.05636920 -0.02666137 1.00000000 1.00000000 1.00000000
v -0.01625713 -0.16054246 -0.02666137 1.00000000 1.00000000 1.00000000
v -0.06123383 0.00618078 -0.02666137 1.00000000 1.00000000 1.00000000
v -0.27348591 0.14888029 -0.02666137 1.00000000 1.00000000 1.00000000
v 0.23916212 -0.17520946 -0.02666137 1.00000000 1.00000000 1.00000000
v 0.20826201 -0.39276609 -0.02666137 1.00000000 1.00000000 1.00000000
v 0.16224135 -0.21943044 -0.02666137 1.00000000 1.00000000 1.00000000
v -0.13730561 -0.13485319 -0.02666137 1.00000000 1.00000000 1.00000000
v -0.23271325 0.00476061 -0.02666137 1.00000000 1.00000000 1.00000000
v -0.30257916 -0.46606472 -0.00682634 1.00000000 1.00000000 1.00000000
v -0.20454663 0.15550174 -0.02666137 1.00000000 1.00000000 1.00000000
v -0.28351109 -0.07057615 -0.01379027 1.00000000 1.00000000 1.00000000
v -0.20343407 -0.48452252 -0.02666137 1.00000000 1.00000000 1.00000000
v 0.02137450 -0.49368318 -0.02666137 1.00000000 1.00000000 1.00000000
v 0.28417537 -0.38637112 -0.02100863 1.00000000 1.00000000 1.00000000
v 0.29078876 -0.31995830 -0.01531287 1.00000000 1.00000000 1.00000000
v -0.07995868 -0.18038447 -0.02666137 1.00000000 1.00000000 1.00000000
v -0.08876845 -0.18912626 -0.02666137 1.00000000 1.00000000 1.00000000
v -0.14009550 -0.38472074 -0.02666137 1.00000000 1.00000000 1.00000000
v 0.00926566 -0.29122408 -0.02666137 1.00000000 1.00000000 1.00000000
v 0.18364729 -0.37037945 -0.02666137 1.00000000 1.00000000 1.00000000
v -0.15886261 -0.47257339 -0.02666137 1.00000000 1.00000000 1.00000000
v -0.22217049 -0.29658032 -0.02666137 1.00000000 1.00000000 1.00000000
v -0.20605635 -0.31576209 -0.02666137 1.00000000 1.00000000 1.00000000
v -0.10660779 -0.23097225 -0.02666137 1.00000000 1.00000000 1.00000000
v -0.01001865 0.15351475 -0.02666137 1.00000000 1.00000000 1.00000000
v -0.05242392 -0.27825714 -0.02666137 1.00000000 1.00000000 1.00000000
v -0.22504584 0.22114086 -0.02591503 1.00000000 1.00000000 1.00000000
v 0.27662301 0.02583825 -0.01686468 1.00000000 1.00000000 1.00000000
v 0.19575809 -0.37302805 -0.02666137 1.00000000 1.00000000 1.00000000
v 0.02655283 -0.12987122 -0.02666137 1.00000000 1.00000000 1.00000000
v -0.27693964 -0.35427594 -0.02341350 1.00000000 1.00000000 1.00000000
v -0.21953837 -0.36536825 -0.02666137 1.00000000 1.00000000 1.00000000
v 0.02403212 -0.33852995 -0.02666137 1.00000000 1.00000000 1.00000000
v -0.12041974 0.02508252 -0.02666137 1.00000000 1.00000000 1.00000000
v -0.14427243 0.26844592 -0.01462081 1.00000000 1.00000000 1.00000000
v 0.27979794 -0.30988655 -0.02174343 1.00000000 1.00000000 1.00000000
v 0.23581791 -0.47888594 -0.02666137 1.00000000 1.00000000 1.00000000
v 0.19306142 0.03277498 -0.02666137 1.00000000 1.00000000 1.00000000
v 0.04611836 -0.46843185 -0.02666137 1.00000000 1.00000000 1.00000000
v -0.08813144 -0.20690894 -0.02666137 1.00000000 1.00000000 1.00000000
v 0.26758663 0.11572457 -0.02666137 1.00000000 1.00000000 1.00000000
v 0.02010203 -0.21005225 -0.02666137 1.00000000 1.00000000 1.00000000
v 0.22081118 0.00116406 -0.02666137 1.00000000 1.00000000 1.00000000
v -0.21633671 -0.41119466 -0.02666137 1.00000000 1.00000000 1.00000000
v -0.28935202 -0.11700287 -0.00831236 1.00000000 1.00000000 1.00000000
v -0.11780509 -0.10643049 -0.02666137 1.00000000 1.00000000 1.00000000
v 0.04741666 -0.48175122 -0.02666137 1.00000000 1.00000000 1.00000000
v -0.28330492 -0.04780985 -0.01316509 1.00000000 1.00000000 1.00000000
v -0.28781180 -0.14517923 -0.01201862 1.00000000 1.00000000 1.00000000
v -0.22402730 -0.51388788 -0.02666137 1.00000000 1.00000000 1.00000000
v 0.10483165 0.07671132 -0.02666137 1.00000000 1.00000000 1.00000000
v -0.25075828 -0.36585312 -0.02666137 1.00000000 1.00000000 1.00000000
v 0.17240723 -0.17860090 -0.02666137 1.00000000 1.00000000 1.00000000
v -0.23850749 0.23459297 -0.02147259 1.00000000 1.00000000 1.00000000
v 0.03117957 -0.27014632 -0.02666137 1.00000000 1.00000000 1.00000000
v 0.13076963 0.27708819 -0.00950222 1.00000000 1.00000000 1.00000000
v 0.11611550 0.19672524 -0.02666137 1.00000000 1.00000000 1.00000000
v 0.02152669 -0.32689005 -0.02666137 1.00000000 1.00000000 1.00000000
v -0.05681218 0.26546149 -0.02666137 1.00000000 1.00000000 1.00000000
v 0.11526149 -0.23729715 -0.02666137 1.00000000 1.00000000 1.00000000
v 0.06965276 -0.07663812 -0.02666137 1.00000000 1.00000000 1.00000000
v -0.17934048 -0.00101909 -0.02666137 1.00000000 1.00000000 1.00000000
v 0.07328385 0.17606458 -0.02666137 1.00000000 1.00000000 1.00000000
v 0.07313283 0.13409767 -0.02666137 1.00000000 1.00000000 1.00000000
v -0.13850882 -0.07897777 -0.02666137 1.00000000 1.00000000 1.00000000
v 0.01868976 -0.46202514 -0.02666137 1.00000000 1.00000000 1.00000000
v 0.08884093 -0.03790566 -0.02666137 1.00000000 1.00000000 1.00000000
v -0.15362950 -0.04306171 -0.02666137 1.00000000 1.00000000 1.00000000
v 0.14170772 0.11151728 -0.02666137 1.00000000 1.00000000 1.00000000
v -0.22682044 -0.22215644 -0.02666137 1.00000000 1.00000000 1.00000000
v 0.25514455 -0.11741639 -0.02623656 1.00000000 1.00000000 1.00000000
v 0.15818647 0.24680379 -0.02378687 1.00000000 1.00000000 1.00000000
v -0.23052603 -0.32181490 -0.02666137 1.00000000 1.00000000 1.00000000
v 0.14684365 -0.00220116 -0.02666137 1.00000000 1.00000000 1.00000000
v 0.07005953 0.23624873 -0.02666137 1.00000000 1.00000000 1.00000000
v 0.22268699 0.24884496 -0.01461747 1.00000000 1.00000000 1.00000000
v -0.25312107 -0.11393707 -0.02641750 1.00000000 1.00000000 1.00000000
v -0.04648222 -0.45406133 -0.02666137 1.00000000 1.00000000 1.00000000
v -0.24342319 0.14651609 -0.02666137 1.00000000 1.00000000 1.00000000
v -0.24042575 0.06325292 -0.02666137 1.00000000 1.00000000 1.00000000
v -0.16538418 -0.45870402 -0.02666137 1.00000000 1.00000000 1.00000000
v 0.26398836 0.12963555 -0.02666137 1.00000000 1.00000000 1.00000000
v 0.23922879 -0.50583579 -0.02666137 1.00000000 1.00000000 1.00000000
v -0.03970896 0.13199455 -0.02666137 1.00000000 1.00000000 1.00000000
v -0.00202393 -0.06577338 -0.02666137 1.00000000 1.00000000 1.00000000
v 0.23615608 0.16877117 -0.02666137 1.00000000 1.00000000 1.00000000
v -0.08236082 -0.24572643 -0.02666137 1.00000000 1.00000000 1.00000000
v -0.13320056 -0.17719890 -0.02666137 1.00000000 1.00000000 1.00000000
v -0.05998771 0.03706087 -0.02666137 1.00000000 1.00000000 1.00000000
v -0.14076877 -0.42473144 -0.02666137 1.00000000 1.00000000 1.00000000
v 0.06092031 0.22720458 -0.02666137 1.00000000 1.00000000 1.00000000
v 0.17364173 0.16441308 -0.02666137 1.00000000 1.00000000 1.00000000
v 0.19995709 -0.05084610 -0.02666137 1.00000000 1.00000000 1.00000000
v -0.15595512 -0.20281300 -0.02666137 1.00000000 1.00000000 1.00000000
v -0.06386747 -0.38112846 -0.02666137 1.00000000 1.00000000 1.00000000
v -0.06856669 -0.36775006 -0.02666137 1.00000000 1.00000000 1.00000000
v 0.13937620 -0.28595357 -0.02666137 1.00000000 1.00000000 1.00000000
v 0.29147138 -0.25562666 -0.01236289 1.00000000 1.00000000 1.00000000
v -0.11920140 -0.04066133 -0.02666137 1.00000000 1.00000000 1.00000000
v -0.25378593 0.24776355 -0.00829627 1.00000000 1.00000000 1.00000000
v 0.04837984 -0.10587672 -0.02666137 1.00000000 1.00000000 1.00000000
v 0.25896140 -0.22337770 -0.02623398 1.00000000 1.00000000 1.00000000
v 0.06928197 0.02677750 -0.02666137 1.00000000 1.00000000 1.00000000
v 0.07638493 -0.44675909 -0.02666137 1.00000000 1.00000000 1.00000000
v -0.25694403 -0.27560387 -0.02655169 1.00000000 1.00000000 1.00000000
v -0.24235052 0.25040624 -0.00747068 1.00000000 1.00000000 1.00000000
v 0.24481277 -0.08358108 -0.02666137 1.00000000 1.00000000 1.00000000
v 0.16449099 -0.41214210 -0.02666137 1.00000000 1.00000000 1.00000000
v -0.20173826 -0.42230989 -0.02666137 1.00000000 1.00000000 1.00000000
v 0.15809929 0.23051552 -0.02653947 1.00000000 1.00000000 1.00000000
v -0.12530356 -0.42110412 -0.02666137 1.00000000 1.00000000 1.00000000
v -0.07095596 0.25281468 -0.02666137 1.00000000 1.00000000 1.00000000
v -0.04402274 -0.41101118 -0.02666137 1.00000000 1.00000000 1.00000000
v 0.00809723 -0.13364705 -0.02666137 1.00000000 1.00000000 1.00000000
v -0.08751718 -0.45468987 -0.02666137 1.00000000 1.00000000 1.00000000
v 0.16026075 0.12358945 -0.02666137 1.00000000 1.00000000 1.00000000
v 0.04440141 -0.44566250 -0.02666137 1.00000000 1.00000000 1.00000000
v 0.11036274 -0.30310660 -0.02666137 1.00000000 1.00000000 1.00000000
v -0.03901726 -0.49903550 -0.02666137 1.00000000 1.00000000 1.00000000
v 0.20084755 -0.49943984 -0.02666137 1.00000000 1.00000000 1.00000000
v -0.10203445 -0.42977464 -0.02666137 1.00000000 1.00000000 1.00000000
v 0.05139985 -0.38392862 -0.02666137 1.00000000 1.00000000 1.00000000
v -0.07166011 -0.00275727 -0.02666137 1.00000000 1.00000000 1.00000000
v -0.29425124 -0.33668615 -0.01250200 1.00000000 1.00000000 1.00000000
v 0.19451574 -0.42542515 -0.02666137 1.00000000 1.00000000 1.00000000
v 0.21497296 0.19013905 -0.02666137 1.00000000 1.00000000 1.00000000
v -0.19769391 0.10929820 -0.02666137 1.00000000 1.00000000 1.00000000
v -0.26181457 0.08922935 -0.02666137 1.00000000 1.00000000 1.00000000
v 0.18842090 0.22640221 -0.02626262 1.00000000 1.00000000 1.00000000
v 0.21913965 0.05829742 -0.02666137 1.00000000 1.00000000 1.00000000
v -0.05119861 -0.42557758 -0.02666137 1.00000000 1.00000000 1.00000000
v 0.28503471 -0.16771362 -0.01557038 1.00000000 1.00000000 1.00000000
v -0.01265632 -0.04331108 -0.02666137 1.00000000 1.00000000 1.00000000
v 0.08991370 0.19773880 -0.02666137 1.00000000 1.00000000 1.00000000
v -0.18485338 -0.12656192 -0.02666137 1.00000000 1.00000000 1.00000000
v 0.20032101 -0.51243519 -0.02666137 1.00000000 1.00000000 1.00000000
v -0.11996927 0.04198776 -0.02666137 1.00000000 1.00000000 1.00000000
v 0.11934581 -0.27488075 -0.02666137 1.00000000 1.00000000 1.00000000
v -0.16682755 -0.48739112 -0.02666137 1.00000000 1.00000000 1.00000000
v 0.13290883 0.19478357 -0.02666137 1.00000000 1.00000000 1.00000000
v 0.13243476 -0.21029450 -0.02666137 1.00000000 1.00000000 1.00000000
v -0.07140765 -0.49960576 -0.02666137 1.00000000 1.00000000 1.00000000
v -0.08552215 0.22230499 -0.02666137 1.00000000 1.00000000 1.00000000
v 0.15662914 -0.18140655 -0.02666137 1.00000000 1.00000000 1.00000000
v 0.11065634 -0.17510703 -0.02666137 1.00000000 1.00000000 1.00000000
v 0.07397933 -0.04395952 -0.02666137 1.00000000 1.00000000 1.00000000
v -0.00953194 -0.20233246 -0.02666137 1.00000000 1.00000000 1.00000000
v -0.29199673 0.23444083 0.01502746 1.00000000 1.00000000 1.00000000
v -0.29118304 0.21841538 0.02333116 1.00000000 1.00000000 1.00000000
v -0.28965174 0.20060867 0.02653165 1.00000000 1.00000000 1.00000000
v -0.28906175 0.18513194 0.02666137 1.00000000 1.00000000 1.00000000
v -0.28882870 0.17050965 0.02666137 1.00000000 1.00000000 1.00000000
v -0.28859565 0.15588736 0.02666137 1.00000000 1.00000000 1.00000000
v -0.28836295 0.14128699 0.02666137 1.00000000 1.00000000 1.00000000
v -0.28812990 0.12666470 0.02666137 1.00000000 1.00000000 1.00000000
v -0.28789720 0.11206434 0.02666137 1.00000000 1.00000000 1.00000000
v -0.28766415 0.09744205 0.02666137 1.00000000 1.00000000 1.00000000
v -0.28743110 0.08281976 0.02666137 1.00000000 1.00000000 1.00000000
v -0.28719650 0.06809994 0.02665931 1.00000000 1.00000000 1.00000000
v -0.28690247 0.04965165 0.02408224 1.00000000 1.00000000 1.00000000
v -0.28663784 0.03304821 0.01585025 1.00000000 1.00000000 1.00000000
v -0.28649960 0.02437445 0.00000000 1.00000000 0.00000000 0.00000000
v -0.30081220 0.02021481 0.00000000 1.00000000 1.00000000 1.00000000
v -0.31509190 0.01606474 0.00000000 1.00000000 1.00000000 1.00000000
v -0.32940451 0.01190510 0.00000000 1.00000000 1.00000000 1.00000000
v -0.34371711 0.00774546 0.00000000 1.00000000 1.00000000 1.00000000
v -0.35802971 0.00358582 0.00000000 1.00000000 1.00000000 1.00000000
v -0.37230942 -0.00056426 0.00000000 1.00000000 1.00000000 1.00000000
v -0.38662202 -0.00472390 0.00000000 1.00000000 1.00000000 1.00000000
v -0.40093462 -0.00888353 0.00000000 1.00000000 1.00000000 1.00000000
v -0.41524723 -0.01304317 0.00000000 1.00000000 1.00000000 1.00000000
v -0.42952693 -0.01719325 0.00000000 1.00000000 1.00000000 1.00000000
v -0.44383953 -0.02135289 0.00000000 1.00000000 1.00000000 1.00000000
v -0.45815214 -0.02551253 0.00000000 1.00000000 1.00000000 1.00000000
v -0.47246474 -0.02967216 0.00000000 1.00000000 1.00000000 1.00000000
v -0.48674444 -0.03382224 0.00000000 1.00000000 1.00000000 1.00000000
v -0.50105705 -0.03798188 0.00000000 1.00000000 1.00000000 1.00000000
v -0.51536965 -0.04214152 0.00000000 1.00000000 1.00000000 1.00000000
v -0.52968226 -0.04630116 0.00000000 1.00000000 1.00000000 1.00000000
v -0.54396196 -0.05045123 0.00000000 1.00000000 1.00000000 1.00000000
v -0.55827456 -0.05461087 0.00000000 1.00000000 1.00000000 1.00000000
v -0.57258717 -0.05877051 0.00000000 1.00000000 1.00000000 1.00000000
v -0.58689977 -0.06293015 0.00000000 1.00000000 1.00000000 1.00000000
v -0.60117947 -0.06708023 0.00000000 1.00000000 1.00000000 1.00000000
v -0.61549207 -0.07123986 0.00000000 1.00000000 0.00000000 0.00000000
v -0.61855382 -0.06372984 0.01537975 1.00000000 1.00000000 1.00000000
v -0.62451443 -0.04910932 0.02366923 1.00000000 1.00000000 1.00000000
v -0.63118806 -0.03273986 0.02661161 1.00000000 1.00000000 1.00000000
v -0.63671358 -0.01918655 0.02666137 1.00000000 1.00000000 1.00000000
v -0.64201736 -0.00617713 0.02666137 1.00000000 1.00000000 1.00000000
v -0.64732115 0.00683229 0.02666137 1.00000000 1.00000000 1.00000000
v -0.65263130 0.01985733 0.02666137 1.00000000 1.00000000 1.00000000
v -0.65793508 0.03286676 0.02666137 1.00000000 1.00000000 1.00000000
v -0.66346060 0.04642006 0.02661161 1.00000000 1.00000000 1.00000000
v -0.67012645 0.06277044 0.02367566 1.00000000 1.00000000 1.00000000
v -0.67609484 0.07741005 0.01537975 1.00000000 1.00000000 1.00000000
v -0.67915659 0.08492007 0.00000000 1.00000000 0.00000000 0.00000000
v -0.66572911 0.09039429 0.00000000 1.00000000 1.00000000 1.00000000
v -0.65230163 0.09586851 0.00000000 1.00000000 1.00000000 1.00000000
v -0.63891307 0.10132686 0.00000000 1.00000000 1.00000000 1.00000000
v -0.62548560 0.10680108 0.00000000 1.00000000 1.00000000 1.00000000
v -0.61205812 0.11227530 0.00000000 1.00000000 1.00000000 1.00000000
v -0.59863064 0.11774952 0.00000000 1.00000000 1.00000000 1.00000000
v -0.58520316 0.12322374 0.00000000 1.00000000 1.00000000 1.00000000
v -0.57181461 0.12868209 0.00000000 1.00000000 1.00000000 1.00000000
v -0.55838713 0.13415631 0.00000000 1.00000000 1.00000000 1.00000000
v -0.54495965 0.13963053 0.00000000 1.00000000 1.00000000 1.00000000
v -0.53153217 0.14510475 0.00000000 1.00000000 1.00000000 1.00000000
v -0.51810470 0.15057897 0.00000000 1.00000000 1.00000000 1.00000000
v -0.50471614 0.15603733 0.00000000 1.00000000 1.00000000 1.00000000
v -0.49128866 0.16151155 0.00000000 1.00000000 1.00000000 1.00000000
v -0.47786118 0.16698577 0.00000000 1.00000000 1.00000000 1.00000000
v -0.46443371 0.17245999 0.00000000 1.00000000 1.00000000 1.00000000
v -0.45104515 0.17791834 0.00000000 1.00000000 1.00000000 1.00000000
v -0.43761767 0.18339256 0.00000000 1.00000000 1.00000000 1.00000000
v -0.42419019 0.18886678 0.00000000 1.00000000 1.00000000 1.00000000
v -0.41076272 0.19434100 0.00000000 1.00000000 1.00000000 1.00000000
v -0.39733524 0.19981522 0.00000000 1.00000000 1.00000000 1.00000000
v -0.38394668 0.20527357 0.00000000 1.00000000 1.00000000 1.00000000
v -0.37051920 0.21074779 0.00000000 1.00000000 1.00000000 1.00000000
v -0.35709172 0.21622201 0.00000000 1.00000000 1.00000000 1.00000000
v -0.34366425 0.22169623 0.00000000 1.00000000 1.00000000 1.00000000
v -0.33023677 0.22717045 0.00000000 1.00000000 1.00000000 1.00000000
v -0.31684821 0.23262880 0.00000000 1.00000000 1.00000000 1.00000000
v -0.30342073 0.23810302 0.00000000 1.00000000 1.00000000 1.00000000
v -0.28999326 0.24357724 0.00000000 1.00000000 0.00000000 0.00000000
v -0.42909977 0.18052001 0.01327125 1.00000000 1.00000000 1.00000000
v -0.61932415 0.10312686 0.01311555 1.00000000 1.00000000 1.00000000
v -0.38635111 0.10449367 0.02666137 1.00000000 1.00000000 1.00000000
v -0.39552212 -0.00142277 0.01303574 1.00000000 1.00000000 1.00000000
v -0.49385100 0.11326253 0.02665916 1.00000000 1.00000000 1.00000000
v -0.43123085 0.10926134 0.02666137 1.00000000 1.00000000 1.00000000
v -0.50369193 -0.03357840 0.01226521 1.00000000 1.00000000 1.00000000
v -0.51450195 -0.03487378 0.01413636 1.00000000 1.00000000 1.00000000
v -0.50428884 0.06969544 0.02666137 1.00000000 1.00000000 1.00000000
v -0.52543848 0.01749484 0.02666137 1.00000000 1.00000000 1.00000000
v -0.37957825 0.17713046 0.02472410 1.00000000 1.00000000 1.00000000
v -0.36595084 0.18731096 0.02351976 1.00000000 1.00000000 1.00000000
v -0.62810783 0.00288055 0.02666137 1.00000000 1.00000000 1.00000000
v -0.32069408 0.04841334 0.02572145 1.00000000 1.00000000 1.00000000
v -0.39020119 0.19316906 0.01598996 1.00000000 1.00000000 1.00000000
v -0.53291262 0.08199179 0.02666137 1.00000000 1.00000000 1.00000000
v -0.54291483 0.09886463 0.02643489 1.00000000 1.00000000 1.00000000
v -0.58713590 -0.02116361 0.02654640 1.00000000 1.00000000 1.00000000
v -0.30402412 0.09966595 0.02666137 1.00000000 1.00000000 1.00000000
v -0.44328999 0.10417925 0.02666137 1.00000000 1.00000000 1.00000000
v -0.40883579 0.04372922 0.02666137 1.00000000 1.00000000 1.00000000
v -0.41293242 0.15371638 0.02627809 1.00000000 1.00000000 1.00000000
v -0.35289095 0.20261089 0.01955959 1.00000000 1.00000000 1.00000000
v -0.46895835 0.07778953 0.02666137 1.00000000 1.00000000 1.00000000
v -0.31806542 0.12625955 0.02666137 1.00000000 1.00000000 1.00000000
v -0.31965674 0.16141179 0.02666137 1.00000000 1.00000000 1.00000000
v -0.47238149 0.03682241 0.02666137 1.00000000 1.00000000 1.00000000
v -0.35235083 0.07532186 0.02666137 1.00000000 1.00000000 1.00000000
v -0.30516574 0.22799194 0.01587404 1.00000000 1.00000000 1.00000000
v -0.59756335 0.08295019 0.02572152 1.00000000 1.00000000 1.00000000
v -0.53238670 0.11337302 0.02503707 1.00000000 1.00000000 1.00000000
v -0.51622644 0.14057836 0.01685376 1.00000000 1.00000000 1.00000000
v -0.52914571 0.00458817 0.02666137 1.00000000 1.00000000 1.00000000
v -0.39317194 0.06568547 0.02666137 1.00000000 1.00000000 1.00000000
v -0.54618550 0.08015927 0.02666137 1.00000000 1.00000000 1.00000000
v -0.53602791 0.05611662 0.02666137 1.00000000 1.00000000 1.00000000
v -0.58907620 0.05188726 0.02666137 1.00000000 1.00000000 1.00000000
v -0.47786307 0.05383825 0.02666137 1.00000000 1.00000000 1.00000000
v -0.46091579 0.04644534 0.02666137 1.00000000 1.00000000 1.00000000
v -0.48766961 0.09083486 0.02666137 1.00000000 1.00000000 1.00000000
v -0.47518516 0.01872999 0.02666137 1.00000000 1.00000000 1.00000000
v -0.58165362 -0.05403709 0.01445744 1.00000000 1.00000000 1.00000000
v -0.61736096 0.08608162 0.02312862 1.00000000 1.00000000 1.00000000
v -0.46509997 0.00236111 0.02495760 1.00000000 1.00000000 1.00000000
v -0.56643293 0.12257934 0.01500880 1.00000000 1.00000000 1.00000000
v -0.39019296 0.03462816 0.02645524 1.00000000 1.00000000 1.00000000
v -0.64226116 0.09327223 0.01360041 1.00000000 1.00000000 1.00000000
v -0.42205404 0.13904154 0.02666137 1.00000000 1.00000000 1.00000000
v -0.58128176 0.04144334 0.02666137 1.00000000 1.00000000 1.00000000
v -0.58423782 0.07016172 0.02666137 1.00000000 1.00000000 1.00000000
v -0.60251892 0.04883982 0.02666137 1.00000000 1.00000000 1.00000000
v -0.50278448 0.03654058 0.02666137 1.00000000 1.00000000 1.00000000
v -0.62188059 -0.01251776 0.02666137 1.00000000 1.00000000 1.00000000
v -0.57356140 -0.01373329 0.02665743 1.00000000 1.00000000 1.00000000
v -0.47666433 -0.00476284 0.02402791 1.00000000 1.00000000 1.00000000
v -0.62940493 0.09772815 0.01431304 1.00000000 1.00000000 1.00000000
v -0.45107817 0.07622518 0.02666137 1.00000000 1.00000000 1.00000000
v -0.44796788 0.02917352 0.02666137 1.00000000 1.00000000 1.00000000
v -0.59610008 -0.05397233 0.01770245 1.00000000 1.00000000 1.00000000
v -0.61341963 -0.03803011 0.02549227 1.00000000 1.00000000 1.00000000
v -0.50029232 0.13158672 0.02379631 1.00000000 1.00000000 1.00000000
v -0.56707389 -0.04815390 0.01583500 1.00000000 1.00000000 1.00000000
v -0.49952171 0.14888162 0.01577861 1.00000000 1.00000000 1.00000000
v -0.48911253 -0.01308395 0.02251907 1.00000000 1.00000000 1.00000000
v -0.29755662 0.03009585 0.01577261 1.00000000 1.00000000 1.00000000
v -0.44583412 0.04682589 0.02666137 1.00000000 1.00000000 1.00000000
v -0.45520123 0.11767626 0.02666137 1.00000000 1.00000000 1.00000000
v -0.30351068 0.13094036 0.02666137 1.00000000 1.00000000 1.00000000
v -0.33234433 0.12496599 0.02666137 1.00000000 1.00000000 1.00000000
v -0.55117324 0.02547013 0.02666137 1.00000000 1.00000000 1.00000000
v -0.53774114 -0.04465269 0.01084927 1.00000000 1.00000000 1.00000000
v -0.33340869 0.15516743 0.02666137 1.00000000 1.00000000 1.00000000
v -0.53646440 0.02733114 0.02666137 1.00000000 1.00000000 1.00000000
v -0.42110031 0.16881496 0.02219016 1.00000000 1.00000000 1.00000000
v -0.30114626 0.17003184 0.02666137 1.00000000 1.00000000 1.00000000
v -0.63564824 0.01593362 0.02666137 1.00000000 1.00000000 1.00000000
v -0.64377639 0.07390286 0.02356185 1.00000000 1.00000000 1.00000000
v -0.36280183 0.16659553 0.02665979 1.00000000 1.00000000 1.00000000
v -0.38229629 0.14010960 0.02666137 1.00000000 1.00000000 1.00000000
v -0.59709233 -0.03597036 0.02496393 1.00000000 1.00000000 1.00000000
v -0.63241426 0.08367348 0.02180514 1.00000000 1.00000000 1.00000000
v -0.41175641 0.17881594 0.01945373 1.00000000 1.00000000 1.00000000
v -0.44230858 0.11963601 0.02666137 1.00000000 1.00000000 1.00000000
v -0.36760289 0.07860839 0.02666137 1.00000000 1.00000000 1.00000000
v -0.61508490 0.05376843 0.02666137 1.00000000 1.00000000 1.00000000
v -0.34289782 0.11427398 0.02666137 1.00000000 1.00000000 1.00000000
v -0.42239310 0.03920266 0.02666137 1.00000000 1.00000000 1.00000000
v -0.30562334 0.15128109 0.02666137 1.00000000 1.00000000 1.00000000
v -0.39413286 0.01456106 0.02253419 1.00000000 1.00000000 1.00000000
v -0.33842664 0.13900336 0.02666137 1.00000000 1.00000000 1.00000000
v -0.33608150 0.08482595 0.02666137 1.00000000 1.00000000 1.00000000
v -0.41462935 0.05761502 0.02666137 1.00000000 1.00000000 1.00000000
v -0.40429013 0.00874087 0.02139579 1.00000000 1.00000000 1.00000000
v -0.55556146 0.03854098 0.02666137 1.00000000 1.00000000 1.00000000
v -0.42561487 -0.01060471 0.01257526 1.00000000 1.00000000 1.00000000
v -0.37194250 0.03540176 0.02599392 1.00000000 1.00000000 1.00000000
v -0.44816250 0.09025705 0.02666137 1.00000000 1.00000000 1.00000000
v -0.33751177 0.19245976 0.02510990 1.00000000 1.00000000 1.00000000
v -0.54152505 0.04029853 0.02666137 1.00000000 1.00000000 1.00000000
v -0.55655212 -0.03695574 0.02074850 1.00000000 1.00000000 1.00000000
v -0.55873888 0.01449516 0.02666137 1.00000000 1.00000000 1.00000000
v -0.62528018 0.06940124 0.02603116 1.00000000 1.00000000 1.00000000
v -0.60828392 -0.05804560 0.01734965 1.00000000 1.00000000 1.00000000
v -0.40750788 0.08747069 0.02666137 1.00000000 1.00000000 1.00000000
v -0.47130942 0.12435073 0.02662452 1.00000000 1.00000000 1.00000000
v -0.39617393 0.11472210 0.02666137 1.00000000 1.00000000 1.00000000
v -0.45382059 0.01265038 0.02612432 1.00000000 1.00000000 1.00000000
v -0.48987837 0.00779146 0.02658052 1.00000000 1.00000000 1.00000000
v -0.42982534 0.12602169 0.02666137 1.00000000 1.00000000 1.00000000
v -0.55844598 -0.01101732 0.02662311 1.00000000 1.00000000 1.00000000
v -0.31301084 0.02301804 0.01350003 1.00000000 1.00000000 1.00000000
v -0.54827672 0.06664371 0.02666137 1.00000000 1.00000000 1.00000000
v -0.45801000 0.06163929 0.02666137 1.00000000 1.00000000 1.00000000
v -0.40242690 0.02954720 0.02632993 1.00000000 1.00000000 1.00000000
v -0.39544281 0.14757678 0.02666137 1.00000000 1.00000000 1.00000000
v -0.36723573 0.04955145 0.02666137 1.00000000 1.00000000 1.00000000
v -0.49193373 -0.02808769 0.01434422 1.00000000 1.00000000 1.00000000
v -0.58170695 -0.04025558 0.02242267 1.00000000 1.00000000 1.00000000
v -0.46256204 0.08878149 0.02666137 1.00000000 1.00000000 1.00000000
v -0.45132428 0.15374309 0.02313810 1.00000000 1.00000000 1.00000000
v -0.35015995 0.12803335 0.02666137 1.00000000 1.00000000 1.00000000
v -0.30892082 0.06755833 0.02666137 1.00000000 1.00000000 1.00000000
v -0.43757344 0.01634408 0.02599609 1.00000000 1.00000000 1.00000000
v -0.40961540 0.07105088 0.02666137 1.00000000 1.00000000 1.00000000
v -0.65628350 0.06297716 0.02501343 1.00000000 1.00000000 1.00000000
v -0.58686948 -0.00443915 0.02666137 1.00000000 1.00000000 1.00000000
v -0.37871865 0.19725349 0.01642460 1.00000000 1.00000000 1.00000000
v -0.38276396 0.01642761 0.02198663 1.00000000 1.00000000 1.00000000
v -0.47781234 -0.02358787 0.01469656 1.00000000 1.00000000 1.00000000
v -0.54279559 0.01268970 0.02666137 1.00000000 1.00000000 1.00000000
v -0.55199159 -0.04737439 0.01253073 1.00000000 1.00000000 1.00000000
v -0.33907571 0.09893400 0.02666137 1.00000000 1.00000000 1.00000000
v -0.45722026 0.10216169 0.02666137 1.00000000 1.00000000 1.00000000
v -0.30433929 0.19059816 0.02665860 1.00000000 1.00000000 1.00000000
v -0.54925109 0.12425826 0.01863633 1.00000000 1.00000000 1.00000000
v -0.59963254 0.10429880 0.01829938 1.00000000 1.00000000 1.00000000
v -0.36664308 0.10356190 0.02666137 1.00000000 1.00000000 1.00000000
v -0.59433885 0.01136743 0.02666137 1.00000000 1.00000000 1.00000000
v -0.52003680 0.03103065 0.02666137 1.00000000 1.00000000 1.00000000
v -0.45191737 -0.01838388 0.01242831 1.00000000 1.00000000 1.00000000
v -0.48425486 0.13100095 0.02541656 1.00000000 1.00000000 1.00000000
v -0.40612411 0.18946758 0.01367054 1.00000000 1.00000000 1.00000000
v -0.41994927 0.09091503 0.02666137 1.00000000 1.00000000 1.00000000
v -0.42525976 0.01967206 0.02596266 1.00000000 1.00000000 1.00000000
v -0.52547175 -0.03970623 0.01248803 1.00000000 1.00000000 1.00000000
v -0.31992282 0.08021592 0.02666137 1.00000000 1.00000000 1.00000000
v -0.56553286 -0.02906359 0.02443278 1.00000000 1.00000000 1.00000000
v -0.57643839 0.10432707 0.02260701 1.00000000 1.00000000 1.00000000
v -0.54213860 -0.01692870 0.02555943 1.00000000 1.00000000 1.00000000
v -0.36630560 0.20486072 0.01442617 1.00000000 1.00000000 1.00000000
v -0.62988244 0.03987352 0.02666137 1.00000000 1.00000000 1.00000000
v -0.56286039 0.05467019 0.02666137 1.00000000 1.00000000 1.00000000
v -0.43739907 0.14268088 0.02637265 1.00000000 1.00000000 1.00000000
v -0.51404932 0.05952773 0.02666137 1.00000000 1.00000000 1.00000000
v -0.43204723 0.15746991 0.02431251 1.00000000 1.00000000 1.00000000
v -0.59129854 0.11485991 0.01280754 1.00000000 1.00000000 1.00000000
v -0.41020004 -0.00617466 0.01252115 1.00000000 1.00000000 1.00000000
v -0.40199635 0.16568559 0.02520470 1.00000000 1.00000000 1.00000000
v -0.46072615 0.13239628 0.02643311 1.00000000 1.00000000 1.00000000
v -0.43909029 -0.01360570 0.01351817 1.00000000 1.00000000 1.00000000
v -0.32072504 0.14251263 0.02666137 1.00000000 1.00000000 1.00000000
v -0.61348713 0.00618586 0.02666137 1.00000000 1.00000000 1.00000000
v -0.57213230 0.01595785 0.02666137 1.00000000 1.00000000 1.00000000
v -0.40071815 0.19612871 0.00818181 1.00000000 1.00000000 1.00000000
v -0.58932368 0.09850524 0.02280216 1.00000000 1.00000000 1.00000000
v -0.52800686 0.04418811 0.02666137 1.00000000 1.00000000 1.00000000
v -0.34027650 0.01948827 0.01710622 1.00000000 1.00000000 1.00000000
v -0.55686994 0.08576959 0.02666137 1.00000000 1.00000000 1.00000000
v -0.37029282 0.15235194 0.02666137 1.00000000 1.00000000 1.00000000
v -0.37838295 0.07015547 0.02666137 1.00000000 1.00000000 1.00000000
v -0.48446801 0.15860271 0.01261294 1.00000000 1.00000000 1.00000000
v -0.31300635 0.17600560 0.02666137 1.00000000 1.00000000 1.00000000
v -0.60800333 0.09522893 0.02114793 1.00000000 1.00000000 1.00000000
v -0.60578952 0.02106000 0.02666137 1.00000000 1.00000000 1.00000000
v -0.64730265 0.04358443 0.02666137 1.00000000 1.00000000 1.00000000
v -0.43510220 0.03516669 0.02666137 1.00000000 1.00000000 1.00000000
v -0.59807052 -0.01561022 0.02666137 1.00000000 1.00000000 1.00000000
v -0.55771196 0.00268391 0.02666137 1.00000000 1.00000000 1.00000000
v -0.52182197 0.09652768 0.02666137 1.00000000 1.00000000 1.00000000
v -0.36068773 0.11771752 0.02666137 1.00000000 1.00000000 1.00000000
v -0.61064599 -0.02096217 0.02666137 1.00000000 1.00000000 1.00000000
v -0.58052903 0.00809699 0.02666137 1.00000000 1.00000000 1.00000000
v -0.38230246 0.00212445 0.01272690 1.00000000 1.00000000 1.00000000
v -0.44744690 0.13375829 0.02663334 1.00000000 1.00000000 1.00000000
v -0.50405649 0.08702164 0.02666137 1.00000000 1.00000000 1.00000000
v -0.48658781 0.03769318 0.02666137 1.00000000 1.00000000 1.00000000
v -0.51526009 0.11997084 0.02511449 1.00000000 1.00000000 1.00000000
v -0.60258623 0.11382945 0.00818196 1.00000000 1.00000000 1.00000000
v -0.56536449 0.07141594 0.02666137 1.00000000 1.00000000 1.00000000
v -0.38491595 0.16039733 0.02659633 1.00000000 1.00000000 1.00000000
v -0.35037125 0.08920246 0.02666137 1.00000000 1.00000000 1.00000000
v -0.59720151 0.03461422 0.02666137 1.00000000 1.00000000 1.00000000
v -0.53165803 -0.02864391 0.02123588 1.00000000 1.00000000 1.00000000
v -0.50110546 -0.00253356 0.02594050 1.00000000 1.00000000 1.00000000
v -0.35364071 0.04680386 0.02655211 1.00000000 1.00000000 1.00000000
v -0.50457485 0.10276983 0.02666137 1.00000000 1.00000000 1.00000000
v -0.52787734 0.06611939 0.02666137 1.00000000 1.00000000 1.00000000
v -0.38331321 0.12406976 0.02666137 1.00000000 1.00000000 1.00000000
v -0.39732253 0.05287834 0.02666137 1.00000000 1.00000000 1.00000000
v -0.36169774 0.06370299 0.02666137 1.00000000 1.00000000 1.00000000
v -0.35042690 0.18209106 0.02595019 1.00000000 1.00000000 1.00000000
v -0.32695111 0.06332788 0.02666137 1.00000000 1.00000000 1.00000000
v -0.32699938 0.10965305 0.02666137 1.00000000 1.00000000 1.00000000
v -0.41433254 0.12092347 0.02666137 1.00000000 1.00000000 1.00000000
v -0.47721368 0.06878072 0.02666137 1.00000000 1.00000000 1.00000000
v -0.57060322 -0.00125212 0.02666137 1.00000000 1.00000000 1.00000000
v -0.56735864 0.02777410 0.02666137 1.00000000 1.00000000 1.00000000
v -0.49135813 0.02284703 0.02666137 1.00000000 1.00000000 1.00000000
v -0.48119023 0.10953417 0.02666137 1.00000000 1.00000000 1.00000000
v -0.65341118 0.08722603 0.01492111 1.00000000 1.00000000 1.00000000
v -0.43912280 0.00077219 0.02226796 1.00000000 1.00000000 1.00000000
v -0.64048639 0.02972479 0.02666137 1.00000000 1.00000000 1.00000000
v -0.32664257 0.21327782 0.01957724 1.00000000 1.00000000 1.00000000
v -0.56822361 0.09170630 0.02614348 1.00000000 1.00000000 1.00000000
v -0.59734526 0.06393297 0.02666137 1.00000000 1.00000000 1.00000000
v -0.34108127 0.21207024 0.01679391 1.00000000 1.00000000 1.00000000
v -0.41497007 0.00628798 0.02167056 1.00000000 1.00000000 1.00000000
v -0.49593922 0.05343253 0.02666137 1.00000000 1.00000000 1.00000000
v -0.62233650 0.02251460 0.02666137 1.00000000 1.00000000 1.00000000
v -0.41354576 0.02431540 0.02611961 1.00000000 1.00000000 1.00000000
v -0.60353256 -0.00326164 0.02666137 1.00000000 1.00000000 1.00000000
v -0.58482694 0.02571057 0.02666137 1.00000000 1.00000000 1.00000000
v -0.35005567 0.15229287 0.02666137 1.00000000 1.00000000 1.00000000
v -0.46136984 0.02792941 0.02666137 1.00000000 1.00000000 1.00000000
v -0.34541014 0.05984805 0.02666137 1.00000000 1.00000000 1.00000000
v -0.36888377 0.13096681 0.02666137 1.00000000 1.00000000 1.00000000
v -0.66306249 0.07953830 0.01762746 1.00000000 1.00000000 1.00000000
v -0.57965463 0.11733738 0.01488662 1.00000000 1.00000000 1.00000000
v -0.32692805 0.02706061 0.01937503 1.00000000 1.00000000 1.00000000
v -0.41989148 0.10534462 0.02666137 1.00000000 1.00000000 1.00000000
v -0.45198118 -0.00518297 0.02136845 1.00000000 1.00000000 1.00000000
v -0.33717570 0.07195501 0.02666137 1.00000000 1.00000000 1.00000000
v -0.36269799 0.09098271 0.02666137 1.00000000 1.00000000 1.00000000
v -0.32930356 0.17558154 0.02666137 1.00000000 1.00000000 1.00000000
v -0.37105291 0.02139051 0.02257856 1.00000000 1.00000000 1.00000000
v -0.64231097 0.05666727 0.02654068 1.00000000 1.00000000 1.00000000
v -0.57622862 -0.02887571 0.02517942 1.00000000 1.00000000 1.00000000
v -0.53275592 0.13295275 0.01744225 1.00000000 1.00000000 1.00000000
v -0.38357145 0.04736266 0.02666137 1.00000000 1.00000000 1.00000000
v -0.31874388 0.22442662 0.01427290 1.00000000 1.00000000 1.00000000
v -0.33751600 0.04268104 0.02558344 1.00000000 1.00000000 1.00000000
v -0.51907191 -0.02308084 0.02202870 1.00000000 1.00000000 1.00000000
v -0.50688421 0.02127925 0.02666137 1.00000000 1.00000000 1.00000000
v -0.46710597 0.11053726 0.02666137 1.00000000 1.00000000 1.00000000
v -0.57968383 0.08376776 0.02644262 1.00000000 1.00000000 1.00000000
v -0.51390699 0.04617428 0.02666137 1.00000000 1.00000000 1.00000000
v -0.41828937 0.18763485 0.01019964 1.00000000 1.00000000 1.00000000
v -0.49061964 0.07278528 0.02666137 1.00000000 1.00000000 1.00000000
v -0.40791418 0.13762658 0.02666137 1.00000000 1.00000000 1.00000000
v -0.38338674 0.08171151 0.02666137 1.00000000 1.00000000 1.00000000
v -0.32109277 0.19465450 0.02586846 1.00000000 1.00000000 1.00000000
v -0.42466319 0.07399815 0.02666137 1.00000000 1.00000000 1.00000000
v -0.46658848 0.14669606 0.02339511 1.00000000 1.00000000 1.00000000
v -0.52986052 -0.01135833 0.02587481 1.00000000 1.00000000 1.00000000
v -0.56898903 0.04089043 0.02666137 1.00000000 1.00000000 1.00000000
v -0.45419474 0.16851003 0.01486659 1.00000000 1.00000000 1.00000000
v -0.37748234 0.05881977 0.02666137 1.00000000 1.00000000 1.00000000
v -0.47407377 0.09607623 0.02666137 1.00000000 1.00000000 1.00000000
v -0.42539391 0.00140511 0.02086093 1.00000000 1.00000000 1.00000000
v -0.50468071 -0.01966847 0.02171845 1.00000000 1.00000000 1.00000000
v -0.39708175 0.07846459 0.02666137 1.00000000 1.00000000 1.00000000
v -0.30321379 0.08334391 0.02666137 1.00000000 1.00000000 1.00000000
v -0.43045912 0.05399843 0.02666137 1.00000000 1.00000000 1.00000000
v -0.35432137 0.02978621 0.02373911 1.00000000 1.00000000 1.00000000
v -0.54978090 0.05203608 0.02666137 1.00000000 1.00000000 1.00000000
v -0.48219652 0.14628061 0.02124924 1.00000000 1.00000000 1.00000000
v -0.29782619 0.23829810 0.00778824 1.00000000 1.00000000 1.00000000
v -0.39347526 0.09294832 0.02666137 1.00000000 1.00000000 1.00000000
v -0.60984830 0.07024544 0.02652169 1.00000000 1.00000000 1.00000000
v -0.51157974 0.00894764 0.02666137 1.00000000 1.00000000 1.00000000
v -0.31034788 0.03700746 0.02179928 1.00000000 1.00000000 1.00000000
v -0.44007924 0.17205021 0.01655727 1.00000000 1.00000000 1.00000000
v -0.46889135 0.16188718 0.01537756 1.00000000 1.00000000 1.00000000
v -0.62920276 0.05450945 0.02666137 1.00000000 1.00000000 1.00000000
v -0.37512941 0.11324385 0.02666137 1.00000000 1.00000000 1.00000000
v -0.46485649 -0.01766210 0.01643173 1.00000000 1.00000000 1.00000000
v -0.43947929 0.06699127 0.02666137 1.00000000 1.00000000 1.00000000
v -0.57601473 0.05863768 0.02666137 1.00000000 1.00000000 1.00000000
v -0.35852886 0.14129670 0.02666137 1.00000000 1.00000000 1.00000000
v -0.55217064 -0.02412211 0.02469094 1.00000000 1.00000000 1.00000000
v -0.30771722 0.21051617 0.02367685 1.00000000 1.00000000 1.00000000
v -0.39798333 0.12877049 0.02666137 1.00000000 1.00000000 1.00000000
v -0.55923077 0.10768345 0.02376090 1.00000000 1.00000000 1.00000000
v -0.51783978 0.07882937 0.02666137 1.00000000 1.00000000 1.00000000
v -0.36892281 0.00697875 0.01370498 1.00000000 1.00000000 1.00000000
v -0.30112558 0.05139926 0.02524354 1.00000000 1.00000000 1.00000000
v -0.32175836 0.09536354 0.02666137 1.00000000 1.00000000 1.00000000
v -0.39585724 0.17983949 0.02191237 1.00000000 1.00000000 1.00000000
v -0.51612127 -0.00637634 0.02601020 1.00000000 1.00000000 1.00000000
v -0.54288937 -0.03511495 0.01969125 1.00000000 1.00000000 1.00000000
v -0.35303952 0.10449125 0.02666137 1.00000000 1.00000000 1.00000000
v -0.30974633 0.11279268 0.02666137 1.00000000 1.00000000 1.00000000
v -0.37670823 0.09347739 0.02666137 1.00000000 1.00000000 1.00000000
v -0.54406855 -0.00138634 0.02666137 1.00000000 1.00000000 1.00000000
v -0.35565066 0.01333887 0.01587200 1.00000000 1.00000000 1.00000000
v -0.34451818 0.16663917 0.02666137 1.00000000 1.00000000 1.00000000
v -0.43437270 0.08832373 0.02666137 1.00000000 1.00000000 1.00000000
v -0.40549590 0.10418563 0.02666137 1.00000000 1.00000000 1.00000000
v -0.61418664 0.03681884 0.02666137 1.00000000 1.00000000 1.00000000
v -0.61034596 0.10798504 0.01185605 1.00000000 1.00000000 1.00000000
v -0.29199673 0.23444083 -0.01502746 1.00000000 1.00000000 1.00000000
v -0.29118304 0.21841538 -0.02333116 1.00000000 1.00000000 1.00000000
v -0.28965174 0.20060867 -0.02653165 1.00000000 1.00000000 1.00000000
v -0.28906175 0.18513194 -0.02666137 1.00000000 1.00000000 1.00000000
v -0.28882870 0.17050965 -0.02666137 1.00000000 1.00000000 1.00000000
v -0.28859565 0.15588736 -0.02666137 1.00000000 1.00000000 1.00000000
v -0.28836295 0.14128699 -0.02666137 1.00000000 1.00000000 1.00000000
v -0.28812990 0.12666470 -0.02666137 1.00000000 1.00000000 1.00000000
v -0.28789720 0.11206434 -0.02666137 1.00000000 1.00000000 1.00000000
v -0.28766415 0.09744205 -0.02666137 1.00000000 1.00000000 1.00000000
v -0.28743110 0.08281976 -0.02666137 1.00000000 1.00000000 1.00000000
v -0.28719650 0.06809994 -0.02665931 1.00000000 1.00000000 1.00000000
v -0.28690247 0.04965165 -0.02408224 1.00000000 1.00000000 1.00000000
v -0.28663784 0.03304821 -0.01585025 1.00000000 1.00000000 1.00000000
v -0.28649960 0.02437445 0.00000000 1.00000000 0.00000000 0.00000000
v -0.30081220 0.02021481 0.00000000 1.00000000 1.00000000 1.00000000
v -0.31509190 0.01606474 0.00000000 1.00000000 1.00000000 1.00000000
v -0.32940451 0.01190510 0.00000000 1.00000000 1.00000000 1.00000000
v -0.34371711 0.00774546 0.00000000 1.00000000 1.00000000 1.00000000
v -0.35802971 0.00358582 0.00000000 1.00000000 1.00000000 1.00000000
v -0.37230942 -0.00056426 0.00000000 1.00000000 1.00000000 1.00000000
v -0.38662202 -0.00472390 0.00000000 1.00000000 1.00000000 1.00000000
v -0.40093462 -0.00888353 0.00000000 1.00000000 1.00000000 1.00000000
v -0.41524723 -0.01304317 0.00000000 1.00000000 1.00000000 1.00000000
v -0.42952693 -0.01719325 0.00000000 1.00000000 1.00000000 1.00000000
v -0.44383953 -0.02135289 0.00000000 1.00000000 1.00000000 1.00000000
v -0.45815214 -0.02551253 0.00000000 1.00000000 1.00000000 1.00000000
v -0.47246474 -0.02967216 0.00000000 1.00000000 1.00000000 1.00000000
v -0.48674444 -0.03382224 0.00000000 1.00000000 1.00000000 1.00000000
v -0.50105705 -0.03798188 0.00000000 1.00000000 1.00000000 1.00000000
v -0.51536965 -0.04214152 0.00000000 1.00000000 1.00000000 1.00000000
v -0.52968226 -0.04630116 0.00000000 1.00000000 1.00000000 1.00000000
v -0.54396196 -0.05045123 0.00000000 1.00000000 1.00000000 1.00000000
v -0.55827456 -0.05461087 0.00000000 1.00000000 1.00000000 1.00000000
v -0.57258717 -0.05877051 0.00000000 1.00000000 1.00000000 1.00000000
v -0.58689977 -0.06293015 0.00000000 1.00000000 1.00000000 1.00000000
v -0.60117947 -0.06708023 0.00000000 1.00000000 1.00000000 1.00000000
v -0.61549207 -0.07123986 0.00000000 1.00000000 0.00000000 0.00000000
v -0.61855382 -0.06372984 -0.01537975 1.00000000 1.00000000 1.00000000
v -0.62451443 -0.04910932 -0.02366923 1.00000000 1.00000000 1.00000000
v -0.63118806 -0.03273986 -0.02661161 1.00000000 1.00000000 1.00000000
v -0.63671358 -0.01918655 -0.02666137 1.00000000 1.00000000 1.00000000
v -0.64201736 -0.00617713 -0.02666137 1.00000000 1.00000000 1.00000000
v -0.64732115 0.00683229 -0.02666137 1.00000000 1.00000000 1.00000000
v -0.65263130 0.01985733 -0.02666137 1.00000000 1.00000000 1.00000000
v -0.65793508 0.03286676 -0.02666137 1.00000000 1.00000000 1.00000000
v -0.66346060 0.04642006 -0.02661161 1.00000000 1.00000000 1.00000000
v -0.67012645 0.06277044 -0.02367566 1.00000000 1.00000000 1.00000000
v -0.67609484 0.07741005 -0.01537975 1.00000000 1.00000000 1.00000000
v -0.67915659 0.08492007 0.00000000 1.00000000 0.00000000 0.00000000
v -0.66572911 0.09039429 0.00000000 1.00000000 1.00000000 1.00000000
v -0.65230163 0.09586851 0.00000000 1.00000000 1.00000000 1.00000000
v -0.63891307 0.10132686 0.00000000 1.00000000 1.00000000 1.00000000
v -0.62548560 0.10680108 0.00000000 1.00000000 1.00000000 1.00000000
v -0.61205812 0.11227530 0.00000000 1.00000000 1.00000000 1.00000000
v -0.59863064 0.11774952 0.00000000 1.00000000 1.00000000 1.00000000
v -0.58520316 0.12322374 0.00000000 1.00000000 1.00000000 1.00000000
v -0.57181461 0.12868209 0.00000000 1.00000000 1.00000000 1.00000000
v -0.55838713 0.13415631 0.00000000 1.00000000 1.00000000 1.00000000
v -0.54495965 0.13963053 0.00000000 1.00000000 1.00000000 1.00000000
v -0.53153217 0.14510475 0.00000000 1.00000000 1.00000000 1.00000000
v -0.51810470 0.15057897 0.00000000 1.00000000 1.00000000 1.00000000
v -0.50471614 0.15603733 0.00000000 1.00000000 1.00000000 1.00000000
v -0.49128866 0.16151155 0.00000000 1.00000000 1.00000000 1.00000000
v -0.47786118 0.16698577 0.00000000 1.00000000 1.00000000 1.00000000
v -0.46443371 0.17245999 0.00000000 1.00000000 1.00000000 1.00000000
v -0.45104515 0.17791834 0.00000000 1.00000000 1.00000000 1.00000000
v -0.43761767 0.18339256 0.00000000 1.00000000 1.00000000 1.00000000
v -0.42419019 0.18886678 0.00000000 1.00000000 1.00000000 1.00000000
v -0.41076272 0.19434100 0.00000000 1.00000000 1.00000000 1.00000000
v -0.39733524 0.19981522 0.00000000 1.00000000 1.00000000 1.00000000
v -0.38394668 0.20527357 0.00000000 1.00000000 1.00000000 1.00000000
v -0.37051920 0.21074779 0.00000000 1.00000000 1.00000000 1.00000000
v -0.35709172 0.21622201 0.00000000 1.00000000 1.00000000 1.00000000
v -0.34366425 0.22169623 0.00000000 1.00000000 1.00000000 1.00000000
v -0.33023677 0.22717045 0.00000000 1.00000000 1.00000000 1.00000000
v -0.31684821 0.23262880 0.00000000 1.00000000 1.00000000 1.00000000
v -0.30342073 0.23810302 0.00000000 1.00000000 1.00000000 1.00000000
v -0.28999326 0.24357724 0.00000000 1.00000000 0.00000000 0.00000000
v -0.33792878 0.01613451 -0.01384680 1.00000000 1.00000000 1.00000000
v -0.54887031 0.02734467 -0.02666137 1.00000000 1.00000000 1.00000000
v -0.41589573 0.02567485 -0.02633379 1.00000000 1.00000000 1.00000000
v -0.56288798 0.12108378 -0.01717078 1.00000000 1.00000000 1.00000000
v -0.33566061 0.21172425 -0.01841256 1.00000000 1.00000000 1.00000000
v -0.50211251 0.15229212 -0.01164988 1.00000000 1.00000000 1.00000000
v -0.60665974 -0.00669736 -0.02666137 1.00000000 1.00000000 1.00000000
v -0.37813507 0.02373925 -0.02399072 1.00000000 1.00000000 1.00000000
v -0.67199306 0.08526284 -0.00863536 1.00000000 1.00000000 1.00000000
v -0.40269781 -0.00318616 -0.01336253 1.00000000 1.00000000 1.00000000
v -0.60403487 -0.03107156 -0.02611658 1.00000000 1.00000000 1.00000000
v -0.36610641 0.01143935 -0.01672443 1.00000000 1.00000000 1.00000000
v -0.55146619 0.00056413 -0.02666137 1.00000000 1.00000000 1.00000000
v -0.58752699 0.03987367 -0.02666137 1.00000000 1.00000000 1.00000000
v -0.58706276 -0.02582870 -0.02615277 1.00000000 1.00000000 1.00000000
v -0.61713423 0.05388684 -0.02666137 1.00000000 1.00000000 1.00000000
v -0.61986974 0.08709463 -0.02243963 1.00000000 1.00000000 1.00000000
v -0.30077904 0.18448545 -0.02666137 1.00000000 1.00000000 1.00000000
v -0.31168193 0.16143988 -0.02666137 1.00000000 1.00000000 1.00000000
v -0.53446912 0.09399787 -0.02666137 1.00000000 1.00000000 1.00000000
v -0.39066610 0.12868118 -0.02666137 1.00000000 1.00000000 1.00000000
v -0.63461579 0.09662707 -0.01337422 1.00000000 1.00000000 1.00000000
v -0.29836587 0.14673097 -0.02666137 1.00000000 1.00000000 1.00000000
v -0.30243760 0.12502477 -0.02666137 1.00000000 1.00000000 1.00000000
v -0.62821526 -0.02295297 -0.02666137 1.00000000 1.00000000 1.00000000
v -0.30359943 0.19809491 -0.02629652 1.00000000 1.00000000 1.00000000
v -0.52435719 0.14390052 -0.01083815 1.00000000 1.00000000 1.00000000
v -0.65894394 0.06970794 -0.02294042 1.00000000 1.00000000 1.00000000
v -0.55689109 0.06556500 -0.02666137 1.00000000 1.00000000 1.00000000
v -0.51255193 -0.01693851 -0.02351592 1.00000000 1.00000000 1.00000000
v -0.43714872 0.11258337 -0.02666137 1.00000000 1.00000000 1.00000000
v -0.47348376 0.00712375 -0.02614625 1.00000000 1.00000000 1.00000000
v -0.35204817 0.14309149 -0.02666137 1.00000000 1.00000000 1.00000000
v -0.64530798 0.06807142 -0.02488325 1.00000000 1.00000000 1.00000000
v -0.36617162 0.09988467 -0.02666137 1.00000000 1.00000000 1.00000000
v -0.56718877 -0.00660433 -0.02666137 1.00000000 1.00000000 1.00000000
v -0.32978231 0.19587934 -0.02505599 1.00000000 1.00000000 1.00000000
v -0.43802524 -0.00001116 -0.02183499 1.00000000 1.00000000 1.00000000
v -0.60116757 -0.04445747 -0.02294166 1.00000000 1.00000000 1.00000000
v -0.46983049 0.14171742 -0.02439909 1.00000000 1.00000000 1.00000000
v -0.48135684 0.09788386 -0.02666137 1.00000000 1.00000000 1.00000000
v -0.58776624 0.09693506 -0.02350319 1.00000000 1.00000000 1.00000000
v -0.37056602 0.08639993 -0.02666137 1.00000000 1.00000000 1.00000000
v -0.32439187 0.22159911 -0.01472448 1.00000000 1.00000000 1.00000000
v -0.44202900 0.02534695 -0.02666137 1.00000000 1.00000000 1.00000000
v -0.53704266 0.13458914 -0.01498607 1.00000000 1.00000000 1.00000000
v -0.61040810 -0.01753923 -0.02666137 1.00000000 1.00000000 1.00000000
v -0.45264046 0.11005162 -0.02666137 1.00000000 1.00000000 1.00000000
v -0.41398716 0.06224359 -0.02666137 1.00000000 1.00000000 1.00000000
v -0.60049549 -0.06138767 -0.01262076 1.00000000 1.00000000 1.00000000
v -0.29916217 0.17030960 -0.02666137 1.00000000 1.00000000 1.00000000
v -0.62075952 -0.01941442 -0.02666137 1.00000000 1.00000000 1.00000000
v -0.42744166 0.01611038 -0.02550818 1.00000000 1.00000000 1.00000000
v -0.38549948 0.08865959 -0.02666137 1.00000000 1.00000000 1.00000000
v -0.36086452 0.13137122 -0.02666137 1.00000000 1.00000000 1.00000000
v -0.60348585 0.06645970 -0.02666137 1.00000000 1.00000000 1.00000000
v -0.63105212 -0.00582950 -0.02666137 1.00000000 1.00000000 1.00000000
v -0.60500894 0.04331073 -0.02666137 1.00000000 1.00000000 1.00000000
v -0.32294816 0.12493223 -0.02666137 1.00000000 1.00000000 1.00000000
v -0.42215954 -0.00471839 -0.01681935 1.00000000 1.00000000 1.00000000
v -0.46523289 0.10381376 -0.02666137 1.00000000 1.00000000 1.00000000
v -0.64319759 0.03182043 -0.02666137 1.00000000 1.00000000 1.00000000
v -0.61793324 0.03596068 -0.02666137 1.00000000 1.00000000 1.00000000
v -0.50573299 0.08293796 -0.02666137 1.00000000 1.00000000 1.00000000
v -0.56437306 0.10125366 -0.02484309 1.00000000 1.00000000 1.00000000
v -0.39143811 0.07508401 -0.02666137 1.00000000 1.00000000 1.00000000
v -0.60404453 0.08550292 -0.02474996 1.00000000 1.00000000 1.00000000
v -0.48842390 0.05715813 -0.02666137 1.00000000 1.00000000 1.00000000
v -0.49810611 0.03824994 -0.02666137 1.00000000 1.00000000 1.00000000
v -0.55553074 0.04625625 -0.02666137 1.00000000 1.00000000 1.00000000
v -0.42228525 0.11741848 -0.02666137 1.00000000 1.00000000 1.00000000
v -0.29756844 0.13556331 -0.02666137 1.00000000 1.00000000 1.00000000
v -0.59092497 -0.03863720 -0.02383862 1.00000000 1.00000000 1.00000000
v -0.62058122 0.00250725 -0.02666137 1.00000000 1.00000000 1.00000000
v -0.45317488 0.16547005 -0.01739504 1.00000000 1.00000000 1.00000000
v -0.37448230 0.19666340 -0.01795449 1.00000000 1.00000000 1.00000000
v -0.30931104 0.02036819 -0.00886442 1.00000000 1.00000000 1.00000000
v -0.63733348 0.00297324 -0.02666137 1.00000000 1.00000000 1.00000000
v -0.42809775 0.17813198 -0.01567813 1.00000000 1.00000000 1.00000000
v -0.56822119 -0.02594753 -0.02529771 1.00000000 1.00000000 1.00000000
v -0.47946350 -0.02333708 -0.01531684 1.00000000 1.00000000 1.00000000
v -0.49464825 0.12482790 -0.02573357 1.00000000 1.00000000 1.00000000
v -0.43877716 0.13199420 -0.02666137 1.00000000 1.00000000 1.00000000
v -0.57209708 0.04642897 -0.02666137 1.00000000 1.00000000 1.00000000
v -0.32820688 0.18018990 -0.02666137 1.00000000 1.00000000 1.00000000
v -0.54109061 0.01246932 -0.02666137 1.00000000 1.00000000 1.00000000
v -0.49582895 0.10740066 -0.02666137 1.00000000 1.00000000 1.00000000
v -0.58835714 0.02337644 -0.02666137 1.00000000 1.00000000 1.00000000
v -0.43567907 0.15137937 -0.02531284 1.00000000 1.00000000 1.00000000
v -0.31154667 0.13276032 -0.02666137 1.00000000 1.00000000 1.00000000
v -0.51274490 -0.03383118 -0.01461667 1.00000000 1.00000000 1.00000000
v -0.37473229 0.12488356 -0.02666137 1.00000000 1.00000000 1.00000000
v -0.30790653 0.22785725 -0.01510670 1.00000000 1.00000000 1.00000000
v -0.59968098 0.02870419 -0.02666137 1.00000000 1.00000000 1.00000000
v -0.41523038 0.18775457 -0.01160194 1.00000000 1.00000000 1.00000000
v -0.32341999 0.14072567 -0.02666137 1.00000000 1.00000000 1.00000000
v -0.47697269 0.07767775 -0.02666137 1.00000000 1.00000000 1.00000000
v -0.59251113 0.05501099 -0.02666137 1.00000000 1.00000000 1.00000000
v -0.32558243 0.09480532 -0.02666137 1.00000000 1.00000000 1.00000000
v -0.51451625 0.03022868 -0.02666137 1.00000000 1.00000000 1.00000000
v -0.32491673 0.16658378 -0.02666137 1.00000000 1.00000000 1.00000000
v -0.46966722 0.09019223 -0.02666137 1.00000000 1.00000000 1.00000000
v -0.38702100 0.19749046 -0.01344894 1.00000000 1.00000000 1.00000000
v -0.55177566 0.08408667 -0.02666137 1.00000000 1.00000000 1.00000000
v -0.50100630 0.05083637 -0.02666137 1.00000000 1.00000000 1.00000000
v -0.40707487 0.13099094 -0.02666137 1.00000000 1.00000000 1.00000000
v -0.35937768 0.07537314 -0.02666137 1.00000000 1.00000000 1.00000000
v -0.57997960 -0.01515190 -0.02666062 1.00000000 1.00000000 1.00000000
v -0.59341213 -0.00746648 -0.02666137 1.00000000 1.00000000 1.00000000
v -0.49230522 0.07329297 -0.02666137 1.00000000 1.00000000 1.00000000
v -0.32425535 0.04341978 -0.02498471 1.00000000 1.00000000 1.00000000
v -0.51200029 0.01535536 -0.02666137 1.00000000 1.00000000 1.00000000
v -0.35388060 0.04250556 -0.02621540 1.00000000 1.00000000 1.00000000
v -0.33816268 0.14678758 -0.02666137 1.00000000 1.00000000 1.00000000
v -0.52298974 0.11206722 -0.02590641 1.00000000 1.00000000 1.00000000
v -0.61902612 0.01726509 -0.02666137 1.00000000 1.00000000 1.00000000
v -0.32187892 0.02249564 -0.01534504 1.00000000 1.00000000 1.00000000
v -0.29631740 0.03339036 -0.01785592 1.00000000 1.00000000 1.00000000
v -0.40214527 0.18548970 -0.01789054 1.00000000 1.00000000 1.00000000
v -0.47511192 0.06023421 -0.02666137 1.00000000 1.00000000 1.00000000
v -0.35437457 0.08924245 -0.02666137 1.00000000 1.00000000 1.00000000
v -0.48228701 0.13224431 -0.02533734 1.00000000 1.00000000 1.00000000
v -0.40319828 0.16201146 -0.02574853 1.00000000 1.00000000 1.00000000
v -0.31909786 0.08084253 -0.02666137 1.00000000 1.00000000 1.00000000
v -0.33702705 0.11960700 -0.02666137 1.00000000 1.00000000 1.00000000
v -0.44583989 0.05841654 -0.02666137 1.00000000 1.00000000 1.00000000
v -0.32007946 0.20637374 -0.02341102 1.00000000 1.00000000 1.00000000
v -0.61187738 -0.04298093 -0.02431793 1.00000000 1.00000000 1.00000000
v -0.58112805 -0.00061962 -0.02666137 1.00000000 1.00000000 1.00000000
v -0.43985617 0.17062272 -0.01757296 1.00000000 1.00000000 1.00000000
v -0.52628042 -0.02186818 -0.02321747 1.00000000 1.00000000 1.00000000
v -0.58319659 -0.04958784 -0.01810709 1.00000000 1.00000000 1.00000000
v -0.40744643 0.14561336 -0.02666137 1.00000000 1.00000000 1.00000000
v -0.62934476 0.01113460 -0.02666137 1.00000000 1.00000000 1.00000000
v -0.48900223 0.14804767 -0.01906746 1.00000000 1.00000000 1.00000000
v -0.52560707 0.00441087 -0.02666137 1.00000000 1.00000000 1.00000000
v -0.49340196 0.09084189 -0.02666137 1.00000000 1.00000000 1.00000000
v -0.45526893 0.00082136 -0.02384822 1.00000000 1.00000000 1.00000000
v -0.38978469 0.16637293 -0.02590646 1.00000000 1.00000000 1.00000000
v -0.52086840 0.08945222 -0.02666137 1.00000000 1.00000000 1.00000000
v -0.37829352 0.04307259 -0.02665796 1.00000000 1.00000000 1.00000000
v -0.36475170 0.11356084 -0.02666137 1.00000000 1.00000000 1.00000000
v -0.52384214 0.13048009 -0.02073520 1.00000000 1.00000000 1.00000000
v -0.42156858 0.15866746 -0.02501346 1.00000000 1.00000000 1.00000000
v -0.53798016 0.07355938 -0.02666137 1.00000000 1.00000000 1.00000000
v -0.49286024 0.01045623 -0.02666135 1.00000000 1.00000000 1.00000000
v -0.34880525 0.10716778 -0.02666137 1.00000000 1.00000000 1.00000000
v -0.66113001 0.08528881 -0.01387016 1.00000000 1.00000000 1.00000000
v -0.34490146 0.07188018 -0.02666137 1.00000000 1.00000000 1.00000000
v -0.47931213 0.04076184 -0.02666137 1.00000000 1.00000000 1.00000000
v -0.31157321 0.09816081 -0.02666137 1.00000000 1.00000000 1.00000000
v -0.50978326 0.10132884 -0.02666137 1.00000000 1.00000000 1.00000000
v -0.42907640 0.07239105 -0.02666137 1.00000000 1.00000000 1.00000000
v -0.40709165 0.03725142 -0.02666137 1.00000000 1.00000000 1.00000000
v -0.44483694 0.07555626 -0.02666137 1.00000000 1.00000000 1.00000000
v -0.56386679 0.01080831 -0.02666137 1.00000000 1.00000000 1.00000000
v -0.32895762 0.06561681 -0.02666137 1.00000000 1.00000000 1.00000000
v -0.33699941 0.13378832 -0.02666137 1.00000000 1.00000000 1.00000000
v -0.59843524 -0.01987990 -0.02666137 1.00000000 1.00000000 1.00000000
v -0.44702330 0.04232047 -0.02666137 1.00000000 1.00000000 1.00000000
v -0.44729661 -0.01444586 -0.01493298 1.00000000 1.00000000 1.00000000
v -0.42952272 0.08839126 -0.02666137 1.00000000 1.00000000 1.00000000
v -0.33517855 0.15746621 -0.02666137 1.00000000 1.00000000 1.00000000
v -0.57572635 0.06311895 -0.02666137 1.00000000 1.00000000 1.00000000
v -0.33734403 0.16826733 -0.02666137 1.00000000 1.00000000 1.00000000
v -0.39773480 0.02384940 -0.02534513 1.00000000 1.00000000 1.00000000
v -0.54931770 -0.04635492 -0.01279042 1.00000000 1.00000000 1.00000000
v -0.61057458 -0.05480458 -0.01968152 1.00000000 1.00000000 1.00000000
v -0.36839002 0.16731444 -0.02658913 1.00000000 1.00000000 1.00000000
v -0.39295961 0.01186328 -0.02132212 1.00000000 1.00000000 1.00000000
v -0.53079328 -0.03894922 -0.01472835 1.00000000 1.00000000 1.00000000
v -0.48532561 -0.00756741 -0.02394732 1.00000000 1.00000000 1.00000000
v -0.48075602 0.11328653 -0.02666137 1.00000000 1.00000000 1.00000000
v -0.39947029 0.05069834 -0.02666137 1.00000000 1.00000000 1.00000000
v -0.35023796 0.12395354 -0.02666137 1.00000000 1.00000000 1.00000000
v -0.53173150 0.02898061 -0.02666137 1.00000000 1.00000000 1.00000000
v -0.29860514 0.09774101 -0.02666137 1.00000000 1.00000000 1.00000000
v -0.36674055 0.04928081 -0.02666137 1.00000000 1.00000000 1.00000000
v -0.64896770 0.04540950 -0.02666137 1.00000000 1.00000000 1.00000000
v -0.57628389 -0.03800772 -0.02266782 1.00000000 1.00000000 1.00000000
v -0.30793091 0.17586753 -0.02666137 1.00000000 1.00000000 1.00000000
v -0.35842794 0.20315220 -0.01798893 1.00000000 1.00000000 1.00000000
v -0.32251532 0.15380177 -0.02666137 1.00000000 1.00000000 1.00000000
v -0.64851641 0.08720027 -0.01646724 1.00000000 1.00000000 1.00000000
v -0.56262549 0.02892679 -0.02666137 1.00000000 1.00000000 1.00000000
v -0.37124359 0.20603666 -0.01119016 1.00000000 1.00000000 1.00000000
v -0.46107437 0.03312908 -0.02666137 1.00000000 1.00000000 1.00000000
v -0.43005692 0.05656243 -0.02666137 1.00000000 1.00000000 1.00000000
v -0.53746330 0.11649415 -0.02377893 1.00000000 1.00000000 1.00000000
v -0.41741771 0.04609886 -0.02666137 1.00000000 1.00000000 1.00000000
v -0.47547147 0.02365974 -0.02666137 1.00000000 1.00000000 1.00000000
v -0.37923476 0.15433447 -0.02666137 1.00000000 1.00000000 1.00000000
v -0.54304724 -0.03130436 -0.02151581 1.00000000 1.00000000 1.00000000
v -0.46733022 0.12101756 -0.02666137 1.00000000 1.00000000 1.00000000
v -0.35223173 0.05909068 -0.02666137 1.00000000 1.00000000 1.00000000
v -0.53817543 -0.01032327 -0.02629031 1.00000000 1.00000000 1.00000000
v -0.60894964 0.00572564 -0.02666137 1.00000000 1.00000000 1.00000000
v -0.39101556 0.03818071 -0.02663797 1.00000000 1.00000000 1.00000000
v -0.33906500 0.05146561 -0.02657331 1.00000000 1.00000000 1.00000000
v -0.33460757 0.08083068 -0.02666137 1.00000000 1.00000000 1.00000000
v -0.58654378 0.07599789 -0.02665379 1.00000000 1.00000000 1.00000000
v -0.58036372 0.01228859 -0.02666137 1.00000000 1.00000000 1.00000000
v -0.34759120 0.21199902 -0.01484330 1.00000000 1.00000000 1.00000000
v -0.55013337 0.12790855 -0.01603310 1.00000000 1.00000000 1.00000000
v -0.42295890 0.13487713 -0.02666137 1.00000000 1.00000000 1.00000000
v -0.46739570 0.16056895 -0.01679696 1.00000000 1.00000000 1.00000000
v -0.46382986 -0.02212572 -0.01211639 1.00000000 1.00000000 1.00000000
v -0.44408880 0.09527834 -0.02666137 1.00000000 1.00000000 1.00000000
v -0.45313690 0.12685430 -0.02666137 1.00000000 1.00000000 1.00000000
v -0.63687373 0.05417877 -0.02666137 1.00000000 1.00000000 1.00000000
v -0.37800399 0.17993657 -0.02420219 1.00000000 1.00000000 1.00000000
v -0.34160604 0.19411817 -0.02436822 1.00000000 1.00000000 1.00000000
v -0.35237445 0.01292774 -0.01474884 1.00000000 1.00000000 1.00000000
v -0.53978675 0.04884443 -0.02666137 1.00000000 1.00000000 1.00000000
v -0.63957340 0.02141553 -0.02666137 1.00000000 1.00000000 1.00000000
v -0.60864429 0.02137953 -0.02666137 1.00000000 1.00000000 1.00000000
v -0.31613001 0.05865191 -0.02659613 1.00000000 1.00000000 1.00000000
v -0.38236865 0.10222392 -0.02666137 1.00000000 1.00000000 1.00000000
v -0.64077982 0.01291497 -0.02666137 1.00000000 1.00000000 1.00000000
v -0.57559365 -0.05536729 -0.01121358 1.00000000 1.00000000 1.00000000
v -0.59142870 0.11336127 -0.01418015 1.00000000 1.00000000 1.00000000
v -0.36050533 0.21209442 -0.00888882 1.00000000 1.00000000 1.00000000
v -0.43111689 0.03883766 -0.02666137 1.00000000 1.00000000 1.00000000
v -0.31515225 0.11304734 -0.02666137 1.00000000 1.00000000 1.00000000
v -0.40530772 0.11614499 -0.02666137 1.00000000 1.00000000 1.00000000
v -0.59454607 -0.05280286 -0.01815910 1.00000000 1.00000000 1.00000000
v -0.50052913 0.13934463 -0.02101856 1.00000000 1.00000000 1.00000000
v -0.62394952 0.06860977 -0.02618473 1.00000000 1.00000000 1.00000000
v -0.60414657 0.10425233 -0.01717795 1.00000000 1.00000000 1.00000000
v -0.30896913 0.02937590 -0.01763714 1.00000000 1.00000000 1.00000000
v -0.36369797 0.15338807 -0.02666137 1.00000000 1.00000000 1.00000000
v -0.37249930 0.14038785 -0.02666137 1.00000000 1.00000000 1.00000000
v -0.45748955 0.08478762 -0.02666137 1.00000000 1.00000000 1.00000000
v -0.34509582 0.03004828 -0.02297042 1.00000000 1.00000000 1.00000000
v -0.31019746 0.14676576 -0.02666137 1.00000000 1.00000000 1.00000000
v -0.36168014 0.02767325 -0.02374670 1.00000000 1.00000000 1.00000000
v -0.30285317 0.08343250 -0.02666137 1.00000000 1.00000000 1.00000000
v -0.38291627 0.05817657 -0.02666137 1.00000000 1.00000000 1.00000000
v -0.54915167 0.10567008 -0.02520894 1.00000000 1.00000000 1.00000000
v -0.40150104 0.08799896 -0.02666137 1.00000000 1.00000000 1.00000000
v -0.31539474 0.18923263 -0.02657569 1.00000000 1.00000000 1.00000000
v -0.38672833 0.11453660 -0.02666137 1.00000000 1.00000000 1.00000000
v -0.39032677 0.14369317 -0.02666137 1.00000000 1.00000000 1.00000000
v -0.34299896 0.17799710 -0.02657487 1.00000000 1.00000000 1.00000000
v -0.52768646 0.05964573 -0.02666137 1.00000000 1.00000000 1.00000000
v -0.41015569 0.00828506 -0.02191418 1.00000000 1.00000000 1.00000000
v -0.55402694 -0.01735366 -0.02601528 1.00000000 1.00000000 1.00000000
v -0.39056488 0.18501841 -0.02064330 1.00000000 1.00000000 1.00000000
v -0.30117254 0.11288406 -0.02666137 1.00000000 1.00000000 1.00000000
v -0.60970686 -0.06632757 -0.00980410 1.00000000 1.00000000 1.00000000
v -0.63147968 0.04159848 -0.02666137 1.00000000 1.00000000 1.00000000
v -0.46667816 -0.01004716 -0.02110836 1.00000000 1.00000000 1.00000000
v -0.59620954 0.00891784 -0.02666137 1.00000000 1.00000000 1.00000000
v -0.46095898 0.06750810 -0.02666137 1.00000000 1.00000000 1.00000000
v -0.30722285 0.07071133 -0.02666137 1.00000000 1.00000000 1.00000000
v -0.41376316 0.17480624 -0.02098010 1.00000000 1.00000000 1.00000000
v -0.33025192 0.10801370 -0.02666137 1.00000000 1.00000000 1.00000000
v -0.49344391 0.02518922 -0.02666137 1.00000000 1.00000000 1.00000000
v -0.30903520 0.04287516 -0.02371764 1.00000000 1.00000000 1.00000000
v -0.40117368 0.10228173 -0.02666137 1.00000000 1.00000000 1.00000000
v -0.35554818 0.17452875 -0.02648465 1.00000000 1.00000000 1.00000000
v -0.35018680 0.15979577 -0.02666137 1.00000000 1.00000000 1.00000000
v -0.36503674 0.18759883 -0.02354493 1.00000000 1.00000000 1.00000000
v -0.55767189 -0.03565207 -0.02147450 1.00000000 1.00000000 1.00000000
v -0.62858768 0.02628860 -0.02666137 1.00000000 1.00000000 1.00000000
v -0.37595533 0.00529212 -0.01404386 1.00000000 1.00000000 1.00000000
v -0.39904060 0.06509379 -0.02666137 1.00000000 1.00000000 1.00000000
v -0.50517009 -0.00287693 -0.02605075 1.00000000 1.00000000 1.00000000
v -0.50767084 0.06342320 -0.02666137 1.00000000 1.00000000 1.00000000
v -0.58896117 -0.06033127 -0.00975576 1.00000000 1.00000000 1.00000000
v -0.35275349 0.19229671 -0.02363590 1.00000000 1.00000000 1.00000000
v -0.51858304 0.04589510 -0.02666137 1.00000000 1.00000000 1.00000000
v -0.57067099 0.08382501 -0.02662503 1.00000000 1.00000000 1.00000000
v -0.41296278 0.07941479 -0.02666137 1.00000000 1.00000000 1.00000000
v -0.61546631 -0.02924676 -0.02655437 1.00000000 1.00000000 1.00000000
v -0.33219990 0.03071915 -0.02182467 1.00000000 1.00000000 1.00000000
v -0.45360160 0.14716356 -0.02467618 1.00000000 1.00000000 1.00000000
v -0.46283329 0.04958698 -0.02666137 1.00000000 1.00000000 1.00000000
v -0.29948024 0.05568095 -0.02588688 1.00000000 1.00000000 1.00000000
v -0.50923033 0.12217219 -0.02516507 1.00000000 1.00000000 1.00000000
v -0.51948352 0.07370356 -0.02666137 1.00000000 1.00000000 1.00000000
v -0.41945639 0.10005346 -0.02666137 1.00000000 1.00000000 1.00000000
v -0.38701321 0.00251854 -0.01444645 1.00000000 1.00000000 1.00000000
v -0.63493039 0.08163202 -0.02219276 1.00000000 1.00000000 1.00000000
v -0.36663919 0.06324602 -0.02666137 1.00000000 1.00000000 1.00000000
v -0.49583698 -0.02419935 -0.01810670 1.00000000 1.00000000 1.00000000
v -0.37676732 0.07328385 -0.02666137 1.00000000 1.00000000 1.00000000
v -0.48104206 0.15765231 -0.01479361 1.00000000 1.00000000 1.00000000
v -0.30025513 0.15829301 -0.02666137 1.00000000 1.00000000 1.00000000
v -0.30706887 0.21349858 -0.02282863 1.00000000 1.00000000 1.00000000
v -0.57522528 0.02762828 -0.02666137 1.00000000 1.00000000 1.00000000
v -0.45590454 0.01765860 -0.02658023 1.00000000 1.00000000 1.00000000
v -0.62110069 -0.00946815 -0.02666137 1.00000000 1.00000000 1.00000000
v -0.62193682 -0.03790201 -0.02590555 1.00000000 1.00000000 1.00000000
v -0.34122725 0.09402420 -0.02666137 1.00000000 1.00000000 1.00000000
v -0.51296636 0.14134335 -0.01723210 1.00000000 1.00000000 1.00000000
v -0.56503366 -0.04834525 -0.01520159 1.00000000 1.00000000 1.00000000
v -0.57698100 0.11375472 -0.01816784 1.00000000 1.00000000 1.00000000
v -0.61846315 0.10250271 -0.01403436 1.00000000 1.00000000 1.00000000
v -0.31716335 0.17434235 -0.02666137 1.00000000 1.00000000 1.00000000
v 0.28999326 0.24357724 0.00000000 1.00000000 0.00000000 0.00000000
v 0.30342073 0.23810302 0.00000000 1.00000000 1.00000000 1.00000000
v 0.31684821 0.23262880 0.00000000 1.00000000 1.00000000 1.00000000
v 0.33023677 0.22717045 0.00000000 1.00000000 1.00000000 1.00000000
v 0.34366425 0.22169623 0.00000000 1.00000000 1.00000000 1.00000000
v 0.35709172 0.21622201 0.00000000 1.00000000 1.00000000 1.00000000
v 0.37051920 0.21074779 0.00000000 1.00000000 1.00000000 1.00000000
v 0.38394668 0.20527357 0.00000000 1.00000000 1.00000000 1.00000000
v 0.39733524 0.19981522 0.00000000 1.00000000 1.00000000 1.00000000
v 0.41076272 0.19434100 0.00000000 1.00000000 1.00000000 1.00000000
v 0.42419019 0.18886678 0.00000000 1.00000000 1.00000000 1.00000000
v 0.43761767 0.18339256 0.00000000 1.00000000 1.00000000 1.00000000
v 0.45104515 0.17791834 0.00000000 1.00000000 1.00000000 1.00000000
v 0.46443371 0.17245999 0.00000000 1.00000000 1.00000000 1.00000000
v 0.47786118 0.16698577 0.00000000 1.00000000 1.00000000 1.00000000
v 0.49128866 0.16151155 0.00000000 1.00000000 1.00000000 1.00000000
v 0.50471614 0.15603733 0.00000000 1.00000000 1.00000000 1.00000000
v 0.51810470 0.15057897 0.00000000 1.00000000 1.00000000 1.00000000
v 0.53153217 0.14510475 0.00000000 1.00000000 1.00000000 1.00000000
v 0.54495965 0.13963053 0.00000000 1.00000000 1.00000000 1.00000000
v 0.55838713 0.13415631 0.00000000 1.00000000 1.00000000 1.00000000
v 0.57181461 0.12868209 0.00000000 1.00000000 1.00000000 1.00000000
v 0.58520316 0.12322374 0.00000000 1.00000000 1.00000000 1.00000000
v 0.59863064 0.11774952 0.00000000 1.00000000 1.00000000 1.00000000
v 0.61205812 0.11227530 0.00000000 1.00000000 1.00000000 1.00000000
v 0.62548560 0.10680108 0.00000000 1.00000000 1.00000000 1.00000000
v 0.63891307 0.10132686 0.00000000 1.00000000 1.00000000 1.00000000
v 0.65230163 0.09586851 0.00000000 1.00000000 1.00000000 1.00000000
v 0.66572911 0.09039429 0.00000000 1.00000000 1.00000000 1.00000000
v 0.67915659 0.08492007 0.00000000 1.00000000 0.00000000 0.00000000
v 0.67609484 0.07741005 0.01537975 1.00000000 1.00000000 1.00000000
v 0.67013423 0.06278953 0.02366923 1.00000000 1.00000000 1.00000000
v 0.66346060 0.04642006 0.02661161 1.00000000 1.00000000 1.00000000
v 0.65793508 0.03286676 0.02666137 1.00000000 1.00000000 1.00000000
v 0.65263130 0.01985733 0.02666137 1.00000000 1.00000000 1.00000000
v 0.64732751 0.00684791 0.02666137 1.00000000 1.00000000 1.00000000
v 0.64201736 -0.00617713 0.02666137 1.00000000 1.00000000 1.00000000
v 0.63671358 -0.01918655 0.02666137 1.00000000 1.00000000 1.00000000
v 0.63118806 -0.03273986 0.02661161 1.00000000 1.00000000 1.00000000
v 0.62452221 -0.04909024 0.02367566 1.00000000 1.00000000 1.00000000
v 0.61855382 -0.06372984 0.01537975 1.00000000 1.00000000 1.00000000
v 0.61549207 -0.07123986 0.00000000 1.00000000 0.00000000 0.00000000
v 0.60117947 -0.06708023 0.00000000 1.00000000 1.00000000 1.00000000
v 0.58689977 -0.06293015 0.00000000 1.00000000 1.00000000 1.00000000
v 0.57258717 -0.05877051 0.00000000 1.00000000 1.00000000 1.00000000
v 0.55827456 -0.05461087 0.00000000 1.00000000 1.00000000 1.00000000
v 0.54396196 -0.05045123 0.00000000 1.00000000 1.00000000 1.00000000
v 0.52968226 -0.04630116 0.00000000 1.00000000 1.00000000 1.00000000
v 0.51536965 -0.04214152 0.00000000 1.00000000 1.00000000 1.00000000
v 0.50105705 -0.03798188 0.00000000 1.00000000 1.00000000 1.00000000
v 0.48674444 -0.03382224 0.00000000 1.00000000 1.00000000 1.00000000
v 0.47246474 -0.02967216 0.00000000 1.00000000 1.00000000 1.00000000
v 0.45815214 -0.02551253 0.00000000 1.00000000 1.00000000 1.00000000
v 0.44383953 -0.02135289 0.00000000 1.00000000 1.00000000 1.00000000
v 0.42952693 -0.01719325 0.00000000 1.00000000 1.00000000 1.00000000
v 0.41524723 -0.01304317 0.00000000 1.00000000 1.00000000 1.00000000
v 0.40093462 -0.00888353 0.00000000 1.00000000 1.00000000 1.00000000
v 0.38662202 -0.00472390 0.00000000 1.00000000 1.00000000 1.00000000
v 0.37230942 -0.00056426 0.00000000 1.00000000 1.00000000 1.00000000
v 0.35802971 0.00358582 0.00000000 1.00000000 1.00000000 1.00000000
v 0.34371711 0.00774546 0.00000000 1.00000000 1.00000000 1.00000000
v 0.32940451 0.01190510 0.00000000 1.00000000 1.00000000 1.00000000
v 0.31509190 0.01606474 0.00000000 1.00000000 1.00000000 1.00000000
v 0.30081220 0.02021481 0.00000000 1.00000000 1.00000000 1.00000000
v 0.28649960 0.02437445 0.00000000 1.00000000 0.00000000 0.00000000
v 0.28663784 0.03304821 0.01585025 1.00000000 1.00000000 1.00000000
v 0.28690247 0.04965165 0.02408224 1.00000000 1.00000000 1.00000000
v 0.28719650 0.06809994 0.02665931 1.00000000 1.00000000 1.00000000
v 0.28743110 0.08281976 0.02666137 1.00000000 1.00000000 1.00000000
v 0.28766415 0.09744205 0.02666137 1.00000000 1.00000000 1.00000000
v 0.28789720 0.11206434 0.02666137 1.00000000 1.00000000 1.00000000
v 0.28812990 0.12666470 0.02666137 1.00000000 1.00000000 1.00000000
v 0.28836295 0.14128699 0.02666137 1.00000000 1.00000000 1.00000000
v 0.28859565 0.15588736 0.02666137 1.00000000 1.00000000 1.00000000
v 0.28882870 0.17050965 0.02666137 1.00000000 1.00000000 1.00000000
v 0.28906175 0.18513194 0.02666137 1.00000000 1.00000000 1.00000000
v 0.28965174 0.20060867 0.02653165 1.00000000 1.00000000 1.00000000
v 0.29118304 0.21841538 0.02333116 1.00000000 1.00000000 1.00000000
v 0.29199673 0.23444083 0.01502746 1.00000000 1.00000000 1.00000000
v 0.58159467 0.01342530 0.02666137 1.00000000 1.00000000 1.00000000
v 0.65328490 0.08889905 0.01348595 1.00000000 1.00000000 1.00000000
v 0.49513105 0.09548794 0.02666137 1.00000000 1.00000000 1.00000000
v 0.52973420 0.05480460 0.02666137 1.00000000 1.00000000 1.00000000
v 0.54183641 0.04252212 0.02666137 1.00000000 1.00000000 1.00000000
v 0.31436777 0.20294035 0.02489425 1.00000000 1.00000000 1.00000000
v 0.64881426 0.07200670 0.02351507 1.00000000 1.00000000 1.00000000
v 0.39133848 0.00381857 0.01651584 1.00000000 1.00000000 1.00000000
v 0.43079491 -0.01139859 0.01331587 1.00000000 1.00000000 1.00000000
v 0.44584983 0.00416874 0.02402125 1.00000000 1.00000000 1.00000000
v 0.46600909 0.04182431 0.02666137 1.00000000 1.00000000 1.00000000
v 0.34942243 0.21430651 0.01191638 1.00000000 1.00000000 1.00000000
v 0.36205450 0.19351023 0.02195484 1.00000000 1.00000000 1.00000000
v 0.65298998 0.05602901 0.02626058 1.00000000 1.00000000 1.00000000
v 0.42068556 0.05480506 0.02666137 1.00000000 1.00000000 1.00000000
v 0.41519218 0.12294044 0.02666137 1.00000000 1.00000000 1.00000000
v 0.44200838 0.02392370 0.02664963 1.00000000 1.00000000 1.00000000
v 0.40151525 0.15175405 0.02664890 1.00000000 1.00000000 1.00000000
v 0.49765527 0.04775539 0.02666137 1.00000000 1.00000000 1.00000000
v 0.55103212 0.02618086 0.02666137 1.00000000 1.00000000 1.00000000
v 0.57633795 0.11192971 0.01934246 1.00000000 1.00000000 1.00000000
v 0.37276650 0.18266415 0.02404682 1.00000000 1.00000000 1.00000000
v 0.59634923 0.01341856 0.02666137 1.00000000 1.00000000 1.00000000
v 0.41157289 0.10516387 0.02666137 1.00000000 1.00000000 1.00000000
v 0.47999515 0.02698628 0.02666137 1.00000000 1.00000000 1.00000000
v 0.38635023 0.19542511 0.01546647 1.00000000 1.00000000 1.00000000
v 0.40524316 0.08067808 0.02666137 1.00000000 1.00000000 1.00000000
v 0.52674434 0.13589339 0.01712147 1.00000000 1.00000000 1.00000000
v 0.30666381 0.15370650 0.02666137 1.00000000 1.00000000 1.00000000
v 0.63119860 0.09957947 0.01174786 1.00000000 1.00000000 1.00000000
v 0.56964630 0.08162603 0.02666137 1.00000000 1.00000000 1.00000000
v 0.60235258 0.11155405 0.01150112 1.00000000 1.00000000 1.00000000
v 0.57732896 0.02852545 0.02666137 1.00000000 1.00000000 1.00000000
v 0.62300150 -0.02022693 0.02666137 1.00000000 1.00000000 1.00000000
v 0.64031686 0.08018125 0.02191045 1.00000000 1.00000000 1.00000000
v 0.35835653 0.04788072 0.02664275 1.00000000 1.00000000 1.00000000
v 0.53474800 0.09546092 0.02666137 1.00000000 1.00000000 1.00000000
v 0.44050780 -0.00765951 0.01838977 1.00000000 1.00000000 1.00000000
v 0.37104131 0.10303635 0.02666137 1.00000000 1.00000000 1.00000000
v 0.43153744 0.12920608 0.02666137 1.00000000 1.00000000 1.00000000
v 0.35851346 0.09978827 0.02666137 1.00000000 1.00000000 1.00000000
v 0.45735352 0.01022322 0.02594615 1.00000000 1.00000000 1.00000000
v 0.51274336 0.14049067 0.01783464 1.00000000 1.00000000 1.00000000
v 0.49444234 0.12281241 0.02602247 1.00000000 1.00000000 1.00000000
v 0.62718791 0.00866037 0.02666137 1.00000000 1.00000000 1.00000000
v 0.55654919 0.08753587 0.02666019 1.00000000 1.00000000 1.00000000
v 0.38129753 0.16085458 0.02662997 1.00000000 1.00000000 1.00000000
v 0.53558508 -0.04108697 0.01405667 1.00000000 1.00000000 1.00000000
v 0.63833141 0.06016530 0.02641996 1.00000000 1.00000000 1.00000000
v 0.52150398 0.01161824 0.02666137 1.00000000 1.00000000 1.00000000
v 0.32252751 0.16154100 0.02666137 1.00000000 1.00000000 1.00000000
v 0.66010231 0.08058086 0.01773085 1.00000000 1.00000000 1.00000000
v 0.39871258 0.09546879 0.02666137 1.00000000 1.00000000 1.00000000
v 0.42212152 -0.01284679 0.00812643 1.00000000 1.00000000 1.00000000
v 0.58112243 -0.05611912 0.01222352 1.00000000 1.00000000 1.00000000
v 0.44737265 0.04034584 0.02666137 1.00000000 1.00000000 1.00000000
v 0.53380563 -0.00744671 0.02643014 1.00000000 1.00000000 1.00000000
v 0.48899625 -0.02404323 0.01689004 1.00000000 1.00000000 1.00000000
v 0.62521254 0.02414116 0.02666137 1.00000000 1.00000000 1.00000000
v 0.50873815 0.06696900 0.02666137 1.00000000 1.00000000 1.00000000
v 0.38343321 0.07000055 0.02666137 1.00000000 1.00000000 1.00000000
v 0.40302642 -0.00169446 0.01483439 1.00000000 1.00000000 1.00000000
v 0.55748070 0.07044231 0.02666137 1.00000000 1.00000000 1.00000000
v 0.34334625 0.11017013 0.02666137 1.00000000 1.00000000 1.00000000
v 0.32327007 0.03299439 0.02169367 1.00000000 1.00000000 1.00000000
v 0.37120914 0.07518630 0.02666137 1.00000000 1.00000000 1.00000000
v 0.40361513 0.16891078 0.02435012 1.00000000 1.00000000 1.00000000
v 0.58654585 0.08975847 0.02533383 1.00000000 1.00000000 1.00000000
v 0.41527588 0.02827450 0.02651733 1.00000000 1.00000000 1.00000000
v 0.37915345 0.08347060 0.02666137 1.00000000 1.00000000 1.00000000
v 0.61090853 0.01990630 0.02666137 1.00000000 1.00000000 1.00000000
v 0.31772194 0.18568208 0.02665257 1.00000000 1.00000000 1.00000000
v 0.44011617 0.10537456 0.02666137 1.00000000 1.00000000 1.00000000
v 0.64448311 0.03180320 0.02666137 1.00000000 1.00000000 1.00000000
v 0.30276572 0.18415420 0.02666137 1.00000000 1.00000000 1.00000000
v 0.47253723 0.01011606 0.02641109 1.00000000 1.00000000 1.00000000
v 0.32141022 0.08008466 0.02666137 1.00000000 1.00000000 1.00000000
v 0.52434442 -0.04055966 0.01110467 1.00000000 1.00000000 1.00000000
v 0.29982113 0.22693947 0.01805337 1.00000000 1.00000000 1.00000000
v 0.48272808 0.08613117 0.02666137 1.00000000 1.00000000 1.00000000
v 0.60021538 -0.02607918 0.02647848 1.00000000 1.00000000 1.00000000
v 0.43842511 -0.01755844 0.00817438 1.00000000 1.00000000 1.00000000
v 0.30264345 0.19898376 0.02624849 1.00000000 1.00000000 1.00000000
v 0.63818158 0.01921587 0.02666137 1.00000000 1.00000000 1.00000000
v 0.36159510 0.07049703 0.02666137 1.00000000 1.00000000 1.00000000
v 0.30826637 0.21810061 0.02085469 1.00000000 1.00000000 1.00000000
v 0.44308073 0.14281492 0.02613346 1.00000000 1.00000000 1.00000000
v 0.31007554 0.02645850 0.01577339 1.00000000 1.00000000 1.00000000
v 0.38489162 0.05541970 0.02666137 1.00000000 1.00000000 1.00000000
v 0.45000589 0.12178244 0.02666137 1.00000000 1.00000000 1.00000000
v 0.50324672 -0.01725259 0.02249674 1.00000000 1.00000000 1.00000000
v 0.32620901 0.11111922 0.02666137 1.00000000 1.00000000 1.00000000
v 0.42359103 0.15359547 0.02576376 1.00000000 1.00000000 1.00000000
v 0.48131004 0.14016997 0.02355252 1.00000000 1.00000000 1.00000000
v 0.32999074 0.09607057 0.02666137 1.00000000 1.00000000 1.00000000
v 0.52172447 0.06869222 0.02666137 1.00000000 1.00000000 1.00000000
v 0.56146342 -0.04017897 0.01986586 1.00000000 1.00000000 1.00000000
v 0.43738696 0.05298641 0.02666137 1.00000000 1.00000000 1.00000000
v 0.61128755 -0.05174779 0.02125283 1.00000000 1.00000000 1.00000000
v 0.59715722 -0.05964873 0.01341502 1.00000000 1.00000000 1.00000000
v 0.40248101 0.01751703 0.02422372 1.00000000 1.00000000 1.00000000
v 0.48736365 0.03716271 0.02666137 1.00000000 1.00000000 1.00000000
v 0.53689430 0.02295059 0.02666137 1.00000000 1.00000000 1.00000000
v 0.57169404 0.06637940 0.02666137 1.00000000 1.00000000 1.00000000
v 0.45555998 0.02721626 0.02666137 1.00000000 1.00000000 1.00000000
v 0.46260505 -0.02102886 0.01292169 1.00000000 1.00000000 1.00000000
v 0.30155039 0.07983471 0.02666137 1.00000000 1.00000000 1.00000000
v 0.54827926 -0.00092705 0.02666137 1.00000000 1.00000000 1.00000000
v 0.61995057 0.09307182 0.01989517 1.00000000 1.00000000 1.00000000
v 0.51202383 0.08738239 0.02666137 1.00000000 1.00000000 1.00000000
v 0.61109121 -0.01381139 0.02666137 1.00000000 1.00000000 1.00000000
v 0.58319256 0.11998007 0.01075503 1.00000000 1.00000000 1.00000000
v 0.47170110 0.12443819 0.02661691 1.00000000 1.00000000 1.00000000
v 0.54182117 -0.03047009 0.02171533 1.00000000 1.00000000 1.00000000
v 0.38650729 0.12526184 0.02666137 1.00000000 1.00000000 1.00000000
v 0.57925919 0.04258259 0.02666137 1.00000000 1.00000000 1.00000000
v 0.29731101 0.03139265 0.01669529 1.00000000 1.00000000 1.00000000
v 0.33739687 0.22128831 0.00923915 1.00000000 1.00000000 1.00000000
v 0.46843029 -0.00772861 0.02227435 1.00000000 1.00000000 1.00000000
v 0.64272809 0.09462261 0.01203475 1.00000000 1.00000000 1.00000000
v 0.62644909 0.06672409 0.02627273 1.00000000 1.00000000 1.00000000
v 0.34025056 0.02246943 0.01897328 1.00000000 1.00000000 1.00000000
v 0.48195141 -0.00342223 0.02475910 1.00000000 1.00000000 1.00000000
v 0.42724815 0.01988951 0.02606578 1.00000000 1.00000000 1.00000000
v 0.52785334 0.03712368 0.02666137 1.00000000 1.00000000 1.00000000
v 0.59739920 0.09827700 0.02167519 1.00000000 1.00000000 1.00000000
v 0.42706275 0.11249825 0.02666137 1.00000000 1.00000000 1.00000000
v 0.47625999 -0.02164767 0.01592327 1.00000000 1.00000000 1.00000000
v 0.54475134 0.08270342 0.02666137 1.00000000 1.00000000 1.00000000
v 0.57850340 0.09821352 0.02419751 1.00000000 1.00000000 1.00000000
v 0.49727070 0.07862650 0.02666137 1.00000000 1.00000000 1.00000000
v 0.56063349 0.03672533 0.02666137 1.00000000 1.00000000 1.00000000
v 0.43465319 0.00735782 0.02400312 1.00000000 1.00000000 1.00000000
v 0.49450694 -0.00459073 0.02528486 1.00000000 1.00000000 1.00000000
v 0.42979715 0.07798512 0.02666137 1.00000000 1.00000000 1.00000000
v 0.41543419 0.06906886 0.02666137 1.00000000 1.00000000 1.00000000
v 0.42904537 0.09463442 0.02666137 1.00000000 1.00000000 1.00000000
v 0.55473009 0.05068901 0.02666137 1.00000000 1.00000000 1.00000000
v 0.60710825 0.09030200 0.02311567 1.00000000 1.00000000 1.00000000
v 0.49933052 0.14117173 0.02041426 1.00000000 1.00000000 1.00000000
v 0.41385406 -0.00635656 0.01343407 1.00000000 1.00000000 1.00000000
v 0.30512553 0.04653264 0.02441118 1.00000000 1.00000000 1.00000000
v 0.35528077 0.12857492 0.02666137 1.00000000 1.00000000 1.00000000
v 0.56552280 0.09980764 0.02504851 1.00000000 1.00000000 1.00000000
v 0.31762677 0.21899445 0.01846031 1.00000000 1.00000000 1.00000000
v 0.32586625 0.01976073 0.01396081 1.00000000 1.00000000 1.00000000
v 0.38447839 0.14401177 0.02666137 1.00000000 1.00000000 1.00000000
v 0.35306184 0.06148916 0.02666137 1.00000000 1.00000000 1.00000000
v 0.29789192 0.23823305 0.00785773 1.00000000 1.00000000 1.00000000
v 0.60186609 0.06236359 0.02666137 1.00000000 1.00000000 1.00000000
v 0.60832200 -0.06480919 0.01130031 1.00000000 1.00000000 1.00000000
v 0.62020331 0.07713108 0.02512553 1.00000000 1.00000000 1.00000000
v 0.56838865 0.05276126 0.02666137 1.00000000 1.00000000 1.00000000
v 0.58569052 -0.03772778 0.02365814 1.00000000 1.00000000 1.00000000
v 0.33235189 0.05827899 0.02666137 1.00000000 1.00000000 1.00000000
v 0.29891914 0.21175724 0.02430935 1.00000000 1.00000000 1.00000000
v 0.64418041 0.04498866 0.02666137 1.00000000 1.00000000 1.00000000
v 0.42468906 0.17455896 0.01890720 1.00000000 1.00000000 1.00000000
v 0.50157959 -0.03166056 0.01362207 1.00000000 1.00000000 1.00000000
v 0.61675713 0.03624241 0.02666137 1.00000000 1.00000000 1.00000000
v 0.59037163 0.11012816 0.01700442 1.00000000 1.00000000 1.00000000
v 0.38303156 0.09451518 0.02666137 1.00000000 1.00000000 1.00000000
v 0.48156543 0.15786936 0.01442732 1.00000000 1.00000000 1.00000000
v 0.52069758 0.10220124 0.02665992 1.00000000 1.00000000 1.00000000
v 0.55245272 0.12023237 0.02007121 1.00000000 1.00000000 1.00000000
v 0.47731546 0.05341763 0.02666137 1.00000000 1.00000000 1.00000000
v 0.30920315 0.23149321 0.01099098 1.00000000 1.00000000 1.00000000
v 0.31709130 0.06278396 0.02666137 1.00000000 1.00000000 1.00000000
v 0.37195106 0.03970310 0.02643852 1.00000000 1.00000000 1.00000000
v 0.39199905 0.08245465 0.02666137 1.00000000 1.00000000 1.00000000
v 0.40160033 0.11930183 0.02666137 1.00000000 1.00000000 1.00000000
v 0.37707772 0.00732737 0.01603903 1.00000000 1.00000000 1.00000000
v 0.30031831 0.09778999 0.02666137 1.00000000 1.00000000 1.00000000
v 0.36634784 0.01718400 0.02019943 1.00000000 1.00000000 1.00000000
v 0.35832056 0.11416887 0.02666137 1.00000000 1.00000000 1.00000000
v 0.63156754 0.03715108 0.02666137 1.00000000 1.00000000 1.00000000
v 0.50438333 0.03173057 0.02666137 1.00000000 1.00000000 1.00000000
v 0.37052462 0.05900617 0.02666137 1.00000000 1.00000000 1.00000000
v 0.59411974 0.02999390 0.02666137 1.00000000 1.00000000 1.00000000
v 0.52836436 -0.02474018 0.02242734 1.00000000 1.00000000 1.00000000
v 0.45428788 0.10265989 0.02666137 1.00000000 1.00000000 1.00000000
v 0.31266377 0.10543444 0.02666137 1.00000000 1.00000000 1.00000000
v 0.66843921 0.08573507 0.01008677 1.00000000 1.00000000 1.00000000
v 0.51575939 0.12150162 0.02474864 1.00000000 1.00000000 1.00000000
v 0.35164536 0.15802185 0.02666137 1.00000000 1.00000000 1.00000000
v 0.51887930 0.02586339 0.02666137 1.00000000 1.00000000 1.00000000
v 0.61028690 0.10375625 0.01575409 1.00000000 1.00000000 1.00000000
v 0.33856218 0.21047823 0.01844933 1.00000000 1.00000000 1.00000000
v 0.39802296 0.06775151 0.02666137 1.00000000 1.00000000 1.00000000
v 0.40676813 0.04026455 0.02666137 1.00000000 1.00000000 1.00000000
v 0.30233107 0.11849591 0.02666137 1.00000000 1.00000000 1.00000000
v 0.42844271 0.03823015 0.02666137 1.00000000 1.00000000 1.00000000
v 0.50919397 -0.00062272 0.02640424 1.00000000 1.00000000 1.00000000
v 0.42538095 -0.00102757 0.01965751 1.00000000 1.00000000 1.00000000
v 0.30356283 0.06598479 0.02666137 1.00000000 1.00000000 1.00000000
v 0.33533631 0.12492214 0.02666137 1.00000000 1.00000000 1.00000000
v 0.54416357 -0.01605066 0.02579592 1.00000000 1.00000000 1.00000000
v 0.44178195 0.06848073 0.02666137 1.00000000 1.00000000 1.00000000
v 0.63111324 0.08666142 0.02077366 1.00000000 1.00000000 1.00000000
v 0.32582944 0.20592811 0.02280234 1.00000000 1.00000000 1.00000000
v 0.30441362 0.13717177 0.02666137 1.00000000 1.00000000 1.00000000
v 0.49394261 0.15290854 0.01435323 1.00000000 1.00000000 1.00000000
v 0.46124605 0.07433825 0.02666137 1.00000000 1.00000000 1.00000000
v 0.66171735 0.06929948 0.02269713 1.00000000 1.00000000 1.00000000
v 0.39449731 0.10899555 0.02666137 1.00000000 1.00000000 1.00000000
v 0.35041249 0.18034906 0.02616075 1.00000000 1.00000000 1.00000000
v 0.56816365 0.12477992 0.01229753 1.00000000 1.00000000 1.00000000
v 0.46846735 0.09154612 0.02666137 1.00000000 1.00000000 1.00000000
v 0.44982302 -0.01769596 0.01251488 1.00000000 1.00000000 1.00000000
v 0.36642129 0.08855908 0.02666137 1.00000000 1.00000000 1.00000000
v 0.58558562 0.05968931 0.02666137 1.00000000 1.00000000 1.00000000
v 0.61345775 0.05456661 0.02666137 1.00000000 1.00000000 1.00000000
v 0.59433708 0.04840065 0.02666137 1.00000000 1.00000000 1.00000000
v 0.36038836 0.20800321 0.01377297 1.00000000 1.00000000 1.00000000
v 0.54895906 0.10333812 0.02563230 1.00000000 1.00000000 1.00000000
v 0.58534082 -0.00143327 0.02666137 1.00000000 1.00000000 1.00000000
v 0.56604156 0.01913431 0.02666137 1.00000000 1.00000000 1.00000000
v 0.46877587 0.15920405 0.01733376 1.00000000 1.00000000 1.00000000
v 0.32099942 0.22822037 0.00885743 1.00000000 1.00000000 1.00000000
v 0.54631136 0.06057734 0.02666137 1.00000000 1.00000000 1.00000000
v 0.38802112 0.02284343 0.02451207 1.00000000 1.00000000 1.00000000
v 0.51419006 0.04848548 0.02666137 1.00000000 1.00000000 1.00000000
v 0.32801021 0.21962994 0.01513204 1.00000000 1.00000000 1.00000000
v 0.47791733 0.07015038 0.02666137 1.00000000 1.00000000 1.00000000
v 0.43962748 0.16579918 0.02027865 1.00000000 1.00000000 1.00000000
v 0.45585486 -0.00678723 0.02115922 1.00000000 1.00000000 1.00000000
v 0.34785007 0.19850796 0.02225308 1.00000000 1.00000000 1.00000000
v 0.59763288 -0.00876290 0.02666137 1.00000000 1.00000000 1.00000000
v 0.31320884 0.08923950 0.02666137 1.00000000 1.00000000 1.00000000
v 0.41533817 0.13880114 0.02666137 1.00000000 1.00000000 1.00000000
v 0.36440470 0.16653938 0.02665408 1.00000000 1.00000000 1.00000000
v 0.56313150 0.11321794 0.02127727 1.00000000 1.00000000 1.00000000
v 0.50474833 0.01462068 0.02666137 1.00000000 1.00000000 1.00000000
v 0.44808148 0.08665870 0.02666137 1.00000000 1.00000000 1.00000000
v 0.32992335 0.17848999 0.02666137 1.00000000 1.00000000 1.00000000
v 0.38289278 0.10794021 0.02666137 1.00000000 1.00000000 1.00000000
v 0.35446299 0.02598388 0.02249519 1.00000000 1.00000000 1.00000000
v 0.46143729 0.14116741 0.02525891 1.00000000 1.00000000 1.00000000
v 0.36401542 0.14736502 0.02666137 1.00000000 1.00000000 1.00000000
v 0.46788496 0.02552908 0.02666137 1.00000000 1.00000000 1.00000000
v 0.40978260 0.18544863 0.01579268 1.00000000 1.00000000 1.00000000
v 0.33414201 0.19505163 0.02485705 1.00000000 1.00000000 1.00000000
v 0.54968498 -0.04451124 0.01466572 1.00000000 1.00000000 1.00000000
v 0.56995584 -0.04961480 0.01533483 1.00000000 1.00000000 1.00000000
v 0.34686983 0.09465750 0.02666137 1.00000000 1.00000000 1.00000000
v 0.37248772 0.11855789 0.02666137 1.00000000 1.00000000 1.00000000
v 0.32372382 0.04594394 0.02545304 1.00000000 1.00000000 1.00000000
v 0.45705358 0.05740512 0.02666137 1.00000000 1.00000000 1.00000000
v 0.34268219 0.06751918 0.02666137 1.00000000 1.00000000 1.00000000
v 0.60118456 -0.04314135 0.02337704 1.00000000 1.00000000 1.00000000
v 0.51534446 -0.02130139 0.02229780 1.00000000 1.00000000 1.00000000
v 0.46671481 0.10981787 0.02666137 1.00000000 1.00000000 1.00000000
v 0.58295035 0.07430625 0.02666137 1.00000000 1.00000000 1.00000000
v 0.53601097 0.00795484 0.02666137 1.00000000 1.00000000 1.00000000
v 0.33897920 0.16790799 0.02666137 1.00000000 1.00000000 1.00000000
v 0.34210610 0.04441156 0.02603778 1.00000000 1.00000000 1.00000000
v 0.32319160 0.14132555 0.02666137 1.00000000 1.00000000 1.00000000
v 0.53730293 0.07036755 0.02666137 1.00000000 1.00000000 1.00000000
v 0.39122929 0.18146168 0.02201388 1.00000000 1.00000000 1.00000000
v 0.50433880 0.10629319 0.02666137 1.00000000 1.00000000 1.00000000
v 0.53917535 0.13138887 0.01673933 1.00000000 1.00000000 1.00000000
v 0.38798205 0.03989209 0.02665376 1.00000000 1.00000000 1.00000000
v 0.55919837 -0.00856609 0.02666137 1.00000000 1.00000000 1.00000000
v 0.53503781 0.11536691 0.02434127 1.00000000 1.00000000 1.00000000
v 0.39956824 0.13484204 0.02666137 1.00000000 1.00000000 1.00000000
v 0.59001532 -0.05006150 0.01900611 1.00000000 1.00000000 1.00000000
v 0.57236484 -0.01311399 0.02665967 1.00000000 1.00000000 1.00000000
v 0.60513385 0.04025322 0.02666137 1.00000000 1.00000000 1.00000000
v 0.49016697 0.01612208 0.02666137 1.00000000 1.00000000 1.00000000
v 0.51510208 -0.03480313 0.01436045 1.00000000 1.00000000 1.00000000
v 0.55232010 0.13167858 0.01181430 1.00000000 1.00000000 1.00000000
v 0.34432659 0.13905145 0.02666137 1.00000000 1.00000000 1.00000000
v 0.40135720 0.05381034 0.02666137 1.00000000 1.00000000 1.00000000
v 0.52168199 -0.00517933 0.02632367 1.00000000 1.00000000 1.00000000
v 0.48294551 0.10746628 0.02666137 1.00000000 1.00000000 1.00000000
v 0.55266260 0.01105957 0.02666137 1.00000000 1.00000000 1.00000000
v 0.62451517 -0.00491762 0.02666137 1.00000000 1.00000000 1.00000000
v 0.31704181 0.12513720 0.02666137 1.00000000 1.00000000 1.00000000
v 0.52743031 0.08307412 0.02666137 1.00000000 1.00000000 1.00000000
v 0.49371673 0.06206467 0.02666137 1.00000000 1.00000000 1.00000000
v 0.35365321 0.08074078 0.02666137 1.00000000 1.00000000 1.00000000
v 0.61458432 -0.03375532 0.02616097 1.00000000 1.00000000 1.00000000
v 0.57333307 -0.03147903 0.02439511 1.00000000 1.00000000 1.00000000
v 0.62691779 0.05002440 0.02666137 1.00000000 1.00000000 1.00000000
v 0.45446461 0.16297875 0.01859219 1.00000000 1.00000000 1.00000000
v 0.60850947 0.00301568 0.02666137 1.00000000 1.00000000 1.00000000
v 0.37173013 0.13362200 0.02666137 1.00000000 1.00000000 1.00000000
v 0.41534697 0.08903952 0.02666137 1.00000000 1.00000000 1.00000000
v 0.62010143 0.10531173 0.01026242 1.00000000 1.00000000 1.00000000
v 0.32955345 0.07138197 0.02666137 1.00000000 1.00000000 1.00000000
v 0.60951334 0.07543043 0.02607938 1.00000000 1.00000000 1.00000000
v 0.33888941 0.08272661 0.02666137 1.00000000 1.00000000 1.00000000
v 0.41491825 0.00849567 0.02252520 1.00000000 1.00000000 1.00000000
v 0.33645110 0.15191135 0.02666137 1.00000000 1.00000000 1.00000000
v 0.59605503 0.07732138 0.02642592 1.00000000 1.00000000 1.00000000
v 0.58605357 -0.01889104 0.02662761 1.00000000 1.00000000 1.00000000
v 0.55655198 -0.02607849 0.02452634 1.00000000 1.00000000 1.00000000
v 0.30824623 0.17047890 0.02666137 1.00000000 1.00000000 1.00000000
v 0.56834571 0.00307059 0.02666137 1.00000000 1.00000000 1.00000000
v 0.37373004 0.20242276 0.01390263 1.00000000 1.00000000 1.00000000
v 0.28999326 0.24357724 0.00000000 1.00000000 0.00000000 0.00000000
v 0.30342073 0.23810302 0.00000000 1.00000000 1.00000000 1.00000000
v 0.31684821 0.23262880 0.00000000 1.00000000 1.00000000 1.00000000
v 0.33023677 0.22717045 0.00000000 1.00000000 1.00000000 1.00000000
v 0.34366425 0.22169623 0.00000000 1.00000000 1.00000000 1.00000000
v 0.35709172 0.21622201 0.00000000 1.00000000 1.00000000 1.00000000
v 0.37051920 0.21074779 0.00000000 1.00000000 1.00000000 1.00000000
v 0.38394668 0.20527357 0.00000000 1.00000000 1.00000000 1.00000000
v 0.39733524 0.19981522 0.00000000 1.00000000 1.00000000 1.00000000
v 0.41076272 0.19434100 0.00000000 1.00000000 1.00000000 1.00000000
v 0.42419019 0.18886678 0.00000000 1.00000000 1.00000000 1.00000000
v 0.43761767 0.18339256 0.00000000 1.00000000 1.00000000 1.00000000
v 0.45104515 0.17791834 0.00000000 1.00000000 1.00000000 1.00000000
v 0.46443371 0.17245999 0.00000000 1.00000000 1.00000000 1.00000000
v 0.47786118 0.16698577 0.00000000 1.00000000 1.00000000 1.00000000
v 0.49128866 0.16151155 0.00000000 1.00000000 1.00000000 1.00000000
v 0.50471614 0.15603733 0.00000000 1.00000000 1.00000000 1.00000000
v 0.51810470 0.15057897 0.00000000 1.00000000 1.00000000 1.00000000
v 0.53153217 0.14510475 0.00000000 1.00000000 1.00000000 1.00000000
v 0.54495965 0.13963053 0.00000000 1.00000000 1.00000000 1.00000000
v 0.55838713 0.13415631 0.00000000 1.00000000 1.00000000 1.00000000
v 0.57181461 0.12868209 0.00000000 1.00000000 1.00000000 1.00000000
v 0.58520316 0.12322374 0.00000000 1.00000000 1.00000000 1.00000000
v 0.59863064 0.11774952 0.00000000 1.00000000 1.00000000 1.00000000
v 0.61205812 0.11227530 0.00000000 1.00000000 1.00000000 1.00000000
v 0.62548560 0.10680108 0.00000000 1.00000000 1.00000000 1.00000000
v 0.63891307 0.10132686 0.00000000 1.00000000 1.00000000 1.00000000
v 0.65230163 0.09586851 0.00000000 1.00000000 1.00000000 1.00000000
v 0.66572911 0.09039429 0.00000000 1.00000000 1.00000000 1.00000000
v 0.67915659 0.08492007 0.00000000 1.00000000 0.00000000 0.00000000
v 0.67609484 0.07741005 -0.01537975 1.00000000 1.00000000 1.00000000
v 0.67013423 0.06278953 -0.02366923 1.00000000 1.00000000 1.00000000
v 0.66346060 0.04642006 -0.02661161 1.00000000 1.00000000 1.00000000
v 0.65793508 0.03286676 -0.02666137 1.00000000 1.00000000 1.00000000
v 0.65263130 0.01985733 -0.02666137 1.00000000 1.00000000 1.00000000
v 0.64732751 0.00684791 -0.02666137 1.00000000 1.00000000 1.00000000
v 0.64201736 -0.00617713 -0.02666137 1.00000000 1.00000000 1.00000000
v 0.63671358 -0.01918655 -0.02666137 1.00000000 1.00000000 1.00000000
v 0.63118806 -0.03273986 -0.02661161 1.00000000 1.00000000 1.00000000
v 0.62452221 -0.04909024 -0.02367566 1.00000000 1.00000000 1.00000000
v 0.61855382 -0.06372984 -0.01537975 1.00000000 1.00000000 1.00000000
v 0.61549207 -0.07123986 0.00000000 1.00000000 0.00000000 0.00000000
v 0.60117947 -0.06708023 0.00000000 1.00000000 1.00000000 1.00000000
v 0.58689977 -0.06293015 0.00000000 1.00000000 1.00000000 1.00000000
v 0.57258717 -0.05877051 0.00000000 1.00000000 1.00000000 1.00000000
v 0.55827456 -0.05461087 0.00000000 1.00000000 1.00000000 1.00000000
v 0.54396196 -0.05045123 0.00000000 1.00000000 1.00000000 1.00000000
v 0.52968226 -0.04630116 0.00000000 1.00000000 1.00000000 1.00000000
v 0.51536965 -0.04214152 0.00000000 1.00000000 1.00000000 1.00000000
v 0.50105705 -0.03798188 0.00000000 1.00000000 1.00000000 1.00000000
v 0.48674444 -0.03382224 0.00000000 1.00000000 1.00000000 1.00000000
v 0.47246474 -0.02967216 0.00000000 1.00000000 1.00000000 1.00000000
v 0.45815214 -0.02551253 0.00000000 1.00000000 1.00000000 1.00000000
v 0.44383953 -0.02135289 0.00000000 1.00000000 1.00000000 1.00000000
v 0.42952693 -0.01719325 0.00000000 1.00000000 1.00000000 1.00000000
v 0.41524723 -0.01304317 0.00000000 1.00000000 1.00000000 1.00000000
v 0.40093462 -0.00888353 0.00000000 1.00000000 1.00000000 1.00000000
v 0.38662202 -0.00472390 0.00000000 1.00000000 1.00000000 1.00000000
v 0.37230942 -0.00056426 0.00000000 1.00000000 1.00000000 1.00000000
v 0.35802971 0.00358582 0.00000000 1.00000000 1.00000000 1.00000000
v 0.34371711 0.00774546 0.00000000 1.00000000 1.00000000 1.00000000
v 0.32940451 0.01190510 0.00000000 1.00000000 1.00000000 1.00000000
v 0.31509190 0.01606474 0.00000000 1.00000000 1.00000000 1.00000000
v 0.30081220 0.02021481 0.00000000 1.00000000 1.00000000 1.00000000
v 0.28649960 0.02437445 0.00000000 1.00000000 0.00000000 0.00000000
v 0.28663784 0.03304821 -0.01585025 1.00000000 1.00000000 1.00000000
v 0.28690247 0.04965165 -0.02408224 1.00000000 1.00000000 1.00000000
v 0.28719650 0.06809994 -0.02665931 1.00000000 1.00000000 1.00000000
v 0.28743110 0.08281976 -0.02666137 1.00000000 1.00000000 1.00000000
v 0.28766415 0.09744205 -0.02666137 1.00000000 1.00000000 1.00000000
v 0.28789720 0.11206434 -0.02666137 1.00000000 1.00000000 1.00000000
v 0.28812990 0.12666470 -0.02666137 1.00000000 1.00000000 1.00000000
v 0.28836295 0.14128699 -0.02666137 1.00000000 1.00000000 1.00000000
v 0.28859565 0.15588736 -0.02666137 1.00000000 1.00000000 1.00000000
v 0.28882870 0.17050965 -0.02666137 1.00000000 1.00000000 1.00000000
v 0.28906175 0.18513194 -0.02666137 1.00000000 1.00000000 1.00000000
v 0.28965174 0.20060867 -0.02653165 1.00000000 1.00000000 1.00000000
v 0.29118304 0.21841538 -0.02333116 1.00000000 1.00000000 1.00000000
v 0.29199673 0.23444083 -0.01502746 1.00000000 1.00000000 1.00000000
v 0.63028305 0.08654227 -0.02097636 1.00000000 1.00000000 1.00000000
v 0.60216181 0.03108575 -0.02666137 1.00000000 1.00000000 1.00000000
v 0.29716480 0.02424400 -0.00941233 1.00000000 1.00000000 1.00000000
v 0.66264847 0.08063959 -0.01701935 1.00000000 1.00000000 1.00000000
v 0.31456583 0.08871661 -0.02666137 1.00000000 1.00000000 1.00000000
v 0.41346934 0.11367101 -0.02666137 1.00000000 1.00000000 1.00000000
v 0.35147272 0.15774778 -0.02666137 1.00000000 1.00000000 1.00000000
v 0.53495863 0.00918236 -0.02666137 1.00000000 1.00000000 1.00000000
v 0.65993551 0.05685448 -0.02582013 1.00000000 1.00000000 1.00000000
v 0.61732641 0.09239726 -0.02072186 1.00000000 1.00000000 1.00000000
v 0.41553753 0.17333446 -0.02130070 1.00000000 1.00000000 1.00000000
v 0.45903079 0.08698935 -0.02666137 1.00000000 1.00000000 1.00000000
v 0.51043637 0.08769274 -0.02666137 1.00000000 1.00000000 1.00000000
v 0.36098458 0.01618911 -0.01882691 1.00000000 1.00000000 1.00000000
v 0.42814859 0.11384164 -0.02666137 1.00000000 1.00000000 1.00000000
v 0.44488825 0.13180354 -0.02666137 1.00000000 1.00000000 1.00000000
v 0.61024898 0.10614165 -0.01376966 1.00000000 1.00000000 1.00000000
v 0.44315335 0.11556320 -0.02666137 1.00000000 1.00000000 1.00000000
v 0.60862421 -0.01668027 -0.02666137 1.00000000 1.00000000 1.00000000
v 0.44960961 0.15192124 -0.02388789 1.00000000 1.00000000 1.00000000
v 0.46473613 0.15585496 -0.02013842 1.00000000 1.00000000 1.00000000
v 0.32546899 0.20332818 -0.02366263 1.00000000 1.00000000 1.00000000
v 0.41348721 0.18666960 -0.01347840 1.00000000 1.00000000 1.00000000
v 0.59592644 -0.01925043 -0.02666137 1.00000000 1.00000000 1.00000000
v 0.55092955 0.01334861 -0.02666137 1.00000000 1.00000000 1.00000000
v 0.58923418 -0.05691733 -0.01383201 1.00000000 1.00000000 1.00000000
v 0.43296157 0.07724320 -0.02666137 1.00000000 1.00000000 1.00000000
v 0.63752923 0.07299824 -0.02448422 1.00000000 1.00000000 1.00000000
v 0.30277012 0.06777179 -0.02666137 1.00000000 1.00000000 1.00000000
v 0.62268802 0.07244557 -0.02576086 1.00000000 1.00000000 1.00000000
v 0.54622041 0.08666032 -0.02666137 1.00000000 1.00000000 1.00000000
v 0.39395478 0.03951490 -0.02666137 1.00000000 1.00000000 1.00000000
v 0.47855439 0.16053131 -0.01310141 1.00000000 1.00000000 1.00000000
v 0.34120313 0.10659520 -0.02666137 1.00000000 1.00000000 1.00000000
v 0.50544076 0.13679895 -0.02125146 1.00000000 1.00000000 1.00000000
v 0.52259134 0.06979653 -0.02666137 1.00000000 1.00000000 1.00000000
v 0.36127563 0.13720960 -0.02666137 1.00000000 1.00000000 1.00000000
v 0.38309803 0.00417693 -0.01490293 1.00000000 1.00000000 1.00000000
v 0.34672101 0.04144646 -0.02581318 1.00000000 1.00000000 1.00000000
v 0.30644044 0.15055869 -0.02666137 1.00000000 1.00000000 1.00000000
v 0.48571674 -0.01033249 -0.02313420 1.00000000 1.00000000 1.00000000
v 0.47456701 0.02761825 -0.02666137 1.00000000 1.00000000 1.00000000
v 0.42996268 0.00853368 -0.02395045 1.00000000 1.00000000 1.00000000
v 0.38213328 0.10928886 -0.02666137 1.00000000 1.00000000 1.00000000
v 0.35235573 0.00835892 -0.00964639 1.00000000 1.00000000 1.00000000
v 0.48705371 0.09507230 -0.02666137 1.00000000 1.00000000 1.00000000
v 0.44527084 0.03407565 -0.02666137 1.00000000 1.00000000 1.00000000
v 0.62697163 0.01986339 -0.02666137 1.00000000 1.00000000 1.00000000
v 0.48805686 0.12670612 -0.02585156 1.00000000 1.00000000 1.00000000
v 0.33785019 0.19787212 -0.02377945 1.00000000 1.00000000 1.00000000
v 0.60997827 -0.06705223 -0.00880151 1.00000000 1.00000000 1.00000000
v 0.34961775 0.08388429 -0.02666137 1.00000000 1.00000000 1.00000000
v 0.45818957 -0.00922530 -0.02033897 1.00000000 1.00000000 1.00000000
v 0.43754054 0.16221153 -0.02215327 1.00000000 1.00000000 1.00000000
v 0.38937096 0.08975247 -0.02666137 1.00000000 1.00000000 1.00000000
v 0.30672566 0.13368871 -0.02666137 1.00000000 1.00000000 1.00000000
v 0.58340609 0.00263458 -0.02666137 1.00000000 1.00000000 1.00000000
v 0.52117776 0.13264548 -0.02023410 1.00000000 1.00000000 1.00000000
v 0.40342242 0.08405903 -0.02666137 1.00000000 1.00000000 1.00000000
v 0.46468146 0.10585263 -0.02666137 1.00000000 1.00000000 1.00000000
v 0.42280611 0.16025377 -0.02455197 1.00000000 1.00000000 1.00000000
v 0.58391012 -0.02977968 -0.02543380 1.00000000 1.00000000 1.00000000
v 0.58884416 0.09364435 -0.02428768 1.00000000 1.00000000 1.00000000
v 0.53960952 0.11201965 -0.02469427 1.00000000 1.00000000 1.00000000
v 0.29964454 0.04802224 -0.02438485 1.00000000 1.00000000 1.00000000
v 0.57907496 0.04709787 -0.02666137 1.00000000 1.00000000 1.00000000
v 0.31486242 0.22883450 -0.01141420 1.00000000 1.00000000 1.00000000
v 0.48436593 0.05905236 -0.02666137 1.00000000 1.00000000 1.00000000
v 0.50126365 0.12172514 -0.02579380 1.00000000 1.00000000 1.00000000
v 0.39166625 0.14327832 -0.02666137 1.00000000 1.00000000 1.00000000
v 0.40162805 0.15839095 -0.02627177 1.00000000 1.00000000 1.00000000
v 0.38570305 0.06691336 -0.02666137 1.00000000 1.00000000 1.00000000
v 0.45708173 0.12108198 -0.02666137 1.00000000 1.00000000 1.00000000
v 0.41581976 0.12776180 -0.02666137 1.00000000 1.00000000 1.00000000
v 0.49966405 0.06360067 -0.02666137 1.00000000 1.00000000 1.00000000
v 0.40871186 0.04683599 -0.02666137 1.00000000 1.00000000 1.00000000
v 0.54819250 0.02867653 -0.02666137 1.00000000 1.00000000 1.00000000
v 0.48922484 0.02157436 -0.02666137 1.00000000 1.00000000 1.00000000
v 0.36406046 0.15023594 -0.02666137 1.00000000 1.00000000 1.00000000
v 0.51537289 0.11922884 -0.02524941 1.00000000 1.00000000 1.00000000
v 0.52054568 0.14369116 -0.01282161 1.00000000 1.00000000 1.00000000
v 0.33448128 0.03238245 -0.02270908 1.00000000 1.00000000 1.00000000
v 0.29640930 0.03309001 -0.01767892 1.00000000 1.00000000 1.00000000
v 0.54241516 0.04106191 -0.02666137 1.00000000 1.00000000 1.00000000
v 0.47062322 0.04809231 -0.02666137 1.00000000 1.00000000 1.00000000
v 0.36809514 0.19018165 -0.02227975 1.00000000 1.00000000 1.00000000
v 0.34857332 0.02078622 -0.01938395 1.00000000 1.00000000 1.00000000
v 0.48451547 0.07724458 -0.02666137 1.00000000 1.00000000 1.00000000
v 0.38812394 0.12646978 -0.02666137 1.00000000 1.00000000 1.00000000
v 0.62288495 -0.01685776 -0.02666137 1.00000000 1.00000000 1.00000000
v 0.56249447 0.02444297 -0.02666137 1.00000000 1.00000000 1.00000000
v 0.60289662 0.09308564 -0.02276355 1.00000000 1.00000000 1.00000000
v 0.41500662 0.01355130 -0.02413632 1.00000000 1.00000000 1.00000000
v 0.53228030 0.12405741 -0.02197549 1.00000000 1.00000000 1.00000000
v 0.40300986 0.13578394 -0.02666137 1.00000000 1.00000000 1.00000000
v 0.64434671 0.08639276 -0.01810643 1.00000000 1.00000000 1.00000000
v 0.33626779 0.01761595 -0.01475508 1.00000000 1.00000000 1.00000000
v 0.53108819 0.08029853 -0.02666137 1.00000000 1.00000000 1.00000000
v 0.31198603 0.20221800 -0.02523599 1.00000000 1.00000000 1.00000000
v 0.30489936 0.18479086 -0.02666137 1.00000000 1.00000000 1.00000000
v 0.61822759 0.03014405 -0.02666137 1.00000000 1.00000000 1.00000000
v 0.59422495 -0.03923334 -0.02394257 1.00000000 1.00000000 1.00000000
v 0.48981825 0.14139377 -0.02196587 1.00000000 1.00000000 1.00000000
v 0.61367523 0.05722466 -0.02666137 1.00000000 1.00000000 1.00000000
v 0.55545916 0.07750573 -0.02666137 1.00000000 1.00000000 1.00000000
v 0.47680349 0.00549730 -0.02606702 1.00000000 1.00000000 1.00000000
v 0.55892556 0.04378096 -0.02666137 1.00000000 1.00000000 1.00000000
v 0.45976512 0.13965974 -0.02563894 1.00000000 1.00000000 1.00000000
v 0.47163715 0.08098249 -0.02666137 1.00000000 1.00000000 1.00000000
v 0.49769884 0.07819917 -0.02666137 1.00000000 1.00000000 1.00000000
v 0.40094651 0.07072348 -0.02666137 1.00000000 1.00000000 1.00000000
v 0.52768998 -0.01008667 -0.02596406 1.00000000 1.00000000 1.00000000
v 0.33068607 0.09287668 -0.02666137 1.00000000 1.00000000 1.00000000
v 0.48823981 0.15511589 -0.01445535 1.00000000 1.00000000 1.00000000
v 0.60641616 -0.03191110 -0.02609893 1.00000000 1.00000000 1.00000000
v 0.32504761 0.14183518 -0.02666137 1.00000000 1.00000000 1.00000000
v 0.34452047 0.14135758 -0.02666137 1.00000000 1.00000000 1.00000000
v 0.55500883 0.06281498 -0.02666137 1.00000000 1.00000000 1.00000000
v 0.35409443 0.12170480 -0.02666137 1.00000000 1.00000000 1.00000000
v 0.35137134 0.19164866 -0.02397634 1.00000000 1.00000000 1.00000000
v 0.42099475 0.10176376 -0.02666137 1.00000000 1.00000000 1.00000000
v 0.59342853 0.11074660 -0.01566433 1.00000000 1.00000000 1.00000000
v 0.57236066 0.03468466 -0.02666137 1.00000000 1.00000000 1.00000000
v 0.42237515 0.14026574 -0.02666137 1.00000000 1.00000000 1.00000000
v 0.56693576 -0.00967649 -0.02666137 1.00000000 1.00000000 1.00000000
v 0.33585704 0.07765483 -0.02666137 1.00000000 1.00000000 1.00000000
v 0.44084790 0.04720040 -0.02666137 1.00000000 1.00000000 1.00000000
v 0.49918105 0.09256201 -0.02666137 1.00000000 1.00000000 1.00000000
v 0.30361165 0.22391676 -0.01890942 1.00000000 1.00000000 1.00000000
v 0.58062483 0.07498469 -0.02666137 1.00000000 1.00000000 1.00000000
v 0.55013304 -0.00290232 -0.02666137 1.00000000 1.00000000 1.00000000
v 0.38251661 0.19840033 -0.01429654 1.00000000 1.00000000 1.00000000
v 0.32132659 0.16138978 -0.02666137 1.00000000 1.00000000 1.00000000
v 0.47287047 0.13189730 -0.02598586 1.00000000 1.00000000 1.00000000
v 0.58185577 -0.04565271 -0.02009714 1.00000000 1.00000000 1.00000000
v 0.59517524 0.04888870 -0.02666137 1.00000000 1.00000000 1.00000000
v 0.62866117 -0.00517815 -0.02666137 1.00000000 1.00000000 1.00000000
v 0.55024161 0.10555587 -0.02514481 1.00000000 1.00000000 1.00000000
v 0.64179722 0.03976169 -0.02666137 1.00000000 1.00000000 1.00000000
v 0.62786787 0.05861038 -0.02665927 1.00000000 1.00000000 1.00000000
v 0.51205655 0.07473889 -0.02666137 1.00000000 1.00000000 1.00000000
v 0.63838408 0.02765242 -0.02666137 1.00000000 1.00000000 1.00000000
v 0.43758844 0.06285610 -0.02666137 1.00000000 1.00000000 1.00000000
v 0.30051074 0.20350240 -0.02580358 1.00000000 1.00000000 1.00000000
v 0.30317152 0.10077732 -0.02666137 1.00000000 1.00000000 1.00000000
v 0.61258493 -0.05543834 -0.01965533 1.00000000 1.00000000 1.00000000
v 0.40027908 0.17534340 -0.02288038 1.00000000 1.00000000 1.00000000
v 0.44381575 0.17451773 -0.01327392 1.00000000 1.00000000 1.00000000
v 0.57244644 -0.05265033 -0.01323139 1.00000000 1.00000000 1.00000000
v 0.33669250 0.15858229 -0.02666137 1.00000000 1.00000000 1.00000000
v 0.36814620 0.16224113 -0.02666137 1.00000000 1.00000000 1.00000000
v 0.44193849 -0.01367371 -0.01423857 1.00000000 1.00000000 1.00000000
v 0.53540101 0.13763968 -0.01281667 1.00000000 1.00000000 1.00000000
v 0.63553927 0.00929983 -0.02666137 1.00000000 1.00000000 1.00000000
v 0.50340936 0.03030612 -0.02666137 1.00000000 1.00000000 1.00000000
v 0.36771704 0.00517494 -0.01137129 1.00000000 1.00000000 1.00000000
v 0.48674832 0.04039519 -0.02666137 1.00000000 1.00000000 1.00000000
v 0.33387072 0.21769912 -0.01475439 1.00000000 1.00000000 1.00000000
v 0.30429488 0.11713567 -0.02666137 1.00000000 1.00000000 1.00000000
v 0.53566924 0.09446578 -0.02666137 1.00000000 1.00000000 1.00000000
v 0.65001989 0.07450291 -0.02254603 1.00000000 1.00000000 1.00000000
v 0.31147650 0.03646018 -0.02170945 1.00000000 1.00000000 1.00000000
v 0.49908014 0.15160300 -0.01364019 1.00000000 1.00000000 1.00000000
v 0.32018656 0.10646407 -0.02666137 1.00000000 1.00000000 1.00000000
v 0.59423111 0.01543847 -0.02666137 1.00000000 1.00000000 1.00000000
v 0.56672321 0.00639448 -0.02666137 1.00000000 1.00000000 1.00000000
v 0.61013345 0.04397677 -0.02666137 1.00000000 1.00000000 1.00000000
v 0.48412506 0.11024401 -0.02666137 1.00000000 1.00000000 1.00000000
v 0.43540571 0.14499859 -0.02623443 1.00000000 1.00000000 1.00000000
v 0.51079291 -0.02594204 -0.01960896 1.00000000 1.00000000 1.00000000
v 0.57807771 0.01855058 -0.02666137 1.00000000 1.00000000 1.00000000
v 0.62663150 0.04304713 -0.02666137 1.00000000 1.00000000 1.00000000
v 0.47065398 -0.01857700 -0.01698524 1.00000000 1.00000000 1.00000000
v 0.39877956 0.19131894 -0.01468503 1.00000000 1.00000000 1.00000000
v 0.57090158 -0.02979004 -0.02463773 1.00000000 1.00000000 1.00000000
v 0.42419173 0.04208627 -0.02666137 1.00000000 1.00000000 1.00000000
v 0.45488583 0.16733566 -0.01558193 1.00000000 1.00000000 1.00000000
v 0.47212959 0.11730584 -0.02666137 1.00000000 1.00000000 1.00000000
v 0.61548465 -0.04210366 -0.02478831 1.00000000 1.00000000 1.00000000
v 0.33083348 0.06264232 -0.02666137 1.00000000 1.00000000 1.00000000
v 0.62816627 0.09997523 -0.01265795 1.00000000 1.00000000 1.00000000
v 0.46797498 0.06644917 -0.02666137 1.00000000 1.00000000 1.00000000
v 0.30653497 0.16873274 -0.02666137 1.00000000 1.00000000 1.00000000
v 0.49881084 0.10684161 -0.02666137 1.00000000 1.00000000 1.00000000
v 0.54120647 -0.01955144 -0.02500205 1.00000000 1.00000000 1.00000000
v 0.61974917 -0.02833850 -0.02663692 1.00000000 1.00000000 1.00000000
v 0.66138490 0.06984230 -0.02255561 1.00000000 1.00000000 1.00000000
v 0.51715322 0.02043246 -0.02666137 1.00000000 1.00000000 1.00000000
v 0.37090197 0.17632775 -0.02556777 1.00000000 1.00000000 1.00000000
v 0.40774817 0.10049860 -0.02666137 1.00000000 1.00000000 1.00000000
v 0.33756158 0.12515030 -0.02666137 1.00000000 1.00000000 1.00000000
v 0.51460797 0.05628034 -0.02666137 1.00000000 1.00000000 1.00000000
v 0.37655114 0.04577126 -0.02666137 1.00000000 1.00000000 1.00000000
v 0.38574151 0.16656625 -0.02609037 1.00000000 1.00000000 1.00000000
v 0.39534471 0.09880704 -0.02666137 1.00000000 1.00000000 1.00000000
v 0.47577632 0.14677054 -0.02209807 1.00000000 1.00000000 1.00000000
v 0.61029047 0.07652659 -0.02589951 1.00000000 1.00000000 1.00000000
v 0.40248072 0.12196023 -0.02666137 1.00000000 1.00000000 1.00000000
v 0.50145294 0.04733594 -0.02666137 1.00000000 1.00000000 1.00000000
v 0.62059544 0.00692901 -0.02666137 1.00000000 1.00000000 1.00000000
v 0.32067152 0.18277353 -0.02666137 1.00000000 1.00000000 1.00000000
v 0.32181875 0.12268330 -0.02666137 1.00000000 1.00000000 1.00000000
v 0.42975123 0.17811130 -0.01516438 1.00000000 1.00000000 1.00000000
v 0.56125854 0.09296165 -0.02630474 1.00000000 1.00000000 1.00000000
v 0.53089629 0.06067886 -0.02666137 1.00000000 1.00000000 1.00000000
v 0.51817386 0.03845804 -0.02666137 1.00000000 1.00000000 1.00000000
v 0.39868087 0.00463653 -0.01847435 1.00000000 1.00000000 1.00000000
v 0.30974513 0.02246959 -0.01190327 1.00000000 1.00000000 1.00000000
v 0.56785579 0.05688553 -0.02666137 1.00000000 1.00000000 1.00000000
v 0.58360755 0.06145577 -0.02666137 1.00000000 1.00000000 1.00000000
v 0.64929891 0.05953698 -0.02604003 1.00000000 1.00000000 1.00000000
v 0.45061422 0.07279238 -0.02666137 1.00000000 1.00000000 1.00000000
v 0.43640105 0.10105522 -0.02666137 1.00000000 1.00000000 1.00000000
v 0.35246391 0.17358699 -0.02659790 1.00000000 1.00000000 1.00000000
v 0.59999031 0.06329903 -0.02666137 1.00000000 1.00000000 1.00000000
v 0.38089388 0.15152229 -0.02666137 1.00000000 1.00000000 1.00000000
v 0.51774916 0.00435446 -0.02666137 1.00000000 1.00000000 1.00000000
v 0.31810550 0.21771869 -0.01906828 1.00000000 1.00000000 1.00000000
v 0.47381671 0.09588149 -0.02666137 1.00000000 1.00000000 1.00000000
v 0.38851597 0.07864369 -0.02666137 1.00000000 1.00000000 1.00000000
v 0.46802810 0.16710808 -0.01052853 1.00000000 1.00000000 1.00000000
v 0.60906983 0.01483224 -0.02666137 1.00000000 1.00000000 1.00000000
v 0.37407209 0.01658027 -0.02097952 1.00000000 1.00000000 1.00000000
v 0.37596360 0.09505965 -0.02666137 1.00000000 1.00000000 1.00000000
v 0.37149895 0.12118758 -0.02666137 1.00000000 1.00000000 1.00000000
v 0.32825801 0.04595102 -0.02567932 1.00000000 1.00000000 1.00000000
v 0.49256055 -0.02627913 -0.01600520 1.00000000 1.00000000 1.00000000
v 0.51189803 0.10229798 -0.02666137 1.00000000 1.00000000 1.00000000
v 0.35716251 0.09594048 -0.02666137 1.00000000 1.00000000 1.00000000
v 0.42876205 0.02858620 -0.02665943 1.00000000 1.00000000 1.00000000
v 0.40874831 0.06111158 -0.02666137 1.00000000 1.00000000 1.00000000
v 0.63848253 0.05341176 -0.02666137 1.00000000 1.00000000 1.00000000
v 0.42380943 0.05693157 -0.02666137 1.00000000 1.00000000 1.00000000
v 0.45473408 0.05562268 -0.02666137 1.00000000 1.00000000 1.00000000
v 0.37431038 0.06052924 -0.02666137 1.00000000 1.00000000 1.00000000
v 0.58779590 0.03255409 -0.02666137 1.00000000 1.00000000 1.00000000
v 0.54151583 0.07092504 -0.02666137 1.00000000 1.00000000 1.00000000
v 0.44498069 0.01948788 -0.02650791 1.00000000 1.00000000 1.00000000
v 0.60099623 -0.06121535 -0.01295692 1.00000000 1.00000000 1.00000000
v 0.44352399 0.08787752 -0.02666137 1.00000000 1.00000000 1.00000000
v 0.38565256 0.18375827 -0.02200511 1.00000000 1.00000000 1.00000000
v 0.56756671 0.07171508 -0.02666137 1.00000000 1.00000000 1.00000000
v 0.41900978 0.07227996 -0.02666137 1.00000000 1.00000000 1.00000000
v 0.39283269 0.05427383 -0.02666137 1.00000000 1.00000000 1.00000000
v 0.31884623 0.07395685 -0.02666137 1.00000000 1.00000000 1.00000000
v 0.58273515 -0.01222879 -0.02666137 1.00000000 1.00000000 1.00000000
v 0.37613985 0.13588562 -0.02666137 1.00000000 1.00000000 1.00000000
v 0.65605041 0.08930731 -0.01190599 1.00000000 1.00000000 1.00000000
v 0.61312088 -0.00400221 -0.02666137 1.00000000 1.00000000 1.00000000
v 0.52951724 0.04693788 -0.02666137 1.00000000 1.00000000 1.00000000
v 0.36111305 0.07088576 -0.02666137 1.00000000 1.00000000 1.00000000
v 0.36191352 0.03264064 -0.02502011 1.00000000 1.00000000 1.00000000
v 0.43080797 0.12728064 -0.02666137 1.00000000 1.00000000 1.00000000
v 0.37216852 0.08072923 -0.02666137 1.00000000 1.00000000 1.00000000
v 0.52493450 -0.03241168 -0.01825812 1.00000000 1.00000000 1.00000000
v 0.32241914 0.02421089 -0.01677799 1.00000000 1.00000000 1.00000000
v 0.45994962 0.03543030 -0.02666137 1.00000000 1.00000000 1.00000000
v 0.65206731 0.04452101 -0.02666137 1.00000000 1.00000000 1.00000000
v 0.64199843 0.09603047 -0.01072357 1.00000000 1.00000000 1.00000000
v 0.67065411 0.08570299 -0.00880566 1.00000000 1.00000000 1.00000000
v 0.34663291 0.06212371 -0.02666137 1.00000000 1.00000000 1.00000000
v 0.39200172 0.01974603 -0.02400103 1.00000000 1.00000000 1.00000000
v 0.50994102 0.14928349 -0.01143751 1.00000000 1.00000000 1.00000000
v 0.31452189 0.05574935 -0.02638738 1.00000000 1.00000000 1.00000000
v 0.46136326 0.01448836 -0.02649270 1.00000000 1.00000000 1.00000000
v 0.54776618 0.12770987 -0.01686068 1.00000000 1.00000000 1.00000000
v 0.39576395 0.11171084 -0.02666137 1.00000000 1.00000000 1.00000000
v 0.45168644 0.10210770 -0.02666137 1.00000000 1.00000000 1.00000000
v 0.56277801 -0.04380956 -0.01800916 1.00000000 1.00000000 1.00000000
v 0.33466631 0.17607522 -0.02666137 1.00000000 1.00000000 1.00000000
v 0.49980456 0.01031196 -0.02666137 1.00000000 1.00000000 1.00000000
v 0.36501701 0.20457444 -0.01510634 1.00000000 1.00000000 1.00000000
v 0.41087195 0.14732599 -0.02665717 1.00000000 1.00000000 1.00000000
v 0.59879116 -0.00212991 -0.02666137 1.00000000 1.00000000 1.00000000
v 0.41139360 -0.00347097 -0.01538507 1.00000000 1.00000000 1.00000000
v 0.42692928 0.08980105 -0.02666137 1.00000000 1.00000000 1.00000000
v 0.42668303 -0.00748064 -0.01573410 1.00000000 1.00000000 1.00000000
v 0.57695557 0.11905902 -0.01435858 1.00000000 1.00000000 1.00000000
v 0.55552391 -0.02618402 -0.02442538 1.00000000 1.00000000 1.00000000
v 0.37948713 0.03013772 -0.02552402 1.00000000 1.00000000 1.00000000
v 0.36055623 0.05238789 -0.02666137 1.00000000 1.00000000 1.00000000
v 0.53908891 -0.03838381 -0.01704264 1.00000000 1.00000000 1.00000000
v 0.44541419 0.00163562 -0.02321806 1.00000000 1.00000000 1.00000000
v 0.34947373 0.21058366 -0.01536858 1.00000000 1.00000000 1.00000000
v 0.40855562 0.02942775 -0.02646498 1.00000000 1.00000000 1.00000000
v 0.36475422 0.10766762 -0.02666137 1.00000000 1.00000000 1.00000000
v 0.56363370 0.11021799 -0.02236892 1.00000000 1.00000000 1.00000000
v 0.56112180 0.12450588 -0.01520239 1.00000000 1.00000000 1.00000000
v 0.60222664 -0.04876506 -0.02140434 1.00000000 1.00000000 1.00000000
v 0.30071851 0.08349034 -0.02666137 1.00000000 1.00000000 1.00000000
v 0.54485510 0.05483177 -0.02666137 1.00000000 1.00000000 1.00000000
v 0.41483009 0.08660349 -0.02666137 1.00000000 1.00000000 1.00000000
v 0.53239880 0.02688527 -0.02666137 1.00000000 1.00000000 1.00000000
v 0.52554018 0.10717483 -0.02633613 1.00000000 1.00000000 1.00000000
v 0.55066814 -0.04541352 -0.01410966 1.00000000 1.00000000 1.00000000
v 0.50364286 -0.00876177 -0.02497466 1.00000000 1.00000000 1.00000000
v 0.57328575 0.08704154 -0.02639215 1.00000000 1.00000000 1.00000000
v 0.52239316 0.09075808 -0.02666137 1.00000000 1.00000000 1.00000000
v 0.57771918 0.10422841 -0.02245767 1.00000000 1.00000000 1.00000000
v 0.59426262 0.07685735 -0.02650653 1.00000000 1.00000000 1.00000000
v -0.10424066 0.28041367 0.01604947 1.00000000 1.00000000 1.00000000
v -0.09240177 0.26821310 0.02426205 1.00000000 1.00000000 1.00000000
v -0.07935756 0.25481672 0.02666137 1.00000000 1.00000000 1.00000000
v -0.06895606 0.24419145 0.02666137 1.00000000 1.00000000 1.00000000
v -0.05853032 0.23359259 0.02666137 1.00000000 1.00000000 1.00000000
v -0.04807818 0.22302556 0.02666137 1.00000000 1.00000000 1.00000000
v -0.03758355 0.21248394 0.02666137 1.00000000 1.00000000 1.00000000
v -0.02705402 0.20198818 0.02666137 1.00000000 1.00000000 1.00000000
v -0.01647223 0.19153831 0.02666137 1.00000000 1.00000000 1.00000000
v -0.00582671 0.18114759 0.02666137 1.00000000 0.00000000 0.00000000
v -0.01193356 0.16939650 0.03677677 1.00000000 1.00000000 1.00000000
v -0.01803918 0.15764776 0.04068552 1.00000000 0.00000000 0.00000000
v -0.02799434 0.16835989 0.04022528 1.00000000 1.00000000 1.00000000
v -0.03791984 0.17910228 0.04004120 1.00000000 1.00000000 1.00000000
v -0.04783608 0.18986131 0.03986884 1.00000000 1.00000000 1.00000000
v -0.05774308 0.20062618 0.03970717 1.00000000 1.00000000 1.00000000
v -0.06763654 0.21138714 0.03955497 1.00000000 1.00000000 1.00000000
v -0.07752418 0.22214976 0.03941103 1.00000000 1.00000000 1.00000000
v -0.08741718 0.23292443 0.03927426 1.00000000 1.00000000 1.00000000
v -0.09731209 0.24370621 0.03914396 1.00000000 1.00000000 1.00000000
v -0.10827466 0.25767648 0.03722768 1.00000000 1.00000000 1.00000000
v -0.11892716 0.27075232 0.03094074 1.00000000 1.00000000 1.00000000
v -0.12810294 0.27966206 0.02041637 1.00000000 1.00000000 1.00000000
v -0.13685073 0.28682458 0.00000000 1.00000000 0.00000000 0.00000000
v -0.12364680 0.28682458 0.00000000 1.00000000 1.00000000 1.00000000
v -0.11044552 0.28682458 0.00000000 1.00000000 0.00000000 0.00000000
v -0.10953188 0.27044996 0.03047812 1.00000000 1.00000000 1.00000000
v -0.06192063 0.22146947 0.03588443 1.00000000 1.00000000 1.00000000
v -0.09894724 0.25894660 0.03501576 1.00000000 1.00000000 1.00000000
v -0.11527689 0.28126851 0.02091185 1.00000000 1.00000000 1.00000000
v -0.08203866 0.24281872 0.03562441 1.00000000 1.00000000 1.00000000
v -0.07266466 0.23270774 0.03578636 1.00000000 1.00000000 1.00000000
v -0.12822664 0.28119494 0.01753873 1.00000000 1.00000000 1.00000000
v -0.04913348 0.20790918 0.03607694 1.00000000 1.00000000 1.00000000
v -0.10158248 0.27125597 0.02816387 1.00000000 1.00000000 1.00000000
v -0.08949932 0.25311469 0.03475425 1.00000000 1.00000000 1.00000000
v 0.00582671 0.18114759 0.02666137 1.00000000 0.00000000 0.00000000
v 0.01647223 0.19153831 0.02666137 1.00000000 1.00000000 1.00000000
v 0.02705402 0.20198818 0.02666137 1.00000000 1.00000000 1.00000000
v 0.03758355 0.21248394 0.02666137 1.00000000 1.00000000 1.00000000
v 0.04807818 0.22302556 0.02666137 1.00000000 1.00000000 1.00000000
v 0.05853032 0.23359259 0.02666137 1.00000000 1.00000000 1.00000000
v 0.06895606 0.24419145 0.02666137 1.00000000 1.00000000 1.00000000
v 0.07935756 0.25481672 0.02666137 1.00000000 1.00000000 1.00000000
v 0.09240177 0.26821310 0.02426205 1.00000000 1.00000000 1.00000000
v 0.10424066 0.28041367 0.01604947 1.00000000 1.00000000 1.00000000
v 0.11044552 0.28682458 0.00000000 1.00000000 0.00000000 0.00000000
v 0.12364944 0.28682458 0.00000000 1.00000000 1.00000000 1.00000000
v 0.13685073 0.28682458 0.00000000 1.00000000 0.00000000 0.00000000
v 0.12810294 0.27966206 0.02041637 1.00000000 1.00000000 1.00000000
v 0.11892716 0.27075232 0.03094074 1.00000000 1.00000000 1.00000000
v 0.10827466 0.25767648 0.03722768 1.00000000 1.00000000 1.00000000
v 0.09731209 0.24370621 0.03914396 1.00000000 1.00000000 1.00000000
v 0.08741718 0.23292443 0.03927426 1.00000000 1.00000000 1.00000000
v 0.07752418 0.22214976 0.03941103 1.00000000 1.00000000 1.00000000
v 0.06763654 0.21138714 0.03955497 1.00000000 1.00000000 1.00000000
v 0.05774308 0.20062618 0.03970717 1.00000000 1.00000000 1.00000000
v 0.04783608 0.18986131 0.03986884 1.00000000 1.00000000 1.00000000
v 0.03791984 0.17910228 0.04004120 1.00000000 1.00000000 1.00000000
v 0.02799434 0.16835989 0.04022528 1.00000000 1.00000000 1.00000000
v 0.01803918 0.15764776 0.04068552 1.00000000 0.00000000 0.00000000
v 0.01193233 0.16939885 0.03677579 1.00000000 1.00000000 1.00000000
v 0.03585785 0.19438630 0.03615091 1.00000000 1.00000000 1.00000000
v 0.11335759 0.27929732 0.02312065 1.00000000 1.00000000 1.00000000
v 0.06736405 0.23166562 0.03441170 1.00000000 1.00000000 1.00000000
v 0.07721821 0.23041043 0.03758669 1.00000000 1.00000000 1.00000000
v 0.05744190 0.22039586 0.03482453 1.00000000 1.00000000 1.00000000
v 0.04996992 0.20849778 0.03614742 1.00000000 1.00000000 1.00000000
v 0.07720330 0.23994768 0.03498911 1.00000000 1.00000000 1.00000000
v 0.09677130 0.25945390 0.03423854 1.00000000 1.00000000 1.00000000
v 0.06721595 0.22098921 0.03741213 1.00000000 1.00000000 1.00000000
v 0.08611636 0.24594094 0.03592639 1.00000000 1.00000000 1.00000000
v -0.11044552 0.28682458 0.00000000 1.00000000 0.00000000 0.00000000
v -0.12364680 0.28682458 0.00000000 1.00000000 1.00000000 1.00000000
v -0.13685073 0.28682458 0.00000000 1.00000000 0.00000000 0.00000000
v -0.12457120 0.28193949 -0.00923003 1.00000000 1.00000000 1.00000000
v -0.11285324 0.28024284 -0.02247366 1.00000000 1.00000000 1.00000000
v -0.10097361 0.27425268 -0.03119163 1.00000000 1.00000000 1.00000000
v -0.08630781 0.26737154 -0.03712533 1.00000000 1.00000000 1.00000000
v -0.07035380 0.26192877 -0.03903220 1.00000000 1.00000000 1.00000000
v -0.05645148 0.25883903 -0.03955798 1.00000000 1.00000000 1.00000000
v -0.04243606 0.25629147 -0.03996318 1.00000000 1.00000000 1.00000000
v -0.02834336 0.25425037 -0.04027150 1.00000000 1.00000000 1.00000000
v -0.01419252 0.25267946 -0.04050089 1.00000000 1.00000000 1.00000000
v 0.00000000 0.25154517 -0.04066640 1.00000000 0.00000000 0.00000000
v 0.01419252 0.25267946 -0.04050089 1.00000000 1.00000000 1.00000000
v 0.02834336 0.25425037 -0.04027150 1.00000000 1.00000000 1.00000000
v 0.04243606 0.25629147 -0.03996318 1.00000000 1.00000000 1.00000000
v 0.05645148 0.25883903 -0.03955798 1.00000000 1.00000000 1.00000000
v 0.07035380 0.26192877 -0.03903220 1.00000000 1.00000000 1.00000000
v 0.08630781 0.26737154 -0.03712533 1.00000000 1.00000000 1.00000000
v 0.10097361 0.27425268 -0.03119163 1.00000000 1.00000000 1.00000000
v 0.11285324 0.28024284 -0.02247366 1.00000000 1.00000000 1.00000000
v 0.12457120 0.28193949 -0.00923003 1.00000000 1.00000000 1.00000000
v 0.13685073 0.28682458 0.00000000 1.00000000 0.00000000 0.00000000
v 0.12364944 0.28682458 0.00000000 1.00000000 1.00000000 1.00000000
v 0.11044552 0.28682458 0.00000000 1.00000000 0.00000000 0.00000000
v 0.10259004 0.28582496 -0.01521530 1.00000000 1.00000000 1.00000000
v 0.08718274 0.28401977 -0.02352106 1.00000000 1.00000000 1.00000000
v 0.06989353 0.28220633 -0.02657954 1.00000000 1.00000000 1.00000000
v 0.05533874 0.28091777 -0.02666137 1.00000000 1.00000000 1.00000000
v 0.04152062 0.27989855 -0.02666137 1.00000000 1.00000000 1.00000000
v 0.02769146 0.27906395 -0.02666137 1.00000000 1.00000000 1.00000000
v 0.01385125 0.27841441 -0.02666137 1.00000000 1.00000000 1.00000000
v 0.00000000 0.27795038 -0.02666137 1.00000000 0.00000000 0.00000000
v -0.01385125 0.27841441 -0.02666137 1.00000000 1.00000000 1.00000000
v -0.02769146 0.27906395 -0.02666137 1.00000000 1.00000000 1.00000000
v -0.04152062 0.27989855 -0.02666137 1.00000000 1.00000000 1.00000000
v -0.05533874 0.28091777 -0.02666137 1.00000000 1.00000000 1.00000000
v -0.06989353 0.28220633 -0.02657954 1.00000000 1.00000000 1.00000000
v -0.08718274 0.28401977 -0.02352106 1.00000000 1.00000000 1.00000000
v -0.10259004 0.28582496 -0.01521530 1.00000000 1.00000000 1.00000000
v -0.01553089 0.26744964 -0.03592342 1.00000000 1.00000000 1.00000000
v -0.10673578 0.28283110 -0.02031355 1.00000000 1.00000000 1.00000000
v -0.04732895 0.26862723 -0.03617808 1.00000000 1.00000000 1.00000000
v -0.02466781 0.26458381 -0.03716423 1.00000000 1.00000000 1.00000000
v -0.06726365 0.27223845 -0.03535547 1.00000000 1.00000000 1.00000000
v -0.09598498 0.27908775 -0.02856454 1.00000000 1.00000000 1.00000000
v 0.00823590 0.26492909 -0.03679384 1.00000000 1.00000000 1.00000000
v -0.05928438 0.26618892 -0.03740447 1.00000000 1.00000000 1.00000000
v -0.07660158 0.26907224 -0.03687694 1.00000000 1.00000000 1.00000000
v 0.02472714 0.26639634 -0.03650512 1.00000000 1.00000000 1.00000000
v 0.07398530 0.27301740 -0.03523255 1.00000000 1.00000000 1.00000000
v 0.10520042 0.28199715 -0.02220169 1.00000000 1.00000000 1.00000000
v 0.05454921 0.26973552 -0.03594874 1.00000000 1.00000000 1.00000000
v -0.00480223 0.26448747 -0.03691261 1.00000000 1.00000000 1.00000000
v -0.11678363 0.28423478 -0.01000306 1.00000000 1.00000000 1.00000000
v -0.03535277 0.26781523 -0.03618665 1.00000000 1.00000000 1.00000000
v -0.07785568 0.27835911 -0.03215230 1.00000000 1.00000000 1.00000000
v 0.09185797 0.27747284 -0.03083273 1.00000000 1.00000000 1.00000000
v -0.05843323 0.27472506 -0.03378422 1.00000000 1.00000000 1.00000000
v -0.08638755 0.27539098 -0.03313966 1.00000000 1.00000000 1.00000000
f 1 951 2
f 191 1320 192
f 464 687 1753
f 969 387 1872
f 861 1378 1952
f 1557 13 1327
f 1618 793 1856
f 533 1919 1421
f 1545 275 1018
f 1859 1856 793
f 1593 18 17
f 1926 1552 630
f 14 1557 15
f 14 13 1557
f 1238 1518 1859
f 1327 1731 482
f 1903 626 1412
f 2071 1905 1552
f 482 1731 655
f 1048 392 24
f 21 1077 234
f 2110 1661 1846
f 230 1599 788
f 1180 598 2028
f 232 2111 1018
f 260 1757 452
f 288 864 1483
f 2058 1510 1680
f 1708 983 1009
f 33 1455 988
f 1344 1496 1363
f 1087 34 33
f 1444 586 1404
f 40 1800 1297
f 1318 988 1496
f 1165 1512 1602
f 929 586 1444
f 1220 1960 262
f 1800 1608 1297
f 267 809 2130
f 586 43 42
f 1500 1462 1147
f 1981 54 53
f 1209 239 1820
f 52 1147 1462
f 47 46 1371
f 1740 780 344
f 45 1460 46
f 883 1487 523
f 1723 1476 1907
f 1752 1900 929
f 586 42 1404
f 301 1671 347
f 1953 521 2080
f 1487 883 835
f 762 1241 937
f 63 1133 719
f 1225 55 892
f 726 1820 1811
f 1138 508 1855
f 422 2089 268
f 937 1830 892
f 344 780 2076
f 2077 1133 2191
f 514 1485 612
f 1851 1461 429
f 834 1727 857
f 1698 1695 1057
f 1069 415 1985
f 231 1660 850
f 1197 1631 1353
f 985 2063 872
f 721 1386 343
f 580 931 227
f 1849 1795 319
f 1933 1284 405
f 1255 1849 319
f 2068 679 574
f 1549 554 1151
f 1623 1539 506
f 580 227 697
f 1110 1727 834
f 2143 2078 2090
f 1345 2007 2188
f 2160 1821 259
f 885 2190 1941
f 96 881 97
f 688 1847 2121
f 90 1643 606
f 312 1693 493
f 1965 1361 1287
f 606 1643 1991
f 1250 2160 259
f 1131 1122 1766
f 95 1118 96
f 1983 1189 360
f 1207 426 600
f 1741 1409 1531
f 1766 997 1131
f 103 102 205
f 1711 360 1185
f 516 1028 791
f 1256 633 605
f 91 90 606
f 779 925 826
f 106 924 107
f 1617 1625 826
f 530 2090 860
f 1021 254 1959
f 1924 1542 936
f 1210 501 1122
f 205 102 101
f 535 308 1847
f 1782 1289 274
f 923 978 1578
f 1621 842 974
f 777 1949 1092
f 703 2176 884
f 831 2113 1262
f 747 671 558
f 1647 1507 1858
f 2079 236 277
f 253 123 122
f 1321 341 1115
f 1528 814 278
f 757 130 440
f 994 2026 1260
f 202 1885 1726
f 2066 745 1689
f 1075 1894 393
f 757 1192 511
f 477 1881 1786
f 1522 1482 325
f 511 1906 745
f 136 852 137
f 1568 645 725
f 993 1651 1383
f 1815 1535 141
f 2179 1748 1895
f 1815 141 140
f 882 2185 631
f 1906 825 984
f 1927 1754 669
f 142 1073 143
f 462 1281 1270
f 615 1579 1311
f 2124 556 2021
f 1868 2179 478
f 137 1295 138
f 609 1579 615
f 1088 1517 993
f 214 2119 1030
f 1986 1037 1519
f 856 1651 1519
f 2039 2053 1041
f 153 2109 154
f 214 2053 2039
f 1725 152 151
f 1063 1449 1143
f 161 2034 1111
f 300 1034 449
f 2028 598 1745
f 1718 856 414
f 2129 1342 541
f 732 1422 808
f 167 166 880
f 2189 899 880
f 629 977 824
f 321 256 2170
f 1862 1746 169
f 1096 476 316
f 1418 174 1175
f 232 1018 601
f 1454 963 1342
f 280 1354 886
f 2172 2049 713
f 1696 1395 320
f 795 758 2065
f 2038 409 1939
f 2114 340 1105
f 1792 234 2055
f 1351 1155 578
f 547 969 2145
f 1302 888 698
f 1421 676 533
f 328 2168 1495
f 1551 1955 1217
f 2000 912 1686
f 1320 1753 1662
f 1662 1753 975
f 464 1556 687
f 1590 1856 2106
f 416 786 1616
f 1662 1240 481
f 2042 173 172
f 2108 649 1929
f 594 2189 602
f 1638 1663 632
f 1812 2038 398
f 1465 677 1032
f 2125 807 1789
f 914 1647 1638
f 719 867 1978
f 1740 59 220
f 131 2066 1689
f 672 1703 1571
f 187 2136 237
f 1016 2028 1098
f 1252 1007 774
f 2114 938 255
f 1617 924 106
f 1808 98 1714
f 774 175 1418
f 353 656 1273
f 1465 2038 1812
f 2079 805 1434
f 109 1983 1711
f 1943 657 889
f 398 1302 1530
f 1955 1551 1182
f 1716 714 1674
f 686 2146 369
f 444 1223 1570
f 722 1137 1084
f 1606 168 1398
f 1398 899 1338
f 792 386 534
f 967 1762 784
f 729 291 491
f 1108 648 603
f 2161 625 604
f 801 424 75
f 99 1808 100
f 1983 109 108
f 1232 1213 620
f 1132 1855 932
f 2091 1352 1095
f 1967 1659 1241
f 1949 1588 918
f 1505 648 1108
f 1932 243 817
f 55 54 892
f 1810 1273 1199
f 1266 1024 991
f 1920 914 632
f 1196 784 337
f 1373 1596 520
f 1385 1231 1253
f 1984 1170 1840
f 418 1992 906
f 883 523 607
f 892 1830 1225
f 743 439 1890
f 159 960 160
f 366 349 2102
f 450 1707 1054
f 1048 508 392
f 1979 537 1070
f 429 514 1537
f 703 1899 1140
f 640 1464 861
f 977 897 1388
f 1722 1100 1141
f 1863 506 1539
f 2187 1985 965
f 261 1880 804
f 1074 918 1897
f 2148 1282 1293
f 1721 2135 1019
f 722 1745 598
f 1679 1944 1389
f 1293 819 718
f 2113 446 489
f 954 854 567
f 185 1735 186
f 2145 1202 2104
f 850 985 845
f 486 900 1623
f 2011 1967 225
f 56 1225 57
f 1790 1140 1214
f 1564 1198 1347
f 1959 254 1763
f 115 114 284
f 783 706 472
f 820 1665 1633
f 2074 1330 970
f 1953 870 1884
f 1928 763 1323
f 480 2040 2184
f 1977 1221 1083
f 1705 376 571
f 503 526 227
f 1389 2123 550
f 1327 12 1050
f 2111 833 410
f 1299 1993 223
f 2161 604 352
f 417 1093 2001
f 1893 1401 835
f 485 1351 996
f 976 2084 1154
f 716 1823 1282
f 1660 213 238
f 1841 1753 687
f 2175 191 190
f 1920 1051 292
f 672 339 1179
f 1643 90 89
f 2113 512 331
f 1760 982 2159
f 1841 387 547
f 2157 1494 723
f 1533 1233 750
f 473 954 2052
f 2052 896 1534
f 534 898 1420
f 1589 583 735
f 354 1059 767
f 779 1909 1996
f 1072 522 437
f 1804 350 1608
f 595 1322 218
f 1066 32 31
f 2141 552 1839
f 1825 1510 474
f 784 298 337
f 477 1786 1636
f 406 1878 2108
f 345 591 1572
f 2153 1775 1668
f 815 1947 627
f 948 666 555
f 1964 1233 1533
f 1932 817 1488
f 1487 1394 553
f 2089 520 221
f 2041 454 653
f 74 801 75
f 2063 1941 1141
f 766 1269 1575
f 1505 1108 556
f 230 800 2095
f 1723 1907 1739
f 2091 1095 304
f 2061 599 1648
f 1802 1063 1218
f 369 1890 1469
f 367 1438 308
f 1897 1211 1074
f 465 1069 1985
f 1367 681 1553
f 1324 947 128
f 2157 1571 1494
f 1074 1211 1813
f 292 1405 1432
f 2036 1689 984
f 632 121 120
f 1861 1257 532
f 1112 314 783
f 824 1515 2084
f 1094 1934 1771
f 212 2138 1065
f 162 1008 395
f 408 1795 839
f 1298 246 1249
f 283 1895 1748
f 2036 2156 1470
f 1051 118 1908
f 614 922 259
f 2126 1203 1885
f 646 297 813
f 761 1021 1250
f 1293 1282 529
f 1831 1412 955
f 1591 287 1379
f 1444 1404 728
f 1879 362 1509
f 2035 724 1732
f 2072 667 1006
f 1512 29 28
f 1900 1876 586
f 528 659 1748
f 1651 856 1441
f 671 657 558
f 1541 1396 117
f 1604 1016 901
f 1921 628 1573
f 764 1780 303
f 1759 1720 962
f 1314 705 1130
f 615 1600 2021
f 1005 784 1333
f 266 1385 742
f 1788 1289 1782
f 498 813 297
f 1894 1630 393
f 1120 302 326
f 527 384 592
f 158 1103 159
f 1469 1890 1157
f 636 1783 875
f 1514 863 1511
f 225 762 1174
f 447 846 683
f 390 1569 610
f 435 513 1117
f 1857 1156 1521
f 2003 1898 357
f 289 1598 1544
f 662 1475 930
f 496 1093 887
f 1485 514 429
f 2190 950 1380
f 442 2115 699
f 589 1232 265
f 1380 972 1045
f 240 1816 1036
f 575 1382 678
f 1771 181 180
f 760 517 1317
f 241 1432 1239
f 1777 3 1502
f 509 626 1903
f 1643 633 371
f 1451 82 1345
f 1715 1865 863
f 1770 1471 1791
f 2184 1945 1036
f 664 896 279
f 565 267 935
f 1401 759 665
f 1999 309 876
f 280 886 963
f 576 2015 927
f 215 1298 2152
f 542 874 1809
f 1794 1610 691
f 721 1172 351
f 1765 498 1183
f 1263 557 1156
f 2137 2183 541
f 1906 1689 745
f 1317 342 760
f 1822 1291 1614
f 322 313 30
f 1572 2074 1992
f 1091 475 566
f 321 1935 1203
f 749 796 285
f 926 1198 1113
f 732 808 1734
f 673 752 1576
f 749 1951 796
f 2118 898 1980
f 642 593 248
f 1053 1242 1285
f 1453 629 976
f 611 1869 958
f 1714 97 881
f 333 349 1667
f 419 396 357
f 1047 806 873
f 1833 222 1276
f 2143 1969 2078
f 765 885 1941
f 2069 1810 1197
f 418 906 2015
f 2120 420 1870
f 1310 400 1234
f 361 1587 981
f 1027 1816 240
f 1745 722 1349
f 626 1547 488
f 733 1194 2002
f 2177 2057 1416
f 1988 1509 692
f 1086 775 562
f 994 555 781
f 341 1536 339
f 2084 1942 1154
f 1354 476 585
f 2156 984 825
f 1211 1897 1434
f 296 2177 1416
f 1564 715 1198
f 1415 1698 1057
f 1288 1623 506
f 201 1173 907
f 1458 980 1631
f 2182 1989 837
f 353 1273 703
f 676 717 2195
f 776 601 275
f 2016 1876 1893
f 305 2015 741
f 555 715 948
f 2081 331 1541
f 330 1980 2054
f 1181 333 1373
f 809 1222 1901
f 2025 201 1191
f 798 1461 1851
f 1849 1863 1539
f 2161 1532 811
f 1532 653 841
f 1148 635 1397
f 1801 65 1642
f 274 1548 1702
f 1376 324 1317
f 467 1187 870
f 853 1839 552
f 350 1344 1166
f 1967 239 1209
f 1732 2029 1450
f 662 2144 1475
f 237 1190 460
f 237 188 187
f 654 560 572
f 342 771 1877
f 936 1742 501
f 104 103 866
f 2099 80 581
f 1244 807 2125
f 1956 1824 1228
f 1003 377 1724
f 848 1497 1056
f 2133 1655 1958
f 1337 1277 1764
f 179 340 643
f 1024 1237 1079
f 2084 1515 539
f 1995 1068 1634
f 1621 580 1904
f 2019 2014 1208
f 431 1058 1325
f 1171 915 1155
f 1993 1679 1389
f 736 1381 1080
f 1243 1970 1375
f 2118 1420 898
f 916 221 1384
f 845 231 850
f 919 1185 1097
f 533 1238 1919
f 2012 1947 1648
f 1067 1861 1639
f 517 373 718
f 259 1331 614
f 1711 110 109
f 1840 1170 726
f 1694 197 1695
f 167 880 1398
f 1044 1606 1338
f 1800 38 1676
f 2116 962 1720
f 1468 2103 220
f 2004 1659 1359
f 717 676 538
f 833 2055 1646
f 184 1735 185
f 1098 1525 1744
f 1143 752 879
f 1717 1219 490
f 2053 214 1030
f 1737 404 1360
f 93 1766 94
f 1256 605 799
f 1103 525 704
f 545 1936 1368
f 615 1311 1186
f 141 1535 142
f 1843 613 1040
f 1899 1810 916
f 1033 287 1591
f 1410 358 209
f 928 388 998
f 1923 488 415
f 1123 403 1641
f 827 825 1906
f 942 2100 1747
f 363 750 1233
f 1507 914 241
f 1541 512 1396
f 2028 1745 1167
f 522 1084 437
f 609 1927 669
f 2150 511 1767
f 492 527 1769
f 1377 1454 1342
f 300 439 636
f 1712 808 1268
f 1832 744 1677
f 1843 418 1796
f 323 334 2120
f 68 1461 69
f 1308 677 1812
f 1957 584 959
f 223 1177 1052
f 1035 289 421
f 707 1933 1707
f 353 1682 656
f 1696 1477 328
f 1939 1336 888
f 1280 812 972
f 1022 1922 1280
f 1436 1360 404
f 713 708 886
f 818 2166 1868
f 393 1126 1075
f 405 1682 229
f 707 2154 1851
f 1580 436 706
f 1736 641 567
f 1681 1874 336
f 1921 1476 1527
f 839 1795 1539
f 436 332 472
f 458 691 500
f 1760 996 578
f 9 1426 1464
f 998 388 462
f 1615 1910 671
f 718 373 411
f 1027 957 1067
f 1282 1823 529
f 600 922 1629
f 1902 1431 1161
f 561 1088 2085
f 147 645 631
f 519 1874 1677
f 1923 1491 1831
f 1594 1204 1429
f 379 1903 538
f 2031 370 2144
f 620 1982 1232
f 496 1614 841
f 2191 344 2077
f 1710 552 370
f 444 327 1787
f 1093 1358 1870
f 1963 1932 1064
f 1459 913 987
f 1883 445 1477
f 1520 930 520
f 1667 837 1278
f 443 1650 423
f 1287 1374 1965
f 67 375 773
f 1589 735 1498
f 956 839 1539
f 2078 1969 1236
f 111 1976 1629
f 2010 2173 919
f 1609 1576 785
f 1257 1067 957
f 1108 1927 556
f 1162 849 1152
f 1628 1698 1054
f 618 400 1523
f 1187 378 1984
f 835 1394 1487
f 1910 657 671
f 1244 1873 807
f 1643 605 633
f 866 2062 1617
f 1495 245 328
f 1343 746 1335
f 1120 326 1000
f 622 1375 1034
f 1235 2132 1149
f 2090 770 860
f 1423 425 1420
f 956 2067 891
f 625 722 598
f 1048 1167 508
f 1368 1936 2119
f 2002 1346 733
f 1890 439 1769
f 904 2137 1917
f 233 1125 1443
f 1443 126 233
f 1855 522 932
f 441 1512 28
f 2035 272 265
f 1710 566 577
f 1650 1438 216
f 1742 1714 881
f 1563 921 1099
f 1730 486 1288
f 399 597 610
f 1569 303 1090
f 1928 1323 1823
f 2092 222 1973
f 1848 1567 899
f 1301 594 878
f 867 680 548
f 2103 1830 1513
f 1449 1673 2086
f 875 395 636
f 429 1461 773
f 980 514 612
f 1061 1812 398
f 1585 1717 1388
f 1279 1900 1752
f 1893 1876 759
f 2083 737 1559
f 628 712 1573
f 1046 1602 1880
f 1681 1692 1874
f 932 804 455
f 1653 1013 999
f 1273 656 1199
f 591 2069 618
f 2140 1977 2122
f 838 578 1155
f 2075 987 458
f 1145 1696 245
f 1005 967 784
f 279 1619 823
f 358 1410 460
f 187 186 2136
f 799 605 87
f 1341 461 1256
f 1874 1832 1677
f 1319 2135 540
f 1797 597 986
f 823 240 1036
f 1753 1320 464
f 203 844 1887
f 1903 717 538
f 410 1545 1018
f 466 2108 1728
f 2052 954 896
f 1649 1963 1064
f 430 2011 1394
f 1935 1478 926
f 1365 1099 701
f 532 412 1861
f 814 1125 1536
f 1957 959 1939
f 1553 681 965
f 1762 1575 298
f 1092 671 747
f 1249 246 971
f 702 2014 2019
f 854 1387 1229
f 1562 900 486
f 565 1279 2013
f 1791 452 1770
f 207 368 421
f 2153 1598 699
f 176 668 177
f 684 1427 585
f 1321 689 487
f 827 1346 825
f 1894 694 2117
f 1503 882 1425
f 2186 1129 1806
f 899 1567 1338
f 498 2019 1913
f 1546 238 213
f 1872 1556 1686
f 1850 1204 1591
f 655 17 16
f 1281 18 1593
f 1553 2083 1367
f 861 1952 640
f 1129 515 946
f 1117 1891 1272
f 442 1620 2115
f 2110 507 1954
f 197 1283 215
f 314 706 783
f 1486 1866 1561
f 1906 984 1689
f 902 1912 712
f 630 1672 821
f 531 123 1494
f 1411 251 244
f 1382 2038 1465
f 376 2172 571
f 1894 1075 694
f 822 1737 1360
f 165 602 166
f 484 1152 1056
f 1045 1025 1761
f 985 850 1493
f 854 1229 285
f 436 646 1886
f 2004 347 1671
f 496 1258 1614
f 1770 452 1757
f 618 1353 400
f 456 221 916
f 1520 2089 422
f 284 616 2081
f 1546 871 530
f 1075 389 648
f 1039 136 135
f 544 309 1999
f 1392 1610 1480
f 1991 1643 371
f 1118 881 96
f 1922 873 806
f 502 1959 1578
f 2190 1380 1341
f 425 1730 1657
f 1226 2164 2044
f 1602 1046 1687
f 669 816 1579
f 1073 385 725
f 1580 2040 480
f 1660 231 319
f 390 2147 1017
f 1995 1634 2088
f 1759 1484 1720
f 1180 2028 1016
f 1662 481 1320
f 1744 1525 232
f 496 887 249
f 858 983 1708
f 440 947 1192
f 733 1799 1194
f 115 1541 116
f 1976 1207 600
f 1951 790 1304
f 1873 1782 216
f 2163 944 1215
f 1150 591 268
f 1600 2166 818
f 569 1152 484
f 2045 1001 923
f 367 308 535
f 412 532 310
f 1293 529 819
f 430 239 2011
f 1914 1147 51
f 1048 1402 1167
f 1731 2009 623
f 419 1710 370
f 1773 1358 1581
f 562 1822 1372
f 2076 301 1191
f 863 1865 1653
f 1483 864 1322
f 48 47 518
f 1804 1608 1676
f 529 1823 468
f 516 978 1702
f 1930 1595 1268
f 159 2046 960
f 200 530 335
f 1104 554 1452
f 1751 198 1329
f 2084 976 824
f 1119 438 768
f 1579 609 669
f 1411 1407 251
f 1619 279 641
f 873 1789 1047
f 1849 1255 931
f 716 1928 1823
f 129 440 130
f 391 1701 1813
f 469 716 1588
f 844 2165 287
f 1616 1931 990
f 583 1397 635
f 1472 1134 1151
f 461 1341 1380
f 690 503 1538
f 751 2128 1915
f 1937 1504 1529
f 380 1265 940
f 1265 698 634
f 2165 1918 1042
f 1919 1010 1421
f 1427 684 1065
f 1032 255 938
f 346 1547 626
f 776 275 204
f 1917 376 904
f 1044 394 904
f 285 796 1736
f 843 730 772
f 1005 1333 373
f 1652 1112 466
f 1193 678 1032
f 1771 748 181
f 438 2008 1436
f 2026 1892 1400
f 2123 566 1669
f 1496 1455 1038
f 2000 189 912
f 1421 1010 1042
f 1851 429 1537
f 225 523 553
f 1046 288 1687
f 1137 778 1084
f 820 1835 2105
f 1572 591 1523
f 819 468 1749
f 278 814 1536
f 1915 1435 751
f 662 1520 613
f 1227 1173 680
f 267 2130 935
f 1172 424 1158
f 78 77 979
f 1321 278 341
f 1089 666 948
f 1786 1470 1636
f 1332 1700 882
f 1626 1439 1002
f 1634 1068 1017
f 354 1853 1059
f 423 1001 443
f 1957 876 1459
f 1834 1221 1977
f 1176 849 1162
f 830 1860 1437
f 1651 1597 1383
f 1195 1828 270
f 595 1960 1322
f 1349 508 1745
f 1572 1523 1330
f 338 1471 1220
f 995 493 958
f 1969 1208 1224
f 1496 988 1455
f 260 474 1757
f 1780 1060 536
f 1473 1373 930
f 1619 524 823
f 957 2177 296
f 386 617 534
f 1992 1040 345
f 794 1706 1550
f 673 302 1120
f 1908 292 1051
f 1615 671 1092
f 2017 720 859
f 1114 720 1102
f 1275 202 1733
f 1269 1350 1015
f 1836 1228 1824
f 1757 1960 1770
f 1151 1134 690
f 1104 343 1472
f 1627 1958 1584
f 1612 895 365
f 1488 495 1064
f 1488 817 1911
f 2031 419 370
f 1362 1944 1679
f 1023 250 1004
f 1688 1351 485
f 492 1769 300
f 1377 1395 401
f 1134 1201 526
f 580 1621 931
f 1722 402 1738
f 1654 73 857
f 785 198 2073
f 1892 1313 1400
f 514 1458 1284
f 1134 526 690
f 987 2096 1459
f 1182 1551 1305
f 1942 539 1704
f 1862 168 1606
f 39 1800 40
f 1401 1893 759
f 1902 1076 1365
f 1058 2125 1555
f 1055 830 572
f 198 752 1143
f 1274 700 1254
f 1916 1796 305
f 1350 1315 1348
f 1113 1935 926
f 1992 345 1572
f 1170 301 347
f 1335 746 1043
f 1114 1102 686
f 2147 802 1634
f 370 552 2141
f 1970 1243 1251
f 281 904 376
f 621 377 1003
f 290 1455 33
f 1692 1997 1832
f 1163 2161 352
f 874 542 829
f 1729 445 1925
f 2055 234 1077
f 26 1138 1132
f 724 1937 1391
f 1254 1554 1274
f 1702 978 923
f 1097 925 779
f 739 811 1532
f 1180 604 598
f 1567 1102 720
f 859 720 1114
f 1748 659 295
f 654 572 619
f 902 250 800
f 1479 998 462
f 1538 503 231
f 911 633 1761
f 1045 461 1380
f 1962 2169 1430
f 1328 835 883
f 1914 1371 607
f 1216 1695 1698
f 1215 834 857
f 993 1383 1088
f 403 1119 325
f 242 1837 1177
f 610 597 1797
f 765 1803 885
f 661 1924 1210
f 375 66 1801
f 695 970 1330
f 1667 349 837
f 1428 1153 1403
f 254 1021 374
f 922 426 761
f 2142 1675 1115
f 2185 147 631
f 1976 1711 1207
f 1763 254 413
f 1787 877 1772
f 463 1844 425
f 400 1353 1234
f 467 945 563
f 1168 2186 1516
f 1719 1366 619
f 228 1982 1178
f 1846 1661 248
f 1791 1956 1228
f 811 739 1137
f 160 960 2034
f 1609 674 673
f 1050 2071 2009
f 655 16 15
f 1373 568 1181
f 735 197 215
f 589 265 272
f 462 1270 1479
f 1792 833 1721
f 1997 744 1832
f 336 519 2061
f 584 973 959
f 1085 1987 1355
f 457 1254 1484
f 824 977 1515
f 1925 1655 758
f 2055 833 1792
f 975 1753 252
f 1368 291 545
f 283 1748 295
f 1578 910 502
f 1663 122 121
f 911 1761 1025
f 1941 2190 402
f 1756 888 1336
f 358 1190 2020
f 503 1255 231
f 985 1803 765
f 708 2049 541
f 2194 592 579
f 1852 1333 1196
f 914 292 241
f 1120 752 673
f 1043 1975 714
f 2144 370 2141
f 396 2031 1916
f 1613 247 623
f 2195 821 1672
f 675 1948 1272
f 921 1816 1099
f 1272 1891 675
f 1393 330 727
f 2158 1418 316
f 1704 280 1942
f 1248 2020 2048
f 2042 476 1096
f 139 2082 140
f 382 1597 1998
f 1750 1376 1749
f 436 797 646
f 1410 1686 855
f 559 1966 843
f 1126 389 1075
f 560 1737 822
f 2152 1498 215
f 727 2054 1601
f 570 1691 1973
f 1015 1406 1269
f 494 1387 1206
f 1979 2140 2122
f 1939 409 1957
f 318 1031 2043
f 305 1911 334
f 352 1604 1504
f 1123 1641 808
f 704 2087 2060
f 1545 465 2187
f 416 793 786
f 707 1284 1933
f 980 1656 1838
f 1571 637 672
f 1950 1049 1774
f 917 1335 1540
f 1652 466 1247
f 2127 150 149
f 615 2166 1600
f 1143 879 1063
f 320 1477 1696
f 354 910 1853
f 919 2173 1185
f 1601 1362 1369
f 1827 1286 568
f 20 19 663
f 1940 388 663
f 567 896 954
f 1027 701 1816
f 288 1510 2058
f 1659 2004 1513
f 1852 926 1478
f 1055 1860 830
f 700 1029 2171
f 1939 888 1302
f 340 2114 643
f 1354 585 886
f 1144 1130 263
f 768 438 404
f 860 989 335
f 1941 402 1722
f 791 1853 910
f 1928 716 469
f 1974 994 1733
f 632 120 1920
f 648 389 603
f 1971 942 1666
f 1860 1055 666
f 1162 427 1176
f 1229 1387 952
f 877 1929 649
f 1590 8 7
f 1918 1678 1146
f 838 1155 915
f 340 178 1105
f 940 667 1713
f 1094 677 1934
f 979 1452 78
f 1452 679 1104
f 949 1984 1798
f 1215 857 72
f 2048 2020 1558
f 1072 437 1356
f 1530 698 1305
f 1764 1277 203
f 1342 2129 1377
f 683 1114 447
f 476 2042 684
f 168 1862 169
f 1343 1335 2064
f 1939 959 1336
f 2194 1082 846
f 2037 1517 2180
f 1378 1246 1672
f 748 182 181
f 2121 308 1938
f 1818 611 1622
f 2155 339 1276
f 1630 1194 1486
f 1654 74 73
f 269 1110 1415
f 2133 2065 758
f 753 1480 1794
f 1687 1165 1602
f 858 1066 983
f 955 1412 488
f 1841 1033 252
f 1833 339 672
f 2142 202 1675
f 1884 870 949
f 1216 1628 884
f 1678 1918 2165
f 380 1713 1182
f 1795 1446 213
f 1657 1583 534
f 1146 1678 1277
f 1683 1336 959
f 1254 2171 1484
f 500 485 996
f 2095 800 1554
f 1599 599 519
f 1945 823 1036
f 1331 1049 614
f 1588 716 251
f 1563 1224 1208
f 1698 1415 1054
f 229 1682 1607
f 2034 161 160
f 1936 545 755
f 2036 499 1689
f 2002 1194 1630
f 1772 877 649
f 1844 1562 486
f 1485 773 375
f 735 1057 197
f 886 585 713
f 1814 968 1603
f 1945 279 823
f 1805 256 1624
f 1083 1029 700
f 1221 1029 1083
f 1962 1869 787
f 2121 1847 308
f 1573 712 407
f 1412 1831 1499
f 1354 1875 476
f 376 1917 2172
f 1958 1655 1457
f 732 1734 1251
f 1323 1750 468
f 715 1974 1198
f 2157 570 1973
f 763 469 310
f 2135 2111 232
f 1831 1640 1499
f 2027 1160 1685
f 1099 1076 1563
f 1468 57 1225
f 220 780 1740
f 171 212 172
f 541 2183 2129
f 246 1298 1283
f 1172 721 2068
f 1018 275 601
f 1356 804 1072
f 1179 1125 233
f 1638 632 914
f 2115 1620 1775
f 651 642 1184
f 2082 1895 283
f 2185 882 1503
f 2103 1225 1830
f 618 1523 591
f 1944 497 1389
f 1772 1423 258
f 1988 1879 1509
f 1825 1680 1510
f 2094 1990 1734
f 1482 966 920
f 1085 710 1829
f 1445 1720 710
f 289 1292 421
f 1367 2083 206
f 1107 492 449
f 1307 1043 714
f 2092 1973 1691
f 1037 214 856
f 544 1999 433
f 1501 734 678
f 1849 1539 1795
f 697 306 2193
f 579 1802 964
f 894 1442 1439
f 206 271 788
f 601 776 1413
f 2070 1136 1964
f 849 794 266
f 455 804 1784
f 1138 1855 1132
f 1661 2110 1954
f 224 1330 400
f 1992 418 1843
f 217 1773 1807
f 638 810 2050
f 2057 524 1685
f 1586 1466 2183
f 1469 1157 846
f 1553 1547 346
f 1265 537 682
f 1799 689 1194
f 705 2156 1130
f 1971 434 257
f 1024 1611 991
f 1161 1431 1325
f 469 777 310
f 2114 255 643
f 1193 1032 938
f 597 1819 986
f 1658 1424 1109
f 1781 756 550
f 497 853 577
f 1610 772 485
f 307 962 2029
f 1082 683 846
f 1970 449 1375
f 1053 1285 2174
f 1794 1480 1610
f 472 706 436
f 2105 1835 1728
f 1195 729 491
f 2194 846 1157
f 318 802 1031
f 874 1948 675
f 1737 428 404
f 1703 531 1571
f 1266 991 303
f 1164 2147 390
f 1401 1394 835
f 46 1460 1371
f 1951 749 1245
f 1333 784 1196
f 558 1943 1788
f 1334 208 890
f 1981 1174 1768
f 1500 1174 1462
f 1858 348 570
f 1323 763 532
f 1690 363 1233
f 724 596 228
f 611 1888 688
f 77 76 574
f 285 1736 854
f 1877 1160 1778
f 216 1782 274
f 1647 1858 723
f 732 1243 1422
f 1360 603 822
f 1881 477 134
f 2150 1528 487
f 2143 871 1913
f 797 702 297
f 219 709 1005
f 1448 459 992
f 1729 2168 328
f 764 303 1569
f 2080 467 870
f 1508 1310 1173
f 1252 490 1007
f 734 685 433
f 601 1744 232
f 1855 508 1349
f 1062 1859 793
f 1677 744 788
f 235 1560 1481
f 994 781 2026
f 1715 1963 377
f 23 1319 24
f 1118 501 881
f 100 1808 1124
f 1981 1462 1174
f 523 1174 1500
f 1366 847 654
f 2132 1664 1877
f 1715 243 1963
f 1653 999 1511
f 664 1534 896
f 1534 2040 706
f 1293 718 1316
f 1149 1877 992
f 1802 579 1673
f 781 555 666
f 2196 2 951
f 2033 196 195
f 711 2169 1962
f 413 2010 208
f 2005 626 509
f 509 1146 1433
f 1624 2092 1691
f 840 1331 1821
f 2040 664 1945
f 2155 2126 1885
f 1097 1670 919
f 910 1578 791
f 1657 1420 425
f 2102 1370 2054
f 1618 311 793
f 951 2033 2196
f 1235 266 794
f 702 480 2014
f 977 629 897
f 597 363 1819
f 2052 1112 473
f 1550 2132 1235
f 1863 1621 974
f 921 2184 1036
f 944 834 1215
f 1458 397 1284
f 86 85 1743
f 1341 1256 799
f 293 1921 2122
f 626 2005 346
f 981 872 361
f 1255 227 931
f 2105 1728 1929
f 444 1570 327
f 1846 2097 2110
f 2031 2144 613
f 392 508 1138
f 1086 562 782
f 1624 236 1411
f 118 1051 119
f 1323 532 1257
f 1438 2047 216
f 558 1325 747
f 1058 1555 1161
f 2046 704 1871
f 879 752 868
f 1757 474 1483
f 350 1793 1608
f 1350 1506 1315
f 1975 1339 714
f 2003 1095 211
f 1072 804 932
f 1789 873 1374
f 972 1741 1531
f 1886 332 436
f 1534 664 2040
f 1489 1115 1675
f 757 745 2066
f 627 457 1759
f 1349 1084 522
f 438 1436 404
f 2124 1314 1130
f 338 1842 1267
f 1911 741 1488
f 1195 270 2008
f 1579 816 1142
f 296 1416 324
f 1935 1408 1478
f 593 2088 1781
f 1052 1665 327
f 2055 928 1646
f 12 1327 13
f 1675 202 1275
f 138 1295 1290
f 1555 2059 587
f 1826 435 1117
f 1717 1252 539
f 1105 668 490
f 1689 499 132
f 1311 905 1186
f 1357 890 1670
f 1625 2062 329
f 499 133 132
f 2107 814 1528
f 1037 1986 2119
f 1871 2060 1243
f 1177 1665 1052
f 242 1031 754
f 917 1806 588
f 1089 948 862
f 1262 767 831
f 840 1994 1331
f 1006 667 836
f 1083 700 1023
f 228 596 1982
f 2071 12 11
f 773 1461 68
f 2154 944 2163
f 1510 288 1483
f 1394 2011 553
f 1872 387 1556
f 2020 1566 1101
f 1596 1373 333
f 877 2105 1929
f 1661 368 1184
f 2075 1355 987
f 721 1889 1201
f 1902 1365 1635
f 1629 1078 112
f 2010 254 374
f 301 1170 378
f 201 1508 1173
f 939 2090 2078
f 1699 327 1665
f 2167 303 1780
f 1116 557 399
f 311 1777 786
f 237 2136 1190
f 1452 79 78
f 813 408 891
f 1063 879 582
f 585 476 684
f 1489 689 1115
f 1152 742 1056
f 302 673 674
f 738 986 1948
f 1437 1406 1015
f 1112 1652 473
f 2188 2007 361
f 1490 1562 1020
f 515 1129 2186
f 1826 1117 1272
f 1195 2008 1119
f 389 1313 822
f 1826 543 1747
f 1601 1369 1223
f 706 2040 1580
f 754 1164 542
f 2048 1713 1248
f 1312 1558 1101
f 154 2039 155
f 1519 1037 856
f 1727 1654 857
f 1698 1628 1216
f 350 1804 1344
f 1602 1512 1880
f 2017 859 1586
f 1030 1595 2053
f 690 526 503
f 1787 1169 444
f 1518 2106 1859
f 1502 2196 1931
f 298 1575 359
f 1664 219 471
f 347 726 1170
f 892 1768 937
f 863 2006 1715
f 1460 883 1371
f 1006 836 865
f 1756 1683 1070
f 1996 1670 1097
f 1124 101 100
f 2025 355 1508
f 1740 344 1188
f 1296 903 966
f 2186 1168 638
f 1676 38 37
f 1166 1344 1026
f 2149 1428 1403
f 782 262 595
f 1201 306 697
f 503 227 1255
f 1365 1076 1099
f 792 264 386
f 1531 670 1022
f 1702 1001 423
f 2151 559 1925
f 2043 1854 756
f 743 369 594
f 875 1783 933
f 982 578 838
f 1966 1237 751
f 1837 754 1809
f 318 2043 1634
f 163 162 395
f 743 1890 369
f 1516 2186 1806
f 2024 894 1000
f 1606 1398 1338
f 2146 1102 1848
f 1210 1122 661
f 93 92 997
f 953 144 143
f 953 146 145
f 1901 1222 452
f 2016 1893 1328
f 1899 703 1273
f 934 2093 624
f 2098 872 2063
f 216 274 423
f 2137 394 2017
f 2158 1875 1704
f 1581 620 1213
f 1048 540 1402
f 1364 2096 1355
f 1083 1023 293
f 605 88 87
f 854 1736 567
f 791 1028 1853
f 1991 371 1693
f 297 2019 498
f 1623 956 1539
f 1830 1241 1513
f 553 2011 225
f 1082 579 964
f 1505 694 648
f 903 1609 785
f 136 1492 852
f 381 1603 968
f 1626 1218 582
f 670 1409 770
f 797 480 702
f 1175 1096 316
f 1515 1717 539
f 554 1472 1151
f 1283 934 264
f 1716 1218 1626
f 300 1769 439
f 1886 646 813
f 1596 1667 1278
f 457 2012 1254
f 1098 2028 1525
f 696 693 1433
f 640 1952 1552
f 636 1034 300
f 715 555 994
f 2137 541 2049
f 720 2017 394
f 295 1700 1332
f 1073 953 143
f 1428 317 549
f 2176 703 1946
f 548 680 1656
f 612 1485 1271
f 1307 1716 1626
f 1442 1002 1439
f 913 2162 458
f 1987 1221 1834
f 2125 1789 2059
f 1701 1910 961
f 2007 1345 1081
f 1761 633 1256
f 1551 398 1530
f 2136 186 1735
f 982 838 710
f 1070 2140 1979
f 2134 789 2101
f 1885 1203 1726
f 1445 838 915
f 442 699 1954
f 1916 323 396
f 1215 72 71
f 879 1439 582
f 588 1135 1533
f 1949 1615 1092
f 1424 257 1109
f 1742 329 1714
f 1325 1058 1161
f 1517 905 1142
f 1673 579 592
f 1765 408 813
f 1619 641 1304
f 1097 1185 360
f 374 1021 426
f 1341 402 2190
f 1701 1059 1637
f 1983 360 1711
f 107 1189 108
f 1808 1714 329
f 779 826 1909
f 1636 1470 705
f 1317 324 342
f 2041 1163 639
f 2149 573 317
f 462 1940 1281
f 15 1557 482
f 39 38 1800
f 2058 1009 1687
f 1669 475 593
f 1286 941 568
f 520 2089 1520
f 956 891 839
f 663 1077 20
f 1940 19 18
f 1082 964 479
f 1814 479 968
f 916 1810 456
f 1373 1473 568
f 2044 1153 1226
f 1444 1297 1793
f 208 2010 890
f 94 383 95
f 563 378 1187
f 2018 1003 1884
f 1585 1388 1193
f 2038 1939 1302
f 2079 1407 236
f 1888 611 1818
f 1903 1499 717
f 1756 537 634
f 900 332 2067
f 1961 1843 1796
f 1948 1261 1826
f 1948 986 1261
f 1603 1381 736
f 2050 1506 427
f 424 76 75
f 618 2069 1353
f 2080 870 1953
f 870 1187 949
f 851 1806 1540
f 1245 1971 257
f 2107 1324 276
f 570 348 1691
f 689 1321 1115
f 1231 1448 1253
f 521 1064 1205
f 841 1614 1291
f 412 310 286
f 1743 1738 1440
f 195 1524 2033
f 1856 7 6
f 1747 543 942
f 296 324 1376
f 146 953 725
f 140 2082 1815
f 797 436 1580
f 1728 2108 1929
f 833 1646 410
f 965 681 204
f 1236 587 564
f 1889 351 1589
f 257 434 1253
f 1665 1837 1633
f 2059 1374 564
f 1766 383 94
f 973 1977 2140
f 2022 682 537
f 1103 2046 159
f 1251 1107 1970
f 1548 889 516
f 2181 412 286
f 1912 1559 483
f 2162 1794 691
f 1495 644 245
f 476 1875 316
f 447 1114 686
f 964 1802 273
f 737 1433 372
f 1668 915 1071
f 1719 674 1609
f 1802 1218 273
f 1637 657 1910
f 1315 590 326
f 894 2024 1442
f 2086 592 2131
f 1429 1632 990
f 1957 409 876
f 719 1978 63
f 2018 1884 1798
f 1596 1278 1384
f 1150 268 456
f 587 1236 1560
f 1693 371 911
f 1212 693 453
f 2122 1977 293
f 1878 1844 463
f 1944 1286 1827
f 1817 1238 533
f 832 836 1739
f 976 629 824
f 1584 1958 1457
f 1382 409 2038
f 175 774 176
f 1434 1407 2079
f 1250 259 761
f 1458 514 980
f 981 1587 1121
f 798 2163 70
f 2077 2076 201
f 1776 231 845
f 690 1538 1121
f 1480 644 1495
f 2023 962 2116
f 262 1960 595
f 1132 455 27
f 1443 276 1324
f 1399 705 1314
f 1622 958 493
f 1472 1386 1134
f 610 1797 390
f 381 1674 1603
f 973 2140 1683
f 294 1352 2091
f 1793 1297 1608
f 1356 1086 261
f 200 238 1546
f 2078 564 939
f 1524 1755 2033
f 1923 955 488
f 897 1501 1193
f 2075 2159 1355
f 1666 1497 848
f 946 2070 1135
f 603 1340 1108
f 1441 1597 1651
f 1293 1316 2148
f 256 650 2092
f 866 1617 104
f 2010 919 1670
f 557 2139 1011
f 500 2075 458
f 106 105 1617
f 312 1991 1693
f 630 1640 1926
f 965 1985 1547
f 377 1963 1649
f 653 2001 841
f 1719 619 1259
f 675 1891 1128
f 600 426 922
f 1853 1028 1637
f 1335 1043 943
f 652 2065 1521
f 2080 521 1205
f 1419 573 510
f 379 1918 1146
f 915 2116 1445
f 1000 326 590
f 2148 1408 1805
f 682 2022 1739
f 1006 1202 2072
f 1501 685 734
f 364 1308 1061
f 165 878 602
f 960 1871 622
f 1467 261 1086
f 1825 260 1417
f 1850 1429 1204
f 1931 1755 990
f 2133 1294 1857
f 1355 2159 1085
f 1112 783 1490
f 823 524 240
f 1708 1038 858
f 1038 1708 1680
f 683 1309 1114
f 2174 1285 1883
f 2050 590 1506
f 790 1424 1658
f 1692 1681 1127
f 437 778 775
f 1128 874 675
f 248 593 475
f 488 1547 415
f 346 737 2083
f 663 19 1940
f 1305 698 380
f 1298 215 1283
f 472 1562 1490
f 1541 331 512
f 423 274 1702
f 1650 308 1438
f 1965 873 1922
f 1277 696 1146
f 1544 909 289
f 2153 1668 1071
f 1193 1501 678
f 1161 1555 235
f 958 1869 995
f 1404 42 41
f 1166 1026 1417
f 1948 874 738
f 1203 1113 1726
f 918 1615 1949
f 502 2160 1250
f 272 1620 803
f 1760 2159 2075
f 1474 528 2179
f 2127 149 1503
f 1569 1090 1116
f 1993 1389 550
f 1896 1264 1779
f 1029 1221 1987
f 1907 453 1139
f 184 1896 199
f 1107 384 492
f 2087 525 1930
f 1604 352 604
f 1266 2128 1024
f 1376 2051 296
f 1765 1446 408
f 1814 1466 1309
f 1712 1123 808
f 322 29 1512
f 1165 1009 313
f 511 2150 769
f 2107 1528 1767
f 330 2118 1980
f 345 268 591
f 828 545 729
f 1037 2119 214
f 696 453 693
f 1524 1240 1755
f 1611 1024 652
f 1056 515 484
f 1466 1814 736
f 479 1309 683
f 1546 530 200
f 997 312 493
f 322 30 29
f 1009 2058 1708
f 1431 1635 2181
f 1861 1635 1639
f 2111 410 1018
f 1745 508 1167
f 910 2160 502
f 1456 2121 1938
f 2165 1042 287
f 1923 1479 1270
f 2134 1697 1507
f 284 114 616
f 2043 756 1781
f 1299 1223 1369
f 895 1339 1053
f 2139 363 1011
f 405 1284 397
f 2176 1216 884
f 2117 1346 2002
f 2166 1474 1868
f 1135 2070 1964
f 942 1136 1666
f 1121 1587 1151
f 1415 450 1054
f 1644 535 1847
f 1588 1949 469
f 767 1059 831
f 1456 2192 711
f 1391 1937 1529
f 2070 946 1497
f 1175 173 1096
f 1217 1061 1551
f 1864 1379 1010
f 2175 190 2000
f 273 1218 381
f 1106 2073 660
f 1504 1178 352
f 546 1822 562
f 2049 2172 1917
f 1862 281 1746
f 2001 1093 496
f 1800 1676 1608
f 1347 337 1564
f 468 1750 1749
f 2139 557 1300
f 1292 1230 536
f 712 1912 483
f 1127 1016 1098
f 1841 687 387
f 183 1264 1896
f 442 507 1592
f 1091 1845 475
f 288 1046 864
f 1322 864 218
f 725 953 1073
f 2030 385 1535
f 819 517 718
f 1935 2170 1408
f 1126 1400 1313
f 1968 1437 1015
f 2019 1208 1969
f 709 219 1664
f 234 22 21
f 1433 693 372
f 1629 1976 600
f 1994 616 1049
f 1242 746 1584
f 895 1612 1381
f 2178 1068 1060
f 1970 1107 449
f 801 74 1654
f 989 950 885
f 875 1565 395
f 1586 859 1309
f 1947 815 470
f 2023 1668 1775
f 1356 775 1086
f 418 2015 305
f 2162 753 1794
f 294 803 1592
f 1467 864 1046
f 1855 1349 522
f 504 34 1087
f 1026 1344 1363
f 1186 1474 2166
f 505 659 528
f 1282 251 716
f 893 903 1296
f 2151 1079 1966
f 1627 1294 2133
f 265 1232 596
f 2115 1775 2153
f 1615 961 1910
f 443 2192 1456
f 1843 1961 613
f 1680 1363 1038
f 1779 1217 1312
f 1771 1934 748
f 1915 1292 909
f 1085 1829 1029
f 1308 1812 1061
f 1044 904 281
f 312 91 606
f 107 924 1189
f 1553 965 1547
f 1372 782 562
f 1951 1304 796
f 2019 297 702
f 1081 80 2099
f 2099 581 554
f 189 188 912
f 1264 183 182
f 1603 1674 908
f 1758 1080 1612
f 151 1998 1725
f 2073 198 1751
f 86 1743 87
f 1741 950 1409
f 2138 1705 1065
f 1465 1032 1382
f 1366 1296 428
f 1109 1253 1448
f 1469 846 447
f 1329 198 1143
f 1998 1441 1725
f 1492 818 852
f 2184 2040 1945
f 790 1658 2027
f 2193 1498 2152
f 1452 554 581
f 525 2087 704
f 1519 1651 993
f 1213 2091 304
f 2052 1534 314
f 569 1162 1152
f 1067 701 1027
f 1586 1309 1466
f 1301 875 933
f 1144 2117 1505
f 1866 1675 1275
f 1611 652 1521
f 1627 1584 1582
f 542 1809 754
f 1652 1206 1012
f 84 83 1100
f 99 98 1808
f 1414 1200 1383
f 1088 905 1517
f 2086 1143 1449
f 1315 326 302
f 2068 721 343
f 1589 351 1397
f 1766 93 997
f 108 1189 1983
f 491 816 1828
f 270 1340 1436
f 1670 1996 1357
f 1996 1909 1972
f 2150 487 1799
f 2156 263 1130
f 1055 1892 781
f 2127 1414 382
f 2055 1077 928
f 1413 1744 601
f 1844 1730 425
f 1031 802 754
f 1543 1516 851
f 1235 459 1231
f 1630 1561 393
f 1828 1195 491
f 2169 711 432
f 1913 1969 2143
f 1525 1167 1402
f 1467 1880 261
f 2103 1513 1671
f 1631 397 1458
f 231 1776 1538
f 1472 554 1104
f 399 610 1116
f 266 742 1152
f 1891 1303 1128
f 862 337 298
f 417 653 454
f 1372 1822 1614
f 1525 540 232
f 1880 1467 1046
f 538 1918 379
f 209 1202 969
f 1838 1631 980
f 1508 201 2025
f 1493 850 238
f 583 1589 1397
f 2082 283 2030
f 729 1119 828
f 1626 582 1439
f 1540 1806 917
f 1828 816 669
f 2021 1600 1314
f 433 685 451
f 1966 1079 1237
f 1731 623 655
f 1632 1062 416
f 53 1462 1981
f 2044 2164 356
f 269 635 1110
f 1104 679 343
f 1229 1117 513
f 1806 1129 588
f 1827 1473 1839
f 1694 2093 934
f 1386 721 1201
f 635 1727 1110
f 1609 673 1576
f 1203 2126 321
f 1508 224 1310
f 887 817 249
f 479 964 968
f 1806 851 1516
f 1577 1232 589
f 2128 1230 1915
f 1300 750 2139
f 1447 1014 1154
f 1930 1268 2087
f 1466 736 1080
f 2068 343 679
f 583 1057 735
f 98 97 1714
f 426 1021 761
f 1304 790 1619
f 1685 1160 771
f 711 2192 2045
f 1211 2101 1813
f 1550 1235 794
f 1253 1109 257
f 1773 2003 1807
f 1254 2012 1684
f 1633 1128 1303
f 946 1135 1129
f 1322 1757 1483
f 1514 1511 1372
f 1900 759 1876
f 1820 726 1359
f 901 1016 1127
f 1532 841 739
f 1655 2133 758
f 1609 903 893
f 898 534 617
f 1601 1223 727
f 945 695 355
f 1649 1064 521
f 1266 303 2167
f 2097 1352 507
f 1158 424 801
f 1158 801 1148
f 1227 719 907
f 1946 2093 2176
f 1226 1463 2164
f 523 1500 607
f 174 173 1175
f 2137 2049 1917
f 2050 810 590
f 830 1437 619
f 1164 829 542
f 1031 242 1854
f 577 552 1710
f 1880 1784 804
f 1324 2107 947
f 2107 1767 1192
f 22 1019 23
f 1127 1744 1413
f 231 1255 319
f 1993 1369 1679
f 199 1896 1779
f 647 667 940
f 2193 2152 1904
f 931 1621 1863
f 1661 1184 248
f 2097 1095 1352
f 661 1122 995
f 866 103 205
f 852 1868 478
f 1492 1399 818
f 1359 726 2004
f 2018 1419 1003
f 220 2103 1671
f 907 1173 1227
f 1924 661 1430
f 767 1821 354
f 387 969 547
f 1955 1558 1217
f 2076 780 301
f 1933 405 229
f 1906 511 769
f 1767 511 1192
f 888 634 698
f 1934 1308 364
f 1198 1974 1113
f 1799 487 689
f 414 152 1718
f 1030 2119 1936
f 1877 771 1160
f 771 342 324
f 1199 397 1197
f 1707 1607 1054
f 1089 1406 1860
f 244 1805 1624
f 1694 1283 197
f 1984 378 1170
f 1700 1425 882
f 560 1892 572
f 1803 200 335
f 845 985 872
f 2122 1921 1527
f 1320 481 192
f 1691 277 1624
f 672 637 1833
f 1856 6 1618
f 311 5 4
f 1840 726 1811
f 1796 418 305
f 943 210 851
f 934 1283 1694
f 113 1950 1774
f 1972 329 1742
f 1555 2125 2059
f 1224 1563 1481
f 1064 1932 1488
f 780 220 1671
f 1617 2062 1625
f 1025 972 812
f 1897 918 1407
f 1432 489 1239
f 1264 182 748
f 1004 1921 293
f 211 1091 1898
f 804 1356 261
f 635 1148 1727
f 1899 916 1140
f 1631 1197 397
f 1537 514 1284
f 1631 1234 1353
f 1727 1148 1654
f 1094 643 255
f 199 1735 184
f 1196 1347 1852
f 1990 1107 1251
f 2114 1105 1219
f 1145 401 1395
f 1960 1471 1770
f 45 2016 1328
f 832 1907 1139
f 1355 2096 987
f 1279 665 759
f 1328 883 1460
f 2054 727 330
f 1370 349 333
f 516 1702 1548
f 1361 770 939
f 58 57 1468
f 835 1328 1893
f 586 1876 43
f 665 565 1326
f 1978 1642 64
f 201 2076 1191
f 239 1463 1226
f 1279 759 1900
f 587 235 1555
f 1235 1231 266
f 1995 1060 1068
f 1669 566 475
f 790 2027 1619
f 1964 1136 1690
f 788 271 230
f 475 1845 740
f 2168 559 2032
f 908 1381 1603
f 549 1840 1811
f 1911 420 334
f 1176 427 766
f 1685 771 1416
f 1644 812 1280
f 1922 1644 1280
f 1925 559 1729
f 1079 652 1024
f 786 793 311
f 786 1931 1616
f 2181 1635 412
f 2181 286 747
f 1594 1429 990
f 193 192 481
f 44 43 2016
f 1724 377 1649
f 1060 651 207
f 1053 2174 895
f 808 1422 1268
f 1251 1243 732
f 1244 431 1873
f 805 2101 1211
f 2100 1245 749
f 266 1152 849
f 1412 626 488
f 204 681 1997
f 1206 1835 494
f 1964 1533 1135
f 1410 855 460
f 2020 1190 1566
f 335 530 860
f 1397 1158 1148
f 1021 1959 1250
f 1821 1331 259
f 1641 403 1482
f 2034 622 1111
f 2042 212 684
f 1942 963 1154
f 1575 1176 766
f 471 1877 1664
f 691 485 500
f 1982 1163 1178
f 306 1498 2193
f 2108 1878 649
f 1380 950 1741
f 89 605 1643
f 1036 1816 921
f 1647 914 1507
f 1984 1840 1798
f 970 1882 927
f 2124 1505 556
f 1089 862 359
f 1881 499 1786
f 715 994 1974
f 1569 390 764
f 1633 1837 1128
f 1588 1407 918
f 112 1078 113
f 952 494 1891
f 1521 2065 1857
f 1907 1476 1212
f 1105 178 177
f 1678 844 1277
f 1217 1558 1312
f 909 1292 289
f 731 1171 1155
f 1403 2044 315
f 595 218 1574
f 960 2046 1871
f 560 1313 1892
f 1120 894 868
f 325 768 1522
f 2005 1433 737
f 1903 379 509
f 1390 1310 1234
f 719 1227 867
f 986 1819 1261
f 1666 848 434
f 624 1989 282
f 467 2080 448
f 1831 955 1923
f 1684 2012 1648
f 1906 769 827
f 1489 1675 1866
f 1968 1015 1348
f 1663 121 632
f 696 1337 453
f 676 1042 1918
f 1370 1181 941
f 703 1140 1790
f 267 2013 362
f 1401 1326 430
f 1045 972 1025
f 1131 493 995
f 1613 1926 1491
f 1050 12 2071
f 2051 1376 1750
f 1276 222 650
f 1523 400 1330
f 931 1863 1849
f 1838 1390 1234
f 707 1537 1284
f 1242 1975 746
f 1610 485 691
f 1261 1819 543
f 1810 1150 456
f 1325 1788 431
f 1888 812 1847
f 1657 1288 1583
f 1249 971 842
f 432 2045 413
f 1788 1325 558
f 1039 135 477
f 2180 816 491
f 1911 817 420
f 778 546 775
f 1544 1598 1071
f 772 1688 485
f 531 1494 1571
f 2051 1257 957
f 1453 976 1014
f 1611 1090 991
f 1126 393 1400
f 385 1785 1568
f 1719 1609 893
f 226 2131 1526
f 692 929 1793
f 504 1087 1318
f 2025 1191 563
f 2102 349 1370
f 766 1350 1269
f 1475 1473 930
f 1294 1582 658
f 1569 1116 610
f 1008 636 395
f 1102 1567 1848
f 1834 973 1364
f 634 888 1756
f 1011 597 399
f 1809 874 1128
f 1176 1706 849
f 1497 1666 2070
f 2084 539 1942
f 1872 209 969
f 1707 2154 707
f 405 397 656
f 1350 1348 1015
f 2146 594 369
f 490 1252 1717
f 1760 500 996
f 2194 527 592
f 2151 1925 795
f 1879 1417 1222
f 429 773 1485
f 1828 669 1754
f 1290 1895 2082
f 1779 1264 364
f 1305 380 1182
f 729 545 291
f 1400 393 551
f 1290 478 1895
f 2094 226 1990
f 683 1082 479
f 1626 210 1307
f 760 471 219
f 531 1703 124
f 2181 1325 1431
f 1059 1853 1637
f 1318 1087 988
f 1318 1496 1344
f 2135 833 2111
f 465 1646 1069
f 1006 2104 1202
f 1907 1212 453
f 805 348 1697
f 2155 1885 2142
f 322 1165 313
f 2058 1687 288
f 1877 1778 992
f 1235 1149 459
f 123 531 124
f 637 1571 2157
f 284 2081 1541
f 1047 807 2047
f 50 1914 51
f 50 518 1914
f 1491 1270 247
f 630 1952 1672
f 1328 1460 45
f 1988 1417 1879
f 1990 226 1526
f 1106 660 920
f 2074 927 906
f 970 927 2074
f 2081 1994 331
f 1821 767 840
f 1414 2127 1425
f 295 1785 283
f 1866 1486 1489
f 1056 946 515
f 1972 1625 329
f 383 501 1118
f 1164 754 802
f 1814 1603 736
f 1977 1083 293
f 1219 1585 938
f 1320 191 464
f 372 1212 407
f 1567 1044 1338
f 1746 281 376
f 1716 1307 714
f 2131 384 1526
f 2008 270 1436
f 1595 755 1268
f 461 1761 1256
f 2192 1001 2045
f 1065 684 212
f 1584 1343 1582
f 2131 1329 2086
f 1300 557 1263
f 1153 2044 1403
f 869 1676 37
f 1345 81 1081
f 213 319 1795
f 477 135 134
f 852 478 1295
f 2101 805 2134
f 742 848 1056
f 1123 828 403
f 1406 359 1269
f 1599 2095 599
f 1132 932 455
f 1135 588 1129
f 2100 942 1971
f 2029 1732 307
f 1351 1688 731
f 1138 26 392
f 2110 2097 507
f 1227 680 867
f 520 1596 221
f 1418 2158 774
f 1096 173 2042
f 433 451 1605
f 1760 578 982
f 1879 809 362
f 26 1132 27
f 1962 1456 711
f 493 1131 997
f 1845 211 1095
f 2031 613 1961
f 2077 719 1133
f 621 510 1865
f 1314 2124 2021
f 1108 1340 1927
f 1361 1965 1022
f 1531 1022 1280
f 332 900 1562
f 2067 332 1886
f 573 1824 1267
f 809 1879 1222
f 2022 1723 1739
f 346 2083 1553
f 1965 1374 873
f 1650 443 1938
f 2002 1630 1894
f 666 1089 1860
f 336 1874 519
f 416 1062 793
f 654 847 560
f 1366 654 619
f 1169 1772 1393
f 1772 258 1393
f 269 583 635
f 2102 2054 1980
f 1471 1956 1791
f 2016 43 1876
f 2001 496 841
f 778 739 1291
f 323 1916 334
f 2015 906 927
f 1548 274 1289
f 1493 200 1803
f 414 2109 153
f 1111 162 161
f 2170 256 1805
f 517 760 219
f 1942 280 963
f 1674 714 1339
f 2195 1672 1246
f 1867 1518 1817
f 10 1464 640
f 1023 700 1274
f 2154 798 1851
f 1172 1158 351
f 1975 1053 1339
f 210 1626 1002
f 938 1585 1193
f 678 734 575
f 659 1700 295
f 1986 993 1517
f 349 2182 837
f 1796 1916 1961
f 1690 1233 1964
f 1304 641 796
f 1498 1889 1589
f 84 1738 85
f 1778 1658 1448
f 854 1012 1387
f 1219 1105 490
f 897 685 1501
f 1657 1730 1288
f 1797 738 829
f 375 67 66
f 884 353 703
f 2001 653 417
f 2031 1961 1916
f 1627 1582 1294
f 1388 897 1193
f 1878 406 1020
f 1570 1299 1052
f 1226 1153 1820
f 1371 1914 518
f 730 1435 1688
f 1457 1883 1285
f 1262 331 840
f 489 1405 2113
f 679 1452 979
f 1656 680 1390
f 439 1783 636
f 2189 594 2146
f 2179 528 1748
f 659 1200 1700
f 2117 2002 1894
f 1737 560 847
f 225 1967 762
f 1205 1064 495
f 1402 540 1525
f 1163 352 1178
f 1967 1209 1659
f 1390 1173 1310
f 2016 45 44
f 27 441 28
f 286 1092 747
f 767 1262 840
f 1852 1478 411
f 1408 2170 1805
f 777 286 310
f 1575 1269 359
f 321 2170 1935
f 718 411 1316
f 1904 842 1621
f 1776 1121 1538
f 1756 1336 1683
f 687 1556 387
f 1276 2126 2155
f 2177 1027 2057
f 1817 1246 1378
f 998 1479 1069
f 2187 465 1985
f 2041 1532 2161
f 1414 1383 1597
f 1425 1200 1414
f 1583 1288 974
f 1498 735 215
f 219 373 517
f 1005 709 967
f 2130 1901 1228
f 692 1793 350
f 2056 644 1453
f 1105 177 668
f 448 1882 970
f 249 817 243
f 1601 1286 1362
f 2102 617 366
f 1721 833 2135
f 1632 1616 990
f 1103 704 2046
f 528 2085 505
f 1878 1423 649
f 617 1980 898
f 952 1891 1117
f 1164 390 829
f 1600 818 1314
f 609 2021 556
f 1952 1378 1672
f 975 1594 1662
f 2183 1466 1080
f 171 2138 212
f 2044 1836 315
f 2015 576 495
f 1831 1491 1640
f 7 1856 1590
f 501 1742 881
f 1409 989 860
f 1067 1639 701
f 1562 472 332
f 339 1536 1179
f 1078 614 1950
f 1764 1139 1337
f 1544 1071 1171
f 253 1663 1638
f 1691 348 277
f 746 1975 1043
f 1450 1775 1620
f 1186 561 1474
f 828 1119 403
f 1892 2026 781
f 582 1218 1063
f 1028 516 889
f 558 657 1943
f 557 1116 1156
f 1442 1168 1543
f 2188 1100 1451
f 312 92 91
f 2119 1986 2037
f 145 144 953
f 1709 588 1533
f 1709 1533 750
f 339 2155 341
f 1973 637 2157
f 869 36 35
f 869 35 504
f 2012 627 1947
f 1364 584 2096
f 1583 974 842
f 2067 1886 891
f 1382 575 409
f 2094 1641 920
f 2057 1685 1416
f 1733 994 1260
f 302 1348 1315
f 1522 404 428
f 368 1035 421
f 207 1292 536
f 1100 83 1451
f 2090 530 871
f 979 574 679
f 424 2068 574
f 1453 1014 2056
f 1495 2168 1392
f 575 876 409
f 1605 753 544
f 1804 869 1318
f 782 1574 1086
f 1430 2169 1924
f 2160 354 1821
f 843 751 730
f 2178 764 1017
f 2004 726 347
f 1707 229 1607
f 584 1364 973
f 451 685 629
f 1752 692 1509
f 586 929 1900
f 69 1461 798
f 549 1811 1428
f 1820 1153 1811
f 1174 523 225
f 999 262 782
f 1487 553 523
f 1859 1919 1238
f 1042 676 1421
f 1934 677 1308
f 1264 748 364
f 1154 1014 976
f 810 638 1168
f 1066 858 290
f 983 313 1009
f 621 1419 510
f 1371 518 47
f 1612 365 1758
f 1641 2094 1734
f 825 263 2156
f 1295 478 1290
f 1187 467 563
f 1444 1793 929
f 1452 581 79
f 2193 580 697
f 2112 624 1306
f 2178 1060 1780
f 1039 1399 1492
f 1998 1597 1441
f 422 268 345
f 613 1520 1040
f 1265 380 698
f 1887 2145 203
f 1309 859 1114
f 909 1435 1915
f 1762 967 1706
f 1561 551 393
f 681 1367 744
f 2145 1887 547
f 2086 1673 592
f 539 2158 1704
f 1873 431 1782
f 1971 1245 2100
f 1041 156 155
f 428 1296 1522
f 290 858 1455
f 1963 243 1932
f 584 1957 1459
f 1391 815 724
f 1946 1790 1306
f 2163 71 70
f 570 2157 723
f 572 1892 1055
f 1468 1225 2103
f 1509 2013 1752
f 63 1978 64
f 576 1205 495
f 2150 1799 733
f 270 1754 1340
f 1423 1878 463
f 1112 2052 314
f 1887 1033 547
f 1940 18 1281
f 822 603 389
f 233 125 1703
f 1660 238 850
f 1100 2188 1141
f 1638 723 253
f 469 1949 777
f 1605 451 644
f 1454 1447 1154
f 350 1988 692
f 522 1072 932
f 484 2050 569
f 1416 771 324
f 845 981 1776
f 1216 2093 1695
f 1923 415 1479
f 275 2187 204
f 719 2077 907
f 1981 892 54
f 544 753 309
f 316 1875 2158
f 1864 1632 1850
f 855 237 460
f 2030 1535 1815
f 1535 1073 142
f 392 26 25
f 454 2041 639
f 1443 1324 127
f 505 2085 1383
f 1266 1230 2128
f 1385 266 1231
f 1910 1701 1637
f 446 1239 489
f 680 1173 1390
f 1488 741 495
f 935 1463 1326
f 1326 565 935
f 1066 31 983
f 983 31 313
f 1013 1653 1842
f 639 1163 1982
f 2161 811 625
f 465 1545 410
f 548 1642 867
f 1417 1026 1825
f 741 2015 495
f 1419 621 1003
f 1771 643 1094
f 1032 677 255
f 1079 795 652
f 2024 810 1168
f 2180 1142 816
f 1383 1200 505
f 196 2033 951
f 1042 1010 1379
f 993 1986 1519
f 1200 659 505
f 1150 1810 2069
f 217 1358 1773
f 2064 1335 1709
f 210 1543 851
f 1406 1089 359
f 1259 1968 1719
f 624 1946 1306
f 1271 1656 612
f 865 836 832
f 1864 1010 1645
f 2187 965 204
f 2028 1167 1525
f 1366 893 1296
f 1871 1243 1375
f 2022 1527 1723
f 628 1921 1004
f 2026 551 1260
f 1536 341 278
f 1413 1692 1127
f 1349 722 1084
f 1388 1515 977
f 1004 250 628
f 1431 1902 1635
f 972 1531 1280
f 642 2088 593
f 1232 1982 596
f 1307 943 1043
f 2043 1031 1854
f 1387 494 952
f 1644 806 535
f 2185 148 147
f 382 150 2127
f 487 278 1321
f 1858 1697 348
f 1838 1656 1390
f 1946 703 1790
f 1580 480 797
f 842 1904 1249
f 580 2193 1904
f 1623 1288 486
f 638 515 2186
f 1540 943 851
f 1282 2148 244
f 1950 614 1049
f 1334 890 1542
f 791 1578 978
f 1674 381 1716
f 908 1674 1339
f 700 2171 1254
f 1364 1355 1987
f 1274 800 250
f 509 1433 2005
f 1287 939 564
f 1361 1022 670
f 1319 1048 24
f 247 1613 1491
f 1647 723 1638
f 2010 413 254
f 361 872 2098
f 386 366 617
f 337 1347 1196
f 1861 412 1635
f 897 629 685
f 183 1896 184
f 2195 717 821
f 1426 1518 1867
f 10 1905 11
f 1985 415 1547
f 973 1683 959
f 1759 307 627
f 367 2047 1438
f 1434 805 1211
f 1464 1867 861
f 2145 2104 203
f 1491 1923 1270
f 1050 1731 1327
f 2000 190 189
f 1779 1312 199
f 1668 2023 2116
f 2035 596 724
f 1902 1481 1076
f 431 1244 1058
f 674 1348 302
f 781 666 1055
f 763 310 532
f 463 425 1423
f 770 1409 860
f 1837 1809 1128
f 551 1275 1260
f 1550 1664 2132
f 880 166 602
f 1734 808 1641
f 2020 1101 1558
f 1735 1101 1566
f 1769 527 1157
f 2146 1848 2189
f 295 1332 1785
f 1881 133 499
f 2133 1958 1627
f 1177 1837 1665
f 651 1995 642
f 1995 2088 642
f 1432 1405 489
f 1703 125 124
f 1197 1810 1199
f 357 1898 419
f 1337 696 1277
f 2061 1391 336
f 217 2120 1870
f 1511 782 1372
f 766 1506 1350
f 321 2126 650
f 1106 920 966
f 1120 1000 894
f 454 639 620
f 651 1184 207
f 110 1711 1976
f 910 354 2160
f 1360 1340 603
f 1332 882 631
f 1902 1161 235
f 1229 952 1117
f 1870 1358 217
f 2120 217 323
f 1634 802 318
f 1584 746 1343
f 1490 466 1112
f 282 264 934
f 868 894 879
f 1990 1251 1734
f 1655 445 1457
f 1705 571 1065
f 636 1008 1034
f 1157 527 2194
f 1201 1889 306
f 1472 343 1386
f 1160 2027 1778
f 1750 1323 2051
f 979 77 574
f 2068 424 1172
f 1618 5 311
f 1556 2000 1686
f 1426 2106 1518
f 1379 1850 1591
f 566 1710 1091
f 740 248 475
f 1077 388 928
f 2009 1552 1926
f 464 191 2175
f 481 194 193
f 903 2073 1106
f 299 156 1041
f 258 1420 2118
f 366 2182 349
f 847 1366 428
f 1579 1142 1311
f 1829 710 1720
f 913 458 987
f 1554 800 1274
f 1004 293 1023
f 130 2066 131
f 1195 1119 729
f 390 1797 829
f 803 1620 1592
f 1825 1363 1680
f 25 24 392
f 1000 810 2024
f 1690 1136 543
f 1604 604 1180
f 2041 653 1532
f 734 1999 575
f 575 1999 876
f 1606 1044 1862
f 774 2158 1252
f 1695 2093 1694
f 1607 1682 1628
f 2013 1279 1752
f 1026 1363 1825
f 1802 1449 1063
f 2073 1751 660
f 1392 2168 2032
f 2096 584 1459
f 1017 2147 1634
f 730 751 1435
f 1301 933 594
f 1819 1690 543
f 1019 2135 1319
f 1069 1479 415
f 2003 357 1807
f 2006 243 1715
f 789 446 391
f 992 1778 1448
f 1931 786 1502
f 4 3 1777
f 936 1542 1159
f 1617 105 104
f 2 2196 3
f 1645 1062 1864
f 1231 459 1448
f 1658 1109 1448
f 1982 620 639
f 1495 1392 1480
f 2093 1946 624
f 506 1863 974
f 1201 1134 1386
f 1440 402 1341
f 1151 690 1121
f 386 264 608
f 1405 1396 512
f 1563 1076 1481
f 208 432 413
f 329 2062 1808
f 2183 2017 1586
f 908 1339 895
f 1457 445 1883
f 597 1011 363
f 353 884 1682
f 1851 1537 707
f 117 1396 118
f 616 1774 1049
f 126 1443 127
f 1733 202 1726
f 1209 1359 1659
f 1933 229 1707
f 786 1777 1502
f 1645 1010 1919
f 1877 471 342
f 1091 211 1845
f 764 2178 1780
f 1898 1091 1710
f 1560 1236 1224
f 2047 807 1873
f 705 1470 2156
f 2180 1368 2037
f 1333 1852 411
f 331 1994 840
f 1260 1275 1733
f 1443 1125 276
f 1149 2132 1877
f 1951 1245 1424
f 388 1940 462
f 623 1593 655
f 1576 198 785
f 1597 382 1414
f 1801 1271 375
f 1133 62 2191
f 1743 85 1738
f 1409 950 989
f 2019 1969 1913
f 2188 1451 1345
f 1926 1613 2009
f 1281 247 1270
f 1997 681 744
f 1681 901 1127
f 1400 551 2026
f 2148 1805 244
f 323 1807 357
f 1351 731 1155
f 1419 317 573
f 1671 301 780
f 664 279 1945
f 1456 787 688
f 1119 2008 438
f 1568 1332 631
f 1844 486 1730
f 1795 408 1446
f 1784 441 455
f 1220 999 1013
f 548 1656 1271
f 1345 82 81
f 1435 909 731
f 785 2073 903
f 1508 355 224
f 695 448 970
f 282 1989 608
f 223 1854 1177
f 749 285 513
f 2027 1658 1778
f 565 2013 267
f 362 2013 1509
f 2188 2098 1141
f 1169 1787 1772
f 2153 699 2115
f 2064 1709 750
f 6 5 1618
f 1686 912 855
f 1239 2134 241
f 253 122 1663
f 2051 957 296
f 1703 1179 233
f 1393 2118 330
f 820 1633 1303
f 1564 337 862
f 1253 434 1385
f 1299 1369 1993
f 2112 1214 837
f 272 2035 1732
f 2029 2023 1450
f 593 1781 1669
f 1854 242 1177
f 997 92 312
f 493 1693 1622
f 1631 1838 1234
f 60 1740 1188
f 1867 1817 1378
f 655 15 482
f 2129 2183 1080
f 1453 644 451
f 1543 1168 1516
f 917 588 1709
f 1203 1935 1113
f 2150 733 769
f 1417 260 1222
f 34 504 35
f 1592 507 1352
f 2095 1554 1684
f 203 1277 844
f 1593 247 1281
f 1223 444 1169
f 1373 520 930
f 1574 1467 1086
f 1676 869 1804
f 1604 901 1504
f 2061 1648 470
f 1397 351 1158
f 1278 837 1214
f 1979 1527 2022
f 678 1382 1032
f 1484 1829 1720
f 1137 625 811
f 2125 1058 1244
f 2051 1323 1257
f 364 1061 1779
f 912 237 855
f 441 1784 1512
f 1467 218 864
f 2056 1145 245
f 2072 209 1248
f 1492 136 1039
f 128 947 129
f 1294 1263 1857
f 1294 658 1263
f 1560 1224 1481
f 914 1920 292
f 902 800 271
f 1180 1016 1604
f 995 1122 1131
f 799 1440 1341
f 2176 2093 1216
f 656 1682 405
f 792 246 264
f 282 608 264
f 895 1381 908
f 401 1145 1447
f 1115 341 2142
f 2113 331 1262
f 1273 1810 1899
f 583 269 1057
f 2105 1699 820
f 223 1052 1299
f 1998 150 382
f 1314 818 1399
f 1588 251 1407
f 1334 432 208
f 1976 111 110
f 1816 701 1099
f 1494 123 253
f 2155 2142 341
f 1584 1285 1242
f 1758 1395 1377
f 1427 713 585
f 2189 1848 899
f 2139 750 363
f 1366 1719 893
f 801 1654 1148
f 2163 1215 71
f 1322 1960 1757
f 595 1574 782
f 1954 507 442
f 1242 1053 1975
f 2089 456 268
f 1661 1035 368
f 1711 1185 1207
f 1996 1972 1159
f 1034 1375 449
f 299 1930 525
f 1265 682 940
f 2075 500 1760
f 826 925 924
f 1742 936 1159
f 377 1865 1715
f 448 695 945
f 1309 479 1814
f 1296 966 1522
f 394 2137 904
f 1007 176 774
f 856 214 414
f 645 147 146
f 1442 1543 1002
f 1436 1340 1360
f 895 2174 365
f 1912 206 1559
f 696 1433 1146
f 1077 21 20
f 227 526 697
f 981 845 872
f 2083 1559 206
f 1305 1551 1530
f 2077 201 907
f 612 1656 980
f 645 1568 631
f 2109 2039 154
f 862 298 359
f 1259 1437 1968
f 1415 1110 450
f 1628 1054 1607
f 1420 1657 534
f 279 567 641
f 1925 758 795
f 1079 2151 795
f 891 408 839
f 1787 327 877
f 1557 1327 482
f 247 1593 623
f 2159 982 1085
f 470 1648 1947
f 648 694 1075
f 2092 650 222
f 291 2180 491
f 2094 660 226
f 358 1248 209
f 252 1033 1591
f 1385 848 742
f 258 1423 1420
f 1486 1561 1630
f 2180 291 1368
f 1776 981 1121
f 2007 1549 1587
f 902 628 250
f 2136 1735 1566
f 2074 906 1992
f 344 2191 1188
f 885 950 2190
f 2098 2063 1141
f 1189 924 925
f 1097 779 1996
f 1622 611 958
f 1738 1100 1722
f 1577 294 2091
f 1319 540 1048
f 1137 739 778
f 540 2135 232
f 1342 963 708
f 1875 280 1704
f 435 749 513
f 1424 790 1951
f 645 146 725
f 385 2030 1785
f 236 1407 1411
f 1866 1275 1561
f 517 1749 1317
f 236 1624 277
f 1968 1348 674
f 270 1828 1754
f 290 33 32
f 1510 1483 474
f 1632 416 1616
f 2165 844 1678
f 1522 966 1482
f 2034 960 622
f 1524 194 1240
f 975 1204 1594
f 1476 407 1212
f 1573 407 1476
f 1842 338 1013
f 1574 218 1467
f 629 1453 451
f 365 2174 320
f 289 1035 1598
f 457 627 2012
f 1085 982 710
f 207 1184 368
f 765 1941 2063
f 1991 312 606
f 1706 967 1550
f 1762 1176 1575
f 1924 1334 1542
f 535 806 367
f 1688 772 730
f 1713 667 1248
f 2014 921 1563
f 1886 813 891
f 936 501 1210
f 1189 925 360
f 689 1489 1486
f 1113 1974 1726
f 2011 239 1967
f 49 518 50
f 713 1427 2172
f 299 157 156
f 1226 1820 239
f 41 40 728
f 316 1418 1175
f 1717 1585 1219
f 1546 213 1446
f 1878 1020 1844
f 272 803 589
f 1577 803 294
f 922 761 259
f 2081 616 1994
f 1937 724 228
f 1266 2167 1230
f 80 1081 81
f 526 1201 697
f 194 1524 195
f 1817 533 1246
f 279 896 567
f 569 2050 427
f 677 1094 255
f 912 188 237
f 710 838 1445
f 242 754 1837
f 2123 577 566
f 1948 1826 1272
f 657 1637 1028
f 423 1650 216
f 1565 163 395
f 1008 162 1111
f 1880 1512 1784
f 2058 1680 1708
f 2030 283 1785
f 1186 905 561
f 1144 1505 2124
f 2036 1470 1786
f 1854 223 756
f 1944 1839 853
f 616 114 1774
f 1432 241 292
f 87 1743 799
f 1938 443 1456
f 1384 1140 916
f 842 971 1583
f 1166 1988 350
f 2130 1228 1836
f 1212 372 693
f 234 1792 1721
f 356 2130 1836
f 1165 1687 1009
f 2038 1302 398
f 559 843 2032
f 646 797 297
f 1286 1944 1362
f 1827 568 1473
f 1773 1581 304
f 1393 727 1169
f 1343 2064 1582
f 58 1468 220
f 1984 949 1187
f 1192 757 440
f 827 769 733
f 36 869 37
f 30 313 31
f 548 1801 1642
f 773 68 67
f 2024 1168 1442
f 1477 1729 328
f 564 1374 1287
f 1803 335 989
f 1804 1318 1344
f 929 692 1752
f 777 1092 286
f 1536 1125 1179
f 1758 365 1395
f 2065 652 795
f 228 1178 1937
f 803 1577 589
f 1742 1159 1972
f 2062 1124 1808
f 2050 484 638
f 1797 986 738
f 1199 656 397
f 1724 1953 1884
f 1836 1824 315
f 1514 2006 863
f 667 2072 1248
f 340 179 178
f 292 1908 1405
f 1908 118 1396
f 713 2049 708
f 2129 1758 1377
f 385 1073 1535
f 2082 139 1290
f 314 1534 706
f 2079 277 348
f 2106 1856 1859
f 1426 1867 1464
f 2045 923 1763
f 1766 1122 383
f 1385 434 848
f 2088 1634 2043
f 1401 430 1394
f 1642 65 64
f 1788 1943 1289
f 432 1334 2169
f 1901 452 1791
f 620 1581 454
f 1703 672 1179
f 321 650 256
f 338 1956 1471
f 1279 565 665
f 1659 1513 1241
f 1512 1165 322
f 1164 802 2147
f 1206 1247 1835
f 1772 649 1423
f 1223 1169 727
f 768 325 1119
f 404 1522 768
f 836 667 647
f 1450 1620 272
f 1967 1241 762
f 2004 1671 1513
f 533 2195 1246
f 2095 1599 230
f 2009 1731 1050
f 250 1023 1274
f 339 1833 1276
f 202 2142 1885
f 1029 1987 1085
f 1573 1476 1921
f 2088 2043 1781
f 2014 480 921
f 573 2149 315
f 2130 809 1901
f 1020 1562 1844
f 494 1835 1303
f 260 452 1222
f 1801 66 65
f 536 1060 207
f 2152 1249 1904
f 1330 2074 1572
f 1956 1267 1824
f 1919 1859 1645
f 1887 287 1033
f 1220 1471 1960
f 1258 2006 1514
f 1596 1384 221
f 1369 1362 1679
f 1247 1206 1652
f 721 351 1889
f 1577 1213 1232
f 1954 1035 1661
f 699 1035 1954
f 417 454 1358
f 787 611 688
f 1913 871 1183
f 1398 880 899
f 541 1342 708
f 2152 1298 1249
f 498 1765 813
f 252 1753 1841
f 1903 1412 1499
f 2054 1370 941
f 2163 798 2154
f 1706 1176 1762
f 701 1639 1365
f 2134 805 1697
f 1924 936 1210
f 1601 2054 941
f 1699 1665 820
f 1258 496 249
f 1319 23 1019
f 196 951 1
f 1240 194 481
f 2131 226 1329
f 1857 1263 1156
f 1325 2181 747
f 1920 120 119
f 3 2196 1502
f 1139 1764 865
f 459 1149 992
f 1749 517 819
f 2063 985 765
f 1365 1639 1635
f 2189 880 602
f 1065 571 1427
f 871 1546 1183
f 1045 1761 461
f 1645 1859 1062
f 1033 1841 547
f 304 1095 2003
f 863 1653 1511
f 276 814 2107
f 572 830 619
f 410 1646 465
f 1182 1713 1955
f 1186 2166 615
f 1503 148 2185
f 1047 1789 807
f 1542 890 1357
f 1614 1514 1372
f 1870 887 1093
f 2060 1422 1243
f 1725 1441 1718
f 1872 1686 1410
f 2175 1556 464
f 831 391 446
f 670 770 1361
f 776 1692 1413
f 1391 1529 336
f 1398 168 167
f 2138 170 1705
f 1087 33 988
f 521 1724 1649
f 1564 862 948
f 1576 752 198
f 2118 1393 258
f 1490 1020 406
f 1901 1791 1228
f 1455 858 1038
f 1356 437 775
f 22 1721 1019
f 757 2066 130
f 1039 1636 1399
f 355 695 224
f 778 1291 546
f 1729 1477 445
f 1329 226 1751
f 1359 1209 1820
f 378 563 1191
f 1860 1406 1437
f 233 126 125
f 2184 921 480
f 1183 1546 1446
f 2022 537 1979
f 1864 1062 1632
f 2059 564 587
f 1741 972 1380
f 783 472 1490
f 944 1707 450
f 1082 2194 579
f 1301 1565 875
f 2108 466 406
f 2105 877 1699
f 1706 794 849
f 1785 1332 1568
f 60 1188 61
f 665 1326 1401
f 1346 263 825
f 1506 766 427
f 725 385 1568
f 852 1295 137
f 1779 1061 1217
f 2145 969 1202
f 723 1858 570
f 1224 1236 1969
f 2003 211 1898
f 1827 1839 1944
f 941 1286 1601
f 1330 224 695
f 260 1825 474
f 518 49 48
f 621 1865 377
f 1297 728 40
f 1289 1943 1548
f 1361 939 1287
f 1559 737 483
f 821 717 1499
f 1283 264 246
f 1288 506 974
f 1591 1204 252
f 2196 2033 1931
f 477 1636 1039
f 1399 1636 705
f 1739 1907 832
f 1918 538 676
f 789 2134 1239
f 1411 244 1624
f 1625 1972 1909
f 1097 360 925
f 2101 789 1813
f 1001 1702 923
f 1732 1450 272
f 1291 739 841
f 1732 724 815
f 1391 2061 470
f 1208 2014 1563
f 1818 1025 1888
f 607 1500 1147
f 1768 762 937
f 996 1351 578
f 1598 2153 1071
f 1258 243 2006
f 2120 334 420
f 1080 1758 2129
f 878 594 602
f 1905 10 640
f 1905 2071 11
f 861 1867 1378
f 8 1590 1426
f 1920 119 1051
f 276 1125 814
f 407 483 372
f 307 1759 962
f 961 918 1074
f 383 1118 95
f 1593 17 655
f 372 483 737
f 688 1888 1847
f 1542 1357 1159
f 2056 1014 1145
f 1729 559 2168
f 640 1552 1905
f 1476 1723 1527
f 1346 1144 263
f 1927 1340 1754
f 1494 253 723
f 1701 391 1059
f 333 1667 1596
f 466 1490 406
f 1871 1375 622
f 299 1041 1930
f 1662 1594 1240
f 1379 287 1042
f 2164 1463 935
f 815 307 1732
f 945 2025 563
f 1140 1384 1278
f 1530 1302 698
f 1219 938 2114
f 278 487 1528
f 373 1333 411
f 2179 1895 478
f 369 1469 447
f 1681 336 1529
f 546 562 775
f 1938 308 1650
f 1774 114 113
f 643 1771 180
f 1605 644 1480
f 1646 998 1069
f 712 483 407
f 306 1889 1498
f 605 89 88
f 1007 668 176
f 1746 170 169
f 1813 789 391
f 889 657 1028
f 1570 1223 1299
f 223 1993 756
f 473 1012 954
f 900 2067 956
f 1278 1214 1140
f 1415 1057 269
f 627 307 815
f 1484 2171 1829
f 219 1005 373
f 434 1971 1666
f 1858 1507 1697
f 1434 1897 1407
f 2169 1334 1924
f 1541 115 284
f 1550 967 709
f 1387 1012 1206
f 1850 1632 1429
f 630 821 1640
f 1865 510 1842
f 2080 1882 448
f 1620 442 1592
f 1184 642 248
f 179 643 180
f 1101 199 1312
f 338 1267 1956
f 317 1428 2149
f 2097 740 1845
f 963 1454 1154
f 1090 303 991
f 1300 1263 658
f 1847 812 1644
f 2121 1456 688
f 1191 301 378
f 290 32 1066
f 1846 248 740
f 2025 945 355
f 995 1869 661
f 371 633 911
f 999 782 1511
f 1798 1840 549
f 543 1826 1261
f 210 943 1307
f 1962 1430 1869
f 1788 1782 431
f 1966 559 2151
f 1230 2167 536
f 607 1147 1914
f 1462 53 52
f 1719 1968 674
f 920 1641 1482
f 806 1644 1922
f 871 2143 2090
f 164 1565 1301
f 158 525 1103
f 1736 796 641
f 752 1120 868
f 1909 826 1625
f 1357 1996 1159
f 805 2079 348
f 469 763 1928
f 1974 1733 1726
f 715 1564 948
f 1156 1116 1090
f 320 2174 1477
f 111 1629 112
f 374 2173 2010
f 1391 470 815
f 1554 1254 1684
f 2191 61 1188
f 2149 1403 315
f 634 537 1265
f 199 1101 1735
f 327 1570 1052
f 221 456 2089
f 51 1147 52
f 1371 883 607
f 2161 1163 2041
f 2018 549 317
f 711 2045 432
f 1124 866 205
f 1978 867 1642
f 1884 949 1798
f 271 206 1912
f 800 230 271
f 856 1718 1441
f 2180 1517 1142
f 2048 1558 1955
f 537 1756 1070
f 1318 869 504
f 809 267 362
f 2182 608 1989
f 608 366 386
f 1712 545 828
f 1157 1890 1769
f 1456 1962 787
f 1743 1440 799
f 934 624 282
f 1724 1884 1003
f 2003 1773 304
f 1781 550 1669
f 1250 1959 502
f 1629 922 1078
f 1171 1071 915
f 1891 494 1303
f 1531 1409 670
f 1617 826 924
f 712 628 902
f 625 598 604
f 561 2085 528
f 828 1123 1712
f 691 458 2162
f 1395 1696 1145
f 209 1872 1410
f 460 1190 358
f 1267 1842 510
f 27 455 441
f 2119 2037 1368
f 1144 1346 2117
f 265 596 2035
f 396 323 357
f 728 1404 41
f 1740 60 59
f 1640 821 1499
f 1590 2106 1426
f 549 2018 1798
f 2069 591 1150
f 1888 1025 812
f 2007 1587 361
f 1595 1030 755
f 2109 214 2039
f 2009 1613 623
f 1926 1640 1491
f 2173 1207 1185
f 787 1869 611
f 1865 1842 1653
f 927 1882 576
f 2005 737 346
f 1874 1692 1832
f 935 2130 356
f 317 1419 2018
f 1047 2047 367
f 1475 2141 1839
f 546 1291 1822
f 2144 2141 1475
f 1166 1417 1988
f 239 430 1463
f 2017 2183 2137
f 401 1447 1454
f 1843 1040 1992
f 1297 1444 728
f 240 524 2057
f 498 1913 1183
f 1739 647 682
f 865 1764 2104
f 131 1689 132
f 1313 560 822
f 2104 1764 203
f 1515 1388 1717
f 1592 1352 294
f 1450 2023 1775
f 427 1162 569
f 903 1106 966
f 1133 63 62
f 1682 884 1628
f 619 1437 1259
f 1868 852 818
f 257 1424 1245
f 1497 946 1056
f 625 1137 722
f 2061 519 599
f 1611 1156 1090
f 1544 731 909
f 138 1290 139
f 2179 1868 1474
f 2091 1213 1577
f 417 1358 1093
f 1237 2128 751
f 399 557 1011
f 2195 533 676
f 1755 1240 1594
f 1517 2037 1986
f 1034 1111 622
f 1759 457 1484
f 550 2123 1669
f 1786 499 2036
f 947 2107 1192
f 1712 1268 755
f 2131 592 384
f 1713 2048 1955
f 1139 865 832
f 492 384 527
f 2087 1268 1422
f 1012 854 954
f 1247 466 1728
f 1310 224 400
f 651 1060 1995
f 1862 1044 281
f 1454 1377 401
f 756 1993 550
f 1835 1247 1728
f 315 1824 573
f 1038 1363 1496
f 1994 1049 1331
f 2047 1873 216
f 1526 1107 1990
f 1008 1111 1034
f 1615 918 961
f 978 516 791
f 2104 1006 865
f 245 1696 328
f 1418 175 174
f 1354 280 1875
f 365 320 1395
f 2070 1666 1136
f 2092 1624 256
f 1347 926 1852
f 1747 435 1826
f 513 285 1229
f 525 158 157
f 439 743 1783
f 1944 853 497
f 853 552 577
f 271 1912 902
f 1077 663 388
f 309 753 2162
f 1447 1145 1014
f 240 2057 1027
f 1623 900 956
f 437 1084 778
f 2044 356 1836
f 1965 1922 1022
f 957 1027 2177
f 414 153 152
f 905 1088 561
f 2095 1684 1648
f 1997 776 204
f 101 1124 205
f 866 1124 2062
f 1560 235 587
f 450 1110 944
f 658 2064 1300
f 210 1002 1543
f 1521 1156 1611
f 1300 2064 750
f 2156 2036 984
f 1767 1528 2150
f 2112 837 1989
f 1493 238 200
f 1100 1738 84
f 1587 1549 1151
f 937 1241 1830
f 2080 1205 1882
f 784 1762 298
f 543 1136 942
f 1952 630 1552
f 2009 2071 1552
f 1551 1061 398
f 358 2020 1248
f 1716 381 1218
f 484 515 638
f 1839 1473 1475
f 334 1916 305
f 309 913 876
f 519 1677 1599
f 1882 1205 576
f 58 220 59
f 1220 1013 338
f 2077 344 2076
f 1183 1446 1765
f 524 2027 1685
f 1316 1478 1408
f 446 2113 831
f 1428 1811 1153
f 448 945 467
f 2010 1670 890
f 2173 426 1207
f 152 1725 1718
f 1700 1200 1425
f 1646 928 998
f 1744 1127 1098
f 963 886 708
f 1673 1449 1802
f 1346 827 733
f 545 1712 755
f 920 660 2094
f 1751 226 660
f 704 2060 1871
f 2087 1422 2060
f 738 874 829
f 390 1017 764
f 1953 1724 521
f 345 1040 422
f 877 327 1699
f 939 770 2090
f 2122 1527 1979
f 1807 323 217
f 1317 1749 1376
f 1813 961 1074
f 1803 985 1493
f 1110 834 944
f 403 325 1482
f 449 492 300
f 599 2095 1648
f 788 744 206
f 753 1605 1480
f 2116 915 1668
f 887 1870 420
f 497 577 2123
f 1738 402 1440
f 1081 2099 2007
f 2188 361 2098
f 2007 2099 1549
f 2100 435 1747
f 2100 749 435
f 235 1481 1902
f 1959 1763 1578
f 534 1583 792
f 1790 1214 1306
f 56 55 1225
f 1768 1174 762
f 1337 1139 453
f 836 647 1739
f 1370 333 1181
f 1303 1835 820
f 9 8 1426
f 4 1777 311
f 2148 1316 1408
f 2134 1507 241
f 246 792 971
f 1540 1335 943
f 847 428 1737
f 1998 151 150
f 1237 1024 2128
f 1898 1710 419
f 1178 1504 1937
f 1614 1258 1514
f 1801 548 1271
f 792 1583 971
f 2113 1405 512
f 1950 113 1078
f 1812 677 1465
f 1934 364 748
f 2029 962 2023
f 2167 1780 536
f 1504 901 1529
f 1581 1358 454
f 134 133 1881
f 1833 637 222
f 319 213 1660
f 624 2112 1989
f 155 2039 1041
f 414 214 2109
f 1845 1095 2097
f 740 2097 1846
f 383 1122 501
f 2045 1763 413
f 1977 973 1834
f 1997 1692 776
f 1213 304 1581
f 613 2144 662
f 556 1927 609
f 2124 1130 1144
f 1789 1374 2059
f 1059 391 831
f 1619 2027 524
f 127 1324 128
f 1930 1041 1595
f 2085 1088 1383
f 421 1292 207
f 2032 772 1610
f 2032 1610 1392
f 1746 376 1705
f 356 2164 935
f 892 1981 1768
f 1143 2086 1329
f 1102 2146 686
f 1582 2064 658
f 1506 590 1315
f 968 964 273
f 1017 1068 2178
f 1943 889 1548
f 1813 1701 961
f 1146 509 379
f 1545 2187 275
f 1566 1190 2136
f 1887 844 287
f 720 394 1567
f 170 1746 1705
f 1252 2158 539
f 171 170 2138
f 2133 1857 2065
f 2174 1883 1477
f 1459 876 913
f 2072 1202 209
f 568 941 1181
f 1171 731 1544
f 1486 1194 689
f 129 947 440
f 1818 911 1025
f 1803 989 885
f 1911 305 741
f 617 2102 1980
f 1683 2140 1070
f 975 252 1204
f 369 447 686
f 1783 743 933
f 2123 1389 497
f 1819 363 1690
f 709 1664 1550
f 468 1823 1323
f 1220 262 999
f 573 1267 510
f 757 511 745
f 1313 389 1126
f 644 2056 245
f 843 1966 751
f 1451 83 82
f 1306 1214 2112
f 1292 1915 1230
f 1445 2116 1720
f 73 72 857
f 1695 197 1057
f 1347 1198 926
f 1561 1275 551
f 755 1030 1936
f 1505 2117 694
f 1239 446 789
f 411 1478 1316
f 490 668 1007
f 2172 1427 571
f 1987 1834 1364
f 2171 1029 1829
f 1078 922 614
f 367 806 1047
f 1367 206 744
f 887 420 817
f 309 2162 913
f 433 1999 734
f 69 798 70
f 1485 375 1271
f 1463 430 1326
f 249 243 1258
f 940 1713 380
f 1379 1864 1850
f 2021 609 615
f 2053 1595 1041
f 419 2031 396
f 1605 544 433
f 1584 1457 1285
f 2032 843 772
f 443 1001 2192
f 374 426 2173
f 1973 222 637
f 244 251 1282
f 1688 1435 731
f 1681 1529 901
f 165 1301 878
f 743 594 933
f 1541 117 116
f 1908 1396 1405
f 1925 445 1655
f 894 1439 879
f 940 682 647
f 1556 2175 2000
f 944 2154 1707
f 1520 422 1040
f 2126 1276 650
f 760 342 471
f 917 1709 1335
f 1598 1035 699
f 1503 149 148
f 1474 561 528
f 2082 2030 1815
f 1311 1142 905
f 1861 1067 1257
f 564 2078 1236
f 366 608 2182
f 930 1520 662
f 1301 165 164
f 2042 172 212
f 1652 1012 473
f 468 819 529
f 1526 384 1107
f 1425 2127 1503
f 381 968 273
f 810 1000 590
f 1677 788 1599
f 234 1721 22
f 424 574 76
f 1141 1941 1722
f 164 163 1565
f 1567 394 1044
f 1693 911 1622
f 1622 911 1818
f 2191 62 61
f 2069 1197 1353
f 1763 923 1578
f 1869 1430 661
f 79 581 80
f 1549 2099 554
f 1612 1080 1381
f 525 157 299
f 1464 10 9
f 1518 1238 1817
f 2033 1755 1931
f 990 1755 1594
f 4293 3943 3763
f 3395 2454 4182
f 3839 3812 3340
f 2953 4104 2646
f 3622 2401 2924
f 3631 4274 2208
f 4042 3083 3858
f 2743 3148 2661
f 4339 2200 4345
f 2205 2466 2204
f 2778 2714 4003
f 3434 3365 2777
f 2385 4089 2384
f 2623 3692 4089
f 3685 3983 3356
f 3652 3182 4063
f 2548 2696 2788
f 2662 3415 3291
f 2419 2699 3846
f 2454 2211 4107
f 3103 4085 4110
f 3820 3000 3129
f 3628 3332 2218
f 3745 2524 3777
f 3386 2228 2229
f 3614 4313 3592
f 3233 3147 3663
f 3350 3129 3000
f 2230 3948 2229
f 3539 2475 3368
f 3264 4228 3019
f 2793 2482 4351
f 2549 3987 3147
f 4349 3720 3960
f 4296 3313 3357
f 4119 2698 2606
f 2803 2230 2231
f 2938 4368 3892
f 3469 3866 3080
f 4020 2233 2234
f 3379 3351 4234
f 4315 4020 2234
f 2231 2232 3203
f 3951 3279 2657
f 3255 3657 3793
f 2608 4368 3277
f 2649 2452 2857
f 3705 4373 3820
f 3027 2805 4206
f 2437 4325 2815
f 2561 2649 2648
f 4221 3344 2734
f 2504 3877 4194
f 4083 3888 3188
f 2815 3469 3660
f 3815 2253 4267
f 3634 3541 3511
f 3724 3659 2729
f 4222 2894 3623
f 4036 2964 3678
f 3038 3538 3544
f 3379 4369 3105
f 2952 3351 2750
f 3819 3932 4243
f 3815 2952 2252
f 2263 4098 3126
f 3441 3634 2785
f 3079 3214 3653
f 2826 4133 3955
f 2708 4292 4383
f 2599 2647 3544
f 2517 3531 3933
f 3571 4371 3443
f 2263 3126 2262
f 3527 2446 2622
f 3404 3078 2889
f 2260 2832 3529
f 3504 3450 3078
f 2269 3747 2763
f 3482 3450 3403
f 3742 3404 2889
f 2632 4114 3450
f 2632 2844 4114
f 4253 2389 3854
f 2416 3324 3711
f 3800 2456 2670
f 3306 3405 4056
f 3037 4275 3609
f 2733 3208 4157
f 3590 4027 2296
f 2981 2287 4157
f 2283 2284 3154
f 3405 3765 2859
f 2640 3249 3261
f 2537 3092 3899
f 2730 3567 3508
f 2293 2291 2292
f 2416 4254 2918
f 2287 2288 4157
f 3092 2294 2295
f 2583 3899 4208
f 3676 4359 2710
f 3071 3543 3185
f 2300 2710 4375
f 4030 3327 4103
f 2724 3474 3651
f 3311 2826 3994
f 3989 3986 3639
f 3800 2919 3431
f 2306 4109 3007
f 2304 3881 3295
f 4278 3916 3606
f 2681 2309 4175
f 2315 2316 4358
f 3737 3126 4098
f 2307 4109 2306
f 3362 2314 3369
f 2951 3878 3562
f 2309 2310 4175
f 4195 3896 3457
f 3989 2614 3986
f 3388 3278 2536
f 4204 3973 3620
f 3600 4065 2492
f 2718 2323 3493
f 2531 3890 3557
f 3600 2842 4260
f 3562 3878 2686
f 2601 3630 2321
f 2322 2323 3880
f 2322 3880 2601
f 4138 4289 3270
f 2336 2337 3979
f 2333 2334 2335
f 3619 3097 3479
f 3713 3175 2715
f 4202 3173 3794
f 3166 4190 3425
f 3697 2933 3625
f 3104 3912 3772
f 3183 2761 2468
f 4010 2864 3042
f 2336 3979 3845
f 3111 4360 4023
f 2752 2340 2341
f 3016 2600 2991
f 3772 3479 3097
f 3273 3221 3057
f 3864 4370 2883
f 3164 3152 2513
f 3239 4291 2989
f 2355 2588 2872
f 3709 3626 2907
f 3144 4112 2491
f 2345 2346 2900
f 2546 3146 2453
f 3338 2494 3967
f 2347 4363 3314
f 2358 4160 2357
f 2869 4261 2464
f 3727 3715 2816
f 3465 3991 2802
f 2558 2779 3206
f 2516 2786 2580
f 3487 2801 4316
f 3599 3143 2861
f 3235 3792 2688
f 2625 2375 2376
f 2429 3394 3153
f 2514 3682 3483
f 2906 3339 3432
f 2371 3577 3776
f 3823 2691 2711
f 3503 3194 4287
f 4197 2934 2429
f 4146 2396 2749
f 2393 2404 2410
f 3375 4170 2711
f 3031 3905 2368
f 3322 3767 3577
f 2393 2512 2691
f 3692 2623 3970
f 3823 4319 3315
f 4376 2495 3919
f 2567 2378 2379
f 3746 3049 2831
f 3795 3466 3258
f 2623 3472 3839
f 3581 3656 2530
f 3668 3072 3114
f 3843 3558 3189
f 3609 3742 3037
f 3446 2988 2776
f 3324 2280 3115
f 3194 3139 3091
f 2980 2921 2967
f 4213 3091 3139
f 3401 2867 3872
f 4000 4045 3784
f 3058 2249 2894
f 3454 2661 3167
f 3346 4318 2819
f 2354 2355 2872
f 2353 2354 2872
f 2261 4102 2832
f 3289 4257 4108
f 3652 3655 2448
f 4182 3803 2506
f 3641 3021 2817
f 3295 3438 3575
f 3758 4279 2843
f 3927 4140 2573
f 4385 3598 2628
f 3414 4181 3551
f 2669 3952 3435
f 3096 2658 4219
f 2582 3456 3006
f 3774 2615 3746
f 3051 3714 2726
f 2402 4247 3616
f 3885 3953 4046
f 3828 2958 3011
f 2953 2203 2204
f 3847 3322 2902
f 3494 3986 2634
f 3899 3076 2537
f 4205 2882 2943
f 2446 2707 2622
f 4124 2695 2932
f 3989 2465 3783
f 4263 3145 3758
f 2438 3736 3702
f 4176 3623 3105
f 3982 3529 3509
f 3821 3746 2831
f 4247 2895 3616
f 2621 3525 4335
f 2316 2317 3056
f 3611 3321 4055
f 2407 2905 4209
f 2887 4222 4176
f 4119 3876 3349
f 3417 3228 4038
f 2560 2534 2925
f 2937 3209 2721
f 3551 3093 3485
f 3765 3178 3654
f 2706 2604 2928
f 3423 3343 4139
f 2627 4372 3996
f 3543 3205 3185
f 3158 2915 4122
f 2931 3954 3828
f 4147 2923 3330
f 4001 2912 4307
f 4036 2865 2964
f 4145 3262 2604
f 2469 2631 2764
f 4064 2527 3220
f 3460 3850 3407
f 2610 3645 4310
f 2544 4237 3518
f 2571 3421 3848
f 3451 4386 4172
f 2860 4176 3105
f 2247 2248 4280
f 3448 3226 4317
f 2317 2318 3056
f 2591 2610 4310
f 3992 4292 3643
f 4286 4278 3210
f 2689 4272 4165
f 3128 2804 4014
f 3322 2373 2902
f 2883 2782 3245
f 4131 2468 3136
f 2836 2558 4210
f 3401 3039 2867
f 2600 3736 2991
f 4088 2666 3492
f 2986 3835 4200
f 3630 2601 3542
f 3098 3337 3189
f 4153 3570 2539
f 2750 2990 2250
f 3277 3213 3851
f 3060 4072 4090
f 3337 3098 4187
f 4020 4315 2541
f 3179 3089 3951
f 3345 4049 4028
f 4363 2969 3314
f 3783 3337 4187
f 3364 2641 2436
f 3273 2467 3221
f 2496 2693 2823
f 4166 2424 3935
f 2883 2817 3864
f 2915 3944 2297
f 2537 2293 2294
f 2370 3336 2369
f 2512 2393 2410
f 4002 2676 2914
f 4034 3067 3202
f 3521 4044 4301
f 2565 3938 3593
f 3926 2785 3511
f 3343 3614 3592
f 4333 3119 3492
f 2693 3202 2411
f 3589 2994 2775
f 3700 2683 3150
f 4195 3939 3896
f 4260 3183 3600
f 4280 4222 3928
f 3666 3003 4106
f 3273 3293 2562
f 2671 3360 4283
f 3216 4148 4330
f 3657 3802 4127
f 4080 2663 3264
f 3096 4095 4285
f 3103 4110 4382
f 3701 2694 2845
f 4136 3930 3673
f 2756 4036 3678
f 3676 2710 3575
f 2298 2915 2297
f 2488 3587 3836
f 3390 3109 2391
f 3148 2743 4052
f 3148 3427 2661
f 3067 2746 2398
f 3551 3406 3414
f 2919 3301 2772
f 3181 3543 3124
f 3418 3476 3717
f 3430 2408 2870
f 3188 3468 4083
f 4302 3770 3468
f 3519 3318 2978
f 2978 2758 3980
f 2727 4112 3177
f 2907 2727 3177
f 2791 3679 3504
f 3278 3814 2771
f 3426 3010 2777
f 3725 4266 4293
f 3584 3497 2740
f 3772 3912 3479
f 4092 3412 3566
f 3736 2438 3686
f 2965 2862 2827
f 2595 4126 4258
f 2631 2609 2387
f 4204 4348 3326
f 2488 3906 2644
f 2846 2578 3983
f 3090 2516 2917
f 2573 2440 2940
f 3716 3848 3593
f 3650 4307 3712
f 2906 3969 3792
f 3008 3432 3139
f 3662 2454 3395
f 3906 2488 3331
f 2752 3879 4174
f 2451 2345 2900
f 3326 4348 4283
f 2654 3890 3719
f 2938 2979 4074
f 2805 4141 3703
f 2831 4249 3821
f 3812 3472 3763
f 2641 4061 2436
f 2776 2602 4268
f 2560 3400 2534
f 3468 3188 4033
f 2694 3724 2729
f 4274 2506 2851
f 3803 2788 2778
f 2955 2749 4366
f 2838 2550 3003
f 2574 4310 3645
f 3309 3296 3122
f 3680 4239 2931
f 3717 2444 3241
f 3537 3530 3257
f 3815 4267 2487
f 3940 2534 3400
f 2846 3983 3918
f 2482 2941 2696
f 2480 2755 2945
f 4101 3265 3826
f 2968 3520 4277
f 3272 2571 2789
f 4220 2330 2331
f 3397 2914 2954
f 3316 3562 4358
f 3111 2972 4360
f 3611 4013 3373
f 4045 3953 3784
f 4115 3025 2422
f 2971 2711 4170
f 3724 4085 3659
f 3714 4057 4301
f 4334 3638 4335
f 2624 2728 4092
f 2801 3581 2530
f 3315 3559 2393
f 4340 3920 3458
f 3234 3033 3068
f 2411 3412 4092
f 4343 2692 3916
f 2782 2781 3245
f 2619 3806 3250
f 3267 2875 3920
f 2871 2808 2861
f 3725 3130 4266
f 4345 4025 4068
f 2547 2728 3837
f 3973 3326 3972
f 2251 2750 2250
f 4232 4077 3957
f 4087 4155 2620
f 3008 3139 3194
f 2863 2553 4076
f 2607 2581 4007
f 2598 3587 2644
f 3685 4376 3187
f 3327 2508 4103
f 3140 2604 3118
f 2559 3549 3738
f 2580 2917 2516
f 3134 2738 2633
f 2621 3638 2433
f 2816 4207 2432
f 3648 2716 4097
f 3559 2404 2393
f 4129 3941 3095
f 4344 3686 4214
f 2611 2348 3817
f 3844 3383 3238
f 3432 2497 3681
f 2673 2542 4294
f 4079 4380 3695
f 3370 3637 3751
f 3085 2841 2655
f 4332 2672 2425
f 3030 3243 3747
f 2766 2787 3764
f 2884 2957 3035
f 3698 3597 2892
f 2560 2413 3690
f 3445 2424 3370
f 3838 3309 3068
f 3792 3303 2688
f 4181 2810 2558
f 4386 4218 4172
f 3484 3439 2400
f 3979 3908 3845
f 3772 3097 2526
f 3777 2475 3074
f 3524 2778 4382
f 2542 2682 4294
f 3165 3595 3801
f 2675 3410 3908
f 4220 2821 2330
f 2514 2391 3682
f 3339 3109 2497
f 3627 2497 3390
f 2432 4111 2757
f 4209 3633 2543
f 2961 2630 4281
f 3897 3545 3882
f 3460 2511 3025
f 2523 2675 3908
f 3708 4004 3596
f 3617 2217 3887
f 4298 4351 3759
f 2432 3727 2816
f 3407 3715 4192
f 4139 2996 4116
f 4101 2708 3610
f 3290 4118 4185
f 2395 3310 2957
f 3860 2746 2440
f 3990 3325 3831
f 3185 3205 3496
f 2583 3076 3899
f 2593 2493 3011
f 3553 2714 3524
f 2689 2587 2796
f 3461 3215 4039
f 2963 3251 3323
f 3188 2891 3946
f 3660 3999 2437
f 2799 3959 2929
f 4153 4067 2942
f 2603 2536 3536
f 3956 3688 2964
f 3612 3267 4340
f 3826 4158 3044
f 2855 4128 3486
f 2945 2641 2480
f 2771 3171 3278
f 2592 4171 3424
f 3198 3903 4163
f 3012 3047 3100
f 3649 3632 3873
f 2582 3777 3456
f 2202 2203 2646
f 2221 2222 3477
f 4005 2463 3216
f 3547 3907 3045
f 3689 3055 3036
f 3328 2944 3617
f 3770 2765 2833
f 2396 2976 2749
f 3616 3235 2474
f 3659 3368 2582
f 3196 2215 2944
f 4245 4188 4120
f 3667 3112 4201
f 4255 3453 3471
f 2459 3860 4140
f 2556 2715 3175
f 3270 3263 4138
f 3492 3119 3754
f 3191 3661 3637
f 2530 3153 2801
f 4210 4246 2836
f 3370 2424 3121
f 4294 2682 3484
f 4280 3058 4222
f 3204 3399 2800
f 3266 3116 4325
f 3740 4379 3505
f 3576 3604 3937
f 4140 3927 3733
f 3643 2708 4101
f 3679 2791 3398
f 3513 2555 2441
f 2572 3869 4262
f 3844 4041 3383
f 2578 3761 4193
f 2390 4273 4041
f 2645 4247 2402
f 2661 2581 2607
f 2976 2396 4052
f 2372 2373 3577
f 3083 2999 3858
f 2705 3621 3818
f 4365 2967 3603
f 3624 4309 3648
f 4009 3817 2350
f 2501 4229 3120
f 2625 4367 3419
f 2356 4111 2588
f 3552 3517 2441
f 3414 2810 4181
f 3665 3288 3061
f 2622 2599 3544
f 3698 2574 2707
f 4271 3497 3605
f 3750 2813 2740
f 2857 4379 3740
f 2592 2770 2612
f 3653 3214 2411
f 4061 2641 3046
f 2457 4328 2745
f 3054 3919 2495
f 3074 3745 3777
f 2582 3942 3659
f 4193 4362 3599
f 3526 3754 2605
f 2615 4198 3049
f 2662 2419 3017
f 2483 2419 2662
f 3349 3876 2847
f 3560 2730 3900
f 2850 3178 3760
f 3501 2682 2542
f 4225 3392 3532
f 4059 4179 3549
f 4183 3788 4306
f 2418 2827 3651
f 2449 2318 2319
f 3155 2621 4211
f 3298 2829 3644
f 2429 2655 2841
f 4156 3016 3721
f 3444 2809 4116
f 4290 3914 2413
f 3062 2590 3032
f 3686 2869 4214
f 3348 4012 2935
f 3544 2647 3038
f 3791 2920 3785
f 2672 3949 2446
f 4100 4019 3244
f 2578 2846 3761
f 2344 2594 2343
f 2909 2727 2834
f 3613 3489 4265
f 3018 2609 2631
f 2763 4371 2268
f 2672 3348 3949
f 2887 3075 3729
f 3066 3891 2435
f 4328 2956 2745
f 4193 3238 3383
f 2968 2996 3520
f 2708 2678 2818
f 2562 3293 3152
f 3517 3552 3526
f 2601 2492 3542
f 2930 3596 4093
f 2939 4377 4185
f 3997 3446 2901
f 3898 3501 2603
f 3726 3580 3722
f 4123 2884 3035
f 4120 4015 3769
f 3492 3754 3530
f 3517 2679 4040
f 3180 2481 4290
f 4298 3196 2793
f 2392 2683 3417
f 4146 2735 2762
f 4029 2608 3203
f 3027 3960 2805
f 4167 3161 3409
f 2946 4092 2547
f 2832 4102 4154
f 2574 2656 2707
f 2900 4270 3333
f 2900 3314 4270
f 3610 2818 3540
f 3538 2975 3544
f 2624 3566 3693
f 3136 4350 4023
f 4244 3478 2602
f 3201 2545 2577
f 2999 2852 3893
f 3812 3943 3340
f 3193 3150 2847
f 3363 2413 2450
f 3283 3768 3231
f 2947 3947 3768
f 3956 4124 2932
f 3471 4256 4255
f 3738 3549 4179
f 3629 4334 3268
f 3212 2516 3090
f 3594 2650 2751
f 2986 3525 3029
f 2573 4140 2440
f 2487 4267 2629
f 3949 4094 2446
f 3943 4266 3340
f 3687 3059 2953
f 4039 3215 3489
f 3135 3632 2747
f 2819 4318 2736
f 4367 3515 3258
f 3742 3609 3422
f 3184 3133 2399
f 4353 3594 4269
f 4019 3107 3244
f 2522 3696 3234
f 2484 3131 3647
f 3621 4369 3069
f 4139 3592 2996
f 2673 2536 2542
f 2835 4162 4185
f 3200 2439 2456
f 4352 2829 3298
f 3282 2844 3952
f 3140 3118 3110
f 3029 2547 2986
f 2812 3358 2619
f 2604 3262 3118
f 3134 2595 2738
f 2896 2618 2653
f 2584 3004 2997
f 3264 3019 2848
f 2546 3785 3411
f 3170 3075 3818
f 4331 3877 2504
f 2638 3909 4241
f 4229 2751 2911
f 3740 3319 3440
f 3964 2458 3274
f 3765 3654 2684
f 3560 3691 3154
f 3133 3439 2682
f 4173 3309 4281
f 3637 3370 3121
f 3207 2642 2839
f 3764 3696 2515
f 2882 4013 3859
f 3755 3129 3980
f 3761 3413 4241
f 2391 3521 3682
f 3574 3194 3091
f 3943 4293 4266
f 4003 3017 2778
f 3309 3122 4281
f 3131 2425 2975
f 3802 2885 4127
f 3055 3160 3269
f 4194 4018 3159
f 2561 2452 2649
f 2509 3345 4028
f 4062 2485 3947
f 2809 4139 4116
f 3829 3409 4370
f 2311 4252 3094
f 2415 3613 4265
f 2430 3873 3801
f 3212 4255 4256
f 3993 3772 2526
f 3410 2332 3050
f 2890 2521 3581
f 3842 2580 2473
f 3992 4233 3088
f 3933 2544 3023
f 2979 4086 4074
f 2774 3959 2657
f 2635 2431 3380
f 3735 2995 2620
f 3446 2706 2901
f 2826 3072 3994
f 2545 3936 4165
f 2739 2742 2633
f 2923 4147 4063
f 3359 2443 4366
f 3328 2532 2553
f 3687 2953 2204
f 3592 2838 2996
f 3265 4037 3640
f 3367 2775 2994
f 2505 2861 2808
f 2665 2611 3259
f 2611 3875 3259
f 4374 2779 2558
f 3967 3749 3872
f 2546 3411 3988
f 3771 2721 4070
f 3528 2509 3207
f 2565 3143 4019
f 3374 2266 3571
f 3446 3125 2706
f 3007 3535 3734
f 3565 3550 2670
f 2556 3719 2531
f 3168 3144 2342
f 3819 3518 2880
f 3706 3541 4163
f 2609 3018 2802
f 4054 3536 2897
f 2864 3372 3042
f 3369 4358 4230
f 3813 3968 4260
f 2811 3479 3912
f 2821 3166 3425
f 2621 4335 3638
f 2430 4265 3190
f 2515 4179 3675
f 2596 4245 3752
f 3044 3932 3819
f 3814 3388 4126
f 3451 3738 2630
f 3561 4042 3087
f 3139 3681 4113
f 2945 4078 2634
f 2405 2965 2827
f 2554 3398 2791
f 3207 4014 3064
f 3755 4330 3065
f 3317 3006 4323
f 2416 2918 3324
f 4208 2733 2583
f 4039 3911 2742
f 2738 2881 2660
f 2764 2631 2387
f 2311 2312 4252
f 3512 4142 3422
f 3001 3253 3072
f 2878 3616 2474
f 3902 3618 3627
f 2539 3644 2829
f 3457 2812 3381
f 2550 3671 4106
f 3965 3720 2926
f 2688 3303 3336
f 3235 2895 2906
f 3564 2480 3364
f 3138 2405 2418
f 2605 3754 3119
f 3070 4257 3576
f 2211 2212 4107
f 3428 3219 3977
f 2984 2961 4281
f 2754 3688 2651
f 2210 2211 3662
f 2699 2419 2483
f 2616 3694 3840
f 3830 2893 3773
f 2683 4043 2644
f 2729 3659 3942
f 2762 3087 3732
f 2625 2376 3515
f 3282 2732 2844
f 3843 2835 3558
f 3751 3637 3661
f 4263 2677 2679
f 2912 4001 3886
f 3503 3969 3008
f 2540 3141 3655
f 2941 3103 4382
f 3779 2671 4348
f 2343 2594 3168
f 3292 3999 2245
f 3621 2828 3009
f 3082 2922 4343
f 3378 3495 3711
f 2952 2750 2252
f 3529 2409 3509
f 2520 2875 3267
f 3580 2400 3013
f 2694 3701 3553
f 2831 4052 2396
f 3590 3249 4164
f 2299 2300 4375
f 4137 3130 4104
f 2902 2375 2625
f 4186 2420 4075
f 2617 3502 2712
f 2798 4236 4086
f 4302 3468 4033
f 3846 2699 2851
f 3017 4003 2662
f 3813 4203 2960
f 3619 3479 3979
f 3526 4263 3517
f 3860 3257 2555
f 3081 4264 2414
f 3107 4362 4241
f 3779 2654 3719
f 4093 2761 2930
f 3744 4087 2995
f 3918 3473 2846
f 4336 2939 3342
f 4292 3992 3852
f 3209 2787 2721
f 3272 3591 3252
f 3783 4187 2614
f 2563 3384 2535
f 3694 2616 2589
f 4328 3413 3473
f 2988 2970 2602
f 3311 2982 2388
f 4246 2997 3004
f 4304 4022 3924
f 3681 3963 4113
f 3187 4376 3919
f 4002 3534 4190
f 3604 2426 3937
f 3991 3226 3448
f 4126 2595 3134
f 2485 2723 3014
f 2788 4382 2778
f 2659 4072 3731
f 3307 2274 2275
f 2678 3670 2626
f 3670 4383 2903
f 4337 2273 2274
f 3353 2993 3398
f 4027 2295 2296
f 3208 4150 4157
f 2996 3923 4116
f 3344 4221 4134
f 4129 3849 3757
f 4129 2806 3941
f 3258 2567 3795
f 3336 3031 2369
f 3233 2478 3147
f 2926 2435 3505
f 2939 4336 3475
f 3278 3171 2897
f 3548 3172 2633
f 3797 3799 2500
f 3713 2914 3397
f 3314 2346 2347
f 3533 4156 2533
f 2528 3414 3406
f 3381 2510 3871
f 3461 4039 2739
f 2955 2735 4146
f 3442 2479 3970
f 3464 2973 2744
f 2725 3848 3463
f 3244 3909 3329
f 3768 3947 3014
f 3855 3199 3638
f 3707 2869 3686
f 3831 3022 2486
f 2486 3022 2394
f 2333 3050 2332
f 2477 2326 3073
f 2566 2680 2971
f 3454 2743 2661
f 4216 3343 3423
f 4222 2887 3928
f 3252 3392 3272
f 4240 3445 2893
f 2933 3697 2477
f 2727 2907 3626
f 3647 4060 4216
f 3696 4124 3956
f 2626 4384 2543
f 2489 3290 3294
f 4268 3572 2776
f 3237 3232 4035
f 3342 4118 4123
f 3695 4081 2756
f 3702 3624 3061
f 4160 4111 2357
f 3915 2532 2551
f 3976 3377 3328
f 4185 4377 2835
f 3667 2421 2434
f 3040 4135 4032
f 2220 3123 2219
f 3708 2930 3557
f 2715 2556 4251
f 2874 4089 2385
f 4089 3472 2623
f 4243 4017 3889
f 2427 4341 3106
f 3001 3668 3730
f 4099 3222 3316
f 3266 3615 2967
f 2713 3229 2769
f 3230 2473 4225
f 2663 3015 3264
f 3791 2612 3728
f 3193 3321 4177
f 2521 4250 3656
f 4132 3455 4285
f 3957 4080 3689
f 2828 3621 3069
f 2629 4267 3926
f 2708 4383 2678
f 3391 2897 3171
f 3155 4211 3079
f 2915 4322 3944
f 3158 4122 2853
f 3915 3710 3781
f 3768 3014 2712
f 2246 3292 2245
f 3459 3891 2938
f 2683 2644 3417
f 3383 2578 4193
f 2700 3868 2959
f 2856 2901 3495
f 2202 2646 2807
f 4003 2714 4007
f 2788 4182 2548
f 3631 2208 2209
f 3230 3635 3842
f 2521 3656 3581
f 4229 2501 2520
f 3048 2485 4062
f 3476 2613 2876
f 3155 3079 3653
f 3224 3223 4354
f 3385 2951 3222
f 3352 4264 3286
f 2931 3828 2493
f 3429 3408 2417
f 4233 2880 3518
f 4134 4105 3344
f 3623 4176 4222
f 3537 4088 3492
f 3052 2664 2911
f 4306 3142 4385
f 3439 3133 2518
f 4147 4168 3219
f 3980 3350 3824
f 3308 2712 3502
f 2779 4215 3545
f 3810 2490 4021
f 3308 3231 2712
f 3482 3078 3450
f 4341 3786 4050
f 3807 4238 3491
f 3478 3297 3304
f 3759 2213 2214
f 2696 2548 4351
f 2786 3225 2584
f 2664 3052 3669
f 3889 4017 2423
f 3411 2920 2417
f 2738 2660 2633
f 3172 2739 2633
f 3242 2957 3546
f 3684 3598 4300
f 3379 4234 3344
f 3579 3116 4236
f 2774 2238 2239
f 2437 2815 3660
f 3980 3824 2978
f 4206 3796 3386
f 2364 2890 3588
f 3656 3091 4213
f 3217 3362 2899
f 3816 3289 4108
f 3313 2765 4373
f 4083 3743 3888
f 2459 4140 3733
f 3489 3215 3190
f 2921 3568 3603
f 4048 3341 3663
f 3774 3746 2999
f 3194 3503 3008
f 3839 3340 3083
f 3725 4025 2807
f 3685 4239 3918
f 3669 3591 2789
f 2894 2990 3623
f 2952 3815 2487
f 3025 2511 4288
f 3941 3919 3054
f 4002 2914 3534
f 2821 4289 2329
f 3480 2829 4352
f 2434 2421 3730
f 2746 3894 2398
f 2573 3831 3927
f 4186 3716 2420
f 4338 2808 2966
f 2734 2629 3511
f 3063 3959 3866
f 4227 3850 3025
f 4088 3733 4097
f 4204 3620 4004
f 2323 2718 3880
f 3242 3546 3913
f 2647 3775 3038
f 2568 2625 3419
f 3839 3561 3442
f 2614 4187 3227
f 3474 4364 3382
f 2336 3845 2335
f 2329 4289 2328
f 3841 3759 4351
f 3149 3318 3519
f 3132 3605 4224
f 4028 4226 3128
f 3617 3976 3328
f 4206 3703 3796
f 3398 2554 3110
f 4347 3102 3756
f 2421 3001 3730
f 3072 2826 3955
f 2820 2970 2988
f 2301 3575 2710
f 2259 2260 3529
f 2925 4106 4058
f 3606 2692 3535
f 3799 3260 2500
f 3374 3571 3958
f 2266 2267 3571
f 3847 3767 3322
f 3795 2819 2736
f 3198 3982 3509
f 3509 3462 3903
f 3822 3159 3170
f 4026 2452 2561
f 2341 3879 2752
f 2470 4224 3739
f 2577 2545 4297
f 3573 3248 2436
f 4166 2557 2424
f 3463 3421 4219
f 3897 3904 3924
f 3757 2448 2806
f 3055 3002 3036
f 4346 4094 4151
f 3445 2794 2893
f 3169 4031 4386
f 3600 2898 2842
f 4251 3073 3263
f 3432 3339 2497
f 3096 2473 4095
f 4352 3298 3829
f 4270 3239 2989
f 3789 4040 3135
f 3831 2940 3990
f 3037 3966 4275
f 2932 4212 2916
f 3961 2502 2466
f 3331 3347 3366
f 3308 2745 3231
f 2638 4241 2457
f 3020 2606 3376
f 3587 3853 3836
f 2809 4332 3131
f 3075 2887 2860
f 2567 3258 3515
f 2923 4063 3182
f 3691 2283 3154
f 3676 3575 3438
f 3977 3219 2458
f 3553 3524 4110
f 3821 4249 3732
f 4146 4249 2396
f 3249 2640 4208
f 2710 2300 2301
f 3088 2854 4015
f 3950 3488 3843
f 3404 3504 3078
f 2776 3125 3446
f 4259 4268 3478
f 3327 3205 2508
f 2713 2698 4011
f 4373 2765 3770
f 2527 4064 3618
f 4045 4307 3953
f 3076 2583 2290
f 3354 2733 4157
f 3344 4234 2734
f 3075 2705 3818
f 3885 3271 4338
f 2719 4053 4046
f 4375 4359 4122
f 3102 2987 3756
f 2222 2223 3281
f 2760 4032 4005
f 3939 3704 3896
f 3372 2674 4152
f 2643 3120 2668
f 2563 2756 3101
f 4015 3361 3769
f 2529 4179 2515
f 4246 4210 4132
f 2985 3545 3897
f 3474 2724 3034
f 3560 2659 4253
f 2351 2352 2590
f 2562 4312 3273
f 4207 3533 2533
f 3276 2472 3119
f 3599 4362 3107
f 3744 3463 4219
f 3259 4069 2969
f 2588 4156 2872
f 2931 3187 3954
f 4304 4155 4022
f 2908 2381 2382
f 2483 3365 3434
f 2789 4186 2701
f 2612 4060 3728
f 3199 3855 4084
f 2998 3972 4283
f 2881 2796 2660
f 2685 2673 4294
f 3929 2645 2783
f 3847 2402 3767
f 2731 3695 3678
f 4300 3598 3674
f 4341 3243 3786
f 3670 2903 4079
f 3260 2539 2503
f 3548 3582 3799
f 4105 4134 4277
f 4119 3349 3522
f 4320 4260 3968
f 2782 4370 3409
f 3361 4015 2854
f 3722 3985 4091
f 3506 2765 2857
f 3269 3160 4342
f 3698 4346 3597
f 2734 4234 2487
f 3520 2838 3003
f 2248 2249 3058
f 2481 3180 4066
f 3131 4332 2425
f 3861 3403 3285
f 4142 3512 2554
f 2527 3882 3220
f 2890 3581 3487
f 2936 3011 2958
f 2967 2921 3603
f 3088 4233 2854
f 2622 3753 2599
f 3096 4219 4225
f 3165 4040 4326
f 2935 4163 3903
f 3827 4116 3923
f 3650 4046 4307
f 3559 4159 3466
f 3276 4327 2472
f 4333 3276 3119
f 2595 3585 2525
f 3814 3489 2771
f 2326 2477 3697
f 3708 3596 2930
f 3369 2586 3362
f 2586 3465 2974
f 2872 4156 3721
f 2704 3425 3534
f 3154 2284 2850
f 3798 3110 3118
f 2443 3601 2512
f 3254 4057 3051
f 4245 2687 3752
f 3435 3984 2993
f 4086 4365 4074
f 3771 2937 2721
f 3832 3547 2406
f 2879 4212 2498
f 3091 4250 3574
f 3339 2895 3137
f 4312 2562 2464
f 2665 3259 2969
f 2819 4242 3346
f 2567 2552 2819
f 4220 2331 3410
f 2909 2834 2954
f 4306 4228 3015
f 3988 2910 3146
f 3784 4304 4000
f 3840 3694 3481
f 2658 4285 4087
f 3244 3107 3909
f 3506 2452 4026
f 3790 3522 2690
f 2671 4283 4348
f 4112 3144 3168
f 3664 3508 3567
f 2442 3995 2640
f 2753 4340 3458
f 2701 2668 3669
f 3661 3191 3090
f 4019 3938 2565
f 2279 2918 2278
f 2604 3125 4145
f 2303 3295 2302
f 3431 2919 3295
f 3540 2797 3429
f 4237 2830 3282
f 3987 2549 2225
f 3646 3170 2637
f 3012 3197 3461
f 3555 3871 2510
f 2414 3780 3228
f 3701 2714 3553
f 3141 2936 2958
f 3746 3821 3858
f 2925 3666 4106
f 3015 2663 4171
f 3170 3818 3009
f 4206 2805 3703
f 2977 3477 3041
f 3328 2553 2579
f 2395 3110 3798
f 3422 4142 3742
f 2979 2938 3892
f 3279 2774 2657
f 2960 2531 3968
f 3043 4202 4131
f 3373 2994 4177
f 3390 2514 3627
f 2753 2910 2937
f 3695 2731 4079
f 3372 4152 3042
f 3845 3908 3050
f 4115 2422 3300
f 3054 3254 3945
f 2785 3926 2255
f 3634 3511 2785
f 2963 3420 2780
f 3428 2703 2540
f 3598 3142 2667
f 2882 3917 3373
f 3603 3568 3459
f 4365 4086 4236
f 3806 2619 3287
f 3985 3722 2465
f 4265 3801 2415
f 3245 3641 2817
f 3415 2581 3186
f 2579 2944 3328
f 2686 3465 2586
f 2722 3868 3658
f 3611 3396 4013
f 3473 3856 4328
f 3887 3332 3976
f 3434 2403 2483
f 2835 4377 3558
f 4343 3916 4024
f 2545 4272 4297
f 3215 3197 3195
f 4100 3329 2627
f 3048 4062 2406
f 4001 3924 3886
f 3139 4113 4213
f 3749 2870 3741
f 3744 2658 4087
f 3857 3350 3000
f 4379 2857 4296
f 2499 2739 3172
f 2992 2764 2387
f 2253 2254 4267
f 3292 4321 3280
f 3416 2874 2198
f 3426 3893 4137
f 2907 3177 2476
f 3629 3855 3638
f 3182 3454 2923
f 4318 3346 3087
f 3150 3516 2847
f 2412 3452 2767
f 3475 4336 2959
f 4158 4017 3932
f 3901 4032 4231
f 3389 2719 2837
f 2535 2518 3184
f 4357 2722 3227
f 3890 2531 3719
f 3132 2998 2564
f 2630 4179 2529
f 4281 3122 3898
f 2701 3669 2789
f 3408 3411 2417
f 4372 3251 2780
f 3481 4021 3420
f 4162 3101 4299
f 4386 3451 2961
f 3034 2868 4347
f 4164 3249 4208
f 2408 2816 3715
f 2390 3523 3975
f 3506 2833 2765
f 2929 2241 2799
f 2935 4012 3706
f 4058 3036 2450
f 3024 2476 3177
f 3239 4270 2969
f 3572 3125 2776
f 3651 2772 3301
f 4301 4044 2445
f 3767 3616 2878
f 3029 3525 2621
f 4211 2433 3199
f 2949 2642 3453
f 3834 3673 2973
f 3162 4223 4305
f 3018 2974 2802
f 4199 3538 2519
f 2591 4310 2892
f 2593 3607 2709
f 4003 4007 3415
f 3328 3377 2532
f 2219 3628 2218
f 2758 2978 3318
f 3041 4135 2977
f 2233 4029 2232
f 2245 3999 3218
f 2799 2241 2242
f 4379 3965 3505
f 3306 2460 3071
f 3664 4030 3099
f 4191 2755 3672
f 2826 3311 2397
f 4024 3082 4343
f 2587 2877 2796
f 3773 3930 4353
f 3033 2865 3284
f 3833 3902 3483
f 2605 3119 2472
f 3649 3873 2430
f 2461 3325 3990
f 3437 4128 2825
f 2299 4375 4122
f 3565 2868 3034
f 2844 2732 4114
f 3062 4344 3683
f 3586 3057 3221
f 3729 3159 4018
f 3280 3117 3825
f 2611 2665 4363
f 3721 3062 3032
f 4361 3806 3112
f 3704 3570 3896
f 2720 4082 3573
f 3861 4337 3482
f 3917 2994 3373
f 4323 3228 3906
f 2789 2571 4186
f 3591 3052 3464
f 2769 2885 2888
f 3737 2892 3597
f 3551 4181 3093
f 4075 2643 2668
f 2444 3584 2740
f 3584 3739 3605
f 2502 3010 3687
f 3559 3315 3419
f 3188 3946 4033
f 3705 3065 3387
f 3570 3644 2539
f 3302 3253 3001
f 3180 2904 4066
f 3269 2904 3055
f 3146 2910 2753
f 3255 2648 2504
f 4256 3176 2447
f 3191 3637 4169
f 4314 4148 3204
f 3906 3331 4323
f 4062 3947 2947
f 3655 2702 2448
f 2827 4130 2772
f 4109 2307 2308
f 3904 3897 3882
f 2530 4213 4197
f 4280 2248 3058
f 4018 2597 3729
f 2874 2386 2197
f 3622 2976 4052
f 3108 3371 3977
f 4038 2639 3174
f 3718 3288 3665
f 2693 3214 2823
f 3381 3250 2510
f 3253 3393 3994
f 3840 3323 3048
f 3396 3498 4013
f 3436 4070 2766
f 2904 3269 3452
f 2353 3032 2352
f 3624 3702 2600
f 3049 4198 3427
f 2215 2216 2944
f 3094 4175 2310
f 2724 3651 3301
f 3323 3251 2723
f 2947 4205 2406
f 3802 3657 4308
f 3690 3931 3400
f 4084 3855 3864
f 3998 3586 2564
f 4291 3057 3586
f 2394 3869 4261
f 3404 2791 3504
f 3086 2854 4237
f 2969 4069 3239
f 3335 2998 4161
f 2441 4040 3789
f 2363 4284 2362
f 2998 4283 4161
f 3241 2444 3127
f 3319 2435 3568
f 3703 3233 3663
f 3835 2500 4200
f 4262 3869 2394
f 4093 4329 3136
f 2728 2624 3649
f 2632 3984 2844
f 2763 2268 2269
f 4143 4115 3300
f 2369 3031 2368
f 3875 3164 2513
f 3875 4009 3164
f 2626 2543 3633
f 4269 4070 3436
f 3046 3491 3804
f 4322 2915 3158
f 3852 4188 4383
f 2939 4185 4118
f 2550 4106 3003
f 3264 2848 3355
f 3037 2889 3307
f 3731 3870 3677
f 3146 2753 2453
f 3146 2546 3988
f 3220 4215 3085
f 4215 2494 3085
f 3006 2414 4323
f 3602 2950 2737
f 2216 3617 2944
f 2760 4231 4032
f 2840 4065 2468
f 3372 2864 2449
f 3245 3224 4354
f 3641 3245 4354
f 4151 4094 3949
f 2574 3698 2892
f 3690 3400 2560
f 3689 3160 3055
f 4357 3098 3808
f 3950 3189 3013
f 2946 3155 3653
f 3835 2986 3100
f 3587 2488 2644
f 2697 2723 3251
f 2607 4007 3723
f 2483 3291 3365
f 2834 3626 4161
f 4248 2338 2339
f 3712 2858 3682
f 2566 2645 4121
f 3738 4179 2630
f 3238 3599 2861
f 3607 3371 2709
f 3996 2420 2814
f 3187 3919 3954
f 2443 3971 3601
f 2485 3048 3323
f 3793 3657 3863
f 2782 4317 2781
f 2864 4381 2449
f 4006 3934 3514
f 4320 3968 2531
f 2560 2925 2450
f 3931 3646 2637
f 2206 3961 2466
f 2552 4242 2819
f 3565 4133 2397
f 4030 3664 3327
f 4006 2716 3648
f 3862 3070 3576
f 2346 3314 2900
f 3062 3683 2590
f 4311 3163 3213
f 3951 3089 2235
f 2585 3169 2984
f 2756 4081 4299
f 2950 3602 3824
f 3320 3705 3387
f 3999 3280 2437
f 2233 4020 4029
f 3831 3718 3927
f 3545 2985 3206
f 4124 3696 2787
f 2518 3133 3184
f 2599 3753 3640
f 2437 3825 4325
f 3596 4329 4093
f 2842 4378 4260
f 2862 2853 4359
f 3535 4109 2681
f 2922 3114 3642
f 3060 2820 3997
f 4161 4283 3360
f 3410 2331 2332
f 3587 2598 3053
f 2760 3318 3149
f 3266 2967 4365
f 3292 3280 3999
f 2859 2684 3510
f 2583 2733 3354
f 4184 3789 2747
f 2536 2673 3388
f 4237 4233 3518
f 2707 2656 3753
f 3245 2781 3224
f 3582 3548 2660
f 4315 2234 2235
f 2979 2541 3921
f 3352 3884 2639
f 2745 2507 4071
f 3667 4201 4096
f 3112 3895 4201
f 2625 2568 2902
f 3763 3472 4217
f 3827 3706 4012
f 2247 4321 3292
f 3091 3656 4250
f 2521 2365 4250
f 2270 3747 2269
f 2678 4383 3670
f 3725 2807 2646
f 2874 4217 4089
f 3786 3403 4050
f 2554 2791 4142
f 3159 3822 4194
f 2232 4029 3203
f 2666 2716 3514
f 2742 2739 4039
f 2985 3924 4022
f 3300 2422 4284
f 4130 2827 2862
f 2537 2291 2293
f 4309 4207 2570
f 3612 4269 3267
f 4343 2922 3642
f 2992 2387 3578
f 4376 4273 2495
f 3415 2662 4003
f 2571 3848 3716
f 3004 4181 2836
f 3626 3335 4161
f 3263 3073 4138
f 3804 3491 4238
f 2829 3480 3629
f 4337 3307 3482
f 3192 3508 3664
f 2682 3501 2399
f 3461 2499 3012
f 3101 3384 2563
f 2957 3242 2395
f 3871 2992 4195
f 3474 3382 2418
f 2851 2699 3961
f 2463 4135 3041
f 4174 2491 2748
f 2675 4220 3410
f 3280 4321 3928
f 3441 2256 2257
f 3443 4371 4008
f 3307 2889 3482
f 2420 3938 2814
f 4189 3978 3836
f 3954 2958 3828
f 2524 3456 3777
f 2495 3975 3254
f 2711 2971 3823
f 3384 3488 2518
f 3861 3482 3403
f 3195 2430 3190
f 2823 3214 3816
f 3253 3302 3393
f 3895 3287 4165
f 2670 4133 3565
f 3114 3955 2439
f 2764 2992 3555
f 3302 2759 4191
f 2276 3966 2275
f 3115 3677 3324
f 2561 3793 3863
f 4018 3877 2980
f 2921 4331 3568
f 3877 2921 2980
f 3583 4016 3310
f 4050 3403 3450
f 3225 3212 2447
f 2580 4095 2473
f 2751 2650 4136
f 2453 2753 3458
f 4166 4218 2839
f 2794 2744 3673
f 2643 4075 2790
f 3484 2682 3439
f 3147 2927 3204
f 2553 2532 4076
f 3881 3007 3734
f 3565 2397 2868
f 2901 2706 2825
f 2416 2855 3486
f 3126 3737 4102
f 4158 3265 3275
f 3517 4040 2441
f 3922 3620 2876
f 3212 3090 4255
f 3471 3453 3064
f 3946 3554 4033
f 3334 4368 3891
f 3893 3774 2999
f 2778 3017 3803
f 2628 3684 4021
f 3610 2708 2818
f 3620 3470 4004
f 4363 2348 2611
f 2522 2515 3696
f 2903 4188 2596
f 3837 2728 3195
f 4153 2942 3570
f 2804 3128 4326
f 2693 2496 3202
f 3816 3079 3289
f 3625 4378 2842
f 3766 4044 2391
f 4170 3375 2726
f 3550 3565 3034
f 4196 3507 4276
f 3390 2497 3109
f 3487 4316 4143
f 4082 3572 4259
f 3140 3512 2928
f 3336 2370 3776
f 2483 2403 2699
f 2875 3151 3305
f 2643 4324 2501
f 2638 3308 3502
f 2598 2507 3053
f 2341 2342 3778
f 2575 4004 3708
f 3453 4169 2949
f 3471 3064 4051
f 3684 4300 2962
f 2780 3151 4324
f 3820 3065 3705
f 3399 3204 3157
f 2581 2661 3427
f 3347 4125 3371
f 2927 2478 3387
f 3123 2220 2977
f 3942 2582 3006
f 4177 3611 3373
f 2455 2509 3528
f 3421 3392 4225
f 2869 3707 3699
f 3221 2467 3497
f 2367 2368 3905
f 2757 4160 4192
f 3742 2889 3037
f 4253 3731 2389
f 4350 4329 3862
f 2811 2523 3479
f 4051 3064 4014
f 3202 3067 3925
f 2219 3123 3628
f 3320 2478 3865
f 3208 2733 4208
f 3748 3071 2460
f 2848 4342 3355
f 3914 3690 2413
f 2616 3048 3547
f 4290 2413 3363
f 3250 3381 2812
f 2586 4230 2686
f 3896 2983 3457
f 2456 3800 3431
f 4379 4296 3357
f 4074 3603 3459
f 3778 3144 3879
f 2991 3062 3721
f 3236 3345 3391
f 2398 3894 4184
f 4378 3625 2933
f 2526 2340 2752
f 4041 4053 3523
f 2852 4266 4137
f 3073 4251 4203
f 2526 4248 2339
f 2603 3501 2542
f 3549 2559 3830
f 3790 2690 4047
f 2828 3940 2637
f 3128 4014 4028
f 3391 3345 3156
f 2877 4153 3582
f 4380 2596 3294
f 3385 3222 4010
f 3638 3199 2433
f 3859 2767 3907
f 3568 2435 3459
f 3596 3470 4329
f 2989 4291 3709
f 2535 3384 2518
f 2666 3514 4333
f 3410 3050 3908
f 2594 2344 2451
f 2281 2282 2389
f 2280 2281 3115
f 3089 4315 2235
f 2926 3066 2435
f 3917 3367 2994
f 2962 3810 3684
f 3446 3997 2988
f 3651 2827 2772
f 3809 4366 2749
f 2955 2410 3762
f 2972 3021 4360
f 3739 3584 2444
f 3013 2400 3950
f 3284 2535 3184
f 3378 3711 3870
f 3642 2439 3200
f 4137 3059 3426
f 3964 3108 3977
f 3856 2717 4189
f 3975 2495 2390
f 2703 2538 2936
f 3554 3946 4047
f 3989 3783 2614
f 3488 3439 2518
f 3345 2509 2455
f 3195 3649 2430
f 3988 2407 2910
f 2557 2839 2642
f 3181 4364 2508
f 3382 4364 3181
f 3671 4058 4106
f 2452 3506 2857
f 3406 3551 3485
f 3235 2906 3792
f 2621 2433 4211
f 3974 4327 3225
f 3539 4085 3103
f 3887 2217 2218
f 3480 4352 4370
f 2547 3837 3100
f 2260 2261 2832
f 3343 4216 2770
f 3604 4211 2426
f 2946 2411 4092
f 3606 3535 2681
f 2681 2308 2309
f 2633 2660 3548
f 3247 3989 3639
f 3566 3412 3925
f 3595 3165 4326
f 2597 3615 3825
f 3787 4141 3433
f 3745 3710 3519
f 3318 2760 4005
f 3563 2850 2285
f 4364 3312 2508
f 3220 3085 4064
f 4215 3220 3545
f 2618 3176 2653
f 3552 3530 3754
f 3590 3261 3249
f 3211 2460 4056
f 2892 4310 2574
f 2865 3033 3234
f 2310 2311 3094
f 3734 3535 3200
f 3138 3748 2405
f 2730 3560 3760
f 2559 4240 3830
f 2516 3212 3225
f 3313 3705 3787
f 4325 3116 3579
f 4131 2840 2468
f 3604 3289 3079
f 3165 3135 4040
f 3632 3135 3873
f 3602 2737 3286
f 4076 2532 3915
f 4223 2428 3018
f 3448 3409 3161
f 4315 3089 2541
f 2244 3218 2243
f 4107 3841 2548
f 3780 2639 4038
f 3514 3406 3485
f 3206 2985 3556
f 3397 2954 3360
f 3024 3177 2594
f 2313 3217 2312
f 3161 3867 3991
f 3056 4381 4099
f 3224 2951 3385
f 2319 2674 2449
f 3937 3862 3576
f 2751 4136 2911
f 2890 2364 2521
f 4356 4278 3162
f 2802 3991 3867
f 3098 4357 4187
f 2826 2397 4133
f 3977 3371 2538
f 3780 4038 3228
f 2450 2925 4058
f 3516 2392 4038
f 3528 2839 4218
f 2814 3938 4100
f 3321 3193 2847
f 4372 2697 3251
f 3047 2499 3797
f 3237 4024 4356
f 3065 4314 3387
f 4148 4314 4330
f 4144 3773 4353
f 2866 4079 2731
f 2364 2365 2521
f 3776 2878 2474
f 2877 4067 4153
f 3552 3257 3530
f 3829 4167 3409
f 2796 4272 2689
f 3455 4155 4285
f 3095 3054 3945
f 3981 3750 4262
f 3293 3057 3239
f 3726 3722 4091
f 3868 3046 3658
f 3779 3175 3397
f 2613 3922 2876
f 3435 3952 3984
f 3285 3030 2271
f 3531 2517 4008
f 3310 3035 2957
f 3383 4041 4273
f 2958 3954 2873
f 2883 4370 2782
f 3542 4152 3630
f 3113 3730 4035
f 3162 3246 4223
f 2959 2722 4357
f 3569 3490 3248
f 4259 3478 3569
f 4082 4259 3248
f 3405 2859 4056
f 3071 3185 3306
f 3418 3241 2823
f 2614 3227 3240
f 2697 4372 2627
f 4077 4232 3671
f 2447 3212 4256
f 2571 3272 3392
f 2992 3871 3555
f 2868 2397 2388
f 3383 3356 2578
f 3885 4046 4053
f 3522 2698 4119
f 3170 3159 3075
f 2570 4207 2816
f 3470 3862 4329
f 3128 3595 4326
f 3197 3837 3195
f 2567 2379 2552
f 4367 4159 3419
f 3875 2513 3259
f 2562 4235 2464
f 4167 3298 3704
f 2465 3299 3783
f 4030 4103 2970
f 4196 3158 2853
f 3447 4180 3361
f 2957 2884 3546
f 3619 3979 2337
f 4289 4138 2328
f 3541 4221 2734
f 2904 3002 3055
f 3234 2964 2865
f 3429 2797 3408
f 3951 2236 3279
f 3063 3866 3469
f 3145 2653 3758
f 2563 2865 4036
f 3021 2972 4084
f 4329 4350 3136
f 3621 2705 3105
f 2550 4313 4077
f 2704 2715 3263
f 3425 3270 2821
f 3053 2956 3856
f 3735 2808 2871
f 3252 2635 3532
f 3930 2893 3673
f 4009 2350 2351
f 2491 4112 2909
f 2607 3167 2661
f 3074 2475 2822
f 2544 3819 3023
f 4114 4050 3450
f 4285 4155 4087
f 3121 2949 4169
f 4349 3960 3027
f 4302 3000 3770
f 4067 2877 2587
f 2557 3121 2424
f 3080 2799 2242
f 2244 2245 3218
f 3080 2242 2243
f 4290 3002 3180
f 3663 3987 4048
f 2977 4135 3123
f 3374 2265 2266
f 3060 4090 2820
f 3784 3953 2966
f 3502 3909 2638
f 3345 3236 4049
f 2766 3675 3436
f 3679 2632 3504
f 3353 2395 3242
f 3770 2833 3468
f 2419 3846 3017
f 3302 4096 2759
f 4067 3358 2942
f 4092 3566 2624
f 4088 3537 3733
f 4200 2500 2503
f 2470 3973 4224
f 2731 3678 2754
f 3099 2820 4090
f 3395 3631 2209
f 3365 3291 4198
f 3818 3621 3009
f 3959 2799 3866
f 3168 2342 2343
f 2611 3817 3875
f 3769 4180 2687
f 3838 3184 2399
f 2456 3734 3200
f 3211 2859 3510
f 2881 4272 2796
f 3140 2928 2604
f 2901 2825 4128
f 3748 3507 2965
f 3232 3113 4035
f 2315 4358 3369
f 2539 2829 2503
f 3804 4238 2720
f 4115 4143 4227
f 4225 2473 3096
f 2405 2827 2418
f 2670 2456 2439
f 3488 3384 3843
f 2670 3301 3800
f 2948 4143 4316
f 3025 4288 2422
f 4276 3995 2442
f 2602 3478 4268
f 3810 4021 3684
f 3151 2875 2501
f 3550 2724 3301
f 4150 2684 3654
f 2732 4050 4114
f 3531 2427 3933
f 3143 2871 2861
f 3356 3983 2578
f 3639 3986 3494
f 3044 2880 3992
f 3447 3913 3546
f 4123 4118 2489
f 3200 3535 2692
f 4061 2720 3573
f 3124 3382 3181
f 3431 3295 3881
f 3147 2478 2927
f 3123 3040 3628
f 3998 3335 3709
f 3239 3057 4291
f 2762 3732 4249
f 2902 2568 3847
f 3362 2974 2428
f 4320 3557 2761
f 4231 2551 3377
f 3081 3456 2524
f 3796 4295 3386
f 3628 3040 3332
f 2608 3277 3203
f 4296 2765 3313
f 3522 3174 2690
f 4029 4020 2608
f 2639 3884 3174
f 2606 2462 3376
f 4042 3561 3083
f 3336 3303 3031
f 2947 2406 4062
f 4173 2522 3068
f 3854 2389 2282
f 3731 4072 3870
f 3890 3708 3557
f 2440 2746 2940
f 3293 3273 3057
f 3333 2476 3024
f 3798 3118 3262
f 4196 4276 2442
f 4107 2548 2454
f 3901 4231 3377
f 2995 3735 2725
f 2920 3791 3728
f 4063 2540 3655
f 2205 2206 2466
f 3853 4189 3836
f 2392 3150 2683
f 3196 4298 2214
f 4382 4110 3524
f 2451 3024 2594
f 2349 3817 2348
f 3892 2541 2979
f 3066 3334 3891
f 3470 3070 3862
f 2748 2954 2676
f 2474 3235 2688
f 2906 2895 3339
f 2603 4117 3898
f 3451 2630 2961
f 2605 2896 3145
f 4000 4001 4045
f 3766 3929 2445
f 2422 2361 2362
f 2646 3130 3725
f 2762 4318 3087
f 3386 3948 3874
f 2551 3149 3915
f 2669 3435 3447
f 2959 4357 3808
f 2636 2417 2920
f 2252 2253 3815
f 3444 4116 3827
f 3592 4313 2838
f 4279 3758 2653
f 3012 3100 3837
f 2479 2908 2382
f 3823 2971 2680
f 2598 4043 3589
f 4168 2845 2458
f 3527 3544 2975
f 4332 4012 3348
f 2848 3019 2589
f 3020 2471 4055
f 2885 3229 3743
f 2941 4382 2696
f 3903 3462 2935
f 3621 3105 4369
f 2392 3417 4038
f 3229 2885 2769
f 3546 4180 3447
f 2632 3450 3504
f 2583 2289 2290
f 3748 2965 2405
f 2471 2913 2412
f 4055 3396 3611
f 3833 3483 2858
f 2943 3832 4205
f 3386 4295 2228
f 2657 3959 3063
f 3722 3580 3299
f 3704 3298 3644
f 2410 2404 3762
f 4168 4147 3330
f 3586 4271 2564
f 3879 3144 2491
f 3398 3110 3353
f 3670 4079 2866
f 2864 4099 4381
f 4023 4360 3043
f 3802 3914 2888
f 2648 3255 3793
f 4343 3642 2692
f 2669 3447 3361
f 2845 2729 2458
f 2403 2502 2699
f 2457 3413 4328
f 3915 3149 3710
f 2606 3020 4119
f 3014 2617 2712
f 2775 4071 2507
f 3081 2414 3006
f 3465 2686 3226
f 3226 3878 4317
f 3453 2642 3064
f 3981 3022 3325
f 3150 3193 3700
f 3286 4264 2524
f 3056 2318 4381
f 4356 2469 2764
f 2913 4066 3452
f 3174 3349 3516
f 2517 3889 4008
f 4008 2763 3531
f 3559 3466 2404
f 3849 4129 3811
f 3740 3505 3319
f 3163 3948 2803
f 3863 4127 3743
f 3377 3976 3901
f 3966 3037 2275
f 3677 3115 2281
f 3084 3069 4277
f 3469 3579 2798
f 2431 3751 3380
f 2912 2858 3712
f 4278 4286 3246
f 3217 4252 2312
f 3490 2792 3364
f 3438 2919 2772
f 2627 3996 2814
f 2703 3428 2538
f 3265 4101 4037
f 3384 3101 3843
f 2817 4084 3864
f 3542 3042 4152
f 3204 4148 3157
f 2800 3147 3204
f 4314 2927 3387
f 3216 2758 4005
f 3613 2771 3489
f 3837 3197 3012
f 3836 3978 2709
f 3929 4247 2645
f 3359 3849 2443
f 4250 2365 2366
f 4281 3898 2984
f 3873 3165 3801
f 3773 2893 3930
f 3886 2858 2912
f 4356 4024 3916
f 3304 3756 2987
f 4284 2422 2362
f 2530 3656 4213
f 3893 2777 3774
f 2699 2502 3961
f 2770 4216 2612
f 3343 3592 4139
f 3973 2470 3620
f 2748 2491 2909
f 3361 2854 3086
f 3994 3393 3672
f 2541 3089 3921
f 3174 3516 4038
f 4369 3379 3344
f 3002 3363 3036
f 3872 3741 3401
f 2511 3460 4160
f 4165 3936 3449
f 2304 2305 3881
f 2273 4337 2272
f 2795 3753 2656
f 3643 3826 3992
f 4275 3486 3437
f 3807 3310 2395
f 2284 2285 2850
f 3460 3407 4192
f 3039 4227 2948
f 3686 4344 3736
f 2494 3338 2841
f 3633 2905 2797
f 3044 4158 3932
f 3246 3094 4252
f 2575 3708 3890
f 3845 3050 2335
f 2821 2329 2330
f 3284 3838 3033
f 3282 3952 2669
f 2654 4348 2575
f 2613 4257 3070
f 3700 4177 2994
f 2520 3594 2751
f 2584 4327 3093
f 4192 3715 3727
f 2466 3687 2204
f 2548 3841 4351
f 3839 3472 3812
f 2623 3839 3442
f 2845 2694 2729
f 3228 4323 2414
f 4084 2817 3021
f 2564 4271 3132
f 2735 3762 2736
f 3714 2783 3782
f 3520 3003 2576
f 2818 2678 3633
f 2501 2875 2520
f 3549 3830 4059
f 4016 3035 3310
f 3731 3677 2389
f 3441 2785 2256
f 2905 2407 3988
f 2592 4183 3015
f 3142 3598 4385
f 2526 2339 2340
f 4138 2327 2328
f 4137 4266 3130
f 3340 2852 3083
f 3427 3148 3049
f 2540 2703 3141
f 4239 3685 3187
f 3608 3103 2941
f 3015 4171 2592
f 2818 2797 3540
f 2356 2357 4111
f 2570 3430 3256
f 3491 3583 3807
f 2670 2439 4133
f 4000 4304 3924
f 3792 3969 3303
f 3334 3066 4349
f 4141 3865 3703
f 2502 2403 3010
f 2807 2201 2202
f 4254 2416 3486
f 3500 3639 4201
f 3675 4059 3436
f 2984 3898 4117
f 4259 3569 3248
f 2928 2825 2706
f 3402 4361 2434
f 3261 2442 2640
f 3358 4067 2587
f 4031 3528 4218
f 3376 2462 2481
f 2231 3851 2803
f 2785 2255 2256
f 2996 2968 3923
f 4242 2380 2381
f 3943 3812 3763
f 2622 2707 3753
f 4243 3889 2517
f 4094 4346 3698
f 3355 4342 3160
f 3389 2837 4301
f 3256 3430 2528
f 2959 3868 2722
f 2901 2856 3997
f 3106 4341 2732
f 3798 3807 2395
f 2324 3493 2323
f 3562 4230 4358
f 4091 3499 3585
f 3570 2942 2983
f 2274 3307 4337
f 2720 4238 3262
f 2949 3121 2557
f 3171 3236 3391
f 3015 4183 4306
f 2636 2519 3883
f 2555 3552 2441
f 4263 3526 3145
f 3330 3723 4168
f 4345 2200 2201
f 2810 4374 2558
f 2528 3934 3256
f 3291 3186 4198
f 3157 3281 3399
f 2685 4091 3585
f 3499 4091 3985
f 3840 3481 2963
f 3830 3773 4059
f 2237 2774 3279
f 3009 2828 2637
f 2870 3414 2528
f 3715 3039 3401
f 3864 3480 4370
f 3585 4258 2685
f 3634 4163 3541
f 3541 4282 4221
f 2431 2744 2794
f 2558 3206 4210
f 3661 2917 3635
f 4324 3151 2501
f 3878 3226 2686
f 3794 3542 2840
f 3847 4121 2402
f 2479 3442 3346
f 3452 2412 2913
f 3467 4228 4306
f 3942 3274 2729
f 2606 2713 2462
f 4365 3116 3266
f 2657 3063 3179
f 2547 3100 2986
f 3241 3127 3028
f 2896 2605 2472
f 3445 3370 2794
f 3130 2646 4104
f 3087 3442 3561
f 2709 3978 2593
f 2846 3413 3761
f 3178 2730 3760
f 4347 2868 2388
f 4380 4081 3695
f 4380 4079 2903
f 3717 3476 3026
f 2426 3199 2972
f 4330 3755 3962
f 2950 2824 2737
f 2659 3900 3192
f 3756 3304 3312
f 2811 3912 4002
f 4291 3998 3709
f 4202 3043 4354
f 2428 2974 3018
f 3458 3920 2962
f 3805 3907 2767
f 4254 3966 2277
f 4212 2879 2916
f 2527 3902 3833
f 3523 3389 3975
f 3783 3299 3337
f 3704 3939 4167
f 3093 3276 3485
f 3693 2398 2747
f 2278 4254 2277
f 3747 3531 2763
f 3905 4287 2367
f 2359 2511 4160
f 3688 2932 2651
f 2614 3240 3986
f 3801 3595 2415
f 3214 2693 2411
f 2987 3102 3569
f 3494 4078 2759
f 4357 3227 4187
f 3843 4162 2835
f 2843 2804 2677
f 3556 3455 4210
f 2840 2492 4065
f 3270 4289 2821
f 2619 3250 2812
f 4145 4082 2720
f 3765 3405 3567
f 3243 3531 3747
f 3636 4276 3507
f 2915 2298 4122
f 3993 4174 3104
f 3972 3132 4224
f 2507 3589 2775
f 3791 3785 2667
f 3722 3299 2465
f 3342 3035 4016
f 2877 3582 2660
f 3570 2983 3896
f 4386 4031 4218
f 3814 4039 3489
f 3323 3840 2963
f 4047 2891 3790
f 3503 3905 3303
f 3767 2878 3577
f 3819 2880 3044
f 3353 3913 2993
f 4020 3892 2608
f 3660 3080 3218
f 3822 3646 4355
f 3554 2824 3857
f 2583 3354 2289
f 3590 3944 4322
f 3508 3900 2730
f 3654 2981 4150
f 3467 4385 2628
f 3198 3509 3903
f 3185 3496 3306
f 4347 3756 4073
f 2705 2860 3105
f 3351 3379 2569
f 2275 3037 3307
f 3422 3437 2825
f 2547 3029 2946
f 3077 3171 2771
f 3471 4279 4256
f 2580 3842 2917
f 4339 3416 2199
f 2497 3963 3681
f 3376 2913 2471
f 2482 2863 2941
f 3288 3702 3061
f 3974 3225 2447
f 4340 2753 3771
f 3645 3958 2423
f 3329 3502 2617
f 3005 3352 2737
f 3690 3914 4308
f 4282 3923 4134
f 3963 2497 3627
f 2568 4319 3847
f 4355 4308 3255
f 4232 3689 3036
f 3109 3339 3137
f 3885 4053 3271
f 3434 2777 3010
f 2540 4063 4147
f 2631 2469 4305
f 3860 2440 4140
f 3751 3635 3380
f 3513 2746 3860
f 2818 3633 2797
f 3949 3348 3462
f 4049 3236 3613
f 2790 4324 2643
f 2574 3645 2784
f 3198 2886 3982
f 2741 4006 3648
f 2679 4326 4040
f 2610 4098 2264
f 3088 3852 3992
f 3276 4333 3485
f 3848 2725 3593
f 3715 3401 3741
f 3750 3981 2813
f 3697 3625 3493
f 2341 3778 3879
f 2982 2792 2388
f 3474 4073 4364
f 4028 4014 3207
f 2700 4016 3583
f 3699 4261 2869
f 4265 2430 3801
f 3131 2975 4199
f 2968 4277 4134
f 2488 3836 2709
f 3745 3074 3710
f 2784 3275 2795
f 3598 2667 3674
f 3614 3424 4313
f 3351 2990 2750
f 3629 3480 3855
f 2761 4093 2468
f 3138 3124 3543
f 2862 4359 3676
f 3933 3106 2544
f 3775 2647 4037
f 3618 3902 2527
f 2985 4022 3556
f 3342 2939 4118
f 4380 3294 4081
f 4273 4376 3356
f 4178 2628 3481
f 2771 3613 3077
f 3201 3985 2465
f 2790 3996 4372
f 3267 3920 4340
f 2303 2304 3295
f 4078 4191 2759
f 3514 3485 4333
f 3741 2408 3715
f 3831 2486 3718
f 3927 3665 3733
f 3330 3167 3723
f 3700 4043 2683
f 3350 2950 3824
f 3123 4135 3040
f 3474 2418 3651
f 2609 2652 2387
f 3455 4132 4210
f 2966 2620 3784
f 3042 3542 3794
f 3813 2933 4203
f 3985 3201 2577
f 3101 2756 4299
f 4046 3650 2719
f 3419 3315 4319
f 3550 3301 2670
f 3312 4364 4073
f 3776 2688 3336
f 2762 2736 4318
f 3704 3644 3570
f 4272 2545 4165
f 3205 3327 3496
f 4253 2659 3731
f 3342 4016 4336
f 3205 3181 2508
f 3034 4073 3474
f 4130 3438 2772
f 2398 4184 2747
f 3707 3702 3288
f 3302 4191 3393
f 3995 3211 3510
f 3188 4303 2891
f 4303 3229 4011
f 3500 3449 3247
f 3564 2792 2982
f 3362 3217 2313
f 2689 4165 3910
f 3531 3243 2427
f 3571 3443 3958
f 3102 4149 3569
f 3507 2853 2862
f 3711 3324 3870
f 3125 2604 2706
f 3194 3574 4287
f 4001 4000 3924
f 2289 3354 2288
f 3636 2460 3211
f 3127 2740 2813
f 3222 4099 4010
f 3969 2906 3008
f 3828 3011 2493
f 3246 3162 4278
f 3409 4317 2782
f 2979 3921 4086
f 4373 3770 3820
f 3240 2722 2634
f 3895 4165 3449
f 2779 4374 4215
f 2371 2372 3577
f 2595 2525 2738
f 3402 3113 3232
f 3679 2993 3984
f 3658 3046 2641
f 3605 3132 4271
f 3620 3922 3470
f 3484 3580 3726
f 2603 2542 2536
f 2900 3333 2451
f 3981 4262 3022
f 2873 3954 3919
f 3904 3833 3886
f 2358 2359 4160
f 3137 3766 3109
f 3473 3413 2846
f 3607 2593 3011
f 2297 3944 2296
f 3438 3295 2919
f 3267 4269 3594
f 2843 4279 4051
f 2569 3623 2990
f 4083 4026 3743
f 3918 3983 3685
f 3053 3853 3587
f 2866 4384 2626
f 4353 4269 4144
f 2804 4051 4014
f 4327 3974 2472
f 4112 3168 3177
f 4305 3018 2631
f 4346 2409 3597
f 2254 3926 4267
f 4173 2529 2522
f 3612 3771 4070
f 4053 4041 3844
f 3909 3107 4241
f 3557 4320 2531
f 3641 4360 3021
f 2448 3757 2401
f 2374 2375 2902
f 4264 2639 3780
f 3787 3433 3357
f 2980 3615 2597
f 2887 4176 2860
f 3268 2503 2829
f 3111 4350 3937
f 4261 3869 2464
f 4248 3097 3619
f 4305 4223 3018
f 3916 2692 3606
f 2390 4041 3523
f 3174 3884 2690
f 3803 3017 3846
f 2582 2475 3777
f 2855 3495 4128
f 3609 3437 3422
f 4037 4101 3610
f 3411 3408 3988
f 4085 3368 3659
f 3790 2891 4011
f 4124 2787 2695
f 3458 2962 4300
f 4097 3665 3061
f 3935 2424 3445
f 4151 3462 3509
f 3689 4080 3160
f 2239 2240 2774
f 4026 3863 3743
f 3466 4159 3258
f 4057 3389 4301
f 2845 4168 3701
f 2214 2215 3196
f 2948 2768 2867
f 3574 2366 2367
f 4260 4378 3813
f 3270 3425 3263
f 3981 2461 2813
f 3557 2930 2761
f 2833 4083 3468
f 4077 3671 2550
f 2645 2402 4121
f 3454 3182 2849
f 3921 3089 3179
f 3931 2637 3400
f 4344 2991 3736
f 2836 4181 2558
f 3175 3713 3397
f 3968 3813 2960
f 2464 3869 4312
f 4174 2748 3104
f 3394 2801 3153
f 3902 3627 3483
f 3332 3901 3976
f 2696 4351 2482
f 3939 3578 2652
f 3223 4010 3173
f 2898 3880 2718
f 2898 3600 2492
f 2211 2454 3662
f 3427 4198 3186
f 3925 3067 2398
f 4263 2679 3517
f 3838 3068 3033
f 2490 3151 3420
f 3540 3429 3038
f 3351 2569 2990
f 3673 2744 2973
f 3004 2584 3093
f 4027 4164 3092
f 3510 4150 3208
f 3501 3898 3296
f 3231 4071 3283
f 3326 4283 3972
f 2897 3391 4054
f 3162 2469 4356
f 3808 3558 4377
f 2264 2265 3374
f 3698 2707 2446
f 3641 3043 4360
f 3630 2320 2321
f 2308 2681 4109
f 2434 3112 3667
f 4209 2879 2407
f 3267 3594 2520
f 2974 3465 2802
f 3910 3358 2587
f 3443 4008 3889
f 2610 3374 3958
f 3084 2828 3069
f 3069 4105 4277
f 2848 3045 3805
f 4017 4158 3275
f 3152 4235 2562
f 3256 4006 2741
f 4258 2673 2685
f 3649 3195 2728
f 2514 3390 2391
f 3238 2861 2505
f 3575 2301 2302
f 3567 2730 3178
f 3167 2607 3723
f 2538 3607 2936
f 3268 4200 2503
f 2525 3585 3499
f 3563 3178 2850
f 3899 4164 4208
f 3757 2924 2401
f 2615 3774 2777
f 2680 4121 3847
f 3823 2680 4319
f 3357 3433 3965
f 2698 2713 2606
f 3290 4185 4162
f 3475 3808 4377
f 3710 3149 3519
f 2213 3759 3841
f 3116 4365 4236
f 2240 2929 2774
f 2585 2984 4117
f 2605 3145 3526
f 2506 4274 3631
f 3976 3617 3887
f 2224 3399 2223
f 3332 3887 2218
f 3496 3405 3306
f 4090 4072 2659
f 4235 3152 3164
f 3190 3215 3195
f 3657 4127 3863
f 3728 2636 2920
f 3936 3247 3449
f 2480 2641 3364
f 3071 3138 3543
f 2619 3910 3287
f 4051 2804 2843
f 4169 3637 3121
f 2884 2687 4180
f 3019 3467 2589
f 2484 3647 4216
f 2713 4011 3229
f 4082 3248 3573
f 3402 3250 4361
f 3430 2870 2528
f 3464 2635 3252
f 2790 4075 3996
f 3805 3045 3907
f 2668 2701 4075
f 3771 2753 2937
f 2710 4359 4375
f 2298 2299 4122
f 3691 3854 2283
f 4082 4145 3572
f 3678 2964 3688
f 2596 3752 3294
f 2554 3512 3140
f 3086 3282 2669
f 2924 2976 3622
f 2485 3323 2723
f 3749 3741 3872
f 3300 3487 4143
f 3627 2514 3483
f 3137 4247 3929
f 3686 2438 3707
f 2464 4235 2869
f 3788 3142 4306
f 3467 3019 4228
f 3120 2911 2664
f 3523 2719 3389
f 3533 4207 4309
f 3718 3699 3288
f 3763 4068 4293
f 3059 4104 2953
f 3956 3234 3696
f 2543 2916 2879
f 3771 3612 4340
f 3305 3151 2490
f 3440 3319 4331
f 3170 3009 2637
f 3870 4072 3378
f 3664 3567 3496
f 2615 3049 3746
f 2483 2662 3291
f 2555 3257 3552
f 4374 3967 4215
f 2996 2838 3520
f 3209 4212 2695
f 4268 4259 3572
f 3764 2787 3696
f 3920 2875 3305
f 2695 4212 2932
f 2748 2909 2954
f 3600 3183 4065
f 3518 3819 2544
f 2263 2264 4098
f 4262 3750 2572
f 4344 3062 2991
f 3680 2717 4239
f 3743 3229 3888
f 3680 2493 3978
f 4274 2207 2208
f 4097 2716 4088
f 3733 3665 4097
f 3163 2803 3851
f 3705 3320 3787
f 3298 4167 3829
f 3237 2764 3555
f 2549 3399 2224
f 3065 4330 4314
f 2569 3105 3623
f 3509 2409 4151
f 4270 2989 3333
f 3257 2459 3537
f 2933 2477 4203
f 4131 4023 3043
f 3497 4271 3221
f 3912 3104 2676
f 2944 2579 3196
f 2822 2475 3539
f 2554 3140 3110
f 4275 3966 4254
f 3897 3924 2985
f 3271 3844 2505
f 3166 2821 4220
f 3908 3979 2523
f 3254 3975 4057
f 2565 2725 2871
f 4344 4214 3683
f 2459 3733 3537
f 4225 3532 3230
f 2650 3930 4136
f 3326 3973 4204
f 4200 4335 3525
f 2394 3699 2486
f 3789 3135 2747
f 2325 2326 3697
f 4131 3136 4023
f 3519 3602 3286
f 2230 2803 3948
f 3533 3624 2600
f 2872 3721 3032
f 2503 2500 3260
f 2587 2689 3910
f 3701 4007 2714
f 3347 3331 4125
f 2822 3781 3074
f 2448 2702 2806
f 2203 2953 2646
f 3415 4007 2581
f 3201 3247 3936
f 3068 2522 3234
f 3460 4192 4160
f 2870 3749 3414
f 3529 3982 2259
f 3436 4144 4269
f 3729 3117 2887
f 2657 3179 3951
f 4035 3668 3082
f 3895 3112 3287
f 3486 4275 4254
f 3099 4030 2970
f 2783 2645 2566
f 3970 2383 3692
f 3934 4006 3256
f 3497 3584 3605
f 3113 2434 3730
f 3007 3881 2306
f 4117 4054 2585
f 2620 2966 3735
f 3817 2349 2350
f 3683 3164 4009
f 3737 4154 4102
f 3775 3610 3540
f 2839 2557 4166
f 2559 4172 3935
f 4224 3973 3972
f 4348 4204 2575
f 3280 3928 3117
f 3579 2815 4325
f 4288 2511 2360
f 2408 3741 2870
f 4061 3804 2720
f 4337 3861 3285
f 3308 2638 2457
f 3321 3876 4055
f 2620 4155 3784
f 2571 3716 4186
f 3065 3820 3129
f 3456 3081 3006
f 4146 2749 2955
f 2201 2807 4025
f 4037 2647 2599
f 2880 4233 3992
f 3734 3431 3881
f 4130 3676 3438
f 3618 4064 2934
f 2588 4111 2533
f 2572 2467 3273
f 3360 2954 2834
f 3758 2843 2677
f 2642 2949 2557
f 3294 3290 4081
f 3462 4151 3949
f 3933 3023 2517
f 2498 4212 3209
f 3090 2917 3661
f 4263 3758 2677
f 3005 2773 3884
f 3027 4311 4349
f 3297 4103 2508
f 3590 4322 3261
f 2566 4121 2680
f 2703 2936 3141
f 2742 3911 4126
f 2472 3974 2618
f 2778 3524 2714
f 4076 2822 3608
f 4145 3125 3572
f 3691 3560 4253
f 3844 3238 2505
f 4324 2790 2780
f 3359 4366 3809
f 3782 2971 4170
f 4266 2852 3340
f 3803 4182 2788
f 3769 3361 4180
f 2616 3547 3045
f 2850 3760 3154
f 3306 4056 2460
f 2445 4044 3766
f 4045 4001 4307
f 2711 3971 3375
f 2370 2371 3776
f 2628 4178 3467
f 4071 2775 3283
f 3674 3785 2546
f 2687 4123 2489
f 3080 3866 2799
f 3163 4311 3874
f 3785 3674 2667
f 2911 4136 3834
f 2676 4002 3912
f 3397 3360 2671
f 3209 2695 2787
f 4219 2658 3744
f 4025 4345 2201
f 3970 2479 2382
f 2892 3737 2591
f 2610 3958 3645
f 3919 3941 2873
f 3601 2711 2691
f 4005 2758 3318
f 3962 3980 2758
f 3778 2342 3144
f 2613 3476 4108
f 2326 2327 3073
f 4161 3360 2834
f 3723 4007 3701
f 3274 3942 3317
f 3700 3193 4177
f 3317 3366 3274
f 3574 4250 2366
f 3712 3682 3521
f 2400 3439 3488
f 3578 4195 2992
f 3918 2717 3473
f 3844 3271 4053
f 3671 4232 4058
f 3647 2519 4060
f 3275 3265 2795
f 3353 3242 3913
f 2773 3005 2824
f 3341 3703 3663
f 4385 3467 4306
f 3305 2490 3810
f 3207 3064 2642
f 3093 4327 3276
f 3888 3229 4303
f 3657 3255 4308
f 2484 3423 2809
f 3408 2905 3988
f 4057 3975 3389
f 2566 3782 2783
f 4194 3877 4018
f 3884 3352 3005
f 3604 3576 3289
f 2449 4381 2318
f 3428 4147 3219
f 4249 4146 2762
f 3386 3874 4206
f 2228 4295 2227
f 3867 3161 2652
f 3566 3925 3693
f 3512 3422 2825
f 2272 4337 3285
f 3562 3316 3222
f 3358 2812 2942
f 3007 4109 3535
f 3393 4191 3672
f 3873 3135 3165
f 3894 2746 3513
f 2597 3825 3117
f 2592 3424 2770
f 3608 2863 4076
f 2694 3553 3724
f 3311 2388 2397
f 2945 2634 3658
f 3689 4232 3957
f 2723 2697 2617
f 3726 4091 2685
f 2525 2881 2738
f 4245 3769 2687
f 3290 4299 4081
f 3800 3301 2919
f 3240 3227 2722
f 2849 2743 3454
f 2852 4137 3893
f 2667 3788 3791
f 2628 3598 3684
f 2568 3419 4319
f 3971 2443 3849
f 3561 3839 3083
f 3315 2393 2691
f 2324 2325 3493
f 2426 2972 3111
f 3536 4054 4117
f 2585 3156 2455
f 2629 2734 2487
f 2990 2894 2250
f 3739 4224 3605
f 3335 3626 3709
f 3259 2513 4069
f 2347 2348 4363
f 3666 2534 3940
f 3634 3441 2886
f 3633 4209 2905
f 2574 2784 2656
f 3216 2463 3041
f 2773 4047 2690
f 3416 4339 4068
f 2197 2198 2874
f 3376 2481 4066
f 2891 4047 3946
f 3776 3577 2878
f 2373 2374 2902
f 3352 3286 2737
f 3901 3040 4032
f 3163 3851 3213
f 3440 4331 2504
f 2754 2651 4384
f 3826 3044 3992
f 3802 2888 2885
f 3379 3105 2569
f 3396 4055 2471
f 3977 2458 3964
f 3047 3012 2499
f 4093 3136 2468
f 3052 3834 2973
f 2673 4258 3388
f 3586 3221 4271
f 3241 3418 3717
f 3768 2712 3231
f 2769 2462 2713
f 2527 3833 3882
f 2580 2997 4095
f 4172 4166 3935
f 2790 4372 2780
f 3132 3972 2998
f 2633 2742 3134
f 2538 3371 3607
f 4110 4085 3724
f 3236 3077 3613
f 2961 2984 3169
f 3672 2982 3994
f 2766 4070 2721
f 3970 2623 3442
f 2380 4242 2552
f 2879 4209 2543
f 3420 3151 2780
f 2548 4182 2454
f 3841 4107 2212
f 3766 3137 3929
f 3370 2431 2794
f 3309 4173 3068
f 2987 3478 3304
f 3757 3359 2924
f 2837 3521 4301
f 3625 2718 3493
f 2338 3619 2337
f 2206 2207 3961
f 3846 2506 3803
f 4301 2445 3714
f 3051 2726 3945
f 4189 2717 3680
f 2668 3120 2664
f 3782 2566 2971
f 3148 4052 2831
f 4184 3894 3513
f 3850 3039 3407
f 3433 2805 3960
f 3987 2225 2226
f 2855 2416 3711
f 3538 4199 2975
f 2457 2745 3308
f 3607 3011 2936
f 3984 2632 3679
f 3742 4142 3404
f 4352 3829 4370
f 3183 2468 4065
f 2858 3483 3682
f 3978 4189 3680
f 2216 2217 3617
f 4026 4083 2833
f 3893 3426 2777
f 2955 4366 2410
f 3036 4058 4232
f 2956 4328 3856
f 3831 2573 2940
f 3693 2747 3632
f 3106 2732 2830
f 3786 3030 3285
f 3028 3127 2813
f 2718 2842 2898
f 3827 3923 4282
f 3790 4011 2698
f 3224 2781 2951
f 2983 2942 2812
f 3320 3865 4141
f 2549 2800 3399
f 3117 3928 2887
f 2798 4086 3921
f 4099 3316 3056
f 2899 2428 4223
f 3639 3500 3247
f 2755 4191 4078
f 2572 4312 3869
f 3022 4262 2394
f 3398 2993 3679
f 3512 2825 2928
f 4361 3250 3806
f 3639 4096 4201
f 3338 2768 2841
f 4309 2741 3648
f 2415 4049 3613
f 4265 3489 3190
f 3965 2926 3505
f 3720 3433 3960
f 4009 3875 3817
f 2476 3709 2907
f 4080 3957 2663
f 3251 2963 2780
f 3179 2798 3921
f 3615 2980 2967
f 2586 3369 4230
f 4195 3457 3871
f 3097 4248 2526
f 2491 4174 3879
f 2601 2321 2322
f 2674 2320 3630
f 3994 2982 3311
f 3431 3734 2456
f 3252 3532 3392
f 4316 2801 3394
f 2795 3265 3640
f 4199 2519 3647
f 2773 2824 3554
f 3331 3317 4323
f 3380 3635 3230
f 2995 4087 2620
f 3095 3945 3811
f 2895 4247 3137
f 3147 2800 2549
f 4148 3041 3157
f 4043 3700 2994
f 3602 3519 2978
f 2591 3737 4098
f 3753 2795 3640
f 4004 3470 3596
f 3111 3937 2426
f 3027 4206 3874
f 3740 2649 2857
f 4048 3987 2226
f 4311 3213 4349
f 3821 3732 4042
f 4068 3763 3416
f 2679 2677 4326
f 3990 2940 4034
f 3799 3582 3260
f 3895 3449 3500
f 3668 2922 3082
f 3668 3001 3072
f 2565 3593 2725
f 3618 2934 3963
f 4117 2603 3536
f 4326 2677 2804
f 3099 3192 3664
f 3510 3208 2640
f 3378 4072 3060
f 3312 3297 2508
f 4032 2463 4005
f 2822 4076 3781
f 2361 2422 4288
f 3941 3054 3095
f 3126 4102 2262
f 4105 4369 3344
f 2783 2445 3929
f 3588 2363 2364
f 3338 2867 2768
f 3503 3303 3969
f 4147 3428 2540
f 3516 3150 2392
f 4308 3914 3802
f 2612 3788 4183
f 2675 3166 4220
f 3263 2715 4251
f 3498 3396 2471
f 3413 2457 4241
f 3484 2400 3580
f 3134 2742 4126
f 3480 3864 3855
f 4028 4049 4226
f 4002 4190 2811
f 4190 3166 2523
f 4061 3573 2436
f 3769 4245 4120
f 3827 4012 3444
f 2888 3914 4290
f 2553 2482 2793
f 3332 3040 3901
f 4286 3210 4175
f 2586 2974 3362
f 3428 3977 2538
f 3931 4308 4355
f 2806 4129 3757
f 2873 2806 2702
f 4125 2709 3371
f 4178 3481 3694
f 2701 4186 4075
f 2650 4353 3930
f 2649 3740 3440
f 3579 4236 2798
f 3586 3998 4291
f 3476 3418 4108
f 3957 4077 4171
f 2797 2905 3408
f 3375 3945 2726
f 3254 3054 2495
f 2486 3699 3718
f 3927 3718 3665
f 3538 3038 3883
f 2576 3940 3084
f 3061 3648 4097
f 3067 4034 2940
f 3793 2561 2648
f 2921 3877 4331
f 3419 4159 3559
f 3271 2808 4338
f 4229 2520 2751
f 2585 4054 3156
f 2576 3666 3940
f 2550 2838 4313
f 2270 2271 3030
f 2784 4017 3275
f 4371 2267 2268
f 3443 2423 3958
f 2757 4192 3727
f 2590 2352 3032
f 3169 2585 2455
f 3834 4136 3673
f 3804 4061 3046
f 3013 3299 3580
f 3707 3288 3699
f 3268 2829 3629
f 3052 3591 3669
f 3909 3502 3329
f 2539 3260 4153
f 2465 3989 3247
f 4080 3264 3355
f 2888 4290 2481
f 2873 3941 2806
f 3454 3167 2923
f 3940 2828 3084
f 3053 2507 2956
f 2403 3434 3010
f 3083 2852 2999
f 3211 4056 2859
f 3092 2537 2294
f 4129 3095 3811
f 2691 3823 3315
f 4349 3066 3720
f 4141 3787 3320
f 3367 3917 4205
f 2471 2412 3498
f 3341 4295 3796
f 3387 2478 3320
f 3923 2968 4134
f 2519 2636 3728
f 3247 3201 2465
f 4153 3260 3582
f 3218 3080 2243
f 2236 2237 3279
f 4149 3490 3569
f 2830 4237 2544
f 3652 2849 3182
f 3811 3945 3375
f 3782 2726 3714
f 3809 2749 2976
f 3955 3114 3072
f 4336 2700 2959
f 3546 2884 4180
f 2407 2498 2910
f 3788 2667 3142
f 3498 2412 3859
f 3932 4017 4243
f 3482 2889 3078
f 2929 3959 2774
f 2541 3892 4020
f 3948 3386 2229
f 3720 3965 3433
f 2924 3359 3809
f 2831 2396 4249
f 2582 3368 2475
f 3539 3368 4085
f 3967 3872 3338
f 3833 3904 3882
f 3853 3053 3856
f 2644 4043 2598
f 3892 4368 2608
f 3005 2737 2824
f 3192 4090 2659
f 3900 2659 3560
f 2934 4064 2655
f 4143 2948 4227
f 3161 4167 2652
f 2842 2718 3625
f 4287 3905 3503
f 3031 3303 3905
f 2736 3466 3795
f 3821 4042 3858
f 3767 2402 3616
f 2512 3601 2691
f 2834 2727 3626
f 2823 3241 3028
f 3026 2876 2470
f 2740 3497 2467
f 4226 2415 3595
f 3773 4144 4059
f 3655 3652 4063
f 3811 3971 3849
f 2579 2553 2793
f 2220 2221 2977
f 3685 3356 4376
f 2873 2702 2958
f 2524 4264 3081
f 2506 3846 2851
f 2556 2960 4251
f 2954 2914 2676
f 3216 3962 2758
f 3433 4141 2805
f 2813 2461 3028
f 2946 3653 2411
f 3982 2258 2259
f 4102 2261 2262
f 2709 4125 2488
f 3768 3283 2947
f 3819 4243 3023
f 2732 4341 4050
f 3494 2759 4096
f 3726 4294 3484
f 2792 4149 2388
f 2983 2812 3457
f 2549 2224 2225
f 4048 4295 3341
f 4300 3674 2453
f 2769 2888 2462
f 3035 3342 4123
f 2577 3499 3985
f 4334 4335 3268
f 2496 4034 3202
f 4223 3246 4252
f 2652 4167 3939
f 4292 2708 3643
f 4188 3852 4120
f 3993 2526 2752
f 2671 3779 3397
f 3210 4278 3606
f 3563 2286 2981
f 3563 3654 3178
f 3567 3178 3765
f 2937 2910 2498
f 2485 3014 3947
f 2970 4103 4244
f 3756 3312 4073
f 2575 4204 4004
f 2564 2998 3335
f 3334 3213 3277
f 2597 3117 3729
f 3421 4225 4219
f 3481 3420 2963
f 4197 4113 2934
f 4113 3963 2934
f 2715 2704 3713
f 3050 2333 2335
f 4182 2506 3395
f 4274 3961 2207
f 2613 3070 3922
f 2547 4092 2728
f 3313 4373 3705
f 3477 3157 3041
f 4309 3624 3533
f 3934 3406 3514
f 3366 3964 3274
f 3426 3059 3010
f 3527 2622 3544
f 2610 2591 4098
f 2594 3177 3168
f 3699 2394 4261
f 4010 4099 2864
f 3867 2652 2609
f 3440 2648 2649
f 3141 2958 2702
f 3737 3597 4154
f 3706 3827 4282
f 4043 2994 3589
f 3048 2406 3547
f 3236 3171 3077
f 3738 3451 4172
f 2267 4371 3571
f 3852 3088 4120
f 3583 3491 2700
f 2700 4336 4016
f 2830 2732 3282
f 2258 3982 2886
f 3660 3469 3080
f 3522 3790 2698
f 3599 3238 4193
f 3329 2697 2627
f 3063 2798 3179
f 3951 2235 2236
f 2628 4021 3481
f 3614 3343 2770
f 3463 3744 2995
f 3008 2906 3432
f 3223 3385 4010
f 3578 2387 2652
f 3246 4286 3094
f 4035 3082 3237
f 2200 4339 2199
f 2383 2384 3692
f 3188 3888 4303
f 4026 2833 3506
f 3636 3507 3748
f 3211 4276 3636
f 3278 2897 2536
f 3838 3296 3309
f 3170 3646 3822
f 4302 4033 3857
f 2855 3711 3495
f 3543 3181 3205
f 3673 2893 2794
f 2400 3488 3950
f 3857 2824 2950
f 4135 2463 4032
f 3477 3281 3157
f 3313 3787 3357
f 3128 4226 3595
f 4226 4049 2415
f 4149 2792 3490
f 3207 2509 4028
f 2536 2897 3536
f 4383 4292 3852
f 3747 2270 3030
f 4240 2893 3830
f 3020 3876 4119
f 4298 3759 2214
f 4039 3814 3911
f 3237 4356 2764
f 3325 2461 3981
f 2499 3172 3797
f 2505 2808 3271
f 4307 4046 3953
f 3427 3186 2581
f 3687 2466 2502
f 3366 3317 3331
f 2717 3856 3473
f 3766 2391 3109
f 3650 2837 2719
f 4022 3455 3556
f 2420 3996 4075
f 3971 3811 3375
f 3463 2995 2725
f 4013 2882 3373
f 3942 3006 3317
f 3703 3341 3796
f 2227 4048 2226
f 2600 3702 3736
f 4184 2441 3789
f 3361 3086 2669
f 3243 3030 3786
f 4279 2653 3176
f 3461 3197 3215
f 3631 3395 2506
f 4242 2908 3346
f 4273 2390 2495
f 4304 3784 4155
f 2455 4031 3169
f 4126 3911 3814
f 3599 3107 3143
f 3452 3269 4342
f 2442 3261 4322
f 3211 3995 4276
f 3885 4338 3953
f 3757 3849 3359
f 3840 3048 2616
f 3015 4228 3264
f 3209 2937 2498
f 2453 3458 4300
f 2770 3424 3614
f 4037 3610 3775
f 4380 2903 2596
f 3110 2395 3353
f 2913 3376 4066
f 4100 2627 2814
f 3349 2847 3516
f 2849 3622 2743
f 2363 3588 4284
f 3153 2530 4197
f 4202 3794 2840
f 2654 2575 3890
f 2612 3791 3788
f 3832 2406 4205
f 2499 3461 2739
f 3799 3172 3548
f 2908 2479 3346
f 3692 2384 4089
f 3016 2991 3721
f 2467 3750 2740
f 3528 3207 2839
f 3045 2848 2589
f 3367 2947 3283
f 3180 3002 2904
f 2281 2389 3677
f 3099 2970 2820
f 4073 3034 4347
f 3507 4196 2853
f 4295 4048 2227
f 4349 3213 3334
f 4273 3356 3383
f 4342 3805 2767
f 2863 3608 2941
f 3286 3745 3519
f 2576 4277 3520
f 4055 3876 3020
f 2820 2988 3997
f 3672 2755 3564
f 2903 4383 4188
f 3558 3098 3189
f 2576 3003 3666
f 3131 4199 3647
f 3337 3299 3013
f 3234 3956 2964
f 3046 3868 2700
f 3913 3435 2993
f 3554 3857 4033
f 3857 2950 3350
f 4312 2572 3273
f 4202 4354 3173
f 3417 3906 3228
f 2696 4382 2788
f 3277 3851 3203
f 2238 2774 2237
f 4246 3004 2836
f 3738 4172 2559
f 2741 2570 3256
f 2496 2823 3028
f 2908 4242 2381
f 2386 2874 2385
f 2286 2287 2981
f 3807 3583 3310
f 3098 3558 3808
f 3133 2682 2399
f 3388 3814 3278
f 3239 4069 3293
f 2325 3697 3493
f 2438 3702 3707
f 3023 4243 2517
f 2599 3640 4037
f 2966 2808 3735
f 3052 2911 3834
f 3668 3114 2922
f 2987 3569 3478
f 3061 3624 3648
f 3206 2779 3545
f 2264 3374 2610
f 2409 4154 3597
f 4350 3111 4023
f 3806 3287 3112
f 3761 4241 4362
f 3953 4338 2966
f 2417 2636 3883
f 2678 2626 3633
f 2446 4094 3698
f 2423 4017 2784
f 3854 2282 2283
f 2602 2970 4244
f 3763 4217 3416
f 3472 4089 4217
f 2413 2560 2450
f 3423 4139 2809
f 2471 3020 3376
f 3444 4012 4332
f 2822 3539 3608
f 2210 3662 2209
f 2444 3717 3739
f 3214 3079 3816
f 2305 2306 3881
f 3034 2724 3550
f 3662 3395 2209
f 3347 3108 3964
f 2716 2666 4088
f 2816 2408 3430
f 3779 3719 3175
f 2752 4174 3993
f 2688 3776 2474
f 3581 2801 3487
f 3798 3262 4238
f 3435 3913 3447
f 3025 3850 3460
f 3588 2890 3487
f 4308 3931 3690
f 2886 4163 3634
f 3391 3156 4054
f 2529 2515 2522
f 2854 4233 4237
f 3467 4178 2589
f 2882 4205 3917
f 3452 4066 2904
f 3324 2279 2280
f 2563 2535 2865
f 3394 2768 4316
f 3714 2445 2783
f 3664 3496 3327
f 2296 3944 3590
f 4145 2720 3262
f 4299 3290 4162
f 2916 2543 4384
f 2651 2932 2916
f 3108 3347 3371
f 2448 2401 3652
f 3499 2577 2525
f 2529 4173 2630
f 2561 3863 4026
f 3931 4355 3646
f 2981 4157 4150
f 2286 3563 2285
f 3187 2931 4239
f 3655 3141 2702
f 3405 3496 3567
f 2853 4122 4359
f 2817 2883 3245
f 2316 3056 3316
f 3463 3848 3421
f 3735 2871 2725
f 3667 4096 3302
f 3575 2302 3295
f 4163 2886 3198
f 2629 3926 3511
f 2551 2532 3377
f 3350 3980 3129
f 4384 2866 2731
f 3528 4031 2455
f 4025 3725 4293
f 3365 4198 2615
f 4378 2933 3813
f 2327 4138 3073
f 3363 2450 3036
f 3728 4060 2519
f 4316 2768 2948
f 2624 3632 3649
f 3755 3980 3962
f 4311 3027 3874
f 4142 2791 3404
f 3495 2901 4128
f 4111 4160 2757
f 2934 2655 2429
f 3675 4179 4059
f 4100 3244 3329
f 3609 4275 3437
f 2388 4149 3102
f 2924 3809 2976
f 2849 3652 2401
f 3622 2849 2401
f 2847 3876 3321
f 3065 3129 3755
f 3820 3770 3000
f 3564 3364 2792
f 3490 3364 2436
f 3382 3124 2418
f 3092 4164 3899
f 3462 3348 2935
f 4346 4151 2409
f 4152 2674 3630
f 3418 3816 4108
f 3465 3226 3991
f 3578 3939 4195
f 2784 3645 2423
f 3775 3540 3038
f 2411 3202 3412
f 3650 3712 3521
f 2716 4006 3514
f 2353 2872 3032
f 2537 3076 2291
f 2684 4150 3510
f 2596 4188 4245
f 3883 3429 2417
f 3970 2382 2383
f 2567 2819 3795
f 3683 4009 2590
f 3085 2655 4064
f 2601 3880 2492
f 4203 4251 2960
f 3290 2489 4118
f 4377 2939 3475
f 3348 2672 4332
f 2750 2251 2252
f 3354 4157 2288
f 2290 2291 3076
f 2545 3201 3936
f 3500 4201 3895
f 2744 2635 3464
f 3842 2473 3230
f 3409 3448 4317
f 3402 2510 3250
f 2639 4264 3352
f 2615 2777 3365
f 3206 3556 4210
f 4255 3090 3191
f 3714 3051 4057
f 4159 4367 3258
f 4080 3355 3160
f 3423 2484 4216
f 4353 2650 3594
f 3120 2643 2501
f 3810 2962 3305
f 2455 3156 3345
f 3470 3922 3070
f 4257 3289 3576
f 3001 2421 3302
f 3362 2428 2899
f 3666 2925 2534
f 2249 2250 2894
f 3522 3349 3174
f 3853 3856 4189
f 3611 4177 3321
f 2962 3920 3305
f 3145 2896 2653
f 3257 3860 2459
f 3670 2866 2626
f 3883 3038 3429
f 2896 2472 2618
f 3093 4181 3004
f 3216 3041 4148
f 2579 2793 3196
f 2453 3674 2546
f 3832 2943 3907
f 3816 3418 2823
f 2624 3693 3632
f 3475 2959 3808
f 3843 3101 4162
f 4144 3436 4059
f 3445 4240 3935
f 3950 3843 3189
f 3248 3490 2436
f 3786 3285 3403
f 2489 3294 3752
f 3274 2458 2729
f 3231 2745 4071
f 3104 2748 2676
f 3166 2675 2523
f 2856 3378 3060
f 3491 3046 2700
f 2360 2511 2359
f 3067 2940 2746
f 3918 4239 2717
f 2658 3096 4285
f 4280 4321 2247
f 3615 3266 4325
f 3878 2951 4317
f 2951 2781 4317
f 3760 3560 3154
f 3158 4196 4322
f 4115 4227 3025
f 3588 3487 3300
f 3762 2404 3466
f 3415 3186 3291
f 3826 3643 4101
f 3805 4342 2848
f 3799 3797 3172
f 2572 3750 2467
f 3232 3555 2510
f 3730 3668 4035
f 2492 2840 3542
f 3199 4084 2972
f 3880 2898 2492
f 3998 2564 3335
f 4131 4202 2840
f 3026 2470 3739
f 4205 2947 3367
f 2697 3329 2617
f 2927 4314 3204
f 3987 3663 3147
f 3618 3963 3627
f 3967 2810 3749
f 3654 3563 2981
f 3208 4208 2640
f 3838 3284 3184
f 4021 2490 3420
f 4132 4095 2997
f 2635 2744 2431
f 3562 3222 2951
f 4354 3043 3641
f 4371 2763 4008
f 3688 2754 3678
f 4113 4197 4213
f 2494 2841 3085
f 2666 4333 3492
f 2432 2533 4111
f 3139 3432 3681
f 3842 3635 2917
f 2832 4154 2409
f 2257 2258 2886
f 4068 4339 4345
f 3515 2378 2567
f 4297 4272 2881
f 4070 4269 3612
f 3521 2391 4044
f 3967 4374 2810
f 3425 2704 3263
f 2523 2811 4190
f 3511 3541 2734
f 2886 3441 2257
f 2891 4303 4011
f 3424 4171 4077
f 3457 3381 3871
f 2315 3369 2314
f 3127 2444 2740
f 3028 3990 2496
f 3532 3380 3230
f 4095 4132 4285
f 4279 3471 4051
f 3530 3537 3492
f 4197 2429 3153
f 2841 2768 3394
f 4183 2592 2612
f 2943 2882 3859
f 3272 2789 3591
f 3225 2786 2516
f 4223 4252 2899
f 2469 3162 4305
f 3553 4110 3724
f 3780 2414 4264
f 2943 3859 3907
f 3424 4077 4313
f 3106 2830 2544
f 3337 3013 3189
f 2935 3706 4163
f 3825 3615 4325
f 3715 3407 3039
f 2590 4009 2351
f 3203 3851 2231
f 2929 2240 2241
f 2687 2489 3752
f 3826 3265 4158
f 4253 3854 3691
f 3955 4133 2439
f 3219 4168 2458
f 3716 3938 2420
f 2731 2754 4384
f 2635 3380 3532
f 3014 2723 2617
f 3622 4052 2743
f 2735 2955 3762
f 3442 3087 3346
f 2795 2656 2784
f 2272 3285 2271
f 3486 4128 3437
f 4244 3297 3478
f 3956 2932 3688
f 3952 2844 3984
f 2997 4246 4132
f 3545 3220 3882
f 2726 3782 4170
f 2895 3235 3616
f 4320 2761 3183
f 3772 3993 3104
f 2625 3515 4367
f 2443 2512 4366
f 3039 2948 2867
f 3924 3904 3886
f 2969 4363 2665
f 2674 2319 2320
f 3362 2313 2314
f 3916 4278 4356
f 3192 3099 4090
f 3900 3508 3192
f 3378 2856 3495
f 3312 3304 3297
f 2584 2997 2786
f 4022 4155 3455
f 3716 3593 3938
f 2618 2447 3176
f 3202 3925 3412
f 3525 2986 4200
f 2619 3358 3910
f 2525 4297 2881
f 4103 3297 4244
f 3765 2684 2859
f 3175 3719 2556
f 4334 3629 3638
f 3325 3022 3831
f 4034 2496 3990
f 3293 4069 3152
f 3183 4260 4320
f 3513 3860 2555
f 3754 3526 3552
f 2644 3906 3417
f 2760 3149 2551
f 4258 3585 2595
f 3925 2398 3693
f 2762 2735 2736
f 2376 2377 3515
f 2487 4234 3351
f 2504 4194 4355
f 2856 3060 3997
f 4347 2388 3102
f 4255 4169 3453
f 3907 3547 3832
f 3314 2969 4270
f 4214 4235 3164
f 4112 2727 2909
f 3619 2338 4248
f 3388 4258 4126
f 3807 3798 4238
f 3650 3521 2837
f 2923 3167 3330
f 3687 3010 3059
f 4274 2851 3961
f 3677 3870 3324
f 2918 4254 2278
f 2460 3636 3748
f 4322 4196 2442
f 3400 2637 3940
f 4332 2809 3444
f 3112 2434 4361
f 4175 3094 4286
f 2399 3296 3838
f 2618 3974 2447
f 3729 3075 3159
f 2952 2487 3351
f 4294 3726 2685
f 2630 4173 4281
f 2254 2255 3926
f 4134 4221 4282
f 3713 3534 2914
f 2470 2876 3620
f 4215 3967 2494
f 2588 2533 4156
f 3751 3661 3635
f 2668 2664 3669
f 2421 3667 3302
f 3114 2439 3642
f 3574 2367 4287
f 2373 3322 3577
f 3588 3300 4284
f 2361 4288 2360
f 2523 3979 3479
f 2704 3534 3713
f 4127 2885 3743
f 3363 3002 4290
f 3333 3024 2451
f 2345 2451 2344
f 2634 2722 3658
f 2427 3243 4341
f 2199 3416 2198
f 3746 3858 2999
f 3764 2515 3675
f 3898 3122 3296
f 4076 3915 3781
f 3962 3216 4330
f 3865 2478 3233
f 2773 2690 3884
f 2577 4297 2525
f 2796 2877 2660
f 2793 4351 4298
f 3841 2212 2213
f 2756 2563 4036
f 3642 3200 2692
f 2407 2879 2498
f 2616 3045 2589
f 3392 3421 2571
f 3143 2565 2871
f 2524 3745 3286
f 3554 4047 2773
f 3874 3948 3163
f 3505 2435 3319
f 4193 3761 4362
f 3934 2528 3406
f 3210 3606 2681
f 3082 4024 3237
f 3367 3283 2775
f 4216 4060 2612
f 3833 2858 3886
f 3394 2429 2841
f 2504 2648 3440
f 3859 2412 2767
f 2513 3152 4069
f 2432 2757 3727
f 2832 2409 3529
f 2672 2446 2425
f 3334 3277 4368
f 3066 2926 3720
f 3016 3533 2600
f 2869 4235 4214
f 3131 2484 2809
f 3538 3883 2519
f 3781 3710 3074
f 3000 4302 3857
f 2798 3063 3469
f 4368 2938 3891
f 2810 3414 3749
f 3533 3016 4156
f 3562 2686 4230
f 3223 3173 4354
f 2379 2380 2552
f 2831 3049 3148
f 3762 3466 2736
f 3601 3971 2711
f 2477 3073 4203
f 4348 2654 3779
f 2597 4018 2980
f 4277 2576 3084
f 3748 3138 3071
f 2295 4027 3092
f 2598 3589 2507
f 3498 3859 4013
f 3176 4256 4279
f 3191 4169 4255
f 3999 3660 3218
f 4105 3069 4369
f 2441 4184 3513
f 3717 3026 3739
f 3751 2431 3370
f 2559 3935 4240
f 2593 3978 2493
f 2956 2507 2745
f 2476 2989 3709
f 4108 4257 2613
f 3477 2977 2221
f 3399 3281 2223
f 2663 3957 4171
f 4074 4365 3603
f 4282 3541 3706
f 3527 2425 2446
f 3039 3850 4227
f 2816 3430 2570
f 3100 3047 3835
f 3287 3910 4165
f 3835 3047 3797
f 3448 3161 3991
f 2755 2480 3564
f 2945 2755 4078
f 3282 3086 4237
f 2277 3966 2276
f 3591 3464 3252
f 3107 4019 3143
f 4366 2512 2410
f 4137 4104 3059
f 2766 3764 3675
f 3785 2920 3411
f 2884 4123 2687
f 3933 2427 3106
f 2888 2481 2462
f 2493 3680 2931
f 3113 3402 2434
f 3253 3994 3072
f 3683 4214 3164
f 2741 4309 2570
f 4217 2874 3416
f 4293 4068 4025
f 3075 2860 2705
f 3292 2246 2247
f 3995 3510 2640
f 2634 4078 3494
f 2461 3990 3028
f 2946 3029 3155
f 3703 3865 3233
f 4355 3255 2504
f 3079 4211 3604
f 2876 3026 3476
f 3608 3539 3103
f 3723 3701 4168
f 3199 2426 4211
f 3232 3237 3555
f 2584 3225 4327
f 2973 3464 3052
f 2556 2531 2960
f 3173 4010 3042
f 2435 3891 3459
f 3824 3602 2978
f 3210 2681 4175
f 3316 4358 2316
f 2961 3169 4386
f 2535 3284 2865
f 3173 3042 3794
f 3217 2899 4252
f 4130 2862 3676
f 3124 3138 2418
f 2621 3155 3029
f 4335 4200 3268
f 3232 2510 3402
f 3639 3494 4096
f 4053 2719 3523
f 2488 4125 3331
f 3333 2989 2476
f 2533 2432 4207
f 2776 2988 2602
f 2945 3658 2641
f 3459 2938 4074
f 4194 3822 4355
f 3087 4042 3732
f 3847 4319 2680
f 2377 2378 3515
f 3254 3051 3945
f 3579 3469 2815
f 2437 3280 3825
f 3058 2894 4222
f 4321 4280 3928
f 3835 3797 2500
f 3223 3224 3385
f 3527 2975 2425
f 3324 2918 2279
f 3120 4229 2911
f 3938 4019 4100
f 2222 3281 3477
f 2857 2765 4296
f 3338 3872 2867
f 2588 2355 2356
f 2862 2965 3507
f 4027 3590 4164
f 4307 2912 3712
f 3366 3347 3964
f 3501 3296 2399
f 2982 3672 3564
f 3534 3425 4190
f 4350 3862 3937
f 4331 3319 3568
f 3357 3965 4379
f 2787 2766 2721
f 2651 2916 4384
f 2449 2674 3372
f 2802 3867 2609
f 2482 2553 2863
f 4231 2760 2551
f 2423 3443 3889
f 3986 3240 2634
f 3088 4015 4120
f 3695 2756 3678
f 2589 4178 3694
f 3452 4342 2767
f 2580 2786 2997
f 4166 4172 4218
f 4494 4463 4705
f 4678 4716 4746
f 4615 4460 4459
f 4731 4738 4636
f 4746 4705 4678
f 4620 4487 4539
f 4597 4551 4756
f 4533 4553 4626
f 4543 4688 4761
f 4513 4669 4714
f 4618 4513 4620
f 4597 4668 4551
f 4402 4401 4530
f 4490 4668 4757
f 4733 4468 4763
f 4597 4752 4668
f 4393 4392 4553
f 4399 4751 4400
f 4716 4699 4637
f 4752 4611 4727
f 4404 4632 4405
f 4408 4407 4648
f 4444 4693 4510
f 4760 4406 4405
f 4669 4763 4571
f 4611 4697 4667
f 4572 4523 4689
f 4469 4409 4408
f 4671 4591 4519
f 4522 4578 4742
f 4696 4625 4676
f 4524 4507 4583
f 4680 4516 4502
f 4535 4564 4559
f 4673 4506 4651
f 4755 4596 4536
f 4416 4582 4472
f 4610 4536 4418
f 4473 4610 4417
f 4591 4686 4642
f 4683 4651 4503
f 4536 4419 4418
f 4677 4684 4616
f 4521 4439 4512
f 4550 4764 4516
f 4545 4525 4524
f 4439 4438 4512
f 4739 4616 4550
f 4435 4437 4436
f 4710 4613 4630
f 4657 4764 4639
f 4423 4568 4424
f 4603 4639 4627
f 4512 4438 4675
f 4483 4545 4583
f 4625 4605 4412
f 4661 4470 4652
f 4513 4487 4620
f 4497 4447 4703
f 4621 4443 4442
f 4738 4721 4452
f 4487 4580 4623
f 4703 4652 4497
f 4661 4644 4650
f 4749 4650 4644
f 4513 4618 4574
f 4728 4557 4717
f 4599 4746 4716
f 4480 4458 4457
f 4697 4556 4493
f 4537 4626 4491
f 4534 4668 4490
f 4615 4459 4592
f 4494 4464 4463
f 4461 4681 4462
f 4494 4746 4388
f 4732 4465 4464
f 4480 4629 4607
f 4471 4695 4669
f 4515 4680 4502
f 4481 4749 4644
f 4723 4709 4674
f 4499 4635 4715
f 4484 4396 4395
f 4558 4682 4622
f 4703 4496 4652
f 4648 4407 4750
f 4505 4713 4670
f 4485 4562 4762
f 4595 4535 4566
f 4499 4722 4635
f 4515 4502 4743
f 4729 4700 4760
f 4654 4500 4633
f 4662 4501 4619
f 4619 4683 4474
f 4521 4512 4546
f 4636 4738 4451
f 4547 4623 4753
f 4599 4389 4746
f 4539 4623 4547
f 4703 4446 4600
f 4516 4764 4657
f 4484 4395 4757
f 4493 4556 4656
f 4456 4712 4607
f 4493 4690 4697
f 4601 4495 4630
f 4522 4489 4578
f 4720 4743 4514
f 4654 4515 4743
f 4425 4568 4426
f 4509 4506 4520
f 4761 4537 4699
f 4533 4394 4393
f 4481 4662 4749
f 4548 4532 4485
f 4713 4650 4474
f 4587 4479 4751
f 4624 4532 4649
f 4655 4753 4623
f 4666 4543 4761
f 4733 4569 4726
f 4474 4683 4713
f 4601 4630 4621
f 4493 4698 4549
f 4615 4592 4477
f 4691 4544 4663
f 4556 4611 4752
f 4643 4671 4575
f 4517 4708 4673
f 4682 4685 4609
f 4551 4534 4586
f 4540 4599 4637
f 4699 4666 4761
f 4638 4467 4508
f 4683 4517 4651
f 4501 4631 4619
f 4631 4564 4538
f 4672 4559 4720
f 4532 4598 4485
f 4514 4502 4657
f 4720 4514 4672
f 4499 4715 4726
f 4486 4557 4552
f 4577 4481 4500
f 4613 4679 4748
f 4535 4672 4566
f 4519 4591 4483
f 4692 4542 4675
f 4505 4670 4489
f 4581 4704 4561
f 4529 4594 4520
f 4537 4491 4699
f 4670 4503 4578
f 4487 4623 4539
f 4706 4632 4694
f 4473 4417 4472
f 4707 4719 4658
f 4425 4424 4568
f 4643 4595 4566
f 4542 4739 4567
f 4470 4674 4606
f 4754 4707 4725
f 4608 4695 4762
f 4638 4508 4495
f 4482 4600 4748
f 4579 4511 4486
f 4593 4750 4700
f 4426 4568 4525
f 4516 4657 4502
f 4758 4733 4715
f 4649 4585 4718
f 4528 4450 4449
f 4630 4613 4621
f 4541 4431 4430
f 4730 4577 4617
f 4535 4559 4672
f 4687 4639 4603
f 4517 4604 4708
f 4730 4564 4501
f 4739 4542 4701
f 4518 4686 4627
f 4550 4734 4567
f 4582 4594 4529
f 4696 4676 4572
f 4414 4594 4415
f 4495 4734 4680
f 4596 4565 4527
f 4556 4697 4611
f 4696 4572 4509
f 4609 4552 4641
f 4506 4492 4651
f 4524 4422 4507
f 4755 4614 4745
f 4519 4483 4702
f 4765 4441 4467
f 4566 4628 4643
f 4754 4498 4719
f 4473 4707 4610
f 4658 4536 4610
f 4605 4413 4412
f 4652 4496 4644
f 4672 4628 4566
f 4748 4510 4613
f 4634 4691 4744
f 4479 4706 4694
f 4609 4641 4588
f 4605 4625 4696
f 4714 4669 4747
f 4504 4578 4503
f 4494 4705 4746
f 4586 4645 4551
f 4460 4488 4681
f 4493 4656 4698
f 4512 4675 4542
f 4677 4616 4640
f 4417 4610 4418
f 4527 4565 4612
f 4552 4557 4728
f 4691 4586 4744
f 4661 4505 4470
f 4701 4542 4590
f 4620 4585 4618
f 4738 4585 4721
f 4389 4599 4390
f 4555 4537 4688
f 4559 4617 4720
f 4616 4764 4550
f 4734 4508 4567
f 4518 4429 4428
f 4758 4698 4602
f 4663 4740 4691
f 4533 4757 4395
f 4669 4571 4747
f 4672 4514 4687
f 4755 4536 4658
f 4590 4692 4434
f 4434 4692 4435
f 4457 4456 4629
f 4649 4574 4618
f 4689 4504 4492
f 4709 4532 4570
f 4706 4729 4632
f 4490 4757 4533
f 4518 4427 4646
f 4521 4440 4439
f 4479 4587 4667
f 4530 4401 4400
f 4506 4572 4689
f 4411 4625 4412
f 4488 4666 4563
f 4480 4457 4629
f 4706 4690 4660
f 4406 4750 4407
f 4691 4645 4586
f 4665 4660 4690
f 4484 4752 4727
f 4727 4611 4587
f 4593 4511 4554
f 4561 4704 4511
f 4532 4548 4649
f 4750 4406 4760
f 4442 4653 4621
f 4467 4441 4440
f 4763 4468 4571
f 4676 4724 4588
f 4576 4694 4403
f 4488 4563 4681
f 4664 4557 4486
f 4690 4493 4665
f 4623 4580 4655
f 4705 4463 4462
f 4515 4654 4710
f 4474 4650 4749
f 4759 4575 4614
f 4427 4525 4646
f 4527 4420 4596
f 4617 4743 4720
f 4550 4680 4734
f 4433 4432 4640
f 4702 4527 4612
f 4568 4423 4524
f 4574 4471 4669
f 4543 4476 4655
f 4562 4522 4762
f 4492 4504 4503
f 4728 4641 4552
f 4699 4716 4563
f 4530 4751 4736
f 4472 4417 4416
f 4643 4628 4671
f 4506 4689 4492
f 4703 4600 4496
f 4718 4738 4731
f 4515 4495 4680
f 4612 4745 4575
f 4530 4576 4402
f 4398 4751 4399
f 4501 4564 4631
f 4603 4627 4686
f 4714 4580 4487
f 4737 4721 4585
f 4648 4750 4593
f 4469 4554 4558
f 4476 4753 4655
f 4669 4513 4574
f 4717 4569 4608
f 4645 4602 4756
f 4549 4758 4715
f 4745 4614 4575
f 4421 4527 4507
f 4483 4583 4702
f 4531 4523 4641
f 4737 4453 4721
f 4600 4446 4445
f 4449 4448 4528
f 4663 4468 4740
f 4737 4454 4453
f 4667 4706 4479
f 4556 4752 4597
f 4665 4635 4722
f 4520 4741 4509
f 4663 4544 4747
f 4553 4533 4393
f 4432 4677 4640
f 4603 4647 4687
f 4614 4658 4719
f 4670 4713 4503
f 4528 4526 4606
f 4476 4480 4753
f 4589 4499 4726
f 4609 4724 4682
f 4682 4724 4622
f 4696 4509 4741
f 4583 4507 4527
f 4708 4573 4673
f 4741 4413 4605
f 4472 4725 4473
f 4656 4597 4756
f 4747 4580 4714
f 4453 4452 4721
f 4709 4598 4532
f 4681 4563 4678
f 4476 4477 4592
f 4606 4570 4731
f 4441 4653 4442
f 4652 4526 4497
f 4603 4591 4647
f 4758 4468 4733
f 4491 4540 4637
f 4686 4591 4603
f 4535 4595 4538
f 4545 4483 4642
f 4475 4595 4498
f 4604 4711 4631
f 4735 4498 4754
f 4578 4504 4531
f 4539 4737 4620
f 4548 4485 4471
f 4505 4661 4650
f 4619 4631 4711
f 4511 4664 4486
f 4469 4408 4648
f 4724 4609 4588
f 4735 4659 4573
f 4659 4529 4573
f 4608 4763 4695
f 4668 4752 4757
f 4527 4421 4420
f 4596 4420 4419
f 4546 4542 4567
f 4765 4653 4441
f 4719 4498 4759
f 4560 4411 4410
f 4586 4534 4555
f 4466 4539 4547
f 4475 4708 4604
f 4478 4627 4684
f 4762 4522 4742
f 4679 4710 4654
f 4629 4456 4607
f 4620 4737 4585
f 4695 4763 4669
f 4598 4562 4485
f 4505 4489 4723
f 4753 4480 4607
f 4437 4675 4438
f 4628 4672 4687
f 4560 4676 4625
f 4650 4713 4505
f 4637 4599 4716
f 4460 4681 4461
f 4742 4728 4717
f 4585 4738 4718
f 4488 4477 4666
f 4523 4572 4588
f 4691 4740 4645
f 4678 4563 4716
f 4475 4498 4735
f 4430 4478 4541
f 4508 4521 4546
f 4684 4639 4764
f 4569 4589 4726
f 4634 4688 4543
f 4467 4440 4521
f 4541 4684 4677
f 4711 4604 4517
f 4520 4594 4741
f 4700 4511 4593
f 4632 4760 4405
f 4575 4519 4612
f 4693 4443 4621
f 4556 4597 4656
f 4555 4534 4626
f 4635 4665 4549
f 4664 4704 4499
f 4598 4584 4562
f 4762 4717 4608
f 4645 4756 4551
f 4390 4599 4540
f 4687 4514 4657
f 4426 4525 4427
f 4671 4647 4591
f 4478 4429 4518
f 4524 4423 4422
f 4636 4528 4731
f 4625 4411 4560
f 4496 4482 4644
f 4525 4545 4646
f 4640 4590 4433
f 4524 4583 4545
f 4582 4416 4415
f 4641 4728 4531
f 4685 4682 4558
f 4468 4663 4571
f 4547 4753 4607
f 4662 4619 4749
f 4616 4684 4764
f 4596 4755 4565
f 4478 4430 4429
f 4581 4660 4665
f 4729 4706 4660
f 4557 4589 4717
f 4495 4508 4734
f 4573 4506 4673
f 4445 4510 4600
f 4528 4448 4497
f 4549 4715 4635
f 4577 4500 4654
f 4538 4564 4535
f 4467 4638 4765
f 4577 4654 4617
f 4633 4679 4654
f 4564 4730 4559
f 4691 4634 4544
f 4552 4609 4685
f 4554 4648 4593
f 4404 4694 4632
f 4510 4445 4444
f 4725 4707 4473
f 4671 4628 4647
f 4741 4414 4413
f 4683 4503 4713
f 4414 4741 4594
f 4398 4727 4587
f 4667 4587 4611
f 4562 4584 4522
f 4584 4598 4723
f 4577 4501 4662
f 4501 4577 4730
f 4551 4668 4534
f 4688 4537 4761
f 4486 4552 4685
f 4725 4659 4754
f 4397 4727 4398
f 4561 4729 4581
f 4571 4663 4747
f 4491 4637 4699
f 4555 4744 4586
f 4570 4532 4624
f 4589 4569 4717
f 4563 4666 4699
f 4602 4698 4756
f 4714 4487 4513
f 4511 4700 4561
f 4509 4572 4506
f 4565 4745 4612
f 4518 4428 4427
f 4671 4519 4575
f 4422 4421 4507
f 4525 4568 4524
f 4594 4582 4415
f 4606 4674 4570
f 4618 4585 4649
f 4684 4627 4639
f 4639 4687 4657
f 4579 4558 4554
f 4582 4725 4472
f 4677 4432 4431
f 4567 4739 4550
f 4555 4626 4537
f 4744 4688 4634
f 4510 4693 4613
f 4653 4601 4621
f 4590 4542 4692
f 4495 4710 4630
f 4592 4459 4458
f 4543 4666 4477
f 4530 4400 4751
f 4560 4622 4724
f 4670 4578 4489
f 4528 4497 4526
f 4642 4686 4646
f 4748 4633 4482
f 4649 4718 4624
f 4605 4696 4741
f 4755 4658 4614
f 4754 4719 4707
f 4644 4661 4652
f 4686 4518 4646
f 4615 4477 4488
f 4540 4392 4391
f 4595 4475 4538
f 4560 4410 4622
f 4477 4476 4543
f 4690 4706 4667
f 4533 4626 4490
f 4740 4602 4645
f 4701 4590 4640
f 4692 4675 4437
f 4633 4500 4482
f 4619 4474 4749
f 4709 4723 4598
f 4511 4579 4554
f 4712 4456 4455
f 4578 4531 4742
f 4595 4643 4759
f 4561 4700 4729
f 4493 4549 4665
f 4698 4656 4756
f 4700 4750 4760
f 4588 4641 4523
f 4540 4553 4392
f 4523 4531 4504
f 4660 4581 4729
f 4576 4530 4736
f 4616 4701 4640
f 4478 4684 4541
f 4643 4575 4759
f 4519 4702 4612
f 4500 4481 4482
f 4654 4743 4617
f 4574 4548 4471
f 4403 4402 4576
f 4705 4462 4678
f 4387 4465 4732
f 4610 4707 4658
f 4655 4634 4543
f 4651 4517 4673
f 4536 4596 4419
f 4711 4683 4619
f 4498 4595 4759
f 4674 4505 4723
f 4731 4570 4718
f 4693 4444 4443
f 4481 4577 4662
f 4703 4447 4446
f 4687 4647 4628
f 4762 4742 4717
f 4712 4466 4547
f 4711 4517 4683
f 4505 4674 4470
f 4553 4540 4491
f 4499 4589 4664
f 4747 4544 4580
f 4751 4479 4736
f 4494 4387 4732
f 4488 4460 4615
f 4664 4589 4557
f 4526 4652 4470
f 4528 4606 4731
f 4482 4481 4644
f 4659 4725 4529
f 4565 4755 4745
f 4496 4600 4482
f 4765 4638 4601
f 4570 4624 4718
f 4531 4728 4742
f 4486 4685 4579
f 4710 4495 4515
f 4737 4539 4466
f 4604 4631 4538
f 4503 4651 4492
f 4689 4523 4504
f 4483 4591 4642
f 4676 4560 4724
f 4722 4581 4665
f 4722 4499 4704
f 4403 4694 4404
f 4534 4490 4626
f 4762 4695 4471
f 4588 4572 4676
f 4558 4622 4469
f 4736 4479 4694
f 4475 4604 4538
f 4723 4489 4584
f 4574 4649 4548
f 4655 4544 4634
f 4732 4464 4494
f 4387 4494 4388
f 4712 4547 4607
f 4602 4740 4468
f 4508 4546 4567
f 4621 4613 4693
f 4447 4497 4448
f 4516 4680 4550
f 4470 4606 4526
f 4587 4751 4398
f 4452 4451 4738
f 4636 4451 4450
f 4613 4710 4679
f 4763 4569 4733
f 4677 4431 4541
f 4765 4601 4653
f 4715 4733 4726
f 4580 4544 4655
f 4622 4410 4409
f 4735 4573 4708
f 4709 4570 4674
f 4471 4485 4762
f 4435 4692 4437
f 4518 4627 4478
f 4602 4468 4758
f 4466 4454 4737
f 4735 4708 4475
f 4754 4659 4735
f 4746 4389 4388
f 4540 4391 4390
f 4450 4528 4636
f 4396 4727 4397
f 4546 4512 4542
f 4510 4748 4600
f 4514 4743 4502
f 4522 4584 4489
f 4632 4729 4760
f 4549 4698 4758
f 4704 4664 4511
f 4576 4736 4694
f 4704 4581 4722
f 4727 4396 4484
f 4455 4466 4712
f 4592 4458 4480
f 4617 4559 4730
f 4748 4679 4633
f 4614 4719 4759
f 4521 4508 4467
f 4744 4555 4688
f 4466 4455 4454
f 4491 4626 4553
f 4752 4484 4757
f 4697 4690 4667
f 4592 4480 4476
f 4527 4702 4583
f 4520 4506 4573
f 4469 4622 4409
f 4648 4554 4469
f 4681 4678 4462
f 4394 4533 4395
f 4582 4529 4725
f 4573 4529 4520
f 4558 4579 4685
f 4763 4608 4569
f 4646 4545 4642
f 4495 4601 4638
f 4701 4616 4739
f 4433 4590 4434
f 5115 5107 5026
f 4849 4971 4881
f 4849 5047 4840
f 4849 4888 4971
f 5107 4920 5026
f 5025 5144 5085
f 5144 4929 5085
f 4867 5133 4771
f 5021 4775 4776
f 5101 5068 4943
f 5002 4969 5019
f 4774 5093 4773
f 5068 4903 4934
f 4969 5101 4991
f 4778 4962 5123
f 5010 5014 5090
f 4941 5077 5098
f 4852 5110 5014
f 5049 4915 4927
f 4965 4879 4991
f 5057 4784 4785
f 5018 5042 4998
f 4997 5118 4893
f 5001 4993 5044
f 5043 4955 5120
f 4846 4914 5058
f 4850 5140 4827
f 4990 5102 5035
f 5116 4944 5020
f 4980 4956 5112
f 4908 5113 5125
f 5032 4893 5034
f 4973 4952 4953
f 4851 5003 4891
f 5094 4894 4802
f 4953 4952 4859
f 5097 5046 4973
f 5137 4869 4901
f 5114 4976 5064
f 5072 4860 5054
f 5000 4880 4973
f 5119 4896 4891
f 5016 4925 5130
f 5046 4932 5135
f 4922 4808 4809
f 4812 5023 4811
f 4906 4810 4811
f 4861 4866 5143
f 4853 4816 4992
f 5063 4922 4809
f 4816 4853 4815
f 4918 4901 4922
f 5117 4909 4948
f 5059 5063 4810
f 5054 5023 4878
f 5073 4820 4821
f 5142 4909 4886
f 5132 5050 4884
f 4908 4984 4996
f 4928 4914 5029
f 5110 4786 4787
f 5122 4970 5004
f 5071 5124 5140
f 4999 4997 4970
f 4963 4836 4947
f 5081 5021 4776
f 4919 4831 4832
f 4926 4966 5017
f 4947 4837 4920
f 5133 4770 4771
f 4966 4926 5071
f 4929 5056 4881
f 4838 4839 5066
f 4837 5030 4920
f 5134 4971 4888
f 5030 5026 4920
f 4843 4844 4766
f 4845 4784 5057
f 5106 5075 5013
f 4928 4873 4914
f 5136 4982 4876
f 4923 4833 4834
f 5099 5061 4968
f 4949 4912 4913
f 5096 4982 5005
f 5129 4951 5039
f 5030 4838 5066
f 5102 4956 4944
f 5073 4911 5143
f 5023 5054 5095
f 5064 4976 5024
f 4943 5068 4995
f 4784 4845 4783
f 4848 5142 4823
f 4922 4901 4808
f 5058 4914 4873
f 5001 5043 4993
f 4975 5015 5037
f 5097 5041 5060
f 4897 4882 4889
f 5074 5103 4962
f 4847 5067 5034
f 5108 5091 5037
f 5048 4848 4824
f 5003 4855 4891
f 4874 5130 4935
f 4907 5060 4960
f 4992 4817 5028
f 4978 4918 4922
f 5054 4860 5095
f 4872 4812 4813
f 4870 5085 4971
f 5144 4945 4929
f 5035 4994 5031
f 4877 5075 5106
f 4948 5083 4864
f 4992 4814 4853
f 5099 4777 5123
f 4877 5002 5019
f 5063 4978 4922
f 5072 5054 4878
f 5066 5047 5026
f 4939 4923 4834
f 4968 5061 5001
f 4839 5047 5066
f 4851 5137 4918
f 4880 5000 4857
f 4836 4837 4947
f 5133 4867 5079
f 5083 5048 5033
f 4890 4826 4871
f 5135 4858 4928
f 4878 5023 4872
f 4848 5048 5083
f 4866 5028 4817
f 4914 4846 5029
f 4913 4994 5102
f 4983 5055 5013
f 5038 5053 4892
f 4925 4793 4794
f 4997 4999 5006
f 5087 4865 4950
f 5100 4988 4923
f 4978 5059 5109
f 5097 5060 4938
f 5104 5062 4898
f 4927 4933 5049
f 5121 4884 5050
f 5138 4972 4805
f 5007 5009 4945
f 4771 4772 4867
f 5034 5067 5032
f 4787 5127 5110
f 4942 4858 4902
f 4796 4935 4795
f 4885 4941 4981
f 4964 4941 5098
f 5022 4985 5082
f 5125 5113 5089
f 4886 4909 5117
f 5024 4859 4952
f 5120 4955 4961
f 4847 4998 5010
f 5079 4867 4916
f 5027 4945 4863
f 4904 4882 4897
f 5127 4854 5014
f 4871 4826 4827
f 5117 4873 5008
f 4891 4896 5137
f 4956 5102 4990
f 5125 4984 4908
f 5098 4999 4970
f 4915 5126 4875
f 4902 4858 4938
f 5119 4855 4972
f 4976 4917 5024
f 4950 4915 5049
f 4863 5025 4895
f 5072 5128 4861
f 5040 5037 5091
f 4790 4791 5005
f 5069 5104 5126
f 4929 4881 5085
f 5036 5087 4983
f 4936 5076 4899
f 5004 4889 5031
f 5029 5135 4928
f 5083 4909 4848
f 4906 5023 5095
f 4860 4902 4907
f 5113 4954 4912
f 4878 4872 5028
f 4968 5001 5044
f 4945 5009 4929
f 5035 5031 5136
f 4781 5074 4962
f 4966 4884 5038
f 4946 5077 4941
f 4942 5008 4928
f 4918 5137 4901
f 4851 4891 5137
f 4959 4864 5033
f 4829 4979 4850
f 5073 5065 4886
f 4942 4900 5045
f 4900 4860 5072
f 5027 4940 4958
f 4854 4789 4904
f 5117 5045 4886
f 5073 5143 4820
f 5080 5078 5057
f 4924 4952 4880
f 4852 5014 5010
f 5116 5020 5058
f 5010 5090 4847
f 4978 5063 5059
f 4961 5074 4921
f 5121 4927 5053
f 4934 5079 4916
f 4957 5080 5022
f 4889 5004 5067
f 4799 5141 5011
f 4802 4894 5114
f 4911 5073 4886
f 4832 4833 4974
f 4988 4967 4977
f 4899 5076 4877
f 5133 4895 4770
f 4779 4780 4962
f 4845 5078 5120
f 4978 4960 4918
f 4938 4932 5097
f 4873 4948 4989
f 4983 4963 5092
f 5091 4924 4880
f 4980 4975 5040
f 5040 4975 5037
f 4994 4964 5122
f 5131 4951 5129
f 4987 4959 5033
f 5126 5118 5006
f 4940 5079 4934
f 4850 4979 5071
f 5109 5095 4907
f 4841 4842 4888
f 4767 5134 4937
f 4917 4859 5024
f 4797 4798 5015
f 5095 4860 4907
f 5124 4931 4996
f 4846 5020 4930
f 5065 5142 4886
f 5082 5042 5018
f 4950 4977 5087
f 4937 4888 4842
f 4923 4974 4833
f 4871 5140 4987
f 4800 5064 5141
f 4884 4966 4979
f 5087 5036 5076
f 4843 4937 4842
f 5115 5088 5105
f 4938 4858 4932
f 4869 4807 4901
f 4835 4939 4834
f 5106 5013 5105
f 5007 5027 4958
f 4766 4937 4843
f 4930 4980 5040
f 4998 5034 5018
f 4872 4813 4814
f 4960 5109 4907
f 4884 5121 5053
f 4934 4868 5068
f 5116 5113 4949
f 4912 4949 5113
f 4862 4895 5025
f 4995 5068 5093
f 5125 5089 4989
f 4982 5136 4882
f 4981 4941 4954
f 4983 4967 4963
f 5048 4824 4825
f 4880 4952 4973
f 4976 5070 4917
f 4857 5091 4880
f 5050 4919 5121
f 4958 4940 5002
f 5126 5104 5084
f 5123 4962 5103
f 4855 4883 4972
f 4859 4917 5003
f 4902 4860 4900
f 5045 5008 4942
f 5041 4918 4960
f 4981 4931 4885
f 5013 5075 5036
f 5099 5081 4777
f 4793 5051 4792
f 4857 4930 5040
f 4986 5086 4936
f 4845 5120 4961
f 4986 4936 4899
f 4863 5079 5027
f 5124 4996 4959
f 5097 4973 4953
f 4960 4978 5109
f 5012 4804 4805
f 4852 5042 4985
f 4782 4921 4781
f 5076 5036 5075
f 5001 5061 4955
f 5086 5062 5104
f 5013 5036 4983
f 4871 4827 5140
f 4910 5111 5118
f 4905 5077 4946
f 5080 4856 4852
f 5136 4889 4882
f 4944 4913 5102
f 4884 5053 5038
f 4945 5027 5007
f 4943 4968 5044
f 5139 4965 4991
f 4983 5087 4967
f 4969 4991 5019
f 5006 5118 4997
f 5052 5006 4999
f 5133 4863 4895
f 5107 5013 5055
f 5097 4953 4851
f 5041 5097 4851
f 4804 5094 4803
f 4818 4866 4817
f 4832 4974 4919
f 4893 5018 5034
f 5130 4794 4795
f 5112 5016 5130
f 4886 5045 4911
f 4917 5070 4883
f 4920 5107 5055
f 5022 5082 5129
f 4811 5023 4906
f 5012 4894 5094
f 5052 5077 4905
f 4865 5086 5069
f 4975 4874 4935
f 5004 4970 5032
f 4905 4885 5017
f 4987 4890 4871
f 5130 4925 4794
f 4935 4796 5015
f 4963 4967 5100
f 4985 5042 5082
f 4944 4956 5020
f 4984 5125 4989
f 5043 5078 4957
f 4975 4935 5015
f 5062 4986 4879
f 5042 5010 4998
f 5135 5029 5000
f 4828 4850 4827
f 4879 4986 4991
f 4939 4963 5100
f 5067 5004 5032
f 5140 5124 4987
f 4793 4925 5051
f 5058 5020 4846
f 5111 5082 5018
f 4903 5068 5101
f 4992 4816 4817
f 4992 4872 4814
f 5132 4979 4829
f 5062 4879 4887
f 4847 4897 5067
f 4893 5032 4997
f 5084 4898 4910
f 4916 4772 4773
f 5058 4989 5089
f 4979 4966 5071
f 5051 5005 4792
f 4958 4877 5106
f 4854 5127 4787
f 5053 4927 4875
f 5096 5016 4876
f 4849 4840 4841
f 4865 5069 4950
f 5094 4804 5012
f 5093 5068 4868
f 5139 4991 5101
f 5055 5092 4947
f 4939 5100 4923
f 5117 4948 4873
f 5114 5070 4976
f 5051 4925 5096
f 5022 5129 5039
f 5057 5078 4845
f 4930 4857 5000
f 4874 4975 4980
f 4940 4934 4903
f 5019 4986 4899
f 5085 4881 4971
f 4982 4882 5005
f 4791 4792 5005
f 5144 5025 4863
f 4862 4769 4895
f 4904 4789 4790
f 4790 5005 4882
f 5116 5089 5113
f 4900 5072 4861
f 4953 4859 5003
f 4924 5091 5108
f 4898 5062 4887
f 4947 4920 5055
f 4893 5111 5018
f 4887 4951 5131
f 4799 5011 4798
f 5064 5024 5141
f 4982 5096 4876
f 5042 4852 5010
f 5002 4940 4903
f 5116 4949 4913
f 4782 4961 4921
f 5019 4899 4877
f 4863 4945 5144
f 5105 5107 5115
f 5136 4876 5035
f 4848 4909 5142
f 4868 4916 4773
f 4775 5021 4774
f 4865 5076 4936
f 5050 4830 4831
f 4807 4808 4901
f 4911 4861 5143
f 5130 4795 4935
f 5029 4846 5000
f 4929 5088 5056
f 4849 4881 5056
f 4870 4862 5085
f 4950 5049 4977
f 5009 5088 4929
f 4895 4769 4770
f 5138 4806 4869
f 4853 4814 4815
f 5128 4866 4861
f 4900 4942 4902
f 4933 4974 4988
f 4974 4933 4919
f 5124 4926 4931
f 4910 5131 5082
f 4905 5017 5038
f 4905 4892 5052
f 4896 5119 4869
f 5000 5046 5135
f 4787 4788 4854
f 5077 5052 4999
f 5112 4990 5016
f 5090 4904 4897
f 4963 4835 4836
f 4986 5062 5086
f 5020 4956 4980
f 4917 4883 4855
f 5037 5015 5011
f 4919 4933 5121
f 5027 5079 4940
f 4865 5087 5076
f 5031 5122 5004
f 5141 5108 5011
f 4874 5112 5130
f 4952 4924 5024
f 4911 4900 4861
f 4854 4904 5090
f 4968 4943 4995
f 4910 4898 5131
f 4993 5043 5039
f 4951 4993 5039
f 5065 4821 4822
f 5143 4819 4820
f 4864 5083 5033
f 5097 4932 5046
f 4937 5134 4888
f 5106 5088 5009
f 4866 4818 4819
f 4890 4825 4826
f 5121 4933 4927
f 5126 5006 4875
f 4933 4988 5049
f 5050 5132 4830
f 4847 5090 4897
f 4964 4954 4941
f 5112 4956 4990
f 4852 4985 5080
f 5126 5084 5118
f 4967 4988 5100
f 5143 4866 4819
f 5058 4873 4989
f 5086 4865 4936
f 4862 4870 4769
f 5030 5066 5026
f 5079 4863 5133
f 4991 4986 5019
f 4921 5074 4781
f 4953 5003 4851
f 4912 4954 4964
f 5137 4896 4869
f 4872 5023 4812
f 4972 4883 5012
f 5060 4907 4938
f 4955 5061 5103
f 4779 4962 4778
f 5056 5026 5047
f 5006 5052 4875
f 4869 5119 5138
f 5041 4851 4918
f 4917 4855 5003
f 4796 4797 5015
f 5060 5041 4960
f 4821 5065 5073
f 5106 5007 4958
f 4963 4939 4835
f 5110 4856 4786
f 4913 4912 4994
f 4995 5021 5081
f 4961 4782 4783
f 4852 4856 5110
f 5122 5031 4994
f 5135 4932 4858
f 5046 5000 4973
f 4884 4979 5132
f 5071 4926 5124
f 5142 4822 4823
f 4948 4909 5083
f 4822 5142 5065
f 4907 4902 4938
f 5104 5069 5086
f 4780 4781 4962
f 4965 4951 4887
f 4845 4961 4783
f 4877 5076 5075
f 5111 4910 5082
f 4946 4885 4905
f 4987 5124 4959
f 5131 5129 5082
f 5103 5074 4955
f 5021 5093 4774
f 5093 5021 4995
f 4985 5022 5080
f 5069 4915 4950
f 4870 4768 4769
f 4916 4867 4772
f 5123 5103 5061
f 4879 4965 4887
f 5033 4890 4987
f 4848 4823 4824
f 5098 5077 4999
f 4970 4997 5032
f 5025 5085 4862
f 5106 5105 5088
f 4966 5038 5017
f 4854 5090 5014
f 5101 4969 4903
f 4993 4951 4965
f 4837 4838 5030
f 5056 5115 5026
f 5033 5048 4890
f 4798 5011 5015
f 5078 5080 4957
f 4919 5050 4831
f 5122 4964 5098
f 5024 4924 5108
f 5104 4898 5084
f 4943 5139 5101
f 5078 5043 5120
f 5093 4868 4773
f 4876 5016 4990
f 4800 4801 5064
f 5128 5028 4866
f 5063 4809 4810
f 5122 5098 4970
f 5127 5014 5110
f 4954 5113 4908
f 4891 4855 5119
f 4984 4959 4996
f 5005 5051 5096
f 5115 5056 5088
f 4961 4955 5074
f 4850 5071 5140
f 5084 4910 5118
f 4937 4766 4767
f 4868 4934 4916
f 4799 4800 5141
f 4897 4889 5067
f 5044 4965 5139
f 4877 4958 5002
f 5139 4943 5044
f 4955 5043 5001
f 5055 4983 5092
f 4839 4840 5047
f 5126 4915 5069
f 4977 4967 5087
f 4768 4870 5134
f 5007 5106 5009
f 5012 5070 4894
f 5011 5108 5037
f 4906 5095 5109
f 4972 5012 4805
f 4892 4875 5052
f 5039 5043 4957
f 4892 4905 5038
f 4885 4946 4941
f 5141 5024 5108
f 4944 5116 4913
f 4801 4802 5114
f 4864 4989 4948
f 4857 5040 5091
f 5045 5117 5008
f 4898 4887 5131
f 4974 4923 4988
f 4994 4912 4964
f 4988 4977 5049
f 5058 5089 5116
f 4989 4864 4984
f 4927 4915 4875
f 5118 5111 4893
f 4883 5070 5012
f 5094 4802 4803
f 5099 5123 5061
f 5081 5099 4968
f 5132 4829 4830
f 4892 5053 4875
f 4788 4789 4854
f 5112 4874 4980
f 5002 4903 4969
f 4998 4847 5034
f 5035 4876 4990
f 4864 4959 4984
f 5102 4994 5035
f 4981 4908 4996
f 4908 4981 4954
f 5092 4963 4947
f 5039 4957 5022
f 4965 5044 4993
f 4872 4992 5028
f 4878 5028 5128
f 5017 4931 4926
f 4856 5057 4785
f 5136 5031 4889
f 5096 4925 5016
f 4856 4785 4786
f 4856 5080 5057
f 4890 5048 4825
f 4846 4930 5000
f 5107 5105 5013
f 4841 4888 4849
f 5134 4767 4768
f 5047 4849 5056
f 4906 5059 4810
f 4930 5020 4980
f 4928 5008 4873
f 4790 4882 4904
f 5119 4972 5138
f 5059 4906 5109
f 4801 5114 5064
f 4807 4869 4806
f 4995 5081 4968
f 4777 4778 5123
f 4828 4829 4850
f 4931 5017 4885
f 4894 5070 5114
f 4806 5138 4805
f 4996 4931 4981
f 5045 4900 4911
f 5072 4878 5128
f 4942 4928 4858
f 5134 4870 4971
f 5081 4776 4777
f 5284 5312 5412
f 5515 5472 5504
f 5517 5480 5495
f 5302 5372 5223
f 5216 5215 5414
f 5414 5501 5424
f 5379 5302 5222
f 5315 5287 5419
f 5341 5148 5446
f 5306 5221 5220
f 5249 5152 5523
f 5345 5460 5479
f 5247 5239 5394
f 5274 5458 5521
f 5423 5465 5411
f 5254 5353 5367
f 5370 5338 5488
f 5454 5245 5429
f 5291 5349 5384
f 5159 5441 5386
f 5299 5463 5265
f 5512 5169 5410
f 5230 5225 5258
f 5167 5335 5168
f 5168 5255 5169
f 5507 5399 5380
f 5375 5344 5422
f 5352 5502 5481
f 5303 5447 5354
f 5406 5275 5175
f 5237 5380 5177
f 5242 5325 5400
f 5362 5518 5514
f 5294 5282 5383
f 5333 5283 5319
f 5332 5514 5375
f 5489 5278 5323
f 5382 5281 5195
f 5409 5273 5326
f 5505 5334 5304
f 5294 5509 5268
f 5268 5509 5500
f 5280 5477 5497
f 5188 5187 5323
f 5500 5181 5268
f 5243 5326 5499
f 5337 5520 5420
f 5265 5240 5233
f 5360 5358 5457
f 5355 5339 5376
f 5192 5191 5271
f 5456 5357 5416
f 5522 5490 5439
f 5444 5231 5324
f 5421 5238 5321
f 5356 5347 5417
f 5321 5415 5279
f 5261 5417 5232
f 5285 5202 5201
f 5347 5516 5417
f 5233 5356 5261
f 5205 5345 5206
f 5365 5211 5340
f 5340 5209 5208
f 5288 5365 5311
f 5393 5250 5276
f 5391 5513 5300
f 5336 5267 5317
f 5366 5469 5510
f 5370 5270 5462
f 5378 5479 5472
f 5368 5423 5446
f 5306 5298 5229
f 5472 5371 5504
f 5411 5446 5423
f 5229 5295 5423
f 5372 5145 5223
f 5451 5246 5439
f 5435 5373 5436
f 5227 5445 5348
f 5170 5253 5171
f 5246 5509 5294
f 5445 5400 5409
f 5467 5320 5190
f 5484 5388 5494
f 5197 5432 5198
f 5512 5332 5253
f 5229 5309 5306
f 5458 5295 5521
f 5497 5416 5474
f 5230 5258 5272
f 5265 5328 5240
f 5153 5482 5464
f 5333 5502 5387
f 5238 5358 5359
f 5203 5202 5395
f 5244 5430 5455
f 5392 5312 5401
f 5182 5257 5183
f 5452 5405 5396
f 5480 5252 5424
f 5249 5153 5152
f 5235 5150 5149
f 5303 5498 5431
f 5258 5225 5343
f 5265 5342 5299
f 5438 5260 5352
f 5404 5431 5475
f 5245 5249 5523
f 5397 5204 5395
f 5449 5329 5342
f 5478 5429 5458
f 5270 5290 5482
f 5196 5329 5197
f 5416 5314 5474
f 5271 5403 5301
f 5314 5382 5474
f 5283 5242 5445
f 5167 5166 5335
f 5462 5454 5408
f 5276 5385 5393
f 5373 5434 5436
f 5171 5343 5172
f 5517 5408 5478
f 5448 5157 5156
f 5263 5316 5453
f 5301 5193 5192
f 5155 5464 5381
f 5154 5153 5464
f 5259 5460 5392
f 5308 5433 5504
f 5487 5438 5388
f 5511 5250 5359
f 5318 5300 5515
f 5368 5442 5390
f 5387 5502 5260
f 5272 5507 5380
f 5431 5447 5303
f 5421 5457 5358
f 5443 5286 5481
f 5384 5244 5353
f 5180 5179 5307
f 5273 5497 5477
f 5519 5490 5506
f 5182 5500 5257
f 5344 5435 5507
f 5253 5170 5512
f 5470 5378 5391
f 5288 5479 5470
f 5403 5497 5474
f 5256 5355 5440
f 5413 5324 5292
f 5194 5493 5382
f 5232 5417 5277
f 5316 5448 5381
f 5405 5315 5501
f 5455 5388 5438
f 5240 5356 5233
f 5289 5401 5284
f 5248 5325 5234
f 5342 5265 5449
f 5313 5336 5461
f 5487 5388 5484
f 5266 5407 5251
f 5245 5236 5429
f 5403 5280 5497
f 5225 5172 5343
f 5373 5435 5514
f 5272 5237 5230
f 5448 5310 5508
f 5310 5316 5263
f 5420 5520 5486
f 5183 5257 5505
f 5175 5275 5427
f 5344 5258 5422
f 5331 5499 5477
f 5242 5389 5325
f 5354 5283 5333
f 5241 5290 5270
f 5491 5435 5436
f 5410 5255 5349
f 5485 5392 5444
f 5385 5459 5262
f 5395 5202 5231
f 5226 5303 5354
f 5377 5278 5489
f 5297 5380 5399
f 5449 5265 5233
f 5279 5328 5234
f 5271 5466 5337
f 5189 5467 5190
f 5190 5320 5466
f 5432 5261 5305
f 5427 5176 5175
f 5273 5456 5416
f 5457 5421 5426
f 5494 5430 5165
f 5259 5479 5460
f 5391 5300 5418
f 5404 5296 5457
f 5203 5395 5204
f 5166 5165 5430
f 5307 5179 5297
f 5515 5468 5318
f 5312 5392 5485
f 5495 5480 5419
f 5312 5496 5412
f 5287 5264 5398
f 5368 5390 5309
f 5155 5381 5156
f 5517 5274 5480
f 5286 5269 5352
f 5327 5254 5286
f 5439 5224 5522
f 5261 5356 5417
f 5264 5504 5433
f 5479 5371 5472
f 5363 5161 5425
f 5339 5402 5436
f 5411 5235 5341
f 5222 5221 5379
f 5327 5286 5376
f 5492 5248 5299
f 5237 5176 5427
f 5375 5435 5344
f 5290 5464 5482
f 5340 5211 5210
f 5493 5403 5474
f 5329 5449 5432
f 5369 5206 5345
f 5207 5206 5369
f 5323 5374 5322
f 5399 5282 5307
f 5306 5220 5298
f 5390 5372 5302
f 5267 5407 5266
f 5389 5503 5447
f 5473 5323 5322
f 5354 5503 5283
f 5397 5392 5460
f 5361 5355 5376
f 5458 5274 5478
f 5437 5151 5150
f 5268 5181 5180
f 5362 5410 5349
f 5338 5428 5394
f 5295 5298 5521
f 5302 5379 5309
f 5274 5252 5480
f 5276 5247 5428
f 5293 5433 5289
f 5207 5369 5311
f 5513 5391 5378
f 5338 5510 5469
f 5292 5516 5347
f 5465 5295 5458
f 5385 5276 5428
f 5226 5333 5483
f 5516 5285 5364
f 5508 5158 5157
f 5238 5413 5415
f 5366 5510 5462
f 5405 5501 5414
f 5336 5313 5475
f 5251 5484 5163
f 5515 5504 5468
f 5401 5289 5308
f 5404 5457 5431
f 5178 5380 5297
f 5520 5506 5490
f 5304 5519 5377
f 5285 5516 5324
f 5426 5471 5447
f 5351 5281 5346
f 5184 5322 5185
f 5473 5304 5377
f 5278 5188 5323
f 5198 5432 5305
f 5364 5417 5516
f 5451 5439 5519
f 5190 5466 5191
f 5420 5331 5280
f 5451 5334 5509
f 5164 5494 5165
f 5243 5440 5355
f 5321 5279 5471
f 5347 5240 5415
f 5256 5402 5339
f 5228 5348 5326
f 5468 5264 5287
f 5310 5461 5508
f 5505 5184 5183
f 5361 5228 5355
f 5427 5275 5230
f 5253 5343 5171
f 5484 5164 5163
f 5269 5254 5367
f 5520 5490 5486
f 5294 5491 5402
f 5425 5160 5386
f 5438 5269 5367
f 5476 5291 5254
f 5348 5409 5326
f 5498 5483 5267
f 5463 5248 5234
f 5484 5251 5487
f 5336 5317 5461
f 5255 5384 5349
f 5406 5175 5174
f 5210 5209 5340
f 5371 5308 5504
f 5437 5236 5523
f 5147 5390 5442
f 5234 5325 5389
f 5346 5299 5342
f 5406 5225 5275
f 5332 5375 5422
f 5481 5227 5443
f 5514 5332 5362
f 5293 5284 5393
f 5371 5401 5308
f 5483 5333 5387
f 5503 5389 5242
f 5364 5201 5200
f 5471 5279 5234
f 5260 5502 5352
f 5441 5158 5508
f 5430 5388 5455
f 5244 5384 5335
f 5247 5276 5511
f 5463 5234 5328
f 5456 5409 5400
f 5444 5397 5395
f 5491 5436 5402
f 5226 5498 5303
f 5494 5388 5430
f 5319 5227 5481
f 5319 5445 5227
f 5335 5166 5430
f 5383 5282 5399
f 5415 5292 5347
f 5326 5273 5477
f 5351 5342 5329
f 5357 5492 5346
f 5261 5232 5305
f 5291 5518 5349
f 5215 5396 5414
f 5445 5409 5348
f 5501 5315 5419
f 5276 5250 5511
f 5471 5426 5421
f 5387 5260 5487
f 5283 5503 5242
f 5173 5172 5225
f 5168 5384 5255
f 5333 5226 5354
f 5319 5481 5502
f 5357 5314 5416
f 5250 5412 5359
f 5330 5418 5300
f 5468 5504 5264
f 5350 5239 5247
f 5360 5247 5511
f 5352 5269 5438
f 5335 5430 5244
f 5379 5221 5306
f 5450 5235 5411
f 5460 5204 5397
f 5285 5324 5231
f 5285 5201 5364
f 5394 5239 5488
f 5330 5212 5418
f 5396 5330 5452
f 5218 5521 5219
f 5146 5145 5372
f 5399 5307 5297
f 5518 5362 5349
f 5489 5473 5377
f 5522 5440 5499
f 5294 5402 5246
f 5253 5422 5343
f 5376 5339 5434
f 5475 5313 5404
f 5304 5451 5519
f 5187 5374 5323
f 5231 5444 5395
f 5259 5401 5371
f 5298 5219 5521
f 5229 5298 5295
f 5279 5240 5328
f 5173 5225 5406
f 5313 5263 5350
f 5296 5360 5457
f 5499 5331 5522
f 5403 5337 5420
f 5402 5256 5224
f 5427 5230 5237
f 5244 5455 5367
f 5492 5325 5248
f 5300 5318 5452
f 5501 5480 5424
f 5287 5398 5366
f 5195 5281 5351
f 5425 5161 5160
f 5247 5360 5350
f 5317 5386 5441
f 5383 5435 5491
f 5340 5208 5311
f 5376 5286 5361
f 5450 5465 5429
f 5262 5459 5469
f 5365 5418 5211
f 5408 5517 5495
f 5313 5296 5404
f 5365 5470 5391
f 5238 5496 5413
f 5264 5433 5262
f 5318 5315 5405
f 5267 5336 5498
f 5261 5449 5233
f 5346 5492 5299
f 5214 5213 5396
f 5437 5150 5235
f 5479 5378 5470
f 5345 5288 5369
f 5523 5151 5437
f 5264 5262 5398
f 5491 5294 5383
f 5185 5374 5186
f 5457 5426 5431
f 5456 5400 5492
f 5305 5199 5198
f 5229 5423 5368
f 5327 5376 5434
f 5237 5272 5380
f 5351 5346 5342
f 5467 5506 5320
f 5354 5447 5503
f 5339 5436 5434
f 5287 5318 5468
f 5408 5454 5429
f 5339 5355 5256
f 5406 5174 5173
f 5425 5317 5363
f 5445 5319 5283
f 5311 5365 5340
f 5274 5517 5478
f 5362 5332 5410
f 5403 5271 5337
f 5514 5518 5373
f 5266 5161 5363
f 5478 5408 5429
f 5513 5472 5515
f 5393 5284 5412
f 5263 5239 5350
f 5277 5364 5200
f 5321 5238 5415
f 5408 5495 5462
f 5284 5401 5312
f 5277 5199 5232
f 5496 5359 5412
f 5253 5332 5422
f 5493 5194 5193
f 5324 5413 5444
f 5471 5389 5447
f 5318 5405 5452
f 5398 5262 5469
f 5325 5492 5400
f 5470 5365 5288
f 5294 5268 5282
f 5178 5297 5179
f 5394 5488 5338
f 5247 5394 5428
f 5244 5367 5353
f 5507 5383 5399
f 5513 5378 5472
f 5424 5216 5414
f 5252 5521 5218
f 5385 5262 5433
f 5441 5159 5158
f 5168 5335 5384
f 5361 5443 5228
f 5241 5370 5488
f 5275 5225 5230
f 5258 5343 5422
f 5330 5396 5213
f 5238 5421 5358
f 5215 5214 5396
f 5316 5310 5448
f 5434 5518 5476
f 5270 5482 5245
f 5296 5313 5350
f 5425 5386 5317
f 5279 5415 5240
f 5445 5242 5400
f 5444 5413 5485
f 5213 5212 5330
f 5317 5441 5461
f 5254 5327 5476
f 5307 5282 5268
f 5337 5466 5520
f 5266 5162 5161
f 5476 5518 5291
f 5442 5148 5147
f 5390 5147 5146
f 5438 5367 5455
f 5487 5407 5387
f 5355 5228 5243
f 5186 5374 5187
f 5493 5474 5382
f 5280 5403 5420
f 5511 5358 5360
f 5370 5241 5270
f 5298 5220 5219
f 5309 5379 5306
f 5254 5291 5353
f 5502 5333 5319
f 5288 5345 5479
f 5357 5456 5492
f 5317 5267 5363
f 5277 5417 5364
f 5446 5442 5368
f 5302 5223 5222
f 5243 5228 5326
f 5263 5313 5310
f 5302 5309 5390
f 5290 5381 5464
f 5246 5402 5224
f 5292 5324 5516
f 5309 5229 5368
f 5446 5148 5442
f 5382 5314 5281
f 5489 5323 5473
f 5454 5270 5245
f 5428 5338 5459
f 5359 5358 5511
f 5330 5300 5452
f 5523 5152 5151
f 5148 5341 5149
f 5228 5443 5227
f 5426 5447 5431
f 5389 5471 5234
f 5377 5506 5467
f 5493 5193 5301
f 5424 5252 5217
f 5475 5498 5336
f 5482 5249 5245
f 5459 5338 5469
f 5292 5415 5413
f 5501 5419 5480
f 5207 5311 5208
f 5475 5431 5498
f 5382 5195 5194
f 5482 5153 5249
f 5398 5469 5366
f 5299 5248 5463
f 5483 5498 5226
f 5235 5450 5437
f 5245 5523 5236
f 5372 5390 5146
f 5423 5295 5465
f 5505 5322 5184
f 5301 5403 5493
f 5519 5506 5377
f 5439 5246 5224
f 5413 5496 5485
f 5290 5316 5381
f 5318 5287 5315
f 5252 5218 5217
f 5288 5311 5369
f 5459 5385 5428
f 5280 5331 5477
f 5241 5488 5453
f 5401 5259 5392
f 5495 5366 5462
f 5322 5374 5185
f 5467 5189 5278
f 5334 5500 5509
f 5320 5506 5520
f 5440 5243 5499
f 5350 5360 5296
f 5512 5410 5332
f 5251 5162 5266
f 5195 5351 5196
f 5448 5508 5157
f 5409 5456 5273
f 5363 5267 5266
f 5393 5412 5250
f 5432 5197 5329
f 5391 5418 5365
f 5419 5366 5495
f 5263 5453 5239
f 5419 5287 5366
f 5429 5236 5450
f 5465 5458 5429
f 5494 5164 5484
f 5286 5254 5269
f 5487 5260 5438
f 5361 5286 5443
f 5293 5393 5385
f 5300 5513 5515
f 5162 5251 5163
f 5481 5286 5352
f 5310 5313 5461
f 5267 5483 5407
f 5321 5471 5421
f 5450 5236 5437
f 5257 5500 5334
f 5490 5522 5486
f 5176 5237 5177
f 5420 5486 5331
f 5327 5434 5476
f 5268 5180 5307
f 5265 5463 5328
f 5466 5320 5520
f 5522 5224 5440
f 5331 5486 5522
f 5228 5227 5348
f 5251 5407 5487
f 5462 5270 5454
f 5289 5284 5293
f 5232 5199 5305
f 5371 5479 5259
f 5346 5281 5357
f 5519 5439 5490
f 5370 5510 5338
f 5241 5316 5290
f 5257 5334 5505
f 5281 5314 5357
f 5278 5189 5188
f 5256 5440 5224
f 5235 5149 5341
f 5424 5217 5216
f 5169 5255 5410
f 5448 5156 5381
f 5289 5433 5308
f 5449 5261 5432
f 5359 5496 5238
f 5433 5293 5385
f 5483 5387 5407
f 5196 5351 5329
f 5278 5377 5467
f 5473 5322 5505
f 5500 5182 5181
f 5177 5380 5178
f 5316 5241 5453
f 5441 5508 5461
f 5304 5334 5451
f 5375 5514 5435
f 5370 5462 5510
f 5521 5252 5274
f 5386 5160 5159
f 5485 5496 5312
f 5373 5518 5434
f 5353 5291 5384
f 5205 5460 5345
f 5204 5460 5205
f 5246 5451 5509
f 5272 5258 5344
f 5414 5396 5405
f 5231 5202 5285
f 5347 5356 5240
f 5199 5277 5200
f 5211 5418 5212
f 5444 5392 5397
f 5272 5344 5507
f 5169 5512 5170
f 5271 5191 5466
f 5477 5499 5326
f 5273 5416 5497
f 5271 5301 5192
f 5488 5239 5453
f 5446 5411 5341
f 5505 5304 5473
f 5435 5383 5507
f 5411 5465 5450
f 5154 5464 5155
f 5827 5721 5639
f 5663 5805 5656
f 5886 5760 5528
f 5776 5749 5843
f 5652 5624 5760
f 5818 5753 5796
f 5641 5883 5854
f 5847 5728 5782
f 5886 5529 5874
f 5648 5711 5821
f 5531 5532 5734
f 5849 5691 5827
f 5614 5814 5842
f 5804 5793 5636
f 5617 5620 5815
f 5720 5893 5839
f 5846 5795 5837
f 5823 5623 5779
f 5774 5834 5741
f 5635 5539 5716
f 5546 5880 5545
f 5807 5638 5839
f 5751 5568 5569
f 5606 5850 5862
f 5611 5860 5813
f 5612 5694 5619
f 5838 5773 5725
f 5901 5806 5889
f 5671 5637 5682
f 5706 5817 5799
f 5619 5783 5612
f 5619 5724 5547
f 5540 5541 5865
f 5862 5552 5553
f 5626 5848 5876
f 5763 5630 5698
f 5901 5665 5899
f 5558 5756 5744
f 5570 5571 5884
f 5558 5744 5557
f 5819 5610 5714
f 5898 5819 5714
f 5895 5808 5852
f 5603 5630 5632
f 5802 5756 5739
f 5794 5677 5743
f 5565 5566 5653
f 5787 5884 5857
f 5610 5627 5733
f 5871 5569 5897
f 5645 5832 5840
f 5655 5885 5867
f 5840 5867 5885
f 5770 5651 5671
f 5745 5836 5729
f 5708 5643 5775
f 5840 5649 5859
f 5662 5614 5870
f 5785 5597 5598
f 5792 5608 5723
f 5754 5578 5879
f 5722 5816 5872
f 5723 5617 5815
f 5584 5585 5699
f 5828 5866 5782
f 5853 5863 5654
f 5764 5685 5667
f 5661 5713 5822
f 5752 5719 5718
f 5831 5654 5636
f 5745 5629 5814
f 5785 5803 5735
f 5605 5588 5589
f 5849 5639 5681
f 5892 5592 5593
f 5722 5652 5886
f 5525 5602 5524
f 5549 5550 5783
f 5727 5768 5659
f 5850 5763 5698
f 5694 5612 5799
f 5747 5593 5594
f 5847 5782 5866
f 5606 5862 5554
f 5811 5812 5668
f 5695 5877 5809
f 5673 5672 5818
f 5617 5723 5608
f 5793 5718 5719
f 5847 5715 5728
f 5625 5534 5805
f 5868 5543 5544
f 5751 5871 5737
f 5665 5902 5732
f 5789 5763 5606
f 5554 5555 5789
f 5740 5868 5890
f 5888 5826 5831
f 5622 5710 5618
f 5719 5752 5609
f 5879 5645 5885
f 5880 5546 5724
f 5871 5777 5737
f 5877 5579 5580
f 5887 5864 5634
f 5726 5676 5697
f 5792 5797 5869
f 5676 5855 5617
f 5798 5710 5623
f 5693 5773 5768
f 5548 5619 5547
f 5663 5656 5771
f 5770 5780 5651
f 5742 5834 5774
f 5560 5561 5739
f 5827 5888 5721
f 5669 5820 5731
f 5614 5711 5814
f 5805 5613 5625
f 5702 5746 5701
f 5652 5722 5872
f 5669 5731 5525
f 5526 5527 5669
f 5703 5774 5744
f 5626 5717 5704
f 5664 5777 5848
f 5848 5659 5876
f 5891 5841 5628
f 5777 5664 5737
f 5866 5667 5631
f 5629 5745 5845
f 5834 5742 5630
f 5632 5630 5742
f 5845 5713 5661
f 5674 5846 5837
f 5808 5794 5852
f 5812 5844 5732
f 5890 5868 5544
f 5844 5811 5720
f 5859 5729 5836
f 5717 5788 5781
f 5670 5677 5801
f 5800 5691 5697
f 5874 5688 5722
f 5657 5856 5826
f 5770 5821 5662
f 5620 5675 5870
f 5621 5788 5717
f 5661 5797 5792
f 5620 5870 5815
f 5780 5675 5736
f 5575 5576 5775
f 5629 5842 5814
f 5699 5689 5647
f 5588 5605 5587
f 5636 5888 5831
f 5835 5778 5678
f 5790 5819 5873
f 5829 5575 5775
f 5664 5704 5737
f 5672 5875 5697
f 5691 5849 5672
f 5695 5832 5645
f 5833 5678 5846
f 5859 5836 5687
f 5584 5647 5583
f 5684 5641 5689
f 5552 5850 5551
f 5623 5823 5635
f 5687 5836 5784
f 5695 5809 5887
f 5744 5774 5741
f 5738 5769 5604
f 5648 5730 5712
f 5529 5530 5874
f 5624 5820 5760
f 5609 5681 5719
f 5565 5653 5564
f 5781 5748 5891
f 5849 5818 5672
f 5661 5657 5797
f 5581 5582 5640
f 5832 5729 5649
f 5538 5635 5823
f 5631 5892 5847
f 5858 5684 5699
f 5829 5772 5573
f 5634 5678 5887
f 5639 5849 5827
f 5725 5668 5838
f 5693 5709 5725
f 5865 5541 5683
f 5716 5705 5798
f 5894 5661 5792
f 5855 5618 5620
f 5736 5705 5651
f 5528 5529 5886
f 5875 5663 5726
f 5647 5584 5699
f 5756 5560 5739
f 5567 5568 5628
f 5707 5806 5899
f 5774 5769 5706
f 5671 5651 5637
f 5773 5693 5725
f 5858 5699 5585
f 5858 5810 5764
f 5677 5794 5801
f 5610 5733 5714
f 5526 5669 5525
f 5722 5688 5816
f 5723 5878 5894
f 5822 5674 5856
f 5843 5796 5791
f 5801 5759 5670
f 5833 5846 5713
f 5663 5771 5726
f 5681 5753 5818
f 5691 5672 5697
f 5839 5633 5707
f 5778 5887 5678
f 5715 5654 5728
f 5615 5730 5830
f 5625 5749 5776
f 5654 5863 5728
f 5896 5682 5696
f 5765 5540 5865
f 5605 5685 5810
f 5705 5637 5651
f 5857 5772 5714
f 5700 5900 5762
f 5608 5676 5617
f 5666 5896 5696
f 5609 5816 5753
f 5673 5818 5796
f 5538 5539 5635
f 5716 5765 5705
f 5666 5696 5868
f 5543 5755 5542
f 5592 5892 5591
f 5607 5747 5766
f 5674 5837 5856
f 5836 5814 5784
f 5637 5865 5683
f 5794 5807 5852
f 5649 5840 5832
f 5668 5738 5838
f 5746 5731 5820
f 5663 5875 5673
f 5887 5778 5832
f 5894 5792 5723
f 5736 5675 5710
f 5759 5680 5644
f 5810 5858 5586
f 5527 5760 5820
f 5781 5563 5748
f 5860 5556 5557
f 5762 5740 5633
f 5693 5768 5627
f 5767 5773 5838
f 5889 5890 5880
f 5831 5826 5856
f 5832 5695 5887
f 5730 5615 5712
f 5683 5755 5660
f 5639 5721 5719
f 5825 5616 5854
f 5549 5783 5619
f 5802 5824 5650
f 5837 5795 5883
f 5583 5758 5582
f 5637 5765 5865
f 5633 5740 5806
f 5779 5622 5656
f 5667 5685 5590
f 5599 5702 5598
f 5688 5734 5843
f 5709 5693 5679
f 5668 5812 5738
f 5562 5788 5692
f 5861 5551 5850
f 5718 5793 5804
f 5676 5800 5697
f 5769 5703 5604
f 5559 5756 5558
f 5709 5811 5668
f 5844 5812 5811
f 5610 5819 5790
f 5772 5898 5714
f 5814 5836 5745
f 5830 5682 5896
f 5652 5760 5886
f 5608 5869 5800
f 5661 5894 5845
f 5817 5812 5902
f 5677 5670 5690
f 5898 5873 5819
f 5809 5580 5581
f 5634 5795 5846
f 5627 5895 5679
f 5644 5708 5867
f 5589 5685 5605
f 5636 5793 5721
f 5690 5711 5648
f 5874 5734 5688
f 5876 5824 5851
f 5857 5714 5787
f 5631 5591 5892
f 5878 5723 5815
f 5620 5617 5855
f 5624 5701 5820
f 5770 5648 5821
f 5848 5777 5727
f 5593 5747 5892
f 5681 5609 5753
f 5536 5779 5750
f 5596 5597 5642
f 5832 5778 5729
f 5618 5855 5771
f 5890 5889 5740
f 5848 5626 5664
f 5632 5742 5706
f 5808 5790 5757
f 5827 5691 5646
f 5646 5869 5797
f 5789 5555 5611
f 5562 5563 5781
f 5605 5810 5587
f 5856 5853 5654
f 5690 5648 5712
f 5878 5815 5842
f 5749 5673 5796
f 5615 5743 5712
f 5701 5746 5820
f 5776 5532 5533
f 5868 5755 5543
f 5665 5901 5724
f 5679 5895 5686
f 5841 5748 5653
f 5803 5872 5735
f 5658 5595 5596
f 5623 5622 5779
f 5642 5735 5718
f 5635 5798 5623
f 5623 5710 5622
f 5692 5621 5851
f 5621 5626 5876
f 5665 5694 5902
f 5860 5834 5813
f 5693 5627 5679
f 5783 5861 5603
f 5662 5780 5770
f 5890 5545 5880
f 5659 5767 5876
f 5789 5611 5813
f 5703 5650 5824
f 5552 5862 5850
f 5638 5807 5794
f 5893 5807 5839
f 5604 5703 5824
f 5700 5762 5633
f 5780 5736 5651
f 5658 5642 5718
f 5785 5598 5702
f 5731 5602 5525
f 5658 5804 5761
f 5762 5896 5666
f 5692 5788 5621
f 5717 5781 5891
f 5746 5702 5599
f 5791 5688 5843
f 5649 5729 5859
f 5536 5750 5535
f 5566 5841 5653
f 5690 5712 5677
f 5826 5888 5646
f 5652 5872 5803
f 5639 5719 5681
f 5609 5752 5816
f 5661 5822 5657
f 5877 5580 5809
f 5682 5637 5660
f 5683 5542 5755
f 5756 5559 5560
f 5789 5606 5554
f 5643 5898 5829
f 5687 5759 5644
f 5576 5754 5655
f 5882 5634 5864
f 5615 5900 5743
f 5650 5744 5756
f 5642 5785 5735
f 5735 5752 5718
f 5761 5594 5595
f 5590 5591 5631
f 5808 5801 5794
f 5900 5896 5762
f 5546 5547 5724
f 5813 5763 5789
f 5685 5764 5810
f 5728 5863 5782
f 5548 5549 5619
f 5571 5572 5857
f 5780 5662 5675
f 5715 5607 5766
f 5692 5561 5562
f 5628 5568 5751
f 5901 5880 5724
f 5871 5897 5881
f 5660 5755 5696
f 5630 5813 5834
f 5725 5709 5668
f 5662 5821 5614
f 5803 5624 5652
f 5534 5535 5805
f 5686 5709 5679
f 5720 5707 5844
f 5741 5860 5557
f 5830 5900 5615
f 5774 5703 5769
f 5889 5806 5740
f 5881 5787 5733
f 5643 5829 5775
f 5663 5613 5805
f 5530 5531 5734
f 5787 5714 5733
f 5768 5733 5627
f 5855 5676 5726
f 5822 5856 5657
f 5600 5601 5746
f 5711 5690 5784
f 5759 5687 5670
f 5539 5540 5765
f 5703 5744 5650
f 5659 5773 5767
f 5854 5795 5882
f 5713 5846 5674
f 5724 5694 5665
f 5633 5839 5700
f 5673 5875 5672
f 5877 5695 5645
f 5760 5527 5528
f 5872 5752 5735
f 5857 5572 5772
f 5682 5830 5786
f 5739 5561 5692
f 5871 5751 5569
f 5738 5817 5706
f 5860 5741 5834
f 5630 5763 5813
f 5861 5550 5551
f 5610 5895 5627
f 5775 5655 5708
f 5793 5719 5721
f 5673 5749 5613
f 5636 5766 5804
f 5888 5827 5646
f 5647 5616 5758
f 5761 5766 5747
f 5573 5574 5829
f 5612 5603 5632
f 5863 5883 5641
f 5866 5631 5847
f 5872 5816 5752
f 5602 5731 5601
f 5882 5825 5854
f 5689 5699 5684
f 5786 5830 5730
f 5858 5764 5828
f 5744 5741 5557
f 5553 5554 5862
f 5835 5745 5729
f 5766 5761 5804
f 5655 5754 5885
f 5574 5575 5829
f 5861 5698 5603
f 5704 5891 5628
f 5718 5804 5658
f 5642 5597 5785
f 5894 5878 5845
f 5662 5870 5675
f 5734 5776 5843
f 5618 5710 5675
f 5637 5683 5660
f 5665 5732 5899
f 5897 5884 5881
f 5838 5738 5604
f 5648 5770 5786
f 5873 5898 5643
f 5754 5577 5578
f 5670 5784 5690
f 5582 5758 5640
f 5795 5854 5883
f 5759 5801 5757
f 5612 5783 5603
f 5808 5895 5790
f 5626 5621 5717
f 5677 5712 5743
f 5824 5802 5851
f 5673 5613 5663
f 5645 5879 5877
f 5604 5824 5767
f 5898 5772 5829
f 5750 5656 5805
f 5536 5537 5779
f 5619 5694 5724
f 5638 5743 5700
f 5636 5721 5888
f 5746 5601 5731
f 5694 5799 5902
f 5757 5790 5873
f 5625 5613 5749
f 5886 5874 5722
f 5893 5720 5709
f 5895 5852 5686
f 5853 5856 5837
f 5646 5691 5869
f 5711 5784 5814
f 5622 5771 5656
f 5902 5812 5732
f 5841 5566 5567
f 5866 5828 5764
f 5879 5579 5877
f 5667 5866 5764
f 5667 5590 5631
f 5676 5608 5800
f 5826 5646 5797
f 5641 5684 5828
f 5618 5675 5620
f 5897 5570 5884
f 5707 5720 5839
f 5755 5868 5696
f 5901 5899 5806
f 5845 5835 5833
f 5754 5879 5885
f 5821 5711 5614
f 5859 5644 5867
f 5833 5713 5845
f 5678 5833 5835
f 5876 5767 5824
f 5638 5700 5839
f 5645 5840 5885
f 5616 5689 5854
f 5893 5852 5807
f 5745 5835 5845
f 5796 5753 5791
f 5828 5684 5858
f 5851 5802 5739
f 5612 5632 5799
f 5830 5896 5900
f 5569 5570 5897
f 5798 5736 5710
f 5798 5635 5716
f 5781 5788 5562
f 5891 5704 5717
f 5855 5726 5771
f 5792 5869 5608
f 5761 5747 5594
f 5533 5625 5776
f 5666 5740 5762
f 5774 5706 5742
f 5882 5795 5634
f 5705 5765 5637
f 5674 5822 5713
f 5800 5869 5691
f 5702 5701 5803
f 5589 5590 5685
f 5628 5737 5704
f 5727 5777 5881
f 5607 5715 5847
f 5791 5816 5688
f 5556 5860 5611
f 5720 5811 5709
f 5555 5556 5611
f 5659 5848 5727
f 5656 5750 5779
f 5851 5739 5692
f 5640 5864 5809
f 5581 5640 5809
f 5825 5864 5640
f 5715 5636 5654
f 5736 5798 5705
f 5837 5883 5853
f 5750 5805 5535
f 5658 5761 5595
f 5653 5748 5564
f 5787 5881 5884
f 5734 5532 5776
f 5887 5809 5864
f 5847 5892 5607
f 5644 5859 5687
f 5763 5850 5606
f 5799 5632 5706
f 5738 5812 5817
f 5861 5783 5550
f 5802 5650 5756
f 5890 5544 5545
f 5778 5835 5729
f 5803 5701 5624
f 5577 5754 5576
f 5883 5863 5853
f 5740 5666 5868
f 5697 5875 5726
f 5785 5702 5803
f 5689 5616 5647
f 5678 5634 5846
f 5616 5825 5758
f 5698 5861 5850
f 5768 5773 5659
f 5537 5823 5779
f 5870 5842 5815
f 5671 5786 5770
f 5823 5537 5538
f 5891 5748 5841
f 5733 5727 5881
f 5874 5530 5734
f 5670 5687 5784
f 5655 5867 5708
f 5643 5708 5873
f 5599 5600 5746
f 5527 5820 5669
f 5749 5796 5843
f 5636 5715 5766
f 5799 5817 5902
f 5628 5841 5567
f 5641 5854 5689
f 5578 5579 5879
f 5782 5863 5828
f 5655 5775 5576
f 5808 5757 5801
f 5825 5882 5864
f 5880 5901 5889
f 5682 5660 5696
f 5790 5895 5610
f 5629 5878 5842
f 5625 5533 5534
f 5647 5758 5583
f 5797 5657 5826
f 5831 5856 5654
f 5881 5777 5871
f 5840 5859 5867
f 5539 5765 5716
f 5572 5573 5772
f 5681 5818 5849
f 5642 5658 5596
f 5758 5825 5640
f 5845 5878 5629
f 5816 5791 5753
f 5870 5614 5842
f 5899 5844 5707
f 5786 5671 5682
f 5698 5630 5603
f 5794 5743 5638
f 5737 5628 5751
f 5838 5604 5767
f 5586 5587 5810
f 5858 5585 5586
f 5563 5564 5748
f 5828 5863 5641
f 5622 5618 5771
f 5607 5892 5747
f 5727 5733 5768
f 5873 5680 5757
f 5680 5873 5708
f 5786 5730 5648
f 5664 5626 5704
f 5680 5759 5757
f 5680 5708 5644
f 5884 5571 5857
f 5893 5686 5852
f 5769 5738 5706
f 5683 5541 5542
f 5700 5743 5900
f 5876 5851 5621
f 5899 5732 5844
f 5707 5633 5806
f 5709 5686 5893
f 5928 5932 5927
f 5918 5919 5936
f 5938 5933 5922
f 5910 5917 5936
f 5938 5905 5933
f 5930 5919 5920
f 5916 5910 5911
f 5913 5911 5912
f 5909 5910 5936
f 5913 5915 5911
f 5914 5915 5913
f 5915 5916 5911
f 5916 5917 5910
f 5919 5930 5936
f 5931 5904 5938
f 5906 5933 5905
f 5925 5932 5924
f 5931 5938 5922
f 5925 5927 5932
f 5921 5922 5933
f 5937 5929 5903
f 5932 5929 5924
f 5925 5935 5927
f 5907 5934 5906
f 5922 5923 5931
f 5904 5937 5903
f 5934 5933 5906
f 5930 5907 5908
f 5931 5929 5937
f 5936 5930 5908
f 5937 5904 5931
f 5924 5929 5923
f 5928 5903 5932
f 5907 5930 5934
f 5904 5905 5938
f 5920 5921 5934
f 5925 5926 5935
f 5935 5926 5927
f 5930 5920 5934
f 5909 5936 5908
f 5931 5923 5929
f 5921 5933 5934
f 5917 5918 5936
f 5903 5929 5932
f 5940 5964 5939
f 5940 5941 5965
f 5973 5969 5967
f 5961 5940 5965
f 5947 5948 5972
f 5960 5965 5970
f 5947 5972 5946
f 5957 5968 5956
f 5966 5949 5950
f 5945 5967 5944
f 5966 5954 5948
f 5951 5952 5950
f 5966 5953 5954
f 5952 5953 5966
f 5974 5946 5972
f 5971 5956 5968
f 5970 5943 5969
f 5971 5968 5967
f 5974 5971 5946
f 5959 5960 5970
f 5968 5957 5973
f 5961 5962 5940
f 5962 5963 5964
f 5962 5964 5940
f 5969 5944 5967
f 5970 5969 5958
f 5949 5966 5948
f 5950 5952 5966
f 5956 5971 5974
f 5942 5943 5970
f 5969 5943 5944
f 5973 5967 5968
f 5961 5965 5960
f 5955 5974 5972
f 5973 5957 5958
f 5945 5971 5967
f 5965 5942 5970
f 5959 5970 5958
f 5972 5954 5955
f 5948 5954 5972
f 5969 5973 5958
f 5942 5965 5941
f 5945 5946 5971
f 5974 5955 5956
f 5976 6029 5975
f 6029 5976 5978
f 5978 5979 6029
f 6030 5985 6018
f 5980 6020 6016
f 6030 5984 5985
f 6024 6021 5988
f 6011 6012 6033
f 6033 6012 6019
f 5991 5992 6027
f 6017 6011 6033
f 5999 6026 5995
f 5991 6027 5990
f 6027 6003 6004
f 6025 6032 6001
f 5992 5993 6025
f 5993 5994 6032
f 6026 5994 5995
f 5995 5996 5999
f 5996 5997 5998
f 5986 6018 5985
f 5996 5998 5999
f 6027 5992 6025
f 6027 6025 6002
f 6018 6015 6009
f 6005 6006 6024
f 5988 6021 5987
f 6033 6019 6022
f 6005 6024 6004
f 6024 6006 6021
f 6017 6010 6011
f 6007 6028 6021
f 6017 5983 5984
f 6014 6020 6013
f 6023 5982 6019
f 6022 5982 5983
f 6028 5986 5987
f 6034 6023 6031
f 6015 6028 6008
f 6004 6024 5990
f 5979 5980 6016
f 6023 5981 5982
f 5983 6017 6022
f 6019 6031 6023
f 6031 6019 6012
f 5990 6024 5989
f 6034 5981 6023
f 5980 5981 6020
f 5975 6016 6014
f 6017 5984 6030
f 6012 6013 6031
f 6006 6007 6021
f 6020 5981 6034
f 6017 6033 6022
f 6034 6013 6020
f 6009 6015 6008
f 6028 5987 6021
f 6008 6028 6007
f 6026 5999 6000
f 5993 6032 6025
f 6032 5994 6026
f 6002 6025 6001
f 5990 6027 6004
f 6000 6001 6032
f 5989 6024 5988
f 6013 6034 6031
f 6029 5979 5975
f 5976 5977 5978
f 6018 6009 6030
f 6030 6010 6017
f 5982 6022 6019
f 6018 5986 6015
f 6003 6027 6002
f 6032 6026 6000
f 5979 6016 5975
f 6015 5986 6028
f 6030 6009 6010
f 6016 6020 6014

