# https://github.com/mikedh/trimesh
mtllib material.mtl
usemtl material_0
v -0.30035516 0.26860476 0.00000000
v -0.28667383 0.27366207 0.00000000
v -0.27290502 0.27842914 0.00000000
v -0.25902399 0.28289078 0.00000000
v -0.24504852 0.28701502 0.00000000
v -0.23095825 0.29077880 0.00000000
v -0.21677405 0.29414451 0.00000000
v -0.20249886 0.29707703 0.00000000
v -0.18811961 0.29954019 0.00000000
v -0.17368022 0.30148470 0.00000000
v -0.15915453 0.30286816 0.00000000
v -0.14460651 0.30363504 0.00000000
v -0.13003178 0.30373353 0.00000000
v -0.11546226 0.30310611 0.00000000
v -0.10713103 0.29832661 0.01312166
v -0.09373473 0.29010198 0.01935178
v -0.07979955 0.28080974 0.02194367
v -0.06727810 0.27159738 0.02220835
v -0.05612416 0.26246220 0.02220835
v -0.04544076 0.25279890 0.02220835
v -0.03527219 0.24258644 0.02220835
v -0.02568985 0.23183450 0.02220835
v -0.01674114 0.22053511 0.02220835
v -0.00850005 0.20872572 0.02220835
v -0.00850005 0.19391334 0.02220835
v -0.00850005 0.17910096 0.02220835
v -0.00850005 0.16433152 0.02220835
v -0.00850005 0.14951914 0.02220835
v -0.00850005 0.13470677 0.02220835
v -0.00850005 0.11989439 0.02220835
v -0.00850005 0.10508201 0.02220835
v -0.00850005 0.09031257 0.02220835
v -0.00850005 0.07550019 0.02220835
v -0.00850005 0.06068782 0.02220835
v -0.00850005 0.04587544 0.02220835
v -0.00850005 0.03106306 0.02220835
v -0.00850005 0.01629362 0.02220835
v -0.00850005 0.00148124 0.02220835
v -0.00850005 -0.01333113 0.02220835
v -0.00850005 -0.02814351 0.02220835
v -0.00850005 -0.04291295 0.02220835
v -0.00850005 -0.05772533 0.02220835
v -0.00850005 -0.07253771 0.02220835
v -0.00850005 -0.08735009 0.02220835
v -0.00850005 -0.10216246 0.02220835
v -0.00850005 -0.11693191 0.02220835
v -0.00850005 -0.13174428 0.02220835
v -0.00850005 -0.14655666 0.02220835
v -0.00850005 -0.16136904 0.02220835
v -0.00850005 -0.17618141 0.02220835
v -0.00850005 -0.19095086 0.02220835
v -0.00850005 -0.20576323 0.02220835
v -0.00850005 -0.22057561 0.02220835
v -0.02328557 -0.21979637 0.02220835
v -0.03807108 -0.21901713 0.02220835
v -0.05285660 -0.21823790 0.02220835
v -0.06764212 -0.21745866 0.02220835
v -0.08242764 -0.21667942 0.02220835
v -0.09721316 -0.21590018 0.02220835
v -0.11199868 -0.21512094 0.02220835
v -0.12678420 -0.21434170 0.02220835
v -0.14156972 -0.21356246 0.02220835
v -0.15632566 -0.21278478 0.02220835
v -0.17111118 -0.21200555 0.02220835
v -0.18589670 -0.21122631 0.02220835
v -0.20068222 -0.21044707 0.02220835
v -0.21546774 -0.20966783 0.02220835
v -0.23025326 -0.20888859 0.02220835
v -0.24503878 -0.20810935 0.02220835
v -0.26076293 -0.20728065 0.02203310
v -0.27798632 -0.20637293 0.01957490
v -0.29419610 -0.20551862 0.01335855
v -0.30418085 -0.20499240 0.00000000
v -0.30401908 -0.19058710 0.00000000
v -0.30385768 -0.17621492 0.00000000
v -0.30369591 -0.16180963 0.00000000
v -0.30353413 -0.14740433 0.00000000
v -0.30337236 -0.13299903 0.00000000
v -0.30321096 -0.11862685 0.00000000
v -0.30304919 -0.10422155 0.00000000
v -0.30288742 -0.08981626 0.00000000
v -0.30272565 -0.07541096 0.00000000
v -0.30256425 -0.06103878 0.00000000
v -0.30240248 -0.04663348 0.00000000
v -0.30224070 -0.03222819 0.00000000
v -0.30207893 -0.01782289 0.00000000
v -0.30191753 -0.00345071 0.00000000
v -0.30175576 0.01095459 0.00000000
v -0.30159399 0.02535988 0.00000000
v -0.30143222 0.03976518 0.00000000
v -0.30127082 0.05413736 0.00000000
v -0.30110905 0.06854266 0.00000000
v -0.30094727 0.08294795 0.00000000
v -0.30078550 0.09735325 0.00000000
v -0.30062410 0.11172543 0.00000000
v -0.30046233 0.12613073 0.00000000
v -0.30045523 0.13556760 0.01301858
v -0.30044356 0.15108691 0.01925890
v -0.30043110 0.16764348 0.02190426
v -0.30041946 0.18312604 0.02220835
v -0.30040875 0.19736062 0.02220835
v -0.30042098 0.21164956 0.02220793
v -0.30148126 0.22777066 0.02119773
v -0.30238251 0.24361376 0.01802971
v -0.30273812 0.25850298 0.01179122
v -0.25468757 0.07255211 0.02215824
v -0.14699193 -0.20239551 0.02220835
v -0.27517307 -0.09071196 0.01991769
v -0.11263435 0.17837379 0.02220835
v -0.20519274 0.27261118 0.01884913
v -0.21853453 -0.07915268 0.02220835
v -0.09163018 -0.08139254 0.02220835
v -0.23983391 -0.03764080 0.02220835
v -0.20669677 -0.03043693 0.02220835
v -0.23666921 0.20760922 0.02220835
v -0.09473083 0.14405340 0.02220835
v -0.01971073 0.13957610 0.02220835
v -0.13980911 0.25226237 0.02220835
v -0.10673218 -0.17416873 0.02220835
v -0.13129964 -0.15708390 0.02220835
v -0.02953019 0.08480237 0.02220835
v -0.15031385 0.04953232 0.02220835
v -0.19096657 -0.13541076 0.02220835
v -0.25108541 0.27935069 0.01027650
v -0.28875047 -0.18310818 0.01597744
v -0.19473647 0.02591643 0.02220835
v -0.12062211 -0.02288377 0.02220835
v -0.07310399 0.24118860 0.02220835
v -0.15312330 -0.16183317 0.02220835
v -0.13118169 0.12308267 0.02220835
v -0.16677271 0.29750121 0.00935006
v -0.12750779 -0.19385727 0.02220835
v -0.18994027 0.29482575 0.00907459
v -0.16752867 0.21710573 0.02220835
v -0.11456351 0.16267786 0.02220835
v -0.05974663 -0.19766901 0.02220835
v -0.07782269 -0.19321093 0.02220835
v -0.04330362 -0.20989416 0.02220835
v -0.19734691 -0.01924659 0.02220835
v -0.03182832 -0.11664271 0.02220835
v -0.09612287 0.27109377 0.02151661
v -0.07141122 -0.06018134 0.02220835
v -0.29594031 -0.05155287 0.01099278
v -0.05145872 0.02259031 0.02220835
v -0.15952121 -0.10983956 0.02220835
v -0.08645572 0.13077692 0.02220835
v -0.22786074 -0.11455610 0.02220835
v -0.16255528 0.28029929 0.01848099
v -0.10846761 0.25351818 0.02220835
v -0.25200844 0.11073230 0.02220304
v -0.13858784 -0.08860227 0.02220835
v -0.08398582 0.22077436 0.02220835
v -0.22954357 0.10003968 0.02220835
v -0.06064816 0.06841550 0.02220835
v -0.13499784 -0.11113412 0.02220835
v -0.17553635 0.01011693 0.02220835
v -0.23700338 -0.16802382 0.02220835
v -0.02092860 -0.02063791 0.02220835
v -0.26121029 0.23502596 0.02210151
v -0.03704041 -0.12612789 0.02220835
v -0.19868801 0.01461013 0.02220835
v -0.05030254 0.20500436 0.02220835
v -0.18172104 -0.08330710 0.02220835
v -0.26172069 0.01588135 0.02177845
v -0.18444642 0.02438223 0.02220835
v -0.24633168 -0.14713955 0.02220835
v -0.09441955 0.25791213 0.02220835
v -0.01784605 -0.15617859 0.02220835
v -0.09250129 0.28124961 0.02069950
v -0.03357096 -0.20424905 0.02220835
v -0.29794348 -0.14625619 0.01022080
v -0.15017090 -0.17103553 0.02220835
v -0.10113292 0.15604781 0.02220835
v -0.09780644 -0.08984252 0.02220835
v -0.26411188 0.04513893 0.02150019
v -0.07108478 -0.09719560 0.02220835
v -0.12055518 -0.18775585 0.02220835
v -0.21652358 0.10483729 0.02220835
v -0.05812692 0.22861310 0.02220835
v -0.18515678 0.07625384 0.02220835
v -0.09783707 -0.05782436 0.02220835
v -0.08637397 -0.09300886 0.02220835
v -0.28796788 0.04158522 0.01518829
v -0.18535912 0.28413137 0.01617152
v -0.17898442 0.14597767 0.02220835
v -0.03935376 0.10600970 0.02220835
v -0.17315095 0.27339461 0.01995863
v -0.07623542 0.00640058 0.02220835
v -0.05402341 0.24269734 0.02220835
v -0.05371784 0.12469292 0.02220835
v -0.17287999 -0.13631948 0.02220835
v -0.20963418 -0.15906544 0.02220835
v -0.11284281 -0.02770393 0.02220835
v -0.03836334 -0.18600455 0.02220835
v -0.21098125 0.18319444 0.02220835
v -0.20364134 -0.04141743 0.02220835
v -0.15982887 -0.07966885 0.02220835
v -0.08600736 0.23462893 0.02220835
v -0.15274089 0.23245395 0.02220835
v -0.09373764 0.07974334 0.02220835
v -0.18513663 0.03646668 0.02220835
v -0.17116690 -0.02679141 0.02220835
v -0.25438327 0.08577521 0.02216282
v -0.02674793 0.16658778 0.02220835
v -0.02107869 -0.17226233 0.02220835
v -0.11346777 0.04490259 0.02220835
v -0.04649177 -0.11957317 0.02220835
v -0.10474402 0.03654205 0.02220835
v -0.21790426 -0.02803345 0.02220835
v -0.08034355 0.17612117 0.02220835
v -0.01953934 0.06686426 0.02220835
v -0.05589905 -0.02040089 0.02220835
v -0.04442127 0.23902732 0.02220835
v -0.22429480 -0.16207319 0.02220835
v -0.07220193 0.03063993 0.02220835
v -0.01779088 0.20444554 0.02220835
v -0.11508283 0.22180501 0.02220835
v -0.28711690 0.05622255 0.01550902
v -0.22587179 0.27496493 0.01654939
v -0.04751205 0.11417025 0.02220835
v -0.04888705 0.22903231 0.02220835
v -0.16679905 0.08646282 0.02220835
v -0.13288193 0.08153026 0.02220835
v -0.21264508 -0.12927968 0.02220835
v -0.08756070 0.18849214 0.02220835
v -0.12188218 -0.04540112 0.02220835
v -0.12185970 0.30010237 0.00760282
v -0.19669946 -0.08373587 0.02220835
v -0.10966433 -0.08802204 0.02220835
v -0.17055388 0.24432286 0.02220835
v -0.26016610 -0.15144895 0.02202927
v -0.21703656 -0.04574007 0.02220835
v -0.19392155 0.20828697 0.02220835
v -0.02824044 0.07449528 0.02220835
v -0.18846524 -0.01054858 0.02220835
v -0.17636531 0.22113045 0.02220835
v -0.06318775 0.01282683 0.02220835
v -0.12605873 0.17028739 0.02220835
v -0.08742655 -0.16563719 0.02220835
v -0.01880377 -0.10955078 0.02220835
v -0.16390644 0.25480003 0.02218436
v -0.25193631 0.00490769 0.02220835
v -0.13372062 -0.20393454 0.02220835
v -0.09024238 -0.20982387 0.02220835
v -0.16636530 0.03555068 0.02220835
v -0.29035322 0.17309240 0.02219576
v -0.04615331 -0.03912222 0.02220835
v -0.23162058 0.25267724 0.02142689
v -0.14776963 -0.14092160 0.02220835
v -0.26172413 -0.04997652 0.02184154
v -0.26916730 0.08605420 0.02070690
v -0.12997048 -0.12336974 0.02220835
v -0.15356869 -0.15049210 0.02220835
v -0.18483774 0.12278331 0.02220835
v -0.26171808 -0.00445430 0.02179880
v -0.24599729 0.01746063 0.02220835
v -0.26818771 0.10858104 0.02082983
v -0.28320491 -0.06464044 0.01760181
v -0.13612958 -0.01452044 0.02220835
v -0.25771723 -0.12648484 0.02213150
v -0.16866951 0.05137929 0.02220835
v -0.05778236 -0.15546683 0.02220835
v -0.04405811 -0.19772071 0.02220835
v -0.26454976 -0.11320927 0.02164630
v -0.06552299 -0.01060271 0.02220835
v -0.07688077 -0.20786307 0.02220835
v -0.04529761 0.09137132 0.02220835
v -0.27474601 0.02100263 0.01973107
v -0.01467553 -0.04742627 0.02220835
v -0.05884528 0.10853407 0.02220835
v -0.05730510 0.09430350 0.02220835
v -0.16854019 -0.18215047 0.02220835
v -0.23890892 0.02956287 0.02220835
v -0.09334155 0.09293749 0.02220835
v -0.16390728 0.26750834 0.02117869
v -0.19884753 0.26200874 0.02122546
v -0.02197017 -0.00803330 0.02220835
v -0.11661324 0.13457171 0.02220835
v -0.03679630 -0.08196164 0.02220835
v -0.28113558 -0.05215249 0.01823242
v -0.27864553 -0.11394985 0.01914342
v -0.18139981 -0.12627022 0.02220835
v -0.27193929 -0.10290348 0.02059199
v -0.28972164 0.19217245 0.02220835
v -0.14305172 0.22366553 0.02220835
v -0.19347356 -0.04951537 0.02220835
v -0.27684873 -0.07432310 0.01948595
v -0.07557423 -0.06969861 0.02220835
v -0.10500474 0.08188193 0.02220835
v -0.02966040 -0.10506350 0.02220835
v -0.29394640 0.11586566 0.01108154
v -0.19042427 0.14639245 0.02220835
v -0.10335213 0.21491300 0.02220835
v -0.22166741 -0.09951145 0.02220835
v -0.28486399 -0.08276160 0.01708186
v -0.09534330 -0.15316227 0.02220835
v -0.08147699 -0.14597357 0.02220835
v -0.26117233 0.27316901 0.01248429
v -0.10780538 -0.01467482 0.02220835
v -0.10581148 0.28923768 0.01668208
v -0.15901921 -0.06107055 0.02220835
v -0.04845338 -0.09085748 0.02220835
v -0.21183061 -0.09153306 0.02220835
v -0.29032507 -0.02079113 0.01435806
v -0.12017674 0.14954443 0.02220835
v -0.27328355 -0.15542882 0.02045264
v -0.18737160 0.19919881 0.02220835
v -0.05711436 -0.00290338 0.02220835
v -0.21400991 0.20084609 0.02220835
v -0.11579021 -0.00613963 0.02220835
v -0.17252885 0.07559513 0.02220835
v -0.11391791 0.27928345 0.01897273
v -0.07147654 -0.08001398 0.02220835
v -0.08025634 0.19985346 0.02220835
v -0.26760311 0.07280777 0.02098750
v -0.24081115 -0.06336005 0.02220835
v -0.18215860 0.27155238 0.02009218
v -0.16512827 0.22993820 0.02220835
v -0.11272459 0.05476426 0.02220835
v -0.25376227 0.20950417 0.02220835
v -0.08267406 0.08292711 0.02220835
v -0.03299753 0.14237115 0.02220835
v -0.22369581 0.22654973 0.02220835
v -0.26286638 0.12093130 0.02154501
v -0.02229986 0.17621678 0.02220835
v -0.28146573 0.25547636 0.01741525
v -0.02985546 -0.18708293 0.02220835
v -0.14292750 0.21469639 0.02220835
v -0.22367793 0.00449921 0.02220835
v -0.01897230 -0.20809192 0.02220835
v -0.02482102 -0.04439985 0.02220835
v -0.06337409 0.08279758 0.02220835
v -0.14090121 -0.03845946 0.02220835
v -0.18763280 0.22516143 0.02220835
v -0.05037441 0.21716942 0.02220835
v -0.29344130 -0.01052745 0.01245607
v -0.22445659 -0.19982883 0.02220835
v -0.29367914 0.25149051 0.01716570
v -0.05473736 -0.19027859 0.02220835
v -0.07003521 0.22342916 0.02220835
v -0.21880293 0.13725416 0.02220835
v -0.20852670 0.12788276 0.02220835
v -0.14224562 0.05773698 0.02220835
v -0.28158677 0.16572635 0.02205423
v -0.20200177 -0.13177268 0.02220835
v -0.14017553 -0.07488208 0.02220835
v -0.10200975 -0.18379476 0.02220835
v -0.01454134 0.11338786 0.02220835
v -0.18595644 0.15878663 0.02220835
v -0.21148762 0.16008836 0.02220835
v -0.11704165 -0.11714846 0.02220835
v -0.10211279 0.05687145 0.02220835
v -0.02861844 0.03740808 0.02220835
v -0.22895134 -0.18838814 0.02220835
v -0.28495943 0.21018665 0.02220835
v -0.12239904 0.19202616 0.02220835
v -0.13926215 0.04527190 0.02220835
v -0.18901716 -0.04007108 0.02220835
v -0.02553775 0.09411258 0.02220835
v -0.08028824 0.03565622 0.02220835
v -0.03647681 0.06778947 0.02220835
v -0.14382733 0.19820928 0.02220835
v -0.26539453 0.03177143 0.02136288
v -0.19324979 -0.02977158 0.02220835
v -0.25280698 -0.10796815 0.02220835
v -0.10939943 0.24032837 0.02220835
v -0.15827833 -0.20275245 0.02220835
v -0.18549589 0.21368355 0.02220835
v -0.19140544 -0.20393506 0.02220835
v -0.13103281 0.09294909 0.02220835
v -0.29327811 0.13398911 0.01373505
v -0.27033491 0.20547511 0.02220835
v -0.14713855 -0.11420072 0.02220835
v -0.17395520 0.12312569 0.02220835
v -0.01612476 -0.12837610 0.02220835
v -0.29686022 0.03231809 0.00938356
v -0.28319972 0.24440637 0.02011576
v -0.06572748 0.17923209 0.02220835
v -0.18196323 -0.02054647 0.02220835
v -0.25928468 0.17305909 0.02220835
v -0.24116126 0.23962598 0.02216345
v -0.19816612 0.19709689 0.02220835
v -0.17687317 -0.18810943 0.02220835
v -0.07444367 0.11024638 0.02220835
v -0.27522371 -0.00992558 0.01970088
v -0.13176151 0.21428652 0.02220835
v -0.02869408 -0.21223256 0.02220835
v -0.28448970 0.21890527 0.02220835
v -0.19664014 -0.06068280 0.02220835
v -0.21763530 -0.05795910 0.02220835
v -0.07817751 -0.17628349 0.02220835
v -0.11672958 0.03378320 0.02220835
v -0.21778360 0.01714143 0.02220835
v -0.24300580 -0.12523125 0.02220835
v -0.11104714 0.19337943 0.02220835
v -0.20641248 0.25367910 0.02191974
v -0.10899026 0.00296599 0.02220835
v -0.03228691 -0.17433663 0.02220835
v -0.05841006 0.17008965 0.02220835
v -0.03504624 -0.00613659 0.02220835
v -0.09815890 0.04644877 0.02220835
v -0.04102895 0.19696195 0.02220835
v -0.02171588 0.14987801 0.02220835
v -0.29426211 0.14437485 0.01755710
v -0.18468169 -0.19586007 0.02220835
v -0.27427851 -0.16755740 0.02028603
v -0.01341001 -0.14004146 0.02220835
v -0.08845831 0.16004414 0.02220835
v -0.13761008 0.29115352 0.01446863
v -0.10360988 -0.07814387 0.02220835
v -0.25338828 -0.06186610 0.02220709
v -0.15933578 -0.13294186 0.02220835
v -0.28022103 0.07775400 0.01806089
v -0.28521738 -0.12446190 0.01712437
v -0.09248457 0.03468615 0.02220835
v -0.03481709 0.18490184 0.02220835
v -0.05120716 -0.10441720 0.02220835
v -0.28775886 -0.04073150 0.01571100
v -0.24371827 0.06722098 0.02220835
v -0.12014258 -0.20285534 0.02220835
v -0.18205359 0.24472794 0.02220835
v -0.10370378 0.27918727 0.01967475
v -0.14921197 0.15697119 0.02220835
v -0.04565051 0.00021528 0.02220835
v -0.29697367 0.06337193 0.00892730
v -0.15046096 -0.19026228 0.02220835
v -0.01689809 0.05494280 0.02220835
v -0.19901770 0.07378812 0.02220835
v -0.17276025 0.15522337 0.02220835
v -0.02460460 0.12165593 0.02220835
v -0.22478377 -0.14854404 0.02220835
v -0.25207077 0.24149964 0.02190580
v -0.16073787 -0.02977441 0.02220835
v -0.04858009 0.10203226 0.02220835
v -0.11594914 0.02230647 0.02220835
v -0.24827571 -0.13432242 0.02220835
v -0.08636255 -0.12080681 0.02220835
v -0.15373889 0.16522320 0.02220835
v -0.21385622 -0.10790913 0.02220835
v -0.12428064 0.05098522 0.02220835
v -0.13415192 -0.06339051 0.02220835
v -0.24643236 -0.08872850 0.02220835
v -0.15779033 0.00173439 0.02220835
v -0.14724537 -0.02842030 0.02220835
v -0.19341886 -0.15939509 0.02220835
v -0.03782104 0.02597735 0.02220835
v -0.27704424 0.09705779 0.01893738
v -0.09537453 -0.12904291 0.02220835
v -0.06056973 0.25006379 0.02220835
v -0.28591468 0.08850572 0.01588440
v -0.27298777 0.12988093 0.01991916
v -0.21407387 -0.20048135 0.02220835
v -0.20545044 0.11139888 0.02220835
v -0.19012471 -0.09301292 0.02220835
v -0.13998053 0.23272046 0.02220835
v -0.16651077 -0.10138502 0.02220835
v -0.23934593 -0.18034113 0.02220835
v -0.21638184 0.24867415 0.02207798
v -0.13846623 0.03375178 0.02220835
v -0.05653648 -0.08053813 0.02220835
v -0.20127093 -0.00629196 0.02220835
v -0.24018813 0.27174369 0.01632510
v -0.23879538 0.10808527 0.02220835
v -0.29402333 -0.09011400 0.01265919
v -0.17713977 0.20702154 0.02220835
v -0.10169287 0.01309273 0.02220835
v -0.22812253 -0.06026066 0.02220835
v -0.03884486 -0.05149244 0.02220835
v -0.09284204 -0.10113932 0.02220835
v -0.03967128 0.03740908 0.02220835
v -0.20258991 -0.09942415 0.02220835
v -0.12439647 -0.05624853 0.02220835
v -0.14612033 0.13281300 0.02220835
v -0.14639468 -0.10111505 0.02220835
v -0.20878532 0.00611622 0.02220835
v -0.14616911 0.28566794 0.01705093
v -0.14020126 -0.12364670 0.02220835
v -0.04802456 0.16347732 0.02220835
v -0.11625945 0.01084515 0.02220835
v -0.17145239 0.19727365 0.02220835
v -0.06476577 0.20328897 0.02220835
v -0.03387359 -0.01734982 0.02220835
v -0.07451757 -0.02550922 0.02220835
v -0.21870959 -0.12019196 0.02220835
v -0.25938082 -0.09859662 0.02204004
v -0.05462690 -0.16726450 0.02220835
v -0.19657282 0.11846546 0.02220835
v -0.11746431 -0.17888168 0.02220835
v -0.16784722 -0.16841178 0.02220835
v -0.24543283 0.14063490 0.02220835
v -0.26329404 0.22413010 0.02220835
v -0.23184479 0.07304725 0.02220835
v -0.07320185 0.08856320 0.02220835
v -0.04737959 -0.06102191 0.02220835
v -0.04209713 0.15205569 0.02220835
v -0.07904057 -0.08679029 0.02220835
v -0.17553865 0.04197655 0.02220835
v -0.15909198 -0.00999225 0.02220835
v -0.16072524 0.19405519 0.02220835
v -0.25240922 0.02874558 0.02220690
v -0.15385458 0.20125695 0.02220835
v -0.01795278 -0.06496779 0.02220835
v -0.29091809 0.26963695 0.00668255
v -0.09721167 0.19895538 0.02220835
v -0.09073601 -0.14049000 0.02220835
v -0.04213206 -0.13450796 0.02220835
v -0.01739929 0.16040467 0.02220835
v -0.23277847 0.05854562 0.02220835
v -0.10213898 -0.14054245 0.02220835
v -0.21380402 -0.06833104 0.02220835
v -0.07239437 -0.12227073 0.02220835
v -0.12713217 0.13522640 0.02220835
v -0.29476455 -0.17029479 0.01276110
v -0.28770695 -0.00082334 0.01553214
v -0.26205924 0.15947131 0.02220835
v -0.25422824 0.18803891 0.02220835
v -0.23314833 0.15978561 0.02220835
v -0.08649793 -0.20030155 0.02220835
v -0.06382447 -0.08845121 0.02220835
v -0.09685334 0.23745378 0.02220835
v -0.14598641 -0.06135963 0.02220835
v -0.11827834 0.24992489 0.02220835
v -0.10381728 -0.04741563 0.02220835
v -0.23526972 -0.19602929 0.02220835
v -0.07409506 0.06029837 0.02220835
v -0.28749343 0.02611044 0.01549143
v -0.06105700 0.13402902 0.02220835
v -0.19999531 -0.14730300 0.02220835
v -0.22445855 0.20716954 0.02220835
v -0.04612031 0.13736961 0.02220835
v -0.29232967 0.20357801 0.02220835
v -0.14474521 -0.18161153 0.02220835
v -0.13185245 -0.09736084 0.02220835
v -0.10974904 -0.14953228 0.02220835
v -0.07845802 0.01799792 0.02220835
v -0.15043766 0.29820848 0.00980938
v -0.09507588 -0.11160359 0.02220835
v -0.17926466 0.29600045 0.00941659
v -0.22338482 0.18108376 0.02220835
v -0.14682444 0.14577725 0.02220835
v -0.13342733 0.05594236 0.02220835
v -0.23742047 -0.07968472 0.02220835
v -0.29472680 0.07678656 0.01081223
v -0.08444689 0.06971888 0.02220835
v -0.01828352 0.01753430 0.02220835
v -0.20678748 0.02297598 0.02220835
v -0.24434370 0.09677556 0.02220835
v -0.21300424 -0.14386612 0.02220835
v -0.18000273 -0.15888642 0.02220835
v -0.12916018 -0.07826384 0.02220835
v -0.28563278 -0.16214705 0.01712725
v -0.11982095 0.21279597 0.02220835
v -0.11423980 0.29429997 0.01267444
v -0.05824627 -0.11547988 0.02220835
v -0.13903056 0.15486213 0.02220835
v -0.26384835 0.24768736 0.02075325
v -0.11233835 -0.05513250 0.02220835
v -0.08921999 0.02329972 0.02220835
v -0.11777131 -0.09703393 0.02220835
v -0.07666634 0.23069325 0.02220835
v -0.04028562 0.07991294 0.02220835
v -0.10830465 -0.16024065 0.02220835
v -0.06452813 -0.07064648 0.02220835
v -0.29689712 -0.10134175 0.01067489
v -0.15030241 0.21039629 0.02220835
v -0.04199554 0.12488337 0.02220835
v -0.25921909 -0.03518375 0.02200820
v -0.07581968 0.21144493 0.02220835
v -0.07231053 0.04735888 0.02220835
v -0.24501252 -0.18885780 0.02220835
v -0.16764263 0.00214747 0.02220835
v -0.25144159 0.15619182 0.02220835
v -0.15616860 -0.02080356 0.02220835
v -0.13478424 0.27912518 0.01900207
v -0.21949216 0.07516137 0.02220835
v -0.23893552 0.28293593 0.01016987
v -0.06472763 -0.02447545 0.02220835
v -0.02645926 -0.08626206 0.02220835
v -0.14956221 0.03429188 0.02220835
v -0.12175522 -0.06723565 0.02220835
v -0.19059503 0.23591886 0.02220835
v -0.10637756 0.26637557 0.02156555
v -0.13781019 -0.17423532 0.02220835
v -0.12009387 0.23195137 0.02220835
v -0.29468767 -0.06226730 0.01200566
v -0.01890977 0.10221126 0.02220835
v -0.15549533 0.22158021 0.02220835
v -0.12161482 0.11642270 0.02220835
v -0.02350868 -0.18160506 0.02220835
v -0.29924210 -0.18183588 0.00940563
v -0.22480710 -0.03799401 0.02220835
v -0.07368037 -0.01602550 0.02220835
v -0.10986153 0.12626784 0.02220835
v -0.08784292 0.24690658 0.02220835
v -0.21484567 0.03173306 0.02220835
v -0.05016092 0.03480655 0.02220835
v -0.03050318 0.10304911 0.02220835
v -0.21584968 -0.00551960 0.02220835
v -0.10265429 -0.11976472 0.02220835
v -0.16568876 0.16589477 0.02220835
v -0.20486512 0.20785968 0.02220835
v -0.16188304 0.07089124 0.02220835
v -0.17076858 -0.19783579 0.02220835
v -0.06042983 -0.04452881 0.02220835
v -0.14316987 0.02177196 0.02220835
v -0.09472126 -0.04153822 0.02220835
v -0.05025352 0.01202686 0.02220835
v -0.15838541 0.10061054 0.02220835
v -0.18126083 -0.17236725 0.02220835
v -0.02422654 0.02684326 0.02220835
v -0.27912286 -0.17823059 0.01920724
v -0.24661027 -0.02559723 0.02220835
v -0.17312465 -0.05991713 0.02220835
v -0.04141794 -0.10761566 0.02220835
v -0.16674374 0.11490269 0.02220835
v -0.24773174 -0.04709334 0.02220835
v -0.23131668 0.01661394 0.02220835
v -0.16139823 0.15686331 0.02220835
v -0.22820114 0.28555298 0.01034377
v -0.09699353 0.11789172 0.02220835
v -0.29566246 0.05190644 0.01026861
v -0.03610100 0.09340480 0.02220835
v -0.09890000 -0.16596109 0.02220835
v -0.24438292 0.21622955 0.02220835
v -0.08692441 0.26473608 0.02219226
v -0.28515377 -0.10237506 0.01705600
v -0.10884034 0.14557749 0.02220835
v -0.26612107 -0.17831969 0.02155678
v -0.12385214 0.28695020 0.01638566
v -0.10232465 -0.19419265 0.02220835
v -0.14872931 0.19001555 0.02220835
v -0.12836176 0.15944338 0.02220835
v -0.06056680 0.02953974 0.02220835
v -0.06700526 0.00116382 0.02220835
v -0.25613034 -0.18421302 0.02219218
v -0.24763391 -0.15993781 0.02220835
v -0.14744587 0.00735585 0.02220835
v -0.25171857 0.22606674 0.02220835
v -0.06970510 -0.15139121 0.02220835
v -0.19467393 0.00369293 0.02220835
v -0.09566819 -0.06913034 0.02220835
v -0.19193421 0.18608626 0.02220835
v -0.01583103 -0.03489958 0.02220835
v -0.05558839 -0.20778121 0.02220835
v -0.06050428 -0.14194104 0.02220835
v -0.08819048 0.05757451 0.02220835
v -0.20163790 0.13901977 0.02220835
v -0.25980513 -0.08741142 0.02200823
v -0.12631989 0.06307489 0.02220835
v -0.28019858 -0.03114123 0.01844628
v -0.07971206 -0.10222641 0.02220835
v -0.22618649 0.24198676 0.02220028
v -0.09198046 -0.17685953 0.02220835
v -0.18795213 0.17233458 0.02220835
v -0.21324800 0.26572460 0.02007810
v -0.15249228 0.26527453 0.02157156
v -0.23305940 0.19733644 0.02220835
v -0.24325622 0.25398813 0.02078213
v -0.22290426 -0.01628592 0.02220835
v -0.10338015 0.02474157 0.02220835
v -0.08424591 -0.06101958 0.02220835
v -0.27500368 -0.14415584 0.02008358
v -0.13158891 0.14682744 0.02220835
v -0.17187684 -0.14926728 0.02220835
v -0.17657532 0.23335956 0.02220835
v -0.20769509 0.09530478 0.02220835
v -0.14650072 0.24269409 0.02220835
v -0.26470019 0.18496090 0.02220835
v -0.23225511 -0.02803226 0.02220835
v -0.24925728 0.12709396 0.02220835
v -0.04348964 -0.15819518 0.02220835
v -0.15803576 0.29095798 0.01444517
v -0.24664541 0.16621786 0.02220835
v -0.23903446 0.00499385 0.02220835
v -0.17685413 -0.11181013 0.02220835
v -0.08353111 -0.11125001 0.02220835
v -0.13474619 -0.14581319 0.02220835
v -0.05051318 -0.05017810 0.02220835
v -0.03606457 -0.09509933 0.02220835
v -0.06025979 0.05563704 0.02220835
v -0.27473799 0.17795937 0.02220835
v -0.29517197 -0.07508687 0.01176569
v -0.01711851 0.09094279 0.02220835
v -0.12678416 -0.13672872 0.02220835
v -0.19385027 0.24849939 0.02220768
v -0.12750281 0.04014761 0.02220835
v -0.06906049 -0.18631006 0.02220835
v -0.16760846 0.14198013 0.02220835
v -0.26117061 0.21409105 0.02220835
v -0.28702951 -0.15002415 0.01653820
v -0.05620412 -0.03301540 0.02220835
v -0.17398131 0.02639242 0.02220835
v -0.16594993 -0.20716446 0.02220835
v -0.19410409 0.08689592 0.02220835
v -0.13049738 -0.18196885 0.02220835
v -0.17731300 -0.07180431 0.02220835
v -0.26408992 -0.07588493 0.02165046
v -0.15405863 -0.03888084 0.02220835
v -0.16957325 -0.12326555 0.02220835
v -0.16788003 -0.03938938 0.02220835
v -0.09904751 0.13151336 0.02220835
v -0.23991791 0.11951282 0.02220835
v -0.01933045 -0.05507919 0.02220835
v -0.11778449 0.26342220 0.02175188
v -0.18935638 -0.07209865 0.02220835
v -0.25424947 0.05729827 0.02217488
v -0.22634744 -0.17658691 0.02220835
v -0.12391397 0.18139871 0.02220835
v -0.15840121 0.04288264 0.02220835
v -0.06815422 -0.20265880 0.02220835
v -0.14855980 -0.00516218 0.02220835
v -0.11827012 0.10122521 0.02220835
v -0.12886375 0.02755432 0.02220835
v -0.13473467 0.19173601 0.02220835
v -0.13302160 0.24056494 0.02220835
v -0.02040094 -0.12029343 0.02220835
v -0.12488991 -0.10743111 0.02220835
v -0.11909826 0.08682951 0.02220835
v -0.18478900 -0.05904907 0.02220835
v -0.23258132 0.26480405 0.01918648
v -0.16450298 0.12918098 0.02220835
v -0.16385243 -0.15738814 0.02220835
v -0.03003234 -0.16307606 0.02220835
v -0.10104534 0.18503418 0.02220835
v -0.21433986 0.27922081 0.01593369
v -0.16934124 0.18659227 0.02220835
v -0.07790956 0.15289282 0.02220835
v -0.29263913 0.26230919 0.01247266
v -0.27381145 0.22560559 0.02220821
v -0.04518153 -0.01302566 0.02220835
v -0.17672954 0.16819585 0.02220835
v -0.07254782 0.18956732 0.02220835
v -0.04550451 -0.07581201 0.02220835
v -0.07826315 0.24833319 0.02220835
v -0.03214142 0.13063917 0.02220835
v -0.24352988 0.05255020 0.02220835
v -0.23638499 -0.13893353 0.02220835
v -0.03905567 0.22719342 0.02220835
v -0.01984792 -0.19214249 0.02220835
v -0.28527644 0.18303312 0.02220835
v -0.22065539 0.06015654 0.02220835
v -0.17496373 -0.00771793 0.02220835
v -0.12263995 -0.08753677 0.02220835
v -0.23402870 0.04319806 0.02220835
v -0.11636904 0.07552076 0.02220835
v -0.29046409 0.15714201 0.02084851
v -0.10522844 -0.10952761 0.02220835
v -0.21714780 -0.18735041 0.02220835
v -0.10856818 -0.20506268 0.02220835
v -0.12998009 0.29637756 0.01115705
v -0.02381446 0.11171530 0.02220835
v -0.23988874 0.22660613 0.02220835
v -0.19794633 -0.17180734 0.02220835
v -0.18720945 0.13547598 0.02220835
v -0.18331455 0.00057204 0.02220835
v -0.13930016 0.26657531 0.02142598
v -0.05736977 0.19238534 0.02220835
v -0.24967020 -0.07532250 0.02220835
v -0.23126174 0.08720471 0.02220835
v -0.11660246 -0.16864530 0.02220835
v -0.26074751 -0.16412039 0.02200332
v -0.28431695 0.14542870 0.01931120
v -0.08067604 -0.04172259 0.02220835
v -0.01890238 0.18750453 0.02220835
v -0.27080943 0.27124263 0.01171336
v -0.01828955 0.12871142 0.02220835
v -0.12543942 -0.01621363 0.02220835
v -0.28297061 0.10799088 0.01698891
v -0.03656572 0.04871428 0.02220835
v -0.15853262 0.02648009 0.02220835
v -0.19924346 0.03550631 0.02220835
v -0.26878868 -0.06161808 0.02103703
v -0.27234449 0.23691159 0.02172689
v -0.03818600 0.17186906 0.02220835
v -0.25327705 -0.20243108 0.02220835
v -0.14299822 0.12181853 0.02220835
v -0.02794848 -0.12969213 0.02220835
v -0.15166809 -0.07145786 0.02220835
v -0.10972734 0.11381513 0.02220835
v -0.29595745 -0.19444931 0.01215357
v -0.03412074 0.11582492 0.02220835
v -0.05222047 -0.13154892 0.02220835
v -0.13511438 0.17956217 0.02220835
v -0.12769065 -0.16952452 0.02220835
v -0.19167767 -0.11980738 0.02220835
v -0.24248475 0.08211006 0.02220835
v -0.03150227 -0.15280624 0.02220835
v -0.20874677 0.08236251 0.02220835
v -0.29178070 -0.11439047 0.01414207
v -0.08513641 -0.01899860 0.02220835
v -0.15765758 -0.09349460 0.02220835
v -0.21062643 0.14688129 0.02220835
v -0.06033488 -0.17807287 0.02220835
v -0.10846913 -0.06639776 0.02220835
v -0.18569193 0.01370896 0.02220835
v -0.20084076 -0.20161378 0.02220835
v -0.08711267 -0.00119020 0.02220835
v -0.24757120 0.17868939 0.02220835
v -0.17864176 -0.20515651 0.02220835
v -0.09358990 -0.01160304 0.02220835
v -0.02910593 -0.05692246 0.02220835
v -0.15958521 0.21140991 0.02220835
v -0.25393550 -0.19429699 0.02220835
v -0.15883059 -0.12078218 0.02220835
v -0.26809895 0.26020742 0.01738972
v -0.01817361 0.07989562 0.02220835
v -0.01445187 -0.18253481 0.02220835
v -0.13981194 -0.16422263 0.02220835
v -0.02712933 0.19592436 0.02220835
v -0.12940108 0.22522180 0.02220835
v -0.02933211 -0.07086109 0.02220835
v -0.12664833 0.07364786 0.02220835
v -0.06048844 -0.05704363 0.02220835
v -0.12033691 -0.15884549 0.02220835
v -0.14299117 -0.15344280 0.02220835
v -0.14917312 -0.08511432 0.02220835
v -0.12706423 -0.03484860 0.02220835
v -0.10339483 0.10379615 0.02220835
v -0.14523256 0.17997383 0.02220835
v -0.06218221 0.21570090 0.02220835
v -0.18024010 0.19251900 0.02220835
v -0.27725453 0.04899386 0.01902676
v -0.12250287 -0.14812200 0.02220835
v -0.15075821 0.27674812 0.01964494
v -0.29683642 0.01950040 0.00954265
v -0.16968175 -0.08624423 0.02220835
v -0.15873771 0.14815470 0.02220835
v -0.25988241 0.13492704 0.02190498
v -0.15618581 0.08747136 0.02220835
v -0.13771021 0.20494506 0.02220835
v -0.02956214 0.01496471 0.02220835
v -0.09933904 0.24857058 0.02220835
v -0.02926334 0.22188289 0.02220835
v -0.02550261 -0.03160011 0.02220835
v -0.25001124 0.26633037 0.01726179
v -0.29092215 0.23981005 0.02032522
v -0.29262320 0.22379420 0.02198863
v -0.17541931 0.25804840 0.02199367
v -0.29780472 0.04315689 0.00828550
v -0.23223302 -0.10506130 0.02220835
v -0.14227811 0.11013233 0.02220835
v -0.16146184 -0.14329743 0.02220835
v -0.16686570 0.17617770 0.02220835
v -0.19815049 0.09972716 0.02220835
v -0.05243064 0.08215548 0.02220835
v -0.02103216 -0.13712198 0.02220835
v -0.11328350 -0.03966135 0.02220835
v -0.16589687 0.20494874 0.02220835
v -0.22846828 -0.07204338 0.02220835
v -0.04090598 0.01454791 0.02220835
v -0.15043165 0.06357471 0.02220835
v -0.07280535 -0.04974136 0.02220835
v -0.28091067 -0.19323973 0.01876875
v -0.10650714 0.07020648 0.02220835
v -0.22624854 0.03064805 0.02220835
v -0.06764160 0.14398075 0.02220835
v -0.19927736 0.21903399 0.02220835
v -0.10326182 -0.03307273 0.02220835
v -0.23171340 0.23352243 0.02220835
v -0.29676712 0.23498378 0.02056881
v -0.26612729 0.05913499 0.02122538
v -0.12543574 0.27215008 0.02056714
v -0.08453450 -0.07405171 0.02220835
v -0.14032589 0.16756198 0.02220835
v -0.04610772 -0.02559723 0.02220835
v -0.24233789 -0.20060946 0.02220835
v -0.21502640 0.21397072 0.02220835
v -0.02995692 0.05868584 0.02220835
v -0.02001771 -0.09660984 0.02220835
v -0.25163270 -0.11797175 0.02220835
v -0.08029974 -0.15814234 0.02220835
v -0.20402854 -0.11601429 0.02220835
v -0.29368228 0.10170086 0.01140358
v -0.16811120 -0.01620739 0.02220835
v -0.20646109 0.19176183 0.02220835
v -0.21957665 0.09080970 0.02220835
v -0.22214922 0.19296171 0.02220835
v -0.20648601 -0.05451920 0.02220835
v -0.13865176 0.06990467 0.02220835
v -0.11576985 -0.07716654 0.02220835
v -0.16670390 0.01656775 0.02220835
v -0.23345845 -0.04967027 0.02220835
v -0.27288099 0.00500367 0.02017675
v -0.08110157 0.09811863 0.02220835
v -0.06983834 -0.11051074 0.02220835
v -0.28066195 0.26453930 0.01370104
v -0.10850704 -0.12890609 0.02220835
v -0.19331527 0.04691979 0.02220835
v -0.08502047 0.04672459 0.02220835
v -0.10721697 0.09272652 0.02220835
v -0.05390982 0.14789341 0.02220835
v -0.08760735 -0.05043798 0.02220835
v -0.15808590 -0.17829736 0.02220835
v -0.15948603 0.24223021 0.02220835
v -0.20559253 0.05308570 0.02220835
v -0.12900031 0.25579181 0.02218252
v -0.15483861 0.12474247 0.02220835
v -0.04778719 -0.18270237 0.02220835
v -0.20206611 0.22985183 0.02220835
v -0.29929149 -0.13603925 0.00884706
v -0.19591240 0.12869520 0.02220835
v -0.08906390 -0.18831965 0.02220835
v -0.14600302 -0.01632893 0.02220835
v -0.04928064 0.18175934 0.02220835
v -0.19888566 0.28082763 0.01657541
v -0.13724380 0.01039437 0.02220835
v -0.25608071 0.25648932 0.01952791
v -0.13852268 -0.19225412 0.02220835
v -0.06021609 -0.09973385 0.02220835
v -0.19721771 0.29068010 0.01150953
v -0.06458412 0.11888469 0.02220835
v -0.13513371 -0.02641854 0.02220835
v -0.28485485 0.01259441 0.01667640
v -0.03593916 -0.02877401 0.02220835
v -0.06621582 0.26203389 0.02220835
v -0.14951362 -0.12805564 0.02220835
v -0.04946537 0.04755692 0.02220835
v -0.02044035 -0.07530983 0.02220835
v -0.23096520 0.14361149 0.02220835
v -0.19895775 0.16527913 0.02220835
v -0.19934692 0.15327727 0.02220835
v -0.03196560 0.15681655 0.02220835
v -0.20850124 0.04169740 0.02220835
v -0.23462468 -0.09381284 0.02220835
v -0.24807935 -0.00998791 0.02220835
v -0.17866664 -0.04711427 0.02220835
v -0.27281722 -0.04163886 0.02029542
v -0.22180171 0.26080834 0.02062458
v -0.14379058 0.08465820 0.02220835
v -0.04309347 -0.17142730 0.02220835
v -0.13823283 -0.13493243 0.02220835
v -0.13746670 0.30064796 0.00710934
v -0.25742355 0.14688573 0.02219162
v -0.27944072 0.11967583 0.01815903
v -0.15204026 0.25307735 0.02220835
v -0.28161309 0.13536100 0.01812596
v -0.09952073 -0.00173476 0.02220835
v -0.23582981 -0.01700171 0.02220835
v -0.23565518 0.17337433 0.02220835
v -0.16079669 0.05832946 0.02220835
v -0.14425966 -0.05029625 0.02220835
v -0.18516806 0.09795397 0.02220835
v -0.15541942 -0.04970277 0.02220835
v -0.22402032 -0.13478247 0.02220835
v -0.28718039 0.06833393 0.01541714
v -0.17957902 0.18108469 0.02220835
v -0.08959345 0.01024554 0.02220835
v -0.29854667 -0.04060038 0.00850286
v -0.29654785 0.08922946 0.00906386
v -0.08376899 0.27317857 0.02203937
v -0.22205158 0.15290975 0.02220835
v -0.11011966 0.20513256 0.02220835
v -0.12017824 -0.12715976 0.02220835
v -0.23562529 0.13162730 0.02220835
v -0.18019963 0.11117821 0.02220835
v -0.26764072 -0.19409064 0.02139929
v -0.02081128 -0.14795465 0.02220835
v -0.09509749 0.22438049 0.02220835
v -0.06212560 -0.12804475 0.02220835
v -0.10304275 0.16896717 0.02220835
v -0.03383704 0.00425079 0.02220835
v -0.26588019 -0.13561562 0.02153009
v -0.28305729 0.23124377 0.02186623
v -0.20769157 0.29033938 0.01020140
v -0.24104404 0.15224325 0.02220835
v -0.09651258 0.06728895 0.02220835
v -0.18008352 -0.03329560 0.02220835
v -0.19198690 0.27122044 0.01981446
v -0.02937887 -0.14086131 0.02220835
v -0.12730125 -0.00647151 0.02220835
v -0.11210140 -0.19131080 0.02220835
v -0.23607566 -0.15384683 0.02220835
v -0.24937503 0.04129375 0.02220835
v -0.06725518 0.02069408 0.02220835
v -0.13817944 -0.00227089 0.02220835
v -0.17773380 0.08960460 0.02220835
v -0.18215232 0.05272909 0.02220835
v -0.08076867 0.14121220 0.02220835
v -0.15769833 0.18357377 0.02220835
v -0.09759148 -0.20215768 0.02220835
v -0.10628205 0.22901833 0.02220835
v -0.26007282 -0.02085199 0.02194217
v -0.14488695 0.09743076 0.02220835
v -0.23558988 0.18557004 0.02220835
v -0.20694754 -0.19450009 0.02220835
v -0.23283495 -0.00566325 0.02220835
v -0.12540297 0.20265608 0.02220835
v -0.20302862 0.24120501 0.02220835
v -0.12622375 0.00395808 0.02220835
v -0.09062094 -0.03143219 0.02220835
v -0.05467514 -0.06823850 0.02220835
v -0.22507734 0.12604409 0.02220835
v -0.15609473 0.13761900 0.02220835
v -0.08027860 0.25800246 0.02220835
v -0.12808382 0.01660235 0.02220835
v -0.04894529 0.07075193 0.02220835
v -0.03790582 -0.06555239 0.02220835
v -0.06272512 0.15729303 0.02220835
v -0.11493518 -0.13854376 0.02220835
v -0.08194412 -0.13133457 0.02220835
v -0.08067434 -0.03156215 0.02220835
v -0.01618351 -0.16576581 0.02220835
v -0.09029004 0.10643913 0.02220835
v -0.29787788 -0.15776741 0.01038701
v -0.21382061 -0.17239148 0.02220835
v -0.15390727 0.17383528 0.02220835
v -0.09245182 0.17431412 0.02220835
v -0.17295586 0.28663548 0.01581592
v -0.22077728 0.04625852 0.02220835
v -0.30055416 -0.11205020 0.00706535
v -0.15092957 0.07541032 0.02220835
v -0.08382851 0.11826411 0.02220835
v -0.26101004 0.19842108 0.02220835
v -0.13114273 0.10580991 0.02220835
v -0.20514772 -0.18253948 0.02220835
v -0.27442518 -0.02194772 0.01991233
v -0.24488683 -0.10064377 0.02220835
v -0.17622043 0.06382822 0.02220835
v -0.29109987 0.12694166 0.01299424
v -0.20729739 -0.08053905 0.02220835
v -0.21248764 0.22395699 0.02220835
v -0.18822280 -0.18240278 0.02220835
v -0.27058808 -0.12377298 0.02086411
v -0.29726227 -0.12536884 0.01059683
v -0.17832946 -0.09772587 0.02220835
v -0.29633227 0.00708992 0.01012468
v -0.28042491 0.20036634 0.02220835
v -0.03837096 -0.14444835 0.02220835
v -0.02065630 0.00439405 0.02220835
v -0.04907748 -0.14586020 0.02220835
v -0.11552985 0.06395617 0.02220835
v -0.05622614 0.00562747 0.02220835
v -0.23044156 0.21772800 0.02220835
v -0.07782167 -0.00657353 0.02220835
v -0.16653813 -0.05081690 0.02220835
v -0.12291583 0.24177069 0.02220835
v -0.16622163 -0.07064684 0.02220835
v -0.09066593 0.20973021 0.02220835
v -0.15484137 0.11276307 0.02220835
v -0.24718637 0.20282431 0.02220835
v -0.27394574 0.24832690 0.02000105
v -0.16058704 -0.19251424 0.02220835
v -0.20948382 -0.01686743 0.02220835
v -0.03466578 -0.04053033 0.02220835
v -0.01572896 -0.08361482 0.02220835
v -0.24480701 0.19312052 0.02220835
v -0.02375072 0.04765169 0.02220835
v -0.13346415 -0.04841125 0.02220835
v -0.27047900 0.14409143 0.02120687
v -0.19162098 0.10866868 0.02220835
v -0.27435854 0.19150458 0.02220835
v -0.22703746 0.11340004 0.02220835
v -0.07359043 0.16558233 0.02220835
v -0.27814940 0.03506279 0.01882425
v -0.07514214 0.26784871 0.02220835
v -0.23211894 -0.12587403 0.02220835
v -0.01694451 0.03739171 0.02220835
v -0.25057573 -0.17307736 0.02220835
v -0.19577769 -0.19085491 0.02220835
v -0.22560632 -0.08712454 0.02220835
v -0.19994130 0.17742447 0.02220835
v -0.06770417 0.09941632 0.02220835
v -0.02826293 0.20883725 0.02220835
v -0.13784347 0.13735444 0.02220835
v -0.07168976 -0.13706231 0.02220835
v -0.27696999 0.06316702 0.01906037
v -0.27004517 0.16757570 0.02220835
v -0.21535994 0.11847183 0.02220835
v -0.21465925 0.23602216 0.02220835
v -0.06878245 -0.03655779 0.02220835
v -0.11403173 -0.10659271 0.02220835
v -0.27972113 0.27341369 0.00696691
v -0.17089743 0.10222505 0.02220835
v -0.19108009 -0.10636380 0.02220835
v -0.07225794 0.07378754 0.02220835
v -0.18430168 -0.14524682 0.02220835
v -0.20852653 0.06523994 0.02220835
v -0.17601938 0.13404469 0.02220835
v -0.25664647 -0.14140106 0.02217069
v -0.02892517 -0.19688787 0.02220835
v -0.06875238 -0.16623632 0.02220835
v -0.06455280 0.23637714 0.02220835
v -0.20179077 -0.07015223 0.02220835
v -0.03862563 0.21291439 0.02220835
v -0.06976870 0.25346031 0.02220835
v -0.15531966 0.01489065 0.02220835
v -0.28905580 -0.13755932 0.01561692
v -0.27331618 0.21574984 0.02220835
v -0.21859114 0.28864542 0.00964333
v -0.27578446 0.15474450 0.02155984
v -0.04577399 0.05920966 0.02220835
v -0.06177272 0.04161757 0.02220835
v -0.27828302 -0.13312858 0.01929291
v -0.07343367 0.12768308 0.02220835
v -0.22416739 0.16775733 0.02220835
v -0.19238561 0.06188557 0.02220835
v -0.05475214 -0.01081299 0.02220835
v -0.29606937 -0.02961719 0.01069303
v -0.10472831 -0.09858500 0.02220835
v -0.25993629 0.09772277 0.02185208
v -0.09839676 -0.02245950 0.02220835
v -0.24069503 -0.11329191 0.02220835
v -0.18645775 0.25810334 0.02187440
v -0.21248868 0.17187291 0.02220835
v -0.01439039 -0.19895012 0.02220835
v 0.30273812 0.25850298 0.01179122
v 0.30238251 0.24361376 0.01802971
v 0.30148126 0.22777066 0.02119773
v 0.30042098 0.21164956 0.02220793
v 0.30040874 0.19737487 0.02220835
v 0.30041946 0.18312604 0.02220835
v 0.30043110 0.16764348 0.02190426
v 0.30044356 0.15108691 0.01925890
v 0.30045523 0.13556760 0.01301858
v 0.30046233 0.12613073 0.00000000
v 0.30062410 0.11172543 0.00000000
v 0.30078550 0.09735325 0.00000000
v 0.30094727 0.08294795 0.00000000
v 0.30110905 0.06854266 0.00000000
v 0.30127082 0.05413736 0.00000000
v 0.30143222 0.03976518 0.00000000
v 0.30159399 0.02535988 0.00000000
v 0.30175576 0.01095459 0.00000000
v 0.30191753 -0.00345071 0.00000000
v 0.30207893 -0.01782289 0.00000000
v 0.30224070 -0.03222819 0.00000000
v 0.30240248 -0.04663348 0.00000000
v 0.30256425 -0.06103878 0.00000000
v 0.30272565 -0.07541096 0.00000000
v 0.30288742 -0.08981626 0.00000000
v 0.30304919 -0.10422155 0.00000000
v 0.30321096 -0.11862685 0.00000000
v 0.30337236 -0.13299903 0.00000000
v 0.30353413 -0.14740433 0.00000000
v 0.30369591 -0.16180963 0.00000000
v 0.30385768 -0.17621492 0.00000000
v 0.30401908 -0.19058710 0.00000000
v 0.30418085 -0.20499240 0.00000000
v 0.29419610 -0.20551862 0.01335855
v 0.27798632 -0.20637293 0.01957490
v 0.26076293 -0.20728065 0.02203310
v 0.24503878 -0.20810935 0.02220835
v 0.23025326 -0.20888859 0.02220835
v 0.21546774 -0.20966783 0.02220835
v 0.20068222 -0.21044707 0.02220835
v 0.18589670 -0.21122631 0.02220835
v 0.17111118 -0.21200555 0.02220835
v 0.15635523 -0.21278323 0.02220835
v 0.14156972 -0.21356246 0.02220835
v 0.12678420 -0.21434170 0.02220835
v 0.11199868 -0.21512094 0.02220835
v 0.09721316 -0.21590018 0.02220835
v 0.08242764 -0.21667942 0.02220835
v 0.06764212 -0.21745866 0.02220835
v 0.05285660 -0.21823790 0.02220835
v 0.03807108 -0.21901713 0.02220835
v 0.02328557 -0.21979637 0.02220835
v 0.00850005 -0.22057561 0.02220835
v 0.00850005 -0.20576323 0.02220835
v 0.00850005 -0.19095086 0.02220835
v 0.00850005 -0.17618141 0.02220835
v 0.00850005 -0.16136904 0.02220835
v 0.00850005 -0.14655666 0.02220835
v 0.00850005 -0.13174428 0.02220835
v 0.00850005 -0.11693191 0.02220835
v 0.00850005 -0.10216246 0.02220835
v 0.00850005 -0.08735009 0.02220835
v 0.00850005 -0.07253771 0.02220835
v 0.00850005 -0.05772533 0.02220835
v 0.00850005 -0.04291295 0.02220835
v 0.00850005 -0.02814351 0.02220835
v 0.00850005 -0.01333113 0.02220835
v 0.00850005 0.00148124 0.02220835
v 0.00850005 0.01629362 0.02220835
v 0.00850005 0.03106306 0.02220835
v 0.00850005 0.04587544 0.02220835
v 0.00850005 0.06068782 0.02220835
v 0.00850005 0.07550019 0.02220835
v 0.00850005 0.09031257 0.02220835
v 0.00850005 0.10508201 0.02220835
v 0.00850005 0.11989439 0.02220835
v 0.00850005 0.13470677 0.02220835
v 0.00850005 0.14951914 0.02220835
v 0.00850005 0.16433152 0.02220835
v 0.00850005 0.17910096 0.02220835
v 0.00850005 0.19391334 0.02220835
v 0.00850005 0.20872572 0.02220835
v 0.01674114 0.22053511 0.02220835
v 0.02568985 0.23183450 0.02220835
v 0.03527219 0.24258644 0.02220835
v 0.04544076 0.25279890 0.02220835
v 0.05612416 0.26246220 0.02220835
v 0.06727810 0.27159738 0.02220835
v 0.07979955 0.28080974 0.02194367
v 0.09373473 0.29010198 0.01935178
v 0.10713103 0.29832661 0.01312166
v 0.11546226 0.30310611 0.00000000
v 0.13003178 0.30373353 0.00000000
v 0.14460651 0.30363504 0.00000000
v 0.15915453 0.30286816 0.00000000
v 0.17368022 0.30148470 0.00000000
v 0.18811961 0.29954019 0.00000000
v 0.20249886 0.29707703 0.00000000
v 0.21677405 0.29414451 0.00000000
v 0.23095825 0.29077880 0.00000000
v 0.24504852 0.28701502 0.00000000
v 0.25902399 0.28289078 0.00000000
v 0.27290502 0.27842914 0.00000000
v 0.28667383 0.27366207 0.00000000
v 0.30035516 0.26860476 0.00000000
v 0.14479442 -0.12815427 0.02220835
v 0.06774802 -0.06119862 0.02220835
v 0.24114203 -0.12681467 0.02220835
v 0.29993556 -0.16591786 0.00852270
v 0.03159997 0.00618458 0.02220835
v 0.09455928 0.18852897 0.02220835
v 0.23830905 -0.10223532 0.02220835
v 0.21808400 0.00160668 0.02220835
v 0.24346952 -0.05277399 0.02220835
v 0.22910677 -0.12481558 0.02220835
v 0.21824447 -0.09776106 0.02220835
v 0.21523880 0.22983132 0.02220835
v 0.13905208 0.29249626 0.01387494
v 0.07448203 -0.04874698 0.02220835
v 0.01818670 -0.16047223 0.02220835
v 0.13235331 -0.05997591 0.02220835
v 0.19078870 -0.02498005 0.02220835
v 0.20707261 -0.15529637 0.02220835
v 0.14744948 -0.08976024 0.02220835
v 0.04401424 -0.21167639 0.02220835
v 0.11376616 -0.20323987 0.02220835
v 0.06035033 -0.20142661 0.02220835
v 0.08146522 -0.05760372 0.02220835
v 0.10968590 -0.08548800 0.02220835
v 0.13590463 -0.08875884 0.02220835
v 0.09377513 -0.05656665 0.02220835
v 0.26425160 -0.09218535 0.02165264
v 0.15035777 0.10250300 0.02220835
v 0.07257263 0.19881973 0.02220835
v 0.10509631 0.17453217 0.02220835
v 0.16668023 0.29850758 0.00832784
v 0.02014312 -0.08220081 0.02220835
v 0.24161973 -0.19696904 0.02220835
v 0.15627988 0.17065122 0.02220835
v 0.16770665 0.04396876 0.02220835
v 0.29620466 -0.06891508 0.01093819
v 0.01981125 0.12067328 0.02220835
v 0.09671826 -0.08962708 0.02220835
v 0.11062315 0.12993524 0.02220835
v 0.05245656 -0.19219687 0.02220835
v 0.21788671 -0.03614414 0.02220835
v 0.05164936 0.19303840 0.02220835
v 0.14876818 -0.14907074 0.02220835
v 0.14957843 0.03324310 0.02220835
v 0.14207744 -0.00862670 0.02220835
v 0.22333244 -0.06128969 0.02220835
v 0.21268251 0.28942290 0.01010880
v 0.28767217 -0.10596421 0.01606832
v 0.11511036 -0.19129506 0.02220835
v 0.03480504 0.11608589 0.02220835
v 0.07766591 0.01605198 0.02220835
v 0.07652782 -0.03667583 0.02220835
v 0.09114839 0.15571609 0.02220835
v 0.27863927 -0.16817539 0.01930241
v 0.22058080 -0.15858851 0.02220835
v 0.03898684 -0.08571665 0.02220835
v 0.10347572 0.11102380 0.02220835
v 0.29345827 0.10550384 0.01153785
v 0.11611772 0.11807534 0.02220835
v 0.29323701 0.23694931 0.02057729
v 0.13102467 0.12049134 0.02220835
v 0.24738255 -0.13774960 0.02220835
v 0.10915023 0.23453287 0.02220835
v 0.03958724 -0.17312606 0.02220835
v 0.07959030 0.18936511 0.02220835
v 0.18028783 -0.02535875 0.02220835
v 0.15548386 0.29570946 0.01161593
v 0.19011616 0.17120122 0.02220835
v 0.24848114 0.02573899 0.02220835
v 0.19924768 0.21163827 0.02220835
v 0.10266968 -0.12779660 0.02220835
v 0.16511599 -0.03824097 0.02220835
v 0.03738567 -0.11014871 0.02220835
v 0.24689244 0.01254186 0.02220835
v 0.19448915 -0.15398400 0.02220835
v 0.10951258 -0.09695457 0.02220835
v 0.26440075 -0.11524641 0.02166377
v 0.28134695 0.17547997 0.02220835
v 0.26450444 -0.07653212 0.02160809
v 0.13971607 0.10889109 0.02220835
v 0.29737018 0.03191412 0.00888316
v 0.13041297 0.15243254 0.02220835
v 0.18535783 -0.12329344 0.02220835
v 0.28266594 0.21556644 0.02220835
v 0.13687620 0.30152145 0.00561244
v 0.18487540 -0.08503053 0.02220835
v 0.21306269 0.06911295 0.02220835
v 0.20774077 -0.08888654 0.02220835
v 0.08630142 0.18165361 0.02220835
v 0.08167116 0.07915844 0.02220835
v 0.05795595 0.24078854 0.02220835
v 0.23492066 0.12598419 0.02220835
v 0.02667477 -0.09039787 0.02220835
v 0.01631563 -0.16972270 0.02220835
v 0.14578408 0.01960789 0.02220835
v 0.29295247 -0.01246185 0.01278626
v 0.26111095 0.22943419 0.02220835
v 0.17179797 0.25667061 0.02209361
v 0.13828159 0.21226728 0.02220835
v 0.24701776 0.17371812 0.02220835
v 0.02336059 -0.03260193 0.02220835
v 0.04443441 -0.12034901 0.02220835
v 0.23124587 -0.09467252 0.02220835
v 0.26817616 0.00683567 0.02101329
v 0.29937264 0.04883251 0.00617094
v 0.25305447 -0.19954939 0.02220835
v 0.20707595 0.26933049 0.01958138
v 0.22740844 0.13695446 0.02220835
v 0.13970575 0.23603227 0.02220835
v 0.19086996 0.12762066 0.02220835
v 0.23665176 -0.20358684 0.02220835
v 0.14046173 0.03977328 0.02220835
v 0.01874284 0.00557777 0.02220835
v 0.05193341 -0.17224620 0.02220835
v 0.01633016 0.08326375 0.02220835
v 0.03478734 0.17375152 0.02220835
v 0.16402788 -0.05445707 0.02220835
v 0.23534951 -0.06803316 0.02220835
v 0.27984436 -0.03023236 0.01854839
v 0.18630538 0.29177596 0.01203829
v 0.02115600 0.06669705 0.02220835
v 0.17468863 -0.13026962 0.02220835
v 0.13018085 0.06501623 0.02220835
v 0.22356555 -0.07216128 0.02220835
v 0.27495785 -0.05282569 0.01987109
v 0.22093699 -0.16929723 0.02220835
v 0.15975920 -0.08342077 0.02220835
v 0.04302128 -0.18260797 0.02220835
v 0.04442309 0.22482504 0.02220835
v 0.21940737 -0.04747612 0.02220835
v 0.14394925 0.09324730 0.02220835
v 0.27331137 -0.17895945 0.02049701
v 0.06275940 -0.04873846 0.02220835
v 0.06129105 -0.21204686 0.02220835
v 0.18439281 0.28067656 0.01753052
v 0.16247364 0.13762631 0.02220835
v 0.27464302 -0.06710478 0.01997563
v 0.28565016 0.24834266 0.01903515
v 0.13958889 0.07884356 0.02220835
v 0.26241878 -0.16220132 0.02188654
v 0.26711104 -0.18883644 0.02145655
v 0.07741268 -0.16017026 0.02220835
v 0.01627268 -0.09419962 0.02220835
v 0.02761133 0.03904231 0.02220835
v 0.15728840 0.27078256 0.02077105
v 0.12543061 0.27334783 0.02034095
v 0.11499122 0.04265750 0.02220835
v 0.12768086 0.17652922 0.02220835
v 0.13862992 -0.10170884 0.02220835
v 0.06756082 -0.07628611 0.02220835
v 0.21344351 0.11212880 0.02220835
v 0.13920761 -0.01769890 0.02220835
v 0.14015166 0.14495795 0.02220835
v 0.15886953 -0.17642680 0.02220835
v 0.29687788 -0.14944117 0.01111864
v 0.26097665 0.03085342 0.02182825
v 0.14706136 0.28535518 0.01714916
v 0.05544698 -0.05611864 0.02220835
v 0.13681568 -0.02859326 0.02220835
v 0.11273396 -0.04701500 0.02220835
v 0.18100573 -0.18695793 0.02220835
v 0.10523977 0.13955056 0.02220835
v 0.18347664 -0.11175599 0.02220835
v 0.18184543 0.20045250 0.02220835
v 0.05129733 0.07196825 0.02220835
v 0.04830544 -0.06470446 0.02220835
v 0.18253699 0.09361866 0.02220835
v 0.15268136 0.19398836 0.02220835
v 0.20840524 -0.13301420 0.02220835
v 0.04775084 0.04741353 0.02220835
v 0.11251984 0.19420235 0.02220835
v 0.05376601 -0.18210142 0.02220835
v 0.08477636 -0.17732173 0.02220835
v 0.13103270 0.16384102 0.02220835
v 0.13770000 0.27789813 0.01932944
v 0.16677026 0.05404551 0.02220835
v 0.12456415 0.04746671 0.02220835
v 0.08088072 -0.12155383 0.02220835
v 0.19526098 -0.19281253 0.02220835
v 0.07670413 -0.08346582 0.02220835
v 0.18561777 -0.16469950 0.02220835
v 0.19816656 -0.00053751 0.02220835
v 0.27010740 0.17530390 0.02220835
v 0.17523966 0.28975875 0.01415880
v 0.23422158 -0.18622760 0.02220835
v 0.11498267 0.10414588 0.02220835
v 0.01672495 -0.07429439 0.02220835
v 0.27771682 -0.19660961 0.01960766
v 0.15450148 -0.19960359 0.02220835
v 0.28057213 -0.11626398 0.01861807
v 0.20060469 -0.11503204 0.02220835
v 0.22445810 0.17353055 0.02220835
v 0.22224783 0.25674234 0.02123125
v 0.03760077 -0.20208846 0.02220835
v 0.16608274 0.12483538 0.02220835
v 0.10139822 -0.16399273 0.02220835
v 0.07245809 0.23529873 0.02220835
v 0.01725253 -0.18078525 0.02220835
v 0.29173795 0.01243935 0.01335968
v 0.23867213 -0.17229425 0.02220835
v 0.16506653 0.17345020 0.02220835
v 0.08503285 -0.09463472 0.02220835
v 0.11572858 -0.00606774 0.02220835
v 0.12858130 0.24173456 0.02220835
v 0.03891309 -0.13941578 0.02220835
v 0.28181867 0.00223837 0.01781652
v 0.21950130 -0.14139904 0.02220835
v 0.23896062 0.27799877 0.01352503
v 0.22568324 0.15625637 0.02220835
v 0.24411952 0.11104644 0.02220835
v 0.04020425 -0.03494868 0.02220835
v 0.12932051 0.28666112 0.01650288
v 0.22741381 0.27959427 0.01431272
v 0.24943694 0.15770299 0.02220835
v 0.23733809 0.06625807 0.02220835
v 0.11580635 0.17959341 0.02220835
v 0.04816010 0.08881978 0.02220835
v 0.25266910 0.05786639 0.02220236
v 0.17139515 -0.16780408 0.02220835
v 0.24878812 -0.09482352 0.02220835
v 0.15276363 -0.05925332 0.02220835
v 0.15685153 0.04804906 0.02220835
v 0.15942447 -0.02144255 0.02220835
v 0.04791388 0.17113312 0.02220835
v 0.05390640 0.13415981 0.02220835
v 0.09333413 0.02315385 0.02220835
v 0.28710309 0.02531581 0.01567256
v 0.01739987 0.04106749 0.02220835
v 0.01899424 0.09586816 0.02220835
v 0.29366640 0.12967897 0.01184889
v 0.25119925 0.25676155 0.01981672
v 0.12641541 -0.11210019 0.02220835
v 0.07909004 -0.20999002 0.02220835
v 0.05392739 0.12122875 0.02220835
v 0.10597256 0.03602415 0.02220835
v 0.01948045 0.05390364 0.02220835
v 0.29531835 0.11937626 0.00990626
v 0.07843486 -0.02326438 0.02220835
v 0.29825554 0.01970412 0.00807414
v 0.11212722 0.24827418 0.02220835
v 0.06436326 0.15967351 0.02220835
v 0.14848654 0.16353150 0.02220835
v 0.29595351 0.25007615 0.01720169
v 0.28184752 0.26041641 0.01549348
v 0.23327471 -0.02573598 0.02220835
v 0.27407276 0.21131860 0.02220835
v 0.13563864 0.05277727 0.02220835
v 0.02434999 0.10741333 0.02220835
v 0.12544270 -0.19807612 0.02220835
v 0.09921462 -0.10422339 0.02220835
v 0.16428702 -0.01187439 0.02220835
v 0.18505206 0.26040232 0.02169593
v 0.06749022 0.07395904 0.02220835
v 0.08067828 0.13897293 0.02220835
v 0.08375703 0.03013585 0.02220835
v 0.01788427 0.02789436 0.02220835
v 0.13148649 -0.12515406 0.02220835
v 0.13843638 0.00208254 0.02220835
v 0.28832876 -0.19648464 0.01622021
v 0.10520999 0.28247706 0.01874027
v 0.07116311 -0.18417237 0.02220835
v 0.19203722 0.18325342 0.02220835
v 0.09393030 0.27512453 0.02125566
v 0.22886266 -0.01422542 0.02220835
v 0.16325047 0.24188214 0.02220835
v 0.28575935 -0.12665654 0.01693088
v 0.11591473 -0.07695821 0.02220835
v 0.14088633 -0.11502837 0.02220835
v 0.22736076 0.20343033 0.02220835
v 0.05102169 -0.02832046 0.02220835
v 0.28780267 0.18345709 0.02220835
v 0.29202262 0.14283552 0.01736285
v 0.24675359 0.12519408 0.02220835
v 0.12128411 -0.05480150 0.02220835
v 0.27577928 -0.08226937 0.01976016
v 0.19246653 0.03614114 0.02220835
v 0.05789488 -0.07028289 0.02220835
v 0.15479693 -0.04540919 0.02220835
v 0.10746780 -0.07198028 0.02220835
v 0.10811009 0.00264250 0.02220835
v 0.07803405 0.12454459 0.02220835
v 0.28098970 0.23520803 0.02158756
v 0.09312529 -0.02656410 0.02220835
v 0.18384872 -0.19728449 0.02220835
v 0.19398120 0.08354898 0.02220835
v 0.19883927 0.23245387 0.02220835
v 0.28974147 0.15631317 0.02075613
v 0.18053243 0.14738823 0.02220835
v 0.06380183 -0.16357084 0.02220835
v 0.03877616 0.21565601 0.02220835
v 0.10529489 0.06578162 0.02220835
v 0.12263375 -0.20769900 0.02220835
v 0.06805468 -0.15013029 0.02220835
v 0.18095896 0.02972558 0.02220835
v 0.17677843 0.05635041 0.02220835
v 0.15341985 -0.01177323 0.02220835
v 0.04766522 -0.14489011 0.02220835
v 0.03198560 -0.19339896 0.02220835
v 0.10106213 -0.04774595 0.02220835
v 0.06727434 0.04714250 0.02220835
v 0.17851099 0.21280616 0.02220835
v 0.22908047 0.05444165 0.02220835
v 0.10024528 -0.06463041 0.02220835
v 0.26918004 -0.00577221 0.02087758
v 0.07389664 0.16364798 0.02220835
v 0.03016499 0.22313261 0.02220835
v 0.11120880 -0.11133729 0.02220835
v 0.25369883 0.19682684 0.02220835
v 0.15906926 0.08991386 0.02220835
v 0.12874769 -0.00575577 0.02220835
v 0.13481533 -0.20475716 0.02220835
v 0.06301050 0.17299177 0.02220835
v 0.02835759 -0.13118712 0.02220835
v 0.20914824 0.05685131 0.02220835
v 0.17187764 0.09812162 0.02220835
v 0.13125831 0.20224960 0.02220835
v 0.14191802 0.25341103 0.02220835
v 0.02001705 0.19416608 0.02220835
v 0.11961090 0.15359930 0.02220835
v 0.15952748 0.11321721 0.02220835
v 0.22023023 0.02952130 0.02220835
v 0.26887985 0.13492625 0.02088128
v 0.06642968 0.13341094 0.02220835
v 0.14346943 -0.05265015 0.02220835
v 0.17783528 0.12199325 0.02220835
v 0.25260404 -0.03399072 0.02220833
v 0.18505394 -0.07123978 0.02220835
v 0.26630562 0.10317736 0.02113050
v 0.04762600 -0.07853157 0.02220835
v 0.21546479 -0.08074078 0.02220835
v 0.12526609 -0.04413539 0.02220835
v 0.17125401 -0.09100464 0.02220835
v 0.04253942 -0.05415954 0.02220835
v 0.08830310 -0.16629000 0.02220835
v 0.17976561 0.06557823 0.02220835
v 0.22849246 0.11169799 0.02220835
v 0.19164877 0.09757494 0.02220835
v 0.27994717 -0.18656213 0.01901402
v 0.17283922 0.15771807 0.02220835
v 0.16973453 -0.15672047 0.02220835
v 0.06830455 0.24553766 0.02220835
v 0.06977881 -0.01039209 0.02220835
v 0.05312750 -0.20898590 0.02220835
v 0.04606400 -0.01559736 0.02220835
v 0.09397567 -0.18756855 0.02220835
v 0.03591145 0.23237302 0.02220835
v 0.27666058 0.20127453 0.02220835
v 0.07046599 -0.20419488 0.02220835
v 0.09553162 0.25794306 0.02220781
v 0.20495825 0.28064473 0.01615548
v 0.29183121 0.05748421 0.01299666
v 0.28017061 0.01410795 0.01830065
v 0.18604033 -0.05478688 0.02220835
v 0.19557131 -0.10587878 0.02220835
v 0.23111595 -0.04097364 0.02220835
v 0.01869235 -0.14582402 0.02220835
v 0.03531301 0.20589922 0.02220835
v 0.29650141 -0.05393720 0.01056277
v 0.22274486 0.28972925 0.00749619
v 0.12356800 -0.07306504 0.02220835
v 0.15220214 0.23379698 0.02220835
v 0.28429424 -0.15503012 0.01757624
v 0.22897555 0.01942568 0.02220835
v 0.17246901 -0.07690639 0.02220835
v 0.29369949 0.26885006 0.00635326
v 0.08876325 -0.03612347 0.02220835
v 0.20759541 -0.19849308 0.02220835
v 0.22949310 -0.15003241 0.02220835
v 0.17006473 0.27847457 0.01880046
v 0.15654173 -0.03121469 0.02220835
v 0.08195679 -0.18629685 0.02220835
v 0.27790436 0.10931474 0.01865701
v 0.17473326 0.03670754 0.02220835
v 0.27516285 0.03456105 0.01959765
v 0.05477778 0.18172308 0.02220835
v 0.02185372 0.01625239 0.02220835
v 0.16254612 -0.00106405 0.02220835
v 0.05651411 -0.15304413 0.02220835
v 0.16747197 0.06606593 0.02220835
v 0.05867265 0.22828263 0.02220835
v 0.22955454 -0.17604603 0.02220835
v 0.04060155 0.12801848 0.02220835
v 0.12063293 -0.02717340 0.02220835
v 0.16179900 0.22786813 0.02220835
v 0.03042312 0.18428093 0.02220835
v 0.28250329 0.08043376 0.01727511
v 0.29847807 -0.20037105 0.01028357
v 0.04263883 -0.19260128 0.02220835
v 0.04923009 -0.13241971 0.02220835
v 0.01356991 0.18527352 0.02220835
v 0.17289800 0.07578545 0.02220835
v 0.19309156 -0.14349017 0.02220835
v 0.11471899 -0.03622497 0.02220835
v 0.26462081 0.20923503 0.02220835
v 0.03107677 -0.07785850 0.02220835
v 0.16073415 -0.06925015 0.02220835
v 0.26477279 0.05341281 0.02141022
v 0.01875614 0.20991474 0.02220835
v 0.23923862 0.14586232 0.02220835
v 0.20736015 0.15140219 0.02220835
v 0.27217693 0.22313382 0.02220835
v 0.03493994 -0.02493789 0.02220835
v 0.25508713 -0.18946403 0.02220551
v 0.19317820 -0.17004944 0.02220835
v 0.18215269 -0.13872379 0.02220835
v 0.09231354 -0.15370673 0.02220835
v 0.24100232 0.09389398 0.02220835
v 0.01811693 0.15622058 0.02220835
v 0.10247564 -0.03581965 0.02220835
v 0.03031231 0.15316060 0.02220835
v 0.06083089 0.20083322 0.02220835
v 0.13780729 -0.14011355 0.02220835
v 0.17021197 0.11163060 0.02220835
v 0.21754516 0.09690832 0.02220835
v 0.28332181 -0.14485108 0.01786575
v 0.08007436 0.05360761 0.02220835
v 0.25049999 0.28462271 0.00384704
v 0.17722048 -0.03618575 0.02220835
v 0.09035539 0.04671384 0.02220835
v 0.25894073 0.14623443 0.02215073
v 0.02285334 -0.13855860 0.02220835
v 0.02288860 -0.11317483 0.02220835
v 0.13822073 0.17299933 0.02220835
v 0.13868331 0.13260030 0.02220835
v 0.02865770 0.02654216 0.02220835
v 0.04744500 0.24336312 0.02220835
v 0.25082808 0.07075882 0.02220835
v 0.07414078 0.09137770 0.02220835
v 0.25797224 -0.01413643 0.02206452
v 0.06574835 0.00404665 0.02220835
v 0.08154524 -0.20206415 0.02220835
v 0.05648521 -0.12204730 0.02220835
v 0.08781217 0.01204540 0.02220835
v 0.26635321 0.15550726 0.02210907
v 0.26409210 -0.04136849 0.02160993
v 0.03884353 0.03242367 0.02220835
v 0.11805956 0.16671355 0.02220835
v 0.27585085 0.27115496 0.01050253
v 0.27000278 0.23758641 0.02173896
v 0.22208321 -0.02521617 0.02220835
v 0.29561094 -0.09366807 0.01159936
v 0.08974884 0.12761155 0.02220835
v 0.12580344 -0.18720640 0.02220835
v 0.24536191 0.28185667 0.00957604
v 0.21728452 0.05184281 0.02220835
v 0.23992199 0.07998863 0.02220835
v 0.20109336 0.04635440 0.02220835
v 0.03522756 -0.15253602 0.02220835
v 0.16612730 -0.18477595 0.02220835
v 0.03677928 -0.09717966 0.02220835
v 0.06227999 0.10707368 0.02220835
v 0.20616541 0.00880426 0.02220835
v 0.19984740 0.16350247 0.02220835
v 0.09853819 0.24295721 0.02220835
v 0.10043530 0.01147645 0.02220835
v 0.23662377 0.16497972 0.02220835
v 0.10670626 -0.18155081 0.02220835
v 0.02892250 -0.12038119 0.02220835
v 0.18270251 0.08370943 0.02220835
v 0.22095002 0.19233859 0.02220835
v 0.24055852 0.25853094 0.02010419
v 0.06151563 -0.18956240 0.02220835
v 0.20029295 -0.02775831 0.02220835
v 0.13954368 0.06734173 0.02220835
v 0.12994844 -0.06753027 0.02220835
v 0.14686485 0.26818073 0.02125283
v 0.13656397 -0.15372885 0.02220835
v 0.22778032 0.21675310 0.02220835
v 0.25228174 -0.17166766 0.02220835
v 0.15766792 0.21643614 0.02220835
v 0.03442151 0.14088919 0.02220835
v 0.26246307 0.24986043 0.02046297
v 0.23050163 0.10094035 0.02220835
v 0.29982970 -0.00998305 0.00647688
v 0.06570277 0.01644690 0.02220835
v 0.26626948 0.07455846 0.02118150
v 0.21298842 -0.10990696 0.02220835
v 0.03186055 -0.21002626 0.02220835
v 0.15053629 0.11627696 0.02220835
v 0.07274632 0.02682537 0.02220835
v 0.16015449 -0.15156903 0.02220835
v 0.02533488 0.16549190 0.02220835
v 0.16919051 -0.02540832 0.02220835
v 0.28145677 -0.09362347 0.01827716
v 0.03138709 -0.18252261 0.02220835
v 0.01270594 -0.13978858 0.02220835
v 0.20226671 0.17905621 0.02220835
v 0.20472012 -0.14377458 0.02220835
v 0.25791193 -0.18037189 0.02214603
v 0.17656728 -0.20438633 0.02220835
v 0.27507117 0.24917105 0.01974121
v 0.22171972 -0.19078298 0.02220835
v 0.14585419 -0.20674623 0.02220835
v 0.08823010 -0.04670998 0.02220835
v 0.25347776 -0.08312382 0.02220770
v 0.16354565 0.18813287 0.02220835
v 0.29399855 0.19160584 0.02220835
v 0.28106832 0.06581606 0.01782860
v 0.02086884 -0.02007933 0.02220835
v 0.10317544 0.21419959 0.02220835
v 0.09467169 0.03598795 0.02220835
v 0.19444019 0.14966039 0.02220835
v 0.11853247 -0.17888875 0.02220835
v 0.20194216 0.01917086 0.02220835
v 0.07816298 0.04106419 0.02220835
v 0.04424731 0.00766512 0.02220835
v 0.23830585 0.19595363 0.02220835
v 0.06414740 -0.10953116 0.02220835
v 0.05834646 0.02528160 0.02220835
v 0.19032253 0.04874163 0.02220835
v 0.03823166 0.04458539 0.02220835
v 0.21053156 -0.16548999 0.02220835
v 0.14730999 -0.03529289 0.02220835
v 0.11781777 -0.01652241 0.02220835
v 0.19877848 -0.07962447 0.02220835
v 0.14699320 0.22181764 0.02220835
v 0.15513878 0.15200771 0.02220835
v 0.07090294 0.22287856 0.02220835
v 0.09161166 0.21070684 0.02220835
v 0.18703184 0.23766249 0.02220835
v 0.24773489 -0.16412823 0.02220835
v 0.20026404 0.06096808 0.02220835
v 0.23240119 -0.05440656 0.02220835
v 0.12307349 0.05790003 0.02220835
v 0.07787517 0.00214692 0.02220835
v 0.23171102 -0.08014323 0.02220835
v 0.11279337 0.20731362 0.02220835
v 0.19399578 -0.20285664 0.02220835
v 0.19826379 0.19521619 0.02220835
v 0.14183099 0.19895714 0.02220835
v 0.12180285 0.20041869 0.02220835
v 0.08528488 0.06655645 0.02220835
v 0.20406761 0.07598254 0.02220835
v 0.15072383 0.00919819 0.02220835
v 0.14232325 0.12231315 0.02220835
v 0.11764335 0.06882851 0.02220835
v 0.17511037 0.19012754 0.02220835
v 0.21332671 0.12862153 0.02220835
v 0.19947497 -0.16250070 0.02220835
v 0.09804187 -0.07711713 0.02220835
v 0.11589344 0.02764204 0.02220835
v 0.18141619 0.00775092 0.02220835
v 0.19495793 0.29585139 0.00692873
v 0.08109262 -0.19436634 0.02220835
v 0.03827051 0.19433925 0.02220835
v 0.26655813 -0.19916867 0.02153412
v 0.07152299 -0.13565743 0.02220835
v 0.19268428 -0.18190741 0.02220835
v 0.21246409 -0.18700356 0.02220835
v 0.28160920 0.09616141 0.01752920
v 0.22687440 0.23848084 0.02220835
v 0.20843583 0.10135391 0.02220835
v 0.21090542 0.04048472 0.02220835
v 0.12238604 0.23152691 0.02220835
v 0.10300403 -0.20691166 0.02220835
v 0.02125053 -0.18925294 0.02220835
v 0.20391362 0.24358666 0.02220835
v 0.13952392 -0.04197340 0.02220835
v 0.05463941 0.01133919 0.02220835
v 0.20558684 0.03015687 0.02220835
v 0.26057925 0.16736737 0.02220835
v 0.21313714 -0.12213273 0.02220835
v 0.14801973 0.29994606 0.00819044
v 0.12286149 -0.15857345 0.02220835
v 0.22183006 -0.13196450 0.02220835
v 0.17510145 0.23309819 0.02220835
v 0.14748692 0.17507458 0.02220835
v 0.19856034 0.25767615 0.02172418
v 0.24243629 0.05410384 0.02220835
v 0.24773103 0.22914660 0.02220835
v 0.01558022 -0.06352976 0.02220835
v 0.12439387 0.21488141 0.02220835
v 0.11244061 0.05581126 0.02220835
v 0.12093942 0.09018319 0.02220835
v 0.25830396 0.26310309 0.01748399
v 0.26325870 -0.02720814 0.02167911
v 0.21488033 0.01775738 0.02220835
v 0.27051678 -0.14139053 0.02090757
v 0.25416749 0.08566470 0.02216882
v 0.24725528 0.24684207 0.02157303
v 0.27414227 -0.01889846 0.01996680
v 0.24239349 -0.00786407 0.02220835
v 0.21255635 -0.17605566 0.02220835
v 0.29410056 0.04405407 0.01157289
v 0.17484116 -0.04781487 0.02220835
v 0.03555760 0.01766966 0.02220835
v 0.21506205 -0.01245088 0.02220835
v 0.27014439 0.25961143 0.01735199
v 0.15037693 0.08236577 0.02220835
v 0.27417039 0.04586843 0.01979891
v 0.27833974 0.12644903 0.01847507
v 0.04316178 0.05891455 0.02220835
v 0.22195678 -0.18109691 0.02220835
v 0.15817826 -0.19135226 0.02220835
v 0.09569118 0.07425922 0.02220835
v 0.08611930 0.24483976 0.02220835
v 0.22238016 0.12189168 0.02220835
v 0.05886537 -0.09808497 0.02220835
v 0.03091452 0.09239237 0.02220835
v 0.19865396 -0.05018772 0.02220835
v 0.04808344 0.10940258 0.02220835
v 0.16053348 0.03571032 0.02220835
v 0.12387621 0.00577394 0.02220835
v 0.15731849 -0.09692029 0.02220835
v 0.12878947 -0.03493000 0.02220835
v 0.19244272 0.01021741 0.02220835
v 0.02585810 -0.06705769 0.02220835
v 0.24982544 -0.11777445 0.02220835
v 0.07141526 -0.21237904 0.02220835
v 0.13033275 0.29713216 0.01055553
v 0.06986204 -0.19518527 0.02220835
v 0.19360592 -0.13344268 0.02220835
v 0.02693671 -0.17316338 0.02220835
v 0.11108817 0.07928146 0.02220835
v 0.14241349 -0.06566584 0.02220835
v 0.15248126 -0.13798885 0.02220835
v 0.16830655 -0.10533810 0.02220835
v 0.24591357 -0.06297609 0.02220835
v 0.21691454 0.24403600 0.02220396
v 0.22730520 0.08810739 0.02220835
v 0.01478371 0.20171853 0.02220835
v 0.18556551 0.15974684 0.02220835
v 0.28632336 -0.06077178 0.01641867
v 0.17090904 0.08663885 0.02220835
v 0.10765060 0.26701814 0.02146104
v 0.18026166 0.04578006 0.02220835
v 0.08449222 0.16478791 0.02220835
v 0.20484582 0.29255147 0.00868690
v 0.09533957 -0.11879041 0.02220835
v 0.25163204 0.13596002 0.02220835
v 0.29688634 -0.19010976 0.01145789
v 0.19217696 0.02394302 0.02220835
v 0.20316949 -0.18556164 0.02220835
v 0.09506881 0.13621629 0.02220835
v 0.07734741 -0.06923720 0.02220835
v 0.17953222 0.29828086 0.00680909
v 0.21111059 0.25731433 0.02148684
v 0.04455940 -0.15509586 0.02220835
v 0.13295039 0.08811986 0.02220835
v 0.21292961 0.18238958 0.02220835
v 0.05087280 0.21636129 0.02220835
v 0.10715575 0.15998070 0.02220835
v 0.19211048 0.10969851 0.02220835
v 0.18565130 -0.01423058 0.02220835
v 0.05857326 -0.08511946 0.02220835
v 0.17392751 -0.01388006 0.02220835
v 0.15533441 -0.11916365 0.02220835
v 0.10915591 0.09348917 0.02220835
v 0.16143973 -0.12874486 0.02220835
v 0.26567315 0.19545825 0.02220835
v 0.28248141 -0.01002566 0.01763957
v 0.24509723 -0.18015073 0.02220835
v 0.26207151 0.11899698 0.02163295
v 0.05027031 -0.10894079 0.02220835
v 0.18966535 -0.03933744 0.02220835
v 0.18910485 0.05967257 0.02220835
v 0.27226287 0.02265373 0.02026197
v 0.06899763 0.25914489 0.02220835
v 0.09668408 0.10100481 0.02220835
v 0.02018575 -0.21004382 0.02220835
v 0.06576550 0.03517702 0.02220835
v 0.04996290 -0.04310209 0.02220835
v 0.16504269 -0.13970527 0.02220835
v 0.18775344 0.22318882 0.02220835
v 0.02051906 -0.04323388 0.02220835
v 0.16087193 0.07643194 0.02220835
v 0.12482191 0.03286456 0.02220835
v 0.02697046 0.21358743 0.02220835
v 0.29608204 -0.03221881 0.01070648
v 0.04999732 -0.16335780 0.02220835
v 0.22993584 -0.19666049 0.02220835
v 0.02663933 0.13029309 0.02220835
v 0.05548092 0.05896693 0.02220835
v 0.08682971 -0.07944380 0.02220835
v 0.07914631 0.10564028 0.02220835
v 0.04899267 -0.20128402 0.02220835
v 0.15735979 0.25467467 0.02219735
v 0.25576132 -0.12684083 0.02218714
v 0.04266752 0.18316731 0.02220835
v 0.10677535 -0.02270910 0.02220835
v 0.05533697 -0.00355894 0.02220835
v 0.24545403 -0.18966572 0.02220835
v 0.23061996 0.22773336 0.02220835
v 0.13507023 -0.07723673 0.02220835
v 0.26530051 -0.17183762 0.02163679
v 0.03366457 -0.04405540 0.02220835
v 0.09926913 0.08590262 0.02220835
v 0.06822319 0.11791412 0.02220835
v 0.11704277 0.28179304 0.01822793
v 0.07910583 0.15128030 0.02220835
v 0.28701335 0.03781007 0.01564984
v 0.21282201 -0.05528327 0.02220835
v 0.28770958 0.22583933 0.02202866
v 0.25902367 0.04335016 0.02196457
v 0.16729913 0.02668941 0.02220835
v 0.06540651 -0.02681319 0.02220835
v 0.18343884 -0.17569192 0.02220835
v 0.07583154 0.17621885 0.02220835
v 0.14889348 0.24504940 0.02220835
v 0.19557657 -0.06606228 0.02220835
v 0.13402544 0.26411287 0.02168605
v 0.22965915 -0.00290511 0.02220835
v 0.20291023 0.09073053 0.02220835
v 0.01659512 -0.00756375 0.02220835
v 0.09791715 0.16513081 0.02220835
v 0.24125088 0.20767641 0.02220835
v 0.21042935 -0.02442976 0.02220835
v 0.22317933 -0.08793750 0.02220835
v 0.20182504 0.12009564 0.02220835
v 0.05928603 -0.13895121 0.02220835
v 0.17670382 -0.00349883 0.02220835
v 0.15291224 -0.10779226 0.02220835
v 0.15030635 0.14056668 0.02220835
v 0.12648444 -0.17024657 0.02220835
v 0.23071631 0.26208381 0.01993149
v 0.11461440 0.01413197 0.02220835
v 0.09760392 0.22645603 0.02220835
v 0.30209979 -0.18362459 0.00598787
v 0.14844101 -0.07577699 0.02220835
v 0.20465542 -0.06069747 0.02220835
v 0.14422012 0.18572343 0.02220835
v 0.16154955 0.10123925 0.02220835
v 0.03811977 -0.06859234 0.02220835
v 0.13608373 -0.19192199 0.02220835
v 0.13243783 -0.05113183 0.02220835
v 0.10522725 0.02335437 0.02220835
v 0.17865856 0.27021315 0.02045048
v 0.22625244 0.07588855 0.02220835
v 0.08912744 -0.06744735 0.02220835
v 0.20907267 0.19942206 0.02220835
v 0.21573576 -0.14988771 0.02220835
v 0.08271411 -0.01016269 0.02220835
v 0.29082418 -0.02233612 0.01410017
v 0.29776848 -0.11011818 0.01001938
v 0.13378854 0.22466875 0.02220835
v 0.23753818 0.02474201 0.02220835
v 0.13166166 0.03979478 0.02220835
v 0.12751934 0.25205085 0.02220835
v 0.28007681 -0.13489697 0.01881900
v 0.21298271 0.16559118 0.02220835
v 0.29967532 0.05927598 0.00548095
v 0.13511366 -0.17975347 0.02220835
v 0.12362709 -0.08638833 0.02220835
v 0.14645474 0.05738439 0.02220835
v 0.14710644 -0.17423567 0.02220835
v 0.29702048 0.06684073 0.00883951
v 0.23902161 -0.15880797 0.02220835
v 0.16451784 -0.20385571 0.02220835
v 0.02313697 0.14421780 0.02220835
v 0.20533102 0.22157277 0.02220835
v 0.08076692 -0.14691972 0.02220835
v 0.07602994 -0.10719339 0.02220835
v 0.16418297 0.28837794 0.01542550
v 0.25932611 0.27384758 0.01243084
v 0.07927560 0.25286432 0.02220835
v 0.13078654 0.09952677 0.02220835
v 0.06605805 0.05860891 0.02220835
v 0.12376818 -0.14708229 0.02220835
v 0.06163783 0.21324978 0.02220835
v 0.27752439 0.16300193 0.02203002
v 0.08176991 0.26585254 0.02220835
v 0.15435778 -0.20730749 0.02220835
v 0.05327220 0.16158539 0.02220835
v 0.11637875 -0.12391969 0.02220835
v 0.11238906 0.29311596 0.01362349
v 0.16248493 0.16180613 0.02220835
v 0.17252721 0.20143185 0.02220835
v 0.03063532 0.05318270 0.02220835
v 0.28451121 0.11772226 0.01633999
v 0.13740251 0.02752113 0.02220835
v 0.24110073 -0.03309957 0.02220835
v 0.09726432 -0.17574607 0.02220835
v 0.10878347 0.14930075 0.02220835
v 0.02692400 -0.16223016 0.02220835
v 0.12322880 -0.09910592 0.02220835
v 0.24687534 0.18669076 0.02220835
v 0.27812377 -0.04094095 0.01906447
v 0.23380210 0.27095609 0.01725569
v 0.09439113 0.05917047 0.02220835
v 0.25853306 -0.10404924 0.02208653
v 0.25782488 -0.06648109 0.02209961
v 0.09234882 -0.00020150 0.02220835
v 0.29948758 0.00540504 0.00671995
v 0.29366154 0.09124271 0.01150611
v 0.04526025 0.14159808 0.02220835
v 0.05784910 0.25259530 0.02220835
v 0.18460412 0.07398718 0.02220835
v 0.18837321 -0.00338004 0.02220835
v 0.10519997 0.18662635 0.02220835
v 0.08440578 0.22006827 0.02220835
v 0.11162152 -0.13880191 0.02220835
v 0.24648922 -0.04378450 0.02220835
v 0.19389397 0.27155636 0.01966405
v 0.19440869 0.07072888 0.02220835
v 0.19567989 0.28540547 0.01480393
v 0.06071253 0.09586844 0.02220835
v 0.02130048 -0.19958735 0.02220835
v 0.16739523 0.14754348 0.02220835
v 0.06629145 0.18706206 0.02220835
v 0.12614298 0.10992090 0.02220835
v 0.05068636 0.03440325 0.02220835
v 0.21657533 0.28035167 0.01519926
v 0.07417155 -0.17223004 0.02220835
v 0.17070517 0.00576405 0.02220835
v 0.10047034 0.20024682 0.02220835
v 0.11695787 -0.06416536 0.02220835
v 0.18659932 0.19188135 0.02220835
v 0.15100508 0.20653654 0.02220835
v 0.20671281 -0.10043422 0.02220835
v 0.03149867 -0.05659792 0.02220835
v 0.04319596 0.15336633 0.02220835
v 0.22025760 0.26985156 0.01868205
v 0.10829990 -0.05777867 0.02220835
v 0.02553436 -0.15154139 0.02220835
v 0.12473951 -0.13517606 0.02220835
v 0.17006667 -0.11789344 0.02220835
v 0.23313412 0.18331936 0.02220835
v 0.12635753 0.07740501 0.02220835
v 0.17587468 0.16893135 0.02220835
v 0.29214744 -0.16085063 0.01422549
v 0.20241642 -0.17411007 0.02220835
v 0.18190777 -0.09939231 0.02220835
v 0.18950759 0.20728890 0.02220835
v 0.25907014 -0.13741194 0.02207878
v 0.13642155 0.01270239 0.02220835
v 0.23031190 -0.16389388 0.02220835
v 0.08787364 -0.10801688 0.02220835
v 0.29024442 0.07125648 0.01384001
v 0.27028039 -0.12657322 0.02091874
v 0.28880281 -0.17267342 0.01590398
v 0.23606414 0.04539500 0.02220835
v 0.19884473 -0.12454489 0.02220835
v 0.15090302 -0.00109291 0.02220835
v 0.25040000 0.27439083 0.01370428
v 0.23669048 -0.11471952 0.02220835
v 0.03695374 -0.16399358 0.02220835
v 0.03769256 0.16283929 0.02220835
v 0.20839680 -0.00311185 0.02220835
v 0.01598519 0.13817649 0.02220835
v 0.14482176 -0.19674678 0.02220835
v 0.22355383 -0.11560434 0.02220835
v 0.07059461 -0.09387255 0.02220835
v 0.05541378 0.14851654 0.02220835
v 0.18052880 0.10650766 0.02220835
v 0.10202489 0.12279409 0.02220835
v 0.10279169 0.04917955 0.02220835
v 0.22669624 -0.10562823 0.02220835
v 0.06291968 -0.17599459 0.02220835
v 0.16592797 0.26606469 0.02134633
v 0.29110954 -0.04338983 0.01407354
v 0.09298804 -0.01582430 0.02220835
v 0.24608819 -0.02071226 0.02220835
v 0.03841833 0.07991118 0.02220835
v 0.12894577 0.14053781 0.02220835
v 0.17411267 -0.06271129 0.02220835
v 0.23348624 0.03491211 0.02220835
v 0.14809045 -0.02264779 0.02220835
v 0.08530729 0.23241252 0.02220835
v 0.25345822 0.20864141 0.02220835
v 0.15056514 0.06974574 0.02220835
v 0.23169739 0.28635910 0.00881044
v 0.07546741 0.21033143 0.02220835
v 0.27450036 0.18707038 0.02220835
v 0.01705017 -0.10582759 0.02220835
v 0.19475658 -0.09373554 0.02220835
v 0.29009664 -0.07955703 0.01481364
v 0.26697825 0.26915240 0.01373388
v 0.23964806 0.23708361 0.02220796
v 0.30280676 -0.19649651 0.00500451
v 0.15378063 0.12846698 0.02220835
v 0.03289908 -0.01348819 0.02220835
v 0.22332340 0.04179533 0.02220835
v 0.02671866 -0.00461187 0.02220835
v 0.15763950 0.06077241 0.02220835
v 0.28980518 0.20559168 0.02220835
v 0.04704411 0.23402389 0.02220835
v 0.06794459 -0.12300354 0.02220835
v 0.18095550 0.17946509 0.02220835
v 0.25951907 0.01618162 0.02195170
v 0.06289991 -0.03799057 0.02220835
v 0.08778580 0.09178871 0.02220835
v 0.26665562 0.27827122 0.00633094
v 0.14910460 -0.16143507 0.02220835
v 0.01716964 -0.12346510 0.02220835
v 0.12087096 0.29738219 0.01034609
v 0.17087220 -0.19433005 0.02220835
v 0.04132707 -0.00369644 0.02220835
v 0.05711114 0.04424205 0.02220835
v 0.29384066 0.21736495 0.02219038
v 0.17285255 -0.17745203 0.02220835
v 0.27300910 -0.10428321 0.02039543
v 0.13433407 0.18845286 0.02220835
v 0.23875196 0.28714690 0.00541003
v 0.04750468 0.20471425 0.02220835
v 0.08619306 0.19996069 0.02220835
v 0.12362861 0.18851514 0.02220835
v 0.18384112 -0.15096606 0.02220835
v 0.15612250 0.02299334 0.02220835
v 0.16001293 -0.16472468 0.02220835
v 0.27305087 -0.15624963 0.02049803
v 0.08933314 0.11463455 0.02220835
v 0.26990060 0.08804996 0.02057285
v 0.16500069 0.20899792 0.02220835
v 0.12370520 0.12921043 0.02220835
v 0.24019100 -0.08738862 0.02220835
v 0.28359119 0.13662679 0.01776174
v 0.11771058 0.14027449 0.02220835
v 0.20034534 0.10560716 0.02220835
v 0.16149936 0.01238296 0.02220835
v 0.21761559 0.14461723 0.02220835
v 0.29307912 -0.00052905 0.01261928
v 0.15555876 0.18213231 0.02220835
v 0.25583198 0.23965072 0.02194946
v 0.21978500 -0.20095991 0.02220835
v 0.29644282 0.07926339 0.00927761
v 0.18723858 0.11724664 0.02220835
v 0.17311618 -0.14635037 0.02220835
v 0.24696524 0.03938109 0.02220835
v 0.03735101 -0.12731244 0.02220835
v 0.21534812 0.21198033 0.02220835
v 0.18979650 0.13824641 0.02220835
v 0.12679300 0.01980032 0.02220835
v 0.29242136 0.26087262 0.01336134
v 0.25947727 0.18228137 0.02220835
v 0.10286123 -0.00917022 0.02220835
v 0.09387373 -0.19838066 0.02220835
v 0.25750457 0.21964172 0.02220835
v 0.06716071 0.14693445 0.02220835
v 0.29094658 0.17016135 0.02211040
v 0.18932534 0.24843751 0.02220835
v 0.04762448 -0.09512287 0.02220835
v 0.21047007 -0.07060222 0.02220835
v 0.26923248 0.06266297 0.02074089
v 0.27836716 0.14804775 0.02059712
v 0.26160468 -0.14900219 0.02193566
v 0.09018771 -0.20806122 0.02220835
v 0.02185346 0.18513654 0.02220835
v 0.02565441 0.07871723 0.02220835
v 0.29550406 -0.13657167 0.01201819
v 0.29804624 -0.17631959 0.01042069
v 0.08641570 -0.13394422 0.02220835
v 0.22342159 0.06412299 0.02220835
v 0.21406068 0.08323132 0.02220835
v 0.17560242 0.24608892 0.02220835
v 0.04644933 0.02185512 0.02220835
v 0.16273525 0.19805646 0.02220835
v 0.10858753 -0.15253074 0.02220835
v 0.17188564 0.01738362 0.02220835
v 0.17609135 0.13489657 0.02220835
v 0.22523752 0.00961821 0.02220835
v 0.14207148 0.15599563 0.02220835
v 0.25324267 0.10040847 0.02218648
v 0.23327937 0.24929086 0.02173325
v 0.28952926 -0.18340649 0.01563560
v 0.01752867 -0.13257339 0.02220835
v 0.23379007 -0.13779096 0.02220835
v 0.10474927 -0.19469510 0.02220835
v 0.24205868 -0.14769391 0.02220835
v 0.15580548 0.28224436 0.01805713
v 0.17177301 0.22134968 0.02220835
v 0.06064179 0.08304518 0.02220835
v 0.04039877 0.10045257 0.02220835
v 0.24568392 0.26763230 0.01725314
v 0.02737345 0.19958046 0.02220835
v 0.09200487 0.17421431 0.02220835
v 0.28328043 0.05202083 0.01710777
v 0.28407825 0.27034031 0.00871566
v 0.17017960 0.18071255 0.02220835
v 0.07454283 0.06495783 0.02220835
v 0.09757626 -0.14150895 0.02220835
v 0.05895062 -0.01655691 0.02220835
v 0.19975236 -0.01361143 0.02220835
v 0.11281088 -0.16760958 0.02220835
v 0.03488001 0.06711263 0.02220835
v 0.23795219 0.00671316 0.02220835
v 0.20370559 0.13638578 0.02220835
v 0.28464297 0.19506500 0.02220835
v 0.03041364 -0.14243968 0.02220835
v 0.25874623 -0.05371054 0.02204718
v 0.01427831 -0.15328745 0.02220835
v 0.11858968 0.26167120 0.02189842
v 0.25374406 0.00004210 0.02219713
v 0.02041725 -0.05367195 0.02220835
v 0.24246935 0.21929722 0.02220835
v 0.18234887 0.01891613 0.02220835
v 0.20517894 -0.03963010 0.02220835
v 0.02764405 -0.10248309 0.02220835
v 0.13747472 -0.16627322 0.02220835
v 0.14798975 -0.18567610 0.02220835
v 0.25540116 0.28069474 0.00775785
v 0.17894446 -0.15963640 0.02220835
v 0.29630074 -0.12271897 0.01132993
v 0.24730632 -0.10752676 0.02220835
v 0.25164569 -0.15372900 0.02220835
v 0.11322014 0.22182633 0.02220835
v 0.01913840 0.17378087 0.02220835
v 0.09535891 0.14743136 0.02220835
v 0.14744726 0.04593660 0.02220835
v 0.24516005 -0.07557960 0.02220835
v 0.12922978 -0.01791081 0.02220835
v -0.30035516 0.26860476 0.00000000
v -0.28667383 0.27366207 0.00000000
v -0.27290502 0.27842914 0.00000000
v -0.25902399 0.28289078 0.00000000
v -0.24504852 0.28701502 0.00000000
v -0.23095825 0.29077880 0.00000000
v -0.21677405 0.29414451 0.00000000
v -0.20249886 0.29707703 0.00000000
v -0.18811961 0.29954019 0.00000000
v -0.17368022 0.30148470 0.00000000
v -0.15915453 0.30286816 0.00000000
v -0.14460651 0.30363504 0.00000000
v -0.13003178 0.30373353 0.00000000
v -0.11546226 0.30310611 0.00000000
v -0.10592930 0.30554892 -0.01326451
v -0.09032929 0.30921149 -0.01948616
v -0.07364442 0.31270424 -0.02199924
v -0.05822190 0.31547328 -0.02220835
v -0.04372993 0.31763382 -0.02220835
v -0.02919178 0.31940721 -0.02220835
v -0.01461898 0.32078875 -0.02220835
v 0.00000000 0.32177624 -0.02220835
v 0.01461898 0.32078875 -0.02220835
v 0.02919178 0.31940721 -0.02220835
v 0.04372993 0.31763382 -0.02220835
v 0.05822190 0.31547328 -0.02220835
v 0.07364442 0.31270424 -0.02199924
v 0.09032929 0.30921149 -0.01948616
v 0.10592930 0.30554892 -0.01326451
v 0.11546226 0.30310611 0.00000000
v 0.13003178 0.30373353 0.00000000
v 0.14460651 0.30363504 0.00000000
v 0.15915453 0.30286816 0.00000000
v 0.17368022 0.30148470 0.00000000
v 0.18811961 0.29954019 0.00000000
v 0.20249886 0.29707703 0.00000000
v 0.21677405 0.29414451 0.00000000
v 0.23095825 0.29077880 0.00000000
v 0.24504852 0.28701502 0.00000000
v 0.25902399 0.28289078 0.00000000
v 0.27290502 0.27842914 0.00000000
v 0.28667383 0.27366207 0.00000000
v 0.30035516 0.26860476 0.00000000
v 0.30273812 0.25850298 -0.01179122
v 0.30238251 0.24361376 -0.01802971
v 0.30148126 0.22777066 -0.02119773
v 0.30042098 0.21164956 -0.02220793
v 0.30040874 0.19737487 -0.02220835
v 0.30041946 0.18312604 -0.02220835
v 0.30043110 0.16764348 -0.02190426
v 0.30044356 0.15108691 -0.01925890
v 0.30045523 0.13556760 -0.01301858
v 0.30046233 0.12613073 0.00000000
v 0.30062410 0.11172543 0.00000000
v 0.30078550 0.09735325 0.00000000
v 0.30094727 0.08294795 0.00000000
v 0.30110905 0.06854266 0.00000000
v 0.30127082 0.05413736 0.00000000
v 0.30143222 0.03976518 0.00000000
v 0.30159399 0.02535988 0.00000000
v 0.30175576 0.01095459 0.00000000
v 0.30191753 -0.00345071 0.00000000
v 0.30207893 -0.01782289 0.00000000
v 0.30224070 -0.03222819 0.00000000
v 0.30240248 -0.04663348 0.00000000
v 0.30256425 -0.06103878 0.00000000
v 0.30272565 -0.07541096 0.00000000
v 0.30288742 -0.08981626 0.00000000
v 0.30304919 -0.10422155 0.00000000
v 0.30321096 -0.11862685 0.00000000
v 0.30337236 -0.13299903 0.00000000
v 0.30353413 -0.14740433 0.00000000
v 0.30369591 -0.16180963 0.00000000
v 0.30385768 -0.17621492 0.00000000
v 0.30401908 -0.19058710 0.00000000
v 0.30418085 -0.20499240 0.00000000
v 0.29450412 -0.20548814 -0.01317310
v 0.27868528 -0.20629854 -0.01940361
v 0.26183995 -0.20716153 -0.02196662
v 0.24622860 -0.20796130 -0.02220835
v 0.23174815 -0.20870313 -0.02220835
v 0.21726769 -0.20944497 -0.02220835
v 0.20278723 -0.21018680 -0.02220835
v 0.18830678 -0.21092864 -0.02220835
v 0.17382632 -0.21167047 -0.02220835
v 0.15934586 -0.21241231 -0.02220835
v 0.14483499 -0.21315570 -0.02220835
v 0.13035453 -0.21389754 -0.02220835
v 0.11587407 -0.21463937 -0.02220835
v 0.10139362 -0.21538121 -0.02220835
v 0.08691316 -0.21612304 -0.02220835
v 0.07243270 -0.21686488 -0.02220835
v 0.05795225 -0.21760671 -0.02220835
v 0.04344137 -0.21835011 -0.02220835
v 0.02896091 -0.21909194 -0.02220835
v 0.01448046 -0.21983378 -0.02220835
v 0.00000000 -0.22057561 -0.02220835
v -0.01448046 -0.21983378 -0.02220835
v -0.02896091 -0.21909194 -0.02220835
v -0.04344137 -0.21835011 -0.02220835
v -0.05795225 -0.21760671 -0.02220835
v -0.07243270 -0.21686488 -0.02220835
v -0.08691316 -0.21612304 -0.02220835
v -0.10139362 -0.21538121 -0.02220835
v -0.11587407 -0.21463937 -0.02220835
v -0.13035453 -0.21389754 -0.02220835
v -0.14483499 -0.21315570 -0.02220835
v -0.15934586 -0.21241231 -0.02220835
v -0.17382632 -0.21167047 -0.02220835
v -0.18830678 -0.21092864 -0.02220835
v -0.20278723 -0.21018680 -0.02220835
v -0.21726769 -0.20944497 -0.02220835
v -0.23174815 -0.20870313 -0.02220835
v -0.24622860 -0.20796130 -0.02220835
v -0.26183995 -0.20716153 -0.02196662
v -0.27868528 -0.20629854 -0.01940361
v -0.29450412 -0.20548814 -0.01317310
v -0.30418085 -0.20499240 0.00000000
v -0.30401908 -0.19058710 0.00000000
v -0.30385768 -0.17621492 0.00000000
v -0.30369591 -0.16180963 0.00000000
v -0.30353413 -0.14740433 0.00000000
v -0.30337236 -0.13299903 0.00000000
v -0.30321096 -0.11862685 0.00000000
v -0.30304919 -0.10422155 0.00000000
v -0.30288742 -0.08981626 0.00000000
v -0.30272565 -0.07541096 0.00000000
v -0.30256425 -0.06103878 0.00000000
v -0.30240248 -0.04663348 0.00000000
v -0.30224070 -0.03222819 0.00000000
v -0.30207893 -0.01782289 0.00000000
v -0.30191753 -0.00345071 0.00000000
v -0.30175576 0.01095459 0.00000000
v -0.30159399 0.02535988 0.00000000
v -0.30143222 0.03976518 0.00000000
v -0.30127082 0.05413736 0.00000000
v -0.30110905 0.06854266 0.00000000
v -0.30094727 0.08294795 0.00000000
v -0.30078550 0.09735325 0.00000000
v -0.30062410 0.11172543 0.00000000
v -0.30046233 0.12613073 0.00000000
v -0.30045523 0.13556760 -0.01301858
v -0.30044356 0.15108691 -0.01925890
v -0.30043110 0.16764348 -0.02190426
v -0.30041946 0.18312604 -0.02220835
v -0.30040875 0.19736062 -0.02220835
v -0.30042098 0.21164956 -0.02220793
v -0.30148126 0.22777066 -0.02119773
v -0.30238251 0.24361376 -0.01802971
v -0.30273812 0.25850298 -0.01179122
v -0.00251793 -0.18685134 -0.02220835
v 0.28686289 -0.06319996 -0.01620728
v 0.29676746 0.05199312 -0.00925972
v -0.00106698 -0.00502324 -0.02220835
v 0.29832794 -0.03425930 -0.00866016
v -0.15315977 0.05203865 -0.02220835
v 0.15470190 -0.14728559 -0.02220835
v 0.13295393 0.01636159 -0.02220835
v 0.16529314 -0.13648448 -0.02220835
v -0.29293656 -0.09495946 -0.01336411
v -0.19372495 0.10228927 -0.02220835
v -0.26931841 0.13137375 -0.02067889
v -0.00503781 0.29046767 -0.02220835
v 0.15104427 -0.13690153 -0.02220835
v -0.18634534 0.12192427 -0.02220835
v 0.06484036 0.17645131 -0.02220835
v 0.26402286 -0.09878978 -0.02168305
v 0.20377236 0.17198721 -0.02220835
v -0.28918040 0.05547663 -0.01450860
v 0.00368837 0.21257816 -0.02220835
v 0.13820117 0.09318095 -0.02220835
v 0.24689601 0.07583572 -0.02220835
v 0.02071156 -0.20681066 -0.02220835
v 0.07531968 -0.06827505 -0.02220835
v -0.08044051 -0.10219965 -0.02220835
v 0.24189110 0.12868243 -0.02220835
v -0.24669770 0.06847845 -0.02220835
v -0.06000862 -0.12842382 -0.02220835
v 0.00367537 0.13642916 -0.02220835
v -0.09501091 0.15274279 -0.02220835
v -0.13211243 -0.16476116 -0.02220835
v 0.18137511 0.20353827 -0.02220835
v -0.22782343 0.18860779 -0.02220835
v 0.05844301 -0.02694939 -0.02220835
v -0.01983289 0.23559723 -0.02220835
v -0.29621099 -0.08112130 -0.01104077
v 0.14611947 0.25131746 -0.02220835
v -0.28481932 -0.02580899 -0.01685751
v -0.29413105 0.12029567 -0.01089766
v -0.16443258 -0.13182192 -0.02220835
v -0.24403238 0.28034607 -0.01112261
v 0.29376089 0.12741941 -0.01123029
v -0.12258765 -0.09834724 -0.02220835
v -0.10374422 0.07288974 -0.02220835
v -0.04995290 -0.18150645 -0.02220835
v 0.21626478 0.23234809 -0.02220835
v 0.15320416 0.07754952 -0.02220835
v 0.00882326 0.29677274 -0.02220835
v -0.00800946 0.23151209 -0.02220835
v -0.21018527 0.03358953 -0.02220835
v 0.18037081 0.00090813 -0.02220835
v -0.01879826 0.22383024 -0.02220835
v -0.17573417 0.17920537 -0.02220835
v -0.27222262 -0.02182379 -0.02036845
v 0.29376942 0.00011158 -0.01215569
v -0.26188171 0.10128847 -0.02167253
v -0.06994686 0.06499238 -0.02220835
v -0.09135270 -0.18024254 -0.02220835
v 0.03147420 -0.19856410 -0.02220835
v 0.17052687 0.17883110 -0.02220835
v 0.15438922 0.03266402 -0.02220835
v 0.21555344 -0.03206624 -0.02220835
v -0.08267680 0.30113508 -0.02089101
v 0.28042983 -0.08112413 -0.01854429
v 0.04684279 0.01792043 -0.02220835
v 0.28255796 -0.02539099 -0.01767229
v 0.03400434 -0.16541322 -0.02220835
v -0.11737557 0.05384927 -0.02220835
v 0.02655858 0.07966127 -0.02220835
v -0.02652104 0.30605486 -0.02220835
v 0.26577370 0.09535128 -0.02121806
v -0.12156466 0.27155802 -0.02067292
v 0.08031402 0.24133285 -0.02220835
v -0.06866446 0.29937120 -0.02217399
v 0.02623503 -0.01016155 -0.02220835
v -0.01379865 -0.17873340 -0.02220835
v 0.16813788 -0.00317214 -0.02220835
v -0.11117179 0.10277218 -0.02220835
v 0.11265815 -0.09836927 -0.02220835
v -0.03370024 0.11938980 -0.02220835
v 0.23506553 -0.17843440 -0.02220835
v -0.13822789 0.16431852 -0.02220835
v 0.01317217 0.07797432 -0.02220835
v -0.03817122 0.17863415 -0.02220835
v -0.29308472 -0.06151315 -0.01304778
v -0.08767924 -0.09018672 -0.02220835
v 0.01246586 0.14759691 -0.02220835
v -0.04304875 -0.11031614 -0.02220835
v 0.01585720 0.13180726 -0.02220835
v -0.02884931 -0.11142107 -0.02220835
v -0.10351910 0.21678717 -0.02220835
v -0.16601266 0.01397616 -0.02220835
v -0.02183877 -0.05031164 -0.02220835
v 0.27287470 0.04411023 -0.02008669
v 0.05127345 -0.05042804 -0.02220835
v -0.09453565 0.11477932 -0.02220835
v -0.01125949 -0.04571372 -0.02220835
v 0.12625111 0.09365629 -0.02220835
v -0.05424486 -0.16294293 -0.02220835
v 0.17598631 -0.06479670 -0.02220835
v -0.22792580 -0.18233306 -0.02220835
v 0.09508782 -0.05739581 -0.02220835
v -0.27382438 0.23265981 -0.02199978
v 0.07089355 -0.09707920 -0.02220835
v -0.21228277 0.11015199 -0.02220835
v 0.16673752 -0.04151116 -0.02220835
v 0.04137928 0.04569317 -0.02220835
v -0.03769093 -0.00391855 -0.02220835
v 0.24020002 -0.19907714 -0.02220835
v 0.14919323 0.08932615 -0.02220835
v -0.28495294 -0.13516736 -0.01726483
v -0.28207819 0.24391138 -0.02028971
v -0.18789667 0.18197168 -0.02220835
v -0.16213728 -0.03540656 -0.02220835
v -0.04185839 0.27466461 -0.02220835
v 0.04461471 -0.10204365 -0.02220835
v 0.13030531 -0.12186123 -0.02220835
v -0.07663696 0.10387116 -0.02220835
v -0.28536068 -0.08624589 -0.01690994
v 0.00370919 0.04149284 -0.02220835
v -0.13812163 -0.09303869 -0.02220835
v -0.20554266 0.08944239 -0.02220835
v -0.08217198 -0.15158286 -0.02220835
v -0.01387789 0.26141046 -0.02220835
v 0.07832281 0.28432515 -0.02191207
v 0.21244116 -0.14934622 -0.02220835
v 0.10840993 0.16645837 -0.02220835
v -0.04291130 -0.06640889 -0.02220835
v 0.00768675 -0.02763122 -0.02220835
v 0.03271497 0.11501538 -0.02220835
v 0.02543080 -0.16133598 -0.02220835
v 0.12106957 0.01917640 -0.02220835
v 0.10969080 0.01554457 -0.02220835
v -0.21167645 -0.00517793 -0.02220835
v -0.10809435 -0.15521285 -0.02220835
v -0.22196329 0.08719067 -0.02220835
v 0.24088953 -0.10834578 -0.02220835
v 0.27735874 -0.15639579 -0.01958538
v 0.12839837 -0.19949840 -0.02220835
v 0.16518277 0.04582270 -0.02220835
v 0.05168107 -0.18302391 -0.02220835
v -0.07624178 -0.08172381 -0.02220835
v -0.04383156 0.23869157 -0.02220835
v 0.00117011 0.18325506 -0.02220835
v 0.15652752 -0.03340697 -0.02220835
v -0.00471883 0.26064514 -0.02220835
v 0.12032153 0.17164104 -0.02220835
v 0.29972656 0.06193871 -0.00533660
v -0.02812753 -0.08358393 -0.02220835
v 0.18674590 -0.19842431 -0.02220835
v -0.14979641 -0.12900587 -0.02220835
v -0.13511101 -0.17801061 -0.02220835
v -0.04270954 0.26304267 -0.02220835
v -0.00078007 0.20267098 -0.02220835
v -0.10957181 0.26647978 -0.02148149
v -0.18075546 -0.05560022 -0.02220835
v -0.28154327 0.12713878 -0.01744436
v 0.23559657 0.26699575 -0.01837148
v -0.17764622 0.02490279 -0.02220835
v 0.16218163 0.21966757 -0.02220835
v 0.08471035 0.01712442 -0.02220835
v -0.00921256 0.24575526 -0.02220835
v -0.04789354 0.18844750 -0.02220835
v 0.07275251 -0.11268548 -0.02220835
v 0.12811826 0.07810794 -0.02220835
v 0.14795473 0.10509678 -0.02220835
v -0.04515167 0.07221820 -0.02220835
v 0.05624795 -0.12219508 -0.02220835
v 0.12351741 0.21572698 -0.02220835
v -0.06664119 0.05189636 -0.02220835
v -0.09845955 -0.12548700 -0.02220835
v 0.02824786 0.26682692 -0.02220835
v -0.21260433 0.15476648 -0.02220835
v 0.14957106 -0.08614644 -0.02220835
v -0.14898884 -0.06721356 -0.02220835
v -0.30078306 -0.18353585 -0.00778774
v 0.19649639 -0.11021828 -0.02220835
v -0.19438483 -0.16833871 -0.02220835
v 0.09479046 -0.08339650 -0.02220835
v -0.05377898 0.24542000 -0.02220835
v -0.16498387 0.15296788 -0.02220835
v 0.17078454 -0.03039203 -0.02220835
v 0.02678833 0.17577967 -0.02220835
v 0.05624145 -0.13670556 -0.02220835
v -0.18603967 -0.00070491 -0.02220835
v -0.10149573 -0.11105285 -0.02220835
v 0.10143900 0.12491996 -0.02220835
v -0.03201873 0.10756695 -0.02220835
v 0.10280974 -0.18417976 -0.02220835
v -0.15588452 0.26191461 -0.02187018
v -0.25064565 0.04482668 -0.02220835
v -0.08469240 -0.05927352 -0.02220835
v 0.04783631 -0.11334026 -0.02220835
v -0.05076688 -0.10048009 -0.02220835
v -0.18662191 -0.18045250 -0.02220835
v 0.30014449 -0.13664807 -0.00792010
v -0.29242424 0.01328309 -0.01293663
v 0.02443352 0.15475638 -0.02220835
v -0.20361817 0.06934386 -0.02220835
v 0.05806570 -0.14879944 -0.02220835
v 0.18624731 -0.07318411 -0.02220835
v -0.21548004 0.04636251 -0.02220835
v 0.08539497 0.29795797 -0.02048387
v 0.03973067 0.18727657 -0.02220835
v 0.24094719 0.05753056 -0.02220835
v 0.03383409 -0.03198988 -0.02220835
v -0.17275985 0.03837441 -0.02220835
v 0.28943001 -0.13615161 -0.01543877
v 0.27542370 0.19189951 -0.02220835
v -0.26854269 0.01893063 -0.02093520
v 0.04830358 -0.04008136 -0.02220835
v -0.29768363 -0.01021471 -0.00904483
v 0.06022422 0.09135195 -0.02220835
v 0.02113158 0.24004244 -0.02220835
v -0.13635661 0.10256133 -0.02220835
v 0.25295606 -0.20042462 -0.02220835
v -0.01342408 0.03424129 -0.02220835
v 0.09649628 -0.00413362 -0.02220835
v -0.10695837 0.02497322 -0.02220835
v 0.02105275 -0.11739823 -0.02220835
v 0.00312840 -0.12160796 -0.02220835
v -0.05597918 0.01484472 -0.02220835
v -0.20384469 -0.03333840 -0.02220835
v 0.27729924 -0.13428999 -0.01954007
v 0.15305388 0.04455921 -0.02220835
v -0.13274111 0.05096744 -0.02220835
v -0.03654834 0.04467666 -0.02220835
v 0.01510427 0.17988656 -0.02220835
v -0.15719810 0.22450581 -0.02220835
v -0.16133286 0.20389976 -0.02220835
v 0.12557774 -0.03736633 -0.02220835
v -0.04467599 -0.20211616 -0.02220835
v 0.01357293 0.20467106 -0.02220835
v 0.15871618 0.09777969 -0.02220835
v 0.02593700 0.20002885 -0.02220835
v -0.12243797 0.16476533 -0.02220835
v -0.03942152 0.08139629 -0.02220835
v -0.18941004 0.28212285 -0.01670306
v -0.07502607 0.16487363 -0.02220835
v 0.01233371 0.02798389 -0.02220835
v -0.09458953 0.06529279 -0.02220835
v 0.13881707 -0.06697577 -0.02220835
v 0.17539866 -0.12234036 -0.02220835
v -0.21848449 -0.05946383 -0.02220835
v -0.23001109 -0.04383180 -0.02220835
v 0.09312680 0.06783290 -0.02220835
v -0.22685860 -0.07381833 -0.02220835
v 0.00400470 0.12168457 -0.02220835
v -0.13000778 -0.15116988 -0.02220835
v 0.29119829 0.03424549 -0.01353277
v -0.29836904 0.03398413 -0.00775337
v 0.23035457 -0.12366453 -0.02220835
v -0.02224698 0.12826907 -0.02220835
v 0.03157695 0.30643601 -0.02220835
v -0.12148426 0.04368957 -0.02220835
v 0.10682208 -0.13157263 -0.02220835
v -0.16905732 0.26516521 -0.02142130
v 0.27710684 -0.06895149 -0.01940750
v 0.29882508 0.03045657 -0.00723445
v 0.11525762 0.18404539 -0.02220835
v 0.07731124 0.26947890 -0.02220835
v 0.28171658 0.04762383 -0.01767957
v 0.00266747 0.02170708 -0.02220835
v -0.30104471 -0.15568399 -0.00706462
v 0.25285249 0.22859566 -0.02220835
v -0.01885684 -0.10598330 -0.02220835
v -0.18301583 -0.16521274 -0.02220835
v 0.24127693 -0.04758543 -0.02220835
v 0.24547482 0.02069002 -0.02220835
v -0.05911489 0.29158651 -0.02220835
v -0.16193854 0.16568002 -0.02220835
v 0.17171607 0.28642397 -0.01597548
v -0.28832660 -0.12403186 -0.01587343
v 0.03175309 0.29081690 -0.02220835
v 0.02928708 -0.12557454 -0.02220835
v -0.29795663 -0.17317203 -0.01046619
v -0.26723900 0.14740022 -0.02172995
v -0.21429150 0.02145726 -0.02220835
v -0.17386709 0.24163996 -0.02220835
v 0.26378074 0.13677442 -0.02160418
v -0.23471853 0.27249658 -0.01660179
v 0.00169502 -0.17491869 -0.02220835
v 0.20968428 0.06975362 -0.02220835
v 0.21854035 0.20898811 -0.02220835
v -0.07123159 0.14130971 -0.02220835
v 0.25668449 -0.14540780 -0.02217087
v -0.17099057 -0.00051077 -0.02220835
v -0.25736521 0.27098551 -0.01438717
v 0.23855885 -0.07451249 -0.02220835
v -0.10340486 -0.14183530 -0.02220835
v 0.21373715 -0.13579384 -0.02220835
v -0.06270347 -0.05750840 -0.02220835
v -0.00162843 0.03310061 -0.02220835
v 0.13366752 0.05092259 -0.02220835
v -0.10773360 0.17081559 -0.02220835
v -0.00076194 -0.13877520 -0.02220835
v -0.23368323 0.11883373 -0.02220835
v -0.02195655 -0.18950861 -0.02220835
v 0.07868382 -0.03369030 -0.02220835
v 0.28392170 -0.10473726 -0.01750957
v -0.03856128 0.21039906 -0.02220835
v 0.28546965 0.01018016 -0.01644179
v 0.09049943 -0.01594146 -0.02220835
v -0.27633474 -0.11440212 -0.01971532
v 0.15749195 -0.01185548 -0.02220835
v -0.24005978 0.08321918 -0.02220835
v 0.06481032 -0.16167981 -0.02220835
v -0.12302461 0.09984222 -0.02220835
v 0.09685920 0.11195597 -0.02220835
v -0.01846789 -0.09187102 -0.02220835
v -0.04845440 0.15301205 -0.02220835
v 0.29935411 -0.08205689 -0.00812457
v -0.25129514 0.24003674 -0.02201487
v 0.13881651 -0.13227295 -0.02220835
v 0.04565545 -0.15895109 -0.02220835
v -0.19747488 -0.01052647 -0.02220835
v 0.16719277 0.10667448 -0.02220835
v -0.12263555 0.17632559 -0.02220835
v 0.07403976 0.09463246 -0.02220835
v 0.04285665 0.24177946 -0.02220835
v 0.12433833 0.27206210 -0.02058311
v 0.05248490 0.20461029 -0.02220835
v -0.02563126 0.06153013 -0.02220835
v 0.26759428 0.07199835 -0.02099027
v 0.18823418 -0.00983508 -0.02220835
v -0.10078080 0.10690384 -0.02220835
v -0.14393594 0.20854328 -0.02220835
v -0.23178644 0.06250419 -0.02220835
v 0.25924965 0.16004749 -0.02220835
v -0.25588612 -0.15058800 -0.02218982
v 0.15116857 -0.20427333 -0.02220835
v -0.09963406 0.05376268 -0.02220835
v -0.25700884 0.13919301 -0.02212368
v -0.00322014 -0.05713136 -0.02220835
v -0.17978810 -0.20086601 -0.02220835
v 0.10583168 -0.05976960 -0.02220835
v 0.15063128 0.13530199 -0.02220835
v -0.13793134 0.14540590 -0.02220835
v -0.23379747 0.25862168 -0.02045194
v 0.04878195 0.08503189 -0.02220835
v -0.06077906 0.18316296 -0.02220835
v -0.05068399 0.28212361 -0.02220835
v 0.18516316 0.09303742 -0.02220835
v -0.05140887 0.17562613 -0.02220835
v 0.25690514 0.11002998 -0.02204731
v -0.19352117 0.17165891 -0.02220835
v -0.00481537 0.14799189 -0.02220835
v -0.06023501 -0.03538854 -0.02220835
v -0.18162982 0.08616273 -0.02220835
v 0.22374064 0.26918057 -0.01863843
v -0.08534682 -0.12624385 -0.02220835
v 0.15296063 -0.07291713 -0.02220835
v 0.04631102 -0.13162686 -0.02220835
v -0.25391703 -0.08824616 -0.02220574
v 0.08864479 -0.13636006 -0.02220835
v -0.03132802 0.23228070 -0.02220835
v 0.20989988 0.18374947 -0.02220835
v -0.03417280 0.06962012 -0.02220835
v 0.12154056 0.25861487 -0.02208558
v -0.14376395 0.04350175 -0.02220835
v 0.01793398 0.00166365 -0.02220835
v -0.09591326 0.16550552 -0.02220835
v -0.13197876 -0.13712922 -0.02220835
v 0.02131479 0.10718940 -0.02220835
v 0.17389917 0.01001527 -0.02220835
v 0.18394143 0.18171454 -0.02220835
v 0.24836504 0.13812203 -0.02220835
v 0.09001499 0.18998764 -0.02220835
v -0.08397750 -0.16782868 -0.02220835
v 0.09690525 -0.17078015 -0.02220835
v 0.23094829 -0.19030331 -0.02220835
v 0.27703355 0.16623225 -0.02216034
v -0.14768323 0.16013139 -0.02220835
v -0.13879552 0.24252620 -0.02220835
v -0.25457712 0.05691303 -0.02216647
v -0.05113533 -0.14010143 -0.02220835
v 0.22786960 -0.16747795 -0.02220835
v 0.04328409 0.29318285 -0.02220835
v 0.08381832 -0.17748514 -0.02220835
v -0.11921749 -0.17394433 -0.02220835
v -0.04633892 0.05070938 -0.02220835
v -0.06424158 0.10454453 -0.02220835
v -0.01288451 0.05989889 -0.02220835
v -0.02655844 0.03975984 -0.02220835
v 0.12664091 0.29776979 -0.01001029
v -0.03062211 0.27472656 -0.02220835
v 0.15781017 0.15415843 -0.02220835
v 0.25046307 -0.13724851 -0.02220835
v -0.25636356 -0.05411334 -0.02215033
v -0.29253582 0.26663253 -0.00929262
v 0.29063521 0.23665490 -0.02084460
v 0.07894901 -0.12728092 -0.02220835
v 0.28082427 0.12155240 -0.01770062
v 0.17368123 0.19115506 -0.02220835
v 0.17045926 -0.14655004 -0.02220835
v 0.25186512 -0.01823836 -0.02220835
v -0.07376733 0.17660765 -0.02220835
v -0.02979755 -0.16801840 -0.02220835
v 0.15703999 0.11308880 -0.02220835
v -0.08602888 0.17327353 -0.02220835
v -0.08339623 0.01098493 -0.02220835
v 0.27722366 -0.09254381 -0.01944416
v 0.13597880 0.10753097 -0.02220835
v 0.02172306 0.01591130 -0.02220835
v -0.04013973 0.30614142 -0.02220835
v -0.29248545 0.13261049 -0.01352218
v -0.18702024 0.23457857 -0.02220835
v -0.23155323 0.21969534 -0.02220835
v 0.19203407 0.28453127 -0.01551035
v 0.22426334 0.16468931 -0.02220835
v 0.11318855 -0.16048354 -0.02220835
v -0.22280288 -0.12942393 -0.02220835
v -0.00251024 -0.01681325 -0.02220835
v 0.26682943 0.02756406 -0.02117696
v 0.20537344 -0.09996441 -0.02220835
v -0.29166315 -0.16179375 -0.01448642
v 0.08260782 0.03030302 -0.02220835
v 0.10667268 0.28888999 -0.01661028
v -0.03112420 0.24399944 -0.02220835
v -0.09578043 0.27716658 -0.02084491
v -0.19612060 -0.13541642 -0.02220835
v -0.01062381 -0.19528160 -0.02220835
v -0.15836553 0.03945071 -0.02220835
v -0.09220424 0.13175086 -0.02220835
v -0.16938564 0.07074976 -0.02220835
v 0.03810147 0.08035199 -0.02220835
v -0.26159939 0.26220437 -0.01743031
v 0.25254109 0.14781040 -0.02220835
v -0.01527079 -0.14067166 -0.02220835
v -0.08669192 0.21128805 -0.02220835
v 0.20084512 -0.15667873 -0.02220835
v 0.25247724 0.03217760 -0.02220631
v 0.10883564 0.03053854 -0.02220835
v 0.11340627 0.19883570 -0.02220835
v -0.12000538 0.02209762 -0.02220835
v -0.09960780 0.03251186 -0.02220835
v -0.06749463 0.11782629 -0.02220835
v -0.21077013 -0.13134255 -0.02220835
v -0.06994809 0.09391222 -0.02220835
v -0.14455738 -0.16496140 -0.02220835
v 0.04537515 0.06257426 -0.02220835
v 0.05685840 0.29455792 -0.02220835
v -0.05190665 0.26898200 -0.02220835
v 0.08861949 0.09159373 -0.02220835
v 0.16004974 -0.18149516 -0.02220835
v -0.19166610 -0.15046202 -0.02220835
v 0.10128016 -0.11146115 -0.02220835
v 0.10113256 0.15335514 -0.02220835
v -0.13857751 -0.19085563 -0.02220835
v 0.03436137 -0.20947991 -0.02220835
v -0.23258934 -0.13863715 -0.02220835
v 0.15578990 -0.09553718 -0.02220835
v 0.26462131 0.17143778 -0.02220835
v -0.07597002 -0.06974517 -0.02220835
v 0.17664623 0.22831409 -0.02220835
v -0.02189036 0.11531432 -0.02220835
v 0.17227021 0.21347452 -0.02220835
v 0.13260118 -0.02938867 -0.02220835
v -0.27377020 0.25213847 -0.01915637
v 0.15813585 -0.05204093 -0.02220835
v -0.13923590 -0.05723071 -0.02220835
v -0.11126859 0.11347994 -0.02220835
v 0.27767121 0.23533027 -0.02169412
v -0.08362838 0.11473427 -0.02220835
v -0.23768784 -0.08803627 -0.02220835
v -0.12007607 0.00129599 -0.02220835
v 0.08075666 0.16812779 -0.02220835
v -0.18427606 0.22338931 -0.02220835
v 0.08006081 0.06902935 -0.02220835
v 0.29176314 0.02231031 -0.01327859
v -0.13440899 -0.04504525 -0.02220835
v -0.24547312 0.26812426 -0.01710226
v 0.26817961 0.24509836 -0.02092267
v -0.19199223 -0.06788107 -0.02220835
v 0.02189867 0.29875128 -0.02220835
v 0.19323441 -0.03847023 -0.02220835
v 0.12270114 0.13150460 -0.02220835
v 0.28108200 0.06650779 -0.01782148
v 0.02571619 0.27873257 -0.02220835
v -0.22303849 0.12441544 -0.02220835
v 0.04074271 -0.12286694 -0.02220835
v 0.22547544 -0.20003718 -0.02220835
v -0.14394110 0.06150868 -0.02220835
v 0.00771294 -0.05376722 -0.02220835
v -0.01019759 0.02291131 -0.02220835
v -0.21410094 0.13292606 -0.02220835
v 0.13671810 0.06549635 -0.02220835
v -0.07059733 0.25772278 -0.02220835
v 0.20369285 0.23131746 -0.02220835
v -0.28914516 -0.05011943 -0.01511772
v 0.15958440 -0.12710941 -0.02220835
v 0.05275254 0.13082975 -0.02220835
v -0.17350420 0.11419646 -0.02220835
v -0.06661079 -0.13987398 -0.02220835
v 0.08790622 -0.06915328 -0.02220835
v 0.26882572 -0.05584339 -0.02102158
v -0.28809318 0.25598391 -0.01635844
v -0.10990718 0.09268761 -0.02220835
v 0.12426987 0.14426885 -0.02220835
v 0.16583873 -0.10364808 -0.02220835
v 0.07676461 0.20445039 -0.02220835
v 0.10800000 -0.15105603 -0.02220835
v 0.10295698 -0.13986152 -0.02220835
v 0.28108283 -0.05352790 -0.01825357
v -0.03522535 0.03070113 -0.02220835
v -0.03691793 0.15596210 -0.02220835
v -0.13035224 0.06309989 -0.02220835
v 0.09770944 0.14001565 -0.02220835
v 0.07346042 0.12359108 -0.02220835
v -0.04971743 0.13987934 -0.02220835
v 0.14232770 -0.17252092 -0.02220835
v -0.11611822 0.23735805 -0.02220835
v -0.19115648 0.29371239 -0.00991690
v 0.06693294 0.24644364 -0.02220835
v -0.18298336 -0.01407022 -0.02220835
v 0.15772210 -0.17269710 -0.02220835
v 0.22490540 -0.01924521 -0.02220835
v -0.03690283 -0.07503431 -0.02220835
v -0.11990600 -0.04365294 -0.02220835
v 0.20031036 0.08056039 -0.02220835
v 0.18272823 0.21687847 -0.02220835
v -0.05234127 -0.00224764 -0.02220835
v 0.12547675 0.06239551 -0.02220835
v 0.29276923 0.25141203 -0.01735377
v -0.07928682 0.06945939 -0.02220835
v -0.12648968 0.28855709 -0.01569877
v 0.05982438 0.01749536 -0.02220835
v -0.21363252 -0.18449494 -0.02220835
v 0.18831887 0.25203487 -0.02216997
v 0.04499876 -0.07804028 -0.02220835
v -0.20682504 0.20639456 -0.02220835
v -0.18550069 0.10929490 -0.02220835
v -0.19890424 -0.18494644 -0.02220835
v -0.20959252 0.29338072 -0.00652391
v 0.21506031 0.25907732 -0.02114535
v -0.06843060 0.03900345 -0.02220835
v 0.25124326 0.06364359 -0.02220835
v 0.22548497 -0.07634249 -0.02220835
v 0.19462395 0.06905772 -0.02220835
v -0.06206381 -0.01122418 -0.02220835
v -0.02451625 0.02654048 -0.02220835
v 0.01222495 -0.14167154 -0.02220835
v -0.08888458 0.28362159 -0.02090870
v -0.16358177 0.27682735 -0.01939732
v -0.24019974 0.24710008 -0.02174923
v 0.13433765 -0.01842773 -0.02220835
v -0.05496090 -0.20485423 -0.02220835
v -0.05280017 -0.05185932 -0.02220835
v -0.17879822 0.13639702 -0.02220835
v 0.16403890 0.14336532 -0.02220835
v -0.05253413 -0.06340298 -0.02220835
v 0.15322829 0.22857412 -0.02220835
v 0.10225901 0.05688900 -0.02220835
v -0.10276410 0.14172911 -0.02220835
v -0.02536456 -0.03438712 -0.02220835
v -0.15615210 0.15803903 -0.02220835
v -0.00045480 -0.03911867 -0.02220835
v -0.27555218 0.05357904 -0.01945168
v -0.20041869 0.22012373 -0.02220835
v 0.28454911 -0.19915481 -0.01765875
v 0.03471297 0.25545354 -0.02220835
v -0.25202981 0.14925334 -0.02220835
v 0.27257729 0.22000415 -0.02220835
v -0.01869731 0.28807051 -0.02220835
v 0.13896904 -0.11261464 -0.02220835
v 0.17866907 -0.13498191 -0.02220835
v 0.28048226 0.25133694 -0.01875468
v 0.05210077 0.14359742 -0.02220835
v -0.12799303 -0.01033699 -0.02220835
v 0.16589550 -0.20772299 -0.02220835
v -0.12210946 0.18893866 -0.02220835
v -0.23261187 0.17472144 -0.02220835
v -0.09444860 0.14090902 -0.02220835
v 0.05157483 0.17677053 -0.02220835
v -0.04808735 0.08959835 -0.02220835
v 0.14493194 -0.02934083 -0.02220835
v -0.13182703 0.21167681 -0.02220835
v 0.27634836 0.08577583 -0.01915765
v -0.05039689 -0.07828260 -0.02220835
v -0.20690493 0.05642361 -0.02220835
v 0.08733526 0.00275114 -0.02220835
v -0.20890807 -0.02000788 -0.02220835
v -0.19421816 0.19542712 -0.02220835
v -0.21166221 0.22781505 -0.02220835
v -0.17176006 0.16428373 -0.02220835
v 0.07448941 -0.04493597 -0.02220835
v -0.24794355 -0.17755063 -0.02220835
v 0.15949422 0.26180496 -0.02185237
v 0.17632367 -0.15647633 -0.02220835
v 0.22217230 0.02410918 -0.02220835
v -0.27088442 -0.08849551 -0.02074867
v -0.30060559 -0.09688214 -0.00676297
v 0.28942685 -0.16134305 -0.01556982
v -0.15478538 0.21332272 -0.02220835
v -0.28029316 0.01176329 -0.01827102
v 0.03555918 0.06968500 -0.02220835
v 0.06604346 -0.20828206 -0.02220835
v -0.17472545 -0.12194111 -0.02220835
v 0.11027247 0.25753425 -0.02214183
v 0.06024746 0.11923695 -0.02220835
v 0.25112323 -0.18998648 -0.02220835
v 0.17683271 -0.10485555 -0.02220835
v -0.14095743 0.15327958 -0.02220835
v 0.13846765 -0.04144860 -0.02220835
v 0.12645033 -0.17989712 -0.02220835
v 0.23937567 -0.11840897 -0.02220835
v 0.21380982 -0.16270193 -0.02220835
v -0.01254404 0.20489362 -0.02220835
v 0.01726080 0.11825291 -0.02220835
v -0.08264024 0.26707395 -0.02220411
v -0.08570433 0.07578928 -0.02220835
v 0.16885560 -0.18970786 -0.02220835
v 0.21548052 0.10471276 -0.02220835
v -0.04691005 0.06268753 -0.02220835
v -0.06620950 0.24450336 -0.02220835
v 0.27991599 -0.03915069 -0.01855678
v 0.20096655 0.00863778 -0.02220835
v 0.01352255 0.27358723 -0.02220835
v 0.21425808 0.08275293 -0.02220835
v 0.12040188 0.23731450 -0.02220835
v -0.08180106 0.09564723 -0.02220835
v 0.07534835 -0.17596963 -0.02220835
v 0.03349596 -0.06791376 -0.02220835
v -0.07157548 0.01632721 -0.02220835
v 0.29795288 0.07423946 -0.00771017
v -0.06134772 -0.04591637 -0.02220835
v 0.22317889 0.12449168 -0.02220835
v 0.19163903 0.17232281 -0.02220835
v -0.09539664 -0.15847998 -0.02220835
v -0.01682230 0.31102548 -0.02220835
v 0.12513836 0.00520960 -0.02220835
v -0.30011690 -0.16513106 -0.00831533
v -0.02609131 -0.00799561 -0.02220835
v -0.29281292 -0.19514566 -0.01407400
v -0.03377523 0.01392573 -0.02220835
v 0.04143315 -0.05976176 -0.02220835
v -0.01790082 0.27657784 -0.02220835
v -0.00965653 0.12156932 -0.02220835
v 0.11103059 0.21348399 -0.02220835
v -0.18038489 0.27202792 -0.02004250
v -0.08577308 0.14363117 -0.02220835
v 0.20629887 -0.11620455 -0.02220835
v -0.21023993 -0.04670093 -0.02220835
v -0.29080398 -0.18193968 -0.01503147
v 0.12460144 0.19136180 -0.02220835
v 0.04685447 0.09678144 -0.02220835
v -0.08686706 0.05772123 -0.02220835
v -0.06389076 0.00391985 -0.02220835
v 0.00907981 0.05064168 -0.02220835
v 0.28367917 0.13248755 -0.01708320
v 0.00458898 -0.16208768 -0.02220835
v -0.13190198 0.03642789 -0.02220835
v 0.29981093 -0.18759372 -0.00890803
v 0.25439555 -0.05386683 -0.02219647
v 0.28351283 0.22373280 -0.02218248
v 0.00266296 0.22476430 -0.02220835
v -0.00491442 0.09461017 -0.02220835
v -0.04801850 -0.12479689 -0.02220835
v 0.05256038 -0.19283831 -0.02220835
v 0.02814614 0.18838723 -0.02220835
v 0.04575782 -0.00187263 -0.02220835
v -0.15778676 -0.17100154 -0.02220835
v 0.15113698 0.28996009 -0.01512570
v -0.04291842 -0.05424438 -0.02220835
v 0.28491989 0.19847121 -0.02220835
v -0.11840426 -0.14545143 -0.02220835
v 0.06964010 0.16219792 -0.02220835
v 0.24437217 0.11722669 -0.02220835
v 0.01664029 -0.15526122 -0.02220835
v 0.18568369 0.01319983 -0.02220835
v 0.21369197 0.03219494 -0.02220835
v -0.03586124 -0.18696116 -0.02220835
v 0.01103714 -0.03980419 -0.02220835
v -0.13379384 -0.10314000 -0.02220835
v -0.21237579 0.07808105 -0.02220835
v -0.15615263 -0.07796519 -0.02220835
v 0.08576790 -0.16837013 -0.02220835
v -0.10486429 -0.06515982 -0.02220835
v 0.11457914 0.12207251 -0.02220835
v 0.26273817 0.19273483 -0.02220835
v 0.28807806 0.26443064 -0.01219951
v 0.05655253 -0.09379771 -0.02220835
v -0.14169486 0.25826042 -0.02211416
v -0.25478199 0.07764816 -0.02215358
v -0.27180697 -0.16788650 -0.02074338
v -0.16874926 -0.10484822 -0.02220835
v 0.21089451 0.19757630 -0.02220835
v -0.29792643 -0.13432247 -0.01011937
v -0.16987636 -0.01112565 -0.02220835
v 0.26501060 0.22979298 -0.02220221
v -0.05767055 -0.17336036 -0.02220835
v -0.07621443 0.27784164 -0.02216693
v -0.00784882 -0.16638123 -0.02220835
v -0.01746276 0.09287906 -0.02220835
v -0.11461673 0.12414143 -0.02220835
v 0.09937319 0.22006473 -0.02220835
v 0.11385624 0.09444208 -0.02220835
v 0.17685556 -0.08033232 -0.02220835
v -0.00875143 -0.11642820 -0.02220835
v -0.25387532 -0.13343769 -0.02220815
v 0.07444666 0.05522210 -0.02220835
v 0.16647832 -0.07437841 -0.02220835
v -0.09766117 0.20272870 -0.02220835
v -0.15976536 -0.11590825 -0.02220835
v -0.28498248 -0.17191965 -0.01740194
v 0.27246584 0.26920617 -0.01265416
v -0.17263683 0.19999925 -0.02220835
v -0.14698916 -0.03323903 -0.02220835
v 0.23390646 -0.06492078 -0.02220835
v -0.06324567 0.17061253 -0.02220835
v -0.07362779 -0.03609219 -0.02220835
v -0.04169296 -0.08859303 -0.02220835
v 0.20387575 -0.12834014 -0.02220835
v 0.12476227 -0.15814277 -0.02220835
v -0.09258746 -0.06668724 -0.02220835
v 0.14418151 0.05399824 -0.02220835
v 0.10169501 0.08500352 -0.02220835
v 0.10229307 0.19245254 -0.02220835
v 0.19192320 -0.13528141 -0.02220835
v -0.21176884 0.12113950 -0.02220835
v -0.07513688 -0.00781658 -0.02220835
v 0.00706438 -0.01512777 -0.02220835
v 0.15188943 -0.16502967 -0.02220835
v -0.03261732 0.16654900 -0.02220835
v -0.27157984 0.11374176 -0.02019316
v 0.19737542 0.14722396 -0.02220835
v -0.12172239 0.20116168 -0.02220835
v 0.01404278 0.21857600 -0.02220835
v -0.28911999 0.03944655 -0.01463215
v -0.13764114 -0.12632362 -0.02220835
v -0.22658426 -0.00347070 -0.02220835
v 0.17895004 0.04017315 -0.02220835
v -0.13368070 0.02518270 -0.02220835
v -0.10264416 0.23355254 -0.02220835
v 0.07075219 -0.19934840 -0.02220835
v -0.03010482 0.29536005 -0.02220835
v -0.24349999 -0.19070681 -0.02220835
v 0.23226059 0.20808856 -0.02220835
v 0.19098004 0.12881730 -0.02220835
v 0.17714062 0.26048544 -0.02179553
v -0.28076032 0.27017826 -0.00991280
v 0.08948662 0.15698332 -0.02220835
v 0.06053353 0.10472257 -0.02220835
v 0.23678145 0.16553918 -0.02220835
v -0.26462184 0.06301377 -0.02141553
v -0.12506335 0.01269786 -0.02220835
v -0.06786711 -0.19584541 -0.02220835
v 0.09610051 0.02693924 -0.02220835
v 0.24717593 -0.03937024 -0.02220835
v 0.23315765 0.12286326 -0.02220835
v 0.25112549 -0.09261868 -0.02220835
v -0.00776726 -0.15242182 -0.02220835
v 0.28918527 -0.04521152 -0.01507182
v -0.07048101 -0.16133126 -0.02220835
v 0.24275996 0.10629138 -0.02220835
v 0.10293788 0.23363226 -0.02220835
v -0.29412885 -0.11621756 -0.01277915
v -0.05187090 0.12885138 -0.02220835
v 0.23463055 0.19166239 -0.02220835
v -0.23760634 0.04429912 -0.02220835
v 0.22929030 0.17782301 -0.02220835
v 0.13505972 0.15272077 -0.02220835
v 0.04853431 0.03715977 -0.02220835
v 0.23467042 -0.08689643 -0.02220835
v -0.27132956 -0.18070745 -0.02084742
v 0.01671271 0.19204585 -0.02220835
v 0.03410521 0.22273248 -0.02220835
v -0.09679441 0.09732942 -0.02220835
v 0.14498727 0.02268288 -0.02220835
v 0.24340817 0.15404728 -0.02220835
v 0.16362386 0.07096488 -0.02220835
v 0.18799061 0.05754005 -0.02220835
v 0.23714699 -0.01405832 -0.02220835
v 0.08335442 -0.05622691 -0.02220835
v -0.07282084 -0.05929732 -0.02220835
v -0.28731447 0.19671930 -0.02220835
v -0.19072247 0.09225964 -0.02220835
v 0.01622198 0.26016564 -0.02220835
v -0.15095061 0.14876690 -0.02220835
v -0.16204560 0.10749109 -0.02220835
v 0.24368039 -0.05842173 -0.02220835
v -0.03339391 -0.05155268 -0.02220835
v -0.11937255 -0.16082445 -0.02220835
v -0.24458296 -0.04669687 -0.02220835
v 0.24775090 0.08969274 -0.02220835
v 0.07610728 0.22745829 -0.02220835
v 0.11440878 -0.03892800 -0.02220835
v 0.14156005 -0.07870276 -0.02220835
v 0.17430859 -0.16932293 -0.02220835
v 0.19968048 0.24318817 -0.02220835
v -0.05549996 0.30433538 -0.02220835
v 0.06408255 0.00779932 -0.02220835
v 0.09007284 0.25220133 -0.02220835
v -0.06910207 0.15514480 -0.02220835
v 0.08567512 -0.15868439 -0.02220835
v 0.19728882 0.18226948 -0.02220835
v -0.15091793 0.09764229 -0.02220835
v 0.08643529 0.14327033 -0.02220835
v -0.20033677 -0.05795348 -0.02220835
v 0.18843368 0.14018873 -0.02220835
v -0.15527208 0.28665711 -0.01648191
v 0.18860753 -0.06168190 -0.02220835
v -0.18054293 -0.09238667 -0.02220835
v 0.02552290 -0.17515011 -0.02220835
v 0.08895461 0.27781462 -0.02142660
v -0.02436622 0.25499898 -0.02220835
v 0.02538533 0.02808114 -0.02220835
v -0.07870702 0.25108847 -0.02220835
v -0.23535457 0.10500593 -0.02220835
v -0.03479634 0.28515636 -0.02220835
v 0.21683460 -0.04468370 -0.02220835
v 0.20074683 0.19180534 -0.02220835
v 0.03641449 -0.04076558 -0.02220835
v -0.16644065 0.29978166 -0.00679189
v 0.25411405 0.10014474 -0.02216585
v -0.05023591 0.22369175 -0.02220835
v -0.14784292 -0.19401932 -0.02220835
v -0.24224907 -0.13001865 -0.02220835
v 0.21627535 0.11593497 -0.02220835
v -0.11875453 -0.20325093 -0.02220835
v -0.14828124 0.18303800 -0.02220835
v 0.13079200 -0.07841318 -0.02220835
v -0.25589412 0.21094243 -0.02220835
v 0.23554189 0.06903145 -0.02220835
v 0.13502925 -0.00548994 -0.02220835
v -0.21646158 -0.08515102 -0.02220835
v 0.21027368 0.01768342 -0.02220835
v -0.14486646 0.00382255 -0.02220835
v 0.13099999 0.18014706 -0.02220835
v 0.22830521 -0.11206501 -0.02220835
v 0.06692892 -0.12560216 -0.02220835
v -0.08788325 -0.03850330 -0.02220835
v 0.07955505 -0.20739418 -0.02220835
v -0.22217716 0.26685264 -0.01934808
v -0.10719948 0.19263148 -0.02220835
v 0.29226340 0.21836382 -0.02218884
v -0.13480050 0.29763914 -0.01012505
v -0.01410712 0.10613952 -0.02220835
v 0.29272567 0.09308045 -0.01215549
v 0.11008585 0.13777325 -0.02220835
v -0.26449815 -0.12580044 -0.02166589
v -0.21016793 0.17645686 -0.02220835
v 0.08819614 0.26536445 -0.02216370
v -0.29782294 0.00312380 -0.00874947
v 0.27680361 0.14113855 -0.01998207
v -0.13537414 0.08920704 -0.02220835
v -0.05397802 -0.02462004 -0.02220835
v -0.00900034 0.19271490 -0.02220835
v 0.12417883 0.20370253 -0.02220835
v 0.07013275 -0.00219045 -0.02220835
v -0.05347481 0.21378533 -0.02220835
v 0.30018600 -0.11340880 -0.00755661
v 0.15636521 0.20782933 -0.02220835
v 0.27950470 0.03513086 -0.01843118
v -0.06026513 0.08905988 -0.02220835
v -0.16950904 0.18918382 -0.02220835
v -0.05986256 0.14762796 -0.02220835
v -0.13473964 -0.02135263 -0.02220835
v 0.20240164 0.21986894 -0.02220835
v 0.14651787 -0.01655082 -0.02220835
v 0.20138872 0.05710241 -0.02220835
v -0.12549213 -0.08710581 -0.02220835
v 0.09617044 -0.02498227 -0.02220835
v -0.16347964 0.17722635 -0.02220835
v 0.18629584 -0.14706072 -0.02220835
v 0.08870296 0.12867882 -0.02220835
v 0.08842559 0.22854177 -0.02220835
v -0.11201329 -0.07921994 -0.02220835
v 0.03894040 0.27797411 -0.02220835
v 0.06296823 -0.06925712 -0.02220835
v 0.29586753 -0.01192253 -0.01069557
v 0.29049743 -0.08686625 -0.01465307
v 0.21184237 -0.07255362 -0.02220835
v 0.04444020 -0.20323085 -0.02220835
v -0.21638273 -0.17048504 -0.02220835
v -0.21340598 0.00844919 -0.02220835
v 0.02245829 -0.03404099 -0.02220835
v 0.04638452 -0.17775879 -0.02220835
v -0.15927387 0.14309432 -0.02220835
v 0.07831992 -0.14568365 -0.02220835
v -0.11228288 -0.10774954 -0.02220835
v 0.21822305 0.15371268 -0.02220835
v 0.02933597 -0.05141778 -0.02220835
v -0.17651344 -0.18903680 -0.02220835
v -0.07144739 0.18877375 -0.02220835
v 0.30138627 -0.19881000 -0.00725191
v -0.23399409 -0.15330929 -0.02220835
v 0.22823294 0.13523410 -0.02220835
v -0.20171895 0.28924964 -0.01195989
v -0.28778258 0.17859184 -0.02220835
v -0.24435786 0.22105257 -0.02220835
v 0.24923167 -0.16331624 -0.02220835
v -0.29735781 -0.06993621 -0.00998344
v -0.11559985 0.07839815 -0.02220835
v 0.17687676 0.14224222 -0.02220835
v -0.14336710 -0.08294803 -0.02220835
v -0.14214001 -0.14868508 -0.02220835
v 0.19151157 0.10492182 -0.02220835
v -0.16089786 0.13168188 -0.02220835
v -0.04305664 -0.03062967 -0.02220835
v -0.15763752 -0.19091048 -0.02220835
v 0.10968805 0.10948893 -0.02220835
v -0.03329601 -0.09838149 -0.02220835
v -0.11039499 -0.12181479 -0.02220835
v 0.24021480 0.24371536 -0.02199874
v -0.05339015 0.10069151 -0.02220835
v 0.21842925 -0.12330323 -0.02220835
v 0.23068545 0.15235053 -0.02220835
v -0.17002791 -0.07797450 -0.02220835
v 0.12135424 -0.19343615 -0.02220835
v 0.16892955 -0.20028244 -0.02220835
v 0.05510668 0.02709195 -0.02220835
v -0.11023991 0.00528658 -0.02220835
v 0.25611785 -0.02992615 -0.02214949
v 0.24229944 0.17887646 -0.02220835
v -0.09854993 -0.07880579 -0.02220835
v -0.23313412 -0.12134905 -0.02220835
v -0.08456589 0.15846662 -0.02220835
v 0.22859458 0.05257897 -0.02220835
v -0.15139430 0.24677030 -0.02220835
v -0.08702177 -0.11370612 -0.02220835
v 0.26459619 0.21369716 -0.02220835
v 0.11221992 -0.07052625 -0.02220835
v 0.28988270 -0.09643170 -0.01501251
v -0.29460384 0.06647738 -0.01100139
v -0.13588608 -0.03332069 -0.02220835
v -0.02513563 0.09968245 -0.02220835
v 0.11941801 -0.14771536 -0.02220835
v 0.06417157 0.19956998 -0.02220835
v -0.21029008 0.25748890 -0.02148912
v -0.23894960 0.15361224 -0.02220835
v -0.16733681 -0.14596459 -0.02220835
v 0.05568961 -0.15969634 -0.02220835
v -0.24074753 0.12985278 -0.02220835
v 0.01160946 -0.18341354 -0.02220835
v 0.22269890 -0.06608649 -0.02220835
v -0.12788006 0.07705064 -0.02220835
v -0.22211894 0.17843443 -0.02220835
v 0.02124401 0.04600309 -0.02220835
v -0.05940500 0.06675040 -0.02220835
v 0.15920018 -0.02347003 -0.02220835
v 0.10736454 -0.04800337 -0.02220835
v 0.27421665 0.18047844 -0.02220835
v -0.04844340 0.11388919 -0.02220835
v -0.10956931 -0.05136238 -0.02220835
v -0.10355767 -0.00567964 -0.02220835
v 0.09067479 0.20282542 -0.02220835
v -0.00715642 -0.02502834 -0.02220835
v 0.09493722 -0.04573044 -0.02220835
v -0.06334824 -0.15096768 -0.02220835
v 0.26948448 -0.04499136 -0.02089951
v 0.25387539 0.00761253 -0.02219385
v 0.18725757 0.19292458 -0.02220835
v -0.02371249 -0.07094973 -0.02220835
v 0.12942297 0.24818192 -0.02220835
v -0.21851573 0.09853908 -0.02220835
v 0.27098065 -0.12555213 -0.02080265
v 0.26886920 0.25914196 -0.01765233
v -0.21285845 -0.09868562 -0.02220835
v 0.27499044 0.05769206 -0.01957680
v -0.08291137 0.22674035 -0.02220835
v 0.13831782 -0.05376229 -0.02220835
v 0.07103588 -0.05669079 -0.02220835
v -0.27464209 0.19022665 -0.02220835
v -0.05437905 0.07784033 -0.02220835
v -0.09866864 0.08866412 -0.02220835
v -0.05713199 -0.09010022 -0.02220835
v -0.22354421 -0.01789694 -0.02220835
v 0.00499345 0.26502335 -0.02220835
v -0.02786042 0.08426293 -0.02220835
v 0.23281318 0.28223770 -0.01192406
v 0.29896433 -0.16782338 -0.00951984
v 0.07965262 0.25518784 -0.02220835
v 0.06959973 0.02786453 -0.02220835
v -0.12797172 0.23638565 -0.02220835
v -0.03956380 0.25048310 -0.02220835
v 0.21603616 0.28990212 -0.00903335
v 0.29997546 -0.09364468 -0.00754250
v 0.03391174 0.09068121 -0.02220835
v -0.01948327 0.24661699 -0.02220835
v 0.22372563 0.09472077 -0.02220835
v 0.19587057 0.16089214 -0.02220835
v -0.28224646 -0.18866207 -0.01836214
v -0.22412035 0.11092601 -0.02220835
v 0.29005773 -0.11694397 -0.01503941
v 0.20453254 0.04325488 -0.02220835
v 0.16713121 0.20143337 -0.02220835
v 0.04389388 0.26612628 -0.02220835
v 0.29144361 -0.07463814 -0.01408272
v -0.28290713 0.14265433 -0.01903640
v 0.12547830 -0.04922890 -0.02220835
v -0.25017146 -0.06518366 -0.02220835
v 0.27190346 0.20388727 -0.02220835
v -0.25829706 -0.16882769 -0.02212757
v -0.14990670 0.13836290 -0.02220835
v -0.23846645 0.23290444 -0.02220835
v 0.07134585 0.08135879 -0.02220835
v 0.00486957 0.28293800 -0.02220835
v -0.20720526 0.14241010 -0.02220835
v -0.09389437 0.22399459 -0.02220835
v -0.15635362 -0.09393962 -0.02220835
v 0.01938306 -0.04724382 -0.02220835
v -0.22962808 -0.10946802 -0.02220835
v -0.14313737 0.22168326 -0.02220835
v 0.17206299 0.09118607 -0.02220835
v -0.06585367 -0.02473245 -0.02220835
v 0.23402803 0.02649625 -0.02220835
v -0.20348531 -0.12094166 -0.02220835
v -0.23300513 0.09361842 -0.02220835
v 0.09719863 -0.19472643 -0.02220835
v -0.00880942 -0.12974896 -0.02220835
v -0.26638393 0.03081374 -0.02123381
v -0.18130789 -0.13677529 -0.02220835
v -0.24788632 0.10564492 -0.02220835
v -0.13637288 0.17389748 -0.02220835
v 0.10210015 0.20566771 -0.02220835
v -0.23902721 0.02052703 -0.02220835
v -0.29266085 0.09138030 -0.01221262
v 0.23231295 0.01463773 -0.02220835
v -0.24268604 0.20718815 -0.02220835
v 0.21653054 -0.10867950 -0.02220835
v -0.18536827 0.07102381 -0.02220835
v 0.26384834 -0.06524711 -0.02166285
v 0.05753037 0.06217744 -0.02220835
v 0.26020051 0.08191834 -0.02184502
v -0.03610975 0.05656244 -0.02220835
v -0.04721079 -0.01464924 -0.02220835
v -0.09650682 0.00724329 -0.02220835
v 0.28674812 0.05561181 -0.01567917
v 0.18350970 -0.16729299 -0.02220835
v 0.14936024 -0.06014786 -0.02220835
v 0.07544356 -0.16161629 -0.02220835
v -0.11022815 0.29794108 -0.01162427
v 0.15169830 -0.11636318 -0.02220835
v 0.27302459 -0.16529491 -0.02052175
v 0.05229791 0.30596205 -0.02220835
v -0.11813247 -0.06566094 -0.02220835
v 0.29378996 0.11649170 -0.01119666
v -0.26804866 -0.15449759 -0.02128991
v 0.26430859 0.14854165 -0.02197583
v -0.19308816 -0.08298715 -0.02220835
v 0.03336864 -0.13532009 -0.02220835
v 0.08586472 0.10333888 -0.02220835
v 0.15881023 0.18930901 -0.02220835
v 0.23126585 -0.13326375 -0.02220835
v -0.21734376 -0.11475868 -0.02220835
v 0.03965657 0.17602863 -0.02220835
v -0.19977039 0.18256900 -0.02220835
v -0.07809799 0.24007687 -0.02220835
v 0.11153807 -0.19779325 -0.02220835
v -0.27733315 0.20785817 -0.02220835
v 0.14027482 0.28252174 -0.01810279
v 0.24679306 -0.15099366 -0.02220835
v 0.24469691 -0.17367699 -0.02220835
v -0.16737670 0.05133159 -0.02220835
v 0.01421102 -0.00868501 -0.02220835
v 0.26411848 -0.11084727 -0.02168697
v 0.24082600 -0.13918740 -0.02220835
v 0.02261118 -0.14261501 -0.02220835
v 0.24198691 -0.02639522 -0.02220835
v 0.29908666 0.04346843 -0.00668249
v 0.19012773 -0.12309486 -0.02220835
v 0.17632322 0.05276650 -0.02220835
v 0.08190949 -0.08139401 -0.02220835
v 0.12425606 -0.01121695 -0.02220835
v -0.14820337 0.08555084 -0.02220835
v 0.17874003 -0.19040680 -0.02220835
v -0.04938974 0.25523469 -0.02220835
v -0.20272773 -0.15850998 -0.02220835
v 0.02797114 0.00438868 -0.02220835
v 0.10083147 0.09867814 -0.02220835
v -0.07654602 0.05549023 -0.02220835
v 0.09405890 0.28908271 -0.01941833
v -0.25370420 0.12840710 -0.02217059
v -0.28293670 -0.19902141 -0.01818508
v 0.02958874 0.12737151 -0.02220835
v -0.09187198 -0.13957003 -0.02220835
v 0.04230471 0.21314106 -0.02220835
v -0.04175985 -0.17376165 -0.02220835
v 0.12069601 -0.17024071 -0.02220835
v 0.09315177 -0.20589842 -0.02220835
v 0.12091787 0.03282454 -0.02220835
v -0.17180701 0.08166753 -0.02220835
v -0.25564629 -0.00441266 -0.02215536
v -0.06085249 0.26782212 -0.02220835
v 0.29856012 -0.04334079 -0.00852151
v 0.11987474 -0.07738468 -0.02220835
v 0.26370297 0.03793726 -0.02155562
v 0.03366509 -0.11416941 -0.02220835
v 0.17755026 0.24306400 -0.02220835
v -0.03314367 -0.19844335 -0.02220835
v 0.08936357 -0.03277319 -0.02220835
v -0.15840893 0.19020751 -0.02220835
v -0.16355973 0.09183598 -0.02220835
v -0.08771084 0.03322041 -0.02220835
v -0.21457389 0.18734147 -0.02220835
v 0.28184059 0.21087250 -0.02220835
v 0.02372572 0.22724376 -0.02220835
v -0.23558667 0.07340476 -0.02220835
v 0.05986718 -0.10747856 -0.02220835
v 0.21280595 0.24470013 -0.02220623
v 0.23236008 -0.00077907 -0.02220835
v 0.15503856 0.24379574 -0.02220835
v -0.04530335 0.29418984 -0.02220835
v -0.08284121 -0.04816659 -0.02220835
v 0.02201798 0.09647132 -0.02220835
v -0.13857550 0.11792955 -0.02220835
v -0.13491917 0.19773006 -0.02220835
v 0.12026539 -0.02477750 -0.02220835
v 0.19217445 -0.17469688 -0.02220835
v 0.04707303 -0.03027850 -0.02220835
v 0.16575793 -0.16484796 -0.02220835
v 0.08836563 0.05548939 -0.02220835
v 0.01861519 -0.19439336 -0.02220835
v 0.24176185 0.03475915 -0.02220835
v -0.24493353 -0.14439867 -0.02220835
v 0.29088521 0.14019824 -0.01672991
v -0.06247731 0.12617091 -0.02220835
v -0.24899243 0.09212710 -0.02220835
v 0.28866251 0.15515191 -0.02063412
v -0.17348621 -0.17502266 -0.02220835
v -0.29311634 0.10388089 -0.01179840
v -0.12047479 0.29849905 -0.00933715
v -0.07175626 -0.04737192 -0.02220835
v 0.16542807 -0.11608245 -0.02220835
v -0.24881300 0.19438488 -0.02220835
v -0.26717227 -0.06451263 -0.02127203
v -0.22610069 0.03609967 -0.02220835
v -0.20439760 0.16690258 -0.02220835
v -0.27286172 -0.05045437 -0.02030621
v -0.08714090 0.08889950 -0.02220835
v 0.14710114 0.20141960 -0.02220835
v 0.00502213 -0.15019452 -0.02220835
v 0.11563859 -0.00096207 -0.02220835
v -0.21624810 0.21524854 -0.02220835
v 0.06851196 -0.03368899 -0.02220835
v -0.06319924 0.13574040 -0.02220835
v 0.06945274 0.25748628 -0.02220835
v 0.16166754 -0.08457075 -0.02220835
v 0.14618854 0.18403737 -0.02220835
v 0.14077757 -0.14408683 -0.02220835
v -0.10528370 -0.20165662 -0.02220835
v -0.05718334 -0.11419591 -0.02220835
v 0.15855534 0.02168969 -0.02220835
v -0.12565468 0.24861229 -0.02220835
v 0.05229236 -0.00874407 -0.02220835
v 0.06794018 0.23586624 -0.02220835
v -0.02179019 0.17022190 -0.02220835
v 0.19078530 -0.02531983 -0.02220835
v 0.05418719 -0.20717515 -0.02220835
v 0.03377110 0.20719552 -0.02220835
v -0.15831994 0.06375597 -0.02220835
v 0.01655306 0.16518659 -0.02220835
v -0.28971446 0.21638038 -0.02220835
v 0.13496779 0.26976591 -0.02096954
v 0.19227351 0.26882518 -0.02030441
v 0.10823584 -0.02685282 -0.02220835
v -0.20289896 0.26750112 -0.02016660
v 0.13582322 -0.15500138 -0.02220835
v 0.07698435 0.00578255 -0.02220835
v 0.06807691 0.06681372 -0.02220835
v -0.06053741 -0.18811279 -0.02220835
v 0.29671538 -0.02340731 -0.01008918
v 0.26183848 -0.19273144 -0.02195353
v 0.26936755 -0.20130817 -0.02118149
v -0.05680502 0.04474794 -0.02220835
v 0.03512548 -0.18834327 -0.02220835
v 0.11518560 0.28001603 -0.01875602
v -0.13540317 0.18543938 -0.02220835
v -0.11393550 -0.19083828 -0.02220835
v -0.00821657 0.21699160 -0.02220835
v -0.02723373 -0.17878258 -0.02220835
v 0.09930012 -0.15924703 -0.02220835
v 0.17957362 0.06700209 -0.02220835
v -0.20728476 -0.07424452 -0.02220835
v 0.22905901 -0.09945313 -0.02220835
v 0.10164664 -0.12426492 -0.02220835
v 0.18238465 -0.09191418 -0.02220835
v 0.29187325 0.06859427 -0.01289279
v 0.14719315 0.16122939 -0.02220835
v 0.15695377 -0.00016469 -0.02220835
v 0.10424614 0.07246728 -0.02220835
v 0.29707230 0.01342037 -0.00938369
v 0.18496015 0.15383539 -0.02220835
v 0.23741946 0.14099859 -0.02220835
v 0.12254951 -0.08920446 -0.02220835
v 0.20271768 -0.02894285 -0.02220835
v -0.20047049 0.27848128 -0.01732992
v -0.26959359 0.07418076 -0.02065570
v 0.22779598 -0.04262750 -0.02220835
v 0.05277185 -0.01845899 -0.02220835
v -0.04878084 -0.15243771 -0.02220835
v 0.20270779 0.02920300 -0.02220835
v 0.23750886 -0.16021915 -0.02220835
v 0.13070050 0.03978111 -0.02220835
v -0.02178054 -0.02115896 -0.02220835
v 0.07868105 0.15278548 -0.02220835
v 0.06756656 -0.17144863 -0.02220835
v -0.27237825 -0.01019824 -0.02031242
v -0.29331544 -0.14177923 -0.01345077
v -0.10411533 0.13106705 -0.02220835
v 0.01838278 0.30941716 -0.02220835
v 0.21021811 0.14220856 -0.02220835
v -0.17630340 0.06093427 -0.02220835
v -0.14825311 0.19706716 -0.02220835
v -0.01152010 0.00167677 -0.02220835
v 0.00363788 -0.10694897 -0.02220835
v -0.03490582 -0.02084690 -0.02220835
v -0.09041015 0.24025901 -0.02220835
v -0.10688500 0.15007319 -0.02220835
v -0.03664596 0.09431293 -0.02220835
v 0.11038714 0.29892716 -0.01103754
v 0.17363591 0.07830311 -0.02220835
v 0.21680917 0.17435165 -0.02220835
v 0.20963936 -0.19867503 -0.02220835
v -0.26723114 0.21865217 -0.02220835
v 0.00237612 0.23833549 -0.02220835
v -0.10954965 0.20529122 -0.02220835
v 0.10228991 -0.01436034 -0.02220835
v -0.11542090 0.28496232 -0.01715598
v -0.02716323 -0.13829043 -0.02220835
v -0.19775739 0.25496954 -0.02195341
v 0.10129575 -0.03651127 -0.02220835
v 0.08614539 -0.10954601 -0.02220835
v 0.21389382 0.05536820 -0.02220835
v 0.00690426 -0.19665387 -0.02220835
v 0.02070447 -0.06127260 -0.02220835
v 0.26353512 -0.01050851 -0.02163199
v -0.29985761 -0.12477928 -0.00809755
v -0.12982464 0.15578836 -0.02220835
v -0.12771114 -0.19284310 -0.02220835
v 0.16935689 -0.17832704 -0.02220835
v 0.16984422 0.27242950 -0.02024758
v 0.26326355 -0.00005135 -0.02164788
v -0.12521848 0.11175159 -0.02220835
v -0.08640585 -0.07716724 -0.02220835
v -0.22291132 0.15899633 -0.02220835
v 0.15596761 0.05653461 -0.02220835
v 0.08485470 0.11654128 -0.02220835
v 0.04265848 -0.09011953 -0.02220835
v -0.09274665 -0.19911760 -0.02220835
v 0.16647788 0.24947042 -0.02220835
v 0.10793952 -0.08523138 -0.02220835
v 0.23667175 -0.03657379 -0.02220835
v -0.13194891 0.00223797 -0.02220835
v 0.04435284 0.22861362 -0.02220835
v -0.03129986 0.22011572 -0.02220835
v 0.16126586 -0.15575765 -0.02220835
v -0.14008672 0.13657321 -0.02220835
v 0.11245600 -0.01343638 -0.02220835
v 0.06823790 -0.15131378 -0.02220835
v -0.28076579 -0.07455896 -0.01842239
v -0.01359332 -0.01114438 -0.02220835
v 0.24359846 0.25814278 -0.02000039
v -0.13385001 0.27564714 -0.01985916
v 0.00593317 0.00314738 -0.02220835
v 0.04436842 0.12202847 -0.02220835
v 0.21536280 0.22014558 -0.02220835
v 0.17038808 -0.09243903 -0.02220835
v -0.25350624 0.27973433 -0.00931983
v -0.08957811 -0.00301705 -0.02220835
v 0.29687976 -0.14434017 -0.01107281
v 0.00634782 -0.09473229 -0.02220835
v -0.15429346 -0.00782279 -0.02220835
v -0.24249077 0.00543925 -0.02220835
v 0.10171911 0.24915562 -0.02220835
v -0.06704133 0.07767626 -0.02220835
v 0.28298166 0.07701617 -0.01711445
v -0.11487978 -0.13366897 -0.02220835
v 0.26961587 -0.02023093 -0.02083286
v 0.13571066 -0.18428584 -0.02220835
v -0.26459346 0.04459499 -0.02144410
v 0.11400442 -0.18353256 -0.02220835
v 0.19456512 -0.05085972 -0.02220835
v 0.06683773 0.27111748 -0.02220835
v -0.27943576 -0.14539237 -0.01902723
v 0.11341937 0.15240698 -0.02220835
v 0.01261118 0.23205720 -0.02220835
v 0.22804760 -0.02977856 -0.02220835
v -0.27461531 0.15893056 -0.02192244
v -0.14788573 0.11017257 -0.02220835
v -0.09700361 0.26480220 -0.02197473
v 0.10827507 -0.17159707 -0.02220835
v -0.19723271 -0.09565265 -0.02220835
v -0.09627628 -0.05189801 -0.02220835
v -0.01137398 -0.20908343 -0.02220835
v 0.29860475 -0.10218647 -0.00915594
v -0.07552527 0.20157559 -0.02220835
v -0.15616774 -0.05628739 -0.02220835
v 0.28170442 -0.18738922 -0.01852033
v -0.19976754 0.23233738 -0.02220835
v -0.15222553 0.01629364 -0.02220835
v -0.03323751 0.26119265 -0.02220835
v 0.09873334 0.26306984 -0.02202813
v 0.25741626 0.20408534 -0.02220835
v -0.17527495 0.14966159 -0.02220835
v -0.24925149 0.25665852 -0.01996214
v 0.20626517 0.15342159 -0.02220835
v 0.19093118 0.22517972 -0.02220835
v -0.24593510 0.16850750 -0.02220835
v 0.10403212 0.17970971 -0.02220835
v 0.01505583 -0.17013339 -0.02220835
v -0.18447383 0.20359430 -0.02220835
v -0.03507565 -0.12202755 -0.02220835
v -0.11190831 -0.09457037 -0.02220835
v 0.22444648 0.19892812 -0.02220835
v -0.29897627 -0.10815654 -0.00884922
v 0.26061375 -0.17016547 -0.02201545
v 0.12642582 -0.11004569 -0.02220835
v 0.20383643 -0.18559568 -0.02220835
v 0.16031798 -0.19859944 -0.02220835
v -0.03847771 -0.16098227 -0.02220835
v 0.22742390 0.25203354 -0.02162006
v 0.00041170 0.08140713 -0.02220835
v 0.05081031 0.28356334 -0.02220835
v 0.17792471 -0.20239309 -0.02220835
v -0.16258049 0.02666214 -0.02220835
v 0.24051790 0.22938165 -0.02220835
v -0.26118068 0.16492520 -0.02220835
v 0.24214181 0.21593579 -0.02220835
v -0.07872094 -0.13862146 -0.02220835
v 0.27885429 -0.00363763 -0.01874812
v 0.19525739 0.02007785 -0.02220835
v -0.26849814 -0.19533936 -0.02129113
v 0.02968376 -0.14862292 -0.02220835
v -0.22622535 0.02371435 -0.02220835
v 0.29740838 -0.12586725 -0.01048040
v -0.11007789 0.06857251 -0.02220835
v -0.27299496 0.26419971 -0.01517582
v -0.29125373 0.02620131 -0.01355303
v -0.00752850 0.16364757 -0.02220835
v 0.20436081 0.28469079 -0.01434315
v -0.10194862 -0.09070109 -0.02220835
v 0.03043930 0.04972516 -0.02220835
v -0.12963964 0.26077606 -0.02196219
v -0.02320850 -0.21133431 -0.02220835
v 0.26180454 0.11845358 -0.02166091
v -0.13139029 0.22565935 -0.02220835
v -0.18846806 0.01551529 -0.02220835
v -0.28982928 -0.15137233 -0.01533259
v 0.13792034 -0.09115378 -0.02220835
v 0.20131037 0.13455228 -0.02220835
v 0.03350087 0.01671397 -0.02220835
v -0.08091378 -0.02729118 -0.02220835
v 0.14836425 -0.18178245 -0.02220835
v 0.06428366 0.13490917 -0.02220835
v 0.04528181 0.25374994 -0.02220835
v 0.05507736 0.27314879 -0.02220835
v 0.11450072 -0.10963874 -0.02220835
v -0.02151192 -0.12434888 -0.02220835
v -0.11006667 0.18139564 -0.02220835
v 0.04993858 -0.06774988 -0.02220835
v 0.22452670 -0.05430220 -0.02220835
v -0.02301634 0.21143437 -0.02220835
v -0.03458073 0.13351082 -0.02220835
v 0.02614799 0.14139564 -0.02220835
v -0.26057112 -0.04154408 -0.02192328
v -0.16752027 0.21922039 -0.02220835
v -0.24622718 -0.03245235 -0.02220835
v 0.06008463 -0.18198484 -0.02220835
v 0.22170097 0.00910349 -0.02220835
v 0.13903231 0.00695156 -0.02220835
v -0.04848307 -0.04140663 -0.02220835
v -0.15561939 -0.15637052 -0.02220835
v -0.29711409 -0.02409277 -0.00973906
v -0.21196504 0.24152980 -0.02220835
v -0.24704826 -0.11714394 -0.02220835
v -0.21827468 0.06301974 -0.02220835
v -0.04571053 0.03772790 -0.02220835
v -0.12459193 -0.03234019 -0.02220835
v 0.27898886 -0.14378591 -0.01914124
v -0.04240361 0.10537883 -0.02220835
v 0.09246189 -0.18215024 -0.02220835
v -0.09625734 0.07535008 -0.02220835
v -0.11668389 0.03324518 -0.02220835
v -0.19552956 0.07953447 -0.02220835
v -0.15789582 0.12004506 -0.02220835
v -0.26078239 0.25062478 -0.02042250
v -0.13342048 -0.11452207 -0.02220835
v 0.06713260 0.14804533 -0.02220835
v 0.28436746 -0.12555152 -0.01743526
v 0.18070890 0.11151595 -0.02220835
v -0.14070878 0.07422884 -0.02220835
v 0.28083708 0.02410500 -0.01805655
v 0.16688670 0.16664886 -0.02220835
v -0.15551020 -0.02531827 -0.02220835
v 0.17083814 0.11910715 -0.02220835
v 0.13820658 -0.20491667 -0.02220835
v -0.14919529 -0.10259029 -0.02220835
v -0.19227955 -0.04383942 -0.02220835
v 0.29523734 -0.15300111 -0.01232580
v 0.19113294 -0.18691759 -0.02220835
v -0.25908134 0.11682403 -0.02190202
v -0.09507855 -0.10136410 -0.02220835
v -0.28427045 0.11235789 -0.01646275
v 0.26832705 -0.07782464 -0.02113213
v 0.20618281 -0.00680916 -0.02220835
v 0.25063037 -0.11665332 -0.02220835
v -0.19447673 0.02933546 -0.02220835
v -0.22483186 0.07530069 -0.02220835
v 0.21197246 0.00302961 -0.02220835
v -0.02411839 0.00427523 -0.02220835
v 0.03984874 0.13654596 -0.02220835
v -0.12752935 0.14349328 -0.02220835
v -0.19352467 0.05909477 -0.02220835
v -0.20696616 -0.14481810 -0.02220835
v -0.10299040 -0.18583192 -0.02220835
v -0.01352969 0.29999259 -0.02220835
v -0.22463130 0.28944768 -0.00729175
v 0.27553456 -0.17585750 -0.02004652
v 0.14569563 -0.12476230 -0.02220835
v 0.20315118 0.10138674 -0.02220835
v 0.24668541 0.27745715 -0.01255348
v 0.30128641 -0.15635950 -0.00674493
v -0.01614426 0.15591612 -0.02220835
v -0.08278041 0.18677765 -0.02220835
v -0.26321293 0.19917054 -0.02220835
v 0.04197899 0.30507129 -0.02220835
v -0.21762815 0.19989413 -0.02220835
v -0.02194131 -0.20115290 -0.02220835
v -0.16273986 -0.01860055 -0.02220835
v 0.23387678 -0.05380536 -0.02220835
v -0.28057108 0.02602109 -0.01813425
v -0.23547526 0.28526446 -0.00889534
v 0.17709099 0.10104069 -0.02220835
v 0.16275037 -0.06332893 -0.02220835
v 0.16272992 0.00979293 -0.02220835
v 0.05330014 0.18981994 -0.02220835
v 0.18973004 0.11822846 -0.02220835
v -0.03772509 0.14413562 -0.02220835
v 0.10542145 0.00282921 -0.02220835
v -0.28120812 0.22403074 -0.02219806
v 0.24937279 -0.06663384 -0.02220835
v 0.12657161 -0.06409928 -0.02220835
v -0.28761157 -0.10740850 -0.01610099
v -0.30058408 -0.19484120 -0.00816604
v -0.24350196 0.14088146 -0.02220835
v 0.14293275 0.23630191 -0.02220835
v 0.16221044 0.08509074 -0.02220835
v 0.29338731 0.08267780 -0.01177496
v -0.04493023 0.00802917 -0.02220835
v 0.19293024 -0.08435067 -0.02220835
v 0.15796027 -0.18946705 -0.02220835
v -0.10897829 0.16006992 -0.02220835
v 0.13798400 0.29678770 -0.01095921
v -0.02273292 -0.15279517 -0.02220835
v -0.19257662 0.15972621 -0.02220835
v -0.16678788 -0.06432103 -0.02220835
v -0.23248612 0.14270917 -0.02220835
v 0.20152633 -0.06295336 -0.02220835
v 0.10963273 0.04544321 -0.02220835
v -0.10778489 -0.02208250 -0.02220835
v -0.06353531 0.20779125 -0.02220835
v 0.01869100 -0.02119735 -0.02220835
v -0.12645488 0.12290495 -0.02220835
v -0.17554306 0.09968512 -0.02220835
v -0.02337400 0.26660485 -0.02220835
v 0.13692300 0.25770865 -0.02212464
v 0.02817130 -0.09234556 -0.02220835
v 0.03956810 0.00725815 -0.02220835
v 0.15861114 0.28006349 -0.01865934
v 0.18907190 0.23670948 -0.02220835
v 0.21380835 0.13025216 -0.02220835
v -0.22386406 0.22934197 -0.02220835
v 0.26063244 -0.15734444 -0.02200569
v -0.02248534 0.07229073 -0.02220835
v -0.29374489 0.07864369 -0.01154887
v 0.27234093 0.00731166 -0.02028081
v -0.07494801 0.12559333 -0.02220835
v -0.13913922 0.01499503 -0.02220835
v 0.28371659 -0.01396952 -0.01721961
v 0.15036358 0.01120209 -0.02220835
v 0.06853314 -0.02203210 -0.02220835
v 0.00453145 0.17138437 -0.02220835
v 0.28045508 0.27285422 -0.00734561
v 0.10619134 -0.20614729 -0.02220835
v -0.20093475 0.12910989 -0.02220835
v 0.10947312 0.27014309 -0.02099472
v 0.00807979 0.10564109 -0.02220835
v 0.24494979 0.20294931 -0.02220835
v -0.18972686 -0.12126022 -0.02220835
v -0.20532963 0.19351209 -0.02220835
v -0.10074855 -0.03838638 -0.02220835
v 0.03475707 0.10287042 -0.02220835
v 0.01090263 0.01363551 -0.02220835
v -0.16895219 0.14042010 -0.02220835
v 0.24809047 0.19102271 -0.02220835
v 0.08488026 -0.04395272 -0.02220835
v 0.21071903 0.16340832 -0.02220835
v -0.17470379 -0.02586863 -0.02220835
v 0.05826163 -0.05830865 -0.02220835
v -0.00892421 0.17550183 -0.02220835
v -0.22122465 0.25321955 -0.02166598
v -0.25555869 0.22670022 -0.02220835
v -0.00566771 0.31293497 -0.02220835
v 0.09735703 0.04166404 -0.02220835
v -0.14025984 -0.00789050 -0.02220835
v 0.05466959 0.15465646 -0.02220835
v 0.06077129 0.03761359 -0.02220835
v -0.07425689 -0.01826022 -0.02220835
v 0.26524193 -0.13664952 -0.02160145
v 0.02418338 0.06795243 -0.02220835
v -0.21801666 0.16729337 -0.02220835
v 0.09123332 0.17851377 -0.02220835
v 0.25203600 0.04726175 -0.02220762
v -0.16416558 -0.18287257 -0.02220835
v -0.10625057 0.01516845 -0.02220835
v -0.06434787 -0.07973404 -0.02220835
v 0.25577287 0.25290330 -0.02029870
v 0.06871324 -0.13834086 -0.02220835
v 0.06992222 -0.08233431 -0.02220835
v -0.01410315 0.08270046 -0.02220835
v 0.19658777 0.09163853 -0.02220835
v -0.27774715 0.09819678 -0.01873777
v -0.12305181 -0.18365772 -0.02220835
v 0.09658316 0.01267368 -0.02220835
v 0.05499246 0.24806691 -0.02220835
v 0.01747859 0.28737532 -0.02220835
v 0.24729385 -0.08226638 -0.02220835
v -0.10926615 0.24562779 -0.02220835
v 0.07368767 -0.01217211 -0.02220835
v -0.07044370 0.26872782 -0.02220835
v 0.13033278 0.22512478 -0.02220835
v -0.26563039 0.08757196 -0.02124964
v -0.10460164 0.28850822 -0.01717468
v -0.11456453 0.25637014 -0.02216877
v -0.22711305 -0.16416988 -0.02220835
v -0.27799283 0.03997977 -0.01885251
v -0.27794894 -0.03796467 -0.01910207
v 0.24043808 0.04580795 -0.02220835
v -0.07671171 0.02860683 -0.02220835
v -0.15813462 0.00349770 -0.02220835
v -0.17638033 0.28366697 -0.01683824
v -0.25358949 -0.01812210 -0.02220165
v 0.11547581 -0.12061347 -0.02220835
v 0.26321030 0.06118496 -0.02158101
v -0.07150266 -0.11413215 -0.02220835
v 0.26954626 0.12713477 -0.02056283
v 0.03268461 0.03750029 -0.02220835
v 0.16488821 0.13230603 -0.02220835
v 0.14954675 0.06674137 -0.02220835
v 0.12267574 0.10871376 -0.02220835
v 0.01611783 0.03813996 -0.02220835
v 0.04068501 -0.01278174 -0.02220835
v -0.27676045 -0.12744938 -0.01965014
v -0.04574938 0.16575670 -0.02220835
v -0.13076488 -0.20291768 -0.02220835
v 0.11268059 0.24464399 -0.02220835
v -0.22799481 0.01011337 -0.02220835
v 0.25572277 -0.18018984 -0.02219777
v -0.23371877 0.16425458 -0.02220835
v -0.16703401 -0.04774790 -0.02220835
v 0.28680706 -0.14955366 -0.01662464
v -0.00373247 -0.08737183 -0.02220835
v 0.14440423 0.12116035 -0.02220835
v 0.24195657 0.00746198 -0.02220835
v -0.14750556 0.12699137 -0.02220835
v 0.22144020 0.14262487 -0.02220835
v 0.01832538 0.08698500 -0.02220835
v 0.24766975 -0.00515262 -0.02220835
v 0.19579071 0.20127128 -0.02220835
v -0.19135663 -0.02601926 -0.02220835
v -0.03616143 -0.14840890 -0.02220835
v 0.22437511 -0.15448079 -0.02220835
v -0.22533852 0.27926167 -0.01472770
v 0.20265649 0.11212601 -0.02220835
v 0.04769579 0.10966655 -0.02220835
v -0.11156192 -0.03391262 -0.02220835
v -0.26258958 -0.02990329 -0.02174621
v -0.05631587 0.05633707 -0.02220835
v 0.23460837 0.08444475 -0.02220835
v -0.07412886 0.11279908 -0.02220835
v -0.17926619 0.29550734 -0.00986931
v 0.21817468 0.04345200 -0.02220835
v 0.04769510 0.07290115 -0.02220835
v -0.14011077 0.28592896 -0.01692983
v -0.18630159 0.03790437 -0.02220835
v 0.09882596 0.29915268 -0.01676162
v 0.22432069 0.07748789 -0.02220835
v 0.00722710 0.31227215 -0.02220835
v 0.09310668 0.24061139 -0.02220835
v 0.01905847 0.05777876 -0.02220835
v -0.23549016 -0.05974604 -0.02220835
v 0.18097933 0.16708602 -0.02220835
v -0.09082937 0.02058071 -0.02220835
v 0.16874666 -0.01702728 -0.02220835
v 0.13390474 0.02823762 -0.02220835
v 0.00942340 -0.06918056 -0.02220835
v -0.12169505 0.08841221 -0.02220835
v -0.01567551 0.04437741 -0.02220835
v 0.07278023 0.10943687 -0.02220835
v -0.05543699 0.03298857 -0.02220835
v -0.24343127 -0.07588237 -0.02220835
v -0.08631688 -0.01501054 -0.02220835
v -0.22830216 0.20890226 -0.02220835
v 0.26851796 -0.18336396 -0.02127056
v 0.04487050 0.16346404 -0.02220835
v 0.06406138 0.30470195 -0.02220835
v -0.09560900 0.29613254 -0.01814317
v 0.05485233 0.23573617 -0.02220835
v 0.19731570 -0.19882105 -0.02220835
v 0.22925364 0.11002988 -0.02220835
v 0.16687050 0.06025706 -0.02220835
v 0.18213210 0.27774960 -0.01855493
v 0.08720086 0.21489706 -0.02220835
v 0.24238669 -0.18718245 -0.02220835
v 0.08400432 -0.19745303 -0.02220835
v 0.29275321 0.20502396 -0.02220835
v 0.04071539 -0.14230898 -0.02220835
v -0.18188872 0.16973833 -0.02220835
v -0.10731134 0.04314380 -0.02220835
v 0.22366727 -0.14079321 -0.02220835
v 0.20219062 -0.17068562 -0.02220835
v 0.14031688 -0.19398606 -0.02220835
v 0.25628564 -0.12851258 -0.02217611
v 0.13365791 -0.16686344 -0.02220835
v -0.06285796 0.02561290 -0.02220835
v 0.27519622 0.15368201 -0.02151454
v 0.03212379 0.16471794 -0.02220835
v -0.22910281 0.13302389 -0.02220835
v 0.28846637 0.18689458 -0.02220835
v 0.24991397 0.16800615 -0.02220835
v 0.09055988 -0.12276831 -0.02220835
v -0.11568271 0.22556040 -0.02220835
v 0.03727086 -0.15443600 -0.02220835
v 0.18186726 0.02660567 -0.02220835
v -0.04743014 -0.19170764 -0.02220835
v -0.27993795 -0.09887952 -0.01874412
v 0.04013841 -0.04987297 -0.02220835
v 0.20116993 -0.14316097 -0.02220835
v 0.03232598 -0.08123217 -0.02220835
v 0.26183743 -0.12002425 -0.02189476
v 0.25603699 -0.07532746 -0.02216716
v -0.01926578 -0.16463831 -0.02220835
v -0.23558737 -0.02506886 -0.02220835
v 0.27406879 -0.10437076 -0.02018506
v 0.25422308 0.24045549 -0.02193026
v 0.21351067 -0.17567887 -0.02220835
v 0.03853342 0.15078546 -0.02220835
v -0.11922873 0.21444338 -0.02220835
v -0.20201728 -0.10835247 -0.02220835
v -0.08729706 0.12400091 -0.02220835
v -0.24189761 0.05588595 -0.02220835
v 0.06074461 -0.19586293 -0.02220835
v 0.00445952 0.15804699 -0.02220835
v 0.19581799 0.29438136 -0.00849979
v -0.26240989 -0.07665387 -0.02180909
v 0.21713945 -0.09603482 -0.02220835
v -0.03507036 -0.04056878 -0.02220835
v 0.19291857 -0.09738148 -0.02220835
v 0.01123912 0.06786086 -0.02220835
v 0.20672255 -0.08582404 -0.02220835
v -0.07998637 0.13422942 -0.02220835
v -0.19903141 0.11560320 -0.02220835
v -0.14098170 -0.20423789 -0.02220835
v 0.29842361 -0.17797289 -0.01011327
v 0.11395911 0.22649664 -0.02220835
v -0.15371627 -0.20348849 -0.02220835
v 0.00299338 0.05912510 -0.02220835
v 0.20150834 0.25737710 -0.02169527
v -0.09630392 0.18205426 -0.02220835
v -0.16661843 -0.19959472 -0.02220835
v -0.03685182 0.19577775 -0.02220835
v -0.00717687 -0.10162263 -0.02220835
v -0.08857716 0.10463167 -0.02220835
v -0.26038301 0.00809113 -0.02189595
v 0.07680534 0.13622426 -0.02220835
v -0.00553571 0.27523958 -0.02220835
v -0.26485745 0.23823698 -0.02183326
v -0.01324153 -0.03334936 -0.02220835
v 0.04910710 0.05216241 -0.02220835
v -0.23402431 -0.19681811 -0.02220835
v -0.25288307 0.03145792 -0.02220319
v -0.24019030 -0.00974304 -0.02220835
v 0.06486548 0.28473224 -0.02220835
v 0.08484133 0.04308257 -0.02220835
v -0.13534203 -0.07009815 -0.02220835
v 0.29266466 -0.10798792 -0.01360853
v 0.16766751 0.03322796 -0.02220835
v 0.00958086 -0.12980034 -0.02220835
v -0.07618232 0.00236246 -0.02220835
v -0.25182286 0.01796266 -0.02220835
v -0.00574742 0.04947717 -0.02220835
v -0.14814867 0.27364219 -0.02034222
v -0.15661837 0.07689917 -0.02220835
v -0.14570174 -0.11439421 -0.02220835
v -0.07179500 -0.09179930 -0.02220835
v 0.22861711 0.22205147 -0.02220835
v 0.19275651 0.21180412 -0.02220835
v 0.14035721 0.07856128 -0.02220835
v -0.08049083 0.04407710 -0.02220835
v 0.24401730 -0.12766851 -0.02220835
v 0.07246922 0.04162201 -0.02220835
v 0.21006285 0.09264102 -0.02220835
v -0.27537746 0.17399529 -0.02220835
v 0.03642044 -0.17912496 -0.02220835
v 0.05140108 0.00783043 -0.02220835
v 0.22389583 -0.17937079 -0.02220835
v 0.11663312 0.29292383 -0.01346684
v -0.11839962 0.15102638 -0.02220835
v 0.01201243 0.24761648 -0.02220835
v 0.22758672 0.23664313 -0.02220835
v -0.22714832 0.24182003 -0.02219919
v -0.13342954 0.13063662 -0.02220835
v 0.19010463 -0.15942556 -0.02220835
v 0.19906207 -0.07392027 -0.02220835
v 0.10084897 0.27786374 -0.02022317
v 0.14982323 -0.19365308 -0.02220835
v 0.11908556 -0.13059350 -0.02220835
v -0.22721449 0.05088226 -0.02220835
v 0.03254865 0.23804955 -0.02220835
v -0.02078073 0.14145448 -0.02220835
v -0.17202777 0.12593121 -0.02220835
v 0.06109953 0.04989671 -0.02220835
v -0.23218966 0.19828054 -0.02220835
v 0.25825224 0.01826016 -0.02202973
v 0.12860692 0.28537831 -0.01700149
v 0.10011733 -0.07108022 -0.02220835
v 0.00794777 0.09274710 -0.02220835
v -0.15546087 0.29889357 -0.00889705
v -0.01663894 0.18443146 -0.02220835
v 0.18592323 0.08035507 -0.02220835
v 0.20660913 -0.05304792 -0.02220835
v -0.01073857 0.07251218 -0.02220835
v 0.09690343 -0.14575541 -0.02220835
v 0.19129481 0.04620503 -0.02220835
v 0.07236975 0.01661336 -0.02220835
v 0.13680640 0.19354527 -0.02220835
v -0.02985518 -0.06200970 -0.02220835
v -0.18226284 0.19163316 -0.02220835
v 0.26341654 -0.08759720 -0.02172948
v -0.11275208 0.13857337 -0.02220835
v -0.25243795 -0.10126584 -0.02220835
v -0.19632172 0.14280498 -0.02220835
v 0.13778936 0.16963968 -0.02220835
v -0.00314018 0.10935979 -0.02220835
v -0.06546108 -0.10248127 -0.02220835
v 0.08062886 -0.02266426 -0.02220835
v -0.06267875 0.22366582 -0.02220835
v -0.14736574 0.02960383 -0.02220835
v 0.29617955 -0.05459557 -0.01083039
v -0.07260003 -0.12606939 -0.02220835
v -0.01363167 -0.06288162 -0.02220835
v 0.16499117 0.29576972 -0.01098969
v -0.17725489 0.25596364 -0.02209235
v -0.24998670 0.15839175 -0.02220835
v -0.09320112 0.04489436 -0.02220835
v -0.28086736 0.08319754 -0.01783051
v 0.05763892 -0.17165703 -0.02220835
v -0.26010764 -0.11471946 -0.02200848
v -0.24090325 -0.10342185 -0.02220835
v -0.23660342 -0.17239524 -0.02220835
v -0.29901739 0.02057380 -0.00712814
v 0.06366443 -0.04716855 -0.02220835
v -0.12604338 -0.07642326 -0.02220835
v 0.12832933 -0.13451662 -0.02220835
v 0.26169367 0.27607802 -0.01029938
v -0.08916440 0.19581884 -0.02220835
v 0.05846398 -0.00082639 -0.02220835
v -0.14790615 0.23329876 -0.02220835
v 0.25764125 -0.04248721 -0.02209577
v -0.25111523 0.17878655 -0.02220835
v -0.19170897 -0.19630048 -0.02220835
v 0.14400584 -0.10199351 -0.02220835
v -0.09799112 -0.01578714 -0.02220835
v -0.06165593 -0.06932138 -0.02220835
v -0.00465393 0.01145332 -0.02220835
v 0.22293316 0.06452802 -0.02220835
v -0.27249349 0.00136182 -0.02026367
v -0.12089342 -0.02129930 -0.02220835
v 0.04159669 0.19836378 -0.02220835
v -0.22781206 0.15169269 -0.02220835
v -0.10131477 0.12165029 -0.02220835
v -0.05821458 0.16079747 -0.02220835
v 0.08324841 -0.18753134 -0.02220835
v -0.18787425 0.21468693 -0.02220835
v 0.08435033 -0.09517830 -0.02220835
v 0.25539339 0.26629860 -0.01668654
v 0.21859001 0.28024043 -0.01502759
v 0.27386351 0.10995891 -0.01970410
v 0.12069057 0.04833293 -0.02220835
v 0.29812380 -0.06638959 -0.00923348
v -0.18405502 -0.10788250 -0.02220835
v 0.03135094 -0.10414381 -0.02220835
v 0.09821656 -0.09797707 -0.02220835
v 0.27193289 0.01705188 -0.02033982
v -0.23983718 0.18455983 -0.02220835
v 0.11604949 0.07918374 -0.02220835
v -0.21566994 -0.15672175 -0.02220835
v 0.25400705 0.12755791 -0.02216131
v 0.05892835 0.07645036 -0.02220835
v -0.20168784 0.01905087 -0.02220835
v 0.08296747 -0.00851968 -0.02220835
v 0.01390918 -0.08522079 -0.02220835
v 0.04823904 -0.14773811 -0.02220835
v -0.09373147 -0.02707764 -0.02220835
v 0.03512964 -0.00398773 -0.02220835
v 0.22884978 0.03810603 -0.02220835
v 0.20384258 0.12253687 -0.02220835
v 0.14390772 0.21903939 -0.02220835
v 0.13556319 0.20843676 -0.02220835
v -0.28824819 0.15753162 -0.02102381
v 0.04168187 -0.02249435 -0.02220835
v -0.17870650 -0.15230108 -0.02220835
v 0.06220043 0.22517390 -0.02220835
v 0.18123339 0.29430071 -0.01066863
v -0.11973442 0.06630946 -0.02220835
v -0.04311779 0.12425438 -0.02220835
v -0.07116213 0.23132210 -0.02220835
v 0.15534795 -0.10701484 -0.02220835
v -0.25664561 -0.18879413 -0.02218330
v -0.06068695 0.19564660 -0.02220835
v 0.02433727 0.21342427 -0.02220835
v 0.27993697 0.09811050 -0.01807859
v -0.17757330 0.00992574 -0.02220835
v 0.28804746 0.17316911 -0.02220328
v 0.21748731 -0.18992402 -0.02220835
v -0.22091098 -0.19616408 -0.02220835
v 0.08891349 -0.15006313 -0.02220835
v 0.15522606 0.17290397 -0.02220835
v 0.15761830 0.12402807 -0.02220835
v -0.08075601 -0.20046351 -0.02220835
v 0.18197964 -0.05025129 -0.02220835
v -0.15297655 -0.14202931 -0.02220835
v -0.19790567 0.24344902 -0.02220835
v 0.29062682 0.04411515 -0.01379640
v -0.02429991 0.19856469 -0.02220835
v -0.00186877 -0.20502139 -0.02220835
v -0.17475323 0.21176212 -0.02220835
v 0.19188262 0.03406030 -0.02220835
v -0.24587858 -0.16100744 -0.02220835
v 0.13639264 0.13536215 -0.02220835
v 0.22081642 -0.08573455 -0.02220835
v -0.08786105 0.25563726 -0.02220835
v 0.22091127 0.18781825 -0.02220835
v -0.19904545 0.00487167 -0.02220835
v 0.24110011 -0.09744618 -0.02220835
v 0.02021986 -0.13110694 -0.02220835
v 0.05757166 0.26039422 -0.02220835
v 0.07290850 0.29731101 -0.02200178
v 0.21475628 -0.05887831 -0.02220835
v -0.20171720 0.15429505 -0.02220835
v 0.20715948 0.27131546 -0.01908671
v -0.21290392 0.27513662 -0.01759814
v -0.04137972 0.22662218 -0.02220835
v -0.16184996 0.23574090 -0.02220835
v 0.09546693 0.16753138 -0.02220835
v -0.12241173 -0.11122757 -0.02220835
v -0.10624880 0.08296104 -0.02220835
v -0.29213704 -0.03578226 -0.01344376
v 0.18119666 -0.03758050 -0.02220835
v 0.26857110 -0.14820019 -0.02120944
v 0.04929976 -0.16801131 -0.02220835
v 0.26376843 0.05061573 -0.02153239
v 0.19336060 0.00085441 -0.02220835
v -0.16393339 0.24978937 -0.02220835
v 0.17770231 -0.01100034 -0.02220835
v 0.11668943 -0.05707049 -0.02220835
v -0.28715735 -0.00070026 -0.01577854
v -0.06808524 -0.20722551 -0.02220835
v -0.20486296 0.10197747 -0.02220835
v 0.07316959 -0.19023959 -0.02220835
v -0.07800089 0.14906763 -0.02220835
v 0.15071089 -0.04378426 -0.02220835
v -0.14826796 -0.18008867 -0.02220835
v 0.01226807 -0.11310055 -0.02220835
v 0.06697487 0.18815178 -0.02220835
v 0.27720857 -0.11541782 -0.01951071
v -0.22129523 -0.14495873 -0.02220835
v -0.03860103 -0.13442852 -0.02220835
v 0.20518156 -0.04179263 -0.02220835
v -0.22704568 -0.09622402 -0.02220835
v -0.14650613 -0.01849983 -0.02220835
v -0.29945216 -0.14711881 -0.00880968
v -0.28059425 -0.06123262 -0.01842896
v -0.29654750 0.04766959 -0.00951687
v -0.12503206 -0.05582849 -0.02220835
v 0.00563816 0.19336976 -0.02220835
v 0.02517180 -0.18616000 -0.02220835
v -0.21969750 0.14337979 -0.02220835
v -0.29162275 0.23747528 -0.02063919
v 0.19812558 -0.01518244 -0.02220835
v -0.00111702 -0.07380102 -0.02220835
v -0.02799511 0.18473140 -0.02220835
v -0.10753810 0.05951785 -0.02220835
v 0.12924067 -0.14549725 -0.02220835
v 0.03975882 0.02729177 -0.02220835
v 0.02507519 0.25127349 -0.02220835
v 0.29059328 0.10605170 -0.01341490
v 0.25712483 0.18139322 -0.02220835
v 0.07435933 0.21610729 -0.02220835
v 0.21149923 -0.01912654 -0.02220835
v -0.14942853 -0.04580306 -0.02220835
v -0.00132136 0.06844253 -0.02220835
v 0.25245280 -0.10472953 -0.02220835
v -0.21993886 -0.03368148 -0.02220835
v 0.05200680 0.21886105 -0.02220835
v -0.24508535 0.11789096 -0.02220835
v 0.27399723 -0.19346148 -0.02039799
v -0.14648700 0.29612545 -0.01165818
v -0.10512595 -0.17090171 -0.02220835
v 0.13203947 0.23689794 -0.02220835
v -0.04911204 0.20209387 -0.02220835
v 0.25413947 0.21747959 -0.02220835
v -0.21508550 0.28610316 -0.01222803
v -0.02384634 0.05149561 -0.02220835
v -0.20638704 -0.19723549 -0.02220835
v 0.17159882 0.15521401 -0.02220835
v 0.03047104 -0.02132871 -0.02220835
v -0.26251004 0.18191865 -0.02220835
v 0.00850573 -0.20982491 -0.02220835
v -0.02653129 0.15232620 -0.02220835
v -0.16705831 -0.08924812 -0.02220835
v 0.05828355 0.16584062 -0.02220835
v -0.00028346 0.30335003 -0.02220835
v 0.16543377 0.23446414 -0.02220835
v -0.07849731 -0.18548761 -0.02220835
v 0.22107286 -0.00727648 -0.02220835
v -0.18165229 0.15837206 -0.02220835
v -0.09923649 0.25100041 -0.02220835
v 0.14284831 0.03831354 -0.02220835
v 0.14818192 0.26923179 -0.02109479
v 0.17068903 -0.05270327 -0.02220835
v -0.06379466 0.28057022 -0.02220835
v -0.19634750 0.20793873 -0.02220835
v -0.24073113 0.03316718 -0.02220835
v -0.07756620 0.28954283 -0.02180244
v 0.18034114 -0.02291788 -0.02220835
v 0.14659365 -0.00310921 -0.02220835
v 0.18075457 -0.17957581 -0.02220835
v -0.28035868 -0.15871892 -0.01881498
v -0.10678928 0.27703003 -0.01986399
v 0.02160450 -0.07517961 -0.02220835
v 0.04331702 -0.19136639 -0.02220835
v -0.11512100 -0.00999166 -0.02220835
v -0.05796015 0.11521705 -0.02220835
v -0.05698065 0.23467268 -0.02220835
v -0.07342660 0.21647270 -0.02220835
v -0.04505625 0.02325013 -0.02220835
v 0.18487710 -0.11107660 -0.02220835
v 0.06316303 0.21227237 -0.02220835
v 0.28939795 -0.18178181 -0.01568638
v -0.18920149 0.13320968 -0.02220835
v 0.17109269 0.02116506 -0.02220835
v 0.17814621 0.12875552 -0.02220835
v 0.05751306 -0.08122486 -0.02220835
v -0.26679971 -0.10269707 -0.02137614
v -0.06998050 -0.17534068 -0.02220835
v 0.14616293 -0.15672586 -0.02220835
v 0.28670561 -0.17108896 -0.01675922
v 0.28982172 -0.03292510 -0.01468858
v -0.00910093 0.13469891 -0.02220835
v 0.12903524 -0.09938782 -0.02220835
v -0.26724471 0.27547955 -0.00927238
v -0.16848989 -0.16211444 -0.02220835
v -0.18357238 0.05013710 -0.02220835
v -0.03606586 -0.20969346 -0.02220835
v -0.09242840 0.08220396 -0.02220835
v 0.29337730 0.06016982 -0.01196062
v -0.17882009 -0.03859200 -0.02220835
v 0.15247067 0.29976120 -0.00813427
v -0.12178429 0.13450994 -0.02220835
v 0.26954022 -0.03243496 -0.02086771
v 0.03440028 0.05856973 -0.02220835
v 0.20565949 0.20888212 -0.02220835
v -0.26757574 -0.13947020 -0.02132978
v 0.06268334 -0.01207757 -0.02220835
v 0.11418988 0.06293671 -0.02220835
v 0.00145831 0.25116937 -0.02220835
v -0.07637383 0.08381997 -0.02220835
v 0.12473401 0.16010091 -0.02220835
v 0.23608012 0.09742007 -0.02220835
v 0.04033349 -0.17031849 -0.02220835
v -0.20502304 -0.17361338 -0.02220835
v -0.28136411 0.06754120 -0.01772316
v 0.07788737 0.18003318 -0.02220835
v 0.14614009 0.14675049 -0.02220835
v -0.18988370 0.26498486 -0.02103422
v -0.28713283 -0.01365517 -0.01585340
v -0.16706451 0.29095638 -0.01399263
v 0.07869538 0.19315112 -0.02220835
v -0.29824006 -0.04452581 -0.00887143
v 0.13076529 0.12091568 -0.02220835
v -0.18035382 -0.07288575 -0.02220835
v -0.18556017 0.24748466 -0.02220835
v 0.05847432 -0.03807823 -0.02220835
v -0.17403209 0.22952875 -0.02220835
v 0.08664662 0.08025430 -0.02220835
v 0.01853878 -0.10140737 -0.02220835
v -0.01377024 -0.07794341 -0.02220835
v -0.01955971 0.01527020 -0.02220835
v -0.05961893 0.25605847 -0.02220835
v 0.06775967 -0.18363408 -0.02220835
v 0.23430296 -0.14761134 -0.02220835
v -0.19975419 0.04412203 -0.02220835
v 0.29264605 -0.19375175 -0.01415605
v -0.18669881 0.14745980 -0.02220835
v -0.15114754 0.17146012 -0.02220835
v 0.11417119 -0.13995584 -0.02220835
v -0.12379728 -0.12405313 -0.02220835
v -0.30273812 0.25850298 0.01179122
v -0.30238251 0.24361376 0.01802971
v -0.30148126 0.22777066 0.02119773
v -0.30042098 0.21164956 0.02220793
v -0.30040875 0.19736062 0.02220835
v -0.30041946 0.18312604 0.02220835
v -0.30043110 0.16764348 0.02190426
v -0.30044356 0.15108691 0.01925890
v -0.30045523 0.13556760 0.01301858
v -0.30046233 0.12613073 0.00000000
v -0.31334423 0.12078126 0.00000000
v -0.32622613 0.11543178 0.00000000
v -0.33910803 0.11008231 0.00000000
v -0.35197962 0.10473712 0.00000000
v -0.36486152 0.09938765 0.00000000
v -0.37774342 0.09403818 0.00000000
v -0.39062532 0.08868871 0.00000000
v -0.40350722 0.08333923 0.00000000
v -0.40792174 0.09105651 0.01267451
v -0.41527891 0.10391801 0.01892771
v -0.42316129 0.11769766 0.02174251
v -0.43071336 0.13089988 0.02220835
v -0.43827088 0.14411162 0.02174251
v -0.44615326 0.15789128 0.01892771
v -0.45351042 0.17075277 0.01267451
v -0.45792494 0.17847005 0.00000000
v -0.44580661 0.18540210 0.00000000
v -0.43368829 0.19233415 0.00000000
v -0.42156996 0.19926620 0.00000000
v -0.40943587 0.20620727 0.00000000
v -0.39731754 0.21313932 0.00000000
v -0.38519921 0.22007138 0.00000000
v -0.37308089 0.22700343 0.00000000
v -0.36096256 0.23393548 0.00000000
v -0.34884423 0.24086753 0.00000000
v -0.33671014 0.24780860 0.00000000
v -0.32459181 0.25474065 0.00000000
v -0.31247349 0.26167270 0.00000000
v -0.30035516 0.26860476 0.00000000
v -0.37233189 0.17063954 0.02220758
v -0.43980665 0.16076258 0.01910527
v -0.37241880 0.20349640 0.01804489
v -0.39964126 0.09524137 0.01306322
v -0.31593418 0.14107082 0.01771521
v -0.31233333 0.16519467 0.02185089
v -0.33400924 0.14511785 0.02046438
v -0.41551407 0.12125018 0.02174569
v -0.32251820 0.16392582 0.02202658
v -0.34380961 0.14179587 0.02059173
v -0.32736541 0.24858188 0.00869533
v -0.33413912 0.24287139 0.01020767
v -0.35432962 0.16081809 0.02220835
v -0.39909292 0.11777938 0.02040979
v -0.31638884 0.15640301 0.02107977
v -0.41827814 0.19566556 0.00948314
v -0.39008493 0.18509185 0.01996462
v -0.39017058 0.09765283 0.01215342
v -0.40152833 0.20724561 0.00762891
v -0.41219385 0.20147704 0.00726678
v -0.31286502 0.18116228 0.02220835
v -0.37590755 0.12703130 0.02034250
v -0.30910632 0.24949102 0.01459678
v -0.31057467 0.21852543 0.02162535
v -0.37505913 0.22299160 0.00695427
v -0.43067929 0.15004743 0.02160472
v -0.33087637 0.16866120 0.02220835
v -0.42625539 0.17680696 0.01678835
v -0.42425162 0.14110515 0.02220695
v -0.30958053 0.20692318 0.02220581
v -0.30679700 0.19046001 0.02220835
v -0.34527485 0.11167533 0.00855492
v -0.39559198 0.08825033 0.00541429
v -0.35407598 0.21493756 0.01777524
v -0.38245323 0.14596708 0.02220835
v -0.32455624 0.15239239 0.02099337
v -0.31955542 0.17379582 0.02220835
v -0.30372413 0.14469160 0.01740886
v -0.43856561 0.17816963 0.01328388
v -0.39471625 0.19741850 0.01587057
v -0.38811383 0.13654354 0.02201894
v -0.39847152 0.13102761 0.02194725
v -0.43181515 0.18595200 0.01095575
v -0.32688279 0.18006186 0.02220835
v -0.41593296 0.17948332 0.01779559
v -0.31093746 0.25772766 0.00892106
v -0.38152288 0.20471959 0.01596336
v -0.40866797 0.12869559 0.02205438
v -0.39037477 0.21571872 0.00486683
v -0.42003214 0.13208223 0.02220835
v -0.34277852 0.19570835 0.02195413
v -0.37337209 0.18310510 0.02157894
v -0.36060827 0.10814633 0.01094618
v -0.42413727 0.18982090 0.01130595
v -0.34431640 0.15906390 0.02218076
v -0.39258044 0.20931652 0.01030053
v -0.32541392 0.12037589 0.00898950
v -0.41092849 0.18959728 0.01529886
v -0.42241576 0.16571476 0.02012783
v -0.38343332 0.19244314 0.01923381
v -0.33374795 0.23315152 0.01553819
v -0.34456616 0.21751121 0.01855586
v -0.31311136 0.22906094 0.01997634
v -0.40439063 0.19880390 0.01270063
v -0.31136039 0.14926939 0.01940856
v -0.30922031 0.17204517 0.02216871
v -0.33336765 0.22162305 0.01911121
v -0.30349670 0.15656526 0.02049891
v -0.31600672 0.12898077 0.01248140
v -0.33468231 0.15718743 0.02192575
v -0.33763169 0.12070776 0.01290038
v -0.40898158 0.11180184 0.02006106
v -0.32326509 0.23717122 0.01628420
v -0.31309206 0.19867741 0.02220835
v -0.35267482 0.14748807 0.02175781
v -0.34905586 0.13029817 0.01858144
v -0.37407740 0.19397037 0.02001684
v -0.35319004 0.23370566 0.00878928
v -0.41807543 0.15279546 0.02194461
v -0.40226694 0.18165864 0.01923629
v -0.39315872 0.17333375 0.02142408
v -0.36416635 0.22974541 0.00630625
v -0.38515257 0.16338323 0.02220731
v -0.30821750 0.15842295 0.02094923
v -0.31799897 0.24543228 0.01412660
v -0.32285792 0.19469139 0.02220835
v -0.33292137 0.19992365 0.02203129
v -0.39762693 0.16186991 0.02207879
v -0.37344770 0.11390470 0.01660474
v -0.36329348 0.20600382 0.01875490
v -0.36344627 0.21582601 0.01567059
v -0.44020705 0.18623513 0.00632283
v -0.36315125 0.14569441 0.02194720
v -0.39973821 0.14346011 0.02220835
v -0.35171410 0.11847851 0.01477064
v -0.36288045 0.16749696 0.02220835
v -0.35644642 0.22460644 0.01355884
v -0.30980196 0.23781926 0.01844724
v -0.36327577 0.12183235 0.01784524
v -0.36013510 0.13405170 0.02042644
v -0.43016517 0.15922304 0.02048116
v -0.38924414 0.20222730 0.01520614
v -0.31731716 0.18799086 0.02220835
v -0.33572643 0.13255292 0.01762134
v -0.39090439 0.15201175 0.02220835
v -0.37627500 0.15966371 0.02220835
v -0.30561161 0.13186548 0.01156414
v -0.41208015 0.16526311 0.02110359
v -0.32342457 0.20574149 0.02201179
v -0.43424317 0.16932827 0.01770257
v -0.40558220 0.15337943 0.02219140
v -0.34889859 0.20594593 0.02044256
v -0.30806919 0.13980240 0.01613114
v -0.30825663 0.12511184 0.00630926
v -0.38245848 0.09601707 0.00833719
v -0.34331792 0.23932927 0.00881043
v -0.32565859 0.12975019 0.01497722
v -0.38078810 0.22052864 0.00591133
v -0.32419358 0.14041456 0.01852493
v -0.33962660 0.17222188 0.02220835
v -0.40232373 0.08775907 0.00832848
v -0.36124308 0.17908459 0.02218582
v -0.38225814 0.17643417 0.02171950
v -0.41154914 0.14133536 0.02220835
v -0.35073665 0.17244037 0.02220835
v -0.44967900 0.17959198 0.00774452
v -0.32301976 0.22602787 0.01944688
v -0.40519192 0.17242093 0.02065292
v -0.33986469 0.18286765 0.02220835
v -0.36783108 0.22306200 0.01060005
v -0.33130388 0.18891198 0.02220835
v -0.38739072 0.10970010 0.01716346
v -0.40009122 0.10451622 0.01719397
v -0.31896169 0.25495985 0.00709522
v -0.44525566 0.17052229 0.01506655
v -0.35544351 0.19764363 0.02110580
v -0.37359938 0.21402262 0.01393848
v -0.38321873 0.21350616 0.01112126
v -0.32188591 0.21518067 0.02130568
v -0.37375671 0.15028739 0.02220835
v -0.35092094 0.18542155 0.02217762
v -0.36465748 0.15700666 0.02220835
v -0.37457141 0.10290163 0.01134005
v -0.39970418 0.19027023 0.01734502
v -0.38664561 0.12248748 0.02032717
v -0.33601291 0.21020749 0.02091346
v -0.37216994 0.13731289 0.02156454
v -0.36376796 0.19187547 0.02122960
v -0.34425493 0.22837385 0.01503454
v -0.30465207 0.17785082 0.02220835
v -0.30273812 0.25850298 -0.01179122
v -0.30238251 0.24361376 -0.01802971
v -0.30148126 0.22777066 -0.02119773
v -0.30042098 0.21164956 -0.02220793
v -0.30040875 0.19736062 -0.02220835
v -0.30041946 0.18312604 -0.02220835
v -0.30043110 0.16764348 -0.02190426
v -0.30044356 0.15108691 -0.01925890
v -0.30045523 0.13556760 -0.01301858
v -0.30046233 0.12613073 0.00000000
v -0.31334423 0.12078126 0.00000000
v -0.32622613 0.11543178 0.00000000
v -0.33910803 0.11008231 0.00000000
v -0.35197962 0.10473712 0.00000000
v -0.36486152 0.09938765 0.00000000
v -0.37774342 0.09403818 0.00000000
v -0.39062532 0.08868871 0.00000000
v -0.40350722 0.08333923 0.00000000
v -0.40792174 0.09105651 -0.01267451
v -0.41527891 0.10391801 -0.01892771
v -0.42316129 0.11769766 -0.02174251
v -0.43071336 0.13089988 -0.02220835
v -0.43827088 0.14411162 -0.02174251
v -0.44615326 0.15789128 -0.01892771
v -0.45351042 0.17075277 -0.01267451
v -0.45792494 0.17847005 0.00000000
v -0.44580661 0.18540210 0.00000000
v -0.43368829 0.19233415 0.00000000
v -0.42156996 0.19926620 0.00000000
v -0.40943587 0.20620727 0.00000000
v -0.39731754 0.21313932 0.00000000
v -0.38519921 0.22007138 0.00000000
v -0.37308089 0.22700343 0.00000000
v -0.36096256 0.23393548 0.00000000
v -0.34884423 0.24086753 0.00000000
v -0.33671014 0.24780860 0.00000000
v -0.32459181 0.25474065 0.00000000
v -0.31247349 0.26167270 0.00000000
v -0.30035516 0.26860476 0.00000000
v -0.35714566 0.18302435 -0.02214926
v -0.39015169 0.21575441 -0.00502290
v -0.37594013 0.14115093 -0.02199386
v -0.33554357 0.16407801 -0.02220176
v -0.32997364 0.11822262 -0.00874339
v -0.31269207 0.15051492 -0.01980307
v -0.38658142 0.14750859 -0.02220835
v -0.33850635 0.19811325 -0.02195642
v -0.42034204 0.13669804 -0.02220835
v -0.31973626 0.16109200 -0.02175150
v -0.36085795 0.10369776 -0.00687933
v -0.42617678 0.14487964 -0.02210502
v -0.34557562 0.16881021 -0.02220835
v -0.35759163 0.16656205 -0.02220835
v -0.32110291 0.13396347 -0.01596282
v -0.37653179 0.16571924 -0.02220835
v -0.34774867 0.15869367 -0.02219820
v -0.42338400 0.15628003 -0.02139888
v -0.39529736 0.15394634 -0.02220835
v -0.31831853 0.22554324 -0.02007653
v -0.41268365 0.11136608 -0.02027066
v -0.36638759 0.22622003 -0.00873167
v -0.32830021 0.20377352 -0.02196680
v -0.32723878 0.21919347 -0.02029819
v -0.35649869 0.11828030 -0.01555973
v -0.39495522 0.13162382 -0.02188912
v -0.36107689 0.21623589 -0.01603036
v -0.38086382 0.19723753 -0.01842958
v -0.37654135 0.12542883 -0.02009141
v -0.34851318 0.12402005 -0.01651655
v -0.40782267 0.13741493 -0.02220835
v -0.36998992 0.11111555 -0.01487487
v -0.37623076 0.20731727 -0.01612281
v -0.32339978 0.24776278 -0.01109550
v -0.32712063 0.19199547 -0.02220835
v -0.38929028 0.10725748 -0.01657968
v -0.40639513 0.20202533 -0.00983452
v -0.36642954 0.16062650 -0.02220835
v -0.43931348 0.17536833 -0.01443524
v -0.40681649 0.19368972 -0.01455582
v -0.41469469 0.20013326 -0.00716887
v -0.37288439 0.21802935 -0.01200381
v -0.31445220 0.24405998 -0.01558922
v -0.33598474 0.17453395 -0.02220835
v -0.37110933 0.19711078 -0.01973824
v -0.39869158 0.08899462 -0.00804468
v -0.34292671 0.20765028 -0.02071181
v -0.34611611 0.14453070 -0.02114342
v -0.42129684 0.12575145 -0.02214612
v -0.32934802 0.18207763 -0.02220835
v -0.33817460 0.15171173 -0.02159280
v -0.40043080 0.18693031 -0.01819394
v -0.36644849 0.18541538 -0.02172465
v -0.40821931 0.11827391 -0.02108050
v -0.44585226 0.18112353 -0.00839797
v -0.43430109 0.18480687 -0.01076421
v -0.37927328 0.17779003 -0.02174814
v -0.38548828 0.12051193 -0.01985036
v -0.38703389 0.18981479 -0.01935944
v -0.36456163 0.14642967 -0.02202462
v -0.33761285 0.11422229 -0.00789822
v -0.39838483 0.20428899 -0.01147669
v -0.33842721 0.18780474 -0.02220835
v -0.41505222 0.19014989 -0.01401531
v -0.38102877 0.21886617 -0.00774017
v -0.30715093 0.26277154 -0.00573986
v -0.40050046 0.10840677 -0.01843701
v -0.35289078 0.17506196 -0.02220835
v -0.37516393 0.15355983 -0.02220835
v -0.36002106 0.11110544 -0.01272238
v -0.37936948 0.10929426 -0.01577179
v -0.33862858 0.12284584 -0.01426114
v -0.34947474 0.23410838 -0.01020060
v -0.41490645 0.15946139 -0.02156803
v -0.43524648 0.15346604 -0.02091025
v -0.40307907 0.12655475 -0.02175764
v -0.42183016 0.19407372 -0.00911303
v -0.40870326 0.16924083 -0.02082679
v -0.30915729 0.20389909 -0.02220835
v -0.39639595 0.19575731 -0.01613194
v -0.33012749 0.23049289 -0.01721267
v -0.40525365 0.15544401 -0.02215098
v -0.32795354 0.15558849 -0.02155575
v -0.30565907 0.15729037 -0.02068027
v -0.31938325 0.21017175 -0.02188607
v -0.38344377 0.09692041 -0.00956604
v -0.34606996 0.11403202 -0.01083499
v -0.38438597 0.21013656 -0.01276194
v -0.36581467 0.20695398 -0.01813332
v -0.35345044 0.20618942 -0.01993778
v -0.33228156 0.14124715 -0.01955880
v -0.32124582 0.14575107 -0.01954125
v -0.40271468 0.20878864 -0.00463900
v -0.40017818 0.17655221 -0.02045246
v -0.30501855 0.14351932 -0.01709392
v -0.35655241 0.22682660 -0.01232667
v -0.32404004 0.17213578 -0.02220835
v -0.36705890 0.17331372 -0.02220829
v -0.40519518 0.09962084 -0.01619025
v -0.36705091 0.12118822 -0.01812132
v -0.38561029 0.13514619 -0.02186327
v -0.39750055 0.16532822 -0.02189654
v -0.34841157 0.21894072 -0.01754975
v -0.41290137 0.14636868 -0.02220835
v -0.31145843 0.16551025 -0.02185559
v -0.32392812 0.23763642 -0.01597428
v -0.38564370 0.15898601 -0.02220835
v -0.33058565 0.12913175 -0.01559768
v -0.43940502 0.16496485 -0.01810397
v -0.33586904 0.21474612 -0.02021287
v -0.43069329 0.16334686 -0.01967377
v -0.31710480 0.19619665 -0.02220835
v -0.30988437 0.21789331 -0.02171460
v -0.34007639 0.22715923 -0.01642506
v -0.35652666 0.15346658 -0.02216884
v -0.35812056 0.12819871 -0.01901335
v -0.38892044 0.20173610 -0.01548059
v -0.33848074 0.23965627 -0.01073811
v -0.31086802 0.23367127 -0.01929639
v -0.36059750 0.19574291 -0.02096844
v -0.39092908 0.18161497 -0.02048965
v -0.42873619 0.19234286 -0.00688785
v -0.33132384 0.24748028 -0.00754831
v -0.37218189 0.10064114 -0.00869153
v -0.39331770 0.20986192 -0.00954999
v -0.39387955 0.09706909 -0.01273659
v -0.34219124 0.13326737 -0.01861336
v -0.34503354 0.18113916 -0.02220835
v -0.42274131 0.18288448 -0.01528068
v -0.32073582 0.12280376 -0.00942876
v -0.39546916 0.11804157 -0.02018215
v -0.41093618 0.18107980 -0.01815065
v -0.35443377 0.13789716 -0.02067600
v -0.34988224 0.19337408 -0.02184125
v -0.30845153 0.18955967 -0.02220835
v -0.38798425 0.17080962 -0.02189405
v -0.36717872 0.13382656 -0.02086665
v -0.35075055 0.10849135 -0.00759307
v -0.41958528 0.17086721 -0.01943022
v -0.44685809 0.16952725 -0.01509941
v -0.31040065 0.17642484 -0.02220835
v -0.39886609 0.14373186 -0.02220835
v -0.31728354 0.25558428 -0.00747003
v -0.31834598 0.18352575 -0.02220835
v -0.30900263 0.25228387 -0.01328374
v -0.31091741 0.13668262 -0.01533548
v -0.37580057 0.18692411 -0.02098491
v -0.30943334 0.12709540 -0.00906668
v -0.42950081 0.17385943 -0.01714560
v -0.41325951 0.12844098 -0.02212442
v 0.30035516 0.26860476 0.00000000
v 0.31247349 0.26167270 0.00000000
v 0.32459181 0.25474065 0.00000000
v 0.33671014 0.24780860 0.00000000
v 0.34884423 0.24086753 0.00000000
v 0.36096256 0.23393548 0.00000000
v 0.37308089 0.22700343 0.00000000
v 0.38519921 0.22007138 0.00000000
v 0.39731754 0.21313932 0.00000000
v 0.40943587 0.20620727 0.00000000
v 0.42156996 0.19926620 0.00000000
v 0.43368829 0.19233415 0.00000000
v 0.44580661 0.18540210 0.00000000
v 0.45792494 0.17847005 0.00000000
v 0.45351042 0.17075277 0.01267451
v 0.44615326 0.15789128 0.01892771
v 0.43827088 0.14411162 0.02174251
v 0.43071880 0.13090940 0.02220835
v 0.42316129 0.11769766 0.02174251
v 0.41527891 0.10391801 0.01892771
v 0.40792174 0.09105651 0.01267451
v 0.40350722 0.08333923 0.00000000
v 0.39062532 0.08868871 0.00000000
v 0.37774342 0.09403818 0.00000000
v 0.36486152 0.09938765 0.00000000
v 0.35198993 0.10473284 0.00000000
v 0.33910803 0.11008231 0.00000000
v 0.32622613 0.11543178 0.00000000
v 0.31334423 0.12078126 0.00000000
v 0.30046233 0.12613073 0.00000000
v 0.30045523 0.13556760 0.01301858
v 0.30044356 0.15108691 0.01925890
v 0.30043110 0.16764348 0.02190426
v 0.30041946 0.18312604 0.02220835
v 0.30040874 0.19737487 0.02220835
v 0.30042098 0.21164956 0.02220793
v 0.30148126 0.22777066 0.02119773
v 0.30238251 0.24361376 0.01802971
v 0.30273812 0.25850298 0.01179122
v 0.31087706 0.24930675 0.01421991
v 0.42004479 0.14194983 0.02220835
v 0.39200121 0.21031723 0.00978873
v 0.35932128 0.12130627 0.01714642
v 0.40270081 0.19288437 0.01585792
v 0.36719893 0.22687826 0.00763400
v 0.30514772 0.20377121 0.02220835
v 0.34633288 0.13725486 0.01994906
v 0.30697022 0.23489867 0.01951270
v 0.43832046 0.16294591 0.01878927
v 0.31062287 0.12448882 0.00678994
v 0.37091412 0.14559718 0.02210829
v 0.34749777 0.12418573 0.01642100
v 0.38626123 0.10836074 0.01652261
v 0.35240336 0.20181981 0.02077256
v 0.35914764 0.21806474 0.01575588
v 0.32336447 0.24620862 0.01209246
v 0.43051794 0.14253770 0.02209964
v 0.32018940 0.21719846 0.02118198
v 0.38783627 0.14193649 0.02219678
v 0.41715580 0.15359393 0.02192793
v 0.43541112 0.17165705 0.01675892
v 0.35768098 0.13393955 0.02022090
v 0.34930254 0.18487709 0.02220031
v 0.37930229 0.11471875 0.01770361
v 0.31438325 0.23957339 0.01718913
v 0.31104672 0.13348310 0.01384897
v 0.34151719 0.20373978 0.02132960
v 0.37831603 0.15700961 0.02220835
v 0.39214018 0.09257895 0.00890750
v 0.33473618 0.16017671 0.02209007
v 0.31465394 0.18249760 0.02220835
v 0.43190038 0.15606532 0.02081327
v 0.37963925 0.17659301 0.02182385
v 0.33521913 0.13981980 0.01951251
v 0.31919506 0.25440948 0.00755778
v 0.40338420 0.17520485 0.02037159
v 0.32534703 0.16314467 0.02204688
v 0.31461244 0.16411602 0.02182675
v 0.40725950 0.11432200 0.02039808
v 0.38675500 0.09986432 0.01263975
v 0.38491094 0.18744041 0.02007836
v 0.37384259 0.19423633 0.01999222
v 0.35554799 0.17705470 0.02220835
v 0.33579857 0.11683951 0.00968056
v 0.31158611 0.21176451 0.02204874
v 0.32735084 0.13362867 0.01681470
v 0.32266062 0.14151726 0.01865066
v 0.44029860 0.17969233 0.01186632
v 0.37011043 0.18141356 0.02186851
v 0.37686641 0.21972628 0.00917147
v 0.39454960 0.13272798 0.02195180
v 0.31314209 0.20072354 0.02220835
v 0.30345697 0.12794190 0.00737513
v 0.33431984 0.17134701 0.02220835
v 0.34432514 0.19390910 0.02200533
v 0.37496788 0.10116074 0.01016551
v 0.32997036 0.21559527 0.02063055
v 0.39728919 0.08695999 0.00434160
v 0.30751120 0.15646003 0.02060001
v 0.35105582 0.16823186 0.02220835
v 0.40719200 0.15323394 0.02217760
v 0.39223463 0.17238822 0.02157203
v 0.43598858 0.18684228 0.00832505
v 0.38212290 0.14850083 0.02220835
v 0.31754810 0.15286936 0.02061957
v 0.40752028 0.18479998 0.01764788
v 0.37056034 0.12096408 0.01847128
v 0.34753348 0.11285931 0.01040698
v 0.42548974 0.15091767 0.02178236
v 0.32784527 0.15076837 0.02095631
v 0.32162006 0.19122111 0.02220835
v 0.36302138 0.16970687 0.02220835
v 0.38341549 0.09352270 0.00575696
v 0.32048914 0.12023461 0.00658475
v 0.39986700 0.14452202 0.02220835
v 0.41029538 0.13878408 0.02220835
v 0.37297438 0.16690937 0.02220835
v 0.40657720 0.10179529 0.01718469
v 0.38483055 0.16457526 0.02220008
v 0.40112999 0.20740708 0.00769893
v 0.41404245 0.20214768 0.00492244
v 0.34890478 0.22387805 0.01577355
v 0.33168565 0.24191249 0.01181077
v 0.36780941 0.10853929 0.01310797
v 0.39439122 0.19849868 0.01552354
v 0.39228373 0.11956730 0.02022039
v 0.35292027 0.21103382 0.01897263
v 0.41441701 0.12411040 0.02192803
v 0.30443211 0.13482822 0.01309114
v 0.30584528 0.26419387 0.00465170
v 0.33835904 0.14980571 0.02139722
v 0.39531446 0.18443463 0.01949760
v 0.38461340 0.20036943 0.01687447
v 0.39767848 0.09825191 0.01422548
v 0.42753134 0.17803262 0.01610043
v 0.42605457 0.19004175 0.01039373
v 0.32756425 0.12378865 0.01223960
v 0.40506505 0.16510458 0.02156673
v 0.33746440 0.18573856 0.02220835
v 0.43870905 0.15303893 0.02068480
v 0.33837603 0.22511454 0.01741818
v 0.32158556 0.20352884 0.02214455
v 0.35647784 0.15886145 0.02220835
v 0.41643533 0.17815623 0.01808962
v 0.30914459 0.17375815 0.02220077
v 0.32165495 0.23342827 0.01779123
v 0.44544056 0.16940300 0.01548133
v 0.36248608 0.18755682 0.02173489
v 0.35807063 0.22858349 0.01064404
v 0.40368538 0.12709634 0.02182206
v 0.41720142 0.19623786 0.00951887
v 0.34844947 0.14953362 0.02178201
v 0.33176090 0.19456194 0.02220354
v 0.35931591 0.14616256 0.02187038
v 0.36491550 0.20416304 0.01897479
v 0.32197172 0.17392937 0.02220835
v 0.38200994 0.12886400 0.02103993
v 0.31104290 0.25786731 0.00874215
v 0.37581690 0.20708515 0.01629312
v 0.33726882 0.12810246 0.01629558
v 0.36814651 0.21621562 0.01437261
v 0.31358258 0.14283652 0.01795674
v 0.39375855 0.15617947 0.02220835
v 0.31824273 0.12984317 0.01350504
v 0.37081743 0.13378673 0.02107790
v 0.32862510 0.22780521 0.01824802
v 0.41731200 0.16669402 0.02046182
v 0.44983594 0.17923134 0.00802117
v 0.34199942 0.21437546 0.01961384
v 0.35801220 0.10843319 0.01034873
v 0.34272327 0.17618610 0.02220835
v 0.42698119 0.16435349 0.01989456
v 0.33142596 0.20554619 0.02171664
v 0.32840027 0.18184590 0.02220835
v 0.40672964 0.20030573 0.01095298
v 0.30955752 0.19137734 0.02220835
v 0.34007336 0.23700409 0.01187865
v 0.30586831 0.21947012 0.02177264
v 0.41570402 0.18904054 0.01435924
v 0.38424234 0.21344731 0.01076049
v 0.42162929 0.13235221 0.02220835
v 0.39714544 0.10859122 0.01809212
v 0.35014833 0.23490179 0.00926331
v 0.40194561 0.08983081 0.01006318
v 0.34424275 0.16207738 0.02220835
v 0.35733601 0.19464287 0.02133500
v 0.31340588 0.22576489 0.02052122
v 0.30534158 0.14424178 0.01737746
v 0.36701329 0.15731268 0.02220835
v 0.30035516 0.26860476 0.00000000
v 0.31247349 0.26167270 0.00000000
v 0.32459181 0.25474065 0.00000000
v 0.33671014 0.24780860 0.00000000
v 0.34884423 0.24086753 0.00000000
v 0.36096256 0.23393548 0.00000000
v 0.37308089 0.22700343 0.00000000
v 0.38519921 0.22007138 0.00000000
v 0.39731754 0.21313932 0.00000000
v 0.40943587 0.20620727 0.00000000
v 0.42156996 0.19926620 0.00000000
v 0.43368829 0.19233415 0.00000000
v 0.44580661 0.18540210 0.00000000
v 0.45792494 0.17847005 0.00000000
v 0.45351042 0.17075277 -0.01267451
v 0.44615326 0.15789128 -0.01892771
v 0.43827088 0.14411162 -0.02174251
v 0.43071880 0.13090940 -0.02220835
v 0.42316129 0.11769766 -0.02174251
v 0.41527891 0.10391801 -0.01892771
v 0.40792174 0.09105651 -0.01267451
v 0.40350722 0.08333923 0.00000000
v 0.39062532 0.08868871 0.00000000
v 0.37774342 0.09403818 0.00000000
v 0.36486152 0.09938765 0.00000000
v 0.35198993 0.10473284 0.00000000
v 0.33910803 0.11008231 0.00000000
v 0.32622613 0.11543178 0.00000000
v 0.31334423 0.12078126 0.00000000
v 0.30046233 0.12613073 0.00000000
v 0.30045523 0.13556760 -0.01301858
v 0.30044356 0.15108691 -0.01925890
v 0.30043110 0.16764348 -0.02190426
v 0.30041946 0.18312604 -0.02220835
v 0.30040874 0.19737487 -0.02220835
v 0.30042098 0.21164956 -0.02220793
v 0.30148126 0.22777066 -0.02119773
v 0.30238251 0.24361376 -0.01802971
v 0.30273812 0.25850298 -0.01179122
v 0.39723890 0.15132859 -0.02220835
v 0.41081637 0.14519836 -0.02220835
v 0.40342593 0.19666458 -0.01407984
v 0.32883348 0.22412225 -0.01913285
v 0.39457642 0.10225411 -0.01546945
v 0.33253337 0.14590449 -0.02049446
v 0.38294664 0.13065617 -0.02132283
v 0.38982684 0.21263322 -0.00889211
v 0.35580067 0.23219820 -0.00880196
v 0.36805714 0.14449085 -0.02199767
v 0.39702604 0.17630046 -0.02077165
v 0.30913697 0.12985122 -0.01118340
v 0.36402591 0.11199793 -0.01411149
v 0.42419142 0.14064392 -0.02220828
v 0.34892432 0.18293251 -0.02220835
v 0.36194636 0.22797798 -0.00940976
v 0.30715679 0.26282002 -0.00566419
v 0.31787957 0.25505592 -0.00767048
v 0.40601508 0.09972030 -0.01635878
v 0.40776968 0.17629731 -0.01970665
v 0.31640364 0.20573032 -0.02216503
v 0.39760884 0.11636716 -0.02003008
v 0.34940294 0.22375625 -0.01571059
v 0.33055478 0.15427965 -0.02153215
v 0.41304699 0.20088780 -0.00737916
v 0.33684825 0.21231464 -0.02052771
v 0.36426018 0.19961989 -0.02001054
v 0.35444577 0.11921834 -0.01559558
v 0.32755280 0.17267661 -0.02220835
v 0.38607633 0.17413904 -0.02172864
v 0.38467202 0.09570104 -0.00892706
v 0.34312516 0.13720410 -0.01965969
v 0.38474190 0.15335921 -0.02220835
v 0.34175405 0.16036274 -0.02218538
v 0.36396354 0.12178798 -0.01791854
v 0.32727109 0.12935762 -0.01510142
v 0.37363653 0.17641872 -0.02204170
v 0.30885058 0.25354732 -0.01264952
v 0.31664597 0.22655834 -0.02006581
v 0.30901331 0.24486698 -0.01644665
v 0.43398588 0.18121168 -0.01306160
v 0.42529010 0.16665967 -0.01962844
v 0.37546640 0.11181914 -0.01613302
v 0.39461197 0.20226082 -0.01381344
v 0.37342470 0.19686327 -0.01951721
v 0.37708912 0.16440091 -0.02220835
v 0.41739491 0.16097733 -0.02125584
v 0.41971381 0.12852433 -0.02219434
v 0.35807806 0.20876951 -0.01880817
v 0.37854354 0.22014000 -0.00789259
v 0.32327285 0.24385029 -0.01342317
v 0.35829005 0.13953335 -0.02115111
v 0.35202328 0.19563318 -0.02154877
v 0.32027296 0.14603409 -0.01951421
v 0.37787570 0.14641679 -0.02220091
v 0.30560725 0.17317218 -0.02218269
v 0.41512412 0.17075718 -0.01996679
v 0.34675693 0.14704171 -0.02147794
v 0.33001449 0.16362963 -0.02214521
v 0.31600933 0.19354732 -0.02220835
v 0.32753776 0.18915895 -0.02220835
v 0.40796271 0.15633106 -0.02206259
v 0.33455391 0.23311900 -0.01536666
v 0.36296717 0.18351804 -0.02199067
v 0.32800089 0.20523043 -0.02188685
v 0.33926658 0.17316955 -0.02220835
v 0.37088711 0.15601535 -0.02220835
v 0.41615561 0.19299307 -0.01217343
v 0.35282196 0.15976040 -0.02220835
v 0.34873020 0.23493975 -0.00989060
v 0.30938931 0.18053757 -0.02220835
v 0.34164751 0.23975514 -0.00927124
v 0.33291383 0.11407276 -0.00506428
v 0.37354127 0.12232210 -0.01914294
v 0.35226165 0.17172804 -0.02220835
v 0.33823130 0.12638764 -0.01577584
v 0.33257095 0.24258037 -0.01105251
v 0.33864456 0.19795843 -0.02196087
v 0.32919275 0.12066055 -0.01054952
v 0.35811624 0.21953508 -0.01540925
v 0.44210826 0.17594254 -0.01338747
v 0.31970749 0.13569283 -0.01640845
v 0.37618991 0.13548668 -0.02154850
v 0.31605643 0.24647819 -0.01415724
v 0.32833017 0.25019124 -0.00637596
v 0.30856086 0.22795100 -0.02061368
v 0.30657452 0.20692350 -0.02220835
v 0.36869929 0.22180301 -0.01112710
v 0.34793818 0.12841740 -0.01791085
v 0.36731879 0.13189124 -0.02056797
v 0.31517760 0.17322944 -0.02220774
v 0.38312604 0.12115399 -0.01977959
v 0.40047256 0.14066878 -0.02220835
v 0.37654960 0.10085726 -0.01044383
v 0.42563472 0.17842357 -0.01635190
v 0.40281685 0.12758123 -0.02183168
v 0.30900937 0.19839367 -0.02220835
v 0.33334555 0.13720791 -0.01868464
v 0.30781089 0.15951392 -0.02109701
v 0.42081480 0.15177867 -0.02191037
v 0.36785021 0.22889911 -0.00432484
v 0.35925586 0.15138719 -0.02214208
v 0.40243534 0.20703544 -0.00729334
v 0.32489076 0.18020959 -0.02220835
v 0.38521026 0.19953968 -0.01703468
v 0.43894060 0.18684701 -0.00646799
v 0.40015068 0.09090040 -0.01032211
v 0.31667700 0.21718371 -0.02141345
v 0.39288638 0.13031674 -0.02171700
v 0.40418944 0.10901918 -0.01900126
v 0.38842466 0.14215357 -0.02220211
v 0.43237441 0.15459664 -0.02098027
v 0.40187936 0.16500874 -0.02173603
v 0.39271834 0.09196824 -0.00854976
v 0.30837234 0.14359295 -0.01751950
v 0.34030177 0.22442909 -0.01728932
v 0.37968006 0.20950579 -0.01442375
v 0.39031199 0.16211622 -0.02219137
v 0.30602279 0.23624981 -0.01933886
v 0.43367104 0.16806155 -0.01815427
v 0.30619946 0.18946646 -0.02220835
v 0.33730484 0.18495308 -0.02220835
v 0.32393569 0.23368157 -0.01732344
v 0.31644146 0.18478494 -0.02220835
v 0.42684148 0.19083853 -0.00942422
v 0.34728387 0.20988438 -0.01990578
v 0.44260926 0.16562704 -0.01737601
v 0.32570987 0.21476359 -0.02109160
v 0.31462925 0.23659601 -0.01803313
v 0.41196102 0.13485776 -0.02220835
v 0.31891612 0.12304216 -0.00895954
v 0.34709915 0.11308308 -0.01044067
v 0.31690459 0.15474807 -0.02087327
v 0.36367942 0.16674458 -0.02220835
v 0.36957217 0.21223909 -0.01570274
v 0.44986564 0.17990719 -0.00728963
v 0.38551183 0.10686379 -0.01582083
v 0.38909238 0.11661866 -0.01932265
v 0.39204532 0.18811130 -0.01909888
v 0.32425644 0.19704610 -0.02220835
v 0.37951660 0.18741136 -0.02060602
v 0.31870967 0.16470084 -0.02198118
v 0.40506102 0.18682237 -0.01746292
v 0.35618975 0.10723971 -0.00865019
v 0.30700007 0.21840430 -0.02180463
v 0.41101588 0.11837894 -0.02124656
v 0.35662681 0.13033440 -0.01937697
v 0.36763105 0.10328603 -0.00939036
v 0.33969855 0.11709017 -0.01113389
v 0.41711921 0.18328290 -0.01635610
v -0.10713103 0.29832661 0.01312166
v -0.09373473 0.29010198 0.01935178
v -0.07979955 0.28080974 0.02194367
v -0.06727810 0.27159738 0.02220835
v -0.05612416 0.26246220 0.02220835
v -0.04544076 0.25279890 0.02220835
v -0.03527219 0.24258644 0.02220835
v -0.02568985 0.23183450 0.02220835
v -0.01674114 0.22053511 0.02220835
v -0.00850005 0.20872572 0.02220835
v -0.01624799 0.19764891 0.03025687
v -0.02399438 0.18657431 0.03338812
v -0.03019662 0.20007968 0.03252144
v -0.03837772 0.21251658 0.03234909
v -0.04767192 0.22414204 0.03225910
v -0.05767880 0.23516649 0.03216717
v -0.06817639 0.24572327 0.03202918
v -0.07903604 0.25590871 0.03181999
v -0.09062466 0.26646131 0.03138106
v -0.10296369 0.27825817 0.02883397
v -0.11366511 0.28943026 0.02382076
v -0.12475933 0.29852286 0.01944239
v -0.13657190 0.30310611 0.00000000
v -0.12601603 0.30310611 0.00000000
v -0.11546226 0.30310611 0.00000000
v -0.05675583 0.24887357 0.02933013
v -0.02710284 0.21584425 0.02950383
v -0.04647704 0.23856464 0.02942065
v -0.07543326 0.26940082 0.02789696
v -0.12928841 0.30250402 0.01455437
v -0.06739239 0.25856782 0.02921402
v -0.03646830 0.22755055 0.02945927
v -0.08239159 0.26635701 0.03017639
v -0.09173602 0.27878434 0.02763625
v -0.02154366 0.20520350 0.03002160
v 0.00850005 0.20872572 0.02220835
v 0.01674114 0.22053511 0.02220835
v 0.02568985 0.23183450 0.02220835
v 0.03527219 0.24258644 0.02220835
v 0.04544076 0.25279890 0.02220835
v 0.05612416 0.26246220 0.02220835
v 0.06727810 0.27159738 0.02220835
v 0.07979955 0.28080974 0.02194367
v 0.09373473 0.29010198 0.01935178
v 0.10713103 0.29832661 0.01312166
v 0.11546226 0.30310611 0.00000000
v 0.12601814 0.30310611 0.00000000
v 0.13657190 0.30310611 0.00000000
v 0.12475933 0.29852286 0.01944239
v 0.11366511 0.28943026 0.02382076
v 0.10296369 0.27825817 0.02883397
v 0.09062466 0.26646131 0.03138106
v 0.07903604 0.25590871 0.03181999
v 0.06817639 0.24572327 0.03202918
v 0.05767880 0.23516649 0.03216717
v 0.04767192 0.22414204 0.03225910
v 0.03837772 0.21251658 0.03234909
v 0.03019662 0.20007968 0.03252144
v 0.02399438 0.18657431 0.03338812
v 0.01624644 0.19765112 0.03025610
v 0.10480608 0.28919925 0.02324365
v 0.11250779 0.29853323 0.01601271
v 0.06623312 0.25759277 0.02922067
v 0.11617175 0.29641177 0.01928245
v 0.09306492 0.28277405 0.02597355
v 0.09054248 0.27466986 0.02904064
v 0.05077309 0.24298876 0.02939546
v 0.11938646 0.30162025 0.01427226
v 0.02499633 0.21273089 0.02956799
v 0.07814268 0.26768623 0.02903508
v -0.11546226 0.30310611 0.00000000
v -0.12601603 0.30310611 0.00000000
v -0.13657190 0.30310611 0.00000000
v -0.12295038 0.30300639 -0.00383944
v -0.11301787 0.30225072 -0.01128589
v -0.10015401 0.30088447 -0.02218002
v -0.08475228 0.30000588 -0.02786105
v -0.06876056 0.29946244 -0.03037085
v -0.05466976 0.29932462 -0.03106489
v -0.04099452 0.29940534 -0.03154486
v -0.02732882 0.29966153 -0.03187526
v -0.01365549 0.30008490 -0.03207515
v 0.00000000 0.30066660 -0.03215565
v 0.01365549 0.30008490 -0.03207515
v 0.02732882 0.29966153 -0.03187526
v 0.04099452 0.29940534 -0.03154486
v 0.05466976 0.29932462 -0.03106489
v 0.06876056 0.29946244 -0.03037085
v 0.08475228 0.30000588 -0.02786105
v 0.10015401 0.30088447 -0.02218002
v 0.11301787 0.30225072 -0.01128589
v 0.12295038 0.30300639 -0.00383944
v 0.13657190 0.30310611 0.00000000
v 0.12601814 0.30310611 0.00000000
v 0.11546226 0.30310611 0.00000000
v 0.10592930 0.30554892 -0.01326451
v 0.09032929 0.30921149 -0.01948616
v 0.07364442 0.31270424 -0.02199924
v 0.05822190 0.31547328 -0.02220835
v 0.04372993 0.31763382 -0.02220835
v 0.02919178 0.31940721 -0.02220835
v 0.01461898 0.32078875 -0.02220835
v 0.00000000 0.32177624 -0.02220835
v -0.01461898 0.32078875 -0.02220835
v -0.02919178 0.31940721 -0.02220835
v -0.04372993 0.31763382 -0.02220835
v -0.05822190 0.31547328 -0.02220835
v -0.07364442 0.31270424 -0.02199924
v -0.09032929 0.30921149 -0.01948616
v -0.10592930 0.30554892 -0.01326451
v 0.04909049 0.30820998 -0.02864338
v -0.00748742 0.30585001 -0.03077403
v 0.03807211 0.31123178 -0.02806546
v -0.04893234 0.30374701 -0.03009715
v -0.09438860 0.30424801 -0.02293950
v 0.01816279 0.30728461 -0.03013862
v 0.07801415 0.30574322 -0.02704141
v 0.03046135 0.30742488 -0.02972649
v -0.05197373 0.31107090 -0.02729007
v -0.04232928 0.30890747 -0.02875353
v -0.02403911 0.31112173 -0.02871832
v 0.10816999 0.30301935 -0.01550593
v -0.01615288 0.30954237 -0.02950905
v -0.00768240 0.31581420 -0.02736323
v 0.06224639 0.30715477 -0.02824808
v -0.06286251 0.30720732 -0.02818505
v 0.00007572 0.31083722 -0.02946320
v -0.03379737 0.30929738 -0.02898306
v 0.00850168 0.31166452 -0.02899629
v 0.02224614 0.31443994 -0.02744211
vn -0.38847022 0.76317720 0.51638305
vn -0.31393566 0.88825583 0.33532965
vn -0.21293343 0.83756581 0.50313305
vn -0.27778599 0.80036661 0.53127039
vn -0.23878767 0.84389580 0.48043764
vn -0.22037883 0.85120126 0.47632929
vn -0.18383055 0.86575250 0.46548784
vn -0.16647723 0.85361283 0.49358937
vn -0.13122635 0.88923711 0.43822027
vn -0.10293272 0.88823094 0.44771715
vn -0.05980358 0.88694417 0.45798862
vn -0.04682160 0.89735768 0.43881310
vn 0.01776584 0.88088305 0.47300045
vn 0.00327023 0.86683651 0.49858175
vn -0.32434667 0.49028669 0.80896119
vn -0.18917582 0.16432884 0.96809532
vn -0.05514145 0.05507642 0.99695838
vn -0.00290247 0.00608886 0.99997725
vn 0.00000000 0.00000000 1.00000000
vn 0.00000000 0.00000000 1.00000000
vn 0.00000000 0.00000000 1.00000000
vn 0.00000000 0.00000000 1.00000000
vn 0.00000000 0.00000000 1.00000000
vn 0.00000000 0.00000000 1.00000000
vn 0.00000000 0.00000000 1.00000000
vn 0.00000000 0.00000000 1.00000000
vn 0.00000000 0.00000000 1.00000000
vn 0.00000000 0.00000000 1.00000000
vn 0.00000000 0.00000000 1.00000000
vn 0.00000000 0.00000000 1.00000000
vn 0.00000000 0.00000000 1.00000000
vn 0.00000000 0.00000000 1.00000000
vn 0.00000000 0.00000000 1.00000000
vn 0.00000000 0.00000000 1.00000000
vn 0.00000000 0.00000000 1.00000000
vn 0.00000000 0.00000000 1.00000000
vn 0.00000000 0.00000000 1.00000000
vn 0.00000000 0.00000000 1.00000000
vn 0.00000000 0.00000000 1.00000000
vn 0.00000000 0.00000000 1.00000000
vn 0.00000000 0.00000000 1.00000000
vn 0.00000000 0.00000000 1.00000000
vn 0.00000000 0.00000000 1.00000000
vn 0.00000000 0.00000000 1.00000000
vn 0.00000000 0.00000000 1.00000000
vn 0.00000000 0.00000000 1.00000000
vn 0.00000000 0.00000000 1.00000000
vn 0.00000000 0.00000000 1.00000000
vn 0.00000000 0.00000000 1.00000000
vn 0.00000000 0.00000000 1.00000000
vn 0.00000000 0.00000000 1.00000000
vn 0.00000000 0.00000000 1.00000000
vn 0.00000000 0.00000000 1.00000000
vn 0.00000000 0.00000000 1.00000000
vn 0.00000000 0.00000000 1.00000000
vn 0.00000000 0.00000000 1.00000000
vn 0.00000000 0.00000000 1.00000000
vn 0.00000000 0.00000000 1.00000000
vn 0.00000000 0.00000000 1.00000000
vn 0.00000000 0.00000000 1.00000000
vn 0.00000000 0.00000000 1.00000000
vn 0.00000000 0.00000000 1.00000000
vn 0.00000000 0.00000000 1.00000000
vn 0.00000000 0.00000000 1.00000000
vn 0.00000000 0.00000000 1.00000000
vn 0.00000000 0.00000000 1.00000000
vn 0.00000000 0.00000000 1.00000000
vn 0.00000000 0.00000000 1.00000000
vn -0.00211584 -0.00306975 0.99999305
vn -0.06874932 0.00023523 0.99763394
vn -0.24810483 -0.01211773 0.96865740
vn -0.58463343 -0.02139201 0.81101550
vn -0.81984083 -0.02018627 0.57223556
vn -0.85547954 -0.02531983 0.51721723
vn -0.85372971 0.05543608 0.51775710
vn -0.84946047 -0.02275130 0.52716154
vn -0.88285400 -0.00671763 0.46959950
vn -0.89153140 0.03384368 0.45169277
vn -0.90124789 -0.03529763 0.43186378
vn -0.89081880 0.05405615 0.45113169
vn -0.83739771 0.02257182 0.54612782
vn -0.84003924 0.01222018 0.54238799
vn -0.84369052 -0.00336727 0.53681931
vn -0.88416027 -0.02376227 0.46657900
vn -0.88257076 0.03754501 0.46867818
vn -0.81562643 0.02370917 0.57809290
vn -0.84695551 -0.01941361 0.53130920
vn -0.88474232 0.00236074 0.46607452
vn -0.89401127 0.00791563 0.44797455
vn -0.90890370 -0.00462773 0.41698039
vn -0.89339053 0.01353478 0.44907702
vn -0.88653816 0.03509216 0.46132270
vn -0.88263024 -0.01361663 0.46987066
vn -0.87041431 0.04009352 0.49068466
vn -0.85513270 0.00541104 0.51838092
vn -0.78166578 -0.16820500 0.60058778
vn -0.20224376 -0.58266357 0.78714714
vn -0.05619094 -0.24880314 0.96692273
vn -0.01415358 -0.07999874 0.99669448
vn -0.00459335 -0.00523339 0.99997576
vn -0.00000658 0.00000854 1.00000000
vn -0.01195773 0.01742588 0.99977665
vn -0.07057810 0.10860897 0.99157593
vn -0.16187828 0.25915431 0.95217355
vn -0.27307997 0.55073064 0.78874780
vn -0.04671249 0.00155920 0.99890716
vn 0.00000000 0.00000000 1.00000000
vn -0.22998928 -0.00151646 0.97319198
vn 0.00000000 0.00000000 1.00000000
vn -0.05900999 0.26287525 0.96302358
vn 0.00000000 0.00000000 1.00000000
vn 0.00000000 0.00000000 1.00000000
vn -0.00313645 0.00031443 0.99999503
vn 0.00000000 0.00000000 1.00000000
vn 0.00000000 0.00000000 1.00000000
vn 0.00000000 0.00000000 1.00000000
vn 0.00000000 0.00000000 1.00000000
vn -0.00146472 0.02404468 0.99970981
vn 0.00000000 0.00000000 1.00000000
vn 0.00000000 0.00000000 1.00000000
vn 0.00000000 0.00000000 1.00000000
vn 0.00000000 0.00000000 1.00000000
vn 0.00000000 0.00000000 1.00000000
vn -0.22401970 0.68231871 0.69588530
vn -0.41465152 0.01084079 0.90991571
vn 0.00000000 0.00000000 1.00000000
vn 0.00000000 0.00000000 1.00000000
vn 0.00000000 0.00000000 1.00000000
vn 0.00000000 0.00000000 1.00000000
vn 0.00000000 0.00000000 1.00000000
vn -0.07590842 0.74662140 0.66090423
vn 0.00000000 0.00000000 1.00000000
vn -0.12719589 0.74776116 0.65167051
vn 0.00000000 0.00000000 1.00000000
vn 0.00000000 0.00000000 1.00000000
vn 0.00000000 0.00000000 1.00000000
vn 0.00000000 0.00000000 1.00000000
vn 0.00000000 0.00000000 1.00000000
vn 0.00000000 0.00000000 1.00000000
vn 0.00000000 0.00000000 1.00000000
vn -0.05831927 0.09062644 0.99417589
vn 0.00000000 0.00000000 1.00000000
vn -0.68203542 -0.01285811 0.73120610
vn 0.00000000 0.00000000 1.00000000
vn 0.00000000 0.00000000 1.00000000
vn 0.00000000 0.00000000 1.00000000
vn 0.00000000 0.00000000 1.00000000
vn -0.01960002 0.29278493 0.95597742
vn -0.00471569 0.02282754 0.99972830
vn -0.03632174 -0.00015703 0.99934014
vn 0.00000000 0.00000000 1.00000000
vn 0.00000000 0.00000000 1.00000000
vn 0.00000000 0.00000000 1.00000000
vn 0.00000000 0.00000000 1.00000000
vn 0.00000000 0.00000000 1.00000000
vn 0.00000000 0.00000000 1.00000000
vn 0.00000000 0.00000000 1.00000000
vn 0.00000000 0.00000000 1.00000000
vn -0.01801628 0.04714479 0.99872558
vn 0.00000000 0.00000000 1.00000000
vn 0.00000000 0.00000000 1.00000000
vn 0.00000000 0.00000000 1.00000000
vn 0.00000000 0.00000000 1.00000000
vn -0.09205656 -0.00976310 0.99570592
vn 0.00000000 0.00000000 1.00000000
vn -0.00430093 -0.00121504 0.99999001
vn -0.01104834 0.02176629 0.99970204
vn 0.00000000 0.00000000 1.00000000
vn -0.11307856 0.13037842 0.98499478
vn 0.00000000 0.00000000 1.00000000
vn -0.71107004 -0.00584495 0.70309689
vn 0.00000000 0.00000000 1.00000000
vn 0.00000000 0.00000000 1.00000000
vn 0.00000000 0.00000000 1.00000000
vn -0.11807974 -0.00320806 0.99299893
vn 0.00000000 0.00000000 1.00000000
vn 0.00000000 0.00000000 1.00000000
vn 0.00000000 0.00000000 1.00000000
vn 0.00000000 0.00000000 1.00000000
vn 0.00000000 0.00000000 1.00000000
vn 0.00000000 0.00000000 1.00000000
vn 0.00000000 0.00000000 1.00000000
vn -0.45472638 0.00366181 0.89062366
vn -0.05682022 0.40767827 0.91135607
vn 0.00000000 0.00000000 1.00000000
vn 0.00000000 0.00000000 1.00000000
vn -0.03062863 0.21899155 0.97524591
vn 0.00000000 0.00000000 1.00000000
vn 0.00000000 0.00000000 1.00000000
vn 0.00000000 0.00000000 1.00000000
vn 0.00000000 0.00000000 1.00000000
vn 0.00000000 0.00000000 1.00000000
vn 0.00000000 0.00000000 1.00000000
vn 0.00000000 0.00000000 1.00000000
vn 0.00000000 0.00000000 1.00000000
vn 0.00000000 0.00000000 1.00000000
vn 0.00000000 0.00000000 1.00000000
vn 0.00000000 0.00000000 1.00000000
vn 0.00000000 0.00000000 1.00000000
vn 0.00000000 0.00000000 1.00000000
vn 0.00000000 0.00000000 1.00000000
vn 0.00000000 0.00000000 1.00000000
vn -0.04659716 0.00070722 0.99891351
vn 0.00000000 0.00000000 1.00000000
vn 0.00000000 0.00000000 1.00000000
vn 0.00000000 0.00000000 1.00000000
vn 0.00000000 0.00000000 1.00000000
vn 0.00000000 0.00000000 1.00000000
vn 0.00000000 0.00000000 1.00000000
vn 0.00000000 0.00000000 1.00000000
vn 0.00000000 0.00000000 1.00000000
vn 0.00000000 0.00000000 1.00000000
vn 0.00000000 0.00000000 1.00000000
vn 0.00000000 0.00000000 1.00000000
vn 0.00000000 0.00000000 1.00000000
vn 0.00000000 0.00000000 1.00000000
vn 0.00000000 0.00000000 1.00000000
vn -0.43716946 0.00990415 0.89932462
vn -0.09386478 0.37895643 0.92064186
vn 0.00000000 0.00000000 1.00000000
vn 0.00000000 0.00000000 1.00000000
vn 0.00000000 0.00000000 1.00000000
vn 0.00000000 0.00000000 1.00000000
vn 0.00000000 0.00000000 1.00000000
vn 0.00000000 0.00000000 1.00000000
vn 0.00000000 0.00000000 1.00000000
vn 0.04824588 0.79010663 0.61106780
vn 0.00000000 0.00000000 1.00000000
vn 0.00000000 0.00000000 1.00000000
vn -0.00176721 0.00496515 0.99998611
vn -0.07123257 0.00694521 0.99743555
vn 0.00000000 0.00000000 1.00000000
vn 0.00000000 0.00000000 1.00000000
vn 0.00000000 0.00000000 1.00000000
vn 0.00000000 0.00000000 1.00000000
vn 0.00000000 0.00000000 1.00000000
vn 0.00000000 0.00000000 1.00000000
vn 0.00000000 0.00000000 1.00000000
vn 0.00000000 0.00000000 1.00000000
vn 0.00000000 0.00000000 1.00000000
vn -0.00352907 0.03679494 0.99931661
vn -0.03570315 0.00173184 0.99936094
vn 0.00000000 0.00000000 1.00000000
vn 0.00000000 0.00000000 1.00000000
vn 0.00000000 0.00000000 1.00000000
vn -0.00794969 -0.03278945 0.99943067
vn 0.00000000 0.00000000 1.00000000
vn -0.03296905 0.11762544 0.99251060
vn 0.00000000 0.00000000 1.00000000
vn -0.09539557 -0.00128039 0.99543862
vn -0.17989657 0.00618039 0.98366612
vn 0.00000000 0.00000000 1.00000000
vn 0.00000000 0.00000000 1.00000000
vn 0.00000000 0.00000000 1.00000000
vn -0.09356963 0.01198961 0.99554054
vn -0.00946991 -0.00044271 0.99995506
vn -0.16951393 0.00175489 0.98552623
vn -0.34891711 -0.00712573 0.93712650
vn 0.00000000 0.00000000 1.00000000
vn -0.04767794 0.00349711 0.99885664
vn 0.00000000 0.00000000 1.00000000
vn 0.00000000 0.00000000 1.00000000
vn 0.00000000 0.00000000 1.00000000
vn -0.10562811 0.00042983 0.99440561
vn 0.00000000 0.00000000 1.00000000
vn 0.00000000 0.00000000 1.00000000
vn 0.00000000 0.00000000 1.00000000
vn -0.23297323 0.00244685 0.97248007
vn 0.00000000 0.00000000 1.00000000
vn 0.00000000 0.00000000 1.00000000
vn 0.00000000 0.00000000 1.00000000
vn 0.00000000 0.00000000 1.00000000
vn -0.00003193 -0.00000288 1.00000000
vn 0.00000000 0.00000000 1.00000000
vn -0.01632985 0.14210656 0.98971666
vn -0.02494035 0.13463549 0.99058128
vn 0.00000000 0.00000000 1.00000000
vn 0.00000000 0.00000000 1.00000000
vn 0.00000000 0.00000000 1.00000000
vn -0.31231649 0.00314871 0.94997289
vn -0.26292657 0.00047423 0.96481573
vn 0.00000000 0.00000000 1.00000000
vn -0.18204650 0.00597532 0.98327177
vn 0.00000000 0.00000000 1.00000000
vn 0.00000000 0.00000000 1.00000000
vn 0.00000000 0.00000000 1.00000000
vn -0.26016467 0.00653783 0.96554213
vn 0.00000000 0.00000000 1.00000000
vn 0.00000000 0.00000000 1.00000000
vn 0.00000000 0.00000000 1.00000000
vn -0.68952266 0.02176610 0.72393697
vn 0.00000000 0.00000000 1.00000000
vn 0.00000000 0.00000000 1.00000000
vn 0.00000000 0.00000000 1.00000000
vn -0.36943591 0.00171439 0.92925463
vn 0.00000000 0.00000000 1.00000000
vn 0.00000000 0.00000000 1.00000000
vn -0.19315339 0.59703578 0.77861418
vn 0.00000000 0.00000000 1.00000000
vn -0.18948774 0.30300523 0.93396051
vn 0.00000000 0.00000000 1.00000000
vn 0.00000000 0.00000000 1.00000000
vn 0.00000000 0.00000000 1.00000000
vn -0.53048300 0.01473861 0.84756744
vn 0.00000000 0.00000000 1.00000000
vn -0.19170796 0.00471193 0.98144070
vn 0.00000000 0.00000000 1.00000000
vn 0.00000000 0.00000000 1.00000000
vn 0.00000000 0.00000000 1.00000000
vn 0.00000000 0.00000000 1.00000000
vn 0.00000000 0.00000000 1.00000000
vn -0.04208235 0.25930419 0.96487844
vn 0.00000000 0.00000000 1.00000000
vn 0.00000000 0.00000000 1.00000000
vn -0.15437947 0.00497010 0.98799913
vn -0.00003296 0.00000390 1.00000000
vn -0.02973488 0.20871232 0.97752494
vn 0.00000000 0.00000000 1.00000000
vn 0.00000000 0.00000000 1.00000000
vn 0.00000000 0.00000000 1.00000000
vn 0.00000000 0.00000000 1.00000000
vn 0.00000000 0.00000000 1.00000000
vn -0.00001027 0.00013291 0.99999999
vn -0.11779936 -0.00448412 0.99302729
vn 0.00000000 0.00000000 1.00000000
vn -0.12220707 0.32233860 0.93870297
vn 0.00000000 0.00000000 1.00000000
vn 0.00000000 0.00000000 1.00000000
vn 0.00000000 0.00000000 1.00000000
vn 0.00000000 0.00000000 1.00000000
vn 0.00000000 0.00000000 1.00000000
vn 0.00000000 0.00000000 1.00000000
vn 0.00000000 0.00000000 1.00000000
vn 0.00000000 0.00000000 1.00000000
vn 0.00000000 0.00000000 1.00000000
vn -0.64093251 -0.03437798 0.76682701
vn 0.00000000 0.00000000 1.00000000
vn -0.16495278 0.32730931 0.93040808
vn 0.00000000 0.00000000 1.00000000
vn 0.00000000 0.00000000 1.00000000
vn 0.00000000 0.00000000 1.00000000
vn 0.00000000 0.00000000 1.00000000
vn 0.00000000 0.00000000 1.00000000
vn -0.02721939 -0.04888815 0.99843330
vn 0.00000000 0.00000000 1.00000000
vn 0.00000000 0.00000000 1.00000000
vn 0.00000000 0.00000000 1.00000000
vn 0.00000000 0.00000000 1.00000000
vn 0.00000000 0.00000000 1.00000000
vn 0.00000000 0.00000000 1.00000000
vn 0.00000000 0.00000000 1.00000000
vn 0.00000000 0.00000000 1.00000000
vn 0.00000000 0.00000000 1.00000000
vn 0.00000000 0.00000000 1.00000000
vn -0.00212030 0.00274367 0.99999399
vn 0.00000000 0.00000000 1.00000000
vn 0.00000000 0.00000000 1.00000000
vn 0.00000000 0.00000000 1.00000000
vn 0.00000000 0.00000000 1.00000000
vn 0.00000000 0.00000000 1.00000000
vn 0.00000000 0.00000000 1.00000000
vn 0.00000000 0.00000000 1.00000000
vn -0.12719915 0.00627706 0.99185734
vn 0.00000000 0.00000000 1.00000000
vn -0.02080444 -0.00119358 0.99978285
vn 0.00000000 0.00000000 1.00000000
vn 0.00000000 0.00000000 1.00000000
vn 0.00000000 0.00000000 1.00000000
vn 0.00000000 0.00000000 1.00000000
vn 0.00000000 0.00000000 1.00000000
vn -0.35557485 -0.39346699 0.84779140
vn 0.00000000 0.00000000 1.00000000
vn 0.00000000 0.00000000 1.00000000
vn 0.00000000 0.00000000 1.00000000
vn 0.00000000 0.00000000 1.00000000
vn -0.74555148 0.00454769 0.66643253
vn -0.07881308 0.19259475 0.97810826
vn 0.00000000 0.00000000 1.00000000
vn 0.00000000 0.00000000 1.00000000
vn 0.00000000 0.00000000 1.00000000
vn -0.01285848 0.04263895 0.99900780
vn 0.00000000 0.00000000 1.00000000
vn 0.00000000 0.00000000 1.00000000
vn 0.00000000 0.00000000 1.00000000
vn -0.24968925 -0.00148676 0.96832488
vn 0.00000000 0.00000000 1.00000000
vn 0.00000000 0.00000000 1.00000000
vn -0.01300124 0.00997714 0.99986570
vn 0.00000000 0.00000000 1.00000000
vn 0.00000000 0.00000000 1.00000000
vn 0.00000000 0.00000000 1.00000000
vn 0.00000000 0.00000000 1.00000000
vn 0.00000000 0.00000000 1.00000000
vn -0.00143221 -0.00021691 0.99999895
vn 0.00000000 0.00000000 1.00000000
vn -0.02044230 0.07800506 0.99674336
vn 0.00000000 0.00000000 1.00000000
vn 0.00000000 0.00000000 1.00000000
vn 0.00000000 0.00000000 1.00000000
vn 0.00000000 0.00000000 1.00000000
vn 0.00000000 0.00000000 1.00000000
vn 0.00000000 0.00000000 1.00000000
vn 0.00000000 0.00000000 1.00000000
vn -0.12197429 -0.31528765 0.94112484
vn 0.00000000 0.00000000 1.00000000
vn -0.19613942 0.00610402 0.98055702
vn 0.00000000 0.00000000 1.00000000
vn 0.00000000 0.00000000 1.00000000
vn -0.00198348 0.48434232 0.87487632
vn 0.00000000 0.00000000 1.00000000
vn -0.03273808 -0.00058349 0.99946380
vn 0.00000000 0.00000000 1.00000000
vn -0.32245448 0.01383630 0.94648384
vn -0.36223273 0.00693678 0.93206187
vn 0.00000000 0.00000000 1.00000000
vn 0.00000000 0.00000000 1.00000000
vn 0.00000000 0.00000000 1.00000000
vn -0.42833515 0.01019033 0.90356248
vn -0.00204043 0.00025135 0.99999789
vn 0.00000000 0.00000000 1.00000000
vn 0.00009554 0.00973830 0.99995258
vn -0.09113856 0.20278425 0.97497298
vn 0.00000000 0.00000000 1.00000000
vn 0.00000000 0.00000000 1.00000000
vn -0.76443745 0.01413088 0.64454301
vn 0.00000000 0.00000000 1.00000000
vn 0.00000000 0.00000000 1.00000000
vn 0.00000000 0.00000000 1.00000000
vn 0.00000000 0.00000000 1.00000000
vn 0.00000000 0.00000000 1.00000000
vn 0.00000000 0.00000000 1.00000000
vn -0.02473737 0.08042215 0.99645388
vn 0.00000000 0.00000000 1.00000000
vn 0.00000000 0.00000000 1.00000000
vn 0.00000000 0.00000000 1.00000000
vn -0.00328053 0.00109554 0.99999402
vn 0.00000000 0.00000000 1.00000000
vn 0.00000000 0.00000000 1.00000000
vn 0.00000000 0.00000000 1.00000000
vn 0.00000000 0.00000000 1.00000000
vn 0.00000000 0.00000000 1.00000000
vn -0.00674603 -0.00071163 0.99997699
vn 0.00000000 0.00000000 1.00000000
vn 0.00000000 0.00000000 1.00000000
vn 0.00000000 0.00000000 1.00000000
vn 0.00000000 0.00000000 1.00000000
vn -0.28116396 -0.00002988 0.95965975
vn 0.00000000 0.00000000 1.00000000
vn 0.00000000 0.00000000 1.00000000
vn -0.41519000 0.00942378 0.90968591
vn -0.22235455 -0.04277057 0.97402727
vn 0.00000000 0.00000000 1.00000000
vn 0.00000000 0.00000000 1.00000000
vn 0.00000000 0.00000000 1.00000000
vn 0.00000000 0.00000000 1.00000000
vn 0.00000000 0.00000000 1.00000000
vn 0.00000000 0.00000000 1.00000000
vn -0.01202060 0.06083471 0.99807547
vn 0.00000000 0.00000000 1.00000000
vn 0.00000000 0.00000000 1.00000000
vn 0.00000000 0.00000000 1.00000000
vn -0.11700500 0.38691582 0.91466167
vn -0.00015968 0.00002933 0.99999999
vn -0.61529411 0.01331248 0.78818522
vn 0.00000000 0.00000000 1.00000000
vn 0.00000000 0.00000000 1.00000000
vn 0.00000000 0.00000000 1.00000000
vn 0.00000000 0.00000000 1.00000000
vn 0.00000000 0.00000000 1.00000000
vn 0.00000000 0.00000000 1.00000000
vn 0.00000000 0.00000000 1.00000000
vn 0.00000000 0.00000000 1.00000000
vn 0.00000000 0.00000000 1.00000000
vn 0.00000000 0.00000000 1.00000000
vn 0.00000000 0.00000000 1.00000000
vn -0.01386567 0.37640646 0.92635086
vn 0.00000000 0.00000000 1.00000000
vn 0.00000000 0.00000000 1.00000000
vn 0.00000000 0.00000000 1.00000000
vn 0.00000000 0.00000000 1.00000000
vn 0.00000000 0.00000000 1.00000000
vn 0.00000000 0.00000000 1.00000000
vn 0.00000000 0.00000000 1.00000000
vn 0.00000000 0.00000000 1.00000000
vn -0.06705061 0.00445548 0.99773963
vn 0.00000000 0.00000000 1.00000000
vn 0.00000000 0.00000000 1.00000000
vn 0.00000000 0.00000000 1.00000000
vn 0.00000000 0.00000000 1.00000000
vn -0.00536840 -0.00201733 0.99998356
vn -0.00353844 0.00940104 0.99994955
vn 0.00000000 0.00000000 1.00000000
vn 0.00000000 0.00000000 1.00000000
vn 0.00000000 0.00000000 1.00000000
vn 0.00000000 0.00000000 1.00000000
vn 0.00000000 0.00000000 1.00000000
vn 0.00000000 0.00000000 1.00000000
vn 0.00000000 0.00000000 1.00000000
vn 0.00000000 0.00000000 1.00000000
vn -0.03179764 0.00323782 0.99948908
vn 0.00000000 0.00000000 1.00000000
vn 0.00000000 0.00000000 1.00000000
vn -0.34608194 0.74983674 0.56389020
vn 0.00000000 0.00000000 1.00000000
vn 0.00000000 0.00000000 1.00000000
vn 0.00000000 0.00000000 1.00000000
vn 0.00000000 0.00000000 1.00000000
vn 0.00000000 0.00000000 1.00000000
vn 0.00000000 0.00000000 1.00000000
vn 0.00000000 0.00000000 1.00000000
vn 0.00000000 0.00000000 1.00000000
vn 0.00000000 0.00000000 1.00000000
vn -0.61785331 0.01302903 0.78618543
vn -0.41121928 -0.00553187 0.91151966
vn -0.01941976 -0.01576967 0.99968705
vn 0.00000000 0.00000000 1.00000000
vn 0.00000000 0.00000000 1.00000000
vn 0.00000000 0.00000000 1.00000000
vn 0.00000000 0.00000000 1.00000000
vn 0.00000000 0.00000000 1.00000000
vn 0.00000000 0.00000000 1.00000000
vn -0.00003924 0.01256360 0.99992107
vn 0.00000000 0.00000000 1.00000000
vn 0.00000000 0.00000000 1.00000000
vn 0.00000000 0.00000000 1.00000000
vn -0.43858900 -0.00202942 0.89868547
vn 0.00000000 0.00000000 1.00000000
vn 0.00000000 0.00000000 1.00000000
vn 0.00000000 0.00000000 1.00000000
vn 0.00000000 0.00000000 1.00000000
vn -0.00001152 0.00001380 1.00000000
vn 0.00000000 0.00000000 1.00000000
vn 0.00000000 0.00000000 1.00000000
vn 0.00000000 0.00000000 1.00000000
vn 0.00000000 0.00000000 1.00000000
vn -0.02548293 0.72709148 0.68606749
vn 0.00000000 0.00000000 1.00000000
vn -0.09684232 0.73322737 0.67305214
vn 0.00000000 0.00000000 1.00000000
vn 0.00000000 0.00000000 1.00000000
vn 0.00000000 0.00000000 1.00000000
vn 0.00000000 0.00000000 1.00000000
vn -0.68919810 0.00865498 0.72452127
vn 0.00000000 0.00000000 1.00000000
vn 0.00000000 0.00000000 1.00000000
vn 0.00000000 0.00000000 1.00000000
vn -0.00749738 0.00018596 0.99997188
vn 0.00000000 0.00000000 1.00000000
vn 0.00000000 0.00000000 1.00000000
vn 0.00000000 0.00000000 1.00000000
vn -0.36643001 0.00331268 0.93043972
vn 0.00000000 0.00000000 1.00000000
vn -0.16154930 0.56274918 0.81068809
vn 0.00000000 0.00000000 1.00000000
vn 0.00000000 0.00000000 1.00000000
vn -0.05014080 0.16472719 0.98506388
vn 0.00000000 0.00000000 1.00000000
vn 0.00000000 0.00000000 1.00000000
vn 0.00000000 0.00000000 1.00000000
vn 0.00000000 0.00000000 1.00000000
vn 0.00000000 0.00000000 1.00000000
vn 0.00000000 0.00000000 1.00000000
vn 0.00000000 0.00000000 1.00000000
vn -0.69963801 0.03692310 0.71354281
vn 0.00000000 0.00000000 1.00000000
vn 0.00000000 0.00000000 1.00000000
vn -0.07702965 0.00336601 0.99702312
vn 0.00000000 0.00000000 1.00000000
vn 0.00000000 0.00000000 1.00000000
vn -0.00035657 0.00013251 0.99999993
vn 0.00000000 0.00000000 1.00000000
vn -0.00035707 -0.00041101 0.99999985
vn 0.00000000 0.00000000 1.00000000
vn 0.00798698 0.26820931 0.96332755
vn 0.00000000 0.00000000 1.00000000
vn -0.18785123 0.69391981 0.69511669
vn 0.00000000 0.00000000 1.00000000
vn 0.00000000 0.00000000 1.00000000
vn 0.00000000 0.00000000 1.00000000
vn 0.00000000 0.00000000 1.00000000
vn -0.00000336 0.00001561 1.00000000
vn -0.02961173 0.10645217 0.99387679
vn 0.00000000 0.00000000 1.00000000
vn 0.00000000 0.00000000 1.00000000
vn -0.64975837 0.00339492 0.76013323
vn 0.00000000 0.00000000 1.00000000
vn 0.00000000 0.00000000 1.00000000
vn 0.00000000 0.00000000 1.00000000
vn 0.00000000 0.00000000 1.00000000
vn -0.75791015 0.02591297 0.65184410
vn 0.00000000 0.00000000 1.00000000
vn 0.00000000 0.00000000 1.00000000
vn 0.00000000 0.00000000 1.00000000
vn 0.00000000 0.00000000 1.00000000
vn 0.00000000 0.00000000 1.00000000
vn 0.00000000 0.00000000 1.00000000
vn 0.00000000 0.00000000 1.00000000
vn 0.00000000 0.00000000 1.00000000
vn 0.00000000 0.00000000 1.00000000
vn 0.00000000 0.00000000 1.00000000
vn 0.00000000 0.00000000 1.00000000
vn 0.00000000 0.00000000 1.00000000
vn 0.00000000 0.00000000 1.00000000
vn 0.00000000 0.00000000 1.00000000
vn 0.00000000 0.00000000 1.00000000
vn 0.00000000 0.00000000 1.00000000
vn 0.00000000 0.00000000 1.00000000
vn 0.00000000 0.00000000 1.00000000
vn 0.00000000 0.00000000 1.00000000
vn 0.00000000 0.00000000 1.00000000
vn -0.26494017 0.00638980 0.96424368
vn -0.00915662 -0.00122413 0.99995733
vn 0.00000000 0.00000000 1.00000000
vn 0.00000000 0.00000000 1.00000000
vn 0.00000000 0.00000000 1.00000000
vn -0.01068651 0.00240097 0.99994002
vn 0.00000000 0.00000000 1.00000000
vn 0.00000000 0.00000000 1.00000000
vn -0.17940316 0.68512427 0.70598813
vn 0.00000000 0.00000000 1.00000000
vn -0.70571433 0.01778400 0.70827326
vn 0.00000000 0.00000000 1.00000000
vn 0.00000000 0.00000000 1.00000000
vn 0.00000000 0.00000000 1.00000000
vn -0.02020784 0.02158139 0.99956285
vn -0.36513792 0.01863273 0.93076695
vn 0.00000000 0.00000000 1.00000000
vn -0.11266241 0.00198026 0.99363135
vn 0.01078873 0.40131293 0.91587747
vn 0.00000000 0.00000000 1.00000000
vn 0.00000000 0.00000000 1.00000000
vn 0.00000000 0.00000000 1.00000000
vn 0.00000000 0.00000000 1.00000000
vn 0.00000000 0.00000000 1.00000000
vn -0.03551592 0.00300377 0.99936460
vn -0.00727003 0.00066384 0.99997335
vn 0.00000000 0.00000000 1.00000000
vn -0.00155145 0.00653361 0.99997745
vn 0.00000000 0.00000000 1.00000000
vn 0.00000000 0.00000000 1.00000000
vn 0.00000000 0.00000000 1.00000000
vn 0.00000000 0.00000000 1.00000000
vn 0.00000000 0.00000000 1.00000000
vn 0.00000000 0.00000000 1.00000000
vn 0.00000000 0.00000000 1.00000000
vn 0.00000000 0.00000000 1.00000000
vn 0.00000000 0.00000000 1.00000000
vn -0.07203584 -0.00187035 0.99740029
vn 0.00000000 0.00000000 1.00000000
vn -0.30159482 0.00671958 0.95341251
vn 0.00000000 0.00000000 1.00000000
vn -0.00837856 0.02893606 0.99954615
vn 0.00000000 0.00000000 1.00000000
vn 0.00000000 0.00000000 1.00000000
vn -0.05351356 0.20649446 0.97698328
vn -0.00236495 0.10829340 0.99411616
vn 0.00000000 0.00000000 1.00000000
vn -0.05129393 0.16850497 0.98436528
vn 0.00000000 0.00000000 1.00000000
vn 0.00000000 0.00000000 1.00000000
vn 0.00000000 0.00000000 1.00000000
vn -0.21140793 0.00012271 0.97739791
vn 0.00000000 0.00000000 1.00000000
vn 0.00000000 0.00000000 1.00000000
vn 0.00000000 0.00000000 1.00000000
vn 0.00000000 0.00000000 1.00000000
vn 0.00000000 0.00000000 1.00000000
vn 0.00000000 0.00000000 1.00000000
vn 0.00000000 0.00000000 1.00000000
vn -0.01970584 -0.00029502 0.99980578
vn 0.00000000 0.00000000 1.00000000
vn -0.02566749 0.47075983 0.88188795
vn 0.00000000 0.00000000 1.00000000
vn 0.00000000 0.00000000 1.00000000
vn 0.00000000 0.00000000 1.00000000
vn 0.00000000 0.00000000 1.00000000
vn 0.00000000 0.00000000 1.00000000
vn 0.00000000 0.00000000 1.00000000
vn 0.00000000 0.00000000 1.00000000
vn 0.00000000 0.00000000 1.00000000
vn -0.00145487 -0.00273455 0.99999520
vn -0.66238808 0.00957501 0.74909970
vn 0.00000000 0.00000000 1.00000000
vn 0.00000000 0.00000000 1.00000000
vn -0.00508229 0.02829452 0.99958671
vn 0.00000000 0.00000000 1.00000000
vn 0.00000000 0.00000000 1.00000000
vn 0.00000000 0.00000000 1.00000000
vn 0.00000000 0.00000000 1.00000000
vn -0.38953202 0.00177263 0.92101122
vn 0.00000000 0.00000000 1.00000000
vn 0.00000000 0.00000000 1.00000000
vn 0.00000000 0.00000000 1.00000000
vn 0.00000000 0.00000000 1.00000000
vn 0.00000000 0.00000000 1.00000000
vn 0.00000000 0.00000000 1.00000000
vn -0.10394676 0.00084430 0.99458250
vn 0.00000000 0.00000000 1.00000000
vn 0.00000000 0.00000000 1.00000000
vn 0.00000000 0.00000000 1.00000000
vn 0.00000000 0.00000000 1.00000000
vn -0.00011626 -0.00006623 0.99999999
vn 0.00000000 0.00000000 1.00000000
vn -0.00639423 0.09807856 0.99515813
vn 0.00000000 0.00000000 1.00000000
vn -0.04018240 -0.00070937 0.99919211
vn 0.00000000 0.00000000 1.00000000
vn 0.00000000 0.00000000 1.00000000
vn 0.00000000 0.00000000 1.00000000
vn 0.00000000 0.00000000 1.00000000
vn 0.00000000 0.00000000 1.00000000
vn 0.00000000 0.00000000 1.00000000
vn 0.00000000 0.00000000 1.00000000
vn 0.00000000 0.00000000 1.00000000
vn 0.00021093 0.00047817 0.99999986
vn 0.00000000 0.00000000 1.00000000
vn 0.00000000 0.00000000 1.00000000
vn 0.00000000 0.00000000 1.00000000
vn 0.00000000 0.00000000 1.00000000
vn -0.07109805 0.24571755 0.96673055
vn 0.00000000 0.00000000 1.00000000
vn 0.00000000 0.00000000 1.00000000
vn 0.00000000 0.00000000 1.00000000
vn 0.00000000 0.00000000 1.00000000
vn -0.09383684 0.40937552 0.90752759
vn 0.00000000 0.00000000 1.00000000
vn 0.00000000 0.00000000 1.00000000
vn -0.25778544 0.55711157 0.78941330
vn -0.00370738 0.02383304 0.99970908
vn 0.00000000 0.00000000 1.00000000
vn 0.00000000 0.00000000 1.00000000
vn 0.00000000 0.00000000 1.00000000
vn 0.00000000 0.00000000 1.00000000
vn 0.00000000 0.00000000 1.00000000
vn 0.00000000 0.00000000 1.00000000
vn -0.00117969 0.00030918 0.99999926
vn 0.00000000 0.00000000 1.00000000
vn 0.00000000 0.00000000 1.00000000
vn 0.00000000 0.00000000 1.00000000
vn -0.00012553 -0.00047987 0.99999988
vn 0.00000000 0.00000000 1.00000000
vn 0.00000000 0.00000000 1.00000000
vn 0.00000000 0.00000000 1.00000000
vn 0.00000000 0.00000000 1.00000000
vn 0.00000000 0.00000000 1.00000000
vn -0.05711167 -0.14584382 0.98765775
vn 0.00000000 0.00000000 1.00000000
vn 0.00000000 0.00000000 1.00000000
vn 0.00000000 0.00000000 1.00000000
vn 0.02442447 0.64990254 0.75962499
vn 0.00000000 0.00000000 1.00000000
vn -0.00045215 0.00131971 0.99999903
vn 0.00000000 0.00000000 1.00000000
vn 0.00000000 0.00000000 1.00000000
vn 0.00000000 0.00000000 1.00000000
vn 0.00301487 0.12047973 0.99271121
vn 0.00000000 0.00000000 1.00000000
vn -0.01567235 -0.00059774 0.99987700
vn 0.00000000 0.00000000 1.00000000
vn 0.00000000 0.00000000 1.00000000
vn -0.06900759 -0.00019458 0.99761612
vn -0.15813358 -0.19203324 0.96856440
vn 0.00000000 0.00000000 1.00000000
vn 0.00000000 0.00000000 1.00000000
vn -0.17244103 0.63980273 0.74894363
vn 0.00000000 0.00000000 1.00000000
vn 0.00000000 0.00000000 1.00000000
vn -0.37584289 -0.00477788 0.92667108
vn 0.00000000 0.00000000 1.00000000
vn 0.00000000 0.00000000 1.00000000
vn 0.00000000 0.00000000 1.00000000
vn -0.15687781 0.01137618 0.98755250
vn -0.03196756 0.09072903 0.99536241
vn 0.00000000 0.00000000 1.00000000
vn -0.01996748 -0.00151569 0.99979948
vn 0.00000000 0.00000000 1.00000000
vn 0.00000000 0.00000000 1.00000000
vn 0.00000000 0.00000000 1.00000000
vn 0.00000000 0.00000000 1.00000000
vn -0.64608694 -0.01972685 0.76300886
vn 0.00000000 0.00000000 1.00000000
vn 0.00000000 0.00000000 1.00000000
vn 0.00000000 0.00000000 1.00000000
vn 0.00000000 0.00000000 1.00000000
vn 0.00000000 0.00000000 1.00000000
vn -0.00190065 -0.00008361 0.99999819
vn 0.00000000 0.00000000 1.00000000
vn 0.00000000 0.00000000 1.00000000
vn -0.49309783 0.00517405 0.86995848
vn 0.00000000 0.00000000 1.00000000
vn 0.00000000 0.00000000 1.00000000
vn 0.00000000 0.00000000 1.00000000
vn 0.00000000 0.00000000 1.00000000
vn 0.00000000 0.00000000 1.00000000
vn 0.00000000 0.00000000 1.00000000
vn 0.00000000 0.00000000 1.00000000
vn 0.00000000 0.00000000 1.00000000
vn 0.00000000 0.00000000 1.00000000
vn 0.00000000 0.00000000 1.00000000
vn 0.00000000 0.00000000 1.00000000
vn 0.00000000 0.00000000 1.00000000
vn 0.00000000 0.00000000 1.00000000
vn -0.02844989 -0.00339409 0.99958946
vn 0.00000000 0.00000000 1.00000000
vn -0.09431048 0.33815603 0.93635251
vn 0.00000000 0.00000000 1.00000000
vn 0.00000000 0.00000000 1.00000000
vn 0.00000000 0.00000000 1.00000000
vn 0.00000000 0.00000000 1.00000000
vn 0.00000000 0.00000000 1.00000000
vn 0.00000000 0.00000000 1.00000000
vn 0.00000000 0.00000000 1.00000000
vn 0.00000000 0.00000000 1.00000000
vn 0.00000000 0.00000000 1.00000000
vn 0.00000000 0.00000000 1.00000000
vn 0.00000000 0.00000000 1.00000000
vn 0.00000000 0.00000000 1.00000000
vn 0.00000000 0.00000000 1.00000000
vn 0.00000000 0.00000000 1.00000000
vn 0.00000000 0.00000000 1.00000000
vn 0.00000000 0.00000000 1.00000000
vn -0.26260418 0.00019925 0.96490362
vn 0.00000000 0.00000000 1.00000000
vn -0.01317302 0.23823987 0.97111700
vn -0.73694319 0.00101142 0.67595393
vn 0.00000000 0.00000000 1.00000000
vn 0.00000000 0.00000000 1.00000000
vn -0.07118051 -0.01742763 0.99731119
vn 0.00000000 0.00000000 1.00000000
vn 0.00000000 0.00000000 1.00000000
vn 0.00000000 0.00000000 1.00000000
vn 0.00000000 0.00000000 1.00000000
vn 0.00000000 0.00000000 1.00000000
vn 0.00000000 0.00000000 1.00000000
vn -0.11360410 0.34125652 0.93307990
vn -0.08889137 0.17822101 0.97996714
vn -0.03618371 0.05633062 0.99775628
vn -0.01102739 0.07232210 0.99732037
vn -0.78649131 0.00752028 0.61755555
vn 0.00000000 0.00000000 1.00000000
vn 0.00000000 0.00000000 1.00000000
vn 0.00000000 0.00000000 1.00000000
vn 0.00000000 0.00000000 1.00000000
vn 0.00000000 0.00000000 1.00000000
vn 0.00000000 0.00000000 1.00000000
vn 0.00000000 0.00000000 1.00000000
vn 0.00000000 0.00000000 1.00000000
vn 0.00000000 0.00000000 1.00000000
vn 0.00000000 0.00000000 1.00000000
vn 0.00000000 0.00000000 1.00000000
vn 0.00000000 0.00000000 1.00000000
vn 0.00000000 0.00000000 1.00000000
vn -0.29307071 -0.00533054 0.95607591
vn 0.00000000 0.00000000 1.00000000
vn 0.00000000 0.00000000 1.00000000
vn 0.00000000 0.00000000 1.00000000
vn 0.00000000 0.00000000 1.00000000
vn 0.00000000 0.00000000 1.00000000
vn -0.00113283 0.00152762 0.99999819
vn -0.10332604 0.15661620 0.98223984
vn -0.13855878 0.00079437 0.99035389
vn 0.00454560 0.18313110 0.98307799
vn 0.00000000 0.00000000 1.00000000
vn 0.00000000 0.00000000 1.00000000
vn 0.00000000 0.00000000 1.00000000
vn 0.00000000 0.00000000 1.00000000
vn 0.00000000 0.00000000 1.00000000
vn 0.00000000 0.00000000 1.00000000
vn 0.00000000 0.00000000 1.00000000
vn -0.01677496 0.00134816 0.99985838
vn 0.00000000 0.00000000 1.00000000
vn 0.00000000 0.00000000 1.00000000
vn -0.66603828 0.01624252 0.74574070
vn 0.00000000 0.00000000 1.00000000
vn 0.00000000 0.00000000 1.00000000
vn 0.00000000 0.00000000 1.00000000
vn 0.00000000 0.00000000 1.00000000
vn 0.00000000 0.00000000 1.00000000
vn 0.00000000 0.00000000 1.00000000
vn 0.00000000 0.00000000 1.00000000
vn 0.00000000 0.00000000 1.00000000
vn 0.00000000 0.00000000 1.00000000
vn -0.20443178 -0.00016114 0.97888080
vn 0.00000000 0.00000000 1.00000000
vn 0.00000000 0.00000000 1.00000000
vn -0.17849127 0.49397192 0.85095982
vn 0.00000000 0.00000000 1.00000000
vn 0.00000000 0.00000000 1.00000000
vn 0.00000000 0.00000000 1.00000000
vn 0.00000000 0.00000000 1.00000000
vn 0.00000000 0.00000000 1.00000000
vn 0.00000000 0.00000000 1.00000000
vn 0.00000000 0.00000000 1.00000000
vn -0.00021061 0.00052899 0.99999984
vn 0.00000000 0.00000000 1.00000000
vn -0.00023155 0.04338311 0.99905848
vn 0.00000000 0.00000000 1.00000000
vn 0.00000000 0.00000000 1.00000000
vn 0.00000000 0.00000000 1.00000000
vn -0.77082109 0.01943997 0.63675501
vn 0.00000000 0.00000000 1.00000000
vn 0.00000000 0.00000000 1.00000000
vn 0.00000000 0.00000000 1.00000000
vn 0.00000000 0.00000000 1.00000000
vn -0.07246790 0.38624138 0.91954663
vn 0.00000000 0.00000000 1.00000000
vn -0.07625477 0.24186819 0.96730811
vn 0.00000000 0.00000000 1.00000000
vn 0.00000000 0.00000000 1.00000000
vn -0.12971616 0.64161137 0.75598186
vn 0.00000000 0.00000000 1.00000000
vn 0.00000000 0.00000000 1.00000000
vn -0.39055873 0.00307924 0.92057286
vn 0.00000000 0.00000000 1.00000000
vn 0.00000000 0.00000000 1.00000000
vn 0.00000000 0.00000000 1.00000000
vn 0.00000000 0.00000000 1.00000000
vn 0.00000000 0.00000000 1.00000000
vn 0.00000000 0.00000000 1.00000000
vn 0.00000000 0.00000000 1.00000000
vn 0.00000000 0.00000000 1.00000000
vn 0.00000000 0.00000000 1.00000000
vn 0.00000000 0.00000000 1.00000000
vn 0.00000000 0.00000000 1.00000000
vn -0.01292272 -0.00050729 0.99991637
vn 0.00000000 0.00000000 1.00000000
vn -0.19718128 0.00719319 0.98034065
vn -0.03678738 0.17789414 0.98336177
vn 0.00000000 0.00000000 1.00000000
vn 0.00000000 0.00000000 1.00000000
vn 0.00000000 0.00000000 1.00000000
vn 0.02575025 0.80487929 0.59287963
vn -0.03237875 -0.01253360 0.99939708
vn -0.32201702 0.01452887 0.94662239
vn 0.00183702 0.02573624 0.99966708
vn -0.27484842 -0.16277728 0.94760852
vn 0.00000000 0.00000000 1.00000000
vn 0.00000000 0.00000000 1.00000000
vn 0.00000000 0.00000000 1.00000000
vn 0.00000000 0.00000000 1.00000000
vn 0.00000000 0.00000000 1.00000000
vn 0.00000000 0.00000000 1.00000000
vn 0.00000000 0.00000000 1.00000000
vn 0.00000000 0.00000000 1.00000000
vn -0.44526684 0.01354412 0.89529548
vn 0.00000000 0.00000000 1.00000000
vn 0.00000000 0.00000000 1.00000000
vn -0.77960333 0.00206606 0.62627021
vn -0.76223817 0.01087167 0.64720536
vn -0.04027297 0.04261803 0.99827942
vn 0.00000000 0.00000000 1.00000000
vn 0.00000000 0.00000000 1.00000000
vn 0.00000000 0.00000000 1.00000000
vn 0.00000000 0.00000000 1.00000000
vn 0.00000000 0.00000000 1.00000000
vn -0.12675647 -0.00218683 0.99193146
vn 0.00000000 0.00000000 1.00000000
vn 0.00000000 0.00000000 1.00000000
vn 0.00000000 0.00000000 1.00000000
vn 0.00000000 0.00000000 1.00000000
vn 0.00000000 0.00000000 1.00000000
vn -0.11771868 -0.01360986 0.99295372
vn -0.03731924 0.08042025 0.99606218
vn -0.12983843 0.70982525 0.69230781
vn 0.00000000 0.00000000 1.00000000
vn 0.00000000 0.00000000 1.00000000
vn 0.00000000 0.00000000 1.00000000
vn -0.03438811 0.22342696 0.97411388
vn 0.00000000 0.00000000 1.00000000
vn 0.00000000 0.00000000 1.00000000
vn 0.00000000 0.00000000 1.00000000
vn 0.00000000 0.00000000 1.00000000
vn -0.02273023 -0.00088332 0.99974124
vn 0.00000000 0.00000000 1.00000000
vn 0.00000000 0.00000000 1.00000000
vn 0.00000000 0.00000000 1.00000000
vn 0.00000000 0.00000000 1.00000000
vn 0.00000000 0.00000000 1.00000000
vn 0.00000000 0.00000000 1.00000000
vn 0.00000000 0.00000000 1.00000000
vn 0.00000000 0.00000000 1.00000000
vn -0.08179865 0.00029525 0.99664883
vn 0.00000000 0.00000000 1.00000000
vn 0.00000000 0.00000000 1.00000000
vn 0.00000000 0.00000000 1.00000000
vn 0.00000000 0.00000000 1.00000000
vn 0.00000000 0.00000000 1.00000000
vn -0.00295245 0.00803486 0.99996336
vn 0.00000000 0.00000000 1.00000000
vn 0.00000000 0.00000000 1.00000000
vn 0.00000000 0.00000000 1.00000000
vn 0.00000000 0.00000000 1.00000000
vn 0.00000000 0.00000000 1.00000000
vn -0.00031943 0.00046730 0.99999984
vn 0.00000000 0.00000000 1.00000000
vn 0.00000000 0.00000000 1.00000000
vn 0.00000000 0.00000000 1.00000000
vn 0.00000000 0.00000000 1.00000000
vn 0.00000000 0.00000000 1.00000000
vn 0.00000000 0.00000000 1.00000000
vn 0.00000000 0.00000000 1.00000000
vn 0.00000000 0.00000000 1.00000000
vn 0.00000000 0.00000000 1.00000000
vn -0.71740907 -0.01851746 0.69640601
vn 0.00000000 0.00000000 1.00000000
vn 0.00000000 0.00000000 1.00000000
vn 0.00000000 0.00000000 1.00000000
vn -0.05613614 0.42418575 0.90383360
vn 0.00000000 0.00000000 1.00000000
vn -0.82544466 0.00933138 0.56440592
vn 0.00000000 0.00000000 1.00000000
vn 0.00000000 0.00000000 1.00000000
vn 0.00000000 0.00000000 1.00000000
vn 0.00000000 0.00000000 1.00000000
vn 0.00000000 0.00000000 1.00000000
vn -0.22424678 -0.00106231 0.97453181
vn -0.00387156 0.00121929 0.99999176
vn 0.00000000 0.00000000 1.00000000
vn -0.57668753 -0.10830304 0.80975425
vn 0.00000000 0.00000000 1.00000000
vn 0.00000000 0.00000000 1.00000000
vn 0.00000000 0.00000000 1.00000000
vn -0.16939629 0.00322929 0.98554273
vn -0.69920651 0.00343644 0.71491149
vn 0.00000000 0.00000000 1.00000000
vn -0.72145816 0.00116592 0.69245704
vn 0.00000000 0.00000000 1.00000000
vn 0.00000000 0.00000000 1.00000000
vn 0.00000000 0.00000000 1.00000000
vn 0.00000000 0.00000000 1.00000000
vn 0.00000000 0.00000000 1.00000000
vn 0.00000000 0.00000000 1.00000000
vn 0.00000000 0.00000000 1.00000000
vn 0.00000000 0.00000000 1.00000000
vn 0.00000000 0.00000000 1.00000000
vn -0.00031345 0.00051084 0.99999982
vn 0.00000000 0.00000000 1.00000000
vn 0.00000000 0.00000000 1.00000000
vn 0.00000000 0.00000000 1.00000000
vn 0.00000000 0.00000000 1.00000000
vn -0.07002392 0.20345364 0.97657732
vn 0.00000000 0.00000000 1.00000000
vn 0.00000000 0.00000000 1.00000000
vn 0.00000000 0.00000000 1.00000000
vn 0.00000000 0.00000000 1.00000000
vn 0.00000000 0.00000000 1.00000000
vn 0.00000000 0.00000000 1.00000000
vn 0.00000000 0.00000000 1.00000000
vn -0.11407555 -0.06481565 0.99135549
vn 0.00000000 0.00000000 1.00000000
vn 0.00000000 0.00000000 1.00000000
vn 0.00000000 0.00000000 1.00000000
vn 0.00000000 0.00000000 1.00000000
vn -0.27095238 0.00393272 0.96258472
vn -0.00399495 0.00869954 0.99995418
vn 0.00000000 0.00000000 1.00000000
vn 0.00000000 0.00000000 1.00000000
vn -0.01526151 0.00050228 0.99988341
vn 0.00000000 0.00000000 1.00000000
vn 0.00000000 0.00000000 1.00000000
vn 0.00000000 0.00000000 1.00000000
vn 0.00000000 0.00000000 1.00000000
vn 0.00000000 0.00000000 1.00000000
vn 0.00000000 0.00000000 1.00000000
vn 0.00000000 0.00000000 1.00000000
vn -0.26483902 0.00234427 0.96428979
vn -0.01020453 -0.01536358 0.99982990
vn 0.00000000 0.00000000 1.00000000
vn -0.00022301 0.00375574 0.99999292
vn 0.00000000 0.00000000 1.00000000
vn 0.00000000 0.00000000 1.00000000
vn -0.23578654 0.79068534 0.56499682
vn 0.00000000 0.00000000 1.00000000
vn 0.00000000 0.00000000 1.00000000
vn 0.00000000 0.00000000 1.00000000
vn 0.00000000 0.00000000 1.00000000
vn 0.00000000 0.00000000 1.00000000
vn 0.00000000 0.00000000 1.00000000
vn -0.04647478 -0.00426703 0.99891035
vn 0.00000000 0.00000000 1.00000000
vn 0.00000000 0.00000000 1.00000000
vn 0.00000000 0.00000000 1.00000000
vn 0.00000000 0.00000000 1.00000000
vn 0.00000000 0.00000000 1.00000000
vn 0.00000000 0.00000000 1.00000000
vn 0.00000000 0.00000000 1.00000000
vn -0.43202848 0.00248899 0.90185653
vn -0.00000086 0.00000482 1.00000000
vn -0.16152759 0.72410385 0.67050909
vn -0.06108618 -0.08063070 0.99487043
vn 0.00000000 0.00000000 1.00000000
vn 0.00000000 0.00000000 1.00000000
vn -0.25394582 0.00067369 0.96721821
vn 0.00000000 0.00000000 1.00000000
vn 0.00000000 0.00000000 1.00000000
vn 0.00000000 0.00000000 1.00000000
vn 0.00000000 0.00000000 1.00000000
vn -0.69127746 0.05937546 0.72014584
vn 0.00000000 0.00000000 1.00000000
vn -0.09068848 0.00211578 0.99587706
vn 0.00000000 0.00000000 1.00000000
vn 0.00000000 0.00000000 1.00000000
vn -0.01338344 0.08466325 0.99631974
vn 0.00000000 0.00000000 1.00000000
vn 0.00000000 0.00000000 1.00000000
vn 0.30142054 0.51985380 0.79931076
vn 0.15347740 0.25512204 0.95465042
vn 0.07035838 0.10624949 0.99184714
vn 0.01365957 0.01779027 0.99974843
vn 0.00000660 0.00000852 1.00000000
vn 0.00326236 -0.00622604 0.99997530
vn 0.02018804 -0.07942790 0.99663617
vn 0.06779526 -0.24526576 0.96708247
vn 0.28382123 -0.49263122 0.82265423
vn 0.84269380 -0.16030460 0.51397431
vn 0.86419370 -0.01185764 0.50301952
vn 0.84756220 0.00994118 0.53060295
vn 0.87699403 0.04003690 0.47883036
vn 0.91298674 0.04554053 0.40543960
vn 0.95795062 0.00191584 0.28692673
vn 0.88681710 -0.00295326 0.46211115
vn 0.91384021 0.02104605 0.40552821
vn 0.93443420 0.02730508 0.35508753
vn 0.88966079 0.02769251 0.45578154
vn 0.83812094 -0.03636202 0.54427116
vn 0.86678349 0.00973400 0.49858963
vn 0.83313622 0.02266112 0.55260339
vn 0.86587494 0.00477093 0.50023776
vn 0.80385256 -0.04347786 0.59323750
vn 0.80990703 0.05237820 0.58421496
vn 0.86648989 0.03009817 0.49828643
vn 0.86399897 -0.00740245 0.50343915
vn 0.84149969 0.00065244 0.54025720
vn 0.84982298 0.02102105 0.52664885
vn 0.89286631 0.04246050 0.44831557
vn 0.90351201 0.03798814 0.42687579
vn 0.91013976 0.02266570 0.41368089
vn 0.87554388 -0.15376505 0.45801663
vn 0.55172092 -0.06437121 0.83154096
vn 0.24425541 -0.01964644 0.96951189
vn 0.06615031 -0.00303621 0.99780505
vn 0.00285686 -0.00267521 0.99999234
vn 0.00000000 0.00000000 1.00000000
vn 0.00000000 0.00000000 1.00000000
vn 0.00000000 0.00000000 1.00000000
vn 0.00000000 0.00000000 1.00000000
vn 0.00000000 0.00000000 1.00000000
vn 0.00000000 0.00000000 1.00000000
vn 0.00000000 0.00000000 1.00000000
vn 0.00000000 0.00000000 1.00000000
vn 0.00000000 0.00000000 1.00000000
vn 0.00000000 0.00000000 1.00000000
vn 0.00000000 0.00000000 1.00000000
vn 0.00000000 0.00000000 1.00000000
vn 0.00000000 0.00000000 1.00000000
vn 0.00000000 0.00000000 1.00000000
vn 0.00000000 0.00000000 1.00000000
vn 0.00000000 0.00000000 1.00000000
vn 0.00000000 0.00000000 1.00000000
vn 0.00000000 0.00000000 1.00000000
vn 0.00000000 0.00000000 1.00000000
vn 0.00000000 0.00000000 1.00000000
vn 0.00000000 0.00000000 1.00000000
vn 0.00000000 0.00000000 1.00000000
vn 0.00000000 0.00000000 1.00000000
vn 0.00000000 0.00000000 1.00000000
vn 0.00000000 0.00000000 1.00000000
vn 0.00000000 0.00000000 1.00000000
vn 0.00000000 0.00000000 1.00000000
vn 0.00000000 0.00000000 1.00000000
vn 0.00000000 0.00000000 1.00000000
vn 0.00000000 0.00000000 1.00000000
vn 0.00000000 0.00000000 1.00000000
vn 0.00000000 0.00000000 1.00000000
vn 0.00000000 0.00000000 1.00000000
vn 0.00000000 0.00000000 1.00000000
vn 0.00000000 0.00000000 1.00000000
vn 0.00000000 0.00000000 1.00000000
vn 0.00000000 0.00000000 1.00000000
vn 0.00000000 0.00000000 1.00000000
vn 0.00000000 0.00000000 1.00000000
vn 0.00000000 0.00000000 1.00000000
vn 0.00000000 0.00000000 1.00000000
vn 0.00000000 0.00000000 1.00000000
vn 0.00000000 0.00000000 1.00000000
vn 0.00000000 0.00000000 1.00000000
vn 0.00000000 0.00000000 1.00000000
vn 0.00000000 0.00000000 1.00000000
vn 0.00000000 0.00000000 1.00000000
vn 0.00000000 0.00000000 1.00000000
vn 0.00000000 0.00000000 1.00000000
vn 0.00000000 0.00000000 1.00000000
vn 0.00242341 0.00611325 0.99997838
vn 0.05381255 0.05496219 0.99703729
vn 0.16629319 0.19072683 0.96745535
vn 0.39034119 0.45974013 0.79766707
vn 0.03721675 0.83409470 0.55036438
vn -0.05070028 0.87383177 0.48357783
vn 0.03512578 0.92099896 0.38797822
vn 0.05749701 0.88172333 0.46825000
vn 0.08678297 0.92361845 0.37335997
vn 0.13165443 0.88279509 0.45093230
vn 0.19168714 0.90022968 0.39095083
vn 0.17627869 0.88662000 0.42758717
vn 0.21118756 0.90005739 0.38117779
vn 0.24815754 0.89766913 0.36415377
vn 0.28673072 0.89478742 0.34225864
vn 0.33714338 0.84058229 0.42397614
vn 0.26142945 0.87388043 0.40986294
vn 0.43791735 0.79046739 0.42824024
vn 0.00000000 0.00000000 1.00000000
vn 0.00000000 0.00000000 1.00000000
vn 0.00042887 -0.00004019 0.99999991
vn 0.77913320 0.01114695 0.62675929
vn 0.00000000 0.00000000 1.00000000
vn 0.00000000 0.00000000 1.00000000
vn 0.00000000 0.00000000 1.00000000
vn 0.00000000 0.00000000 1.00000000
vn 0.00432334 -0.00020254 0.99999063
vn 0.00000000 0.00000000 1.00000000
vn 0.00000000 0.00000000 1.00000000
vn 0.00000950 0.00007862 1.00000000
vn 0.01324158 0.51613576 0.85640443
vn 0.00000000 0.00000000 1.00000000
vn 0.00000000 0.00000000 1.00000000
vn 0.00000000 0.00000000 1.00000000
vn 0.00000000 0.00000000 1.00000000
vn 0.00000000 0.00000000 1.00000000
vn 0.00000000 0.00000000 1.00000000
vn 0.00000000 0.00000000 1.00000000
vn 0.00000000 0.00000000 1.00000000
vn 0.00000000 0.00000000 1.00000000
vn 0.00000000 0.00000000 1.00000000
vn 0.00000000 0.00000000 1.00000000
vn 0.00000000 0.00000000 1.00000000
vn 0.00000000 0.00000000 1.00000000
vn 0.11025154 -0.00072611 0.99390345
vn 0.00000000 0.00000000 1.00000000
vn 0.00000000 0.00000000 1.00000000
vn 0.00000000 0.00000000 1.00000000
vn 0.05097671 0.77790921 0.62630555
vn 0.00000000 0.00000000 1.00000000
vn 0.00000000 0.00000000 1.00000000
vn 0.00000000 0.00000000 1.00000000
vn 0.00000000 0.00000000 1.00000000
vn 0.71154698 -0.05171391 0.70073287
vn 0.00000000 0.00000000 1.00000000
vn 0.00000000 0.00000000 1.00000000
vn 0.00000000 0.00000000 1.00000000
vn 0.00000000 0.00000000 1.00000000
vn 0.00000000 0.00000000 1.00000000
vn 0.00000000 0.00000000 1.00000000
vn 0.00000000 0.00000000 1.00000000
vn 0.00000000 0.00000000 1.00000000
vn 0.00000000 0.00000000 1.00000000
vn 0.00000000 0.00000000 1.00000000
vn 0.14947494 0.68633283 0.71176154
vn 0.41475638 -0.02535249 0.90957924
vn 0.00000000 0.00000000 1.00000000
vn 0.00000000 0.00000000 1.00000000
vn 0.00000000 0.00000000 1.00000000
vn 0.00000000 0.00000000 1.00000000
vn 0.00000000 0.00000000 1.00000000
vn 0.25582083 -0.00461183 0.96671321
vn 0.00000000 0.00000000 1.00000000
vn 0.00000000 0.00000000 1.00000000
vn 0.00000000 0.00000000 1.00000000
vn 0.66463402 -0.00145319 0.74716766
vn 0.00000000 0.00000000 1.00000000
vn 0.09008050 0.16413749 0.98231583
vn 0.00000000 0.00000000 1.00000000
vn 0.00560516 -0.00122833 0.99998354
vn 0.00000000 0.00000000 1.00000000
vn 0.00000000 0.00000000 1.00000000
vn 0.00000000 0.00000000 1.00000000
vn 0.00000000 0.00000000 1.00000000
vn 0.02850647 0.63401767 0.77279297
vn 0.00000000 0.00000000 1.00000000
vn 0.01418948 0.00125647 0.99989853
vn 0.00000000 0.00000000 1.00000000
vn 0.00000000 0.00000000 1.00000000
vn 0.00000000 0.00000000 1.00000000
vn 0.00000000 0.00000000 1.00000000
vn 0.00784298 0.00127115 0.99996844
vn 0.00000000 0.00000000 1.00000000
vn 0.00000000 0.00000000 1.00000000
vn 0.10798643 0.00046962 0.99415226
vn 0.00203427 -0.00736932 0.99997078
vn 0.11149795 0.00578951 0.99374780
vn 0.00000000 0.00000000 1.00000000
vn 0.75901431 0.02398108 0.65063214
vn 0.00000000 0.00000000 1.00000000
vn 0.00000000 0.00000000 1.00000000
vn 0.00213473 0.00582007 0.99998078
vn -0.03261216 0.83900636 0.54314342
vn 0.00000000 0.00000000 1.00000000
vn 0.00000000 0.00000000 1.00000000
vn 0.00000000 0.00000000 1.00000000
vn 0.00000000 0.00000000 1.00000000
vn 0.00000000 0.00000000 1.00000000
vn 0.00000000 0.00000000 1.00000000
vn 0.00000000 0.00000000 1.00000000
vn 0.00000000 0.00000000 1.00000000
vn 0.00000000 0.00000000 1.00000000
vn 0.00000000 0.00000000 1.00000000
vn 0.60514392 -0.04504219 0.79484089
vn 0.00811996 0.01897811 0.99978693
vn 0.01106727 0.05361665 0.99850026
vn 0.00000000 0.00000000 1.00000000
vn 0.00000000 0.00000000 1.00000000
vn 0.00000000 0.00000000 1.00000000
vn 0.00000000 0.00000000 1.00000000
vn 0.00000000 0.00000000 1.00000000
vn 0.15623594 -0.00299970 0.98771521
vn 0.84461706 -0.04131200 0.53377461
vn 0.02000814 -0.00133929 0.99979892
vn 0.05150488 0.23373612 0.97093495
vn 0.00000000 0.00000000 1.00000000
vn 0.00000000 0.00000000 1.00000000
vn 0.00000000 0.00000000 1.00000000
vn 0.00000000 0.00000000 1.00000000
vn 0.00000000 0.00000000 1.00000000
vn 0.00000000 0.00000000 1.00000000
vn 0.00000000 0.00000000 1.00000000
vn 0.00000000 0.00000000 1.00000000
vn 0.00000000 0.00000000 1.00000000
vn 0.00000000 0.00000000 1.00000000
vn 0.00000000 0.00000000 1.00000000
vn 0.30272120 0.00835293 0.95304255
vn 0.09932116 0.62034024 0.77801883
vn 0.00000000 0.00000000 1.00000000
vn 0.00000000 0.00000000 1.00000000
vn 0.00000000 0.00000000 1.00000000
vn 0.00000000 0.00000000 1.00000000
vn 0.22675775 0.00434587 0.97394149
vn 0.00000000 0.00000000 1.00000000
vn 0.00000000 0.00000000 1.00000000
vn 0.00000000 0.00000000 1.00000000
vn 0.00000000 0.00000000 1.00000000
vn 0.00000000 0.00000000 1.00000000
vn 0.00000000 0.00000000 1.00000000
vn 0.19602838 0.00305966 0.98059345
vn 0.00000000 0.00000000 1.00000000
vn 0.00000000 0.00000000 1.00000000
vn 0.05389116 0.33862456 0.93937700
vn 0.00000000 0.00000000 1.00000000
vn 0.21912811 0.00204499 0.97569395
vn 0.10306578 0.25218285 0.96217527
vn 0.00000000 0.00000000 1.00000000
vn 0.08390074 -0.00228289 0.99647150
vn 0.12136771 0.00498721 0.99259509
vn 0.00000000 0.00000000 1.00000000
vn 0.00000000 0.00000000 1.00000000
vn 0.00000000 0.00000000 1.00000000
vn 0.00698780 0.16949492 0.98550629
vn -0.01824984 0.19691120 0.98025146
vn 0.00000000 0.00000000 1.00000000
vn 0.00000000 0.00000000 1.00000000
vn 0.00000000 0.00000000 1.00000000
vn 0.00000000 0.00000000 1.00000000
vn 0.00000000 0.00000000 1.00000000
vn 0.00000000 0.00000000 1.00000000
vn 0.00000000 0.00000000 1.00000000
vn 0.00000000 0.00000000 1.00000000
vn 0.68669967 0.02935320 0.72634837
vn 0.09141938 0.00523186 0.99579874
vn 0.00655204 0.37056573 0.92878313
vn 0.00000000 0.00000000 1.00000000
vn 0.00000000 0.00000000 1.00000000
vn 0.00000000 0.00000000 1.00000000
vn 0.00000000 0.00000000 1.00000000
vn 0.00000000 0.00000000 1.00000000
vn 0.00000000 0.00000000 1.00000000
vn 0.00000000 0.00000000 1.00000000
vn 0.00000000 0.00000000 1.00000000
vn 0.00000000 0.00000000 1.00000000
vn 0.00000000 0.00000000 1.00000000
vn 0.00000000 0.00000000 1.00000000
vn 0.00000000 0.00000000 1.00000000
vn 0.00000000 0.00000000 1.00000000
vn 0.00000000 0.00000000 1.00000000
vn 0.00000000 0.00000000 1.00000000
vn 0.00000000 0.00000000 1.00000000
vn 0.00000000 0.00000000 1.00000000
vn 0.00248549 0.25346956 0.96734017
vn 0.00000000 0.00000000 1.00000000
vn 0.00000000 0.00000000 1.00000000
vn 0.00000000 0.00000000 1.00000000
vn 0.00000000 0.00000000 1.00000000
vn 0.00000000 0.00000000 1.00000000
vn 0.00000000 0.00000000 1.00000000
vn 0.00000000 0.00000000 1.00000000
vn 0.00185235 -0.00456471 0.99998787
vn 0.05657064 0.49920108 0.86463752
vn 0.00000000 0.00000000 1.00000000
vn 0.00000000 0.00000000 1.00000000
vn 0.00000000 0.00000000 1.00000000
vn 0.23481718 0.00218260 0.97203710
vn 0.00000000 0.00000000 1.00000000
vn 0.30633789 0.00293582 0.95191831
vn 0.00000000 0.00000000 1.00000000
vn 0.00000000 0.00000000 1.00000000
vn 0.02888349 0.13543262 0.99036546
vn 0.00000000 0.00000000 1.00000000
vn 0.00000000 0.00000000 1.00000000
vn 0.00000000 0.00000000 1.00000000
vn 0.00000000 0.00000000 1.00000000
vn 0.00000000 0.00000000 1.00000000
vn 0.52784872 0.00962552 0.84928386
vn 0.00000000 0.00000000 1.00000000
vn 0.00000000 0.00000000 1.00000000
vn 0.00000000 0.00000000 1.00000000
vn 0.00000000 0.00000000 1.00000000
vn 0.00000000 0.00000000 1.00000000
vn 0.00000000 0.00000000 1.00000000
vn 0.32545852 0.00269292 0.94555249
vn 0.00000000 0.00000000 1.00000000
vn 0.13485595 0.51412176 0.84704940
vn 0.00000000 0.00000000 1.00000000
vn 0.01053067 0.00269576 0.99994092
vn 0.00000000 0.00000000 1.00000000
vn -0.01277942 0.39051939 0.92050600
vn 0.10521497 0.48103628 0.87036424
vn 0.00204669 -0.00138336 0.99999695
vn 0.00007364 -0.00003528 1.00000000
vn 0.00000000 0.00000000 1.00000000
vn 0.00000000 0.00000000 1.00000000
vn 0.03777673 0.00435815 0.99927670
vn 0.00000000 0.00000000 1.00000000
vn 0.01270465 0.00040608 0.99991921
vn 0.00000000 0.00000000 1.00000000
vn 0.00000000 0.00000000 1.00000000
vn 0.00000000 0.00000000 1.00000000
vn 0.00000000 0.00000000 1.00000000
vn 0.00000000 0.00000000 1.00000000
vn 0.00000000 0.00000000 1.00000000
vn 0.43379978 0.00749513 0.90097812
vn 0.00000000 0.00000000 1.00000000
vn 0.00000000 0.00000000 1.00000000
vn 0.51459521 -0.28614847 0.80827645
vn 0.06667723 0.21385055 0.97458816
vn 0.00000000 0.00000000 1.00000000
vn 0.00000000 0.00000000 1.00000000
vn 0.00000000 0.00000000 1.00000000
vn 0.00000000 0.00000000 1.00000000
vn 0.00000000 0.00000000 1.00000000
vn 0.74205381 -0.01045500 0.67025878
vn 0.00000000 0.00000000 1.00000000
vn 0.78442229 0.02105122 0.61986976
vn 0.00003940 0.01337393 0.99991056
vn 0.00000000 0.00000000 1.00000000
vn 0.00000000 0.00000000 1.00000000
vn 0.16962529 0.32250767 0.93124436
vn 0.14443210 0.40893709 0.90106039
vn 0.00000000 0.00000000 1.00000000
vn 0.00000000 0.00000000 1.00000000
vn 0.00000000 0.00000000 1.00000000
vn 0.00000000 0.00000000 1.00000000
vn 0.00000000 0.00000000 1.00000000
vn 0.00000000 0.00000000 1.00000000
vn 0.00000000 0.00000000 1.00000000
vn 0.01458987 0.09770050 0.99510891
vn 0.00000000 0.00000000 1.00000000
vn 0.00000000 0.00000000 1.00000000
vn 0.00000000 0.00000000 1.00000000
vn 0.00000000 0.00000000 1.00000000
vn 0.00000000 0.00000000 1.00000000
vn 0.00000000 0.00000000 1.00000000
vn 0.39853016 -0.01033351 0.91709701
vn 0.12507989 0.24008828 0.96265915
vn 0.00000000 0.00000000 1.00000000
vn 0.00000000 0.00000000 1.00000000
vn 0.07543369 0.09968716 0.99215535
vn 0.00000000 0.00000000 1.00000000
vn 0.00066511 0.00184104 0.99999808
vn 0.37593779 0.01132914 0.92657565
vn 0.00000000 0.00000000 1.00000000
vn 0.00000000 0.00000000 1.00000000
vn 0.00000000 0.00000000 1.00000000
vn 0.00000000 0.00000000 1.00000000
vn 0.00098258 -0.00237644 0.99999669
vn 0.16043566 -0.28918457 0.94373337
vn 0.01534123 -0.00491856 0.99987022
vn 0.00000000 0.00000000 1.00000000
vn 0.23855099 0.00253367 0.97112667
vn 0.00000000 0.00000000 1.00000000
vn 0.00000000 0.00000000 1.00000000
vn 0.00000000 0.00000000 1.00000000
vn 0.00000000 0.00000000 1.00000000
vn 0.00000000 0.00000000 1.00000000
vn 0.00000000 0.00000000 1.00000000
vn 0.04257797 0.10484889 0.99357628
vn 0.00000000 0.00000000 1.00000000
vn 0.00000000 0.00000000 1.00000000
vn 0.00000000 0.00000000 1.00000000
vn 0.00000000 0.00000000 1.00000000
vn 0.05907904 -0.15283251 0.98648461
vn 0.00000000 0.00000000 1.00000000
vn 0.00000000 0.00000000 1.00000000
vn 0.00000000 0.00000000 1.00000000
vn 0.00000000 0.00000000 1.00000000
vn 0.00000000 0.00000000 1.00000000
vn 0.00000000 0.00000000 1.00000000
vn 0.00000000 0.00000000 1.00000000
vn 0.00000000 0.00000000 1.00000000
vn 0.00000000 0.00000000 1.00000000
vn 0.00000000 0.00000000 1.00000000
vn 0.00000000 0.00000000 1.00000000
vn 0.00000000 0.00000000 1.00000000
vn 0.00000000 0.00000000 1.00000000
vn 0.00000000 0.00000000 1.00000000
vn 0.00000000 0.00000000 1.00000000
vn 0.00000000 0.00000000 1.00000000
vn 0.16278316 0.00225223 0.98665930
vn 0.00000000 0.00000000 1.00000000
vn 0.00000000 0.00000000 1.00000000
vn 0.00000000 0.00000000 1.00000000
vn 0.00000000 0.00000000 1.00000000
vn 0.00000000 0.00000000 1.00000000
vn 0.00000000 0.00000000 1.00000000
vn 0.00000000 0.00000000 1.00000000
vn 0.00000000 0.00000000 1.00000000
vn 0.00000000 0.00000000 1.00000000
vn 0.00000000 0.00000000 1.00000000
vn 0.00000000 0.00000000 1.00000000
vn 0.00000000 0.00000000 1.00000000
vn 0.00077702 0.02893360 0.99958103
vn 0.00000000 0.00000000 1.00000000
vn 0.00000000 0.00000000 1.00000000
vn 0.00000000 0.00000000 1.00000000
vn 0.00000000 0.00000000 1.00000000
vn 0.14205378 -0.04427413 0.98886831
vn 0.00000000 0.00000000 1.00000000
vn 0.00000000 0.00000000 1.00000000
vn 0.00000000 0.00000000 1.00000000
vn 0.02720354 -0.00178100 0.99962833
vn 0.00000000 0.00000000 1.00000000
vn 0.15035575 -0.00196421 0.98863001
vn 0.00000000 0.00000000 1.00000000
vn 0.00000000 0.00000000 1.00000000
vn 0.00000000 0.00000000 1.00000000
vn 0.00000000 0.00000000 1.00000000
vn 0.00000000 0.00000000 1.00000000
vn 0.00000000 0.00000000 1.00000000
vn 0.00000000 0.00000000 1.00000000
vn 0.00000000 0.00000000 1.00000000
vn 0.00000000 0.00000000 1.00000000
vn 0.26961223 0.02615603 0.96261368
vn 0.00000000 0.00000000 1.00000000
vn 0.00000000 0.00000000 1.00000000
vn 0.00000000 0.00000000 1.00000000
vn 0.00000000 0.00000000 1.00000000
vn 0.00000000 0.00000000 1.00000000
vn 0.00000000 0.00000000 1.00000000
vn 0.00000000 0.00000000 1.00000000
vn 0.00000000 0.00000000 1.00000000
vn 0.00000000 0.00000000 1.00000000
vn 0.00000000 0.00000000 1.00000000
vn 0.01319437 0.02679961 0.99955375
vn 0.07866264 0.40323079 0.91171109
vn 0.55318523 0.00028432 0.83305823
vn 0.30445348 0.00478037 0.95251521
vn 0.00000000 0.00000000 1.00000000
vn 0.00000000 0.00000000 1.00000000
vn 0.00000000 0.00000000 1.00000000
vn 0.00000000 0.00000000 1.00000000
vn 0.00000000 0.00000000 1.00000000
vn 0.72131520 0.04905187 0.69086778
vn 0.17288371 0.78593868 0.59364266
vn 0.00000000 0.00000000 1.00000000
vn 0.00000000 0.00000000 1.00000000
vn 0.34794725 0.00813841 0.93747879
vn 0.00000000 0.00000000 1.00000000
vn 0.00000000 0.00000000 1.00000000
vn 0.34132428 0.77057368 0.53825082
vn 0.00000000 0.00000000 1.00000000
vn 0.00000000 0.00000000 1.00000000
vn 0.00000000 0.00000000 1.00000000
vn 0.03212344 0.27820742 0.95998370
vn 0.00000000 0.00000000 1.00000000
vn 0.00000000 0.00000000 1.00000000
vn 0.29072661 -0.00428153 0.95679659
vn 0.00000000 0.00000000 1.00000000
vn 0.23778502 0.00318153 0.97131260
vn 0.00000000 0.00000000 1.00000000
vn 0.00000000 0.00000000 1.00000000
vn 0.00000000 0.00000000 1.00000000
vn 0.00000000 0.00000000 1.00000000
vn 0.00000000 0.00000000 1.00000000
vn 0.00000000 0.00000000 1.00000000
vn 0.00000000 0.00000000 1.00000000
vn 0.00000000 0.00000000 1.00000000
vn 0.00000000 0.00000000 1.00000000
vn 0.00000000 0.00000000 1.00000000
vn 0.00000000 0.00000000 1.00000000
vn 0.35881931 0.00691302 0.93338144
vn 0.70611370 -0.10643072 0.70005424
vn 0.00000000 0.00000000 1.00000000
vn 0.00000000 0.00000000 1.00000000
vn 0.00000000 0.00000000 1.00000000
vn 0.00000000 0.00000000 1.00000000
vn 0.00000000 0.00000000 1.00000000
vn 0.00000000 0.00000000 1.00000000
vn 0.00000000 0.00000000 1.00000000
vn 0.00000000 0.00000000 1.00000000
vn 0.00000000 0.00000000 1.00000000
vn 0.13437913 0.00654462 0.99090838
vn 0.00000000 0.00000000 1.00000000
vn 0.00071295 0.00005170 0.99999974
vn 0.00000000 0.00000000 1.00000000
vn 0.00712337 0.01718714 0.99982691
vn 0.00000000 0.00000000 1.00000000
vn 0.02912508 -0.00274617 0.99957200
vn 0.00000000 0.00000000 1.00000000
vn 0.00000000 0.00000000 1.00000000
vn 0.00000000 0.00000000 1.00000000
vn 0.00117163 -0.00026539 0.99999928
vn 0.00000000 0.00000000 1.00000000
vn 0.00000000 0.00000000 1.00000000
vn 0.00000000 0.00000000 1.00000000
vn 0.00000000 0.00000000 1.00000000
vn 0.00000000 0.00000000 1.00000000
vn 0.00000000 0.00000000 1.00000000
vn 0.00000000 0.00000000 1.00000000
vn 0.34270233 0.00969805 0.93939399
vn 0.00000000 0.00000000 1.00000000
vn 0.21859923 0.89339709 0.39249971
vn 0.00000000 0.00000000 1.00000000
vn 0.00000000 0.00000000 1.00000000
vn 0.04132485 -0.02387776 0.99886041
vn 0.00000000 0.00000000 1.00000000
vn 0.00000000 0.00000000 1.00000000
vn 0.00000000 0.00000000 1.00000000
vn 0.00000000 0.00000000 1.00000000
vn 0.00000000 0.00000000 1.00000000
vn 0.00000000 0.00000000 1.00000000
vn 0.03373161 -0.00212229 0.99942867
vn 0.00000000 0.00000000 1.00000000
vn 0.06315454 -0.00139207 0.99800279
vn 0.00000000 0.00000000 1.00000000
vn 0.00000000 0.00000000 1.00000000
vn 0.00000000 0.00000000 1.00000000
vn 0.00000000 0.00000000 1.00000000
vn 0.03944855 -0.03570587 0.99858345
vn 0.11255682 0.00170698 0.99364382
vn 0.00000000 0.00000000 1.00000000
vn 0.00000000 0.00000000 1.00000000
vn 0.23081773 0.66051170 0.71445606
vn 0.03461107 0.08927565 0.99540541
vn 0.00000000 0.00000000 1.00000000
vn 0.68033812 0.06019611 0.73042212
vn 0.00000000 0.00000000 1.00000000
vn 0.00000000 0.00000000 1.00000000
vn 0.17135810 0.70498437 0.68821032
vn 0.00000000 0.00000000 1.00000000
vn 0.00083244 0.00034426 0.99999959
vn 0.00000000 0.00000000 1.00000000
vn 0.00000000 0.00000000 1.00000000
vn 0.00000000 0.00000000 1.00000000
vn 0.00000000 0.00000000 1.00000000
vn 0.00000000 0.00000000 1.00000000
vn 0.00000000 0.00000000 1.00000000
vn 0.00000000 0.00000000 1.00000000
vn -0.00000180 0.00001457 1.00000000
vn 0.00000000 0.00000000 1.00000000
vn 0.00000000 0.00000000 1.00000000
vn 0.00000000 0.00000000 1.00000000
vn 0.00000000 0.00000000 1.00000000
vn 0.00000000 0.00000000 1.00000000
vn 0.00000000 0.00000000 1.00000000
vn 0.05580852 0.20192150 0.97781037
vn 0.00000000 0.00000000 1.00000000
vn 0.00000000 0.00000000 1.00000000
vn 0.00000000 0.00000000 1.00000000
vn 0.00000000 0.00000000 1.00000000
vn 0.00393644 0.14340816 0.98965580
vn 0.00000000 0.00000000 1.00000000
vn 0.00000000 0.00000000 1.00000000
vn 0.01760271 0.00362121 0.99983850
vn 0.00000000 0.00000000 1.00000000
vn 0.00000000 0.00000000 1.00000000
vn 0.06130452 0.18169890 0.98144142
vn 0.00000000 0.00000000 1.00000000
vn 0.82522978 -0.03988950 0.56338675
vn 0.00000000 0.00000000 1.00000000
vn 0.14453833 -0.00208890 0.98949700
vn 0.00000000 0.00000000 1.00000000
vn 0.00000000 0.00000000 1.00000000
vn 0.00000000 0.00000000 1.00000000
vn 0.00000000 0.00000000 1.00000000
vn 0.00000000 0.00000000 1.00000000
vn 0.00000000 0.00000000 1.00000000
vn 0.00000000 0.00000000 1.00000000
vn 0.30908757 0.00406661 0.95102489
vn 0.00000000 0.00000000 1.00000000
vn 0.00000000 0.00000000 1.00000000
vn 0.00000000 0.00000000 1.00000000
vn 0.00000000 0.00000000 1.00000000
vn 0.04925713 0.00229008 0.99878351
vn 0.00000000 0.00000000 1.00000000
vn 0.07979014 0.21670239 0.97297154
vn 0.00000000 0.00000000 1.00000000
vn 0.00000000 0.00000000 1.00000000
vn 0.00000000 0.00000000 1.00000000
vn 0.02638893 -0.00289794 0.99964755
vn 0.00000000 0.00000000 1.00000000
vn 0.00000000 0.00000000 1.00000000
vn 0.31564664 0.00271891 0.94887291
vn 0.00000000 0.00000000 1.00000000
vn 0.00000000 0.00000000 1.00000000
vn 0.00000000 0.00000000 1.00000000
vn 0.00000000 0.00000000 1.00000000
vn 0.00000000 0.00000000 1.00000000
vn 0.00000000 0.00000000 1.00000000
vn 0.00000000 0.00000000 1.00000000
vn 0.00000000 0.00000000 1.00000000
vn 0.00000000 0.00000000 1.00000000
vn 0.00000000 0.00000000 1.00000000
vn 0.00000000 0.00000000 1.00000000
vn 0.00000000 0.00000000 1.00000000
vn 0.00000000 0.00000000 1.00000000
vn 0.00000000 0.00000000 1.00000000
vn 0.00000000 0.00000000 1.00000000
vn 0.00000000 0.00000000 1.00000000
vn 0.00000000 0.00000000 1.00000000
vn 0.00000000 0.00000000 1.00000000
vn 0.00000000 0.00000000 1.00000000
vn 0.00000000 0.00000000 1.00000000
vn 0.00000000 0.00000000 1.00000000
vn 0.00000000 0.00000000 1.00000000
vn 0.00770859 0.00076726 0.99996999
vn 0.00000000 0.00000000 1.00000000
vn 0.00000000 0.00000000 1.00000000
vn 0.00000000 0.00000000 1.00000000
vn 0.00000000 0.00000000 1.00000000
vn 0.00000000 0.00000000 1.00000000
vn 0.00000000 0.00000000 1.00000000
vn 0.00000000 0.00000000 1.00000000
vn 0.00000000 0.00000000 1.00000000
vn 0.00000000 0.00000000 1.00000000
vn 0.00000000 0.00000000 1.00000000
vn 0.00000000 0.00000000 1.00000000
vn 0.00000000 0.00000000 1.00000000
vn 0.00000000 0.00000000 1.00000000
vn 0.00000000 0.00000000 1.00000000
vn 0.00000000 0.00000000 1.00000000
vn 0.00000000 0.00000000 1.00000000
vn 0.00000000 0.00000000 1.00000000
vn 0.00000000 0.00000000 1.00000000
vn 0.00000000 0.00000000 1.00000000
vn 0.00000000 0.00000000 1.00000000
vn 0.00000000 0.00000000 1.00000000
vn 0.09942084 0.81556464 0.57006124
vn 0.00000000 0.00000000 1.00000000
vn 0.00000000 0.00000000 1.00000000
vn 0.11580242 -0.00768243 0.99324256
vn 0.00000000 0.00000000 1.00000000
vn 0.00000000 0.00000000 1.00000000
vn 0.00000000 0.00000000 1.00000000
vn 0.34838978 0.01122683 0.93728252
vn 0.00538273 0.01601873 0.99985720
vn 0.00000000 0.00000000 1.00000000
vn 0.00000000 0.00000000 1.00000000
vn 0.00000000 0.00000000 1.00000000
vn 0.00000000 0.00000000 1.00000000
vn 0.00000000 0.00000000 1.00000000
vn 0.00434615 0.02017483 0.99978702
vn 0.00000000 0.00000000 1.00000000
vn 0.00000000 0.00000000 1.00000000
vn 0.00000000 0.00000000 1.00000000
vn 0.00359275 -0.00319191 0.99998845
vn 0.00000000 0.00000000 1.00000000
vn 0.04184920 0.77122215 0.63518898
vn 0.00000000 0.00000000 1.00000000
vn 0.00000000 0.00000000 1.00000000
vn 0.00000000 0.00000000 1.00000000
vn 0.00000000 0.00000000 1.00000000
vn 0.02079921 0.09766082 0.99500239
vn 0.00300743 -0.00136901 0.99999454
vn 0.00309771 0.00680945 0.99997202
vn 0.00000000 0.00000000 1.00000000
vn 0.00000000 0.00000000 1.00000000
vn 0.00000000 0.00000000 1.00000000
vn 0.00000000 0.00000000 1.00000000
vn 0.10512069 0.32610207 0.93947170
vn 0.10902662 0.00220076 0.99403639
vn 0.00000000 0.00000000 1.00000000
vn 0.16414327 0.00101860 0.98643598
vn 0.05030592 0.00181571 0.99873221
vn 0.03125456 0.10659170 0.99381153
vn 0.22291846 -0.00300870 0.97483245
vn 0.00265212 -0.00069951 0.99999624
vn 0.00000000 0.00000000 1.00000000
vn 0.64303032 -0.00925014 0.76578485
vn 0.00000000 0.00000000 1.00000000
vn 0.00000000 0.00000000 1.00000000
vn 0.00000000 0.00000000 1.00000000
vn 0.11821417 0.33331693 0.93537438
vn 0.00000000 0.00000000 1.00000000
vn 0.22339494 0.01748346 0.97457120
vn 0.28307215 -0.02922773 0.95865317
vn 0.00000000 0.00000000 1.00000000
vn 0.00000000 0.00000000 1.00000000
vn 0.00000000 0.00000000 1.00000000
vn 0.00000000 0.00000000 1.00000000
vn 0.00000649 0.00001116 1.00000000
vn 0.00000000 0.00000000 1.00000000
vn 0.00000000 0.00000000 1.00000000
vn 0.00000000 0.00000000 1.00000000
vn 0.00000000 0.00000000 1.00000000
vn 0.00000000 0.00000000 1.00000000
vn 0.00000000 0.00000000 1.00000000
vn 0.00000000 0.00000000 1.00000000
vn 0.00000000 0.00000000 1.00000000
vn 0.00000000 0.00000000 1.00000000
vn 0.00000000 0.00000000 1.00000000
vn 0.00000000 0.00000000 1.00000000
vn 0.01321684 0.00148564 0.99991155
vn 0.00000000 0.00000000 1.00000000
vn -0.01239159 0.68318378 0.73014134
vn 0.00000000 0.00000000 1.00000000
vn 0.00000000 0.00000000 1.00000000
vn 0.00000000 0.00000000 1.00000000
vn 0.00000000 0.00000000 1.00000000
vn 0.00000000 0.00000000 1.00000000
vn 0.00000000 0.00000000 1.00000000
vn 0.00000000 0.00000000 1.00000000
vn 0.00539950 0.00085674 0.99998506
vn 0.00614165 0.03320606 0.99942966
vn 0.00000000 0.00000000 1.00000000
vn 0.00000000 0.00000000 1.00000000
vn 0.00000000 0.00000000 1.00000000
vn 0.38838811 0.00647690 0.92147313
vn 0.00000000 0.00000000 1.00000000
vn 0.03662925 0.11405251 0.99279924
vn 0.00000000 0.00000000 1.00000000
vn 0.00000000 0.00000000 1.00000000
vn 0.15486226 0.74416038 0.64980228
vn 0.00000000 0.00000000 1.00000000
vn 0.02938512 -0.00682899 0.99954484
vn 0.64589030 0.04732078 0.76196225
vn 0.00000000 0.00000000 1.00000000
vn 0.00000000 0.00000000 1.00000000
vn 0.00000000 0.00000000 1.00000000
vn 0.00000000 0.00000000 1.00000000
vn 0.14474000 0.81394627 0.56262048
vn 0.02677158 0.11624377 0.99285984
vn 0.00000000 0.00000000 1.00000000
vn 0.00000000 0.00000000 1.00000000
vn 0.00000000 0.00000000 1.00000000
vn 0.00000000 0.00000000 1.00000000
vn 0.00000000 0.00000000 1.00000000
vn 0.00000000 0.00000000 1.00000000
vn 0.00000000 0.00000000 1.00000000
vn 0.00000000 0.00000000 1.00000000
vn 0.00000000 0.00000000 1.00000000
vn 0.00000000 0.00000000 1.00000000
vn 0.00000000 0.00000000 1.00000000
vn 0.00000000 0.00000000 1.00000000
vn 0.00000000 0.00000000 1.00000000
vn 0.33408761 -0.00203627 0.94253982
vn 0.00128949 0.00001327 0.99999917
vn 0.10951974 -0.00077940 0.99398431
vn 0.00000000 0.00000000 1.00000000
vn 0.00000000 0.00000000 1.00000000
vn 0.00000000 0.00000000 1.00000000
vn 0.20581184 0.00631777 0.97857119
vn 0.00000000 0.00000000 1.00000000
vn 0.00000000 0.00000000 1.00000000
vn 0.00000000 0.00000000 1.00000000
vn 0.00000000 0.00000000 1.00000000
vn 0.00000000 0.00000000 1.00000000
vn 0.00000000 0.00000000 1.00000000
vn 0.00000000 0.00000000 1.00000000
vn 0.00000000 0.00000000 1.00000000
vn 0.00000000 0.00000000 1.00000000
vn 0.00000000 0.00000000 1.00000000
vn 0.00000000 0.00000000 1.00000000
vn 0.70009180 0.01207171 0.71395080
vn 0.00000000 0.00000000 1.00000000
vn 0.00000000 0.00000000 1.00000000
vn 0.00000000 0.00000000 1.00000000
vn 0.00000000 0.00000000 1.00000000
vn 0.00000000 0.00000000 1.00000000
vn 0.00000000 0.00000000 1.00000000
vn 0.00000000 0.00000000 1.00000000
vn 0.00091213 0.03950855 0.99921882
vn 0.03919698 0.00327748 0.99922613
vn 0.00000000 0.00000000 1.00000000
vn 0.00000000 0.00000000 1.00000000
vn 0.00000000 0.00000000 1.00000000
vn 0.00011757 0.00003601 0.99999999
vn 0.00000508 0.00000705 1.00000000
vn 0.00000000 0.00000000 1.00000000
vn 0.11046090 0.00198552 0.99387849
vn 0.00000000 0.00000000 1.00000000
vn 0.00000000 0.00000000 1.00000000
vn 0.00000000 0.00000000 1.00000000
vn 0.02686069 0.30524074 0.95189632
vn 0.00000000 0.00000000 1.00000000
vn 0.42492771 -0.00071569 0.90522700
vn 0.00000000 0.00000000 1.00000000
vn 0.02943495 0.05675636 0.99795406
vn 0.07668251 -0.00271164 0.99705187
vn 0.00000000 0.00000000 1.00000000
vn 0.00000000 0.00000000 1.00000000
vn 0.00000000 0.00000000 1.00000000
vn 0.00000000 0.00000000 1.00000000
vn 0.00018619 0.00028788 0.99999994
vn 0.00000000 0.00000000 1.00000000
vn 0.00181239 0.10119078 0.99486539
vn 0.00000000 0.00000000 1.00000000
vn 0.00000000 0.00000000 1.00000000
vn 0.00000000 0.00000000 1.00000000
vn 0.00000000 0.00000000 1.00000000
vn 0.00000000 0.00000000 1.00000000
vn 0.00000000 0.00000000 1.00000000
vn 0.00000000 0.00000000 1.00000000
vn 0.00000000 0.00000000 1.00000000
vn 0.00000000 0.00000000 1.00000000
vn 0.00000000 0.00000000 1.00000000
vn 0.00000000 0.00000000 1.00000000
vn 0.00000000 0.00000000 1.00000000
vn 0.00000000 0.00000000 1.00000000
vn 0.05766238 0.20940706 0.97612690
vn 0.00000000 0.00000000 1.00000000
vn 0.00000000 0.00000000 1.00000000
vn 0.84206725 -0.01247295 0.53922831
vn 0.00000000 0.00000000 1.00000000
vn 0.00000000 0.00000000 1.00000000
vn 0.00000000 0.00000000 1.00000000
vn 0.00000000 0.00000000 1.00000000
vn 0.00000000 0.00000000 1.00000000
vn 0.00000000 0.00000000 1.00000000
vn 0.00000000 0.00000000 1.00000000
vn 0.00000000 0.00000000 1.00000000
vn 0.02526062 0.18414441 0.98257454
vn 0.00000000 0.00000000 1.00000000
vn 0.00000000 0.00000000 1.00000000
vn 0.00000000 0.00000000 1.00000000
vn 0.00000000 0.00000000 1.00000000
vn 0.00000000 0.00000000 1.00000000
vn 0.54839388 0.00338221 0.83621332
vn 0.71923322 -0.00015193 0.69476870
vn 0.00000000 0.00000000 1.00000000
vn 0.00000000 0.00000000 1.00000000
vn 0.00000000 0.00000000 1.00000000
vn -0.00027038 0.01931900 0.99981333
vn 0.29149792 0.00601930 0.95655252
vn 0.00000000 0.00000000 1.00000000
vn 0.86654185 0.01412583 0.49890447
vn 0.00000000 0.00000000 1.00000000
vn 0.00000000 0.00000000 1.00000000
vn 0.00000000 0.00000000 1.00000000
vn 0.00000000 0.00000000 1.00000000
vn 0.76564668 0.02238032 0.64287191
vn 0.00000000 0.00000000 1.00000000
vn 0.00000000 0.00000000 1.00000000
vn 0.00000000 0.00000000 1.00000000
vn 0.00000000 0.00000000 1.00000000
vn 0.00000000 0.00000000 1.00000000
vn 0.00000000 0.00000000 1.00000000
vn 0.03584246 0.44626337 0.89418361
vn 0.18006864 0.54056964 0.82180275
vn 0.00001087 0.00000297 1.00000000
vn 0.00000000 0.00000000 1.00000000
vn 0.00000000 0.00000000 1.00000000
vn 0.00000000 0.00000000 1.00000000
vn 0.00000000 0.00000000 1.00000000
vn 0.03002981 -0.05148394 0.99822223
vn 0.01737592 0.01832418 0.99968110
vn 0.00000000 0.00000000 1.00000000
vn 0.00000000 0.00000000 1.00000000
vn 0.00000000 0.00000000 1.00000000
vn 0.19076586 0.49846399 0.84566071
vn 0.00000000 0.00000000 1.00000000
vn 0.00000000 0.00000000 1.00000000
vn 0.00000000 0.00000000 1.00000000
vn 0.41037081 -0.00699029 0.91189195
vn 0.00000000 0.00000000 1.00000000
vn 0.00000047 0.00000001 1.00000000
vn 0.00000000 0.00000000 1.00000000
vn 0.00000000 0.00000000 1.00000000
vn 0.00000000 0.00000000 1.00000000
vn 0.00000000 0.00000000 1.00000000
vn 0.00000000 0.00000000 1.00000000
vn 0.27056243 -0.00201029 0.96270033
vn 0.09032788 0.33345851 0.93842756
vn 0.00000000 0.00000000 1.00000000
vn 0.05708610 0.00197961 0.99836730
vn 0.06176909 0.00416595 0.99808177
vn 0.00000000 0.00000000 1.00000000
vn 0.82824286 -0.04988978 0.55814405
vn 0.66853339 0.01199528 0.74358538
vn 0.00000000 0.00000000 1.00000000
vn 0.00000000 0.00000000 1.00000000
vn 0.00000000 0.00000000 1.00000000
vn 0.00000000 0.00000000 1.00000000
vn 0.00000000 0.00000000 1.00000000
vn 0.00000000 0.00000000 1.00000000
vn 0.00000000 0.00000000 1.00000000
vn 0.01120736 -0.00104605 0.99993665
vn 0.04434235 0.23373463 0.97128877
vn 0.00000000 0.00000000 1.00000000
vn 0.09063804 0.46536966 0.88046342
vn 0.00000000 0.00000000 1.00000000
vn 0.00000000 0.00000000 1.00000000
vn 0.00000000 0.00000000 1.00000000
vn 0.00000000 0.00000000 1.00000000
vn 0.00000000 0.00000000 1.00000000
vn 0.00000000 0.00000000 1.00000000
vn 0.10199293 0.44338935 0.89050734
vn 0.00000000 0.00000000 1.00000000
vn 0.00000000 0.00000000 1.00000000
vn 0.00000000 0.00000000 1.00000000
vn 0.00000000 0.00000000 1.00000000
vn 0.00000000 0.00000000 1.00000000
vn 0.00000000 0.00000000 1.00000000
vn 0.00000000 0.00000000 1.00000000
vn 0.00000000 0.00000000 1.00000000
vn 0.00000000 0.00000000 1.00000000
vn 0.06035554 0.27489570 0.95957781
vn 0.00000000 0.00000000 1.00000000
vn 0.00000000 0.00000000 1.00000000
vn 0.00000000 0.00000000 1.00000000
vn 0.00000000 0.00000000 1.00000000
vn 0.00000000 0.00000000 1.00000000
vn 0.00000000 0.00000000 1.00000000
vn 0.00000000 0.00000000 1.00000000
vn 0.48117494 -0.00139843 0.87662348
vn 0.00000000 0.00000000 1.00000000
vn 0.00000000 0.00000000 1.00000000
vn 0.00000000 0.00000000 1.00000000
vn 0.05587648 0.00075118 0.99843741
vn 0.00000000 0.00000000 1.00000000
vn 0.00000000 0.00000000 1.00000000
vn 0.00000000 0.00000000 1.00000000
vn 0.49868671 0.02454446 0.86643472
vn 0.16478946 0.00692979 0.98630442
vn 0.41142595 0.00749998 0.91141233
vn 0.00000000 0.00000000 1.00000000
vn 0.00000000 0.00000000 1.00000000
vn 0.00000000 0.00000000 1.00000000
vn 0.15054216 0.48740674 0.86009983
vn 0.00000000 0.00000000 1.00000000
vn 0.00000000 0.00000000 1.00000000
vn 0.00000000 0.00000000 1.00000000
vn 0.00000000 0.00000000 1.00000000
vn 0.00000000 0.00000000 1.00000000
vn 0.00000000 0.00000000 1.00000000
vn 0.00000000 0.00000000 1.00000000
vn 0.00000000 0.00000000 1.00000000
vn 0.00000000 0.00000000 1.00000000
vn 0.00000000 0.00000000 1.00000000
vn 0.00000000 0.00000000 1.00000000
vn 0.00000000 0.00000000 1.00000000
vn 0.00000000 0.00000000 1.00000000
vn 0.00000000 0.00000000 1.00000000
vn 0.01188976 0.12793465 0.99171133
vn 0.54632510 0.01161889 0.83749262
vn 0.00000000 0.00000000 1.00000000
vn 0.00997352 0.00009610 0.99995026
vn 0.00000000 0.00000000 1.00000000
vn 0.00000000 0.00000000 1.00000000
vn 0.00000000 0.00000000 1.00000000
vn 0.00000000 0.00000000 1.00000000
vn 0.00000000 0.00000000 1.00000000
vn 0.00000000 0.00000000 1.00000000
vn 0.00000000 0.00000000 1.00000000
vn 0.00000000 0.00000000 1.00000000
vn 0.18144831 0.72914142 0.65987067
vn 0.00000000 0.00000000 1.00000000
vn 0.00000000 0.00000000 1.00000000
vn 0.00000000 0.00000000 1.00000000
vn 0.00000000 0.00000000 1.00000000
vn 0.53682079 -0.00657577 0.84367067
vn 0.17120791 0.48743694 0.85620855
vn 0.00717846 0.02467860 0.99966966
vn 0.87935578 0.03155511 0.47511859
vn 0.00000000 0.00000000 1.00000000
vn 0.00000000 0.00000000 1.00000000
vn 0.00000000 0.00000000 1.00000000
vn 0.00000000 0.00000000 1.00000000
vn 0.00000000 0.00000000 1.00000000
vn 0.00010381 0.00037783 0.99999992
vn 0.00000000 0.00000000 1.00000000
vn 0.00000000 0.00000000 1.00000000
vn 0.00000000 0.00000000 1.00000000
vn 0.07278703 0.00114431 0.99734685
vn 0.00000000 0.00000000 1.00000000
vn 0.00000000 0.00000000 1.00000000
vn 0.28601300 0.79430429 0.53598252
vn 0.00000000 0.00000000 1.00000000
vn 0.00000000 0.00000000 1.00000000
vn -0.04997415 0.71069730 0.70172070
vn 0.00000000 0.00000000 1.00000000
vn 0.00000000 0.00000000 1.00000000
vn 0.00000000 0.00000000 1.00000000
vn 0.02314023 0.03071072 0.99926042
vn 0.00000000 0.00000000 1.00000000
vn 0.19657637 0.00354384 0.98048211
vn 0.00000000 0.00000000 1.00000000
vn 0.24159502 0.83599523 0.49269039
vn 0.00000000 0.00000000 1.00000000
vn 0.00000000 0.00000000 1.00000000
vn 0.00000000 0.00000000 1.00000000
vn 0.00000000 0.00000000 1.00000000
vn 0.00000000 0.00000000 1.00000000
vn 0.00000000 0.00000000 1.00000000
vn 0.18505121 -0.00214779 0.98272653
vn 0.00000000 0.00000000 1.00000000
vn 0.18166571 0.00156888 0.98335909
vn 0.00000000 0.00000000 1.00000000
vn 0.00000000 0.00000000 1.00000000
vn 0.00001351 0.00000344 1.00000000
vn 0.27087822 -0.17402230 0.94675299
vn 0.00000000 0.00000000 1.00000000
vn 0.00000000 0.00000000 1.00000000
vn 0.00000000 0.00000000 1.00000000
vn 0.00000000 0.00000000 1.00000000
vn 0.59625974 0.00035419 0.80279150
vn 0.00000000 0.00000000 1.00000000
vn 0.02298461 0.06795878 0.99742334
vn 0.00000000 0.00000000 1.00000000
vn 0.74904680 0.03909202 0.66136277
vn 0.00000000 0.00000000 1.00000000
vn 0.00000000 0.00000000 1.00000000
vn 0.01187571 0.00085009 0.99992912
vn 0.00000000 0.00000000 1.00000000
vn 0.00000000 0.00000000 1.00000000
vn 0.00000000 0.00000000 1.00000000
vn 0.00000000 0.00000000 1.00000000
vn 0.20532909 0.49029066 0.84702718
vn 0.00000000 0.00000000 1.00000000
vn 0.00000000 0.00000000 1.00000000
vn 0.00000000 0.00000000 1.00000000
vn 0.00000000 0.00000000 1.00000000
vn 0.00000000 0.00000000 1.00000000
vn 0.01109525 -0.04555135 0.99890038
vn 0.00203328 0.02402753 0.99970923
vn 0.00000000 0.00000000 1.00000000
vn 0.00000000 0.00000000 1.00000000
vn 0.17224640 -0.00134603 0.98505298
vn 0.12037031 -0.11926862 0.98553842
vn 0.07258320 0.00080835 0.99736203
vn 0.00000000 0.00000000 1.00000000
vn 0.00000000 0.00000000 1.00000000
vn 0.00000000 0.00000000 1.00000000
vn 0.64947856 0.00204705 0.76037715
vn 0.68628885 -0.00918008 0.72727116
vn 0.00000000 0.00000000 1.00000000
vn 0.00000000 0.00000000 1.00000000
vn 0.00000000 0.00000000 1.00000000
vn 0.00190331 0.01054267 0.99994261
vn 0.00000000 0.00000000 1.00000000
vn 0.00000000 0.00000000 1.00000000
vn 0.00000000 0.00000000 1.00000000
vn 0.00000000 0.00000000 1.00000000
vn 0.00000000 0.00000000 1.00000000
vn 0.00000000 0.00000000 1.00000000
vn 0.00000000 0.00000000 1.00000000
vn 0.04254825 0.00017143 0.99909440
vn 0.02469569 0.09219313 0.99543485
vn 0.43614429 0.01400232 0.89976780
vn 0.00000000 0.00000000 1.00000000
vn 0.00000000 0.00000000 1.00000000
vn 0.00000000 0.00000000 1.00000000
vn 0.00000000 0.00000000 1.00000000
vn 0.00980982 0.31734342 0.94825994
vn 0.00000000 0.00000000 1.00000000
vn 0.00000000 0.00000000 1.00000000
vn 0.00000000 0.00000000 1.00000000
vn 0.09586413 0.33201413 0.93839047
vn 0.00000000 0.00000000 1.00000000
vn 0.00000000 0.00000000 1.00000000
vn 0.34904438 0.00392967 0.93709796
vn 0.21698538 0.74987247 0.62498689
vn 0.00000000 0.00000000 1.00000000
vn 0.00000000 0.00000000 1.00000000
vn 0.00000000 0.00000000 1.00000000
vn 0.00000000 0.00000000 1.00000000
vn 0.00000000 0.00000000 1.00000000
vn 0.00000000 0.00000000 1.00000000
vn 0.00000000 0.00000000 1.00000000
vn 0.00018062 -0.00006824 0.99999998
vn 0.00000000 0.00000000 1.00000000
vn 0.00000000 0.00000000 1.00000000
vn 0.00000000 0.00000000 1.00000000
vn 0.06848095 0.00066520 0.99765220
vn 0.00000000 0.00000000 1.00000000
vn -0.00566924 0.08623409 0.99625877
vn 0.03920376 -0.00032078 0.99923119
vn 0.00000000 0.00000000 1.00000000
vn 0.00000000 0.00000000 1.00000000
vn 0.00000000 0.00000000 1.00000000
vn 0.00000000 0.00000000 1.00000000
vn 0.00000000 0.00000000 1.00000000
vn 0.00000000 0.00000000 1.00000000
vn 0.00000000 0.00000000 1.00000000
vn 0.24131766 0.75360798 0.61142522
vn 0.00000000 0.00000000 1.00000000
vn 0.67054640 0.01095313 0.74178673
vn 0.00468384 0.00040179 0.99998895
vn 0.01500494 -0.00066004 0.99988720
vn 0.00000000 0.00000000 1.00000000
vn 0.00000000 0.00000000 1.00000000
vn 0.00000000 0.00000000 1.00000000
vn 0.00000000 0.00000000 1.00000000
vn 0.00232329 0.00105222 0.99999675
vn 0.00000000 0.00000000 1.00000000
vn -0.37918878 0.78731087 -0.48616609
vn -0.29210078 0.83989941 -0.45743427
vn -0.29033952 0.84348627 -0.45192242
vn -0.26376972 0.85676637 -0.44314436
vn -0.24472703 0.84671593 -0.47242016
vn -0.24506938 0.88556473 -0.39460881
vn -0.20408208 0.86725869 -0.45410667
vn -0.12732377 0.86949776 -0.47724450
vn -0.13399732 0.87357745 -0.46787516
vn -0.14155948 0.89821784 -0.41613174
vn -0.04231465 0.91704124 -0.39654109
vn -0.00369371 0.86118917 -0.50827116
vn -0.00062369 0.86763039 -0.49720933
vn -0.19088428 0.84419069 -0.50090445
vn -0.53700708 0.13611910 -0.83252326
vn -0.24277011 0.01941858 -0.96988947
vn -0.07230724 0.00192119 -0.99738056
vn -0.00454457 0.00182753 -0.99998800
vn 0.00000000 0.00000000 -1.00000000
vn 0.00000000 0.00000000 -1.00000000
vn 0.00000000 0.00000000 -1.00000000
vn 0.00000000 0.00000000 -1.00000000
vn 0.00000000 0.00000000 -1.00000000
vn 0.00000000 0.00000000 -1.00000000
vn 0.00000000 0.00000000 -1.00000000
vn 0.00432641 0.00234549 -0.99998789
vn 0.07238047 0.00527682 -0.99736313
vn 0.24371274 0.01220300 -0.96977069
vn 0.54066921 0.11969720 -0.83267604
vn 0.22254688 0.78166771 -0.58263924
vn -0.00508580 0.85607872 -0.51682043
vn -0.01649640 0.87657273 -0.48098662
vn 0.10248561 0.88114390 -0.46160820
vn 0.09433939 0.85667909 -0.50714989
vn 0.10713477 0.87890645 -0.46480705
vn 0.18785737 0.83145978 -0.52286159
vn 0.19491936 0.88156669 -0.42993792
vn 0.23795966 0.82123699 -0.51859908
vn 0.23140349 0.79413074 -0.56196867
vn 0.22280338 0.82384982 -0.52118148
vn 0.24842109 0.82666347 -0.50489056
vn 0.35526448 0.80136486 -0.48124994
vn 0.30395953 0.76508745 -0.56767050
vn 0.26237189 0.55069838 -0.79239654
vn 0.15124139 0.25476056 -0.95510371
vn 0.06161331 0.10629172 -0.99242424
vn 0.01328432 0.01822009 -0.99974575
vn 0.00000734 0.00000735 -1.00000000
vn 0.00434175 -0.00569885 -0.99997434
vn 0.01439275 -0.07952703 -0.99672880
vn 0.07472742 -0.24162264 -0.96748866
vn 0.32549132 -0.45616755 -0.82823099
vn 0.83097421 -0.19335000 -0.52162979
vn 0.82752970 -0.02150077 -0.56101009
vn 0.81770699 0.02618904 -0.57503861
vn 0.86055111 0.06092865 -0.50570692
vn 0.94329729 0.03931353 -0.32961289
vn 0.92445384 -0.00892939 -0.38118941
vn 0.94228336 0.00390917 -0.33479366
vn 0.87574097 -0.03119510 -0.48177238
vn 0.87384944 -0.02643198 -0.48547760
vn 0.84536788 0.02873097 -0.53341136
vn 0.87381595 0.01812917 -0.48591874
vn 0.90055923 0.03026080 -0.43367887
vn 0.89332407 -0.02142225 -0.44890220
vn 0.88158003 0.03168983 -0.47096964
vn 0.91044257 0.02417833 -0.41292824
vn 0.92684607 0.01800415 -0.37500962
vn 0.91467721 0.01345455 -0.40396111
vn 0.90248847 -0.02902321 -0.42973506
vn 0.90131622 0.04530843 -0.43078559
vn 0.89597954 0.02884048 -0.44315787
vn 0.91771360 -0.02656568 -0.39635340
vn 0.88937629 0.01500878 -0.45692948
vn 0.91547675 0.03070587 -0.40119756
vn 0.88060729 -0.13479965 -0.45426848
vn 0.56764561 -0.06771807 -0.82048323
vn 0.24731187 0.00283633 -0.96893178
vn 0.07144562 0.01338691 -0.99735466
vn 0.00408450 -0.00364594 -0.99998501
vn 0.00000000 0.00000000 -1.00000000
vn 0.00000000 0.00000000 -1.00000000
vn 0.00000000 0.00000000 -1.00000000
vn 0.00000000 0.00000000 -1.00000000
vn 0.00000000 0.00000000 -1.00000000
vn 0.00000000 0.00000000 -1.00000000
vn 0.00000000 0.00000000 -1.00000000
vn 0.00000000 0.00000000 -1.00000000
vn 0.00000000 0.00000000 -1.00000000
vn 0.00000000 0.00000000 -1.00000000
vn 0.00000000 0.00000000 -1.00000000
vn 0.00000000 0.00000000 -1.00000000
vn 0.00000000 0.00000000 -1.00000000
vn 0.00000000 0.00000000 -1.00000000
vn 0.00000000 0.00000000 -1.00000000
vn 0.00000000 0.00000000 -1.00000000
vn 0.00000000 0.00000000 -1.00000000
vn 0.00000000 0.00000000 -1.00000000
vn 0.00000000 0.00000000 -1.00000000
vn 0.00000000 0.00000000 -1.00000000
vn 0.00000000 0.00000000 -1.00000000
vn 0.00000000 0.00000000 -1.00000000
vn 0.00000000 0.00000000 -1.00000000
vn 0.00000000 0.00000000 -1.00000000
vn 0.00000000 0.00000000 -1.00000000
vn 0.00000000 0.00000000 -1.00000000
vn 0.00000000 0.00000000 -1.00000000
vn 0.00000000 0.00000000 -1.00000000
vn 0.00000000 0.00000000 -1.00000000
vn 0.00000000 0.00000000 -1.00000000
vn 0.00000000 0.00000000 -1.00000000
vn 0.00000000 0.00000000 -1.00000000
vn 0.00000000 0.00000000 -1.00000000
vn -0.00554569 -0.00231650 -0.99998194
vn -0.07594798 -0.00962584 -0.99706532
vn -0.24822623 -0.01203782 -0.96862729
vn -0.57692805 -0.06211265 -0.81442989
vn -0.85993923 -0.09821674 -0.50085725
vn -0.92269022 0.00538473 -0.38550456
vn -0.89961935 0.02355289 -0.43603932
vn -0.92591728 -0.00625701 -0.37767453
vn -0.91531300 0.03053608 -0.40158394
vn -0.89738211 -0.00232642 -0.44124816
vn -0.87522406 0.02997018 -0.48278839
vn -0.92075565 -0.01583954 -0.38981808
vn -0.89838452 0.06308806 -0.43465522
vn -0.87098483 -0.00476622 -0.49128678
vn -0.84951366 0.00944271 -0.52748210
vn -0.90618529 0.01017648 -0.42275839
vn -0.85208210 0.00608388 -0.52337280
vn -0.89494888 0.00097144 -0.44616764
vn -0.90568680 0.00628118 -0.42390090
vn -0.87140050 0.00516172 -0.49054513
vn -0.93369583 0.01830580 -0.35759894
vn -0.91093197 0.03323149 -0.41121602
vn -0.83725010 0.03625059 -0.54561723
vn -0.85546677 0.01664396 -0.51759017
vn -0.83986641 0.01835658 -0.54248267
vn -0.83548812 0.00373692 -0.54949580
vn -0.85109650 -0.00216125 -0.52500483
vn -0.81209199 -0.16568416 -0.55951350
vn -0.24564674 -0.55411414 -0.79537111
vn -0.09926889 -0.23461944 -0.96700538
vn -0.00733128 -0.07493018 -0.99716183
vn -0.00275142 -0.00766824 -0.99996681
vn 0.00000074 0.00001513 -1.00000000
vn -0.01025628 0.02315002 -0.99967939
vn -0.04918218 0.10152561 -0.99361646
vn -0.14199154 0.26377369 -0.95407643
vn -0.27769560 0.52124966 -0.80695970
vn 0.00000000 0.00000000 -1.00000000
vn 0.41485009 0.00981278 -0.90983686
vn 0.73511596 0.00754432 -0.67789941
vn 0.00000000 0.00000000 -1.00000000
vn 0.77661297 0.02082801 -0.62963361
vn 0.00000000 0.00000000 -1.00000000
vn 0.00000000 0.00000000 -1.00000000
vn 0.00000000 0.00000000 -1.00000000
vn 0.00000000 0.00000000 -1.00000000
vn -0.52442349 0.00025466 -0.85145754
vn 0.00000000 0.00000000 -1.00000000
vn -0.15671187 -0.03492258 -0.98702675
vn 0.00000000 0.00000000 -1.00000000
vn 0.00000000 0.00000000 -1.00000000
vn 0.00000000 0.00000000 -1.00000000
vn 0.00000000 0.00000000 -1.00000000
vn 0.10101328 0.00458544 -0.99487451
vn 0.00000000 0.00000000 -1.00000000
vn -0.52721156 0.01574237 -0.84958822
vn 0.00000000 0.00000000 -1.00000000
vn 0.00000000 0.00000000 -1.00000000
vn 0.02013952 -0.00133921 -0.99979628
vn 0.00000000 0.00000000 -1.00000000
vn 0.00000000 0.00000000 -1.00000000
vn 0.00000000 0.00000000 -1.00000000
vn 0.00141468 -0.00025043 -0.99999897
vn -0.01380511 -0.00096422 -0.99990424
vn 0.00000000 0.00000000 -1.00000000
vn 0.00000000 0.00000000 -1.00000000
vn 0.00000000 0.00000000 -1.00000000
vn 0.00000000 0.00000000 -1.00000000
vn 0.00000000 0.00000000 -1.00000000
vn 0.00000000 0.00000000 -1.00000000
vn 0.00000000 0.00000000 -1.00000000
vn 0.00000000 0.00000000 -1.00000000
vn -0.67553033 0.02743822 -0.73682149
vn 0.00510553 0.02305019 -0.99972127
vn -0.37773921 0.00866425 -0.92587149
vn -0.70334841 -0.01421001 -0.71070324
vn 0.00000000 0.00000000 -1.00000000
vn -0.18279392 0.63557162 -0.75009006
vn 0.58411042 -0.25092589 -0.77191399
vn 0.00000000 0.00000000 -1.00000000
vn 0.00000000 0.00000000 -1.00000000
vn 0.00000000 0.00000000 -1.00000000
vn -0.00001686 0.00007328 -1.00000000
vn 0.00000000 0.00000000 -1.00000000
vn 0.00000000 0.00000000 -1.00000000
vn 0.00000000 0.00000000 -1.00000000
vn 0.00000000 0.00000000 -1.00000000
vn 0.00000000 0.00000000 -1.00000000
vn 0.00000000 0.00000000 -1.00000000
vn 0.00000000 0.00000000 -1.00000000
vn -0.19278773 0.00944929 -0.98119499
vn 0.64204648 0.00723314 -0.76663159
vn -0.10489876 -0.00289501 -0.99447869
vn 0.00000000 0.00000000 -1.00000000
vn 0.00000000 0.00000000 -1.00000000
vn 0.00000000 0.00000000 -1.00000000
vn 0.00000000 0.00000000 -1.00000000
vn 0.00000000 0.00000000 -1.00000000
vn 0.00000000 0.00000000 -1.00000000
vn -0.15471307 0.00194357 -0.98795753
vn 0.29068497 0.00212782 -0.95681645
vn 0.00000000 0.00000000 -1.00000000
vn 0.34276722 0.01447539 -0.93930884
vn 0.00000000 0.00000000 -1.00000000
vn 0.00000000 0.00000000 -1.00000000
vn 0.00000000 0.00000000 -1.00000000
vn 0.00000000 0.00000000 -1.00000000
vn 0.13973669 -0.00092697 -0.99018826
vn -0.01066338 0.18304632 -0.98304646
vn 0.00000000 0.00000000 -1.00000000
vn -0.03750885 -0.00159090 -0.99929503
vn 0.00000000 0.00000000 -1.00000000
vn 0.00000000 0.00000000 -1.00000000
vn 0.00000000 0.00000000 -1.00000000
vn 0.00000000 0.00000000 -1.00000000
vn 0.00000000 0.00000000 -1.00000000
vn 0.00000000 0.00000000 -1.00000000
vn 0.00000000 0.00000000 -1.00000000
vn 0.00000000 0.00000000 -1.00000000
vn 0.00000000 0.00000000 -1.00000000
vn 0.00000000 0.00000000 -1.00000000
vn -0.59238897 -0.00492602 -0.80563704
vn 0.00000000 0.00000000 -1.00000000
vn 0.00000000 0.00000000 -1.00000000
vn 0.00000000 0.00000000 -1.00000000
vn 0.00000000 0.00000000 -1.00000000
vn 0.00000000 0.00000000 -1.00000000
vn 0.00000000 0.00000000 -1.00000000
vn 0.00000000 0.00000000 -1.00000000
vn 0.00000000 0.00000000 -1.00000000
vn 0.20496394 -0.00735730 -0.97874187
vn 0.00000000 0.00000000 -1.00000000
vn 0.00000000 0.00000000 -1.00000000
vn 0.00000000 0.00000000 -1.00000000
vn 0.00000000 0.00000000 -1.00000000
vn 0.00000000 0.00000000 -1.00000000
vn 0.00000000 0.00000000 -1.00000000
vn 0.00000000 0.00000000 -1.00000000
vn 0.00000000 0.00000000 -1.00000000
vn -0.02424193 0.07165643 -0.99713474
vn 0.00000000 0.00000000 -1.00000000
vn 0.00000000 0.00000000 -1.00000000
vn 0.00000000 0.00000000 -1.00000000
vn 0.00000000 0.00000000 -1.00000000
vn 0.00000000 0.00000000 -1.00000000
vn 0.00000000 0.00000000 -1.00000000
vn 0.00000000 0.00000000 -1.00000000
vn -0.35595359 -0.00315119 -0.93449832
vn -0.07294817 0.18777718 -0.97949900
vn 0.00000000 0.00000000 -1.00000000
vn 0.00000000 0.00000000 -1.00000000
vn 0.00000000 0.00000000 -1.00000000
vn 0.00000000 0.00000000 -1.00000000
vn 0.00000000 0.00000000 -1.00000000
vn 0.00000000 0.00000000 -1.00000000
vn -0.37156054 0.01710242 -0.92825119
vn 0.00000000 0.00000000 -1.00000000
vn 0.00000000 0.00000000 -1.00000000
vn 0.00000000 0.00000000 -1.00000000
vn 0.00000000 0.00000000 -1.00000000
vn 0.00000000 0.00000000 -1.00000000
vn 0.06860251 0.03139797 -0.99714987
vn 0.00000000 0.00000000 -1.00000000
vn 0.00000000 0.00000000 -1.00000000
vn 0.00000000 0.00000000 -1.00000000
vn 0.00000000 0.00000000 -1.00000000
vn 0.00000000 0.00000000 -1.00000000
vn 0.00000000 0.00000000 -1.00000000
vn 0.00000000 0.00000000 -1.00000000
vn 0.00000000 0.00000000 -1.00000000
vn 0.00000000 0.00000000 -1.00000000
vn 0.00000000 0.00000000 -1.00000000
vn 0.00000000 0.00000000 -1.00000000
vn 0.00000000 0.00000000 -1.00000000
vn 0.23924287 -0.01288220 -0.97087430
vn 0.00000000 0.00000000 -1.00000000
vn 0.00000000 0.00000000 -1.00000000
vn 0.00000000 0.00000000 -1.00000000
vn 0.00000000 0.00000000 -1.00000000
vn 0.00000000 0.00000000 -1.00000000
vn 0.00000000 0.00000000 -1.00000000
vn 0.00000000 0.00000000 -1.00000000
vn 0.00000000 0.00000000 -1.00000000
vn 0.00000000 0.00000000 -1.00000000
vn 0.87218986 0.00570136 -0.48913428
vn 0.00000000 0.00000000 -1.00000000
vn 0.00000000 0.00000000 -1.00000000
vn 0.00000000 0.00000000 -1.00000000
vn 0.00000000 0.00000000 -1.00000000
vn 0.00000000 0.00000000 -1.00000000
vn 0.00000000 0.00000000 -1.00000000
vn -0.01422096 0.10363987 -0.99451322
vn 0.00000000 0.00000000 -1.00000000
vn -0.32878682 -0.06312326 -0.94229225
vn 0.09506327 0.30224466 -0.94847833
vn 0.00000000 0.00000000 -1.00000000
vn 0.00000000 0.00000000 -1.00000000
vn 0.00000000 0.00000000 -1.00000000
vn 0.00000000 0.00000000 -1.00000000
vn 0.00000000 0.00000000 -1.00000000
vn 0.00000000 0.00000000 -1.00000000
vn 0.00000000 0.00000000 -1.00000000
vn 0.00000000 0.00000000 -1.00000000
vn 0.00000000 0.00000000 -1.00000000
vn 0.00000000 0.00000000 -1.00000000
vn 0.00000000 0.00000000 -1.00000000
vn 0.00000000 0.00000000 -1.00000000
vn 0.00000000 0.00000000 -1.00000000
vn 0.00000000 0.00000000 -1.00000000
vn 0.00000000 0.00000000 -1.00000000
vn 0.00000000 0.00000000 -1.00000000
vn 0.00000000 0.00000000 -1.00000000
vn -0.79709474 0.02328168 -0.60340529
vn 0.00000000 0.00000000 -1.00000000
vn 0.00000000 0.00000000 -1.00000000
vn 0.00000000 0.00000000 -1.00000000
vn 0.00000000 0.00000000 -1.00000000
vn 0.00000000 0.00000000 -1.00000000
vn 0.00000000 0.00000000 -1.00000000
vn 0.00000000 0.00000000 -1.00000000
vn 0.00000000 0.00000000 -1.00000000
vn 0.00000000 0.00000000 -1.00000000
vn 0.00000000 0.00000000 -1.00000000
vn 0.00000000 0.00000000 -1.00000000
vn 0.00000000 0.00000000 -1.00000000
vn 0.00000000 0.00000000 -1.00000000
vn -0.00699579 0.08647448 -0.99622950
vn -0.02370613 -0.00060597 -0.99971879
vn 0.00000000 0.00000000 -1.00000000
vn 0.00000000 0.00000000 -1.00000000
vn 0.00000000 0.00000000 -1.00000000
vn 0.00000000 0.00000000 -1.00000000
vn 0.79934195 0.01340661 -0.60072681
vn -0.58714698 -0.00038746 -0.80948025
vn 0.00000000 0.00000000 -1.00000000
vn 0.00000000 0.00000000 -1.00000000
vn 0.00000000 0.00000000 -1.00000000
vn 0.00000000 0.00000000 -1.00000000
vn 0.00000000 0.00000000 -1.00000000
vn 0.17617278 0.02826720 -0.98395331
vn 0.00000000 0.00000000 -1.00000000
vn 0.00001391 -0.00000918 -1.00000000
vn 0.00000000 0.00000000 -1.00000000
vn 0.00000000 0.00000000 -1.00000000
vn 0.44429911 0.01237520 -0.89579303
vn 0.00000000 0.00000000 -1.00000000
vn -0.15921312 -0.00903695 -0.98720287
vn 0.00000000 0.00000000 -1.00000000
vn -0.75188402 0.00644161 -0.65926393
vn 0.00000000 0.00000000 -1.00000000
vn 0.00000000 0.00000000 -1.00000000
vn 0.00000000 0.00000000 -1.00000000
vn 0.02190767 -0.00283384 -0.99975598
vn 0.00000000 0.00000000 -1.00000000
vn 0.00000000 0.00000000 -1.00000000
vn 0.00000000 0.00000000 -1.00000000
vn 0.00000000 0.00000000 -1.00000000
vn 0.00000000 0.00000000 -1.00000000
vn 0.00000000 0.00000000 -1.00000000
vn 0.00000000 0.00000000 -1.00000000
vn 0.24071653 0.00079979 -0.97059513
vn 0.00000000 0.00000000 -1.00000000
vn 0.00000000 0.00000000 -1.00000000
vn 0.00000000 0.00000000 -1.00000000
vn 0.00000000 0.00000000 -1.00000000
vn 0.00000000 0.00000000 -1.00000000
vn 0.00000000 0.00000000 -1.00000000
vn 0.00000000 0.00000000 -1.00000000
vn 0.00000000 0.00000000 -1.00000000
vn 0.00000000 0.00000000 -1.00000000
vn 0.00000000 0.00000000 -1.00000000
vn 0.00000000 0.00000000 -1.00000000
vn 0.00000000 0.00000000 -1.00000000
vn 0.00000000 0.00000000 -1.00000000
vn -0.05870651 0.37879496 -0.92361676
vn 0.00000000 0.00000000 -1.00000000
vn 0.00000000 0.00000000 -1.00000000
vn 0.00000000 0.00000000 -1.00000000
vn 0.00000000 0.00000000 -1.00000000
vn 0.00000000 0.00000000 -1.00000000
vn 0.00000000 0.00000000 -1.00000000
vn 0.00000000 0.00000000 -1.00000000
vn 0.00000000 0.00000000 -1.00000000
vn 0.00000000 0.00000000 -1.00000000
vn 0.00000000 0.00000000 -1.00000000
vn 0.00000000 0.00000000 -1.00000000
vn 0.52269588 0.00989051 -0.85246184
vn -0.79928437 0.01994251 -0.60062200
vn 0.00000000 0.00000000 -1.00000000
vn 0.00000000 0.00000000 -1.00000000
vn 0.00000000 0.00000000 -1.00000000
vn 0.00000000 0.00000000 -1.00000000
vn 0.00000000 0.00000000 -1.00000000
vn -0.01312856 0.12026525 -0.99265498
vn 0.25238712 -0.00114091 -0.96762567
vn 0.81504273 -0.08119846 -0.57368298
vn 0.00000000 0.00000000 -1.00000000
vn 0.01328644 0.01605184 -0.99978288
vn 0.33115903 0.00073124 -0.94357467
vn 0.00000000 0.00000000 -1.00000000
vn -0.81217557 0.01216072 -0.58328635
vn 0.00011202 0.01113342 -0.99993802
vn 0.00000000 0.00000000 -1.00000000
vn 0.00000000 0.00000000 -1.00000000
vn 0.00029568 -0.00007501 -0.99999995
vn 0.00463483 -0.00031888 -0.99998921
vn -0.00693270 -0.00070586 -0.99997572
vn 0.00000000 0.00000000 -1.00000000
vn 0.04797135 0.40984664 -0.91089213
vn -0.42279751 0.01636084 -0.90607648
vn 0.00000000 0.00000000 -1.00000000
vn 0.00000000 0.00000000 -1.00000000
vn -0.68570241 -0.00261888 -0.72787729
vn -0.08135436 -0.04420521 -0.99570446
vn 0.00000000 0.00000000 -1.00000000
vn -0.00034896 0.00248364 -0.99999685
vn 0.08899484 -0.02711923 -0.99566283
vn -0.10301080 0.37873540 -0.91975446
vn 0.00000000 0.00000000 -1.00000000
vn 0.00000000 0.00000000 -1.00000000
vn 0.00000000 0.00000000 -1.00000000
vn 0.00000000 0.00000000 -1.00000000
vn 0.03861960 0.00369474 -0.99924715
vn 0.00000000 0.00000000 -1.00000000
vn -0.14841546 0.44986137 -0.88068019
vn 0.00000000 0.00000000 -1.00000000
vn 0.00000000 0.00000000 -1.00000000
vn 0.00000000 0.00000000 -1.00000000
vn 0.00000000 0.00000000 -1.00000000
vn 0.00000000 0.00000000 -1.00000000
vn 0.00000000 0.00000000 -1.00000000
vn 0.00000000 0.00000000 -1.00000000
vn 0.00000000 0.00000000 -1.00000000
vn 0.00000000 0.00000000 -1.00000000
vn 0.00000000 0.00000000 -1.00000000
vn 0.00000000 0.00000000 -1.00000000
vn 0.33439806 0.00360895 -0.94242502
vn 0.00000000 0.00000000 -1.00000000
vn 0.39377108 -0.00127451 -0.91920766
vn 0.00000000 0.00000000 -1.00000000
vn -0.23953793 -0.00001004 -0.97088701
vn 0.00000000 0.00000000 -1.00000000
vn -0.00105268 -0.00024056 -0.99999942
vn 0.00000000 0.00000000 -1.00000000
vn 0.00000000 0.00000000 -1.00000000
vn 0.00000000 0.00000000 -1.00000000
vn 0.00000000 0.00000000 -1.00000000
vn 0.00000000 0.00000000 -1.00000000
vn 0.78643087 0.00886671 -0.61761466
vn -0.02005623 0.06700782 -0.99755085
vn 0.00000000 0.00000000 -1.00000000
vn 0.00000000 0.00000000 -1.00000000
vn 0.00000000 0.00000000 -1.00000000
vn 0.00000000 0.00000000 -1.00000000
vn 0.00000000 0.00000000 -1.00000000
vn 0.00000000 0.00000000 -1.00000000
vn 0.00000000 0.00000000 -1.00000000
vn 0.00892287 0.18610019 -0.98249026
vn 0.00000000 0.00000000 -1.00000000
vn 0.00000000 0.00000000 -1.00000000
vn 0.15346796 0.00640120 -0.98813289
vn 0.00000000 0.00000000 -1.00000000
vn 0.00000000 0.00000000 -1.00000000
vn 0.00000000 0.00000000 -1.00000000
vn 0.00000000 0.00000000 -1.00000000
vn 0.01116586 -0.00819822 -0.99990405
vn -0.03731682 0.00162340 -0.99930217
vn 0.00000000 0.00000000 -1.00000000
vn 0.00000000 0.00000000 -1.00000000
vn -0.04632389 -0.01498849 -0.99881402
vn 0.00000000 0.00000000 -1.00000000
vn 0.00000000 0.00000000 -1.00000000
vn 0.00000000 0.00000000 -1.00000000
vn 0.00000000 0.00000000 -1.00000000
vn 0.00000000 0.00000000 -1.00000000
vn -0.04931975 0.18342355 -0.98179599
vn 0.00000000 0.00000000 -1.00000000
vn 0.00000000 0.00000000 -1.00000000
vn 0.00000000 0.00000000 -1.00000000
vn 0.00000000 0.00000000 -1.00000000
vn 0.00000000 0.00000000 -1.00000000
vn 0.06552479 0.00597322 -0.99783306
vn 0.00000000 0.00000000 -1.00000000
vn 0.00000000 0.00000000 -1.00000000
vn 0.00000000 0.00000000 -1.00000000
vn 0.00000000 0.00000000 -1.00000000
vn 0.08126333 0.28289498 -0.95570220
vn 0.00000000 0.00000000 -1.00000000
vn 0.00000000 0.00000000 -1.00000000
vn 0.00000000 0.00000000 -1.00000000
vn -0.03659557 0.00132419 -0.99932928
vn 0.00000000 0.00000000 -1.00000000
vn 0.00000000 0.00000000 -1.00000000
vn 0.00000000 0.00000000 -1.00000000
vn 0.00000000 0.00000000 -1.00000000
vn 0.00076660 0.05771261 -0.99833294
vn 0.00000000 0.00000000 -1.00000000
vn 0.00000000 0.00000000 -1.00000000
vn 0.00000000 0.00000000 -1.00000000
vn 0.00000000 0.00000000 -1.00000000
vn 0.00000000 0.00000000 -1.00000000
vn 0.00000000 0.00000000 -1.00000000
vn 0.00000000 0.00000000 -1.00000000
vn 0.01458010 -0.00094412 -0.99989326
vn 0.00000000 0.00000000 -1.00000000
vn 0.00000000 0.00000000 -1.00000000
vn 0.00000000 0.00000000 -1.00000000
vn 0.00000000 0.00000000 -1.00000000
vn 0.02563761 -0.03811591 -0.99894439
vn 0.00000000 0.00000000 -1.00000000
vn -0.00017241 0.00223862 -0.99999748
vn -0.04065706 0.00693627 -0.99914908
vn 0.00000000 0.00000000 -1.00000000
vn 0.00000000 0.00000000 -1.00000000
vn 0.00000000 0.00000000 -1.00000000
vn 0.00000000 0.00000000 -1.00000000
vn 0.00000000 0.00000000 -1.00000000
vn 0.00000000 0.00000000 -1.00000000
vn 0.00000000 0.00000000 -1.00000000
vn 0.00000000 0.00000000 -1.00000000
vn 0.00000000 0.00000000 -1.00000000
vn -0.03085343 0.71830526 -0.69504360
vn 0.00000000 0.00000000 -1.00000000
vn 0.00000000 0.00000000 -1.00000000
vn 0.01357830 0.00048413 -0.99990769
vn -0.05165464 -0.00151808 -0.99866385
vn -0.29113916 0.68811833 -0.66462858
vn 0.07694031 0.14987287 -0.98570701
vn 0.00000000 0.00000000 -1.00000000
vn 0.33407098 -0.01588157 -0.94241411
vn 0.00000000 0.00000000 -1.00000000
vn 0.00000000 0.00000000 -1.00000000
vn 0.03128231 0.00218284 -0.99950821
vn 0.00000000 0.00000000 -1.00000000
vn 0.00000000 0.00000000 -1.00000000
vn 0.00000000 0.00000000 -1.00000000
vn 0.00000000 0.00000000 -1.00000000
vn 0.00000000 0.00000000 -1.00000000
vn 0.24492740 0.01182675 -0.96946929
vn 0.00000000 0.00000000 -1.00000000
vn 0.00000000 0.00000000 -1.00000000
vn 0.00000000 0.00000000 -1.00000000
vn -0.41356103 -0.31194155 -0.85537111
vn 0.00000000 0.00000000 -1.00000000
vn 0.00000000 0.00000000 -1.00000000
vn 0.06744154 0.42275462 -0.90373125
vn 0.00000000 0.00000000 -1.00000000
vn 0.00000000 0.00000000 -1.00000000
vn 0.00000000 0.00000000 -1.00000000
vn 0.00000000 0.00000000 -1.00000000
vn 0.14748394 0.00575013 -0.98904774
vn 0.00000000 0.00000000 -1.00000000
vn -0.49050540 0.01258227 -0.87134731
vn 0.00000000 0.00000000 -1.00000000
vn 0.19419497 0.29638820 -0.93511622
vn 0.00000000 0.00000000 -1.00000000
vn -0.09406014 0.12849466 -0.98723949
vn 0.00000000 0.00000000 -1.00000000
vn 0.00000000 0.00000000 -1.00000000
vn 0.00000000 0.00000000 -1.00000000
vn 0.00000000 0.00000000 -1.00000000
vn 0.00000000 0.00000000 -1.00000000
vn 0.00000000 0.00000000 -1.00000000
vn -0.09980869 0.34471356 -0.93338673
vn 0.01340214 -0.00925011 -0.99986740
vn 0.00000000 0.00000000 -1.00000000
vn 0.00000000 0.00000000 -1.00000000
vn 0.00000000 0.00000000 -1.00000000
vn 0.03120986 -0.00018266 -0.99951284
vn 0.00000000 0.00000000 -1.00000000
vn 0.00000000 0.00000000 -1.00000000
vn 0.00000000 0.00000000 -1.00000000
vn 0.00000000 0.00000000 -1.00000000
vn 0.00000000 0.00000000 -1.00000000
vn 0.00000000 0.00000000 -1.00000000
vn 0.00000000 0.00000000 -1.00000000
vn 0.00000000 0.00000000 -1.00000000
vn 0.00000000 0.00000000 -1.00000000
vn 0.00372662 0.00025026 -0.99999302
vn 0.00000000 0.00000000 -1.00000000
vn 0.00000000 0.00000000 -1.00000000
vn 0.00000000 0.00000000 -1.00000000
vn 0.00000000 0.00000000 -1.00000000
vn 0.00000000 0.00000000 -1.00000000
vn 0.00000000 0.00000000 -1.00000000
vn 0.00000000 0.00000000 -1.00000000
vn 0.00000000 0.00000000 -1.00000000
vn 0.00000000 0.00000000 -1.00000000
vn 0.00000000 0.00000000 -1.00000000
vn 0.00132081 -0.00091251 -0.99999871
vn 0.00000000 0.00000000 -1.00000000
vn 0.00000000 0.00000000 -1.00000000
vn 0.00000000 0.00000000 -1.00000000
vn 0.00000000 0.00000000 -1.00000000
vn 0.00000000 0.00000000 -1.00000000
vn -0.08601584 0.23569961 -0.96801186
vn 0.00000000 0.00000000 -1.00000000
vn 0.00000000 0.00000000 -1.00000000
vn 0.00000000 0.00000000 -1.00000000
vn 0.03777569 0.09777291 -0.99449156
vn 0.00000000 0.00000000 -1.00000000
vn -0.00004760 0.00000705 -1.00000000
vn 0.00000000 0.00000000 -1.00000000
vn 0.00000000 0.00000000 -1.00000000
vn 0.00000000 0.00000000 -1.00000000
vn 0.00000000 0.00000000 -1.00000000
vn 0.57849292 0.00423361 -0.81567641
vn 0.00000000 0.00000000 -1.00000000
vn -0.11235668 0.35240384 -0.92907885
vn 0.05595227 0.15107190 -0.98693800
vn 0.00000000 0.00000000 -1.00000000
vn 0.00000000 0.00000000 -1.00000000
vn 0.00000000 0.00000000 -1.00000000
vn 0.00000000 0.00000000 -1.00000000
vn 0.32660736 0.00728751 -0.94513201
vn 0.00000000 0.00000000 -1.00000000
vn 0.00000000 0.00000000 -1.00000000
vn 0.00000000 0.00000000 -1.00000000
vn 0.00000000 0.00000000 -1.00000000
vn 0.00000000 0.00000000 -1.00000000
vn 0.00000000 0.00000000 -1.00000000
vn 0.00000000 0.00000000 -1.00000000
vn 0.00000000 0.00000000 -1.00000000
vn 0.00000000 0.00000000 -1.00000000
vn -0.00008984 0.00004796 -0.99999999
vn 0.00002087 0.00003147 -1.00000000
vn -0.43540765 0.00974005 -0.90018071
vn 0.00000000 0.00000000 -1.00000000
vn 0.00000000 0.00000000 -1.00000000
vn 0.00000000 0.00000000 -1.00000000
vn 0.00000000 0.00000000 -1.00000000
vn 0.00000000 0.00000000 -1.00000000
vn 0.15108559 0.00552862 -0.98850522
vn -0.15840074 0.37000545 -0.91542623
vn 0.00000000 0.00000000 -1.00000000
vn 0.00000000 0.00000000 -1.00000000
vn 0.00000000 0.00000000 -1.00000000
vn 0.00000000 0.00000000 -1.00000000
vn 0.00000000 0.00000000 -1.00000000
vn 0.00000000 0.00000000 -1.00000000
vn 0.31590757 0.00314986 -0.94878474
vn 0.00000000 0.00000000 -1.00000000
vn 0.00000000 0.00000000 -1.00000000
vn 0.00000000 0.00000000 -1.00000000
vn 0.00000000 0.00000000 -1.00000000
vn 0.00000000 0.00000000 -1.00000000
vn 0.00000000 0.00000000 -1.00000000
vn 0.00000000 0.00000000 -1.00000000
vn 0.00000000 0.00000000 -1.00000000
vn -0.12386683 0.71636050 -0.68664739
vn 0.00000000 0.00000000 -1.00000000
vn 0.00000000 0.00000000 -1.00000000
vn 0.00000000 0.00000000 -1.00000000
vn 0.00000000 0.00000000 -1.00000000
vn 0.00000000 0.00000000 -1.00000000
vn 0.00000000 0.00000000 -1.00000000
vn 0.00000000 0.00000000 -1.00000000
vn 0.00000000 0.00000000 -1.00000000
vn 0.00000000 0.00000000 -1.00000000
vn 0.00000000 0.00000000 -1.00000000
vn 0.15185372 0.32697407 -0.93275313
vn 0.00000000 0.00000000 -1.00000000
vn 0.01375848 0.42469868 -0.90523021
vn 0.00000000 0.00000000 -1.00000000
vn 0.00000000 0.00000000 -1.00000000
vn 0.00669940 0.04685836 -0.99887908
vn 0.00000000 0.00000000 -1.00000000
vn 0.00000000 0.00000000 -1.00000000
vn 0.00000000 0.00000000 -1.00000000
vn 0.00000000 0.00000000 -1.00000000
vn -0.18019500 0.82190973 -0.54036485
vn 0.03588576 0.14110551 -0.98934395
vn 0.00000000 0.00000000 -1.00000000
vn 0.03183971 0.00896577 -0.99945277
vn 0.00000000 0.00000000 -1.00000000
vn 0.00000000 0.00000000 -1.00000000
vn 0.00000000 0.00000000 -1.00000000
vn 0.00000000 0.00000000 -1.00000000
vn 0.00000000 0.00000000 -1.00000000
vn -0.12540046 0.09757369 -0.98729636
vn -0.02039437 0.25169701 -0.96759118
vn -0.02393657 0.09195763 -0.99547518
vn 0.00000000 0.00000000 -1.00000000
vn 0.00000000 0.00000000 -1.00000000
vn 0.00000000 0.00000000 -1.00000000
vn 0.00000000 0.00000000 -1.00000000
vn 0.00000000 0.00000000 -1.00000000
vn 0.00000000 0.00000000 -1.00000000
vn 0.00000000 0.00000000 -1.00000000
vn 0.00000000 0.00000000 -1.00000000
vn 0.00000000 0.00000000 -1.00000000
vn 0.00000000 0.00000000 -1.00000000
vn 0.00000000 0.00000000 -1.00000000
vn 0.00000000 0.00000000 -1.00000000
vn -0.25207728 0.00599429 -0.96768854
vn 0.00000000 0.00000000 -1.00000000
vn 0.33135899 -0.01705348 -0.94335062
vn 0.00000000 0.00000000 -1.00000000
vn -0.01164624 -0.00310632 -0.99992736
vn 0.00337135 0.00951272 -0.99994907
vn 0.00000000 0.00000000 -1.00000000
vn 0.00000000 0.00000000 -1.00000000
vn 0.00000000 0.00000000 -1.00000000
vn 0.09993147 0.27454684 -0.95636694
vn 0.00000000 0.00000000 -1.00000000
vn 0.00000000 0.00000000 -1.00000000
vn 0.00000000 0.00000000 -1.00000000
vn 0.00000000 0.00000000 -1.00000000
vn 0.00000000 0.00000000 -1.00000000
vn 0.00000000 0.00000000 -1.00000000
vn 0.00000000 0.00000000 -1.00000000
vn 0.00000000 0.00000000 -1.00000000
vn 0.00000000 0.00000000 -1.00000000
vn 0.00000000 0.00000000 -1.00000000
vn 0.27628020 0.00347629 -0.96107084
vn 0.00000000 0.00000000 -1.00000000
vn 0.00000000 0.00000000 -1.00000000
vn 0.00000000 0.00000000 -1.00000000
vn 0.00000000 0.00000000 -1.00000000
vn 0.00000000 0.00000000 -1.00000000
vn 0.00000000 0.00000000 -1.00000000
vn 0.00000000 0.00000000 -1.00000000
vn 0.00000000 0.00000000 -1.00000000
vn -0.00293525 0.00062530 -0.99999550
vn 0.00235004 0.08990355 -0.99594770
vn 0.00000000 0.00000000 -1.00000000
vn 0.00000000 0.00000000 -1.00000000
vn -0.17088880 0.00746538 -0.98526204
vn -0.83581266 0.02403728 -0.54848830
vn 0.43970763 -0.00744466 -0.89811012
vn 0.00000000 0.00000000 -1.00000000
vn -0.29991411 0.00259827 -0.95396267
vn 0.00000000 0.00000000 -1.00000000
vn 0.00000000 0.00000000 -1.00000000
vn 0.00000000 0.00000000 -1.00000000
vn 0.00557016 0.04245663 -0.99908278
vn 0.00000000 0.00000000 -1.00000000
vn 0.00934796 -0.00092921 -0.99995588
vn 0.00000000 0.00000000 -1.00000000
vn 0.00000000 0.00000000 -1.00000000
vn 0.00000000 0.00000000 -1.00000000
vn 0.00000000 0.00000000 -1.00000000
vn 0.00000000 0.00000000 -1.00000000
vn 0.00000000 0.00000000 -1.00000000
vn 0.00000000 0.00000000 -1.00000000
vn 0.00000000 0.00000000 -1.00000000
vn -0.02320003 0.02599094 -0.99939293
vn 0.00000000 0.00000000 -1.00000000
vn 0.00000000 0.00000000 -1.00000000
vn 0.00000000 0.00000000 -1.00000000
vn 0.00000000 0.00000000 -1.00000000
vn 0.00000000 0.00000000 -1.00000000
vn 0.28653749 0.00504401 -0.95805575
vn 0.00000000 0.00000000 -1.00000000
vn 0.00000000 0.00000000 -1.00000000
vn 0.00000000 0.00000000 -1.00000000
vn 0.00000000 0.00000000 -1.00000000
vn 0.00000000 0.00000000 -1.00000000
vn 0.00000000 0.00000000 -1.00000000
vn 0.00000000 0.00000000 -1.00000000
vn 0.00000000 0.00000000 -1.00000000
vn 0.81142770 0.04130958 -0.58299109
vn 0.00000000 0.00000000 -1.00000000
vn 0.00000000 0.00000000 -1.00000000
vn 0.00000000 0.00000000 -1.00000000
vn 0.00000000 0.00000000 -1.00000000
vn 0.00000000 0.00000000 -1.00000000
vn 0.00000000 0.00000000 -1.00000000
vn -0.78433823 0.00292300 -0.62032652
vn 0.00000000 0.00000000 -1.00000000
vn -0.49463695 0.00930470 -0.86904989
vn 0.00000000 0.00000000 -1.00000000
vn 0.00000000 0.00000000 -1.00000000
vn 0.00000000 0.00000000 -1.00000000
vn 0.00000000 0.00000000 -1.00000000
vn 0.00000000 0.00000000 -1.00000000
vn -0.04008700 0.20990352 -0.97689997
vn 0.00000000 0.00000000 -1.00000000
vn 0.00000000 0.00000000 -1.00000000
vn 0.00000000 0.00000000 -1.00000000
vn -0.47096781 0.00962298 -0.88209791
vn 0.00000000 0.00000000 -1.00000000
vn 0.00000000 0.00000000 -1.00000000
vn 0.00000000 0.00000000 -1.00000000
vn 0.00000000 0.00000000 -1.00000000
vn 0.00000000 0.00000000 -1.00000000
vn 0.32103621 -0.13534675 -0.93734573
vn 0.00000000 0.00000000 -1.00000000
vn 0.00000000 0.00000000 -1.00000000
vn 0.75980614 0.02124556 -0.64980247
vn 0.03880205 -0.00063581 -0.99924671
vn 0.01906066 0.04002164 -0.99901700
vn 0.00000000 0.00000000 -1.00000000
vn 0.00000000 0.00000000 -1.00000000
vn 0.00000000 0.00000000 -1.00000000
vn 0.00000000 0.00000000 -1.00000000
vn 0.00000000 0.00000000 -1.00000000
vn 0.00000000 0.00000000 -1.00000000
vn 0.00000000 0.00000000 -1.00000000
vn 0.02476980 0.45888222 -0.88815177
vn 0.00000000 0.00000000 -1.00000000
vn 0.00000000 0.00000000 -1.00000000
vn 0.00000000 0.00000000 -1.00000000
vn 0.00000000 0.00000000 -1.00000000
vn 0.00959658 -0.00065095 -0.99995374
vn 0.00000000 0.00000000 -1.00000000
vn 0.00000000 0.00000000 -1.00000000
vn 0.00000000 0.00000000 -1.00000000
vn 0.00000000 0.00000000 -1.00000000
vn 0.00000000 0.00000000 -1.00000000
vn 0.00000000 0.00000000 -1.00000000
vn 0.00000000 0.00000000 -1.00000000
vn 0.00000000 0.00000000 -1.00000000
vn 0.00000000 0.00000000 -1.00000000
vn 0.00000000 0.00000000 -1.00000000
vn 0.00000000 0.00000000 -1.00000000
vn 0.00000000 0.00000000 -1.00000000
vn 0.24632085 0.58611345 -0.77187891
vn 0.00000000 0.00000000 -1.00000000
vn 0.00048913 0.06157760 -0.99810218
vn -0.04859761 -0.00115722 -0.99881777
vn -0.17335139 -0.00248587 -0.98485690
vn 0.00000000 0.00000000 -1.00000000
vn 0.00000000 0.00000000 -1.00000000
vn -0.70608156 0.01706542 -0.70792486
vn 0.00000000 0.00000000 -1.00000000
vn 0.01419389 0.03256554 -0.99936881
vn 0.00000000 0.00000000 -1.00000000
vn -0.03566484 0.02294823 -0.99910029
vn 0.00000000 0.00000000 -1.00000000
vn 0.00000000 0.00000000 -1.00000000
vn 0.00000000 0.00000000 -1.00000000
vn 0.00000000 0.00000000 -1.00000000
vn 0.00000000 0.00000000 -1.00000000
vn 0.00000000 0.00000000 -1.00000000
vn 0.00000000 0.00000000 -1.00000000
vn -0.02938324 0.00266071 -0.99956468
vn 0.00000000 0.00000000 -1.00000000
vn 0.00000000 0.00000000 -1.00000000
vn 0.00000000 0.00000000 -1.00000000
vn 0.00000000 0.00000000 -1.00000000
vn -0.34821785 0.00412517 -0.93740456
vn 0.18040999 0.57197163 -0.80018791
vn 0.00000000 0.00000000 -1.00000000
vn 0.00000000 0.00000000 -1.00000000
vn 0.00000000 0.00000000 -1.00000000
vn 0.00000000 0.00000000 -1.00000000
vn 0.00000000 0.00000000 -1.00000000
vn 0.00000000 0.00000000 -1.00000000
vn 0.00000000 0.00000000 -1.00000000
vn 0.00000000 0.00000000 -1.00000000
vn 0.00000000 0.00000000 -1.00000000
vn 0.00000000 0.00000000 -1.00000000
vn 0.00000000 0.00000000 -1.00000000
vn 0.00000000 0.00000000 -1.00000000
vn 0.00000000 0.00000000 -1.00000000
vn 0.00000000 0.00000000 -1.00000000
vn 0.00000000 0.00000000 -1.00000000
vn 0.00000000 0.00000000 -1.00000000
vn 0.00000000 0.00000000 -1.00000000
vn 0.00000000 0.00000000 -1.00000000
vn -0.20748781 -0.00087868 -0.97823721
vn 0.00000000 0.00000000 -1.00000000
vn 0.00000000 0.00000000 -1.00000000
vn 0.00000000 0.00000000 -1.00000000
vn -0.47339349 0.00358514 -0.88084377
vn 0.00000000 0.00000000 -1.00000000
vn 0.00000000 0.00000000 -1.00000000
vn 0.00000000 0.00000000 -1.00000000
vn 0.00000000 0.00000000 -1.00000000
vn 0.00000000 0.00000000 -1.00000000
vn 0.00000000 0.00000000 -1.00000000
vn 0.00000000 0.00000000 -1.00000000
vn -0.00081316 -0.00004551 -0.99999967
vn 0.00000000 0.00000000 -1.00000000
vn 0.00000000 0.00000000 -1.00000000
vn 0.01778112 0.09521972 -0.99529746
vn -0.24400731 0.68650266 -0.68496316
vn 0.00000000 0.00000000 -1.00000000
vn 0.00000000 0.00000000 -1.00000000
vn 0.00000000 0.00000000 -1.00000000
vn -0.12847643 0.00608990 -0.99169386
vn 0.00000000 0.00000000 -1.00000000
vn 0.00000000 0.00000000 -1.00000000
vn 0.00000000 0.00000000 -1.00000000
vn 0.00429031 0.00040567 -0.99999071
vn 0.00000000 0.00000000 -1.00000000
vn 0.02049537 0.00356044 -0.99978361
vn 0.00000000 0.00000000 -1.00000000
vn 0.45939827 -0.00876342 -0.88818716
vn 0.00000000 0.00000000 -1.00000000
vn 0.00382125 0.00098240 -0.99999222
vn 0.00000000 0.00000000 -1.00000000
vn -0.58718054 0.00044946 -0.80945587
vn 0.00000000 0.00000000 -1.00000000
vn 0.00000000 0.00000000 -1.00000000
vn 0.00000000 0.00000000 -1.00000000
vn 0.00000000 0.00000000 -1.00000000
vn 0.00000000 0.00000000 -1.00000000
vn 0.00000000 0.00000000 -1.00000000
vn 0.00000000 0.00000000 -1.00000000
vn -0.16534550 0.00254032 -0.98623243
vn 0.00000000 0.00000000 -1.00000000
vn 0.00000000 0.00000000 -1.00000000
vn 0.00000000 0.00000000 -1.00000000
vn 0.00000000 0.00000000 -1.00000000
vn 0.00000000 0.00000000 -1.00000000
vn 0.00000000 0.00000000 -1.00000000
vn 0.00000000 0.00000000 -1.00000000
vn 0.00000000 0.00000000 -1.00000000
vn 0.00000000 0.00000000 -1.00000000
vn 0.00000000 0.00000000 -1.00000000
vn -0.00000336 0.00000331 -1.00000000
vn 0.00000000 0.00000000 -1.00000000
vn 0.00000000 0.00000000 -1.00000000
vn 0.00000000 0.00000000 -1.00000000
vn 0.00000000 0.00000000 -1.00000000
vn 0.00040996 0.00017873 -0.99999990
vn 0.00000000 0.00000000 -1.00000000
vn 0.00000000 0.00000000 -1.00000000
vn -0.00593568 0.00170511 -0.99998093
vn 0.01934430 -0.00051242 -0.99981275
vn 0.00000000 0.00000000 -1.00000000
vn 0.00000000 0.00000000 -1.00000000
vn 0.00000000 0.00000000 -1.00000000
vn 0.00000000 0.00000000 -1.00000000
vn 0.00260523 0.01371811 -0.99990251
vn -0.00107794 -0.00003408 -0.99999942
vn 0.00000000 0.00000000 -1.00000000
vn 0.00266430 0.00386599 -0.99998898
vn 0.00000000 0.00000000 -1.00000000
vn 0.00000000 0.00000000 -1.00000000
vn 0.00000000 0.00000000 -1.00000000
vn 0.00000000 0.00000000 -1.00000000
vn 0.00000000 0.00000000 -1.00000000
vn 0.00000000 0.00000000 -1.00000000
vn 0.00000000 0.00000000 -1.00000000
vn -0.02718044 0.39485157 -0.91834278
vn 0.00000000 0.00000000 -1.00000000
vn 0.00000000 0.00000000 -1.00000000
vn 0.00000000 0.00000000 -1.00000000
vn 0.08581134 0.07669752 -0.99335487
vn 0.00000000 0.00000000 -1.00000000
vn 0.00000000 0.00000000 -1.00000000
vn -0.00001161 0.00008125 -1.00000000
vn 0.00000000 0.00000000 -1.00000000
vn 0.00000000 0.00000000 -1.00000000
vn 0.00000000 0.00000000 -1.00000000
vn 0.00000000 0.00000000 -1.00000000
vn 0.00000000 0.00000000 -1.00000000
vn -0.08641570 0.82499261 -0.55849755
vn 0.04186407 -0.01023041 -0.99907094
vn 0.00000000 0.00000000 -1.00000000
vn 0.00000000 0.00000000 -1.00000000
vn -0.00000696 -0.00000079 -1.00000000
vn 0.00000000 0.00000000 -1.00000000
vn 0.00000000 0.00000000 -1.00000000
vn 0.00000000 0.00000000 -1.00000000
vn 0.00000000 0.00000000 -1.00000000
vn 0.00000000 0.00000000 -1.00000000
vn 0.00000000 0.00000000 -1.00000000
vn 0.00000000 0.00000000 -1.00000000
vn 0.00000000 0.00000000 -1.00000000
vn 0.00000000 0.00000000 -1.00000000
vn 0.00000000 0.00000000 -1.00000000
vn 0.00000000 0.00000000 -1.00000000
vn 0.00000000 0.00000000 -1.00000000
vn 0.00000000 0.00000000 -1.00000000
vn 0.00000000 0.00000000 -1.00000000
vn 0.00000000 0.00000000 -1.00000000
vn -0.05428749 0.24386944 -0.96828744
vn 0.00000000 0.00000000 -1.00000000
vn 0.02209755 0.03675964 -0.99907979
vn -0.00448399 0.70833797 -0.70585921
vn 0.00000000 0.00000000 -1.00000000
vn 0.64978206 0.01556838 -0.75996112
vn 0.00000000 0.00000000 -1.00000000
vn -0.10134633 0.00520086 -0.99483761
vn 0.00000000 0.00000000 -1.00000000
vn 0.02662435 0.03778289 -0.99893123
vn -0.76831093 0.04435312 -0.63853826
vn 0.18899252 -0.08899478 -0.97793750
vn 0.00000000 0.00000000 -1.00000000
vn 0.00000000 0.00000000 -1.00000000
vn 0.00000000 0.00000000 -1.00000000
vn 0.00000000 0.00000000 -1.00000000
vn 0.00000000 0.00000000 -1.00000000
vn 0.00000000 0.00000000 -1.00000000
vn 0.80743201 -0.00879596 -0.58989506
vn 0.00000000 0.00000000 -1.00000000
vn 0.29530110 -0.00076736 -0.95540393
vn 0.00000000 0.00000000 -1.00000000
vn 0.00000000 0.00000000 -1.00000000
vn 0.00000000 0.00000000 -1.00000000
vn 0.00000000 0.00000000 -1.00000000
vn 0.00000000 0.00000000 -1.00000000
vn 0.00000000 0.00000000 -1.00000000
vn 0.00000000 0.00000000 -1.00000000
vn 0.00000000 0.00000000 -1.00000000
vn 0.00000000 0.00000000 -1.00000000
vn 0.00000000 0.00000000 -1.00000000
vn 0.00000000 0.00000000 -1.00000000
vn 0.00000000 0.00000000 -1.00000000
vn 0.00000000 0.00000000 -1.00000000
vn 0.00000000 0.00000000 -1.00000000
vn 0.00000000 0.00000000 -1.00000000
vn 0.00000000 0.00000000 -1.00000000
vn 0.70006511 0.01512005 -0.71391892
vn 0.47761906 -0.00228371 -0.87856406
vn 0.00000000 0.00000000 -1.00000000
vn 0.00000000 0.00000000 -1.00000000
vn 0.00000000 0.00000000 -1.00000000
vn 0.00000000 0.00000000 -1.00000000
vn 0.00000000 0.00000000 -1.00000000
vn 0.00000000 0.00000000 -1.00000000
vn 0.00000000 0.00000000 -1.00000000
vn 0.00000000 0.00000000 -1.00000000
vn 0.00000000 0.00000000 -1.00000000
vn 0.00000000 0.00000000 -1.00000000
vn 0.00000000 0.00000000 -1.00000000
vn 0.00000000 0.00000000 -1.00000000
vn 0.00000000 0.00000000 -1.00000000
vn 0.81233622 -0.07473192 -0.57838137
vn 0.00000000 0.00000000 -1.00000000
vn 0.00000000 0.00000000 -1.00000000
vn -0.10176813 0.62415191 -0.77464679
vn -0.00192029 -0.02182742 -0.99975991
vn 0.00000000 0.00000000 -1.00000000
vn 0.00920206 -0.00057595 -0.99995749
vn -0.72158463 0.02835775 -0.69174523
vn 0.00000000 0.00000000 -1.00000000
vn 0.00000000 0.00000000 -1.00000000
vn 0.00000000 0.00000000 -1.00000000
vn 0.00000000 0.00000000 -1.00000000
vn 0.00000000 0.00000000 -1.00000000
vn 0.00000000 0.00000000 -1.00000000
vn 0.00000000 0.00000000 -1.00000000
vn 0.00000000 0.00000000 -1.00000000
vn 0.00000000 0.00000000 -1.00000000
vn 0.00000000 0.00000000 -1.00000000
vn 0.00000000 0.00000000 -1.00000000
vn 0.02071204 0.06864988 -0.99742579
vn 0.00000000 0.00000000 -1.00000000
vn 0.00000000 0.00000000 -1.00000000
vn 0.00000000 0.00000000 -1.00000000
vn 0.00000000 0.00000000 -1.00000000
vn 0.00000000 0.00000000 -1.00000000
vn 0.00000000 0.00000000 -1.00000000
vn 0.00000000 0.00000000 -1.00000000
vn 0.00000000 0.00000000 -1.00000000
vn 0.05088169 0.00604330 -0.99868640
vn 0.00000000 0.00000000 -1.00000000
vn 0.00000000 0.00000000 -1.00000000
vn 0.00000000 0.00000000 -1.00000000
vn 0.00000000 0.00000000 -1.00000000
vn 0.00000000 0.00000000 -1.00000000
vn -0.00057761 0.00815419 -0.99996659
vn 0.00000000 0.00000000 -1.00000000
vn -0.00001572 0.00012941 -0.99999999
vn 0.00000000 0.00000000 -1.00000000
vn 0.46260123 0.01849950 -0.88637344
vn -0.69620901 -0.01613291 -0.71765782
vn 0.00000000 0.00000000 -1.00000000
vn 0.00000000 0.00000000 -1.00000000
vn 0.00000000 0.00000000 -1.00000000
vn 0.00000000 0.00000000 -1.00000000
vn -0.02709045 0.11923519 -0.99249639
vn 0.00000000 0.00000000 -1.00000000
vn 0.00000000 0.00000000 -1.00000000
vn 0.00000000 0.00000000 -1.00000000
vn -0.00118580 0.00003292 -0.99999930
vn 0.00000000 0.00000000 -1.00000000
vn 0.00000000 0.00000000 -1.00000000
vn 0.00000000 0.00000000 -1.00000000
vn 0.00000000 0.00000000 -1.00000000
vn 0.00000000 0.00000000 -1.00000000
vn 0.00000000 0.00000000 -1.00000000
vn 0.00000000 0.00000000 -1.00000000
vn 0.00000000 0.00000000 -1.00000000
vn 0.00023118 -0.00103227 -0.99999944
vn 0.00000000 0.00000000 -1.00000000
vn 0.00000000 0.00000000 -1.00000000
vn 0.00000000 0.00000000 -1.00000000
vn 0.00000000 0.00000000 -1.00000000
vn 0.00000000 0.00000000 -1.00000000
vn 0.00000000 0.00000000 -1.00000000
vn 0.00000000 0.00000000 -1.00000000
vn 0.15833127 -0.00139191 -0.98738507
vn 0.04245376 -0.00183285 -0.99909675
vn 0.00000000 0.00000000 -1.00000000
vn 0.00000000 0.00000000 -1.00000000
vn -0.00101158 0.00516222 -0.99998616
vn 0.00000000 0.00000000 -1.00000000
vn 0.16645895 0.00781934 -0.98601738
vn 0.11960066 0.31742623 -0.94071051
vn 0.00000000 0.00000000 -1.00000000
vn 0.23665373 0.00483970 -0.97158200
vn 0.00000000 0.00000000 -1.00000000
vn 0.00000000 0.00000000 -1.00000000
vn 0.00000000 0.00000000 -1.00000000
vn 0.00000000 0.00000000 -1.00000000
vn 0.00000000 0.00000000 -1.00000000
vn 0.00000000 0.00000000 -1.00000000
vn 0.00000000 0.00000000 -1.00000000
vn 0.00000000 0.00000000 -1.00000000
vn 0.00000000 0.00000000 -1.00000000
vn 0.00000000 0.00000000 -1.00000000
vn 0.18263162 0.62584905 -0.75826028
vn 0.73001611 0.00580300 -0.68340530
vn 0.00078474 0.00074623 -0.99999941
vn 0.00000000 0.00000000 -1.00000000
vn 0.00000000 0.00000000 -1.00000000
vn 0.00000000 0.00000000 -1.00000000
vn 0.13626408 0.75036034 -0.64683186
vn 0.80070238 0.00841678 -0.59900322
vn 0.00000000 0.00000000 -1.00000000
vn 0.00000000 0.00000000 -1.00000000
vn 0.00000000 0.00000000 -1.00000000
vn 0.00000000 0.00000000 -1.00000000
vn -0.29119188 -0.00070795 -0.95666441
vn 0.00000000 0.00000000 -1.00000000
vn 0.46083338 -0.00522428 -0.88747130
vn 0.00000000 0.00000000 -1.00000000
vn 0.00000000 0.00000000 -1.00000000
vn 0.00000000 0.00000000 -1.00000000
vn 0.48760101 0.00901464 -0.87302004
vn -0.17308915 -0.16518028 -0.97095603
vn 0.00000000 0.00000000 -1.00000000
vn -0.02121546 -0.00395345 -0.99976711
vn 0.00000000 0.00000000 -1.00000000
vn -0.05309573 -0.00101277 -0.99858891
vn 0.00000000 0.00000000 -1.00000000
vn -0.00398778 0.01207740 -0.99991911
vn 0.00000000 0.00000000 -1.00000000
vn 0.00000000 0.00000000 -1.00000000
vn 0.00000000 0.00000000 -1.00000000
vn 0.00000000 0.00000000 -1.00000000
vn 0.00000000 0.00000000 -1.00000000
vn 0.00000000 0.00000000 -1.00000000
vn 0.00000000 0.00000000 -1.00000000
vn 0.00000000 0.00000000 -1.00000000
vn 0.00000000 0.00000000 -1.00000000
vn 0.00000000 0.00000000 -1.00000000
vn 0.00000000 0.00000000 -1.00000000
vn 0.00000000 0.00000000 -1.00000000
vn 0.00000000 0.00000000 -1.00000000
vn 0.00000000 0.00000000 -1.00000000
vn 0.00000000 0.00000000 -1.00000000
vn -0.13932022 -0.00132867 -0.99024649
vn 0.00000000 0.00000000 -1.00000000
vn -0.01717131 -0.00001368 -0.99985256
vn 0.00000000 0.00000000 -1.00000000
vn 0.00000000 0.00000000 -1.00000000
vn -0.00006139 0.00004499 -1.00000000
vn -0.64231500 0.01217075 -0.76634412
vn 0.00000000 0.00000000 -1.00000000
vn 0.00000000 0.00000000 -1.00000000
vn 0.00000000 0.00000000 -1.00000000
vn 0.00000000 0.00000000 -1.00000000
vn 0.10099919 0.00201358 -0.99488447
vn 0.00000000 0.00000000 -1.00000000
vn 0.08350413 -0.00586951 -0.99649014
vn 0.00000000 0.00000000 -1.00000000
vn 0.00000000 0.00000000 -1.00000000
vn 0.00000000 0.00000000 -1.00000000
vn 0.42611684 0.01404110 -0.90455917
vn 0.00000000 0.00000000 -1.00000000
vn 0.00000000 0.00000000 -1.00000000
vn 0.00000000 0.00000000 -1.00000000
vn -0.39589162 0.43722259 -0.80753095
vn 0.00000000 0.00000000 -1.00000000
vn 0.19062212 0.00567099 -0.98164711
vn 0.00000000 0.00000000 -1.00000000
vn 0.00000000 0.00000000 -1.00000000
vn 0.69512962 -0.02079041 -0.71858373
vn -0.13535559 0.00246464 -0.99079402
vn 0.05755111 -0.03348073 -0.99778099
vn 0.00000000 0.00000000 -1.00000000
vn 0.00000000 0.00000000 -1.00000000
vn 0.00000000 0.00000000 -1.00000000
vn 0.00000000 0.00000000 -1.00000000
vn 0.00000000 0.00000000 -1.00000000
vn 0.00000000 0.00000000 -1.00000000
vn 0.00000000 0.00000000 -1.00000000
vn 0.00000000 0.00000000 -1.00000000
vn 0.00000000 0.00000000 -1.00000000
vn 0.00000000 0.00000000 -1.00000000
vn -0.00002389 0.00016840 -0.99999999
vn -0.01052737 0.32151153 -0.94684714
vn 0.00445712 -0.00126503 -0.99998927
vn 0.00326178 0.00073526 -0.99999441
vn 0.00000000 0.00000000 -1.00000000
vn 0.00000000 0.00000000 -1.00000000
vn 0.10245761 -0.00458745 -0.99472679
vn 0.00000000 0.00000000 -1.00000000
vn 0.00000000 0.00000000 -1.00000000
vn 0.00117228 -0.00029782 -0.99999927
vn 0.83146124 0.01187258 -0.55545590
vn 0.00000000 0.00000000 -1.00000000
vn 0.00000000 0.00000000 -1.00000000
vn 0.00000000 0.00000000 -1.00000000
vn 0.00000000 0.00000000 -1.00000000
vn 0.00000000 0.00000000 -1.00000000
vn 0.00000000 0.00000000 -1.00000000
vn 0.00000000 0.00000000 -1.00000000
vn 0.00000000 0.00000000 -1.00000000
vn 0.00000000 0.00000000 -1.00000000
vn 0.00000000 0.00000000 -1.00000000
vn 0.00000000 0.00000000 -1.00000000
vn 0.18173618 0.12737056 -0.97506343
vn -0.04218090 -0.00243679 -0.99910702
vn -0.31305446 -0.00924027 -0.94969023
vn 0.00000000 0.00000000 -1.00000000
vn 0.00000000 0.00000000 -1.00000000
vn 0.00000000 0.00000000 -1.00000000
vn 0.00000000 0.00000000 -1.00000000
vn 0.00000000 0.00000000 -1.00000000
vn 0.00000000 0.00000000 -1.00000000
vn 0.00000000 0.00000000 -1.00000000
vn 0.00000000 0.00000000 -1.00000000
vn -0.05584569 -0.00239623 -0.99843654
vn 0.00000000 0.00000000 -1.00000000
vn 0.78089882 -0.01150487 -0.62455158
vn 0.00000000 0.00000000 -1.00000000
vn 0.11538224 -0.00402593 -0.99331301
vn 0.00000000 0.00000000 -1.00000000
vn 0.00026153 0.00773985 -0.99997001
vn 0.00000000 0.00000000 -1.00000000
vn 0.00000000 0.00000000 -1.00000000
vn 0.00000000 0.00000000 -1.00000000
vn 0.00000000 0.00000000 -1.00000000
vn 0.00000000 0.00000000 -1.00000000
vn 0.00000000 0.00000000 -1.00000000
vn 0.00046093 0.00078028 -0.99999959
vn 0.00000000 0.00000000 -1.00000000
vn 0.00000000 0.00000000 -1.00000000
vn 0.00000000 0.00000000 -1.00000000
vn 0.00757080 0.03223404 -0.99945167
vn 0.00000000 0.00000000 -1.00000000
vn 0.00089870 0.00600746 -0.99998155
vn 0.00000000 0.00000000 -1.00000000
vn 0.00000000 0.00000000 -1.00000000
vn 0.00000000 0.00000000 -1.00000000
vn 0.00000000 0.00000000 -1.00000000
vn 0.00000000 0.00000000 -1.00000000
vn 0.00000000 0.00000000 -1.00000000
vn 0.00000000 0.00000000 -1.00000000
vn 0.00000000 0.00000000 -1.00000000
vn 0.00000000 0.00000000 -1.00000000
vn 0.00000000 0.00000000 -1.00000000
vn 0.00000000 0.00000000 -1.00000000
vn 0.00007316 -0.00000449 -1.00000000
vn -0.00054036 -0.00019149 -0.99999984
vn 0.18968649 -0.26904262 -0.94426432
vn 0.00000000 0.00000000 -1.00000000
vn -0.02376951 0.00090907 -0.99971705
vn 0.05324967 -0.16390597 -0.98503772
vn 0.00000000 0.00000000 -1.00000000
vn -0.66154446 -0.00758596 -0.74986758
vn -0.02803803 0.73975830 -0.67228828
vn 0.00000000 0.00000000 -1.00000000
vn 0.00000000 0.00000000 -1.00000000
vn 0.00000000 0.00000000 -1.00000000
vn -0.13647070 -0.00281134 -0.99064012
vn 0.00000000 0.00000000 -1.00000000
vn 0.00000000 0.00000000 -1.00000000
vn -0.20163081 0.00702226 -0.97943642
vn 0.00000000 0.00000000 -1.00000000
vn 0.00000000 0.00000000 -1.00000000
vn 0.00000000 0.00000000 -1.00000000
vn 0.00000000 0.00000000 -1.00000000
vn 0.00000000 0.00000000 -1.00000000
vn 0.00000000 0.00000000 -1.00000000
vn 0.00000000 0.00000000 -1.00000000
vn 0.00000000 0.00000000 -1.00000000
vn 0.00000000 0.00000000 -1.00000000
vn 0.00000000 0.00000000 -1.00000000
vn 0.00000000 0.00000000 -1.00000000
vn 0.00000000 0.00000000 -1.00000000
vn 0.00000000 0.00000000 -1.00000000
vn 0.00000000 0.00000000 -1.00000000
vn -0.00116429 0.00749085 -0.99997127
vn 0.00000000 0.00000000 -1.00000000
vn 0.00000000 0.00000000 -1.00000000
vn 0.00000000 0.00000000 -1.00000000
vn 0.00000000 0.00000000 -1.00000000
vn 0.00000000 0.00000000 -1.00000000
vn 0.00000000 0.00000000 -1.00000000
vn 0.00000000 0.00000000 -1.00000000
vn 0.00000000 0.00000000 -1.00000000
vn -0.01565310 0.03003177 -0.99942637
vn -0.00362080 0.16386978 -0.98647533
vn 0.03583206 0.20438959 -0.97823359
vn 0.00000000 0.00000000 -1.00000000
vn -0.04557623 0.20231010 -0.97826041
vn 0.00000000 0.00000000 -1.00000000
vn 0.00000000 0.00000000 -1.00000000
vn 0.00000000 0.00000000 -1.00000000
vn 0.00000000 0.00000000 -1.00000000
vn 0.71364460 0.02385347 -0.70010171
vn 0.07148165 -0.00659935 -0.99742008
vn 0.14440438 -0.01468805 -0.98940974
vn 0.00000000 0.00000000 -1.00000000
vn 0.00000000 0.00000000 -1.00000000
vn 0.03788799 0.27873558 -0.95962022
vn 0.00000000 0.00000000 -1.00000000
vn 0.00000000 0.00000000 -1.00000000
vn 0.00000000 0.00000000 -1.00000000
vn 0.00000000 0.00000000 -1.00000000
vn 0.00000000 0.00000000 -1.00000000
vn 0.00000000 0.00000000 -1.00000000
vn 0.00000000 0.00000000 -1.00000000
vn 0.00000000 0.00000000 -1.00000000
vn 0.00000000 0.00000000 -1.00000000
vn 0.00000000 0.00000000 -1.00000000
vn 0.54630707 -0.00823392 -0.83754450
vn 0.00000000 0.00000000 -1.00000000
vn 0.00000000 0.00000000 -1.00000000
vn 0.00000000 0.00000000 -1.00000000
vn 0.75721120 0.00929185 -0.65310402
vn 0.00000000 0.00000000 -1.00000000
vn 0.00000000 0.00000000 -1.00000000
vn 0.00000000 0.00000000 -1.00000000
vn 0.00000000 0.00000000 -1.00000000
vn -0.06066512 0.34260045 -0.93752049
vn -0.18075102 -0.00128987 -0.98352804
vn 0.00000000 0.00000000 -1.00000000
vn 0.00000000 0.00000000 -1.00000000
vn 0.00000000 0.00000000 -1.00000000
vn 0.00000000 0.00000000 -1.00000000
vn 0.00000000 0.00000000 -1.00000000
vn 0.00000000 0.00000000 -1.00000000
vn 0.00000000 0.00000000 -1.00000000
vn 0.00000000 0.00000000 -1.00000000
vn 0.00000000 0.00000000 -1.00000000
vn -0.19879184 0.00076959 -0.98004143
vn -0.50015477 0.01265442 -0.86584356
vn 0.00000000 0.00000000 -1.00000000
vn 0.00000000 0.00000000 -1.00000000
vn 0.00000000 0.00000000 -1.00000000
vn 0.00000000 0.00000000 -1.00000000
vn 0.00000000 0.00000000 -1.00000000
vn 0.00000000 0.00000000 -1.00000000
vn 0.00000000 0.00000000 -1.00000000
vn 0.00000000 0.00000000 -1.00000000
vn 0.00000000 0.00000000 -1.00000000
vn 0.00000000 0.00000000 -1.00000000
vn 0.00000000 0.00000000 -1.00000000
vn 0.52504818 0.44409807 -0.72601743
vn 0.00000000 0.00000000 -1.00000000
vn 0.00000000 0.00000000 -1.00000000
vn 0.00000000 0.00000000 -1.00000000
vn -0.00065997 0.00669944 -0.99997734
vn 0.00000000 0.00000000 -1.00000000
vn 0.00000000 0.00000000 -1.00000000
vn 0.00000000 0.00000000 -1.00000000
vn -0.06474778 0.34810530 -0.93521678
vn 0.00000000 0.00000000 -1.00000000
vn -0.01323802 0.06922583 -0.99751318
vn 0.00000000 0.00000000 -1.00000000
vn 0.00000000 0.00000000 -1.00000000
vn 0.00000000 0.00000000 -1.00000000
vn 0.00000000 0.00000000 -1.00000000
vn 0.00000000 0.00000000 -1.00000000
vn 0.11479964 -0.00296677 -0.99338424
vn -0.78845998 0.05839987 -0.61230737
vn 0.00000000 0.00000000 -1.00000000
vn 0.00000000 0.00000000 -1.00000000
vn 0.00000000 0.00000000 -1.00000000
vn 0.02335607 0.20252415 -0.97899870
vn 0.10748314 0.00869218 -0.99416891
vn 0.00000000 0.00000000 -1.00000000
vn 0.00000000 0.00000000 -1.00000000
vn 0.00000000 0.00000000 -1.00000000
vn 0.00000000 0.00000000 -1.00000000
vn 0.00000000 0.00000000 -1.00000000
vn 0.00000000 0.00000000 -1.00000000
vn 0.00000000 0.00000000 -1.00000000
vn 0.00138389 0.01705056 -0.99985367
vn 0.00000000 0.00000000 -1.00000000
vn 0.00000000 0.00000000 -1.00000000
vn 0.00000000 0.00000000 -1.00000000
vn 0.00000000 0.00000000 -1.00000000
vn 0.00000000 0.00000000 -1.00000000
vn 0.00000000 0.00000000 -1.00000000
vn 0.00000000 0.00000000 -1.00000000
vn 0.00000000 0.00000000 -1.00000000
vn 0.00000000 0.00000000 -1.00000000
vn -0.31284738 0.00398236 -0.94979506
vn 0.00000000 0.00000000 -1.00000000
vn 0.06112954 0.22225450 -0.97307046
vn 0.00896169 0.21896062 -0.97569254
vn 0.00000000 0.00000000 -1.00000000
vn 0.00000000 0.00000000 -1.00000000
vn 0.00000000 0.00000000 -1.00000000
vn 0.00000000 0.00000000 -1.00000000
vn -0.19809612 0.72086962 -0.66415730
vn 0.00000000 0.00000000 -1.00000000
vn 0.66684944 0.01212077 -0.74509390
vn 0.00000000 0.00000000 -1.00000000
vn 0.00000000 0.00000000 -1.00000000
vn -0.00498320 -0.00003492 -0.99998758
vn 0.00040669 0.00538340 -0.99998543
vn 0.00000000 0.00000000 -1.00000000
vn 0.36065939 0.02778084 -0.93228377
vn 0.00000000 0.00000000 -1.00000000
vn 0.17152420 0.01630782 -0.98504493
vn 0.00000000 0.00000000 -1.00000000
vn -0.12241757 -0.00102217 -0.99247816
vn 0.00000000 0.00000000 -1.00000000
vn 0.00000000 0.00000000 -1.00000000
vn 0.00352167 0.00361272 -0.99998727
vn -0.26798504 0.01498078 -0.96330659
vn 0.00000000 0.00000000 -1.00000000
vn 0.00000000 0.00000000 -1.00000000
vn 0.00000000 0.00000000 -1.00000000
vn -0.05209652 -0.05599256 -0.99707110
vn 0.00000000 0.00000000 -1.00000000
vn -0.03223349 0.06055209 -0.99764445
vn 0.00000000 0.00000000 -1.00000000
vn 0.00000000 0.00000000 -1.00000000
vn 0.00000000 0.00000000 -1.00000000
vn 0.00000000 0.00000000 -1.00000000
vn 0.74560307 0.01374820 -0.66624849
vn 0.00000000 0.00000000 -1.00000000
vn 0.00000000 0.00000000 -1.00000000
vn 0.29015895 0.00940780 -0.95693222
vn 0.00000000 0.00000000 -1.00000000
vn 0.00000000 0.00000000 -1.00000000
vn 0.00000000 0.00000000 -1.00000000
vn 0.01952150 0.06349041 -0.99779150
vn 0.00000000 0.00000000 -1.00000000
vn 0.00000000 0.00000000 -1.00000000
vn -0.06717203 0.21315137 -0.97470735
vn 0.00000000 0.00000000 -1.00000000
vn 0.00000000 0.00000000 -1.00000000
vn 0.00000000 0.00000000 -1.00000000
vn 0.00000000 0.00000000 -1.00000000
vn 0.00000000 0.00000000 -1.00000000
vn 0.00000000 0.00000000 -1.00000000
vn 0.00000000 0.00000000 -1.00000000
vn 0.00000000 0.00000000 -1.00000000
vn 0.00000000 0.00000000 -1.00000000
vn -0.76079200 -0.03728928 -0.64792364
vn 0.06913131 0.00041755 -0.99760748
vn 0.00000000 0.00000000 -1.00000000
vn 0.00000000 0.00000000 -1.00000000
vn 0.00000000 0.00000000 -1.00000000
vn 0.00000000 0.00000000 -1.00000000
vn 0.02922144 0.11119987 -0.99336836
vn 0.00000000 0.00000000 -1.00000000
vn 0.00000000 0.00000000 -1.00000000
vn 0.00000000 0.00000000 -1.00000000
vn 0.00000000 0.00000000 -1.00000000
vn 0.00275787 0.00734633 -0.99996921
vn -0.00739606 -0.00850357 -0.99993649
vn 0.00000000 0.00000000 -1.00000000
vn 0.00000000 0.00000000 -1.00000000
vn 0.28139728 -0.00750730 -0.95956199
vn 0.00000000 0.00000000 -1.00000000
vn -0.14235596 0.00091830 -0.98981510
vn 0.00000000 0.00000000 -1.00000000
vn 0.00000000 0.00000000 -1.00000000
vn 0.69942331 0.00716737 -0.71467172
vn 0.00000000 0.00000000 -1.00000000
vn -0.13623027 0.43327461 -0.89090652
vn -0.52022489 0.00329973 -0.85402293
vn 0.00000000 0.00000000 -1.00000000
vn 0.09179645 0.52020406 -0.84909431
vn 0.00000000 0.00000000 -1.00000000
vn 0.00000000 0.00000000 -1.00000000
vn -0.00271132 0.08134176 -0.99668258
vn 0.00000000 0.00000000 -1.00000000
vn 0.11290619 -0.00080329 -0.99360533
vn 0.00000000 0.00000000 -1.00000000
vn 0.00000000 0.00000000 -1.00000000
vn -0.45269306 0.00576420 -0.89164778
vn 0.00000000 0.00000000 -1.00000000
vn 0.00000000 0.00000000 -1.00000000
vn 0.00000000 0.00000000 -1.00000000
vn 0.00000000 0.00000000 -1.00000000
vn 0.00000000 0.00000000 -1.00000000
vn 0.00000000 0.00000000 -1.00000000
vn 0.00000000 0.00000000 -1.00000000
vn 0.00000000 0.00000000 -1.00000000
vn 0.00000000 0.00000000 -1.00000000
vn 0.00000000 0.00000000 -1.00000000
vn 0.00000000 0.00000000 -1.00000000
vn 0.00000000 0.00000000 -1.00000000
vn 0.00000000 0.00000000 -1.00000000
vn 0.00000000 0.00000000 -1.00000000
vn 0.00000000 0.00000000 -1.00000000
vn 0.00000000 0.00000000 -1.00000000
vn -0.08434326 0.00127128 -0.99643595
vn 0.00000000 0.00000000 -1.00000000
vn -0.01098981 -0.00137631 -0.99993866
vn 0.00000000 0.00000000 -1.00000000
vn 0.00000000 0.00000000 -1.00000000
vn 0.00000000 0.00000000 -1.00000000
vn 0.00000000 0.00000000 -1.00000000
vn 0.00000000 0.00000000 -1.00000000
vn -0.73398423 -0.02852542 -0.67856720
vn -0.00153989 0.02185829 -0.99975989
vn -0.00922034 -0.00144294 -0.99995645
vn 0.00000000 0.00000000 -1.00000000
vn 0.00000000 0.00000000 -1.00000000
vn 0.00000000 0.00000000 -1.00000000
vn 0.25644134 0.00921270 -0.96651589
vn 0.00000000 0.00000000 -1.00000000
vn 0.00000000 0.00000000 -1.00000000
vn 0.00000000 0.00000000 -1.00000000
vn 0.00000000 0.00000000 -1.00000000
vn 0.00000000 0.00000000 -1.00000000
vn 0.00000000 0.00000000 -1.00000000
vn -0.05890043 0.17622974 -0.98258527
vn 0.00000000 0.00000000 -1.00000000
vn 0.00000000 0.00000000 -1.00000000
vn 0.35084447 0.00458456 -0.93642252
vn 0.00000000 0.00000000 -1.00000000
vn 0.00000000 0.00000000 -1.00000000
vn 0.31298609 0.00568512 -0.94974069
vn 0.00000000 0.00000000 -1.00000000
vn 0.00000000 0.00000000 -1.00000000
vn 0.00000000 0.00000000 -1.00000000
vn 0.00000000 0.00000000 -1.00000000
vn 0.00000000 0.00000000 -1.00000000
vn 0.00000000 0.00000000 -1.00000000
vn 0.57492010 -0.03327731 -0.81753257
vn 0.00000000 0.00000000 -1.00000000
vn -0.07801892 0.00030942 -0.99695183
vn 0.00000000 0.00000000 -1.00000000
vn -0.39114758 0.00041619 -0.92032788
vn 0.15315927 -0.00849525 -0.98816500
vn 0.00000000 0.00000000 -1.00000000
vn 0.01486506 0.00201041 -0.99988749
vn 0.00000000 0.00000000 -1.00000000
vn 0.00000000 0.00000000 -1.00000000
vn 0.00000000 0.00000000 -1.00000000
vn 0.00000000 0.00000000 -1.00000000
vn 0.00000000 0.00000000 -1.00000000
vn 0.00000000 0.00000000 -1.00000000
vn 0.00000000 0.00000000 -1.00000000
vn 0.00000000 0.00000000 -1.00000000
vn 0.00000000 0.00000000 -1.00000000
vn 0.00000000 0.00000000 -1.00000000
vn -0.15949500 0.79721580 -0.58224421
vn 0.21810884 0.00514102 -0.97591091
vn 0.00000000 0.00000000 -1.00000000
vn 0.00000000 0.00000000 -1.00000000
vn 0.16711063 0.60308172 -0.77997851
vn 0.82899821 0.00525018 -0.55922662
vn 0.00000000 0.00000000 -1.00000000
vn 0.00000000 0.00000000 -1.00000000
vn 0.00000000 0.00000000 -1.00000000
vn 0.00000000 0.00000000 -1.00000000
vn 0.00000000 0.00000000 -1.00000000
vn 0.00000000 0.00000000 -1.00000000
vn 0.00000000 0.00000000 -1.00000000
vn 0.00000000 0.00000000 -1.00000000
vn -0.30907691 0.00046551 -0.95103693
vn -0.21038002 0.72642929 -0.65424821
vn 0.00000000 0.00000000 -1.00000000
vn 0.00000000 0.00000000 -1.00000000
vn 0.00000000 0.00000000 -1.00000000
vn 0.00000000 0.00000000 -1.00000000
vn 0.00000000 0.00000000 -1.00000000
vn 0.00000000 0.00000000 -1.00000000
vn 0.00000000 0.00000000 -1.00000000
vn -0.02700515 0.03721707 -0.99894225
vn 0.01335336 0.00110001 -0.99991023
vn 0.00000000 0.00000000 -1.00000000
vn -0.40964428 -0.01585875 -0.91210749
vn -0.78939865 -0.02936437 -0.61317820
vn -0.00201118 -0.00063333 -0.99999778
vn 0.00000000 0.00000000 -1.00000000
vn 0.00000000 0.00000000 -1.00000000
vn 0.64171665 0.05056247 -0.76527327
vn 0.00000000 0.00000000 -1.00000000
vn 0.00000000 0.00000000 -1.00000000
vn 0.00000000 0.00000000 -1.00000000
vn 0.00000000 0.00000000 -1.00000000
vn -0.01035201 0.67242785 -0.74009028
vn 0.00000000 0.00000000 -1.00000000
vn 0.00000000 0.00000000 -1.00000000
vn 0.00000000 0.00000000 -1.00000000
vn 0.00000000 0.00000000 -1.00000000
vn 0.00000000 0.00000000 -1.00000000
vn 0.00000000 0.00000000 -1.00000000
vn 0.00000000 0.00000000 -1.00000000
vn 0.00000000 0.00000000 -1.00000000
vn 0.00000000 0.00000000 -1.00000000
vn 0.00000000 0.00000000 -1.00000000
vn 0.00000000 0.00000000 -1.00000000
vn 0.00000000 0.00000000 -1.00000000
vn 0.00609062 0.05200215 -0.99862840
vn 0.00000000 0.00000000 -1.00000000
vn 0.00000000 0.00000000 -1.00000000
vn 0.02712645 0.29195031 -0.95604873
vn -0.00002331 0.00083161 -0.99999965
vn 0.00000000 0.00000000 -1.00000000
vn -0.00006442 0.00022888 -0.99999997
vn 0.07212446 0.00001734 -0.99739564
vn 0.00000000 0.00000000 -1.00000000
vn -0.67124482 0.01457591 -0.74109239
vn 0.19607564 0.00267111 -0.98058514
vn 0.00000000 0.00000000 -1.00000000
vn 0.00000000 0.00000000 -1.00000000
vn 0.36026693 0.00295696 -0.93284457
vn 0.00000000 0.00000000 -1.00000000
vn 0.00000000 0.00000000 -1.00000000
vn 0.00000000 0.00000000 -1.00000000
vn 0.26241390 0.78007518 -0.56799794
vn 0.00000000 0.00000000 -1.00000000
vn 0.00000000 0.00000000 -1.00000000
vn 0.02654260 0.13817268 -0.99005242
vn 0.00000000 0.00000000 -1.00000000
vn 0.00000000 0.00000000 -1.00000000
vn 0.00000000 0.00000000 -1.00000000
vn 0.00000000 0.00000000 -1.00000000
vn 0.00000000 0.00000000 -1.00000000
vn 0.00000000 0.00000000 -1.00000000
vn 0.00000000 0.00000000 -1.00000000
vn 0.00000000 0.00000000 -1.00000000
vn 0.00000000 0.00000000 -1.00000000
vn 0.00000000 0.00000000 -1.00000000
vn 0.00000000 0.00000000 -1.00000000
vn 0.00000000 0.00000000 -1.00000000
vn 0.00000000 0.00000000 -1.00000000
vn 0.00000000 0.00000000 -1.00000000
vn -0.02903849 0.09862604 -0.99470079
vn -0.00680962 0.01044365 -0.99992228
vn 0.00000000 0.00000000 -1.00000000
vn 0.00000000 0.00000000 -1.00000000
vn 0.00000000 0.00000000 -1.00000000
vn 0.00000000 0.00000000 -1.00000000
vn 0.00000000 0.00000000 -1.00000000
vn 0.00000000 0.00000000 -1.00000000
vn 0.10850339 0.00260770 -0.99409266
vn 0.00000000 0.00000000 -1.00000000
vn 0.00000000 0.00000000 -1.00000000
vn 0.00000000 0.00000000 -1.00000000
vn 0.02834470 0.00057686 -0.99959804
vn 0.00000000 0.00000000 -1.00000000
vn 0.00000000 0.00000000 -1.00000000
vn 0.00000000 0.00000000 -1.00000000
vn 0.05871842 0.19169728 -0.97969602
vn 0.00000000 0.00000000 -1.00000000
vn 0.00000000 0.00000000 -1.00000000
vn 0.00000000 0.00000000 -1.00000000
vn 0.00000000 0.00000000 -1.00000000
vn -0.29502886 0.00011146 -0.95548834
vn 0.00000000 0.00000000 -1.00000000
vn 0.00000000 0.00000000 -1.00000000
vn 0.00000000 0.00000000 -1.00000000
vn 0.00000000 0.00000000 -1.00000000
vn 0.00899527 -0.00179971 -0.99995792
vn -0.00027252 0.00131360 -0.99999910
vn 0.00000000 0.00000000 -1.00000000
vn -0.00089134 0.00109015 -0.99999901
vn 0.00000000 0.00000000 -1.00000000
vn -0.13972842 0.00322634 -0.99018461
vn -0.18860698 0.27556793 -0.94259733
vn 0.00077857 0.04361735 -0.99904801
vn 0.00000000 0.00000000 -1.00000000
vn -0.27446857 0.00513056 -0.96158238
vn -0.26483401 -0.00278846 -0.96428998
vn 0.00002953 0.00000124 -1.00000000
vn 0.00000000 0.00000000 -1.00000000
vn 0.00000000 0.00000000 -1.00000000
vn -0.05185276 0.38202437 -0.92269641
vn -0.04476735 0.00106658 -0.99899687
vn 0.00000000 0.00000000 -1.00000000
vn 0.10399959 0.00677410 -0.99455427
vn 0.00000000 0.00000000 -1.00000000
vn 0.17876293 -0.04058138 -0.98305492
vn 0.00000000 0.00000000 -1.00000000
vn 0.00000000 0.00000000 -1.00000000
vn 0.00000000 0.00000000 -1.00000000
vn 0.00000000 0.00000000 -1.00000000
vn 0.00000000 0.00000000 -1.00000000
vn 0.00000000 0.00000000 -1.00000000
vn -0.23489043 -0.00342090 -0.97201584
vn 0.00000000 0.00000000 -1.00000000
vn 0.00000000 0.00000000 -1.00000000
vn 0.00061971 0.00288778 -0.99999564
vn 0.00000000 0.00000000 -1.00000000
vn 0.03089067 0.00125684 -0.99952198
vn 0.00000000 0.00000000 -1.00000000
vn 0.00000000 0.00000000 -1.00000000
vn 0.38196856 0.00547870 -0.92415908
vn 0.00000000 0.00000000 -1.00000000
vn 0.00000000 0.00000000 -1.00000000
vn 0.00047517 0.00003390 -0.99999989
vn 0.00000000 0.00000000 -1.00000000
vn 0.00000000 0.00000000 -1.00000000
vn 0.00000000 0.00000000 -1.00000000
vn 0.01531329 -0.00051911 -0.99988261
vn 0.00000000 0.00000000 -1.00000000
vn 0.00000000 0.00000000 -1.00000000
vn 0.00000000 0.00000000 -1.00000000
vn 0.00000000 0.00000000 -1.00000000
vn -0.12375137 0.46132748 -0.87855709
vn 0.00000000 0.00000000 -1.00000000
vn 0.00000000 0.00000000 -1.00000000
vn 0.00000000 0.00000000 -1.00000000
vn -0.09895799 0.00331004 -0.99508611
vn 0.00000000 0.00000000 -1.00000000
vn 0.00000000 0.00000000 -1.00000000
vn 0.00000000 0.00000000 -1.00000000
vn -0.10683300 0.71330409 -0.69266441
vn 0.00000000 0.00000000 -1.00000000
vn 0.00000000 0.00000000 -1.00000000
vn 0.00592606 0.37561875 -0.92675533
vn 0.00000000 0.00000000 -1.00000000
vn 0.33380853 0.11115364 -0.93606449
vn 0.00000000 0.00000000 -1.00000000
vn 0.00000000 0.00000000 -1.00000000
vn 0.00000000 0.00000000 -1.00000000
vn 0.00000000 0.00000000 -1.00000000
vn 0.00000000 0.00000000 -1.00000000
vn 0.00000000 0.00000000 -1.00000000
vn 0.00000000 0.00000000 -1.00000000
vn 0.00000000 0.00000000 -1.00000000
vn 0.00000000 0.00000000 -1.00000000
vn 0.00000000 0.00000000 -1.00000000
vn 0.00000000 0.00000000 -1.00000000
vn 0.00000000 0.00000000 -1.00000000
vn 0.00000000 0.00000000 -1.00000000
vn 0.00000000 0.00000000 -1.00000000
vn -0.00631944 0.00023115 -0.99998001
vn 0.00000000 0.00000000 -1.00000000
vn 0.00000000 0.00000000 -1.00000000
vn 0.13614065 0.00399595 -0.99068146
vn 0.00000000 0.00000000 -1.00000000
vn 0.01176070 -0.00089592 -0.99993044
vn -0.27321858 0.09293085 -0.95745259
vn 0.00000000 0.00000000 -1.00000000
vn 0.00000000 0.00000000 -1.00000000
vn 0.00000000 0.00000000 -1.00000000
vn 0.00000000 0.00000000 -1.00000000
vn 0.04479328 0.29723370 -0.95375347
vn 0.00000000 0.00000000 -1.00000000
vn 0.00016547 0.00009676 -0.99999998
vn 0.00000000 0.00000000 -1.00000000
vn -0.00002730 0.00045653 -0.99999990
vn 0.00000000 0.00000000 -1.00000000
vn 0.00000000 0.00000000 -1.00000000
vn 0.00000000 0.00000000 -1.00000000
vn 0.00000000 0.00000000 -1.00000000
vn 0.00000000 0.00000000 -1.00000000
vn 0.00000000 0.00000000 -1.00000000
vn 0.04120673 -0.00356404 -0.99914429
vn 0.00000000 0.00000000 -1.00000000
vn 0.00000000 0.00000000 -1.00000000
vn 0.08133628 -0.08876890 -0.99272579
vn 0.00000000 0.00000000 -1.00000000
vn 0.00000000 0.00000000 -1.00000000
vn 0.00000619 -0.00014196 -0.99999999
vn 0.00000000 0.00000000 -1.00000000
vn 0.00000000 0.00000000 -1.00000000
vn 0.00000000 0.00000000 -1.00000000
vn 0.00000000 0.00000000 -1.00000000
vn 0.00000000 0.00000000 -1.00000000
vn 0.00000000 0.00000000 -1.00000000
vn -0.28291573 0.00727939 -0.95911715
vn 0.00000000 0.00000000 -1.00000000
vn 0.00000000 0.00000000 -1.00000000
vn 0.00000000 0.00000000 -1.00000000
vn 0.08477060 0.00020079 -0.99640047
vn 0.03979446 -0.00065064 -0.99920767
vn 0.00000000 0.00000000 -1.00000000
vn -0.00009816 0.00003516 -0.99999999
vn 0.19980710 0.00249733 -0.97983207
vn 0.02273752 0.07332195 -0.99704909
vn 0.00000000 0.00000000 -1.00000000
vn 0.00000000 0.00000000 -1.00000000
vn 0.00000000 0.00000000 -1.00000000
vn 0.00000000 0.00000000 -1.00000000
vn 0.00000000 0.00000000 -1.00000000
vn -0.00109591 0.00015111 -0.99999939
vn 0.00000000 0.00000000 -1.00000000
vn 0.00000000 0.00000000 -1.00000000
vn 0.20114795 0.75203604 -0.62767929
vn -0.09491881 0.00160329 -0.99548373
vn 0.00000000 0.00000000 -1.00000000
vn 0.00000000 0.00000000 -1.00000000
vn 0.00000000 0.00000000 -1.00000000
vn 0.00000000 0.00000000 -1.00000000
vn 0.00000000 0.00000000 -1.00000000
vn 0.00000000 0.00000000 -1.00000000
vn 0.00000000 0.00000000 -1.00000000
vn 0.00000000 0.00000000 -1.00000000
vn 0.70825818 0.01606614 -0.70577066
vn 0.00000000 0.00000000 -1.00000000
vn 0.00000000 0.00000000 -1.00000000
vn 0.00000000 0.00000000 -1.00000000
vn 0.01813397 0.10162641 -0.99465734
vn 0.00000000 0.00000000 -1.00000000
vn 0.00000000 0.00000000 -1.00000000
vn 0.00000000 0.00000000 -1.00000000
vn 0.00000000 0.00000000 -1.00000000
vn 0.00000000 0.00000000 -1.00000000
vn -0.08984427 0.00193367 -0.99595395
vn 0.00000000 0.00000000 -1.00000000
vn 0.00000000 0.00000000 -1.00000000
vn -0.03774472 0.08589206 -0.99558922
vn 0.00000000 0.00000000 -1.00000000
vn 0.00000000 0.00000000 -1.00000000
vn 0.00000000 0.00000000 -1.00000000
vn -0.03626021 -0.00094543 -0.99934194
vn -0.00105241 0.00030674 -0.99999940
vn 0.01079270 0.00292422 -0.99993748
vn 0.00000000 0.00000000 -1.00000000
vn 0.00000000 0.00000000 -1.00000000
vn 0.52527453 -0.00431739 -0.85092187
vn 0.00000000 0.00000000 -1.00000000
vn 0.00000000 0.00000000 -1.00000000
vn 0.00000000 0.00000000 -1.00000000
vn -0.03188537 -0.00013607 -0.99949152
vn 0.00000000 0.00000000 -1.00000000
vn -0.00337068 0.19613105 -0.98057190
vn 0.00000000 0.00000000 -1.00000000
vn 0.00000000 0.00000000 -1.00000000
vn 0.00000000 0.00000000 -1.00000000
vn 0.00000000 0.00000000 -1.00000000
vn 0.00000000 0.00000000 -1.00000000
vn 0.00000000 0.00000000 -1.00000000
vn 0.00000000 0.00000000 -1.00000000
vn 0.00084031 0.00000350 -0.99999965
vn 0.00000000 0.00000000 -1.00000000
vn 0.00000000 0.00000000 -1.00000000
vn -0.01326809 -0.01668428 -0.99977277
vn 0.00000000 0.00000000 -1.00000000
vn 0.00000000 0.00000000 -1.00000000
vn 0.00000000 0.00000000 -1.00000000
vn 0.08479455 0.55084674 -0.83028775
vn 0.00000000 0.00000000 -1.00000000
vn 0.00000000 0.00000000 -1.00000000
vn 0.00404338 0.01541993 -0.99987293
vn -0.01111869 0.03801086 -0.99921547
vn 0.00000000 0.00000000 -1.00000000
vn 0.00000000 0.00000000 -1.00000000
vn 0.00000000 0.00000000 -1.00000000
vn 0.08973718 0.15950515 -0.98311004
vn 0.00000000 0.00000000 -1.00000000
vn 0.00000000 0.00000000 -1.00000000
vn 0.00000000 0.00000000 -1.00000000
vn 0.00000000 0.00000000 -1.00000000
vn 0.00000000 0.00000000 -1.00000000
vn 0.00000000 0.00000000 -1.00000000
vn 0.00000000 0.00000000 -1.00000000
vn 0.00000000 0.00000000 -1.00000000
vn 0.06950135 -0.00427063 -0.99757272
vn 0.00432564 0.37167728 -0.92835192
vn 0.00000000 0.00000000 -1.00000000
vn 0.00000000 0.00000000 -1.00000000
vn -0.02432712 0.75609902 -0.65400494
vn 0.00000000 0.00000000 -1.00000000
vn 0.00000000 0.00000000 -1.00000000
vn 0.00000000 0.00000000 -1.00000000
vn 0.00000000 0.00000000 -1.00000000
vn 0.00000000 0.00000000 -1.00000000
vn 0.00000000 0.00000000 -1.00000000
vn 0.00000000 0.00000000 -1.00000000
vn 0.00000000 0.00000000 -1.00000000
vn 0.00000000 0.00000000 -1.00000000
vn 0.00000000 0.00000000 -1.00000000
vn 0.10213714 0.00062715 -0.99477013
vn 0.00000000 0.00000000 -1.00000000
vn -0.02547950 0.00063996 -0.99967514
vn 0.00000000 0.00000000 -1.00000000
vn 0.00000000 0.00000000 -1.00000000
vn 0.00000000 0.00000000 -1.00000000
vn 0.00000000 0.00000000 -1.00000000
vn 0.00000000 0.00000000 -1.00000000
vn 0.00000000 0.00000000 -1.00000000
vn 0.00000000 0.00000000 -1.00000000
vn 0.68621204 0.00334959 -0.72739386
vn 0.00000000 0.00000000 -1.00000000
vn 0.00000000 0.00000000 -1.00000000
vn 0.06788308 0.67995269 -0.73010699
vn -0.01255646 0.05932124 -0.99815997
vn 0.00000000 0.00000000 -1.00000000
vn 0.00000000 0.00000000 -1.00000000
vn -0.33571387 0.00736289 -0.94193523
vn 0.00000000 0.00000000 -1.00000000
vn -0.06879822 -0.00402402 -0.99762248
vn 0.00000000 0.00000000 -1.00000000
vn 0.00000000 0.00000000 -1.00000000
vn -0.81760625 -0.04392731 -0.57409965
vn 0.00000000 0.00000000 -1.00000000
vn 0.00000000 0.00000000 -1.00000000
vn 0.00000000 0.00000000 -1.00000000
vn 0.21408980 0.69542204 -0.68596920
vn 0.00000000 0.00000000 -1.00000000
vn 0.00000000 0.00000000 -1.00000000
vn 0.00000000 0.00000000 -1.00000000
vn 0.05999611 -0.00264898 -0.99819510
vn 0.00000000 0.00000000 -1.00000000
vn 0.00000000 0.00000000 -1.00000000
vn 0.00000000 0.00000000 -1.00000000
vn 0.00000000 0.00000000 -1.00000000
vn 0.00000000 0.00000000 -1.00000000
vn 0.00000000 0.00000000 -1.00000000
vn 0.00000000 0.00000000 -1.00000000
vn -0.19973264 0.00939310 -0.97980541
vn 0.00000000 0.00000000 -1.00000000
vn 0.00000000 0.00000000 -1.00000000
vn 0.00000000 0.00000000 -1.00000000
vn 0.00000000 0.00000000 -1.00000000
vn 0.00000000 0.00000000 -1.00000000
vn 0.00000000 0.00000000 -1.00000000
vn 0.00000000 0.00000000 -1.00000000
vn 0.00000000 0.00000000 -1.00000000
vn 0.09381560 0.36857913 -0.92485029
vn 0.10551657 0.43573182 -0.89387026
vn 0.23704678 0.01012196 -0.97144551
vn 0.00000000 0.00000000 -1.00000000
vn 0.75329262 0.02745065 -0.65711239
vn 0.00000000 0.00000000 -1.00000000
vn 0.00000000 0.00000000 -1.00000000
vn 0.00000000 0.00000000 -1.00000000
vn 0.19718691 0.00020297 -0.98036589
vn 0.00000000 0.00000000 -1.00000000
vn 0.00000000 0.00000000 -1.00000000
vn 0.00000000 0.00000000 -1.00000000
vn 0.04365798 -0.00419970 -0.99903771
vn 0.00000000 0.00000000 -1.00000000
vn 0.00000000 0.00000000 -1.00000000
vn 0.00000000 0.00000000 -1.00000000
vn 0.00000000 0.00000000 -1.00000000
vn 0.00000000 0.00000000 -1.00000000
vn 0.00000000 0.00000000 -1.00000000
vn 0.00000000 0.00000000 -1.00000000
vn 0.00000000 0.00000000 -1.00000000
vn 0.00000000 0.00000000 -1.00000000
vn 0.00000000 0.00000000 -1.00000000
vn 0.00000000 0.00000000 -1.00000000
vn -0.04239127 -0.11315497 -0.99267262
vn 0.00000000 0.00000000 -1.00000000
vn 0.00000000 0.00000000 -1.00000000
vn 0.00000000 0.00000000 -1.00000000
vn 0.08854623 0.68864826 -0.71966877
vn 0.00000000 0.00000000 -1.00000000
vn 0.00000000 0.00000000 -1.00000000
vn 0.00000000 0.00000000 -1.00000000
vn 0.00000000 0.00000000 -1.00000000
vn -0.04142569 0.00221016 -0.99913914
vn 0.00000000 0.00000000 -1.00000000
vn 0.00000000 0.00000000 -1.00000000
vn 0.32789373 0.00106315 -0.94471401
vn 0.00000000 0.00000000 -1.00000000
vn 0.00805108 -0.03381994 -0.99939551
vn 0.00000000 0.00000000 -1.00000000
vn 0.00000000 0.00000000 -1.00000000
vn 0.00000000 0.00000000 -1.00000000
vn 0.00000000 0.00000000 -1.00000000
vn 0.00000000 0.00000000 -1.00000000
vn 0.00000000 0.00000000 -1.00000000
vn 0.00000000 0.00000000 -1.00000000
vn 0.00000000 0.00000000 -1.00000000
vn -0.00621610 0.01418479 -0.99988007
vn 0.51745922 -0.00020525 -0.85570784
vn 0.00000000 0.00000000 -1.00000000
vn 0.00000000 0.00000000 -1.00000000
vn 0.00000000 0.00000000 -1.00000000
vn 0.00000000 0.00000000 -1.00000000
vn -0.00225674 -0.00046909 -0.99999734
vn 0.00000000 0.00000000 -1.00000000
vn 0.00000000 0.00000000 -1.00000000
vn -0.00467453 0.00505473 -0.99997630
vn 0.00000000 0.00000000 -1.00000000
vn 0.00000000 0.00000000 -1.00000000
vn 0.00000000 0.00000000 -1.00000000
vn 0.00000000 0.00000000 -1.00000000
vn 0.00000000 0.00000000 -1.00000000
vn 0.06178419 0.00701168 -0.99806490
vn 0.00000000 0.00000000 -1.00000000
vn 0.00000000 0.00000000 -1.00000000
vn 0.04343127 0.26804838 -0.96242599
vn -0.07300310 0.32442378 -0.94309053
vn 0.00000000 0.00000000 -1.00000000
vn 0.00000000 0.00000000 -1.00000000
vn 0.00000000 0.00000000 -1.00000000
vn 0.00000000 0.00000000 -1.00000000
vn 0.00000000 0.00000000 -1.00000000
vn -0.57021340 0.01954276 -0.82126413
vn 0.00000000 0.00000000 -1.00000000
vn 0.14129816 -0.00283916 -0.98996301
vn 0.00000000 0.00000000 -1.00000000
vn 0.11189559 0.00289633 -0.99371575
vn 0.00000000 0.00000000 -1.00000000
vn -0.00093683 0.01954703 -0.99980850
vn 0.00000000 0.00000000 -1.00000000
vn 0.00000000 0.00000000 -1.00000000
vn -0.42329867 -0.00197495 -0.90598804
vn 0.00000000 0.00000000 -1.00000000
vn 0.00000000 0.00000000 -1.00000000
vn 0.00000000 0.00000000 -1.00000000
vn 0.00000000 0.00000000 -1.00000000
vn 0.00000000 0.00000000 -1.00000000
vn 0.00000000 0.00000000 -1.00000000
vn 0.00000000 0.00000000 -1.00000000
vn 0.00000000 0.00000000 -1.00000000
vn 0.24008737 -0.00161423 -0.97074994
vn 0.00000000 0.00000000 -1.00000000
vn 0.00000000 0.00000000 -1.00000000
vn 0.00000000 0.00000000 -1.00000000
vn 0.00000000 0.00000000 -1.00000000
vn 0.00000000 0.00000000 -1.00000000
vn -0.75958018 0.00268797 -0.65040812
vn -0.30229493 0.00458589 -0.95320341
vn -0.74933337 0.10379768 -0.65400729
vn 0.00000000 0.00000000 -1.00000000
vn 0.00000000 0.00000000 -1.00000000
vn 0.00000000 0.00000000 -1.00000000
vn 0.00000000 0.00000000 -1.00000000
vn -0.08206505 0.15787339 -0.98404335
vn 0.00000000 0.00000000 -1.00000000
vn 0.00000000 0.00000000 -1.00000000
vn 0.00000000 0.00000000 -1.00000000
vn 0.00000000 0.00000000 -1.00000000
vn 0.00000000 0.00000000 -1.00000000
vn 0.00000000 0.00000000 -1.00000000
vn 0.00000000 0.00000000 -1.00000000
vn 0.59526626 -0.00078261 -0.80352814
vn 0.00000000 0.00000000 -1.00000000
vn 0.00000000 0.00000000 -1.00000000
vn 0.00000000 0.00000000 -1.00000000
vn 0.00000000 0.00000000 -1.00000000
vn 0.00000000 0.00000000 -1.00000000
vn 0.02325668 -0.00023955 -0.99972950
vn 0.00000000 0.00000000 -1.00000000
vn 0.00000000 0.00000000 -1.00000000
vn -0.00818836 -0.00085274 -0.99996611
vn 0.19518597 -0.00396822 -0.98075822
vn -0.00035962 0.65077828 -0.75926774
vn 0.00000000 0.00000000 -1.00000000
vn 0.00000000 0.00000000 -1.00000000
vn 0.00000000 0.00000000 -1.00000000
vn 0.00009259 0.00007954 -0.99999999
vn -0.13905284 0.59990478 -0.78789502
vn 0.00000000 0.00000000 -1.00000000
vn 0.00000000 0.00000000 -1.00000000
vn 0.00000000 0.00000000 -1.00000000
vn 0.00000000 0.00000000 -1.00000000
vn 0.00000000 0.00000000 -1.00000000
vn 0.00000000 0.00000000 -1.00000000
vn 0.00000000 0.00000000 -1.00000000
vn 0.00000000 0.00000000 -1.00000000
vn 0.00000000 0.00000000 -1.00000000
vn 0.00000000 0.00000000 -1.00000000
vn 0.00000000 0.00000000 -1.00000000
vn 0.00000000 0.00000000 -1.00000000
vn 0.00000000 0.00000000 -1.00000000
vn 0.00000000 0.00000000 -1.00000000
vn -0.00386415 0.01210942 -0.99991921
vn 0.00000000 0.00000000 -1.00000000
vn 0.00902527 0.14908821 -0.98878271
vn 0.00000000 0.00000000 -1.00000000
vn -0.00688837 0.00625268 -0.99995673
vn 0.00000000 0.00000000 -1.00000000
vn -0.00016452 -0.00006562 -0.99999998
vn -0.08514428 0.03089801 -0.99588943
vn 0.00000000 0.00000000 -1.00000000
vn 0.00000000 0.00000000 -1.00000000
vn 0.00000000 0.00000000 -1.00000000
vn -0.27709502 0.00295811 -0.96083797
vn -0.05721129 0.20184986 -0.97774409
vn 0.00000000 0.00000000 -1.00000000
vn 0.00000000 0.00000000 -1.00000000
vn 0.00000000 0.00000000 -1.00000000
vn 0.00000000 0.00000000 -1.00000000
vn 0.00000000 0.00000000 -1.00000000
vn 0.00000000 0.00000000 -1.00000000
vn 0.00000000 0.00000000 -1.00000000
vn 0.00000000 0.00000000 -1.00000000
vn 0.00000000 0.00000000 -1.00000000
vn 0.43118003 0.01225553 -0.90218268
vn 0.00000000 0.00000000 -1.00000000
vn 0.00000000 0.00000000 -1.00000000
vn 0.00000000 0.00000000 -1.00000000
vn 0.00000000 0.00000000 -1.00000000
vn -0.12621942 0.00174736 -0.99200081
vn 0.00000000 0.00000000 -1.00000000
vn 0.00000000 0.00000000 -1.00000000
vn 0.38008078 0.00835060 -0.92491560
vn 0.47426860 0.01824386 -0.88019115
vn 0.00000000 0.00000000 -1.00000000
vn 0.00000000 0.00000000 -1.00000000
vn -0.23629403 0.70655284 -0.66704439
vn 0.00000000 0.00000000 -1.00000000
vn 0.00000000 0.00000000 -1.00000000
vn 0.00000000 0.00000000 -1.00000000
vn 0.00000000 0.00000000 -1.00000000
vn 0.59121508 0.01623817 -0.80635045
vn 0.00000000 0.00000000 -1.00000000
vn 0.03860878 0.78801011 -0.61445051
vn 0.00000000 0.00000000 -1.00000000
vn 0.16321020 0.00541310 -0.98657647
vn 0.00000000 0.00000000 -1.00000000
vn 0.00000000 0.00000000 -1.00000000
vn -0.13704061 0.00264327 -0.99056190
vn 0.00000000 0.00000000 -1.00000000
vn 0.00000000 0.00000000 -1.00000000
vn 0.00000000 0.00000000 -1.00000000
vn 0.00000000 0.00000000 -1.00000000
vn 0.00000000 0.00000000 -1.00000000
vn 0.00000000 0.00000000 -1.00000000
vn 0.00000000 0.00000000 -1.00000000
vn 0.00000000 0.00000000 -1.00000000
vn -0.33801118 0.00532219 -0.94112704
vn 0.00000000 0.00000000 -1.00000000
vn 0.00000000 0.00000000 -1.00000000
vn -0.02356836 0.15592720 -0.98748734
vn -0.41859429 0.00488026 -0.90816023
vn -0.04676585 0.50003739 -0.86474017
vn 0.00000000 0.00000000 -1.00000000
vn -0.76887902 0.03229085 -0.63857839
vn 0.00000000 0.00000000 -1.00000000
vn 0.00000000 0.00000000 -1.00000000
vn -0.00416626 0.02303628 -0.99972595
vn 0.00000000 0.00000000 -1.00000000
vn 0.00000000 0.00000000 -1.00000000
vn 0.00000000 0.00000000 -1.00000000
vn 0.00000000 0.00000000 -1.00000000
vn 0.00000000 0.00000000 -1.00000000
vn 0.00000000 0.00000000 -1.00000000
vn 0.00000000 0.00000000 -1.00000000
vn 0.00000000 0.00000000 -1.00000000
vn 0.00000000 0.00000000 -1.00000000
vn 0.00000000 0.00000000 -1.00000000
vn 0.49969566 0.00877470 -0.86615660
vn 0.00000000 0.00000000 -1.00000000
vn 0.00000000 0.00000000 -1.00000000
vn 0.00000000 0.00000000 -1.00000000
vn 0.00000000 0.00000000 -1.00000000
vn -0.31053859 0.63575261 0.70667136
vn -0.15011776 0.29483799 0.94368174
vn -0.06819707 0.14197069 0.98751885
vn -0.01338469 0.03486188 0.99930251
vn -0.00005297 0.00007296 1.00000000
vn 0.00526705 -0.00422606 0.99997720
vn 0.02851452 -0.07563810 0.99672755
vn 0.00900761 -0.25438570 0.96706090
vn 0.21651500 -0.54889012 0.80736664
vn 0.43996229 -0.76984070 0.46236184
vn 0.30644898 -0.82560340 0.47378059
vn 0.28308773 -0.82181703 0.49444727
vn 0.38483412 -0.77109920 0.50725607
vn 0.31085750 -0.82666293 0.46903733
vn 0.32371810 -0.79314687 0.51587269
vn 0.37898406 -0.80322585 0.45956427
vn 0.39113173 -0.81270969 0.43187838
vn 0.19680294 -0.89637966 0.39720537
vn 0.14286032 -0.54040931 0.82918557
vn 0.09510509 -0.26516117 0.95950226
vn 0.03109562 -0.09055006 0.99540632
vn -0.00870134 -0.00581042 0.99994526
vn -0.05773407 0.08624796 0.99459945
vn -0.14799128 0.22906398 0.96209577
vn -0.34066429 0.49228049 0.80100422
vn -0.53611340 0.70176163 0.46916206
vn -0.48254300 0.80617444 0.34239601
vn -0.39042485 0.78635057 0.47877053
vn -0.48313787 0.74639091 0.45768810
vn -0.45928022 0.81233139 0.35941535
vn -0.46703737 0.78412198 0.40869160
vn -0.46697821 0.84126731 0.27239799
vn -0.43905254 0.80581846 0.39735310
vn -0.43328934 0.82372868 0.36569306
vn -0.45042130 0.78797596 0.41977914
vn -0.44615797 0.77512685 0.44734935
vn -0.47766689 0.79126089 0.38175979
vn -0.39011067 0.80197524 0.45238189
vn -0.41758826 0.73001059 0.54102180
vn -0.01258487 0.02242666 0.99966928
vn -0.13228849 0.21880303 0.96676005
vn -0.15183235 0.26710824 0.95163025
vn 0.21126807 -0.49789604 0.84110958
vn 0.11387452 -0.31234435 0.94311908
vn 0.01871698 -0.07559835 0.99696267
vn 0.06423878 -0.16965893 0.98340695
vn 0.04549988 -0.08780344 0.99509814
vn 0.02309851 -0.05652441 0.99813398
vn 0.06062826 -0.16447633 0.98451600
vn -0.39241007 0.65539017 0.64535112
vn -0.34569354 0.61157750 0.71166631
vn 0.00248934 -0.01401058 0.99989875
vn 0.07113462 -0.17685009 0.98166385
vn 0.05185463 -0.13771427 0.98911368
vn -0.39588640 0.63382858 0.66448122
vn -0.10093929 0.19214010 0.97616261
vn 0.25676926 -0.55760785 0.78939409
vn -0.37442149 0.70838161 0.59833439
vn -0.41805268 0.69779010 0.58165362
vn 0.00032275 -0.00120284 0.99999922
vn 0.08395662 -0.18302419 0.97951694
vn -0.23064783 0.41619042 0.87953801
vn -0.05217787 0.08994028 0.99457942
vn -0.36093501 0.73780450 0.57041251
vn -0.06139134 0.09727385 0.99336242
vn 0.00058370 -0.01471221 0.99989160
vn -0.18260116 0.33511341 0.92431370
vn -0.01469057 0.02083161 0.99967506
vn -0.01542058 0.02516371 0.99956440
vn 0.00000000 0.00000000 1.00000000
vn 0.34241138 -0.70948805 0.61593925
vn 0.39499831 -0.77323477 0.49606888
vn -0.15428359 0.29004595 0.94449453
vn 0.00846008 -0.02093369 0.99974507
vn 0.06182816 -0.14954361 0.98682014
vn 0.00462144 -0.01224646 0.99991433
vn 0.12928222 -0.32954678 0.93524597
vn -0.27161867 0.46669005 0.84167909
vn -0.20966882 0.36920003 0.90538960
vn 0.02571721 -0.06332713 0.99766142
vn 0.02833985 -0.07084488 0.99708468
vn -0.31288281 0.60669106 0.73077377
vn 0.00000000 0.00000000 1.00000000
vn -0.16772375 0.28618931 0.94337926
vn -0.32659454 0.70740553 0.62682807
vn -0.20619948 0.34957048 0.91393777
vn 0.02548576 -0.05907783 0.99792800
vn -0.47929041 0.74792999 0.45921829
vn 0.00430706 -0.01771304 0.99983384
vn -0.03620616 0.06188294 0.99742650
vn -0.06033432 0.09649698 0.99350295
vn 0.25313301 -0.64148647 0.72416765
vn -0.34546654 0.58007312 0.73767747
vn 0.01753240 -0.04117054 0.99899830
vn -0.36121497 0.58681213 0.72468978
vn 0.26414836 -0.73568906 0.62368842
vn -0.22770265 0.39154780 0.89153902
vn -0.10166977 0.18205137 0.97801869
vn -0.12802561 0.22175943 0.96666033
vn -0.21732643 0.37889672 0.89955906
vn -0.14687404 0.25726057 0.95511519
vn -0.11008731 0.18762399 0.97605226
vn -0.27197534 0.48936396 0.82858453
vn 0.08020766 -0.23350151 0.96904271
vn 0.00493968 -0.02736958 0.99961318
vn -0.13077680 0.23242744 0.96378157
vn 0.06645623 -0.17567393 0.98220275
vn 0.21939624 -0.56406469 0.79605045
vn 0.01777130 -0.07686652 0.99688300
vn 0.23531795 -0.56546926 0.79048718
vn 0.08028793 -0.18481514 0.97948824
vn -0.20401780 0.35229050 0.91338280
vn -0.00429646 0.00422058 0.99998186
vn 0.04159867 -0.08999853 0.99507277
vn 0.09795499 -0.27602368 0.95614630
vn -0.10637742 0.19226938 0.97555950
vn -0.37481007 0.66892602 0.64191541
vn -0.03630644 0.06678883 0.99710636
vn -0.12863944 0.22020858 0.96693334
vn -0.06137149 0.10594020 0.99247681
vn -0.43412708 0.72821072 0.53032333
vn -0.01361560 0.02355339 0.99962986
vn 0.03661741 -0.14442886 0.98883743
vn -0.25641348 0.44001878 0.86060188
vn -0.00453380 0.00880419 0.99995096
vn -0.02997045 0.05230277 0.99818144
vn -0.02974756 0.05041097 0.99828544
vn 0.15033194 -0.35377889 0.92316889
vn -0.14543967 0.23695564 0.96057240
vn -0.21534004 0.36166207 0.90709934
vn -0.39585253 0.74768146 0.53317278
vn 0.02832637 -0.06517342 0.99747183
vn 0.00330199 -0.00959557 0.99994851
vn 0.17033056 -0.41887277 0.89192662
vn -0.00002717 0.00076810 0.99999970
vn -0.25582472 0.45568378 0.85258783
vn -0.14202012 0.25461774 0.95655637
vn 0.13576355 -0.29696852 0.94518673
vn 0.07566075 -0.19027026 0.97881187
vn -0.09600709 0.15853810 0.98267406
vn -0.22356738 0.38998570 0.89326859
vn 0.00000000 0.00000000 1.00000000
vn 0.11899825 -0.31021252 0.94319012
vn -0.00166656 -0.00038488 0.99999854
vn -0.00003335 0.00005089 1.00000000
vn 0.28836030 -0.61069667 0.73749434
vn -0.07290296 0.12997915 0.98883294
vn -0.02877322 0.05423938 0.99811332
vn -0.16300645 0.28485994 0.94460770
vn -0.01828015 0.03069408 0.99936165
vn -0.09324239 0.16369321 0.98209490
vn 0.13338177 -0.37454937 0.91756312
vn 0.30074326 -0.78710210 0.53853856
vn 0.29961808 -0.72066049 0.62520194
vn -0.37385548 0.66708468 0.64438351
vn 0.18456585 -0.41372535 0.89149693
vn -0.41426609 0.74361928 0.52479898
vn 0.12276757 -0.27045266 0.95487354
vn 0.00133392 -0.00453914 0.99998881
vn 0.14345227 -0.78241265 0.60601312
vn -0.01778646 0.03289815 0.99930043
vn -0.04840415 0.08941675 0.99481741
vn 0.00019977 0.00061752 0.99999979
vn -0.00021902 0.00052758 0.99999984
vn -0.44686963 0.66117535 0.60262317
vn -0.12127792 0.21518329 0.96901384
vn -0.09232170 0.15133487 0.98416181
vn -0.00227655 0.00717778 0.99997165
vn -0.34323367 0.59160582 0.72951573
vn -0.00594012 0.00770737 0.99995265
vn 0.14508653 -0.34319531 0.92799078
vn 0.13298072 -0.33119361 0.93414502
vn -0.40546077 0.71009526 0.57564424
vn -0.23771963 0.38509346 0.89173561
vn -0.07542874 0.12438570 0.98936278
vn -0.25296599 0.44392921 0.85961332
vn -0.30485317 0.55361632 0.77496678
vn -0.06315087 0.11834890 0.99096191
vn 0.00767926 -0.02079469 0.99975427
vn -0.02031477 0.03496951 0.99918189
vn 0.00720867 -0.01130608 0.99991010
vn 0.25476524 -0.62344800 0.73919366
vn -0.16731933 0.30188830 0.93854552
vn 0.07834229 -0.18270718 0.98004111
vn -0.07966903 0.13893393 0.98709179
vn 0.04533418 -0.10967579 0.99293305
vn -0.06716324 0.12375528 0.99003724
vn -0.22557385 0.39943400 0.88857691
vn 0.01087605 -0.01123241 0.99987776
vn -0.28869753 0.58267314 -0.75970109
vn -0.14970676 0.30063842 -0.94191530
vn -0.07583351 0.13817531 -0.98750031
vn -0.01607147 0.03286022 -0.99933073
vn 0.00000649 0.00000868 -1.00000000
vn 0.00410987 -0.00612150 -0.99997282
vn 0.02207078 -0.07531931 -0.99691518
vn 0.02438395 -0.25326154 -0.96709049
vn 0.24031919 -0.53216686 -0.81181594
vn 0.40037308 -0.78103932 -0.47924835
vn 0.34010279 -0.83173084 -0.43880965
vn 0.36359413 -0.83044307 -0.42209433
vn 0.33417335 -0.84165405 -0.42420117
vn 0.36609835 -0.85924254 -0.35731534
vn 0.33293490 -0.86443201 -0.37671163
vn 0.33421380 -0.83476738 -0.43756663
vn 0.35229327 -0.79547352 -0.49306321
vn 0.23543402 -0.85577496 -0.46067347
vn 0.21134061 -0.54874735 -0.80883341
vn 0.10949760 -0.25340051 -0.96114435
vn 0.05759871 -0.08426909 -0.99477691
vn -0.01160455 -0.00317447 -0.99992763
vn -0.05835991 0.07846750 -0.99520700
vn -0.15484963 0.22467181 -0.96205206
vn -0.34936244 0.50427199 -0.78971871
vn -0.50398076 0.70245340 -0.50255609
vn -0.41927112 0.79533201 -0.43778845
vn -0.49414155 0.75529155 -0.43053315
vn -0.46139446 0.79757627 -0.38857077
vn -0.47293674 0.78843464 -0.39332131
vn -0.45258717 0.81111132 -0.37049059
vn -0.43926572 0.83321729 -0.33584903
vn -0.44362940 0.76396623 -0.46856010
vn -0.41408414 0.76014298 -0.50071646
vn -0.42741882 0.76164360 -0.48704433
vn -0.48432607 0.75784111 -0.43715571
vn -0.45493968 0.77527278 -0.43815751
vn -0.48900850 0.81086842 -0.32150132
vn -0.31836775 0.82694844 -0.46346333
vn -0.01944639 0.03922894 -0.99904100
vn -0.45430911 0.75484716 -0.47308455
vn 0.02474559 -0.06568892 -0.99753327
vn 0.01183938 -0.02710895 -0.99956237
vn 0.30730395 -0.69770993 -0.64712065
vn 0.08040746 -0.21336581 -0.97365788
vn 0.00390219 -0.01296958 -0.99990828
vn -0.03416231 0.06187971 -0.99749879
vn -0.00170329 0.00031381 -0.99999850
vn 0.03868462 -0.09179941 -0.99502581
vn 0.30239649 -0.76773612 -0.56492266
vn -0.02565332 0.04435498 -0.99868641
vn 0.00012935 -0.00051309 -0.99999986
vn 0.00015778 -0.00103130 -0.99999946
vn 0.16355111 -0.38835885 -0.90687840
vn -0.00920031 0.01487271 -0.99984707
vn 0.01198578 -0.03236094 -0.99940438
vn -0.05754820 0.10679379 -0.99261437
vn -0.00418421 0.01079081 -0.99993302
vn -0.10281026 0.18616107 -0.97712543
vn 0.06928409 -0.18378298 -0.98052207
vn -0.38829560 0.67294925 -0.62957592
vn -0.03491182 0.06461718 -0.99729925
vn -0.10182008 0.17246942 -0.97973821
vn 0.16649421 -0.40950671 -0.89698603
vn 0.03390053 -0.07557575 -0.99656363
vn -0.21216073 0.35830429 -0.90917867
vn -0.15026953 0.26251568 -0.95315507
vn 0.07949354 -0.20144720 -0.97626831
vn 0.14619687 -0.35092369 -0.92492110
vn 0.00816978 -0.01377109 -0.99987180
vn 0.17674035 -0.43155512 -0.88460332
vn -0.20718762 0.36266910 -0.90859475
vn -0.33144264 0.56945632 -0.75224017
vn -0.00471818 0.01028506 -0.99993598
vn 0.14941364 -0.36142522 -0.92035177
vn -0.36236409 0.60958863 -0.70504891
vn 0.00114194 -0.00423130 -0.99999040
vn -0.24261151 0.42307919 -0.87300839
vn -0.24228723 0.42320969 -0.87303520
vn -0.40063642 0.71402489 -0.57415931
vn -0.31221730 0.53590316 -0.78442855
vn -0.21526435 0.38255903 -0.89850423
vn 0.00003575 -0.00023984 -0.99999997
vn -0.11253279 0.19897023 -0.97352310
vn 0.30224976 -0.73133172 -0.61139104
vn -0.08596218 0.15325161 -0.98444119
vn 0.05099756 -0.13086110 -0.99008819
vn 0.01291506 -0.04614453 -0.99885128
vn 0.00000000 0.00000000 -1.00000000
vn 0.04122438 -0.10160470 -0.99397034
vn -0.13919664 0.26691177 -0.95361544
vn -0.05473475 0.08088364 -0.99521955
vn 0.04909233 -0.13872900 -0.98911284
vn -0.39503989 0.68311735 -0.61424277
vn -0.33808323 0.60232929 -0.72311767
vn -0.04125350 0.08606628 -0.99543495
vn 0.09029009 -0.20892048 -0.97375558
vn -0.13506997 0.21240106 -0.96780261
vn 0.02913045 -0.05861553 -0.99785552
vn 0.27390964 -0.76281445 -0.58573682
vn -0.31016385 0.52367057 -0.79345291
vn -0.00960898 0.01327113 -0.99986576
vn -0.24781570 0.44368273 -0.86123923
vn -0.35885948 0.70453162 -0.61225409
vn -0.35337376 0.77060936 -0.53036610
vn 0.11329319 -0.27880404 -0.95364195
vn -0.00107295 0.00250543 -0.99999629
vn 0.00436248 -0.00819355 -0.99995692
vn 0.21497717 -0.51737821 -0.82831431
vn 0.16496188 -0.39281628 -0.90470047
vn 0.19457100 -0.45313167 -0.86995047
vn -0.37079377 0.61676057 -0.69434745
vn -0.05479547 0.09541943 -0.99392786
vn -0.09045858 0.13688751 -0.98644769
vn 0.03794802 -0.08419524 -0.99572642
vn -0.36937635 0.63500664 -0.67847452
vn -0.08178212 0.14168515 -0.98652775
vn -0.00988389 0.01435593 -0.99984810
vn -0.19877104 0.34489887 -0.91735208
vn -0.18073791 0.30907776 -0.93370485
vn -0.02266462 0.03910672 -0.99897797
vn 0.04686868 -0.10935058 -0.99289767
vn 0.04316595 -0.16853282 -0.98475042
vn -0.04099730 0.07091321 -0.99663962
vn 0.25594945 -0.69330590 -0.67365926
vn 0.24920755 -0.61909810 -0.74472354
vn -0.25421093 0.49798885 -0.82908619
vn -0.15637563 0.27532235 -0.94854851
vn -0.11029733 0.19244496 -0.97508945
vn 0.09436345 -0.22239402 -0.97037953
vn 0.09732253 -0.22333456 -0.96987113
vn -0.45064115 0.77149937 -0.44912278
vn -0.09322519 0.16184859 -0.98240221
vn 0.11746339 -0.32711721 -0.93765488
vn -0.29484956 0.54369485 -0.78578601
vn 0.00691969 -0.01554025 -0.99985530
vn -0.01619753 0.02408488 -0.99957869
vn 0.14995610 -0.38058960 -0.91250464
vn 0.10478267 -0.29747407 -0.94896247
vn 0.03341347 -0.08140610 -0.99612077
vn -0.03949965 0.06779700 -0.99691692
vn -0.16710245 0.30477573 -0.93765053
vn -0.01260983 0.02112146 -0.99969739
vn 0.01812926 -0.07966911 -0.99665649
vn -0.21695619 0.36208336 -0.90654600
vn -0.00699064 0.01138146 -0.99991079
vn 0.17160775 -0.40189294 -0.89946253
vn -0.15689281 0.26436724 -0.95157480
vn -0.10019403 0.18204769 -0.97817166
vn -0.11381836 0.19668279 -0.97383842
vn -0.00512917 0.00900383 -0.99994631
vn -0.04743820 0.08789154 -0.99499985
vn -0.20343608 0.34521189 -0.91621096
vn 0.01767213 -0.04226285 -0.99895022
vn 0.11224221 -0.24277117 -0.96356829
vn -0.20155819 0.37743508 -0.90383464
vn -0.34604342 0.59863590 -0.72241886
vn -0.12490881 0.21647863 -0.96826380
vn -0.07800669 0.13659633 -0.98755071
vn -0.09021460 0.16933618 -0.98142070
vn -0.43930812 0.70067749 -0.56219164
vn -0.40157840 0.69852873 -0.59227729
vn 0.28833623 -0.70501442 -0.64793278
vn -0.35445094 0.63216028 -0.68901227
vn 0.22574564 -0.55440200 -0.80104764
vn 0.10490272 -0.26585705 -0.95828777
vn -0.00454771 0.00957526 -0.99994381
vn -0.23265040 0.39268395 -0.88976014
vn 0.28536971 -0.68156079 -0.67382418
vn 0.08259974 -0.18848505 -0.97859628
vn -0.15432303 0.26651246 -0.95139661
vn 0.07099752 -0.16185632 -0.98425702
vn -0.04279736 0.07354848 -0.99637293
vn 0.00000000 0.00000000 -1.00000000
vn -0.03929530 0.06724452 -0.99696241
vn 0.05776955 -0.15119502 -0.98681444
vn 0.33141554 -0.73079150 -0.59674745
vn -0.12069055 0.21446633 -0.96924609
vn -0.23915986 0.37381834 -0.89613749
vn 0.00498986 -0.01519627 -0.99987208
vn 0.00487042 -0.00956805 -0.99994236
vn -0.42667055 0.68178814 -0.59423664
vn 0.00000000 0.00000000 -1.00000000
vn -0.26808176 0.46542128 -0.84351360
vn 0.14290745 -0.40921221 -0.90117858
vn -0.07821612 0.13013483 -0.98840638
vn 0.30590574 -0.69833836 -0.64710526
vn -0.17662915 0.32187089 -0.93016196
vn 0.01830377 -0.04575409 -0.99878503
vn 0.29830676 0.84311879 0.44739667
vn 0.48696814 0.79162151 0.36904935
vn 0.48934368 0.72894291 0.47873270
vn 0.41393380 0.72868386 0.54559934
vn 0.40006655 0.77304953 0.49228160
vn 0.42734081 0.78283845 0.45226518
vn 0.47255081 0.78464630 0.40128034
vn 0.44760408 0.76132942 0.46907153
vn 0.42431947 0.79817658 0.42762966
vn 0.42776129 0.80143613 0.41799571
vn 0.49194717 0.75407357 0.43515633
vn 0.41971414 0.79144014 0.44436759
vn 0.43082134 0.77511872 0.46215142
vn 0.53272233 0.70347232 0.47046107
vn 0.33295771 0.49587447 0.80202722
vn 0.16405247 0.22840414 0.95964490
vn 0.04882712 0.08672165 0.99503531
vn 0.00620713 -0.00653981 0.99995935
vn -0.03024582 -0.09159251 0.99533713
vn -0.09007964 -0.25617007 0.96242535
vn -0.20428091 -0.53472574 0.81996201
vn -0.19512854 -0.87977927 0.43348967
vn -0.37001540 -0.85649172 0.35987573
vn -0.40314771 -0.82179272 0.40265202
vn -0.32942186 -0.78275776 0.52798820
vn -0.33607465 -0.80722986 0.48521519
vn -0.32912845 -0.81821810 0.47137416
vn -0.30929875 -0.82294795 0.47654061
vn -0.36485543 -0.87171630 0.32709511
vn -0.47254493 -0.79654366 0.37711999
vn -0.20080910 -0.51765632 0.83168963
vn -0.04506473 -0.25118775 0.96688876
vn -0.00121571 -0.08341791 0.99651391
vn -0.00483382 -0.00489511 0.99997634
vn -0.00000805 0.00000596 1.00000000
vn 0.00709671 0.02829682 0.99957437
vn 0.05823283 0.13677244 0.98888940
vn 0.14392808 0.30408684 0.94170903
vn 0.24543245 0.58236514 0.77499275
vn 0.23775635 0.43005595 0.87093272
vn 0.00517026 0.01666509 0.99984776
vn 0.34909181 0.63329071 0.69070818
vn -0.14086660 -0.33769202 0.93065606
vn 0.19693574 0.35969203 0.91205151
vn 0.38668387 0.70049668 0.59981663
vn 0.00390014 0.00472378 0.99998124
vn -0.08112312 -0.20588861 0.97520712
vn 0.10746893 0.20625779 0.97257810
vn 0.13891326 0.24041798 0.96067804
vn -0.31651974 -0.76092546 0.56639889
vn -0.01313460 -0.05760689 0.99825294
vn -0.15198146 -0.37116989 0.91604287
vn -0.15717309 -0.36006487 0.91959225
vn 0.08232060 0.14811319 0.98553833
vn 0.22109165 0.37627791 0.89974075
vn 0.34262788 0.54433084 0.76570887
vn 0.03111251 0.04138860 0.99865860
vn 0.07282140 0.12858866 0.98902073
vn -0.02081912 -0.03244735 0.99925659
vn 0.03406123 0.07417850 0.99666312
vn 0.17965363 0.32577713 0.92822079
vn -0.07414320 -0.19122493 0.97874195
vn 0.01722699 0.02519904 0.99953401
vn -0.13249321 -0.31638584 0.93933250
vn 0.18809497 0.30422554 0.93384533
vn -0.19290084 -0.47076009 0.86091475
vn 0.06295106 0.11662182 0.99117936
vn -0.00114792 -0.00173680 0.99999783
vn -0.29518732 -0.69307555 0.65765548
vn -0.01812379 -0.05140553 0.99851339
vn -0.00012426 -0.00024212 0.99999996
vn 0.07750545 0.13936942 0.98720265
vn 0.04518645 0.08039182 0.99573859
vn -0.08930149 -0.22494434 0.97027073
vn 0.45995655 0.67483995 0.57708839
vn 0.10860815 0.16520667 0.98026069
vn -0.02406110 -0.05664345 0.99810450
vn -0.04086677 -0.07717800 0.99617943
vn -0.07096784 -0.17813570 0.98144345
vn -0.22108880 -0.51048528 0.83097805
vn 0.11028587 0.18276132 0.97695206
vn 0.10375230 0.18732513 0.97680333
vn 0.01042844 0.01236351 0.99986919
vn -0.29727526 -0.67733327 0.67293912
vn 0.03066551 0.05336035 0.99810435
vn -0.14942659 -0.34241218 0.92759129
vn -0.11639807 -0.26813220 0.95632453
vn 0.31504477 0.55163183 0.77230118
vn 0.04176478 0.07251292 0.99649264
vn 0.39041984 0.64455400 0.65736025
vn -0.02882833 -0.06798551 0.99726972
vn 0.00264937 0.00683532 0.99997313
vn -0.44488285 -0.69885337 0.56007430
vn -0.00289070 -0.00528261 0.99998187
vn 0.03190419 0.05667856 0.99788259
vn -0.31695966 -0.64145382 0.69862262
vn 0.08754276 0.15642218 0.98380301
vn -0.31419183 -0.84657835 0.42963775
vn -0.04931272 -0.16656377 0.98479681
vn 0.00000000 0.00000000 1.00000000
vn 0.02238125 0.03670637 0.99907543
vn 0.05282363 0.09868262 0.99371596
vn 0.40104248 0.67427888 0.62009105
vn -0.01015984 -0.01932479 0.99976164
vn -0.06820618 -0.16711965 0.98357457
vn 0.16156697 0.27913959 0.94656072
vn -0.11533215 -0.26896819 0.95621891
vn -0.26660416 -0.65371983 0.70821791
vn 0.04751631 0.08307308 0.99541000
vn -0.06149591 -0.14265012 0.98786092
vn 0.00050391 0.00169131 0.99999844
vn 0.00525261 0.00900781 0.99994563
vn -0.34797571 -0.79293708 0.50016366
vn -0.25045572 -0.79406223 0.55383852
vn -0.00106562 -0.00696145 0.99997520
vn -0.00372033 -0.00753998 0.99996465
vn 0.00505018 0.01423067 0.99988599
vn -0.12619498 -0.34607999 0.92967923
vn 0.01772499 0.02500017 0.99953030
vn 0.40705285 0.69167918 0.59656340
vn 0.40865405 0.78885001 0.45903980
vn 0.19560115 0.38679729 0.90118147
vn 0.32882586 0.57716710 0.74749695
vn -0.21609467 -0.54550870 0.80976747
vn 0.21033784 0.38589654 0.89824376
vn -0.08172264 -0.18680270 0.97899242
vn 0.13022722 0.23495549 0.96324285
vn -0.02882710 -0.06648561 0.99737087
vn -0.15011916 -0.50814919 0.84808528
vn 0.34177212 0.80033377 0.49260296
vn -0.04535781 -0.11283427 0.99257800
vn 0.11289040 0.21533511 0.96999307
vn 0.19082564 0.32716166 0.92550031
vn -0.17253975 -0.45021089 0.87609371
vn 0.19137341 0.36968847 0.90923410
vn 0.35284204 0.60533938 0.71348913
vn -0.22490966 -0.58142586 0.78189489
vn 0.06384406 0.09489430 0.99343797
vn 0.00373480 0.00584810 0.99997593
vn 0.10676742 0.13332073 0.98530518
vn 0.17714871 0.31924829 0.93096663
vn 0.02324113 0.04226606 0.99883604
vn -0.00512257 -0.01642201 0.99985203
vn 0.16758073 0.26961633 0.94827408
vn -0.00804779 -0.03266642 0.99943391
vn 0.17305771 0.28822515 0.94179472
vn 0.23563503 0.36982734 0.89872347
vn 0.04980632 0.08823357 0.99485384
vn 0.34503684 0.59400581 0.72670949
vn -0.03387017 -0.07960298 0.99625106
vn 0.39744203 0.62762822 0.66941963
vn -0.03370311 -0.08476791 0.99583056
vn 0.01550975 0.02421005 0.99958658
vn -0.02934260 -0.08231549 0.99617427
vn 0.13604290 0.23066604 0.96347574
vn -0.00404633 -0.01173808 0.99992292
vn -0.06035142 -0.14102193 0.98816523
vn 0.38691548 0.65773311 0.64628443
vn 0.20320997 0.35218134 0.91360495
vn -0.14532588 -0.37590218 0.91519284
vn 0.24022952 0.43076140 0.86990482
vn -0.12101459 -0.29804738 0.94684911
vn 0.01063456 0.01923796 0.99975837
vn -0.20992817 -0.48513349 0.84886728
vn -0.06086852 -0.13616955 0.98881387
vn 0.15290660 0.27668076 0.94871878
vn 0.08928080 0.16902503 0.98155972
vn 0.41079661 0.68223989 0.60480978
vn 0.11706326 0.20508458 0.97171833
vn -0.25457804 -0.67155012 0.69585232
vn 0.00012069 0.00020417 0.99999997
vn 0.10187843 0.19828022 0.97483626
vn 0.04765652 0.08995605 0.99480489
vn 0.00002747 0.00010055 0.99999999
vn 0.31369230 0.59099182 0.74318625
vn 0.00000000 0.00000000 1.00000000
vn 0.31970682 0.56205012 0.76281532
vn 0.03685902 0.07844066 0.99623716
vn 0.26148596 0.39554028 0.88043908
vn 0.33731018 0.59259356 0.73147434
vn -0.00249182 -0.01412695 0.99989710
vn -0.12510374 -0.29142240 0.94837864
vn 0.34749805 0.66817795 0.65786270
vn -0.17544431 -0.69447100 0.69780321
vn -0.00778920 -0.02310058 0.99970280
vn 0.07712369 0.11300506 0.99059669
vn 0.10437161 0.16184359 0.98128142
vn -0.11374001 -0.33145468 0.93659009
vn -0.00389434 -0.00884965 0.99995326
vn 0.31773944 0.82726675 -0.46332643
vn 0.49136282 0.80878120 -0.32316490
vn 0.45175594 0.82374065 -0.34259000
vn 0.46546665 0.76077200 -0.45229058
vn 0.44189462 0.77805033 -0.44650514
vn 0.42776378 0.80501690 -0.41105466
vn 0.47810509 0.77022591 -0.42209901
vn 0.46610542 0.78866100 -0.40094833
vn 0.43872288 0.80763562 -0.39401389
vn 0.46503803 0.81072187 -0.35562577
vn 0.45168448 0.75166002 -0.48061247
vn 0.42313036 0.81351606 -0.39893900
vn 0.47651124 0.81232056 -0.33626231
vn 0.54401575 0.69939202 -0.46357056
vn 0.35768622 0.47640070 -0.80318300
vn 0.14482080 0.23001782 -0.96235063
vn 0.05032439 0.08269665 -0.99530333
vn 0.01154678 -0.00406109 -0.99992509
vn -0.03257600 -0.09268029 -0.99516288
vn -0.08364639 -0.25464469 -0.96341028
vn -0.18861746 -0.56525676 -0.80306180
vn -0.27509314 -0.81604909 -0.50831845
vn -0.32848549 -0.83807073 -0.43558551
vn -0.35941195 -0.81102389 -0.46158780
vn -0.32345888 -0.83362640 -0.44770680
vn -0.36602836 -0.81791177 -0.44389591
vn -0.29408366 -0.83624612 -0.46282527
vn -0.38196444 -0.81870987 -0.42873921
vn -0.36658666 -0.80346323 -0.46910667
vn -0.34789619 -0.77494562 -0.52766232
vn -0.20532383 -0.53970071 -0.81643449
vn -0.04932542 -0.24509970 -0.96824229
vn -0.00932380 -0.08118934 -0.99665508
vn -0.00523103 -0.00378406 -0.99997916
vn -0.00000831 0.00000536 -1.00000000
vn 0.01161082 0.03056093 -0.99946547
vn 0.05725502 0.13425711 -0.98929111
vn 0.14705958 0.30282586 -0.94163155
vn 0.27583185 0.58381118 -0.76359760
vn 0.00526149 0.01001333 -0.99993602
vn 0.00600162 0.00993139 -0.99993267
vn 0.24305135 0.43701583 -0.86599261
vn 0.12934704 0.22484669 -0.96577084
vn -0.17550678 -0.40423784 -0.89765758
vn -0.07450770 -0.16785653 -0.98299175
vn -0.05159701 -0.12188587 -0.99120209
vn 0.37272787 0.65483830 -0.65746538
vn 0.38168827 0.66536044 -0.64156804
vn -0.02599823 -0.06198613 -0.99773835
vn 0.08087952 0.14774136 -0.98571344
vn -0.27232853 -0.63150996 -0.72596993
vn -0.18640707 -0.45479520 -0.87086952
vn 0.01767524 0.02432730 -0.99954778
vn 0.00824324 0.02390883 -0.99968016
vn 0.34231121 0.63861263 -0.68920022
vn 0.35386564 0.77467120 -0.52408361
vn 0.39978058 0.69491990 -0.59771382
vn -0.13713641 -0.37884084 -0.91524490
vn 0.11487085 0.19987447 -0.97306469
vn 0.01692633 0.03940521 -0.99907994
vn -0.08844287 -0.20193471 -0.97539747
vn 0.20245673 0.37585010 -0.90429419
vn -0.03392979 -0.10857706 -0.99350883
vn 0.44666189 0.68026964 -0.58114229
vn 0.10340810 0.16424977 -0.98098358
vn 0.10876864 0.18450962 -0.97679352
vn -0.19043539 -0.39947937 -0.89674444
vn -0.00283532 -0.00680623 -0.99997282
vn 0.05323159 0.08518907 -0.99494182
vn -0.30148132 -0.69742115 -0.65016364
vn -0.08531973 -0.22020350 -0.97171547
vn 0.00021335 0.00015207 -0.99999997
vn -0.01328736 -0.04008365 -0.99910798
vn -0.11328823 -0.30042477 -0.94705371
vn -0.18794381 -0.42011545 -0.88779510
vn 0.02952761 0.05350200 -0.99813108
vn 0.26393201 0.48931204 -0.83121214
vn 0.10410692 0.18103672 -0.97795064
vn 0.17506878 0.34360370 -0.92265238
vn 0.27124239 0.47177794 -0.83895956
vn 0.11454244 0.19957346 -0.97316518
vn -0.16197776 -0.37591386 -0.91238806
vn 0.24065196 0.44489243 -0.86264556
vn 0.11852243 0.21282709 -0.96987477
vn 0.00674612 0.01293018 -0.99989364
vn 0.06802737 0.12096637 -0.99032288
vn -0.01620332 -0.03237495 -0.99934444
vn 0.13416868 0.23929927 -0.96163123
vn 0.37525777 0.69837598 -0.60946911
vn 0.26698618 0.45633588 -0.84880855
vn -0.05783410 -0.13391716 -0.98930350
vn 0.05510752 0.09987160 -0.99347311
vn -0.08893849 -0.22664437 -0.96990839
vn -0.01002305 -0.02612883 -0.99960833
vn -0.00718491 -0.03566168 -0.99933809
vn 0.10540799 0.19012670 -0.97608452
vn -0.04784158 -0.10197982 -0.99363540
vn -0.01898500 -0.03984695 -0.99902542
vn 0.00010546 0.00120468 -0.99999927
vn 0.00479806 0.00455873 -0.99997810
vn 0.02617786 0.05600793 -0.99808709
vn 0.22382077 0.38544161 -0.89517542
vn 0.03767710 0.06490882 -0.99717966
vn 0.04032776 0.07075756 -0.99667800
vn -0.00064045 -0.00160100 -0.99999851
vn -0.00321748 -0.00551296 -0.99997963
vn 0.32324413 0.53229111 -0.78241895
vn -0.00758659 -0.01832886 -0.99980323
vn 0.34932483 0.61913943 -0.70330543
vn -0.00065861 -0.00106885 -0.99999921
vn 0.36951723 0.66364103 -0.65041341
vn -0.32707842 -0.81614733 -0.47636461
vn -0.10064846 -0.24410421 -0.96451181
vn 0.00335246 0.00308016 -0.99998964
vn -0.14297134 -0.39625713 -0.90693963
vn 0.33702214 0.57676183 -0.74415178
vn 0.04080902 0.06118458 -0.99729187
vn -0.27886317 -0.63243235 -0.72267881
vn 0.20627599 0.38345552 -0.90022891
vn 0.25686634 0.46337834 -0.84811567
vn -0.15556463 -0.37209585 -0.91506520
vn -0.04172603 -0.10668894 -0.99341653
vn 0.25318252 0.42969062 -0.86675520
vn 0.44403014 0.71684644 -0.53755783
vn 0.09330390 0.15456867 -0.98356642
vn 0.01185685 0.01887054 -0.99975163
vn 0.34816723 0.56158049 -0.75060438
vn -0.12748225 -0.31056455 -0.94196493
vn -0.06515675 -0.16867888 -0.98351514
vn -0.00901586 -0.02587589 -0.99962451
vn -0.08453914 -0.20886100 -0.97428446
vn -0.00607861 -0.01615587 -0.99985101
vn -0.27541572 -0.64917242 -0.70902845
vn 0.19145726 0.34994805 -0.91699535
vn -0.02915268 -0.07921659 -0.99643106
vn 0.00130708 0.00098912 -0.99999866
vn -0.11772205 -0.26194243 -0.95787665
vn -0.04061515 -0.14173218 -0.98907148
vn 0.04732276 0.06692038 -0.99663545
vn 0.48905029 0.75015472 -0.44508169
vn -0.01953200 -0.03942827 -0.99903149
vn 0.40199541 0.70561783 -0.58352649
vn -0.00001495 -0.00001240 -1.00000000
vn 0.18277006 0.32447384 -0.92806887
vn 0.41253119 0.73171773 -0.54259302
vn -0.23765550 -0.68422481 -0.68946086
vn 0.06016609 0.10506534 -0.99264360
vn -0.03803910 -0.09307238 -0.99493244
vn -0.11124185 -0.24288405 -0.96365585
vn -0.01125972 -0.02968467 -0.99949589
vn 0.08023447 0.13632208 -0.98741011
vn 0.04947721 0.08448942 -0.99519523
vn -0.27590429 -0.74055141 -0.61274827
vn -0.11584064 -0.31997097 -0.94031884
vn 0.19139071 0.29996045 -0.93455515
vn 0.24685474 0.41811355 -0.87421038
vn 0.01991922 0.03305302 -0.99925508
vn 0.10052571 0.21412534 -0.97161974
vn 0.16041712 0.26856480 -0.94981014
vn 0.00000000 0.00000000 -1.00000000
vn 0.00716309 0.01209547 -0.99990119
vn 0.17775751 0.31176546 -0.93338340
vn -0.00000010 -0.00001752 -1.00000000
vn 0.33907841 0.66018670 -0.67020844
vn 0.10812247 0.20138029 -0.97352736
vn 0.18284317 0.29435439 -0.93804257
vn 0.06822241 0.13043717 -0.98910659
vn 0.16010620 0.27371649 -0.94839089
vn -0.00861982 -0.02221050 -0.99971616
vn -0.30746403 -0.69948862 -0.64512134
vn -0.28493521 -0.64487620 -0.70918729
vn -0.06470754 -0.15592122 -0.98564776
vn 0.00170622 0.00528053 -0.99998460
vn 0.22204683 0.36423399 -0.90444945
vn 0.45515074 0.67833172 -0.57680489
vn -0.15589947 -0.39495487 -0.90537617
vn -0.09058581 -0.23892985 -0.96680233
vn 0.13338323 0.23340591 -0.96318773
vn 0.01026832 0.01277558 -0.99986566
vn 0.08767502 0.15780702 -0.98357005
vn -0.02812924 -0.06358757 -0.99757975
vn 0.16588886 0.29807701 -0.94001648
vn -0.31726579 -0.71005063 -0.62862590
vn 0.03864711 0.07358970 -0.99653949
vn -0.04995849 -0.12534824 -0.99085416
vn -0.10805798 -0.22116310 -0.96923184
vn -0.26424075 -0.70643352 -0.65660377
vn -0.21937128 -0.61727128 -0.75554775
vn 0.20562628 0.34428578 -0.91607049
vn 0.12939659 -0.77210284 -0.62218464
vn -0.08973923 -0.61207155 -0.78569414
vn -0.28435027 -0.51343141 -0.80964999
vn -0.39528342 -0.46739006 -0.79075758
vn -0.36892666 -0.42489221 -0.82665575
vn -0.38558892 -0.40177014 -0.83060336
vn -0.40326136 -0.37857697 -0.83310249
vn -0.42268632 -0.35376444 -0.83437821
vn -0.43897143 -0.31467414 -0.84159627
vn -0.42679296 -0.30669581 -0.85075581
vn -0.28151649 -0.22208301 -0.93350287
vn -0.18335849 -0.14658564 -0.97205572
vn -0.19041954 -0.14959881 -0.97023739
vn -0.19751668 -0.15511049 -0.96795036
vn -0.18888862 -0.16983225 -0.96720117
vn -0.18041038 -0.18331317 -0.96635831
vn -0.17313798 -0.19658795 -0.96507845
vn -0.17094863 -0.21560649 -0.96140023
vn -0.13003718 -0.27494572 -0.95262542
vn -0.10833534 -0.53476278 -0.83802877
vn -0.27550223 -0.73096162 -0.62433455
vn -0.33420795 -0.84807664 -0.41118252
vn 0.14037424 -0.98386254 -0.11094854
vn -0.05986669 -0.98757235 -0.14531631
vn -0.05735192 -0.93366050 -0.35353759
vn -0.28278983 -0.30579427 -0.90913133
vn -0.33328538 -0.24201349 -0.91123560
vn -0.29535002 -0.28708026 -0.91123723
vn -0.25819131 -0.41937673 -0.87032201
vn 0.44597618 -0.61047627 -0.65454104
vn -0.27252068 -0.31749798 -0.90825520
vn -0.31036204 -0.26795613 -0.91207177
vn -0.17989936 -0.29395673 -0.93873620
vn -0.17260971 -0.46835285 -0.86651688
vn -0.31125059 -0.22900386 -0.92232332
vn 0.44880414 -0.30511247 -0.83992930
vn 0.43772125 -0.32686192 -0.83759261
vn 0.32014170 -0.30711348 -0.89620902
vn 0.36848431 -0.29060539 -0.88304463
vn 0.38102903 -0.40263999 -0.83228476
vn 0.36935165 -0.42133475 -0.82828521
vn 0.35146563 -0.45352047 -0.81901837
vn 0.30864312 -0.50555521 -0.80570054
vn 0.22115090 -0.68935852 -0.68983847
vn 0.23950897 -0.85066319 -0.46798247
vn 0.10980605 -0.98267430 -0.14931127
vn -0.03772518 -0.98174624 -0.18641657
vn 0.00000000 -0.97332144 -0.22944582
vn 0.00667093 -0.85619105 -0.51661629
vn 0.11465679 -0.58393096 -0.80366564
vn 0.06519095 -0.41127656 -0.90917640
vn 0.13112913 -0.25577634 -0.95780145
vn 0.16569107 -0.21099553 -0.96334176
vn 0.17446221 -0.19713437 -0.96472845
vn 0.18150913 -0.18217726 -0.96636736
vn 0.32018552 -0.23803936 -0.91696156
vn 0.24504377 -0.25601638 -0.93509848
vn 0.18833972 -0.14776011 -0.97092487
vn 0.18336934 -0.14659045 -0.97205294
vn 0.28541096 -0.20683699 -0.93581998
vn 0.12466026 -0.61314236 -0.78007453
vn 0.25129762 -0.81658969 -0.51964486
vn 0.27427897 -0.32185012 -0.90619178
vn 0.21684043 -0.64303623 -0.73449618
vn 0.20580611 -0.52493742 -0.82588410
vn 0.17232402 -0.35918349 -0.91721952
vn 0.31416179 -0.27394141 -0.90898761
vn 0.05868822 -0.93086744 -0.36061267
vn 0.29686987 -0.27531766 -0.91436780
vn 0.25058721 -0.35867853 -0.89919729
vn 0.08215722 -0.99321062 0.08235811
vn 0.00000000 -0.99966286 0.02596487
vn 0.00000000 -0.99966286 0.02596487
vn -0.00730687 -0.99916483 0.04020260
vn 0.37190614 -0.89482607 0.24692535
vn 0.43149407 -0.57842971 0.69226580
vn 0.18495759 -0.53492500 0.82440642
vn 0.14236997 -0.42404702 0.89437962
vn 0.04894395 -0.30073632 0.95245061
vn 0.03025110 -0.27204540 0.96180880
vn 0.02822334 -0.26856395 0.96284830
vn 0.02433487 -0.25076370 0.96774241
vn -0.00708741 -0.25426952 0.96710743
vn -0.01427751 -0.25646194 0.96644887
vn -0.02729786 -0.25389460 0.96684661
vn -0.03732177 -0.28197305 0.95869614
vn -0.04450296 -0.29167484 0.95548170
vn -0.09170992 -0.32289194 0.94198200
vn -0.26779799 -0.47637816 0.83746527
vn -0.36052282 -0.63211831 0.68589339
vn -0.39462666 -0.88915512 0.23167428
vn 0.00730687 -0.99916483 0.04020260
vn 0.00000000 -0.99966286 0.02596487
vn 0.00000000 -0.99966286 0.02596487
vn -0.08215722 -0.99321062 0.08235811
vn -0.40045643 -0.78395325 0.47439641
vn -0.30664569 -0.59981061 0.73905051
vn -0.15923325 -0.64038923 0.75136304
vn -0.09426615 -0.60925091 0.78735457
vn -0.09690462 -0.61329504 0.78388691
vn -0.08641890 -0.60199766 0.79380765
vn -0.01621277 -0.61745505 0.78643907
vn -0.03197013 -0.59531271 0.80285782
vn 0.08238844 -0.60158868 0.79454591
vn 0.06937240 -0.58518874 0.80792426
vn 0.04867158 -0.61267760 0.78883283
vn 0.13260416 -0.64839634 0.74966547
vn 0.17978560 -0.53906740 0.82285082
vn 0.25474135 -0.64570332 0.71984308
vn 0.46328973 -0.70055863 0.54275246
vn -0.06580316 -0.44264433 0.89427956
vn 0.01865200 -0.27294520 0.96184875
vn -0.04263467 -0.48357588 0.87426349
vn 0.05593106 -0.29639177 0.95342731
vn 0.31204275 -0.56543454 0.76348746
vn -0.02381005 -0.28843526 0.95720331
vn -0.19678818 -0.49862358 0.84418537
vn -0.04023074 -0.36129979 0.93158142
vn 0.07789807 -0.52564553 0.84712966
vn 0.03376518 -0.43749783 0.89858531
vn 0.03924108 -0.44924970 0.89254403
vn -0.57040071 -0.43810898 0.69476870
vn 0.03605147 -0.38037233 0.92413050
vn 0.03762871 -0.52627493 0.84948148
vn -0.08323189 -0.47089402 0.87825467
vn 0.13080640 -0.46088261 0.87776814
vn -0.01620153 -0.38779313 0.92160404
vn 0.04977766 -0.42739282 0.90269461
vn -0.01207311 -0.42764584 0.90386574
vn -0.07732292 -0.52243319 0.84916708
vt 0.00189873 0.74278511
vt 0.00868891 0.74529510
vt 0.01552251 0.74766105
vt 0.02241180 0.74987541
vt 0.02934796 0.75192231
vt 0.03634111 0.75379031
vt 0.04338087 0.75546074
vt 0.05046579 0.75691618
vt 0.05760236 0.75813867
vt 0.06476877 0.75910375
vt 0.07197801 0.75979038
vt 0.07919834 0.76017099
vt 0.08643193 0.76021987
vt 0.09366292 0.75990848
vt 0.09986889 0.75634821
vt 0.10593542 0.75256327
vt 0.11184760 0.74853939
vt 0.11757720 0.74427038
vt 0.12311302 0.73973650
vt 0.12841530 0.73494050
vt 0.13346205 0.72987196
vt 0.13821787 0.72453566
vt 0.14265920 0.71892766
vt 0.14674934 0.71306654
vt 0.14674934 0.70571501
vt 0.14674934 0.69836348
vt 0.14674934 0.69103326
vt 0.14674934 0.68368173
vt 0.14674934 0.67633020
vt 0.14674934 0.66897867
vt 0.14674934 0.66162714
vt 0.14674934 0.65429691
vt 0.14674934 0.64694538
vt 0.14674934 0.63959385
vt 0.14674934 0.63224232
vt 0.14674934 0.62489079
vt 0.14674934 0.61756057
vt 0.14674934 0.61020904
vt 0.14674934 0.60285751
vt 0.14674934 0.59550598
vt 0.14674934 0.58817575
vt 0.14674934 0.58082422
vt 0.14674934 0.57347269
vt 0.14674934 0.56612116
vt 0.14674934 0.55876963
vt 0.14674934 0.55143941
vt 0.14674934 0.54408788
vt 0.14674934 0.53673635
vt 0.14674934 0.52938481
vt 0.14674934 0.52203328
vt 0.14674934 0.51470306
vt 0.14674934 0.50735153
vt 0.14674934 0.50000000
vt 0.13941114 0.50038674
vt 0.13207294 0.50077349
vt 0.12473474 0.50116023
vt 0.11739654 0.50154698
vt 0.11005834 0.50193372
vt 0.10272013 0.50232046
vt 0.09538193 0.50270721
vt 0.08804373 0.50309395
vt 0.08070553 0.50348069
vt 0.07338201 0.50386667
vt 0.06604381 0.50425341
vt 0.05870561 0.50464015
vt 0.05136741 0.50502690
vt 0.04402920 0.50541364
vt 0.03669100 0.50580038
vt 0.02935280 0.50618713
vt 0.02201460 0.50657387
vt 0.01467640 0.50696062
vt 0.00733820 0.50734736
vt 0.00000000 0.50773410
vt 0.00008029 0.51488360
vt 0.00016039 0.52201665
vt 0.00024068 0.52916615
vt 0.00032097 0.53631564
vt 0.00040126 0.54346513
vt 0.00048136 0.55059819
vt 0.00056165 0.55774768
vt 0.00064194 0.56489717
vt 0.00072223 0.57204667
vt 0.00080234 0.57917972
vt 0.00088262 0.58632922
vt 0.00096291 0.59347871
vt 0.00104320 0.60062820
vt 0.00112331 0.60776126
vt 0.00120360 0.61491075
vt 0.00128389 0.62206025
vt 0.00136417 0.62920974
vt 0.00144428 0.63634279
vt 0.00152457 0.64349229
vt 0.00160486 0.65064178
vt 0.00168515 0.65779127
vt 0.00176525 0.66492433
vt 0.00184554 0.67207382
vt 0.00185086 0.67914566
vt 0.00185618 0.68621749
vt 0.00186150 0.69328933
vt 0.00186682 0.70036117
vt 0.00187213 0.70742593
vt 0.00187745 0.71449776
vt 0.00188277 0.72156960
vt 0.00188809 0.72864144
vt 0.00189341 0.73571327
vt 0.02481433 0.64547941
vt 0.07801443 0.50902297
vt 0.01597937 0.56443486
vt 0.09506644 0.69800258
vt 0.04950106 0.74296134
vt 0.04250712 0.57018961
vt 0.10549102 0.56907795
vt 0.03193603 0.59079238
vt 0.04838232 0.59436773
vt 0.03350670 0.71251241
vt 0.10395214 0.68096903
vt 0.14118537 0.67874690
vt 0.08157934 0.73467422
vt 0.09799575 0.52303220
vt 0.08580267 0.53151157
vt 0.13631187 0.65156215
vt 0.07636573 0.63405727
vt 0.05618938 0.54226817
vt 0.02700205 0.74591496
vt 0.00991932 0.51857007
vt 0.05431834 0.62233646
vt 0.09110204 0.59811644
vt 0.11468576 0.72917820
vt 0.07497137 0.52915446
vt 0.08586121 0.67056104
vt 0.06840785 0.75491325
vt 0.08768460 0.51326058
vt 0.05706972 0.75363319
vt 0.06782184 0.71722563
vt 0.09410898 0.69021253
vt 0.12131515 0.51136878
vt 0.11234382 0.51358137
vt 0.12947598 0.50530131
vt 0.05302275 0.59992161
vt 0.13517128 0.55158294
vt 0.10373347 0.74323878
vt 0.11552590 0.57960528
vt 0.00642929 0.58386141
vt 0.12542852 0.62068568
vt 0.07179603 0.55495941
vt 0.10805916 0.67437977
vt 0.03787843 0.55261854
vt 0.07047261 0.74667383
vt 0.09713444 0.73529749
vt 0.02597530 0.66443051
vt 0.08218547 0.56549969
vt 0.10928499 0.71904640
vt 0.03704323 0.65912458
vt 0.12086771 0.64342918
vt 0.08396722 0.55431691
vt 0.06384755 0.61449502
vt 0.03334085 0.52608198
vt 0.14058092 0.59923108
vt 0.02144613 0.72577474
vt 0.13258447 0.54687535
vt 0.05235715 0.61672504
vt 0.12600234 0.71121960
vt 0.06077803 0.56812773
vt 0.02179878 0.61734781
vt 0.05942540 0.62157502
vt 0.02871112 0.53644705
vt 0.10410663 0.73747825
vt 0.14211083 0.53196089
vt 0.10601210 0.74815332
vt 0.13430639 0.50810303
vt 0.00538897 0.53685972
vt 0.07643668 0.52458724
vt 0.10077472 0.68692197
vt 0.10242568 0.56488414
vt 0.02081005 0.63186641
vt 0.11568791 0.56123473
vt 0.09113526 0.51628878
vt 0.04350518 0.66150568
vt 0.12211903 0.72293685
vt 0.05907284 0.64731942
vt 0.10241048 0.58077507
vt 0.10809973 0.56331265
vt 0.01036652 0.63008699
vt 0.05927186 0.74826751
vt 0.06213624 0.68192406
vt 0.13143633 0.66208756
vt 0.06524106 0.74360583
vt 0.11313159 0.61265055
vt 0.12415564 0.72992700
vt 0.12430730 0.67136023
vt 0.06516593 0.54181716
vt 0.04692446 0.53052811
vt 0.09496298 0.59572414
vt 0.13192789 0.51715796
vt 0.04625589 0.70039511
vt 0.04989876 0.58891800
vt 0.07164333 0.56993343
vt 0.10828168 0.72592256
vt 0.07516117 0.72484310
vt 0.10444507 0.64905130
vt 0.05908284 0.62757266
vt 0.06601615 0.59617704
vt 0.02495368 0.65204229
vt 0.13769273 0.69215306
vt 0.14050643 0.52397836
vt 0.09465281 0.63175949
vt 0.12789367 0.55012852
vt 0.09898249 0.62761007
vt 0.04281993 0.59556060
vt 0.11109269 0.69688458
vt 0.14127043 0.64265928
vt 0.12322474 0.59934872
vt 0.12892128 0.72810553
vt 0.03964825 0.52903534
vt 0.11513346 0.62468078
vt 0.14213820 0.71094225
vt 0.09385124 0.71955792
vt 0.01076727 0.63735189
vt 0.03937478 0.74379575
vt 0.12738729 0.66613772
vt 0.12670487 0.72314491
vt 0.06818396 0.65238624
vt 0.08501736 0.64993817
vt 0.04543012 0.54531108
vt 0.10751075 0.70302441
vt 0.09047665 0.58694085
vt 0.09048781 0.75639547
vt 0.05334409 0.56791493
vt 0.09654049 0.56578766
vt 0.06632040 0.73073376
vt 0.02231643 0.53430296
vt 0.04325058 0.58677263
vt 0.05472279 0.71284879
vt 0.13695198 0.64644664
vt 0.05743082 0.60423852
vt 0.06343613 0.71922313
vt 0.11960729 0.61583997
vt 0.08840379 0.69398922
vt 0.10757733 0.52726649
vt 0.14163550 0.55510273
vt 0.06963603 0.73576113
vt 0.02592949 0.61190962
vt 0.08460112 0.50825913
vt 0.10617980 0.50533620
vt 0.06839923 0.62711804
vt 0.00688923 0.69550416
vt 0.12806165 0.59005713
vt 0.03626222 0.73394482
vt 0.07762845 0.53953308
vt 0.02174295 0.58466249
vt 0.01869084 0.65216869
vt 0.08646235 0.54824425
vt 0.07475032 0.53478315
vt 0.05923118 0.67041247
vt 0.02178306 0.60725521
vt 0.02887708 0.61813977
vt 0.01912684 0.66334955
vt 0.01248294 0.57736891
vt 0.08340553 0.60226724
vt 0.02337013 0.54669471
vt 0.06725563 0.63497393
vt 0.12229003 0.53231414
vt 0.12910151 0.51134312
vt 0.02049553 0.55327771
vt 0.11844828 0.60421165
vt 0.11281130 0.50630936
vt 0.12848634 0.65482238
vt 0.01624463 0.61987933
vt 0.14368438 0.58593575
vt 0.12176250 0.66334042
vt 0.12252690 0.65627765
vt 0.06731982 0.51907078
vt 0.03239511 0.62414623
vt 0.10464165 0.65559968
vt 0.06972377 0.74114276
vt 0.05249516 0.73845424
vt 0.14006398 0.60548687
vt 0.09309168 0.67626317
vt 0.13270562 0.56879550
vt 0.01340750 0.58356796
vt 0.01445830 0.55289939
vt 0.06093746 0.54680471
vt 0.01735958 0.55838661
vt 0.00717625 0.70485099
vt 0.07997000 0.72048132
vt 0.05494513 0.58489891
vt 0.01526660 0.57256748
vt 0.11345975 0.57488176
vt 0.09885310 0.65011270
vt 0.13624724 0.55732981
vt 0.00742296 0.66695285
vt 0.05645853 0.68212992
vt 0.09967330 0.71613735
vt 0.04095225 0.56008535
vt 0.01173081 0.56837440
vt 0.10364816 0.53345792
vt 0.11053015 0.53702574
vt 0.02207555 0.74277926
vt 0.09746311 0.60219062
vt 0.09970441 0.75122670
vt 0.07204517 0.57916396
vt 0.12692010 0.56438041
vt 0.04583435 0.56404511
vt 0.00923815 0.59912852
vt 0.09132308 0.68369428
vt 0.01674367 0.53231718
vt 0.05797360 0.70833824
vt 0.12262157 0.60803290
vt 0.04475274 0.70915581
vt 0.09350016 0.60642672
vt 0.06534020 0.64699250
vt 0.09454736 0.74626539
vt 0.11549347 0.56976214
vt 0.11113597 0.70866315
vt 0.01934807 0.64559570
vt 0.03145102 0.57802766
vt 0.06076502 0.74273204
vt 0.06901319 0.72359451
vt 0.09502166 0.63665393
vt 0.02502324 0.71345290
vt 0.10993604 0.65063144
vt 0.13459099 0.68013411
vt 0.03994553 0.72191278
vt 0.02139978 0.66948324
vt 0.13990035 0.69693203
vt 0.01200161 0.73430028
vt 0.13615043 0.51662275
vt 0.08003165 0.71602984
vt 0.03995440 0.61170688
vt 0.14155185 0.50619578
vt 0.13864908 0.58743779
vt 0.11951480 0.65056715
vt 0.08103732 0.59038606
vt 0.05784396 0.72122375
vt 0.12596668 0.71725724
vt 0.00771524 0.60422222
vt 0.03956795 0.51029683
vt 0.00627123 0.73243961
vt 0.12380130 0.51503671
vt 0.11620882 0.72036401
vt 0.04237391 0.67759449
vt 0.04747411 0.67294337
vt 0.08037007 0.63812932
vt 0.01140205 0.69212070
vt 0.05071250 0.54407379
vt 0.08139748 0.57230916
vt 0.10033954 0.51825470
vt 0.14375098 0.66574941
vt 0.05867596 0.68828127
vt 0.04600458 0.68892733
vt 0.09287906 0.55133193
vt 0.10028840 0.63769975
vt 0.13676438 0.62803989
vt 0.03733716 0.51597496
vt 0.00953978 0.71379162
vt 0.09022013 0.70477838
vt 0.08185080 0.63194278
vt 0.05715689 0.58958620
vt 0.13829336 0.65618290
vt 0.11112014 0.62717042
vt 0.13286419 0.64311847
vt 0.07958506 0.70784713
vt 0.02025509 0.62523107
vt 0.05505619 0.59469795
vt 0.02549737 0.55588821
vt 0.09667197 0.72875126
vt 0.07241288 0.50884581
vt 0.05890453 0.71552716
vt 0.05597156 0.50825887
vt 0.08593511 0.65560544
vt 0.00701680 0.67773035
vt 0.01679808 0.71145323
vt 0.07794166 0.55279492
vt 0.06463229 0.67058239
vt 0.14296512 0.54575954
vt 0.00585971 0.62548867
vt 0.01094096 0.72934732
vt 0.11834679 0.69842856
vt 0.06065783 0.59927646
vt 0.02228242 0.69536484
vt 0.03134433 0.72817535
vt 0.05261617 0.70729504
vt 0.06318407 0.51611329
vt 0.11402086 0.66419026
vt 0.01601600 0.60452925
vt 0.08557344 0.71582642
vt 0.13672684 0.50414074
vt 0.00977291 0.71811876
vt 0.05337353 0.57935640
vt 0.04295342 0.58070820
vt 0.11216772 0.52198262
vt 0.09303394 0.62624082
vt 0.04287982 0.61798134
vt 0.03036179 0.54732036
vt 0.09585419 0.70545003
vt 0.04864350 0.73479280
vt 0.09687504 0.61094593
vt 0.13494368 0.52294887
vt 0.12197850 0.69389108
vt 0.13357420 0.60642823
vt 0.10225075 0.63252687
vt 0.13060492 0.70722807
vt 0.14019019 0.68385984
vt 0.00559178 0.68309710
vt 0.05930863 0.51226657
vt 0.01630764 0.52629699
vt 0.14431247 0.53996990
vt 0.10706525 0.68890539
vt 0.08246677 0.75162799
vt 0.09954538 0.57069030
vt 0.02524855 0.57876867
vt 0.07188806 0.54349351
vt 0.01389104 0.64804152
vt 0.01155005 0.54767818
vt 0.10506698 0.62668896
vt 0.13368793 0.70124251
vt 0.12555337 0.55765058
vt 0.01043352 0.58923279
vt 0.03000818 0.64283633
vt 0.09134003 0.50879475
vt 0.06061298 0.73093481
vt 0.10022741 0.74655515
vt 0.07691261 0.68738025
vt 0.12831119 0.60958073
vt 0.00575895 0.64090150
vt 0.07629272 0.51504481
vt 0.14258131 0.63674254
vt 0.05219352 0.64609566
vt 0.06522536 0.68651279
vt 0.13875649 0.66985293
vt 0.03940557 0.53574999
vt 0.02604966 0.72875108
vt 0.07119218 0.59469654
vt 0.12685721 0.66011351
vt 0.09342128 0.62054481
vt 0.02774628 0.54280832
vt 0.10810540 0.54951625
vt 0.07466585 0.69147581
vt 0.04482902 0.55591750
vt 0.08928627 0.63477835
vt 0.08438706 0.57801254
vt 0.02866115 0.56543704
vt 0.07265508 0.61033468
vt 0.07788865 0.59536860
vt 0.05497228 0.53036451
vt 0.13219704 0.62236670
vt 0.01529926 0.65762407
vt 0.10363267 0.54542860
vt 0.12090664 0.73358304
vt 0.01133462 0.65337468
vt 0.01704909 0.67414906
vt 0.04472100 0.50997298
vt 0.04900089 0.66476226
vt 0.05660720 0.56331064
vt 0.08149426 0.72497537
vt 0.06832704 0.55915548
vt 0.03217822 0.51996878
vt 0.04366854 0.73250135
vt 0.08224582 0.62622523
vt 0.12290837 0.56950200
vt 0.05107522 0.60635112
vt 0.03233538 0.74218984
vt 0.03245146 0.66311768
vt 0.00742829 0.56472260
vt 0.06305176 0.71222074
vt 0.10049681 0.61597193
vt 0.03774850 0.57956591
vt 0.13168891 0.58391767
vt 0.10488956 0.55927743
vt 0.13127875 0.62804038
vt 0.05042060 0.56012868
vt 0.08922879 0.58155717
vt 0.07844702 0.67539030
vt 0.07831085 0.55928947
vt 0.04734576 0.61250943
vt 0.07853586 0.74910911
vt 0.08138471 0.54810679
vt 0.12713293 0.69060931
vt 0.09326727 0.61485644
vt 0.06587446 0.70738277
vt 0.11882410 0.71036823
vt 0.13415620 0.60086299
vt 0.11398418 0.59681340
vt 0.04242024 0.54982141
vt 0.02269196 0.56053426
vt 0.12385612 0.52645884
vt 0.05340694 0.66826948
vt 0.09266928 0.52069312
vt 0.06766375 0.52588943
vt 0.02915723 0.67927239
vt 0.02029253 0.72071189
vt 0.03590111 0.64572796
vt 0.11463719 0.65342869
vt 0.12745303 0.57918810
vt 0.13007477 0.68494064
vt 0.11173937 0.56639899
vt 0.06384641 0.63030726
vt 0.07200906 0.60451463
vt 0.07119846 0.70578541
vt 0.02573736 0.62374012
vt 0.07460843 0.70935972
vt 0.14205785 0.57722972
vt 0.00723520 0.74153152
vt 0.10272087 0.70821743
vt 0.10593481 0.53974729
vt 0.13005743 0.54271623
vt 0.14233256 0.68908432
vt 0.03543772 0.63853066
vt 0.10027540 0.53972126
vt 0.04485493 0.57556051
vt 0.11503795 0.54878970
vt 0.08787103 0.67658810
vt 0.00706112 0.52492806
vt 0.01047268 0.60903946
vt 0.02090538 0.68862108
vt 0.02479198 0.70279947
vt 0.03525415 0.68877708
vt 0.10803821 0.51006222
vt 0.11929127 0.56557466
vt 0.10289872 0.72732457
vt 0.07851348 0.57902048
vt 0.09226528 0.73351410
vt 0.09944244 0.58594103
vt 0.03420128 0.51218259
vt 0.11419388 0.63940057
vt 0.01058169 0.62240693
vt 0.12066480 0.67599383
vt 0.05170833 0.53636593
vt 0.03956697 0.71229420
vt 0.12807803 0.67765179
vt 0.00588186 0.71051169
vt 0.07912950 0.51933826
vt 0.08552831 0.56115272
vt 0.09649845 0.53525952
vt 0.11202850 0.61840643
vt 0.07642340 0.75521811
vt 0.10378089 0.55408390
vt 0.06229471 0.75417228
vt 0.04009988 0.69934756
vt 0.07809756 0.68182459
vt 0.08474668 0.63723863
vt 0.03313384 0.56992556
vt 0.00702190 0.64755765
vt 0.10905616 0.64407606
vt 0.14189370 0.61817633
vt 0.04833730 0.62087709
vt 0.02969778 0.65750456
vt 0.04525186 0.53807169
vt 0.06163084 0.53061696
vt 0.08686451 0.57063075
vt 0.01134351 0.52897467
vt 0.09149966 0.71508665
vt 0.09459790 0.75317327
vt 0.12205979 0.55216006
vt 0.08196574 0.68633351
vt 0.02044099 0.73118021
vt 0.09521335 0.58211107
vt 0.10668722 0.62103777
vt 0.09251692 0.56131497
vt 0.11291773 0.72396925
vt 0.13097384 0.64913547
vt 0.09721532 0.52994484
vt 0.11894204 0.57441133
vt 0.00593733 0.55915088
vt 0.07637141 0.71389566
vt 0.13012519 0.67145474
vt 0.02281317 0.59200624
vt 0.11333793 0.71441611
vt 0.11507956 0.63297857
vt 0.02936584 0.51574187
vt 0.06776528 0.61053969
vt 0.02617502 0.68699344
vt 0.07345996 0.59914887
vt 0.08407323 0.74618954
vt 0.04203184 0.64677722
vt 0.03297282 0.74768564
vt 0.11884303 0.59732647
vt 0.13783600 0.56666116
vt 0.07673878 0.62649328
vt 0.09053967 0.57610415
vt 0.05637378 0.72656277
vt 0.09838342 0.74082296
vt 0.08257142 0.52299915
vt 0.09136421 0.72459366
vt 0.00708805 0.57854331
vt 0.14158289 0.66020235
vt 0.07379411 0.71944635
vt 0.09060935 0.66725563
vt 0.13930040 0.51934148
vt 0.00467955 0.51920189
vt 0.03939399 0.59061707
vt 0.11439969 0.60152027
vt 0.09644262 0.67214188
vt 0.10737068 0.73201609
vt 0.04433794 0.62522332
vt 0.12607263 0.62674872
vt 0.13582897 0.66061819
vt 0.04383964 0.60673445
vt 0.10001964 0.55003345
vt 0.06873501 0.69180911
vt 0.04929139 0.71263672
vt 0.07062383 0.64465791
vt 0.06621384 0.51128600
vt 0.12097607 0.58737379
vt 0.07991136 0.62027952
vt 0.10395689 0.58885805
vt 0.12602667 0.61544293
vt 0.07235973 0.65940790
vt 0.06100644 0.52392629
vt 0.13894412 0.62279646
vt 0.01420636 0.52099638
vt 0.02857285 0.59676972
vt 0.06504450 0.57973641
vt 0.13041186 0.55606315
vt 0.06821141 0.66650123
vt 0.02801626 0.58610099
vt 0.03616322 0.61771955
vt 0.07086444 0.68732671
vt 0.03824095 0.74895691
vt 0.10282914 0.66798472
vt 0.00652447 0.63520977
vt 0.13305071 0.65583162
vt 0.10188294 0.52710574
vt 0.02967831 0.71679077
vt 0.10791128 0.74075111
vt 0.01159018 0.55864001
vt 0.09694945 0.68172544
vt 0.01977675 0.52096207
vt 0.08949894 0.74966731
vt 0.10018325 0.51309413
vt 0.07715216 0.70378050
vt 0.08726077 0.68860722
vt 0.12090809 0.62413475
vt 0.11771262 0.61005150
vt 0.02399031 0.51804552
vt 0.02806481 0.53009515
vt 0.07778914 0.61312466
vt 0.02603755 0.72167307
vt 0.11637266 0.53433691
vt 0.05434938 0.61130672
vt 0.10348692 0.57516380
vt 0.05570913 0.70183035
vt 0.14311090 0.59215287
vt 0.12337892 0.50634999
vt 0.12093912 0.53902712
vt 0.10719818 0.63804869
vt 0.05089309 0.67847078
vt 0.02252228 0.56608513
vt 0.08827417 0.64077858
vt 0.01383332 0.59399649
vt 0.11140611 0.55873789
vt 0.03873534 0.72947714
vt 0.10531718 0.52169673
vt 0.05768547 0.69500526
vt 0.04548505 0.73986307
vt 0.07533075 0.74025594
vt 0.03529828 0.70741393
vt 0.03060063 0.73430024
vt 0.04033838 0.60139102
vt 0.09965940 0.62175337
vt 0.10915591 0.57918925
vt 0.01601317 0.53791069
vt 0.08565910 0.68234581
vt 0.06566380 0.53539104
vt 0.06333190 0.72529257
vt 0.04788685 0.65677460
vt 0.07825822 0.72992538
vt 0.01959464 0.70127182
vt 0.03569746 0.59556119
vt 0.02725912 0.67255189
vt 0.12938366 0.53096003
vt 0.07265740 0.75152437
vt 0.02855542 0.69196947
vt 0.03233280 0.61195238
vt 0.06319353 0.55398140
vt 0.10951067 0.55425939
vt 0.08409212 0.53710534
vt 0.12589780 0.58456999
vt 0.13306879 0.56227513
vt 0.12106046 0.63708710
vt 0.01461279 0.69779690
vt 0.00684140 0.57218090
vt 0.14247191 0.65460970
vt 0.08804375 0.54161405
vt 0.05476401 0.73277818
vt 0.08768708 0.62939954
vt 0.11669258 0.51700633
vt 0.06778224 0.67994004
vt 0.02134641 0.71572941
vt 0.01071905 0.53499061
vt 0.12307333 0.59308801
vt 0.06461933 0.62257270
vt 0.06860539 0.50665609
vt 0.05463220 0.65260119
vt 0.08620084 0.51916092
vt 0.06296578 0.57383668
vt 0.02072077 0.57180219
vt 0.07450716 0.59017693
vt 0.06680710 0.54829596
vt 0.06764746 0.58992454
vt 0.10180973 0.67474528
vt 0.03189434 0.66878929
vt 0.14137410 0.58213753
vt 0.09251038 0.73946605
vt 0.05698853 0.57369060
vt 0.02498613 0.63790929
vt 0.03862950 0.52183203
vt 0.08946825 0.69950387
vt 0.07235189 0.63075697
vt 0.11714238 0.50889229
vt 0.07723628 0.60691184
vt 0.09226936 0.65971297
vt 0.08701163 0.62314937
vt 0.08409784 0.70463438
vt 0.08494805 0.72886867
vt 0.14084281 0.54977105
vt 0.08898389 0.55615475
vt 0.09185834 0.65256824
vt 0.05925537 0.58016724
vt 0.03599361 0.73918401
vt 0.06932352 0.67358769
vt 0.06964640 0.53136057
vt 0.13606265 0.52853760
vt 0.10081818 0.70130820
vt 0.04511191 0.74585016
vt 0.06692225 0.70208149
vt 0.11230070 0.68535612
vt 0.00655535 0.73742309
vt 0.01507721 0.72143181
vt 0.12854395 0.60300912
vt 0.06325536 0.69295116
vt 0.11496179 0.70355804
vt 0.12838365 0.57184762
vt 0.11212521 0.73272412
vt 0.13501589 0.67431141
vt 0.03010168 0.63555507
vt 0.03364776 0.54051978
vt 0.13158428 0.72223225
vt 0.14111728 0.51411164
vt 0.00938245 0.70031505
vt 0.04145452 0.63933017
vt 0.06413175 0.60564340
vt 0.09010056 0.56602851
vt 0.03481721 0.63091351
vt 0.09321288 0.64695559
vt 0.00719293 0.68865970
vt 0.09874207 0.55511424
vt 0.04319537 0.51649000
vt 0.09708452 0.50769922
vt 0.08645758 0.75422175
vt 0.13914864 0.66491930
vt 0.03190882 0.72194077
vt 0.05272526 0.52420418
vt 0.05805408 0.67671197
vt 0.05998715 0.60975779
vt 0.08175979 0.74081194
vt 0.12249481 0.70495665
vt 0.02705418 0.57209057
vt 0.03619049 0.65275445
vt 0.09309703 0.52577353
vt 0.02206058 0.52801363
vt 0.01097849 0.68299010
vt 0.11092767 0.58876654
vt 0.14158656 0.70253426
vt 0.01733748 0.74185613
vt 0.14189071 0.67335464
vt 0.08871116 0.60142689
vt 0.01268197 0.66304663
vt 0.13282007 0.63365126
vt 0.07228668 0.62261621
vt 0.05208148 0.62709602
vt 0.01873708 0.57887906
vt 0.01605148 0.72633115
vt 0.13201590 0.69477421
vt 0.02526407 0.50900531
vt 0.07999655 0.66993364
vt 0.13709689 0.54510638
vt 0.07569361 0.57400863
vt 0.09650922 0.66596147
vt 0.00646148 0.51294001
vt 0.13403353 0.66695895
vt 0.12505046 0.54418484
vt 0.08390938 0.69859238
vt 0.08759385 0.52533717
vt 0.05583645 0.55001228
vt 0.03062039 0.65022592
vt 0.13533311 0.53363462
vt 0.04736489 0.65035122
vt 0.00852336 0.55267414
vt 0.10871394 0.60004469
vt 0.07272096 0.56307158
vt 0.04643199 0.68237253
vt 0.12102319 0.52109453
vt 0.09713368 0.57652001
vt 0.05880724 0.61627777
vt 0.05128872 0.50941095
vt 0.10773311 0.60888317
vt 0.02809593 0.69815921
vt 0.06230631 0.50765265
vt 0.10451840 0.60371517
vt 0.13652243 0.58122269
vt 0.07176426 0.71439873
vt 0.02493727 0.51304234
vt 0.07213879 0.54952848
vt 0.01859582 0.73663023
vt 0.14194826 0.64912687
vt 0.14379539 0.51888003
vt 0.08157794 0.52796855
vt 0.13750344 0.70671310
vt 0.08674495 0.72125371
vt 0.13641018 0.57430481
vt 0.08811117 0.64602605
vt 0.12094698 0.58116256
vt 0.09124358 0.53063728
vt 0.08000005 0.53331868
vt 0.07693188 0.56723080
vt 0.08790475 0.59217817
vt 0.09965211 0.66098895
vt 0.07888763 0.69879670
vt 0.12010634 0.71652839
vt 0.06151303 0.70502299
vt 0.01517507 0.63376968
vt 0.09016860 0.53595945
vt 0.07623256 0.74516938
vt 0.00588532 0.61912697
vt 0.06675325 0.56667001
vt 0.07218488 0.68300454
vt 0.02258348 0.67656909
vt 0.07345142 0.65288679
vt 0.08262104 0.71119016
vt 0.13629601 0.61690102
vt 0.10166504 0.73284195
vt 0.13644431 0.71959658
vt 0.13831080 0.59379043
vt 0.02748503 0.73962277
vt 0.00730216 0.72723230
vt 0.00599522 0.72009233
vt 0.06397448 0.73703472
vt 0.00527502 0.63086938
vt 0.03570843 0.55733091
vt 0.08035395 0.66413366
vt 0.07083287 0.53835394
vt 0.06815088 0.69691263
vt 0.05262393 0.65896947
vt 0.12494615 0.65024847
vt 0.14052953 0.54141887
vt 0.09474426 0.58978955
vt 0.06863172 0.71119199
vt 0.03757690 0.57371803
vt 0.13066595 0.61669415
vt 0.07630727 0.64102664
vt 0.11483398 0.58478675
vt 0.01341615 0.51354611
vt 0.09810744 0.64431806
vt 0.03867858 0.62468482
vt 0.11739679 0.68093297
vt 0.05206465 0.71818264
vt 0.09971813 0.59305956
vt 0.03596632 0.72537340
vt 0.00435809 0.72491241
vt 0.01996561 0.63881105
vt 0.08871298 0.74317742
vt 0.10901268 0.57272128
vt 0.08132285 0.69263657
vt 0.12808428 0.59676972
vt 0.03069328 0.50990940
vt 0.04424824 0.71566969
vt 0.13610008 0.63860025
vt 0.14103301 0.56152545
vt 0.02608017 0.55092332
vt 0.11111443 0.53098626
vt 0.04970659 0.55189483
vt 0.00756795 0.65992256
vt 0.06753273 0.60142999
vt 0.04849930 0.70464720
vt 0.04198991 0.65454364
vt 0.04071312 0.70524271
vt 0.04848693 0.58241546
vt 0.08215374 0.64416827
vt 0.09351026 0.57117536
vt 0.06823119 0.61769662
vt 0.03510023 0.58482203
vt 0.01703710 0.61194038
vt 0.11071648 0.65817114
vt 0.11630653 0.55462630
vt 0.01245148 0.73851792
vt 0.09711487 0.54549650
vt 0.05502370 0.63276064
vt 0.10877149 0.63266376
vt 0.09775514 0.65549498
vt 0.12421201 0.68287486
vt 0.10748760 0.58444101
vt 0.07250838 0.52098312
vt 0.07181348 0.72969516
vt 0.04893037 0.63582085
vt 0.08694385 0.73624608
vt 0.07412005 0.67138481
vt 0.12725074 0.51879687
vt 0.05068057 0.72355164
vt 0.00460036 0.54193183
vt 0.05373472 0.67334660
vt 0.10676469 0.51600896
vt 0.07850524 0.60136967
vt 0.12650952 0.69968286
vt 0.05263099 0.74668018
vt 0.08285253 0.61463271
vt 0.02438992 0.73516257
vt 0.08221781 0.51405624
vt 0.12108215 0.55997497
vt 0.05348566 0.75141334
vt 0.11891425 0.66847754
vt 0.08389978 0.59636209
vt 0.01178359 0.61570000
vt 0.13313103 0.59519305
vt 0.11810443 0.73952392
vt 0.07676289 0.54591859
vt 0.12641784 0.63307685
vt 0.14082325 0.57209686
vt 0.03633766 0.68074970
vt 0.05222327 0.69150356
vt 0.05203013 0.68554693
vt 0.13510315 0.68730350
vt 0.04748675 0.63016872
vt 0.03452142 0.56291363
vt 0.02784373 0.60451678
vt 0.06229396 0.58609060
vt 0.01702972 0.58879166
vt 0.04119620 0.73760666
vt 0.07960330 0.65149059
vt 0.12958028 0.52439280
vt 0.08236166 0.54250557
vt 0.08207470 0.75685556
vt 0.02333653 0.68243763
vt 0.01426160 0.66884793
vt 0.07550890 0.73507870
vt 0.01298655 0.67752946
vt 0.10157487 0.60861290
vt 0.03392330 0.60103576
vt 0.03400998 0.69552130
vt 0.07116299 0.63842337
vt 0.07937048 0.58451135
vt 0.05906724 0.65808942
vt 0.07383178 0.58480590
vt 0.03978447 0.54257999
vt 0.01074229 0.64336281
vt 0.06184113 0.69934803
vt 0.10650187 0.61455884
vt 0.00493236 0.58929952
vt 0.00598434 0.65373469
vt 0.10972574 0.74474057
vt 0.04076158 0.68536452
vt 0.09631451 0.71128322
vt 0.09132233 0.54636322
vt 0.03402481 0.67480183
vt 0.06153312 0.66465274
vt 0.01911935 0.51313371
vt 0.14063915 0.53604251
vt 0.10377016 0.72083616
vt 0.12013444 0.54592399
vt 0.09982685 0.69333398
vt 0.13417434 0.61158359
vt 0.01991361 0.54215633
vt 0.01080594 0.72367939
vt 0.04834981 0.75132708
vt 0.03133543 0.68503373
vt 0.10306784 0.64287006
vt 0.06159074 0.59294894
vt 0.05595526 0.74249378
vt 0.13638697 0.53956301
vt 0.08778711 0.60626201
vt 0.09533095 0.51452442
vt 0.03380129 0.53311816
vt 0.02720068 0.62996838
vt 0.11758858 0.61974456
vt 0.08238816 0.60834682
vt 0.06275693 0.65394554
vt 0.06056398 0.63564385
vt 0.11088170 0.67955891
vt 0.07270074 0.70058338
vt 0.10253237 0.50914100
vt 0.09821915 0.72313797
vt 0.02246469 0.59911839
vt 0.07905915 0.65782974
vt 0.03404239 0.70157415
vt 0.04825787 0.51294154
vt 0.03540968 0.60666315
vt 0.08872925 0.71005412
vt 0.05020286 0.72918634
vt 0.08832189 0.61143832
vt 0.10599192 0.59387377
vt 0.12383218 0.57560643
vt 0.03925987 0.67203082
vt 0.07349662 0.67777557
vt 0.11112492 0.73752308
vt 0.08739872 0.61771379
vt 0.12667596 0.64458877
vt 0.13215496 0.57693957
vt 0.11983689 0.68753998
vt 0.09392452 0.54071323
vt 0.11029831 0.54429122
vt 0.11092852 0.59380927
vt 0.14293596 0.52720265
vt 0.10615615 0.66230069
vt 0.00543284 0.53114646
vt 0.04484669 0.52391427
vt 0.07458228 0.69575007
vt 0.10508323 0.69598772
vt 0.06543185 0.74947970
vt 0.04139403 0.63243245
vt 0.00374365 0.55384042
vt 0.07606014 0.64690078
vt 0.10936307 0.66816954
vt 0.02142610 0.70795225
vt 0.08588055 0.66198840
vt 0.04915113 0.51887771
vt 0.01635211 0.59856322
vt 0.02942821 0.55952337
vt 0.06350803 0.64115246
vt 0.00887156 0.67268239
vt 0.04808423 0.56950155
vt 0.04550825 0.72062597
vt 0.05755114 0.51894556
vt 0.01792087 0.54803010
vt 0.00575149 0.54722605
vt 0.06246131 0.56097155
vt 0.00618186 0.61296700
vt 0.01179031 0.70891770
vt 0.13192410 0.53778272
vt 0.14071607 0.61165469
vt 0.12661035 0.53708201
vt 0.09362938 0.64121597
vt 0.12306240 0.61226685
vt 0.03659755 0.71753446
vt 0.11234433 0.60621137
vt 0.06831346 0.58425294
vt 0.08996364 0.72946709
vt 0.06847054 0.57441115
vt 0.10596959 0.71356508
vt 0.07411868 0.66543932
vt 0.02828693 0.71013761
vt 0.01551565 0.73124894
vt 0.07126705 0.51392714
vt 0.04699909 0.60110241
vt 0.13376302 0.58935828
vt 0.14316156 0.56797501
vt 0.02946783 0.70532152
vt 0.13918028 0.63312389
vt 0.08472840 0.58544689
vt 0.01766056 0.68154738
vt 0.05586459 0.66340723
vt 0.01480111 0.70451952
vt 0.03828704 0.66575545
vt 0.11444433 0.69165405
vt 0.01477494 0.62685506
vt 0.11367420 0.74240987
vt 0.03576504 0.54700134
vt 0.14255827 0.62803176
vt 0.02660476 0.52357386
vt 0.05380157 0.51475068
vt 0.03899733 0.56623310
vt 0.05173513 0.69753142
vt 0.11736574 0.65881520
vt 0.13694082 0.71312190
vt 0.08255490 0.67764426
vt 0.11538765 0.54144849
vt 0.01530864 0.64080405
vt 0.01694188 0.69264338
vt 0.04408271 0.66827264
vt 0.04443047 0.72661404
vt 0.11683058 0.59132988
vt 0.09437291 0.55657085
vt 0.01277049 0.74334961
vt 0.06614989 0.66020920
vt 0.05613304 0.55668447
vt 0.11510566 0.64609538
vt 0.05949723 0.53738643
vt 0.04747420 0.64185312
vt 0.06360782 0.67600160
vt 0.02380887 0.53929269
vt 0.13661215 0.51175646
vt 0.11684550 0.52696913
vt 0.11892980 0.72679022
vt 0.05081722 0.57465663
vt 0.13179771 0.71514542
vt 0.11634109 0.73526877
vt 0.07388130 0.61686426
vt 0.00979692 0.54117609
vt 0.01531845 0.71655269
vt 0.04299832 0.75054301
vt 0.01467164 0.68694557
vt 0.12824991 0.63886023
vt 0.12030958 0.63012910
vt 0.01460283 0.54338119
vt 0.11452213 0.67284427
vt 0.03971148 0.69273352
vt 0.05548510 0.64018831
vt 0.12379396 0.60410729
vt 0.00634917 0.59474848
vt 0.09899029 0.56054516
vt 0.02262075 0.65796724
vt 0.10213270 0.59832701
vt 0.03150865 0.55324597
vt 0.05853539 0.73694129
vt 0.04550774 0.69477612
vt 0.14382590 0.51073295
vt 0.39485593 0.73571327
vt 0.39486125 0.72864144
vt 0.39486657 0.72156960
vt 0.39487189 0.71449776
vt 0.39487720 0.70743300
vt 0.39488252 0.70036117
vt 0.39488784 0.69328933
vt 0.39489316 0.68621749
vt 0.39489848 0.67914566
vt 0.39490380 0.67207382
vt 0.39498409 0.66492433
vt 0.39506419 0.65779127
vt 0.39514448 0.65064178
vt 0.39522477 0.64349229
vt 0.39530506 0.63634279
vt 0.39538516 0.62920974
vt 0.39546545 0.62206025
vt 0.39554574 0.61491075
vt 0.39562603 0.60776126
vt 0.39570614 0.60062820
vt 0.39578643 0.59347871
vt 0.39586671 0.58632922
vt 0.39594700 0.57917972
vt 0.39602711 0.57204667
vt 0.39610740 0.56489717
vt 0.39618769 0.55774768
vt 0.39626797 0.55059819
vt 0.39634808 0.54346513
vt 0.39642837 0.53631564
vt 0.39650866 0.52916615
vt 0.39658895 0.52201665
vt 0.39666905 0.51488360
vt 0.39674934 0.50773410
vt 0.38941114 0.50734736
vt 0.38207294 0.50696062
vt 0.37473474 0.50657387
vt 0.36739654 0.50618713
vt 0.36005834 0.50580038
vt 0.35272013 0.50541364
vt 0.34538193 0.50502690
vt 0.33804373 0.50464015
vt 0.33070553 0.50425341
vt 0.32338201 0.50386744
vt 0.31604381 0.50348069
vt 0.30870561 0.50309395
vt 0.30136741 0.50270721
vt 0.29402920 0.50232046
vt 0.28669100 0.50193372
vt 0.27935280 0.50154698
vt 0.27201460 0.50116023
vt 0.26467640 0.50077349
vt 0.25733820 0.50038674
vt 0.25000000 0.50000000
vt 0.25000000 0.50735153
vt 0.25000000 0.51470306
vt 0.25000000 0.52203328
vt 0.25000000 0.52938481
vt 0.25000000 0.53673635
vt 0.25000000 0.54408788
vt 0.25000000 0.55143941
vt 0.25000000 0.55876963
vt 0.25000000 0.56612116
vt 0.25000000 0.57347269
vt 0.25000000 0.58082422
vt 0.25000000 0.58817575
vt 0.25000000 0.59550598
vt 0.25000000 0.60285751
vt 0.25000000 0.61020904
vt 0.25000000 0.61756057
vt 0.25000000 0.62489079
vt 0.25000000 0.63224232
vt 0.25000000 0.63959385
vt 0.25000000 0.64694538
vt 0.25000000 0.65429691
vt 0.25000000 0.66162714
vt 0.25000000 0.66897867
vt 0.25000000 0.67633020
vt 0.25000000 0.68368173
vt 0.25000000 0.69103326
vt 0.25000000 0.69836348
vt 0.25000000 0.70571501
vt 0.25000000 0.71306654
vt 0.25409014 0.71892766
vt 0.25853147 0.72453566
vt 0.26328728 0.72987196
vt 0.26833404 0.73494050
vt 0.27363632 0.73973650
vt 0.27917214 0.74427038
vt 0.28490174 0.74853939
vt 0.29081392 0.75256327
vt 0.29688045 0.75634821
vt 0.30308642 0.75990848
vt 0.31031741 0.76021987
vt 0.31755100 0.76017099
vt 0.32477133 0.75979038
vt 0.33198057 0.75910375
vt 0.33914698 0.75813867
vt 0.34628355 0.75691618
vt 0.35336847 0.75546074
vt 0.36040823 0.75379031
vt 0.36740137 0.75192231
vt 0.37433754 0.74987541
vt 0.38122683 0.74766105
vt 0.38806043 0.74529510
vt 0.39485061 0.74278511
vt 0.31764426 0.54586964
vt 0.27940536 0.57910040
vt 0.36546254 0.54653449
vt 0.39250409 0.52710318
vt 0.26146472 0.61254335
vt 0.29271206 0.70304270
vt 0.36405650 0.55873347
vt 0.35401861 0.61027129
vt 0.36661770 0.58328162
vt 0.35948932 0.54752666
vt 0.35409825 0.56095409
vt 0.35260651 0.72354146
vt 0.31533530 0.75232830
vt 0.28274752 0.58528027
vt 0.25480758 0.52982991
vt 0.31146961 0.57970724
vt 0.34047168 0.59707603
vt 0.34855355 0.53239874
vt 0.31896199 0.56492497
vt 0.26762605 0.50441677
vt 0.30224462 0.50860390
vt 0.27573382 0.50950384
vt 0.28621335 0.58088458
vt 0.30021955 0.56704533
vt 0.31323217 0.56542198
vt 0.29232287 0.58139929
vt 0.37611038 0.56371214
vt 0.32040540 0.66034714
vt 0.28179987 0.70815010
vt 0.29794169 0.69609594
vt 0.32830580 0.75551992
vt 0.25577857 0.56867680
vt 0.36569963 0.51171618
vt 0.32334461 0.69416979
vt 0.32901583 0.63129602
vt 0.39045398 0.57524440
vt 0.25561386 0.66936524
vt 0.29378358 0.56499106
vt 0.30068471 0.67396204
vt 0.27181606 0.51408465
vt 0.35392070 0.59153519
vt 0.27141544 0.70528077
vt 0.31961647 0.53548859
vt 0.32001861 0.62597277
vt 0.31629580 0.60519236
vt 0.35662346 0.57905520
vt 0.35087788 0.75087853
vt 0.38630319 0.55685749
vt 0.30291177 0.51453223
vt 0.26305543 0.66708847
vt 0.28432771 0.61744064
vt 0.28376287 0.59127130
vt 0.29101920 0.68675734
vt 0.38232561 0.52598713
vt 0.35525780 0.53076482
vt 0.26513090 0.56693185
vt 0.29713738 0.66457610
vt 0.38906482 0.66180996
vt 0.30341173 0.66807585
vt 0.39064081 0.72589070
vt 0.31081020 0.66927494
vt 0.36855978 0.54110738
vt 0.29995369 0.72587489
vt 0.26542889 0.52354969
vt 0.28528280 0.70345768
vt 0.33525999 0.59688808
vt 0.32282501 0.75387509
vt 0.34013789 0.69444276
vt 0.36910502 0.62224840
vt 0.34466996 0.71451207
vt 0.29673733 0.54604715
vt 0.32773006 0.59049450
vt 0.26433622 0.55480598
vt 0.36831653 0.61569853
vt 0.34230825 0.53305008
vt 0.30013353 0.56135436
vt 0.37619246 0.55226680
vt 0.38541664 0.69656635
vt 0.37620462 0.57148065
vt 0.31512382 0.66351762
vt 0.39119176 0.62528873
vt 0.31050660 0.68512767
vt 0.33777629 0.54828212
vt 0.38607127 0.71646166
vt 0.31403280 0.75746375
vt 0.33753685 0.56727238
vt 0.35152648 0.64377533
vt 0.34888516 0.56535861
vt 0.28861360 0.69963038
vt 0.28631556 0.64876101
vt 0.27454546 0.72897964
vt 0.36237481 0.67200110
vt 0.25902030 0.56460851
vt 0.25387895 0.52523881
vt 0.31813544 0.61920548
vt 0.38878879 0.60326213
vt 0.37537331 0.72334436
vt 0.33099592 0.73648731
vt 0.31441188 0.71482425
vt 0.36837873 0.69569192
vt 0.25737544 0.59329322
vt 0.26783458 0.54974346
vt 0.36055098 0.56248696
vt 0.37769733 0.61285322
vt 0.39256884 0.63368979
vt 0.37137480 0.51043552
vt 0.34821786 0.74150315
vt 0.35864643 0.67744575
vt 0.31511870 0.72661906
vt 0.34051201 0.67281329
vt 0.36323398 0.50843170
vt 0.31549390 0.62921376
vt 0.25508360 0.61224218
vt 0.27155641 0.52398637
vt 0.25388616 0.65079851
vt 0.26304665 0.69570850
vt 0.32719002 0.58244629
vt 0.36258766 0.57570834
vt 0.38275976 0.59444780
vt 0.33792925 0.75192893
vt 0.25628128 0.64257629
vt 0.33248106 0.54481976
vt 0.31039140 0.64174209
vt 0.35673916 0.57365952
vt 0.38064949 0.58323804
vt 0.35543458 0.52544997
vt 0.32507143 0.56807132
vt 0.26713323 0.51884372
vt 0.26782897 0.72105680
vt 0.35467541 0.58591101
vt 0.31722479 0.65575345
vt 0.38003556 0.52063888
vt 0.27692946 0.58528450
vt 0.27620070 0.50423291
vt 0.33701934 0.74671215
vt 0.32641863 0.67777920
vt 0.38052402 0.57615153
vt 0.38692499 0.73103161
vt 0.31506070 0.64860473
vt 0.37539288 0.52896468
vt 0.37740087 0.51574179
vt 0.28420203 0.52997978
vt 0.25385764 0.56272167
vt 0.25948512 0.62885097
vt 0.32372308 0.74258432
vt 0.30803381 0.74369104
vt 0.30285264 0.63064523
vt 0.30915063 0.69708710
vt 0.31458476 0.55899477
vt 0.27931245 0.57161232
vt 0.35171549 0.66512452
vt 0.31487147 0.60068974
vt 0.31534001 0.68141796
vt 0.32462988 0.52191149
vt 0.39077959 0.53527840
vt 0.37462362 0.62477907
vt 0.31865696 0.74896625
vt 0.27330023 0.58162164
vt 0.31368433 0.59528276
vt 0.30173233 0.58613987
vt 0.33561630 0.51668479
vt 0.29801289 0.67873422
vt 0.33684263 0.55400827
vt 0.33603305 0.70896046
vt 0.27124072 0.64519245
vt 0.26975581 0.57736041
vt 0.33637627 0.65593776
vt 0.32155863 0.70575224
vt 0.34921494 0.54345760
vt 0.26948056 0.63300569
vt 0.30162606 0.70585845
vt 0.27246595 0.51909513
vt 0.28785670 0.52146733
vt 0.31081418 0.69078982
vt 0.31420105 0.74565852
vt 0.32855109 0.63629721
vt 0.30760377 0.63303208
vt 0.28592325 0.54914550
vt 0.34269132 0.51377910
vt 0.28385037 0.56804896
vt 0.33790530 0.52773187
vt 0.34413339 0.60920711
vt 0.37983834 0.69647896
vt 0.33243841 0.75093660
vt 0.36202785 0.51704726
vt 0.30284839 0.66116252
vt 0.25408210 0.57260083
vt 0.38194551 0.51187582
vt 0.32246197 0.51040862
vt 0.38313463 0.55174960
vt 0.34534346 0.55238233
vt 0.35718214 0.69559883
vt 0.35583667 0.73585046
vt 0.26444298 0.50917536
vt 0.32820987 0.67143093
vt 0.29610629 0.52808265
vt 0.28174301 0.72625499
vt 0.25434395 0.51974835
vt 0.38818800 0.61562086
vt 0.36423670 0.52396252
vt 0.32770551 0.69555895
vt 0.28798400 0.56250572
vt 0.30321859 0.60646240
vt 0.30959753 0.72944916
vt 0.26509430 0.54028044
vt 0.38361120 0.61056190
vt 0.35472203 0.53929612
vt 0.36376471 0.74514445
vt 0.35779019 0.68702548
vt 0.36694030 0.66458734
vt 0.26573511 0.59212850
vt 0.30996441 0.74953597
vt 0.35810351 0.74594005
vt 0.36957939 0.68774345
vt 0.36357461 0.64235842
vt 0.30325719 0.69860789
vt 0.26968368 0.65355603
vt 0.37109691 0.63819258
vt 0.33084647 0.52619104
vt 0.36925737 0.56241202
vt 0.32159946 0.58006587
vt 0.32362833 0.63332111
vt 0.32490530 0.59883173
vt 0.26956148 0.69440896
vt 0.27253563 0.67605874
vt 0.29210400 0.62096537
vt 0.38598738 0.62201270
vt 0.25441707 0.62985609
vt 0.25520837 0.65705421
vt 0.38942745 0.67493309
vt 0.36996076 0.73537251
vt 0.30852257 0.55383744
vt 0.28503452 0.50525374
vt 0.27254604 0.66964092
vt 0.29837658 0.62735303
vt 0.25544968 0.63622680
vt 0.39008057 0.66869602
vt 0.28470935 0.59792754
vt 0.39172383 0.61922982
vt 0.30143120 0.73269484
vt 0.27772547 0.68872144
vt 0.31947670 0.69063620
vt 0.39160929 0.73174182
vt 0.38491274 0.73654815
vt 0.36155791 0.59670086
vt 0.38180639 0.71435341
vt 0.31310016 0.63566777
vt 0.25786649 0.66278419
vt 0.30803981 0.51116672
vt 0.29502255 0.55774677
vt 0.32731863 0.60358050
vt 0.33749113 0.73793538
vt 0.27927741 0.64618049
vt 0.28582278 0.67844754
vt 0.28735080 0.62443060
vt 0.25465748 0.62331813
vt 0.31103940 0.54735867
vt 0.31448870 0.61050747
vt 0.38664285 0.51193145
vt 0.29716458 0.74799289
vt 0.28110030 0.51806729
vt 0.34109134 0.70042439
vt 0.29175127 0.74517803
vt 0.35936817 0.60241366
vt 0.32680418 0.72952240
vt 0.38544421 0.54658869
vt 0.30331098 0.57127875
vt 0.31570464 0.55238415
vt 0.35862276 0.71043839
vt 0.27110392 0.59541815
vt 0.38862068 0.70052547
vt 0.38976509 0.68224491
vt 0.36824762 0.67160895
vt 0.30597586 0.58227535
vt 0.38102558 0.56862449
vt 0.34130441 0.62741109
vt 0.27451515 0.57459178
vt 0.32260861 0.58693685
vt 0.29911868 0.57374935
vt 0.29943746 0.61078538
vt 0.28451042 0.67128661
vt 0.38493878 0.72539690
vt 0.29200035 0.59628985
vt 0.33702730 0.51155962
vt 0.34205615 0.65094008
vt 0.34446726 0.72484306
vt 0.38914999 0.68827254
vt 0.33538139 0.68262413
vt 0.27744683 0.52829204
vt 0.26502634 0.71650611
vt 0.29804025 0.64212196
vt 0.30664570 0.50639079
vt 0.27955756 0.53496272
vt 0.33559308 0.62422698
vt 0.33351825 0.63744115
vt 0.32192515 0.60363071
vt 0.26943807 0.53756347
vt 0.26165612 0.51348804
vt 0.29593949 0.58577709
vt 0.27917027 0.63287118
vt 0.33437813 0.71509171
vt 0.35947627 0.63649382
vt 0.29553408 0.57739716
vt 0.37813539 0.60659512
vt 0.28245698 0.69069401
vt 0.26075253 0.72021683
vt 0.30097538 0.55421607
vt 0.37169461 0.70716101
vt 0.32472901 0.65409903
vt 0.30968011 0.60661724
vt 0.31269154 0.50785086
vt 0.27705409 0.69533143
vt 0.25985550 0.54436440
vt 0.34958370 0.63768975
vt 0.33108593 0.65817262
vt 0.31092615 0.70985238
vt 0.31621667 0.73524431
vt 0.25571600 0.70584045
vt 0.30514543 0.68570675
vt 0.32495643 0.66566471
vt 0.35508381 0.62412560
vt 0.37803340 0.67677213
vt 0.27875106 0.67568706
vt 0.31698665 0.58334308
vt 0.33404277 0.67002035
vt 0.37114693 0.59260390
vt 0.33762546 0.57411687
vt 0.37682450 0.66066918
vt 0.26941860 0.57049788
vt 0.35271867 0.56940143
vt 0.30795215 0.58756904
vt 0.33077642 0.56430737
vt 0.26689408 0.58259396
vt 0.28960705 0.52694249
vt 0.33500081 0.64202101
vt 0.35918443 0.66491071
vt 0.34089854 0.65790130
vt 0.38290777 0.51686086
vt 0.33156318 0.68775094
vt 0.33002228 0.53169195
vt 0.27968157 0.73133668
vt 0.28041326 0.60431618
vt 0.27214905 0.50575209
vt 0.26864337 0.60173276
vt 0.29242241 0.51638173
vt 0.26360455 0.72480294
vt 0.38309075 0.70936845
vt 0.28075432 0.50812992
vt 0.29318416 0.73746986
vt 0.34705238 0.74656144
vt 0.38823199 0.63797705
vt 0.38287535 0.61645382
vt 0.33811502 0.58228260
vt 0.34284534 0.55692518
vt 0.36048650 0.58913825
vt 0.25505854 0.53709996
vt 0.26330754 0.71166372
vt 0.39062234 0.58267831
vt 0.35586836 0.75131614
vt 0.30710938 0.57321097
vt 0.32132079 0.72550966
vt 0.38480324 0.53250757
vt 0.35942420 0.61911504
vt 0.33137944 0.57130447
vt 0.39091399 0.74119350
vt 0.28983543 0.59154544
vt 0.34881302 0.51095978
vt 0.35968106 0.53501130
vt 0.33000977 0.74583155
vt 0.32347457 0.59398172
vt 0.28645732 0.51701289
vt 0.38181848 0.66370666
vt 0.33250320 0.62769220
vt 0.38067532 0.62660810
vt 0.27296810 0.69966486
vt 0.25662756 0.61754011
vt 0.32645461 0.60894578
vt 0.27382986 0.53351655
vt 0.32889936 0.64226306
vt 0.27490117 0.72277284
vt 0.35971156 0.52210047
vt 0.26593230 0.67301073
vt 0.30565267 0.59598745
vt 0.32608380 0.72256711
vt 0.26088064 0.70093435
vt 0.38387218 0.64937017
vt 0.39162124 0.51000192
vt 0.26694342 0.51388394
vt 0.27021473 0.54375266
vt 0.25251622 0.70142698
vt 0.33159235 0.64708696
vt 0.34161461 0.53825828
vt 0.30271752 0.59149507
vt 0.37711530 0.71331932
vt 0.26120505 0.57083193
vt 0.32555531 0.57510434
vt 0.37621297 0.63597221
vt 0.25509020 0.71365666
vt 0.36451786 0.68186681
vt 0.34869626 0.68461630
vt 0.38086547 0.72021743
vt 0.26312238 0.59709696
vt 0.37232399 0.51544032
vt 0.34165762 0.52507664
vt 0.33618554 0.54062388
vt 0.29159747 0.53318770
vt 0.36539320 0.65607440
vt 0.25477296 0.68700772
vt 0.29664103 0.59169623
vt 0.26082564 0.68548902
vt 0.27597232 0.70914941
vt 0.31417648 0.53993413
vt 0.33025925 0.66487726
vt 0.35375118 0.65757045
vt 0.38436521 0.53756003
vt 0.28552305 0.63607987
vt 0.36974245 0.74949970
vt 0.33373764 0.59151453
vt 0.29062563 0.63265843
vt 0.37405464 0.68216845
vt 0.25712368 0.54070586
vt 0.25714118 0.55330408
vt 0.31438167 0.69533518
vt 0.31461126 0.67528474
vt 0.26000444 0.62264702
vt 0.26932877 0.73025743
vt 0.37026983 0.64459219
vt 0.28257815 0.65482555
vt 0.37339256 0.60245308
vt 0.27841290 0.61148228
vt 0.28625306 0.50918742
vt 0.27381552 0.54890059
vt 0.28936340 0.61545213
vt 0.37770848 0.68688331
vt 0.37600123 0.58893272
vt 0.26505977 0.62556607
vt 0.30437548 0.69221548
vt 0.38193251 0.74186617
vt 0.37953874 0.72667500
vt 0.35600346 0.59695884
vt 0.39013107 0.56295892
vt 0.29032459 0.67280877
vt 0.30821885 0.51656147
vt 0.36692196 0.74721055
vt 0.35362182 0.63520399
vt 0.36485703 0.64917304
vt 0.34558599 0.63248003
vt 0.26326513 0.53376873
vt 0.32823198 0.51776773
vt 0.26403527 0.56124265
vt 0.27669152 0.66261562
vt 0.34810329 0.61384352
vt 0.34496761 0.69062179
vt 0.29468683 0.73005598
vt 0.29562839 0.61516976
vt 0.36322008 0.69135497
vt 0.29874073 0.51936840
vt 0.26013587 0.54972749
vt 0.33645842 0.65101971
vt 0.35544105 0.70493345
vt 0.36474104 0.73632182
vt 0.27631216 0.51539216
vt 0.34518873 0.59569716
vt 0.31503827 0.64289625
vt 0.31027605 0.57595793
vt 0.31861577 0.74151107
vt 0.31355941 0.53317672
vt 0.35883099 0.71705061
vt 0.37099129 0.52427351
vt 0.32403351 0.71689330
vt 0.26286508 0.67939860
vt 0.37561434 0.73214414
vt 0.36018161 0.65957159
vt 0.39274184 0.60449844
vt 0.27839028 0.61763664
vt 0.37683189 0.64646562
vt 0.35148962 0.55492596
vt 0.26159405 0.50523575
vt 0.32049401 0.66718330
vt 0.28188607 0.62278758
vt 0.32526761 0.53424865
vt 0.25835529 0.69160917
vt 0.32975228 0.59686348
vt 0.38350941 0.56298559
vt 0.26135907 0.51888609
vt 0.25208743 0.54009541
vt 0.34616833 0.69834127
vt 0.34738599 0.53811712
vt 0.37350654 0.51995038
vt 0.33341345 0.50803490
vt 0.38176762 0.73159677
vt 0.35582306 0.51478638
vt 0.31817023 0.50686366
vt 0.28957082 0.58629125
vt 0.37155639 0.56821838
vt 0.32695068 0.70284611
vt 0.39169576 0.70456977
vt 0.38324073 0.64211617
vt 0.25613876 0.59950831
vt 0.29698834 0.71578328
vt 0.29276785 0.62733506
vt 0.34228395 0.68375183
vt 0.30461019 0.52068960
vt 0.34600725 0.61898857
vt 0.28457441 0.62985445
vt 0.26774172 0.61327816
vt 0.36405492 0.70672763
vt 0.27761834 0.55511247
vt 0.27473927 0.62202139
vt 0.34024032 0.63366484
vt 0.26475610 0.63160205
vt 0.35027026 0.52733955
vt 0.31889276 0.59195766
vt 0.30425548 0.60127364
vt 0.34443709 0.56995546
vt 0.31873554 0.71956419
vt 0.32277827 0.68491683
vt 0.28097118 0.72009074
vt 0.29124912 0.71404979
vt 0.33860711 0.72742815
vt 0.36873465 0.52801540
vt 0.34517439 0.63973295
vt 0.36112438 0.58247136
vt 0.30686395 0.63821025
vt 0.28443157 0.61053942
vt 0.36078184 0.56969800
vt 0.30176182 0.71236570
vt 0.34206339 0.50879411
vt 0.34418164 0.70636163
vt 0.31617348 0.70821830
vt 0.30623331 0.70894368
vt 0.28810908 0.64250651
vt 0.34706214 0.64718478
vt 0.32058709 0.61403904
vt 0.31641780 0.67017912
vt 0.30416891 0.64363416
vt 0.33269037 0.70383608
vt 0.35165752 0.67331004
vt 0.34478276 0.52882316
vt 0.29444050 0.57119988
vt 0.30330042 0.62319290
vt 0.33582001 0.61332074
vt 0.34221636 0.75441326
vt 0.28602842 0.51300792
vt 0.26477538 0.70592640
vt 0.37717479 0.51061435
vt 0.28127892 0.54214574
vt 0.34141248 0.51919141
vt 0.35122940 0.51666214
vt 0.38346380 0.65717636
vt 0.35838137 0.72783431
vt 0.34923013 0.65977684
vt 0.35045581 0.62956685
vt 0.30652276 0.72438300
vt 0.29690327 0.50678156
vt 0.25632819 0.51554575
vt 0.34698571 0.73036838
vt 0.31502846 0.58864206
vt 0.27289942 0.61510163
vt 0.34781614 0.62444104
vt 0.37510943 0.69253998
vt 0.35156343 0.54885819
vt 0.31913451 0.75624385
vt 0.30675873 0.53077229
vt 0.35587782 0.54397858
vt 0.33268594 0.72516285
vt 0.31898058 0.69636515
vt 0.34417416 0.73660824
vt 0.36610490 0.63632616
vt 0.36873273 0.72320163
vt 0.25351396 0.57794343
vt 0.30751926 0.71612167
vt 0.30158674 0.63717357
vt 0.30580479 0.65423270
vt 0.37334079 0.73806530
vt 0.37563677 0.59596120
vt 0.35242860 0.61828705
vt 0.37881169 0.53928654
vt 0.37170481 0.65198763
vt 0.36824850 0.73114333
vt 0.38027285 0.60007678
vt 0.36608366 0.60557086
vt 0.35127519 0.52209570
vt 0.38938234 0.63131181
vt 0.33255676 0.58574289
vt 0.26342893 0.61824351
vt 0.35251879 0.60329438
vt 0.37916697 0.73632946
vt 0.32041491 0.65035284
vt 0.38023788 0.63222068
vt 0.38199912 0.67225950
vt 0.26720296 0.63871376
vt 0.35594071 0.51959368
vt 0.32428679 0.51450384
vt 0.29327383 0.64632948
vt 0.28852321 0.73099030
vt 0.35615084 0.66996994
vt 0.27499681 0.56079333
vt 0.26112453 0.65532914
vt 0.34437529 0.58456521
vt 0.26964563 0.66377148
vt 0.32545571 0.62719727
vt 0.30726234 0.61233955
vt 0.32386008 0.56137137
vt 0.30970084 0.59213777
vt 0.34129259 0.61454488
vt 0.25861497 0.57619248
vt 0.36977220 0.55102124
vt 0.28122545 0.50406804
vt 0.31046679 0.75462824
vt 0.28045457 0.51260148
vt 0.34186989 0.54324495
vt 0.25915030 0.52353117
vt 0.30091551 0.64882206
vt 0.31646258 0.57688327
vt 0.32145931 0.54098864
vt 0.32931357 0.55719353
vt 0.36783070 0.57821822
vt 0.35342106 0.73051918
vt 0.35859518 0.65320246
vt 0.25311865 0.70958880
vt 0.33787936 0.68875783
vt 0.38566711 0.57928732
vt 0.33060521 0.65247361
vt 0.29900892 0.74107142
vt 0.33524700 0.63219498
vt 0.28771567 0.69125977
vt 0.34701437 0.75255742
vt 0.29309933 0.55051702
vt 0.37066884 0.67695220
vt 0.39076931 0.51509401
vt 0.34116069 0.62135704
vt 0.34661639 0.51737779
vt 0.29296494 0.67707939
vt 0.28416963 0.57511077
vt 0.33463095 0.75562731
vt 0.35034251 0.73627492
vt 0.26789662 0.53249825
vt 0.31176595 0.65320865
vt 0.35146044 0.69999565
vt 0.27103002 0.71685615
vt 0.29896381 0.68887390
vt 0.34112769 0.66391835
vt 0.33792194 0.60241110
vt 0.27485184 0.56722824
vt 0.33210330 0.60258507
vt 0.32287536 0.55033177
vt 0.29995651 0.65587349
vt 0.32590550 0.54557652
vt 0.37763758 0.70648177
vt 0.38391305 0.60447484
vt 0.36742555 0.52006327
vt 0.37501437 0.66852389
vt 0.27073100 0.55540548
vt 0.33991415 0.58995032
vt 0.33963597 0.63908997
vt 0.37943328 0.62070059
vt 0.28002556 0.73809008
vt 0.29376662 0.65960358
vt 0.25579973 0.50522703
vt 0.27842142 0.62693259
vt 0.27057843 0.58808188
vt 0.32769368 0.54013676
vt 0.33896525 0.72024472
vt 0.25596516 0.58801647
vt 0.32562369 0.64740782
vt 0.30773170 0.62578489
vt 0.25916705 0.71547946
vt 0.39040571 0.59345726
vt 0.27059551 0.52839777
vt 0.35990080 0.51186932
vt 0.25900271 0.67413965
vt 0.27331708 0.63873976
vt 0.28887580 0.57004513
vt 0.28506245 0.66190421
vt 0.27009689 0.50957461
vt 0.32386945 0.73575459
vt 0.37255525 0.54651968
vt 0.26695766 0.70038165
vt 0.29877502 0.59820313
vt 0.27324563 0.60770754
vt 0.36760263 0.51534089
vt 0.36024034 0.72250022
vt 0.31281805 0.57114052
vt 0.37661966 0.52417980
vt 0.26248940 0.58760875
vt 0.29504961 0.65210821
vt 0.27964119 0.66799584
vt 0.30387084 0.74735975
vt 0.28504236 0.68455581
vt 0.38594113 0.62821371
vt 0.35140703 0.58203624
vt 0.38833997 0.72115024
vt 0.37378823 0.63098283
vt 0.32881357 0.62272010
vt 0.27824324 0.59616623
vt 0.33682387 0.52227623
vt 0.28341730 0.69693306
vt 0.31967866 0.73109435
vt 0.34284795 0.57668651
vt 0.31229951 0.73975828
vt 0.35976347 0.60803205
vt 0.34648772 0.65450435
vt 0.25401767 0.60571992
vt 0.29437860 0.69142995
vt 0.36551657 0.71254576
vt 0.35021953 0.59734915
vt 0.35654747 0.56582962
vt 0.34594912 0.66907855
vt 0.27520559 0.54051101
vt 0.33348122 0.60773738
vt 0.32167322 0.55597550
vt 0.32037988 0.67923853
vt 0.30855683 0.52497880
vt 0.35988077 0.73802358
vt 0.30266561 0.61648772
vt 0.29422314 0.72186628
vt 0.39395593 0.51831939
vt 0.31945410 0.57186500
vt 0.34735387 0.57934912
vt 0.31735923 0.70165028
vt 0.32596000 0.65971993
vt 0.26470057 0.57543082
vt 0.31332106 0.51422108
vt 0.31151156 0.58409664
vt 0.29800668 0.62106489
vt 0.33426320 0.74218608
vt 0.35807269 0.64713813
vt 0.29001618 0.57599909
vt 0.34954620 0.70844904
vt 0.35285316 0.53508311
vt 0.28683318 0.60443004
vt 0.38774996 0.59836162
vt 0.39128782 0.55479554
vt 0.31218193 0.72097923
vt 0.36367391 0.62175359
vt 0.31112634 0.62922443
vt 0.30907046 0.73456924
vt 0.38292988 0.54250232
vt 0.35148679 0.69165844
vt 0.39285093 0.63887447
vt 0.31283960 0.52026044
vt 0.30713870 0.56659849
vt 0.31846829 0.63795433
vt 0.31879174 0.52299898
vt 0.39102263 0.64262320
vt 0.36441016 0.53065590
vt 0.32743319 0.50829826
vt 0.25726445 0.68105062
vt 0.34768918 0.71944266
vt 0.28586677 0.53655615
vt 0.28351576 0.55627273
vt 0.32704851 0.75030475
vt 0.37375769 0.74311666
vt 0.28512662 0.73497297
vt 0.31069201 0.65887001
vt 0.27856661 0.63856207
vt 0.30720873 0.53647547
vt 0.27637281 0.71531188
vt 0.38327093 0.69077289
vt 0.28636456 0.74141916
vt 0.32239065 0.50658510
vt 0.27222087 0.68967032
vt 0.30354128 0.54797130
vt 0.30086074 0.75267340
vt 0.32642423 0.68977988
vt 0.33140832 0.70944652
vt 0.26098596 0.63586899
vt 0.38476000 0.66787561
vt 0.31397558 0.62313289
vt 0.36544204 0.59304623
vt 0.29405459 0.52224935
vt 0.29977167 0.68357334
vt 0.25914399 0.52895743
vt 0.30694103 0.56028662
vt 0.36830804 0.70213037
vt 0.38201424 0.58913423
vt 0.36127229 0.74190292
vt 0.29262860 0.63884078
vt 0.37370435 0.55782883
vt 0.37337425 0.57647452
vt 0.29161498 0.60937388
vt 0.39253127 0.61213525
vt 0.38916689 0.65473203
vt 0.26824446 0.67975042
vt 0.27449243 0.73483946
vt 0.33740221 0.64619446
vt 0.33927285 0.60779633
vt 0.29799314 0.70209841
vt 0.28767277 0.71869597
vt 0.30118022 0.54058510
vt 0.36811641 0.58774320
vt 0.34173351 0.74261927
vt 0.34226832 0.64457733
vt 0.34250390 0.74881566
vt 0.27591358 0.65705435
vt 0.25635298 0.51041668
vt 0.32886127 0.68270119
vt 0.27868245 0.70231465
vt 0.30838736 0.66402872
vt 0.27093749 0.62654856
vt 0.35273437 0.74635855
vt 0.28259343 0.52399439
vt 0.33050402 0.61233464
vt 0.29564578 0.70885838
vt 0.30382870 0.57762797
vt 0.33839245 0.70470651
vt 0.32072667 0.71198003
vt 0.34837497 0.55962738
vt 0.26141445 0.58138377
vt 0.26721993 0.68559112
vt 0.35466230 0.74157029
vt 0.29953166 0.58079775
vt 0.25845430 0.53426237
vt 0.30769081 0.54238465
vt 0.33018713 0.55096219
vt 0.36148814 0.70045711
vt 0.30849385 0.64789076
vt 0.33306971 0.69331620
vt 0.38841092 0.52961553
vt 0.34624264 0.52306131
vt 0.33606398 0.56014448
vt 0.33983585 0.71235344
vt 0.37395882 0.54127045
vt 0.31348872 0.61577821
vt 0.36008744 0.52813171
vt 0.28939391 0.55586402
vt 0.38745507 0.64481249
vt 0.37869923 0.54664057
vt 0.38684973 0.52374888
vt 0.36294234 0.63200388
vt 0.34446997 0.54766101
vt 0.32067602 0.60893146
vt 0.36938363 0.74337374
vt 0.36325319 0.55253744
vt 0.26412185 0.52808223
vt 0.26448854 0.69029265
vt 0.34921076 0.60792944
vt 0.25371495 0.67805225
vt 0.31765783 0.51182649
vt 0.35673334 0.55209829
vt 0.28081815 0.56288400
vt 0.27328376 0.68318412
vt 0.33537959 0.66233470
vt 0.29641732 0.67041781
vt 0.29679788 0.63388219
vt 0.35829295 0.55704953
vt 0.27700901 0.52212601
vt 0.32803687 0.74051462
vt 0.38789083 0.58791245
vt 0.29193224 0.60162012
vt 0.36791737 0.59919418
vt 0.26484874 0.64913460
vt 0.30977842 0.67922420
vt 0.33219520 0.57834964
vt 0.36166290 0.62680111
vt 0.31928011 0.59823356
vt 0.28812020 0.72482254
vt 0.37157519 0.71302470
vt 0.32050833 0.64408939
vt 0.36021504 0.74950020
vt 0.28323657 0.71386347
vt 0.38201862 0.70231878
vt 0.25424351 0.55695059
vt 0.34244098 0.56295200
vt 0.38741842 0.56996265
vt 0.37755712 0.74079137
vt 0.36471485 0.72711977
vt 0.39450496 0.51193315
vt 0.32210421 0.67323333
vt 0.26210948 0.60277956
vt 0.35661898 0.63021732
vt 0.25904208 0.60718497
vt 0.32401940 0.63963584
vt 0.38961455 0.71151109
vt 0.26912980 0.72562228
vt 0.27950292 0.54842600
vt 0.33559137 0.69854420
vt 0.37402000 0.61749866
vt 0.27699920 0.59061878
vt 0.28935031 0.65502954
vt 0.37756744 0.74584738
vt 0.31978345 0.52935204
vt 0.25430281 0.54819692
vt 0.30577081 0.75476552
vt 0.33058692 0.51302593
vt 0.26629238 0.60763930
vt 0.27412617 0.63143165
vt 0.39154290 0.71722404
vt 0.33156979 0.52140266
vt 0.37984917 0.55770103
vt 0.31245269 0.70300492
vt 0.36385102 0.75039557
vt 0.26935839 0.71107561
vt 0.28855982 0.70871637
vt 0.30713945 0.70303583
vt 0.33702353 0.53454792
vt 0.32326650 0.62088571
vt 0.32519736 0.52771938
vt 0.37990663 0.53190999
vt 0.29011827 0.66636815
vt 0.37837067 0.65315863
vt 0.32767283 0.71320164
vt 0.30717747 0.67360231
vt 0.36499054 0.56610204
vt 0.38479130 0.67836512
vt 0.30420228 0.67909351
vt 0.34521474 0.66188777
vt 0.32593509 0.61561967
vt 0.35378613 0.68124886
vt 0.38885288 0.60918451
vt 0.32298671 0.69986797
vt 0.37258021 0.72787636
vt 0.35486283 0.50973547
vt 0.39069240 0.64878820
vt 0.33870972 0.66766456
vt 0.33170063 0.53683873
vt 0.36835266 0.62901911
vt 0.26431902 0.54628745
vt 0.35266076 0.71468184
vt 0.33997924 0.67808696
vt 0.30870998 0.61930098
vt 0.39008573 0.73670964
vt 0.37456251 0.69994195
vt 0.29683240 0.60492261
vt 0.29237181 0.51101558
vt 0.37358343 0.71848426
vt 0.27911388 0.68239892
vt 0.39010720 0.69426830
vt 0.33974540 0.73277590
vt 0.26941785 0.56226345
vt 0.35023974 0.57443330
vt 0.37810458 0.64055955
vt 0.38297511 0.68390634
vt 0.37503808 0.53551609
vt 0.29054240 0.50621102
vt 0.25662743 0.70135900
vt 0.25851388 0.64854203
vt 0.39006613 0.54166531
vt 0.39139795 0.52193880
vt 0.28867032 0.54299602
vt 0.35666771 0.64129876
vt 0.35202180 0.65078242
vt 0.33293458 0.73161027
vt 0.26883461 0.62032079
vt 0.32654847 0.70777128
vt 0.29967442 0.53377135
vt 0.33108990 0.61810155
vt 0.33317724 0.67642440
vt 0.35756898 0.61424750
vt 0.31629284 0.68689607
vt 0.37130272 0.65930575
vt 0.36136370 0.73246369
vt 0.38718876 0.51842170
vt 0.25448100 0.54367638
vt 0.36181369 0.54108685
vt 0.29776945 0.51284476
vt 0.36591749 0.53617192
vt 0.32300386 0.74755703
vt 0.33103401 0.71933194
vt 0.27587847 0.65069003
vt 0.26583166 0.65932950
vt 0.36711630 0.74026786
vt 0.25936706 0.70852766
vt 0.29144428 0.69593819
vt 0.38423584 0.63526830
vt 0.38606555 0.74160539
vt 0.33024318 0.69916333
vt 0.28277769 0.64171310
vt 0.29420941 0.53924158
vt 0.27503913 0.60125652
vt 0.34492043 0.60271839
vt 0.30177051 0.52628757
vt 0.26309264 0.64278255
vt 0.36387939 0.61280569
vt 0.34688246 0.67716351
vt 0.38705249 0.70628659
vt 0.26087594 0.53877964
vt 0.37375213 0.58281178
vt 0.25286781 0.53339579
vt 0.30463859 0.73872585
vt 0.37159850 0.60949345
vt 0.25591463 0.58283595
vt 0.36612131 0.71831328
vt 0.33628291 0.61886214
vt 0.34761370 0.58980507
vt 0.25950136 0.55861050
vt 0.31401142 0.52695082
vt 0.31923013 0.51732098
vt 0.37196105 0.74682537
vt 0.33459326 0.53024474
vt 0.39048366 0.54854079
vt 0.36852194 0.55610728
vt 0.37067561 0.53317664
vt 0.30197363 0.71956851
vt 0.25527992 0.69572307
vt 0.29310892 0.68264554
vt 0.31896089 0.63227268
vt 0.36745672 0.57196297
vt 0.30991938 0.60058457
vt 0.00189873 0.24278511
vt 0.00868891 0.24529510
vt 0.01552251 0.24766105
vt 0.02241180 0.24987541
vt 0.02934796 0.25192231
vt 0.03634111 0.25379031
vt 0.04338087 0.25546074
vt 0.05046579 0.25691618
vt 0.05760236 0.25813867
vt 0.06476877 0.25910375
vt 0.07197801 0.25979038
vt 0.07919834 0.26017099
vt 0.08643193 0.26021987
vt 0.09366292 0.25990848
vt 0.10070642 0.26171336
vt 0.10779004 0.26334028
vt 0.11491377 0.26478602
vt 0.12207189 0.26604643
vt 0.12926439 0.26711872
vt 0.13647983 0.26799887
vt 0.14371245 0.26868454
vt 0.15096800 0.26917465
vt 0.15822355 0.26868454
vt 0.16545617 0.26799887
vt 0.17267160 0.26711872
vt 0.17986411 0.26604643
vt 0.18702223 0.26478602
vt 0.19414596 0.26334028
vt 0.20122958 0.26171336
vt 0.20827307 0.25990848
vt 0.21550407 0.26021987
vt 0.22273765 0.26017099
vt 0.22995798 0.25979038
vt 0.23716723 0.25910375
vt 0.24433364 0.25813867
vt 0.25147021 0.25691618
vt 0.25855513 0.25546074
vt 0.26559489 0.25379031
vt 0.27258803 0.25192231
vt 0.27952420 0.24987541
vt 0.28641349 0.24766105
vt 0.29324709 0.24529510
vt 0.30003727 0.24278511
vt 0.30004259 0.23571327
vt 0.30004790 0.22864144
vt 0.30005322 0.22156960
vt 0.30005854 0.21449776
vt 0.30006386 0.20743300
vt 0.30006918 0.20036117
vt 0.30007450 0.19328933
vt 0.30007982 0.18621749
vt 0.30008514 0.17914566
vt 0.30009046 0.17207382
vt 0.30017075 0.16492433
vt 0.30025085 0.15779127
vt 0.30033114 0.15064178
vt 0.30041143 0.14349229
vt 0.30049172 0.13634279
vt 0.30057182 0.12920974
vt 0.30065211 0.12206025
vt 0.30073240 0.11491075
vt 0.30081269 0.10776126
vt 0.30089279 0.10062820
vt 0.30097308 0.09347871
vt 0.30105337 0.08632922
vt 0.30113366 0.07917972
vt 0.30121376 0.07204667
vt 0.30129405 0.06489717
vt 0.30137434 0.05774768
vt 0.30145463 0.05059819
vt 0.30153473 0.04346513
vt 0.30161502 0.03631564
vt 0.30169531 0.02916615
vt 0.30177560 0.02201665
vt 0.30185571 0.01488360
vt 0.30193599 0.00773410
vt 0.29474920 0.00736592
vt 0.28756240 0.00699774
vt 0.28037561 0.00662956
vt 0.27317371 0.00626061
vt 0.26598692 0.00589243
vt 0.25880012 0.00552425
vt 0.25161333 0.00515607
vt 0.24442653 0.00478789
vt 0.23723974 0.00441971
vt 0.23005294 0.00405153
vt 0.22285105 0.00368258
vt 0.21566425 0.00331440
vt 0.20847746 0.00294621
vt 0.20129066 0.00257803
vt 0.19410387 0.00220985
vt 0.18691707 0.00184167
vt 0.17973028 0.00147349
vt 0.17252838 0.00110454
vt 0.16534159 0.00073636
vt 0.15815479 0.00036818
vt 0.15096800 0.00000000
vt 0.14378120 0.00036818
vt 0.13659441 0.00073636
vt 0.12940761 0.00110454
vt 0.12220572 0.00147349
vt 0.11501892 0.00184167
vt 0.10783213 0.00220985
vt 0.10064533 0.00257803
vt 0.09345854 0.00294621
vt 0.08627174 0.00331440
vt 0.07908495 0.00368258
vt 0.07188305 0.00405153
vt 0.06469626 0.00441971
vt 0.05750946 0.00478789
vt 0.05032267 0.00515607
vt 0.04313587 0.00552425
vt 0.03594908 0.00589243
vt 0.02876228 0.00626061
vt 0.02156039 0.00662956
vt 0.01437359 0.00699774
vt 0.00718680 0.00736592
vt 0.00000000 0.00773410
vt 0.00008029 0.01488360
vt 0.00016039 0.02201665
vt 0.00024068 0.02916615
vt 0.00032097 0.03631564
vt 0.00040126 0.04346513
vt 0.00048136 0.05059819
vt 0.00056165 0.05774768
vt 0.00064194 0.06489717
vt 0.00072223 0.07204667
vt 0.00080234 0.07917972
vt 0.00088262 0.08632922
vt 0.00096291 0.09347871
vt 0.00104320 0.10062820
vt 0.00112331 0.10776126
vt 0.00120360 0.11491075
vt 0.00128389 0.12206025
vt 0.00136417 0.12920974
vt 0.00144428 0.13634279
vt 0.00152457 0.14349229
vt 0.00160486 0.15064178
vt 0.00168515 0.15779127
vt 0.00176525 0.16492433
vt 0.00184554 0.17207382
vt 0.00185086 0.17914566
vt 0.00185618 0.18621749
vt 0.00186150 0.19328933
vt 0.00186682 0.20036117
vt 0.00187213 0.20742593
vt 0.00187745 0.21449776
vt 0.00188277 0.22156960
vt 0.00188809 0.22864144
vt 0.00189341 0.23571327
vt 0.14971832 0.01673770
vt 0.29110074 0.07808195
vt 0.29604192 0.13525372
vt 0.15043844 0.10698080
vt 0.29687745 0.09244646
vt 0.07495327 0.13530118
vt 0.22774810 0.03637457
vt 0.21695436 0.11759430
vt 0.23300464 0.04173527
vt 0.00796641 0.06231776
vt 0.05482037 0.16024107
vt 0.01860864 0.17489586
vt 0.14846768 0.25363589
vt 0.22593278 0.04152828
vt 0.05848294 0.16998612
vt 0.18314892 0.19704843
vt 0.28120557 0.06043455
vt 0.25210225 0.19483285
vt 0.00980006 0.13698104
vt 0.15279857 0.21497855
vt 0.21955862 0.15572052
vt 0.27350495 0.14711191
vt 0.16124735 0.00683168
vt 0.18834991 0.07558829
vt 0.11104457 0.05875117
vt 0.27102097 0.17334026
vt 0.02852946 0.14346042
vt 0.12118512 0.04573585
vt 0.15279212 0.17718504
vt 0.10381313 0.18528166
vt 0.08539928 0.02770127
vt 0.24098628 0.21049196
vt 0.03789695 0.20308181
vt 0.17997385 0.09609863
vt 0.14112474 0.22640314
vt 0.00629720 0.06918627
vt 0.22348855 0.23420525
vt 0.01178042 0.09664024
vt 0.00732238 0.16915161
vt 0.06935847 0.04404934
vt 0.03051617 0.24636279
vt 0.29445607 0.17315732
vt 0.09012652 0.06066316
vt 0.09947870 0.14564979
vt 0.12617587 0.01939041
vt 0.25830237 0.22479056
vt 0.22700476 0.14796248
vt 0.15534707 0.25676516
vt 0.14699282 0.22437565
vt 0.04665094 0.12614470
vt 0.24048784 0.10992459
vt 0.14163823 0.22056307
vt 0.06374937 0.19841530
vt 0.01729981 0.09862636
vt 0.29438853 0.10950253
vt 0.02180078 0.15973530
vt 0.11625267 0.14173025
vt 0.10562874 0.02001771
vt 0.16658896 0.01092453
vt 0.23560219 0.19822955
vt 0.22759291 0.12568536
vt 0.25794932 0.09355908
vt 0.11116949 0.25885600
vt 0.28823620 0.06918969
vt 0.17421654 0.11836797
vt 0.28914277 0.09684893
vt 0.16784469 0.02737765
vt 0.09271333 0.13619982
vt 0.16414928 0.14901057
vt 0.13780534 0.26137197
vt 0.28179115 0.15678551
vt 0.09063424 0.24292407
vt 0.19082865 0.22924979
vt 0.11709590 0.25803830
vt 0.16398871 0.10443060
vt 0.14411959 0.02076671
vt 0.23441651 0.10789952
vt 0.09579233 0.16048074
vt 0.20688136 0.06065223
vt 0.13424223 0.16872823
vt 0.26763337 0.02091510
vt 0.08236411 0.19102681
vt 0.15750548 0.14817332
vt 0.13202324 0.19813180
vt 0.00789511 0.07891747
vt 0.10745191 0.06471331
vt 0.15715493 0.18272770
vt 0.12960247 0.05472288
vt 0.15883808 0.17489114
vt 0.13664980 0.05417449
vt 0.09959043 0.21706752
vt 0.06857425 0.11641039
vt 0.14012920 0.08450371
vt 0.28486715 0.13134904
vt 0.17641552 0.08444594
vt 0.10404901 0.16644001
vt 0.14537980 0.08678570
vt 0.21362769 0.15595644
vt 0.12404573 0.02860367
vt 0.23831176 0.07731463
vt 0.03784615 0.01898016
vt 0.19816103 0.08098777
vt 0.01524252 0.22446833
vt 0.18615317 0.06129250
vt 0.04560994 0.16414341
vt 0.23372150 0.08887148
vt 0.17150495 0.13215186
vt 0.13226161 0.10752906
vt 0.27018167 0.01066991
vt 0.22501409 0.15380734
vt 0.01166271 0.04236517
vt 0.01147794 0.22915480
vt 0.05771300 0.19978824
vt 0.07049764 0.09190125
vt 0.13019326 0.24579267
vt 0.17311073 0.05882860
vt 0.21563983 0.04899294
vt 0.11293231 0.16102618
vt 0.01150554 0.06664487
vt 0.15280891 0.13006719
vt 0.08241685 0.06329785
vt 0.04895512 0.15386503
vt 0.11018522 0.03424179
vt 0.14408026 0.23921450
vt 0.18930093 0.25031450
vt 0.25640467 0.03535186
vt 0.20477293 0.19208884
vt 0.12967069 0.07651449
vt 0.15478301 0.09576023
vt 0.16720477 0.16655717
vt 0.16358956 0.02940122
vt 0.21105604 0.11899132
vt 0.20540864 0.11718881
vt 0.04591086 0.10690402
vt 0.09731969 0.03244019
vt 0.04080540 0.15274748
vt 0.27052388 0.05570079
vt 0.28694862 0.03183427
vt 0.21469339 0.01046083
vt 0.23294986 0.13221615
vt 0.17661783 0.01863729
vt 0.11312844 0.06891354
vt 0.12921395 0.22793890
vt 0.15154874 0.20042520
vt 0.22865417 0.09289367
vt 0.14862599 0.23883467
vt 0.21068477 0.19466105
vt 0.29809249 0.14019635
vt 0.13700802 0.06799034
vt 0.24365185 0.01099391
vt 0.07662254 0.04544698
vt 0.08391105 0.02112544
vt 0.12977082 0.24002459
vt 0.15058084 0.21006152
vt 0.09673490 0.24080719
vt 0.06125725 0.08187894
vt 0.01332737 0.17268560
vt 0.26739502 0.24010757
vt 0.06280040 0.12183339
vt 0.23146036 0.21849709
vt 0.19301059 0.11797290
vt 0.14639571 0.23144468
vt 0.12719795 0.20300226
vt 0.18707580 0.05354695
vt 0.21455437 0.14823963
vt 0.22439941 0.16163447
vt 0.12855877 0.14531650
vt 0.17888442 0.04882724
vt 0.21227092 0.21654134
vt 0.11789331 0.13523056
vt 0.10210154 0.04719343
vt 0.16498769 0.24190275
vt 0.04545034 0.18628603
vt 0.22520161 0.06671854
vt 0.07702335 0.07611512
vt 0.00373392 0.01836021
vt 0.24849112 0.05477145
vt 0.05449286 0.02592570
vt 0.19801345 0.06808336
vt 0.12427695 0.23127828
vt 0.06908485 0.18539337
vt 0.23573007 0.09439001
vt 0.16426331 0.19671509
vt 0.17888119 0.04162554
vt 0.05863465 0.10912403
vt 0.10059465 0.05435724
vt 0.20131319 0.17147291
vt 0.13507678 0.16286044
vt 0.20199350 0.01806362
vt 0.07363491 0.23882061
vt 0.02657005 0.13172181
vt 0.10893431 0.08005584
vt 0.17470964 0.05322198
vt 0.12577189 0.05960461
vt 0.05834568 0.01991350
vt 0.29786799 0.04163089
vt 0.00822293 0.11603959
vt 0.16309460 0.18628102
vt 0.04991026 0.14388993
vt 0.17978659 0.03562323
vt 0.24340440 0.07315188
vt 0.04402310 0.13248406
vt 0.19197268 0.25711751
vt 0.17068673 0.20242112
vt 0.27055250 0.13802688
vt 0.16776019 0.09359698
vt 0.06522556 0.12851949
vt 0.29231169 0.04187461
vt 0.28766354 0.20471553
vt 0.01890531 0.11885567
vt 0.17494155 0.08958110
vt 0.00541874 0.10437958
vt 0.18085788 0.15481277
vt 0.16145581 0.22860934
vt 0.08329285 0.16037610
vt 0.27651262 0.01000114
vt 0.14430549 0.12646817
vt 0.19886006 0.10742232
vt 0.09788349 0.12186834
vt 0.16141669 0.05120796
vt 0.15252065 0.04911863
vt 0.12318497 0.11684147
vt 0.04979784 0.09292770
vt 0.28690707 0.04280547
vt 0.22693017 0.13158906
vt 0.08508726 0.13476953
vt 0.13282869 0.13164736
vt 0.15846440 0.19875338
vt 0.07294901 0.22089836
vt 0.07089689 0.21067137
vt 0.21329348 0.09092860
vt 0.12879485 0.00916161
vt 0.15770438 0.21105418
vt 0.22974042 0.15800292
vt 0.16384079 0.20875020
vt 0.09020081 0.19124856
vt 0.13140270 0.14987167
vt 0.05733149 0.24733667
vt 0.11373181 0.19130231
vt 0.15708934 0.12336257
vt 0.10402227 0.14187935
vt 0.21986430 0.07623314
vt 0.23802011 0.04875514
vt 0.04253196 0.07996139
vt 0.03681120 0.08771972
vt 0.19718776 0.14314003
vt 0.03837580 0.07283710
vt 0.15295557 0.16986715
vt 0.08644384 0.03444676
vt 0.29310913 0.12644350
vt 0.00492742 0.12631760
vt 0.26529527 0.04809794
vt 0.13992660 0.17313510
vt 0.16663995 0.26156114
vt 0.09067414 0.13115745
vt 0.20398486 0.04417307
vt 0.06715526 0.24011103
vt 0.28677785 0.07523324
vt 0.29730874 0.12456767
vt 0.20817151 0.20081745
vt 0.18933834 0.24321895
vt 0.28872625 0.13308692
vt 0.15229189 0.12024732
vt 0.00350008 0.03218453
vt 0.27646122 0.22292819
vt 0.14160916 0.05687331
vt 0.06013541 0.02747715
vt 0.27071615 0.08585675
vt 0.27279960 0.11974255
vt 0.12162868 0.25419118
vt 0.07059628 0.19170253
vt 0.23597799 0.24937777
vt 0.01013845 0.04789014
vt 0.16672737 0.25380922
vt 0.16550347 0.04714998
vt 0.00539862 0.02350093
vt 0.01897815 0.18304208
vt 0.04461299 0.12012333
vt 0.06467602 0.22940221
vt 0.28106327 0.17759484
vt 0.03504264 0.24259105
vt 0.15180925 0.02265999
vt 0.25503640 0.14409330
vt 0.25943176 0.21319677
vt 0.11561504 0.17960730
vt 0.27814651 0.03730411
vt 0.06610367 0.10922038
vt 0.02395738 0.24171947
vt 0.26936714 0.07249259
vt 0.09964713 0.03907960
vt 0.25704788 0.04207804
vt 0.11984764 0.08093189
vt 0.15015979 0.12590205
vt 0.21730852 0.13474727
vt 0.09749874 0.19425136
vt 0.15058984 0.04059836
vt 0.03498867 0.16845225
vt 0.14007074 0.01541887
vt 0.19001956 0.09275305
vt 0.28979538 0.05746831
vt 0.13182965 0.21389704
vt 0.29043243 0.11450150
vt 0.19588377 0.10156198
vt 0.01546055 0.05267655
vt 0.22913283 0.10358989
vt 0.03182393 0.15077640
vt 0.18313401 0.02923058
vt 0.08990965 0.15902657
vt 0.19904019 0.16503875
vt 0.14180220 0.06387738
vt 0.12691959 0.18541529
vt 0.29744942 0.06872474
vt 0.02639763 0.22814007
vt 0.21986402 0.04382549
vt 0.17362725 0.03058487
vt 0.05295924 0.10424949
vt 0.23394744 0.16241749
vt 0.09010275 0.19698603
vt 0.18771467 0.15644092
vt 0.17223818 0.22947145
vt 0.21267836 0.24313979
vt 0.17701678 0.21102401
vt 0.13824695 0.14001190
vt 0.28258478 0.14519399
vt 0.24439050 0.10459263
vt 0.10094948 0.16253133
vt 0.07953115 0.21297600
vt 0.03593007 0.14049534
vt 0.27963619 0.18890705
vt 0.02412152 0.03473384
vt 0.22599447 0.00809099
vt 0.10151862 0.13615684
vt 0.02372329 0.17865036
vt 0.14936981 0.08111902
vt 0.06173736 0.00978207
vt 0.20349332 0.07980963
vt 0.22572781 0.17662561
vt 0.08251129 0.18164028
vt 0.03529570 0.23646877
vt 0.17517896 0.15167606
vt 0.12080274 0.20037949
vt 0.12581303 0.24949465
vt 0.24286633 0.15564928
vt 0.12545326 0.19663889
vt 0.27802520 0.16407784
vt 0.05492150 0.19466992
vt 0.14857808 0.18292373
vt 0.12107276 0.09191019
vt 0.06082330 0.15223730
vt 0.26157556 0.24122856
vt 0.10860952 0.04681779
vt 0.22688389 0.07328438
vt 0.17395262 0.04414616
vt 0.02500358 0.06567579
vt 0.19496329 0.04179702
vt 0.13541959 0.22475712
vt 0.25514341 0.20067058
vt 0.13400769 0.14402704
vt 0.21128979 0.23743597
vt 0.07961651 0.13106423
vt 0.15986881 0.11029957
vt 0.10336529 0.19161593
vt 0.08546562 0.04141528
vt 0.16154674 0.16267305
vt 0.23727589 0.11444456
vt 0.24225997 0.19966062
vt 0.27423405 0.17802523
vt 0.19564334 0.20376665
vt 0.10928912 0.02617883
vt 0.19906304 0.02471398
vt 0.26558994 0.01502444
vt 0.28833890 0.19218820
vt 0.07767133 0.18894869
vt 0.08208239 0.22984206
vt 0.02484772 0.13771782
vt 0.12558902 0.03994014
vt 0.26406196 0.02635290
vt 0.17245033 0.25498346
vt 0.19256787 0.02138623
vt 0.09179917 0.02314357
vt 0.12796953 0.13464146
vt 0.11908426 0.16136038
vt 0.14457328 0.13920230
vt 0.13778678 0.12920709
vt 0.21382115 0.25498155
vt 0.13576994 0.24582342
vt 0.22929076 0.18598425
vt 0.27527532 0.04135608
vt 0.02400151 0.08261387
vt 0.00654859 0.23972581
vt 0.29458907 0.22583707
vt 0.19015118 0.04630309
vt 0.28828649 0.16977845
vt 0.23716773 0.20434605
vt 0.23556863 0.03673963
vt 0.27597118 0.10042200
vt 0.11435653 0.19712602
vt 0.13617917 0.02608467
vt 0.22890852 0.16560098
vt 0.10827101 0.19547127
vt 0.10957761 0.11492581
vt 0.28684490 0.06352424
vt 0.21845564 0.16284258
vt 0.16174937 0.11737082
vt 0.13104625 0.26141493
vt 0.00765480 0.17679279
vt 0.05814798 0.22589757
vt 0.03604581 0.21851087
vt 0.24588838 0.24842428
vt 0.26227214 0.19121083
vt 0.20714461 0.02982429
vt 0.04038870 0.04523949
vt 0.14972214 0.10112930
vt 0.28229415 0.12314180
vt 0.25289689 0.05986055
vt 0.00856886 0.02914756
vt 0.19196709 0.12451357
vt 0.20275417 0.25098230
vt 0.13552075 0.23057324
vt 0.10419087 0.24603324
vt 0.05363138 0.04226536
vt 0.14569529 0.01255367
vt 0.07236960 0.12905367
vt 0.10520611 0.17486315
vt 0.06690021 0.14458769
vt 0.16987814 0.14935338
vt 0.02177533 0.23761201
vt 0.27630667 0.18283366
vt 0.14338895 0.03965713
vt 0.10794193 0.21433825
vt 0.25064944 0.03171266
vt 0.27622439 0.12544338
vt 0.20498421 0.12463046
vt 0.20725266 0.20815803
vt 0.09140813 0.12044115
vt 0.10153165 0.12560984
vt 0.11746974 0.16795225
vt 0.04636067 0.04428726
vt 0.11625206 0.15608346
vt 0.07922272 0.02760189
vt 0.17348814 0.14053011
vt 0.17918739 0.25566592
vt 0.12520621 0.24297234
vt 0.19495074 0.15493277
vt 0.23040228 0.01939602
vt 0.05584220 0.03479807
vt 0.20123435 0.05415460
vt 0.20116110 0.18558557
vt 0.08219059 0.01475032
vt 0.16802189 0.00550691
vt 0.03553158 0.04066688
vt 0.22828808 0.06205782
vt 0.28230220 0.19456017
vt 0.11326332 0.07485866
vt 0.23863929 0.22278845
vt 0.14010359 0.16670553
vt 0.23646743 0.21542342
vt 0.21677929 0.09488799
vt 0.01567611 0.23292882
vt 0.22945240 0.08364545
vt 0.08186383 0.08106971
vt 0.09574428 0.16579511
vt 0.28850458 0.22552827
vt 0.10946240 0.16641765
vt 0.03300115 0.06578060
vt 0.09137304 0.11011709
vt 0.19104834 0.19291738
vt 0.05950995 0.22034423
vt 0.19070298 0.14373384
vt 0.29338632 0.12051991
vt 0.08425947 0.08711747
vt 0.02974328 0.24049295
vt 0.28366799 0.22996265
vt 0.05568034 0.07578383
vt 0.16183652 0.25774713
vt 0.24687217 0.09038072
vt 0.21186580 0.17474093
vt 0.28843304 0.14245947
vt 0.16373120 0.24781164
vt 0.04027177 0.17122251
vt 0.17118901 0.04849379
vt 0.26287371 0.01019343
vt 0.07952859 0.14000125
vt 0.15479600 0.08278867
vt 0.14590683 0.12084499
vt 0.04470756 0.17544641
vt 0.21882256 0.14198037
vt 0.11592984 0.23738428
vt 0.25206280 0.22427905
vt 0.00978641 0.08457301
vt 0.23017133 0.04638821
vt 0.17714961 0.17440600
vt 0.06485613 0.16615073
vt 0.11790840 0.04005303
vt 0.19459673 0.07515242
vt 0.28321016 0.08174501
vt 0.00875609 0.23443383
vt 0.09641997 0.15547567
vt 0.21264438 0.18107596
vt 0.23327542 0.05803230
vt 0.18906704 0.21094466
vt 0.20456948 0.03450326
vt 0.20206658 0.04005921
vt 0.28850614 0.08288537
vt 0.13348530 0.12471116
vt 0.13264526 0.18687943
vt 0.08627288 0.14079099
vt 0.19946217 0.17896505
vt 0.18742714 0.17081337
vt 0.12629274 0.17889740
vt 0.22160666 0.02385002
vt 0.09333736 0.22727705
vt 0.05647860 0.25300767
vt 0.18418749 0.23178632
vt 0.06015152 0.10249069
vt 0.22924705 0.02376259
vt 0.26259079 0.09992229
vt 0.13265276 0.07223360
vt 0.09145745 0.08780849
vt 0.25038403 0.14945681
vt 0.24165785 0.21711284
vt 0.12499050 0.10835836
vt 0.21324336 0.14044139
vt 0.29522563 0.23242245
vt 0.11161716 0.14394727
vt 0.08818990 0.25040342
vt 0.18065943 0.11815700
vt 0.04494004 0.01790720
vt 0.24439553 0.23434528
vt 0.17330133 0.07074171
vt 0.04831866 0.21190956
vt 0.05890215 0.16371803
vt 0.05224983 0.01768311
vt 0.04731862 0.25326358
vt 0.25744605 0.23696701
vt 0.11700521 0.12883169
vt 0.27566254 0.14106083
vt 0.26287844 0.07158434
vt 0.24756181 0.14374792
vt 0.12016511 0.10390321
vt 0.13880034 0.12264619
vt 0.15703536 0.03916088
vt 0.10784520 0.24951122
vt 0.06994416 0.24515008
vt 0.03196646 0.23139375
vt 0.21764112 0.10032802
vt 0.12369035 0.00780268
vt 0.12476275 0.08373558
vt 0.06222865 0.17716909
vt 0.23238214 0.18062752
vt 0.12489478 0.07800635
vt 0.22701673 0.22291750
vt 0.20172016 0.13770846
vt 0.09996515 0.17981546
vt 0.13837931 0.09240721
vt 0.07346815 0.18791023
vt 0.15074228 0.09005889
vt 0.01591878 0.13604649
vt 0.05149820 0.21872349
vt 0.29012889 0.01060819
vt 0.16819639 0.23625803
vt 0.02588308 0.18354981
vt 0.28625083 0.21866414
vt 0.14168834 0.25244616
vt 0.21993972 0.05358211
vt 0.23964324 0.04248101
vt 0.28952580 0.23246097
vt 0.17682613 0.18074272
vt 0.08744378 0.10434353
vt 0.23330359 0.00637888
vt 0.09036385 0.20324603
vt 0.03552040 0.19618988
vt 0.10409221 0.17940844
vt 0.17656510 0.19720687
vt 0.12710176 0.15394244
vt 0.22289917 0.09491174
vt 0.08554092 0.21453120
vt 0.28634089 0.15202528
vt 0.12595552 0.07062144
vt 0.04827901 0.13747748
vt 0.19431336 0.11083930
vt 0.04728483 0.09954377
vt 0.05457558 0.20646631
vt 0.04591792 0.22254077
vt 0.06572176 0.19100954
vt 0.18793783 0.08717171
vt 0.02791114 0.02135373
vt 0.23006386 0.23875177
vt 0.23847920 0.03181312
vt 0.26123433 0.12143951
vt 0.01782173 0.06553812
vt 0.00367024 0.06136902
vt 0.29231985 0.02937195
vt 0.07414646 0.21534808
vt 0.01381858 0.11529008
vt 0.16861637 0.14405924
vt 0.18374603 0.00610141
vt 0.06425001 0.04895329
vt 0.20566471 0.23700427
vt 0.18086941 0.16865237
vt 0.27560297 0.01518169
vt 0.23873184 0.05743303
vt 0.08100942 0.18554807
vt 0.21969088 0.08890253
vt 0.21372656 0.02018914
vt 0.26977254 0.05070632
vt 0.25708395 0.02872329
vt 0.14474226 0.21116463
vt 0.15953471 0.16816398
vt 0.11000190 0.24197148
vt 0.10843208 0.14708886
vt 0.23477272 0.01531998
vt 0.25791313 0.16144387
vt 0.12768607 0.14058633
vt 0.11810756 0.23082335
vt 0.28798358 0.09002156
vt 0.25070970 0.11376090
vt 0.15767937 0.24525796
vt 0.25730642 0.15054499
vt 0.21072466 0.22725544
vt 0.11036931 0.15694456
vt 0.18836414 0.02213840
vt 0.16759238 0.07576761
vt 0.11544437 0.11757724
vt 0.29680790 0.14629679
vt 0.12052051 0.08668513
vt 0.26173391 0.17126035
vt 0.24608036 0.19499941
vt 0.10362169 0.03081868
vt 0.14261892 0.26383894
vt 0.21307542 0.11205946
vt 0.00413112 0.02749395
vt 0.13801862 0.10550558
vt 0.00801310 0.01259451
vt 0.13420501 0.11638536
vt 0.17153168 0.07981352
vt 0.14208364 0.24674223
vt 0.14617536 0.16980995
vt 0.20607359 0.21542812
vt 0.06164737 0.24295289
vt 0.10839796 0.18075947
vt 0.25335619 0.05180040
vt 0.04662382 0.08629574
vt 0.00896816 0.01914924
vt 0.21280894 0.20444866
vt 0.17422234 0.15750748
vt 0.10785501 0.13812151
vt 0.11925837 0.11141934
vt 0.15547440 0.13460785
vt 0.28975615 0.17598806
vt 0.15324555 0.02902814
vt 0.08550372 0.12755341
vt 0.29758726 0.01634476
vt 0.27710504 0.08273787
vt 0.29158889 0.22035849
vt 0.15228965 0.22102665
vt 0.14852892 0.15642985
vt 0.12713594 0.04753594
vt 0.17705424 0.01376630
vt 0.16493721 0.20297235
vt 0.17367806 0.10854448
vt 0.07265685 0.02460411
vt 0.22585647 0.25106345
vt 0.12966715 0.08255186
vt 0.29237659 0.20797713
vt 0.09220278 0.03728488
vt 0.18553108 0.18997433
vt 0.27225235 0.16765466
vt 0.15922674 0.03241618
vt 0.24312467 0.11602509
vt 0.25702546 0.12545255
vt 0.13316971 0.01668319
vt 0.15644584 0.08971867
vt 0.08456477 0.05828447
vt 0.04556377 0.14822629
vt 0.07346789 0.07077898
vt 0.19353547 0.02591010
vt 0.09892280 0.07713441
vt 0.20783477 0.17005969
vt 0.28136758 0.20513011
vt 0.29311843 0.23848001
vt 0.17903559 0.06292114
vt 0.08060451 0.23731052
vt 0.02477883 0.14800850
vt 0.01736600 0.02613555
vt 0.06721605 0.05743666
vt 0.25563705 0.20753297
vt 0.00539030 0.04278262
vt 0.06665666 0.10395211
vt 0.28246670 0.22343954
vt 0.12234552 0.02343340
vt 0.11333343 0.24724625
vt 0.14707255 0.02689721
vt 0.14230105 0.15557069
vt 0.09408257 0.17108651
vt 0.20028790 0.21869421
vt 0.20747599 0.15634643
vt 0.23874318 0.06960415
vt 0.14662457 0.05168940
vt 0.02498306 0.04324724
vt 0.18791662 0.13688116
vt 0.23359285 0.07255913
vt 0.10249778 0.21009016
vt 0.07167485 0.05194746
vt 0.01162941 0.02412484
vt 0.28541453 0.24082786
vt 0.06528661 0.20873551
vt 0.07801581 0.09297702
vt 0.26705811 0.07725305
vt 0.11957854 0.19415059
vt 0.11442579 0.09156097
vt 0.13027537 0.06550428
vt 0.25215357 0.04577739
vt 0.21288876 0.03098604
vt 0.10501591 0.07637634
vt 0.22252672 0.13627375
vt 0.20144025 0.15166198
vt 0.20173707 0.20499000
vt 0.24622140 0.04233237
vt 0.04586501 0.16959663
vt 0.11367681 0.10559444
vt 0.15447412 0.10196582
vt 0.22635224 0.02756801
vt 0.13477970 0.19213381
vt 0.01767750 0.16590824
vt 0.24892739 0.18254261
vt 0.09055596 0.20931244
vt 0.15793757 0.21795534
vt 0.00982474 0.12902521
vt 0.08265532 0.04677820
vt 0.03851196 0.10775134
vt 0.23978269 0.12941222
vt 0.08462093 0.12197231
vt 0.10002468 0.22538834
vt 0.18608302 0.01053528
vt 0.13602668 0.25606403
vt 0.03011652 0.01482419
vt 0.26624125 0.21275032
vt 0.24575330 0.17340719
vt 0.23878974 0.23805059
vt 0.01236681 0.24142014
vt 0.19538110 0.18738627
vt 0.18101139 0.16144874
vt 0.26848500 0.19163263
vt 0.02060821 0.14073730
vt 0.08889781 0.11577596
vt 0.11728487 0.01227385
vt 0.19866364 0.12284410
vt 0.27364388 0.08993404
vt 0.26668647 0.17045215
vt 0.27560409 0.06350631
vt 0.14711303 0.03382541
vt 0.29216695 0.08700882
vt 0.11598757 0.02940356
vt 0.27145219 0.16222736
vt 0.20205710 0.22542791
vt 0.00737669 0.05176713
vt 0.12522395 0.17342411
vt 0.26741749 0.20459784
vt 0.03304159 0.13145998
vt 0.26476706 0.19772922
vt 0.21799949 0.18527073
vt 0.17505606 0.12791665
vt 0.26743728 0.06634632
vt 0.01756003 0.01977287
vt 0.15926268 0.20478816
vt 0.16789475 0.22001824
vt 0.10292796 0.15777945
vt 0.22292663 0.12073162
vt 0.27177391 0.18592909
vt 0.23217616 0.14469446
vt 0.24426962 0.13803159
vt 0.26866642 0.10249660
vt 0.19233763 0.08156790
vt 0.11482628 0.08004403
vt 0.00837096 0.20710764
vt 0.05631053 0.15526326
vt 0.15901913 0.23859669
vt 0.07604970 0.18330838
vt 0.07054315 0.16282279
vt 0.27190901 0.08047860
vt 0.13439426 0.08388777
vt 0.09172221 0.02965510
vt 0.02957903 0.08629776
vt 0.27392925 0.15398929
vt 0.18874080 0.22236370
vt 0.20775022 0.09015353
vt 0.22122567 0.07041292
vt 0.23747909 0.02543722
vt 0.25007142 0.23017060
vt 0.12342281 0.26051857
vt 0.18277281 0.11334476
vt 0.19567205 0.23464392
vt 0.11667195 0.18647380
vt 0.19348941 0.03071723
vt 0.24888441 0.19993605
vt 0.07606592 0.15793473
vt 0.19386669 0.18058038
vt 0.05153886 0.08071099
vt 0.24448952 0.17905095
vt 0.07402140 0.24953480
vt 0.24457580 0.07886054
vt 0.06136274 0.06362145
vt 0.16363527 0.02254513
vt 0.19441651 0.24668765
vt 0.13887480 0.23603242
vt 0.16356699 0.12341083
vt 0.11190492 0.23409160
vt 0.03415917 0.16158938
vt 0.13369822 0.25099983
vt 0.25858518 0.08729692
vt 0.25060066 0.20466879
vt 0.16904087 0.08924152
vt 0.06854204 0.25636647
vt 0.27685677 0.15917413
vt 0.12603542 0.22049433
vt 0.07759208 0.01318015
vt 0.03073736 0.04494433
vt 0.25830762 0.16701357
vt 0.09202894 0.00859841
vt 0.07737453 0.20031747
vt 0.21588137 0.07055664
vt 0.02396519 0.21416672
vt 0.26786979 0.14373488
vt 0.21798437 0.10674917
vt 0.04353595 0.06721258
vt 0.25532893 0.11825034
vt 0.07906932 0.11137105
vt 0.21598460 0.19888267
vt 0.26427816 0.05385489
vt 0.18418549 0.04713628
vt 0.10735066 0.09036431
vt 0.19045196 0.00654208
vt 0.04110008 0.24022629
vt 0.09776383 0.20507881
vt 0.29594362 0.21771433
vt 0.08406516 0.25490846
vt 0.14396649 0.16215199
vt 0.29387051 0.15564391
vt 0.20560470 0.17785213
vt 0.02050702 0.04702875
vt 0.04665955 0.19705119
vt 0.19460223 0.24098535
vt 0.00531898 0.11099996
vt 0.28702808 0.18035989
vt 0.08378046 0.15374823
vt 0.12417817 0.09725471
vt 0.14650104 0.20512021
vt 0.21259919 0.21057349
vt 0.18577558 0.10838674
vt 0.12442791 0.21557768
vt 0.29793756 0.05316533
vt 0.22857361 0.21262166
vt 0.28775541 0.12688797
vt 0.12105781 0.15367519
vt 0.06683896 0.20336770
vt 0.12125761 0.18274311
vt 0.08409537 0.09887636
vt 0.25142195 0.21859704
vt 0.22368628 0.10125954
vt 0.25091923 0.13781438
vt 0.08868500 0.06624240
vt 0.19869835 0.09707493
vt 0.06983141 0.19743309
vt 0.24342849 0.03648618
vt 0.19499217 0.17333846
vt 0.19485450 0.22290145
vt 0.09537468 0.07015624
vt 0.17029451 0.24743521
vt 0.18221976 0.07510088
vt 0.29548651 0.10353052
vt 0.29279583 0.06633491
vt 0.25610748 0.07346479
vt 0.17302411 0.00860838
vt 0.04357509 0.02486045
vt 0.04505247 0.11366730
vt 0.16211427 0.09257900
vt 0.17398910 0.02125042
vt 0.07191878 0.18049303
vt 0.18983896 0.03716963
vt 0.09524088 0.05599671
vt 0.25927428 0.18576302
vt 0.16552773 0.08395472
vt 0.06336261 0.01565303
vt 0.11550795 0.20316418
vt 0.29857734 0.01078035
vt 0.03483439 0.03338495
vt 0.26424229 0.17659192
vt 0.05133091 0.25070426
vt 0.00813863 0.19811080
vt 0.02969075 0.21918448
vt 0.27466417 0.02841840
vt 0.00566262 0.07473828
vt 0.09359464 0.14838367
vt 0.23875370 0.18007012
vt 0.07981347 0.06830595
vt 0.08042249 0.03567999
vt 0.24601710 0.16154763
vt 0.07111278 0.17482891
vt 0.12959856 0.09427207
vt 0.07273092 0.01472310
vt 0.20540727 0.16381433
vt 0.13444285 0.06064617
vt 0.09617786 0.04901598
vt 0.27004473 0.22994336
vt 0.12446993 0.15944808
vt 0.25937662 0.04827726
vt 0.26545949 0.18508697
vt 0.06658144 0.07077436
vt 0.21119732 0.01346959
vt 0.23480942 0.01007170
vt 0.17831799 0.12291989
vt 0.09625483 0.11209766
vt 0.27781060 0.09461819
vt 0.27122363 0.19825206
vt 0.10205668 0.07036178
vt 0.03526120 0.04924714
vt 0.10899710 0.18812245
vt 0.26442177 0.13556935
vt 0.07582949 0.23194845
vt 0.10777822 0.05304040
vt 0.28228973 0.21553392
vt 0.20666386 0.07447100
vt 0.29250944 0.06158770
vt 0.00709300 0.14244099
vt 0.08352638 0.09293649
vt 0.13849293 0.15894728
vt 0.21023635 0.03616127
vt 0.18281699 0.20852246
vt 0.04681373 0.23636295
vt 0.03237492 0.18571317
vt 0.06791706 0.03703020
vt 0.17860731 0.03021499
vt 0.03148259 0.17392111
vt 0.15672989 0.01844391
vt 0.26149569 0.07667449
vt 0.08749985 0.14771489
vt 0.04072815 0.19803267
vt 0.16151161 0.13230567
vt 0.12148470 0.14260277
vt 0.22998064 0.09782547
vt 0.20425409 0.08564933
vt 0.28706446 0.19904713
vt 0.12692505 0.16599822
vt 0.09658765 0.08398222
vt 0.09957129 0.10665502
vt 0.19597080 0.21013816
vt 0.14741620 0.09705207
vt 0.19808629 0.08677741
vt 0.11952763 0.03454711
vt 0.28348253 0.08713037
vt 0.27683409 0.11325054
vt 0.24390580 0.20522428
vt 0.13919925 0.07426082
vt 0.21520191 0.23264905
vt 0.04251646 0.15837981
vt 0.28418397 0.04714679
vt 0.28373493 0.23613746
vt 0.04532422 0.06049522
vt 0.28577099 0.13808819
vt 0.10981826 0.22200739
vt 0.21961651 0.08279112
vt 0.18622381 0.08133767
vt 0.01466038 0.20388527
vt 0.12397913 0.14810682
vt 0.10199777 0.15347877
vt 0.12261282 0.06475624
vt 0.04002077 0.10059145
vt 0.15344630 0.24100762
vt 0.13714059 0.15129442
vt 0.26590262 0.24725684
vt 0.29710867 0.02615632
vt 0.19050039 0.23612616
vt 0.18551104 0.12330333
vt 0.08745435 0.22679444
vt 0.13133209 0.23379115
vt 0.25768257 0.25122136
vt 0.29783501 0.06297448
vt 0.16779873 0.15447987
vt 0.14129826 0.23187236
vt 0.26200527 0.15648475
vt 0.24818052 0.18932626
vt 0.01283270 0.01581715
vt 0.03973483 0.16452757
vt 0.29259795 0.05140727
vt 0.25247954 0.13094171
vt 0.23391689 0.20944728
vt 0.17275297 0.24155502
vt 0.29324354 0.07240360
vt 0.01187576 0.18151464
vt 0.21324413 0.08504109
vt 0.02680540 0.07712258
vt 0.28591640 0.21066517
vt 0.02309016 0.02567945
vt 0.07656780 0.17814477
vt 0.03261471 0.22506669
vt 0.18637766 0.14985306
vt 0.15338482 0.24989884
vt 0.04812996 0.18015344
vt 0.10436728 0.22064464
vt 0.07336813 0.06285071
vt 0.16058800 0.08602630
vt 0.03700129 0.05514381
vt 0.07992749 0.21949750
vt 0.23636458 0.15473044
vt 0.11828416 0.09719892
vt 0.26711845 0.12262424
vt 0.04997620 0.04944932
vt 0.03532522 0.15593764
vt 0.19920865 0.01282921
vt 0.14659579 0.04507817
vt 0.01983390 0.12475498
vt 0.06098308 0.04159094
vt 0.02793954 0.16190651
vt 0.08328477 0.19578094
vt 0.20164132 0.21154882
vt 0.03233640 0.11966165
vt 0.00809872 0.15480010
vt 0.26626724 0.11673873
vt 0.03052049 0.21230343
vt 0.25843427 0.05553516
vt 0.05896787 0.14472371
vt 0.28110429 0.07708194
vt 0.17952090 0.14033317
vt 0.27943998 0.15012327
vt 0.13304637 0.13754639
vt 0.12753681 0.10220332
vt 0.10307070 0.11306880
vt 0.29099836 0.13704891
vt 0.24204570 0.02644470
vt 0.22509698 0.07962190
vt 0.18841139 0.02926210
vt 0.09794469 0.25568323
vt 0.22625738 0.05172167
vt 0.28508884 0.02742082
vt 0.17692397 0.26132590
vt 0.09233767 0.07688570
vt 0.29442988 0.16726350
vt 0.01897799 0.03278345
vt 0.28169101 0.18347924
vt 0.05513641 0.06828653
vt 0.16752919 0.04231317
vt 0.19358352 0.16076200
vt 0.22978710 0.20342984
vt 0.26574755 0.04333375
vt 0.04309811 0.05251800
vt 0.17064995 0.19683865
vt 0.05181996 0.20008470
vt 0.11220718 0.22862643
vt 0.20632546 0.01130711
vt 0.01332478 0.21263597
vt 0.22094056 0.24773126
vt 0.27345386 0.03453422
vt 0.27241352 0.02327625
vt 0.06789727 0.13495026
vt 0.15802107 0.10516343
vt 0.28125592 0.05445033
vt 0.27049235 0.04039378
vt 0.16219015 0.03869263
vt 0.27106852 0.09637367
vt 0.29752516 0.13102656
vt 0.24533029 0.04838067
vt 0.23847898 0.13566242
vt 0.19162049 0.06907722
vt 0.21263752 0.10390680
vt 0.07741318 0.15193362
vt 0.23967846 0.01497308
vt 0.12645538 0.23614941
vt 0.05035220 0.03080380
vt 0.16485036 0.11165203
vt 0.20101167 0.15844883
vt 0.11297744 0.13701424
vt 0.19621293 0.25200672
vt 0.02526920 0.17321418
vt 0.01252199 0.01067535
vt 0.16565318 0.17268964
vt 0.10537101 0.04020388
vt 0.17196425 0.21525792
vt 0.13024217 0.02323424
vt 0.21087063 0.02498172
vt 0.19720015 0.00728443
vt 0.21098074 0.12576503
vt 0.06569846 0.15000629
vt 0.02434559 0.10728094
vt 0.12076630 0.24239668
vt 0.29700824 0.08793940
vt 0.21046303 0.07106709
vt 0.28095835 0.12829255
vt 0.16767632 0.05281046
vt 0.23908797 0.23010898
vt 0.13451846 0.01098446
vt 0.19532003 0.09320822
vt 0.07234806 0.20387577
vt 0.06979167 0.15505300
vt 0.10743623 0.12596150
vt 0.04447283 0.20245333
vt 0.29084830 0.21413201
vt 0.16274331 0.22225723
vt 0.03404398 0.14590540
vt 0.18068067 0.05613120
vt 0.25657382 0.23087088
vt 0.26629063 0.10908722
vt 0.22791518 0.23047215
vt 0.12848349 0.25548324
vt 0.10985308 0.08556832
vt 0.16189574 0.15735356
vt 0.08219159 0.16800349
vt 0.08400626 0.20760929
vt 0.21065691 0.09717656
vt 0.24634610 0.02277008
vt 0.17433081 0.09444636
vt 0.23323531 0.02765819
vt 0.19482474 0.13701382
vt 0.16020690 0.01299451
vt 0.27095682 0.12672520
vt 0.02940504 0.03780738
vt 0.29410708 0.18086261
vt 0.11995989 0.17209377
vt 0.02739056 0.15519748
vt 0.29372872 0.18772025
vt 0.06486506 0.02260839
vt 0.00786268 0.16100438
vt 0.09117516 0.25539968
vt 0.11535465 0.08596272
vt 0.23307160 0.05186100
vt 0.02747962 0.20594904
vt 0.01942256 0.07744377
vt 0.03875196 0.12739051
vt 0.04952342 0.19230930
vt 0.01700397 0.08441648
vt 0.10771910 0.15359559
vt 0.22397577 0.20944044
vt 0.15346053 0.03493084
vt 0.20836059 0.10899640
vt 0.04364190 0.21630388
vt 0.18497117 0.09275370
vt 0.11960158 0.17684320
vt 0.18543809 0.23726690
vt 0.23120522 0.06750057
vt 0.22352283 0.20081347
vt 0.22083731 0.03796215
vt 0.09871465 0.00938969
vt 0.12258733 0.05279731
vt 0.22966060 0.12023869
vt 0.08860432 0.23286265
vt 0.17692122 0.10513411
vt 0.18468739 0.22653666
vt 0.14015331 0.19395671
vt 0.24565665 0.09690740
vt 0.17786164 0.00665078
vt 0.16772893 0.21230709
vt 0.07239223 0.14111661
vt 0.15918345 0.19145764
vt 0.00717981 0.21686563
vt 0.21795386 0.24215897
vt 0.24614864 0.24145480
vt 0.20468653 0.09614656
vt 0.05057028 0.24076210
vt 0.21837842 0.03254515
vt 0.18917610 0.11234382
vt 0.18475525 0.14263420
vt 0.12092267 0.01611162
vt 0.29594675 0.09783095
vt 0.28035978 0.01381304
vt 0.28355614 0.00955025
vt 0.12277510 0.13168273
vt 0.16840113 0.01599723
vt 0.20811336 0.24657910
vt 0.08376605 0.20150930
vt 0.09442067 0.01475893
vt 0.14689003 0.21716898
vt 0.13745162 0.02074230
vt 0.20025164 0.03043799
vt 0.24009218 0.14272769
vt 0.04809050 0.07262558
vt 0.26465228 0.06011430
vt 0.20141624 0.04779996
vt 0.24148733 0.06385596
vt 0.29343980 0.14349109
vt 0.22402143 0.18949364
vt 0.22886572 0.10939214
vt 0.20270640 0.14544012
vt 0.29618153 0.11610954
vt 0.24276557 0.18582392
vt 0.26880165 0.17945289
vt 0.21179054 0.06520082
vt 0.25157881 0.09510926
vt 0.05189732 0.24561890
vt 0.01849938 0.14627556
vt 0.26402542 0.08831743
vt 0.17715919 0.10031250
vt 0.12675758 0.03381752
vt 0.25157390 0.12396762
vt 0.26884602 0.02995551
vt 0.21583596 0.12921765
vt 0.14015810 0.09897248
vt 0.19001819 0.18530284
vt 0.18450196 0.02438221
vt 0.01724180 0.10439602
vt 0.00777700 0.03908066
vt 0.09929452 0.17452377
vt 0.16009156 0.26304071
vt 0.25530135 0.18005341
vt 0.06346686 0.13971617
vt 0.07738850 0.20728028
vt 0.14525046 0.11030608
vt 0.15277351 0.05639404
vt 0.13364389 0.09912736
vt 0.10609654 0.22871683
vt 0.09791990 0.18395670
vt 0.13278024 0.15628233
vt 0.20394652 0.25634591
vt 0.23714524 0.14833650
vt 0.25857256 0.19600635
vt 0.25501411 0.01086948
vt 0.01833851 0.21799314
vt 0.15214729 0.22776217
vt 0.09659741 0.21136197
vt 0.20173550 0.10234670
vt 0.09368832 0.24876920
vt 0.13748662 0.04083896
vt 0.05293200 0.23546786
vt 0.20124209 0.09135297
vt 0.19372282 0.05510510
vt 0.25712564 0.13695367
vt 0.15439465 0.01187260
vt 0.16124383 0.07906368
vt 0.28092675 0.10424901
vt 0.00423333 0.04752123
vt 0.08653473 0.18679320
vt 0.08758368 0.01376392
vt 0.23502151 0.02096839
vt 0.23512309 0.24321034
vt 0.28080324 0.10943913
vt 0.08882082 0.16493731
vt 0.10808391 0.07117501
vt 0.04033488 0.18838535
vt 0.22837628 0.13753257
vt 0.19308223 0.16731448
vt 0.17213983 0.06474666
vt 0.10493691 0.01064982
vt 0.23359263 0.23328854
vt 0.20453946 0.06717270
vt 0.26843055 0.09132194
vt 0.08548043 0.11058461
vt 0.17298075 0.22293711
vt 0.13543356 0.21871951
vt 0.23100586 0.03216980
vt 0.08144156 0.17725653
vt 0.20678104 0.10280527
vt 0.18483515 0.03437534
vt 0.01355636 0.07244779
vt 0.14422150 0.10394281
vt 0.27142738 0.23609844
vt 0.08453690 0.24468053
vt 0.15391269 0.11103596
vt 0.17298849 0.17003783
vt 0.25785471 0.21873433
vt 0.23553331 0.06359547
vt 0.02577884 0.24617899
vt 0.10650949 0.10797649
vt 0.29596927 0.03781010
vt 0.15411848 0.06245730
vt 0.07439061 0.10559135
vt 0.03061740 0.11217343
vt 0.20145221 0.23313231
vt 0.11769472 0.14802538
vt 0.28927506 0.14767375
vt 0.09395201 0.04313263
vt 0.28351926 0.09941890
vt 0.21832256 0.01801097
vt 0.02060545 0.13159606
vt 0.20754953 0.01838484
vt 0.24753261 0.08423169
vt 0.18414023 0.24403220
vt 0.01409239 0.03729386
vt 0.20725916 0.18511499
vt 0.15722705 0.22464619
vt 0.26415030 0.09469448
vt 0.01504132 0.18881925
vt 0.07757083 0.16415363
vt 0.10305758 0.24041344
vt 0.20470600 0.02430854
vt 0.05307943 0.06200052
vt 0.10318512 0.08371638
vt 0.14532298 0.00570369
vt 0.29696359 0.05873296
vt 0.11348405 0.20951786
vt 0.07346039 0.08153789
vt 0.28886423 0.01644921
vt 0.05182137 0.22478525
vt 0.07541695 0.11756058
vt 0.13447189 0.23910640
vt 0.19978798 0.23960165
vt 0.27872626 0.21076348
vt 0.06397729 0.18375243
vt 0.02770623 0.23535072
vt 0.25333947 0.18561855
vt 0.24572905 0.22123283
vt 0.02890795 0.19310584
vt 0.20260018 0.19866561
vt 0.15844036 0.02503498
vt 0.05941179 0.21051977
vt 0.13355960 0.04891039
vt 0.09542678 0.06253766
vt 0.26236303 0.20820390
vt 0.00475703 0.05577030
vt 0.27982402 0.02501356
vt 0.21371439 0.05485710
vt 0.25213406 0.01736089
vt 0.23053541 0.01090699
vt 0.13187112 0.02957677
vt 0.26362275 0.23374453
vt 0.15117233 0.14987706
vt 0.17618566 0.25020920
vt 0.23927381 0.00902417
vt 0.07027767 0.12270657
vt 0.27033943 0.22331829
vt 0.02134142 0.19132791
vt 0.27114540 0.21664497
vt 0.11189801 0.04067467
vt 0.28749500 0.10764747
vt 0.24787619 0.11943872
vt 0.01875425 0.01251327
vt 0.16570034 0.03571084
vt 0.03869009 0.12124355
vt 0.29626444 0.04697876
vt 0.09633524 0.14350710
vt 0.01623715 0.23840578
vt 0.00879907 0.12245109
vt 0.14723153 0.19069381
vt 0.25191900 0.24845501
vt 0.10036988 0.06445802
vt 0.16607532 0.13415297
vt 0.08662655 0.23834783
vt 0.13944939 0.00458655
vt 0.28008852 0.16825442
vt 0.08575768 0.22147087
vt 0.05742942 0.11717428
vt 0.00943309 0.03432034
vt 0.21941924 0.06423335
vt 0.25088034 0.17625352
vt 0.16759482 0.11776919
vt 0.11080968 0.09592900
vt 0.22460266 0.01925343
vt 0.18287262 0.17643065
vt 0.17344181 0.23541252
vt 0.17830344 0.24504036
vt 0.20779585 0.05505908
vt 0.14029142 0.04775829
vt 0.09634081 0.19950235
vt 0.17575302 0.07584894
vt 0.26240284 0.08252316
vt 0.13954476 0.21441087
vt 0.13380524 0.17573664
vt 0.16394551 0.17964995
vt 0.02223704 0.08884848
vt 0.06782601 0.21827516
vt 0.02876298 0.09336745
vt 0.18078860 0.01915299
vt 0.26100040 0.11399203
vt 0.21997112 0.11292401
vt 0.12690536 0.08892336
vt 0.07373254 0.03186563
vt 0.00576438 0.09749105
vt 0.04576763 0.22934753
vt 0.02835547 0.05133417
vt 0.04263609 0.14075121
vt 0.12828140 0.12819862
vt 0.08913178 0.09342312
vt 0.28764759 0.03809145
vt 0.12992266 0.16177445
vt 0.19685776 0.01907090
vt 0.10319452 0.14687088
vt 0.09305661 0.12597380
vt 0.05392472 0.14894763
vt 0.07260272 0.16905344
vt 0.02197358 0.23250968
vt 0.08475008 0.05263543
vt 0.18428658 0.18295026
vt 0.29000614 0.04713787
vt 0.24065563 0.16482036
vt 0.08113282 0.14631440
vt 0.28834995 0.12141497
vt 0.23379554 0.19218338
vt 0.07378673 0.09690817
vt 0.23575668 0.16858795
vt 0.21956130 0.00777169
vt 0.07692088 0.05855730
vt 0.05553774 0.08771594
vt 0.29511425 0.03351114
vt 0.24582919 0.01670481
vt 0.02299782 0.16744792
vt 0.10377956 0.05916587
vt 0.01209656 0.16521335
vt 0.28301520 0.07083609
vt 0.25329859 0.10609443
vt 0.27535835 0.05157767
vt 0.05444725 0.12403336
vt 0.03938170 0.14684637
vt 0.25617205 0.11097751
vt 0.13899780 0.11159572
vt 0.17074532 0.17724301
vt 0.08767391 0.18069103
vt 0.05491977 0.13880321
vt 0.04824862 0.03759921
vt 0.09985283 0.01724364
vt 0.14425308 0.25836320
vt 0.03993785 0.25120534
vt 0.28617493 0.02217671
vt 0.22327820 0.04755311
vt 0.25179396 0.15979313
vt 0.27272506 0.24489005
vt 0.29860660 0.03184984
vt 0.14295544 0.18685661
vt 0.10988325 0.20217350
vt 0.02033279 0.20832421
vt 0.17180259 0.26088381
vt 0.04295697 0.20868334
vt 0.14007830 0.00963968
vt 0.07019858 0.10024224
vt 0.26704338 0.08276974
vt 0.01370482 0.12236610
vt 0.03466154 0.24894855
vt 0.23886003 0.15962139
vt 0.23174264 0.07804310
vt 0.23173248 0.11433421
vt 0.17742139 0.20368342
vt 0.24513291 0.16815185
vt 0.13224466 0.18100983
vt 0.20328972 0.11087805
vt 0.01145797 0.22056402
vt 0.27473421 0.07640284
vt 0.21378675 0.07766077
vt 0.01047337 0.05614070
vt 0.00388120 0.01274870
vt 0.03011554 0.17939476
vt 0.22190695 0.22675288
vt 0.23147466 0.15170527
vt 0.29420855 0.15048108
vt 0.12866868 0.11345884
vt 0.24672121 0.06760980
vt 0.22936526 0.01543949
vt 0.09688098 0.18891818
vt 0.21996075 0.25449096
vt 0.13968542 0.03364011
vt 0.05539029 0.18874760
vt 0.06818950 0.07755071
vt 0.03558281 0.18030187
vt 0.25098753 0.07822950
vt 0.20537982 0.13202780
vt 0.09747328 0.09851411
vt 0.11943479 0.21260276
vt 0.16024453 0.09895342
vt 0.08820718 0.17047284
vt 0.06384422 0.15894860
vt 0.13936725 0.24179253
vt 0.21892675 0.23705399
vt 0.16494969 0.06364186
vt 0.17060604 0.11307617
vt 0.22950917 0.24659148
vt 0.24480627 0.22695516
vt 0.25708322 0.17411933
vt 0.03986202 0.22329859
vt 0.27982120 0.03137663
vt 0.13980830 0.14535249
vt 0.00754267 0.14847899
vt 0.28466497 0.11308624
vt 0.11377055 0.17180711
vt 0.08191181 0.11691606
vt 0.28965371 0.10251680
vt 0.22559495 0.11503359
vt 0.18498168 0.09853913
vt 0.15321700 0.19453366
vt 0.28951097 0.24301765
vt 0.20367182 0.00716092
vt 0.05124207 0.17355241
vt 0.20508769 0.24237678
vt 0.15497808 0.16190461
vt 0.27253903 0.21019965
vt 0.05680466 0.04929122
vt 0.04906085 0.20551587
vt 0.10096548 0.09042234
vt 0.16821828 0.16052950
vt 0.15637908 0.11624132
vt 0.06711534 0.17916578
vt 0.27409778 0.20428037
vt 0.19309492 0.08765971
vt 0.25554996 0.19057506
vt 0.06426076 0.09663502
vt 0.17988383 0.08053472
vt 0.14653882 0.19657719
vt 0.04135948 0.23435913
vt 0.02413166 0.22198747
vt 0.14815505 0.26478664
vt 0.19928726 0.13015216
vt 0.08135563 0.10555775
vt 0.17810106 0.18623143
vt 0.18112940 0.12814188
vt 0.11411356 0.10041115
vt 0.28175278 0.04164373
vt 0.16297045 0.14319935
vt 0.04276415 0.19250325
vt 0.19624801 0.19807205
vt 0.27602581 0.13293002
vt 0.06949098 0.01871240
vt 0.09823478 0.11700213
vt 0.11903150 0.06990108
vt 0.27746307 0.23359986
vt 0.18507107 0.04081393
vt 0.18567110 0.06861054
vt 0.14396846 0.15051895
vt 0.24853647 0.15495500
vt 0.01499258 0.15818889
vt 0.08989615 0.01832272
vt 0.19890319 0.11576396
vt 0.17826130 0.23259197
vt 0.15964280 0.25210112
vt 0.27370241 0.06864425
vt 0.09673811 0.23138141
vt 0.18753992 0.10343274
vt 0.11600608 0.24284618
vt 0.21565346 0.22120556
vt 0.02019965 0.15292474
vt 0.10032568 0.25095298
vt 0.09411275 0.23649044
vt 0.03824952 0.02799473
vt 0.01484656 0.12929548
vt 0.01481347 0.09061148
vt 0.27029982 0.13220883
vt 0.11289521 0.12367174
vt 0.07248420 0.11120983
vt 0.06371875 0.24810663
vt 0.02520066 0.10047867
vt 0.20827980 0.04961221
vt 0.28073073 0.13983081
vt 0.11548051 0.05282895
vt 0.28337834 0.17261657
vt 0.16718970 0.12808565
vt 0.23280366 0.17513869
vt 0.22518955 0.14259829
vt 0.21185319 0.16342961
vt 0.15896744 0.12840312
vt 0.17116037 0.10313018
vt 0.01526718 0.04620086
vt 0.12826212 0.19174059
vt 0.08606808 0.00876381
vt 0.20689250 0.23089314
vt 0.03781189 0.11449325
vt 0.27777061 0.02004257
vt 0.03497103 0.19099507
vt 0.06806735 0.08577612
vt 0.29111565 0.03522423
vt 0.14911553 0.06611037
vt 0.22263726 0.16960698
vt 0.27105346 0.11317734
vt 0.07775951 0.17250097
vt 0.26087098 0.18026003
vt 0.16006307 0.15264541
vt 0.27388897 0.10691658
vt 0.24814089 0.20936683
vt 0.05599579 0.09656026
vt 0.13302072 0.03581706
vt 0.26232761 0.03280352
vt 0.03967175 0.24579211
vt 0.25154844 0.16512314
vt 0.17463990 0.16390248
vt 0.09559870 0.09264271
vt 0.02139349 0.09462414
vt 0.12301787 0.13743453
vt 0.26740648 0.15138466
vt 0.11417710 0.16545719
vt 0.06229900 0.25389007
vt 0.25925027 0.13103955
vt 0.17463955 0.14565545
vt 0.08099324 0.24926515
vt 0.05850466 0.12828620
vt 0.19789322 0.25744182
vt 0.26230060 0.14793190
vt 0.15455488 0.26445767
vt 0.19717778 0.22889172
vt 0.16042691 0.13815006
vt 0.03409188 0.07982133
vt 0.24078985 0.19240034
vt 0.10588847 0.11968830
vt 0.23471865 0.10102307
vt 0.21742626 0.12348849
vt 0.15564492 0.07513888
vt 0.09056953 0.15335375
vt 0.14318808 0.13149884
vt 0.18708956 0.16378849
vt 0.12345406 0.12584644
vt 0.03015063 0.07181270
vt 0.10812807 0.10202400
vt 0.03765935 0.21315416
vt 0.28318052 0.01845666
vt 0.17323768 0.19060272
vt 0.18276230 0.26070051
vt 0.10538974 0.25578936
vt 0.17819176 0.22647210
vt 0.24889775 0.01079701
vt 0.26474887 0.16408281
vt 0.23378749 0.13938006
vt 0.24110706 0.24543087
vt 0.19424666 0.21612944
vt 0.27126694 0.01657336
vt 0.19266018 0.01147597
vt 0.29626434 0.21122932
vt 0.17117545 0.03884451
vt 0.06069481 0.19371671
vt 0.09770830 0.13088658
vt 0.26197630 0.03959680
vt 0.25131722 0.02476090
vt 0.22060867 0.01319666
vt 0.27796422 0.04568955
vt 0.21730375 0.02665789
vt 0.11977096 0.12218582
vt 0.28693253 0.18642181
vt 0.16691136 0.19122504
vt 0.03726198 0.17549497
vt 0.29413674 0.20223153
vt 0.27500280 0.19285701
vt 0.19591377 0.04854274
vt 0.09355351 0.22142176
vt 0.16946590 0.03282575
vt 0.24123054 0.12267854
vt 0.12742795 0.01432746
vt 0.01390398 0.06037796
vt 0.17088909 0.08472143
vt 0.25081065 0.03842166
vt 0.16701171 0.06915754
vt 0.28029894 0.04989767
vt 0.27781471 0.07208556
vt 0.14140620 0.02776224
vt 0.03404363 0.09703196
vt 0.28549112 0.05765678
vt 0.27696216 0.22825654
vt 0.25693548 0.02228270
vt 0.17009252 0.18431021
vt 0.09179359 0.21590427
vt 0.05070480 0.05569747
vt 0.10764159 0.17101678
vt 0.03091179 0.13721064
vt 0.18111615 0.01226515
vt 0.15318130 0.18791419
vt 0.24779381 0.25347311
vt 0.02143093 0.07142195
vt 0.25873648 0.06181084
vt 0.13356223 0.08933919
vt 0.24671541 0.06114248
vt 0.15654608 0.14315391
vt 0.25356646 0.06687855
vt 0.11126996 0.17609329
vt 0.05218672 0.16684891
vt 0.08099737 0.00810857
vt 0.29679287 0.02111849
vt 0.20752704 0.22188643
vt 0.07467708 0.00848051
vt 0.15245364 0.13881826
vt 0.25081951 0.23643827
vt 0.10317140 0.19982923
vt 0.06827360 0.01041302
vt 0.13267807 0.20664034
vt 0.14740605 0.05903756
vt 0.10700627 0.16140363
vt 0.02235774 0.11348262
vt 0.18908726 0.17708334
vt 0.14822057 0.24607804
vt 0.01973864 0.22707195
vt 0.14439610 0.09292226
vt 0.17534034 0.13536261
vt 0.03481939 0.01179109
vt 0.02554004 0.12508586
vt 0.03175915 0.10463831
vt 0.18316138 0.25078934
vt 0.19307560 0.13085619
vt 0.08379640 0.07468347
vt 0.29383810 0.05585164
vt 0.23418306 0.12596525
vt 0.15572307 0.04505268
vt 0.11315795 0.11064640
vt 0.02598580 0.11838893
vt 0.14811550 0.13402989
vt 0.07751654 0.24383959
vt 0.07323674 0.14763971
vt 0.07865477 0.05269889
vt 0.11533542 0.06391297
vt 0.26443295 0.21968024
vt 0.24663498 0.21459438
vt 0.22062868 0.14846463
vt 0.11101959 0.13134979
vt 0.27207623 0.04611072
vt 0.18693520 0.13013130
vt 0.25522429 0.15545254
vt 0.01429541 0.19582948
vt 0.16904382 0.02057238
vt 0.17647887 0.11336020
vt 0.26208974 0.02045036
vt 0.20885418 0.25247051
vt 0.09220508 0.18442978
vt 0.15692989 0.23236842
vt 0.26392156 0.22692223
vt 0.03825967 0.22938807
vt 0.08474558 0.17431014
vt 0.24531883 0.03034938
vt 0.24976449 0.07278651
vt 0.20027501 0.24609296
vt 0.22532677 0.01336192
vt 0.21007135 0.04465902
vt 0.03819917 0.13472726
vt 0.16712222 0.22762025
vt 0.14065431 0.17967915
vt 0.06558889 0.17197480
vt 0.18129230 0.13423812
vt 0.03572995 0.20788250
vt 0.27867029 0.11853129
vt 0.21479690 0.24895635
vt 0.20065723 0.07419606
vt 0.15491256 0.15550519
vt 0.07392591 0.25564186
vt 0.14270992 0.20100906
vt 0.24324356 0.14935491
vt 0.25351018 0.08314567
vt 0.14563834 0.14546240
vt 0.19906214 0.03713401
vt 0.24590952 0.13240590
vt 0.18688583 0.11771926
vt 0.21886638 0.20553234
vt 0.13615057 0.07869785
vt 0.06050913 0.20458333
vt 0.28093982 0.06598993
vt 0.09500801 0.17824923
vt 0.02568052 0.05921463
vt 0.05353156 0.18034942
vt 0.21935423 0.19366775
vt 0.14940950 0.16375024
vt 0.11847901 0.05861140
vt 0.19098491 0.09822538
vt 0.11985990 0.22048147
vt 0.07782891 0.12416656
vt 0.29563405 0.08235138
vt 0.11493588 0.04690438
vt 0.14420246 0.07826510
vt 0.23263296 0.25393847
vt 0.06304536 0.23613439
vt 0.02689710 0.18808529
vt 0.10471135 0.13175540
vt 0.01360804 0.15074277
vt 0.17957477 0.02427878
vt 0.02237183 0.05253188
vt 0.03140530 0.05814458
vt 0.03353936 0.02391240
vt 0.00451599 0.11966293
vt 0.18256529 0.08606366
vt 0.08841141 0.07154425
vt 0.21465913 0.04271194
vt 0.28014569 0.24430546
vt 0.10671481 0.20666073
vt 0.17998426 0.10906373
vt 0.07756069 0.22526239
vt 0.27846335 0.08838285
vt 0.02633700 0.19820743
vt 0.05582092 0.01204799
vt 0.22243954 0.05885348
vt 0.10233402 0.10163857
vt 0.12036754 0.07506899
vt 0.14865821 0.11515828
vt 0.26161195 0.14149978
vt 0.01720103 0.11013321
vt 0.09096739 0.09890283
vt 0.17161285 0.20792381
vt 0.03790259 0.18476048
vt 0.10068446 0.16985014
vt 0.12207552 0.18927927
vt 0.19228502 0.01640020
vt 0.05772413 0.21602515
vt 0.19283191 0.06223594
vt 0.27705187 0.23955474
vt 0.25891859 0.24629347
vt 0.28524582 0.16402914
vt 0.21086793 0.13346200
vt 0.29671766 0.07649922
vt 0.05961965 0.05593072
vt 0.16652778 0.05778627
vt 0.19971386 0.06084688
vt 0.28448261 0.11792063
vt 0.03193441 0.20107277
vt 0.20856452 0.14877356
vt 0.04392885 0.03169131
vt 0.27679178 0.17278959
vt 0.18021473 0.14741696
vt 0.05086831 0.11892902
vt 0.19214558 0.10524548
vt 0.15787126 0.06717795
vt 0.17490952 0.03614998
vt 0.10444813 0.09603498
vt 0.16840319 0.10749473
vt 0.26454843 0.12838629
vt 0.25213711 0.17029016
vt 0.22239084 0.21818532
vt 0.21824936 0.21292313
vt 0.00833450 0.18875606
vt 0.17165513 0.09830971
vt 0.06227417 0.03388533
vt 0.18183869 0.22122994
vt 0.24060603 0.25323691
vt 0.09154261 0.14238393
vt 0.12956820 0.17114258
vt 0.11564952 0.22428135
vt 0.22806874 0.05636135
vt 0.02376933 0.01577148
vt 0.12084846 0.20657525
vt 0.16304683 0.21539848
vt 0.28790706 0.15814469
vt 0.06283659 0.11440012
vt 0.29390849 0.19549651
vt 0.25890912 0.01521269
vt 0.04132767 0.01211569
vt 0.19509665 0.03499605
vt 0.22800824 0.19528785
vt 0.22919554 0.17103025
vt 0.11088798 0.00998184
vt 0.24128631 0.08453366
vt 0.07504421 0.03898331
vt 0.05274544 0.23030006
vt 0.29283058 0.13134196
vt 0.13890771 0.20802352
vt 0.15004051 0.00771971
vt 0.06423622 0.21457354
vt 0.24620126 0.12637835
vt 0.02893600 0.02956428
vt 0.21866103 0.17665547
vt 0.26056139 0.06692297
vt 0.10736168 0.23634921
vt 0.26060847 0.20268996
vt 0.05217975 0.11189174
vt 0.27062839 0.06111037
vt 0.16100332 0.04440420
vt 0.17954139 0.23871014
vt 0.18665177 0.25696402
vt 0.25755369 0.08025199
vt 0.05085373 0.18605206
vt 0.25342154 0.24236936
vt 0.04578027 0.24400989
vt 0.13043083 0.22194874
vt 0.07064025 0.22647445
vt 0.19834919 0.19262138
vt 0.09021383 0.05427053
vt 0.09823566 0.15064827
vt 0.00836197 0.09168801
vt 0.24089771 0.09082230
vt 0.28317515 0.03590843
vt 0.17543596 0.02608819
vt 0.28097577 0.13458483
vt 0.24693480 0.10989794
vt 0.06960622 0.23344684
vt 0.23916343 0.10401430
vt 0.20888213 0.08114923
vt 0.01072657 0.10910076
vt 0.11717661 0.00662579
vt 0.04929246 0.16008632
vt 0.18728280 0.01505607
vt 0.11225538 0.18345764
vt 0.22576732 0.08774331
vt 0.07738113 0.02009408
vt 0.15705676 0.05334095
vt 0.18420829 0.20285549
vt 0.28685438 0.05217183
vt 0.04113696 0.03752941
vt 0.13180992 0.04275566
vt 0.25280166 0.08873178
vt 0.03828295 0.06171694
vt 0.07825554 0.10029223
vt 0.00451676 0.03643298
vt 0.01364025 0.07906180
vt 0.00602657 0.13310764
vt 0.08891334 0.08176564
vt 0.15376627 0.20544523
vt 0.16346101 0.01708081
vt 0.04192993 0.18063471
vt 0.00689797 0.22617226
vt 0.24929970 0.10193868
vt 0.15041361 0.07284570
vt 0.13707374 0.20115792
vt 0.09759576 0.13901318
vt 0.21511144 0.03726214
vt 0.17070070 0.12301906
vt 0.16341307 0.23418343
vt 0.29280735 0.16208162
vt 0.27858162 0.19950115
vt 0.18787328 0.21673009
vt 0.25593718 0.09998119
vt 0.07680512 0.08674136
vt 0.15031219 0.14344259
vt 0.27626285 0.05749557
vt 0.04181014 0.09275743
vt 0.17677949 0.21809681
vt 0.02932969 0.16798434
vt 0.28552715 0.01344097
vt 0.07838963 0.25408025
vt 0.09879294 0.02465365
vt 0.21650051 0.22704870
vt 0.12659320 0.20977509
vt 0.27709996 0.21741117
vt 0.04476877 0.24915246
vt 0.13913282 0.13503167
vt 0.04853604 0.01158393
vt 0.23613421 0.18650815
vt 0.16609108 0.09888823
vt 0.02068164 0.19976192
vt 0.15518947 0.00533568
vt 0.13780025 0.18507490
vt 0.06805529 0.06517915
vt 0.17989471 0.19178224
vt 0.15082731 0.26002953
vt 0.23307443 0.22584078
vt 0.11200900 0.01741453
vt 0.26068867 0.10586249
vt 0.06081215 0.18807552
vt 0.10171593 0.23404789
vt 0.22186504 0.12848927
vt 0.22445193 0.24195364
vt 0.23568267 0.08331672
vt 0.11930607 0.24872369
vt 0.05351877 0.21267595
vt 0.03149073 0.12593509
vt 0.11313517 0.25293921
vt 0.24047311 0.09809951
vt 0.22372389 0.10793075
vt 0.24067830 0.02034861
vt 0.01368042 0.03067924
vt 0.09847186 0.24544998
vt 0.16169053 0.07216149
vt 0.17246667 0.01449683
vt 0.09383229 0.10451492
vt 0.12220180 0.16665725
vt 0.12268793 0.22594428
vt 0.11452564 0.21691145
vt 0.12860613 0.12101315
vt 0.24272435 0.05434545
vt 0.18231644 0.21482678
vt 0.29231405 0.01922809
vt 0.05706541 0.17558718
vt 0.23588301 0.11997831
vt 0.23938374 0.17337653
vt 0.17951230 0.06916117
vt 0.01955014 0.05849310
vt 0.11623598 0.02245055
vt 0.22351012 0.03168927
vt 0.29108050 0.02453621
vt 0.29246213 0.09310647
vt 0.14645112 0.17632630
vt 0.21500948 0.06014671
vt 0.01900991 0.24408733
vt 0.06734478 0.02901486
vt 0.05985919 0.13435742
vt 0.13306815 0.00540092
vt 0.10509486 0.15027253
vt 0.29419852 0.13931009
vt 0.06221780 0.09032028
vt 0.22653057 0.25615892
vt 0.09052524 0.17623251
vt 0.28349662 0.09336208
vt 0.16804120 0.13854262
vt 0.25303886 0.21314417
vt 0.01919097 0.04024193
vt 0.18207837 0.10347967
vt 0.20764158 0.14071000
vt 0.15169177 0.23413175
vt 0.11306290 0.15107457
vt 0.21287473 0.18893356
vt 0.26813692 0.15782444
vt 0.17098591 0.02494311
vt 0.04921301 0.02330783
vt 0.01337821 0.14297219
vt 0.18962428 0.19882615
vt 0.22349878 0.18230762
vt 0.05692486 0.23983239
vt 0.01073252 0.10267118
vt 0.06827724 0.25151575
vt 0.19002530 0.20533671
vt 0.00512467 0.08735084
vt 0.21586812 0.16948554
vt 0.06145659 0.07329995
vt 0.05887263 0.23230299
vt 0.17998939 0.09057528
vt 0.06459413 0.22339130
vt 0.19397158 0.14930490
vt 0.16016898 0.05914439
vt 0.14413369 0.07078979
vt 0.14126032 0.11705264
vt 0.12137853 0.23655826
vt 0.18459780 0.01833445
vt 0.26725490 0.03621290
vt 0.05182800 0.13137209
vt 0.29384258 0.01328635
vt 0.05830751 0.18265966
vt 0.07595196 0.19457125
vt 0.20763230 0.04001240
vt 0.08952617 0.04790507
vt 0.82819814 0.08487730
vt 0.82819282 0.07780546
vt 0.82818750 0.07073362
vt 0.82818218 0.06366179
vt 0.82817686 0.05658995
vt 0.82817155 0.04952519
vt 0.82816623 0.04245335
vt 0.82816091 0.03538152
vt 0.82815559 0.02830968
vt 0.82815027 0.02123785
vt 0.82175685 0.01858285
vt 0.81536344 0.01592785
vt 0.80897002 0.01327286
vt 0.80258172 0.01061999
vt 0.79618830 0.00796499
vt 0.78979489 0.00530999
vt 0.78340147 0.00265500
vt 0.77700806 0.00000000
vt 0.77363171 0.00590239
vt 0.77025537 0.01180477
vt 0.76687902 0.01770716
vt 0.76350538 0.02360483
vt 0.76012903 0.02950721
vt 0.75675269 0.03540960
vt 0.75337634 0.04131199
vt 0.75000000 0.04721437
vt 0.75601445 0.05065482
vt 0.76202889 0.05409527
vt 0.76804334 0.05753571
vt 0.77406561 0.06098064
vt 0.78008006 0.06442108
vt 0.78609451 0.06786153
vt 0.79210895 0.07130198
vt 0.79812340 0.07474242
vt 0.80413785 0.07818287
vt 0.81016012 0.08162779
vt 0.81617456 0.08506824
vt 0.82218901 0.08850868
vt 0.82820346 0.09194913
vt 0.79249613 0.04330103
vt 0.75988292 0.03686901
vt 0.79343182 0.05789706
vt 0.77801091 0.00811262
vt 0.81968317 0.03055096
vt 0.82206584 0.04125988
vt 0.81096181 0.03195879
vt 0.77076062 0.01950988
vt 0.81702155 0.04043461
vt 0.80611578 0.03026673
vt 0.81586939 0.08013862
vt 0.81257444 0.07718749
vt 0.80141540 0.03845353
vt 0.77865265 0.01840845
vt 0.81980416 0.03732573
vt 0.77078702 0.05380836
vt 0.78444864 0.04913910
vt 0.78271429 0.00930224
vt 0.77899614 0.05973744
vt 0.77367694 0.05691952
vt 0.82199469 0.04855055
vt 0.79015089 0.02302168
vt 0.82502779 0.08042160
vt 0.82354903 0.06636421
vt 0.79208361 0.06763878
vt 0.76394696 0.03236555
vt 0.81305548 0.04234615
vt 0.76679989 0.04449751
vt 0.76673319 0.02863347
vt 0.82365280 0.06128702
vt 0.82500631 0.05316511
vt 0.80508789 0.01604166
vt 0.78030410 0.00396023
vt 0.80255728 0.06353743
vt 0.78745737 0.03108283
vt 0.81573522 0.03537227
vt 0.81867418 0.04489451
vt 0.82616789 0.03251831
vt 0.76079333 0.04499353
vt 0.78249833 0.05464811
vt 0.78446202 0.02685357
vt 0.77928946 0.02419285
vt 0.76411931 0.04889854
vt 0.81503753 0.04800441
vt 0.77185546 0.04594390
vt 0.82403451 0.08465720
vt 0.78904249 0.05827844
vt 0.77427891 0.02291493
vt 0.78428657 0.06437136
vt 0.76880657 0.02419164
vt 0.80742670 0.05528326
vt 0.79239770 0.04875735
vt 0.79740286 0.01447054
vt 0.76793795 0.05080469
vt 0.80631377 0.03775458
vt 0.78357269 0.06052816
vt 0.81492718 0.02040293
vt 0.77447315 0.05072944
vt 0.76837755 0.03956571
vt 0.78784659 0.05261858
vt 0.81277042 0.07236019
vt 0.80720939 0.06493313
vt 0.82264964 0.07096445
vt 0.77775510 0.05523385
vt 0.82208146 0.03431110
vt 0.82376186 0.04424442
vt 0.81270899 0.06707584
vt 0.82650614 0.03772830
vt 0.81952054 0.02485548
vt 0.81094005 0.03719702
vt 0.80878691 0.02075177
vt 0.77370075 0.01554783
vt 0.81794167 0.07441029
vt 0.82188201 0.05724349
vt 0.80195205 0.03252314
vt 0.80330227 0.02506538
vt 0.79238546 0.05355935
vt 0.80305739 0.07274662
vt 0.77006117 0.03397628
vt 0.77849899 0.04726663
vt 0.78262563 0.04382343
vt 0.79743619 0.07108451
vt 0.78613560 0.03969526
vt 0.82401838 0.03844288
vt 0.82062328 0.07839147
vt 0.81703511 0.05526519
vt 0.81227333 0.05745503
vt 0.78012593 0.03862693
vt 0.79108323 0.01720156
vt 0.79789500 0.05925655
vt 0.79802598 0.06376988
vt 0.75969789 0.04948736
vt 0.79681925 0.03147218
vt 0.77887866 0.02983859
vt 0.80181483 0.01960405
vt 0.79717153 0.04176832
vt 0.80154818 0.06804361
vt 0.82447353 0.07499418
vt 0.79619485 0.02098397
vt 0.79799006 0.02647914
vt 0.76447197 0.03644776
vt 0.78523838 0.05699249
vt 0.81978505 0.05193965
vt 0.80985463 0.02633655
vt 0.78326297 0.03408286
vt 0.79052368 0.03788060
vt 0.82468804 0.02626720
vt 0.77331929 0.03967008
vt 0.81699906 0.06032084
vt 0.76277499 0.04089149
vt 0.77605060 0.03463514
vt 0.80481235 0.05962464
vt 0.82351301 0.03009874
vt 0.82358432 0.02241194
vt 0.78664289 0.00824718
vt 0.80795812 0.07553575
vt 0.81475057 0.02518833
vt 0.78915082 0.06657276
vt 0.81563749 0.03009630
vt 0.80871265 0.04411335
vt 0.77678397 0.00414769
vt 0.79806759 0.04737355
vt 0.78793763 0.04553364
vt 0.77301678 0.02878406
vt 0.80319862 0.04422179
vt 0.75510641 0.04599880
vt 0.81780456 0.06933227
vt 0.77683457 0.04305373
vt 0.80859448 0.04939695
vt 0.79586548 0.06733368
vt 0.81284330 0.05239681
vt 0.78418867 0.01505338
vt 0.77788684 0.01247682
vt 0.81993630 0.08348577
vt 0.75744334 0.04124991
vt 0.80142810 0.05574177
vt 0.79303092 0.06279787
vt 0.78824205 0.06256721
vt 0.81803228 0.06453436
vt 0.79177353 0.03322704
vt 0.80320455 0.05049422
vt 0.79628957 0.03656188
vt 0.79046592 0.01188416
vt 0.77994281 0.05124014
vt 0.78481944 0.02077144
vt 0.81111558 0.06190063
vt 0.79222271 0.02760244
vt 0.79726589 0.05293264
vt 0.80757201 0.06996048
vt 0.82607086 0.04690704
vt 0.57819814 0.08487730
vt 0.57819282 0.07780546
vt 0.57818750 0.07073362
vt 0.57818218 0.06366179
vt 0.57817686 0.05658995
vt 0.57817155 0.04952519
vt 0.57816623 0.04245335
vt 0.57816091 0.03538152
vt 0.57815559 0.02830968
vt 0.57815027 0.02123785
vt 0.57175685 0.01858285
vt 0.56536344 0.01592785
vt 0.55897002 0.01327286
vt 0.55258172 0.01061999
vt 0.54618830 0.00796499
vt 0.53979489 0.00530999
vt 0.53340147 0.00265500
vt 0.52700806 0.00000000
vt 0.52363171 0.00590239
vt 0.52025537 0.01180477
vt 0.51687902 0.01770716
vt 0.51350538 0.02360483
vt 0.51012903 0.02950721
vt 0.50675269 0.03540960
vt 0.50337634 0.04131199
vt 0.50000000 0.04721437
vt 0.50601445 0.05065482
vt 0.51202889 0.05409527
vt 0.51804334 0.05753571
vt 0.52406561 0.06098064
vt 0.53008006 0.06442108
vt 0.53609451 0.06786153
vt 0.54210895 0.07130198
vt 0.54812340 0.07474242
vt 0.55413785 0.07818287
vt 0.56016012 0.08162779
vt 0.56617456 0.08506824
vt 0.57218901 0.08850868
vt 0.57820346 0.09194913
vt 0.55015272 0.04923879
vt 0.53441437 0.06435921
vt 0.54049216 0.02916865
vt 0.56070423 0.04015542
vt 0.56267397 0.01931055
vt 0.57146080 0.03483230
vt 0.53540851 0.03184789
vt 0.55954579 0.05647900
vt 0.51865277 0.02648251
vt 0.56829786 0.03927954
vt 0.54744107 0.01187227
vt 0.51593516 0.03023155
vt 0.55576009 0.04242010
vt 0.54979643 0.04130432
vt 0.56703844 0.02721480
vt 0.54039624 0.04088602
vt 0.55463833 0.03750333
vt 0.51763181 0.03534675
vt 0.53108269 0.03504301
vt 0.57004999 0.06924528
vt 0.52188915 0.01526949
vt 0.54650426 0.06903677
vt 0.56460550 0.05929820
vt 0.56558717 0.06615609
vt 0.54945887 0.01946068
vt 0.53101200 0.02454326
vt 0.54918704 0.06399932
vt 0.53920649 0.05485013
vt 0.53980474 0.02230242
vt 0.55345489 0.02223057
vt 0.52486626 0.02683831
vt 0.54274638 0.01594487
vt 0.54166189 0.05958015
vt 0.56793018 0.07957019
vt 0.56491949 0.05392718
vt 0.53321940 0.01390490
vt 0.52669925 0.05693931
vt 0.54541008 0.03835844
vt 0.51040815 0.04362770
vt 0.52653408 0.05272543
vt 0.52242859 0.05626511
vt 0.54338653 0.06478512
vt 0.57234516 0.07777755
vt 0.56052014 0.04526085
vt 0.54389874 0.05504771
vt 0.52859997 0.00472880
vt 0.55772592 0.06055851
vt 0.55506202 0.03140498
vt 0.51807101 0.02130680
vt 0.56381401 0.04900485
vt 0.55910219 0.03473127
vt 0.52951650 0.04969733
vt 0.54578214 0.04999456
vt 0.52422792 0.01840155
vt 0.50704650 0.04668752
vt 0.51288036 0.04833923
vt 0.53940793 0.04622599
vt 0.53533652 0.01992900
vt 0.53604458 0.05134035
vt 0.54615400 0.03175344
vt 0.55892126 0.01723197
vt 0.53072247 0.05797953
vt 0.55930792 0.05184727
vt 0.52245631 0.05095161
vt 0.53917791 0.06549148
vt 0.57568154 0.08756657
vt 0.52775917 0.01422607
vt 0.55212950 0.04552291
vt 0.54107512 0.03485118
vt 0.54767496 0.01598574
vt 0.53811408 0.01498586
vt 0.55830101 0.02179157
vt 0.55496296 0.07283877
vt 0.52178742 0.03701640
vt 0.51186566 0.03373806
vt 0.52693587 0.02213384
vt 0.51900705 0.05304816
vt 0.52505705 0.04153627
vt 0.57383487 0.05983506
vt 0.53165330 0.05384353
vt 0.56448316 0.07118777
vt 0.52627428 0.03555384
vt 0.56416553 0.03667816
vt 0.57535329 0.03800855
vt 0.56907245 0.06240138
vt 0.53610573 0.00881145
vt 0.55462068 0.01738610
vt 0.53768378 0.06085806
vt 0.54670203 0.05962619
vt 0.55263465 0.05960314
vt 0.56171282 0.03029407
vt 0.56718818 0.03253372
vt 0.52813667 0.06097644
vt 0.52936000 0.04503933
vt 0.57534597 0.03194031
vt 0.55149552 0.06914559
vt 0.56644842 0.04407061
vt 0.54510209 0.04464760
vt 0.52531049 0.01015123
vt 0.54433874 0.02062208
vt 0.53564064 0.02631396
vt 0.53029703 0.04015386
vt 0.55538546 0.06549474
vt 0.52234565 0.03128214
vt 0.57251568 0.04141659
vt 0.56762687 0.07461622
vt 0.53587391 0.03754425
vt 0.56232085 0.02484376
vt 0.51018084 0.03878229
vt 0.56131789 0.06392435
vt 0.51433554 0.03827475
vt 0.56989044 0.05601227
vt 0.57385932 0.06610695
vt 0.55959116 0.06945329
vt 0.55023971 0.03501025
vt 0.54883805 0.02393988
vt 0.53538989 0.05676468
vt 0.56043627 0.07556272
vt 0.57385413 0.07309335
vt 0.54890188 0.05474290
vt 0.53394372 0.04756376
vt 0.51543795 0.05243659
vt 0.56383378 0.07971601
vt 0.54172777 0.01057946
vt 0.53317795 0.06084925
vt 0.53087063 0.00901944
vt 0.55671168 0.02653319
vt 0.55602913 0.04853908
vt 0.51861096 0.04739672
vt 0.56723286 0.02164668
vt 0.53042177 0.01860934
vt 0.52430631 0.04678714
vt 0.55085532 0.02830186
vt 0.55395613 0.05402847
vt 0.57418515 0.05271826
vt 0.53502127 0.04287224
vt 0.54455985 0.02620940
vt 0.55241669 0.01434957
vt 0.51988019 0.04195188
vt 0.50664714 0.04075763
vt 0.57321778 0.04619932
vt 0.52931150 0.02997346
vt 0.57079669 0.08374760
vt 0.56927443 0.04972357
vt 0.57509673 0.08177717
vt 0.57207530 0.02860843
vt 0.54135272 0.05037256
vt 0.57285550 0.02374510
vt 0.51516762 0.04307227
vt 0.52204375 0.02268340
vt 0.75000000 0.34194913
vt 0.75601445 0.33850868
vt 0.76202889 0.33506824
vt 0.76804334 0.33162779
vt 0.77406561 0.32818287
vt 0.78008006 0.32474242
vt 0.78609451 0.32130198
vt 0.79210895 0.31786153
vt 0.79812340 0.31442108
vt 0.80413785 0.31098064
vt 0.81016012 0.30753571
vt 0.81617456 0.30409527
vt 0.82218901 0.30065482
vt 0.82820346 0.29721437
vt 0.82482711 0.29131199
vt 0.82145077 0.28540960
vt 0.81807442 0.27950721
vt 0.81470078 0.27360955
vt 0.81132444 0.26770716
vt 0.80794809 0.26180477
vt 0.80457175 0.25590239
vt 0.80119540 0.25000000
vt 0.79480199 0.25265500
vt 0.78840857 0.25530999
vt 0.78201515 0.25796499
vt 0.77562685 0.26061786
vt 0.76923344 0.26327286
vt 0.76284002 0.26592785
vt 0.75644661 0.26858285
vt 0.75005319 0.27123785
vt 0.75004787 0.27830968
vt 0.75004255 0.28538152
vt 0.75003723 0.29245335
vt 0.75003191 0.29952519
vt 0.75002659 0.30659702
vt 0.75002128 0.31366179
vt 0.75001596 0.32073362
vt 0.75001064 0.32780546
vt 0.75000532 0.33487730
vt 0.75404709 0.33031719
vt 0.80940316 0.27908903
vt 0.79436211 0.31105772
vt 0.78008451 0.27081570
vt 0.79966744 0.30239690
vt 0.78216894 0.31948069
vt 0.75237860 0.30977160
vt 0.77342263 0.27821197
vt 0.75244170 0.32374952
vt 0.81754863 0.28789266
vt 0.75582476 0.27217793
vt 0.78515459 0.28122547
vt 0.77424848 0.27232211
vt 0.79348305 0.26445808
vt 0.77519308 0.30768609
vt 0.77804737 0.31488683
vt 0.76023854 0.32876875
vt 0.81441830 0.27906125
vt 0.75929701 0.31547956
vt 0.79346393 0.27919362
vt 0.80767720 0.28435743
vt 0.81594593 0.29193854
vt 0.77902220 0.27648802
vt 0.77424321 0.30030709
vt 0.78997118 0.26747376
vt 0.75590470 0.32569175
vt 0.75621811 0.27708253
vt 0.76992085 0.30886745
vt 0.78869276 0.28656335
vt 0.79638988 0.25659905
vt 0.76721088 0.28848976
vt 0.75709663 0.29921329
vt 0.81465656 0.28499221
vt 0.78900841 0.29568652
vt 0.76795326 0.27959693
vt 0.75834940 0.33315391
vt 0.80042051 0.29434593
vt 0.76257553 0.29002198
vt 0.75731494 0.29073166
vt 0.80360554 0.26669630
vt 0.79379654 0.26040600
vt 0.79120422 0.30033495
vt 0.78569772 0.30368481
vt 0.77739275 0.29651192
vt 0.76845475 0.26870669
vt 0.75535286 0.31335210
vt 0.76423280 0.27696887
vt 0.76179565 0.28062073
vt 0.81827686 0.29576085
vt 0.78429919 0.29811403
vt 0.78687769 0.31577495
vt 0.79696563 0.27503224
vt 0.75634628 0.30825901
vt 0.75230271 0.27397471
vt 0.76685701 0.29367914
vt 0.77157360 0.30444140
vt 0.78790908 0.26095937
vt 0.76403143 0.31447416
vt 0.79865048 0.25310015
vt 0.75385831 0.28761019
vt 0.77516325 0.29213306
vt 0.80292676 0.28451912
vt 0.79516512 0.29343443
vt 0.81626583 0.29953335
vt 0.79058215 0.28234035
vt 0.75904972 0.28575273
vt 0.80216154 0.29856310
vt 0.78558217 0.27045228
vt 0.77429947 0.26678080
vt 0.81174695 0.28291297
vt 0.76410706 0.28458176
vt 0.76055398 0.30354285
vt 0.78110187 0.29286512
vt 0.79188216 0.25663983
vt 0.76070841 0.27003502
vt 0.79938872 0.28036563
vt 0.80456443 0.27751783
vt 0.78604164 0.29147669
vt 0.80353615 0.26112754
vt 0.79187543 0.29022988
vt 0.79900478 0.30980911
vt 0.80565729 0.30762524
vt 0.77296446 0.31777331
vt 0.76437197 0.32664274
vt 0.78439398 0.26471227
vt 0.79553035 0.30516067
vt 0.79619596 0.26935509
vt 0.77518316 0.31179326
vt 0.80683563 0.27077837
vt 0.75293924 0.27775983
vt 0.75198809 0.33847207
vt 0.76923962 0.28389802
vt 0.79628589 0.29870032
vt 0.79074110 0.30620030
vt 0.79921004 0.25958664
vt 0.81200158 0.29504418
vt 0.81124128 0.30095658
vt 0.76441761 0.27227513
vt 0.80153123 0.28981642
vt 0.76841769 0.30082181
vt 0.81800995 0.28344504
vt 0.76782798 0.31854264
vt 0.76039665 0.30940619
vt 0.77785425 0.28748243
vt 0.80662134 0.29532723
vt 0.75437976 0.29497171
vt 0.75955654 0.32271672
vt 0.82086509 0.29071749
vt 0.78045871 0.30106432
vt 0.77749246 0.32007176
vt 0.80154787 0.27235293
vt 0.80688054 0.30408977
vt 0.77414677 0.28352017
vt 0.76554842 0.30513354
vt 0.77951011 0.28177536
vt 0.78113675 0.30838364
vt 0.76072852 0.29496079
vt 0.79097492 0.27367523
vt 0.75423051 0.33474265
vt 0.78634424 0.30947906
vt 0.76917647 0.27427738
vt 0.78247321 0.31389848
vt 0.75733851 0.28139200
vt 0.79635704 0.28615134
vt 0.75979208 0.27528207
vt 0.78541309 0.27610188
vt 0.76305387 0.31999234
vt 0.80734882 0.29014956
vt 0.82315697 0.29578839
vt 0.76984027 0.31358678
vt 0.77949873 0.26458062
vt 0.77102772 0.29608083
vt 0.81205661 0.28882862
vt 0.76503622 0.30998032
vt 0.76391907 0.29888984
vt 0.80163402 0.30602256
vt 0.75456723 0.30362039
vt 0.76853391 0.32420497
vt 0.75237367 0.31692930
vt 0.80607623 0.30041079
vt 0.79047854 0.31255393
vt 0.81018956 0.27432563
vt 0.79880280 0.26437455
vt 0.77361291 0.32329916
vt 0.80129568 0.25532966
vt 0.77178185 0.28907853
vt 0.77777336 0.30435514
vt 0.75578987 0.31948570
vt 0.75302230 0.28225874
vt 0.78308310 0.28671376
vt 0.50000000 0.34194913
vt 0.50601445 0.33850868
vt 0.51202889 0.33506824
vt 0.51804334 0.33162779
vt 0.52406561 0.32818287
vt 0.53008006 0.32474242
vt 0.53609451 0.32130198
vt 0.54210895 0.31786153
vt 0.54812340 0.31442108
vt 0.55413785 0.31098064
vt 0.56016012 0.30753571
vt 0.56617456 0.30409527
vt 0.57218901 0.30065482
vt 0.57820346 0.29721437
vt 0.57482711 0.29131199
vt 0.57145077 0.28540960
vt 0.56807442 0.27950721
vt 0.56470078 0.27360955
vt 0.56132444 0.26770716
vt 0.55794809 0.26180477
vt 0.55457175 0.25590239
vt 0.55119540 0.25000000
vt 0.54480199 0.25265500
vt 0.53840857 0.25530999
vt 0.53201515 0.25796499
vt 0.52562685 0.26061786
vt 0.51923344 0.26327286
vt 0.51284002 0.26592785
vt 0.50644661 0.26858285
vt 0.50005319 0.27123785
vt 0.50004787 0.27830968
vt 0.50004255 0.28538152
vt 0.50003723 0.29245335
vt 0.50003191 0.29952519
vt 0.50002659 0.30659702
vt 0.50002128 0.31366179
vt 0.50001596 0.32073362
vt 0.50001064 0.32780546
vt 0.50000532 0.33487730
vt 0.54808437 0.28374379
vt 0.55482300 0.28070130
vt 0.54997775 0.30418637
vt 0.51324656 0.31832051
vt 0.54764554 0.26151297
vt 0.51650497 0.28233913
vt 0.54138499 0.27443267
vt 0.54332403 0.31227900
vt 0.52644109 0.32199729
vt 0.53379715 0.28082209
vt 0.54733958 0.29502026
vt 0.50525921 0.27525332
vt 0.53250942 0.26641250
vt 0.56145642 0.27843259
vt 0.52410536 0.29942914
vt 0.52946160 0.31985092
vt 0.50253219 0.33760349
vt 0.50768871 0.33346112
vt 0.55329357 0.26018536
vt 0.55249521 0.29471006
vt 0.50784943 0.31054185
vt 0.54886199 0.26782251
vt 0.52320917 0.31770842
vt 0.51533482 0.28604271
vt 0.55494162 0.30661254
vt 0.51742573 0.31281227
vt 0.53094465 0.30636158
vt 0.52772468 0.26992377
vt 0.51349846 0.29433903
vt 0.54216435 0.29440069
vt 0.54268416 0.25815050
vt 0.52186216 0.27826275
vt 0.54188198 0.28475161
vt 0.52061174 0.28838420
vt 0.53234544 0.27095106
vt 0.51425037 0.27498671
vt 0.53614433 0.29580129
vt 0.50303111 0.33240397
vt 0.50732173 0.31974624
vt 0.50319649 0.32824374
vt 0.56513650 0.29650217
vt 0.56118019 0.28990831
vt 0.53814029 0.26621022
vt 0.54559974 0.30695764
vt 0.53542431 0.30487319
vt 0.53808383 0.29023172
vt 0.55755994 0.28760944
vt 0.55928971 0.27254819
vt 0.52772550 0.31063883
vt 0.53778214 0.31610629
vt 0.51019004 0.32759301
vt 0.52918203 0.27892124
vt 0.52520020 0.30495782
vt 0.51053516 0.28268074
vt 0.53851126 0.28139523
vt 0.50262615 0.29476318
vt 0.55618235 0.29202523
vt 0.52338914 0.28248183
vt 0.51482796 0.29010835
vt 0.50776932 0.30469738
vt 0.51349100 0.30251938
vt 0.55319527 0.28585696
vt 0.51582706 0.32233358
vt 0.53081712 0.29926898
vt 0.51340841 0.30994961
vt 0.51931213 0.29458369
vt 0.53500571 0.28606989
vt 0.55629084 0.30235583
vt 0.52603980 0.28792859
vt 0.52288234 0.32327124
vt 0.50448374 0.29824051
vt 0.51939349 0.32570725
vt 0.51676341 0.26670836
vt 0.53700761 0.27099618
vt 0.52576171 0.29386825
vt 0.51967196 0.27346917
vt 0.51482596 0.32699975
vt 0.51872869 0.30640640
vt 0.51520019 0.27066085
vt 0.52752266 0.31559417
vt 0.56916897 0.29388922
vt 0.51045637 0.27803437
vt 0.53797994 0.27670581
vt 0.50661657 0.32891143
vt 0.51297529 0.33122127
vt 0.50340250 0.32060086
vt 0.50308673 0.31133611
vt 0.53275511 0.31668477
vt 0.52439236 0.27424243
vt 0.53375897 0.27535928
vt 0.50736474 0.29463970
vt 0.54170227 0.27026626
vt 0.54968927 0.27845323
vt 0.53870133 0.26082615
vt 0.56107216 0.29525900
vt 0.55111358 0.27258581
vt 0.50429517 0.30710267
vt 0.51709601 0.27847551
vt 0.50394612 0.28892271
vt 0.55948431 0.28344096
vt 0.53279985 0.32102153
vt 0.52934337 0.28403863
vt 0.54968128 0.30967473
vt 0.51217726 0.29807773
vt 0.54104710 0.30580558
vt 0.56786445 0.29976908
vt 0.55041180 0.25587729
vt 0.50761611 0.31558121
vt 0.54622107 0.27403036
vt 0.55223089 0.26442340
vt 0.54374370 0.27927183
vt 0.56492785 0.28432627
vt 0.55001043 0.28987426
vt 0.54666203 0.25626031
vt 0.50477846 0.28182965
vt 0.51877492 0.31818703
vt 0.53819841 0.31057005
vt 0.54457405 0.28897119
vt 0.50194973 0.32438208
vt 0.56518100 0.29032659
vt 0.50290058 0.30267200
vt 0.51833850 0.30043197
vt 0.51065454 0.32278308
vt 0.50798379 0.30034852
vt 0.56166906 0.30141712
vt 0.52250366 0.31142889
vt 0.56955700 0.28901321
vt 0.51201487 0.31423264
vt 0.50608911 0.32432298
vt 0.55539110 0.27556916
vt 0.51005017 0.27172334
vt 0.52408470 0.26689377
vt 0.50869097 0.28659035
vt 0.53142847 0.29139491
vt 0.53321906 0.31199180
vt 0.57322168 0.29621119
vt 0.54313628 0.26377574
vt 0.54470940 0.26812606
vt 0.54461539 0.30044120
vt 0.51186245 0.30643385
vt 0.53861707 0.30047807
vt 0.50931292 0.29087035
vt 0.55092761 0.29954346
vt 0.52853686 0.26385015
vt 0.50294866 0.31642355
vt 0.55533175 0.26837721
vt 0.52859124 0.27492087
vt 0.53424385 0.26195666
vt 0.52042630 0.26891766
vt 0.55684603 0.29767109
vt 0.51538461 0.80000001
vt 0.53076923 0.80000001
vt 0.54615384 0.80000001
vt 0.56153846 0.80000001
vt 0.57692307 0.80000001
vt 0.59230769 0.80000001
vt 0.60769230 0.80000001
vt 0.62307692 0.80000001
vt 0.63846153 0.80000001
vt 0.65384614 0.80000001
vt 0.65384614 0.77499998
vt 0.65384614 0.75000000
vt 0.63986015 0.75000000
vt 0.62587410 0.75000000
vt 0.61188811 0.75000000
vt 0.59790212 0.75000000
vt 0.58391607 0.75000000
vt 0.56993008 0.75000000
vt 0.55594409 0.75000000
vt 0.54195803 0.75000000
vt 0.52797204 0.75000000
vt 0.51398599 0.75000000
vt 0.50000000 0.75000000
vt 0.50000000 0.77499998
vt 0.50000000 0.80000001
vt 0.58775306 0.77511990
vt 0.63199657 0.77560896
vt 0.60238904 0.77501690
vt 0.56049359 0.78039730
vt 0.50380749 0.76164335
vt 0.57329810 0.77583319
vt 0.61717010 0.77516025
vt 0.55684263 0.76873565
vt 0.54599649 0.77388376
vt 0.64409304 0.77727222
vt 0.75000000 0.80000001
vt 0.76538461 0.80000001
vt 0.78076923 0.80000001
vt 0.79615384 0.80000001
vt 0.81153846 0.80000001
vt 0.82692307 0.80000001
vt 0.84230769 0.80000001
vt 0.85769230 0.80000001
vt 0.87307692 0.80000001
vt 0.88846153 0.80000001
vt 0.90384614 0.80000001
vt 0.90384614 0.77499998
vt 0.90384614 0.75000000
vt 0.88986015 0.75000000
vt 0.87587410 0.75000000
vt 0.86188811 0.75000000
vt 0.84790212 0.75000000
vt 0.83391607 0.75000000
vt 0.81993008 0.75000000
vt 0.80594409 0.75000000
vt 0.79195803 0.75000000
vt 0.77797204 0.75000000
vt 0.76398599 0.75000000
vt 0.75000000 0.75000000
vt 0.75000000 0.77499998
vt 0.87539279 0.77601373
vt 0.88795865 0.77782327
vt 0.83026212 0.77483410
vt 0.88713306 0.76383144
vt 0.86470479 0.78024572
vt 0.85559648 0.76956803
vt 0.81058377 0.77490664
vt 0.89498460 0.77372181
vt 0.76502454 0.77817833
vt 0.84495592 0.77404904
vt 0.50000000 0.50000000
vt 0.50000000 0.52499998
vt 0.50000000 0.55000001
vt 0.51249999 0.55000001
vt 0.52499998 0.55000001
vt 0.53750002 0.55000001
vt 0.55000001 0.55000001
vt 0.56250000 0.55000001
vt 0.57499999 0.55000001
vt 0.58749998 0.55000001
vt 0.60000002 0.55000001
vt 0.61250001 0.55000001
vt 0.62500000 0.55000001
vt 0.63749999 0.55000001
vt 0.64999998 0.55000001
vt 0.66250002 0.55000001
vt 0.67500001 0.55000001
vt 0.68750000 0.55000001
vt 0.69999999 0.55000001
vt 0.71249998 0.55000001
vt 0.72500002 0.55000001
vt 0.73750001 0.55000001
vt 0.75000000 0.55000001
vt 0.75000000 0.52499998
vt 0.75000000 0.50000000
vt 0.73437500 0.50000000
vt 0.71875000 0.50000000
vt 0.70312500 0.50000000
vt 0.68750000 0.50000000
vt 0.67187500 0.50000000
vt 0.65625000 0.50000000
vt 0.64062500 0.50000000
vt 0.62500000 0.50000000
vt 0.60937500 0.50000000
vt 0.59375000 0.50000000
vt 0.57812500 0.50000000
vt 0.56250000 0.50000000
vt 0.54687500 0.50000000
vt 0.53125000 0.50000000
vt 0.51562500 0.50000000
vt 0.67444509 0.52415091
vt 0.61764050 0.53476048
vt 0.66378474 0.51970959
vt 0.57896620 0.53716922
vt 0.53420305 0.52541357
vt 0.64391357 0.53374845
vt 0.69980490 0.52518237
vt 0.65399605 0.52876854
vt 0.57320070 0.52190459
vt 0.58174276 0.52657187
vt 0.60059732 0.52094489
vt 0.72624147 0.52752280
vt 0.60973656 0.52810562
vt 0.61710608 0.51708031
vt 0.68760371 0.52496022
vt 0.56386697 0.52440399
vt 0.62392265 0.52571940
vt 0.59032518 0.52462935
vt 0.63432431 0.52489907
vt 0.64662206 0.51696384
f 1072/1072/1072 886/886/886 765/765/765
f 835/835/835 124/124/124 298/298/298
f 907/907/907 298/298/298 805/805/805
f 729/729/729 491/491/491 773/773/773
f 877/877/877 309/309/309 529/529/529
f 725/725/725 619/619/619 219/219/219
f 462/462/462 124/124/124 835/835/835
f 949/949/949 94/94/94 93/93/93
f 13/13/13 227/227/227 14/14/14
f 665/665/665 230/230/230 421/421/421
f 946/946/946 642/642/642 654/654/654
f 553/553/553 15/15/15 14/14/14
f 167/167/167 994/994/994 625/625/625
f 11/11/11 536/536/536 12/12/12
f 162/162/162 757/757/757 402/402/402
f 638/638/638 432/432/432 159/159/159
f 409/409/409 629/629/629 750/750/750
f 656/656/656 824/824/824 275/275/275
f 1084/1084/1084 402/402/402 1063/1063/1063
f 1084/1084/1084 162/162/162 402/402/402
f 16/16/16 300/300/300 169/169/169
f 704/704/704 582/582/582 312/312/312
f 227/227/227 629/629/629 553/553/553
f 210/210/210 225/225/225 1007/1007/1007
f 1049/1049/1049 936/936/936 451/451/451
f 838/838/838 317/317/317 1103/1103/1103
f 473/473/473 993/993/993 897/897/897
f 629/629/629 312/312/312 553/553/553
f 427/427/427 35/35/35 34/34/34
f 781/781/781 430/430/430 735/735/735
f 186/186/186 622/622/622 597/597/597
f 452/452/452 337/337/337 67/67/67
f 866/866/866 68/68/68 524/524/524
f 304/304/304 1016/1016/1016 385/385/385
f 633/633/633 215/215/215 974/974/974
f 146/146/146 701/701/701 620/620/620
f 473/473/473 540/540/540 993/993/993
f 376/376/376 183/183/183 839/839/839
f 633/633/633 1092/1092/1092 215/215/215
f 313/313/313 863/863/863 496/496/496
f 1044/1044/1044 914/914/914 247/247/247
f 969/969/969 777/777/777 506/506/506
f 494/494/494 813/813/813 991/991/991
f 679/679/679 279/279/279 302/302/302
f 262/262/262 645/645/645 639/639/639
f 302/302/302 909/909/909 417/417/417
f 549/549/549 664/664/664 1076/1076/1076
f 46/46/46 375/375/375 47/47/47
f 417/417/417 909/909/909 554/554/554
f 57/57/57 644/644/644 710/710/710
f 644/644/644 138/138/138 263/263/263
f 387/387/387 54/54/54 330/330/330
f 327/327/327 398/398/398 194/194/194
f 671/671/671 930/930/930 723/723/723
f 1015/1015/1015 1005/1005/1005 748/748/748
f 160/160/160 777/777/777 140/140/140
f 518/518/518 244/244/244 266/266/266
f 793/793/793 687/687/687 339/339/339
f 474/474/474 816/816/816 791/791/791
f 157/157/157 972/972/972 636/636/636
f 626/626/626 108/108/108 464/464/464
f 644/644/644 57/57/57 56/56/56
f 1045/1045/1045 43/43/43 918/918/918
f 1042/1042/1042 603/603/603 367/367/367
f 817/817/817 912/912/912 333/333/333
f 1060/1060/1060 849/849/849 542/542/542
f 445/445/445 1076/1076/1076 528/528/528
f 66/66/66 796/796/796 67/67/67
f 853/853/853 780/780/780 72/72/72
f 272/272/272 603/603/603 1042/1042/1042
f 590/590/590 513/513/513 75/75/75
f 306/306/306 551/551/551 406/406/406
f 1022/1022/1022 1015/1015/1015 1059/1059/1059
f 234/234/234 806/806/806 121/121/121
f 972/972/972 214/214/214 431/431/431
f 843/843/843 1006/1006/1006 979/979/979
f 662/662/662 1093/1093/1093 1087/1087/1087
f 682/682/682 464/464/464 295/295/295
f 83/83/83 143/143/143 84/84/84
f 420/420/420 61/61/61 60/60/60
f 674/674/674 256/256/256 242/242/242
f 1060/1060/1060 924/924/924 294/294/294
f 143/143/143 280/280/280 418/418/418
f 682/682/682 287/287/287 258/258/258
f 662/662/662 1087/1087/1087 690/690/690
f 612/612/612 938/938/938 925/925/925
f 203/203/203 251/251/251 315/315/315
f 973/973/973 363/363/363 500/500/500
f 88/88/88 87/87/87 1026/1026/1026
f 744/744/744 855/855/855 1009/1009/1009
f 1019/1019/1019 96/96/96 291/291/291
f 1046/1046/1046 516/516/516 798/798/798
f 490/490/490 828/828/828 670/670/670
f 825/825/825 1026/1026/1026 913/913/913
f 1095/1095/1095 539/539/539 939/939/939
f 499/499/499 631/631/631 501/501/501
f 386/386/386 810/810/810 285/285/285
f 673/673/673 380/380/380 515/515/515
f 1090/1090/1090 746/746/746 762/762/762
f 681/681/681 380/380/380 668/668/668
f 421/421/421 685/685/685 581/581/581
f 491/491/491 689/689/689 638/638/638
f 503/503/503 1/1/1 728/728/728
f 94/94/94 873/873/873 95/95/95
f 308/308/308 1032/1032/1032 634/634/634
f 354/354/354 748/748/748 707/707/707
f 863/863/863 313/313/313 288/288/288
f 1098/1098/1098 650/650/650 304/304/304
f 653/653/653 623/623/623 119/119/119
f 335/335/335 162/162/162 1084/1084/1084
f 141/141/141 950/950/950 169/169/169
f 907/907/907 658/658/658 835/835/835
f 1088/1088/1088 729/729/729 388/388/388
f 389/389/389 286/286/286 878/878/878
f 1075/1075/1075 525/525/525 154/154/154
f 1101/1101/1101 990/990/990 790/790/790
f 865/865/865 212/212/212 691/691/691
f 669/669/669 209/209/209 659/659/659
f 973/973/973 706/706/706 175/175/175
f 923/923/923 888/888/888 895/895/895
f 884/884/884 274/274/274 321/321/321
f 1033/1033/1033 323/323/323 859/859/859
f 921/921/921 349/349/349 920/920/920
f 622/622/622 434/434/434 267/267/267
f 1091/1091/1091 154/154/154 680/680/680
f 734/734/734 198/198/198 128/128/128
f 998/998/998 478/478/478 399/399/399
f 217/217/217 293/293/293 981/981/981
f 619/619/619 1089/1089/1089 6/6/6
f 623/623/623 562/562/562 119/119/119
f 985/985/985 1015/1015/1015 748/748/748
f 437/437/437 448/448/448 1000/1000/1000
f 288/288/288 313/313/313 563/563/563
f 1014/1014/1014 130/130/130 841/841/841
f 1075/1075/1075 493/493/493 321/321/321
f 933/933/933 490/490/490 572/572/572
f 816/816/816 778/778/778 197/197/197
f 675/675/675 282/282/282 699/699/699
f 870/870/870 264/264/264 260/260/260
f 1069/1069/1069 899/899/899 988/988/988
f 838/838/838 1103/1103/1103 421/421/421
f 272/272/272 609/609/609 383/383/383
f 70/70/70 69/69/69 775/775/775
f 696/696/696 705/705/705 163/163/163
f 1061/1061/1061 920/920/920 654/654/654
f 497/497/497 977/977/977 201/201/201
f 494/494/494 468/468/468 678/678/678
f 862/862/862 312/312/312 629/629/629
f 449/449/449 1085/1085/1085 128/128/128
f 676/676/676 469/469/469 537/537/537
f 872/872/872 224/224/224 345/345/345
f 617/617/617 256/256/256 674/674/674
f 180/180/180 976/976/976 694/694/694
f 169/169/169 300/300/300 422/422/422
f 1089/1089/1089 725/725/725 964/964/964
f 999/999/999 953/953/953 684/684/684
f 266/266/266 57/57/57 710/710/710
f 576/576/576 124/124/124 462/462/462
f 1013/1013/1013 320/320/320 689/689/689
f 756/756/756 896/896/896 862/862/862
f 934/934/934 324/324/324 451/451/451
f 827/827/827 423/423/423 618/618/618
f 889/889/889 415/415/415 360/360/360
f 59/59/59 980/980/980 749/749/749
f 807/807/807 739/739/739 51/51/51
f 56/56/56 138/138/138 644/644/644
f 266/266/266 244/244/244 58/58/58
f 170/170/170 138/138/138 387/387/387
f 902/902/902 391/391/391 653/653/653
f 563/563/563 313/313/313 460/460/460
f 615/615/615 1073/1073/1073 608/608/608
f 687/687/687 391/391/391 137/137/137
f 957/957/957 407/407/407 846/846/846
f 522/522/522 149/149/149 704/704/704
f 118/118/118 667/667/667 715/715/715
f 661/661/661 181/181/181 641/641/641
f 733/733/733 302/302/302 279/279/279
f 861/861/861 175/175/175 706/706/706
f 108/108/108 697/697/697 287/287/287
f 252/252/252 953/953/953 351/351/351
f 997/997/997 801/801/801 468/468/468
f 918/918/918 43/43/43 502/502/502
f 722/722/722 253/253/253 842/842/842
f 627/627/627 135/135/135 305/305/305
f 818/818/818 712/712/712 890/890/890
f 908/908/908 695/695/695 532/532/532
f 814/814/814 534/534/534 823/823/823
f 629/629/629 574/574/574 862/862/862
f 7/7/7 1089/1089/1089 964/964/964
f 810/810/810 552/552/552 217/217/217
f 366/366/366 1036/1036/1036 584/584/584
f 1066/1066/1066 945/945/945 218/218/218
f 828/828/828 933/933/933 1049/1049/1049
f 711/711/711 259/259/259 975/975/975
f 518/518/518 137/137/137 902/902/902
f 950/950/950 141/141/141 625/625/625
f 141/141/141 422/422/422 582/582/582
f 844/844/844 1050/1050/1050 453/453/453
f 492/492/492 786/786/786 419/419/419
f 911/911/911 190/190/190 527/527/527
f 343/343/343 357/357/357 541/541/541
f 583/583/583 532/532/532 695/695/695
f 454/454/454 163/163/163 228/228/228
f 602/602/602 222/222/222 311/311/311
f 1035/1035/1035 943/943/943 700/700/700
f 513/513/513 125/125/125 611/611/611
f 354/354/354 707/707/707 457/457/457
f 661/661/661 852/852/852 892/892/892
f 288/288/288 661/661/661 863/863/863
f 1103/1103/1103 317/317/317 968/968/968
f 338/338/338 728/728/728 105/105/105
f 871/871/871 296/296/296 239/239/239
f 48/48/48 47/47/47 407/407/407
f 86/86/86 336/336/336 87/87/87
f 986/986/986 598/598/598 329/329/329
f 26/26/26 764/764/764 325/325/325
f 1006/1006/1006 864/864/864 819/819/819
f 763/763/763 1070/1070/1070 1001/1001/1001
f 607/607/607 424/424/424 850/850/850
f 1066/1066/1066 413/413/413 945/945/945
f 967/967/967 202/202/202 379/379/379
f 180/180/180 1096/1096/1096 1018/1018/1018
f 363/363/363 973/973/973 175/175/175
f 690/690/690 306/306/306 662/662/662
f 882/882/882 316/316/316 467/467/467
f 300/300/300 15/15/15 553/553/553
f 179/179/179 189/189/189 1082/1082/1082
f 971/971/971 749/749/749 630/630/630
f 48/48/48 957/957/957 168/168/168
f 896/896/896 704/704/704 862/862/862
f 1036/1036/1036 715/715/715 584/584/584
f 51/51/51 1105/1105/1105 52/52/52
f 506/506/506 777/777/777 160/160/160
f 414/414/414 1023/1023/1023 281/281/281
f 611/611/611 551/551/551 513/513/513
f 1015/1015/1015 1022/1022/1022 753/753/753
f 64/64/64 63/63/63 693/693/693
f 983/983/983 829/829/829 929/929/929
f 764/764/764 26/26/26 25/25/25
f 272/272/272 1042/1042/1042 893/893/893
f 679/679/679 869/869/869 578/578/578
f 1098/1098/1098 85/85/85 948/948/948
f 258/258/258 772/772/772 280/280/280
f 813/813/813 563/563/563 991/991/991
f 678/678/678 813/813/813 494/494/494
f 893/893/893 1042/1042/1042 426/426/426
f 347/347/347 971/971/971 630/630/630
f 744/744/744 273/273/273 855/855/855
f 669/669/669 612/612/612 113/113/113
f 891/891/891 527/527/527 530/530/530
f 625/625/625 141/141/141 167/167/167
f 1086/1086/1086 443/443/443 637/637/637
f 487/487/487 1050/1050/1050 254/254/254
f 967/967/967 926/926/926 700/700/700
f 155/155/155 717/717/717 533/533/533
f 858/858/858 990/990/990 1101/1101/1101
f 308/308/308 1097/1097/1097 424/424/424
f 89/89/89 376/376/376 90/90/90
f 257/257/257 1100/1100/1100 150/150/150
f 462/462/462 720/720/720 219/219/219
f 821/821/821 307/307/307 642/642/642
f 958/958/958 520/520/520 981/981/981
f 670/670/670 324/324/324 150/150/150
f 384/384/384 1003/1003/1003 884/884/884
f 507/507/507 325/325/325 204/204/204
f 118/118/118 896/896/896 756/756/756
f 894/894/894 241/241/241 230/230/230
f 1034/1034/1034 800/800/800 790/790/790
f 592/592/592 790/790/790 483/483/483
f 21/21/21 20/20/20 213/213/213
f 994/994/994 167/167/167 594/594/594
f 1091/1091/1091 680/680/680 917/917/917
f 683/683/683 121/121/121 806/806/806
f 454/454/454 1074/1074/1074 1025/1025/1025
f 460/460/460 519/519/519 302/302/302
f 737/737/737 431/431/431 944/944/944
f 1059/1059/1059 1015/1015/1015 985/985/985
f 557/557/557 181/181/181 523/523/523
f 692/692/692 245/245/245 497/497/497
f 1105/1105/1105 330/330/330 52/52/52
f 782/782/782 1030/1030/1030 506/506/506
f 899/899/899 334/334/334 581/581/581
f 746/746/746 404/404/404 762/762/762
f 106/106/106 861/861/861 706/706/706
f 1076/1076/1076 664/664/664 191/191/191
f 182/182/182 469/469/469 651/651/651
f 778/778/778 816/816/816 346/346/346
f 128/128/128 1085/1085/1085 734/734/734
f 227/227/227 13/13/13 750/750/750
f 275/275/275 838/838/838 241/241/241
f 565/565/565 830/830/830 328/328/328
f 434/434/434 270/270/270 271/271/271
f 890/890/890 718/718/718 289/289/289
f 370/370/370 718/718/718 712/712/712
f 883/883/883 242/242/242 164/164/164
f 692/692/692 497/497/497 201/201/201
f 569/569/569 889/889/889 360/360/360
f 500/500/500 256/256/256 273/273/273
f 363/363/363 175/175/175 1054/1054/1054
f 922/922/922 322/322/322 403/403/403
f 575/575/575 1077/1077/1077 788/788/788
f 239/239/239 623/623/623 653/653/653
f 407/407/407 47/47/47 375/375/375
f 540/540/540 663/663/663 555/555/555
f 797/797/797 1034/1034/1034 188/188/188
f 869/869/869 45/45/45 44/44/44
f 749/749/749 60/60/60 59/59/59
f 535/535/535 215/215/215 360/360/360
f 1029/1029/1029 831/831/831 961/961/961
f 1009/1009/1009 595/595/595 923/923/923
f 471/471/471 303/303/303 439/439/439
f 408/408/408 960/960/960 173/173/173
f 278/278/278 512/512/512 130/130/130
f 215/215/215 1092/1092/1092 569/569/569
f 154/154/154 1091/1091/1091 996/996/996
f 353/353/353 470/470/470 446/446/446
f 446/446/446 850/850/850 831/831/831
f 335/335/335 179/179/179 820/820/820
f 625/625/625 1055/1055/1055 950/950/950
f 1058/1058/1058 157/157/157 636/636/636
f 369/369/369 66/66/66 65/65/65
f 435/435/435 660/660/660 392/392/392
f 1012/1012/1012 1094/1094/1094 146/146/146
f 416/416/416 904/904/904 774/774/774
f 267/267/267 434/434/434 271/271/271
f 720/720/720 248/248/248 928/928/928
f 128/128/128 1082/1082/1082 449/449/449
f 203/203/203 106/106/106 786/786/786
f 291/291/291 873/873/873 768/768/768
f 131/131/131 536/536/536 11/11/11
f 1027/1027/1027 372/372/372 355/355/355
f 922/922/922 478/478/478 495/495/495
f 499/499/499 848/848/848 480/480/480
f 568/568/568 340/340/340 152/152/152
f 915/915/915 19/19/19 18/18/18
f 839/839/839 91/91/91 90/90/90
f 319/319/319 206/206/206 401/401/401
f 776/776/776 841/841/841 130/130/130
f 116/116/116 727/727/727 408/408/408
f 287/287/287 772/772/772 258/258/258
f 123/123/123 785/785/785 345/345/345
f 1094/1094/1094 527/527/527 856/856/856
f 774/774/774 204/204/204 325/325/325
f 967/967/967 364/364/364 358/358/358
f 435/435/435 479/479/479 466/466/466
f 587/587/587 199/199/199 318/318/318
f 538/538/538 133/133/133 184/184/184
f 977/977/977 888/888/888 201/201/201
f 147/147/147 1056/1056/1056 484/484/484
f 163/163/163 1025/1025/1025 826/826/826
f 443/443/443 881/881/881 571/571/571
f 667/667/667 935/935/935 894/894/894
f 576/576/576 462/462/462 219/219/219
f 590/590/590 75/75/75 74/74/74
f 1022/1022/1022 405/405/405 383/383/383
f 880/880/880 743/743/743 229/229/229
f 439/439/439 303/303/303 294/294/294
f 465/465/465 848/848/848 134/134/134
f 655/655/655 396/396/396 276/276/276
f 117/117/117 29/29/29 28/28/28
f 130/130/130 512/512/512 1064/1064/1064
f 1043/1043/1043 598/598/598 659/659/659
f 1078/1078/1078 688/688/688 185/185/185
f 715/715/715 455/455/455 810/810/810
f 195/195/195 1061/1061/1061 875/875/875
f 417/417/417 207/207/207 614/614/614
f 259/259/259 711/711/711 903/903/903
f 381/381/381 652/652/652 248/248/248
f 540/540/540 1064/1064/1064 663/663/663
f 182/182/182 651/651/651 496/496/496
f 482/482/482 158/158/158 277/277/277
f 398/398/398 589/589/589 205/205/205
f 1065/1065/1065 1000/1000/1000 297/297/297
f 987/987/987 395/395/395 952/952/952
f 672/672/672 824/824/824 476/476/476
f 411/411/411 616/616/616 250/250/250
f 744/744/744 508/508/508 736/736/736
f 1058/1058/1058 636/636/636 761/761/761
f 583/583/583 172/172/172 532/532/532
f 695/695/695 784/784/784 583/583/583
f 695/695/695 488/488/488 784/784/784
f 550/550/550 441/441/441 346/346/346
f 721/721/721 615/615/615 897/897/897
f 920/920/920 349/349/349 654/654/654
f 1019/1019/1019 934/934/934 451/451/451
f 592/592/592 265/265/265 1034/1034/1034
f 1092/1092/1092 596/596/596 917/917/917
f 377/377/377 963/963/963 773/773/773
f 3/3/3 298/298/298 4/4/4
f 931/931/931 249/249/249 677/677/677
f 953/953/953 887/887/887 351/351/351
f 471/471/471 454/454/454 228/228/228
f 682/682/682 585/585/585 82/82/82
f 1050/1050/1050 942/942/942 955/955/955
f 921/921/921 792/792/792 647/647/647
f 244/244/244 980/980/980 59/59/59
f 562/562/562 760/760/760 119/119/119
f 120/120/120 814/814/814 823/823/823
f 722/722/722 549/549/549 489/489/489
f 955/955/955 1073/1073/1073 615/615/615
f 515/515/515 933/933/933 572/572/572
f 1009/1009/1009 855/855/855 595/595/595
f 418/418/418 1098/1098/1098 948/948/948
f 88/88/88 825/825/825 89/89/89
f 882/882/882 591/591/591 113/113/113
f 1098/1098/1098 86/86/86 85/85/85
f 374/374/374 254/254/254 955/955/955
f 927/927/927 567/567/567 650/650/650
f 900/900/900 77/77/77 171/171/171
f 333/333/333 912/912/912 444/444/444
f 943/943/943 941/941/941 698/698/698
f 956/956/956 803/803/803 635/635/635
f 1010/1010/1010 80/80/80 79/79/79
f 261/261/261 245/245/245 709/709/709
f 767/767/767 310/310/310 970/970/970
f 703/703/703 502/502/502 42/42/42
f 138/138/138 56/56/56 55/55/55
f 136/136/136 263/263/263 339/339/339
f 205/205/205 50/50/50 1002/1002/1002
f 389/389/389 878/878/878 1083/1083/1083
f 690/690/690 1087/1087/1087 171/171/171
f 541/541/541 357/357/357 440/440/440
f 990/990/990 858/858/858 606/606/606
f 1028/1028/1028 787/787/787 969/969/969
f 330/330/330 53/53/53 52/52/52
f 121/121/121 683/683/683 359/359/359
f 289/289/289 200/200/200 274/274/274
f 95/95/95 873/873/873 291/291/291
f 316/316/316 616/616/616 411/411/411
f 535/535/535 558/558/558 947/947/947
f 482/482/482 834/834/834 158/158/158
f 766/766/766 430/430/430 348/348/348
f 427/427/427 1047/1047/1047 35/35/35
f 399/399/399 1053/1053/1053 998/998/998
f 766/766/766 29/29/29 117/117/117
f 63/63/63 107/107/107 367/367/367
f 570/570/570 1058/1058/1058 635/635/635
f 450/450/450 873/873/873 949/949/949
f 982/982/982 567/567/567 612/612/612
f 701/701/701 116/116/116 627/627/627
f 473/473/473 776/776/776 1064/1064/1064
f 582/582/582 149/149/149 167/167/167
f 1046/1046/1046 657/657/657 1040/1040/1040
f 964/964/964 910/910/910 8/8/8
f 843/843/843 946/946/946 731/731/731
f 188/188/188 947/947/947 797/797/797
f 211/211/211 806/806/806 234/234/234
f 1073/1073/1073 942/942/942 976/976/976
f 1031/1031/1031 812/812/812 649/649/649
f 1099/1099/1099 559/559/559 1071/1071/1071
f 1057/1057/1057 1047/1047/1047 353/353/353
f 1060/1060/1060 303/303/303 111/111/111
f 948/948/948 143/143/143 418/418/418
f 1004/1004/1004 690/690/690 171/171/171
f 697/697/697 108/108/108 648/648/648
f 174/174/174 229/229/229 1099/1099/1099
f 570/570/570 524/524/524 354/354/354
f 682/682/682 81/81/81 464/464/464
f 1102/1102/1102 394/394/394 1056/1056/1056
f 875/875/875 642/642/642 382/382/382
f 556/556/556 432/432/432 907/907/907
f 998/998/998 856/856/856 891/891/891
f 584/584/584 981/981/981 366/366/366
f 329/329/329 674/674/674 986/986/986
f 861/861/861 106/106/106 315/315/315
f 972/972/972 737/737/737 166/166/166
f 467/467/467 390/390/390 882/882/882
f 1097/1097/1097 265/265/265 212/212/212
f 885/885/885 676/676/676 511/511/511
f 588/588/588 278/278/278 130/130/130
f 440/440/440 686/686/686 206/206/206
f 42/42/42 502/502/502 43/43/43
f 1030/1030/1030 671/671/671 1028/1028/1028
f 447/447/447 257/257/257 768/768/768
f 150/150/150 1100/1100/1100 547/547/547
f 575/575/575 759/759/759 492/492/492
f 539/539/539 195/195/195 877/877/877
f 1082/1082/1082 340/340/340 179/179/179
f 574/574/574 476/476/476 824/824/824
f 280/280/280 250/250/250 927/927/927
f 677/677/677 815/815/815 120/120/120
f 280/280/280 772/772/772 250/250/250
f 260/260/260 264/264/264 1023/1023/1023
f 176/176/176 651/651/651 885/885/885
f 1030/1030/1030 262/262/262 671/671/671
f 505/505/505 296/296/296 297/297/297
f 294/294/294 147/147/147 439/439/439
f 1033/1033/1033 529/529/529 867/867/867
f 124/124/124 5/5/5 4/4/4
f 434/434/434 220/220/220 270/270/270
f 892/892/892 523/523/523 181/181/181
f 449/449/449 189/189/189 20/20/20
f 275/275/275 148/148/148 187/187/187
f 441/441/441 580/580/580 472/472/472
f 286/286/286 926/926/926 358/358/358
f 991/991/991 563/563/563 460/460/460
f 974/974/974 144/144/144 633/633/633
f 111/111/111 849/849/849 1060/1060/1060
f 155/155/155 252/252/252 717/717/717
f 228/228/228 1020/1020/1020 303/303/303
f 492/492/492 759/759/759 786/786/786
f 783/783/783 238/238/238 708/708/708
f 1075/1075/1075 154/154/154 332/332/332
f 431/431/431 737/737/737 972/972/972
f 125/125/125 513/513/513 590/590/590
f 1006/1006/1006 600/600/600 438/438/438
f 608/608/608 222/222/222 829/829/829
f 880/880/880 794/794/794 580/580/580
f 446/446/446 144/144/144 850/850/850
f 754/754/754 1078/1078/1078 185/185/185
f 10/10/10 131/131/131 11/11/11
f 533/533/533 151/151/151 474/474/474
f 392/392/392 660/660/660 208/208/208
f 235/235/235 640/640/640 461/461/461
f 977/977/977 261/261/261 1018/1018/1018
f 932/932/932 536/536/536 409/409/409
f 978/978/978 116/116/116 146/146/146
f 676/676/676 537/537/537 437/437/437
f 112/112/112 641/641/641 410/410/410
f 560/560/560 1082/1082/1082 128/128/128
f 809/809/809 402/402/402 416/416/416
f 934/934/934 291/291/291 768/768/768
f 257/257/257 447/447/447 1100/1100/1100
f 697/697/697 772/772/772 287/287/287
f 1083/1083/1083 878/878/878 510/510/510
f 1008/1008/1008 148/148/148 672/672/672
f 236/236/236 465/465/465 134/134/134
f 368/368/368 465/465/465 236/236/236
f 1069/1069/1069 988/988/988 458/458/458
f 401/401/401 646/646/646 352/352/352
f 826/826/826 456/456/456 791/791/791
f 1040/1040/1040 115/115/115 624/624/624
f 320/320/320 1040/1040/1040 624/624/624
f 322/322/322 530/530/530 735/735/735
f 1062/1062/1062 270/270/270 384/384/384
f 190/190/190 530/530/530 527/527/527
f 561/561/561 361/361/361 234/234/234
f 638/638/638 624/624/624 752/752/752
f 584/584/584 715/715/715 810/810/810
f 901/901/901 254/254/254 754/754/754
f 96/96/96 1019/1019/1019 371/371/371
f 216/216/216 25/25/25 24/24/24
f 856/856/856 727/727/727 978/978/978
f 3/3/3 1072/1072/1072 765/765/765
f 1051/1051/1051 372/372/372 1027/1027/1027
f 1002/1002/1002 50/50/50 49/49/49
f 50/50/50 205/205/205 807/807/807
f 552/552/552 810/810/810 386/386/386
f 566/566/566 190/190/190 220/220/220
f 640/640/640 795/795/795 161/161/161
f 228/228/228 1083/1083/1083 1020/1020/1020
f 327/327/327 739/739/739 589/589/589
f 716/716/716 140/140/140 777/777/777
f 331/331/331 643/643/643 834/834/834
f 331/331/331 703/703/703 269/269/269
f 622/622/622 186/186/186 434/434/434
f 210/210/210 378/378/378 732/732/732
f 410/410/410 174/174/174 112/112/112
f 563/563/563 813/813/813 142/142/142
f 857/857/857 601/601/601 233/233/233
f 638/638/638 159/159/159 491/491/491
f 22/22/22 738/738/738 833/833/833
f 715/715/715 896/896/896 118/118/118
f 393/393/393 329/329/329 475/475/475
f 973/973/973 273/273/273 744/744/744
f 796/796/796 66/66/66 369/369/369
f 120/120/120 823/823/823 677/677/677
f 1041/1041/1041 773/773/773 556/556/556
f 805/805/805 1041/1041/1041 556/556/556
f 1002/1002/1002 723/723/723 205/205/205
f 55/55/55 54/54/54 387/387/387
f 449/449/449 915/915/915 1085/1085/1085
f 179/179/179 335/335/335 221/221/221
f 324/324/324 257/257/257 150/150/150
f 517/517/517 965/965/965 919/919/919
f 954/954/954 919/919/919 490/490/490
f 1077/1077/1077 1096/1096/1096 428/428/428
f 841/841/841 1039/1039/1039 983/983/983
f 1083/1083/1083 510/510/510 1020/1020/1020
f 462/462/462 658/658/658 720/720/720
f 933/933/933 828/828/828 490/490/490
f 1079/1079/1079 260/260/260 962/962/962
f 893/893/893 489/489/489 272/272/272
f 247/247/247 914/914/914 865/865/865
f 767/767/767 912/912/912 127/127/127
f 971/971/971 488/488/488 177/177/177
f 980/980/980 518/518/518 902/902/902
f 384/384/384 1012/1012/1012 1003/1003/1003
f 904/904/904 478/478/478 774/774/774
f 1006/1006/1006 819/819/819 979/979/979
f 618/618/618 429/429/429 827/827/827
f 185/185/185 429/429/429 349/349/349
f 615/615/615 721/721/721 374/374/374
f 559/559/559 533/533/533 717/717/717
f 559/559/559 743/743/743 533/533/533
f 769/769/769 1047/1047/1047 868/868/868
f 868/868/868 1047/1047/1047 427/427/427
f 890/890/890 274/274/274 818/818/818
f 36/36/36 1057/1057/1057 610/610/610
f 65/65/65 64/64/64 799/799/799
f 603/603/603 383/383/383 405/405/405
f 377/377/377 836/836/836 963/963/963
f 529/529/529 309/309/309 867/867/867
f 292/292/292 647/647/647 754/754/754
f 952/952/952 552/552/552 987/987/987
f 238/238/238 135/135/135 109/109/109
f 713/713/713 459/459/459 605/605/605
f 1043/1043/1043 461/461/461 598/598/598
f 197/197/197 1037/1037/1037 826/826/826
f 427/427/427 34/34/34 211/211/211
f 378/378/378 1053/1053/1053 399/399/399
f 208/208/208 660/660/660 415/415/415
f 1091/1091/1091 361/361/361 996/996/996
f 620/620/620 818/818/818 1003/1003/1003
f 790/790/790 592/592/592 1034/1034/1034
f 993/993/993 540/540/540 827/827/827
f 668/668/668 380/380/380 516/516/516
f 585/585/585 280/280/280 143/143/143
f 209/209/209 232/232/232 114/114/114
f 882/882/882 232/232/232 591/591/591
f 114/114/114 232/232/232 196/196/196
f 635/635/635 1058/1058/1058 628/628/628
f 79/79/79 1024/1024/1024 1010/1010/1010
f 1053/1053/1053 408/408/408 727/727/727
f 305/305/305 278/278/278 627/627/627
f 457/457/457 1058/1058/1058 570/570/570
f 808/808/808 583/583/583 784/784/784
f 199/199/199 455/455/455 667/667/667
f 565/565/565 802/802/802 501/501/501
f 283/283/283 485/485/485 108/108/108
f 866/866/866 775/775/775 69/69/69
f 520/520/520 832/832/832 366/366/366
f 374/374/374 721/721/721 1078/1078/1078
f 463/463/463 1052/1052/1052 702/702/702
f 463/463/463 150/150/150 547/547/547
f 867/867/867 857/857/857 1021/1021/1021
f 836/836/836 104/104/104 860/860/860
f 645/645/645 959/959/959 1065/1065/1065
f 1071/1071/1071 559/559/559 717/717/717
f 1003/1003/1003 818/818/818 274/274/274
f 130/130/130 1014/1014/1014 588/588/588
f 918/918/918 502/502/502 811/811/811
f 129/129/129 815/815/815 253/253/253
f 945/945/945 413/413/413 543/543/543
f 447/447/447 873/873/873 450/450/450
f 837/837/837 860/860/860 103/103/103
f 805/805/805 886/886/886 326/326/326
f 522/522/522 366/366/366 149/149/149
f 560/560/560 152/152/152 340/340/340
f 466/466/466 479/479/479 397/397/397
f 1083/1083/1083 705/705/705 389/389/389
f 1088/1088/1088 355/355/355 372/372/372
f 1039/1039/1039 841/841/841 776/776/776
f 848/848/848 802/802/802 134/134/134
f 665/665/665 334/334/334 236/236/236
f 355/355/355 837/837/837 102/102/102
f 115/115/115 529/529/529 1033/1033/1033
f 457/457/457 157/157/157 1058/1058/1058
f 107/107/107 63/63/63 62/62/62
f 135/135/135 627/627/627 173/173/173
f 983/983/983 608/608/608 829/829/829
f 304/304/304 385/385/385 336/336/336
f 114/114/114 1043/1043/1043 209/209/209
f 725/725/725 655/655/655 110/110/110
f 362/362/362 501/501/501 631/631/631
f 194/194/194 930/930/930 898/898/898
f 263/263/263 1080/1080/1080 194/194/194
f 867/867/867 309/309/309 601/601/601
f 963/963/963 729/729/729 773/773/773
f 245/245/245 261/261/261 497/497/497
f 755/755/755 795/795/795 640/640/640
f 1024/1024/1024 78/78/78 900/900/900
f 224/224/224 944/944/944 548/548/548
f 760/760/760 814/814/814 784/784/784
f 716/716/716 375/375/375 46/46/46
f 634/634/634 265/265/265 308/308/308
f 223/223/223 718/718/718 370/370/370
f 613/613/613 1035/1035/1035 926/926/926
f 546/546/546 771/771/771 595/595/595
f 970/970/970 989/989/989 975/975/975
f 379/379/379 139/139/139 364/364/364
f 731/731/731 946/946/946 654/654/654
f 28/28/28 507/507/507 403/403/403
f 115/115/115 657/657/657 529/529/529
f 1072/1072/1072 503/503/503 886/886/886
f 770/770/770 605/605/605 579/579/579
f 558/558/558 535/535/535 360/360/360
f 279/279/279 997/997/997 733/733/733
f 43/43/43 1045/1045/1045 44/44/44
f 270/270/270 190/190/190 911/911/911
f 663/663/663 512/512/512 305/305/305
f 633/633/633 596/596/596 1092/1092/1092
f 496/496/496 863/863/863 112/112/112
f 440/440/440 357/357/357 686/686/686
f 868/868/868 427/427/427 211/211/211
f 915/915/915 449/449/449 19/19/19
f 378/378/378 757/757/757 732/732/732
f 481/481/481 314/314/314 732/732/732
f 225/225/225 732/732/732 314/314/314
f 98/98/98 97/97/97 404/404/404
f 642/642/642 1061/1061/1061 654/654/654
f 1059/1059/1059 985/985/985 796/796/796
f 532/532/532 426/426/426 908/908/908
f 337/337/337 524/524/524 68/68/68
f 590/590/590 780/780/780 125/125/125
f 863/863/863 641/641/641 112/112/112
f 614/614/614 290/290/290 679/679/679
f 270/270/270 1062/1062/1062 271/271/271
f 708/708/708 238/238/238 109/109/109
f 832/832/832 167/167/167 149/149/149
f 932/932/932 13/13/13 12/12/12
f 389/389/389 705/705/705 719/719/719
f 252/252/252 155/155/155 477/477/477
f 1102/1102/1102 1056/1056/1056 147/147/147
f 510/510/510 390/390/390 467/467/467
f 1028/1028/1028 671/671/671 787/787/787
f 659/659/659 986/986/986 938/938/938
f 938/938/938 669/669/669 659/659/659
f 164/164/164 268/268/268 883/883/883
f 603/603/603 272/272/272 383/383/383
f 1093/1093/1093 662/662/662 962/962/962
f 558/558/558 466/466/466 947/947/947
f 797/797/797 947/947/947 937/937/937
f 340/340/340 1082/1082/1082 560/560/560
f 1063/1063/1063 402/402/402 809/809/809
f 918/918/918 578/578/578 1045/1045/1045
f 599/599/599 437/437/437 537/537/537
f 84/84/84 143/143/143 948/948/948
f 1026/1026/1026 87/87/87 336/336/336
f 825/825/825 913/913/913 526/526/526
f 612/612/612 669/669/669 938/938/938
f 62/62/62 243/243/243 107/107/107
f 687/687/687 137/137/137 710/710/710
f 928/928/928 248/248/248 458/458/458
f 553/553/553 14/14/14 227/227/227
f 184/184/184 910/910/910 905/905/905
f 520/520/520 366/366/366 981/981/981
f 307/307/307 465/465/465 368/368/368
f 600/600/600 843/843/843 731/731/731
f 299/299/299 1101/1101/1101 800/800/800
f 852/852/852 1070/1070/1070 763/763/763
f 913/913/913 514/514/514 883/883/883
f 218/218/218 183/183/183 822/822/822
f 518/518/518 266/266/266 137/137/137
f 684/684/684 931/931/931 677/677/677
f 781/781/781 597/597/597 751/751/751
f 1048/1048/1048 441/441/441 472/472/472
f 1011/1011/1011 829/829/829 602/602/602
f 357/357/357 579/579/579 459/459/459
f 979/979/979 819/819/819 631/631/631
f 374/374/374 1078/1078/1078 254/254/254
f 922/922/922 507/507/507 204/204/204
f 361/361/361 1091/1091/1091 868/868/868
f 693/693/693 63/63/63 367/367/367
f 214/214/214 192/192/192 431/431/431
f 1051/1051/1051 740/740/740 681/681/681
f 1021/1021/1021 857/857/857 899/899/899
f 989/989/989 310/310/310 479/479/479
f 713/713/713 435/435/435 392/392/392
f 561/561/561 267/267/267 845/845/845
f 186/186/186 220/220/220 434/434/434
f 1034/1034/1034 634/634/634 188/188/188
f 392/392/392 208/208/208 206/206/206
f 872/872/872 484/484/484 224/224/224
f 528/528/528 345/345/345 548/548/548
f 957/957/957 846/846/846 969/969/969
f 931/931/931 916/916/916 249/249/249
f 465/465/465 480/480/480 848/848/848
f 812/812/812 718/718/718 223/223/223
f 956/956/956 775/775/775 803/803/803
f 365/365/365 485/485/485 264/264/264
f 978/978/978 146/146/146 1094/1094/1094
f 319/319/319 1031/1031/1031 440/440/440
f 444/444/444 912/912/912 903/903/903
f 1037/1037/1037 696/696/696 826/826/826
f 426/426/426 1042/1042/1042 367/367/367
f 444/444/444 433/433/433 698/698/698
f 1012/1012/1012 620/620/620 1003/1003/1003
f 546/546/546 393/393/393 475/475/475
f 711/711/711 975/975/975 637/637/637
f 193/193/193 1101/1101/1101 299/299/299
f 796/796/796 452/452/452 67/67/67
f 76/76/76 513/513/513 1004/1004/1004
f 269/269/269 41/41/41 643/643/643
f 29/29/29 766/766/766 30/30/30
f 106/106/106 706/706/706 419/419/419
f 291/291/291 934/934/934 1019/1019/1019
f 521/521/521 346/346/346 441/441/441
f 793/793/793 391/391/391 687/687/687
f 862/862/862 574/574/574 756/756/756
f 732/732/732 757/757/757 481/481/481
f 91/91/91 839/839/839 621/621/621
f 822/822/822 1054/1054/1054 175/175/175
f 759/759/759 575/575/575 876/876/876
f 876/876/876 575/575/575 788/788/788
f 412/412/412 191/191/191 842/842/842
f 243/243/243 908/908/908 107/107/107
f 876/876/876 178/178/178 153/153/153
f 788/788/788 428/428/428 694/694/694
f 874/874/874 573/573/573 498/498/498
f 414/414/414 789/789/789 1024/1024/1024
f 821/821/821 480/480/480 465/465/465
f 964/964/964 905/905/905 910/910/910
f 811/811/811 801/801/801 997/997/997
f 439/439/439 484/484/484 872/872/872
f 68/68/68 866/866/866 69/69/69
f 944/944/944 431/431/431 548/548/548
f 6/6/6 1089/1089/1089 7/7/7
f 619/619/619 725/725/725 1089/1089/1089
f 1077/1077/1077 741/741/741 895/895/895
f 479/479/479 995/995/995 989/989/989
f 557/557/557 847/847/847 226/226/226
f 506/506/506 207/207/207 782/782/782
f 575/575/575 741/741/741 1077/1077/1077
f 881/881/881 692/692/692 156/156/156
f 838/838/838 421/421/421 230/230/230
f 531/531/531 102/102/102 101/101/101
f 929/929/929 879/879/879 223/223/223
f 726/726/726 821/821/821 946/946/946
f 1010/1010/1010 1024/1024/1024 789/789/789
f 108/108/108 626/626/626 283/283/283
f 98/98/98 404/404/404 746/746/746
f 504/504/504 225/225/225 314/314/314
f 880/880/880 550/550/550 743/743/743
f 571/571/571 742/742/742 498/498/498
f 1017/1017/1017 924/924/924 442/442/442
f 255/255/255 982/982/982 925/925/925
f 502/502/502 801/801/801 811/811/811
f 400/400/400 482/482/482 277/277/277
f 263/263/263 898/898/898 339/339/339
f 1065/1065/1065 959/959/959 511/511/511
f 331/331/331 834/834/834 1044/1044/1044
f 36/36/36 35/35/35 1057/1057/1057
f 669/669/669 591/591/591 209/209/209
f 609/609/609 489/489/489 549/549/549
f 700/700/700 698/698/698 433/433/433
f 970/970/970 259/259/259 767/767/767
f 343/343/343 879/879/879 851/851/851
f 854/854/854 745/745/745 1031/1031/1031
f 648/648/648 108/108/108 485/485/485
f 916/916/916 373/373/373 804/804/804
f 294/294/294 924/924/924 840/840/840
f 1026/1026/1026 514/514/514 913/913/913
f 899/899/899 857/857/857 334/334/334
f 12/12/12 536/536/536 932/932/932
f 887/887/887 509/509/509 448/448/448
f 887/887/887 953/953/953 999/999/999
f 735/735/735 530/530/530 566/566/566
f 904/904/904 399/399/399 478/478/478
f 460/460/460 302/302/302 733/733/733
f 580/580/580 441/441/441 550/550/550
f 233/233/233 368/368/368 857/857/857
f 935/935/935 118/118/118 656/656/656
f 1091/1091/1091 769/769/769 868/868/868
f 384/384/384 884/884/884 1062/1062/1062
f 1097/1097/1097 212/212/212 730/730/730
f 41/41/41 40/40/40 643/643/643
f 813/813/813 604/604/604 852/852/852
f 308/308/308 265/265/265 1097/1097/1097
f 394/394/394 737/737/737 1056/1056/1056
f 488/488/488 119/119/119 760/760/760
f 878/878/878 286/286/286 196/196/196
f 962/962/962 1023/1023/1023 1093/1093/1093
f 589/589/589 807/807/807 205/205/205
f 534/534/534 296/296/296 509/509/509
f 702/702/702 992/992/992 954/954/954
f 178/178/178 876/876/876 666/666/666
f 1056/1056/1056 944/944/944 484/484/484
f 282/282/282 785/785/785 123/123/123
f 916/916/916 804/804/804 412/412/412
f 816/816/816 474/474/474 151/151/151
f 463/463/463 153/153/153 1052/1052/1052
f 877/877/877 195/195/195 875/875/875
f 388/388/388 837/837/837 355/355/355
f 728/728/728 886/886/886 503/503/503
f 423/423/423 827/827/827 540/540/540
f 620/620/620 701/701/701 593/593/593
f 597/597/597 586/586/586 751/751/751
f 325/325/325 416/416/416 774/774/774
f 410/410/410 641/641/641 794/794/794
f 331/331/331 1044/1044/1044 468/468/468
f 186/186/186 781/781/781 220/220/220
f 904/904/904 402/402/402 757/757/757
f 277/277/277 961/961/961 400/400/400
f 599/599/599 448/448/448 437/437/437
f 440/440/440 649/649/649 541/541/541
f 618/618/618 423/423/423 438/438/438
f 358/358/358 926/926/926 967/967/967
f 874/874/874 433/433/433 573/573/573
f 939/939/939 798/798/798 673/673/673
f 285/285/285 199/199/199 587/587/587
f 883/883/883 514/514/514 385/385/385
f 699/699/699 191/191/191 412/412/412
f 838/838/838 187/187/187 317/317/317
f 368/368/368 236/236/236 334/334/334
f 892/892/892 852/852/852 763/763/763
f 562/562/562 814/814/814 760/760/760
f 728/728/728 338/338/338 326/326/326
f 1090/1090/1090 1049/1049/1049 515/515/515
f 1007/1007/1007 724/724/724 960/960/960
f 109/109/109 356/356/356 708/708/708
f 749/749/749 420/420/420 60/60/60
f 871/871/871 639/639/639 297/297/297
f 869/869/869 679/679/679 290/290/290
f 437/437/437 1000/1000/1000 511/511/511
f 566/566/566 781/781/781 735/735/735
f 735/735/735 117/117/117 322/322/322
f 113/113/113 591/591/591 669/669/669
f 1026/1026/1026 825/825/825 88/88/88
f 488/488/488 971/971/971 347/347/347
f 1099/1099/1099 229/229/229 559/559/559
f 626/626/626 464/464/464 564/564/564
f 1017/1017/1017 840/840/840 924/924/924
f 578/578/578 811/811/811 279/279/279
f 747/747/747 1071/1071/1071 351/351/351
f 1014/1014/1014 983/983/983 370/370/370
f 960/960/960 135/135/135 173/173/173
f 761/761/761 636/636/636 231/231/231
f 780/780/780 73/73/73 72/72/72
f 925/925/925 674/674/674 242/242/242
f 822/822/822 1066/1066/1066 218/218/218
f 487/487/487 342/342/342 453/453/453
f 209/209/209 591/591/591 232/232/232
f 230/230/230 665/665/665 318/318/318
f 859/859/859 323/323/323 652/652/652
f 934/934/934 257/257/257 324/324/324
f 1050/1050/1050 955/955/955 254/254/254
f 902/902/902 137/137/137 391/391/391
f 1045/1045/1045 578/578/578 869/869/869
f 1000/1000/1000 505/505/505 297/297/297
f 679/679/679 417/417/417 614/614/614
f 864/864/864 238/238/238 783/783/783
f 764/764/764 416/416/416 325/325/325
f 804/804/804 699/699/699 412/412/412
f 496/496/496 651/651/651 176/176/176
f 167/167/167 832/832/832 594/594/594
f 221/221/221 335/335/335 738/738/738
f 614/614/614 140/140/140 290/290/290
f 1001/1001/1001 990/990/990 763/763/763
f 1022/1022/1022 383/383/383 609/609/609
f 1059/1059/1059 369/369/369 405/405/405
f 735/735/735 430/430/430 766/766/766
f 889/889/889 525/525/525 646/646/646
f 543/543/543 425/425/425 945/945/945
f 376/376/376 839/839/839 90/90/90
f 593/593/593 701/701/701 278/278/278
f 27/27/27 325/325/325 507/507/507
f 71/71/71 956/956/956 853/853/853
f 1017/1017/1017 1102/1102/1102 840/840/840
f 638/638/638 381/381/381 432/432/432
f 652/652/652 381/381/381 859/859/859
f 495/495/495 322/322/322 922/922/922
f 996/996/996 361/361/361 561/561/561
f 355/355/355 531/531/531 1027/1027/1027
f 638/638/638 320/320/320 624/624/624
f 664/664/664 549/549/549 722/722/722
f 306/306/306 406/406/406 761/761/761
f 943/943/943 521/521/521 941/941/941
f 637/637/637 975/975/975 906/906/906
f 263/263/263 170/170/170 1080/1080/1080
f 243/243/243 132/132/132 908/908/908
f 639/639/639 1065/1065/1065 297/297/297
f 361/361/361 868/868/868 234/234/234
f 312/312/312 582/582/582 422/422/422
f 10/10/10 9/9/9 538/538/538
f 229/229/229 743/743/743 559/559/559
f 793/793/793 339/339/339 898/898/898
f 2/2/2 1072/1072/1072 3/3/3
f 421/421/421 581/581/581 665/665/665
f 1051/1051/1051 284/284/284 740/740/740
f 342/342/342 901/901/901 647/647/647
f 438/438/438 864/864/864 1006/1006/1006
f 818/818/818 620/620/620 779/779/779
f 876/876/876 153/153/153 759/759/759
f 122/122/122 851/851/851 940/940/940
f 882/882/882 390/390/390 232/232/232
f 139/139/139 379/379/379 235/235/235
f 492/492/492 741/741/741 575/575/575
f 982/982/982 612/612/612 925/925/925
f 854/854/854 966/966/966 200/200/200
f 686/686/686 459/459/459 713/713/713
f 831/831/831 850/850/850 961/961/961
f 348/348/348 586/586/586 31/31/31
f 301/301/301 1037/1037/1037 778/778/778
f 674/674/674 329/329/329 617/617/617
f 1068/1068/1068 178/178/178 453/453/453
f 473/473/473 897/897/897 776/776/776
f 693/693/693 799/799/799 64/64/64
f 129/129/129 808/808/808 815/815/815
f 872/872/872 471/471/471 439/439/439
f 1076/1076/1076 445/445/445 549/549/549
f 937/937/937 466/466/466 397/397/397
f 1032/1032/1032 607/607/607 237/237/237
f 231/231/231 636/636/636 166/166/166
f 780/780/780 74/74/74 73/73/73
f 152/152/152 560/560/560 198/198/198
f 952/952/952 504/504/504 293/293/293
f 932/932/932 409/409/409 750/750/750
f 422/422/422 300/300/300 312/312/312
f 846/846/846 407/407/407 375/375/375
f 142/142/142 288/288/288 563/563/563
f 1068/1068/1068 342/342/342 992/992/992
f 1053/1053/1053 727/727/727 998/998/998
f 655/655/655 458/458/458 396/396/396
f 110/110/110 655/655/655 276/276/276
f 226/226/226 472/472/472 557/557/557
f 477/477/477 155/155/155 373/373/373
f 961/961/961 850/850/850 424/424/424
f 392/392/392 686/686/686 713/713/713
f 730/730/730 865/865/865 482/482/482
f 523/523/523 892/892/892 606/606/606
f 189/189/189 221/221/221 213/213/213
f 221/221/221 738/738/738 213/213/213
f 998/998/998 727/727/727 856/856/856
f 270/270/270 911/911/911 384/384/384
f 496/496/496 112/112/112 182/182/182
f 472/472/472 580/580/580 557/557/557
f 468/468/468 1044/1044/1044 247/247/247
f 1101/1101/1101 193/193/193 858/858/858
f 260/260/260 1023/1023/1023 962/962/962
f 626/626/626 789/789/789 281/281/281
f 134/134/134 318/318/318 236/236/236
f 1038/1038/1038 504/504/504 314/314/314
f 117/117/117 28/28/28 403/403/403
f 569/569/569 1092/1092/1092 680/680/680
f 741/741/741 492/492/492 508/508/508
f 147/147/147 840/840/840 1102/1102/1102
f 23/23/23 1063/1063/1063 216/216/216
f 169/169/169 17/17/17 16/16/16
f 646/646/646 525/525/525 544/544/544
f 1086/1086/1086 605/605/605 770/770/770
f 369/369/369 1059/1059/1059 796/796/796
f 570/570/570 354/354/354 457/457/457
f 474/474/474 373/373/373 155/155/155
f 817/817/817 127/127/127 912/912/912
f 309/309/309 877/877/877 875/875/875
f 624/624/624 1033/1033/1033 752/752/752
f 158/158/158 39/39/39 277/277/277
f 510/510/510 467/467/467 849/849/849
f 1085/1085/1085 915/915/915 994/994/994
f 910/910/910 184/184/184 133/133/133
f 666/666/666 453/453/453 178/178/178
f 617/617/617 855/855/855 273/273/273
f 652/652/652 458/458/458 248/248/248
f 5/5/5 124/124/124 576/576/576
f 947/947/947 466/466/466 937/937/937
f 966/966/966 646/646/646 544/544/544
f 176/176/176 519/519/519 496/496/496
f 834/834/834 643/643/643 158/158/158
f 745/745/745 812/812/812 1031/1031/1031
f 571/571/571 881/881/881 156/156/156
f 999/999/999 684/684/684 823/823/823
f 226/226/226 847/847/847 817/817/817
f 1051/1051/1051 1013/1013/1013 372/372/372
f 317/317/317 184/184/184 968/968/968
f 16/16/16 15/15/15 300/300/300
f 756/756/756 574/574/574 824/824/824
f 249/249/249 916/916/916 412/412/412
f 630/630/630 902/902/902 347/347/347
f 708/708/708 356/356/356 714/714/714
f 148/148/148 824/824/824 672/672/672
f 242/242/242 256/256/256 164/164/164
f 485/485/485 1017/1017/1017 442/442/442
f 1062/1062/1062 493/493/493 271/271/271
f 325/325/325 27/27/27 26/26/26
f 285/285/285 455/455/455 199/199/199
f 1036/1036/1036 366/366/366 522/522/522
f 516/516/516 380/380/380 798/798/798
f 745/745/745 854/854/854 289/289/289
f 207/207/207 554/554/554 782/782/782
f 170/170/170 263/263/263 138/138/138
f 306/306/306 761/761/761 231/231/231
f 345/345/345 528/528/528 123/123/123
f 1018/1018/1018 940/940/940 602/602/602
f 771/771/771 546/546/546 126/126/126
f 417/417/417 554/554/554 207/207/207
f 967/967/967 700/700/700 202/202/202
f 841/841/841 983/983/983 1014/1014/1014
f 608/608/608 1073/1073/1073 222/222/222
f 1038/1038/1038 568/568/568 152/152/152
f 820/820/820 179/179/179 340/340/340
f 161/161/161 546/546/546 475/475/475
f 547/547/547 153/153/153 463/463/463
f 353/353/353 446/446/446 610/610/610
f 1032/1032/1032 424/424/424 607/607/607
f 370/370/370 929/929/929 223/223/223
f 33/33/33 32/32/32 806/806/806
f 363/363/363 1054/1054/1054 268/268/268
f 640/640/640 161/161/161 475/475/475
f 488/488/488 695/695/695 177/177/177
f 1081/1081/1081 262/262/262 639/639/639
f 222/222/222 976/976/976 311/311/311
f 1006/1006/1006 843/843/843 600/600/600
f 657/657/657 1046/1046/1046 984/984/984
f 1055/1055/1055 915/915/915 18/18/18
f 544/544/544 525/525/525 1075/1075/1075
f 888/888/888 977/977/977 1096/1096/1096
f 826/826/826 1025/1025/1025 456/456/456
f 799/799/799 405/405/405 369/369/369
f 604/604/604 1070/1070/1070 852/852/852
f 523/523/523 858/858/858 847/847/847
f 200/200/200 544/544/544 321/321/321
f 637/637/637 605/605/605 1086/1086/1086
f 778/778/778 1037/1037/1037 197/197/197
f 914/914/914 834/834/834 482/482/482
f 215/215/215 535/535/535 974/974/974
f 879/879/879 541/541/541 649/649/649
f 660/660/660 466/466/466 558/558/558
f 348/348/348 30/30/30 766/766/766
f 799/799/799 693/693/693 603/603/603
f 62/62/62 61/61/61 243/243/243
f 493/493/493 1075/1075/1075 332/332/332
f 188/188/188 237/237/237 535/535/535
f 611/611/611 406/406/406 551/551/551
f 524/524/524 570/570/570 866/866/866
f 1060/1060/1060 542/542/542 924/924/924
f 108/108/108 287/287/287 295/295/295
f 697/697/697 758/758/758 411/411/411
f 548/548/548 192/192/192 528/528/528
f 969/969/969 846/846/846 777/777/777
f 1099/1099/1099 1071/1071/1071 747/747/747
f 984/984/984 539/539/539 877/877/877
f 879/879/879 649/649/649 812/812/812
f 840/840/840 147/147/147 294/294/294
f 1074/1074/1074 675/675/675 1025/1025/1025
f 844/844/844 942/942/942 1050/1050/1050
f 242/242/242 883/883/883 255/255/255
f 951/951/951 792/792/792 350/350/350
f 499/499/499 480/480/480 726/726/726
f 1040/1040/1040 657/657/657 115/115/115
f 298/298/298 3/3/3 765/765/765
f 955/955/955 942/942/942 1073/1073/1073
f 109/109/109 960/960/960 724/724/724
f 759/759/759 547/547/547 786/786/786
f 973/973/973 736/736/736 706/706/706
f 1007/1007/1007 225/225/225 724/724/724
f 154/154/154 845/845/845 332/332/332
f 398/398/398 930/930/930 194/194/194
f 971/971/971 420/420/420 749/749/749
f 1013/1013/1013 1040/1040/1040 320/320/320
f 810/810/810 455/455/455 285/285/285
f 1055/1055/1055 18/18/18 17/17/17
f 213/213/213 20/20/20 189/189/189
f 280/280/280 585/585/585 258/258/258
f 682/682/682 258/258/258 585/585/585
f 974/974/974 535/535/535 237/237/237
f 193/193/193 817/817/817 847/847/847
f 551/551/551 306/306/306 690/690/690
f 436/436/436 394/394/394 260/260/260
f 538/538/538 131/131/131 10/10/10
f 386/386/386 285/285/285 328/328/328
f 57/57/57 266/266/266 58/58/58
f 534/534/534 814/814/814 562/562/562
f 984/984/984 798/798/798 939/939/939
f 897/897/897 993/993/993 721/721/721
f 602/602/602 829/829/829 222/222/222
f 1018/1018/1018 261/261/261 940/940/940
f 596/596/596 446/446/446 470/470/470
f 596/596/596 144/144/144 446/446/446
f 1029/1029/1029 961/961/961 277/277/277
f 579/579/579 122/122/122 709/709/709
f 853/853/853 611/611/611 125/125/125
f 369/369/369 65/65/65 799/799/799
f 603/603/603 405/405/405 799/799/799
f 177/177/177 420/420/420 971/971/971
f 401/401/401 352/352/352 319/319/319
f 370/370/370 983/983/983 929/929/929
f 681/681/681 246/246/246 344/344/344
f 728/728/728 1/1/1 105/105/105
f 486/486/486 262/262/262 1081/1081/1081
f 142/142/142 661/661/661 288/288/288
f 878/878/878 196/196/196 232/232/232
f 365/365/365 264/264/264 870/870/870
f 303/303/303 471/471/471 228/228/228
f 592/592/592 577/577/577 265/265/265
f 688/688/688 429/429/429 185/185/185
f 350/350/350 1095/1095/1095 951/951/951
f 277/277/277 39/39/39 38/38/38
f 247/247/247 865/865/865 691/691/691
f 1080/1080/1080 327/327/327 194/194/194
f 53/53/53 330/330/330 54/54/54
f 367/367/367 107/107/107 426/426/426
f 506/506/506 1028/1028/1028 969/969/969
f 588/588/588 712/712/712 779/779/779
f 1031/1031/1031 352/352/352 854/854/854
f 951/951/951 517/517/517 919/919/919
f 438/438/438 423/423/423 864/864/864
f 113/113/113 612/612/612 567/567/567
f 268/268/268 164/164/164 363/363/363
f 911/911/911 527/527/527 1094/1094/1094
f 278/278/278 701/701/701 627/627/627
f 1093/1093/1093 1023/1023/1023 414/414/414
f 547/547/547 203/203/203 786/786/786
f 460/460/460 733/733/733 991/991/991
f 794/794/794 880/880/880 410/410/410
f 219/219/219 619/619/619 576/576/576
f 355/355/355 1088/1088/1088 388/388/388
f 908/908/908 132/132/132 695/695/695
f 957/957/957 787/787/787 168/168/168
f 615/615/615 1039/1039/1039 897/897/897
f 954/954/954 670/670/670 702/702/702
f 665/665/665 236/236/236 318/318/318
f 326/326/326 886/886/886 728/728/728
f 1055/1055/1055 625/625/625 994/994/994
f 110/110/110 905/905/905 725/725/725
f 939/939/939 539/539/539 984/984/984
f 746/746/746 1090/1090/1090 344/344/344
f 860/860/860 104/104/104 103/103/103
f 458/458/458 652/652/652 1069/1069/1069
f 585/585/585 83/83/83 82/82/82
f 927/927/927 418/418/418 280/280/280
f 479/479/479 435/435/435 995/995/995
f 634/634/634 1032/1032/1032 237/237/237
f 700/700/700 433/433/433 202/202/202
f 1048/1048/1048 472/472/472 226/226/226
f 79/79/79 78/78/78 1024/1024/1024
f 866/866/866 570/570/570 803/803/803
f 1007/1007/1007 408/408/408 210/210/210
f 588/588/588 1014/1014/1014 712/712/712
f 123/123/123 1076/1076/1076 191/191/191
f 351/351/351 887/887/887 599/599/599
f 328/328/328 587/587/587 565/565/565
f 832/832/832 149/149/149 366/366/366
f 617/617/617 273/273/273 256/256/256
f 844/844/844 453/453/453 666/666/666
f 894/894/894 199/199/199 667/667/667
f 1008/1008/1008 672/672/672 131/131/131
f 702/702/702 670/670/670 150/150/150
f 729/729/729 1088/1088/1088 491/491/491
f 261/261/261 977/977/977 497/497/497
f 616/616/616 882/882/882 113/113/113
f 251/251/251 203/203/203 1100/1100/1100
f 1104/1104/1104 1095/1095/1095 350/350/350
f 782/782/782 959/959/959 645/645/645
f 160/160/160 207/207/207 506/506/506
f 187/187/187 148/148/148 1008/1008/1008
f 184/184/184 1008/1008/1008 538/538/538
f 1104/1104/1104 920/920/920 1061/1061/1061
f 1067/1067/1067 380/380/380 681/681/681
f 358/358/358 196/196/196 286/286/286
f 861/861/861 315/315/315 1066/1066/1066
f 528/528/528 192/192/192 445/445/445
f 1056/1056/1056 737/737/737 944/944/944
f 997/997/997 468/468/468 494/494/494
f 505/505/505 448/448/448 509/509/509
f 477/477/477 916/916/916 931/931/931
f 557/557/557 523/523/523 847/847/847
f 577/577/577 1070/1070/1070 691/691/691
f 36/36/36 610/610/610 545/545/545
f 703/703/703 801/801/801 502/502/502
f 488/488/488 347/347/347 119/119/119
f 680/680/680 525/525/525 569/569/569
f 1075/1075/1075 321/321/321 544/544/544
f 102/102/102 531/531/531 355/355/355
f 1013/1013/1013 1051/1051/1051 668/668/668
f 81/81/81 682/682/682 82/82/82
f 418/418/418 927/927/927 650/650/650
f 845/845/845 271/271/271 332/332/332
f 31/31/31 30/30/30 348/348/348
f 699/699/699 145/145/145 675/675/675
f 509/509/509 999/999/999 534/534/534
f 118/118/118 756/756/756 656/656/656
f 187/187/187 184/184/184 317/317/317
f 1001/1001/1001 790/790/790 990/990/990
f 947/947/947 188/188/188 535/535/535
f 1065/1065/1065 511/511/511 1000/1000/1000
f 239/239/239 296/296/296 623/623/623
f 429/429/429 618/618/618 600/600/600
f 238/238/238 632/632/632 135/135/135
f 601/601/601 382/382/382 233/233/233
f 1040/1040/1040 516/516/516 1046/1046/1046
f 789/789/789 564/564/564 1010/1010/1010
f 853/853/853 956/956/956 611/611/611
f 852/852/852 661/661/661 142/142/142
f 1034/1034/1034 265/265/265 634/634/634
f 1009/1009/1009 923/923/923 895/895/895
f 201/201/201 126/126/126 165/165/165
f 457/457/457 707/707/707 157/157/157
f 191/191/191 664/664/664 842/842/842
f 881/881/881 770/770/770 692/692/692
f 156/156/156 692/692/692 165/165/165
f 653/653/653 391/391/391 239/239/239
f 1087/1087/1087 414/414/414 1024/1024/1024
f 628/628/628 1058/1058/1058 761/761/761
f 390/390/390 878/878/878 232/232/232
f 111/111/111 1020/1020/1020 510/510/510
f 758/758/758 648/648/648 442/442/442
f 1096/1096/1096 895/895/895 888/888/888
f 606/606/606 763/763/763 990/990/990
f 842/842/842 253/253/253 249/249/249
f 599/599/599 537/537/537 747/747/747
f 892/892/892 181/181/181 661/661/661
f 201/201/201 771/771/771 126/126/126
f 146/146/146 620/620/620 1012/1012/1012
f 289/289/289 718/718/718 745/745/745
f 595/595/595 393/393/393 546/546/546
f 453/453/453 342/342/342 1068/1068/1068
f 671/671/671 262/262/262 486/486/486
f 906/906/906 995/995/995 605/605/605
f 241/241/241 838/838/838 230/230/230
f 1038/1038/1038 958/958/958 293/293/293
f 196/196/196 358/358/358 364/364/364
f 870/870/870 260/260/260 394/394/394
f 1016/1016/1016 982/982/982 385/385/385
f 973/973/973 744/744/744 736/736/736
f 452/452/452 796/796/796 985/985/985
f 1059/1059/1059 405/405/405 1022/1022/1022
f 848/848/848 501/501/501 802/802/802
f 504/504/504 724/724/724 225/225/225
f 443/443/443 1086/1086/1086 881/881/881
f 440/440/440 206/206/206 319/319/319
f 1081/1081/1081 793/793/793 486/486/486
f 1099/1099/1099 469/469/469 174/174/174
f 242/242/242 255/255/255 925/925/925
f 580/580/580 550/550/550 880/880/880
f 622/622/622 121/121/121 359/359/359
f 854/854/854 352/352/352 966/966/966
f 206/206/206 686/686/686 392/392/392
f 525/525/525 889/889/889 569/569/569
f 579/579/579 357/357/357 122/122/122
f 429/429/429 600/600/600 731/731/731
f 553/553/553 312/312/312 300/300/300
f 522/522/522 896/896/896 1036/1036/1036
f 651/651/651 469/469/469 676/676/676
f 676/676/676 885/885/885 651/651/651
f 578/578/578 918/918/918 811/811/811
f 1045/1045/1045 869/869/869 44/44/44
f 311/311/311 976/976/976 180/180/180
f 602/602/602 851/851/851 1011/1011/1011
f 235/235/235 742/742/742 755/755/755
f 542/542/542 758/758/758 442/442/442
f 104/104/104 338/338/338 105/105/105
f 988/988/988 581/581/581 685/685/685
f 946/946/946 821/821/821 642/642/642
f 889/889/889 401/401/401 415/415/415
f 785/785/785 1074/1074/1074 872/872/872
f 303/303/303 1020/1020/1020 111/111/111
f 898/898/898 486/486/486 793/793/793
f 330/330/330 1080/1080/1080 170/170/170
f 994/994/994 915/915/915 1055/1055/1055
f 958/958/958 981/981/981 293/293/293
f 491/491/491 159/159/159 773/773/773
f 219/219/219 655/655/655 725/725/725
f 587/587/587 328/328/328 285/285/285
f 1051/1051/1051 681/681/681 668/668/668
f 891/891/891 530/530/530 495/495/495
f 267/267/267 561/561/561 622/622/622
f 381/381/381 248/248/248 658/658/658
f 2/2/2 503/503/503 1072/1072/1072
f 731/731/731 654/654/654 349/349/349
f 681/681/681 740/740/740 246/246/246
f 610/610/610 1057/1057/1057 353/353/353
f 607/607/607 850/850/850 144/144/144
f 901/901/901 754/754/754 647/647/647
f 1073/1073/1073 976/976/976 222/222/222
f 408/408/408 1007/1007/1007 960/960/960
f 441/441/441 941/941/941 521/521/521
f 375/375/375 777/777/777 846/846/846
f 417/417/417 679/679/679 302/302/302
f 568/568/568 481/481/481 820/820/820
f 169/169/169 422/422/422 141/141/141
f 220/220/220 190/190/190 270/270/270
f 757/757/757 378/378/378 904/904/904
f 500/500/500 164/164/164 256/256/256
f 1066/1066/1066 315/315/315 413/413/413
f 648/648/648 485/485/485 442/442/442
f 231/231/231 1079/1079/1079 662/662/662
f 1084/1084/1084 738/738/738 335/335/335
f 764/764/764 216/216/216 809/809/809
f 330/330/330 170/170/170 387/387/387
f 807/807/807 51/51/51 50/50/50
f 388/388/388 729/729/729 963/963/963
f 828/828/828 324/324/324 670/670/670
f 261/261/261 709/709/709 940/940/940
f 621/621/621 183/183/183 218/218/218
f 646/646/646 401/401/401 889/889/889
f 989/989/989 995/995/995 906/906/906
f 826/826/826 696/696/696 163/163/163
f 483/483/483 790/790/790 1001/1001/1001
f 1078/1078/1078 721/721/721 688/688/688
f 768/768/768 257/257/257 934/934/934
f 352/352/352 1031/1031/1031 319/319/319
f 122/122/122 940/940/940 709/709/709
f 1019/1019/1019 936/936/936 371/371/371
f 921/921/921 647/647/647 292/292/292
f 410/410/410 229/229/229 174/174/174
f 684/684/684 677/677/677 823/823/823
f 628/628/628 406/406/406 611/611/611
f 803/803/803 570/570/570 635/635/635
f 784/784/784 488/488/488 760/760/760
f 739/739/739 327/327/327 1080/1080/1080
f 538/538/538 9/9/9 133/133/133
f 131/131/131 538/538/538 1008/1008/1008
f 478/478/478 922/922/922 774/774/774
f 402/402/402 904/904/904 416/416/416
f 899/899/899 581/581/581 988/988/988
f 372/372/372 1013/1013/1013 689/689/689
f 129/129/129 722/722/722 489/489/489
f 737/737/737 394/394/394 436/436/436
f 307/307/307 368/368/368 233/233/233
f 1064/1064/1064 512/512/512 663/663/663
f 165/165/165 126/126/126 795/795/795
f 844/844/844 666/666/666 694/694/694
f 133/133/133 9/9/9 8/8/8
f 395/395/395 109/109/109 724/724/724
f 495/495/495 530/530/530 322/322/322
f 21/21/21 738/738/738 22/22/22
f 1079/1079/1079 962/962/962 662/662/662
f 1043/1043/1043 114/114/114 139/139/139
f 514/514/514 336/336/336 385/385/385
f 380/380/380 673/673/673 798/798/798
f 509/509/509 296/296/296 505/505/505
f 347/347/347 902/902/902 653/653/653
f 648/648/648 758/758/758 697/697/697
f 1023/1023/1023 264/264/264 281/281/281
f 413/413/413 315/315/315 251/251/251
f 246/246/246 100/100/100 99/99/99
f 301/301/301 613/613/613 1037/1037/1037
f 800/800/800 1101/1101/1101 790/790/790
f 1063/1063/1063 23/23/23 833/833/833
f 560/560/560 128/128/128 198/198/198
f 805/805/805 556/556/556 907/907/907
f 102/102/102 837/837/837 103/103/103
f 922/922/922 403/403/403 507/507/507
f 888/888/888 771/771/771 201/201/201
f 379/379/379 874/874/874 742/742/742
f 937/937/937 299/299/299 800/800/800
f 500/500/500 273/273/273 973/973/973
f 1100/1100/1100 203/203/203 547/547/547
f 730/730/730 482/482/482 400/400/400
f 211/211/211 33/33/33 806/806/806
f 874/874/874 498/498/498 742/742/742
f 926/926/926 286/286/286 719/719/719
f 109/109/109 135/135/135 960/960/960
f 126/126/126 546/546/546 161/161/161
f 616/616/616 113/113/113 567/567/567
f 697/697/697 411/411/411 772/772/772
f 1041/1041/1041 377/377/377 773/773/773
f 96/96/96 371/371/371 97/97/97
f 200/200/200 966/966/966 544/544/544
f 27/27/27 507/507/507 28/28/28
f 1005/1005/1005 214/214/214 707/707/707
f 75/75/75 513/513/513 76/76/76
f 1014/1014/1014 370/370/370 712/712/712
f 473/473/473 1064/1064/1064 540/540/540
f 679/679/679 578/578/578 279/279/279
f 48/48/48 168/168/168 49/49/49
f 995/995/995 713/713/713 605/605/605
f 295/295/295 464/464/464 108/108/108
f 173/173/173 627/627/627 116/116/116
f 633/633/633 144/144/144 596/596/596
f 870/870/870 394/394/394 1102/1102/1102
f 337/337/337 354/354/354 524/524/524
f 700/700/700 943/943/943 698/698/698
f 117/117/117 735/735/735 766/766/766
f 339/339/339 687/687/687 136/136/136
f 511/511/511 676/676/676 437/437/437
f 993/993/993 827/827/827 688/688/688
f 994/994/994 594/594/594 734/734/734
f 710/710/710 137/137/137 266/266/266
f 793/793/793 1081/1081/1081 391/391/391
f 253/253/253 722/722/722 129/129/129
f 456/456/456 145/145/145 791/791/791
f 413/413/413 251/251/251 450/450/450
f 543/543/543 949/949/949 93/93/93
f 1105/1105/1105 1080/1080/1080 330/330/330
f 45/45/45 240/240/240 46/46/46
f 719/719/719 613/613/613 926/926/926
f 812/812/812 745/745/745 718/718/718
f 564/564/564 81/81/81 80/80/80
f 1017/1017/1017 485/485/485 365/365/365
f 643/643/643 40/40/40 158/158/158
f 709/709/709 245/245/245 770/770/770
f 477/477/477 373/373/373 916/916/916
f 252/252/252 931/931/931 684/684/684
f 508/508/508 419/419/419 736/736/736
f 984/984/984 877/877/877 657/657/657
f 589/589/589 739/739/739 807/807/807
f 537/537/537 469/469/469 747/747/747
f 698/698/698 333/333/333 444/444/444
f 641/641/641 181/181/181 794/794/794
f 235/235/235 461/461/461 139/139/139
f 694/694/694 428/428/428 180/180/180
f 842/842/842 249/249/249 412/412/412
f 804/804/804 373/373/373 145/145/145
f 519/519/519 176/176/176 909/909/909
f 433/433/433 444/444/444 573/573/573
f 657/657/657 877/877/877 529/529/529
f 1061/1061/1061 195/195/195 1104/1104/1104
f 67/67/67 337/337/337 68/68/68
f 489/489/489 893/893/893 172/172/172
f 892/892/892 763/763/763 606/606/606
f 966/966/966 352/352/352 646/646/646
f 42/42/42 269/269/269 703/703/703
f 605/605/605 459/459/459 579/579/579
f 783/783/783 708/708/708 714/714/714
f 395/395/395 987/987/987 356/356/356
f 71/71/71 853/853/853 72/72/72
f 626/626/626 281/281/281 283/283/283
f 699/699/699 282/282/282 191/191/191
f 743/743/743 151/151/151 533/533/533
f 421/421/421 1103/1103/1103 685/685/685
f 765/765/765 805/805/805 298/298/298
f 781/781/781 751/751/751 430/430/430
f 154/154/154 996/996/996 845/845/845
f 739/739/739 1080/1080/1080 1105/1105/1105
f 239/239/239 391/391/391 871/871/871
f 630/630/630 980/980/980 902/902/902
f 420/420/420 243/243/243 61/61/61
f 384/384/384 1094/1094/1094 1012/1012/1012
f 198/198/198 734/734/734 594/594/594
f 704/704/704 149/149/149 582/582/582
f 668/668/668 516/516/516 1013/1013/1013
f 469/469/469 1099/1099/1099 747/747/747
f 400/400/400 961/961/961 424/424/424
f 200/200/200 321/321/321 274/274/274
f 891/891/891 856/856/856 527/527/527
f 142/142/142 813/813/813 852/852/852
f 1048/1048/1048 333/333/333 941/941/941
f 999/999/999 823/823/823 534/534/534
f 980/980/980 630/630/630 749/749/749
f 675/675/675 145/145/145 456/456/456
f 454/454/454 1025/1025/1025 163/163/163
f 272/272/272 489/489/489 609/609/609
f 972/972/972 166/166/166 636/636/636
f 310/310/310 989/989/989 970/970/970
f 580/580/580 794/794/794 557/557/557
f 588/588/588 593/593/593 278/278/278
f 314/314/314 481/481/481 568/568/568
f 952/952/952 293/293/293 552/552/552
f 667/667/667 118/118/118 935/935/935
f 1055/1055/1055 17/17/17 950/950/950
f 146/146/146 116/116/116 701/701/701
f 1068/1068/1068 992/992/992 1052/1052/1052
f 827/827/827 429/429/429 688/688/688
f 515/515/515 1049/1049/1049 933/933/933
f 621/621/621 839/839/839 183/183/183
f 347/347/347 653/653/653 119/119/119
f 808/808/808 172/172/172 583/583/583
f 133/133/133 8/8/8 910/910/910
f 13/13/13 932/932/932 750/750/750
f 376/376/376 825/825/825 526/526/526
f 526/526/526 183/183/183 376/376/376
f 127/127/127 299/299/299 310/310/310
f 301/301/301 778/778/778 521/521/521
f 254/254/254 1078/1078/1078 754/754/754
f 954/954/954 341/341/341 919/919/919
f 650/650/650 567/567/567 1016/1016/1016
f 913/913/913 883/883/883 268/268/268
f 419/419/419 706/706/706 736/736/736
f 493/493/493 332/332/332 271/271/271
f 950/950/950 17/17/17 169/169/169
f 1036/1036/1036 896/896/896 715/715/715
f 610/610/610 831/831/831 545/545/545
f 577/577/577 483/483/483 1070/1070/1070
f 582/582/582 167/167/167 141/141/141
f 312/312/312 862/862/862 704/704/704
f 322/322/322 117/117/117 403/403/403
f 1082/1082/1082 189/189/189 449/449/449
f 545/545/545 831/831/831 1029/1029/1029
f 519/519/519 909/909/909 302/302/302
f 1046/1046/1046 798/798/798 984/984/984
f 5/5/5 576/576/576 6/6/6
f 1088/1088/1088 689/689/689 491/491/491
f 284/284/284 101/101/101 100/100/100
f 377/377/377 326/326/326 338/338/338
f 309/309/309 875/875/875 601/601/601
f 556/556/556 773/773/773 159/159/159
f 821/821/821 465/465/465 307/307/307
f 949/949/949 873/873/873 94/94/94
f 621/621/621 425/425/425 91/91/91
f 385/385/385 982/982/982 255/255/255
f 893/893/893 426/426/426 532/532/532
f 890/890/890 712/712/712 718/718/718
f 854/854/854 200/200/200 289/289/289
f 791/791/791 145/145/145 474/474/474
f 808/808/808 784/784/784 120/120/120
f 788/788/788 694/694/694 666/666/666
f 864/864/864 783/783/783 819/819/819
f 876/876/876 788/788/788 666/666/666
f 178/178/178 1052/1052/1052 153/153/153
f 566/566/566 530/530/530 190/190/190
f 904/904/904 378/378/378 399/399/399
f 1081/1081/1081 639/639/639 871/871/871
f 398/398/398 723/723/723 930/930/930
f 817/817/817 1048/1048/1048 226/226/226
f 197/197/197 791/791/791 816/816/816
f 230/230/230 318/318/318 894/894/894
f 988/988/988 685/685/685 396/396/396
f 264/264/264 283/283/283 281/281/281
f 1074/1074/1074 454/454/454 471/471/471
f 606/606/606 858/858/858 523/523/523
f 989/989/989 906/906/906 975/975/975
f 1096/1096/1096 977/977/977 1018/1018/1018
f 310/310/310 937/937/937 397/397/397
f 193/193/193 299/299/299 127/127/127
f 813/813/813 678/678/678 604/604/604
f 985/985/985 748/748/748 452/452/452
f 956/956/956 635/635/635 628/628/628
f 569/569/569 360/360/360 215/215/215
f 274/274/274 890/890/890 289/289/289
f 986/986/986 674/674/674 925/925/925
f 425/425/425 92/92/92 91/91/91
f 857/857/857 368/368/368 334/334/334
f 884/884/884 321/321/321 493/493/493
f 658/658/658 432/432/432 381/381/381
f 1103/1103/1103 968/968/968 276/276/276
f 528/528/528 1076/1076/1076 123/123/123
f 474/474/474 145/145/145 373/373/373
f 159/159/159 432/432/432 556/556/556
f 638/638/638 689/689/689 320/320/320
f 836/836/836 377/377/377 338/338/338
f 284/284/284 100/100/100 740/740/740
f 955/955/955 615/615/615 374/374/374
f 517/517/517 673/673/673 965/965/965
f 565/565/565 587/587/587 802/802/802
f 894/894/894 318/318/318 199/199/199
f 733/733/733 997/997/997 494/494/494
f 38/38/38 1029/1029/1029 277/277/277
f 714/714/714 631/631/631 819/819/819
f 429/429/429 731/731/731 349/349/349
f 730/730/730 212/212/212 865/865/865
f 1070/1070/1070 483/483/483 1001/1001/1001
f 609/609/609 445/445/445 753/753/753
f 611/611/611 956/956/956 628/628/628
f 963/963/963 837/837/837 388/388/388
f 670/670/670 954/954/954 490/490/490
f 683/683/683 586/586/586 359/359/359
f 978/978/978 1094/1094/1094 856/856/856
f 554/554/554 959/959/959 782/782/782
f 269/269/269 42/42/42 41/41/41
f 70/70/70 775/775/775 956/956/956
f 1010/1010/1010 564/564/564 80/80/80
f 645/645/645 262/262/262 1030/1030/1030
f 168/168/168 787/787/787 723/723/723
f 107/107/107 908/908/908 426/426/426
f 484/484/484 439/439/439 147/147/147
f 292/292/292 185/185/185 349/349/349
f 178/178/178 1068/1068/1068 1052/1052/1052
f 711/711/711 637/637/637 443/443/443
f 202/202/202 874/874/874 379/379/379
f 1069/1069/1069 323/323/323 1021/1021/1021
f 992/992/992 342/342/342 341/341/341
f 879/879/879 812/812/812 223/223/223
f 122/122/122 357/357/357 343/343/343
f 928/928/928 458/458/458 655/655/655
f 362/362/362 565/565/565 501/501/501
f 151/151/151 550/550/550 346/346/346
f 139/139/139 461/461/461 1043/1043/1043
f 975/975/975 259/259/259 970/970/970
f 610/610/610 446/446/446 831/831/831
f 127/127/127 817/817/817 193/193/193
f 182/182/182 112/112/112 174/174/174
f 849/849/849 316/316/316 542/542/542
f 156/156/156 165/165/165 795/795/795
f 161/161/161 795/795/795 126/126/126
f 156/156/156 755/755/755 571/571/571
f 940/940/940 851/851/851 602/602/602
f 598/598/598 475/475/475 329/329/329
f 555/555/555 632/632/632 864/864/864
f 430/430/430 751/751/751 348/348/348
f 909/909/909 176/176/176 885/885/885
f 519/519/519 313/313/313 496/496/496
f 326/326/326 377/377/377 1041/1041/1041
f 765/765/765 886/886/886 805/805/805
f 941/941/941 333/333/333 698/698/698
f 716/716/716 777/777/777 375/375/375
f 304/304/304 86/86/86 1098/1098/1098
f 1048/1048/1048 817/817/817 333/333/333
f 769/769/769 353/353/353 1047/1047/1047
f 180/180/180 1018/1018/1018 311/311/311
f 779/779/779 712/712/712 818/818/818
f 620/620/620 593/593/593 779/779/779
f 1053/1053/1053 378/378/378 210/210/210
f 597/597/597 359/359/359 586/586/586
f 941/941/941 441/441/441 1048/1048/1048
f 511/511/511 554/554/554 885/885/885
f 191/191/191 282/282/282 123/123/123
f 675/675/675 785/785/785 282/282/282
f 685/685/685 1103/1103/1103 276/276/276
f 386/386/386 328/328/328 830/830/830
f 526/526/526 913/913/913 268/268/268
f 510/510/510 849/849/849 111/111/111
f 928/928/928 219/219/219 720/720/720
f 522/522/522 704/704/704 896/896/896
f 769/769/769 917/917/917 470/470/470
f 1039/1039/1039 615/615/615 608/608/608
f 55/55/55 387/387/387 138/138/138
f 1105/1105/1105 51/51/51 739/739/739
f 867/867/867 601/601/601 857/857/857
f 618/618/618 438/438/438 600/600/600
f 306/306/306 231/231/231 662/662/662
f 78/78/78 77/77/77 900/900/900
f 210/210/210 408/408/408 1053/1053/1053
f 939/939/939 517/517/517 1095/1095/1095
f 1081/1081/1081 871/871/871 391/391/391
f 710/710/710 644/644/644 136/136/136
f 424/424/424 1097/1097/1097 730/730/730
f 1086/1086/1086 770/770/770 881/881/881
f 395/395/395 504/504/504 952/952/952
f 152/152/152 958/958/958 1038/1038/1038
f 899/899/899 1069/1069/1069 1021/1021/1021
f 875/875/875 1061/1061/1061 642/642/642
f 508/508/508 1009/1009/1009 741/741/741
f 800/800/800 797/797/797 937/937/937
f 307/307/307 233/233/233 382/382/382
f 276/276/276 968/968/968 110/110/110
f 753/753/753 1022/1022/1022 609/609/609
f 136/136/136 644/644/644 263/263/263
f 887/887/887 448/448/448 599/599/599
f 511/511/511 959/959/959 554/554/554
f 964/964/964 725/725/725 905/905/905
f 665/665/665 581/581/581 334/334/334
f 868/868/868 211/211/211 234/234/234
f 415/415/415 558/558/558 360/360/360
f 444/444/444 903/903/903 573/573/573
f 419/419/419 786/786/786 106/106/106
f 945/945/945 425/425/425 218/218/218
f 1009/1009/1009 895/895/895 741/741/741
f 353/353/353 769/769/769 470/470/470
f 37/37/37 36/36/36 545/545/545
f 1063/1063/1063 809/809/809 216/216/216
f 584/584/584 810/810/810 217/217/217
f 785/785/785 675/675/675 1074/1074/1074
f 548/548/548 345/345/345 224/224/224
f 37/37/37 1029/1029/1029 38/38/38
f 586/586/586 32/32/32 31/31/31
f 460/460/460 313/313/313 519/519/519
f 643/643/643 331/331/331 269/269/269
f 746/746/746 99/99/99 98/98/98
f 1011/1011/1011 879/879/879 929/929/929
f 963/963/963 860/860/860 837/837/837
f 396/396/396 685/685/685 276/276/276
f 547/547/547 759/759/759 153/153/153
f 663/663/663 305/305/305 632/632/632
f 24/24/24 23/23/23 216/216/216
f 504/504/504 395/395/395 724/724/724
f 650/650/650 1016/1016/1016 304/304/304
f 995/995/995 435/435/435 713/713/713
f 705/705/705 228/228/228 163/163/163
f 435/435/435 466/466/466 660/660/660
f 250/250/250 616/616/616 567/567/567
f 508/508/508 492/492/492 419/419/419
f 295/295/295 287/287/287 682/682/682
f 1035/1035/1035 301/301/301 943/943/943
f 365/365/365 1102/1102/1102 1017/1017/1017
f 143/143/143 83/83/83 585/585/585
f 187/187/187 838/838/838 275/275/275
f 458/458/458 988/988/988 396/396/396
f 851/851/851 122/122/122 343/343/343
f 1057/1057/1057 35/35/35 1047/1047/1047
f 506/506/506 1030/1030/1030 1028/1028/1028
f 244/244/244 518/518/518 980/980/980
f 253/253/253 815/815/815 249/249/249
f 791/791/791 197/197/197 826/826/826
f 894/894/894 935/935/935 241/241/241
f 187/187/187 1008/1008/1008 184/184/184
f 425/425/425 621/621/621 218/218/218
f 921/921/921 350/350/350 792/792/792
f 919/919/919 965/965/965 490/490/490
f 942/942/942 844/844/844 694/694/694
f 629/629/629 409/409/409 574/574/574
f 672/672/672 476/476/476 536/536/536
f 543/543/543 413/413/413 450/450/450
f 95/95/95 291/291/291 96/96/96
f 906/906/906 605/605/605 637/637/637
f 351/351/351 1071/1071/1071 717/717/717
f 411/411/411 758/758/758 316/316/316
f 864/864/864 632/632/632 238/238/238
f 1027/1027/1027 531/531/531 284/284/284
f 792/792/792 341/341/341 647/647/647
f 640/640/640 235/235/235 755/755/755
f 428/428/428 788/788/788 1077/1077/1077
f 767/767/767 259/259/259 912/912/912
f 912/912/912 259/259/259 903/903/903
f 949/949/949 543/543/543 450/450/450
f 393/393/393 595/595/595 855/855/855
f 999/999/999 509/509/509 887/887/887
f 711/711/711 443/443/443 498/498/498
f 664/664/664 722/722/722 842/842/842
f 1087/1087/1087 900/900/900 171/171/171
f 598/598/598 986/986/986 659/659/659
f 180/180/180 428/428/428 1096/1096/1096
f 195/195/195 539/539/539 1104/1104/1104
f 241/241/241 656/656/656 275/275/275
f 144/144/144 974/974/974 237/237/237
f 483/483/483 577/577/577 592/592/592
f 81/81/81 564/564/564 464/464/464
f 316/316/316 882/882/882 616/616/616
f 825/825/825 376/376/376 89/89/89
f 255/255/255 883/883/883 385/385/385
f 198/198/198 594/594/594 520/520/520
f 552/552/552 386/386/386 987/987/987
f 1090/1090/1090 515/515/515 1067/1067/1067
f 875/875/875 382/382/382 601/601/601
f 210/210/210 732/732/732 225/225/225
f 656/656/656 756/756/756 824/824/824
f 893/893/893 532/532/532 172/172/172
f 132/132/132 243/243/243 420/420/420
f 673/673/673 515/515/515 572/572/572
f 251/251/251 1100/1100/1100 447/447/447
f 901/901/901 342/342/342 487/487/487
f 663/663/663 632/632/632 555/555/555
f 628/628/628 761/761/761 406/406/406
f 650/650/650 1098/1098/1098 418/418/418
f 240/240/240 45/45/45 869/869/869
f 207/207/207 160/160/160 140/140/140
f 820/820/820 481/481/481 162/162/162
f 642/642/642 307/307/307 382/382/382
f 869/869/869 290/290/290 240/240/240
f 140/140/140 240/240/240 290/290/290
f 978/978/978 727/727/727 116/116/116
f 1040/1040/1040 1013/1013/1013 516/516/516
f 561/561/561 234/234/234 121/121/121
f 237/237/237 607/607/607 144/144/144
f 1005/1005/1005 753/753/753 192/192/192
f 192/192/192 548/548/548 431/431/431
f 860/860/860 963/963/963 836/836/836
f 907/907/907 432/432/432 658/658/658
f 124/124/124 4/4/4 298/298/298
f 298/298/298 907/907/907 835/835/835
f 754/754/754 185/185/185 292/292/292
f 1095/1095/1095 517/517/517 951/951/951
f 415/415/415 660/660/660 558/558/558
f 208/208/208 415/415/415 401/401/401
f 937/937/937 310/310/310 299/299/299
f 613/613/613 301/301/301 1035/1035/1035
f 667/667/667 455/455/455 715/715/715
f 750/750/750 629/629/629 227/227/227
f 723/723/723 1002/1002/1002 168/168/168
f 240/240/240 716/716/716 46/46/46
f 800/800/800 1034/1034/1034 797/797/797
f 533/533/533 474/474/474 155/155/155
f 420/420/420 177/177/177 132/132/132
f 930/930/930 486/486/486 898/898/898
f 351/351/351 717/717/717 252/252/252
f 157/157/157 707/707/707 214/214/214
f 1009/1009/1009 508/508/508 744/744/744
f 617/617/617 329/329/329 393/393/393
f 545/545/545 1029/1029/1029 37/37/37
f 1031/1031/1031 649/649/649 440/440/440
f 364/364/364 967/967/967 379/379/379
f 1062/1062/1062 884/884/884 493/493/493
f 920/920/920 1104/1104/1104 350/350/350
f 946/946/946 843/843/843 726/726/726
f 948/948/948 85/85/85 84/84/84
f 692/692/692 770/770/770 245/245/245
f 267/267/267 271/271/271 845/845/845
f 774/774/774 922/922/922 204/204/204
f 356/356/356 109/109/109 395/395/395
f 867/867/867 1021/1021/1021 323/323/323
f 59/59/59 58/58/58 244/244/244
f 695/695/695 132/132/132 177/177/177
f 820/820/820 162/162/162 335/335/335
f 987/987/987 830/830/830 714/714/714
f 849/849/849 467/467/467 316/316/316
f 389/389/389 719/719/719 286/286/286
f 1003/1003/1003 274/274/274 884/884/884
f 278/278/278 305/305/305 512/512/512
f 1027/1027/1027 284/284/284 1051/1051/1051
f 762/762/762 1049/1049/1049 1090/1090/1090
f 414/414/414 281/281/281 789/789/789
f 303/303/303 1060/1060/1060 294/294/294
f 924/924/924 542/542/542 442/442/442
f 209/209/209 1043/1043/1043 659/659/659
f 7/7/7 964/964/964 8/8/8
f 935/935/935 656/656/656 241/241/241
f 2/2/2 1/1/1 503/503/503
f 824/824/824 148/148/148 275/275/275
f 397/397/397 479/479/479 310/310/310
f 208/208/208 401/401/401 206/206/206
f 794/794/794 181/181/181 557/557/557
f 194/194/194 898/898/898 263/263/263
f 716/716/716 240/240/240 140/140/140
f 424/424/424 730/730/730 400/400/400
f 1019/1019/1019 451/451/451 936/936/936
f 647/647/647 341/341/341 342/342/342
f 939/939/939 673/673/673 517/517/517
f 721/721/721 993/993/993 688/688/688
f 1084/1084/1084 1063/1063/1063 833/833/833
f 738/738/738 1084/1084/1084 833/833/833
f 755/755/755 156/156/156 795/795/795
f 154/154/154 525/525/525 680/680/680
f 221/221/221 189/189/189 179/179/179
f 478/478/478 891/891/891 495/495/495
f 801/801/801 703/703/703 331/331/331
f 863/863/863 661/661/661 641/641/641
f 608/608/608 983/983/983 1039/1039/1039
f 216/216/216 764/764/764 25/25/25
f 296/296/296 871/871/871 297/297/297
f 696/696/696 613/613/613 719/719/719
f 120/120/120 815/815/815 808/808/808
f 1030/1030/1030 782/782/782 645/645/645
f 151/151/151 346/346/346 816/816/816
f 991/991/991 733/733/733 494/494/494
f 120/120/120 784/784/784 814/814/814
f 671/671/671 486/486/486 930/930/930
f 829/829/829 1011/1011/1011 929/929/929
f 416/416/416 764/764/764 809/809/809
f 1004/1004/1004 77/77/77 76/76/76
f 748/748/748 1005/1005/1005 707/707/707
f 562/562/562 296/296/296 534/534/534
f 264/264/264 485/485/485 283/283/283
f 173/173/173 116/116/116 408/408/408
f 830/830/830 565/565/565 362/362/362
f 130/130/130 1064/1064/1064 776/776/776
f 1038/1038/1038 293/293/293 504/504/504
f 968/968/968 184/184/184 905/905/905
f 672/672/672 536/536/536 131/131/131
f 139/139/139 114/114/114 364/364/364
f 822/822/822 183/183/183 1054/1054/1054
f 693/693/693 367/367/367 603/603/603
f 900/900/900 1087/1087/1087 1024/1024/1024
f 903/903/903 498/498/498 573/573/573
f 1011/1011/1011 851/851/851 879/879/879
f 891/891/891 478/478/478 998/998/998
f 979/979/979 726/726/726 843/843/843
f 965/965/965 673/673/673 572/572/572
f 740/740/740 100/100/100 246/246/246
f 819/819/819 783/783/783 714/714/714
f 571/571/571 755/755/755 742/742/742
f 452/452/452 748/748/748 337/337/337
f 677/677/677 249/249/249 815/815/815
f 411/411/411 250/250/250 772/772/772
f 709/709/709 770/770/770 579/579/579
f 489/489/489 172/172/172 129/129/129
f 927/927/927 250/250/250 567/567/567
f 423/423/423 540/540/540 555/555/555
f 640/640/640 475/475/475 461/461/461
f 1049/1049/1049 762/762/762 936/936/936
f 246/246/246 99/99/99 746/746/746
f 986/986/986 925/925/925 938/938/938
f 145/145/145 699/699/699 804/804/804
f 323/323/323 1033/1033/1033 867/867/867
f 344/344/344 246/246/246 746/746/746
f 172/172/172 808/808/808 129/129/129
f 737/737/737 436/436/436 166/166/166
f 1004/1004/1004 513/513/513 551/551/551
f 510/510/510 878/878/878 390/390/390
f 166/166/166 1079/1079/1079 231/231/231
f 1004/1004/1004 551/551/551 690/690/690
f 469/469/469 182/182/182 174/174/174
f 77/77/77 1004/1004/1004 171/171/171
f 923/923/923 771/771/771 888/888/888
f 542/542/542 316/316/316 758/758/758
f 101/101/101 284/284/284 531/531/531
f 344/344/344 1090/1090/1090 1067/1067/1067
f 351/351/351 599/599/599 747/747/747
f 1002/1002/1002 49/49/49 168/168/168
f 211/211/211 34/34/34 33/33/33
f 914/914/914 482/482/482 865/865/865
f 957/957/957 48/48/48 407/407/407
f 787/787/787 671/671/671 723/723/723
f 996/996/996 561/561/561 845/845/845
f 1096/1096/1096 1077/1077/1077 895/895/895
f 751/751/751 586/586/586 348/348/348
f 343/343/343 541/541/541 879/879/879
f 752/752/752 381/381/381 638/638/638
f 135/135/135 632/632/632 305/305/305
f 678/678/678 247/247/247 604/604/604
f 691/691/691 604/604/604 247/247/247
f 903/903/903 711/711/711 498/498/498
f 767/767/767 127/127/127 310/310/310
f 409/409/409 476/476/476 574/574/574
f 987/987/987 386/386/386 830/830/830
f 571/571/571 498/498/498 443/443/443
f 1037/1037/1037 613/613/613 696/696/696
f 536/536/536 476/476/476 409/409/409
f 726/726/726 979/979/979 499/499/499
f 92/92/92 543/543/543 93/93/93
f 1104/1104/1104 539/539/539 1095/1095/1095
f 992/992/992 341/341/341 954/954/954
f 752/752/752 1033/1033/1033 859/859/859
f 968/968/968 905/905/905 110/110/110
f 836/836/836 338/338/338 104/104/104
f 136/136/136 687/687/687 710/710/710
f 354/354/354 337/337/337 748/748/748
f 742/742/742 235/235/235 379/379/379
f 692/692/692 201/201/201 165/165/165
f 1044/1044/1044 834/834/834 914/914/914
f 40/40/40 39/39/39 158/158/158
f 801/801/801 331/331/331 468/468/468
f 678/678/678 468/468/468 247/247/247
f 762/762/762 371/371/371 936/936/936
f 702/702/702 1052/1052/1052 992/992/992
f 597/597/597 781/781/781 186/186/186
f 622/622/622 561/561/561 121/121/121
f 604/604/604 691/691/691 1070/1070/1070
f 598/598/598 461/461/461 475/475/475
f 920/920/920 350/350/350 921/921/921
f 1066/1066/1066 822/822/822 861/861/861
f 979/979/979 631/631/631 499/499/499
f 349/349/349 921/921/921 292/292/292
f 965/965/965 572/572/572 490/490/490
f 1067/1067/1067 681/681/681 344/344/344
f 115/115/115 1033/1033/1033 624/624/624
f 404/404/404 97/97/97 371/371/371
f 596/596/596 470/470/470 917/917/917
f 734/734/734 1085/1085/1085 994/994/994
f 1054/1054/1054 183/183/183 526/526/526
f 861/861/861 822/822/822 175/175/175
f 340/340/340 568/568/568 820/820/820
f 833/833/833 23/23/23 22/22/22
f 484/484/484 944/944/944 224/224/224
f 1025/1025/1025 675/675/675 456/456/456
f 622/622/622 359/359/359 597/597/597
f 683/683/683 32/32/32 586/586/586
f 445/445/445 609/609/609 549/549/549
f 445/445/445 192/192/192 753/753/753
f 214/214/214 972/972/972 157/157/157
f 780/780/780 590/590/590 74/74/74
f 872/872/872 1074/1074/1074 471/471/471
f 196/196/196 364/364/364 114/114/114
f 362/362/362 631/631/631 714/714/714
f 487/487/487 254/254/254 901/901/901
f 162/162/162 481/481/481 757/757/757
f 781/781/781 566/566/566 220/220/220
f 981/981/981 584/584/584 217/217/217
f 152/152/152 198/198/198 958/958/958
f 311/311/311 1018/1018/1018 602/602/602
f 779/779/779 593/593/593 588/588/588
f 1065/1065/1065 639/639/639 645/645/645
f 554/554/554 909/909/909 885/885/885
f 451/451/451 324/324/324 828/828/828
f 363/363/363 164/164/164 500/500/500
f 341/341/341 951/951/951 919/919/919
f 835/835/835 658/658/658 462/462/462
f 855/855/855 617/617/617 393/393/393
f 1049/1049/1049 451/451/451 828/828/828
f 219/219/219 928/928/928 655/655/655
f 134/134/134 587/587/587 318/318/318
f 265/265/265 577/577/577 212/212/212
f 997/997/997 279/279/279 811/811/811
f 1005/1005/1005 192/192/192 214/214/214
f 926/926/926 1035/1035/1035 700/700/700
f 658/658/658 248/248/248 720/720/720
f 1041/1041/1041 805/805/805 326/326/326
f 802/802/802 587/587/587 134/134/134
f 552/552/552 293/293/293 217/217/217
f 436/436/436 1079/1079/1079 166/166/166
f 870/870/870 1102/1102/1102 365/365/365
f 634/634/634 237/237/237 188/188/188
f 1094/1094/1094 384/384/384 911/911/911
f 931/931/931 252/252/252 477/477/477
f 684/684/684 953/953/953 252/252/252
f 450/450/450 251/251/251 447/447/447
f 453/453/453 1050/1050/1050 487/487/487
f 203/203/203 315/315/315 106/106/106
f 501/501/501 848/848/848 499/499/499
f 775/775/775 866/866/866 803/803/803
f 1093/1093/1093 414/414/414 1087/1087/1087
f 205/205/205 723/723/723 398/398/398
f 614/614/614 207/207/207 140/140/140
f 623/623/623 296/296/296 562/562/562
f 1000/1000/1000 448/448/448 505/505/505
f 362/362/362 714/714/714 830/830/830
f 21/21/21 213/213/213 738/738/738
f 753/753/753 1005/1005/1005 1015/1015/1015
f 514/514/514 1026/1026/1026 336/336/336
f 520/520/520 594/594/594 832/832/832
f 356/356/356 987/987/987 714/714/714
f 958/958/958 198/198/198 520/520/520
f 568/568/568 1038/1038/1038 314/314/314
f 943/943/943 301/301/301 521/521/521
f 193/193/193 847/847/847 858/858/858
f 125/125/125 780/780/780 853/853/853
f 956/956/956 71/71/71 70/70/70
f 752/752/752 859/859/859 381/381/381
f 372/372/372 689/689/689 1088/1088/1088
f 619/619/619 6/6/6 576/576/576
f 1069/1069/1069 652/652/652 323/323/323
f 404/404/404 371/371/371 762/762/762
f 768/768/768 873/873/873 447/447/447
f 550/550/550 151/151/151 743/743/743
f 1092/1092/1092 917/917/917 680/680/680
f 806/806/806 32/32/32 683/683/683
f 308/308/308 424/424/424 1032/1032/1032
f 785/785/785 872/872/872 345/345/345
f 436/436/436 260/260/260 1079/1079/1079
f 686/686/686 357/357/357 459/459/459
f 864/864/864 423/423/423 555/555/555
f 515/515/515 380/380/380 1067/1067/1067
f 702/702/702 150/150/150 463/463/463
f 595/595/595 771/771/771 923/923/923
f 976/976/976 942/942/942 694/694/694
f 880/880/880 229/229/229 410/410/410
f 917/917/917 769/769/769 1091/1091/1091
f 564/564/564 789/789/789 626/626/626
f 336/336/336 86/86/86 304/304/304
f 778/778/778 346/346/346 521/521/521
f 1083/1083/1083 228/228/228 705/705/705
f 268/268/268 1054/1054/1054 526/526/526
f 425/425/425 543/543/543 92/92/92
f 577/577/577 691/691/691 212/212/212
f 705/705/705 696/696/696 719/719/719
f 202/202/202 433/433/433 874/874/874
f 1016/1016/1016 567/567/567 982/982/982
f 449/449/449 20/20/20 19/19/19
f 821/821/821 726/726/726 480/480/480
f 951/951/951 341/341/341 792/792/792
f 1039/1039/1039 776/776/776 897/897/897
f 589/589/589 398/398/398 327/327/327
f 969/969/969 787/787/787 957/957/957
f 1307/1307/1307 1780/1780/1780 2137/2137/2137
f 1707/1707/1707 1111/1111/1111 1110/1110/1110
f 1986/1986/1986 1518/1518/1518 1717/1717/1717
f 1753/1753/1753 1330/1330/1330 2005/2005/2005
f 1970/1970/1970 1393/1393/1393 1771/1771/1771
f 1535/1535/1535 2159/2159/2159 1405/1405/1405
f 1481/1481/1481 2187/2187/2187 2073/2073/2073
f 1482/1482/1482 1440/1440/1440 1114/1114/1114
f 1108/1108/1108 2099/2099/2099 1109/1109/1109
f 1644/1644/1644 1424/1424/1424 1630/1630/1630
f 1904/1904/1904 1584/1584/1584 1800/1800/1800
f 1226/1226/1226 1675/1675/1675 1825/1825/1825
f 1120/1120/1120 1119/1119/1119 1951/1951/1951
f 1950/1950/1950 1402/1402/1402 1850/1850/1850
f 1789/1789/1789 1686/1686/1686 2112/2112/2112
f 2076/2076/2076 1485/1485/1485 1694/1694/1694
f 2125/2125/2125 1994/1994/1994 1596/1596/1596
f 1994/1994/1994 1268/1268/1268 1760/1760/1760
f 1449/1449/1449 1437/1437/1437 1409/1409/1409
f 2119/2119/2119 1587/1587/1587 2014/2014/2014
f 1347/1347/1347 1485/1485/1485 2076/2076/2076
f 1279/1279/1279 1366/1366/1366 2128/2128/2128
f 1416/1416/1416 1409/1409/1409 1562/1562/1562
f 1129/1129/1129 1246/1246/1246 2076/2076/2076
f 1574/1574/1574 1337/1337/1337 1542/1542/1542
f 1944/1944/1944 1651/1651/1651 1258/1258/1258
f 1219/1219/1219 2189/2189/2189 2002/2002/2002
f 2039/2039/2039 1287/1287/1287 1888/1888/1888
f 2107/2107/2107 1602/1602/1602 1615/1615/1615
f 2150/2150/2150 1214/1214/1214 2040/2040/2040
f 2209/2209/2209 2115/2115/2115 1705/1705/1705
f 1132/1132/1132 2202/2202/2202 1133/1133/1133
f 1469/1469/1469 1140/1140/1140 1139/1139/1139
f 1572/1572/1572 2110/2110/2110 1264/1264/1264
f 1350/1350/1350 1679/1679/1679 1895/1895/1895
f 2040/2040/2040 1214/1214/1214 2030/2030/2030
f 1865/1865/1865 1795/1795/1795 1563/1563/1563
f 2036/2036/2036 1591/1591/1591 1410/1410/1410
f 1818/1818/1818 2045/2045/2045 1213/1213/1213
f 1591/1591/1591 1336/1336/1336 1803/1803/1803
f 2096/2096/2096 1700/1700/1700 1494/1494/1494
f 1987/1987/1987 1335/1335/1335 2060/2060/2060
f 1614/1614/1614 1749/1749/1749 1391/1391/1391
f 1550/1550/1550 2109/2109/2109 1429/1429/1429
f 1391/1391/1391 2107/2107/2107 2201/2201/2201
f 1759/1759/1759 1843/1843/1843 1577/1577/1577
f 1146/1146/1146 1738/1738/1738 1494/1494/1494
f 2165/2165/2165 1696/1696/1696 1631/1631/1631
f 1558/1558/1558 1443/1443/1443 1641/1641/1641
f 1382/1382/1382 1324/1324/1324 1338/1338/1338
f 2046/2046/2046 1274/1274/1274 1880/1880/1880
f 1155/1155/1155 1344/1344/1344 1553/1553/1553
f 1819/1819/1819 1443/1443/1443 1558/1558/1558
f 1718/1718/1718 1808/1808/1808 1864/1864/1864
f 1153/1153/1153 2146/2146/2146 1443/1443/1443
f 1924/1924/1924 1713/1713/1713 1952/1952/1952
f 2013/2013/2013 1544/1544/1544 1352/1352/1352
f 2190/2190/2190 1163/1163/1163 1162/1162/1162
f 1933/1933/1933 1539/1539/1539 1376/1376/1376
f 1274/1274/1274 1823/1823/1823 1695/1695/1695
f 1660/1660/1660 1864/1864/1864 2141/2141/2141
f 1660/1660/1660 1303/1303/1303 2197/2197/2197
f 1605/1605/1605 1303/1303/1303 1266/1266/1266
f 1360/1360/1360 1212/1212/1212 1487/1487/1487
f 1219/1219/1219 1733/1733/1733 1828/1828/1828
f 2094/2094/2094 1523/1523/1523 1668/1668/1668
f 1735/1735/1735 1552/1552/1552 1942/1942/1942
f 1896/1896/1896 1875/1875/1875 2193/2193/2193
f 1212/1212/1212 1845/1845/1845 1233/1233/1233
f 1978/1978/1978 1354/1354/1354 1721/1721/1721
f 2083/2083/2083 1323/1323/1323 1914/1914/1914
f 1809/1809/1809 1427/1427/1427 2172/2172/2172
f 1908/1908/1908 1299/1299/1299 1275/1275/1275
f 2117/2117/2117 1372/1372/1372 1249/1249/1249
f 1966/1966/1966 1396/1396/1396 1784/1784/1784
f 1372/1372/1372 1844/1844/1844 1249/1249/1249
f 1647/1647/1647 1852/1852/1852 1529/1529/1529
f 1435/1435/1435 2053/2053/2053 1995/1995/1995
f 2206/2206/2206 1595/1595/1595 2147/2147/2147
f 1249/1249/1249 2055/2055/2055 1269/1269/1269
f 2148/2148/2148 1325/1325/1325 1331/1331/1331
f 1742/1742/1742 1300/1300/1300 2179/2179/2179
f 1811/1811/1811 2006/2006/2006 1661/1661/1661
f 1184/1184/1184 2206/2206/2206 1185/1185/1185
f 1522/1522/1522 2009/2009/2009 1585/1585/1585
f 1339/1339/1339 1556/1556/1556 1516/1516/1516
f 1422/1422/1422 1356/1356/1356 1385/1385/1385
f 1193/1193/1193 1971/1971/1971 1194/1194/1194
f 1414/1414/1414 1948/1948/1948 1450/1450/1450
f 1385/1385/1385 1911/1911/1911 1676/1676/1676
f 1295/1295/1295 1198/1198/1198 1820/1820/1820
f 1975/1975/1975 1899/1899/1899 2095/2095/2095
f 1585/1585/1585 2009/2009/2009 1252/1252/1252
f 1199/1199/1199 1773/1773/1773 1200/1200/1200
f 1741/1741/1741 1737/1737/1737 1381/1381/1381
f 1753/1753/1753 1202/1202/1202 1330/1330/1330
f 1969/1969/1969 2072/2072/2072 1728/1728/1728
f 1317/1317/1317 2012/2012/2012 1560/1560/1560
f 1318/1318/1318 1302/1302/1302 1609/1609/1609
f 2154/2154/2154 1730/1730/1730 2140/2140/2140
f 2103/2103/2103 1205/1205/1205 2071/2071/2071
f 1270/1270/1270 1348/1348/1348 1492/1492/1492
f 1270/1270/1270 1903/1903/1903 1108/1108/1108
f 1415/1415/1415 2188/2188/2188 1658/1658/1658
f 2100/2100/2100 1429/1429/1429 1364/1364/1364
f 2197/2197/2197 1283/1283/1283 1660/1660/1660
f 1543/1543/1543 1376/1376/1376 1368/1368/1368
f 1879/1879/1879 2060/2060/2060 1127/1127/1127
f 1944/1944/1944 1400/1400/1400 2202/2202/2202
f 1136/1136/1136 1928/1928/1928 1137/1137/1137
f 1332/1332/1332 1293/1293/1293 2026/2026/2026
f 1491/1491/1491 1898/1898/1898 1885/1885/1885
f 1794/1794/1794 1291/1291/1291 1121/1121/1121
f 1559/1559/1559 1965/1965/1965 1806/1806/1806
f 1522/1522/1522 1973/1973/1973 1451/1451/1451
f 1306/1306/1306 2121/2121/2121 1861/1861/1861
f 1842/1842/1842 1770/1770/1770 1486/1486/1486
f 1723/1723/1723 1488/1488/1488 1580/1580/1580
f 1857/1857/1857 2026/2026/2026 1827/1827/1827
f 1987/1987/1987 1645/1645/1645 1335/1335/1335
f 1912/1912/1912 1792/1792/1792 2185/2185/2185
f 1941/1941/1941 1578/1578/1578 1417/1417/1417
f 1902/1902/1902 2142/2142/2142 1256/1256/1256
f 1930/1930/1930 1810/1810/1810 1910/1910/1910
f 1318/1318/1318 1419/1419/1419 2120/2120/2120
f 2178/2178/2178 2029/2029/2029 2088/2088/2088
f 1663/1663/1663 1950/1950/1950 1697/1697/1697
f 1278/1278/1278 1697/1697/1697 1472/1472/1472
f 1319/1319/1319 1945/1945/1945 1726/1726/1726
f 1446/1446/1446 1354/1354/1354 1978/1978/1978
f 2115/2115/2115 1217/1217/1217 1430/1430/1430
f 1162/1162/1162 1304/1304/1304 1225/1225/1225
f 1821/1821/1821 1471/1471/1471 1672/1672/1672
f 1815/1815/1815 1603/1603/1603 1541/1541/1541
f 1324/1324/1324 1274/1274/1274 1338/1338/1338
f 1929/1929/1929 1894/1894/1894 1229/1229/1229
f 2048/2048/2048 1797/1797/1797 1218/1218/1218
f 1958/1958/1958 1700/1700/1700 2096/2096/2096
f 1955/1955/1955 1952/1952/1952 2199/2199/2199
f 2002/2002/2002 1981/1981/1981 1565/1565/1565
f 1513/1513/1513 2023/2023/2023 1236/1236/1236
f 1459/1459/1459 1259/1259/1259 1231/1231/1231
f 1344/1344/1344 1558/1558/1558 1232/1232/1232
f 1738/1738/1738 1145/1145/1145 1577/1577/1577
f 1152/1152/1152 1765/1765/1765 2146/2146/2146
f 2183/2183/2183 1924/1924/1924 1774/1774/1774
f 1157/1157/1157 1870/1870/1870 1158/1158/1158
f 1876/1876/1876 2084/2084/2084 1589/1589/1589
f 1235/1235/1235 1359/1359/1359 1229/1229/1229
f 1233/1233/1233 1939/1939/1939 1236/1236/1236
f 2129/2129/2129 1523/1523/1523 1415/1415/1415
f 2142/2142/2142 1334/1334/1334 1256/1256/1256
f 1513/1513/1513 1750/1750/1750 1489/1489/1489
f 1866/1866/1866 1997/1997/1997 1545/1545/1545
f 1397/1397/1397 1817/1817/1817 1781/1781/1781
f 1791/1791/1791 1639/1639/1639 1786/1786/1786
f 1564/1564/1564 2075/2075/2075 2032/2032/2032
f 1630/1630/1630 2144/2144/2144 1644/1644/1644
f 1842/1842/1842 2195/2195/2195 1816/1816/1816
f 1516/1516/1516 1500/1500/1500 1339/1339/1339
f 1592/1592/1592 1444/1444/1444 1435/1435/1435
f 2105/2105/2105 1239/1239/1239 1275/1275/1275
f 1715/1715/1715 1711/1711/1711 1629/1629/1629
f 2169/2169/2169 1676/1676/1676 1355/1355/1355
f 1559/1559/1559 1835/1835/1835 1473/1473/1473
f 1660/1660/1660 1283/1283/1283 1864/1864/1864
f 1781/1781/1781 1817/1817/1817 2193/2193/2193
f 1141/1141/1141 1756/1756/1756 1316/1316/1316
f 2079/2079/2079 1137/1137/1137 1841/1841/1841
f 1948/1948/1948 1911/1911/1911 2191/2191/2191
f 1661/1661/1661 1638/1638/1638 1885/1885/1885
f 2135/2135/2135 1992/1992/1992 2061/2061/2061
f 1176/1176/1176 1175/1175/1175 1438/1438/1438
f 1293/1293/1293 1822/1822/1822 2042/2042/2042
f 1763/1763/1763 1524/1524/1524 1657/1657/1657
f 1741/1741/1741 1782/1782/1782 1737/1737/1737
f 1769/1769/1769 2155/2155/2155 1716/1716/1716
f 2013/2013/2013 1471/1471/1471 1383/1383/1383
f 1718/1718/1718 2052/2052/2052 1808/1808/1808
f 1381/1381/1381 1426/1426/1426 2106/2106/2106
f 2021/2021/2021 1681/1681/1681 1995/1995/1995
f 1581/1581/1581 1555/1555/1555 1383/1383/1383
f 1688/1688/1688 1230/1230/1230 1404/1404/1404
f 1306/1306/1306 1125/1125/1125 1684/1684/1684
f 1126/1126/1126 1879/1879/1879 1127/1127/1127
f 1559/1559/1559 1806/1806/1806 1664/1664/1664
f 1407/1407/1407 1301/1301/1301 1590/1590/1590
f 1337/1337/1337 1814/1814/1814 1542/1542/1542
f 1574/1574/1574 1296/1296/1296 1537/1537/1537
f 1527/1527/1527 1319/1319/1319 1909/1909/1909
f 1942/1942/1942 1992/1992/1992 1735/1735/1735
f 1665/1665/1665 1643/1643/1643 1992/1992/1992
f 2066/2066/2066 1946/1946/1946 2128/2128/2128
f 1565/1565/1565 1251/1251/1251 1340/1340/1340
f 1219/1219/1219 1565/1565/1565 1733/1733/1733
f 1317/1317/1317 2003/2003/2003 1778/1778/1778
f 1560/1560/1560 2005/2005/2005 2003/2003/2003
f 2002/2002/2002 1645/1645/1645 1536/1536/1536
f 2192/2192/2192 1639/1639/1639 1514/1514/1514
f 1312/1312/1312 1864/1864/1864 1283/1283/1283
f 1259/1259/1259 1713/1713/1713 1667/1667/1667
f 2097/2097/2097 1554/1554/1554 1891/1891/1891
f 1999/1999/1999 1426/1426/1426 1381/1381/1381
f 2056/2056/2056 1711/1711/1711 1445/1445/1445
f 1362/1362/1362 1520/1520/1520 2210/2210/2210
f 1261/1261/1261 1436/1436/1436 1465/1465/1465
f 1709/1709/1709 1914/1914/1914 1172/1172/1172
f 1571/1571/1571 1319/1319/1319 1726/1726/1726
f 2172/2172/2172 2006/2006/2006 1811/1811/1811
f 2204/2204/2204 1272/1272/1272 2168/2168/2168
f 1246/1246/1246 1568/1568/1568 1833/1833/1833
f 1952/1952/1952 1955/1955/1955 2198/2198/2198
f 1576/1576/1576 1619/1619/1619 1493/1493/1493
f 2094/2094/2094 1632/1632/1632 1165/1165/1165
f 1875/1875/1875 1896/1896/1896 1311/1311/1311
f 1339/1339/1339 1851/1851/1851 1590/1590/1590
f 1349/1349/1349 2028/2028/2028 1674/1674/1674
f 1481/1481/1481 2139/2139/2139 1111/1111/1111
f 1497/1497/1497 1112/1112/1112 2139/2139/2139
f 1853/1853/1853 2054/2054/2054 1547/1547/1547
f 1858/1858/1858 1396/1396/1396 1267/1267/1267
f 1697/1697/1697 1950/1950/1950 1850/1850/1850
f 1453/1453/1453 1107/1107/1107 1106/1106/1106
f 2064/2064/2064 2117/2117/2117 2114/2114/2114
f 1769/1769/1769 1685/1685/1685 1719/1719/1719
f 1293/1293/1293 2042/2042/2042 1401/1401/1401
f 1788/1788/1788 1949/1949/1949 2039/2039/2039
f 2207/2207/2207 1852/1852/1852 1263/1263/1263
f 1257/1257/1257 1560/1560/1560 2012/2012/2012
f 1920/1920/1920 1642/1642/1642 1599/1599/1599
f 1672/1672/1672 2058/2058/2058 1382/1382/1382
f 1271/1271/1271 1269/1269/1269 2010/2010/2010
f 1522/1522/1522 1585/1585/1585 1434/1434/1434
f 2142/2142/2142 1910/1910/1910 1725/1725/1725
f 1211/1211/1211 1478/1478/1478 1467/1467/1467
f 2156/2156/2156 2113/2113/2113 2018/2018/2018
f 1963/1963/1963 1579/1579/1579 1394/1394/1394
f 1348/1348/1348 1454/1454/1454 1701/1701/1701
f 1913/1913/1913 2153/2153/2153 1624/1624/1624
f 1582/1582/1582 1760/1760/1760 1268/1268/1268
f 1645/1645/1645 1329/1329/1329 1786/1786/1786
f 1278/1278/1278 2088/2088/2088 2029/2029/2029
f 2012/2012/2012 1569/1569/1569 1257/1257/1257
f 1259/1259/1259 1667/1667/1667 2167/2167/2167
f 1612/1612/1612 1311/1311/1311 1421/1421/1421
f 1723/1723/1723 1369/1369/1369 1768/1768/1768
f 2065/2065/2065 1537/1537/1537 1563/1563/1563
f 1232/1232/1232 1821/1821/1821 1672/1672/1672
f 1859/1859/1859 1211/1211/1211 1826/1826/1826
f 1981/1981/1981 1536/1536/1536 2062/2062/2062
f 1310/1310/1310 1424/1424/1424 1771/1771/1771
f 1907/1907/1907 1371/1371/1371 1758/1758/1758
f 1843/1843/1843 1758/1758/1758 1389/1389/1389
f 1539/1539/1539 1855/1855/1855 1487/1487/1487
f 1327/1327/1327 1795/1795/1795 1282/1282/1282
f 1788/1788/1788 2039/2039/2039 2034/2034/2034
f 2065/2065/2065 1563/1563/1563 1795/1795/1795
f 1611/1611/1611 2137/2137/2137 1604/1604/1604
f 2139/2139/2139 1112/1112/1112 1111/1111/1111
f 1329/1329/1329 1879/1879/1879 1943/1943/1943
f 1861/1861/1861 2121/2121/2121 1416/1416/1416
f 1483/1483/1483 1420/1420/1420 1863/1863/1863
f 1834/1834/1834 1669/1669/1669 1377/1377/1377
f 2120/2120/2120 1748/1748/1748 1318/1318/1318
f 2038/2038/2038 1561/1561/1561 1956/1956/1956
f 1715/1715/1715 1629/1629/1629 1626/1626/1626
f 1529/1529/1529 2117/2117/2117 2064/2064/2064
f 2050/2050/2050 1399/1399/1399 1804/1804/1804
f 1289/1289/1289 1991/1991/1991 1705/1705/1705
f 1610/1610/1610 1950/1950/1950 1663/1663/1663
f 1453/1453/1453 1270/1270/1270 1107/1107/1107
f 1806/1806/1806 1407/1407/1407 2068/2068/2068
f 2095/2095/2095 1899/1899/1899 1422/1422/1422
f 1460/1460/1460 1517/1517/1517 1286/1286/1286
f 1431/1431/1431 1929/1929/1929 1606/1606/1606
f 1545/1545/1545 1505/1505/1505 1866/1866/1866
f 1464/1464/1464 2138/2138/2138 1533/1533/1533
f 2203/2203/2203 1430/1430/1430 1217/1217/1217
f 2019/2019/2019 1401/1401/1401 1687/1687/1687
f 2053/2053/2053 1451/1451/1451 1973/1973/1973
f 1326/1326/1326 1434/1434/1434 1889/1889/1889
f 1178/1178/1178 1331/1331/1331 1325/1325/1325
f 2006/2006/2006 1427/1427/1427 2171/2171/2171
f 1999/1999/1999 1216/1216/1216 1240/1240/1240
f 1908/1908/1908 2009/2009/2009 1522/1522/1522
f 1666/1666/1666 1424/1424/1424 1310/1310/1310
f 1714/1714/1714 1662/1662/1662 1787/1787/1787
f 1412/1412/1412 1962/1962/1962 2037/2037/2037
f 1170/1170/1170 1311/1311/1311 1171/1171/1171
f 1443/1443/1443 2146/2146/2146 1641/1641/1641
f 1160/1160/1160 1408/1408/1408 1161/1161/1161
f 1734/1734/1734 1387/1387/1387 1457/1457/1457
f 1296/1296/1296 2032/2032/2032 2075/2075/2075
f 2143/2143/2143 1637/1637/1637 1428/1428/1428
f 1314/1314/1314 1416/1416/1416 1562/1562/1562
f 2033/2033/2033 1374/1374/1374 2017/2017/2017
f 1288/1288/1288 2139/2139/2139 1481/1481/1481
f 1776/1776/1776 1730/1730/1730 2154/2154/2154
f 1527/1527/1527 1887/1887/1887 1676/1676/1676
f 1278/1278/1278 2029/2029/2029 1832/1832/1832
f 1915/1915/1915 1240/1240/1240 2175/2175/2175
f 2018/2018/2018 1309/1309/1309 1740/1740/1740
f 1206/1206/1206 1627/1627/1627 1207/1207/1207
f 1477/1477/1477 2016/2016/2016 1489/1489/1489
f 1311/1311/1311 1170/1170/1170 1875/1875/1875
f 1236/1236/1236 1939/1939/1939 1513/1513/1513
f 1236/1236/1236 2023/2023/2023 1509/1509/1509
f 1334/1334/1334 2142/2142/2142 1540/1540/1540
f 2062/2062/2062 1536/1536/1536 1786/1786/1786
f 1946/1946/1946 1573/1573/1573 2185/2185/2185
f 2082/2082/2082 2041/2041/2041 1512/1512/1512
f 1951/1951/1951 1315/1315/1315 1120/1120/1120
f 1361/1361/1361 1624/1624/1624 1546/1546/1546
f 2164/2164/2164 1548/1548/1548 1469/1469/1469
f 1841/1841/1841 2164/2164/2164 1469/1469/1469
f 1909/1909/1909 1887/1887/1887 1527/1527/1527
f 2173/2173/2173 1988/1988/1988 1671/1671/1671
f 2029/2029/2029 1976/1976/1976 1549/1549/1549
f 2070/2070/2070 1954/1954/1954 2084/2084/2084
f 2154/2154/2154 1308/1308/1308 1475/1475/1475
f 1528/1528/1528 2174/2174/2174 1831/1831/1831
f 1525/1525/1525 1623/1623/1623 1932/1932/1932
f 1683/1683/1683 1624/1624/1624 1830/1830/1830
f 2026/2026/2026 1293/1293/1293 1373/1373/1373
f 1907/1907/1907 1391/1391/1391 1429/1429/1429
f 1377/1377/1377 1669/1669/1669 1495/1495/1495
f 1674/1674/1674 1457/1457/1457 1954/1954/1954
f 1311/1311/1311 1896/1896/1896 1421/1421/1421
f 1173/1173/1173 1323/1323/1323 1174/1174/1174
f 1774/1774/1774 1968/1968/1968 2157/2157/2157
f 1250/1250/1250 1232/1232/1232 1672/1672/1672
f 1180/1180/1180 1247/1247/1247 1181/1181/1181
f 2056/2056/2056 1501/1501/1501 1989/1989/1989
f 2206/2206/2206 1326/1326/1326 1595/1595/1595
f 1533/1533/1533 2138/2138/2138 1435/1435/1435
f 1622/1622/1622 2025/2025/2025 1968/1968/1968
f 2089/2089/2089 1314/1314/1314 1867/1867/1867
f 1328/1328/1328 1736/1736/1736 2209/2209/2209
f 1287/1287/1287 1990/1990/1990 1818/1818/1818
f 1714/1714/1714 1787/1787/1787 1770/1770/1770
f 1315/1315/1315 1121/1121/1121 1120/1120/1120
f 1475/1475/1475 1308/1308/1308 1887/1887/1887
f 2095/2095/2095 1197/1197/1197 1975/1975/1975
f 1427/1427/1427 1809/1809/1809 2063/2063/2063
f 1914/1914/1914 1323/1323/1323 1173/1173/1173
f 1749/1749/1749 1722/1722/1722 1228/1228/1228
f 2183/2183/2183 2157/2157/2157 1406/1406/1406
f 1932/1932/1932 1623/1623/1623 1530/1530/1530
f 1727/1727/1727 1923/1923/1923 1346/1346/1346
f 1733/1733/1733 1328/1328/1328 1828/1828/1828
f 1256/1256/1256 1340/1340/1340 1902/1902/1902
f 1314/1314/1314 1562/1562/1562 1867/1867/1867
f 2034/2034/2034 2039/2039/2039 1888/1888/1888
f 2031/2031/2031 1749/1749/1749 1614/1614/1614
f 2039/2039/2039 1476/1476/1476 1400/1400/1400
f 1256/1256/1256 1328/1328/1328 1733/1733/1733
f 2065/2065/2065 1795/1795/1795 1327/1327/1327
f 1870/1870/1870 1688/1688/1688 2007/2007/2007
f 1821/1821/1821 1641/1641/1641 1754/1754/1754
f 1590/1590/1590 1851/1851/1851 1969/1969/1969
f 1263/1263/1263 1852/1852/1852 1915/1915/1915
f 1787/1787/1787 1662/1662/1662 1218/1218/1218
f 1550/1550/1550 2127/2127/2127 1691/1691/1691
f 1866/1866/1866 1505/1505/1505 1720/1720/1720
f 1834/1834/1834 1525/1525/1525 1519/1519/1519
f 1391/1391/1391 2201/2201/2201 1429/1429/1429
f 1841/1841/1841 1597/1597/1597 2079/2079/2079
f 1487/1487/1487 1368/1368/1368 1376/1376/1376
f 1953/1953/1953 1894/1894/1894 1570/1570/1570
f 1281/1281/1281 2180/2180/2180 2001/2001/2001
f 1360/1360/1360 1855/1855/1855 2052/2052/2052
f 1241/1241/1241 1201/1201/1201 1200/1200/1200
f 1277/1277/1277 1963/1963/1963 1241/1241/1241
f 1464/1464/1464 1844/1844/1844 2207/2207/2207
f 1706/1706/1706 1378/1378/1378 2122/2122/2122
f 1285/1285/1285 1391/1391/1391 1749/1749/1749
f 1379/1379/1379 1775/1775/1775 1772/1772/1772
f 1670/1670/1670 2027/2027/2027 1717/1717/1717
f 2177/2177/2177 1454/1454/1454 2133/2133/2133
f 1947/1947/1947 1387/1387/1387 1877/1877/1877
f 2186/2186/2186 1320/1320/1320 1919/1919/1919
f 1316/1316/1316 1613/1613/1613 1892/1892/1892
f 1928/1928/1928 1841/1841/1841 1137/1137/1137
f 1651/1651/1651 1131/1131/1131 1130/1130/1130
f 1892/1892/1892 1395/1395/1395 1243/1243/1243
f 2007/2007/2007 1404/1404/1404 1508/1508/1508
f 1622/1622/1622 1968/1968/1968 1677/1677/1677
f 1839/1839/1839 2151/2151/2151 1281/1281/1281
f 1599/1599/1599 2129/2129/2129 1415/1415/1415
f 2061/2061/2061 1448/1448/1448 1493/1493/1493
f 1871/1871/1871 1510/1510/1510 2098/2098/2098
f 1394/1394/1394 1241/1241/1241 1963/1963/1963
f 1761/1761/1761 2078/2078/2078 2163/2163/2163
f 1473/1473/1473 1835/1835/1835 1470/1470/1470
f 1191/1191/1191 1190/1190/1190 1636/1636/1636
f 1936/1936/1936 1665/1665/1665 1926/1926/1926
f 1463/1463/1463 1300/1300/1300 1638/1638/1638
f 2064/2064/2064 1634/1634/1634 1363/1363/1363
f 2159/2159/2159 1498/1498/1498 2008/2008/2008
f 1266/1266/1266 1303/1303/1303 1660/1660/1660
f 1602/1602/1602 1285/1285/1285 1698/1698/1698
f 2180/2180/2180 1961/1961/1961 1616/1616/1616
f 1890/1890/1890 2061/2061/2061 1493/1493/1493
f 1656/1656/1656 1425/1425/1425 1637/1637/1637
f 2134/2134/2134 1771/1771/1771 1393/1393/1393
f 1570/1570/1570 1894/1894/1894 1675/1675/1675
f 1570/1570/1570 1477/1477/1477 1953/1953/1953
f 1305/1305/1305 1254/1254/1254 1980/1980/1980
f 1411/1411/1411 2178/2178/2178 2122/2122/2122
f 1974/1974/1974 1467/1467/1467 1442/1442/1442
f 1147/1147/1147 1146/1146/1146 1700/1700/1700
f 1335/1335/1335 1833/1833/1833 2060/2060/2060
f 2145/2145/2145 1350/1350/1350 2110/2110/2110
f 1901/1901/1901 1584/1584/1584 1437/1437/1437
f 1910/1910/1910 1563/1563/1563 1537/1537/1537
f 1223/1223/1223 1295/1295/1295 1820/1820/1820
f 1356/1356/1356 1899/1899/1899 2191/2191/2191
f 1503/1503/1503 1920/1920/1920 1588/1588/1588
f 1891/1891/1891 1554/1554/1554 2181/2181/2181
f 2043/2043/2043 1587/1587/1587 1744/1744/1744
f 1570/1570/1570 1675/1675/1675 2016/2016/2016
f 1541/1541/1541 1768/1768/1768 1815/1815/1815
f 1628/1628/1628 1795/1795/1795 1865/1865/1865
f 1146/1146/1146 1145/1145/1145 1738/1738/1738
f 1550/1550/1550 2201/2201/2201 2127/2127/2127
f 1260/1260/1260 1882/1882/1882 1247/1247/1247
f 1547/1547/1547 2054/2054/2054 1377/1377/1377
f 1442/1442/1442 1985/1985/1985 1517/1517/1517
f 1362/1362/1362 1506/1506/1506 1255/1255/1255
f 2126/2126/2126 2054/2054/2054 1853/1853/1853
f 1330/1330/1330 1202/1202/1202 1846/1846/1846
f 1466/1466/1466 1586/1586/1586 1635/1635/1635
f 1692/1692/1692 2047/2047/2047 1326/1326/1326
f 1487/1487/1487 1212/1212/1212 1368/1368/1368
f 1174/1174/1174 1586/1586/1586 1466/1466/1466
f 1762/1762/1762 1361/1361/1361 2118/2118/2118
f 1923/1923/1923 2080/2080/2080 1346/1346/1346
f 1977/1977/1977 2113/2113/2113 2156/2156/2156
f 1244/1244/1244 2122/2122/2122 1777/1777/1777
f 1698/1698/1698 1822/1822/1822 1602/1602/1602
f 1606/1606/1606 1327/1327/1327 1431/1431/1431
f 2155/2155/2155 1796/1796/1796 1716/1716/1716
f 1646/1646/1646 1721/1721/1721 1354/1354/1354
f 2088/2088/2088 1747/1747/1747 2178/2178/2178
f 1319/1319/1319 1527/1527/1527 1414/1414/1414
f 1961/1961/1961 1503/1503/1503 1352/1352/1352
f 1886/1886/1886 1230/1230/1230 1553/1553/1553
f 2129/2129/2129 1312/1312/1312 1668/1668/1668
f 1553/1553/1553 1232/1232/1232 1886/1886/1886
f 1844/1844/1844 1372/1372/1372 2207/2207/2207
f 1874/1874/1874 1730/1730/1730 1776/1776/1776
f 2095/2095/2095 1198/1198/1198 1197/1197/1197
f 1378/1378/1378 2156/2156/2156 2018/2018/2018
f 1830/1830/1830 1656/1656/1656 1617/1617/1617
f 1320/1320/1320 1535/1535/1535 2126/2126/2126
f 1883/1883/1883 1463/1463/1463 1375/1375/1375
f 2132/2132/2132 1926/1926/1926 1813/1813/1813
f 1907/1907/1907 1758/1758/1758 1614/1614/1614
f 1855/1855/1855 2141/2141/2141 1808/1808/1808
f 1373/1373/1373 1293/1293/1293 1401/1401/1401
f 1857/1857/1857 1211/1211/1211 1859/1859/1859
f 1429/1429/1429 2201/2201/2201 1550/1550/1550
f 1281/1281/1281 1517/1517/1517 1839/1839/1839
f 1148/1148/1148 1703/1703/1703 1149/1149/1149
f 1321/1321/1321 1881/1881/1881 1143/1143/1143
f 1946/1946/1946 1284/1284/1284 1279/1279/1279
f 2119/2119/2119 1905/1905/1905 2108/2108/2108
f 1901/1901/1901 1800/1800/1800 1584/1584/1584
f 1113/1113/1113 1482/1482/1482 1114/1114/1114
f 1846/1846/1846 1241/1241/1241 1394/1394/1394
f 1726/1726/1726 1680/1680/1680 1594/1594/1594
f 1265/1265/1265 2036/2036/2036 1578/1578/1578
f 1398/1398/1398 1140/1140/1140 1469/1469/1469
f 2205/2205/2205 1737/1737/1737 1782/1782/1782
f 1320/1320/1320 2126/2126/2126 1919/1919/1919
f 1539/1539/1539 1487/1487/1487 1376/1376/1376
f 2188/2188/2188 2024/2024/2024 1658/1658/1658
f 1139/1139/1139 1597/1597/1597 1469/1469/1469
f 1138/1138/1138 1597/1597/1597 1139/1139/1139
f 1759/1759/1759 2124/2124/2124 1702/1702/1702
f 1151/1151/1151 1765/1765/1765 1152/1152/1152
f 2168/2168/2168 1578/1578/1578 1957/1957/1957
f 1476/1476/1476 2149/2149/2149 2202/2202/2202
f 1148/1148/1148 1958/1958/1958 1972/1972/1972
f 2142/2142/2142 1725/1725/1725 1540/1540/1540
f 1538/1538/1538 2162/2162/2162 2112/2112/2112
f 1979/1979/1979 1440/1440/1440 1801/1801/1801
f 1771/1771/1771 1424/1424/1424 1644/1644/1644
f 1454/1454/1454 1798/1798/1798 1701/1701/1701
f 1642/1642/1642 1312/1312/1312 1599/1599/1599
f 1688/1688/1688 1157/1157/1157 1156/1156/1156
f 1604/1604/1604 1557/1557/1557 1456/1456/1456
f 1997/1997/1997 1866/1866/1866 2004/2004/2004
f 1880/1880/1880 1499/1499/1499 1588/1588/1588
f 1754/1754/1754 1555/1555/1555 1581/1581/1581
f 1868/1868/1868 1996/1996/1996 1551/1551/1551
f 1190/1190/1190 2086/2086/2086 1636/1636/1636
f 1404/1404/1404 2007/2007/2007 1688/1688/1688
f 1631/1631/1631 1566/1566/1566 2188/2188/2188
f 1447/1447/1447 1115/1115/1115 1440/1440/1440
f 1901/1901/1901 1437/1437/1437 1291/1291/1291
f 1803/1803/1803 1336/1336/1336 1793/1793/1793
f 1577/1577/1577 1843/1843/1843 1389/1389/1389
f 1948/1948/1948 1527/1527/1527 1911/1911/1911
f 1844/1844/1844 2055/2055/2055 1249/1249/1249
f 1576/1576/1576 1448/1448/1448 1262/1262/1262
f 1286/1286/1286 1953/1953/1953 1234/1234/1234
f 1966/1966/1966 1849/1849/1849 1341/1341/1341
f 1734/1734/1734 1457/1457/1457 1333/1333/1333
f 1878/1878/1878 1608/1608/1608 2174/2174/2174
f 1239/1239/1239 2105/2105/2105 2072/2072/2072
f 1408/1408/1408 1160/1160/1160 1766/1766/1766
f 1922/1922/1922 1478/1478/1478 1857/1857/1857
f 1334/1334/1334 1918/1918/1918 1736/1736/1736
f 1455/1455/1455 1565/1565/1565 1981/1981/1981
f 2036/2036/2036 1336/1336/1336 1591/1591/1591
f 1827/1827/1827 1542/1542/1542 1814/1814/1814
f 1887/1887/1887 1308/1308/1308 2059/2059/2059
f 1747/1747/1747 2156/2156/2156 1706/1706/1706
f 1739/1739/1739 2033/2033/2033 2017/2017/2017
f 2116/2116/2116 1532/1532/1532 1801/1801/1801
f 1393/1393/1393 2073/2073/2073 2134/2134/2134
f 1447/1447/1447 1440/1440/1440 1979/1979/1979
f 1716/1716/1716 1215/1215/1215 2097/2097/2097
f 1646/1646/1646 2011/2011/2011 1721/1721/1721
f 1403/1403/1403 2163/2163/2163 1925/1925/1925
f 2068/2068/2068 1407/1407/1407 1728/1728/1728
f 1648/1648/1648 2177/2177/2177 1209/1209/1209
f 2077/2077/2077 2092/2092/2092 1964/1964/1964
f 2078/2078/2078 1780/1780/1780 2123/2123/2123
f 1546/1546/1546 1302/1302/1302 1807/1807/1807
f 1437/1437/1437 1867/1867/1867 1562/1562/1562
f 2153/2153/2153 1743/1743/1743 1297/1297/1297
f 1931/1931/1931 2122/2122/2122 1378/1378/1378
f 1585/1585/1585 1252/1252/1252 1889/1889/1889
f 1640/1640/1640 1891/1891/1891 1552/1552/1552
f 1995/1995/1995 1592/1592/1592 1435/1435/1435
f 1125/1125/1125 1943/1943/1943 1879/1879/1879
f 1561/1561/1561 1315/1315/1315 1951/1951/1951
f 1952/1952/1952 1934/1934/1934 2199/2199/2199
f 1272/1272/1272 1888/1888/1888 1213/1213/1213
f 2026/2026/2026 1373/1373/1373 1827/1827/1827
f 2202/2202/2202 2149/2149/2149 1133/1133/1133
f 1665/1665/1665 1992/1992/1992 1490/1490/1490
f 1750/1750/1750 1248/1248/1248 1234/1234/1234
f 1245/1245/1245 1432/1432/1432 1812/1812/1812
f 1816/1816/1816 1752/1752/1752 1998/1998/1998
f 1513/1513/1513 1939/1939/1939 1750/1750/1750
f 1683/1683/1683 1420/1420/1420 1546/1546/1546
f 1618/1618/1618 1184/1184/1184 1183/1183/1183
f 2068/2068/2068 1927/1927/1927 1664/1664/1664
f 1247/1247/1247 1180/1180/1180 1458/1458/1458
f 1973/1973/1973 2047/2047/2047 2021/2021/2021
f 1992/1992/1992 1942/1942/1942 2061/2061/2061
f 1320/1320/1320 2159/2159/2159 1535/1535/1535
f 1117/1117/1117 1268/1268/1268 1994/1994/1994
f 1561/1561/1561 1708/1708/1708 2176/2176/2176
f 1914/1914/1914 1173/1173/1173 1172/1172/1172
f 1824/1824/1824 2028/2028/2028 1784/1784/1784
f 1300/1300/1300 1805/1805/1805 1897/1897/1897
f 1635/1635/1635 1354/1354/1354 1466/1466/1466
f 1419/1419/1419 1318/1318/1318 1609/1609/1609
f 1402/1402/1402 1419/1419/1419 1666/1666/1666
f 1222/1222/1222 1496/1496/1496 1960/1960/1960
f 1611/1611/1611 1294/1294/1294 1903/1903/1903
f 1383/1383/1383 1555/1555/1555 1982/1982/1982
f 1332/1332/1332 2026/2026/2026 1859/1859/1859
f 2167/2167/2167 1667/1667/1667 1555/1555/1555
f 1521/1521/1521 1502/1502/1502 1150/1150/1150
f 1260/1260/1260 1592/1592/1592 1882/1882/1882
f 1989/1989/1989 1501/1501/1501 1805/1805/1805
f 1325/1325/1325 1809/1809/1809 1439/1439/1439
f 1751/1751/1751 1936/1936/1936 1926/1926/1926
f 1900/1900/1900 1263/1263/1263 1837/1837/1837
f 1769/1769/1769 1719/1719/1719 2155/2155/2155
f 1557/1557/1557 2187/2187/2187 2085/2085/2085
f 1116/1116/1116 1115/1115/1115 1447/1447/1447
f 1858/1858/1858 1824/1824/1824 1784/1784/1784
f 1704/1704/1704 1236/1236/1236 1509/1509/1509
f 1904/1904/1904 1428/1428/1428 1779/1779/1779
f 2112/2112/2112 1686/1686/1686 1596/1596/1596
f 1777/1777/1777 1452/1452/1452 1244/1244/1244
f 1464/1464/1464 1900/1900/1900 2138/2138/2138
f 2117/2117/2117 1249/1249/1249 2114/2114/2114
f 1697/1697/1697 1278/1278/1278 1663/1663/1663
f 1532/1532/1532 1863/1863/1863 1801/1801/1801
f 2102/2102/2102 1633/1633/1633 1931/1931/1931
f 2073/2073/2073 2187/2187/2187 1557/1557/1557
f 1916/1916/1916 1678/1678/1678 1479/1479/1479
f 2044/2044/2044 1418/1418/1418 2173/2173/2173
f 1456/1456/1456 1611/1611/1611 1604/1604/1604
f 1256/1256/1256 1733/1733/1733 1340/1340/1340
f 1991/1991/1991 1347/1347/1347 2189/2189/2189
f 2092/2092/2092 1208/1208/1208 1207/1207/1207
f 1832/1832/1832 1498/1498/1498 1712/1712/1712
f 1809/1809/1809 1458/1458/1458 1439/1439/1439
f 2185/2185/2185 2160/2160/2160 1912/1912/1912
f 1592/1592/1592 1681/1681/1681 1882/1882/1882
f 1446/1446/1446 1176/1176/1176 1438/1438/1438
f 1399/1399/1399 1703/1703/1703 1972/1972/1972
f 2124/2124/2124 1577/1577/1577 1144/1144/1144
f 1313/1313/1313 2057/2057/2057 1217/1217/1217
f 2183/2183/2183 1774/1774/1774 2157/2157/2157
f 1612/1612/1612 1421/1421/1421 1480/1480/1480
f 1839/1839/1839 2037/2037/2037 1388/1388/1388
f 1526/1526/1526 1740/1740/1740 1309/1309/1309
f 1423/1423/1423 2071/2071/2071 1569/1569/1569
f 1629/1629/1629 1711/1711/1711 2056/2056/2056
f 1533/1533/1533 1898/1898/1898 1491/1491/1491
f 1381/1381/1381 1737/1737/1737 2015/2015/2015
f 1796/1796/1796 1586/1586/1586 1215/1215/1215
f 1603/1603/1603 1815/1815/1815 1593/1593/1593
f 1261/1261/1261 1465/1465/1465 1690/1690/1690
f 1174/1174/1174 1466/1466/1466 1175/1175/1175
f 1323/1323/1323 1215/1215/1215 1586/1586/1586
f 1388/1388/1388 1757/1757/1757 2151/2151/2151
f 2087/2087/2087 1920/1920/1920 1757/1757/1757
f 1836/1836/1836 1504/1504/1504 1486/1486/1486
f 1883/1883/1883 1510/1510/1510 1967/1967/1967
f 2149/2149/2149 1365/1365/1365 1134/1134/1134
f 1597/1597/1597 1841/1841/1841 1469/1469/1469
f 1414/1414/1414 1945/1945/1945 1319/1319/1319
f 2009/2009/2009 1239/1239/1239 1621/1621/1621
f 1972/1972/1972 1703/1703/1703 1148/1148/1148
f 1939/1939/1939 1884/1884/1884 1750/1750/1750
f 2027/2027/2027 1670/1670/1670 1402/1402/1402
f 2082/2082/2082 1512/1512/1512 1655/1655/1655
f 1579/1579/1579 2169/2169/2169 1355/1355/1355
f 1295/1295/1295 1223/1223/1223 1773/1773/1773
f 1474/1474/1474 2062/2062/2062 1792/1792/1792
f 2168/2168/2168 1957/1957/1957 2204/2204/2204
f 1676/1676/1676 1911/1911/1911 1527/1527/1527
f 1761/1761/1761 1829/1829/1829 1222/1222/1222
f 1264/1264/1264 1895/1895/1895 1342/1342/1342
f 1131/1131/1131 1944/1944/1944 1132/1132/1132
f 1593/1593/1593 1724/1724/1724 1890/1890/1890
f 1872/1872/1872 1343/1343/1343 2090/2090/2090
f 1826/1826/1826 1622/1622/1622 1253/1253/1253
f 1716/1716/1716 1891/1891/1891 1769/1769/1769
f 1706/1706/1706 2156/2156/2156 1378/1378/1378
f 1840/1840/1840 1630/1630/1630 1609/1609/1609
f 1260/1260/1260 1247/1247/1247 1458/1458/1458
f 2090/2090/2090 1224/1224/1224 1262/1262/1262
f 1208/1208/1208 2092/2092/2092 1648/1648/1648
f 1649/1649/1649 1611/1611/1611 1492/1492/1492
f 2139/2139/2139 1970/1970/1970 1497/1497/1497
f 1418/1418/1418 2071/2071/2071 1423/1423/1423
f 1420/1420/1420 1302/1302/1302 1546/1546/1546
f 1271/1271/1271 1634/1634/1634 2114/2114/2114
f 1286/1286/1286 1517/1517/1517 1985/1985/1985
f 1815/1815/1815 1369/1369/1369 1593/1593/1593
f 1902/1902/1902 1340/1340/1340 2196/2196/2196
f 1329/1329/1329 1943/1943/1943 1791/1791/1791
f 1783/1783/1783 1746/1746/1746 1501/1501/1501
f 1284/1284/1284 2089/2089/2089 1279/1279/1279
f 2024/2024/2024 1984/1984/1984 1658/1658/1658
f 2097/2097/2097 1891/1891/1891 1716/1716/1716
f 2066/2066/2066 1573/1573/1573 1946/1946/1946
f 1910/1910/1910 1537/1537/1537 1725/1725/1725
f 1433/1433/1433 1580/1580/1580 1693/1693/1693
f 2083/2083/2083 1215/1215/1215 1323/1323/1323
f 1501/1501/1501 1746/1746/1746 1824/1824/1824
f 2119/2119/2119 2108/2108/2108 1744/1744/1744
f 1885/1885/1885 2091/2091/2091 1869/1869/1869
f 1445/1445/1445 1936/1936/1936 1751/1751/1751
f 1210/1210/1210 1575/1575/1575 1106/1106/1106
f 1697/1697/1697 1850/1850/1850 1739/1739/1739
f 1466/1466/1466 1354/1354/1354 1438/1438/1438
f 2067/2067/2067 1580/1580/1580 1433/1433/1433
f 1228/1228/1228 1265/1265/1265 1941/1941/1941
f 1659/1659/1659 1364/1364/1364 1804/1804/1804
f 2035/2035/2035 1468/1468/1468 1744/1744/1744
f 1905/1905/1905 1504/1504/1504 1583/1583/1583
f 1403/1403/1403 1847/1847/1847 1829/1829/1829
f 1346/1346/1346 2159/2159/2159 2008/2008/2008
f 1648/1648/1648 1454/1454/1454 2177/2177/2177
f 1393/1393/1393 1288/1288/1288 2073/2073/2073
f 2161/2161/2161 1633/1633/1633 1384/1384/1384
f 2173/2173/2173 1785/1785/1785 2044/2044/2044
f 1695/1695/1695 1508/1508/1508 1598/1598/1598
f 1152/1152/1152 2146/2146/2146 1153/1153/1153
f 1868/1868/1868 1192/1192/1192 1996/1996/1996
f 1971/1971/1971 1868/1868/1868 1965/1965/1965
f 2067/2067/2067 1723/1723/1723 1580/1580/1580
f 1267/1267/1267 1869/1869/1869 1858/1858/1858
f 1395/1395/1395 1881/1881/1881 1243/1243/1243
f 1821/1821/1821 1754/1754/1754 1471/1471/1471
f 2180/2180/2180 2157/2157/2157 2001/2001/2001
f 1161/1161/1161 1408/1408/1408 1304/1304/1304
f 2114/2114/2114 1249/1249/1249 1269/1269/1269
f 1980/1980/1980 1322/1322/1322 1947/1947/1947
f 1923/1923/1923 1634/1634/1634 2080/2080/2080
f 1842/1842/1842 1816/1816/1816 1714/1714/1714
f 2065/2065/2065 1327/1327/1327 1606/1606/1606
f 1589/1589/1589 1505/1505/1505 1545/1545/1545
f 1696/1696/1696 1566/1566/1566 1631/1631/1631
f 2024/2024/2024 2190/2190/2190 1225/1225/1225
f 1157/1157/1157 1688/1688/1688 1870/1870/1870
f 2024/2024/2024 1225/1225/1225 1984/1984/1984
f 2023/2023/2023 2016/2016/2016 1484/1484/1484
f 1690/1690/1690 1685/1685/1685 1261/1261/1261
f 1947/1947/1947 1457/1457/1457 1387/1387/1387
f 1813/1813/1813 2035/2035/2035 2132/2132/2132
f 1876/1876/1876 1799/1799/1799 2070/2070/2070
f 1664/1664/1664 1450/1450/1450 1559/1559/1559
f 1779/1779/1779 1425/1425/1425 1512/1512/1512
f 2158/2158/2158 1504/1504/1504 1905/1905/1905
f 1413/1413/1413 1490/1490/1490 2135/2135/2135
f 1677/1677/1677 1968/1968/1968 1774/1774/1774
f 2076/2076/2076 1130/1130/1130 1129/1129/1129
f 1313/1313/1313 2115/2115/2115 1736/1736/1736
f 2175/2175/2175 1216/1216/1216 1299/1299/1299
f 1621/1621/1621 2072/2072/2072 1969/1969/1969
f 1381/1381/1381 2015/2015/2015 1999/1999/1999
f 1965/1965/1965 1551/1551/1551 1806/1806/1806
f 1459/1459/1459 1231/1231/1231 1502/1502/1502
f 1599/1599/1599 1415/1415/1415 1507/1507/1507
f 2137/2137/2137 2069/2069/2069 1604/1604/1604
f 1986/1986/1986 2134/2134/2134 1518/1518/1518
f 1589/1589/1589 1386/1386/1386 1505/1505/1505
f 1689/1689/1689 1530/1530/1530 2080/2080/2080
f 1836/1836/1836 1486/1486/1486 1720/1720/1720
f 2080/2080/2080 1405/1405/1405 1346/1346/1346
f 1804/1804/1804 2096/2096/2096 1659/1659/1659
f 1521/1521/1521 1934/1934/1934 1459/1459/1459
f 1692/1692/1692 1618/1618/1618 1620/1620/1620
f 1516/1516/1516 1188/1188/1188 1878/1878/1878
f 1922/1922/1922 1359/1359/1359 1478/1478/1478
f 1225/1225/1225 2190/2190/2190 1162/1162/1162
f 2004/2004/2004 1732/1732/1732 1743/1743/1743
f 1297/1297/1297 2152/2152/2152 1938/1938/1938
f 2120/2120/2120 2186/2186/2186 1748/1748/1748
f 2131/2131/2131 1712/1712/1712 1498/1498/1498
f 1472/1472/1472 2017/2017/2017 2088/2088/2088
f 1278/1278/1278 1832/1832/1832 1663/1663/1663
f 1676/1676/1676 1887/1887/1887 1355/1355/1355
f 1945/1945/1945 1764/1764/1764 1782/1782/1782
f 2086/2086/2086 1556/1556/1556 1339/1339/1339
f 1500/1500/1500 1878/1878/1878 1567/1567/1567
f 2029/2029/2029 2178/2178/2178 1411/1411/1411
f 2111/2111/2111 2055/2055/2055 1652/1652/1652
f 1853/1853/1853 1547/1547/1547 2118/2118/2118
f 1357/1357/1357 1751/1751/1751 1877/1877/1877
f 1474/1474/1474 1650/1650/1650 1455/1455/1455
f 1720/1720/1720 1486/1486/1486 1657/1657/1657
f 1419/1419/1419 1402/1402/1402 1950/1950/1950
f 1280/1280/1280 2130/2130/2130 1960/1960/1960
f 1889/1889/1889 1252/1252/1252 1755/1755/1755
f 1900/1900/1900 1837/1837/1837 1515/1515/1515
f 1693/1693/1693 1282/1282/1282 1628/1628/1628
f 1884/1884/1884 1248/1248/1248 1750/1750/1750
f 1333/1333/1333 1457/1457/1457 1674/1674/1674
f 1420/1420/1420 1683/1683/1683 1617/1617/1617
f 1455/1455/1455 1650/1650/1650 1565/1565/1565
f 1335/1335/1335 2189/2189/2189 1347/1347/1347
f 1881/1881/1881 1321/1321/1321 1243/1243/1243
f 1591/1591/1591 1803/1803/1803 1395/1395/1395
f 2131/2131/2131 2159/2159/2159 1320/1320/1320
f 2125/2125/2125 1596/1596/1596 2038/2038/2038
f 1675/1675/1675 1894/1894/1894 1825/1825/1825
f 1658/1658/1658 1507/1507/1507 1415/1415/1415
f 1857/1857/1857 1478/1478/1478 1211/1211/1211
f 2203/2203/2203 2045/2045/2045 1818/1818/1818
f 1233/1233/1233 1236/1236/1236 1704/1704/1704
f 1327/1327/1327 1282/1282/1282 1488/1488/1488
f 2093/2093/2093 1691/1691/1691 1253/1253/1253
f 2075/2075/2075 1298/1298/1298 1725/1725/1725
f 1541/1541/1541 1370/1370/1370 1484/1484/1484
f 1360/1360/1360 1845/1845/1845 1212/1212/1212
f 2183/2183/2183 1667/1667/1667 1713/1713/1713
f 1502/1502/1502 1521/1521/1521 1459/1459/1459
f 2152/2152/2152 1655/1655/1655 1512/1512/1512
f 1484/1484/1484 1935/1935/1935 1541/1541/1541
f 1377/1377/1377 2054/2054/2054 1525/1525/1525
f 1302/1302/1302 1840/1840/1840 1609/1609/1609
f 1254/1254/1254 2208/2208/2208 1322/1322/1322
f 1240/1240/1240 1852/1852/1852 1647/1647/1647
f 1265/1265/1265 1722/1722/1722 1336/1336/1336
f 1775/1775/1775 1220/1220/1220 1772/1772/1772
f 1717/1717/1717 1518/1518/1518 1916/1916/1916
f 1452/1452/1452 2161/2161/2161 1727/1727/1727
f 2127/2127/2127 1332/1332/1332 1873/1873/1873
f 2025/2025/2025 1974/1974/1974 2001/2001/2001
f 1414/1414/1414 1527/1527/1527 1948/1948/1948
f 1301/1301/1301 1407/1407/1407 1551/1551/1551
f 1534/1534/1534 1825/1825/1825 1431/1431/1431
f 1448/1448/1448 1552/1552/1552 1906/1906/1906
f 1848/1848/1848 1507/1507/1507 1658/1658/1658
f 1553/1553/1553 1344/1344/1344 1232/1232/1232
f 2081/2081/2081 2097/2097/2097 2083/2083/2083
f 2098/2098/2098 1380/1380/1380 2011/2011/2011
f 1364/1364/1364 2199/2199/2199 1804/1804/1804
f 2093/2093/2093 2198/2198/2198 1955/1955/1955
f 2206/2206/2206 1600/1600/1600 1185/1185/1185
f 1831/1831/1831 1608/1608/1608 1187/1187/1187
f 1203/1203/1203 1838/1838/1838 1204/1204/1204
f 1860/1860/1860 2073/2073/2073 1557/1557/1557
f 2052/2052/2052 1718/1718/1718 1962/1962/1962
f 1703/1703/1703 1521/1521/1521 1149/1149/1149
f 2022/2022/2022 1317/1317/1317 1847/1847/1847
f 1301/1301/1301 1996/1996/1996 1636/1636/1636
f 2000/2000/2000 1927/1927/1927 2068/2068/2068
f 1560/1560/1560 1838/1838/1838 2005/2005/2005
f 1656/1656/1656 1789/1789/1789 1617/1617/1617
f 1483/1483/1483 1840/1840/1840 1302/1302/1302
f 2121/2121/2121 1684/1684/1684 1124/1124/1124
f 1562/1562/1562 1409/1409/1409 1437/1437/1437
f 1650/1650/1650 1251/1251/1251 1565/1565/1565
f 1910/1910/1910 1810/1810/1810 1563/1563/1563
f 1298/1298/1298 1540/1540/1540 1725/1725/1725
f 1917/1917/1917 1251/1251/1251 1650/1650/1650
f 1587/1587/1587 1506/1506/1506 1461/1461/1461
f 2121/2121/2121 1409/1409/1409 1416/1416/1416
f 1487/1487/1487 1855/1855/1855 1360/1360/1360
f 1984/1984/1984 1823/1823/1823 2046/2046/2046
f 1491/1491/1491 2111/2111/2111 1652/1652/1652
f 1878/1878/1878 1500/1500/1500 1516/1516/1516
f 1684/1684/1684 2121/2121/2121 1306/1306/1306
f 1895/1895/1895 1679/1679/1679 1699/1699/1699
f 2018/2018/2018 2113/2113/2113 1680/1680/1680
f 1441/1441/1441 2173/2173/2173 1671/1671/1671
f 1242/1242/1242 1167/1167/1167 1353/1353/1353
f 1865/1865/1865 1563/1563/1563 1810/1810/1810
f 1496/1496/1496 1222/1222/1222 1767/1767/1767
f 1222/1222/1222 1960/1960/1960 2130/2130/2130
f 1949/1949/1949 1625/1625/1625 2149/2149/2149
f 1272/1272/1272 1213/1213/1213 2166/2166/2166
f 1607/1607/1607 1428/1428/1428 1904/1904/1904
f 1291/1291/1291 1122/1122/1122 1121/1121/1121
f 1237/1237/1237 1289/1289/1289 1705/1705/1705
f 1401/1401/1401 2019/2019/2019 1564/1564/1564
f 2071/2071/2071 1205/1205/1205 1569/1569/1569
f 2130/2130/2130 1678/1678/1678 1222/1222/1222
f 1724/1724/1724 1520/1520/1520 1413/1413/1413
f 1599/1599/1599 1312/1312/1312 2129/2129/2129
f 1213/1213/1213 1888/1888/1888 1818/1818/1818
f 1404/1404/1404 1886/1886/1886 1598/1598/1598
f 1597/1597/1597 1138/1138/1138 2079/2079/2079
f 2045/2045/2045 2057/2057/2057 2051/2051/2051
f 1945/1945/1945 1414/1414/1414 1764/1764/1764
f 1560/1560/1560 1257/1257/1257 1838/1838/1838
f 1926/1926/1926 1490/1490/1490 1813/1813/1813
f 1825/1825/1825 1534/1534/1534 1226/1226/1226
f 1231/1231/1231 1151/1151/1151 1502/1502/1502
f 1695/1695/1695 1823/1823/1823 1408/1408/1408
f 1840/1840/1840 1863/1863/1863 1532/1532/1532
f 1361/1361/1361 1807/1807/1807 1748/1748/1748
f 1357/1357/1357 1877/1877/1877 1387/1387/1387
f 1693/1693/1693 1461/1461/1461 1433/1433/1433
f 2062/2062/2062 1455/1455/1455 1981/1981/1981
f 2066/2066/2066 1531/1531/1531 1573/1573/1573
f 2047/2047/2047 1434/1434/1434 1326/1326/1326
f 2015/2015/2015 2105/2105/2105 1216/1216/1216
f 1721/1721/1721 2011/2011/2011 1380/1380/1380
f 1796/1796/1796 1646/1646/1646 1635/1635/1635
f 2065/2065/2065 1606/1606/1606 1574/1574/1574
f 2185/2185/2185 1573/1573/1573 2160/2160/2160
f 2094/2094/2094 1668/1668/1668 1632/1632/1632
f 1880/1880/1880 1588/1588/1588 1848/1848/1848
f 1770/1770/1770 1531/1531/1531 1763/1763/1763
f 1983/1983/1983 1372/1372/1372 2117/2117/2117
f 1301/1301/1301 2086/2086/2086 1590/1590/1590
f 2206/2206/2206 1184/1184/1184 1692/1692/1692
f 2076/2076/2076 1833/1833/1833 1347/1347/1347
f 1395/1395/1395 1862/1862/1862 1410/1410/1410
f 1260/1260/1260 1444/1444/1444 1592/1592/1592
f 2055/2055/2055 2111/2111/2111 1267/1267/1267
f 1255/1255/1255 1506/1506/1506 2043/2043/2043
f 1282/1282/1282 1795/1795/1795 1628/1628/1628
f 2033/2033/2033 1874/1874/1874 1511/1511/1511
f 1199/1199/1199 1198/1198/1198 1295/1295/1295
f 1299/1299/1299 1216/1216/1216 1275/1275/1275
f 1911/1911/1911 1356/1356/1356 2191/2191/2191
f 1708/1708/1708 1596/1596/1596 1686/1686/1686
f 1425/1425/1425 2152/2152/2152 1512/1512/1512
f 1398/1398/1398 1351/1351/1351 1756/1756/1756
f 1264/1264/1264 2030/2030/2030 1572/1572/1572
f 1688/1688/1688 1156/1156/1156 1230/1230/1230
f 1870/1870/1870 2007/2007/2007 1159/1159/1159
f 2023/2023/2023 1489/1489/1489 2016/2016/2016
f 1962/1962/1962 1718/1718/1718 2087/2087/2087
f 2111/2111/2111 1885/1885/1885 1869/1869/1869
f 2104/2104/2104 1621/1621/1621 1969/1969/1969
f 1405/1405/1405 1623/1623/1623 1535/1535/1535
f 1897/1897/1897 1824/1824/1824 1858/1858/1858
f 1544/1544/1544 1982/1982/1982 1406/1406/1406
f 1907/1907/1907 1429/1429/1429 2100/2100/2100
f 1164/1164/1164 2094/2094/2094 1165/1165/1165
f 1992/1992/1992 1643/1643/1643 1735/1735/1735
f 1109/1109/1109 2099/2099/2099 2085/2085/2085
f 1318/1318/1318 1748/1748/1748 1807/1807/1807
f 1616/1616/1616 1961/1961/1961 1352/1352/1352
f 1612/1612/1612 1480/1480/1480 1554/1554/1554
f 1147/1147/1147 1958/1958/1958 1148/1148/1148
f 1324/1324/1324 1499/1499/1499 1880/1880/1880
f 1752/1752/1752 1816/1816/1816 2195/2195/2195
f 2125/2125/2125 1119/1119/1119 1118/1118/1118
f 1831/1831/1831 1186/1186/1186 1528/1528/1528
f 1600/1600/1600 1528/1528/1528 1186/1186/1186
f 1829/1829/1829 1767/1767/1767 1222/1222/1222
f 1925/1925/1925 2163/2163/2163 1671/1671/1671
f 1682/1682/1682 1785/1785/1785 1441/1441/1441
f 1932/1932/1932 1519/1519/1519 1525/1525/1525
f 2133/2133/2133 1106/1106/1106 1575/1575/1575
f 2027/2027/2027 1986/1986/1986 1717/1717/1717
f 1668/1668/1668 1312/1312/1312 1283/1283/1283
f 1985/1985/1985 1235/1235/1235 1953/1953/1953
f 1494/1494/1494 1738/1738/1738 1389/1389/1389
f 1398/1398/1398 1469/1469/1469 1548/1548/1548
f 1653/1653/1653 1713/1713/1713 1259/1259/1259
f 1220/1220/1220 2166/2166/2166 1213/1213/1213
f 1321/1321/1321 1142/1142/1142 1243/1243/1243
f 1140/1140/1140 1756/1756/1756 1141/1141/1141
f 1920/1920/1920 1507/1507/1507 1588/1588/1588
f 2151/2151/2151 1961/1961/1961 2180/2180/2180
f 2062/2062/2062 1786/1786/1786 1639/1639/1639
f 1712/1712/1712 1610/1610/1610 1663/1663/1663
f 2172/2172/2172 1260/1260/1260 1458/1458/1458
f 2172/2172/2172 1458/1458/1458 1809/1809/1809
f 1323/1323/1323 1586/1586/1586 1174/1174/1174
f 1982/1982/1982 2183/2183/2183 1406/1406/1406
f 1959/1959/1959 1882/1882/1882 1681/1681/1681
f 2207/2207/2207 1900/1900/1900 1464/1464/1464
f 2068/2068/2068 1728/1728/1728 2000/2000/2000
f 1729/1729/1729 2072/2072/2072 2105/2105/2105
f 2127/2127/2127 1873/1873/1873 1691/1691/1691
f 2199/2199/2199 1364/1364/1364 1955/1955/1955
f 1997/1997/1997 1669/1669/1669 1601/1601/1601
f 1538/1538/1538 1863/1863/1863 2162/2162/2162
f 1732/1732/1732 1297/1297/1297 1743/1743/1743
f 1674/1674/1674 1954/1954/1954 2070/2070/2070
f 2039/2039/2039 1949/1949/1949 1476/1476/1476
f 1285/1285/1285 1602/1602/1602 2107/2107/2107
f 1906/1906/1906 2181/2181/2181 1480/1480/1480
f 1959/1959/1959 1681/1681/1681 1620/1620/1620
f 1205/1205/1205 2103/2103/2103 1206/1206/1206
f 2156/2156/2156 1747/1747/1747 1977/1977/1977
f 1580/1580/1580 1488/1488/1488 1282/1282/1282
f 1693/1693/1693 1276/1276/1276 1856/1856/1856
f 1877/1877/1877 1751/1751/1751 2132/2132/2132
f 1978/1978/1978 1721/1721/1721 1802/1802/1802
f 2144/2144/2144 1630/1630/1630 1532/1532/1532
f 2116/2116/2116 1801/1801/1801 1440/1440/1440
f 1695/1695/1695 1766/1766/1766 1508/1508/1508
f 1920/1920/1920 2087/2087/2087 1642/1642/1642
f 1566/1566/1566 1163/1163/1163 2190/2190/2190
f 1817/1817/1817 2020/2020/2020 2193/2193/2193
f 2161/2161/2161 1363/1363/1363 1727/1727/1727
f 2207/2207/2207 1372/1372/1372 1983/1983/1983
f 1610/1610/1610 1712/1712/1712 2186/2186/2186
f 1983/1983/1983 1852/1852/1852 2207/2207/2207
f 1458/1458/1458 1180/1180/1180 1439/1439/1439
f 1311/1311/1311 1612/1612/1612 1709/1709/1709
f 1407/1407/1407 1590/1590/1590 1728/1728/1728
f 1835/1835/1835 1450/1450/1450 2191/2191/2191
f 1912/1912/1912 2160/2160/2160 1218/1218/1218
f 1335/1335/1335 1645/1645/1645 2189/2189/2189
f 1858/1858/1858 1784/1784/1784 1396/1396/1396
f 2179/2179/2179 1626/1626/1626 1742/1742/1742
f 1854/1854/1854 2182/2182/2182 1998/1998/1998
f 1125/1125/1125 1306/1306/1306 1943/1943/1943
f 2011/2011/2011 1871/1871/1871 2098/2098/2098
f 1266/1266/1266 2141/2141/2141 1539/1539/1539
f 2167/2167/2167 1555/1555/1555 2136/2136/2136
f 1958/1958/1958 2096/2096/2096 1804/1804/1804
f 2180/2180/2180 1616/1616/1616 2157/2157/2157
f 2007/2007/2007 1766/1766/1766 1160/1160/1160
f 1783/1783/1783 1387/1387/1387 1734/1734/1734
f 1262/1262/1262 1906/1906/1906 2090/2090/2090
f 1609/1609/1609 1666/1666/1666 1419/1419/1419
f 1925/1925/1925 1671/1671/1671 1988/1988/1988
f 2121/2121/2121 1124/1124/1124 1993/1993/1993
f 2060/2060/2060 1568/1568/1568 1127/1127/1127
f 1704/1704/1704 1262/1262/1262 1224/1224/1224
f 1942/1942/1942 1552/1552/1552 1448/1448/1448
f 1745/1745/1745 1689/1689/1689 2080/2080/2080
f 1889/1889/1889 1755/1755/1755 1595/1595/1595
f 1453/1453/1453 1106/1106/1106 2133/2133/2133
f 2012/2012/2012 1423/1423/1423 1569/1569/1569
f 1798/1798/1798 1785/1785/1785 1682/1682/1682
f 1682/1682/1682 2123/2123/2123 1649/1649/1649
f 1291/1291/1291 1437/1437/1437 1449/1449/1449
f 1938/1938/1938 1656/1656/1656 1830/1830/1830
f 1430/1430/1430 2203/2203/2203 1990/1990/1990
f 1284/1284/1284 1946/1946/1946 2185/2185/2185
f 1238/1238/1238 1689/1689/1689 1290/1290/1290
f 1652/1652/1652 2055/2055/2055 1844/1844/1844
f 1758/1758/1758 1371/1371/1371 1389/1389/1389
f 2151/2151/2151 1839/1839/1839 1388/1388/1388
f 1403/1403/1403 1829/1829/1829 2163/2163/2163
f 1649/1649/1649 2123/2123/2123 1307/1307/1307
f 1720/1720/1720 1505/1505/1505 1836/1836/1836
f 1867/1867/1867 1366/1366/1366 2089/2089/2089
f 1994/1994/1994 1760/1760/1760 1596/1596/1596
f 2130/2130/2130 1479/1479/1479 1678/1678/1678
f 1254/1254/1254 1305/1305/1305 2108/2108/2108
f 1547/1547/1547 1495/1495/1495 1913/1913/1913
f 2094/2094/2094 1164/1164/1164 2165/2165/2165
f 2165/2165/2165 1164/1164/1164 1696/1696/1696
f 1371/1371/1371 2096/2096/2096 1494/1494/1494
f 2127/2127/2127 2107/2107/2107 1615/1615/1615
f 1225/1225/1225 1304/1304/1304 1984/1984/1984
f 1523/1523/1523 2165/2165/2165 1631/1631/1631
f 1384/1384/1384 1292/1292/1292 2161/2161/2161
f 1501/1501/1501 1824/1824/1824 1805/1805/1805
f 1763/1763/1763 1655/1655/1655 1524/1524/1524
f 2128/2128/2128 2041/2041/2041 2066/2066/2066
f 2069/2069/2069 1518/1518/1518 1604/1604/1604
f 1840/1840/1840 1532/1532/1532 1630/1630/1630
f 1710/1710/1710 2205/2205/2205 1927/1927/1927
f 1407/1407/1407 1806/1806/1806 1551/1551/1551
f 1341/1341/1341 1849/1849/1849 1349/1349/1349
f 1935/1935/1935 1534/1534/1534 1768/1768/1768
f 2022/2022/2022 1925/1925/1925 1988/1988/1988
f 2106/2106/2106 1741/1741/1741 1381/1381/1381
f 2100/2100/2100 1364/1364/1364 1659/1659/1659
f 1517/1517/1517 1281/1281/1281 1974/1974/1974
f 1503/1503/1503 1588/1588/1588 1499/1499/1499
f 2197/2197/2197 1353/1353/1353 2074/2074/2074
f 2080/2080/2080 1530/1530/1530 1405/1405/1405
f 1623/1623/1623 1405/1405/1405 1530/1530/1530
f 1110/1110/1110 2085/2085/2085 1707/1707/1707
f 2033/2033/2033 1280/1280/1280 1874/1874/1874
f 1307/1307/1307 1611/1611/1611 1649/1649/1649
f 1893/1893/1893 1222/1222/1222 1678/1678/1678
f 1150/1150/1150 1502/1502/1502 1151/1151/1151
f 1523/1523/1523 2188/2188/2188 1415/1415/1415
f 2204/2204/2204 1731/1731/1731 1350/1350/1350
f 2189/2189/2189 1828/1828/1828 1991/1991/1991
f 1525/1525/1525 1834/1834/1834 1377/1377/1377
f 1656/1656/1656 1637/1637/1637 1789/1789/1789
f 1360/1360/1360 1390/1390/1390 1845/1845/1845
f 2210/2210/2210 1724/1724/1724 1593/1593/1593
f 1782/1782/1782 1741/1741/1741 1526/1526/1526
f 1367/1367/1367 1223/1223/1223 1385/1385/1385
f 1955/1955/1955 1364/1364/1364 2109/2109/2109
f 1390/1390/1390 1884/1884/1884 1845/1845/1845
f 1294/1294/1294 2099/2099/2099 1903/1903/1903
f 1492/1492/1492 1701/1701/1701 1649/1649/1649
f 1862/1862/1862 1699/1699/1699 1679/1679/1679
f 1713/1713/1713 1924/1924/1924 2183/2183/2183
f 2029/2029/2029 1411/1411/1411 1976/1976/1976
f 1309/1309/1309 1726/1726/1726 1945/1945/1945
f 1183/1183/1183 1959/1959/1959 1618/1618/1618
f 1182/1182/1182 1247/1247/1247 2049/2049/2049
f 1207/1207/1207 2200/2200/2200 2092/2092/2092
f 1893/1893/1893 2194/2194/2194 1780/1780/1780
f 1732/1732/1732 1720/1720/1720 1657/1657/1657
f 1441/1441/1441 1671/1671/1671 1790/1790/1790
f 1306/1306/1306 1861/1861/1861 1943/1943/1943
f 1993/1993/1993 1124/1124/1124 1123/1123/1123
f 1638/1638/1638 2171/2171/2171 1463/1463/1463
f 1704/1704/1704 1224/1224/1224 1233/1233/1233
f 1993/1993/1993 1449/1449/1449 1409/1409/1409
f 1361/1361/1361 1919/1919/1919 2118/2118/2118
f 1459/1459/1459 1934/1934/1934 1653/1653/1653
f 1991/1991/1991 2209/2209/2209 1705/1705/1705
f 1259/1259/1259 2167/2167/2167 1231/1231/1231
f 2046/2046/2046 1880/1880/1880 1848/1848/1848
f 1341/1341/1341 1799/1799/1799 1519/1519/1519
f 2128/2128/2128 1779/1779/1779 2041/2041/2041
f 1305/1305/1305 2035/2035/2035 1744/1744/1744
f 2184/2184/2184 2148/2148/2148 1331/1331/1331
f 1537/1537/1537 1296/1296/1296 1725/1725/1725
f 1843/1843/1843 2031/2031/2031 1758/1758/1758
f 1252/1252/1252 2009/2009/2009 1621/1621/1621
f 1252/1252/1252 1621/1621/1621 2104/2104/2104
f 1943/1943/1943 1861/1861/1861 1791/1791/1791
f 1733/1733/1733 1565/1565/1565 1340/1340/1340
f 1289/1289/1289 1347/1347/1347 1991/1991/1991
f 1130/1130/1130 2076/2076/2076 1651/1651/1651
f 1388/1388/1388 2037/2037/2037 1962/1962/1962
f 1695/1695/1695 1338/1338/1338 1274/1274/1274
f 2188/2188/2188 1566/1566/1566 2024/2024/2024
f 2058/2058/2058 1471/1471/1471 2013/2013/2013
f 1402/1402/1402 1670/1670/1670 1850/1850/1850
f 1222/1222/1222 1893/1893/1893 1761/1761/1761
f 1395/1395/1395 1803/1803/1803 1702/1702/1702
f 1391/1391/1391 1907/1907/1907 1614/1614/1614
f 2030/2030/2030 1214/1214/1214 1365/1365/1365
f 2040/2040/2040 1264/1264/1264 1342/1342/1342
f 2101/2101/2101 1990/1990/1990 1287/1287/1287
f 2050/2050/2050 2199/2199/2199 1934/1934/1934
f 1648/1648/1648 1209/1209/1209 1208/1208/1208
f 2077/2077/2077 1798/1798/1798 1648/1648/1648
f 1371/1371/1371 1659/1659/1659 2096/2096/2096
f 1843/1843/1843 1793/1793/1793 2031/2031/2031
f 1144/1144/1144 1143/1143/1143 2124/2124/2124
f 1389/1389/1389 1738/1738/1738 1577/1577/1577
f 2016/2016/2016 1477/1477/1477 1570/1570/1570
f 1466/1466/1466 1438/1438/1438 1175/1175/1175
f 1313/1313/1313 1221/1221/1221 2057/2057/2057
f 1705/1705/1705 1430/1430/1430 1237/1237/1237
f 1740/1740/1740 1378/1378/1378 2018/2018/2018
f 1498/1498/1498 1549/1549/1549 2008/2008/2008
f 1268/1268/1268 1117/1117/1117 1116/1116/1116
f 1518/1518/1518 2134/2134/2134 1860/1860/1860
f 2112/2112/2112 1596/1596/1596 1760/1760/1760
f 1794/1794/1794 1121/1121/1121 1315/1315/1315
f 1421/1421/1421 1872/1872/1872 1480/1480/1480
f 1605/1605/1605 1397/1397/1397 1242/1242/1242
f 2059/2059/2059 1308/1308/1308 1937/1937/1937
f 1292/1292/1292 1363/1363/1363 2161/2161/2161
f 1501/1501/1501 2056/2056/2056 1783/1783/1783
f 1576/1576/1576 1262/1262/1262 1704/1704/1704
f 2207/2207/2207 1263/1263/1263 1900/1900/1900
f 2144/2144/2144 1970/1970/1970 1644/1644/1644
f 1558/1558/1558 1641/1641/1641 1821/1821/1821
f 1703/1703/1703 1399/1399/1399 2050/2050/2050
f 1812/1812/1812 1583/1583/1583 1245/1245/1245
f 1905/1905/1905 2119/2119/2119 2158/2158/2158
f 2021/2021/2021 1620/1620/1620 1681/1681/1681
f 1998/1998/1998 2182/2182/2182 1392/1392/1392
f 2083/2083/2083 1709/1709/1709 2081/2081/2081
f 1436/1436/1436 1261/1261/1261 1643/1643/1643
f 1976/1976/1976 1452/1452/1452 1727/1727/1727
f 1863/1863/1863 1538/1538/1538 1582/1582/1582
f 1412/1412/1412 2037/2037/2037 1460/1460/1460
f 1383/1383/1383 1982/1982/1982 1544/1544/1544
f 1226/1226/1226 1935/1935/1935 1484/1484/1484
f 1554/1554/1554 2081/2081/2081 1612/1612/1612
f 2135/2135/2135 1724/1724/1724 1413/1413/1413
f 1320/1320/1320 2186/2186/2186 2131/2131/2131
f 2179/2179/2179 1300/1300/1300 1463/1463/1463
f 2148/2148/2148 1809/1809/1809 1325/1325/1325
f 1731/1731/1731 1410/1410/1410 1679/1679/1679
f 1133/1133/1133 2149/2149/2149 1134/1134/1134
f 1282/1282/1282 1693/1693/1693 1580/1580/1580
f 2210/2210/2210 1520/1520/1520 1724/1724/1724
f 1552/1552/1552 1735/1735/1735 1640/1640/1640
f 1333/1333/1333 1674/1674/1674 2028/2028/2028
f 1362/1362/1362 1369/1369/1369 2067/2067/2067
f 1828/1828/1828 2189/2189/2189 1219/1219/1219
f 2178/2178/2178 1706/1706/1706 2122/2122/2122
f 1579/1579/1579 1963/1963/1963 2169/2169/2169
f 1411/1411/1411 1244/1244/1244 1976/1976/1976
f 1290/1290/1290 1745/1745/1745 1271/1271/1271
f 1851/1851/1851 2104/2104/2104 1969/1969/1969
f 1999/1999/1999 2015/2015/2015 1216/1216/1216
f 1755/1755/1755 2104/2104/2104 1567/1567/1567
f 1820/1820/1820 2095/2095/2095 1422/1422/1422
f 1202/1202/1202 1753/1753/1753 1203/1203/1203
f 1776/1776/1776 2154/2154/2154 1475/1475/1475
f 2150/2150/2150 1136/1136/1136 1214/1214/1214
f 1622/1622/1622 1826/1826/1826 1211/1211/1211
f 2152/2152/2152 1524/1524/1524 1655/1655/1655
f 2028/2028/2028 1824/1824/1824 1746/1746/1746
f 2057/2057/2057 1221/1221/1221 1687/1687/1687
f 1564/1564/1564 1373/1373/1373 1401/1401/1401
f 2084/2084/2084 1432/1432/1432 1386/1386/1386
f 1980/1980/1980 1877/1877/1877 2132/2132/2132
f 1169/1169/1169 1781/1781/1781 2193/2193/2193
f 1322/1322/1322 2208/2208/2208 1457/1457/1457
f 1334/1334/1334 1328/1328/1328 1256/1256/1256
f 1791/1791/1791 1514/1514/1514 1639/1639/1639
f 1426/1426/1426 1999/1999/1999 1240/1240/1240
f 1860/1860/1860 1604/1604/1604 1518/1518/1518
f 2199/2199/2199 2050/2050/2050 1804/1804/1804
f 1265/1265/1265 1228/1228/1228 1722/1722/1722
f 1909/1909/1909 1319/1319/1319 1571/1571/1571
f 2054/2054/2054 1535/1535/1535 1623/1623/1623
f 1529/1529/1529 2064/2064/2064 1292/1292/1292
f 2205/2205/2205 1782/1782/1782 1764/1764/1764
f 2170/2170/2170 1680/1680/1680 2113/2113/2113
f 1899/1899/1899 1470/1470/1470 1835/1835/1835
f 2184/2184/2184 1375/1375/1375 2063/2063/2063
f 2138/2138/2138 2053/2053/2053 1435/1435/1435
f 1913/1913/1913 2118/2118/2118 1547/1547/1547
f 1800/1800/1800 2176/2176/2176 1607/1607/1607
f 2195/2195/2195 1504/1504/1504 2158/2158/2158
f 1520/1520/1520 1468/1468/1468 1813/1813/1813
f 1363/1363/1363 1634/1634/1634 1923/1923/1923
f 2138/2138/2138 1451/1451/1451 2053/2053/2053
f 1681/1681/1681 1592/1592/1592 1995/1995/1995
f 1545/1545/1545 1997/1997/1997 1601/1601/1601
f 1526/1526/1526 1309/1309/1309 1782/1782/1782
f 1740/1740/1740 1931/1931/1931 1378/1378/1378
f 2178/2178/2178 1747/1747/1747 1706/1706/1706
f 1610/1610/1610 2186/2186/2186 2120/2120/2120
f 1143/1143/1143 1142/1142/1142 1321/1321/1321
f 1803/1803/1803 1793/1793/1793 1759/1759/1759
f 1926/1926/1926 2132/2132/2132 1751/1751/1751
f 1962/1962/1962 2087/2087/2087 1388/1388/1388
f 1212/1212/1212 1343/1343/1343 1368/1368/1368
f 1305/1305/1305 1744/1744/1744 2108/2108/2108
f 1227/1227/1227 1865/1865/1865 1673/1673/1673
f 1929/1929/1929 1431/1431/1431 1825/1825/1825
f 1496/1496/1496 1730/1730/1730 1874/1874/1874
f 1462/1462/1462 2154/2154/2154 2140/2140/2140
f 1886/1886/1886 1250/1250/1250 1598/1598/1598
f 1344/1344/1344 1155/1155/1155 1154/1154/1154
f 1692/1692/1692 1184/1184/1184 1618/1618/1618
f 1178/1178/1178 1177/1177/1177 1331/1331/1331
f 1417/1417/1417 1698/1698/1698 1941/1941/1941
f 1756/1756/1756 1351/1351/1351 1613/1613/1613
f 1390/1390/1390 1360/1360/1360 2052/2052/2052
f 1845/1845/1845 1884/1884/1884 1939/1939/1939
f 1614/1614/1614 1758/1758/1758 2031/2031/2031
f 1731/1731/1731 1957/1957/1957 1410/1410/1410
f 1957/1957/1957 1578/1578/1578 2036/2036/2036
f 1371/1371/1371 1494/1494/1494 1389/1389/1389
f 1113/1113/1113 1497/1497/1497 1482/1482/1482
f 1207/1207/1207 1627/1627/1627 2200/2200/2200
f 2085/2085/2085 1294/1294/1294 1557/1557/1557
f 1367/1367/1367 1385/1385/1385 1676/1676/1676
f 1762/1762/1762 1624/1624/1624 1361/1361/1361
f 1584/1584/1584 1904/1904/1904 1366/1366/1366
f 2185/2185/2185 2192/2192/2192 1284/1284/1284
f 2035/2035/2035 1980/1980/1980 2132/2132/2132
f 1473/1473/1473 1195/1195/1195 1194/1194/1194
f 1200/1200/1200 1277/1277/1277 1241/1241/1241
f 1952/1952/1952 1653/1653/1653 1934/1934/1934
f 1383/1383/1383 1471/1471/1471 1581/1581/1581
f 2013/2013/2013 1383/1383/1383 1544/1544/1544
f 1884/1884/1884 1412/1412/1412 1248/1248/1248
f 1257/1257/1257 1569/1569/1569 1204/1204/1204
f 2169/2169/2169 1367/1367/1367 1676/1676/1676
f 1235/1235/1235 1229/1229/1229 1894/1894/1894
f 1542/1542/1542 1296/1296/1296 1574/1574/1574
f 1813/1813/1813 1413/1413/1413 1520/1520/1520
f 2090/2090/2090 1343/1343/1343 1224/1224/1224
f 1436/1436/1436 1936/1936/1936 1711/1711/1711
f 1662/1662/1662 2048/2048/2048 1218/1218/1218
f 1657/1657/1657 1524/1524/1524 1732/1732/1732
f 1348/1348/1348 1270/1270/1270 1453/1453/1453
f 2209/2209/2209 1736/1736/1736 2115/2115/2115
f 2149/2149/2149 1625/1625/1625 1365/1365/1365
f 1385/1385/1385 1223/1223/1223 1422/1422/1422
f 1975/1975/1975 1197/1197/1197 1196/1196/1196
f 2057/2057/2057 1687/1687/1687 2051/2051/2051
f 1406/1406/1406 2157/2157/2157 1616/1616/1616
f 1814/1814/1814 1359/1359/1359 1922/1922/1922
f 2110/2110/2110 1350/1350/1350 1264/1264/1264
f 1874/1874/1874 1776/1776/1776 2170/2170/2170
f 2022/2022/2022 1423/1423/1423 2012/2012/2012
f 1647/1647/1647 1426/1426/1426 1240/1240/1240
f 1505/1505/1505 1386/1386/1386 1245/1245/1245
f 1730/1730/1730 1767/1767/1767 2140/2140/2140
f 1559/1559/1559 1450/1450/1450 1835/1835/1835
f 1789/1789/1789 1637/1637/1637 1686/1686/1686
f 1302/1302/1302 1420/1420/1420 1483/1483/1483
f 2194/2194/2194 2069/2069/2069 2137/2137/2137
f 1273/1273/1273 1450/1450/1450 1664/1664/1664
f 2197/2197/2197 2074/2074/2074 1632/1632/1632
f 1362/1362/1362 2210/2210/2210 1369/1369/1369
f 1927/1927/1927 1729/1729/1729 1710/1710/1710
f 1308/1308/1308 1462/1462/1462 1937/1937/1937
f 2098/2098/2098 1883/1883/1883 1380/1380/1380
f 1796/1796/1796 1215/1215/1215 1716/1716/1716
f 2010/2010/2010 1396/1396/1396 1966/1966/1966
f 1468/1468/1468 2043/2043/2043 1744/1744/1744
f 1210/1210/1210 1209/1209/1209 1575/1575/1575
f 2163/2163/2163 2078/2078/2078 1790/1790/1790
f 1607/1607/1607 2176/2176/2176 2143/2143/2143
f 2057/2057/2057 2045/2045/2045 1217/1217/1217
f 1954/1954/1954 1457/1457/1457 2208/2208/2208
f 2189/2189/2189 1645/1645/1645 2002/2002/2002
f 2051/2051/2051 1772/1772/1772 1220/1220/1220
f 2101/2101/2101 1694/1694/1694 1237/1237/1237
f 1483/1483/1483 1863/1863/1863 1840/1840/1840
f 2038/2038/2038 1956/1956/1956 2125/2125/2125
f 1257/1257/1257 1204/1204/1204 1838/1838/1838
f 1110/1110/1110 1109/1109/1109 2085/2085/2085
f 1651/1651/1651 2076/2076/2076 1694/1694/1694
f 1987/1987/1987 2060/2060/2060 1329/1329/1329
f 1902/1902/1902 1810/1810/1810 1930/1930/1930
f 1772/1772/1772 2051/2051/2051 1687/1687/1687
f 2166/2166/2166 1417/1417/1417 1578/1578/1578
f 2109/2109/2109 1691/1691/1691 2093/2093/2093
f 1315/1315/1315 1561/1561/1561 1794/1794/1794
f 1833/1833/1833 1568/1568/1568 2060/2060/2060
f 1488/1488/1488 1534/1534/1534 1431/1431/1431
f 1865/1865/1865 2196/2196/2196 1673/1673/1673
f 1734/1734/1734 1746/1746/1746 1783/1783/1783
f 1742/1742/1742 1805/1805/1805 1300/1300/1300
f 1392/1392/1392 2048/2048/2048 1662/1662/1662
f 1786/1786/1786 1329/1329/1329 1791/1791/1791
f 1453/1453/1453 2133/2133/2133 1348/1348/1348
f 2092/2092/2092 2077/2077/2077 1648/1648/1648
f 1926/1926/1926 1665/1665/1665 1490/1490/1490
f 1917/1917/1917 2182/2182/2182 1673/1673/1673
f 1904/1904/1904 1779/1779/1779 2128/2128/2128
f 1708/1708/1708 1561/1561/1561 2038/2038/2038
f 1310/1310/1310 2134/2134/2134 1986/1986/1986
f 1310/1310/1310 2027/2027/2027 1666/1666/1666
f 1813/1813/1813 1490/1490/1490 1413/1413/1413
f 2053/2053/2053 1973/1973/1973 2021/2021/2021
f 2030/2030/2030 1264/1264/1264 2040/2040/2040
f 1859/1859/1859 2026/2026/2026 1857/1857/1857
f 1972/1972/1972 1958/1958/1958 1399/1399/1399
f 1862/1862/1862 1613/1613/1613 1699/1699/1699
f 2097/2097/2097 1215/1215/1215 2083/2083/2083
f 1871/1871/1871 1719/1719/1719 1690/1690/1690
f 1193/1193/1193 1868/1868/1868 1971/1971/1971
f 2072/2072/2072 1729/1729/1729 2000/2000/2000
f 2089/2089/2089 1366/1366/1366 1279/1279/1279
f 2041/2041/2041 2082/2082/2082 2066/2066/2066
f 1875/1875/1875 1170/1170/1170 2193/2193/2193
f 1158/1158/1158 1870/1870/1870 1159/1159/1159
f 1325/1325/1325 1179/1179/1179 1178/1178/1178
f 1339/1339/1339 1590/1590/1590 2086/2086/2086
f 1856/1856/1856 1276/1276/1276 1854/1854/1854
f 1902/1902/1902 1930/1930/1930 2142/2142/2142
f 1247/1247/1247 1182/1182/1182 1181/1181/1181
f 1906/1906/1906 1552/1552/1552 2181/2181/2181
f 1493/1493/1493 1619/1619/1619 1890/1890/1890
f 2182/2182/2182 1227/1227/1227 1673/1673/1673
f 1711/1711/1711 1936/1936/1936 1445/1445/1445
f 1967/1967/1967 1510/1510/1510 1626/1626/1626
f 1171/1171/1171 1311/1311/1311 1709/1709/1709
f 1775/1775/1775 1417/1417/1417 2166/2166/2166
f 1815/1815/1815 1768/1768/1768 1369/1369/1369
f 1506/1506/1506 2067/2067/2067 1433/1433/1433
f 1428/1428/1428 1425/1425/1425 1779/1779/1779
f 1524/1524/1524 2152/2152/2152 1297/1297/1297
f 1167/1167/1167 1397/1397/1397 1168/1168/1168
f 1169/1169/1169 1168/1168/1168 1781/1781/1781
f 1335/1335/1335 1347/1347/1347 1833/1833/1833
f 2150/2150/2150 2040/2040/2040 2164/2164/2164
f 1154/1154/1154 1153/1153/1153 1819/1819/1819
f 2146/2146/2146 1765/1765/1765 2136/2136/2136
f 1851/1851/1851 1500/1500/1500 2104/2104/2104
f 1975/1975/1975 1470/1470/1470 1899/1899/1899
f 1819/1819/1819 1153/1153/1153 1443/1443/1443
f 1886/1886/1886 1232/1232/1232 1250/1250/1250
f 1316/1316/1316 1756/1756/1756 1613/1613/1613
f 2019/2019/2019 1298/1298/1298 2075/2075/2075
f 2046/2046/2046 1848/1848/1848 1658/1658/1658
f 2052/2052/2052 1962/1962/1962 1412/1412/1412
f 1322/1322/1322 1980/1980/1980 1254/1254/1254
f 1967/1967/1967 1463/1463/1463 1883/1883/1883
f 1217/1217/1217 2115/2115/2115 1313/1313/1313
f 1303/1303/1303 1605/1605/1605 1242/1242/1242
f 1412/1412/1412 1460/1460/1460 1248/1248/1248
f 1722/1722/1722 2031/2031/2031 1793/1793/1793
f 1765/1765/1765 1151/1151/1151 1231/1231/1231
f 1873/1873/1873 1859/1859/1859 1826/1826/1826
f 1921/1921/1921 1752/1752/1752 2014/2014/2014
f 1430/1430/1430 1705/1705/1705 2115/2115/2115
f 1423/1423/1423 2022/2022/2022 1988/1988/1988
f 1492/1492/1492 1903/1903/1903 1270/1270/1270
f 1297/1297/1297 1938/1938/1938 2153/2153/2153
f 1482/1482/1482 2116/2116/2116 1440/1440/1440
f 1600/1600/1600 1186/1186/1186 1185/1185/1185
f 1434/1434/1434 1973/1973/1973 1522/1522/1522
f 2027/2027/2027 1310/1310/1310 1986/1986/1986
f 1432/1432/1432 1954/1954/1954 2208/2208/2208
f 1485/1485/1485 1347/1347/1347 1289/1289/1289
f 1584/1584/1584 1366/1366/1366 1867/1867/1867
f 1866/1866/1866 1720/1720/1720 1732/1732/1732
f 2041/2041/2041 1779/1779/1779 1512/1512/1512
f 1764/1764/1764 1414/1414/1414 1450/1450/1450
f 1470/1470/1470 1195/1195/1195 1473/1473/1473
f 1261/1261/1261 1640/1640/1640 1735/1735/1735
f 2043/2043/2043 1468/1468/1468 1255/1255/1255
f 1594/1594/1594 1475/1475/1475 1571/1571/1571
f 1878/1878/1878 2174/2174/2174 1567/1567/1567
f 1273/1273/1273 2205/2205/2205 1764/1764/1764
f 1277/1277/1277 2169/2169/2169 1963/1963/1963
f 1161/1161/1161 1304/1304/1304 1162/1162/1162
f 1513/1513/1513 1489/1489/1489 2023/2023/2023
f 1979/1979/1979 1801/1801/1801 1582/1582/1582
f 1976/1976/1976 2008/2008/2008 1549/1549/1549
f 1214/1214/1214 1135/1135/1135 1365/1365/1365
f 1316/1316/1316 1892/1892/1892 1243/1243/1243
f 1655/1655/1655 1763/1763/1763 2082/2082/2082
f 1830/1830/1830 1624/1624/1624 2153/2153/2153
f 1873/1873/1873 1332/1332/1332 1859/1859/1859
f 1147/1147/1147 1700/1700/1700 1958/1958/1958
f 1380/1380/1380 1883/1883/1883 1802/1802/1802
f 2175/2175/2175 1299/1299/1299 1908/1908/1908
f 1953/1953/1953 1235/1235/1235 1894/1894/1894
f 2046/2046/2046 1658/1658/1658 1984/1984/1984
f 1385/1385/1385 1356/1356/1356 1911/1911/1911
f 1726/1726/1726 1594/1594/1594 1571/1571/1571
f 1317/1317/1317 1778/1778/1778 1847/1847/1847
f 1277/1277/1277 1367/1367/1367 2169/2169/2169
f 1880/1880/1880 1274/1274/1274 1324/1324/1324
f 1558/1558/1558 1821/1821/1821 1232/1232/1232
f 1386/1386/1386 1432/1432/1432 1245/1245/1245
f 1905/1905/1905 1583/1583/1583 1812/1812/1812
f 1913/1913/1913 1743/1743/1743 2153/2153/2153
f 1630/1630/1630 1424/1424/1424 1609/1609/1609
f 1186/1186/1186 1831/1831/1831 1187/1187/1187
f 1965/1965/1965 1559/1559/1559 1971/1971/1971
f 2106/2106/2106 1358/1358/1358 2102/2102/2102
f 1528/1528/1528 1595/1595/1595 2174/2174/2174
f 1919/1919/1919 2126/2126/2126 1853/1853/1853
f 2153/2153/2153 1938/1938/1938 1830/1830/1830
f 2108/2108/2108 1905/1905/1905 1812/1812/1812
f 1890/1890/1890 1619/1619/1619 1603/1603/1603
f 1612/1612/1612 2081/2081/2081 1709/1709/1709
f 1353/1353/1353 1167/1167/1167 1166/1166/1166
f 1781/1781/1781 1168/1168/1168 1397/1397/1397
f 1626/1626/1626 1989/1989/1989 1742/1742/1742
f 1827/1827/1827 1922/1922/1922 1857/1857/1857
f 1332/1332/1332 2127/2127/2127 1615/1615/1615
f 1495/1495/1495 2004/2004/2004 1743/1743/1743
f 1271/1271/1271 2114/2114/2114 1269/1269/1269
f 1757/1757/1757 1388/1388/1388 2087/2087/2087
f 1564/1564/1564 2032/2032/2032 1373/1373/1373
f 1940/1940/1940 1739/1739/1739 1850/1850/1850
f 1988/1988/1988 1418/1418/1418 1423/1423/1423
f 1540/1540/1540 1918/1918/1918 1334/1334/1334
f 1865/1865/1865 1810/1810/1810 2196/2196/2196
f 1895/1895/1895 1699/1699/1699 1342/1342/1342
f 1395/1395/1395 1892/1892/1892 1862/1862/1862
f 1794/1794/1794 2176/2176/2176 1901/1901/1901
f 1836/1836/1836 1245/1245/1245 1583/1583/1583
f 1166/1166/1166 1165/1165/1165 2074/2074/2074
f 2165/2165/2165 1523/1523/1523 2094/2094/2094
f 1226/1226/1226 1534/1534/1534 1935/1935/1935
f 1929/1929/1929 1229/1229/1229 1337/1337/1337
f 1377/1377/1377 1495/1495/1495 1547/1547/1547
f 2043/2043/2043 1506/1506/1506 1587/1587/1587
f 2192/2192/2192 1314/1314/1314 2089/2089/2089
f 1519/1519/1519 1799/1799/1799 1876/1876/1876
f 1971/1971/1971 1473/1473/1473 1194/1194/1194
f 1710/1710/1710 1737/1737/1737 2205/2205/2205
f 1601/1601/1601 1834/1834/1834 1876/1876/1876
f 1689/1689/1689 1745/1745/1745 1290/1290/1290
f 1499/1499/1499 1324/1324/1324 2058/2058/2058
f 1581/1581/1581 1471/1471/1471 1754/1754/1754
f 1897/1897/1897 1869/1869/1869 2091/2091/2091
f 2056/2056/2056 1445/1445/1445 1357/1357/1357
f 2074/2074/2074 1165/1165/1165 1632/1632/1632
f 1235/1235/1235 1985/1985/1985 1359/1359/1359
f 1488/1488/1488 1431/1431/1431 1327/1327/1327
f 1359/1359/1359 1985/1985/1985 1442/1442/1442
f 1925/1925/1925 2022/2022/2022 1403/1403/1403
f 2071/2071/2071 1418/1418/1418 2103/2103/2103
f 1872/1872/1872 1896/1896/1896 1543/1543/1543
f 1262/1262/1262 1448/1448/1448 1906/1906/1906
f 1519/1519/1519 1876/1876/1876 1834/1834/1834
f 1997/1997/1997 1495/1495/1495 1669/1669/1669
f 1436/1436/1436 1711/1711/1711 1465/1465/1465
f 1218/1218/1218 2160/2160/2160 1787/1787/1787
f 1339/1339/1339 1500/1500/1500 1851/1851/1851
f 1301/1301/1301 1636/1636/1636 2086/2086/2086
f 2192/2192/2192 2185/2185/2185 1792/1792/1792
f 1400/1400/1400 1287/1287/1287 2039/2039/2039
f 2151/2151/2151 1757/1757/1757 1961/1961/1961
f 1982/1982/1982 1555/1555/1555 1667/1667/1667
f 1722/1722/1722 1793/1793/1793 1336/1336/1336
f 1264/1264/1264 1350/1350/1350 1895/1895/1895
f 2047/2047/2047 1973/1973/1973 1434/1434/1434
f 1809/1809/1809 2148/2148/2148 2063/2063/2063
f 1439/1439/1439 1180/1180/1180 1179/1179/1179
f 1325/1325/1325 1439/1439/1439 1179/1179/1179
f 1872/1872/1872 1368/1368/1368 1343/1343/1343
f 1642/1642/1642 1864/1864/1864 1312/1312/1312
f 1261/1261/1261 1735/1735/1735 1643/1643/1643
f 1349/1349/1349 1849/1849/1849 2028/2028/2028
f 1163/1163/1163 1696/1696/1696 1164/1164/1164
f 1230/1230/1230 1886/1886/1886 1404/1404/1404
f 2187/2187/2187 1707/1707/1707 2085/2085/2085
f 1452/1452/1452 1777/1777/1777 1633/1633/1633
f 2204/2204/2204 1957/1957/1957 1731/1731/1731
f 1128/1128/1128 1246/1246/1246 1129/1129/1129
f 2049/2049/2049 1183/1183/1183 1182/1182/1182
f 1969/1969/1969 1728/1728/1728 1590/1590/1590
f 1872/1872/1872 2090/2090/2090 1480/1480/1480
f 2158/2158/2158 2014/2014/2014 1752/1752/1752
f 1619/1619/1619 1370/1370/1370 1603/1603/1603
f 1883/1883/1883 1375/1375/1375 1802/1802/1802
f 1398/1398/1398 1756/1756/1756 1140/1140/1140
f 2164/2164/2164 1342/1342/1342 1548/1548/1548
f 1940/1940/1940 2130/2130/2130 1280/1280/1280
f 2022/2022/2022 1847/1847/1847 1403/1403/1403
f 2042/2042/2042 1379/1379/1379 1772/1772/1772
f 1369/1369/1369 2210/2210/2210 1593/1593/1593
f 2034/2034/2034 1888/1888/1888 1272/1272/1272
f 1379/1379/1379 1698/1698/1698 1417/1417/1417
f 1509/1509/1509 2023/2023/2023 1370/1370/1370
f 1484/1484/1484 1675/1675/1675 1226/1226/1226
f 1626/1626/1626 2179/2179/2179 1967/1967/1967
f 1751/1751/1751 1357/1357/1357 1445/1445/1445
f 2147/2147/2147 1528/1528/1528 1600/1600/1600
f 2047/2047/2047 1692/1692/1692 1620/1620/1620
f 1422/1422/1422 1899/1899/1899 1356/1356/1356
f 2068/2068/2068 1664/1664/1664 1806/1806/1806
f 2175/2175/2175 1837/1837/1837 1915/1915/1915
f 2047/2047/2047 1620/1620/1620 2021/2021/2021
f 1125/1125/1125 1879/1879/1879 1126/1126/1126
f 1123/1123/1123 1122/1122/1122 1449/1449/1449
f 1362/1362/1362 2067/2067/2067 1506/1506/1506
f 1812/1812/1812 1254/1254/1254 2108/2108/2108
f 1717/1717/1717 1479/1479/1479 1670/1670/1670
f 1288/1288/1288 1970/1970/1970 2139/2139/2139
f 1842/1842/1842 1504/1504/1504 2195/2195/2195
f 1504/1504/1504 1836/1836/1836 1583/1583/1583
f 1509/1509/1509 1619/1619/1619 1576/1576/1576
f 1227/1227/1227 1276/1276/1276 1865/1865/1865
f 1248/1248/1248 1286/1286/1286 1234/1234/1234
f 1891/1891/1891 2181/2181/2181 1552/1552/1552
f 1351/1351/1351 1699/1699/1699 1613/1613/1613
f 1924/1924/1924 2198/2198/2198 1774/1774/1774
f 1585/1585/1585 1889/1889/1889 1434/1434/1434
f 1292/1292/1292 2064/2064/2064 1363/1363/1363
f 2059/2059/2059 1579/1579/1579 1355/1355/1355
f 1277/1277/1277 1200/1200/1200 1773/1773/1773
f 2145/2145/2145 1272/1272/1272 2204/2204/2204
f 1298/1298/1298 1221/1221/1221 1918/1918/1918
f 1295/1295/1295 1773/1773/1773 1199/1199/1199
f 2106/2106/2106 1526/1526/1526 1741/1741/1741
f 2101/2101/2101 1237/1237/1237 1990/1990/1990
f 1673/1673/1673 2196/2196/2196 1917/1917/1917
f 1799/1799/1799 1341/1341/1341 1349/1349/1349
f 1582/1582/1582 1538/1538/1538 1760/1760/1760
f 1933/1933/1933 2020/2020/2020 1817/1817/1817
f 1914/1914/1914 1709/1709/1709 2083/2083/2083
f 1747/1747/1747 2088/2088/2088 2017/2017/2017
f 1280/1280/1280 1960/1960/1960 1874/1874/1874
f 2012/2012/2012 1317/1317/1317 2022/2022/2022
f 1611/1611/1611 1307/1307/1307 2137/2137/2137
f 1861/1861/1861 1416/1416/1416 1514/1514/1514
f 1862/1862/1862 1679/1679/1679 1410/1410/1410
f 1328/1328/1328 2209/2209/2209 1828/1828/1828
f 1775/1775/1775 1379/1379/1379 1417/1417/1417
f 1333/1333/1333 1746/1746/1746 1734/1734/1734
f 1531/1531/1531 1770/1770/1770 1787/1787/1787
f 1503/1503/1503 1757/1757/1757 1920/1920/1920
f 1508/1508/1508 1766/1766/1766 2007/2007/2007
f 1465/1465/1465 1711/1711/1711 1715/1715/1715
f 1921/1921/1921 1856/1856/1856 1854/1854/1854
f 1281/1281/1281 2001/2001/2001 1974/1974/1974
f 2061/2061/2061 1890/1890/1890 2135/2135/2135
f 1526/1526/1526 2106/2106/2106 2102/2102/2102
f 1530/1530/1530 1689/1689/1689 1238/1238/1238
f 1259/1259/1259 1459/1459/1459 1653/1653/1653
f 1344/1344/1344 1819/1819/1819 1558/1558/1558
f 2200/2200/2200 1627/1627/1627 1654/1654/1654
f 2173/2173/2173 1441/1441/1441 1785/1785/1785
f 1989/1989/1989 1626/1626/1626 1629/1629/1629
f 1224/1224/1224 1343/1343/1343 1212/1212/1212
f 1729/1729/1729 1927/1927/1927 2000/2000/2000
f 1252/1252/1252 2104/2104/2104 1755/1755/1755
f 1237/1237/1237 1694/1694/1694 1485/1485/1485
f 1957/1957/1957 2036/2036/2036 1410/1410/1410
f 2019/2019/2019 1221/1221/1221 1298/1298/1298
f 1478/1478/1478 1442/1442/1442 1467/1467/1467
f 1334/1334/1334 1736/1736/1736 1328/1328/1328
f 1912/1912/1912 1218/1218/1218 1797/1797/1797
f 1975/1975/1975 1196/1196/1196 1470/1470/1470
f 1996/1996/1996 1191/1191/1191 1636/1636/1636
f 1647/1647/1647 1358/1358/1358 1426/1426/1426
f 1263/1263/1263 1915/1915/1915 1837/1837/1837
f 1961/1961/1961 1757/1757/1757 1503/1503/1503
f 1539/1539/1539 2141/2141/2141 1855/1855/1855
f 1370/1370/1370 2023/2023/2023 1484/1484/1484
f 1338/1338/1338 1250/1250/1250 1382/1382/1382
f 2157/2157/2157 1968/1968/1968 2001/2001/2001
f 1506/1506/1506 1433/1433/1433 1461/1461/1461
f 2091/2091/2091 1300/1300/1300 1897/1897/1897
f 2135/2135/2135 1490/1490/1490 1992/1992/1992
f 2191/2191/2191 1899/1899/1899 1835/1835/1835
f 1418/1418/1418 2044/2044/2044 1654/1654/1654
f 1931/1931/1931 1740/1740/1740 2102/2102/2102
f 1546/1546/1546 1624/1624/1624 1683/1683/1683
f 1543/1543/1543 1933/1933/1933 1376/1376/1376
f 1769/1769/1769 1891/1891/1891 1640/1640/1640
f 1916/1916/1916 1518/1518/1518 2069/2069/2069
f 1671/1671/1671 2163/2163/2163 1790/1790/1790
f 1922/1922/1922 1827/1827/1827 1814/1814/1814
f 1220/1220/1220 2045/2045/2045 2051/2051/2051
f 1817/1817/1817 1397/1397/1397 1605/1605/1605
f 1488/1488/1488 1768/1768/1768 1534/1534/1534
f 1536/1536/1536 1981/1981/1981 2002/2002/2002
f 1833/1833/1833 2076/2076/2076 1246/1246/1246
f 1536/1536/1536 1645/1645/1645 1786/1786/1786
f 1336/1336/1336 2036/2036/2036 1265/1265/1265
f 2174/2174/2174 1755/1755/1755 1567/1567/1567
f 1345/1345/1345 1937/1937/1937 2003/2003/2003
f 1861/1861/1861 1514/1514/1514 1791/1791/1791
f 1116/1116/1116 1447/1447/1447 1268/1268/1268
f 1269/1269/1269 1396/1396/1396 2010/2010/2010
f 1745/1745/1745 1634/1634/1634 1271/1271/1271
f 1511/1511/1511 1874/1874/1874 2170/2170/2170
f 1330/1330/1330 1846/1846/1846 1394/1394/1394
f 2030/2030/2030 1365/1365/1365 1572/1572/1572
f 1572/1572/1572 1625/1625/1625 2110/2110/2110
f 1916/1916/1916 2069/2069/2069 2194/2194/2194
f 1114/1114/1114 1440/1440/1440 1115/1115/1115
f 1420/1420/1420 1617/1617/1617 2162/2162/2162
f 1919/1919/1919 1853/1853/1853 2118/2118/2118
f 2183/2183/2183 1982/1982/1982 1667/1667/1667
f 2032/2032/2032 1827/1827/1827 1373/1373/1373
f 1939/1939/1939 1233/1233/1233 1845/1845/1845
f 2067/2067/2067 1369/1369/1369 1723/1723/1723
f 1849/1849/1849 1784/1784/1784 2028/2028/2028
f 1362/1362/1362 1255/1255/1255 1520/1520/1520
f 1404/1404/1404 1598/1598/1598 1508/1508/1508
f 1499/1499/1499 2013/2013/2013 1352/1352/1352
f 1118/1118/1118 1994/1994/1994 2125/2125/2125
f 1956/1956/1956 1561/1561/1561 1951/1951/1951
f 1602/1602/1602 1822/1822/1822 1615/1615/1615
f 2079/2079/2079 1138/1138/1138 1137/1137/1137
f 1379/1379/1379 1822/1822/1822 1698/1698/1698
f 1265/1265/1265 1578/1578/1578 1941/1941/1941
f 2184/2184/2184 2063/2063/2063 2148/2148/2148
f 1380/1380/1380 1802/1802/1802 1721/1721/1721
f 2018/2018/2018 1726/1726/1726 1309/1309/1309
f 1678/1678/1678 1916/1916/1916 2194/2194/2194
f 1390/1390/1390 1412/1412/1412 1884/1884/1884
f 1250/1250/1250 1338/1338/1338 1598/1598/1598
f 1599/1599/1599 1507/1507/1507 1920/1920/1920
f 1754/1754/1754 2136/2136/2136 1555/1555/1555
f 1560/1560/1560 2003/2003/2003 1317/1317/1317
f 2154/2154/2154 1462/1462/1462 1308/1308/1308
f 1201/1201/1201 1241/1241/1241 1846/1846/1846
f 1701/1701/1701 1682/1682/1682 1649/1649/1649
f 2175/2175/2175 1908/1908/1908 1837/1837/1837
f 1450/1450/1450 1948/1948/1948 2191/2191/2191
f 1510/1510/1510 1883/1883/1883 2098/2098/2098
f 1762/1762/1762 1913/1913/1913 1624/1624/1624
f 1685/1685/1685 1690/1690/1690 1719/1719/1719
f 2102/2102/2102 1740/1740/1740 1526/1526/1526
f 2087/2087/2087 1718/1718/1718 1642/1642/1642
f 1616/1616/1616 1352/1352/1352 1544/1544/1544
f 1664/1664/1664 1927/1927/1927 1273/1273/1273
f 1647/1647/1647 1529/1529/1529 1384/1384/1384
f 1863/1863/1863 1420/1420/1420 2162/2162/2162
f 2144/2144/2144 1497/1497/1497 1970/1970/1970
f 1193/1193/1193 1192/1192/1192 1868/1868/1868
f 1450/1450/1450 1273/1273/1273 1764/1764/1764
f 1399/1399/1399 1958/1958/1958 1804/1804/1804
f 2093/2093/2093 1955/1955/1955 2109/2109/2109
f 1556/1556/1556 1190/1190/1190 1189/1189/1189
f 1931/1931/1931 1777/1777/1777 2122/2122/2122
f 1691/1691/1691 1873/1873/1873 1826/1826/1826
f 1541/1541/1541 1603/1603/1603 1370/1370/1370
f 1773/1773/1773 1223/1223/1223 1367/1367/1367
f 1773/1773/1773 1367/1367/1367 1277/1277/1277
f 1444/1444/1444 1898/1898/1898 1533/1533/1533
f 1652/1652/1652 1464/1464/1464 1491/1491/1491
f 1832/1832/1832 2029/2029/2029 1549/1549/1549
f 1680/1680/1680 2170/2170/2170 1594/1594/1594
f 1989/1989/1989 1629/1629/1629 2056/2056/2056
f 2011/2011/2011 2155/2155/2155 1719/1719/1719
f 1112/1112/1112 1497/1497/1497 1113/1113/1113
f 1860/1860/1860 2134/2134/2134 2073/2073/2073
f 1662/1662/1662 1816/1816/1816 1392/1392/1392
f 1980/1980/1980 2035/2035/2035 1305/1305/1305
f 1486/1486/1486 1504/1504/1504 1842/1842/1842
f 1284/1284/1284 2192/2192/2192 2089/2089/2089
f 1677/1677/1677 1253/1253/1253 1622/1622/1622
f 1324/1324/1324 1382/1382/1382 2058/2058/2058
f 1898/1898/1898 1661/1661/1661 1885/1885/1885
f 1358/1358/1358 1384/1384/1384 1633/1633/1633
f 1338/1338/1338 1695/1695/1695 1598/1598/1598
f 1839/1839/1839 1517/1517/1517 1460/1460/1460
f 1477/1477/1477 1489/1489/1489 1234/1234/1234
f 1509/1509/1509 1370/1370/1370 1619/1619/1619
f 2123/2123/2123 1790/1790/1790 2078/2078/2078
f 1633/1633/1633 2161/2161/2161 1452/1452/1452
f 1921/1921/1921 1461/1461/1461 1856/1856/1856
f 1485/1485/1485 1289/1289/1289 1237/1237/1237
f 1838/1838/1838 1753/1753/1753 2005/2005/2005
f 1569/1569/1569 1205/1205/1205 1204/1204/1204
f 1444/1444/1444 1661/1661/1661 1898/1898/1898
f 2063/2063/2063 1375/1375/1375 1427/1427/1427
f 1651/1651/1651 1944/1944/1944 1131/1131/1131
f 1917/1917/1917 1650/1650/1650 1797/1797/1797
f 1313/1313/1313 1736/1736/1736 1918/1918/1918
f 1615/1615/1615 1293/1293/1293 1332/1332/1332
f 1942/1942/1942 1448/1448/1448 2061/2061/2061
f 1593/1593/1593 1890/1890/1890 1603/1603/1603
f 2143/2143/2143 1708/1708/1708 1686/1686/1686
f 1291/1291/1291 1449/1449/1449 1122/1122/1122
f 1610/1610/1610 2120/2120/2120 1419/1419/1419
f 1739/1739/1739 1472/1472/1472 1697/1697/1697
f 1267/1267/1267 2111/2111/2111 1869/1869/1869
f 1837/1837/1837 1908/1908/1908 1515/1515/1515
f 2072/2072/2072 1621/1621/1621 1239/1239/1239
f 2206/2206/2206 2147/2147/2147 1600/1600/1600
f 1921/1921/1921 1587/1587/1587 1461/1461/1461
f 1524/1524/1524 1297/1297/1297 1732/1732/1732
f 1349/1349/1349 2070/2070/2070 1799/1799/1799
f 1904/1904/1904 2128/2128/2128 1366/1366/1366
f 1832/1832/1832 1549/1549/1549 1498/1498/1498
f 1326/1326/1326 1889/1889/1889 1595/1595/1595
f 2008/2008/2008 1976/1976/1976 1727/1727/1727
f 2140/2140/2140 1778/1778/1778 1462/1462/1462
f 1155/1155/1155 1553/1553/1553 1230/1230/1230
f 1974/1974/1974 1442/1442/1442 1517/1517/1517
f 2182/2182/2182 1917/1917/1917 1797/1797/1797
f 2032/2032/2032 1542/1542/1542 1827/1827/1827
f 1909/1909/1909 1475/1475/1475 1887/1887/1887
f 2003/2003/2003 1937/1937/1937 1462/1462/1462
f 2182/2182/2182 2048/2048/2048 1392/1392/1392
f 1746/1746/1746 1333/1333/1333 2028/2028/2028
f 2003/2003/2003 1462/1462/1462 1778/1778/1778
f 2113/2113/2113 1511/1511/1511 2170/2170/2170
f 1331/1331/1331 1978/1978/1978 2184/2184/2184
f 2171/2171/2171 1638/1638/1638 2006/2006/2006
f 1819/1819/1819 1344/1344/1344 1154/1154/1154
f 2146/2146/2146 2136/2136/2136 1641/1641/1641
f 2117/2117/2117 1529/1529/1529 1983/1983/1983
f 1384/1384/1384 1358/1358/1358 1647/1647/1647
f 1595/1595/1595 1528/1528/1528 2147/2147/2147
f 1273/1273/1273 1927/1927/1927 2205/2205/2205
f 2080/2080/2080 1634/1634/1634 1745/1745/1745
f 2155/2155/2155 2011/2011/2011 1646/1646/1646
f 2172/2172/2172 1427/1427/1427 2006/2006/2006
f 1742/1742/1742 1989/1989/1989 1805/1805/1805
f 1481/1481/1481 1707/1707/1707 2187/2187/2187
f 1575/1575/1575 2177/2177/2177 2133/2133/2133
f 1672/1672/1672 1382/1382/1382 1250/1250/1250
f 2025/2025/2025 2001/2001/2001 1968/1968/1968
f 1639/1639/1639 2192/2192/2192 1792/1792/1792
f 2182/2182/2182 1797/1797/1797 2048/2048/2048
f 1192/1192/1192 1191/1191/1191 1996/1996/1996
f 1292/1292/1292 1384/1384/1384 1529/1529/1529
f 1704/1704/1704 1509/1509/1509 1576/1576/1576
f 2135/2135/2135 1890/1890/1890 1724/1724/1724
f 1965/1965/1965 1868/1868/1868 1551/1551/1551
f 1374/1374/1374 1747/1747/1747 2017/2017/2017
f 1782/1782/1782 1309/1309/1309 1945/1945/1945
f 1727/1727/1727 1346/1346/1346 2008/2008/2008
f 2168/2168/2168 1272/1272/1272 2166/2166/2166
f 1564/1564/1564 2019/2019/2019 2075/2075/2075
f 1839/1839/1839 1460/1460/1460 2037/2037/2037
f 1855/1855/1855 1808/1808/1808 2052/2052/2052
f 1269/1269/1269 2055/2055/2055 1267/1267/1267
f 2174/2174/2174 1595/1595/1595 1755/1755/1755
f 1310/1310/1310 1771/1771/1771 2134/2134/2134
f 1345/1345/1345 1330/1330/1330 1394/1394/1394
f 1825/1825/1825 1894/1894/1894 1929/1929/1929
f 1854/1854/1854 1276/1276/1276 1227/1227/1227
f 1864/1864/1864 1642/1642/1642 1718/1718/1718
f 1390/1390/1390 2052/2052/2052 1412/1412/1412
f 1503/1503/1503 1499/1499/1499 1352/1352/1352
f 1774/1774/1774 2198/2198/2198 1677/1677/1677
f 1224/1224/1224 1212/1212/1212 1233/1233/1233
f 1359/1359/1359 1814/1814/1814 1229/1229/1229
f 2163/2163/2163 1829/1829/1829 1761/1761/1761
f 1960/1960/1960 1496/1496/1496 1874/1874/1874
f 1797/1797/1797 1650/1650/1650 1474/1474/1474
f 1491/1491/1491 1885/1885/1885 2111/2111/2111
f 1601/1601/1601 1669/1669/1669 1834/1834/1834
f 1519/1519/1519 1932/1932/1932 1238/1238/1238
f 1127/1127/1127 1568/1568/1568 1128/1128/1128
f 1214/1214/1214 1136/1136/1136 1135/1135/1135
f 1143/1143/1143 1881/1881/1881 2124/2124/2124
f 1430/1430/1430 1990/1990/1990 1237/1237/1237
f 2034/2034/2034 2145/2145/2145 1788/1788/1788
f 1822/1822/1822 1379/1379/1379 2042/2042/2042
f 2122/2122/2122 1244/1244/1244 1411/1411/1411
f 1663/1663/1663 1832/1832/1832 1712/1712/1712
f 1258/1258/1258 1651/1651/1651 1694/1694/1694
f 1314/1314/1314 2192/2192/2192 1514/1514/1514
f 2171/2171/2171 1427/1427/1427 1375/1375/1375
f 1341/1341/1341 1290/1290/1290 1966/1966/1966
f 1944/1944/1944 2202/2202/2202 1132/1132/1132
f 1258/1258/1258 1400/1400/1400 1944/1944/1944
f 1359/1359/1359 1442/1442/1442 1478/1478/1478
f 1606/1606/1606 1337/1337/1337 1574/1574/1574
f 1637/1637/1637 2143/2143/2143 1686/1686/1686
f 1956/1956/1956 1951/1951/1951 1119/1119/1119
f 2145/2145/2145 2110/2110/2110 1788/1788/1788
f 1591/1591/1591 1395/1395/1395 1410/1410/1410
f 1892/1892/1892 1613/1613/1613 1862/1862/1862
f 2150/2150/2150 1928/1928/1928 1136/1136/1136
f 2162/2162/2162 1789/1789/1789 2112/2112/2112
f 1279/1279/1279 2128/2128/2128 1946/1946/1946
f 1329/1329/1329 1645/1645/1645 1987/1987/1987
f 1625/1625/1625 1572/1572/1572 1365/1365/1365
f 1919/1919/1919 1361/1361/1361 1748/1748/1748
f 1752/1752/1752 1921/1921/1921 1998/1998/1998
f 1307/1307/1307 2123/2123/2123 1780/1780/1780
f 2077/2077/2077 1964/1964/1964 1785/1785/1785
f 1221/1221/1221 1313/1313/1313 1918/1918/1918
f 1495/1495/1495 1743/1743/1743 1913/1913/1913
f 1765/1765/1765 2167/2167/2167 2136/2136/2136
f 1286/1286/1286 1985/1985/1985 1953/1953/1953
f 2053/2053/2053 2021/2021/2021 1995/1995/1995
f 1618/1618/1618 1959/1959/1959 1620/1620/1620
f 1322/1322/1322 1457/1457/1457 1947/1947/1947
f 1693/1693/1693 1628/1628/1628 1276/1276/1276
f 2184/2184/2184 1978/1978/1978 1802/1802/1802
f 1260/1260/1260 2172/2172/2172 1811/1811/1811
f 1395/1395/1395 1702/1702/1702 1881/1881/1881
f 1542/1542/1542 2032/2032/2032 1296/1296/1296
f 1881/1881/1881 1702/1702/1702 2124/2124/2124
f 1287/1287/1287 1818/1818/1818 1888/1888/1888
f 1242/1242/1242 1353/1353/1353 1303/1303/1303
f 1401/1401/1401 2042/2042/2042 1772/1772/1772
f 1444/1444/1444 1533/1533/1533 1435/1435/1435
f 1326/1326/1326 2206/2206/2206 1692/1692/1692
f 1387/1387/1387 1783/1783/1783 1357/1357/1357
f 2084/2084/2084 1876/1876/1876 2070/2070/2070
f 2114/2114/2114 1634/1634/1634 2064/2064/2064
f 1290/1290/1290 1341/1341/1341 1238/1238/1238
f 1519/1519/1519 1238/1238/1238 1341/1341/1341
f 1871/1871/1871 1715/1715/1715 1510/1510/1510
f 1703/1703/1703 2050/2050/2050 1521/1521/1521
f 1142/1142/1142 1316/1316/1316 1243/1243/1243
f 1408/1408/1408 1766/1766/1766 1695/1695/1695
f 1544/1544/1544 1406/1406/1406 1616/1616/1616
f 1579/1579/1579 1345/1345/1345 1394/1394/1394
f 1846/1846/1846 1202/1202/1202 1201/1201/1201
f 1400/1400/1400 1258/1258/1258 2101/2101/2101
f 1135/1135/1135 1134/1134/1134 1365/1365/1365
f 1646/1646/1646 1796/1796/1796 2155/2155/2155
f 2020/2020/2020 1896/1896/1896 2193/2193/2193
f 2121/2121/2121 1993/1993/1993 1409/1409/1409
f 2014/2014/2014 2158/2158/2158 2119/2119/2119
f 1446/1446/1446 1438/1438/1438 1354/1354/1354
f 1635/1635/1635 1586/1586/1586 1796/1796/1796
f 1522/1522/1522 1451/1451/1451 1515/1515/1515
f 2106/2106/2106 1426/1426/1426 1358/1358/1358
f 1261/1261/1261 1685/1685/1685 1640/1640/1640
f 1276/1276/1276 1628/1628/1628 1865/1865/1865
f 1291/1291/1291 1794/1794/1794 1901/1901/1901
f 1531/1531/1531 1787/1787/1787 1573/1573/1573
f 1715/1715/1715 1690/1690/1690 1465/1465/1465
f 1854/1854/1854 1227/1227/1227 2182/2182/2182
f 1275/1275/1275 2009/2009/2009 1908/1908/1908
f 1188/1188/1188 1516/1516/1516 1189/1189/1189
f 2177/2177/2177 1575/1575/1575 1209/1209/1209
f 1714/1714/1714 1816/1816/1816 1662/1662/1662
f 1300/1300/1300 2091/2091/2091 1638/1638/1638
f 1637/1637/1637 1425/1425/1425 1428/1428/1428
f 2113/2113/2113 1977/1977/1977 1511/1511/1511
f 2103/2103/2103 1654/1654/1654 1206/1206/1206
f 1608/1608/1608 1188/1188/1188 1187/1187/1187
f 1275/1275/1275 1216/1216/1216 2105/2105/2105
f 2085/2085/2085 2099/2099/2099 1294/1294/1294
f 1666/1666/1666 1609/1609/1609 1424/1424/1424
f 2197/2197/2197 1632/1632/1632 1283/1283/1283
f 1631/1631/1631 2188/2188/2188 1523/1523/1523
f 1467/1467/1467 1622/1622/1622 1211/1211/1211
f 2016/2016/2016 1675/1675/1675 1484/1484/1484
f 1124/1124/1124 1684/1684/1684 1125/1125/1125
f 1770/1770/1770 1842/1842/1842 1714/1714/1714
f 1393/1393/1393 1970/1970/1970 1288/1288/1288
f 1456/1456/1456 1294/1294/1294 1611/1611/1611
f 1496/1496/1496 1767/1767/1767 1730/1730/1730
f 2162/2162/2162 1617/1617/1617 1789/1789/1789
f 1350/1350/1350 1731/1731/1731 1679/1679/1679
f 2164/2164/2164 2040/2040/2040 1342/1342/1342
f 1739/1739/1739 2017/2017/2017 1472/1472/1472
f 1405/1405/1405 2159/2159/2159 1346/1346/1346
f 2097/2097/2097 2081/2081/2081 1554/1554/1554
f 1543/1543/1543 1896/1896/1896 2020/2020/2020
f 1917/1917/1917 2196/2196/2196 1251/1251/1251
f 1538/1538/1538 2112/2112/2112 1760/1760/1760
f 2090/2090/2090 1906/1906/1906 1480/1480/1480
f 1543/1543/1543 1368/1368/1368 1872/1872/1872
f 2054/2054/2054 1623/1623/1623 1525/1525/1525
f 1770/1770/1770 1763/1763/1763 1657/1657/1657
f 1108/1108/1108 1903/1903/1903 2099/2099/2099
f 1903/1903/1903 1492/1492/1492 1611/1611/1611
f 2086/2086/2086 1190/1190/1190 1556/1556/1556
f 1831/1831/1831 2174/2174/2174 1608/1608/1608
f 1823/1823/1823 1274/1274/1274 2046/2046/2046
f 1660/1660/1660 2141/2141/2141 1266/1266/1266
f 1117/1117/1117 1994/1994/1994 1118/1118/1118
f 2084/2084/2084 1954/1954/1954 1432/1432/1432
f 1794/1794/1794 1561/1561/1561 2176/2176/2176
f 1938/1938/1938 1425/1425/1425 1656/1656/1656
f 2193/2193/2193 1170/1170/1170 1169/1169/1169
f 1480/1480/1480 2181/2181/2181 1554/1554/1554
f 1897/1897/1897 1858/1858/1858 1869/1869/1869
f 2171/2171/2171 1375/1375/1375 1463/1463/1463
f 2173/2173/2173 1418/1418/1418 1988/1988/1988
f 1648/1648/1648 1798/1798/1798 1454/1454/1454
f 1467/1467/1467 2025/2025/2025 1622/1622/1622
f 1253/1253/1253 1691/1691/1691 1826/1826/1826
f 2129/2129/2129 1668/1668/1668 1523/1523/1523
f 1166/1166/1166 2074/2074/2074 1353/1353/1353
f 1223/1223/1223 1820/1820/1820 1422/1422/1422
f 1940/1940/1940 1479/1479/1479 2130/2130/2130
f 1144/1144/1144 1577/1577/1577 1145/1145/1145
f 1702/1702/1702 1803/1803/1803 1759/1759/1759
f 1813/1813/1813 1468/1468/1468 2035/2035/2035
f 1421/1421/1421 1896/1896/1896 1872/1872/1872
f 1436/1436/1436 1665/1665/1665 1936/1936/1936
f 2006/2006/2006 1638/1638/1638 1661/1661/1661
f 1107/1107/1107 1270/1270/1270 1108/1108/1108
f 1964/1964/1964 2092/2092/2092 2200/2200/2200
f 1229/1229/1229 1814/1814/1814 1337/1337/1337
f 1677/1677/1677 2093/2093/2093 1253/1253/1253
f 1287/1287/1287 1400/1400/1400 2101/2101/2101
f 1296/1296/1296 2075/2075/2075 1725/1725/1725
f 1244/1244/1244 1452/1452/1452 1976/1976/1976
f 1472/1472/1472 2088/2088/2088 1278/1278/1278
f 1847/1847/1847 1778/1778/1778 1767/1767/1767
f 2200/2200/2200 1654/1654/1654 2044/2044/2044
f 1567/1567/1567 2104/2104/2104 1500/1500/1500
f 1878/1878/1878 1188/1188/1188 1608/1608/1608
f 2140/2140/2140 1767/1767/1767 1778/1778/1778
f 1633/1633/1633 2102/2102/2102 1358/1358/1358
f 1491/1491/1491 1464/1464/1464 1533/1533/1533
f 1844/1844/1844 1464/1464/1464 1652/1652/1652
f 1606/1606/1606 1929/1929/1929 1337/1337/1337
f 2109/2109/2109 1550/1550/1550 1691/1691/1691
f 2014/2014/2014 1587/1587/1587 1921/1921/1921
f 2208/2208/2208 1254/1254/1254 1432/1432/1432
f 1759/1759/1759 1793/1793/1793 1843/1843/1843
f 1391/1391/1391 1285/1285/1285 2107/2107/2107
f 1258/1258/1258 1694/1694/1694 2101/2101/2101
f 1687/1687/1687 1221/1221/1221 2019/2019/2019
f 1811/1811/1811 1444/1444/1444 1260/1260/1260
f 1912/1912/1912 1797/1797/1797 1474/1474/1474
f 2038/2038/2038 1596/1596/1596 1708/1708/1708
f 2152/2152/2152 1425/1425/1425 1938/1938/1938
f 1594/1594/1594 1776/1776/1776 1475/1475/1475
f 1940/1940/1940 1280/1280/1280 1739/1739/1739
f 2015/2015/2015 1737/1737/1737 1710/1710/1710
f 2186/2186/2186 1919/1919/1919 1748/1748/1748
f 1812/1812/1812 1432/1432/1432 1254/1254/1254
f 1772/1772/1772 1687/1687/1687 1401/1401/1401
f 1268/1268/1268 1447/1447/1447 1979/1979/1979
f 2194/2194/2194 2137/2137/2137 1780/1780/1780
f 1240/1240/1240 1915/1915/1915 1852/1852/1852
f 1932/1932/1932 1530/1530/1530 1238/1238/1238
f 2144/2144/2144 1482/1482/1482 1497/1497/1497
f 1601/1601/1601 1589/1589/1589 1545/1545/1545
f 1363/1363/1363 1923/1923/1923 1727/1727/1727
f 2082/2082/2082 1531/1531/1531 2066/2066/2066
f 1216/1216/1216 2175/2175/2175 1240/1240/1240
f 1269/1269/1269 1267/1267/1267 1396/1396/1396
f 1514/1514/1514 1416/1416/1416 1314/1314/1314
f 2160/2160/2160 1573/1573/1573 1787/1787/1787
f 1908/1908/1908 1522/1522/1522 1515/1515/1515
f 1931/1931/1931 1633/1633/1633 1777/1777/1777
f 1682/1682/1682 1790/1790/1790 2123/2123/2123
f 1419/1419/1419 1950/1950/1950 1610/1610/1610
f 1700/1700/1700 1146/1146/1146 1494/1494/1494
f 2168/2168/2168 2166/2166/2166 1578/1578/1578
f 1604/1604/1604 1860/1860/1860 1557/1557/1557
f 1901/1901/1901 2176/2176/2176 1800/1800/1800
f 1589/1589/1589 1601/1601/1601 1876/1876/1876
f 2159/2159/2159 2131/2131/2131 1498/1498/1498
f 1759/1759/1759 1577/1577/1577 2124/2124/2124
f 1952/1952/1952 2198/2198/2198 1924/1924/1924
f 2062/2062/2062 1639/1639/1639 1792/1792/1792
f 1828/1828/1828 2209/2209/2209 1991/1991/1991
f 2058/2058/2058 1672/1672/1672 1471/1471/1471
f 1984/1984/1984 1304/1304/1304 1823/1823/1823
f 1571/1571/1571 1475/1475/1475 1909/1909/1909
f 1820/1820/1820 1198/1198/1198 2095/2095/2095
f 2073/2073/2073 1288/1288/1288 1481/1481/1481
f 1584/1584/1584 1867/1867/1867 1437/1437/1437
f 1805/1805/1805 1824/1824/1824 1897/1897/1897
f 1461/1461/1461 1693/1693/1693 1856/1856/1856
f 1348/1348/1348 2133/2133/2133 1454/1454/1454
f 1441/1441/1441 1790/1790/1790 1682/1682/1682
f 2186/2186/2186 1712/1712/1712 2131/2131/2131
f 1582/1582/1582 1268/1268/1268 1979/1979/1979
f 1768/1768/1768 1488/1488/1488 1723/1723/1723
f 1935/1935/1935 1768/1768/1768 1541/1541/1541
f 1952/1952/1952 1713/1713/1713 1653/1653/1653
f 1641/1641/1641 2136/2136/2136 1754/1754/1754
f 1916/1916/1916 1479/1479/1479 1717/1717/1717
f 1111/1111/1111 1707/1707/1707 1481/1481/1481
f 1802/1802/1802 1375/1375/1375 2184/2184/2184
f 2072/2072/2072 2000/2000/2000 1728/1728/1728
f 1644/1644/1644 1970/1970/1970 1771/1771/1771
f 1801/1801/1801 1863/1863/1863 1582/1582/1582
f 1470/1470/1470 1196/1196/1196 1195/1195/1195
f 1479/1479/1479 1940/1940/1940 1670/1670/1670
f 1668/1668/1668 1283/1283/1283 1632/1632/1632
f 1266/1266/1266 1539/1539/1539 1605/1605/1605
f 1902/1902/1902 2196/2196/2196 1810/1810/1810
f 1930/1930/1930 1910/1910/1910 2142/2142/2142
f 2125/2125/2125 1956/1956/1956 1119/1119/1119
f 2118/2118/2118 1913/1913/1913 1762/1762/1762
f 2077/2077/2077 1785/1785/1785 1798/1798/1798
f 1402/1402/1402 1666/1666/1666 2027/2027/2027
f 1928/1928/1928 2164/2164/2164 1841/1841/1841
f 2202/2202/2202 1400/1400/1400 1476/1476/1476
f 1231/1231/1231 2167/2167/2167 1765/1765/1765
f 2100/2100/2100 1371/1371/1371 1907/1907/1907
f 1900/1900/1900 1515/1515/1515 1451/1451/1451
f 1882/1882/1882 2049/2049/2049 1247/1247/1247
f 1171/1171/1171 1709/1709/1709 1172/1172/1172
f 1811/1811/1811 1661/1661/1661 1444/1444/1444
f 1548/1548/1548 1351/1351/1351 1398/1398/1398
f 2110/2110/2110 1625/1625/1625 1788/1788/1788
f 1788/1788/1788 1625/1625/1625 1949/1949/1949
f 1316/1316/1316 1142/1142/1142 1141/1141/1141
f 2013/2013/2013 1499/1499/1499 2058/2058/2058
f 2007/2007/2007 1160/1160/1160 1159/1159/1159
f 2176/2176/2176 1708/1708/1708 2143/2143/2143
f 1792/1792/1792 1912/1912/1912 1474/1474/1474
f 2144/2144/2144 1532/1532/1532 2116/2116/2116
f 1966/1966/1966 1784/1784/1784 1849/1849/1849
f 1785/1785/1785 1964/1964/1964 2044/2044/2044
f 2005/2005/2005 1330/1330/1330 1345/1345/1345
f 1331/1331/1331 1177/1177/1177 1446/1446/1446
f 1448/1448/1448 1576/1576/1576 1493/1493/1493
f 1678/1678/1678 2194/2194/2194 1893/1893/1893
f 1726/1726/1726 2018/2018/2018 1680/1680/1680
f 1303/1303/1303 1353/1353/1353 2197/2197/2197
f 1817/1817/1817 1605/1605/1605 1933/1933/1933
f 2082/2082/2082 1763/1763/1763 1531/1531/1531
f 1587/1587/1587 2119/2119/2119 1744/1744/1744
f 2054/2054/2054 2126/2126/2126 1535/1535/1535
f 1674/1674/1674 2070/2070/2070 1349/1349/1349
f 1836/1836/1836 1505/1505/1505 1245/1245/1245
f 1617/1617/1617 1683/1683/1683 1830/1830/1830
f 1937/1937/1937 1579/1579/1579 2059/2059/2059
f 1971/1971/1971 1559/1559/1559 1473/1473/1473
f 1318/1318/1318 1807/1807/1807 1302/1302/1302
f 1449/1449/1449 1993/1993/1993 1123/1123/1123
f 1374/1374/1374 1977/1977/1977 1747/1747/1747
f 1701/1701/1701 1492/1492/1492 1348/1348/1348
f 1272/1272/1272 2145/2145/2145 2034/2034/2034
f 2150/2150/2150 2164/2164/2164 1928/1928/1928
f 1304/1304/1304 1408/1408/1408 1823/1823/1823
f 1566/1566/1566 2190/2190/2190 2024/2024/2024
f 2201/2201/2201 2107/2107/2107 2127/2127/2127
f 1941/1941/1941 1698/1698/1698 1228/1228/1228
f 1371/1371/1371 2100/2100/2100 1659/1659/1659
f 1934/1934/1934 1521/1521/1521 2050/2050/2050
f 1351/1351/1351 1548/1548/1548 1342/1342/1342
f 2166/2166/2166 1220/1220/1220 1775/1775/1775
f 1551/1551/1551 1996/1996/1996 1301/1301/1301
f 1203/1203/1203 1753/1753/1753 1838/1838/1838
f 1511/1511/1511 1374/1374/1374 2033/2033/2033
f 2170/2170/2170 1776/1776/1776 1594/1594/1594
f 1980/1980/1980 1947/1947/1947 1877/1877/1877
f 1783/1783/1783 2056/2056/2056 1357/1357/1357
f 1177/1177/1177 1176/1176/1176 1446/1446/1446
f 1290/1290/1290 1271/1271/1271 2010/2010/2010
f 2103/2103/2103 1418/1418/1418 1654/1654/1654
f 2005/2005/2005 1345/1345/1345 2003/2003/2003
f 1729/1729/1729 2105/2105/2105 2015/2015/2015
f 2049/2049/2049 1882/1882/1882 1959/1959/1959
f 2010/2010/2010 1966/1966/1966 1290/1290/1290
f 1885/1885/1885 1638/1638/1638 2091/2091/2091
f 1428/1428/1428 1607/1607/1607 2143/2143/2143
f 1807/1807/1807 1361/1361/1361 1546/1546/1546
f 1456/1456/1456 1557/1557/1557 1294/1294/1294
f 2078/2078/2078 1893/1893/1893 1780/1780/1780
f 2015/2015/2015 1710/1710/1710 1729/1729/1729
f 1511/1511/1511 1977/1977/1977 1374/1374/1374
f 1665/1665/1665 1436/1436/1436 1643/1643/1643
f 1715/1715/1715 1626/1626/1626 1510/1510/1510
f 1293/1293/1293 1615/1615/1615 1822/1822/1822
f 1281/1281/1281 2151/2151/2151 2180/2180/2180
f 1646/1646/1646 1354/1354/1354 1635/1635/1635
f 1640/1640/1640 1685/1685/1685 1769/1769/1769
f 1540/1540/1540 1298/1298/1298 1918/1918/1918
f 1770/1770/1770 1657/1657/1657 1486/1486/1486
f 1749/1749/1749 1228/1228/1228 1285/1285/1285
f 1677/1677/1677 2198/2198/2198 2093/2093/2093
f 1871/1871/1871 2011/2011/2011 1719/1719/1719
f 1978/1978/1978 1331/1331/1331 1446/1446/1446
f 2004/2004/2004 1866/1866/1866 1732/1732/1732
f 2195/2195/2195 2158/2158/2158 1752/1752/1752
f 2116/2116/2116 1482/1482/1482 2144/2144/2144
f 1589/1589/1589 2084/2084/2084 1386/1386/1386
f 1964/1964/1964 2200/2200/2200 2044/2044/2044
f 1206/1206/1206 1654/1654/1654 1627/1627/1627
f 1848/1848/1848 1588/1588/1588 1507/1507/1507
f 1933/1933/1933 1605/1605/1605 1539/1539/1539
f 1128/1128/1128 1568/1568/1568 1246/1246/1246
f 1329/1329/1329 2060/2060/2060 1879/1879/1879
f 1163/1163/1163 1566/1566/1566 1696/1696/1696
f 1155/1155/1155 1230/1230/1230 1156/1156/1156
f 1847/1847/1847 1767/1767/1767 1829/1829/1829
f 1345/1345/1345 1579/1579/1579 1937/1937/1937
f 1904/1904/1904 1800/1800/1800 1607/1607/1607
f 1340/1340/1340 1251/1251/1251 2196/2196/2196
f 1933/1933/1933 1543/1543/1543 2020/2020/2020
f 1397/1397/1397 1167/1167/1167 1242/1242/1242
f 1739/1739/1739 1280/1280/1280 2033/2033/2033
f 1940/1940/1940 1850/1850/1850 1670/1670/1670
f 1286/1286/1286 1248/1248/1248 1460/1460/1460
f 1392/1392/1392 1816/1816/1816 1998/1998/1998
f 2062/2062/2062 1474/1474/1474 1455/1455/1455
f 1921/1921/1921 1854/1854/1854 1998/1998/1998
f 1489/1489/1489 1750/1750/1750 1234/1234/1234
f 1864/1864/1864 1808/1808/1808 2141/2141/2141
f 2109/2109/2109 1364/1364/1364 1429/1429/1429
f 1521/1521/1521 1150/1150/1150 1149/1149/1149
f 1467/1467/1467 1974/1974/1974 2025/2025/2025
f 2031/2031/2031 1722/1722/1722 1749/1749/1749
f 1798/1798/1798 1682/1682/1682 1701/1701/1701
f 1893/1893/1893 2078/2078/2078 1761/1761/1761
f 2204/2204/2204 1350/1350/1350 2145/2145/2145
f 1285/1285/1285 1228/1228/1228 1698/1698/1698
f 1342/1342/1342 1699/1699/1699 1351/1351/1351
f 1476/1476/1476 1949/1949/1949 2149/2149/2149
f 1217/1217/1217 2045/2045/2045 2203/2203/2203
f 1234/1234/1234 1953/1953/1953 1477/1477/1477
f 1219/1219/1219 2002/2002/2002 1565/1565/1565
f 1220/1220/1220 1213/1213/1213 2045/2045/2045
f 1852/1852/1852 1983/1983/1983 1529/1529/1529
f 1355/1355/1355 1887/1887/1887 2059/2059/2059
f 1556/1556/1556 1189/1189/1189 1516/1516/1516
f 1959/1959/1959 1183/1183/1183 2049/2049/2049
f 2138/2138/2138 1900/1900/1900 1451/1451/1451
f 1239/1239/1239 2009/2009/2009 1275/1275/1275
f 2179/2179/2179 1463/1463/1463 1967/1967/1967
f 2004/2004/2004 1495/1495/1495 1997/1997/1997
f 1818/1818/1818 1990/1990/1990 2203/2203/2203
f 1574/1574/1574 1537/1537/1537 2065/2065/2065
f 1690/1690/1690 1715/1715/1715 1871/1871/1871
f 1255/1255/1255 1468/1468/1468 1520/1520/1520
f 3792/3792/3792 4241/4241/4241 2463/2463/2463
f 2750/2750/2750 2857/2857/2857 2360/2360/2360
f 4063/4063/4063 2905/2905/2905 2699/2699/2699
f 3456/3456/3456 3779/3779/3779 3842/3842/3842
f 3660/3660/3660 3679/3679/3679 4122/4122/4122
f 2699/2699/2699 3194/3194/3194 3853/3853/3853
f 3743/3743/3743 3426/3426/3426 3206/3206/3206
f 3695/3695/3695 3043/3043/3043 3615/3615/3615
f 3769/3769/3769 3925/3925/3925 3784/3784/3784
f 3548/3548/3548 3249/3249/3249 2598/2598/2598
f 2954/2954/2954 3718/3718/3718 2589/2589/2589
f 2496/2496/2496 3760/3760/3760 2666/2666/2666
f 3565/3565/3565 2590/2590/2590 2954/2954/2954
f 2219/2219/2219 2220/2220/2220 3933/3933/3933
f 4064/4064/4064 4322/4322/4322 3815/3815/3815
f 4292/4292/4292 2780/2780/2780 3642/3642/3642
f 4044/4044/4044 3936/3936/3936 3615/3615/3615
f 2828/2828/2828 2767/2767/2767 4347/4347/4347
f 2861/2861/2861 3289/3289/3289 4301/4301/4301
f 3096/3096/3096 3464/3464/3464 2765/2765/2765
f 2885/2885/2885 3432/3432/3432 3007/3007/3007
f 2367/2367/2367 2369/2369/2369 2755/2755/2755
f 2746/2746/2746 3817/3817/3817 3653/3653/3653
f 2765/2765/2765 2430/2430/2430 3096/3096/3096
f 3626/3626/3626 3116/3116/3116 3941/3941/3941
f 4199/4199/4199 3707/3707/3707 3348/3348/3348
f 4275/4275/4275 3940/3940/3940 2408/2408/2408
f 3614/3614/3614 3265/3265/3265 3673/3673/3673
f 4251/4251/4251 3146/3146/3146 3965/3965/3965
f 4282/4282/4282 3412/3412/3412 3821/3821/3821
f 3938/3938/3938 3572/3572/3572 2778/2778/2778
f 4325/4325/4325 3047/3047/3047 3921/3921/3921
f 4077/4077/4077 2745/2745/2745 3805/3805/3805
f 2849/2849/2849 2406/2406/2406 3618/3618/3618
f 2245/2245/2245 4006/4006/4006 4166/4166/4166
f 3100/3100/3100 2889/2889/2889 3450/3450/3450
f 3602/3602/3602 2948/2948/2948 3100/3100/3100
f 2717/2717/2717 4195/4195/4195 3574/3574/3574
f 4138/4138/4138 3869/3869/3869 3614/3614/3614
f 2727/2727/2727 2386/2386/2386 3545/3545/3545
f 2710/2710/2710 2518/2518/2518 3673/3673/3673
f 3835/3835/3835 3066/3066/3066 2251/2251/2251
f 2884/2884/2884 2255/2255/2255 2751/2751/2751
f 2246/2246/2246 4006/4006/4006 2245/2245/2245
f 3773/3773/3773 2249/2249/2249 2250/2250/2250
f 3041/3041/3041 2252/2252/2252 2253/2253/2253
f 2245/2245/2245 4166/4166/4166 2244/2244/2244
f 3130/3130/3130 3104/3104/3104 3982/3982/3982
f 2935/2935/2935 3732/3732/3732 3571/3571/3571
f 3175/3175/3175 2431/2431/2431 3145/3145/3145
f 3858/3858/3858 2928/2928/2928 3999/3999/3999
f 3255/3255/3255 4268/4268/4268 3544/3544/3544
f 4128/4128/4128 3279/3279/3279 3585/3585/3585
f 4074/4074/4074 3061/3061/3061 4053/4053/4053
f 3138/3138/3138 4061/4061/4061 4329/4329/4329
f 4076/4076/4076 2629/2629/2629 2792/2792/2792
f 4186/4186/4186 2610/2610/2610 3214/3214/3214
f 4128/4128/4128 3939/3939/3939 3184/3184/3184
f 3523/3523/3523 2273/2273/2273 2274/2274/2274
f 2643/2643/2643 3221/3221/3221 2899/2899/2899
f 4249/4249/4249 3398/3398/3398 2264/2264/2264
f 3383/3383/3383 3014/3014/3014 2856/2856/2856
f 2640/2640/2640 3400/3400/3400 3205/3205/3205
f 3312/3312/3312 3916/3916/3916 2629/2629/2629
f 3190/3190/3190 3536/3536/3536 2497/2497/2497
f 2762/2762/2762 3284/3284/3284 2660/2660/2660
f 2748/2748/2748 2646/2646/2646 3413/3413/3413
f 3212/3212/3212 3345/3345/3345 4038/4038/4038
f 4197/4197/4197 3879/3879/3879 3111/3111/3111
f 3345/3345/3345 3687/3687/3687 3741/3741/3741
f 2469/2469/2469 2731/2731/2731 3966/3966/3966
f 3751/3751/3751 3774/3774/3774 2953/2953/2953
f 3414/3414/3414 3668/3668/3668 3910/3910/3910
f 2920/2920/2920 3525/3525/3525 4259/4259/4259
f 4302/4302/4302 3650/3650/3650 3770/3770/3770
f 4212/4212/4212 2646/2646/2646 3861/3861/3861
f 2561/2561/2561 4066/4066/4066 3802/3802/3802
f 3418/3418/3418 4354/4354/4354 3405/3405/3405
f 3631/3631/3631 2871/2871/2871 3705/3705/3705
f 3385/3385/3385 2684/2684/2684 2382/2382/2382
f 3608/3608/3608 2755/2755/2755 2949/2949/2949
f 3472/3472/3472 2876/2876/2876 3083/3083/3083
f 2962/2962/2962 3619/3619/3619 3538/3538/3538
f 4177/4177/4177 2731/2731/2731 2842/2842/2842
f 3558/3558/3558 2982/2982/2982 4353/4353/4353
f 3592/3592/3592 2805/2805/2805 2876/2876/2876
f 2957/2957/2957 2303/2303/2303 3510/3510/3510
f 2842/2842/2842 2292/2292/2292 3575/3575/3575
f 2871/2871/2871 3631/3631/3631 2965/2965/2965
f 3669/3669/3669 2925/2925/2925 2477/2477/2477
f 3991/3991/3991 3600/3600/3600 3819/3819/3819
f 4135/4135/4135 3733/3733/3733 3370/3370/3370
f 3586/3586/3586 2383/2383/2383 4271/4271/4271
f 4222/4222/4222 4135/4135/4135 3967/3967/3967
f 3051/3051/3051 2405/2405/2405 3522/3522/3522
f 4188/4188/4188 2782/2782/2782 3586/3586/3586
f 3685/3685/3685 2491/2491/2491 3029/3029/3029
f 3894/3894/3894 4034/4034/4034 3995/3995/3995
f 2367/2367/2367 4309/4309/4309 3501/3501/3501
f 3646/3646/3646 2307/2307/2307 2308/2308/2308
f 2907/2907/2907 2592/2592/2592 2310/2310/2310
f 2531/2531/2531 2546/2546/2546 3281/3281/3281
f 4360/4360/4360 4208/4208/4208 3264/3264/3264
f 4022/4022/4022 3244/3244/3244 3866/3866/3866
f 3991/3991/3991 3819/3819/3819 4293/4293/4293
f 3368/3368/3368 3841/3841/3841 2781/2781/2781
f 3595/3595/3595 2575/2575/2575 3467/3467/3467
f 4178/4178/4178 2322/2322/2322 2323/2323/2323
f 3429/3429/3429 2538/2538/2538 4334/4334/4334
f 4171/4171/4171 3097/3097/3097 2324/2324/2324
f 2811/2811/2811 3476/3476/3476 3178/3178/3178
f 3343/3343/3343 3004/3004/3004 3065/3065/3065
f 4229/4229/4229 2772/2772/2772 2798/2798/2798
f 3435/3435/3435 2326/2326/2326 2327/2327/2327
f 2994/2994/2994 2536/2536/2536 3004/3004/3004
f 2471/2471/2471 3905/3905/3905 4326/4326/4326
f 4018/4018/4018 3177/3177/3177 4015/4015/4015
f 4171/4171/4171 3125/3125/3125 3354/3354/3354
f 3700/3700/3700 2624/2624/2624 4234/4234/4234
f 3636/3636/3636 4326/4326/4326 3399/3399/3399
f 3560/3560/3560 4234/4234/4234 3048/3048/3048
f 2333/2333/2333 2334/2334/2334 3589/3589/3589
f 4111/4111/4111 2825/2825/2825 4232/4232/4232
f 2714/2714/2714 3953/3953/3953 2825/2825/2825
f 3952/3952/3952 2896/2896/2896 3526/3526/3526
f 4022/4022/4022 2695/2695/2695 3244/3244/3244
f 3636/3636/3636 3560/3560/3560 2471/2471/2471
f 3003/3003/3003 2605/2605/2605 4256/4256/4256
f 3612/3612/3612 2445/2445/2445 4235/4235/4235
f 3281/3281/3281 2711/2711/2711 2531/2531/2531
f 2452/2452/2452 3892/3892/3892 2647/2647/2647
f 4042/4042/4042 3377/3377/3377 3625/3625/3625
f 3369/3369/3369 2496/2496/2496 2666/2666/2666
f 4342/4342/4342 4210/4210/4210 2850/2850/2850
f 3760/3760/3760 3459/3459/3459 2666/2666/2666
f 4241/4241/4241 3792/3792/3792 3514/3514/3514
f 3105/3105/3105 2735/2735/2735 3632/3632/3632
f 2666/2666/2666 3044/3044/3044 3479/3479/3479
f 3827/3827/3827 2348/2348/2348 3378/3378/3378
f 2358/2358/2358 3514/3514/3514 2357/2357/2357
f 2559/2559/2559 3728/3728/3728 3035/3035/3035
f 3874/3874/3874 3755/3755/3755 3085/3085/3085
f 4258/4258/4258 3753/3753/3753 3434/3434/3434
f 2212/2212/2212 3101/3101/3101 2750/2750/2750
f 4202/4202/4202 2533/2533/2533 3489/3489/3489
f 4314/4314/4314 2213/2213/2213 2214/2214/2214
f 4314/4314/4314 3689/3689/3689 3101/3101/3101
f 3250/3250/3250 3136/3136/3136 3324/3324/3324
f 3780/3780/3780 3696/3696/3696 3451/3451/3451
f 4292/4292/4292 2432/2432/2432 3580/3580/3580
f 4290/4290/4290 3752/3752/3752 3427/3427/3427
f 2265/2265/2265 3199/3199/3199 4249/4249/4249
f 3124/3124/3124 4193/4193/4193 2898/2898/2898
f 3896/3896/3896 2897/2897/2897 2684/2684/2684
f 2373/2373/2373 3768/3768/3768 4275/4275/4275
f 2848/2848/2848 3882/3882/3882 3445/3445/3445
f 3916/3916/3916 3379/3379/3379 2629/2629/2629
f 3682/3682/3682 3588/3588/3588 3594/3594/3594
f 3736/3736/3736 2559/2559/2559 3035/3035/3035
f 2794/2794/2794 3376/3376/3376 2999/2999/2999
f 2730/2730/2730 3037/3037/3037 3533/3533/3533
f 2756/2756/2756 3920/3920/3920 3588/3588/3588
f 2625/2625/2625 3050/3050/3050 4264/4264/4264
f 3643/3643/3643 2730/2730/2730 3533/3533/3533
f 4293/4293/4293 4154/4154/4154 3948/3948/3948
f 2876/2876/2876 2871/2871/2871 3083/3083/3083
f 4007/4007/4007 3352/3352/3352 3953/3953/3953
f 4184/4184/4184 2723/2723/2723 3257/3257/3257
f 3105/3105/3105 3549/3549/3549 3044/3044/3044
f 2905/2905/2905 3657/3657/3657 2699/2699/2699
f 3660/3660/3660 4106/4106/4106 3679/3679/3679
f 2355/2355/2355 2356/2356/2356 3136/3136/3136
f 2746/2746/2746 3170/3170/3170 2924/2924/2924
f 2430/2430/2430 2990/2990/2990 3768/3768/3768
f 2534/2534/2534 3701/3701/3701 3148/3148/3148
f 3836/3836/3836 2300/2300/2300 3441/3441/3441
f 4248/4248/4248 2574/2574/2574 4061/4061/4061
f 3925/3925/3925 3194/3194/3194 2641/2641/2641
f 3461/3461/3461 3673/3673/3673 4062/4062/4062
f 3940/3940/3940 3855/3855/3855 2232/2232/2232
f 2966/2966/2966 3758/3758/3758 4052/4052/4052
f 3741/3741/3741 3687/3687/3687 2568/2568/2568
f 3457/3457/3457 3015/3015/3015 3196/3196/3196
f 3545/3545/3545 3268/3268/3268 3130/3130/3130
f 2348/2348/2348 2349/2349/2349 3378/3378/3378
f 2517/2517/2517 2766/2766/2766 3350/3350/3350
f 2558/2558/2558 2447/2447/2447 3513/3513/3513
f 4194/4194/4194 3168/3168/3168 3569/3569/3569
f 4050/4050/4050 2470/2470/2470 2407/2407/2407
f 2669/2669/2669 3262/3262/3262 3431/3431/3431
f 2899/2899/2899 4082/4082/4082 2880/2880/2880
f 3353/3353/3353 3457/3457/3457 3025/3025/3025
f 2907/2907/2907 3522/3522/3522 3987/3987/3987
f 2501/2501/2501 3019/3019/3019 4294/4294/4294
f 4346/4346/4346 3496/3496/3496 4114/4114/4114
f 2546/2546/2546 2531/2531/2531 3264/3264/3264
f 3064/3064/3064 2511/2511/2511 2400/2400/2400
f 3522/3522/3522 4277/4277/4277 4308/4308/4308
f 3666/3666/3666 3098/3098/3098 3119/3119/3119
f 3908/3908/3908 2959/2959/2959 2719/2719/2719
f 4355/4355/4355 2940/2940/2940 3765/3765/3765
f 3597/3597/3597 2533/2533/2533 4132/4132/4132
f 3681/3681/3681 2711/2711/2711 4102/4102/4102
f 3994/3994/3994 2436/2436/2436 3532/3532/3532
f 4084/4084/4084 3872/3872/3872 3674/3674/3674
f 2764/2764/2764 3703/3703/3703 3430/3430/3430
f 4156/4156/4156 4125/4125/4125 3954/3954/3954
f 3852/3852/3852 3834/3834/3834 3691/3691/3691
f 4123/4123/4123 2893/2893/2893 2555/2555/2555
f 4225/4225/4225 3177/3177/3177 3261/3261/3261
f 2827/2827/2827 2376/2376/2376 4336/4336/4336
f 3025/3025/3025 3968/3968/3968 2258/2258/2258
f 2472/2472/2472 2463/2463/2463 4241/4241/4241
f 2442/2442/2442 3590/3590/3590 2963/2963/2963
f 2880/2880/2880 3873/3873/3873 4054/4054/4054
f 3496/3496/3496 2946/2946/2946 4114/4114/4114
f 2225/2225/2225 3959/3959/3959 3393/3393/3393
f 4099/4099/4099 4169/4169/4169 4297/4297/4297
f 3352/3352/3352 4007/4007/4007 3487/3487/3487
f 2992/2992/2992 2636/2636/2636 2330/2330/2330
f 4331/4331/4331 3122/3122/3122 2859/2859/2859
f 3450/3450/3450 2815/2815/2815 4276/4276/4276
f 4175/4175/4175 2452/2452/2452 2647/2647/2647
f 2586/2586/2586 3012/3012/3012 2720/2720/2720
f 4034/4034/4034 3894/3894/3894 3444/3444/3444
f 3291/3291/3291 4132/4132/4132 3809/3809/3809
f 3444/3444/3444 3625/3625/3625 4034/4034/4034
f 3180/3180/3180 3591/3591/3591 3530/3530/3530
f 3518/3518/3518 4338/4338/4338 3582/3582/3582
f 3486/3486/3486 4122/4122/4122 4270/4270/4270
f 3981/3981/3981 3025/3025/3025 2258/2258/2258
f 3341/3341/3341 2973/2973/2973 3962/3962/3962
f 3142/3142/3142 4089/4089/4089 3024/3024/3024
f 2729/2729/2729 2418/2418/2418 4261/4261/4261
f 3093/3093/3093 4100/4100/4100 3012/3012/3012
f 3304/3304/3304 4296/4296/4296 3118/3118/3118
f 4261/4261/4261 2989/2989/2989 2729/2729/2729
f 2729/2729/2729 2483/2483/2483 3114/3114/3114
f 3574/3574/3574 2770/2770/2770 3849/3849/3849
f 2769/2769/2769 3692/3692/3692 3516/3516/3516
f 2542/2542/2542 3301/3301/3301 3946/3946/3946
f 3963/3963/3963 3131/3131/3131 3534/3534/3534
f 3661/3661/3661 2507/2507/2507 2487/2487/2487
f 3138/3138/3138 2978/2978/2978 2532/2532/2532
f 3176/3176/3176 4205/4205/4205 2661/2661/2661
f 3984/3984/3984 2872/2872/2872 3094/3094/3094
f 3286/3286/3286 3068/3068/3068 3218/3218/3218
f 2334/2334/2334 3667/3667/3667 3117/3117/3117
f 4224/4224/4224 2505/2505/2505 2466/2466/2466
f 3828/3828/3828 2662/2662/2662 3682/3682/3682
f 4263/4263/4263 4023/4023/4023 2523/2523/2523
f 2234/2234/2234 2235/2235/2235 2614/2614/2614
f 4340/4340/4340 3161/3161/3161 2904/2904/2904
f 4358/4358/4358 3181/3181/3181 3375/3375/3375
f 3725/3725/3725 2398/2398/2398 4210/4210/4210
f 2370/2370/2370 3667/3667/3667 2952/2952/2952
f 3756/3756/3756 3993/3993/3993 3383/3383/3383
f 3539/3539/3539 2838/2838/2838 3628/3628/3628
f 2692/2692/2692 3971/3971/3971 4245/4245/4245
f 3369/3369/3369 2666/2666/2666 3479/3479/3479
f 3266/3266/3266 3732/3732/3732 2935/2935/2935
f 2564/2564/2564 3788/3788/3788 2934/2934/2934
f 2782/2782/2782 3780/3780/3780 2658/2658/2658
f 2635/2635/2635 4198/4198/4198 2580/2580/2580
f 2361/2361/2361 2782/2782/2782 2436/2436/2436
f 4239/4239/4239 4056/4056/4056 3527/3527/3527
f 4268/4268/4268 2910/2910/2910 2747/2747/2747
f 3156/3156/3156 3172/3172/3172 2717/2717/2717
f 2877/2877/2877 4252/4252/4252 4278/4278/4278
f 4289/4289/4289 3722/3722/3722 3832/3832/3832
f 3162/3162/3162 2460/2460/2460 4183/4183/4183
f 2628/2628/2628 3014/3014/3014 3141/3141/3141
f 3768/3768/3768 3855/3855/3855 4275/4275/4275
f 2222/2222/2222 2223/2223/2223 3197/3197/3197
f 3232/3232/3232 2424/2424/2424 3349/3349/3349
f 2672/2672/2672 3232/3232/3232 3349/3349/3349
f 2812/2812/2812 2534/2534/2534 3499/3499/3499
f 2480/2480/2480 4043/4043/4043 3009/3009/3009
f 3475/3475/3475 2792/2792/2792 2629/2629/2629
f 2612/2612/2612 2966/2966/2966 4052/4052/4052
f 3833/3833/3833 4327/4327/4327 3881/3881/3881
f 3053/3053/3053 3112/3112/3112 3011/3011/3011
f 3645/3645/3645 3843/3843/3843 3192/3192/3192
f 4156/4156/4156 3954/3954/3954 3704/3704/3704
f 2437/2437/2437 3541/3541/3541 3787/3787/3787
f 3883/3883/3883 4160/4160/4160 4161/4161/4161
f 2408/2408/2408 3562/3562/3562 2835/2835/2835
f 2634/2634/2634 3229/3229/3229 2839/2839/2839
f 3978/3978/3978 3205/3205/3205 3400/3400/3400
f 2792/2792/2792 2774/2774/2774 4076/4076/4076
f 3321/3321/3321 4298/4298/4298 2790/2790/2790
f 2657/2657/2657 3294/3294/3294 3980/3980/3980
f 2959/2959/2959 3626/3626/3626 3654/3654/3654
f 3654/3654/3654 3153/3153/3153 3203/3203/3203
f 3043/3043/3043 3505/3505/3505 2734/2734/2734
f 4297/4297/4297 3176/3176/3176 4099/4099/4099
f 3210/3210/3210 4153/4153/4153 3881/3881/3881
f 3862/3862/3862 3942/3942/3942 4011/4011/4011
f 2650/2650/2650 3629/3629/3629 2531/2531/2531
f 3371/3371/3371 2581/2581/2581 2656/2656/2656
f 3322/3322/3322 3351/3351/3351 2964/2964/2964
f 3182/3182/3182 3447/3447/3447 3794/3794/3794
f 2417/2417/2417 3432/3432/3432 2885/2885/2885
f 3382/3382/3382 2709/2709/2709 3443/3443/3443
f 2926/2926/2926 2603/2603/2603 3422/3422/3422
f 2674/2674/2674 2374/2374/2374 3501/3501/3501
f 3834/3834/3834 2588/2588/2588 3513/3513/3513
f 3729/3729/3729 2587/2587/2587 2865/2865/2865
f 2755/2755/2755 3225/3225/3225 2949/2949/2949
f 3774/3774/3774 3751/3751/3751 3622/3622/3622
f 3128/3128/3128 4025/4025/4025 2981/2981/2981
f 2933/2933/2933 2914/2914/2914 2390/2390/2390
f 2548/2548/2548 2440/2440/2440 2816/2816/2816
f 4244/4244/4244 2444/2444/2444 4023/4023/4023
f 2447/2447/2447 2389/2389/2389 2707/2707/2707
f 2434/2434/2434 2227/2227/2227 2228/2228/2228
f 2370/2370/2370 3988/3988/3988 3795/3795/3795
f 2834/2834/2834 3159/3159/3159 2516/2516/2516
f 3892/3892/3892 3624/3624/3624 2647/2647/2647
f 4047/4047/4047 4097/4097/4097 2385/2385/2385
f 4095/4095/4095 3540/3540/3540 3122/3122/3122
f 3077/3077/3077 3057/3057/3057 4148/4148/4148
f 2711/2711/2711 3681/3681/3681 3437/3437/3437
f 3568/3568/3568 2468/2468/2468 2993/2993/2993
f 3706/3706/3706 2852/2852/2852 2928/2928/2928
f 2718/2718/2718 3386/3386/3386 2974/2974/2974
f 4350/4350/4350 2670/2670/2670 2509/2509/2509
f 3072/3072/3072 2554/2554/2554 3327/3327/3327
f 3885/3885/3885 2903/2903/2903 2780/2780/2780
f 4000/4000/4000 3087/3087/3087 2937/2937/2937
f 3254/3254/3254 2404/2404/2404 3688/3688/3688
f 4253/4253/4253 3912/3912/3912 2474/2474/2474
f 3449/3449/3449 4144/4144/4144 2476/2476/2476
f 3983/3983/3983 3584/3584/3584 2807/2807/2807
f 4086/4086/4086 3092/3092/3092 3423/3423/3423
f 2508/2508/2508 4319/4319/4319 3539/3539/3539
f 2591/2591/2591 3469/3469/3469 2818/2818/2818
f 2862/2862/2862 2771/2771/2771 3533/3533/3533
f 2870/2870/2870 2671/2671/2671 3790/3790/3790
f 3734/3734/3734 4209/4209/4209 4318/4318/4318
f 2983/2983/2983 2996/2996/2996 3712/3712/3712
f 3237/3237/3237 3033/3033/3033 2489/2489/2489
f 3262/3262/3262 3902/3902/3902 3057/3057/3057
f 2912/2912/2912 3798/3798/3798 3463/3463/3463
f 3051/3051/3051 4308/4308/4308 3114/3114/3114
f 2418/2418/2418 3767/3767/3767 4261/4261/4261
f 3536/3536/3536 4008/4008/4008 4193/4193/4193
f 2466/2466/2466 4183/4183/4183 4283/4283/4283
f 4032/4032/4032 3097/3097/3097 2461/2461/2461
f 4112/4112/4112 2461/2461/2461 3097/3097/3097
f 2883/2883/2883 2847/2847/2847 2654/2654/2654
f 2725/2725/2725 2411/2411/2411 2437/2437/2437
f 3824/3824/3824 3356/3356/3356 4063/4063/4063
f 2215/2215/2215 2216/2216/2216 3784/3784/3784
f 3895/3895/3895 3709/3709/3709 3669/3669/3669
f 2464/2464/2464 3460/3460/3460 3042/3042/3042
f 3482/3482/3482 3378/3378/3378 2349/2349/2349
f 2562/2562/2562 3728/3728/3728 2940/2940/2940
f 3351/3351/3351 3302/3302/3302 3147/3147/3147
f 3791/3791/3791 2578/2578/2578 3876/3876/3876
f 3556/3556/3556 2993/2993/2993 3613/3613/3613
f 4036/4036/4036 3473/3473/3473 3856/3856/3856
f 3677/3677/3677 3652/3652/3652 2452/2452/2452
f 2394/2394/2394 3551/3551/3551 4327/4327/4327
f 2291/2291/2291 2842/2842/2842 2469/2469/2469
f 3413/3413/3413 3554/3554/3554 4354/4354/4354
f 2547/2547/2547 3262/3262/3262 2669/2669/2669
f 4174/4174/4174 3199/3199/3199 2938/2938/2938
f 2538/2538/2538 2555/2555/2555 2893/2893/2893
f 2536/2536/2536 2636/2636/2636 3004/3004/3004
f 3350/3350/3350 2352/2352/2352 2353/2353/2353
f 2768/2768/2768 3824/3824/3824 3495/3495/3495
f 3181/3181/3181 3565/3565/3565 3529/3529/3529
f 3250/3250/3250 4162/4162/4162 2354/2354/2354
f 4115/4115/4115 3397/3397/3397 3228/3228/3228
f 2572/2572/2572 2341/2341/2341 2342/2342/2342
f 2728/2728/2728 3078/3078/3078 3661/3661/3661
f 2861/2861/2861 4341/4341/4341 3289/3289/3289
f 3402/3402/3402 3419/3419/3419 4198/4198/4198
f 3134/3134/3134 3848/3848/3848 3309/3309/3309
f 3212/3212/3212 3687/3687/3687 3345/3345/3345
f 4004/4004/4004 3019/3019/3019 3720/3720/3720
f 3215/3215/3215 3325/3325/3325 3627/3627/3627
f 2438/2438/2438 2858/2858/2858 2668/2668/2668
f 3796/3796/3796 2328/2328/2328 2329/2329/2329
f 2776/2776/2776 3065/3065/3065 2636/2636/2636
f 2901/2901/2901 2995/2995/2995 2865/2865/2865
f 2804/2804/2804 3431/3431/3431 3077/3077/3077
f 2604/2604/2604 3003/3003/3003 3159/3159/3159
f 3218/3218/3218 3857/3857/3857 2929/2929/2929
f 3344/3344/3344 2657/2657/2657 2840/2840/2840
f 2572/2572/2572 4339/4339/4339 3725/3725/3725
f 3053/3053/3053 3011/3011/3011 2642/2642/2642
f 2989/2989/2989 4261/4261/4261 2495/2495/2495
f 4284/4284/4284 3882/3882/3882 3052/3052/3052
f 4352/4352/4352 3445/3445/3445 2803/2803/2803
f 4077/4077/4077 3412/3412/3412 3515/3515/3515
f 3153/3153/3153 3626/3626/3626 3941/3941/3941
f 2972/2972/2972 3271/3271/3271 3671/3671/3671
f 2568/2568/2568 3622/3622/3622 3913/3913/3913
f 4148/4148/4148 2458/2458/2458 2525/2525/2525
f 3199/3199/3199 2265/2265/2265 2266/2266/2266
f 4296/4296/4296 2797/2797/2797 3478/3478/3478
f 4097/4097/4097 4047/4047/4047 3327/3327/3327
f 2663/2663/2663 3223/3223/3223 4098/4098/4098
f 3845/3845/3845 2764/2764/2764 2721/2721/2721
f 3103/3103/3103 3951/3951/3951 2679/2679/2679
f 3706/3706/3706 2960/2960/2960 2852/2852/2852
f 4040/4040/4040 2902/2902/2902 2656/2656/2656
f 4350/4350/4350 3914/3914/3914 2670/2670/2670
f 3992/3992/3992 3975/3975/3975 3758/3758/3758
f 4095/4095/4095 3189/3189/3189 3500/3500/3500
f 3322/3322/3322 2964/2964/2964 4224/4224/4224
f 4348/4348/4348 2804/2804/2804 3077/3077/3077
f 3624/3624/3624 3857/3857/3857 4233/4233/4233
f 4286/4286/4286 3488/3488/3488 3686/3686/3686
f 2535/2535/2535 3649/3649/3649 2821/2821/2821
f 2800/2800/2800 3724/3724/3724 3257/3257/3257
f 2559/2559/2559 3736/3736/3736 3382/3382/3382
f 2795/2795/2795 3093/3093/3093 3012/3012/3012
f 2270/2270/2270 2271/2271/2271 3543/3543/3543
f 2510/2510/2510 3427/3427/3427 3752/3752/3752
f 2286/2286/2286 3246/3246/3246 2285/2285/2285
f 3246/3246/3246 4356/4356/4356 3013/3013/3013
f 3671/3671/3671 2691/2691/2691 4068/4068/4068
f 3961/3961/3961 2293/2293/2293 2294/2294/2294
f 2677/2677/2677 3785/3785/3785 3365/3365/3365
f 4281/4281/4281 2421/2421/2421 3129/3129/3129
f 3193/3193/3193 2302/2302/2302 2957/2957/2957
f 2810/2810/2810 3234/3234/3234 2304/2304/2304
f 3928/3928/3928 3843/3843/3843 3305/3305/3305
f 3750/3750/3750 3922/3922/3922 4320/4320/4320
f 2440/2440/2440 4168/4168/4168 3715/3715/3715
f 4329/4329/4329 4061/4061/4061 3577/3577/3577
f 2869/2869/2869 3599/3599/3599 3951/3951/3951
f 2582/2582/2582 3801/3801/3801 2882/2882/2882
f 3076/3076/3076 3598/3598/3598 2585/2585/2585
f 3985/3985/3985 2427/2427/2427 2491/2491/2491
f 3878/3878/3878 2408/2408/2408 2835/2835/2835
f 2380/2380/2380 3531/3531/3531 3016/3016/3016
f 2977/2977/2977 4215/4215/4215 3030/3030/3030
f 2960/2960/2960 2869/2869/2869 3951/3951/3951
f 3594/3594/3594 3920/3920/3920 3312/3312/3312
f 2365/2365/2365 3446/3446/3446 4311/4311/4311
f 2844/2844/2844 2917/2917/2917 3033/3033/3033
f 3587/3587/3587 4293/4293/4293 3948/3948/3948
f 2972/2972/2972 3592/3592/3592 3427/3427/3427
f 3803/3803/3803 2972/2972/2972 3671/3671/3671
f 4024/4024/4024 3914/3914/3914 3623/3623/3623
f 3596/3596/3596 2446/2446/2446 3276/3276/3276
f 2806/2806/2806 3429/3429/3429 3766/3766/3766
f 3907/3907/3907 3591/3591/3591 3180/3180/3180
f 3166/3166/3166 3653/3653/3653 3817/3817/3817
f 3940/3940/3940 3562/3562/3562 2408/2408/2408
f 3852/3852/3852 3691/3691/3691 3508/3508/3508
f 3979/3979/3979 3407/3407/3407 3957/3957/3957
f 2919/2919/2919 2828/2828/2828 4136/4136/4136
f 3084/3084/3084 2866/2866/2866 3906/3906/3906
f 3159/3159/3159 3750/3750/3750 2516/2516/2516
f 2825/2825/2825 3953/3953/3953 2607/2607/2607
f 4014/4014/4014 3080/3080/3080 3837/3837/3837
f 4147/4147/4147 2393/2393/2393 2932/2932/2932
f 3997/3997/3997 3869/3869/3869 2833/2833/2833
f 4059/4059/4059 3572/3572/3572 2240/2240/2240
f 3444/3444/3444 3559/3559/3559 4129/4129/4129
f 2545/2545/2545 4196/4196/4196 3699/3699/3699
f 3153/3153/3153 3654/3654/3654 3626/3626/3626
f 2526/2526/2526 2763/2763/2763 3915/3915/3915
f 2777/2777/2777 2521/2521/2521 4087/4087/4087
f 3820/3820/3820 3430/3430/3430 3703/3703/3703
f 3088/3088/3088 2380/2380/2380 3016/3016/3016
f 4205/4205/4205 2716/2716/2716 3607/3607/3607
f 3569/3569/3569 3321/3321/3321 3360/3360/3360
f 4244/4244/4244 4023/4023/4023 4187/4187/4187
f 4145/4145/4145 2539/2539/2539 3603/3603/3603
f 4119/4119/4119 3152/3152/3152 3210/3210/3210
f 3785/3785/3785 3742/3742/3742 3258/3258/3258
f 2643/2643/2643 2979/2979/2979 3939/3939/3939
f 4332/4332/4332 3115/3115/3115 3145/3145/3145
f 3131/3131/3131 2407/2407/2407 3799/3799/3799
f 4127/4127/4127 3616/3616/3616 2364/2364/2364
f 2587/2587/2587 3386/3386/3386 4266/4266/4266
f 2996/2996/2996 3243/3243/3243 3989/3989/3989
f 2962/2962/2962 3485/3485/3485 2860/2860/2860
f 4203/4203/4203 3692/3692/3692 4139/4139/4139
f 2719/2719/2719 2681/2681/2681 3515/3515/3515
f 3872/3872/3872 3054/3054/3054 3017/3017/3017
f 3001/3001/3001 2645/2645/2645 4013/4013/4013
f 3502/3502/3502 2314/2314/2314 2315/2315/2315
f 2809/2809/2809 2512/2512/2512 3591/3591/3591
f 3878/3878/3878 2978/2978/2978 3358/3358/3358
f 4028/4028/4028 3358/3358/3358 3329/3329/3329
f 3324/3324/3324 3136/3136/3136 3411/3411/3411
f 3718/3718/3718 4189/4189/4189 2828/2828/2828
f 3832/3832/3832 3541/3541/3541 4289/4289/4289
f 2377/2377/2377 3417/3417/3417 4255/4255/4255
f 4237/4237/4237 2821/2821/2821 2831/2831/2831
f 2551/2551/2551 3120/3120/3120 4286/4286/4286
f 2888/2888/2888 2461/2461/2461 3235/3235/3235
f 3125/3125/3125 3045/3045/3045 3354/3354/3354
f 4300/4300/4300 2537/2537/2537 3422/3422/3422
f 4259/4259/4259 3650/3650/3650 2920/2920/2920
f 4334/4334/4334 2538/2538/2538 2893/2893/2893
f 4022/4022/4022 3261/3261/3261 4018/4018/4018
f 2578/2578/2578 2941/2941/2941 3876/3876/3876
f 2603/2603/2603 3485/3485/3485 2962/2962/2962
f 3168/3168/3168 2975/2975/2975 3409/3409/3409
f 2617/2617/2617 2550/2550/2550 4216/4216/4216
f 2704/2704/2704 2701/2701/2701 2523/2523/2523
f 2784/2784/2784 3561/3561/3561 2933/2933/2933
f 2712/2712/2712 2534/2534/2534 3148/3148/3148
f 3721/3721/3721 3379/3379/3379 3462/3462/3462
f 2960/2960/2960 3617/3617/3617 2852/2852/2852
f 2487/2487/2487 4207/4207/4207 3661/3661/3661
f 2982/2982/2982 3392/3392/3392 3037/3037/3037
f 2305/2305/2305 2383/2383/2383 2810/2810/2810
f 3717/3717/3717 3929/3929/3929 3719/3719/3719
f 3285/3285/3285 3827/3827/3827 4335/4335/4335
f 3629/3629/3629 3026/3026/3026 2723/2723/2723
f 2403/2403/2403 3034/3034/3034 2481/2481/2481
f 4053/4053/4053 3061/3061/3061 4036/4036/4036
f 3110/3110/3110 3028/3028/3028 3962/3962/3962
f 3674/3674/3674 3017/3017/3017 4079/4079/4079
f 3688/3688/3688 4245/4245/4245 4167/4167/4167
f 3871/3871/3871 3230/3230/3230 2384/2384/2384
f 2301/2301/2301 3441/3441/3441 2300/2300/2300
f 2393/2393/2393 4147/4147/4147 4075/4075/4075
f 3409/3409/3409 4169/4169/4169 3321/3321/3321
f 2735/2735/2735 2551/2551/2551 3632/3632/3632
f 2371/2371/2371 3816/3816/3816 3137/3137/3137
f 3596/3596/3596 3075/3075/3075 2814/2814/2814
f 2457/2457/2457 2453/2453/2453 2915/2915/2915
f 4145/4145/4145 2807/2807/2807 3584/3584/3584
f 4218/4218/4218 3302/3302/3302 3351/3351/3351
f 3260/3260/3260 3723/3723/3723 3207/3207/3207
f 2635/2635/2635 3402/3402/3402 4198/4198/4198
f 2321/2321/2321 2322/2322/2322 4267/4267/4267
f 2483/2483/2483 3310/3310/3310 3114/3114/3114
f 3647/3647/3647 3338/3338/3338 2279/2279/2279
f 4038/4038/4038 3345/3345/3345 2660/2660/2660
f 2341/2341/2341 3725/3725/3725 2340/2340/2340
f 2400/2400/2400 3373/3373/3373 2958/2958/2958
f 3716/3716/3716 2449/2449/2449 2447/2447/2447
f 3813/3813/3813 3648/3648/3648 4298/4298/4298
f 2981/2981/2981 2799/2799/2799 4330/4330/4330
f 3809/3809/3809 4132/4132/4132 4240/4240/4240
f 2298/2298/2298 2499/2499/2499 3748/3748/3748
f 4179/4179/4179 3240/3240/3240 2715/2715/2715
f 3499/3499/3499 2534/2534/2534 2712/2712/2712
f 4039/4039/4039 2500/2500/2500 3092/3092/3092
f 4045/4045/4045 2843/2843/2843 3512/3512/3512
f 2519/2519/2519 3677/3677/3677 2452/2452/2452
f 4059/4059/4059 3528/3528/3528 2778/2778/2778
f 3960/3960/3960 2680/2680/2680 3877/3877/3877
f 2779/2779/2779 2716/2716/2716 2503/2503/2503
f 3208/3208/3208 2514/2514/2514 4238/4238/4238
f 3421/3421/3421 2619/2619/2619 2610/2610/2610
f 3379/3379/3379 3367/3367/3367 2629/2629/2629
f 4299/4299/4299 3952/3952/3952 3729/3729/3729
f 3551/3551/3551 3506/3506/3506 4327/4327/4327
f 4070/4070/4070 2562/2562/2562 3488/3488/3488
f 4233/4233/4233 3857/3857/3857 3218/3218/3218
f 2775/2775/2775 3002/3002/3002 2537/2537/2537
f 2953/2953/2953 3774/3774/3774 3332/3332/3332
f 2897/2897/2897 2565/2565/2565 3184/3184/3184
f 3865/3865/3865 2897/2897/2897 3896/3896/3896
f 2387/2387/2387 3459/3459/3459 2688/2688/2688
f 2342/2342/2342 3204/3204/3204 2572/2572/2572
f 3416/3416/3416 2435/2435/2435 3814/3814/3814
f 3851/3851/3851 4114/4114/4114 3323/3323/3323
f 3894/3894/3894 2414/2414/2414 3559/3559/3559
f 2482/2482/2482 3736/3736/3736 3035/3035/3035
f 3858/3858/3858 3957/3957/3957 4274/4274/4274
f 4107/4107/4107 2796/2796/2796 3971/3971/3971
f 3958/3958/3958 3396/3396/3396 2236/2236/2236
f 2230/2230/2230 2231/2231/2231 2990/2990/2990
f 4092/4092/4092 2914/2914/2914 3561/3561/3561
f 2579/2579/2579 3867/3867/3867 2795/2795/2795
f 2284/2284/2284 3013/3013/3013 4016/4016/4016
f 3770/3770/3770 3650/3650/3650 3956/3956/3956
f 2527/2527/2527 2974/2974/2974 3300/3300/3300
f 2468/2468/2468 3801/3801/3801 2995/2995/2995
f 3851/3851/3851 2455/2455/2455 4114/4114/4114
f 3610/3610/3610 3469/3469/3469 3517/3517/3517
f 2559/2559/2559 3382/3382/3382 3765/3765/3765
f 3935/3935/3935 2801/2801/2801 2956/2956/2956
f 3611/3611/3611 3870/3870/3870 3240/3240/3240
f 3427/3427/3427 2510/2510/2510 3676/3676/3676
f 4213/4213/4213 4109/4109/4109 3238/3238/3238
f 3672/3672/3672 3806/3806/3806 2758/2758/2758
f 2783/2783/2783 2567/2567/2567 3415/3415/3415
f 2709/2709/2709 3382/3382/3382 3736/3736/3736
f 4100/4100/4100 3677/3677/3677 2783/2783/2783
f 3783/3783/3783 3372/3372/3372 2570/2570/2570
f 3554/3554/3554 2737/2737/2737 3924/3924/3924
f 3731/3731/3731 2584/2584/2584 2568/2568/2568
f 2868/2868/2868 3226/3226/3226 3158/3158/3158
f 3787/3787/3787 3504/3504/3504 4304/4304/4304
f 3327/3327/3327 2554/2554/2554 4097/4097/4097
f 3401/3401/3401 3163/3163/3163 3644/3644/3644
f 4079/4079/4079 3919/3919/3919 2443/2443/2443
f 2865/2865/2865 4299/4299/4299 3729/3729/3729
f 4205/4205/4205 3607/3607/3607 2661/2661/2661
f 3638/3638/3638 3577/3577/3577 4061/4061/4061
f 3651/3651/3651 2919/2919/2919 2944/2944/2944
f 2416/2416/2416 3479/3479/3479 3884/3884/3884
f 4340/4340/4340 3893/3893/3893 3933/3933/3933
f 4099/4099/4099 3211/3211/3211 3813/3813/3813
f 2964/2964/2964 3351/3351/3351 2591/2591/2591
f 3191/3191/3191 2528/2528/2528 2524/2524/2524
f 4271/4271/4271 2306/2306/2306 2307/2307/2307
f 3053/3053/3053 2642/2642/2642 2436/2436/2436
f 3020/3020/3020 2543/2543/2543 2588/2588/2588
f 3088/3088/3088 3458/3458/3458 4173/4173/4173
f 2859/2859/2859 2837/2837/2837 3200/3200/3200
f 4186/4186/4186 2622/2622/2622 3389/3389/3389
f 2669/2669/2669 3431/3431/3431 3403/3403/3403
f 3958/3958/3958 2237/2237/2237 4200/4200/4200
f 3776/3776/3776 3648/3648/3648 3245/3245/3245
f 2541/2541/2541 2945/2945/2945 2631/2631/2631
f 2700/2700/2700 3006/3006/3006 2573/2573/2573
f 4064/4064/4064 3467/3467/3467 3917/3917/3917
f 2873/2873/2873 3249/3249/3249 2218/2218/2218
f 2819/2819/2819 2787/2787/2787 3738/3738/3738
f 2937/2937/2937 2687/2687/2687 3364/3364/3364
f 2931/2931/2931 3195/3195/3195 3711/3711/3711
f 3989/3989/3989 2571/2571/2571 2455/2455/2455
f 4351/4351/4351 2995/2995/2995 2901/2901/2901
f 3649/3649/3649 3912/3912/3912 4253/4253/4253
f 3306/3306/3306 3812/3812/3812 4295/4295/4295
f 3669/3669/3669 4313/4313/4313 2925/2925/2925
f 3794/3794/3794 3447/3447/3447 3283/3283/3283
f 3405/3405/3405 3267/3267/3267 2612/2612/2612
f 3643/3643/3643 3440/3440/3440 3633/3633/3633
f 2519/2519/2519 2567/2567/2567 3677/3677/3677
f 4026/4026/4026 3625/3625/3625 3444/3444/3444
f 3117/3117/3117 3589/3589/3589 2334/2334/2334
f 2572/2572/2572 3204/3204/3204 4219/4219/4219
f 2763/2763/2763 2526/2526/2526 2381/2381/2381
f 2407/2407/2407 3131/3131/3131 3901/3901/3901
f 2825/2825/2825 3186/3186/3186 4232/4232/4232
f 3292/3292/3292 4164/4164/4164 3373/3373/3373
f 2718/2718/2718 3826/3826/3826 2683/2683/2683
f 2558/2558/2558 3716/3716/3716 2447/2447/2447
f 3397/3397/3397 3038/3038/3038 3228/3228/3228
f 3699/3699/3699 4175/4175/4175 2545/2545/2545
f 2792/2792/2792 3448/3448/3448 2774/2774/2774
f 3014/3014/3014 3793/3793/3793 3141/3141/3141
f 3490/3490/3490 2850/2850/2850 3889/3889/3889
f 3888/3888/3888 3089/3089/3089 2379/2379/2379
f 4121/4121/4121 3311/3311/3311 3014/3014/3014
f 2737/2737/2737 3414/3414/3414 2441/2441/2441
f 2743/2743/2743 3826/3826/3826 4084/4084/4084
f 2692/2692/2692 4107/4107/4107 3971/3971/3971
f 2430/2430/2430 2230/2230/2230 2990/2990/2990
f 3138/3138/3138 4248/4248/4248 4061/4061/4061
f 2372/2372/2372 3350/3350/3350 2637/2637/2637
f 3326/3326/3326 3128/3128/3128 3491/3491/3491
f 4137/4137/4137 3424/3424/3424 2539/2539/2539
f 3230/3230/3230 3871/3871/3871 4306/4306/4306
f 3508/3508/3508 2444/2444/2444 4244/4244/4244
f 4265/4265/4265 4204/4204/4204 3925/3925/3925
f 4211/4211/4211 2836/2836/2836 4183/4183/4183
f 2424/2424/2424 3232/3232/3232 2762/2762/2762
f 3920/3920/3920 3916/3916/3916 3312/3312/3312
f 3320/3320/3320 3896/3896/3896 2684/2684/2684
f 2490/2490/2490 3436/3436/3436 3617/3617/3617
f 4150/4150/4150 2640/2640/2640 3898/3898/3898
f 3877/3877/3877 4199/4199/4199 2874/2874/2874
f 2529/2529/2529 2999/2999/2999 4017/4017/4017
f 3129/3129/3129 3504/3504/3504 3832/3832/3832
f 3420/3420/3420 2756/2756/2756 3274/3274/3274
f 4043/4043/4043 4019/4019/4019 3009/3009/3009
f 2867/2867/2867 2586/2586/2586 2843/2843/2843
f 4112/4112/4112 4191/4191/4191 3887/3887/3887
f 2624/2624/2624 2331/2331/2331 2332/2332/2332
f 2689/2689/2689 3982/3982/3982 2813/2813/2813
f 4138/4138/4138 3614/3614/3614 3773/3773/3773
f 3281/3281/3281 2546/2546/2546 3754/3754/3754
f 2989/2989/2989 3437/3437/3437 2483/2483/2483
f 3909/3909/3909 3236/3236/3236 3091/3091/3091
f 3912/3912/3912 3808/3808/3808 2516/2516/2516
f 3233/3233/3233 4066/4066/4066 3810/3810/3810
f 3990/3990/3990 2791/2791/2791 3225/3225/3225
f 2269/2269/2269 2619/2619/2619 3421/3421/3421
f 3898/3898/3898 3205/3205/3205 3010/3010/3010
f 3197/3197/3197 2223/2223/2223 3483/3483/3483
f 4120/4120/4120 2734/2734/2734 3698/3698/3698
f 3140/3140/3140 3454/3454/3454 3816/3816/3816
f 2473/2473/2473 4090/4090/4090 2413/2413/2413
f 4006/4006/4006 2769/2769/2769 4166/4166/4166
f 3849/3849/3849 3342/3342/3342 2378/2378/2378
f 2947/2947/2947 4112/4112/4112 3097/3097/3097
f 3684/3684/3684 3343/3343/3343 3125/3125/3125
f 2621/2621/2621 3333/3333/3333 3498/3498/3498
f 2235/2235/2235 3396/3396/3396 3778/3778/3778
f 3243/3243/3243 3587/3587/3587 3362/3362/3362
f 3662/3662/3662 3164/3164/3164 3295/3295/3295
f 4326/4326/4326 3060/3060/3060 2690/2690/2690
f 2327/2327/2327 2328/2328/2328 3796/3796/3796
f 3911/3911/3911 3291/3291/3291 3660/3660/3660
f 2693/2693/2693 2922/2922/2922 3797/3797/3797
f 3369/3369/3369 3479/3479/3479 3169/3169/3169
f 3188/3188/3188 3605/3605/3605 3857/3857/3857
f 3726/3726/3726 3290/3290/3290 4185/4185/4185
f 3656/3656/3656 4279/4279/4279 2945/2945/2945
f 3389/3389/3389 2363/2363/2363 4186/4186/4186
f 2849/2849/2849 3659/3659/3659 3822/3822/3822
f 2648/2648/2648 3620/3620/3620 2832/2832/2832
f 4044/4044/4044 3615/3615/3615 3043/3043/3043
f 3018/3018/3018 3503/3503/3503 2448/2448/2448
f 2789/2789/2789 3371/3371/3371 2656/2656/2656
f 2421/2421/2421 4281/4281/4281 2585/2585/2585
f 4082/4082/4082 3365/3365/3365 2703/2703/2703
f 2402/2402/2402 2262/2262/2262 2263/2263/2263
f 3275/3275/3275 3847/3847/3847 4250/4250/4250
f 4064/4064/4064 3815/3815/3815 3467/3467/3467
f 4322/4322/4322 3055/3055/3055 3815/3815/3815
f 3731/3731/3731 2568/2568/2568 3913/3913/3913
f 4356/4356/4356 3246/3246/3246 2287/2287/2287
f 2668/2668/2668 3595/3595/3595 2438/2438/2438
f 3704/3704/3704 3192/3192/3192 4156/4156/4156
f 4345/4345/4345 2767/2767/2767 4185/4185/4185
f 2351/2351/2351 2352/2352/2352 2766/2766/2766
f 4142/4142/4142 2672/2672/2672 3349/3349/3349
f 2898/2898/2898 4193/4193/4193 3233/3233/3233
f 4350/4350/4350 4243/4243/4243 3914/3914/3914
f 2495/2495/2495 3143/3143/3143 3026/3026/3026
f 3803/3803/3803 4068/4068/4068 3705/3705/3705
f 4068/4068/4068 2691/2691/2691 3974/3974/3974
f 3471/3471/3471 2394/2394/2394 4346/4346/4346
f 2915/2915/2915 4030/4030/4030 2457/2457/2457
f 3977/3977/3977 2984/2984/2984 3891/3891/3891
f 3287/3287/3287 3054/3054/3054 3330/3330/3330
f 3881/3881/3881 4098/4098/4098 3833/3833/3833
f 3721/3721/3721 3761/3761/3761 3187/3187/3187
f 3906/3906/3906 2671/2671/2671 4134/4134/4134
f 4330/4330/4330 2799/2799/2799 3627/3627/3627
f 2581/2581/2581 4040/4040/4040 2656/2656/2656
f 3034/3034/3034 2403/2403/2403 4208/4208/4208
f 4113/4113/4113 2557/2557/2557 2343/2343/2343
f 2465/2465/2465 4014/4014/4014 4221/4221/4221
f 4243/4243/4243 4103/4103/4103 2694/2694/2694
f 3234/3234/3234 3019/3019/3019 3510/3510/3510
f 3794/3794/3794 4218/4218/4218 3351/3351/3351
f 4231/4231/4231 2422/2422/2422 3171/3171/3171
f 3509/3509/3509 3547/3547/3547 2836/2836/2836
f 3232/3232/3232 2672/2672/2672 3338/3338/3338
f 3531/3531/3531 2412/2412/2412 2409/2409/2409
f 4134/4134/4134 3217/3217/3217 3154/3154/3154
f 4076/4076/4076 3828/3828/3828 3312/3312/3312
f 4101/4101/4101 2864/2864/2864 3113/3113/3113
f 4281/4281/4281 3076/3076/3076 2585/2585/2585
f 3904/3904/3904 3506/3506/3506 3551/3551/3551
f 3795/3795/3795 3667/3667/3667 2370/2370/2370
f 2690/2690/2690 3060/3060/3060 3476/3476/3476
f 3171/3171/3171 3550/3550/3550 3713/3713/3713
f 2654/2654/2654 3076/3076/3076 4281/4281/4281
f 2575/2575/2575 3595/3595/3595 2668/2668/2668
f 2482/2482/2482 3035/3035/3035 2496/2496/2496
f 2715/2715/2715 4085/4085/4085 4179/4179/4179
f 3288/3288/3288 4246/4246/4246 3074/3074/3074
f 3728/3728/3728 3760/3760/3760 3035/3035/3035
f 3382/3382/3382 3443/3443/3443 2785/2785/2785
f 4329/4329/4329 2506/2506/2506 3329/3329/3329
f 2979/2979/2979 3341/3341/3341 3939/3939/3939
f 2509/2509/2509 3263/3263/3263 3072/3072/3072
f 2841/2841/2841 3402/3402/3402 2635/2635/2635
f 2514/2514/2514 2380/2380/2380 2593/2593/2593
f 3903/3903/3903 3899/3899/3899 3167/3167/3167
f 3831/3831/3831 3588/3588/3588 3682/3682/3682
f 4052/4052/4052 3405/3405/3405 2612/2612/2612
f 2857/2857/2857 2472/2472/2472 4241/4241/4241
f 3689/3689/3689 2819/2819/2819 2857/2857/2857
f 3283/3283/3283 3447/3447/3447 3603/3603/3603
f 3996/3996/3996 2377/2377/2377 2762/2762/2762
f 4269/4269/4269 4163/4163/4163 2566/2566/2566
f 2544/2544/2544 2560/2560/2560 4155/4155/4155
f 3937/3937/3937 4316/4316/4316 2567/2567/2567
f 4253/4253/4253 2831/2831/2831 2821/2821/2821
f 3219/3219/3219 4325/4325/4325 4049/4049/4049
f 2889/2889/2889 3822/3822/3822 3450/3450/3450
f 2733/2733/2733 2442/2442/2442 2963/2963/2963
f 2637/2637/2637 3679/3679/3679 2922/2922/2922
f 3147/3147/3147 3302/3302/3302 3583/3583/3583
f 2389/2389/2389 4312/4312/4312 2707/2707/2707
f 3027/3027/3027 3858/3858/3858 4274/4274/4274
f 4131/4131/4131 3438/3438/3438 2682/2682/2682
f 2234/2234/2234 2614/2614/2614 3562/3562/3562
f 3056/3056/3056 2999/2999/2999 3376/3376/3376
f 2808/2808/2808 3637/3637/3637 3200/3200/3200
f 3126/3126/3126 3020/3020/3020 2588/2588/2588
f 2440/2440/2440 2548/2548/2548 3732/3732/3732
f 2530/2530/2530 2896/2896/2896 4051/4051/4051
f 2897/2897/2897 2382/2382/2382 2684/2684/2684
f 3398/3398/3398 4249/4249/4249 2753/2753/2753
f 2991/2991/2991 2492/2492/2492 2368/2368/2368
f 3131/3131/3131 3799/3799/3799 3573/3573/3573
f 2428/2428/2428 2615/2615/2615 2586/2586/2586
f 4245/4245/4245 3688/3688/3688 2404/2404/2404
f 3984/3984/3984 3094/3094/3094 2451/2451/2451
f 2733/2733/2733 2963/2963/2963 3139/3139/3139
f 2657/2657/2657 3344/3344/3344 3169/3169/3169
f 2693/2693/2693 2372/2372/2372 2637/2637/2637
f 3900/3900/3900 2910/2910/2910 3255/3255/3255
f 3028/3028/3028 2386/2386/2386 4150/4150/4150
f 3201/3201/3201 3727/3727/3727 3060/3060/3060
f 3487/3487/3487 2749/2749/2749 3352/3352/3352
f 3976/3976/3976 2871/2871/2871 2965/2965/2965
f 3676/3676/3676 2510/2510/2510 2294/2294/2294
f 2797/2797/2797 2742/2742/2742 3932/3932/3932
f 2986/2986/2986 2908/2908/2908 2652/2652/2652
f 2709/2709/2709 3816/3816/3816 3443/3443/3443
f 2686/2686/2686 3128/3128/3128 2438/2438/2438
f 4037/4037/4037 2535/2535/2535 2821/2821/2821
f 2560/2560/2560 3293/3293/3293 4155/4155/4155
f 4022/4022/4022 2318/2318/2318 2319/2319/2319
f 4229/4229/4229 2798/2798/2798 3766/3766/3766
f 3469/3469/3469 3425/3425/3425 2906/2906/2906
f 2368/2368/2368 3947/3947/3947 3129/3129/3129
f 4199/4199/4199 3708/3708/3708 3635/3635/3635
f 2381/2381/2381 2470/2470/2470 4050/4050/4050
f 3846/3846/3846 3656/3656/3656 2541/2541/2541
f 3456/3456/3456 3842/3842/3842 3408/3408/3408
f 2463/2463/2463 4029/4029/4029 3576/3576/3576
f 4338/4338/4338 3000/3000/3000 4105/4105/4105
f 3198/3198/3198 3054/3054/3054 3287/3287/3287
f 3694/3694/3694 4324/4324/4324 2467/2467/2467
f 4298/4298/4298 4169/4169/4169 4099/4099/4099
f 4358/4358/4358 2733/2733/2733 2916/2916/2916
f 3211/3211/3211 2661/2661/2661 4263/4263/4263
f 4284/4284/4284 3445/3445/3445 3882/3882/3882
f 2620/2620/2620 3078/3078/3078 2794/2794/2794
f 2407/2407/2407 3901/3901/3901 4050/4050/4050
f 4019/4019/4019 3942/3942/3942 3009/3009/3009
f 3609/3609/3609 3917/3917/3917 3355/3355/3355
f 2267/2267/2267 2985/2985/2985 2266/2266/2266
f 3683/3683/3683 3030/3030/3030 3986/3986/3986
f 4285/4285/4285 3663/3663/3663 2943/2943/2943
f 3239/3239/3239 3139/3139/3139 3355/3355/3355
f 3016/3016/3016 3577/3577/3577 3638/3638/3638
f 2707/2707/2707 3691/3691/3691 4005/4005/4005
f 3567/3567/3567 3059/3059/3059 4024/4024/4024
f 2579/2579/2579 3735/3735/3735 2796/2796/2796
f 4258/4258/4258 3169/3169/3169 3374/3374/3374
f 3980/3980/3980 2840/2840/2840 2657/2657/2657
f 2249/2249/2249 3773/3773/3773 3331/3331/3331
f 4325/4325/4325 3219/3219/3219 3618/3618/3618
f 3474/3474/3474 2419/2419/2419 2383/2383/2383
f 2552/2552/2552 3465/3465/3465 3135/3135/3135
f 3771/3771/3771 2477/2477/2477 2925/2925/2925
f 4215/4215/4215 2685/2685/2685 2411/2411/2411
f 3295/3295/3295 2361/2361/2361 2642/2642/2642
f 2860/2860/2860 3485/3485/3485 4170/4170/4170
f 4110/4110/4110 4093/4093/4093 3727/3727/3727
f 2336/2336/2336 2396/2396/2396 2952/2952/2952
f 2752/2752/2752 2524/2524/2524 3584/3584/3584
f 4109/4109/4109 2501/2501/2501 3238/3238/3238
f 3778/3778/3778 3396/3396/3396 2738/2738/2738
f 2430/2430/2430 3768/3768/3768 3096/3096/3096
f 3926/3926/3926 3258/3258/3258 3789/3789/3789
f 3785/3785/3785 2703/2703/2703 3365/3365/3365
f 3945/3945/3945 3867/3867/3867 2579/2579/2579
f 3129/3129/3129 3832/3832/3832 3722/3722/3722
f 4343/4343/4343 3902/3902/3902 3039/3039/3039
f 3654/3654/3654 3838/3838/3838 2959/2959/2959
f 2831/2831/2831 4253/4253/4253 3068/3068/3068
f 2410/2410/2410 4355/4355/4355 3759/3759/3759
f 4057/4057/4057 2425/2425/2425 2887/2887/2887
f 2721/2721/2721 2435/2435/2435 3416/3416/3416
f 3206/3206/3206 2575/2575/2575 2668/2668/2668
f 2590/2590/2590 3067/3067/3067 4189/4189/4189
f 2800/2800/2800 2391/2391/2391 2512/2512/2512
f 2650/2650/2650 3026/3026/3026 3629/3629/3629
f 2573/2573/2573 3103/3103/3103 2679/2679/2679
f 2671/2671/2671 3217/3217/3217 4134/4134/4134
f 3462/3462/3462 3133/3133/3133 4278/4278/4278
f 4141/4141/4141 4328/4328/4328 2883/2883/2883
f 3618/3618/3618 2644/2644/2644 4325/4325/4325
f 3847/3847/3847 3275/3275/3275 3119/3119/3119
f 3574/3574/3574 3849/3849/3849 2378/2378/2378
f 2397/2397/2397 3463/3463/3463 3798/3798/3798
f 4341/4341/4341 4227/4227/4227 3289/3289/3289
f 4305/4305/4305 3789/3789/3789 3742/3742/3742
f 3987/3987/3987 3522/3522/3522 2405/2405/2405
f 4277/4277/4277 3522/3522/3522 3107/3107/3107
f 2739/2739/2739 2982/2982/2982 3037/3037/3037
f 2930/2930/2930 2296/2296/2296 3671/3671/3671
f 3650/3650/3650 4356/4356/4356 2920/2920/2920
f 3246/3246/3246 2286/2286/2286 2287/2287/2287
f 2431/2431/2431 3385/3385/3385 3145/3145/3145
f 4305/4305/4305 3099/3099/3099 3789/3789/3789
f 2790/2790/2790 3360/3360/3360 3321/3321/3321
f 2631/2631/2631 2945/2945/2945 3224/3224/3224
f 4090/4090/4090 3067/3067/3067 3216/3216/3216
f 3893/3893/3893 4340/4340/4340 2904/2904/2904
f 4335/4335/4335 3827/3827/3827 4108/4108/4108
f 4070/4070/4070 3120/3120/3120 4003/4003/4003
f 3112/3112/3112 3493/3493/3493 3011/3011/3011
f 4198/4198/4198 2902/2902/2902 4040/4040/4040
f 3622/3622/3622 2568/2568/2568 2556/2556/2556
f 3803/3803/3803 3671/3671/3671 4068/4068/4068
f 4284/4284/4284 2702/2702/2702 2803/2803/2803
f 3778/3778/3778 2614/2614/2614 2235/2235/2235
f 4353/4353/4353 4222/4222/4222 4004/4004/4004
f 3474/3474/3474 3586/3586/3586 3295/3295/3295
f 2907/2907/2907 3107/3107/3107 3522/3522/3522
f 3665/3665/3665 3693/3693/3693 3754/3754/3754
f 4168/4168/4168 3304/3304/3304 3118/3118/3118
f 3930/3930/3930 2741/2741/2741 3526/3526/3526
f 2527/2527/2527 2718/2718/2718 2974/2974/2974
f 2853/2853/2853 3737/3737/3737 3140/3140/3140
f 2429/2429/2429 3339/3339/3339 2786/2786/2786
f 3722/3722/3722 2991/2991/2991 2368/2368/2368
f 3872/3872/3872 3826/3826/3826 3330/3330/3330
f 4036/4036/4036 2777/2777/2777 4053/4053/4053
f 2980/2980/2980 3116/3116/3116 3908/3908/3908
f 3908/3908/3908 2719/2719/2719 3315/3315/3315
f 4071/4071/4071 3606/3606/3606 3127/3127/3127
f 3855/3855/3855 3940/3940/3940 4275/4275/4275
f 3272/3272/3272 2887/2887/2887 2425/2425/2425
f 2759/2759/2759 3747/3747/3747 2677/2677/2677
f 3536/3536/3536 3124/3124/3124 4197/4197/4197
f 2612/2612/2612 3190/3190/3190 2966/2966/2966
f 3612/3612/3612 3253/3253/3253 2445/2445/2445
f 3201/3201/3201 2664/2664/2664 4110/4110/4110
f 2819/2819/2819 3689/3689/3689 2787/2787/2787
f 2212/2212/2212 2750/2750/2750 2211/2211/2211
f 2889/2889/2889 3516/3516/3516 4020/4020/4020
f 3066/3066/3066 3041/3041/3041 2927/2927/2927
f 2460/2460/2460 3058/3058/3058 3062/3062/3062
f 3870/3870/3870 3611/3611/3611 2560/2560/2560
f 3389/3389/3389 3320/3320/3320 2838/2838/2838
f 3898/3898/3898 2753/2753/2753 3697/3697/3697
f 3918/3918/3918 3248/3248/3248 3823/3823/3823
f 4227/4227/4227 3788/3788/3788 3289/3289/3289
f 4231/4231/4231 3547/3547/3547 2422/2422/2422
f 3976/3976/3976 2965/2965/2965 3440/3440/3440
f 2363/2363/2363 3421/3421/3421 4186/4186/4186
f 3133/3133/3133 3420/3420/3420 3639/3639/3639
f 2840/2840/2840 3080/3080/3080 3344/3344/3344
f 3529/3529/3529 3468/3468/3468 2931/2931/2931
f 2436/2436/2436 2642/2642/2642 2361/2361/2361
f 3581/3581/3581 2789/2789/2789 3806/3806/3806
f 4192/4192/4192 2859/2859/2859 3122/3122/3122
f 3951/3951/3951 3403/3403/3403 2679/2679/2679
f 4338/4338/4338 3518/3518/3518 3548/3548/3548
f 3570/3570/3570 2914/2914/2914 4092/4092/4092
f 4299/4299/4299 3977/3977/3977 3952/3952/3952
f 4041/4041/4041 3081/3081/3081 3621/3621/3621
f 3825/3825/3825 3413/3413/3413 2646/2646/2646
f 2672/2672/2672 2278/2278/2278 3338/3338/3338
f 3947/3947/3947 2368/2368/2368 2492/2492/2492
f 3110/3110/3110 2386/2386/2386 3028/3028/3028
f 2900/2900/2900 3081/3081/3081 3008/3008/3008
f 3762/3762/3762 2995/2995/2995 4351/4351/4351
f 2593/2593/2593 3088/3088/3088 4173/4173/4173
f 2924/2924/2924 3768/3768/3768 2373/2373/2373
f 4014/4014/4014 2375/2375/2375 2892/2892/2892
f 2637/2637/2637 2922/2922/2922 2693/2693/2693
f 2819/2819/2819 2463/2463/2463 2472/2472/2472
f 4080/4080/4080 2221/2221/2221 2222/2222/2222
f 4202/4202/4202 3489/3489/3489 3807/3807/3807
f 4147/4147/4147 2932/2932/2932 3660/3660/3660
f 3805/3805/3805 2242/2242/2242 4321/4321/4321
f 2745/2745/2745 4059/4059/4059 2240/2240/2240
f 2747/2747/2747 3745/3745/3745 4268/4268/4268
f 3962/3962/3962 3179/3179/3179 2987/2987/2987
f 3410/3410/3410 2549/2549/2549 3633/3633/3633
f 2982/2982/2982 3558/3558/3558 3392/3392/3392
f 3178/3178/3178 3727/3727/3727 3277/3277/3277
f 2879/2879/2879 4237/4237/4237 2831/2831/2831
f 4243/4243/4243 4154/4154/4154 3914/3914/3914
f 2364/2364/2364 3416/3416/3416 3082/3082/3082
f 3831/3831/3831 3630/3630/3630 3588/3588/3588
f 2431/2431/2431 4140/4140/4140 4174/4174/4174
f 2756/2756/2756 3630/3630/3630 3274/3274/3274
f 2603/2603/2603 2369/2369/2369 2851/2851/2851
f 4171/4171/4171 3684/3684/3684 3125/3125/3125
f 4291/4291/4291 3700/3700/3700 3636/3636/3636
f 4066/4066/4066 2561/2561/2561 3162/3162/3162
f 2977/2977/2977 3761/3761/3761 3757/3757/3757
f 3213/3213/3213 3404/3404/3404 3492/3492/3492
f 2738/2738/2738 3396/3396/3396 2802/2802/2802
f 3280/3280/3280 3043/3043/3043 2734/2734/2734
f 3358/3358/3358 4028/4028/4028 2373/2373/2373
f 4280/4280/4280 3880/3880/3880 3886/3886/3886
f 4352/4352/4352 2848/2848/2848 3445/3445/3445
f 4046/4046/4046 2511/2511/2511 3064/3064/3064
f 3143/3143/3143 2391/2391/2391 2609/2609/2609
f 3696/3696/3696 3646/3646/3646 2308/2308/2308
f 3164/3164/3164 2491/2491/2491 2427/2427/2427
f 3850/3850/3850 3781/3781/3781 2474/2474/2474
f 4320/4320/4320 2474/2474/2474 3912/3912/3912
f 3375/3375/3375 2678/2678/2678 2596/2596/2596
f 3001/3001/3001 2933/2933/2933 2390/2390/2390
f 4152/4152/4152 2638/2638/2638 2410/2410/2410
f 3488/3488/3488 3120/3120/3120 4070/4070/4070
f 3906/3906/3906 2704/2704/2704 2444/2444/2444
f 4119/4119/4119 3506/3506/3506 3021/3021/3021
f 2639/2639/2639 2767/2767/2767 4345/4345/4345
f 3380/3380/3380 3251/3251/3251 2768/2768/2768
f 2689/2689/2689 3400/3400/3400 2788/2788/2788
f 4049/4049/4049 3921/3921/3921 2392/2392/2392
f 2512/2512/2512 2391/2391/2391 2740/2740/2740
f 3991/3991/3991 2890/2890/2890 3600/3600/3600
f 4329/4329/4329 3577/3577/3577 2522/2522/2522
f 2835/2835/2835 2614/2614/2614 2634/2634/2634
f 3756/3756/3756 2618/2618/2618 2424/2424/2424
f 3973/3973/3973 3998/3998/3998 3670/3670/3670
f 3683/3683/3683 3986/3986/3986 4190/4190/4190
f 4323/4323/4323 4121/4121/4121 3274/3274/3274
f 2663/2663/2663 3579/3579/3579 3223/3223/3223
f 2793/2793/2793 3108/3108/3108 3856/3856/3856
f 3935/3935/3935 4151/4151/4151 3384/3384/3384
f 3789/3789/3789 3258/3258/3258 3742/3742/3742
f 3971/3971/3971 2796/2796/2796 3735/3735/3735
f 3652/3652/3652 3188/3188/3188 3892/3892/3892
f 4296/4296/4296 3304/3304/3304 3266/3266/3266
f 2404/2404/2404 2601/2601/2601 4245/4245/4245
f 3715/3715/3715 4072/4072/4072 2613/2613/2613
f 2892/2892/2892 2853/2853/2853 3816/3816/3816
f 2325/2325/2325 3684/3684/3684 4171/4171/4171
f 3186/3186/3186 3535/3535/3535 3401/3401/3401
f 3454/3454/3454 3157/3157/3157 3426/3426/3426
f 4025/4025/4025 2478/2478/2478 2981/2981/2981
f 4178/4178/4178 4032/4032/4032 2461/2461/2461
f 3875/3875/3875 2740/2740/2740 3530/3530/3530
f 3844/3844/3844 2490/2490/2490 3927/3927/3927
f 4247/4247/4247 3899/3899/3899 3123/3123/3123
f 2241/2241/2241 2745/2745/2745 2240/2240/2240
f 2233/2233/2233 3940/3940/3940 2232/2232/2232
f 3880/3880/3880 2872/2872/2872 3505/3505/3505
f 3531/3531/3531 2409/2409/2409 3016/3016/3016
f 2763/2763/2763 2381/2381/2381 2458/2458/2458
f 2543/2543/2543 3407/3407/3407 3979/3979/3979
f 2972/2972/2972 3427/3427/3427 3271/3271/3271
f 4085/4085/4085 2863/2863/2863 2862/2862/2862
f 3143/3143/3143 2609/2609/2609 3026/3026/3026
f 3406/3406/3406 3368/3368/3368 2798/2798/2798
f 4313/4313/4313 3701/3701/3701 4124/4124/4124
f 2606/2606/2606 3542/3542/3542 2913/2913/2913
f 3078/3078/3078 2620/2620/2620 3661/3661/3661
f 3637/3637/3637 4331/4331/4331 2859/2859/2859
f 2740/2740/2740 2391/2391/2391 3143/3143/3143
f 3766/3766/3766 3429/3429/3429 4149/4149/4149
f 2549/2549/2549 3733/3733/3733 2730/2730/2730
f 2667/2667/2667 3611/3611/3611 3392/3392/3392
f 2461/2461/2461 2888/2888/2888 4178/4178/4178
f 2952/2952/2952 3667/3667/3667 2335/2335/2335
f 4354/4354/4354 3972/3972/3972 3405/3405/3405
f 2500/2500/2500 3423/3423/3423 3092/3092/3092
f 2251/2251/2251 2252/2252/2252 3835/3835/3835
f 2988/2988/2988 3944/3944/3944 2726/2726/2726
f 3455/3455/3455 3945/3945/3945 2796/2796/2796
f 2783/2783/2783 3677/3677/3677 2567/2567/2567
f 3964/3964/3964 3516/3516/3516 3100/3100/3100
f 4059/4059/4059 2778/2778/2778 3572/3572/3572
f 2741/2741/2741 2974/2974/2974 3386/3386/3386
f 4107/4107/4107 3455/3455/3455 2796/2796/2796
f 3331/3331/3331 2518/2518/2518 2710/2710/2710
f 2420/2420/2420 3944/3944/3944 3745/3745/3745
f 2542/2542/2542 2466/2466/2466 2505/2505/2505
f 3946/3946/3946 2665/2665/2665 2437/2437/2437
f 2787/2787/2787 2648/2648/2648 3657/3657/3657
f 2891/2891/2891 4285/4285/4285 2943/2943/2943
f 3802/3802/3802 4012/4012/4012 4010/4010/4010
f 3794/3794/3794 2602/2602/2602 3182/3182/3182
f 3276/3276/3276 3693/3693/3693 3228/3228/3228
f 2896/2896/2896 2530/2530/2530 3526/3526/3526
f 2704/2704/2704 3906/3906/3906 4134/4134/4134
f 4318/4318/4318 3326/3326/3326 3491/3491/3491
f 3982/3982/3982 3275/3275/3275 4250/4250/4250
f 3119/3119/3119 3098/3098/3098 3840/3840/3840
f 2613/2613/2613 2440/2440/2440 3715/3715/3715
f 2440/2440/2440 3304/3304/3304 4168/4168/4168
f 2875/2875/2875 2545/2545/2545 2647/2647/2647
f 2605/2605/2605 2604/2604/2604 3943/3943/3943
f 3300/3300/3300 2974/2974/2974 3930/3930/3930
f 3730/3730/3730 2879/2879/2879 2831/2831/2831
f 3347/3347/3347 2817/2817/2817 2392/2392/2392
f 3675/3675/3675 3229/3229/3229 2738/2738/2738
f 4055/4055/4055 3679/3679/3679 3640/3640/3640
f 2846/2846/2846 3359/3359/3359 3837/3837/3837
f 2492/2492/2492 2493/2493/2493 2793/2793/2793
f 4151/4151/4151 2700/2700/2700 2573/2573/2573
f 2277/2277/2277 2672/2672/2672 4142/4142/4142
f 3389/3389/3389 2838/2838/2838 4319/4319/4319
f 2647/2647/2647 3624/3624/3624 3049/3049/3049
f 2607/2607/2607 2604/2604/2604 3535/3535/3535
f 3576/3576/3576 3854/3854/3854 3183/3183/3183
f 4270/4270/4270 3777/3777/3777 3486/3486/3486
f 4062/4062/4062 2406/2406/2406 3461/3461/3461
f 2256/2256/2256 2751/2751/2751 2255/2255/2255
f 2607/2607/2607 3186/3186/3186 2825/2825/2825
f 3144/3144/3144 3719/3719/3719 2605/2605/2605
f 2921/2921/2921 2532/2532/2532 3348/3348/3348
f 3675/3675/3675 2802/2802/2802 4035/4035/4035
f 3610/3610/3610 3791/3791/3791 3494/3494/3494
f 2619/2619/2619 2830/2830/2830 2610/2610/2610
f 3057/3057/3057 2458/2458/2458 4148/4148/4148
f 2525/2525/2525 2883/2883/2883 4148/4148/4148
f 2454/2454/2454 4214/4214/4214 3320/3320/3320
f 3448/3448/3448 3865/3865/3865 4214/4214/4214
f 2231/2231/2231 3855/3855/3855 2990/2990/2990
f 3960/3960/3960 3507/3507/3507 4165/4165/4165
f 2940/2940/2940 2559/2559/2559 3765/3765/3765
f 3324/3324/3324 4270/4270/4270 4055/4055/4055
f 3584/3584/3584 2524/2524/2524 2464/2464/2464
f 3042/3042/3042 2476/2476/2476 3600/3600/3600
f 2292/2292/2292 2293/2293/2293 3575/3575/3575
f 2920/2920/2920 2288/2288/2288 3525/3525/3525
f 3206/3206/3206 3297/3297/3297 3743/3743/3743
f 3286/3286/3286 3218/3218/3218 3730/3730/3730
f 2986/2986/2986 3071/3071/3071 2708/2708/2708
f 4127/4127/4127 3845/3845/3845 3616/3616/3616
f 3621/3621/3621 2761/2761/2761 4041/4041/4041
f 3033/3033/3033 3237/3237/3237 3362/3362/3362
f 3512/3512/3512 2366/2366/2366 3415/3415/3415
f 4358/4358/4358 3375/3375/3375 2442/2442/2442
f 3791/3791/3791 3876/3876/3876 2493/2493/2493
f 2763/2763/2763 4343/4343/4343 3915/3915/3915
f 2540/2540/2540 4297/4297/4297 2975/2975/2975
f 3063/3063/3063 4118/4118/4118 3195/3195/3195
f 3337/3337/3337 3692/3692/3692 2246/2246/2246
f 3666/3666/3666 2644/2644/2644 3098/3098/3098
f 2951/2951/2951 4007/4007/4007 2714/2714/2714
f 3046/3046/3046 3064/3064/3064 2958/2958/2958
f 3293/3293/3293 4109/4109/4109 4213/4213/4213
f 2584/2584/2584 3861/3861/3861 3317/3317/3317
f 2564/2564/2564 4131/4131/4131 3788/3788/3788
f 3471/3471/3471 2566/2566/2566 4163/4163/4163
f 2404/2404/2404 3734/3734/3734 2601/2601/2601
f 2562/2562/2562 2940/2940/2940 4355/4355/4355
f 2907/2907/2907 2311/2311/2311 4220/4220/4220
f 2560/2560/2560 3611/3611/3611 2667/2667/2667
f 3603/3603/3603 3546/3546/3546 2439/2439/2439
f 3182/3182/3182 3148/3148/3148 3701/3701/3701
f 2271/2271/2271 2415/2415/2415 3543/3543/3543
f 3975/3975/3975 3861/3861/3861 2748/2748/2748
f 3738/3738/3738 3657/3657/3657 2673/2673/2673
f 3514/3514/3514 3792/3792/3792 3411/3411/3411
f 3154/3154/3154 4223/4223/4223 3278/3278/3278
f 4045/4045/4045 3743/3743/3743 2843/2843/2843
f 3957/3957/3957 3999/3999/3999 3979/3979/3979
f 2747/2747/2747 4337/4337/4337 3540/3540/3540
f 2962/2962/2962 4300/4300/4300 2603/2603/2603
f 4179/4179/4179 4085/4085/4085 3533/3533/3533
f 3423/3423/3423 3963/3963/3963 3534/3534/3534
f 3938/3938/3938 2778/2778/2778 3433/3433/3433
f 2713/2713/2713 2528/2528/2528 2544/2544/2544
f 4069/4069/4069 4116/4116/4116 4359/4359/4359
f 3191/3191/3191 2752/2752/2752 3870/3870/3870
f 2841/2841/2841 2553/2553/2553 2528/2528/2528
f 2426/2426/2426 2976/2976/2976 4323/4323/4323
f 3446/3446/3446 2275/2275/2275 4101/4101/4101
f 4043/4043/4043 2743/2743/2743 4019/4019/4019
f 3300/3300/3300 3325/3325/3325 2527/2527/2527
f 4072/4072/4072 3775/3775/3775 2707/2707/2707
f 4005/4005/4005 3691/3691/3691 3834/3834/3834
f 2417/2417/2417 3300/3300/3300 3930/3930/3930
f 2867/2867/2867 2843/2843/2843 3743/3743/3743
f 4348/4348/4348 3077/3077/3077 3542/3542/3542
f 2654/2654/2654 4281/4281/4281 3555/3555/3555
f 2859/2859/2859 4192/4192/4192 2837/2837/2837
f 3617/3617/3617 3763/3763/3763 2852/2852/2852
f 3984/3984/3984 3698/3698/3698 3335/3335/3335
f 3942/3942/3942 3862/3862/3862 4324/4324/4324
f 3083/3083/3083 2871/2871/2871 4309/4309/4309
f 4052/4052/4052 3975/3975/3975 2748/2748/2748
f 4263/4263/4263 2523/2523/2523 4172/4172/4172
f 3936/3936/3936 2886/2886/2886 3615/3615/3615
f 4080/4080/4080 3174/3174/3174 2221/2221/2221
f 3933/3933/3933 3174/3174/3174 4340/4340/4340
f 3960/3960/3960 2874/2874/2874 3507/3507/3507
f 4017/4017/4017 3056/3056/3056 3116/3116/3116
f 4253/4253/4253 2474/2474/2474 3068/3068/3068
f 2583/2583/2583 4256/4256/4256 2942/2942/2942
f 4310/4310/4310 2953/2953/2953 3332/3332/3332
f 3976/3976/3976 3074/3074/3074 3519/3519/3519
f 3890/3890/3890 2565/2565/2565 3865/3865/3865
f 4278/4278/4278 3133/3133/3133 2877/2877/2877
f 3868/3868/3868 2939/2939/2939 3327/3327/3327
f 4126/4126/4126 2652/2652/2652 2911/2911/2911
f 3808/3808/3808 3649/3649/3649 2535/2535/2535
f 2385/2385/2385 3281/3281/3281 3754/3754/3754
f 4180/4180/4180 3404/3404/3404 2420/2420/2420
f 2525/2525/2525 2381/2381/2381 4050/4050/4050
f 4176/4176/4176 3303/3303/3303 3981/3981/3981
f 2392/2392/2392 2817/2817/2817 2881/2881/2881
f 3308/3308/3308 3556/3556/3556 3613/3613/3613
f 3862/3862/3862 2956/2956/2956 4324/4324/4324
f 3856/3856/3856 3108/3108/3108 2777/2777/2777
f 3599/3599/3599 3226/3226/3226 2547/2547/2547
f 3098/3098/3098 3680/3680/3680 3840/3840/3840
f 3041/3041/3041 3835/3835/3835 2252/2252/2252
f 3945/3945/3945 3891/3891/3891 2761/2761/2761
f 4295/4295/4295 4130/4130/4130 2929/2929/2929
f 4314/4314/4314 2214/2214/2214 3620/3620/3620
f 2220/2220/2220 3174/3174/3174 3933/3933/3933
f 4098/4098/4098 3452/3452/3452 2659/2659/2659
f 4269/4269/4269 2435/2435/2435 3904/3904/3904
f 2806/2806/2806 2538/2538/2538 3429/3429/3429
f 4001/4001/4001 3368/3368/3368 3406/3406/3406
f 3915/3915/3915 2759/2759/2759 2526/2526/2526
f 2881/2881/2881 3659/3659/3659 4049/4049/4049
f 3173/3173/3173 2571/2571/2571 3989/3989/3989
f 2844/2844/2844 3362/3362/3362 3587/3587/3587
f 4358/4358/4358 2631/2631/2631 3224/3224/3224
f 4204/4204/4204 3518/3518/3518 3290/3290/3290
f 3001/3001/3001 2390/2390/2390 3278/3278/3278
f 3809/3809/3809 3797/3797/3797 3291/3291/3291
f 4018/4018/4018 4015/4015/4015 2317/2317/2317
f 2322/2322/2322 4178/4178/4178 4267/4267/4267
f 2401/2401/2401 3620/3620/3620 2215/2215/2215
f 2673/2673/2673 3657/3657/3657 2905/2905/2905
f 3869/3869/3869 3318/3318/3318 2833/2833/2833
f 3673/3673/3673 3265/3265/3265 4062/4062/4062
f 2882/2882/2882 2900/2900/2900 3008/3008/3008
f 3081/3081/3081 4041/4041/4041 3008/3008/3008
f 3132/3132/3132 4086/4086/4086 3423/3423/3423
f 3553/3553/3553 4190/4190/4190 3346/3346/3346
f 3782/3782/3782 3713/3713/3713 3550/3550/3550
f 3190/3190/3190 2612/2612/2612 3267/3267/3267
f 3131/3131/3131 3573/3573/3573 3534/3534/3534
f 3787/3787/3787 3832/3832/3832 3504/3504/3504
f 2814/2814/2814 2502/2502/2502 3596/3596/3596
f 4126/4126/4126 2814/2814/2814 3135/3135/3135
f 4266/4266/4266 2743/2743/2743 3950/3950/3950
f 2530/2530/2530 3930/3930/3930 3526/3526/3526
f 2427/2427/2427 3985/3985/3985 2675/2675/2675
f 3019/3019/3019 2501/2501/2501 3720/3720/3720
f 4044/4044/4044 2550/2550/2550 2904/2904/2904
f 2432/2432/2432 3695/3695/3695 3615/3615/3615
f 3548/3548/3548 2598/2598/2598 4338/4338/4338
f 4340/4340/4340 3174/3174/3174 4080/4080/4080
f 3854/3854/3854 3251/3251/3251 3183/3183/3183
f 3853/3853/3853 4063/4063/4063 2699/2699/2699
f 3237/3237/3237 3814/3814/3814 4269/4269/4269
f 4087/4087/4087 3152/3152/3152 2887/2887/2887
f 2418/2418/2418 2729/2729/2729 4277/4277/4277
f 2309/2309/2309 3696/3696/3696 2308/2308/2308
f 4126/4126/4126 2911/2911/2911 2939/2939/2939
f 2652/2652/2652 3484/3484/3484 2986/2986/2986
f 2482/2482/2482 2371/2371/2371 3137/3137/3137
f 2706/2706/2706 3807/3807/3807 3489/3489/3489
f 2420/2420/2420 2726/2726/2726 3944/3944/3944
f 2759/2759/2759 2677/2677/2677 2594/2594/2594
f 3388/3388/3388 3945/3945/3945 2761/2761/2761
f 2807/2807/2807 2439/2439/2439 3709/3709/3709
f 2948/2948/2948 4282/4282/4282 3821/3821/3821
f 4161/4161/4161 3209/3209/3209 2529/2529/2529
f 3541/3541/3541 2665/2665/2665 4289/4289/4289
f 2606/2606/2606 3473/3473/3473 2829/2829/2829
f 4092/4092/4092 3561/3561/3561 3055/3055/3055
f 2390/2390/2390 3570/3570/3570 3804/3804/3804
f 3948/3948/3948 4154/4154/4154 4243/4243/4243
f 3704/3704/3704 3366/3366/3366 3071/3071/3071
f 2372/2372/2372 3434/3434/3434 3753/3753/3753
f 3884/3884/3884 4108/4108/4108 3874/3874/3874
f 4350/4350/4350 3314/3314/3314 4103/4103/4103
f 2941/2941/2941 4153/4153/4153 3520/3520/3520
f 3291/3291/3291 3797/3797/3797 2922/2922/2922
f 2955/2955/2955 3783/3783/3783 2570/2570/2570
f 3911/3911/3911 3863/3863/3863 3597/3597/3597
f 3726/3726/3726 3651/3651/3651 2944/2944/2944
f 4177/4177/4177 3575/3575/3575 3670/3670/3670
f 3317/3317/3317 3741/3741/3741 2584/2584/2584
f 3707/3707/3707 3877/3877/3877 2680/2680/2680
f 4200/4200/4200 4035/4035/4035 2802/2802/2802
f 2354/2354/2354 2355/2355/2355 3250/3250/3250
f 3479/3479/3479 3374/3374/3374 3169/3169/3169
f 2849/2849/2849 3618/3618/3618 3219/3219/3219
f 3040/3040/3040 2569/2569/2569 3303/3303/3303
f 2848/2848/2848 2975/2975/2975 3168/3168/3168
f 2765/2765/2765 3151/3151/3151 2229/2229/2229
f 3420/3420/3420 3274/3274/3274 3109/3109/3109
f 3870/3870/3870 2560/2560/2560 2544/2544/2544
f 2860/2860/2860 4170/4170/4170 2812/2812/2812
f 2584/2584/2584 3731/3731/3731 3861/3861/3861
f 3318/3318/3318 3869/3869/3869 4138/4138/4138
f 4166/4166/4166 4104/4104/4104 2244/2244/2244
f 3209/3209/3209 2999/2999/2999 2529/2529/2529
f 3511/3511/3511 3438/3438/3438 4131/4131/4131
f 3746/3746/3746 3781/3781/3781 4233/4233/4233
f 3105/3105/3105 3044/3044/3044 2387/2387/2387
f 2486/2486/2486 3924/3924/3924 2967/2967/2967
f 2292/2292/2292 2842/2842/2842 2291/2291/2291
f 4223/4223/4223 3154/3154/3154 2645/2645/2645
f 2698/2698/2698 3764/3764/3764 3609/3609/3609
f 3911/3911/3911 3597/3597/3597 4132/4132/4132
f 3660/3660/3660 4122/4122/4122 4147/4147/4147
f 2687/2687/2687 3565/3565/3565 2954/2954/2954
f 2686/2686/2686 2456/2456/2456 4025/4025/4025
f 3108/3108/3108 2521/2521/2521 2777/2777/2777
f 3088/3088/3088 3638/3638/3638 3458/3458/3458
f 4180/4180/4180 3745/3745/3745 2747/2747/2747
f 2797/2797/2797 3932/3932/3932 3829/3829/3829
f 2628/2628/2628 3141/3141/3141 3782/3782/3782
f 3947/3947/3947 3555/3555/3555 4281/4281/4281
f 4189/4189/4189 3663/3663/3663 4136/4136/4136
f 2590/2590/2590 3565/3565/3565 3453/3453/3453
f 3628/3628/3628 2938/2938/2938 3800/3800/3800
f 2508/2508/2508 3539/3539/3539 2985/2985/2985
f 3596/3596/3596 2502/2502/2502 2446/2446/2446
f 4009/4009/4009 3260/3260/3260 2915/2915/2915
f 3085/3085/3085 3753/3753/3753 2416/2416/2416
f 2698/2698/2698 2963/2963/2963 3590/3590/3590
f 4153/4153/4153 4098/4098/4098 3881/3881/3881
f 2521/2521/2521 3520/3520/3520 4087/4087/4087
f 4100/4100/4100 2720/2720/2720 3012/3012/3012
f 3490/3490/3490 3889/3889/3889 3717/3717/3717
f 4202/4202/4202 4094/4094/4094 3359/3359/3359
f 4216/4216/4216 2639/2639/2639 4105/4105/4105
f 3453/3453/3453 3216/3216/3216 2590/2590/2590
f 3936/3936/3936 3197/3197/3197 2886/2886/2886
f 3489/3489/3489 3202/3202/3202 3408/3408/3408
f 3380/3380/3380 2768/2768/2768 3955/3955/3955
f 3619/3619/3619 3058/3058/3058 3538/3538/3538
f 3424/3424/3424 2384/2384/2384 2855/2855/2855
f 4191/4191/4191 4112/4112/4112 2947/2947/2947
f 3684/3684/3684 3435/3435/3435 3343/3343/3343
f 2248/2248/2248 3337/3337/3337 2247/2247/2247
f 3463/3463/3463 2397/2397/2397 2948/2948/2948
f 2293/2293/2293 3961/3961/3961 3575/3575/3575
f 2805/2805/2805 3592/3592/3592 2972/2972/2972
f 4215/4215/4215 2977/2977/2977 3757/3757/3757
f 3939/3939/3939 3341/3341/3341 3931/3931/3931
f 4342/4342/4342 2445/2445/2445 2338/2338/2338
f 4291/4291/4291 3399/3399/3399 3045/3045/3045
f 4143/4143/4143 3046/3046/3046 2958/2958/2958
f 2334/2334/2334 2335/2335/2335 3667/3667/3667
f 4310/4310/4310 3332/3332/3332 4016/4016/4016
f 3284/3284/3284 3338/3338/3338 3647/3647/3647
f 3468/3468/3468 3565/3565/3565 2687/2687/2687
f 3161/3161/3161 3936/3936/3936 4044/4044/4044
f 4108/4108/4108 3884/3884/3884 3549/3549/3549
f 3273/3273/3273 3106/3106/3106 3867/3867/3867
f 3272/3272/3272 2425/2425/2425 4247/4247/4247
f 3919/3919/3919 3339/3339/3339 2429/2429/2429
f 2715/2715/2715 2863/2863/2863 4085/4085/4085
f 2739/2739/2739 3037/3037/3037 2730/2730/2730
f 3034/3034/3034 3739/3739/3739 4046/4046/4046
f 3159/3159/3159 3003/3003/3003 3750/3750/3750
f 3315/3315/3315 2397/2397/2397 3798/3798/3798
f 2241/2241/2241 3805/3805/3805 2745/2745/2745
f 2395/2395/2395 3340/3340/3340 2522/2522/2522
f 3935/3935/3935 2956/2956/2956 2786/2786/2786
f 2556/2556/2556 2281/2281/2281 2282/2282/2282
f 3956/3956/3956 3524/3524/3524 3910/3910/3910
f 3583/3583/3583 3452/3452/3452 3223/3223/3223
f 2424/2424/2424 2762/2762/2762 4091/4091/4091
f 3468/3468/3468 3529/3529/3529 3565/3565/3565
f 4013/4013/4013 4002/4002/4002 2784/2784/2784
f 4217/4217/4217 4288/4288/4288 3946/3946/3946
f 2818/2818/2818 2906/2906/2906 2936/2936/2936
f 2498/2498/2498 3825/3825/3825 4212/4212/4212
f 4308/4308/4308 2729/2729/2729 3114/3114/3114
f 4193/4193/4193 4008/4008/4008 4012/4012/4012
f 3418/3418/3418 3413/3413/3413 4354/4354/4354
f 3731/3731/3731 4212/4212/4212 3861/3861/3861
f 3610/3610/3610 3579/3579/3579 3791/3791/3791
f 2661/2661/2661 3211/3211/3211 3176/3176/3176
f 4194/4194/4194 3642/3642/3642 2970/2970/2970
f 3355/3355/3355 3917/3917/3917 3259/3259/3259
f 3716/3716/3716 3436/3436/3436 2449/2449/2449
f 2916/2916/2916 2631/2631/2631 4358/4358/4358
f 3094/3094/3094 2872/2872/2872 3880/3880/3880
f 3564/3564/3564 2785/2785/2785 3512/3512/3512
f 2724/2724/2724 2969/2969/2969 2490/2490/2490
f 3390/3390/3390 3149/3149/3149 2949/2949/2949
f 2297/2297/2297 2691/2691/2691 2296/2296/2296
f 4146/4146/4146 3744/3744/3744 2662/2662/2662
f 2849/2849/2849 3150/3150/3150 3461/3461/3461
f 2870/2870/2870 3118/3118/3118 3497/3497/3497
f 2417/2417/2417 3627/3627/3627 3300/3300/3300
f 2532/2532/2532 2921/2921/2921 4248/4248/4248
f 4260/4260/4260 2222/2222/2222 3197/3197/3197
f 3312/3312/3312 3828/3828/3828 3594/3594/3594
f 3916/3916/3916 3462/3462/3462 3379/3379/3379
f 2906/2906/2906 3220/3220/3220 2936/2936/2936
f 2492/2492/2492 3442/3442/3442 3947/3947/3947
f 2765/2765/2765 3464/3464/3464 3151/3151/3151
f 2704/2704/2704 2523/2523/2523 2444/2444/2444
f 4268/4268/4268 3944/3944/3944 3544/3544/3544
f 4181/4181/4181 3915/3915/3915 2697/2697/2697
f 2241/2241/2241 2242/2242/2242 3805/3805/3805
f 3116/3116/3116 3626/3626/3626 3908/3908/3908
f 2456/2456/2456 2686/2686/2686 4133/4133/4133
f 4221/4221/4221 2482/2482/2482 3316/3316/3316
f 2658/2658/2658 3532/3532/3532 2436/2436/2436
f 4004/4004/4004 3095/3095/3095 2957/2957/2957
f 2549/2549/2549 3370/3370/3370 3733/3733/3733
f 2561/2561/2561 3802/3802/3802 3058/3058/3058
f 4324/4324/4324 2956/2956/2956 2801/2801/2801
f 2900/2900/2900 3387/3387/3387 3207/3207/3207
f 3389/3389/3389 2622/2622/2622 3320/3320/3320
f 3475/3475/3475 2629/2629/2629 3367/3367/3367
f 2459/2459/2459 3552/3552/3552 3672/3672/3672
f 3945/3945/3945 3455/3455/3455 3891/3891/3891
f 2910/2910/2910 4268/4268/4268 3255/3255/3255
f 2266/2266/2266 3800/3800/3800 3199/3199/3199
f 2912/2912/2912 4160/4160/4160 3798/3798/3798
f 3602/3602/3602 3100/3100/3100 3450/3450/3450
f 4273/4273/4273 3361/3361/3361 3046/3046/3046
f 2626/2626/2626 2450/2450/2450 3263/3263/3263
f 2990/2990/2990 3855/3855/3855 3768/3768/3768
f 4194/4194/4194 4280/4280/4280 3642/3642/3642
f 3833/3833/3833 3496/3496/3496 2394/2394/2394
f 3123/3123/3123 4031/4031/4031 4074/4074/4074
f 2994/2994/2994 3435/3435/3435 2327/2327/2327
f 3048/3048/3048 2333/2333/2333 3589/3589/3589
f 2489/2489/2489 3308/3308/3308 2773/2773/2773
f 3566/3566/3566 3762/3762/3762 4351/4351/4351
f 2994/2994/2994 3796/3796/3796 2536/2536/2536
f 3560/3560/3560 3636/3636/3636 3700/3700/3700
f 3621/3621/3621 3954/3954/3954 4125/4125/4125
f 3930/3930/3930 2974/2974/2974 2741/2741/2741
f 3223/3223/3223 3452/3452/3452 4098/4098/4098
f 4155/4155/4155 2675/2675/2675 3985/3985/3985
f 2595/2595/2595 2593/2593/2593 4173/4173/4173
f 3070/3070/3070 4134/4134/4134 3154/3154/3154
f 4223/4223/4223 3001/3001/3001 3278/3278/3278
f 4238/4238/4238 3126/3126/3126 2588/2588/2588
f 3540/3540/3540 4095/4095/4095 4180/4180/4180
f 3289/3289/3289 2682/2682/2682 4301/4301/4301
f 3161/3161/3161 4080/4080/4080 4260/4260/4260
f 2401/2401/2401 3784/3784/3784 2641/2641/2641
f 2822/2822/2822 2438/2438/2438 3595/3595/3595
f 2757/2757/2757 2701/2701/2701 3070/3070/3070
f 3825/3825/3825 3668/3668/3668 3252/3252/3252
f 4177/4177/4177 3670/3670/3670 3998/3998/3998
f 2428/2428/2428 2586/2586/2586 2867/2867/2867
f 2400/2400/2400 2511/2511/2511 4184/4184/4184
f 3125/3125/3125 3343/3343/3343 3065/3065/3065
f 3796/3796/3796 2994/2994/2994 2327/2327/2327
f 3900/3900/3900 2697/2697/2697 2910/2910/2910
f 2874/2874/2874 2433/2433/2433 3507/3507/3507
f 3829/3829/3829 4002/4002/4002 4013/4013/4013
f 4084/4084/4084 4254/4254/4254 2743/2743/2743
f 2845/2845/2845 4351/4351/4351 2901/2901/2901
f 2843/2843/2843 2586/2586/2586 2720/2720/2720
f 2773/2773/2773 3082/3082/3082 2489/2489/2489
f 4051/4051/4051 3891/3891/3891 3455/3455/3455
f 3054/3054/3054 3872/3872/3872 3330/3330/3330
f 2915/2915/2915 3556/3556/3556 4030/4030/4030
f 2431/2431/2431 4174/4174/4174 2938/2938/2938
f 3847/3847/3847 3119/3119/3119 3840/3840/3840
f 3623/3623/3623 4154/4154/4154 4349/4349/4349
f 3402/3402/3402 3969/3969/3969 3685/3685/3685
f 4196/4196/4196 2676/2676/2676 2494/2494/2494
f 3765/3765/3765 3382/3382/3382 3564/3564/3564
f 3650/3650/3650 4259/4259/4259 3956/3956/3956
f 3966/3966/3966 2731/2731/2731 2441/2441/2441
f 2437/2437/2437 2411/2411/2411 4217/4217/4217
f 2274/2274/2274 2365/2365/2365 3523/3523/3523
f 3847/3847/3847 3840/3840/3840 3655/3655/3655
f 3318/3318/3318 2927/2927/2927 2833/2833/2833
f 2803/2803/2803 2513/2513/2513 3428/3428/3428
f 4205/4205/4205 3176/3176/3176 2503/2503/2503
f 3694/3694/3694 3299/3299/3299 3942/3942/3942
f 3571/3571/3571 3287/3287/3287 3330/3330/3330
f 3532/3532/3532 2658/2658/2658 3032/3032/3032
f 2854/2854/2854 2388/2388/2388 2736/2736/2736
f 3410/3410/3410 2299/2299/2299 3836/3836/3836
f 3608/3608/3608 3083/3083/3083 4309/4309/4309
f 3027/3027/3027 2376/2376/2376 2827/2827/2827
f 4172/4172/4172 2701/2701/2701 3245/3245/3245
f 4057/4057/4057 3021/3021/3021 3820/3820/3820
f 4030/4030/4030 2917/2917/2917 2457/2457/2457
f 3256/3256/3256 3361/3361/3361 3036/3036/3036
f 4308/4308/4308 3051/3051/3051 3522/3522/3522
f 4200/4200/4200 2485/2485/2485 4035/4035/4035
f 4282/4282/4282 2397/2397/2397 3818/3818/3818
f 2509/2509/2509 2670/2670/2670 3263/3263/3263
f 3059/3059/3059 3567/3567/3567 2581/2581/2581
f 3156/3156/3156 2378/2378/2378 2988/2988/2988
f 3745/3745/3745 3944/3944/3944 4268/4268/4268
f 3866/3866/3866 3261/3261/3261 4022/4022/4022
f 2989/2989/2989 2495/2495/2495 2650/2650/2650
f 2504/2504/2504 3208/3208/3208 4238/4238/4238
f 3965/3965/3965 3307/3307/3307 2861/2861/2861
f 4250/4250/4250 3040/3040/3040 3303/3303/3303
f 3890/3890/3890 3475/3475/3475 4158/4158/4158
f 4271/4271/4271 4188/4188/4188 3586/3586/3586
f 3370/3370/3370 3967/3967/3967 4135/4135/4135
f 2973/2973/2973 3341/3341/3341 4054/4054/4054
f 4190/4190/4190 4086/4086/4086 3346/3346/3346
f 3721/3721/3721 3187/3187/3187 2950/2950/2950
f 3634/3634/3634 2836/2836/2836 4231/4231/4231
f 3011/3011/3011 3662/3662/3662 2642/2642/2642
f 3601/3601/3601 2313/2313/2313 2314/2314/2314
f 2995/2995/2995 3762/3762/3762 2468/2468/2468
f 2488/2488/2488 2878/2878/2878 2939/2939/2939
f 2729/2729/2729 2989/2989/2989 2483/2483/2483
f 3269/3269/3269 3808/3808/3808 3036/3036/3036
f 4286/4286/4286 3120/3120/3120 3488/3488/3488
f 2638/2638/2638 3686/3686/3686 2410/2410/2410
f 3717/3717/3717 3719/3719/3719 3144/3144/3144
f 4130/4130/4130 3812/3812/3812 3928/3928/3928
f 3701/3701/3701 2534/2534/2534 4124/4124/4124
f 3293/3293/3293 2560/2560/2560 2667/2667/2667
f 3264/3264/3264 2531/2531/2531 3629/3629/3629
f 2900/2900/2900 2882/2882/2882 3387/3387/3387
f 3131/3131/3131 3598/3598/3598 3901/3901/3901
f 4248/4248/4248 4071/4071/4071 2574/2574/2574
f 4048/4048/4048 3098/3098/3098 2644/2644/2644
f 3275/3275/3275 3121/3121/3121 3119/3119/3119
f 2250/2250/2250 4117/4117/4117 3773/3773/3773
f 4117/4117/4117 4138/4138/4138 3773/3773/3773
f 3402/3402/3402 2713/2713/2713 3969/3969/3969
f 2578/2578/2578 2663/2663/2663 4153/4153/4153
f 3776/3776/3776 3245/3245/3245 2757/2757/2757
f 2848/2848/2848 3168/3168/3168 2970/2970/2970
f 2676/2676/2676 2942/2942/2942 2494/2494/2494
f 3204/3204/3204 2342/2342/2342 2343/2343/2343
f 3905/3905/3905 2633/2633/2633 2664/2664/2664
f 4171/4171/4171 3354/3354/3354 2947/2947/2947
f 3036/3036/3036 2535/2535/2535 3256/3256/3256
f 2958/2958/2958 3841/3841/3841 4143/4143/4143
f 2644/2644/2644 3047/3047/3047 4325/4325/4325
f 2770/2770/2770 3242/3242/3242 3849/3849/3849
f 3636/3636/3636 3399/3399/3399 4291/4291/4291
f 3435/3435/3435 3684/3684/3684 2326/2326/2326
f 4316/4316/4316 3415/3415/3415 2567/2567/2567
f 3621/3621/3621 3306/3306/3306 3388/3388/3388
f 4325/4325/4325 3921/3921/3921 4049/4049/4049
f 2726/2726/2726 3313/3313/3313 3156/3156/3156
f 2459/2459/2459 3051/3051/3051 3114/3114/3114
f 3051/3051/3051 2459/2459/2459 3439/3439/3439
f 3580/3580/3580 3393/3393/3393 3885/3885/3885
f 3063/3063/3063 3195/3195/3195 3578/3578/3578
f 2694/2694/2694 2844/2844/2844 3948/3948/3948
f 4220/4220/4220 4182/4182/4182 3107/3107/3107
f 2443/2443/2443 3862/3862/3862 4011/4011/4011
f 3206/3206/3206 3426/3426/3426 3157/3157/3157
f 2442/2442/2442 3375/3375/3375 2596/2596/2596
f 3590/3590/3590 3764/3764/3764 2698/2698/2698
f 3116/3116/3116 3227/3227/3227 3941/3941/3941
f 2815/2815/2815 3450/3450/3450 3822/3822/3822
f 3573/3573/3573 3799/3799/3799 3365/3365/3365
f 3617/3617/3617 2960/2960/2960 3927/3927/3927
f 3267/3267/3267 3381/3381/3381 3190/3190/3190
f 4283/4283/4283 2460/2460/2460 3786/3786/3786
f 2491/2491/2491 3685/3685/3685 3985/3985/3985
f 3696/3696/3696 3780/3780/3780 3646/3646/3646
f 2481/2481/2481 3361/3361/3361 3256/3256/3256
f 2714/2714/2714 4093/4093/4093 4307/4307/4307
f 4328/4328/4328 3542/3542/3542 4148/4148/4148
f 2500/2500/2500 2585/2585/2585 3598/3598/3598
f 4190/4190/4190 3092/3092/3092 4086/4086/4086
f 4231/4231/4231 4083/4083/4083 3634/3634/3634
f 2655/2655/2655 3804/3804/3804 2596/2596/2596
f 4013/4013/4013 2645/2645/2645 3829/3829/3829
f 4034/4034/4034 3625/3625/3625 3091/3091/3091
f 3841/3841/3841 4001/4001/4001 4143/4143/4143
f 2332/2332/2332 2333/2333/2333 4234/4234/4234
f 4234/4234/4234 2333/2333/2333 3048/3048/3048
f 4117/4117/4117 2250/2250/2250 2251/2251/2251
f 2927/2927/2927 3318/3318/3318 3066/3066/3066
f 2416/2416/2416 3874/3874/3874 3085/3085/3085
f 3925/3925/3925 2641/2641/2641 3784/3784/3784
f 4107/4107/4107 2692/2692/2692 3007/3007/3007
f 2875/2875/2875 2676/2676/2676 2545/2545/2545
f 3639/3639/3639 2877/2877/2877 3133/3133/3133
f 4201/4201/4201 4083/4083/4083 3171/3171/3171
f 3088/3088/3088 3016/3016/3016 3638/3638/3638
f 3297/3297/3297 3206/3206/3206 3949/3949/3949
f 4316/4316/4316 3765/3765/3765 3564/3564/3564
f 4299/4299/4299 2995/2995/2995 3801/3801/3801
f 3173/3173/3173 3471/3471/3471 2571/2571/2571
f 3710/3710/3710 2450/2450/2450 2626/2626/2626
f 2651/2651/2651 3972/3972/3972 2486/2486/2486
f 3111/3111/3111 4091/4091/4091 2377/2377/2377
f 2696/2696/2696 3283/3283/3283 4078/4078/4078
f 3631/3631/3631 3270/3270/3270 2965/2965/2965
f 2882/2882/2882 3008/3008/3008 2582/2582/2582
f 4009/4009/4009 3142/3142/3142 3024/3024/3024
f 4289/4289/4289 2665/2665/2665 3220/3220/3220
f 3832/3832/3832 3787/3787/3787 3541/3541/3541
f 4348/4348/4348 2829/2829/2829 3357/3357/3357
f 3425/3425/3425 2991/2991/2991 3185/3185/3185
f 2837/2837/2837 4192/4192/4192 4343/4343/4343
f 3213/3213/3213 3492/3492/3492 4160/4160/4160
f 3270/3270/3270 2499/2499/2499 3410/3410/3410
f 3631/3631/3631 2499/2499/2499 3270/3270/3270
f 3863/3863/3863 3298/3298/3298 3202/3202/3202
f 3374/3374/3374 3753/3753/3753 4258/4258/4258
f 2652/2652/2652 3135/3135/3135 3484/3484/3484
f 3644/3644/3644 3319/3319/3319 3186/3186/3186
f 4163/4163/4163 3904/3904/3904 3551/3551/3551
f 3210/3210/3210 3152/3152/3152 3520/3520/3520
f 2394/2394/2394 3496/3496/3496 4346/4346/4346
f 2926/2926/2926 2369/2369/2369 2603/2603/2603
f 4238/4238/4238 2593/2593/2593 3126/3126/3126
f 4118/4118/4118 3648/3648/3648 3776/3776/3776
f 2340/2340/2340 4210/4210/4210 4342/4342/4342
f 3863/3863/3863 3202/3202/3202 3489/3489/3489
f 2973/2973/2973 4054/4054/4054 3772/3772/3772
f 4140/4140/4140 3697/3697/3697 2753/2753/2753
f 3245/3245/3245 2701/2701/2701 2757/2757/2757
f 4352/4352/4352 3428/3428/3428 2540/2540/2540
f 3958/3958/3958 2236/2236/2236 2237/2237/2237
f 4028/4028/4028 2997/2997/2997 2924/2924/2924
f 3894/3894/3894 3559/3559/3559 3444/3444/3444
f 3549/3549/3549 4335/4335/4335 4108/4108/4108
f 3867/3867/3867 3106/3106/3106 2795/2795/2795
f 3273/3273/3273 3306/3306/3306 4295/4295/4295
f 4026/4026/4026 4042/4042/4042 3625/3625/3625
f 4219/4219/4219 3559/3559/3559 4339/4339/4339
f 3900/3900/3900 4181/4181/4181 2697/2697/2697
f 3425/3425/3425 3494/3494/3494 2991/2991/2991
f 4009/4009/4009 3024/3024/3024 3723/3723/3723
f 3128/3128/3128 2981/2981/2981 3491/3491/3491
f 3917/3917/3917 3737/3737/3737 3259/3259/3259
f 3580/3580/3580 3483/3483/3483 3393/3393/3393
f 4137/4137/4137 4145/4145/4145 3584/3584/3584
f 3558/3558/3558 2667/2667/2667 3392/3392/3392
f 2430/2430/2430 2765/2765/2765 2230/2230/2230
f 2970/2970/2970 2780/2780/2780 2903/2903/2903
f 4191/4191/4191 3247/3247/3247 3887/3887/3887
f 2324/2324/2324 2325/2325/2325 4171/4171/4171
f 3680/3680/3680 3678/3678/3678 2625/2625/2625
f 4276/4276/4276 2520/2520/2520 2912/2912/2912
f 2988/2988/2988 2378/2378/2378 3342/3342/3342
f 3823/3823/3823 3702/3702/3702 3563/3563/3563
f 3337/3337/3337 4139/4139/4139 3692/3692/3692
f 3964/3964/3964 2769/2769/2769 3516/3516/3516
f 3955/3955/3955 3495/3495/3495 3779/3779/3779
f 2891/2891/2891 3842/3842/3842 3779/3779/3779
f 3023/3023/3023 4321/4321/4321 4104/4104/4104
f 3740/3740/3740 4027/4027/4027 3706/3706/3706
f 3102/3102/3102 2827/2827/2827 4207/4207/4207
f 3005/3005/3005 3189/3189/3189 2620/2620/2620
f 2751/2751/2751 3196/3196/3196 3015/3015/3015
f 2689/2689/2689 3130/3130/3130 3982/3982/3982
f 2688/2688/2688 3760/3760/3760 3728/3728/3728
f 3750/3750/3750 4320/4320/4320 2516/2516/2516
f 4320/4320/4320 3912/3912/3912 2516/2516/2516
f 3432/3432/3432 4051/4051/4051 3007/3007/3007
f 2310/2310/2310 4317/4317/4317 2309/2309/2309
f 3780/3780/3780 3451/3451/3451 2658/2658/2658
f 4304/4304/4304 3986/3986/3986 3030/3030/3030
f 2829/2829/2829 3473/3473/3473 3061/3061/3061
f 3014/3014/3014 3383/3383/3383 3793/3793/3793
f 3761/3761/3761 3721/3721/3721 4278/4278/4278
f 2262/2262/2262 2402/2402/2402 3477/3477/3477
f 3010/3010/3010 3477/3477/3477 2402/2402/2402
f 3993/3993/3993 3756/3756/3756 4091/4091/4091
f 3417/3417/3417 3992/3992/3992 3758/3758/3758
f 4222/4222/4222 2982/2982/2982 4135/4135/4135
f 4230/4230/4230 3923/3923/3923 2736/2736/2736
f 2856/2856/2856 2864/2864/2864 2618/2618/2618
f 2976/2976/2976 3113/3113/3113 2864/2864/2864
f 3897/3897/3897 3503/3503/3503 2388/2388/2388
f 3987/3987/3987 3032/3032/3032 3451/3451/3451
f 3086/3086/3086 3544/3544/3544 3342/3342/3342
f 3534/3534/3534 3573/3573/3573 4082/4082/4082
f 3165/3165/3165 2621/2621/2621 2485/2485/2485
f 3438/3438/3438 4257/4257/4257 2682/2682/2682
f 2624/2624/2624 3700/3700/3700 2776/2776/2776
f 3046/3046/3046 3163/3163/3163 4273/4273/4273
f 2870/2870/2870 3790/3790/3790 3715/3715/3715
f 3266/3266/3266 2742/2742/2742 4296/4296/4296
f 3968/3968/3968 3457/3457/3457 3196/3196/3196
f 4264/4264/4264 3655/3655/3655 3840/3840/3840
f 3980/3980/3980 3809/3809/3809 4240/4240/4240
f 4108/4108/4108 3378/3378/3378 3874/3874/3874
f 3480/3480/3480 2732/2732/2732 4176/4176/4176
f 3773/3773/3773 2518/2518/2518 3331/3331/3331
f 3200/3200/3200 2868/2868/2868 2808/2808/2808
f 2808/2808/2808 3102/3102/3102 4207/4207/4207
f 3061/3061/3061 3384/3384/3384 3521/3521/3521
f 3182/3182/3182 3701/3701/3701 3546/3546/3546
f 2926/2926/2926 3422/3422/3422 3079/3079/3079
f 3073/3073/3073 3002/3002/3002 3267/3267/3267
f 2951/2951/2951 4307/4307/4307 3988/3988/3988
f 4291/4291/4291 2776/2776/2776 3700/3700/3700
f 4081/4081/4081 4244/4244/4244 4187/4187/4187
f 3458/3458/3458 3638/3638/3638 2574/2574/2574
f 3336/3336/3336 3166/3166/3166 2779/2779/2779
f 2233/2233/2233 2234/2234/2234 3562/3562/3562
f 3491/3491/3491 4330/4330/4330 2971/2971/2971
f 3980/3980/3980 3294/3294/3294 3809/3809/3809
f 4304/4304/4304 4039/4039/4039 3986/3986/3986
f 2804/2804/2804 4348/4348/4348 2679/2679/2679
f 3978/3978/3978 3400/3400/3400 2689/2689/2689
f 4195/4195/4195 3119/3119/3119 3121/3121/3121
f 4159/4159/4159 3926/3926/3926 3789/3789/3789
f 3740/3740/3740 3858/3858/3858 3027/3027/3027
f 3129/3129/3129 2421/2421/2421 3504/3504/3504
f 3248/3248/3248 3918/3918/3918 3545/3545/3545
f 3296/3296/3296 4201/4201/4201 3713/3713/3713
f 2830/2830/2830 2662/2662/2662 3744/3744/3744
f 2941/2941/2941 2578/2578/2578 4153/4153/4153
f 3583/3583/3583 3309/3309/3309 3452/3452/3452
f 3192/3192/3192 3465/3465/3465 3645/3645/3645
f 3465/3465/3465 3192/3192/3192 3071/3071/3071
f 3874/3874/3874 3482/3482/3482 3755/3755/3755
f 2356/2356/2356 2357/2357/2357 3136/3136/3136
f 3627/3627/3627 2417/2417/2417 2885/2885/2885
f 3892/3892/3892 3188/3188/3188 3624/3624/3624
f 2395/2395/2395 2412/2412/2412 2716/2716/2716
f 3707/3707/3707 2921/2921/2921 3348/3348/3348
f 3590/3590/3590 2596/2596/2596 4060/4060/4060
f 3259/3259/3259 3737/3737/3737 4073/4073/4073
f 3652/3652/3652 3677/3677/3677 4100/4100/4100
f 3468/3468/3468 3087/3087/3087 2931/2931/2931
f 3630/3630/3630 3831/3831/3831 2426/2426/2426
f 3536/3536/3536 3381/3381/3381 4008/4008/4008
f 2993/2993/2993 2468/2468/2468 3762/3762/3762
f 2623/2623/2623 3845/3845/3845 4127/4127/4127
f 3264/3264/3264 3629/3629/3629 4360/4360/4360
f 4294/4294/4294 3019/3019/3019 3234/3234/3234
f 2955/2955/2955 2570/2570/2570 4026/4026/4026
f 3476/3476/3476 3060/3060/3060 3178/3178/3178
f 2703/2703/2703 3785/3785/3785 3258/3258/3258
f 4158/4158/4158 3279/3279/3279 3890/3890/3890
f 3165/3165/3165 3433/3433/3433 4067/4067/4067
f 2564/2564/2564 3020/3020/3020 4131/4131/4131
f 2820/2820/2820 3786/3786/3786 3391/3391/3391
f 3587/3587/3587 2983/2983/2983 4293/4293/4293
f 3392/3392/3392 3611/3611/3611 3240/3240/3240
f 3499/3499/3499 3619/3619/3619 2812/2812/2812
f 4065/4065/4065 3973/3973/3973 3470/3470/3470
f 2949/2949/2949 3472/3472/3472 3608/3608/3608
f 3412/3412/3412 4077/4077/4077 3805/3805/3805
f 2392/2392/2392 3313/3313/3313 2754/2754/2754
f 3580/3580/3580 2886/2886/2886 3483/3483/3483
f 4292/4292/4292 3885/3885/3885 2780/2780/2780
f 2566/2566/2566 3471/3471/3471 3173/3173/3173
f 2878/2878/2878 2509/2509/2509 3072/3072/3072
f 2621/2621/2621 3498/3498/3498 3635/3635/3635
f 3227/3227/3227 3056/3056/3056 3965/3965/3965
f 3674/3674/3674 4011/4011/4011 4254/4254/4254
f 2645/2645/2645 3001/3001/3001 4223/4223/4223
f 4333/4333/4333 3238/3238/3238 4056/4056/4056
f 3923/3923/3923 3806/3806/3806 3672/3672/3672
f 2726/2726/2726 3156/3156/3156 2988/2988/2988
f 4195/4195/4195 3121/3121/3121 3574/3574/3574
f 2575/2575/2575 3157/3157/3157 3641/3641/3641
f 2955/2955/2955 2557/2557/2557 3783/3783/3783
f 3005/3005/3005 3209/3209/3209 4088/4088/4088
f 2487/2487/2487 2507/2507/2507 4331/4331/4331
f 3401/3401/3401 3644/3644/3644 3186/3186/3186
f 4152/4152/4152 3759/3759/3759 3699/3699/3699
f 3184/3184/3184 3279/3279/3279 4128/4128/4128
f 3849/3849/3849 3658/3658/3658 3342/3342/3342
f 2954/2954/2954 2589/2589/2589 3364/3364/3364
f 2589/2589/2589 4120/4120/4120 3364/3364/3364
f 2685/2685/2685 3509/3509/3509 4288/4288/4288
f 4101/4101/4101 2276/2276/2276 4142/4142/4142
f 4334/4334/4334 2893/2893/2893 2888/2888/2888
f 2552/2552/2552 3075/3075/3075 3645/3645/3645
f 2675/2675/2675 4213/4213/4213 4333/4333/4333
f 2315/2315/2315 3180/3180/3180 3502/3502/3502
f 3572/3572/3572 3938/3938/3938 2239/2239/2239
f 3958/3958/3958 4200/4200/4200 2802/2802/2802
f 3336/3336/3336 3428/3428/3428 2513/2513/2513
f 3813/3813/3813 4298/4298/4298 4099/4099/4099
f 3008/3008/3008 2984/2984/2984 2582/2582/2582
f 3158/3158/3158 3557/3557/3557 3102/3102/3102
f 2513/2513/2513 3653/3653/3653 3336/3336/3336
f 4292/4292/4292 2515/2515/2515 2432/2432/2432
f 2891/2891/2891 2943/2943/2943 3842/3842/3842
f 4339/4339/4339 2414/2414/2414 2398/2398/2398
f 3336/3336/3336 2503/2503/2503 2540/2540/2540
f 2765/2765/2765 2229/2229/2229 2230/2230/2230
f 3111/3111/3111 2377/2377/2377 4255/4255/4255
f 3391/3391/3391 3322/3322/3322 4224/4224/4224
f 2754/2754/2754 3313/3313/3313 2726/2726/2726
f 3400/3400/3400 2640/2640/2640 2788/2788/2788
f 3610/3610/3610 3425/3425/3425 3469/3469/3469
f 3556/3556/3556 3308/3308/3308 4030/4030/4030
f 2803/2803/2803 2475/2475/2475 2513/2513/2513
f 3335/3335/3335 2872/2872/2872 3984/3984/3984
f 2268/2268/2268 2508/2508/2508 2267/2267/2267
f 3196/3196/3196 2257/2257/2257 3968/3968/3968
f 4000/4000/4000 2451/2451/2451 3578/3578/3578
f 2661/2661/2661 3607/3607/3607 3714/3714/3714
f 3178/3178/3178 3060/3060/3060 3727/3727/3727
f 4184/4184/4184 2511/2511/2511 2723/2723/2723
f 3235/3235/3235 3429/3429/3429 4334/4334/4334
f 3363/3363/3363 4111/4111/4111 4232/4232/4232
f 2987/2987/2987 3248/3248/3248 3110/3110/3110
f 3457/3457/3457 2923/2923/2923 3015/3015/3015
f 4225/4225/4225 3261/3261/3261 3866/3866/3866
f 3710/3710/3710 3581/3581/3581 3664/3664/3664
f 2822/2822/2822 2686/2686/2686 2438/2438/2438
f 2733/2733/2733 4358/4358/4358 2442/2442/2442
f 3871/3871/3871 2464/2464/2464 3042/3042/3042
f 3162/3162/3162 4183/4183/4183 3634/3634/3634
f 2413/2413/2413 2945/2945/2945 3970/3970/3970
f 2630/2630/2630 4284/4284/4284 4287/4287/4287
f 3934/3934/3934 4158/4158/4158 3031/3031/3031
f 2938/2938/2938 3628/3628/3628 2684/2684/2684
f 3442/3442/3442 3555/3555/3555 3947/3947/3947
f 2715/2715/2715 3537/3537/3537 2863/2863/2863
f 4256/4256/4256 2605/2605/2605 3995/3995/3995
f 3276/3276/3276 3228/3228/3228 3038/3038/3038
f 2991/2991/2991 2493/2493/2493 2492/2492/2492
f 3179/3179/3179 3823/3823/3823 2987/2987/2987
f 3843/3843/3843 3928/3928/3928 3812/3812/3812
f 3699/3699/3699 2519/2519/2519 4175/4175/4175
f 2669/2669/2669 3599/3599/3599 2547/2547/2547
f 2988/2988/2988 3342/3342/3342 3944/3944/3944
f 3920/3920/3920 3133/3133/3133 3462/3462/3462
f 3709/3709/3709 3895/3895/3895 2807/2807/2807
f 2782/2782/2782 2658/2658/2658 2436/2436/2436
f 2384/2384/2384 3323/3323/3323 3134/3134/3134
f 2986/2986/2986 2708/2708/2708 3723/3723/3723
f 2519/2519/2519 2452/2452/2452 4175/4175/4175
f 3967/3967/3967 3441/3441/3441 3193/3193/3193
f 3410/3410/3410 3836/3836/3836 3370/3370/3370
f 3620/3620/3620 2214/2214/2214 2215/2215/2215
f 3518/3518/3518 4204/4204/4204 3548/3548/3548
f 4357/4357/4357 3656/3656/3656 2909/2909/2909
f 3063/3063/3063 3578/3578/3578 2451/2451/2451
f 3655/3655/3655 3353/3353/3353 3040/3040/3040
f 3931/3931/3931 2382/2382/2382 3184/3184/3184
f 3886/3886/3886 3505/3505/3505 3695/3695/3695
f 2598/2598/2598 3000/3000/3000 4338/4338/4338
f 2718/2718/2718 2597/2597/2597 3330/3330/3330
f 3339/3339/3339 3006/3006/3006 2700/2700/2700
f 4249/4249/4249 4174/4174/4174 4140/4140/4140
f 3420/3420/3420 3133/3133/3133 2756/2756/2756
f 3334/3334/3334 4087/4087/4087 2887/2887/2887
f 3005/3005/3005 4088/4088/4088 3189/3189/3189
f 2776/2776/2776 4291/4291/4291 3065/3065/3065
f 3368/3368/3368 4001/4001/4001 3841/3841/3841
f 3495/3495/3495 2891/2891/2891 3779/3779/3779
f 2678/2678/2678 3375/3375/3375 3529/3529/3529
f 2802/2802/2802 3396/3396/3396 3958/3958/3958
f 4160/4160/4160 3883/3883/3883 3798/3798/3798
f 2345/2345/2345 2346/2346/2346 4236/4236/4236
f 3719/3719/3719 3894/3894/3894 3995/3995/3995
f 3574/3574/3574 3121/3121/3121 2770/2770/2770
f 2788/2788/2788 2640/2640/2640 2727/2727/2727
f 3816/3816/3816 3454/3454/3454 3443/3443/3443
f 4060/4060/4060 4092/4092/4092 3764/3764/3764
f 3723/3723/3723 3024/3024/3024 2908/2908/2908
f 3903/3903/3903 2480/2480/2480 3009/3009/3009
f 2475/2475/2475 2702/2702/2702 3170/3170/3170
f 3266/3266/3266 2935/2935/2935 3215/3215/3215
f 3209/3209/3209 2794/2794/2794 2999/2999/2999
f 3227/3227/3227 3146/3146/3146 2433/2433/2433
f 3164/3164/3164 3662/3662/3662 2491/2491/2491
f 2443/2443/2443 3919/3919/3919 2429/2429/2429
f 4028/4028/4028 2506/2506/2506 2484/2484/2484
f 3336/3336/3336 3653/3653/3653 3166/3166/3166
f 2280/2280/2280 3687/3687/3687 3212/3212/3212
f 3338/3338/3338 3284/3284/3284 3232/3232/3232
f 2406/2406/2406 4062/4062/4062 4048/4048/4048
f 2732/2732/2732 3978/3978/3978 2689/2689/2689
f 3547/3547/3547 4242/4242/4242 4252/4252/4252
f 2363/2363/2363 2268/2268/2268 3421/3421/3421
f 3830/3830/3830 3652/3652/3652 4100/4100/4100
f 4245/4245/4245 2428/2428/2428 4167/4167/4167
f 4357/4357/4357 2909/2909/2909 4303/4303/4303
f 4285/4285/4285 2891/2891/2891 2919/2919/2919
f 2760/2760/2760 2599/2599/2599 3278/3278/3278
f 3001/3001/3001 4013/4013/4013 2784/2784/2784
f 3256/3256/3256 2535/2535/2535 4037/4037/4037
f 4196/4196/4196 3236/3236/3236 4152/4152/4152
f 2923/2923/2923 3457/3457/3457 3353/3353/3353
f 3847/3847/3847 3655/3655/3655 3040/3040/3040
f 4158/4158/4158 3934/3934/3934 3279/3279/3279
f 3542/3542/3542 2606/2606/2606 4348/4348/4348
f 3504/3504/3504 2421/2421/2421 4039/4039/4039
f 4158/4158/4158 3475/3475/3475 3367/3367/3367
f 2583/2583/2583 3922/3922/3922 3750/3750/3750
f 3292/3292/3292 4184/4184/4184 3724/3724/3724
f 3460/3460/3460 2524/2524/2524 2528/2528/2528
f 3079/3079/3079 3073/3073/3073 3990/3990/3990
f 2706/2706/2706 3489/3489/3489 3408/3408/3408
f 2828/2828/2828 3651/3651/3651 2767/2767/2767
f 3575/3575/3575 4177/4177/4177 2842/2842/2842
f 2602/2602/2602 3148/3148/3148 3182/3182/3182
f 2868/2868/2868 3200/3200/3200 2547/2547/2547
f 3542/3542/3542 3077/3077/3077 4148/4148/4148
f 3020/3020/3020 2564/2564/2564 3407/3407/3407
f 3057/3057/3057 3431/3431/3431 3262/3262/3262
f 3135/3135/3135 2814/2814/2814 2552/2552/2552
f 3241/3241/3241 3754/3754/3754 2546/2546/2546
f 4329/4329/4329 3329/3329/3329 3138/3138/3138
f 3229/3229/3229 3708/3708/3708 3348/3348/3348
f 2890/2890/2890 4306/4306/4306 3600/3600/3600
f 4089/4089/4089 2878/2878/2878 2488/2488/2488
f 2362/2362/2362 3349/3349/3349 2618/2618/2618
f 2662/2662/2662 3543/3543/3543 2415/2415/2415
f 3338/3338/3338 2278/2278/2278 2279/2279/2279
f 3133/3133/3133 3920/3920/3920 2756/2756/2756
f 4255/4255/4255 3417/3417/3417 3758/3758/3758
f 2877/2877/2877 3639/3639/3639 2422/2422/2422
f 3295/3295/3295 3164/3164/3164 4239/4239/4239
f 2592/2592/2592 2907/2907/2907 3987/3987/3987
f 2664/2664/2664 3795/3795/3795 3988/3988/3988
f 4225/4225/4225 3866/3866/3866 3022/3022/3022
f 4175/4175/4175 2647/2647/2647 2545/2545/2545
f 4355/4355/4355 2410/2410/2410 2562/2562/2562
f 2663/2663/2663 4098/4098/4098 4153/4153/4153
f 4009/4009/4009 2915/2915/2915 2453/2453/2453
f 3720/3720/3720 4353/4353/4353 4004/4004/4004
f 3985/3985/3985 3685/3685/3685 3969/3969/3969
f 2413/2413/2413 3970/3970/3970 2473/2473/2473
f 3779/3779/3779 3456/3456/3456 2393/2393/2393
f 3510/3510/3510 2303/2303/2303 2304/2304/2304
f 2384/2384/2384 3230/3230/3230 3323/3323/3323
f 2403/2403/2403 3665/3665/3665 3241/3241/3241
f 4097/4097/4097 3503/3503/3503 3897/3897/3897
f 4159/4159/4159 3702/3702/3702 3823/3823/3823
f 3921/3921/3921 3313/3313/3313 2392/2392/2392
f 4144/4144/4144 4349/4349/4349 3819/3819/3819
f 2915/2915/2915 3568/3568/3568 3556/3556/3556
f 4015/4015/4015 2809/2809/2809 3907/3907/3907
f 4015/4015/4015 3907/3907/3907 2316/2316/2316
f 2503/2503/2503 2716/2716/2716 4205/4205/4205
f 3999/3999/3999 2558/2558/2558 3979/3979/3979
f 3956/3956/3956 3910/3910/3910 3668/3668/3668
f 4354/4354/4354 3924/3924/3924 3972/3972/3972
f 2798/2798/2798 2781/2781/2781 3766/3766/3766
f 4267/4267/4267 4178/4178/4178 2888/2888/2888
f 4138/4138/4138 3066/3066/3066 3318/3318/3318
f 3115/3115/3115 4332/4332/4332 3962/3962/3962
f 2639/2639/2639 4216/4216/4216 4206/4206/4206
f 2617/2617/2617 2904/2904/2904 2550/2550/2550
f 3136/3136/3136 3250/3250/3250 2355/2355/2355
f 2857/2857/2857 2750/2750/2750 3101/3101/3101
f 2945/2945/2945 2413/2413/2413 3224/3224/3224
f 3359/3359/3359 2533/2533/2533 4202/4202/4202
f 3770/3770/3770 3668/3668/3668 3395/3395/3395
f 3992/3992/3992 3317/3317/3317 3975/3975/3975
f 3929/3929/3929 3894/3894/3894 3719/3719/3719
f 4093/4093/4093 2714/2714/2714 2825/2825/2825
f 3055/3055/3055 2822/2822/2822 3595/3595/3595
f 3007/3007/3007 4051/4051/4051 4107/4107/4107
f 4095/4095/4095 3500/3500/3500 4180/4180/4180
f 2948/2948/2948 3821/3821/3821 3593/3593/3593
f 2854/2854/2854 3310/3310/3310 2483/2483/2483
f 2694/2694/2694 3948/3948/3948 4243/4243/4243
f 3591/3591/3591 3907/3907/3907 2809/2809/2809
f 3090/3090/3090 2723/2723/2723 2511/2511/2511
f 2899/2899/2899 3132/3132/3132 3534/3534/3534
f 4158/4158/4158 3367/3367/3367 2950/2950/2950
f 4209/4209/4209 3326/3326/3326 4318/4318/4318
f 2589/2589/2589 4206/4206/4206 4120/4120/4120
f 3308/3308/3308 2917/2917/2917 4030/4030/4030
f 3142/3142/3142 4009/4009/4009 2453/2453/2453
f 2317/2317/2317 4015/4015/4015 2316/2316/2316
f 2695/2695/2695 4022/4022/4022 2319/2319/2319
f 3902/3902/3902 2458/2458/2458 3057/3057/3057
f 2728/2728/2728 3864/3864/3864 4336/4336/4336
f 3371/3371/3371 3059/3059/3059 2581/2581/2581
f 2983/2983/2983 2890/2890/2890 3991/3991/3991
f 4273/4273/4273 3269/3269/3269 3036/3036/3036
f 4344/4344/4344 3163/3163/3163 3401/3401/3401
f 4195/4195/4195 3666/3666/3666 3119/3119/3119
f 2833/2833/2833 2823/2823/2823 3050/3050/3050
f 2914/2914/2914 3570/3570/3570 2390/2390/2390
f 4134/4134/4134 3070/3070/3070 2704/2704/2704
f 3631/3631/3631 3974/3974/3974 2499/2499/2499
f 3998/3998/3998 4058/4058/4058 4177/4177/4177
f 3697/3697/3697 4150/4150/4150 3898/3898/3898
f 3926/3926/3926 3179/3179/3179 2973/2973/2973
f 3068/3068/3068 3286/3286/3286 2831/2831/2831
f 4208/4208/4208 3241/3241/3241 3264/3264/3264
f 3733/3733/3733 2739/2739/2739 2730/2730/2730
f 3961/3961/3961 3752/3752/3752 3670/3670/3670
f 3149/3149/3149 3472/3472/3472 2949/2949/2949
f 3803/3803/3803 2805/2805/2805 2972/2972/2972
f 2525/2525/2525 2458/2458/2458 2381/2381/2381
f 4283/4283/4283 2820/2820/2820 2466/2466/2466
f 4143/4143/4143 4001/4001/4001 3644/3644/3644
f 3693/3693/3693 3665/3665/3665 3228/3228/3228
f 4197/4197/4197 3111/3111/3111 4255/4255/4255
f 3831/3831/3831 2415/2415/2415 3231/3231/3231
f 3015/3015/3015 2923/2923/2923 2823/2823/2823
f 2644/2644/2644 3666/3666/3666 3047/3047/3047
f 3860/3860/3860 3366/3366/3366 3704/3704/3704
f 3665/3665/3665 3222/3222/3222 3228/3228/3228
f 4234/4234/4234 3560/3560/3560 3700/3700/3700
f 3247/3247/3247 2811/2811/2811 4229/4229/4229
f 4021/4021/4021 3711/3711/3711 3195/3195/3195
f 3215/3215/3215 2799/2799/2799 2742/2742/2742
f 3926/3926/3926 2973/2973/2973 3772/3772/3772
f 2270/2270/2270 3543/3543/3543 2830/2830/2830
f 2790/2790/2790 3063/3063/3063 2451/2451/2451
f 4021/4021/4021 2722/2722/2722 2655/2655/2655
f 3621/3621/3621 3388/3388/3388 2761/2761/2761
f 3068/3068/3068 2474/2474/2474 3746/3746/3746
f 4062/4062/4062 3678/3678/3678 4048/4048/4048
f 4203/4203/4203 4020/4020/4020 3516/3516/3516
f 4294/4294/4294 3238/3238/3238 2501/2501/2501
f 3302/3302/3302 3309/3309/3309 3583/3583/3583
f 3630/3630/3630 4323/4323/4323 3274/3274/3274
f 3523/3523/3523 3231/3231/3231 2273/2273/2273
f 3743/3743/3743 4045/4045/4045 3426/3426/3426
f 4236/4236/4236 3089/3089/3089 2611/2611/2611
f 3912/3912/3912 3649/3649/3649 3808/3808/3808
f 4210/4210/4210 3889/3889/3889 2850/2850/2850
f 2444/2444/2444 3084/3084/3084 3906/3906/3906
f 2577/2577/2577 2653/2653/2653 2845/2845/2845
f 3422/3422/3422 3073/3073/3073 3079/3079/3079
f 3537/3537/3537 3983/3983/3983 2807/2807/2807
f 3020/3020/3020 2595/2595/2595 4131/4131/4131
f 3498/3498/3498 3333/3333/3333 2874/2874/2874
f 4075/4075/4075 3380/3380/3380 3955/3955/3955
f 3784/3784/3784 2401/2401/2401 2215/2215/2215
f 3080/3080/3080 2846/2846/2846 3837/3837/3837
f 4055/4055/4055 3250/3250/3250 3324/3324/3324
f 4022/4022/4022 4018/4018/4018 2318/2318/2318
f 3276/3276/3276 2446/2446/2446 3693/3693/3693
f 3969/3969/3969 4155/4155/4155 3985/3985/3985
f 3029/3029/3029 3662/3662/3662 3011/3011/3011
f 3106/3106/3106 3830/3830/3830 3093/3093/3093
f 4064/4064/4064 3609/3609/3609 3764/3764/3764
f 2305/2305/2305 2810/2810/2810 2304/2304/2304
f 2592/2592/2592 3987/3987/3987 3451/3451/3451
f 4146/4146/4146 2774/2774/2774 3744/3744/3744
f 3946/3946/3946 3301/3301/3301 2665/2665/2665
f 3206/3206/3206 3157/3157/3157 2575/2575/2575
f 2722/2722/2722 3804/3804/3804 2655/2655/2655
f 2828/2828/2828 2919/2919/2919 3651/3651/3651
f 3374/3374/3374 3479/3479/3479 2416/2416/2416
f 2829/2829/2829 3521/3521/3521 3357/3357/3357
f 3442/3442/3442 2793/2793/2793 3811/3811/3811
f 2971/2971/2971 2601/2601/2601 3734/3734/3734
f 2826/2826/2826 3106/3106/3106 3273/3273/3273
f 2712/2712/2712 3148/3148/3148 2602/2602/2602
f 3425/3425/3425 3185/3185/3185 2906/2906/2906
f 3447/3447/3447 3182/3182/3182 3546/3546/3546
f 2659/2659/2659 3848/3848/3848 2946/2946/2946
f 4264/4264/4264 3840/3840/3840 3680/3680/3680
f 4159/4159/4159 3823/3823/3823 3179/3179/3179
f 3123/3123/3123 2467/2467/2467 4031/4031/4031
f 3734/3734/3734 4318/4318/4318 2971/2971/2971
f 4047/4047/4047 3868/3868/3868 3327/3327/3327
f 3490/3490/3490 3717/3717/3717 2749/2749/2749
f 3749/3749/3749 3361/3361/3361 2481/2481/2481
f 2814/2814/2814 3075/3075/3075 2552/2552/2552
f 3158/3158/3158 4027/4027/4027 3557/3557/3557
f 2680/2680/2680 2921/2921/2921 3707/3707/3707
f 2587/2587/2587 3729/3729/3729 2741/2741/2741
f 4126/4126/4126 3868/3868/3868 2814/2814/2814
f 2715/2715/2715 2752/2752/2752 3983/3983/3983
f 3471/3471/3471 4163/4163/4163 3551/3551/3551
f 2446/2446/2446 2502/2502/2502 4047/4047/4047
f 3767/3767/3767 2418/2418/2418 3601/3601/3601
f 3446/3446/3446 4101/4101/4101 3113/3113/3113
f 2426/2426/2426 3523/3523/3523 4311/4311/4311
f 3311/3311/3311 4323/4323/4323 2976/2976/2976
f 4121/4121/4121 3109/3109/3109 3274/3274/3274
f 3086/3086/3086 3658/3658/3658 3563/3563/3563
f 3248/3248/3248 2386/2386/2386 3110/3110/3110
f 2488/2488/2488 2939/2939/2939 2911/2911/2911
f 3387/3387/3387 3568/3568/3568 3260/3260/3260
f 2794/2794/2794 3005/3005/3005 2620/2620/2620
f 2817/2817/2817 3347/3347/3347 3213/3213/3213
f 2766/2766/2766 2399/2399/2399 2351/2351/2351
f 3888/3888/3888 2379/2379/2379 2918/2918/2918
f 3924/3924/3924 2737/2737/2737 2967/2967/2967
f 3494/3494/3494 3791/3791/3791 2493/2493/2493
f 4020/4020/4020 4203/4203/4203 2895/2895/2895
f 2251/2251/2251 3066/3066/3066 4117/4117/4117
f 2834/2834/2834 4344/4344/4344 3401/3401/3401
f 4326/4326/4326 3201/3201/3201 3060/3060/3060
f 4214/4214/4214 3896/3896/3896 3320/3320/3320
f 3865/3865/3865 3448/3448/3448 2792/2792/2792
f 3878/3878/3878 2835/2835/2835 2634/2634/2634
f 3336/3336/3336 2779/2779/2779 2503/2503/2503
f 4066/4066/4066 3162/3162/3162 3810/3810/3810
f 2818/2818/2818 2936/2936/2936 2964/2964/2964
f 4349/4349/4349 4144/4144/4144 2580/2580/2580
f 3494/3494/3494 3425/3425/3425 3610/3610/3610
f 2465/2465/2465 4221/4221/4221 3316/3316/3316
f 4270/4270/4270 3679/3679/3679 4055/4055/4055
f 3872/3872/3872 3017/3017/3017 3674/3674/3674
f 3571/3571/3571 3330/3330/3330 2597/2597/2597
f 2858/2858/2858 2438/2438/2438 3128/3128/3128
f 2799/2799/2799 3215/3215/3215 3627/3627/3627
f 3308/3308/3308 2489/2489/2489 2917/2917/2917
f 3994/3994/3994 3053/3053/3053 2436/2436/2436
f 4033/4033/4033 3632/3632/3632 2551/2551/2551
f 2583/2583/2583 2942/2942/2942 3922/3922/3922
f 2395/2395/2395 2409/2409/2409 2412/2412/2412
f 3329/3329/3329 2978/2978/2978 3138/3138/3138
f 2742/2742/2742 2478/2478/2478 3932/3932/3932
f 2597/2597/2597 3325/3325/3325 2935/2935/2935
f 2895/2895/2895 3673/3673/3673 3461/3461/3461
f 2881/2881/2881 2817/2817/2817 2815/2815/2815
f 3332/3332/3332 2283/2283/2283 2284/2284/2284
f 2556/2556/2556 2568/2568/2568 3687/3687/3687
f 4263/4263/4263 4172/4172/4172 3813/3813/3813
f 4199/4199/4199 3498/3498/3498 2874/2874/2874
f 2960/2960/2960 3103/3103/3103 3927/3927/3927
f 4127/4127/4127 4351/4351/4351 2845/2845/2845
f 4105/4105/4105 4345/4345/4345 4338/4338/4338
f 3280/3280/3280 2734/2734/2734 4120/4120/4120
f 2839/2839/2839 3229/3229/3229 2532/2532/2532
f 2997/2997/2997 3817/3817/3817 2746/2746/2746
f 2563/2563/2563 3433/3433/3433 2485/2485/2485
f 2948/2948/2948 3602/3602/3602 3463/3463/3463
f 3756/3756/3756 2424/2424/2424 4091/4091/4091
f 3405/3405/3405 4052/4052/4052 3418/3418/3418
f 3299/3299/3299 3694/3694/3694 3899/3899/3899
f 2901/2901/2901 2865/2865/2865 2744/2744/2744
f 2447/2447/2447 2707/2707/2707 4005/4005/4005
f 2848/2848/2848 4352/4352/4352 2975/2975/2975
f 3800/3800/3800 2938/2938/2938 3199/3199/3199
f 3109/3109/3109 4121/4121/4121 3014/3014/3014
f 2520/2520/2520 3213/3213/3213 4160/4160/4160
f 4305/4305/4305 3160/3160/3160 3099/3099/3099
f 3097/3097/3097 4171/4171/4171 2947/2947/2947
f 3684/3684/3684 2325/2325/2325 2326/2326/2326
f 2785/2785/2785 4045/4045/4045 3512/3512/3512
f 3884/3884/3884 3479/3479/3479 3044/3044/3044
f 2618/2618/2618 3349/3349/3349 2424/2424/2424
f 4242/4242/4242 3757/3757/3757 4252/4252/4252
f 4217/4217/4217 2411/2411/2411 2685/2685/2685
f 3129/3129/3129 3722/3722/3722 2368/2368/2368
f 2980/2980/2980 4017/4017/4017 3116/3116/3116
f 4095/4095/4095 2507/2507/2507 3189/3189/3189
f 3189/3189/3189 2507/2507/2507 2620/2620/2620
f 4257/4257/4257 3606/3606/3606 3960/3960/3960
f 2362/2362/2362 4142/4142/4142 3349/3349/3349
f 4201/4201/4201 3233/3233/3233 3810/3810/3810
f 3482/3482/3482 2349/2349/2349 2350/2350/2350
f 4162/4162/4162 2353/2353/2353 2354/2354/2354
f 4288/4288/4288 4217/4217/4217 2685/2685/2685
f 4218/4218/4218 2696/2696/2696 3302/3302/3302
f 2370/2370/2370 2479/2479/2479 3988/3988/3988
f 3953/3953/3953 3943/3943/3943 2607/2607/2607
f 2257/2257/2257 3196/3196/3196 2256/2256/2256
f 2253/2253/2253 2254/2254/2254 3041/3041/3041
f 2336/2336/2336 2952/2952/2952 2335/2335/2335
f 2636/2636/2636 2536/2536/2536 2330/2330/2330
f 3690/3690/3690 3783/3783/3783 2557/2557/2557
f 3278/3278/3278 2390/2390/2390 2722/2722/2722
f 3718/3718/3718 2590/2590/2590 4189/4189/4189
f 2372/2372/2372 2517/2517/2517 3350/3350/3350
f 2996/2996/2996 3989/3989/3989 2455/2455/2455
f 3039/3039/3039 2547/2547/2547 3200/3200/3200
f 2681/2681/2681 3528/3528/3528 4077/4077/4077
f 4173/4173/4173 3458/3458/3458 3127/3127/3127
f 4303/4303/4303 3837/3837/3837 4094/4094/4094
f 4075/4075/4075 3955/3955/3955 3779/3779/3779
f 2903/2903/2903 4287/4287/4287 3052/3052/3052
f 3195/3195/3195 3087/3087/3087 3578/3578/3578
f 4100/4100/4100 2783/2783/2783 2720/2720/2720
f 4164/4164/4164 2806/2806/2806 3373/3373/3373
f 3820/3820/3820 3021/3021/3021 4157/4157/4157
f 2789/2789/2789 2656/2656/2656 3112/3112/3112
f 3487/3487/3487 3612/3612/3612 4235/4235/4235
f 2633/2633/2633 3117/3117/3117 2664/2664/2664
f 4000/4000/4000 2937/2937/2937 3698/3698/3698
f 3170/3170/3170 3096/3096/3096 2924/2924/2924
f 4159/4159/4159 3789/3789/3789 3099/3099/3099
f 2703/2703/2703 3873/3873/3873 4082/4082/4082
f 3416/3416/3416 3814/3814/3814 3082/3082/3082
f 2708/2708/2708 3366/3366/3366 3207/3207/3207
f 3423/3423/3423 2500/2500/2500 3963/3963/3963
f 3448/3448/3448 3214/3214/3214 2774/2774/2774
f 4315/4315/4315 2627/2627/2627 4164/4164/4164
f 2798/2798/2798 2772/2772/2772 3406/3406/3406
f 2875/2875/2875 3049/3049/3049 3850/3850/3850
f 3512/3512/3512 2843/2843/2843 2366/2366/2366
f 4135/4135/4135 2739/2739/2739 3733/3733/3733
f 3643/3643/3643 2549/2549/2549 2730/2730/2730
f 2554/2554/2554 2448/2448/2448 3503/3503/3503
f 2580/2580/2580 4040/4040/4040 4226/4226/4226
f 2494/2494/2494 3328/3328/3328 3091/3091/3091
f 3105/3105/3105 2918/2918/2918 4335/4335/4335
f 3034/3034/3034 3749/3749/3749 2481/2481/2481
f 3235/3235/3235 4334/4334/4334 2888/2888/2888
f 3085/3085/3085 2517/2517/2517 2372/2372/2372
f 2562/2562/2562 2410/2410/2410 3488/3488/3488
f 4072/4072/4072 3715/3715/3715 3790/3790/3790
f 2645/2645/2645 3497/3497/3497 3829/3829/3829
f 3900/3900/3900 3747/3747/3747 4181/4181/4181
f 4341/4341/4341 2728/2728/2728 4336/4336/4336
f 2638/2638/2638 3236/3236/3236 3909/3909/3909
f 3369/3369/3369 3316/3316/3316 2496/2496/2496
f 3888/3888/3888 3372/3372/3372 3783/3783/3783
f 3136/3136/3136 3514/3514/3514 3411/3411/3411
f 3185/3185/3185 2991/2991/2991 3722/3722/3722
f 2977/2977/2977 3187/3187/3187 3761/3761/3761
f 2832/2832/2832 3620/3620/3620 2401/2401/2401
f 3094/3094/3094 3360/3360/3360 2451/2451/2451
f 4259/4259/4259 3524/3524/3524 3956/3956/3956
f 3731/3731/3731 3913/3913/3913 2498/2498/2498
f 3632/3632/3632 2918/2918/2918 3105/3105/3105
f 2785/2785/2785 3564/3564/3564 3382/3382/3382
f 4008/4008/4008 3381/3381/3381 2775/2775/2775
f 3639/3639/3639 3604/3604/3604 3550/3550/3550
f 3508/3508/3508 3775/3775/3775 4272/4272/4272
f 3919/3919/3919 4079/4079/4079 3466/3466/3466
f 3939/3939/3939 4128/4128/4128 2643/2643/2643
f 3655/3655/3655 4264/4264/4264 3282/3282/3282
f 4107/4107/4107 4051/4051/4051 3455/3455/3455
f 3732/3732/3732 3304/3304/3304 2440/2440/2440
f 2882/2882/2882 2468/2468/2468 3387/3387/3387
f 4089/4089/4089 2488/2488/2488 3024/3024/3024
f 4100/4100/4100 3093/3093/3093 3830/3830/3830
f 3305/3305/3305 2879/2879/2879 3928/3928/3928
f 3320/3320/3320 2684/2684/2684 2838/2838/2838
f 3890/3890/3890 3279/3279/3279 2565/2565/2565
f 3961/3961/3961 3670/3670/3670 3575/3575/3575
f 3271/3271/3271 3676/3676/3676 2295/2295/2295
f 4179/4179/4179 3533/3533/3533 3155/3155/3155
f 2462/2462/2462 2696/2696/2696 4078/4078/4078
f 2739/2739/2739 4135/4135/4135 2982/2982/2982
f 3079/3079/3079 3990/3990/3990 3225/3225/3225
f 3764/3764/3764 4092/4092/4092 4322/4322/4322
f 2886/2886/2886 3197/3197/3197 3483/3483/3483
f 3501/3501/3501 2374/2374/2374 2367/2367/2367
f 2674/2674/2674 3771/3771/3771 2374/2374/2374
f 3002/3002/3002 3422/3422/3422 2537/2537/2537
f 4058/4058/4058 3998/3998/3998 2737/2737/2737
f 3562/3562/3562 3940/3940/3940 2233/2233/2233
f 3146/3146/3146 3507/3507/3507 2433/2433/2433
f 4089/4089/4089 3314/3314/3314 2878/2878/2878
f 3305/3305/3305 3397/3397/3397 4237/4237/4237
f 4138/4138/4138 4117/4117/4117 3066/3066/3066
f 2508/2508/2508 2363/2363/2363 4319/4319/4319
f 3048/3048/3048 3589/3589/3589 2633/2633/2633
f 4229/4229/4229 2811/2811/2811 2772/2772/2772
f 3385/3385/3385 2382/2382/2382 3145/3145/3145
f 3658/3658/3658 3849/3849/3849 3242/3242/3242
f 3897/3897/3897 2711/2711/2711 3281/3281/3281
f 3354/3354/3354 3399/3399/3399 2690/2690/2690
f 2600/2600/2600 3167/3167/3167 2764/2764/2764
f 4226/4226/4226 4040/4040/4040 2581/2581/2581
f 2724/2724/2724 3466/3466/3466 3839/3839/3839
f 3431/3431/3431 3057/3057/3057 3077/3077/3077
f 4331/4331/4331 2507/2507/2507 4095/4095/4095
f 2677/2677/2677 3747/3747/3747 3742/3742/3742
f 4228/4228/4228 3317/3317/3317 3992/3992/3992
f 3802/3802/3802 4010/4010/4010 3538/3538/3538
f 2798/2798/2798 3368/3368/3368 2781/2781/2781
f 2396/2396/2396 2337/2337/2337 3253/3253/3253
f 2870/2870/2870 3497/3497/3497 3217/3217/3217
f 2912/2912/2912 2520/2520/2520 4160/4160/4160
f 4090/4090/4090 3663/3663/3663 3067/3067/3067
f 3216/3216/3216 3067/3067/3067 2590/2590/2590
f 4244/4244/4244 4081/4081/4081 3508/3508/3508
f 2746/2746/2746 3653/3653/3653 2475/2475/2475
f 4353/4353/4353 2982/2982/2982 4222/4222/4222
f 3705/3705/3705 2876/2876/2876 2805/2805/2805
f 2699/2699/2699 2641/2641/2641 3194/3194/3194
f 2637/2637/2637 3350/3350/3350 3640/3640/3640
f 2980/2980/2980 3908/3908/3908 3315/3315/3315
f 4251/4251/4251 2861/2861/2861 4301/4301/4301
f 3879/3879/3879 3993/3993/3993 4091/4091/4091
f 3390/3390/3390 2949/2949/2949 4065/4065/4065
f 3668/3668/3668 3414/3414/3414 3252/3252/3252
f 3670/3670/3670 3470/3470/3470 3973/3973/3973
f 4070/4070/4070 2688/2688/2688 3728/3728/3728
f 4355/4355/4355 4316/4316/4316 3937/3937/3937
f 3568/3568/3568 3387/3387/3387 2468/2468/2468
f 3566/3566/3566 4127/4127/4127 2364/2364/2364
f 3879/3879/3879 3124/3124/3124 2649/2649/2649
f 4310/4310/4310 3770/3770/3770 3395/3395/3395
f 2291/2291/2291 2469/2469/2469 2290/2290/2290
f 2748/2748/2748 3861/3861/3861 2646/2646/2646
f 3029/3029/3029 3419/3419/3419 3685/3685/3685
f 2736/2736/2736 2388/2388/2388 3018/3018/3018
f 4252/4252/4252 2877/2877/2877 2422/2422/2422
f 4012/4012/4012 2775/2775/2775 4010/4010/4010
f 2662/2662/2662 2415/2415/2415 3682/3682/3682
f 2263/2263/2263 2264/2264/2264 3398/3398/3398
f 3669/3669/3669 3709/3709/3709 4313/4313/4313
f 3519/3519/3519 4246/4246/4246 3501/3501/3501
f 4337/4337/4337 2747/2747/2747 2910/2910/2910
f 3130/3130/3130 3268/3268/3268 3104/3104/3104
f 3191/3191/3191 3870/3870/3870 2544/2544/2544
f 3449/3449/3449 2476/2476/2476 2553/2553/2553
f 3517/3517/3517 3583/3583/3583 3223/3223/3223
f 2855/2855/2855 3134/3134/3134 2462/2462/2462
f 2653/2653/2653 4043/4043/4043 2480/2480/2480
f 3867/3867/3867 3388/3388/3388 3273/3273/3273
f 3972/3972/3972 3924/3924/3924 2486/2486/2486
f 3974/3974/3974 2691/2691/2691 3748/3748/3748
f 2903/2903/2903 3052/3052/3052 2970/2970/2970
f 2515/2515/2515 4292/4292/4292 3642/3642/3642
f 2695/2695/2695 4123/4123/4123 3244/3244/3244
f 3481/3481/3481 2627/2627/2627 4315/4315/4315
f 2577/2577/2577 3950/3950/3950 4043/4043/4043
f 2993/2993/2993 3566/3566/3566 3613/3613/3613
f 2376/2376/2376 3788/3788/3788 4227/4227/4227
f 4331/4331/4331 4095/4095/4095 3122/3122/3122
f 2929/2929/2929 3857/3857/3857 3605/3605/3605
f 3954/3954/3954 3621/3621/3621 3081/3081/3081
f 3960/3960/3960 3606/3606/3606 2680/2680/2680
f 3056/3056/3056 3376/3376/3376 3965/3965/3965
f 3640/3640/3640 3350/3350/3350 4162/4162/4162
f 3874/3874/3874 3378/3378/3378 3482/3482/3482
f 2992/2992/2992 2624/2624/2624 2776/2776/2776
f 2994/2994/2994 3343/3343/3343 3435/3435/3435
f 2728/2728/2728 3661/3661/3661 3864/3864/3864
f 2530/2530/2530 2417/2417/2417 3930/3930/3930
f 2391/2391/2391 3257/3257/3257 2609/2609/2609
f 2418/2418/2418 4277/4277/4277 3601/3601/3601
f 2504/2504/2504 4238/4238/4238 2588/2588/2588
f 3126/3126/3126 2595/2595/2595 3020/3020/3020
f 2310/2310/2310 2311/2311/2311 2907/2907/2907
f 4277/4277/4277 4182/4182/4182 3601/3601/3601
f 2651/2651/2651 3073/3073/3073 3267/3267/3267
f 2374/2374/2374 2851/2851/2851 2369/2369/2369
f 2499/2499/2499 2299/2299/2299 3410/3410/3410
f 4116/4116/4116 3288/3288/3288 4359/4359/4359
f 2677/2677/2677 3365/3365/3365 2594/2594/2594
f 3844/3844/3844 3927/3927/3927 3006/3006/3006
f 4045/4045/4045 3443/3443/3443 3454/3454/3454
f 2799/2799/2799 2478/2478/2478 2742/2742/2742
f 3943/3943/3943 2604/2604/2604 2607/2607/2607
f 3482/3482/3482 2350/2350/2350 2399/2399/2399
f 3170/3170/3170 2746/2746/2746 2475/2475/2475
f 4280/4280/4280 2515/2515/2515 3642/3642/3642
f 3800/3800/3800 3539/3539/3539 3628/3628/3628
f 2275/2275/2275 3446/3446/3446 2274/2274/2274
f 2777/2777/2777 4036/4036/4036 3856/3856/3856
f 3603/3603/3603 2439/2439/2439 4145/4145/4145
f 2774/2774/2774 3214/3214/3214 3744/3744/3744
f 2864/2864/2864 2362/2362/2362 2618/2618/2618
f 2789/2789/2789 3581/3581/3581 3710/3710/3710
f 3288/3288/3288 2771/2771/2771 2862/2862/2862
f 4276/4276/4276 3463/3463/3463 3602/3602/3602
f 3150/3150/3150 2889/2889/2889 4020/4020/4020
f 4294/4294/4294 3234/3234/3234 2419/2419/2419
f 2307/2307/2307 3646/3646/3646 4188/4188/4188
f 3283/3283/3283 2696/2696/2696 4218/4218/4218
f 4269/4269/4269 3814/3814/3814 2435/2435/2435
f 4029/4029/4029 3854/3854/3854 3576/3576/3576
f 3298/3298/3298 2393/2393/2393 3456/3456/3456
f 2865/2865/2865 2587/2587/2587 2744/2744/2744
f 2357/2357/2357 3514/3514/3514 3136/3136/3136
f 4125/4125/4125 3306/3306/3306 3621/3621/3621
f 3206/3206/3206 2668/2668/2668 3949/3949/3949
f 3251/3251/3251 3854/3854/3854 3356/3356/3356
f 3863/3863/3863 3489/3489/3489 2533/2533/2533
f 3010/3010/3010 2753/2753/2753 3898/3898/3898
f 2889/2889/2889 3150/3150/3150 3822/3822/3822
f 4248/4248/4248 3138/3138/3138 2532/2532/2532
f 3166/3166/3166 3340/3340/3340 2779/2779/2779
f 3911/3911/3911 2932/2932/2932 3863/3863/3863
f 4108/4108/4108 3827/3827/3827 3378/3378/3378
f 4333/4333/4333 2427/2427/2427 2675/2675/2675
f 2694/2694/2694 2457/2457/2457 2917/2917/2917
f 3025/3025/3025 2569/2569/2569 3353/3353/3353
f 3023/3023/3023 3821/3821/3821 3412/3412/3412
f 2830/2830/2830 3543/3543/3543 2662/2662/2662
f 3231/3231/3231 2272/2272/2272 2273/2273/2273
f 3337/3337/3337 2248/2248/2248 3331/3331/3331
f 4077/4077/4077 4059/4059/4059 2745/2745/2745
f 4284/4284/4284 3052/3052/3052 4287/4287/4287
f 4071/4071/4071 2680/2680/2680 3606/3606/3606
f 2996/2996/2996 2455/2455/2455 3851/3851/3851
f 4046/4046/4046 3090/3090/3090 2511/2511/2511
f 4079/4079/4079 2443/2443/2443 3674/3674/3674
f 4127/4127/4127 2845/2845/2845 2623/2623/2623
f 2840/2840/2840 3980/3980/3980 2846/2846/2846
f 3627/3627/3627 3325/3325/3325 3300/3300/3300
f 2434/2434/2434 2423/2423/2423 2227/2227/2227
f 3278/3278/3278 2722/2722/2722 2760/2760/2760
f 2818/2818/2818 2964/2964/2964 2591/2591/2591
f 2996/2996/2996 3851/3851/3851 3712/3712/3712
f 2441/2441/2441 2731/2731/2731 4058/4058/4058
f 3472/3472/3472 3592/3592/3592 2876/2876/2876
f 3623/3623/3623 3914/3914/3914 4154/4154/4154
f 4247/4247/4247 3123/3123/3123 3272/3272/3272
f 2477/2477/2477 2674/2674/2674 4116/4116/4116
f 4065/4065/4065 3225/3225/3225 2791/2791/2791
f 2449/2449/2449 2969/2969/2969 2608/2608/2608
f 3272/3272/3272 3859/3859/3859 3334/3334/3334
f 3234/3234/3234 3510/3510/3510 2304/2304/2304
f 4239/4239/4239 3164/3164/3164 4056/4056/4056
f 2830/2830/2830 3744/3744/3744 2610/2610/2610
f 3585/3585/3585 3934/3934/3934 3346/3346/3346
f 3180/3180/3180 2316/2316/2316 3907/3907/3907
f 2627/2627/2627 2555/2555/2555 2538/2538/2538
f 2823/2823/2823 2751/2751/2751 3015/3015/3015
f 3110/3110/3110 3962/3962/3962 2987/2987/2987
f 2866/2866/2866 4272/4272/4272 3790/3790/3790
f 2701/2701/2701 4172/4172/4172 2523/2523/2523
f 4355/4355/4355 3937/3937/3937 3759/3759/3759
f 3459/3459/3459 3760/3760/3760 2688/2688/2688
f 3563/3563/3563 3702/3702/3702 3086/3086/3086
f 3115/3115/3115 3028/3028/3028 2705/2705/2705
f 2627/2627/2627 3481/3481/3481 2555/2555/2555
f 4225/4225/4225 3022/3022/3022 2800/2800/2800
f 4258/4258/4258 2657/2657/2657 3169/3169/3169
f 3884/3884/3884 3044/3044/3044 3549/3549/3549
f 2423/2423/2423 3959/3959/3959 2226/2226/2226
f 3580/3580/3580 2432/2432/2432 2886/2886/2886
f 3306/3306/3306 4125/4125/4125 3812/3812/3812
f 3704/3704/3704 3954/3954/3954 3860/3860/3860
f 3485/3485/3485 2851/2851/2851 3394/3394/3394
f 3062/3062/3062 3499/3499/3499 2712/2712/2712
f 4345/4345/4345 4105/4105/4105 2639/2639/2639
f 3842/3842/3842 2943/2943/2943 3408/3408/3408
f 4355/4355/4355 3765/3765/3765 4316/4316/4316
f 4307/4307/4307 4093/4093/4093 4110/4110/4110
f 3091/3091/3091 3328/3328/3328 4034/4034/4034
f 2398/2398/2398 2414/2414/2414 3889/3889/3889
f 4189/4189/4189 3067/3067/3067 3663/3663/3663
f 3374/3374/3374 2416/2416/2416 3753/3753/3753
f 3759/3759/3759 4152/4152/4152 2410/2410/2410
f 3612/3612/3612 3487/3487/3487 4007/4007/4007
f 4209/4209/4209 3254/3254/3254 2858/2858/2858
f 2597/2597/2597 2935/2935/2935 3571/3571/3571
f 4301/4301/4301 2682/2682/2682 4257/4257/4257
f 3039/3039/3039 2837/2837/2837 4343/4343/4343
f 4109/4109/4109 2667/2667/2667 3558/3558/3558
f 4271/4271/4271 2383/2383/2383 2306/2306/2306
f 3309/3309/3309 3848/3848/3848 3452/3452/3452
f 4078/4078/4078 3603/3603/3603 2539/2539/2539
f 2828/2828/2828 4347/4347/4347 3718/3718/3718
f 2919/2919/2919 4136/4136/4136 4285/4285/4285
f 3147/3147/3147 3517/3517/3517 3469/3469/3469
f 3859/3859/3859 4074/4074/4074 4053/4053/4053
f 3224/3224/3224 2413/2413/2413 3216/3216/3216
f 3497/3497/3497 2645/2645/2645 3217/3217/3217
f 4067/4067/4067 3654/3654/3654 3203/3203/3203
f 2238/2238/2238 2239/2239/2239 3938/3938/3938
f 4010/4010/4010 2775/2775/2775 2537/2537/2537
f 3585/3585/3585 3279/3279/3279 3934/3934/3934
f 3951/3951/3951 3103/3103/3103 2960/2960/2960
f 3365/3365/3365 3799/3799/3799 2594/2594/2594
f 3519/3519/3519 3074/3074/3074 4246/4246/4246
f 4313/4313/4313 4124/4124/4124 2925/2925/2925
f 2405/2405/2405 3439/3439/3439 3032/3032/3032
f 3672/3672/3672 2758/2758/2758 3439/3439/3439
f 2459/2459/2459 3114/3114/3114 3310/3310/3310
f 3664/3664/3664 3581/3581/3581 4230/4230/4230
f 4158/4158/4158 2950/2950/2950 3031/3031/3031
f 3542/3542/3542 4328/4328/4328 2913/2913/2913
f 3181/3181/3181 3453/3453/3453 3565/3565/3565
f 2702/2702/2702 2630/2630/2630 3464/3464/3464
f 4145/4145/4145 4137/4137/4137 2539/2539/2539
f 3845/3845/3845 2623/2623/2623 2600/2600/2600
f 3203/3203/3203 3333/3333/3333 2621/2621/2621
f 2485/2485/2485 2621/2621/2621 3635/3635/3635
f 3729/3729/3729 3526/3526/3526 2741/2741/2741
f 3648/3648/3648 2790/2790/2790 4298/4298/4298
f 3541/3541/3541 2437/2437/2437 2665/2665/2665
f 3220/3220/3220 2665/2665/2665 3301/3301/3301
f 4309/4309/4309 3976/3976/3976 3519/3519/3519
f 3527/3527/3527 4056/4056/4056 4294/4294/4294
f 2558/2558/2558 3513/3513/3513 3979/3979/3979
f 3329/3329/3329 2506/2506/2506 4028/4028/4028
f 4003/4003/4003 2551/2551/2551 2735/2735/2735
f 2494/2494/2494 3091/3091/3091 3236/3236/3236
f 3017/3017/3017 3198/3198/3198 4096/4096/4096
f 2456/2456/2456 2824/2824/2824 4025/4025/4025
f 3251/3251/3251 3356/3356/3356 2768/2768/2768
f 2213/2213/2213 4314/4314/4314 3101/3101/3101
f 3153/3153/3153 3333/3333/3333 3203/3203/3203
f 3347/3347/3347 3404/3404/3404 3213/3213/3213
f 2769/2769/2769 3964/3964/3964 4166/4166/4166
f 4276/4276/4276 3602/3602/3602 3450/3450/3450
f 3147/3147/3147 3583/3583/3583 3517/3517/3517
f 3230/3230/3230 3712/3712/3712 3851/3851/3851
f 3043/3043/3043 3695/3695/3695 3505/3505/3505
f 3483/3483/3483 2224/2224/2224 3393/3393/3393
f 3288/3288/3288 2862/2862/2862 4359/4359/4359
f 2842/2842/2842 2731/2731/2731 2469/2469/2469
f 2467/2467/2467 3123/3123/3123 3899/3899/3899
f 3521/3521/3521 2829/2829/2829 3061/3061/3061
f 2573/2573/2573 2679/2679/2679 3357/3357/3357
f 3859/3859/3859 4053/4053/4053 3334/3334/3334
f 4317/4317/4317 2310/2310/2310 2592/2592/2592
f 2902/2902/2902 3493/3493/3493 2656/2656/2656
f 2267/2267/2267 2508/2508/2508 2985/2985/2985
f 3420/3420/3420 3604/3604/3604 3639/3639/3639
f 2651/2651/2651 2486/2486/2486 3990/3990/3990
f 2961/2961/2961 3966/3966/3966 3910/3910/3910
f 4302/4302/4302 4016/4016/4016 3013/3013/3013
f 3525/3525/3525 2576/2576/2576 3524/3524/3524
f 2743/2743/2743 2683/2683/2683 3826/3826/3826
f 2579/2579/2579 2796/2796/2796 3945/3945/3945
f 3059/3059/3059 2626/2626/2626 4024/4024/4024
f 3419/3419/3419 2902/2902/2902 4198/4198/4198
f 4262/4262/4262 3798/3798/3798 3883/3883/3883
f 3150/3150/3150 2849/2849/2849 3822/3822/3822
f 3932/3932/3932 2824/2824/2824 3829/3829/3829
f 3711/3711/3711 2678/2678/2678 2931/2931/2931
f 4308/4308/4308 4277/4277/4277 2729/2729/2729
f 3681/3681/3681 2854/2854/2854 2483/2483/2483
f 2409/2409/2409 2522/2522/2522 3577/3577/3577
f 3882/3882/3882 2848/2848/2848 2970/2970/2970
f 4188/4188/4188 4271/4271/4271 2307/2307/2307
f 3018/3018/3018 4230/4230/4230 2736/2736/2736
f 3720/3720/3720 4109/4109/4109 3558/3558/3558
f 3608/3608/3608 2367/2367/2367 2755/2755/2755
f 3099/3099/3099 3702/3702/3702 4159/4159/4159
f 4128/4128/4128 3585/3585/3585 2643/2643/2643
f 3612/3612/3612 2396/2396/2396 3253/3253/3253
f 3866/3866/3866 3481/3481/3481 3022/3022/3022
f 2851/2851/2851 3771/3771/3771 3394/3394/3394
f 3221/3221/3221 3346/3346/3346 4086/4086/4086
f 4116/4116/4116 2674/2674/2674 3501/3501/3501
f 4170/4170/4170 4124/4124/4124 2812/2812/2812
f 4010/4010/4010 2537/2537/2537 4300/4300/4300
f 2898/2898/2898 3069/3069/3069 2649/2649/2649
f 4076/4076/4076 2774/2774/2774 4146/4146/4146
f 2985/2985/2985 3800/3800/3800 2266/2266/2266
f 2632/2632/2632 4104/4104/4104 4166/4166/4166
f 3463/3463/3463 4276/4276/4276 2912/2912/2912
f 2941/2941/2941 3520/3520/3520 2521/2521/2521
f 2836/2836/2836 3547/3547/3547 4231/4231/4231
f 4157/4157/4157 3021/3021/3021 3904/3904/3904
f 4207/4207/4207 2827/2827/2827 3864/3864/3864
f 2622/2622/2622 4186/4186/4186 3214/3214/3214
f 4323/4323/4323 3630/3630/3630 2426/2426/2426
f 3160/3160/3160 3086/3086/3086 3702/3702/3702
f 3618/3618/3618 4048/4048/4048 2644/2644/2644
f 3342/3342/3342 3544/3544/3544 3944/3944/3944
f 3978/3978/3978 3480/3480/3480 3477/3477/3477
f 4288/4288/4288 2542/2542/2542 3946/3946/3946
f 3485/3485/3485 3394/3394/3394 4170/4170/4170
f 4183/4183/4183 2836/2836/2836 3634/3634/3634
f 2791/2791/2791 3973/3973/3973 4065/4065/4065
f 4284/4284/4284 2630/2630/2630 2702/2702/2702
f 3578/3578/3578 3087/3087/3087 4000/4000/4000
f 3728/3728/3728 2559/2559/2559 2940/2940/2940
f 2347/2347/2347 2348/2348/2348 3827/3827/3827
f 3828/3828/3828 4076/4076/4076 4146/4146/4146
f 4101/4101/4101 2362/2362/2362 2864/2864/2864
f 3712/3712/3712 2890/2890/2890 2983/2983/2983
f 4114/4114/4114 2946/2946/2946 3323/3323/3323
f 2650/2650/2650 2495/2495/2495 3026/3026/3026
f 4261/4261/4261 3143/3143/3143 2495/2495/2495
f 3828/3828/3828 3682/3682/3682 3594/3594/3594
f 2950/2950/2950 3379/3379/3379 3721/3721/3721
f 3013/3013/3013 2285/2285/2285 3246/3246/3246
f 3317/3317/3317 3861/3861/3861 3975/3975/3975
f 2793/2793/2793 3856/3856/3856 3811/3811/3811
f 3129/3129/3129 3947/3947/3947 4281/4281/4281
f 2502/2502/2502 2814/2814/2814 3868/3868/3868
f 4324/4324/4324 4031/4031/4031 2467/2467/2467
f 4050/4050/4050 3901/3901/3901 2847/2847/2847
f 2407/2407/2407 2470/2470/2470 3799/3799/3799
f 2957/2957/2957 3095/3095/3095 3193/3193/3193
f 2427/2427/2427 4333/4333/4333 4056/4056/4056
f 4256/4256/4256 2583/2583/2583 3003/3003/3003
f 4219/4219/4219 4129/4129/4129 3559/3559/3559
f 2324/2324/2324 3097/3097/3097 4032/4032/4032
f 3988/3988/3988 4307/4307/4307 2664/2664/2664
f 3239/3239/3239 3846/3846/3846 2541/2541/2541
f 4002/4002/4002 2824/2824/2824 2456/2456/2456
f 3151/3151/3151 3464/3464/3464 2630/2630/2630
f 2738/2738/2738 3229/3229/3229 2634/2634/2634
f 3255/3255/3255 3544/3544/3544 3160/3160/3160
f 3968/3968/3968 2257/2257/2257 2258/2258/2258
f 4286/4286/4286 4033/4033/4033 2551/2551/2551
f 3106/3106/3106 3605/3605/3605 3830/3830/3830
f 2822/2822/2822 3055/3055/3055 4133/4133/4133
f 3886/3886/3886 3880/3880/3880 3505/3505/3505
f 2993/2993/2993 3556/3556/3556 3568/3568/3568
f 4349/4349/4349 2580/2580/2580 4226/4226/4226
f 2911/2911/2911 2908/2908/2908 3024/3024/3024
f 3710/3710/3710 2626/2626/2626 3059/3059/3059
f 3071/3071/3071 3366/3366/3366 2708/2708/2708
f 4103/4103/4103 4089/4089/4089 2453/2453/2453
f 3043/3043/3043 3280/3280/3280 2550/2550/2550
f 2924/2924/2924 2997/2997/2997 2746/2746/2746
f 2943/2943/2943 2473/2473/2473 3408/3408/3408
f 3359/3359/3359 4094/4094/4094 3837/3837/3837
f 2718/2718/2718 2527/2527/2527 2597/2597/2597
f 3932/3932/3932 2478/2478/2478 2824/2824/2824
f 2408/2408/2408 3878/3878/3878 3358/3358/3358
f 4276/4276/4276 2815/2815/2815 2520/2520/2520
f 2977/2977/2977 3683/3683/3683 3187/3187/3187
f 3931/3931/3931 3145/3145/3145 2382/2382/2382
f 2378/2378/2378 3156/3156/3156 2717/2717/2717
f 2260/2260/2260 2261/2261/2261 3480/3480/3480
f 3525/3525/3525 2289/2289/2289 2576/2576/2576
f 3676/3676/3676 3271/3271/3271 3427/3427/3427
f 4258/4258/4258 3434/3434/3434 3294/3294/3294
f 4241/4241/4241 3514/3514/3514 2358/2358/2358
f 4272/4272/4272 4072/4072/4072 3790/3790/3790
f 2451/2451/2451 3360/3360/3360 2790/2790/2790
f 4118/4118/4118 3776/3776/3776 4021/4021/4021
f 3468/3468/3468 2937/2937/2937 3087/3087/3087
f 4024/4024/4024 2670/2670/2670 3914/3914/3914
f 2847/2847/2847 3076/3076/3076 2654/2654/2654
f 4352/4352/4352 2540/2540/2540 2975/2975/2975
f 3356/3356/3356 2673/2673/2673 2905/2905/2905
f 2902/2902/2902 3419/3419/3419 3029/3029/3029
f 3581/3581/3581 3806/3806/3806 3923/3923/3923
f 4185/4185/4185 3290/3290/3290 3582/3582/3582
f 2932/2932/2932 3298/3298/3298 3863/3863/3863
f 3134/3134/3134 2946/2946/2946 3848/3848/3848
f 2855/2855/2855 2384/2384/2384 3134/3134/3134
f 3033/3033/3033 3362/3362/3362 2844/2844/2844
f 4306/4306/4306 2890/2890/2890 3712/3712/3712
f 2454/2454/2454 3214/3214/3214 3448/3448/3448
f 2679/2679/2679 3403/3403/3403 2804/2804/2804
f 2635/2635/2635 3449/3449/3449 2841/2841/2841
f 3419/3419/3419 3402/3402/3402 3685/3685/3685
f 3033/3033/3033 2917/2917/2917 2489/2489/2489
f 2789/2789/2789 3112/3112/3112 3806/3806/3806
f 2864/2864/2864 2856/2856/2856 3311/3311/3311
f 2271/2271/2271 2272/2272/2272 2415/2415/2415
f 3343/3343/3343 2994/2994/2994 3004/3004/3004
f 2806/2806/2806 2627/2627/2627 2538/2538/2538
f 2599/2599/2599 3070/3070/3070 3154/3154/3154
f 2698/2698/2698 3355/3355/3355 3139/3139/3139
f 3180/3180/3180 2315/2315/2315 2316/2316/2316
f 3180/3180/3180 3530/3530/3530 3502/3502/3502
f 2771/2771/2771 3074/3074/3074 3440/3440/3440
f 2691/2691/2691 3671/3671/3671 2296/2296/2296
f 3593/3593/3593 3821/3821/3821 2632/2632/2632
f 4321/4321/4321 2243/2243/2243 4104/4104/4104
f 3713/3713/3713 3782/3782/3782 3069/3069/3069
f 3233/3233/3233 3296/3296/3296 2898/2898/2898
f 4133/4133/4133 3055/3055/3055 3561/3561/3561
f 4025/4025/4025 2824/2824/2824 2478/2478/2478
f 4208/4208/4208 3739/3739/3739 3034/3034/3034
f 3567/3567/3567 4024/4024/4024 3623/3623/3623
f 3259/3259/3259 4073/4073/4073 3846/3846/3846
f 2909/2909/2909 2375/2375/2375 4303/4303/4303
f 3494/3494/3494 2493/2493/2493 2991/2991/2991
f 2906/2906/2906 3185/3185/3185 3220/3220/3220
f 4088/4088/4088 3492/3492/3492 3500/3500/3500
f 4341/4341/4341 2861/2861/2861 3307/3307/3307
f 2591/2591/2591 3147/3147/3147 3469/3469/3469
f 2862/2862/2862 2863/2863/2863 4359/4359/4359
f 4164/4164/4164 2627/2627/2627 2806/2806/2806
f 4306/4306/4306 3042/3042/3042 3600/3600/3600
f 3708/3708/3708 3675/3675/3675 4035/4035/4035
f 3740/3740/3740 3027/3027/3027 3557/3557/3557
f 4218/4218/4218 3794/3794/3794 3283/3283/3283
f 2752/2752/2752 2715/2715/2715 3240/3240/3240
f 2437/2437/2437 3787/3787/3787 2725/2725/2725
f 3793/3793/3793 3069/3069/3069 3141/3141/3141
f 3443/3443/3443 4045/4045/4045 2785/2785/2785
f 2879/2879/2879 3730/3730/3730 3928/3928/3928
f 2574/2574/2574 3638/3638/3638 4061/4061/4061
f 4257/4257/4257 3438/3438/3438 3606/3606/3606
f 2484/2484/2484 2506/2506/2506 2522/2522/2522
f 3211/3211/3211 4263/4263/4263 3813/3813/3813
f 3974/3974/3974 3748/3748/3748 2499/2499/2499
f 2949/2949/2949 3225/3225/3225 4065/4065/4065
f 2599/2599/2599 3154/3154/3154 3278/3278/3278
f 2541/2541/2541 2916/2916/2916 3139/3139/3139
f 3243/3243/3243 3362/3362/3362 3173/3173/3173
f 3517/3517/3517 3223/3223/3223 3579/3579/3579
f 3147/3147/3147 2591/2591/2591 3351/3351/3351
f 3394/3394/3394 4124/4124/4124 4170/4170/4170
f 2445/2445/2445 3253/3253/3253 2338/2338/2338
f 3125/3125/3125 3065/3065/3065 3045/3045/3045
f 4125/4125/4125 4156/4156/4156 3812/3812/3812
f 2773/2773/2773 3308/3308/3308 3613/3613/3613
f 4321/4321/4321 3023/3023/3023 3805/3805/3805
f 4250/4250/4250 3847/3847/3847 3040/3040/3040
f 3569/3569/3569 3409/3409/3409 3321/3321/3321
f 3648/3648/3648 3813/3813/3813 4172/4172/4172
f 2653/2653/2653 2480/2480/2480 2600/2600/2600
f 3123/3123/3123 3859/3859/3859 3272/3272/3272
f 3951/3951/3951 3599/3599/3599 3403/3403/3403
f 4161/4161/4161 3492/3492/3492 4088/4088/4088
f 3010/3010/3010 3205/3205/3205 3477/3477/3477
f 2244/2244/2244 4104/4104/4104 2243/2243/2243
f 2860/2860/2860 2812/2812/2812 3619/3619/3619
f 3058/3058/3058 3802/3802/3802 3538/3538/3538
f 3290/3290/3290 3194/3194/3194 4204/4204/4204
f 3853/3853/3853 3194/3194/3194 3290/3290/3290
f 2601/2601/2601 2692/2692/2692 4245/4245/4245
f 2867/2867/2867 3743/3743/3743 3297/3297/3297
f 2283/2283/2283 3774/3774/3774 2282/2282/2282
f 2584/2584/2584 3741/3741/3741 2568/2568/2568
f 2878/2878/2878 3072/3072/3072 2939/2939/2939
f 3135/3135/3135 2652/2652/2652 4126/4126/4126
f 3204/3204/3204 2557/2557/2557 4219/4219/4219
f 3730/3730/3730 4130/4130/4130 3928/3928/3928
f 3512/3512/3512 3415/3415/3415 3564/3564/3564
f 4042/4042/4042 2570/2570/2570 3372/3372/3372
f 2487/2487/2487 3637/3637/3637 2808/2808/2808
f 4077/4077/4077 3528/3528/3528 4059/4059/4059
f 2718/2718/2718 2683/2683/2683 3386/3386/3386
f 2527/2527/2527 3325/3325/3325 2597/2597/2597
f 3385/3385/3385 2431/2431/2431 2938/2938/2938
f 2705/2705/2705 3028/3028/3028 3697/3697/3697
f 3767/3767/3767 3601/3601/3601 3502/3502/3502
f 2388/2388/2388 4102/4102/4102 3897/3897/3897
f 3296/3296/3296 3069/3069/3069 2898/2898/2898
f 4083/4083/4083 4231/4231/4231 3171/3171/3171
f 3967/3967/3967 3193/3193/3193 3095/3095/3095
f 4068/4068/4068 3974/3974/3974 3705/3705/3705
f 4029/4029/4029 3738/3738/3738 2673/2673/2673
f 2379/2379/2379 2346/2346/2346 3285/3285/3285
f 4309/4309/4309 2367/2367/2367 3608/3608/3608
f 3193/3193/3193 3441/3441/3441 2301/2301/2301
f 3509/3509/3509 2836/2836/2836 4211/4211/4211
f 3109/3109/3109 3014/3014/3014 2628/2628/2628
f 4301/4301/4301 4257/4257/4257 4165/4165/4165
f 4172/4172/4172 3245/3245/3245 3648/3648/3648
f 3796/3796/3796 2329/2329/2329 2536/2536/2536
f 3905/3905/3905 2471/2471/2471 2633/2633/2633
f 4337/4337/4337 4192/4192/4192 3122/3122/3122
f 2526/2526/2526 2470/2470/2470 2381/2381/2381
f 2968/2968/2968 3531/3531/3531 2514/2514/2514
f 2373/2373/2373 4275/4275/4275 2408/2408/2408
f 3782/3782/3782 3550/3550/3550 2628/2628/2628
f 4012/4012/4012 3802/3802/3802 4066/4066/4066
f 3350/3350/3350 2353/2353/2353 4162/4162/4162
f 2541/2541/2541 3139/3139/3139 3239/3239/3239
f 3202/3202/3202 3298/3298/3298 3456/3456/3456
f 3711/3711/3711 2655/2655/2655 2678/2678/2678
f 2903/2903/2903 3885/3885/3885 3959/3959/3959
f 3360/3360/3360 3094/3094/3094 3569/3569/3569
f 2930/2930/2930 3271/3271/3271 2295/2295/2295
f 3527/3527/3527 4294/4294/4294 2419/2419/2419
f 2516/2516/2516 3808/3808/3808 4344/4344/4344
f 3560/3560/3560 3048/3048/3048 2471/2471/2471
f 4115/4115/4115 4037/4037/4037 3397/3397/3397
f 4360/4360/4360 3629/3629/3629 2723/2723/2723
f 3586/3586/3586 3474/3474/3474 2383/2383/2383
f 4317/4317/4317 3451/3451/3451 3696/3696/3696
f 3395/3395/3395 2498/2498/2498 2953/2953/2953
f 2685/2685/2685 4242/4242/4242 3509/3509/3509
f 2790/2790/2790 3648/3648/3648 4118/4118/4118
f 3084/3084/3084 2444/2444/2444 3508/3508/3508
f 3222/3222/3222 4115/4115/4115 3228/3228/3228
f 3049/3049/3049 2875/2875/2875 2647/2647/2647
f 2284/2284/2284 2285/2285/2285 3013/3013/3013
f 3751/3751/3751 2953/2953/2953 3913/3913/3913
f 3249/3249/3249 4265/4265/4265 2894/2894/2894
f 3726/3726/3726 4185/4185/4185 3651/3651/3651
f 3922/3922/3922 3850/3850/3850 4320/4320/4320
f 2375/2375/2375 3837/3837/3837 4303/4303/4303
f 4287/4287/4287 2903/2903/2903 3959/3959/3959
f 2432/2432/2432 3615/3615/3615 2886/2886/2886
f 4071/4071/4071 3458/3458/3458 2574/2574/2574
f 2999/2999/2999 3056/3056/3056 4017/4017/4017
f 3997/3997/3997 2833/2833/2833 3050/3050/3050
f 2923/2923/2923 3353/3353/3353 3282/3282/3282
f 3202/3202/3202 3456/3456/3456 3408/3408/3408
f 2853/2853/2853 2375/2375/2375 4073/4073/4073
f 4206/4206/4206 2589/2589/2589 3718/3718/3718
f 2641/2641/2641 2832/2832/2832 2401/2401/2401
f 3500/3500/3500 3492/3492/3492 3404/3404/3404
f 3258/3258/3258 3926/3926/3926 3772/3772/3772
f 3047/3047/3047 3172/3172/3172 3921/3921/3921
f 3461/3461/3461 2406/2406/2406 2849/2849/2849
f 3807/3807/3807 4279/4279/4279 4357/4357/4357
f 3824/3824/3824 2944/2944/2944 3495/3495/3495
f 3941/3941/3941 3227/3227/3227 2433/2433/2433
f 2563/2563/2563 3938/3938/3938 3433/3433/3433
f 3059/3059/3059 3371/3371/3371 3710/3710/3710
f 3029/3029/3029 3011/3011/3011 3493/3493/3493
f 3970/3970/3970 3807/3807/3807 2706/2706/2706
f 2639/2639/2639 4206/4206/4206 4347/4347/4347
f 2312/2312/2312 2313/2313/2313 4182/4182/4182
f 4198/4198/4198 4040/4040/4040 2580/2580/2580
f 3437/3437/3437 2650/2650/2650 2531/2531/2531
f 3591/3591/3591 2512/2512/2512 3875/3875/3875
f 4131/4131/4131 2682/2682/2682 3788/3788/3788
f 3315/3315/3315 2719/2719/2719 3818/3818/3818
f 4152/4152/4152 3236/3236/3236 2638/2638/2638
f 4234/4234/4234 2624/2624/2624 2332/2332/2332
f 2961/2961/2961 3524/3524/3524 2576/2576/2576
f 3395/3395/3395 3668/3668/3668 3825/3825/3825
f 3322/3322/3322 2602/2602/2602 3794/3794/3794
f 3002/3002/3002 3381/3381/3381 3267/3267/3267
f 3676/3676/3676 2294/2294/2294 2295/2295/2295
f 3074/3074/3074 3976/3976/3976 3440/3440/3440
f 3390/3390/3390 4065/4065/4065 3470/3470/3470
f 4116/4116/4116 4069/4069/4069 2477/2477/2477
f 2854/2854/2854 3681/3681/3681 4102/4102/4102
f 3662/3662/3662 3295/3295/3295 2642/2642/2642
f 2813/2813/2813 4250/4250/4250 3303/3303/3303
f 3516/3516/3516 3692/3692/3692 4203/4203/4203
f 2376/2376/2376 3027/3027/3027 4274/4274/4274
f 3617/3617/3617 3436/3436/3436 3763/3763/3763
f 2593/2593/2593 2595/2595/2595 3126/3126/3126
f 3960/3960/3960 4165/4165/4165 4257/4257/4257
f 3961/3961/3961 2510/2510/2510 3752/3752/3752
f 2876/2876/2876 3705/3705/3705 2871/2871/2871
f 2615/2615/2615 3971/3971/3971 3735/3735/3735
f 3737/3737/3737 3641/3641/3641 3140/3140/3140
f 3265/3265/3265 3869/3869/3869 3997/3997/3997
f 2518/2518/2518 3614/3614/3614 3673/3673/3673
f 4029/4029/4029 2673/2673/2673 3854/3854/3854
f 4014/4014/4014 3837/3837/3837 2375/2375/2375
f 3659/3659/3659 3219/3219/3219 4049/4049/4049
f 4176/4176/4176 3981/3981/3981 2259/2259/2259
f 2650/2650/2650 3437/3437/3437 2989/2989/2989
f 3439/3439/3439 3532/3532/3532 3032/3032/3032
f 3446/3446/3446 3113/3113/3113 4311/4311/4311
f 4039/4039/4039 3092/3092/3092 3986/3986/3986
f 2880/2880/2880 2979/2979/2979 2643/2643/2643
f 3588/3588/3588 3630/3630/3630 2756/2756/2756
f 4123/4123/4123 2321/2321/2321 4267/4267/4267
f 3201/3201/3201 3905/3905/3905 2664/2664/2664
f 2626/2626/2626 2670/2670/2670 4024/4024/4024
f 4213/4213/4213 2675/2675/2675 3293/3293/3293
f 3218/3218/3218 2929/2929/2929 4130/4130/4130
f 3605/3605/3605 3106/3106/3106 2826/2826/2826
f 2762/2762/2762 3232/3232/3232 3284/3284/3284
f 3825/3825/3825 2498/2498/2498 3395/3395/3395
f 4021/4021/4021 2760/2760/2760 2722/2722/2722
f 2428/2428/2428 3971/3971/3971 2615/2615/2615
f 3486/3486/3486 3380/3380/3380 4075/4075/4075
f 2750/2750/2750 2360/2360/2360 2211/2211/2211
f 3089/3089/3089 3783/3783/3783 3690/3690/3690
f 4003/4003/4003 2735/2735/2735 2387/2387/2387
f 3864/3864/3864 2827/2827/2827 4336/4336/4336
f 4272/4272/4272 3775/3775/3775 4072/4072/4072
f 2889/2889/2889 3100/3100/3100 3516/3516/3516
f 3572/3572/3572 2239/2239/2239 2240/2240/2240
f 3046/3046/3046 3361/3361/3361 3749/3749/3749
f 3868/3868/3868 4126/4126/4126 2939/2939/2939
f 2786/2786/2786 3339/3339/3339 2700/2700/2700
f 4254/4254/4254 4084/4084/4084 3674/3674/3674
f 2873/2873/2873 2219/2219/2219 3933/3933/3933
f 2434/2434/2434 4287/4287/4287 2423/2423/2423
f 4239/4239/4239 3527/3527/3527 2419/2419/2419
f 2907/2907/2907 4220/4220/4220 3107/3107/3107
f 3104/3104/3104 3268/3268/3268 2770/2770/2770
f 2261/2261/2261 3477/3477/3477 3480/3480/3480
f 4216/4216/4216 3280/3280/3280 4206/4206/4206
f 3580/3580/3580 3885/3885/3885 4292/4292/4292
f 4034/4034/4034 3328/3328/3328 3995/3995/3995
f 4342/4342/4342 2850/2850/2850 2445/2445/2445
f 2331/2331/2331 2992/2992/2992 2330/2330/2330
f 3589/3589/3589 3117/3117/3117 2633/2633/2633
f 2275/2275/2275 2276/2276/2276 4101/4101/4101
f 2752/2752/2752 3191/3191/3191 2524/2524/2524
f 2788/2788/2788 2727/2727/2727 3545/3545/3545
f 3160/3160/3160 3544/3544/3544 3086/3086/3086
f 2816/2816/2816 2440/2440/2440 2613/2613/2613
f 2855/2855/2855 4078/4078/4078 2539/2539/2539
f 3977/3977/3977 3891/3891/3891 2896/2896/2896
f 3207/3207/3207 3366/3366/3366 2900/2900/2900
f 3670/3670/3670 3752/3752/3752 3470/3470/3470
f 3671/3671/3671 3271/3271/3271 2930/2930/2930
f 4274/4274/4274 3957/3957/3957 2934/2934/2934
f 3902/3902/3902 2763/2763/2763 2458/2458/2458
f 4023/4023/4023 2661/2661/2661 4187/4187/4187
f 3229/3229/3229 3348/3348/3348 2532/2532/2532
f 2228/2228/2228 3151/3151/3151 2434/2434/2434
f 3838/3838/3838 4067/4067/4067 3528/3528/3528
f 2696/2696/2696 2462/2462/2462 3302/3302/3302
f 2561/2561/2561 2460/2460/2460 3162/3162/3162
f 3370/3370/3370 3441/3441/3441 3967/3967/3967
f 2554/2554/2554 3263/3263/3263 2448/2448/2448
f 2668/2668/2668 2858/2858/2858 3949/3949/3949
f 3020/3020/3020 3407/3407/3407 2543/2543/2543
f 3983/3983/3983 3537/3537/3537 2715/2715/2715
f 2723/2723/2723 2609/2609/2609 3257/3257/3257
f 3604/3604/3604 3109/3109/3109 2628/2628/2628
f 3252/3252/3252 3413/3413/3413 3825/3825/3825
f 4023/4023/4023 2444/2444/2444 2523/2523/2523
f 2683/2683/2683 2743/2743/2743 4266/4266/4266
f 2608/2608/2608 2389/2389/2389 2449/2449/2449
f 4081/4081/4081 3852/3852/3852 3508/3508/3508
f 2548/2548/2548 3287/3287/3287 3571/3571/3571
f 2969/2969/2969 3839/3839/3839 2608/2608/2608
f 2337/2337/2337 2338/2338/2338 3253/3253/3253
f 2583/2583/2583 3750/3750/3750 3003/3003/3003
f 4147/4147/4147 3486/3486/3486 4075/4075/4075
f 3195/3195/3195 2931/2931/2931 3087/3087/3087
f 3725/3725/3725 2341/2341/2341 2572/2572/2572
f 2519/2519/2519 3699/3699/3699 3759/3759/3759
f 4004/4004/4004 2957/2957/2957 3510/3510/3510
f 3095/3095/3095 4222/4222/4222 3967/3967/3967
f 3523/3523/3523 2426/2426/2426 3831/3831/3831
f 3986/3986/3986 3092/3092/3092 4190/4190/4190
f 2526/2526/2526 2759/2759/2759 2594/2594/2594
f 2500/2500/2500 3598/3598/3598 3963/3963/3963
f 4047/4047/4047 2385/2385/2385 2446/2446/2446
f 2773/2773/2773 3613/3613/3613 2364/2364/2364
f 2319/2319/2319 2320/2320/2320 2695/2695/2695
f 2483/2483/2483 3437/3437/3437 3681/3681/3681
f 2918/2918/2918 3632/3632/3632 3888/3888/3888
f 2611/2611/2611 3690/3690/3690 4113/4113/4113
f 4265/4265/4265 3249/3249/3249 3548/3548/3548
f 2617/2617/2617 4105/4105/4105 3000/3000/3000
f 4307/4307/4307 4110/4110/4110 2664/2664/2664
f 4111/4111/4111 4093/4093/4093 2825/2825/2825
f 4219/4219/4219 2955/2955/2955 4129/4129/4129
f 4042/4042/4042 4033/4033/4033 3377/3377/3377
f 3017/3017/3017 3054/3054/3054 3198/3198/3198
f 3416/3416/3416 2364/2364/2364 3616/3616/3616
f 2366/2366/2366 2720/2720/2720 2783/2783/2783
f 4344/4344/4344 2834/2834/2834 2516/2516/2516
f 2961/2961/2961 2576/2576/2576 2469/2469/2469
f 2280/2280/2280 2281/2281/2281 3687/3687/3687
f 4322/4322/4322 4064/4064/4064 3764/3764/3764
f 4296/4296/4296 3478/3478/3478 3118/3118/3118
f 3095/3095/3095 4004/4004/4004 4222/4222/4222
f 3410/3410/3410 3370/3370/3370 2549/2549/2549
f 3736/3736/3736 2482/2482/2482 3137/3137/3137
f 2816/2816/2816 3198/3198/3198 3287/3287/3287
f 3892/3892/3892 2452/2452/2452 3652/3652/3652
f 2735/2735/2735 3105/3105/3105 2387/2387/2387
f 3888/3888/3888 3632/3632/3632 3372/3372/3372
f 4236/4236/4236 2346/2346/2346 2379/2379/2379
f 3085/3085/3085 3755/3755/3755 2517/2517/2517
f 3297/3297/3297 3949/3949/3949 3254/3254/3254
f 2768/2768/2768 3356/3356/3356 3824/3824/3824
f 2857/2857/2857 2359/2359/2359 2360/2360/2360
f 3645/3645/3645 3465/3465/3465 2552/2552/2552
f 2800/2800/2800 3022/3022/3022 3724/3724/3724
f 3714/3714/3714 2968/2968/2968 4187/4187/4187
f 3999/3999/3999 3957/3957/3957 3858/3858/3858
f 2281/2281/2281 2556/2556/2556 3687/3687/3687
f 2422/2422/2422 3550/3550/3550 3171/3171/3171
f 3573/3573/3573 3365/3365/3365 4082/4082/4082
f 3121/3121/3121 3104/3104/3104 2770/2770/2770
f 3012/3012/3012 2586/2586/2586 2615/2615/2615
f 3215/3215/3215 2935/2935/2935 3325/3325/3325
f 2565/2565/2565 3279/3279/3279 3184/3184/3184
f 3865/3865/3865 2792/2792/2792 3475/3475/3475
f 2547/2547/2547 3226/3226/3226 2868/2868/2868
f 4054/4054/4054 3873/3873/3873 3772/3772/3772
f 3038/3038/3038 3305/3305/3305 3645/3645/3645
f 4237/4237/4237 2879/2879/2879 3305/3305/3305
f 2754/2754/2754 2726/2726/2726 2420/2420/2420
f 3545/3545/3545 2386/2386/2386 3248/3248/3248
f 2296/2296/2296 2930/2930/2930 2295/2295/2295
f 2294/2294/2294 2510/2510/2510 3961/3961/3961
f 4208/4208/4208 4360/4360/4360 3739/3739/3739
f 3012/3012/3012 3735/3735/3735 2795/2795/2795
f 3781/3781/3781 3624/3624/3624 4233/4233/4233
f 3397/3397/3397 4037/4037/4037 4237/4237/4237
f 3966/3966/3966 2961/2961/2961 2469/2469/2469
f 3252/3252/3252 3414/3414/3414 3554/3554/3554
f 4290/4290/4290 3470/3470/3470 3752/3752/3752
f 3998/3998/3998 2967/2967/2967 2737/2737/2737
f 3372/3372/3372 4033/4033/4033 4042/4042/4042
f 3679/3679/3679 2637/2637/2637 3640/3640/3640
f 2385/2385/2385 3754/3754/3754 2446/2446/2446
f 2554/2554/2554 3503/3503/3503 4097/4097/4097
f 3827/3827/3827 3285/3285/3285 2347/2347/2347
f 2372/2372/2372 3753/3753/3753 3085/3085/3085
f 2660/2660/2660 3345/3345/3345 4228/4228/4228
f 3810/3810/3810 3162/3162/3162 3634/3634/3634
f 4319/4319/4319 2838/2838/2838 3539/3539/3539
f 3311/3311/3311 4121/4121/4121 4323/4323/4323
f 3069/3069/3069 3793/3793/3793 2649/2649/2649
f 3643/3643/3643 3533/3533/3533 2771/2771/2771
f 3781/3781/3781 3746/3746/3746 2474/2474/2474
f 4316/4316/4316 3564/3564/3564 3415/3415/3415
f 3012/3012/3012 2615/2615/2615 3735/3735/3735
f 3157/3157/3157 3454/3454/3454 3140/3140/3140
f 3379/3379/3379 2950/2950/2950 3367/3367/3367
f 4242/4242/4242 2685/2685/2685 4215/4215/4215
f 2582/2582/2582 2984/2984/2984 3977/3977/3977
f 3496/3496/3496 2659/2659/2659 2946/2946/2946
f 3102/3102/3102 2808/2808/2808 3158/3158/3158
f 3198/3198/3198 2816/2816/2816 2998/2998/2998
f 3529/3529/3529 2931/2931/2931 2678/2678/2678
f 3609/3609/3609 3355/3355/3355 2698/2698/2698
f 4237/4237/4237 4037/4037/4037 2821/2821/2821
f 2951/2951/2951 3612/3612/3612 4007/4007/4007
f 4046/4046/4046 3749/3749/3749 3034/3034/3034
f 4191/4191/4191 2690/2690/2690 3476/3476/3476
f 2391/2391/2391 2800/2800/2800 3257/3257/3257
f 4102/4102/4102 2711/2711/2711 3897/3897/3897
f 3878/3878/3878 2839/2839/2839 2978/2978/2978
f 3096/3096/3096 3768/3768/3768 2924/2924/2924
f 2894/2894/2894 2218/2218/2218 3249/3249/3249
f 2648/2648/2648 2832/2832/2832 3657/3657/3657
f 4228/4228/4228 3996/3996/3996 2660/2660/2660
f 3758/3758/3758 3975/3975/3975 4052/4052/4052
f 4313/4313/4313 3546/3546/3546 3701/3701/3701
f 2962/2962/2962 4010/4010/4010 4300/4300/4300
f 2732/2732/2732 3303/3303/3303 4176/4176/4176
f 2569/2569/2569 3025/3025/3025 3981/3981/3981
f 3997/3997/3997 2625/2625/2625 3678/3678/3678
f 3692/3692/3692 2769/2769/2769 4006/4006/4006
f 3731/3731/3731 2498/2498/2498 4212/4212/4212
f 4228/4228/4228 3741/3741/3741 3317/3317/3317
f 4120/4120/4120 3698/3698/3698 3364/3364/3364
f 3226/3226/3226 2869/2869/2869 4027/4027/4027
f 2661/2661/2661 4023/4023/4023 4263/4263/4263
f 2916/2916/2916 2733/2733/2733 3139/3139/3139
f 4345/4345/4345 4185/4185/4185 3582/3582/3582
f 3792/3792/3792 2463/2463/2463 3576/3576/3576
f 3531/3531/3531 2380/2380/2380 2514/2514/2514
f 2237/2237/2237 2563/2563/2563 4200/4200/4200
f 2840/2840/2840 2846/2846/2846 3080/3080/3080
f 3576/3576/3576 3183/3183/3183 3777/3777/3777
f 4294/4294/4294 4056/4056/4056 3238/3238/3238
f 4239/4239/4239 3474/3474/3474 3295/3295/3295
f 4256/4256/4256 3328/3328/3328 2942/2942/2942
f 2826/2826/2826 4295/4295/4295 2929/2929/2929
f 2672/2672/2672 2277/2277/2277 2278/2278/2278
f 3185/3185/3185 4289/4289/4289 3220/3220/3220
f 4129/4129/4129 4026/4026/4026 3444/3444/3444
f 3559/3559/3559 2414/2414/2414 4339/4339/4339
f 2699/2699/2699 3657/3657/3657 2832/2832/2832
f 2819/2819/2819 2472/2472/2472 2857/2857/2857
f 4027/4027/4027 2869/2869/2869 3706/3706/3706
f 4141/4141/4141 3555/3555/3555 3442/3442/3442
f 3993/3993/3993 3793/3793/3793 3383/3383/3383
f 2497/2497/2497 4197/4197/4197 4255/4255/4255
f 3031/3031/3031 3553/3553/3553 3346/3346/3346
f 3747/3747/3747 2759/2759/2759 4181/4181/4181
f 3957/3957/3957 3407/3407/3407 2934/2934/2934
f 2682/2682/2682 3289/3289/3289 3788/3788/3788
f 2431/2431/2431 2705/2705/2705 4140/4140/4140
f 3145/3145/3145 3931/3931/3931 4332/4332/4332
f 4254/4254/4254 4011/4011/4011 4019/4019/4019
f 4312/4312/4312 2613/2613/2613 4072/4072/4072
f 3391/3391/3391 2712/2712/2712 2602/2602/2602
f 4148/4148/4148 2883/2883/2883 4328/4328/4328
f 2857/2857/2857 3101/3101/3101 3689/3689/3689
f 4270/4270/4270 4122/4122/4122 3679/3679/3679
f 4124/4124/4124 2534/2534/2534 2812/2812/2812
f 4201/4201/4201 3296/3296/3296 3233/3233/3233
f 3983/3983/3983 2752/2752/2752 3584/3584/3584
f 2462/2462/2462 3309/3309/3309 3302/3302/3302
f 3247/3247/3247 3476/3476/3476 2811/2811/2811
f 4326/4326/4326 2690/2690/2690 3399/3399/3399
f 4123/4123/4123 2320/2320/2320 2321/2321/2321
f 4032/4032/4032 2323/2323/2323 2324/2324/2324
f 3726/3726/3726 3824/3824/3824 4063/4063/4063
f 3291/3291/3291 2922/2922/2922 4106/4106/4106
f 3883/3883/3883 2529/2529/2529 4017/4017/4017
f 4282/4282/4282 2948/2948/2948 2397/2397/2397
f 4150/4150/4150 3697/3697/3697 3028/3028/3028
f 3423/3423/3423 3534/3534/3534 3132/3132/3132
f 2261/2261/2261 2262/2262/2262 3477/3477/3477
f 3130/3130/3130 2788/2788/2788 3545/3545/3545
f 3082/3082/3082 2773/2773/2773 2364/2364/2364
f 3009/3009/3009 3299/3299/3299 3903/3903/3903
f 2628/2628/2628 3550/3550/3550 3604/3604/3604
f 4278/4278/4278 4252/4252/4252 3757/3757/3757
f 3267/3267/3267 3405/3405/3405 3972/3972/3972
f 3083/3083/3083 3608/3608/3608 3472/3472/3472
f 2678/2678/2678 2655/2655/2655 2596/2596/2596
f 4357/4357/4357 4279/4279/4279 3656/3656/3656
f 3203/3203/3203 3165/3165/3165 4067/4067/4067
f 2563/2563/2563 2238/2238/2238 3938/3938/3938
f 2758/2758/2758 3532/3532/3532 3439/3439/3439
f 3018/3018/3018 2388/2388/2388 3503/3503/3503
f 3298/3298/3298 2932/2932/2932 2393/2393/2393
f 2766/2766/2766 2517/2517/2517 2399/2399/2399
f 2908/2908/2908 2986/2986/2986 3723/3723/3723
f 2826/2826/2826 3273/3273/3273 4295/4295/4295
f 3874/3874/3874 2416/2416/2416 3884/3884/3884
f 3846/3846/3846 3239/3239/3239 3259/3259/3259
f 2505/2505/2505 3301/3301/3301 2542/2542/2542
f 2542/2542/2542 4211/4211/4211 2466/2466/2466
f 3028/3028/3028 3115/3115/3115 3962/3962/3962
f 3504/3504/3504 4039/4039/4039 4304/4304/4304
f 3256/3256/3256 4037/4037/4037 4115/4115/4115
f 4233/4233/4233 3218/3218/3218 3068/3068/3068
f 4044/4044/4044 2904/2904/2904 3161/3161/3161
f 3711/3711/3711 4021/4021/4021 2655/2655/2655
f 4327/4327/4327 4119/4119/4119 3210/3210/3210
f 2764/2764/2764 3430/3430/3430 2721/2721/2721
f 2914/2914/2914 2933/2933/2933 3561/3561/3561
f 2692/2692/2692 2601/2601/2601 3007/3007/3007
f 3734/3734/3734 2404/2404/2404 4209/4209/4209
f 4240/4240/4240 4132/4132/4132 2533/2533/2533
f 3340/3340/3340 2484/2484/2484 2522/2522/2522
f 3511/3511/3511 4173/4173/4173 3127/3127/3127
f 3209/3209/3209 4161/4161/4161 4088/4088/4088
f 3213/3213/3213 2520/2520/2520 2817/2817/2817
f 3029/3029/3029 3493/3493/3493 2902/2902/2902
f 3018/3018/3018 3664/3664/3664 4230/4230/4230
f 2489/2489/2489 3814/3814/3814 3237/3237/3237
f 4247/4247/4247 2425/2425/2425 3703/3703/3703
f 4321/4321/4321 2242/2242/2242 2243/2243/2243
f 4203/4203/4203 2710/2710/2710 2895/2895/2895
f 3821/3821/3821 3023/3023/3023 4104/4104/4104
f 2881/2881/2881 4049/4049/4049 2392/2392/2392
f 3678/3678/3678 3680/3680/3680 4048/4048/4048
f 4039/4039/4039 2421/2421/2421 2500/2500/2500
f 4357/4357/4357 4094/4094/4094 4202/4202/4202
f 3660/3660/3660 2932/2932/2932 3911/3911/3911
f 3639/3639/3639 3550/3550/3550 2422/2422/2422
f 4228/4228/4228 3992/3992/3992 3417/3417/3417
f 2956/2956/2956 2429/2429/2429 2786/2786/2786
f 4312/4312/4312 4072/4072/4072 2707/2707/2707
f 2688/2688/2688 4003/4003/4003 2387/2387/2387
f 4335/4335/4335 3549/3549/3549 3105/3105/3105
f 4083/4083/4083 3810/3810/3810 3634/3634/3634
f 4332/4332/4332 3931/3931/3931 3341/3341/3341
f 3208/3208/3208 2968/2968/2968 2514/2514/2514
f 2784/2784/2784 4002/4002/4002 4133/4133/4133
f 4245/4245/4245 3971/3971/3971 2428/2428/2428
f 4156/4156/4156 3192/3192/3192 3843/3843/3843
f 3523/3523/3523 2365/2365/2365 4311/4311/4311
f 3594/3594/3594 3588/3588/3588 3920/3920/3920
f 4215/4215/4215 2411/2411/2411 3030/3030/3030
f 3598/3598/3598 3076/3076/3076 3901/3901/3901
f 4224/4224/4224 2936/2936/2936 2505/2505/2505
f 3391/3391/3391 2602/2602/2602 3322/3322/3322
f 2969/2969/2969 3436/3436/3436 2490/2490/2490
f 2525/2525/2525 2847/2847/2847 2883/2883/2883
f 2751/2751/2751 2256/2256/2256 3196/3196/3196
f 2895/2895/2895 2710/2710/2710 3673/3673/3673
f 3537/3537/3537 2616/2616/2616 2863/2863/2863
f 3748/3748/3748 2297/2297/2297 2298/2298/2298
f 4318/4318/4318 3491/3491/3491 2971/2971/2971
f 2372/2372/2372 2693/2693/2693 3434/3434/3434
f 2614/2614/2614 3778/3778/3778 2634/2634/2634
f 4088/4088/4088 3500/3500/3500 3189/3189/3189
f 4207/4207/4207 3864/3864/3864 3661/3661/3661
f 3158/3158/3158 3226/3226/3226 4027/4027/4027
f 2625/2625/2625 4264/4264/4264 3680/3680/3680
f 2927/2927/2927 2751/2751/2751 2823/2823/2823
f 2992/2992/2992 2776/2776/2776 2636/2636/2636
f 2723/2723/2723 3026/3026/3026 2609/2609/2609
f 2954/2954/2954 2590/2590/2590 3718/3718/3718
f 2473/2473/2473 2943/2943/2943 4090/4090/4090
f 3664/3664/3664 3018/3018/3018 2448/2448/2448
f 4130/4130/4130 3730/3730/3730 3218/3218/3218
f 3763/3763/3763 3716/3716/3716 3999/3999/3999
f 3287/3287/3287 2548/2548/2548 2816/2816/2816
f 3845/3845/3845 2721/2721/2721 3616/3616/3616
f 4351/4351/4351 4127/4127/4127 3566/3566/3566
f 3737/3737/3737 2853/2853/2853 4073/4073/4073
f 3239/3239/3239 3355/3355/3355 3259/3259/3259
f 3968/3968/3968 3025/3025/3025 3457/3457/3457
f 2884/2884/2884 2254/2254/2254 2255/2255/2255
f 2462/2462/2462 3134/3134/3134 3309/3309/3309
f 2939/2939/2939 3072/3072/3072 3327/3327/3327
f 2754/2754/2754 3347/3347/3347 2392/2392/2392
f 3658/3658/3658 3086/3086/3086 3342/3342/3342
f 4041/4041/4041 2984/2984/2984 3008/3008/3008
f 3717/3717/3717 3889/3889/3889 3929/3929/3929
f 2659/2659/2659 3496/3496/3496 3833/3833/3833
f 3449/3449/3449 2635/2635/2635 2580/2580/2580
f 3839/3839/3839 4096/4096/4096 2608/2608/2608
f 2504/2504/2504 2588/2588/2588 3834/3834/3834
f 2846/2846/2846 4240/4240/4240 3359/3359/3359
f 3290/3290/3290 3518/3518/3518 3582/3582/3582
f 2673/2673/2673 3356/3356/3356 3854/3854/3854
f 2359/2359/2359 4241/4241/4241 2358/2358/2358
f 4199/4199/4199 3635/3635/3635 3498/3498/3498
f 4028/4028/4028 2924/2924/2924 2373/2373/2373
f 3603/3603/3603 3447/3447/3447 3546/3546/3546
f 4348/4348/4348 3357/3357/3357 2679/2679/2679
f 2821/2821/2821 3649/3649/3649 4253/4253/4253
f 4295/4295/4295 3812/3812/3812 4130/4130/4130
f 2588/2588/2588 2543/2543/2543 3513/3513/3513
f 2661/2661/2661 3714/3714/3714 4187/4187/4187
f 2804/2804/2804 3403/3403/3403 3431/3431/3431
f 2887/2887/2887 3272/3272/3272 3334/3334/3334
f 3952/3952/3952 3977/3977/3977 2896/2896/2896
f 3484/3484/3484 3071/3071/3071 2986/2986/2986
f 4193/4193/4193 3124/3124/3124 3536/3536/3536
f 3996/3996/3996 3417/3417/3417 2377/2377/2377
f 2928/2928/2928 3858/3858/3858 3740/3740/3740
f 2845/2845/2845 2653/2653/2653 2623/2623/2623
f 4270/4270/4270 3324/3324/3324 3777/3777/3777
f 3917/3917/3917 3641/3641/3641 3737/3737/3737
f 3039/3039/3039 3200/3200/3200 2837/2837/2837
f 3918/3918/3918 3268/3268/3268 3545/3545/3545
f 2899/2899/2899 2880/2880/2880 2643/2643/2643
f 2813/2813/2813 2732/2732/2732 2689/2689/2689
f 4261/4261/4261 2740/2740/2740 3143/3143/3143
f 4315/4315/4315 4164/4164/4164 3292/3292/3292
f 3491/3491/3491 2981/2981/2981 4330/4330/4330
f 2896/2896/2896 3891/3891/3891 4051/4051/4051
f 3623/3623/3623 4349/4349/4349 3567/3567/3567
f 3767/3767/3767 3530/3530/3530 2740/2740/2740
f 3347/3347/3347 2754/2754/2754 3404/3404/3404
f 2927/2927/2927 2823/2823/2823 2833/2833/2833
f 3293/3293/3293 2667/2667/2667 4109/4109/4109
f 4327/4327/4327 3210/3210/3210 3881/3881/3881
f 3270/3270/3270 3410/3410/3410 3633/3633/3633
f 4306/4306/4306 3871/3871/3871 3042/3042/3042
f 2956/2956/2956 3862/3862/3862 2429/2429/2429
f 4084/4084/4084 3826/3826/3826 3872/3872/3872
f 2402/2402/2402 3398/3398/3398 2753/2753/2753
f 3902/3902/3902 4343/4343/4343 2763/2763/2763
f 2347/2347/2347 3285/3285/3285 2346/2346/2346
f 3089/3089/3089 3690/3690/3690 2611/2611/2611
f 4225/4225/4225 2512/2512/2512 2809/2809/2809
f 3535/3535/3535 3186/3186/3186 2607/2607/2607
f 2936/2936/2936 3301/3301/3301 2505/2505/2505
f 2480/2480/2480 3903/3903/3903 2600/2600/2600
f 3798/3798/3798 4262/4262/4262 3315/3315/3315
f 3203/3203/3203 2621/2621/2621 3165/3165/3165
f 4298/4298/4298 3321/3321/3321 4169/4169/4169
f 2835/2835/2835 3562/3562/3562 2614/2614/2614
f 3547/3547/3547 4252/4252/4252 2422/2422/2422
f 4091/4091/4091 2762/2762/2762 2377/2377/2377
f 2634/2634/2634 2839/2839/2839 3878/3878/3878
f 3453/3453/3453 3224/3224/3224 3216/3216/3216
f 3230/3230/3230 3851/3851/3851 3323/3323/3323
f 3362/3362/3362 3237/3237/3237 3173/3173/3173
f 3094/3094/3094 3880/3880/3880 4280/4280/4280
f 4000/4000/4000 3984/3984/3984 2451/2451/2451
f 3146/3146/3146 4251/4251/4251 4165/4165/4165
f 3348/3348/3348 3708/3708/3708 4199/4199/4199
f 4060/4060/4060 2596/2596/2596 3804/3804/3804
f 4033/4033/4033 4286/4286/4286 3377/3377/3377
f 2970/2970/2970 3052/3052/3052 3882/3882/3882
f 3959/3959/3959 3885/3885/3885 3393/3393/3393
f 4287/4287/4287 2434/2434/2434 2630/2630/2630
f 4280/4280/4280 4194/4194/4194 3569/3569/3569
f 4184/4184/4184 3257/3257/3257 3724/3724/3724
f 3048/3048/3048 2633/2633/2633 2471/2471/2471
f 2387/2387/2387 3044/3044/3044 2666/2666/2666
f 4042/4042/4042 4026/4026/4026 2570/2570/2570
f 3625/3625/3625 3909/3909/3909 3091/3091/3091
f 3727/3727/3727 4093/4093/4093 4111/4111/4111
f 3934/3934/3934 3031/3031/3031 3346/3346/3346
f 2985/2985/2985 3539/3539/3539 3800/3800/3800
f 4167/4167/4167 3297/3297/3297 3254/3254/3254
f 2885/2885/2885 3007/3007/3007 2601/2601/2601
f 4344/4344/4344 3808/3808/3808 3269/3269/3269
f 2942/2942/2942 2676/2676/2676 3922/3922/3922
f 2832/2832/2832 2641/2641/2641 2699/2699/2699
f 4260/4260/4260 4080/4080/4080 2222/2222/2222
f 2557/2557/2557 2955/2955/2955 4219/4219/4219
f 3120/3120/3120 2551/2551/2551 4003/4003/4003
f 4137/4137/4137 2464/2464/2464 3424/3424/3424
f 4309/4309/4309 2871/2871/2871 3976/3976/3976
f 2629/2629/2629 4076/4076/4076 3312/3312/3312
f 2897/2897/2897 3865/3865/3865 2565/2565/2565
f 3241/3241/3241 2546/2546/2546 3264/3264/3264
f 3222/3222/3222 3665/3665/3665 2403/2403/2403
f 3175/3175/3175 2705/2705/2705 2431/2431/2431
f 3385/3385/3385 2938/2938/2938 2684/2684/2684
f 3899/3899/3899 3694/3694/3694 2467/2467/2467
f 3314/3314/3314 4350/4350/4350 2509/2509/2509
f 2770/2770/2770 3268/3268/3268 3242/3242/3242
f 3563/3563/3563 3658/3658/3658 3242/3242/3242
f 2786/2786/2786 2700/2700/2700 3935/3935/3935
f 3637/3637/3637 2859/2859/2859 3200/3200/3200
f 4348/4348/4348 2606/2606/2606 2829/2829/2829
f 4343/4343/4343 4192/4192/4192 3915/3915/3915
f 3820/3820/3820 2425/2425/2425 4057/4057/4057
f 2623/2623/2623 2653/2653/2653 2600/2600/2600
f 2659/2659/2659 3452/3452/3452 3848/3848/3848
f 2571/2571/2571 3471/3471/3471 4346/4346/4346
f 4149/4149/4149 4229/4229/4229 3766/3766/3766
f 2370/2370/2370 2396/2396/2396 2479/2479/2479
f 3508/3508/3508 3691/3691/3691 3775/3775/3775
f 4079/4079/4079 3839/3839/3839 3466/3466/3466
f 2313/2313/2313 3601/3601/3601 4182/4182/4182
f 3046/3046/3046 4143/4143/4143 3163/3163/3163
f 2433/2433/2433 3333/3333/3333 3153/3153/3153
f 4067/4067/4067 2778/2778/2778 3528/3528/3528
f 3178/3178/3178 3277/3277/3277 2811/2811/2811
f 4335/4335/4335 2379/2379/2379 3285/3285/3285
f 2287/2287/2287 2920/2920/2920 4356/4356/4356
f 4016/4016/4016 4302/4302/4302 4310/4310/4310
f 3755/3755/3755 2399/2399/2399 2517/2517/2517
f 4094/4094/4094 4357/4357/4357 4303/4303/4303
f 4196/4196/4196 4152/4152/4152 3699/3699/3699
f 3795/3795/3795 2664/2664/2664 3117/3117/3117
f 4091/4091/4091 3111/3111/3111 3879/3879/3879
f 3647/3647/3647 2279/2279/2279 3212/3212/3212
f 4102/4102/4102 2388/2388/2388 2854/2854/2854
f 3613/3613/3613 3566/3566/3566 2364/2364/2364
f 4161/4161/4161 4160/4160/4160 3492/3492/3492
f 2868/2868/2868 3158/3158/3158 2808/2808/2808
f 3831/3831/3831 3682/3682/3682 2415/2415/2415
f 2454/2454/2454 3448/3448/3448 4214/4214/4214
f 2918/2918/2918 2379/2379/2379 4335/4335/4335
f 3089/3089/3089 3888/3888/3888 3783/3783/3783
f 3121/3121/3121 3275/3275/3275 3104/3104/3104
f 3184/3184/3184 2382/2382/2382 2897/2897/2897
f 3466/3466/3466 2724/2724/2724 3844/3844/3844
f 2744/2744/2744 4266/4266/4266 3950/3950/3950
f 3141/3141/3141 3069/3069/3069 3782/3782/3782
f 4311/4311/4311 3113/3113/3113 2976/2976/2976
f 2849/2849/2849 3219/3219/3219 3659/3659/3659
f 4337/4337/4337 3122/3122/3122 3540/3540/3540
f 3292/3292/3292 3373/3373/3373 2400/2400/2400
f 3937/3937/3937 2567/2567/2567 2519/2519/2519
f 2312/2312/2312 4182/4182/4182 4220/4220/4220
f 4317/4317/4317 3696/3696/3696 2309/2309/2309
f 3774/3774/3774 3622/3622/3622 2282/2282/2282
f 2282/2282/2282 3622/3622/3622 2556/2556/2556
f 4189/4189/4189 4136/4136/4136 2828/2828/2828
f 4314/4314/4314 2648/2648/2648 2787/2787/2787
f 2260/2260/2260 3480/3480/3480 4176/4176/4176
f 2717/2717/2717 3172/3172/3172 3047/3047/3047
f 3021/3021/3021 4057/4057/4057 4119/4119/4119
f 2449/2449/2449 2389/2389/2389 2447/2447/2447
f 4143/4143/4143 3644/3644/3644 3163/3163/3163
f 3801/3801/3801 2582/2582/2582 4299/4299/4299
f 4236/4236/4236 2611/2611/2611 2345/2345/2345
f 2339/2339/2339 4342/4342/4342 2338/2338/2338
f 3790/3790/3790 2671/2671/2671 2866/2866/2866
f 4299/4299/4299 2865/2865/2865 2995/2995/2995
f 4214/4214/4214 3865/3865/3865 3896/3896/3896
f 3926/3926/3926 4159/4159/4159 3179/3179/3179
f 3829/3829/3829 3497/3497/3497 3478/3478/3478
f 3304/3304/3304 3732/3732/3732 3266/3266/3266
f 3183/3183/3183 3486/3486/3486 3777/3777/3777
f 2702/2702/2702 2475/2475/2475 2803/2803/2803
f 3475/3475/3475 3890/3890/3890 3865/3865/3865
f 2899/2899/2899 3221/3221/3221 3132/3132/3132
f 2724/2724/2724 2490/2490/2490 3844/3844/3844
f 3942/3942/3942 3299/3299/3299 3009/3009/3009
f 2550/2550/2550 4044/4044/4044 3043/3043/3043
f 2873/2873/2873 3933/3933/3933 2598/2598/2598
f 2519/2519/2519 3759/3759/3759 3937/3937/3937
f 4235/4235/4235 2850/2850/2850 3490/3490/3490
f 3433/3433/3433 3165/3165/3165 2485/2485/2485
f 2719/2719/2719 3838/3838/3838 2681/2681/2681
f 2830/2830/2830 2619/2619/2619 2270/2270/2270
f 3553/3553/3553 3683/3683/3683 4190/4190/4190
f 3358/3358/3358 2373/2373/2373 2408/2408/2408
f 2839/2839/2839 2532/2532/2532 2978/2978/2978
f 2503/2503/2503 3176/3176/3176 4297/4297/4297
f 2802/2802/2802 3675/3675/3675 2738/2738/2738
f 3694/3694/3694 3942/3942/3942 4324/4324/4324
f 3862/3862/3862 2443/2443/2443 2429/2429/2429
f 3988/3988/3988 2479/2479/2479 2951/2951/2951
f 4344/4344/4344 3269/3269/3269 3163/3163/3163
f 3040/3040/3040 3353/3353/3353 2569/2569/2569
f 2487/2487/2487 2808/2808/2808 4207/4207/4207
f 2795/2795/2795 3735/3735/3735 2579/2579/2579
f 3430/3430/3430 4157/4157/4157 2435/2435/2435
f 4151/4151/4151 3357/3357/3357 3521/3521/3521
f 3062/3062/3062 3786/3786/3786 2460/2460/2460
f 3747/3747/3747 4305/4305/4305 3742/3742/3742
f 4031/4031/4031 3384/3384/3384 4074/4074/4074
f 3616/3616/3616 2721/2721/2721 3416/3416/3416
f 2911/2911/2911 2652/2652/2652 2908/2908/2908
f 4202/4202/4202 3807/3807/3807 4357/4357/4357
f 3316/3316/3316 3344/3344/3344 2465/2465/2465
f 3207/3207/3207 3387/3387/3387 3260/3260/3260
f 2394/2394/2394 3471/3471/3471 3551/3551/3551
f 2525/2525/2525 4050/4050/4050 2847/2847/2847
f 4079/4079/4079 3017/3017/3017 3839/3839/3839
f 3949/3949/3949 2858/2858/2858 3254/3254/3254
f 4167/4167/4167 2867/2867/2867 3297/3297/3297
f 3144/3144/3144 3943/3943/3943 3352/3352/3352
f 3117/3117/3117 3667/3667/3667 3795/3795/3795
f 2694/2694/2694 4103/4103/4103 2457/2457/2457
f 4041/4041/4041 2761/2761/2761 2984/2984/2984
f 3294/3294/3294 3434/3434/3434 3797/3797/3797
f 4345/4345/4345 3582/3582/3582 4338/4338/4338
f 4016/4016/4016 3332/3332/3332 2284/2284/2284
f 2651/2651/2651 3267/3267/3267 3972/3972/3972
f 4096/4096/4096 3839/3839/3839 3017/3017/3017
f 3438/3438/3438 3127/3127/3127 3606/3606/3606
f 3513/3513/3513 2543/2543/2543 3979/3979/3979
f 4035/4035/4035 3635/3635/3635 3708/3708/3708
f 3393/3393/3393 2224/2224/2224 2225/2225/2225
f 3464/3464/3464 3096/3096/3096 3170/3170/3170
f 4081/4081/4081 3208/3208/3208 3852/3852/3852
f 3127/3127/3127 3458/3458/3458 4071/4071/4071
f 3149/3149/3149 4290/4290/4290 3592/3592/3592
f 3538/3538/3538 4010/4010/4010 2962/2962/2962
f 4249/4249/4249 4140/4140/4140 2753/2753/2753
f 3303/3303/3303 2569/2569/2569 3981/3981/3981
f 2697/2697/2697 3915/3915/3915 4192/4192/4192
f 3258/3258/3258 3772/3772/3772 3873/3873/3873
f 3593/3593/3593 3964/3964/3964 3100/3100/3100
f 4282/4282/4282 3515/3515/3515 3412/3412/3412
f 4199/4199/4199 3877/3877/3877 3707/3707/3707
f 3965/3965/3965 2861/2861/2861 4251/4251/4251
f 3554/3554/3554 3414/3414/3414 2737/2737/2737
f 4310/4310/4310 4302/4302/4302 3770/3770/3770
f 3240/3240/3240 4179/4179/4179 3155/3155/3155
f 3270/3270/3270 3633/3633/3633 2965/2965/2965
f 2717/2717/2717 3574/3574/3574 2378/2378/2378
f 3050/3050/3050 3282/3282/3282 4264/4264/4264
f 2448/2448/2448 2450/2450/2450 3664/3664/3664
f 2464/2464/2464 2524/2524/2524 3460/3460/3460
f 2473/2473/2473 2706/2706/2706 3408/3408/3408
f 3249/3249/3249 2873/2873/2873 2598/2598/2598
f 3377/3377/3377 3686/3686/3686 3909/3909/3909
f 2708/2708/2708 3207/3207/3207 3723/3723/3723
f 3149/3149/3149 3592/3592/3592 3472/3472/3472
f 3390/3390/3390 3470/3470/3470 4290/4290/4290
f 3748/3748/3748 2691/2691/2691 2297/2297/2297
f 3485/3485/3485 2603/2603/2603 2851/2851/2851
f 2965/2965/2965 3633/3633/3633 3440/3440/3440
f 2962/2962/2962 2860/2860/2860 3619/3619/3619
f 3073/3073/3073 3422/3422/3422 3002/3002/3002
f 3786/3786/3786 3062/3062/3062 2712/2712/2712
f 2752/2752/2752 3240/3240/3240 3870/3870/3870
f 4290/4290/4290 3427/3427/3427 3592/3592/3592
f 2488/2488/2488 2911/2911/2911 3024/3024/3024
f 3478/3478/3478 3497/3497/3497 3118/3118/3118
f 3303/3303/3303 2732/2732/2732 2813/2813/2813
f 3747/3747/3747 3900/3900/3900 4305/4305/4305
f 3166/3166/3166 3817/3817/3817 2484/2484/2484
f 4173/4173/4173 3511/3511/3511 2595/2595/2595
f 2350/2350/2350 2351/2351/2351 2399/2399/2399
f 3824/3824/3824 3726/3726/3726 2944/2944/2944
f 2884/2884/2884 2927/2927/2927 3041/3041/3041
f 2753/2753/2753 3010/3010/3010 2402/2402/2402
f 2705/2705/2705 3175/3175/3175 3115/3115/3115
f 3172/3172/3172 3156/3156/3156 3313/3313/3313
f 3042/3042/3042 3460/3460/3460 2476/2476/2476
f 3381/3381/3381 3002/3002/3002 2775/2775/2775
f 4005/4005/4005 3834/3834/3834 3513/3513/3513
f 3000/3000/3000 3893/3893/3893 2904/2904/2904
f 4144/4144/4144 3449/3449/3449 2580/2580/2580
f 3994/3994/3994 3806/3806/3806 3112/3112/3112
f 4217/4217/4217 3946/3946/3946 2437/2437/2437
f 4332/4332/4332 3341/3341/3341 3962/3962/3962
f 2512/2512/2512 2740/2740/2740 3875/3875/3875
f 3994/3994/3994 2758/2758/2758 3806/3806/3806
f 2331/2331/2331 2624/2624/2624 2992/2992/2992
f 2834/2834/2834 3401/3401/3401 3535/3535/3535
f 2464/2464/2464 3871/3871/3871 3424/3424/3424
f 3071/3071/3071 3484/3484/3484 3465/3465/3465
f 2851/2851/2851 2374/2374/2374 3771/3771/3771
f 3252/3252/3252 3554/3554/3554 3413/3413/3413
f 2713/2713/2713 2544/2544/2544 4155/4155/4155
f 3672/3672/3672 3439/3439/3439 2459/2459/2459
f 2967/2967/2967 2791/2791/2791 2486/2486/2486
f 3879/3879/3879 2649/2649/2649 3793/3793/3793
f 4142/4142/4142 2362/2362/2362 4101/4101/4101
f 2618/2618/2618 3383/3383/3383 2856/2856/2856
f 2311/2311/2311 2312/2312/2312 4220/4220/4220
f 3314/3314/3314 2509/2509/2509 2878/2878/2878
f 2479/2479/2479 2396/2396/2396 3612/3612/3612
f 2336/2336/2336 2337/2337/2337 2396/2396/2396
f 2277/2277/2277 4142/4142/4142 2276/2276/2276
f 3418/3418/3418 2748/2748/2748 3413/3413/3413
f 3041/3041/3041 3066/3066/3066 3835/3835/3835
f 3041/3041/3041 2254/2254/2254 2884/2884/2884
f 3774/3774/3774 2283/2283/2283 3332/3332/3332
f 3079/3079/3079 3225/3225/3225 2926/2926/2926
f 2827/2827/2827 3102/3102/3102 3557/3557/3557
f 3307/3307/3307 3376/3376/3376 3078/3078/3078
f 4280/4280/4280 3886/3886/3886 2515/2515/2515
f 2463/2463/2463 2819/2819/2819 4029/4029/4029
f 3177/3177/3177 2809/2809/2809 4015/4015/4015
f 2958/2958/2958 3373/3373/3373 3841/3841/3841
f 2456/2456/2456 4133/4133/4133 4002/4002/4002
f 3208/3208/3208 4081/4081/4081 4187/4187/4187
f 2562/2562/2562 4070/4070/4070 3728/3728/3728
f 2749/2749/2749 3144/3144/3144 3352/3352/3352
f 3871/3871/3871 2384/2384/2384 3424/3424/3424
f 2383/2383/2383 2419/2419/2419 2810/2810/2810
f 3661/3661/3661 2620/2620/2620 2507/2507/2507
f 3852/3852/3852 2504/2504/2504 3834/3834/3834
f 4166/4166/4166 3964/3964/3964 2632/2632/2632
f 3818/3818/3818 3515/3515/3515 4282/4282/4282
f 3487/3487/3487 4235/4235/4235 3490/3490/3490
f 3719/3719/3719 3995/3995/3995 2605/2605/2605
f 4177/4177/4177 4058/4058/4058 2731/2731/2731
f 4012/4012/4012 4008/4008/4008 2775/2775/2775
f 3596/3596/3596 3276/3276/3276 3075/3075/3075
f 3082/3082/3082 3814/3814/3814 2489/2489/2489
f 3391/3391/3391 3786/3786/3786 2712/2712/2712
f 2460/2460/2460 2561/2561/2561 3058/3058/3058
f 3904/3904/3904 3021/3021/3021 3506/3506/3506
f 4163/4163/4163 4269/4269/4269 3904/3904/3904
f 4300/4300/4300 3422/3422/3422 2603/2603/2603
f 2925/2925/2925 4124/4124/4124 3394/3394/3394
f 3906/3906/3906 2866/2866/2866 2671/2671/2671
f 3330/3330/3330 3826/3826/3826 2718/2718/2718
f 2853/2853/2853 3140/3140/3140 3816/3816/3816
f 3627/3627/3627 2885/2885/2885 4330/4330/4330
f 3987/3987/3987 2405/2405/2405 3032/3032/3032
f 3552/3552/3552 3923/3923/3923 3672/3672/3672
f 2961/2961/2961 3910/3910/3910 3524/3524/3524
f 2497/2497/2497 4255/4255/4255 3758/3758/3758
f 4161/4161/4161 2529/2529/2529 3883/3883/3883
f 3908/3908/3908 3626/3626/3626 2959/2959/2959
f 3530/3530/3530 3767/3767/3767 3502/3502/3502
f 2318/2318/2318 4018/4018/4018 2317/2317/2317
f 2577/2577/2577 2845/2845/2845 2901/2901/2901
f 4272/4272/4272 3084/3084/3084 3508/3508/3508
f 2248/2248/2248 2249/2249/2249 3331/3331/3331
f 2948/2948/2948 3593/3593/3593 3100/3100/3100
f 3208/3208/3208 2504/2504/2504 3852/3852/3852
f 2390/2390/2390 3804/3804/3804 2722/2722/2722
f 2512/2512/2512 4225/4225/4225 2800/2800/2800
f 3261/3261/3261 3177/3177/3177 4018/4018/4018
f 2409/2409/2409 3577/3577/3577 3016/3016/3016
f 2226/2226/2226 2227/2227/2227 2423/2423/2423
f 2544/2544/2544 2528/2528/2528 3191/3191/3191
f 2616/2616/2616 3895/3895/3895 4069/4069/4069
f 4025/4025/4025 3128/3128/3128 2686/2686/2686
f 2442/2442/2442 2596/2596/2596 3590/3590/3590
f 3781/3781/3781 3049/3049/3049 3624/3624/3624
f 4113/4113/4113 3690/3690/3690 2557/2557/2557
f 3436/3436/3436 2969/2969/2969 2449/2449/2449
f 2606/2606/2606 2913/2913/2913 3473/3473/3473
f 3358/3358/3358 2978/2978/2978 3329/3329/3329
f 2228/2228/2228 2229/2229/2229 3151/3151/3151
f 3101/3101/3101 2212/2212/2212 2213/2213/2213
f 3769/3769/3769 4265/4265/4265 3925/3925/3925
f 3266/3266/3266 3215/3215/3215 2742/2742/2742
f 3833/3833/3833 4098/4098/4098 2659/2659/2659
f 2493/2493/2493 3108/3108/3108 2793/2793/2793
f 4254/4254/4254 4019/4019/4019 2743/2743/2743
f 2811/2811/2811 3277/3277/3277 2772/2772/2772
f 2781/2781/2781 3841/3841/3841 3373/3373/3373
f 3459/3459/3459 2387/2387/2387 2666/2666/2666
f 2942/2942/2942 3328/3328/3328 2494/2494/2494
f 3897/3897/3897 3281/3281/3281 2385/2385/2385
f 3746/3746/3746 4233/4233/4233 3068/3068/3068
f 3714/3714/3714 3607/3607/3607 2412/2412/2412
f 4248/4248/4248 2921/2921/2921 4071/4071/4071
f 2801/2801/2801 3935/3935/3935 3384/3384/3384
f 4328/4328/4328 3811/3811/3811 2913/2913/2913
f 4115/4115/4115 3222/3222/3222 3256/3256/3256
f 3552/3552/3552 2736/2736/2736 3923/3923/3923
f 3647/3647/3647 4038/4038/4038 3284/3284/3284
f 4242/4242/4242 3547/3547/3547 3509/3509/3509
f 4141/4141/4141 2883/2883/2883 2654/2654/2654
f 3901/3901/3901 3076/3076/3076 2847/2847/2847
f 3532/3532/3532 2758/2758/2758 3994/3994/3994
f 4155/4155/4155 3969/3969/3969 2713/2713/2713
f 4209/4209/4209 2404/2404/2404 3254/3254/3254
f 2971/2971/2971 2885/2885/2885 2601/2601/2601
f 4113/4113/4113 2344/2344/2344 2611/2611/2611
f 3291/3291/3291 3911/3911/3911 4132/4132/4132
f 4266/4266/4266 2744/2744/2744 2587/2587/2587
f 2587/2587/2587 2741/2741/2741 3386/3386/3386
f 3886/3886/3886 3695/3695/3695 2432/2432/2432
f 4347/4347/4347 4206/4206/4206 3718/3718/3718
f 3830/3830/3830 3605/3605/3605 3188/3188/3188
f 2963/2963/2963 2698/2698/2698 3139/3139/3139
f 3724/3724/3724 4315/4315/4315 3292/3292/3292
f 4360/4360/4360 2723/2723/2723 3090/3090/3090
f 3581/3581/3581 3923/3923/3923 4230/4230/4230
f 2854/2854/2854 2736/2736/2736 3310/3310/3310
f 3398/3398/3398 2402/2402/2402 2263/2263/2263
f 4048/4048/4048 3680/3680/3680 3098/3098/3098
f 4020/4020/4020 2895/2895/2895 3461/3461/3461
f 4062/4062/4062 3265/3265/3265 3678/3678/3678
f 3255/3255/3255 3160/3160/3160 4305/4305/4305
f 3683/3683/3683 2977/2977/2977 3030/3030/3030
f 2784/2784/2784 4133/4133/4133 3561/3561/3561
f 4096/4096/4096 2998/2998/2998 2608/2608/2608
f 3418/3418/3418 4052/4052/4052 2748/2748/2748
f 3998/3998/3998 3973/3973/3973 2967/2967/2967
f 3903/3903/3903 3167/3167/3167 2600/2600/2600
f 3585/3585/3585 3221/3221/3221 2643/2643/2643
f 2817/2817/2817 2520/2520/2520 2815/2815/2815
f 3221/3221/3221 3585/3585/3585 3346/3346/3346
f 3640/3640/3640 4162/4162/4162 4055/4055/4055
f 3169/3169/3169 3344/3344/3344 3316/3316/3316
f 3474/3474/3474 4239/4239/4239 2419/2419/2419
f 4144/4144/4144 3819/3819/3819 3600/3600/3600
f 3899/3899/3899 4247/4247/4247 3167/3167/3167
f 3386/3386/3386 2683/2683/2683 4266/4266/4266
f 3966/3966/3966 2441/2441/2441 3414/3414/3414
f 4354/4354/4354 3554/3554/3554 3924/3924/3924
f 3818/3818/3818 2397/2397/2397 3315/3315/3315
f 3654/3654/3654 4067/4067/4067 3838/3838/3838
f 4296/4296/4296 2742/2742/2742 2797/2797/2797
f 4092/4092/4092 4060/4060/4060 3570/3570/3570
f 4297/4297/4297 4169/4169/4169 2975/2975/2975
f 3653/3653/3653 2513/2513/2513 2475/2475/2475
f 3265/3265/3265 3614/3614/3614 3869/3869/3869
f 3964/3964/3964 3593/3593/3593 2632/2632/2632
f 3224/3224/3224 3453/3453/3453 3181/3181/3181
f 3738/3738/3738 2787/2787/2787 3657/3657/3657
f 3063/3063/3063 2790/2790/2790 4118/4118/4118
f 3641/3641/3641 3467/3467/3467 2575/2575/2575
f 4290/4290/4290 3149/3149/3149 3390/3390/3390
f 3895/3895/3895 3537/3537/3537 2807/2807/2807
f 4069/4069/4069 4359/4359/4359 2616/2616/2616
f 2426/2426/2426 4311/4311/4311 2976/2976/2976
f 3515/3515/3515 2681/2681/2681 4077/4077/4077
f 4067/4067/4067 3433/3433/3433 2778/2778/2778
f 3974/3974/3974 3631/3631/3631 3705/3705/3705
f 2755/2755/2755 2926/2926/2926 3225/3225/3225
f 2367/2367/2367 2374/2374/2374 2369/2369/2369
f 4309/4309/4309 3519/3519/3519 3501/3501/3501
f 2494/2494/2494 3236/3236/3236 4196/4196/4196
f 3372/3372/3372 3632/3632/3632 4033/4033/4033
f 3027/3027/3027 2827/2827/2827 3557/3557/3557
f 2707/2707/2707 3775/3775/3775 3691/3691/3691
f 3740/3740/3740 3557/3557/3557 4027/4027/4027
f 2573/2573/2573 3006/3006/3006 3103/3103/3103
f 3809/3809/3809 3294/3294/3294 3797/3797/3797
f 3181/3181/3181 3529/3529/3529 3375/3375/3375
f 2443/2443/2443 4011/4011/4011 3674/3674/3674
f 3339/3339/3339 3466/3466/3466 3844/3844/3844
f 4073/4073/4073 2375/2375/2375 2909/2909/2909
f 2393/2393/2393 4075/4075/4075 3779/3779/3779
f 2268/2268/2268 2269/2269/2269 3421/3421/3421
f 3683/3683/3683 3553/3553/3553 3187/3187/3187
f 2980/2980/2980 3883/3883/3883 4017/4017/4017
f 3528/3528/3528 2681/2681/2681 3838/3838/3838
f 2571/2571/2571 4346/4346/4346 2455/2455/2455
f 4057/4057/4057 3152/3152/3152 4119/4119/4119
f 2998/2998/2998 2613/2613/2613 4312/4312/4312
f 3839/3839/3839 2969/2969/2969 2724/2724/2724
f 2734/2734/2734 3505/3505/3505 3335/3335/3335
f 2218/2218/2218 2219/2219/2219 2873/2873/2873
f 3436/3436/3436 3716/3716/3716 3763/3763/3763
f 3217/3217/3217 2671/2671/2671 2870/2870/2870
f 3553/3553/3553 3031/3031/3031 3187/3187/3187
f 3918/3918/3918 3563/3563/3563 3242/3242/3242
f 2841/2841/2841 2713/2713/2713 3402/3402/3402
f 3604/3604/3604 3420/3420/3420 3109/3109/3109
f 4299/4299/4299 2582/2582/2582 3977/3977/3977
f 4074/4074/4074 3384/3384/3384 3061/3061/3061
f 2499/2499/2499 2298/2298/2298 2299/2299/2299
f 3819/3819/3819 4154/4154/4154 4293/4293/4293
f 4141/4141/4141 2654/2654/2654 3555/3555/3555
f 3473/3473/3473 4036/4036/4036 3061/3061/3061
f 3430/3430/3430 3820/3820/3820 4157/4157/4157
f 2577/2577/2577 2744/2744/2744 3950/3950/3950
f 3404/3404/3404 4180/4180/4180 3500/3500/3500
f 4151/4151/4151 3935/3935/3935 2700/2700/2700
f 2983/2983/2983 3587/3587/3587 3243/3243/3243
f 2844/2844/2844 2694/2694/2694 2917/2917/2917
f 4265/4265/4265 3548/3548/3548 4204/4204/4204
f 3955/3955/3955 2768/2768/2768 3495/3495/3495
f 2497/2497/2497 3758/3758/3758 2966/2966/2966
f 3647/3647/3647 3212/3212/3212 4038/4038/4038
f 2757/2757/2757 2760/2760/2760 3776/3776/3776
f 2645/2645/2645 3154/3154/3154 3217/3217/3217
f 4232/4232/4232 3186/3186/3186 3319/3319/3319
f 3905/3905/3905 3201/3201/3201 4326/4326/4326
f 3609/3609/3609 4064/4064/4064 3917/3917/3917
f 2799/2799/2799 2981/2981/2981 2478/2478/2478
f 2376/2376/2376 4274/4274/4274 2934/2934/2934
f 2595/2595/2595 3511/3511/3511 4131/4131/4131
f 2968/2968/2968 3208/3208/3208 4187/4187/4187
f 4074/4074/4074 3859/3859/3859 3123/3123/3123
f 3493/3493/3493 3112/3112/3112 2656/2656/2656
f 3801/3801/3801 2468/2468/2468 2882/2882/2882
f 3237/3237/3237 2566/2566/2566 3173/3173/3173
f 4078/4078/4078 2855/2855/2855 2462/2462/2462
f 3335/3335/3335 3505/3505/3505 2872/2872/2872
f 2515/2515/2515 3886/3886/3886 2432/2432/2432
f 2929/2929/2929 3605/3605/3605 2826/2826/2826
f 3686/3686/3686 3488/3488/3488 2410/2410/2410
f 2856/2856/2856 3014/3014/3014 3311/3311/3311
f 3214/3214/3214 2610/2610/2610 3744/3744/3744
f 2502/2502/2502 3868/3868/3868 4047/4047/4047
f 3305/3305/3305 3038/3038/3038 3397/3397/3397
f 4089/4089/4089 3142/3142/3142 2453/2453/2453
f 3552/3552/3552 2459/2459/2459 3310/3310/3310
f 2719/2719/2719 3515/3515/3515 3818/3818/3818
f 3150/3150/3150 4020/4020/4020 3461/3461/3461
f 3769/3769/3769 2217/2217/2217 4265/4265/4265
f 3984/3984/3984 4000/4000/4000 3698/3698/3698
f 2465/2465/2465 3080/3080/3080 4014/4014/4014
f 4240/4240/4240 2533/2533/2533 3359/3359/3359
f 3326/3326/3326 4209/4209/4209 2858/2858/2858
f 3816/3816/3816 2371/2371/2371 2892/2892/2892
f 2344/2344/2344 2345/2345/2345 2611/2611/2611
f 4070/4070/4070 4003/4003/4003 2688/2688/2688
f 3836/3836/3836 3441/3441/3441 3370/3370/3370
f 2713/2713/2713 2841/2841/2841 2528/2528/2528
f 3363/3363/3363 3319/3319/3319 3406/3406/3406
f 2396/2396/2396 2370/2370/2370 2952/2952/2952
f 3064/3064/3064 3046/3046/3046 3749/3749/3749
f 4307/4307/4307 2951/2951/2951 2714/2714/2714
f 4123/4123/4123 2555/2555/2555 3244/3244/3244
f 2781/2781/2781 2806/2806/2806 3766/3766/3766
f 3686/3686/3686 2638/2638/2638 3909/3909/3909
f 3929/3929/3929 2414/2414/2414 3894/3894/3894
f 4269/4269/4269 2566/2566/2566 3237/3237/3237
f 3134/3134/3134 3323/3323/3323 2946/2946/2946
f 3739/3739/3739 3090/3090/3090 4046/4046/4046
f 3354/3354/3354 3045/3045/3045 3399/3399/3399
f 3460/3460/3460 2528/2528/2528 2553/2553/2553
f 3643/3643/3643 3633/3633/3633 2549/2549/2549
f 3678/3678/3678 3265/3265/3265 3997/3997/3997
f 2927/2927/2927 2884/2884/2884 2751/2751/2751
f 3570/3570/3570 4060/4060/4060 3804/3804/3804
f 4099/4099/4099 3176/3176/3176 3211/3211/3211
f 4327/4327/4327 3833/3833/3833 2394/2394/2394
f 4057/4057/4057 2887/2887/2887 3152/3152/3152
f 2819/2819/2819 3738/3738/3738 4029/4029/4029
f 2221/2221/2221 3174/3174/3174 2220/2220/2220
f 3993/3993/3993 3879/3879/3879 3793/3793/3793
f 3446/3446/3446 2365/2365/2365 2274/2274/2274
f 2853/2853/2853 2892/2892/2892 2375/2375/2375
f 4147/4147/4147 4122/4122/4122 3486/3486/3486
f 4149/4149/4149 3235/3235/3235 3887/3887/3887
f 3244/3244/3244 3481/3481/3481 3866/3866/3866
f 2578/2578/2578 3579/3579/3579 2663/2663/2663
f 3155/3155/3155 3037/3037/3037 3392/3392/3392
f 3736/3736/3736 3137/3137/3137 2709/2709/2709
f 3754/3754/3754 3693/3693/3693 2446/2446/2446
f 4327/4327/4327 3506/3506/3506 4119/4119/4119
f 2670/2670/2670 2626/2626/2626 3263/3263/3263
f 4157/4157/4157 3904/3904/3904 2435/2435/2435
f 3299/3299/3299 3899/3899/3899 3903/3903/3903
f 2725/2725/2725 4304/4304/4304 3030/3030/3030
f 3132/3132/3132 3221/3221/3221 4086/4086/4086
f 2343/2343/2343 2557/2557/2557 3204/3204/3204
f 2676/2676/2676 4196/4196/4196 2545/2545/2545
f 3388/3388/3388 3306/3306/3306 3273/3273/3273
f 2720/2720/2720 2366/2366/2366 2843/2843/2843
f 2728/2728/2728 3307/3307/3307 3078/3078/3078
f 3407/3407/3407 2564/2564/2564 2934/2934/2934
f 2657/2657/2657 4258/4258/4258 3294/3294/3294
f 2686/2686/2686 2822/2822/2822 4133/4133/4133
f 2933/2933/2933 3001/3001/3001 2784/2784/2784
f 3128/3128/3128 3326/3326/3326 2858/2858/2858
f 3732/3732/3732 2548/2548/2548 3571/3571/3571
f 2970/2970/2970 3168/3168/3168 4194/4194/4194
f 2361/2361/2361 3586/3586/3586 2782/2782/2782
f 2805/2805/2805 3803/3803/3803 3705/3705/3705
f 3335/3335/3335 3698/3698/3698 2734/2734/2734
f 2767/2767/2767 3651/3651/3651 4185/4185/4185
f 3895/3895/3895 2616/2616/2616 3537/3537/3537
f 2539/2539/2539 3424/3424/3424 2855/2855/2855
f 3773/3773/3773 3614/3614/3614 2518/2518/2518
f 2823/2823/2823 2923/2923/2923 3050/3050/3050
f 2632/2632/2632 3821/3821/3821 4104/4104/4104
f 3050/3050/3050 2923/2923/2923 3282/3282/3282
f 3981/3981/3981 2258/2258/2258 2259/2259/2259
f 2363/2363/2363 3389/3389/3389 4319/4319/4319
f 2941/2941/2941 2521/2521/2521 3876/3876/3876
f 3939/3939/3939 3931/3931/3931 3184/3184/3184
f 3462/3462/3462 3916/3916/3916 3920/3920/3920
f 2622/2622/2622 2454/2454/2454 3320/3320/3320
f 2481/2481/2481 3256/3256/3256 3222/3222/3222
f 4184/4184/4184 3292/3292/3292 2400/2400/2400
f 4001/4001/4001 3319/3319/3319 3644/3644/3644
f 3072/3072/3072 3263/3263/3263 2554/2554/2554
f 4069/4069/4069 3895/3895/3895 2477/2477/2477
f 3712/3712/3712 3230/3230/3230 4306/4306/4306
f 2838/2838/2838 2684/2684/2684 3628/3628/3628
f 4150/4150/4150 2386/2386/2386 2727/2727/2727
f 2937/2937/2937 3468/3468/3468 2687/2687/2687
f 4285/4285/4285 4136/4136/4136 3663/3663/3663
f 3187/3187/3187 3031/3031/3031 2950/2950/2950
f 2852/2852/2852 3763/3763/3763 2928/2928/2928
f 3277/3277/3277 3406/3406/3406 2772/2772/2772
f 4007/4007/4007 3953/3953/3953 2714/2714/2714
f 3918/3918/3918 3242/3242/3242 3268/3268/3268
f 4139/4139/4139 3337/3337/3337 3331/3331/3331
f 2573/2573/2573 3357/3357/3357 4151/4151/4151
f 3999/3999/3999 3716/3716/3716 2558/2558/2558
f 2604/2604/2604 2605/2605/2605 3003/3003/3003
f 3188/3188/3188 3857/3857/3857 3624/3624/3624
f 3579/3579/3579 2578/2578/2578 3791/3791/3791
f 3301/3301/3301 2936/2936/2936 3220/3220/3220
f 3948/3948/3948 2844/2844/2844 3587/3587/3587
f 2764/2764/2764 3845/3845/3845 2600/2600/2600
f 2383/2383/2383 2305/2305/2305 2306/2306/2306
f 3584/3584/3584 2464/2464/2464 4137/4137/4137
f 3075/3075/3075 3276/3276/3276 3038/3038/3038
f 2900/2900/2900 3860/3860/3860 3081/3081/3081
f 4151/4151/4151 3521/3521/3521 3384/3384/3384
f 4087/4087/4087 3520/3520/3520 3152/3152/3152
f 2703/2703/2703 3258/3258/3258 3873/3873/3873
f 3963/3963/3963 3598/3598/3598 3131/3131/3131
f 2881/2881/2881 2815/2815/2815 3659/3659/3659
f 2594/2594/2594 2470/2470/2470 2526/2526/2526
f 4203/4203/4203 4139/4139/4139 2710/2710/2710
f 3540/3540/3540 4180/4180/4180 2747/2747/2747
f 3927/3927/3927 3103/3103/3103 3006/3006/3006
f 4331/4331/4331 3637/3637/3637 2487/2487/2487
f 2766/2766/2766 2352/2352/2352 3350/3350/3350
f 2359/2359/2359 2857/2857/2857 4241/4241/4241
f 3729/3729/3729 3952/3952/3952 3526/3526/3526
f 3210/3210/3210 3520/3520/3520 4153/4153/4153
f 3363/3363/3363 3406/3406/3406 3277/3277/3277
f 3429/3429/3429 3235/3235/3235 4149/4149/4149
f 3340/3340/3340 2395/2395/2395 2779/2779/2779
f 2869/2869/2869 3226/3226/3226 3599/3599/3599
f 4006/4006/4006 2246/2246/2246 3692/3692/3692
f 3331/3331/3331 2710/2710/2710 4139/4139/4139
f 3140/3140/3140 3641/3641/3641 3157/3157/3157
f 4286/4286/4286 3686/3686/3686 3377/3377/3377
f 4330/4330/4330 2885/2885/2885 2971/2971/2971
f 2816/2816/2816 2613/2613/2613 2998/2998/2998
f 2803/2803/2803 3428/3428/3428 4352/4352/4352
f 2593/2593/2593 2380/2380/2380 3088/3088/3088
f 2926/2926/2926 2755/2755/2755 2369/2369/2369
f 2820/2820/2820 4283/4283/4283 3786/3786/3786
f 4191/4191/4191 3354/3354/3354 2690/2690/2690
f 4112/4112/4112 3887/3887/3887 2461/2461/2461
f 2447/2447/2447 4005/4005/4005 3513/3513/3513
f 4118/4118/4118 4021/4021/4021 3195/3195/3195
f 3817/3817/3817 2997/2997/2997 2484/2484/2484
f 3965/3965/3965 3376/3376/3376 3307/3307/3307
f 4249/4249/4249 3199/3199/3199 4174/4174/4174
f 3978/3978/3978 2732/2732/2732 3480/3480/3480
f 3843/3843/3843 3645/3645/3645 3305/3305/3305
f 3432/3432/3432 2530/2530/2530 4051/4051/4051
f 2260/2260/2260 4176/4176/4176 2259/2259/2259
f 3982/3982/3982 3104/3104/3104 3275/3275/3275
f 2953/2953/2953 4310/4310/4310 3395/3395/3395
f 2576/2576/2576 2290/2290/2290 2469/2469/2469
f 2893/2893/2893 4123/4123/4123 4267/4267/4267
f 3727/3727/3727 3363/3363/3363 3277/3277/3277
f 3460/3460/3460 2553/2553/2553 2476/2476/2476
f 3240/3240/3240 3155/3155/3155 3392/3392/3392
f 3146/3146/3146 4165/4165/4165 3507/3507/3507
f 3307/3307/3307 2728/2728/2728 4341/4341/4341
f 3047/3047/3047 3666/3666/3666 4195/4195/4195
f 2987/2987/2987 3823/3823/3823 3248/3248/3248
f 2592/2592/2592 3451/3451/3451 4317/4317/4317
f 3439/3439/3439 2405/2405/2405 3051/3051/3051
f 2913/2913/2913 3811/3811/3811 3856/3856/3856
f 3619/3619/3619 3499/3499/3499 3058/3058/3058
f 2531/2531/2531 2711/2711/2711 3437/3437/3437
f 4149/4149/4149 3887/3887/3887 3247/3247/3247
f 4105/4105/4105 2617/2617/2617 4216/4216/4216
f 2541/2541/2541 3656/3656/3656 2945/2945/2945
f 2508/2508/2508 2268/2268/2268 2363/2363/2363
f 4186/4186/4186 3421/3421/3421 2610/2610/2610
f 3084/3084/3084 4272/4272/4272 2866/2866/2866
f 3070/3070/3070 2701/2701/2701 2704/2704/2704
f 2810/2810/2810 2419/2419/2419 3234/3234/3234
f 3586/3586/3586 2361/2361/2361 3295/3295/3295
f 2891/2891/2891 3495/3495/3495 2919/2919/2919
f 4279/4279/4279 3970/3970/3970 2945/2945/2945
f 3823/3823/3823 3563/3563/3563 3918/3918/3918
f 2820/2820/2820 4224/4224/4224 2466/2466/2466
f 2947/2947/2947 3354/3354/3354 4191/4191/4191
f 3201/3201/3201 4110/4110/4110 3727/3727/3727
f 3099/3099/3099 3160/3160/3160 3702/3702/3702
f 2759/2759/2759 3915/3915/3915 4181/4181/4181
f 4197/4197/4197 2497/2497/2497 3536/3536/3536
f 3073/3073/3073 2651/2651/2651 3990/3990/3990
f 2225/2225/2225 2226/2226/2226 3959/3959/3959
f 4216/4216/4216 2550/2550/2550 3280/3280/3280
f 3962/3962/3962 2973/2973/2973 3179/3179/3179
f 4150/4150/4150 2727/2727/2727 2640/2640/2640
f 3781/3781/3781 3850/3850/3850 3049/3049/3049
f 3652/3652/3652 3830/3830/3830 3188/3188/3188
f 3190/3190/3190 2497/2497/2497 2966/2966/2966
f 2477/2477/2477 3771/3771/3771 2674/2674/2674
f 2983/2983/2983 3991/3991/3991 4293/4293/4293
f 2501/2501/2501 4109/4109/4109 3720/3720/3720
f 3883/3883/3883 2980/2980/2980 4262/4262/4262
f 2968/2968/2968 3714/3714/3714 3531/3531/3531
f 3960/3960/3960 3877/3877/3877 2874/2874/2874
f 3227/3227/3227 3116/3116/3116 3056/3056/3056
f 4211/4211/4211 4183/4183/4183 2466/2466/2466
f 3069/3069/3069 3296/3296/3296 3713/3713/3713
f 4106/4106/4106 2922/2922/2922 3679/3679/3679
f 4060/4060/4060 3764/3764/3764 3590/3590/3590
f 3477/3477/3477 3205/3205/3205 3978/3978/3978
f 2246/2246/2246 2247/2247/2247 3337/3337/3337
f 3853/3853/3853 3726/3726/3726 4063/4063/4063
f 2904/2904/2904 2617/2617/2617 3000/3000/3000
f 2779/2779/2779 2395/2395/2395 2716/2716/2716
f 2716/2716/2716 2412/2412/2412 3607/3607/3607
f 4204/4204/4204 3194/3194/3194 3925/3925/3925
f 4358/4358/4358 3224/3224/3224 3181/3181/3181
f 3635/3635/3635 4035/4035/4035 2485/2485/2485
f 2928/2928/2928 3740/3740/3740 3706/3706/3706
f 2403/2403/2403 3241/3241/3241 4208/4208/4208
f 4097/4097/4097 3897/3897/3897 2385/2385/2385
f 4073/4073/4073 2909/2909/2909 3846/3846/3846
f 2371/2371/2371 4014/4014/4014 2892/2892/2892
f 4210/4210/4210 2398/2398/2398 3889/3889/3889
f 3717/3717/3717 3144/3144/3144 2749/2749/2749
f 4201/4201/4201 3171/3171/3171 3713/3713/3713
f 3810/3810/3810 4083/4083/4083 4201/4201/4201
f 4228/4228/4228 3345/3345/3345 3741/3741/3741
f 4197/4197/4197 3124/3124/3124 3879/3879/3879
f 3288/3288/3288 4116/4116/4116 4246/4246/4246
f 3643/3643/3643 2771/2771/2771 3440/3440/3440
f 3175/3175/3175 3145/3145/3145 3115/3115/3115
f 2619/2619/2619 2269/2269/2269 2270/2270/2270
f 4082/4082/4082 3873/3873/3873 2880/2880/2880
f 2411/2411/2411 2725/2725/2725 3030/3030/3030
f 4260/4260/4260 3936/3936/3936 3161/3161/3161
f 3853/3853/3853 3290/3290/3290 3726/3726/3726
f 3799/3799/3799 2470/2470/2470 2594/2594/2594
f 3900/3900/3900 3255/3255/3255 4305/4305/4305
f 3876/3876/3876 3108/3108/3108 2493/2493/2493
f 4283/4283/4283 4183/4183/4183 2460/2460/2460
f 3487/3487/3487 3490/3490/3490 2749/2749/2749
f 3286/3286/3286 3730/3730/3730 2831/2831/2831
f 3720/3720/3720 3558/3558/3558 4353/4353/4353
f 2658/2658/2658 3451/3451/3451 3032/3032/3032
f 3660/3660/3660 3291/3291/3291 4106/4106/4106
f 3250/3250/3250 4055/4055/4055 4162/4162/4162
f 3669/3669/3669 2477/2477/2477 3895/3895/3895
f 2299/2299/2299 2300/2300/2300 3836/3836/3836
f 2608/2608/2608 2998/2998/2998 4312/4312/4312
f 3055/3055/3055 3595/3595/3595 3815/3815/3815
f 2521/2521/2521 3108/3108/3108 3876/3876/3876
f 3579/3579/3579 3610/3610/3610 3517/3517/3517
f 3241/3241/3241 3665/3665/3665 3754/3754/3754
f 4261/4261/4261 3767/3767/3767 2740/2740/2740
f 3567/3567/3567 4226/4226/4226 2581/2581/2581
f 4154/4154/4154 3819/3819/3819 4349/4349/4349
f 3856/3856/3856 3473/3473/3473 2913/2913/2913
f 2563/2563/2563 2485/2485/2485 4200/4200/4200
f 3913/3913/3913 2953/2953/2953 2498/2498/2498
f 3212/3212/3212 2279/2279/2279 2280/2280/2280
f 4032/4032/4032 4178/4178/4178 2323/2323/2323
f 4229/4229/4229 4149/4149/4149 3247/3247/3247
f 3430/3430/3430 2435/2435/2435 2721/2721/2721
f 3710/3710/3710 3371/3371/3371 2789/2789/2789
f 3721/3721/3721 3462/3462/3462 4278/4278/4278
f 3761/3761/3761 4278/4278/4278 3757/3757/3757
f 2479/2479/2479 3612/3612/3612 2951/2951/2951
f 3535/3535/3535 2604/2604/2604 3159/3159/3159
f 3850/3850/3850 2474/2474/2474 4320/4320/4320
f 3075/3075/3075 3038/3038/3038 3645/3645/3645
f 3004/3004/3004 2636/2636/2636 3065/3065/3065
f 4291/4291/4291 3045/3045/3045 3065/3065/3065
f 3352/3352/3352 3943/3943/3943 3953/3953/3953
f 3889/3889/3889 2414/2414/2414 3929/3929/3929
f 2344/2344/2344 4113/4113/4113 2343/2343/2343
f 3625/3625/3625 3377/3377/3377 3909/3909/3909
f 3361/3361/3361 4273/4273/4273 3036/3036/3036
f 4256/4256/4256 3995/3995/3995 3328/3328/3328
f 2934/2934/2934 3788/3788/3788 2376/2376/2376
f 3229/3229/3229 3675/3675/3675 3708/3708/3708
f 4155/4155/4155 3293/3293/3293 2675/2675/2675
f 3053/3053/3053 3994/3994/3994 3112/3112/3112
f 2916/2916/2916 2541/2541/2541 2631/2631/2631
f 2943/2943/2943 3663/3663/3663 4090/4090/4090
f 4063/4063/4063 3356/3356/3356 2905/2905/2905
f 3251/3251/3251 3380/3380/3380 3183/3183/3183
f 4193/4193/4193 4012/4012/4012 3233/3233/3233
f 4038/4038/4038 2660/2660/2660 3284/3284/3284
f 2450/2450/2450 3710/3710/3710 3664/3664/3664
f 2900/2900/2900 3366/3366/3366 3860/3860/3860
f 2757/2757/2757 3070/3070/3070 2599/2599/2599
f 4021/4021/4021 3776/3776/3776 2760/2760/2760
f 2709/2709/2709 3137/3137/3137 3816/3816/3816
f 3467/3467/3467 3641/3641/3641 3917/3917/3917
f 4359/4359/4359 2863/2863/2863 2616/2616/2616
f 2441/2441/2441 4058/4058/4058 2737/2737/2737
f 4103/4103/4103 3314/3314/3314 4089/4089/4089
f 3950/3950/3950 2743/2743/2743 4043/4043/4043
f 3333/3333/3333 2433/2433/2433 2874/2874/2874
f 2719/2719/2719 2959/2959/2959 3838/3838/3838
f 4249/4249/4249 2264/2264/2264 2265/2265/2265
f 3898/3898/3898 2640/2640/2640 3205/3205/3205
f 3921/3921/3921 3172/3172/3172 3313/3313/3313
f 2813/2813/2813 3982/3982/3982 4250/4250/4250
f 4341/4341/4341 4336/4336/4336 4227/4227/4227
f 2506/2506/2506 4329/4329/4329 2522/2522/2522
f 2793/2793/2793 3442/3442/3442 2492/2492/2492
f 4224/4224/4224 2820/2820/2820 3391/3391/3391
f 3749/3749/3749 4046/4046/4046 3064/3064/3064
f 3922/3922/3922 2875/2875/2875 3850/3850/3850
f 3118/3118/3118 2870/2870/2870 4168/4168/4168
f 3243/3243/3243 3173/3173/3173 3989/3989/3989
f 3996/3996/3996 4228/4228/4228 3417/3417/3417
f 3190/3190/3190 3381/3381/3381 3536/3536/3536
f 4326/4326/4326 3636/3636/3636 2471/2471/2471
f 2445/2445/2445 2850/2850/2850 4235/4235/4235
f 4096/4096/4096 3198/3198/3198 2998/2998/2998
f 2680/2680/2680 4071/4071/4071 2921/2921/2921
f 3035/3035/3035 3760/3760/3760 2496/2496/2496
f 2944/2944/2944 2919/2919/2919 3495/3495/3495
f 2288/2288/2288 2920/2920/2920 2287/2287/2287
f 3770/3770/3770 3956/3956/3956 3668/3668/3668
f 3769/3769/3769 2216/2216/2216 2217/2217/2217
f 3380/3380/3380 3486/3486/3486 3183/3183/3183
f 2809/2809/2809 3177/3177/3177 4225/4225/4225
f 4144/4144/4144 3600/3600/3600 2476/2476/2476
f 3153/3153/3153 3941/3941/3941 2433/2433/2433
f 4195/4195/4195 2717/2717/2717 3047/3047/3047
f 2522/2522/2522 2409/2409/2409 2395/2395/2395
f 3168/3168/3168 3409/3409/3409 3569/3569/3569
f 2705/2705/2705 3697/3697/3697 4140/4140/4140
f 3655/3655/3655 3282/3282/3282 3353/3353/3353
f 4314/4314/4314 2787/2787/2787 3689/3689/3689
f 3792/3792/3792 3576/3576/3576 3411/3411/3411
f 4019/4019/4019 4011/4011/4011 3942/3942/3942
f 4103/4103/4103 2453/2453/2453 2457/2457/2457
f 3481/3481/3481 3244/3244/3244 2555/2555/2555
f 2806/2806/2806 2781/2781/2781 3373/3373/3373
f 2979/2979/2979 2880/2880/2880 4054/4054/4054
f 2754/2754/2754 2420/2420/2420 3404/3404/3404
f 4053/4053/4053 2777/2777/2777 3334/3334/3334
f 3062/3062/3062 3058/3058/3058 3499/3499/3499
f 3755/3755/3755 3482/3482/3482 2399/2399/2399
f 4221/4221/4221 2371/2371/2371 2482/2482/2482
f 4333/4333/4333 4213/4213/4213 3238/3238/3238
f 2302/2302/2302 3193/3193/3193 2301/2301/2301
f 4043/4043/4043 2653/2653/2653 2577/2577/2577
f 2389/2389/2389 2608/2608/2608 4312/4312/4312
f 2572/2572/2572 4219/4219/4219 4339/4339/4339
f 3943/3943/3943 3144/3144/3144 2605/2605/2605
f 2869/2869/2869 2960/2960/2960 3706/3706/3706
f 4028/4028/4028 2484/2484/2484 2997/2997/2997
f 2540/2540/2540 2503/2503/2503 4297/4297/4297
f 3855/3855/3855 2231/2231/2231 2232/2232/2232
f 4262/4262/4262 2980/2980/2980 3315/3315/3315
f 3023/3023/3023 3412/3412/3412 3805/3805/3805
f 2736/2736/2736 3552/3552/3552 3310/3310/3310
f 3022/3022/3022 3481/3481/3481 4315/4315/4315
f 2415/2415/2415 2272/2272/2272 3231/3231/3231
f 4288/4288/4288 4211/4211/4211 2542/2542/2542
f 3970/3970/3970 2706/2706/2706 2473/2473/2473
f 4279/4279/4279 3807/3807/3807 3970/3970/3970
f 2687/2687/2687 2954/2954/2954 3364/3364/3364
f 2514/2514/2514 2593/2593/2593 4238/4238/4238
f 3820/3820/3820 3703/3703/3703 2425/2425/2425
f 3811/3811/3811 4141/4141/4141 3442/3442/3442
f 2815/2815/2815 3822/3822/3822 3659/3659/3659
f 2794/2794/2794 3209/3209/3209 3005/3005/3005
f 3233/3233/3233 4012/4012/4012 4066/4066/4066
f 4215/4215/4215 3757/3757/3757 4242/4242/4242
f 2803/2803/2803 3445/3445/3445 4284/4284/4284
f 2702/2702/2702 3464/3464/3464 3170/3170/3170
f 3656/3656/3656 3846/3846/3846 2909/2909/2909
f 2937/2937/2937 3364/3364/3364 3698/3698/3698
f 2340/2340/2340 3725/3725/3725 4210/4210/4210
f 2496/2496/2496 3316/3316/3316 2482/2482/2482
f 2223/2223/2223 2224/2224/2224 3483/3483/3483
f 3936/3936/3936 4260/4260/4260 3197/3197/3197
f 2925/2925/2925 3394/3394/3394 3771/3771/3771
f 3722/3722/3722 4289/4289/4289 3185/3185/3185
f 4288/4288/4288 3509/3509/3509 4211/4211/4211
f 4304/4304/4304 2725/2725/2725 3787/3787/3787
f 2576/2576/2576 2289/2289/2289 2290/2290/2290
f 3533/3533/3533 3037/3037/3037 3155/3155/3155
f 3247/3247/3247 4191/4191/4191 3476/3476/3476
f 4123/4123/4123 2695/2695/2695 2320/2320/2320
f 2217/2217/2217 2218/2218/2218 2894/2894/2894
f 2434/2434/2434 3151/3151/3151 2630/2630/2630
f 4346/4346/4346 4114/4114/4114 2455/2455/2455
f 2491/2491/2491 3662/3662/3662 3029/3029/3029
f 3019/3019/3019 4004/4004/4004 3510/3510/3510
f 4056/4056/4056 3164/3164/3164 2427/2427/2427
f 2984/2984/2984 2761/2761/2761 3891/3891/3891
f 3535/3535/3535 3159/3159/3159 2834/2834/2834
f 2530/2530/2530 3432/3432/3432 2417/2417/2417
f 3867/3867/3867 3945/3945/3945 3388/3388/3388
f 4169/4169/4169 3409/3409/3409 2975/2975/2975
f 3714/3714/3714 2412/2412/2412 3531/3531/3531
f 4002/4002/4002 3829/3829/3829 2824/2824/2824
f 3340/3340/3340 3166/3166/3166 2484/2484/2484
f 3135/3135/3135 3465/3465/3465 3484/3484/3484
f 4247/4247/4247 3703/3703/3703 3167/3167/3167
f 3990/3990/3990 2486/2486/2486 2791/2791/2791
f 2439/2439/2439 3546/3546/3546 4313/4313/4313
f 2928/2928/2928 3763/3763/3763 3999/3999/3999
f 4336/4336/4336 2376/2376/2376 4227/4227/4227
f 3525/3525/3525 2288/2288/2288 2289/2289/2289
f 4356/4356/4356 4302/4302/4302 3013/3013/3013
f 3369/3369/3369 3169/3169/3169 3316/3316/3316
f 3597/3597/3597 3863/3863/3863 2533/2533/2533
f 2818/2818/2818 3469/3469/3469 2906/2906/2906
f 3214/3214/3214 2454/2454/2454 2622/2622/2622
f 3742/3742/3742 3785/3785/3785 2677/2677/2677
f 3902/3902/3902 3262/3262/3262 3039/3039/3039
f 3794/3794/3794 3351/3351/3351 3322/3322/3322
f 2764/2764/2764 3167/3167/3167 3703/3703/3703
f 3192/3192/3192 3704/3704/3704 3071/3071/3071
f 3363/3363/3363 4232/4232/4232 3319/3319/3319
f 2782/2782/2782 3646/3646/3646 3780/3780/3780
f 2314/2314/2314 3502/3502/3502 3601/3601/3601
f 4085/4085/4085 2862/2862/2862 3533/3533/3533
f 3973/3973/3973 2791/2791/2791 2967/2967/2967
f 3622/3622/3622 3751/3751/3751 3913/3913/3913
f 2660/2660/2660 3996/3996/3996 2762/2762/2762
f 2898/2898/2898 2649/2649/2649 3124/3124/3124
f 3523/3523/3523 3831/3831/3831 3231/3231/3231
f 4168/4168/4168 2870/2870/2870 3715/3715/3715
f 3919/3919/3919 3466/3466/3466 3339/3339/3339
f 4246/4246/4246 4116/4116/4116 3501/3501/3501
f 3709/3709/3709 2439/2439/2439 4313/4313/4313
f 3620/3620/3620 2648/2648/2648 4314/4314/4314
f 3411/3411/3411 3777/3777/3777 3324/3324/3324
f 3724/3724/3724 3022/3022/3022 4315/4315/4315
f 3406/3406/3406 3319/3319/3319 4001/4001/4001
f 2465/2465/2465 3344/3344/3344 3080/3080/3080
f 2795/2795/2795 3106/3106/3106 3093/3093/3093
f 3646/3646/3646 2782/2782/2782 4188/4188/4188
f 4277/4277/4277 3107/3107/3107 4182/4182/4182
f 3829/3829/3829 3478/3478/3478 2797/2797/2797
f 2428/2428/2428 2867/2867/2867 4167/4167/4167
f 3828/3828/3828 4146/4146/4146 2662/2662/2662
f 3130/3130/3130 2689/2689/2689 2788/2788/2788
f 2366/2366/2366 2783/2783/2783 3415/3415/3415
f 3808/3808/3808 2535/2535/2535 3036/3036/3036
f 3778/3778/3778 2738/2738/2738 2634/2634/2634
f 4048/4048/4048 3618/3618/3618 2406/2406/2406
f 3454/3454/3454 3426/3426/3426 4045/4045/4045
f 3688/3688/3688 4167/4167/4167 3254/3254/3254
f 3383/3383/3383 2618/2618/2618 3756/3756/3756
f 2864/2864/2864 3311/3311/3311 2976/2976/2976
f 3599/3599/3599 2669/2669/2669 3403/3403/3403
f 3243/3243/3243 2996/2996/2996 2983/2983/2983
f 2625/2625/2625 3997/3997/3997 3050/3050/3050
f 2899/2899/2899 3534/3534/3534 4082/4082/4082
f 2893/2893/2893 4267/4267/4267 2888/2888/2888
f 2536/2536/2536 2329/2329/2329 2330/2330/2330
f 4224/4224/4224 2964/2964/2964 2936/2936/2936
f 4087/4087/4087 3334/3334/3334 2777/2777/2777
f 4145/4145/4145 2439/2439/2439 2807/2807/2807
f 2577/2577/2577 2901/2901/2901 2744/2744/2744
f 4287/4287/4287 3959/3959/3959 2423/2423/2423
f 2235/2235/2235 2236/2236/2236 3396/3396/3396
f 2760/2760/2760 2757/2757/2757 2599/2599/2599
f 3081/3081/3081 3860/3860/3860 3954/3954/3954
f 2794/2794/2794 3078/3078/3078 3376/3376/3376
f 3006/3006/3006 3339/3339/3339 3844/3844/3844
f 4141/4141/4141 3811/3811/3811 4328/4328/4328
f 3341/3341/3341 2979/2979/2979 4054/4054/4054
f 2450/2450/2450 2448/2448/2448 3263/3263/3263
f 4103/4103/4103 4243/4243/4243 4350/4350/4350
f 3591/3591/3591 3875/3875/3875 3530/3530/3530
f 3887/3887/3887 3235/3235/3235 2461/2461/2461
f 4014/4014/4014 2371/2371/2371 4221/4221/4221
f 4026/4026/4026 4129/4129/4129 2955/2955/2955
f 4251/4251/4251 4301/4301/4301 4165/4165/4165
f 2563/2563/2563 2237/2237/2237 2238/2238/2238
f 3039/3039/3039 3262/3262/3262 2547/2547/2547
f 4337/4337/4337 2697/2697/2697 4192/4192/4192
f 2780/2780/2780 2970/2970/2970 3642/3642/3642
f 3784/3784/3784 2216/2216/2216 3769/3769/3769
f 4339/4339/4339 2398/2398/2398 3725/3725/3725
f 3089/3089/3089 4236/4236/4236 2379/2379/2379
f 2217/2217/2217 2894/2894/2894 4265/4265/4265
f 3893/3893/3893 3000/3000/3000 2598/2598/2598
f 3146/3146/3146 3227/3227/3227 3965/3965/3965
f 3127/3127/3127 3438/3438/3438 3511/3511/3511
f 4342/4342/4342 2339/2339/2339 2340/2340/2340
f 4111/4111/4111 3363/3363/3363 3727/3727/3727
f 2910/2910/2910 2697/2697/2697 4337/4337/4337
f 4180/4180/4180 2420/2420/2420 3745/3745/3745
f 3064/3064/3064 2400/2400/2400 2958/2958/2958
f 2676/2676/2676 2875/2875/2875 3922/3922/3922
f 4280/4280/4280 3569/3569/3569 3094/3094/3094
f 4206/4206/4206 3280/3280/3280 4120/4120/4120
f 4031/4031/4031 2801/2801/2801 3384/3384/3384
f 4349/4349/4349 4226/4226/4226 3567/3567/3567
f 4340/4340/4340 4080/4080/4080 3161/3161/3161
f 3777/3777/3777 3411/3411/3411 3576/3576/3576
f 3617/3617/3617 3927/3927/3927 2490/2490/2490
f 2585/2585/2585 2500/2500/2500 2421/2421/2421
f 2993/2993/2993 3762/3762/3762 3566/3566/3566
f 4360/4360/4360 3090/3090/3090 3739/3739/3739
f 3723/3723/3723 3260/3260/3260 4009/4009/4009
f 3260/3260/3260 3568/3568/3568 2915/2915/2915
f 4156/4156/4156 3843/3843/3843 3812/3812/3812
f 2801/2801/2801 4031/4031/4031 4324/4324/4324
f 3428/3428/3428 3336/3336/3336 2540/2540/2540
f 2767/2767/2767 2639/2639/2639 4347/4347/4347
f 2841/2841/2841 3449/3449/3449 2553/2553/2553
f 2302/2302/2302 2303/2303/2303 2957/2957/2957
f 3966/3966/3966 3414/3414/3414 3910/3910/3910
f 4212/4212/4212 3825/3825/3825 2646/2646/2646
f 2693/2693/2693 3797/3797/3797 3434/3434/3434
f 4240/4240/4240 2846/2846/2846 3980/3980/3980
f 3650/3650/3650 4302/4302/4302 4356/4356/4356
f 4259/4259/4259 3525/3525/3525 3524/3524/3524
f 3815/3815/3815 3595/3595/3595 3467/3467/3467
f 4322/4322/4322 4092/4092/4092 3055/3055/3055
f 4090/4090/4090 3216/3216/3216 2413/2413/2413
f 3933/3933/3933 3893/3893/3893 2598/2598/2598
f 4078/4078/4078 3283/3283/3283 3603/3603/3603
f 3288/3288/3288 3074/3074/3074 2771/2771/2771
f 4273/4273/4273 3163/3163/3163 3269/3269/3269
f 2481/2481/2481 3222/3222/3222 2403/2403/2403
f 4533/4533/4533 4422/4422/4422 4445/4445/4445
f 4497/4497/4497 4484/4484/4484 4472/4472/4472
f 4396/4396/4396 4410/4410/4410 4397/4397/4397
f 4483/4483/4483 4464/4464/4464 4467/4467/4467
f 4411/4411/4411 4460/4460/4460 4472/4472/4472
f 4516/4516/4516 4470/4470/4470 4456/4456/4456
f 4434/4434/4434 4504/4504/4504 4440/4440/4440
f 4431/4431/4431 4374/4374/4374 4373/4373/4373
f 4540/4540/4540 4521/4521/4521 4524/4524/4524
f 4368/4368/4368 4367/4367/4367 4467/4467/4467
f 4527/4527/4527 4444/4444/4444 4507/4507/4507
f 4540/4540/4540 4450/4450/4450 4535/4535/4535
f 4432/4432/4432 4378/4378/4378 4377/4377/4377
f 4499/4499/4499 4498/4498/4498 4494/4494/4494
f 4544/4544/4544 4488/4488/4488 4421/4421/4421
f 4475/4475/4475 4499/4499/4499 4494/4494/4494
f 4403/4403/4403 4520/4520/4520 4432/4432/4432
f 4494/4494/4494 4470/4470/4470 4475/4475/4475
f 4447/4447/4447 4471/4471/4471 4413/4413/4413
f 4517/4517/4517 4392/4392/4392 4448/4448/4448
f 4514/4514/4514 4377/4377/4377 4376/4376/4376
f 4421/4421/4421 4488/4488/4488 4498/4498/4498
f 4476/4476/4476 4446/4446/4446 4459/4459/4459
f 4469/4469/4469 4454/4454/4454 4406/4406/4406
f 4413/4413/4413 4532/4532/4532 4531/4531/4531
f 4419/4419/4419 4389/4389/4389 4415/4415/4415
f 4479/4479/4479 4457/4457/4457 4444/4444/4444
f 4387/4387/4387 4386/4386/4386 4525/4525/4525
f 4500/4500/4500 4458/4458/4458 4509/4509/4509
f 4474/4474/4474 4454/4454/4454 4412/4412/4412
f 4443/4443/4443 4436/4436/4436 4420/4420/4420
f 4526/4526/4526 4462/4462/4462 4472/4472/4472
f 4463/4463/4463 4419/4419/4419 4457/4457/4457
f 4472/4472/4472 4460/4460/4460 4526/4526/4526
f 4394/4394/4394 4481/4481/4481 4477/4477/4477
f 4549/4549/4549 4367/4367/4367 4366/4366/4366
f 4361/4361/4361 4399/4399/4399 4398/4398/4398
f 4419/4419/4419 4418/4418/4418 4390/4390/4390
f 4548/4548/4548 4466/4466/4466 4460/4460/4460
f 4425/4425/4425 4500/4500/4500 4401/4401/4401
f 4418/4418/4418 4463/4463/4463 4439/4439/4439
f 4446/4446/4446 4455/4455/4455 4501/4501/4501
f 4426/4426/4426 4436/4436/4436 4443/4443/4443
f 4406/4406/4406 4503/4503/4503 4518/4518/4518
f 4470/4470/4470 4373/4373/4373 4372/4372/4372
f 4424/4424/4424 4536/4536/4536 4529/4529/4529
f 4468/4468/4468 4513/4513/4513 4506/4506/4506
f 4538/4538/4538 4423/4423/4423 4526/4526/4526
f 4464/4464/4464 4512/4512/4512 4437/4437/4437
f 4371/4371/4371 4456/4456/4456 4372/4372/4372
f 4519/4519/4519 4454/4454/4454 4469/4469/4469
f 4455/4455/4455 4391/4391/4391 4418/4418/4418
f 4544/4544/4544 4441/4441/4441 4413/4413/4413
f 4530/4530/4530 4450/4450/4450 4528/4528/4528
f 4473/4473/4473 4508/4508/4508 4485/4485/4485
f 4456/4456/4456 4468/4468/4468 4516/4516/4516
f 4443/4443/4443 4519/4519/4519 4426/4426/4426
f 4439/4439/4439 4455/4455/4455 4418/4418/4418
f 4535/4535/4535 4489/4489/4489 4547/4547/4547
f 4429/4429/4429 4508/4508/4508 4473/4473/4473
f 4410/4410/4410 4533/4533/4533 4397/4397/4397
f 4381/4381/4381 4449/4449/4449 4382/4382/4382
f 4508/4508/4508 4486/4486/4486 4485/4485/4485
f 4474/4474/4474 4499/4499/4499 4475/4475/4475
f 4483/4483/4483 4367/4367/4367 4405/4405/4405
f 4431/4431/4431 4494/4494/4494 4452/4452/4452
f 4452/4452/4452 4374/4374/4374 4431/4431/4431
f 4531/4531/4531 4488/4488/4488 4544/4544/4544
f 4401/4401/4401 4509/4509/4509 4534/4534/4534
f 4523/4523/4523 4449/4449/4449 4447/4447/4447
f 4388/4388/4388 4442/4442/4442 4453/4453/4453
f 4440/4440/4440 4546/4546/4546 4434/4434/4434
f 4501/4501/4501 4459/4459/4459 4446/4446/4446
f 4362/4362/4362 4497/4497/4497 4363/4363/4363
f 4416/4416/4416 4543/4543/4543 4479/4479/4479
f 4453/4453/4453 4427/4427/4427 4444/4444/4444
f 4491/4491/4491 4388/4388/4388 4387/4387/4387
f 4430/4430/4430 4549/4549/4549 4366/4366/4366
f 4502/4502/4502 4430/4430/4430 4473/4473/4473
f 4475/4475/4475 4503/4503/4503 4409/4409/4409
f 4431/4431/4431 4373/4373/4373 4470/4470/4470
f 4445/4445/4445 4422/4422/4422 4361/4361/4361
f 4515/4515/4515 4396/4396/4396 4395/4395/4395
f 4446/4446/4446 4476/4476/4476 4402/4402/4402
f 4490/4490/4490 4489/4489/4489 4433/4433/4433
f 4416/4416/4416 4459/4459/4459 4439/4439/4439
f 4540/4540/4540 4524/4524/4524 4528/4528/4528
f 4425/4425/4425 4401/4401/4401 4383/4383/4383
f 4457/4457/4457 4453/4453/4453 4444/4444/4444
f 4548/4548/4548 4460/4460/4460 4515/4515/4515
f 4431/4431/4431 4470/4470/4470 4494/4494/4494
f 4522/4522/4522 4480/4480/4480 4482/4482/4482
f 4523/4523/4523 4441/4441/4441 4493/4493/4493
f 4542/4542/4542 4376/4376/4376 4375/4375/4375
f 4407/4407/4407 4471/4471/4471 4447/4447/4447
f 4429/4429/4429 4365/4365/4365 4364/4364/4364
f 4430/4430/4430 4366/4366/4366 4365/4365/4365
f 4420/4420/4420 4430/4430/4430 4502/4502/4502
f 4521/4521/4521 4451/4451/4451 4400/4400/4400
f 4544/4544/4544 4413/4413/4413 4531/4531/4531
f 4435/4435/4435 4518/4518/4518 4404/4404/4404
f 4531/4531/4531 4532/4532/4532 4417/4417/4417
f 4432/4432/4432 4417/4417/4417 4403/4403/4403
f 4502/4502/4502 4473/4473/4473 4485/4485/4485
f 4484/4484/4484 4410/4410/4410 4472/4472/4472
f 4387/4387/4387 4525/4525/4525 4491/4491/4491
f 4371/4371/4371 4513/4513/4513 4468/4468/4468
f 4546/4546/4546 4492/4492/4492 4539/4539/4539
f 4367/4367/4367 4483/4483/4483 4467/4467/4467
f 4498/4498/4498 4546/4546/4546 4421/4421/4421
f 4499/4499/4499 4492/4492/4492 4546/4546/4546
f 4498/4498/4498 4452/4452/4452 4494/4494/4494
f 4376/4376/4376 4542/4542/4542 4514/4514/4514
f 4458/4458/4458 4500/4500/4500 4478/4478/4478
f 4523/4523/4523 4510/4510/4510 4478/4478/4478
f 4418/4418/4418 4419/4419/4419 4463/4463/4463
f 4490/4490/4490 4536/4536/4536 4489/4489/4489
f 4482/4482/4482 4487/4487/4487 4504/4504/4504
f 4493/4493/4493 4504/4504/4504 4510/4510/4510
f 4403/4403/4403 4532/4532/4532 4380/4380/4380
f 4449/4449/4449 4381/4381/4381 4407/4407/4407
f 4534/4534/4534 4509/4509/4509 4438/4438/4438
f 4487/4487/4487 4482/4482/4482 4480/4480/4480
f 4546/4546/4546 4539/4539/4539 4434/4434/4434
f 4367/4367/4367 4465/4465/4465 4405/4405/4405
f 4439/4439/4439 4463/4463/4463 4543/4543/4543
f 4394/4394/4394 4477/4477/4477 4395/4395/4395
f 4462/4462/4462 4497/4497/4497 4472/4472/4472
f 4394/4394/4394 4393/4393/4393 4481/4481/4481
f 4511/4511/4511 4545/4545/4545 4461/4461/4461
f 4389/4389/4389 4419/4419/4419 4390/4390/4390
f 4388/4388/4388 4491/4491/4491 4442/4442/4442
f 4375/4375/4375 4374/4374/4374 4452/4452/4452
f 4390/4390/4390 4418/4418/4418 4391/4391/4391
f 4535/4535/4535 4547/4547/4547 4540/4540/4540
f 4547/4547/4547 4489/4489/4489 4402/4402/4402
f 4406/4406/4406 4454/4454/4454 4409/4409/4409
f 4472/4472/4472 4410/4410/4410 4411/4411/4411
f 4521/4521/4521 4400/4400/4400 4495/4495/4495
f 4480/4480/4480 4527/4527/4527 4487/4487/4487
f 4486/4486/4486 4545/4545/4545 4450/4450/4450
f 4541/4541/4541 4505/4505/4505 4539/4539/4539
f 4405/4405/4405 4465/4465/4465 4436/4436/4436
f 4442/4442/4442 4438/4438/4438 4427/4427/4427
f 4383/4383/4383 4428/4428/4428 4425/4425/4425
f 4406/4406/4406 4518/4518/4518 4435/4435/4435
f 4541/4541/4541 4539/4539/4539 4492/4492/4492
f 4415/4415/4415 4453/4453/4453 4457/4457/4457
f 4509/4509/4509 4458/4458/4458 4427/4427/4427
f 4524/4524/4524 4521/4521/4521 4495/4495/4495
f 4417/4417/4417 4532/4532/4532 4403/4403/4403
f 4442/4442/4442 4427/4427/4427 4453/4453/4453
f 4534/4534/4534 4438/4438/4438 4525/4525/4525
f 4544/4544/4544 4421/4421/4421 4440/4440/4440
f 4505/4505/4505 4482/4482/4482 4504/4504/4504
f 4377/4377/4377 4514/4514/4514 4417/4417/4417
f 4507/4507/4507 4444/4444/4444 4458/4458/4458
f 4450/4450/4450 4545/4545/4545 4511/4511/4511
f 4533/4533/4533 4445/4445/4445 4398/4398/4398
f 4362/4362/4362 4422/4422/4422 4497/4497/4497
f 4489/4489/4489 4511/4511/4511 4433/4433/4433
f 4537/4537/4537 4536/4536/4536 4517/4517/4517
f 4529/4529/4529 4393/4393/4393 4424/4424/4424
f 4457/4457/4457 4419/4419/4419 4415/4415/4415
f 4435/4435/4435 4469/4469/4469 4406/4406/4406
f 4504/4504/4504 4493/4493/4493 4440/4440/4440
f 4405/4405/4405 4414/4414/4414 4483/4483/4483
f 4461/4461/4461 4496/4496/4496 4433/4433/4433
f 4545/4545/4545 4508/4508/4508 4538/4538/4538
f 4529/4529/4529 4496/4496/4496 4481/4481/4481
f 4429/4429/4429 4364/4364/4364 4423/4423/4423
f 4377/4377/4377 4417/4417/4417 4432/4432/4432
f 4404/4404/4404 4512/4512/4512 4464/4464/4464
f 4466/4466/4466 4545/4545/4545 4538/4538/4538
f 4502/4502/4502 4443/4443/4443 4420/4420/4420
f 4459/4459/4459 4522/4522/4522 4451/4451/4451
f 4512/4512/4512 4506/4506/4506 4369/4369/4369
f 4409/4409/4409 4454/4454/4454 4474/4474/4474
f 4492/4492/4492 4499/4499/4499 4474/4474/4474
f 4474/4474/4474 4475/4475/4475 4409/4409/4409
f 4379/4379/4379 4520/4520/4520 4403/4403/4403
f 4484/4484/4484 4422/4422/4422 4533/4533/4533
f 4536/4536/4536 4402/4402/4402 4489/4489/4489
f 4533/4533/4533 4398/4398/4398 4397/4397/4397
f 4422/4422/4422 4362/4362/4362 4361/4361/4361
f 4483/4483/4483 4414/4414/4414 4464/4464/4464
f 4424/4424/4424 4393/4393/4393 4517/4517/4517
f 4441/4441/4441 4544/4544/4544 4440/4440/4440
f 4465/4465/4465 4367/4367/4367 4549/4549/4549
f 4471/4471/4471 4381/4381/4381 4380/4380/4380
f 4541/4541/4541 4474/4474/4474 4412/4412/4412
f 4526/4526/4526 4460/4460/4460 4466/4466/4466
f 4363/4363/4363 4462/4462/4462 4423/4423/4423
f 4510/4510/4510 4504/4504/4504 4487/4487/4487
f 4479/4479/4479 4444/4444/4444 4527/4527/4527
f 4407/4407/4407 4381/4381/4381 4471/4471/4471
f 4530/4530/4530 4528/4528/4528 4443/4443/4443
f 4389/4389/4389 4453/4453/4453 4415/4415/4415
f 4478/4478/4478 4425/4425/4425 4428/4428/4428
f 4508/4508/4508 4429/4429/4429 4538/4538/4538
f 4537/4537/4537 4517/4517/4517 4448/4448/4448
f 4537/4537/4537 4455/4455/4455 4446/4446/4446
f 4447/4447/4447 4413/4413/4413 4441/4441/4441
f 4435/4435/4435 4414/4414/4414 4408/4408/4408
f 4465/4465/4465 4420/4420/4420 4436/4436/4436
f 4529/4529/4529 4490/4490/4490 4496/4496/4496
f 4446/4446/4446 4536/4536/4536 4537/4537/4537
f 4363/4363/4363 4423/4423/4423 4364/4364/4364
f 4509/4509/4509 4427/4427/4427 4438/4438/4438
f 4518/4518/4518 4516/4516/4516 4468/4468/4468
f 4477/4477/4477 4481/4481/4481 4496/4496/4496
f 4417/4417/4417 4514/4514/4514 4531/4531/4531
f 4547/4547/4547 4476/4476/4476 4451/4451/4451
f 4405/4405/4405 4436/4436/4436 4408/4408/4408
f 4542/4542/4542 4452/4452/4452 4488/4488/4488
f 4545/4545/4545 4466/4466/4466 4461/4461/4461
f 4535/4535/4535 4450/4450/4450 4511/4511/4511
f 4408/4408/4408 4469/4469/4469 4435/4435/4435
f 4396/4396/4396 4411/4411/4411 4410/4410/4410
f 4523/4523/4523 4428/4428/4428 4449/4449/4449
f 4509/4509/4509 4401/4401/4401 4500/4500/4500
f 4499/4499/4499 4546/4546/4546 4498/4498/4498
f 4447/4447/4447 4441/4441/4441 4523/4523/4523
f 4542/4542/4542 4488/4488/4488 4531/4531/4531
f 4404/4404/4404 4468/4468/4468 4512/4512/4512
f 4371/4371/4371 4370/4370/4370 4513/4513/4513
f 4404/4404/4404 4518/4518/4518 4468/4468/4468
f 4407/4407/4407 4447/4447/4447 4449/4449/4449
f 4486/4486/4486 4508/4508/4508 4545/4545/4545
f 4455/4455/4455 4537/4537/4537 4448/4448/4448
f 4461/4461/4461 4433/4433/4433 4511/4511/4511
f 4540/4540/4540 4547/4547/4547 4521/4521/4521
f 4402/4402/4402 4536/4536/4536 4446/4446/4446
f 4421/4421/4421 4546/4546/4546 4440/4440/4440
f 4539/4539/4539 4505/4505/4505 4434/4434/4434
f 4454/4454/4454 4524/4524/4524 4412/4412/4412
f 4518/4518/4518 4503/4503/4503 4516/4516/4516
f 4383/4383/4383 4401/4401/4401 4384/4384/4384
f 4413/4413/4413 4471/4471/4471 4532/4532/4532
f 4543/4543/4543 4416/4416/4416 4439/4439/4439
f 4505/4505/4505 4504/4504/4504 4434/4434/4434
f 4477/4477/4477 4548/4548/4548 4515/4515/4515
f 4382/4382/4382 4449/4449/4449 4428/4428/4428
f 4474/4474/4474 4541/4541/4541 4492/4492/4492
f 4414/4414/4414 4405/4405/4405 4408/4408/4408
f 4400/4400/4400 4505/4505/4505 4495/4495/4495
f 4428/4428/4428 4383/4383/4383 4382/4382/4382
f 4437/4437/4437 4369/4369/4369 4368/4368/4368
f 4406/4406/4406 4409/4409/4409 4503/4503/4503
f 4450/4450/4450 4540/4540/4540 4528/4528/4528
f 4369/4369/4369 4506/4506/4506 4370/4370/4370
f 4440/4440/4440 4493/4493/4493 4441/4441/4441
f 4458/4458/4458 4444/4444/4444 4427/4427/4427
f 4363/4363/4363 4497/4497/4497 4462/4462/4462
f 4533/4533/4533 4410/4410/4410 4484/4484/4484
f 4379/4379/4379 4403/4403/4403 4380/4380/4380
f 4525/4525/4525 4386/4386/4386 4385/4385/4385
f 4485/4485/4485 4486/4486/4486 4530/4530/4530
f 4495/4495/4495 4505/4505/4505 4541/4541/4541
f 4426/4426/4426 4469/4469/4469 4408/4408/4408
f 4543/4543/4543 4463/4463/4463 4457/4457/4457
f 4414/4414/4414 4435/4435/4435 4464/4464/4464
f 4412/4412/4412 4495/4495/4495 4541/4541/4541
f 4488/4488/4488 4452/4452/4452 4498/4498/4498
f 4467/4467/4467 4464/4464/4464 4437/4437/4437
f 4503/4503/4503 4475/4475/4475 4470/4470/4470
f 4375/4375/4375 4452/4452/4452 4542/4542/4542
f 4400/4400/4400 4482/4482/4482 4505/4505/4505
f 4393/4393/4393 4529/4529/4529 4481/4481/4481
f 4404/4404/4404 4464/4464/4464 4435/4435/4435
f 4470/4470/4470 4372/4372/4372 4456/4456/4456
f 4455/4455/4455 4448/4448/4448 4391/4391/4391
f 4424/4424/4424 4517/4517/4517 4536/4536/4536
f 4437/4437/4437 4512/4512/4512 4369/4369/4369
f 4467/4467/4467 4437/4437/4437 4368/4368/4368
f 4426/4426/4426 4519/4519/4519 4469/4469/4469
f 4513/4513/4513 4370/4370/4370 4506/4506/4506
f 4520/4520/4520 4378/4378/4378 4432/4432/4432
f 4542/4542/4542 4531/4531/4531 4514/4514/4514
f 4524/4524/4524 4495/4495/4495 4412/4412/4412
f 4400/4400/4400 4522/4522/4522 4482/4482/4482
f 4496/4496/4496 4490/4490/4490 4433/4433/4433
f 4491/4491/4491 4525/4525/4525 4438/4438/4438
f 4458/4458/4458 4478/4478/4478 4507/4507/4507
f 4534/4534/4534 4525/4525/4525 4385/4385/4385
f 4510/4510/4510 4507/4507/4507 4478/4478/4478
f 4497/4497/4497 4422/4422/4422 4484/4484/4484
f 4534/4534/4534 4384/4384/4384 4401/4401/4401
f 4510/4510/4510 4487/4487/4487 4507/4507/4507
f 4411/4411/4411 4396/4396/4396 4515/4515/4515
f 4430/4430/4430 4365/4365/4365 4473/4473/4473
f 4384/4384/4384 4534/4534/4534 4385/4385/4385
f 4453/4453/4453 4389/4389/4389 4388/4388/4388
f 4486/4486/4486 4450/4450/4450 4530/4530/4530
f 4502/4502/4502 4530/4530/4530 4443/4443/4443
f 4476/4476/4476 4547/4547/4547 4402/4402/4402
f 4526/4526/4526 4423/4423/4423 4462/4462/4462
f 4549/4549/4549 4430/4430/4430 4420/4420/4420
f 4470/4470/4470 4516/4516/4516 4503/4503/4503
f 4496/4496/4496 4548/4548/4548 4477/4477/4477
f 4532/4532/4532 4471/4471/4471 4380/4380/4380
f 4468/4468/4468 4456/4456/4456 4371/4371/4371
f 4379/4379/4379 4378/4378/4378 4520/4520/4520
f 4529/4529/4529 4536/4536/4536 4490/4490/4490
f 4361/4361/4361 4398/4398/4398 4445/4445/4445
f 4478/4478/4478 4500/4500/4500 4425/4425/4425
f 4480/4480/4480 4416/4416/4416 4479/4479/4479
f 4473/4473/4473 4365/4365/4365 4429/4429/4429
f 4459/4459/4459 4501/4501/4501 4439/4439/4439
f 4416/4416/4416 4480/4480/4480 4522/4522/4522
f 4527/4527/4527 4507/4507/4507 4487/4487/4487
f 4501/4501/4501 4455/4455/4455 4439/4439/4439
f 4548/4548/4548 4496/4496/4496 4461/4461/4461
f 4416/4416/4416 4522/4522/4522 4459/4459/4459
f 4538/4538/4538 4429/4429/4429 4423/4423/4423
f 4515/4515/4515 4460/4460/4460 4411/4411/4411
f 4519/4519/4519 4443/4443/4443 4528/4528/4528
f 4428/4428/4428 4523/4523/4523 4478/4478/4478
f 4530/4530/4530 4502/4502/4502 4485/4485/4485
f 4408/4408/4408 4436/4436/4436 4426/4426/4426
f 4543/4543/4543 4457/4457/4457 4479/4479/4479
f 4451/4451/4451 4522/4522/4522 4400/4400/4400
f 4521/4521/4521 4547/4547/4547 4451/4451/4451
f 4523/4523/4523 4493/4493/4493 4510/4510/4510
f 4479/4479/4479 4527/4527/4527 4480/4480/4480
f 4517/4517/4517 4393/4393/4393 4392/4392/4392
f 4491/4491/4491 4438/4438/4438 4442/4442/4442
f 4524/4524/4524 4454/4454/4454 4519/4519/4519
f 4549/4549/4549 4420/4420/4420 4465/4465/4465
f 4461/4461/4461 4466/4466/4466 4548/4548/4548
f 4512/4512/4512 4468/4468/4468 4506/4506/4506
f 4459/4459/4459 4451/4451/4451 4476/4476/4476
f 4489/4489/4489 4535/4535/4535 4511/4511/4511
f 4392/4392/4392 4391/4391/4391 4448/4448/4448
f 4466/4466/4466 4538/4538/4538 4526/4526/4526
f 4519/4519/4519 4528/4528/4528 4524/4524/4524
f 4515/4515/4515 4395/4395/4395 4477/4477/4477
f 4631/4631/4631 4622/4622/4622 4731/4731/4731
f 4636/4636/4636 4721/4721/4721 4703/4703/4703
f 4626/4626/4626 4604/4604/4604 4686/4686/4686
f 4711/4711/4711 4585/4585/4585 4586/4586/4586
f 4701/4701/4701 4608/4608/4608 4707/4707/4707
f 4692/4692/4692 4670/4670/4670 4730/4730/4730
f 4672/4672/4672 4693/4693/4693 4556/4556/4556
f 4589/4589/4589 4686/4686/4686 4641/4641/4641
f 4701/4701/4701 4673/4673/4673 4608/4608/4608
f 4675/4675/4675 4613/4613/4613 4618/4618/4618
f 4595/4595/4595 4695/4695/4695 4657/4657/4657
f 4629/4629/4629 4628/4628/4628 4652/4652/4652
f 4660/4660/4660 4715/4715/4715 4696/4696/4696
f 4633/4633/4633 4621/4621/4621 4677/4677/4677
f 4625/4625/4625 4650/4650/4650 4668/4668/4668
f 4607/4607/4607 4595/4595/4595 4730/4730/4730
f 4664/4664/4664 4642/4642/4642 4738/4738/4738
f 4603/4603/4603 4679/4679/4679 4680/4680/4680
f 4637/4637/4637 4609/4609/4609 4570/4570/4570
f 4640/4640/4640 4720/4720/4720 4628/4628/4628
f 4599/4599/4599 4712/4712/4712 4620/4620/4620
f 4655/4655/4655 4609/4609/4609 4642/4642/4642
f 4613/4613/4613 4675/4675/4675 4726/4726/4726
f 4573/4573/4573 4663/4663/4663 4572/4572/4572
f 4576/4576/4576 4643/4643/4643 4575/4575/4575
f 4717/4717/4717 4710/4710/4710 4665/4665/4665
f 4644/4644/4644 4643/4643/4643 4576/4576/4576
f 4681/4681/4681 4625/4625/4625 4579/4579/4579
f 4572/4572/4572 4663/4663/4663 4600/4600/4600
f 4641/4641/4641 4633/4633/4633 4708/4708/4708
f 4589/4589/4589 4722/4722/4722 4716/4716/4716
f 4669/4669/4669 4612/4612/4612 4702/4702/4702
f 4638/4638/4638 4632/4632/4632 4651/4651/4651
f 4615/4615/4615 4678/4678/4678 4677/4677/4677
f 4601/4601/4601 4656/4656/4656 4716/4716/4716
f 4661/4661/4661 4584/4584/4584 4706/4706/4706
f 4635/4635/4635 4611/4611/4611 4596/4596/4596
f 4736/4736/4736 4718/4718/4718 4603/4603/4603
f 4678/4678/4678 4635/4635/4635 4722/4722/4722
f 4602/4602/4602 4626/4626/4626 4686/4686/4686
f 4690/4690/4690 4695/4695/4695 4607/4607/4607
f 4600/4600/4600 4571/4571/4571 4572/4572/4572
f 4675/4675/4675 4649/4649/4649 4562/4562/4562
f 4587/4587/4587 4731/4731/4731 4586/4586/4586
f 4587/4587/4587 4588/4588/4588 4654/4654/4654
f 4557/4557/4557 4672/4672/4672 4556/4556/4556
f 4615/4615/4615 4677/4677/4677 4630/4630/4630
f 4693/4693/4693 4685/4685/4685 4729/4729/4729
f 4560/4560/4560 4736/4736/4736 4559/4559/4559
f 4606/4606/4606 4600/4600/4600 4663/4663/4663
f 4719/4719/4719 4624/4624/4624 4655/4655/4655
f 4632/4632/4632 4716/4716/4716 4651/4651/4651
f 4618/4618/4618 4721/4721/4721 4715/4715/4715
f 4643/4643/4643 4728/4728/4728 4574/4574/4574
f 4571/4571/4571 4637/4637/4637 4570/4570/4570
f 4660/4660/4660 4618/4618/4618 4715/4715/4715
f 4647/4647/4647 4645/4645/4645 4709/4709/4709
f 4607/4607/4607 4695/4695/4695 4595/4595/4595
f 4597/4597/4597 4738/4738/4738 4637/4637/4637
f 4738/4738/4738 4619/4619/4619 4664/4664/4664
f 4666/4666/4666 4682/4682/4682 4690/4690/4690
f 4659/4659/4659 4646/4646/4646 4617/4617/4617
f 4668/4668/4668 4709/4709/4709 4640/4640/4640
f 4640/4640/4640 4682/4682/4682 4720/4720/4720
f 4733/4733/4733 4551/4551/4551 4631/4631/4631
f 4616/4616/4616 4647/4647/4647 4705/4705/4705
f 4722/4722/4722 4708/4708/4708 4678/4678/4678
f 4697/4697/4697 4663/4663/4663 4573/4573/4573
f 4685/4685/4685 4592/4592/4592 4632/4632/4632
f 4618/4618/4618 4613/4613/4613 4704/4704/4704
f 4605/4605/4605 4703/4703/4703 4602/4602/4602
f 4732/4732/4732 4723/4723/4723 4729/4729/4729
f 4670/4670/4670 4690/4690/4690 4607/4607/4607
f 4737/4737/4737 4697/4697/4697 4627/4627/4627
f 4599/4599/4599 4726/4726/4726 4563/4563/4563
f 4734/4734/4734 4680/4680/4680 4594/4594/4594
f 4552/4552/4552 4553/4553/4553 4701/4701/4701
f 4648/4648/4648 4657/4657/4657 4626/4626/4626
f 4639/4639/4639 4636/4636/4636 4605/4605/4605
f 4554/4554/4554 4723/4723/4723 4667/4667/4667
f 4623/4623/4623 4700/4700/4700 4732/4732/4732
f 4598/4598/4598 4671/4671/4671 4592/4592/4592
f 4632/4632/4632 4601/4601/4601 4716/4716/4716
f 4610/4610/4610 4582/4582/4582 4583/4583/4583
f 4582/4582/4582 4610/4610/4610 4630/4630/4630
f 4670/4670/4670 4666/4666/4666 4690/4690/4690
f 4626/4626/4626 4657/4657/4657 4604/4604/4604
f 4655/4655/4655 4624/4624/4624 4714/4714/4714
f 4586/4586/4586 4731/4731/4731 4622/4622/4622
f 4647/4647/4647 4709/4709/4709 4668/4668/4668
f 4676/4676/4676 4713/4713/4713 4590/4590/4590
f 4676/4676/4676 4621/4621/4621 4616/4616/4616
f 4669/4669/4669 4694/4694/4694 4608/4608/4608
f 4718/4718/4718 4696/4696/4696 4603/4603/4603
f 4726/4726/4726 4675/4675/4675 4562/4562/4562
f 4614/4614/4614 4646/4646/4646 4719/4719/4719
f 4599/4599/4599 4564/4564/4564 4712/4712/4712
f 4659/4659/4659 4617/4617/4617 4620/4620/4620
f 4644/4644/4644 4737/4737/4737 4627/4627/4627
f 4699/4699/4699 4727/4727/4727 4606/4606/4606
f 4563/4563/4563 4726/4726/4726 4562/4562/4562
f 4639/4639/4639 4592/4592/4592 4671/4671/4671
f 4596/4596/4596 4651/4651/4651 4722/4722/4722
f 4612/4612/4612 4673/4673/4673 4611/4611/4611
f 4669/4669/4669 4702/4702/4702 4706/4706/4706
f 4627/4627/4627 4697/4697/4697 4728/4728/4728
f 4661/4661/4661 4706/4706/4706 4702/4702/4702
f 4655/4655/4655 4642/4642/4642 4719/4719/4719
f 4568/4568/4568 4634/4634/4634 4567/4567/4567
f 4663/4663/4663 4697/4697/4697 4699/4699/4699
f 4705/4705/4705 4676/4676/4676 4616/4616/4616
f 4618/4618/4618 4660/4660/4660 4675/4675/4675
f 4736/4736/4736 4734/4734/4734 4558/4558/4558
f 4662/4662/4662 4692/4692/4692 4606/4606/4606
f 4600/4600/4600 4597/4597/4597 4571/4571/4571
f 4699/4699/4699 4606/4606/4606 4663/4663/4663
f 4590/4590/4590 4581/4581/4581 4653/4653/4653
f 4650/4650/4650 4713/4713/4713 4705/4705/4705
f 4614/4614/4614 4689/4689/4689 4646/4646/4646
f 4713/4713/4713 4650/4650/4650 4681/4681/4681
f 4578/4578/4578 4629/4629/4629 4665/4665/4665
f 4635/4635/4635 4698/4698/4698 4611/4611/4611
f 4550/4550/4550 4551/4551/4551 4733/4733/4733
f 4703/4703/4703 4721/4721/4721 4648/4648/4648
f 4561/4561/4561 4649/4649/4649 4593/4593/4593
f 4615/4615/4615 4684/4684/4684 4691/4691/4691
f 4644/4644/4644 4576/4576/4576 4577/4577/4577
f 4624/4624/4624 4719/4719/4719 4646/4646/4646
f 4634/4634/4634 4566/4566/4566 4567/4567/4567
f 4596/4596/4596 4611/4611/4611 4623/4623/4623
f 4565/4565/4565 4674/4674/4674 4712/4712/4712
f 4583/4583/4583 4684/4684/4684 4610/4610/4610
f 4730/4730/4730 4619/4619/4619 4692/4692/4692
f 4722/4722/4722 4589/4589/4589 4708/4708/4708
f 4614/4614/4614 4664/4664/4664 4619/4619/4619
f 4598/4598/4598 4693/4693/4693 4594/4594/4594
f 4683/4683/4683 4594/4594/4594 4672/4672/4672
f 4617/4617/4617 4646/4646/4646 4689/4689/4689
f 4735/4735/4735 4647/4647/4647 4616/4616/4616
f 4656/4656/4656 4602/4602/4602 4686/4686/4686
f 4668/4668/4668 4650/4650/4650 4705/4705/4705
f 4551/4551/4551 4707/4707/4707 4631/4631/4631
f 4631/4631/4631 4694/4694/4694 4622/4622/4622
f 4566/4566/4566 4714/4714/4714 4674/4674/4674
f 4646/4646/4646 4659/4659/4659 4624/4624/4624
f 4580/4580/4580 4681/4681/4681 4579/4579/4579
f 4710/4710/4710 4644/4644/4644 4577/4577/4577
f 4606/4606/4606 4692/4692/4692 4600/4600/4600
f 4665/4665/4665 4652/4652/4652 4717/4717/4717
f 4612/4612/4612 4669/4669/4669 4608/4608/4608
f 4605/4605/4605 4601/4601/4601 4592/4592/4592
f 4659/4659/4659 4674/4674/4674 4624/4624/4624
f 4638/4638/4638 4651/4651/4651 4623/4623/4623
f 4633/4633/4633 4616/4616/4616 4621/4621/4621
f 4685/4685/4685 4632/4632/4632 4638/4638/4638
f 4725/4725/4725 4704/4704/4704 4688/4688/4688
f 4657/4657/4657 4591/4591/4591 4595/4595/4595
f 4736/4736/4736 4560/4560/4560 4718/4718/4718
f 4658/4658/4658 4599/4599/4599 4620/4620/4620
f 4621/4621/4621 4676/4676/4676 4653/4653/4653
f 4737/4737/4737 4717/4717/4717 4727/4727/4727
f 4581/4581/4581 4590/4590/4590 4580/4580/4580
f 4610/4610/4610 4615/4615/4615 4630/4630/4630
f 4670/4670/4670 4607/4607/4607 4730/4730/4730
f 4625/4625/4625 4628/4628/4628 4629/4629/4629
f 4630/4630/4630 4677/4677/4677 4621/4621/4621
f 4628/4628/4628 4625/4625/4625 4668/4668/4668
f 4622/4622/4622 4711/4711/4711 4586/4586/4586
f 4654/4654/4654 4588/4588/4588 4550/4550/4550
f 4595/4595/4595 4591/4591/4591 4689/4689/4689
f 4599/4599/4599 4658/4658/4658 4726/4726/4726
f 4693/4693/4693 4729/4729/4729 4556/4556/4556
f 4604/4604/4604 4695/4695/4695 4724/4724/4724
f 4648/4648/4648 4721/4721/4721 4725/4725/4725
f 4581/4581/4581 4582/4582/4582 4653/4653/4653
f 4688/4688/4688 4617/4617/4617 4725/4725/4725
f 4670/4670/4670 4662/4662/4662 4666/4666/4666
f 4593/4593/4593 4718/4718/4718 4561/4561/4561
f 4725/4725/4725 4721/4721/4721 4704/4704/4704
f 4732/4732/4732 4638/4638/4638 4623/4623/4623
f 4657/4657/4657 4648/4648/4648 4591/4591/4591
f 4645/4645/4645 4604/4604/4604 4724/4724/4724
f 4620/4620/4620 4617/4617/4617 4688/4688/4688
f 4643/4643/4643 4644/4644/4644 4627/4627/4627
f 4691/4691/4691 4678/4678/4678 4615/4615/4615
f 4637/4637/4637 4642/4642/4642 4609/4609/4609
f 4574/4574/4574 4728/4728/4728 4573/4573/4573
f 4564/4564/4564 4599/4599/4599 4563/4563/4563
f 4595/4595/4595 4689/4689/4689 4730/4730/4730
f 4727/4727/4727 4717/4717/4717 4720/4720/4720
f 4705/4705/4705 4647/4647/4647 4668/4668/4668
f 4630/4630/4630 4653/4653/4653 4582/4582/4582
f 4699/4699/4699 4737/4737/4737 4727/4727/4727
f 4654/4654/4654 4733/4733/4733 4731/4731/4731
f 4678/4678/4678 4708/4708/4708 4677/4677/4677
f 4604/4604/4604 4657/4657/4657 4695/4695/4695
f 4640/4640/4640 4628/4628/4628 4668/4668/4668
f 4651/4651/4651 4716/4716/4716 4722/4722/4722
f 4633/4633/4633 4641/4641/4641 4735/4735/4735
f 4687/4687/4687 4714/4714/4714 4634/4634/4634
f 4719/4719/4719 4642/4642/4642 4664/4664/4664
f 4673/4673/4673 4700/4700/4700 4611/4611/4611
f 4593/4593/4593 4660/4660/4660 4696/4696/4696
f 4701/4701/4701 4553/4553/4553 4667/4667/4667
f 4723/4723/4723 4732/4732/4732 4700/4700/4700
f 4598/4598/4598 4594/4594/4594 4680/4680/4680
f 4702/4702/4702 4691/4691/4691 4661/4661/4661
f 4714/4714/4714 4566/4566/4566 4634/4634/4634
f 4593/4593/4593 4649/4649/4649 4660/4660/4660
f 4685/4685/4685 4732/4732/4732 4729/4729/4729
f 4617/4617/4617 4591/4591/4591 4725/4725/4725
f 4687/4687/4687 4655/4655/4655 4714/4714/4714
f 4645/4645/4645 4724/4724/4724 4709/4709/4709
f 4671/4671/4671 4598/4598/4598 4680/4680/4680
f 4613/4613/4613 4688/4688/4688 4704/4704/4704
f 4735/4735/4735 4616/4616/4616 4633/4633/4633
f 4605/4605/4605 4602/4602/4602 4601/4601/4601
f 4691/4691/4691 4684/4684/4684 4661/4661/4661
f 4675/4675/4675 4660/4660/4660 4649/4649/4649
f 4683/4683/4683 4557/4557/4557 4558/4558/4558
f 4684/4684/4684 4615/4615/4615 4610/4610/4610
f 4681/4681/4681 4580/4580/4580 4713/4713/4713
f 4682/4682/4682 4666/4666/4666 4720/4720/4720
f 4629/4629/4629 4652/4652/4652 4665/4665/4665
f 4608/4608/4608 4694/4694/4694 4707/4707/4707
f 4736/4736/4736 4558/4558/4558 4559/4559/4559
f 4664/4664/4664 4614/4614/4614 4719/4719/4719
f 4645/4645/4645 4686/4686/4686 4604/4604/4604
f 4608/4608/4608 4673/4673/4673 4612/4612/4612
f 4703/4703/4703 4626/4626/4626 4602/4602/4602
f 4590/4590/4590 4713/4713/4713 4580/4580/4580
f 4638/4638/4638 4732/4732/4732 4685/4685/4685
f 4649/4649/4649 4561/4561/4561 4562/4562/4562
f 4656/4656/4656 4601/4601/4601 4602/4602/4602
f 4727/4727/4727 4662/4662/4662 4606/4606/4606
f 4704/4704/4704 4721/4721/4721 4618/4618/4618
f 4738/4738/4738 4597/4597/4597 4619/4619/4619
f 4639/4639/4639 4605/4605/4605 4592/4592/4592
f 4626/4626/4626 4703/4703/4703 4648/4648/4648
f 4707/4707/4707 4552/4552/4552 4701/4701/4701
f 4692/4692/4692 4662/4662/4662 4670/4670/4670
f 4694/4694/4694 4706/4706/4706 4711/4711/4711
f 4597/4597/4597 4600/4600/4600 4692/4692/4692
f 4570/4570/4570 4609/4609/4609 4569/4569/4569
f 4644/4644/4644 4710/4710/4710 4717/4717/4717
f 4683/4683/4683 4734/4734/4734 4594/4594/4594
f 4551/4551/4551 4552/4552/4552 4707/4707/4707
f 4587/4587/4587 4654/4654/4654 4731/4731/4731
f 4698/4698/4698 4691/4691/4691 4702/4702/4702
f 4689/4689/4689 4591/4591/4591 4617/4617/4617
f 4712/4712/4712 4659/4659/4659 4620/4620/4620
f 4691/4691/4691 4698/4698/4698 4635/4635/4635
f 4679/4679/4679 4639/4639/4639 4671/4671/4671
f 4643/4643/4643 4574/4574/4574 4575/4575/4575
f 4643/4643/4643 4627/4627/4627 4728/4728/4728
f 4715/4715/4715 4679/4679/4679 4696/4696/4696
f 4583/4583/4583 4661/4661/4661 4684/4684/4684
f 4717/4717/4717 4737/4737/4737 4644/4644/4644
f 4568/4568/4568 4687/4687/4687 4634/4634/4634
f 4679/4679/4679 4715/4715/4715 4636/4636/4636
f 4612/4612/4612 4698/4698/4698 4702/4702/4702
f 4733/4733/4733 4631/4631/4631 4731/4731/4731
f 4694/4694/4694 4669/4669/4669 4706/4706/4706
f 4707/4707/4707 4694/4694/4694 4631/4631/4631
f 4603/4603/4603 4734/4734/4734 4736/4736/4736
f 4735/4735/4735 4641/4641/4641 4686/4686/4686
f 4560/4560/4560 4561/4561/4561 4718/4718/4718
f 4718/4718/4718 4593/4593/4593 4696/4696/4696
f 4734/4734/4734 4683/4683/4683 4558/4558/4558
f 4652/4652/4652 4720/4720/4720 4717/4717/4717
f 4708/4708/4708 4633/4633/4633 4677/4677/4677
f 4635/4635/4635 4678/4678/4678 4691/4691/4691
f 4667/4667/4667 4673/4673/4673 4701/4701/4701
f 4594/4594/4594 4693/4693/4693 4672/4672/4672
f 4710/4710/4710 4577/4577/4577 4578/4578/4578
f 4716/4716/4716 4656/4656/4656 4589/4589/4589
f 4647/4647/4647 4735/4735/4735 4645/4645/4645
f 4623/4623/4623 4611/4611/4611 4700/4700/4700
f 4690/4690/4690 4724/4724/4724 4695/4695/4695
f 4579/4579/4579 4625/4625/4625 4629/4629/4629
f 4709/4709/4709 4682/4682/4682 4640/4640/4640
f 4723/4723/4723 4554/4554/4554 4555/4555/4555
f 4584/4584/4584 4585/4585/4585 4706/4706/4706
f 4674/4674/4674 4659/4659/4659 4712/4712/4712
f 4636/4636/4636 4639/4639/4639 4679/4679/4679
f 4629/4629/4629 4578/4578/4578 4579/4579/4579
f 4713/4713/4713 4676/4676/4676 4705/4705/4705
f 4609/4609/4609 4655/4655/4655 4687/4687/4687
f 4687/4687/4687 4568/4568/4568 4569/4569/4569
f 4609/4609/4609 4687/4687/4687 4569/4569/4569
f 4565/4565/4565 4712/4712/4712 4564/4564/4564
f 4603/4603/4603 4696/4696/4696 4679/4679/4679
f 4700/4700/4700 4673/4673/4673 4667/4667/4667
f 4619/4619/4619 4597/4597/4597 4692/4692/4692
f 4625/4625/4625 4681/4681/4681 4650/4650/4650
f 4672/4672/4672 4557/4557/4557 4683/4683/4683
f 4565/4565/4565 4566/4566/4566 4674/4674/4674
f 4708/4708/4708 4589/4589/4589 4641/4641/4641
f 4648/4648/4648 4725/4725/4725 4591/4591/4591
f 4686/4686/4686 4645/4645/4645 4735/4735/4735
f 4665/4665/4665 4710/4710/4710 4578/4578/4578
f 4636/4636/4636 4703/4703/4703 4605/4605/4605
f 4598/4598/4598 4685/4685/4685 4693/4693/4693
f 4734/4734/4734 4603/4603/4603 4680/4680/4680
f 4656/4656/4656 4686/4686/4686 4589/4589/4589
f 4612/4612/4612 4611/4611/4611 4698/4698/4698
f 4667/4667/4667 4553/4553/4553 4554/4554/4554
f 4651/4651/4651 4596/4596/4596 4623/4623/4623
f 4653/4653/4653 4630/4630/4630 4621/4621/4621
f 4729/4729/4729 4723/4723/4723 4555/4555/4555
f 4729/4729/4729 4555/4555/4555 4556/4556/4556
f 4666/4666/4666 4662/4662/4662 4727/4727/4727
f 4682/4682/4682 4709/4709/4709 4724/4724/4724
f 4619/4619/4619 4730/4730/4730 4614/4614/4614
f 4635/4635/4635 4596/4596/4596 4722/4722/4722
f 4728/4728/4728 4697/4697/4697 4573/4573/4573
f 4720/4720/4720 4652/4652/4652 4628/4628/4628
f 4632/4632/4632 4592/4592/4592 4601/4601/4601
f 4658/4658/4658 4688/4688/4688 4613/4613/4613
f 4690/4690/4690 4682/4682/4682 4724/4724/4724
f 4726/4726/4726 4658/4658/4658 4613/4613/4613
f 4583/4583/4583 4584/4584/4584 4661/4661/4661
f 4711/4711/4711 4706/4706/4706 4585/4585/4585
f 4680/4680/4680 4679/4679/4679 4671/4671/4671
f 4636/4636/4636 4715/4715/4715 4721/4721/4721
f 4711/4711/4711 4622/4622/4622 4694/4694/4694
f 4654/4654/4654 4550/4550/4550 4733/4733/4733
f 4592/4592/4592 4685/4685/4685 4598/4598/4598
f 4658/4658/4658 4620/4620/4620 4688/4688/4688
f 4614/4614/4614 4730/4730/4730 4689/4689/4689
f 4699/4699/4699 4697/4697/4697 4737/4737/4737
f 4624/4624/4624 4674/4674/4674 4714/4714/4714
f 4723/4723/4723 4700/4700/4700 4667/4667/4667
f 4720/4720/4720 4666/4666/4666 4727/4727/4727
f 4571/4571/4571 4597/4597/4597 4637/4637/4637
f 4653/4653/4653 4676/4676/4676 4590/4590/4590
f 4642/4642/4642 4637/4637/4637 4738/4738/4738
f 4784/4784/4784 4773/4773/4773 4914/4914/4914
f 4778/4778/4778 4777/4777/4777 4776/4776/4776
f 4870/4870/4870 4819/4819/4819 4811/4811/4811
f 4869/4869/4869 4923/4923/4923 4808/4808/4808
f 4880/4880/4880 4830/4830/4830 4849/4849/4849
f 4915/4915/4915 4861/4861/4861 4904/4904/4904
f 4795/4795/4795 4919/4919/4919 4756/4756/4756
f 4887/4887/4887 4744/4744/4744 4921/4921/4921
f 4879/4879/4879 4907/4907/4907 4860/4860/4860
f 4905/4905/4905 4882/4882/4882 4876/4876/4876
f 4847/4847/4847 4779/4779/4779 4795/4795/4795
f 4825/4825/4825 4902/4902/4902 4824/4824/4824
f 4754/4754/4754 4885/4885/4885 4787/4787/4787
f 4859/4859/4859 4749/4749/4749 4748/4748/4748
f 4795/4795/4795 4878/4878/4878 4810/4810/4810
f 4842/4842/4842 4806/4806/4806 4789/4789/4789
f 4818/4818/4818 4791/4791/4791 4834/4834/4834
f 4875/4875/4875 4902/4902/4902 4852/4852/4852
f 4807/4807/4807 4872/4872/4872 4818/4818/4818
f 4836/4836/4836 4807/4807/4807 4761/4761/4761
f 4757/4757/4757 4866/4866/4866 4817/4817/4817
f 4781/4781/4781 4800/4800/4800 4790/4790/4790
f 4834/4834/4834 4862/4862/4862 4763/4763/4763
f 4805/4805/4805 4865/4865/4865 4907/4907/4907
f 4900/4900/4900 4843/4843/4843 4926/4926/4926
f 4850/4850/4850 4827/4827/4827 4821/4821/4821
f 4898/4898/4898 4822/4822/4822 4790/4790/4790
f 4790/4790/4790 4785/4785/4785 4898/4898/4898
f 4762/4762/4762 4851/4851/4851 4834/4834/4834
f 4848/4848/4848 4843/4843/4843 4825/4825/4825
f 4883/4883/4883 4894/4894/4894 4809/4809/4809
f 4747/4747/4747 4780/4780/4780 4858/4858/4858
f 4848/4848/4848 4815/4815/4815 4843/4843/4843
f 4871/4871/4871 4820/4820/4820 4819/4819/4819
f 4796/4796/4796 4823/4823/4823 4880/4880/4880
f 4777/4777/4777 4778/4778/4778 4896/4896/4896
f 4740/4740/4740 4813/4813/4813 4741/4741/4741
f 4741/4741/4741 4794/4794/4794 4742/4742/4742
f 4776/4776/4776 4803/4803/4803 4778/4778/4778
f 4839/4839/4839 4798/4798/4798 4905/4905/4905
f 4841/4841/4841 4751/4751/4751 4750/4750/4750
f 4886/4886/4886 4801/4801/4801 4821/4821/4821
f 4902/4902/4902 4875/4875/4875 4824/4824/4824
f 4763/4763/4763 4908/4908/4908 4764/4764/4764
f 4807/4807/4807 4818/4818/4818 4851/4851/4851
f 4923/4923/4923 4881/4881/4881 4838/4838/4838
f 4885/4885/4885 4799/4799/4799 4787/4787/4787
f 4816/4816/4816 4815/4815/4815 4894/4894/4894
f 4886/4886/4886 4893/4893/4893 4924/4924/4924
f 4793/4793/4793 4899/4899/4899 4783/4783/4783
f 4883/4883/4883 4771/4771/4771 4837/4837/4837
f 4875/4875/4875 4822/4822/4822 4898/4898/4898
f 4873/4873/4873 4826/4826/4826 4841/4841/4841
f 4832/4832/4832 4815/4815/4815 4808/4808/4808
f 4868/4868/4868 4739/4739/4739 4777/4777/4777
f 4818/4818/4818 4872/4872/4872 4920/4920/4920
f 4909/4909/4909 4801/4801/4801 4877/4877/4877
f 4894/4894/4894 4883/4883/4883 4816/4816/4816
f 4781/4781/4781 4908/4908/4908 4862/4862/4862
f 4759/4759/4759 4922/4922/4922 4760/4760/4760
f 4828/4828/4828 4897/4897/4897 4918/4918/4918
f 4768/4768/4768 4831/4831/4831 4769/4769/4769
f 4862/4862/4862 4802/4802/4802 4845/4845/4845
f 4853/4853/4853 4901/4901/4901 4797/4797/4797
f 4807/4807/4807 4836/4836/4836 4922/4922/4922
f 4835/4835/4835 4880/4880/4880 4911/4911/4911
f 4836/4836/4836 4760/4760/4760 4922/4922/4922
f 4911/4911/4911 4880/4880/4880 4891/4891/4891
f 4843/4843/4843 4815/4815/4815 4816/4816/4816
f 4925/4925/4925 4775/4775/4775 4916/4916/4916
f 4884/4884/4884 4861/4861/4861 4794/4794/4794
f 4847/4847/4847 4798/4798/4798 4779/4779/4779
f 4818/4818/4818 4920/4920/4920 4791/4791/4791
f 4853/4853/4853 4797/4797/4797 4829/4829/4829
f 4838/4838/4838 4909/4909/4909 4923/4923/4923
f 4888/4888/4888 4864/4864/4864 4817/4817/4817
f 4876/4876/4876 4901/4901/4901 4839/4839/4839
f 4751/4751/4751 4826/4826/4826 4906/4906/4906
f 4864/4864/4864 4791/4791/4791 4920/4920/4920
f 4753/4753/4753 4885/4885/4885 4754/4754/4754
f 4814/4814/4814 4840/4840/4840 4876/4876/4876
f 4893/4893/4893 4886/4886/4886 4820/4820/4820
f 4875/4875/4875 4766/4766/4766 4822/4822/4822
f 4809/4809/4809 4914/4914/4914 4772/4772/4772
f 4827/4827/4827 4819/4819/4819 4820/4820/4820
f 4834/4834/4834 4802/4802/4802 4862/4862/4862
f 4856/4856/4856 4758/4758/4758 4817/4817/4817
f 4809/4809/4809 4772/4772/4772 4883/4883/4883
f 4786/4786/4786 4776/4776/4776 4775/4775/4775
f 4843/4843/4843 4837/4837/4837 4926/4926/4926
f 4764/4764/4764 4846/4846/4846 4765/4765/4765
f 4916/4916/4916 4775/4775/4775 4774/4774/4774
f 4784/4784/4784 4830/4830/4830 4823/4823/4823
f 4797/4797/4797 4895/4895/4895 4829/4829/4829
f 4865/4865/4865 4805/4805/4805 4792/4792/4792
f 4885/4885/4885 4826/4826/4826 4799/4799/4799
f 4789/4789/4789 4800/4800/4800 4903/4903/4903
f 4803/4803/4803 4776/4776/4776 4786/4786/4786
f 4781/4781/4781 4862/4862/4862 4845/4845/4845
f 4781/4781/4781 4846/4846/4846 4908/4908/4908
f 4927/4927/4927 4892/4892/4892 4789/4789/4789
f 4814/4814/4814 4870/4870/4870 4840/4840/4840
f 4885/4885/4885 4906/4906/4906 4826/4826/4826
f 4833/4833/4833 4924/4924/4924 4792/4792/4792
f 4872/4872/4872 4856/4856/4856 4920/4920/4920
f 4852/4852/4852 4767/4767/4767 4766/4766/4766
f 4869/4869/4869 4848/4848/4848 4812/4812/4812
f 4778/4778/4778 4813/4813/4813 4896/4896/4896
f 4896/4896/4896 4813/4813/4813 4740/4740/4740
f 4917/4917/4917 4874/4874/4874 4889/4889/4889
f 4869/4869/4869 4785/4785/4785 4890/4890/4890
f 4793/4793/4793 4887/4887/4887 4860/4860/4860
f 4849/4849/4849 4830/4830/4830 4914/4914/4914
f 4886/4886/4886 4821/4821/4821 4827/4827/4827
f 4846/4846/4846 4790/4790/4790 4822/4822/4822
f 4756/4756/4756 4755/4755/4755 4795/4795/4795
f 4749/4749/4749 4874/4874/4874 4750/4750/4750
f 4864/4864/4864 4802/4802/4802 4791/4791/4791
f 4926/4926/4926 4769/4769/4769 4867/4867/4867
f 4874/4874/4874 4873/4873/4873 4841/4841/4841
f 4806/4806/4806 4855/4855/4855 4927/4927/4927
f 4742/4742/4742 4915/4915/4915 4743/4743/4743
f 4823/4823/4823 4925/4925/4925 4916/4916/4916
f 4824/4824/4824 4812/4812/4812 4825/4825/4825
f 4786/4786/4786 4925/4925/4925 4803/4803/4803
f 4804/4804/4804 4825/4825/4825 4900/4900/4900
f 4780/4780/4780 4746/4746/4746 4918/4918/4918
f 4833/4833/4833 4805/4805/4805 4891/4891/4891
f 4778/4778/4778 4794/4794/4794 4813/4813/4813
f 4837/4837/4837 4771/4771/4771 4770/4770/4770
f 4825/4825/4825 4804/4804/4804 4902/4902/4902
f 4867/4867/4867 4769/4769/4769 4831/4831/4831
f 4892/4892/4892 4800/4800/4800 4789/4789/4789
f 4913/4913/4913 4859/4859/4859 4748/4748/4748
f 4905/4905/4905 4876/4876/4876 4839/4839/4839
f 4913/4913/4913 4889/4889/4889 4859/4859/4859
f 4835/4835/4835 4904/4904/4904 4796/4796/4796
f 4783/4783/4783 4744/4744/4744 4887/4887/4887
f 4865/4865/4865 4893/4893/4893 4793/4793/4793
f 4882/4882/4882 4873/4873/4873 4874/4874/4874
f 4878/4878/4878 4787/4787/4787 4810/4810/4810
f 4907/4907/4907 4911/4911/4911 4805/4805/4805
f 4823/4823/4823 4774/4774/4774 4784/4784/4784
f 4767/4767/4767 4788/4788/4788 4768/4768/4768
f 4807/4807/4807 4851/4851/4851 4761/4761/4761
f 4904/4904/4904 4861/4861/4861 4884/4884/4884
f 4893/4893/4893 4792/4792/4792 4924/4924/4924
f 4832/4832/4832 4877/4877/4877 4912/4912/4912
f 4921/4921/4921 4743/4743/4743 4915/4915/4915
f 4854/4854/4854 4888/4888/4888 4866/4866/4866
f 4888/4888/4888 4854/4854/4854 4829/4829/4829
f 4808/4808/4808 4815/4815/4815 4848/4848/4848
f 4852/4852/4852 4766/4766/4766 4875/4875/4875
f 4845/4845/4845 4895/4895/4895 4903/4903/4903
f 4910/4910/4910 4847/4847/4847 4810/4810/4810
f 4770/4770/4770 4769/4769/4769 4926/4926/4926
f 4865/4865/4865 4793/4793/4793 4860/4860/4860
f 4925/4925/4925 4786/4786/4786 4775/4775/4775
f 4840/4840/4840 4857/4857/4857 4901/4901/4901
f 4910/4910/4910 4799/4799/4799 4873/4873/4873
f 4889/4889/4889 4913/4913/4913 4917/4917/4917
f 4795/4795/4795 4779/4779/4779 4919/4919/4919
f 4912/4912/4912 4809/4809/4809 4894/4894/4894
f 4905/4905/4905 4873/4873/4873 4882/4882/4882
f 4876/4876/4876 4882/4882/4882 4814/4814/4814
f 4768/4768/4768 4788/4788/4788 4831/4831/4831
f 4846/4846/4846 4764/4764/4764 4908/4908/4908
f 4881/4881/4881 4850/4850/4850 4838/4838/4838
f 4820/4820/4820 4886/4886/4886 4827/4827/4827
f 4917/4917/4917 4882/4882/4882 4874/4874/4874
f 4752/4752/4752 4906/4906/4906 4753/4753/4753
f 4895/4895/4895 4845/4845/4845 4802/4802/4802
f 4881/4881/4881 4892/4892/4892 4927/4927/4927
f 4790/4790/4790 4846/4846/4846 4781/4781/4781
f 4797/4797/4797 4903/4903/4903 4895/4895/4895
f 4847/4847/4847 4910/4910/4910 4798/4798/4798
f 4889/4889/4889 4874/4874/4874 4749/4749/4749
f 4855/4855/4855 4850/4850/4850 4927/4927/4927
f 4855/4855/4855 4827/4827/4827 4850/4850/4850
f 4892/4892/4892 4785/4785/4785 4800/4800/4800
f 4904/4904/4904 4835/4835/4835 4879/4879/4879
f 4756/4756/4756 4919/4919/4919 4757/4757/4757
f 4763/4763/4763 4862/4862/4862 4908/4908/4908
f 4854/4854/4854 4853/4853/4853 4829/4829/4829
f 4872/4872/4872 4922/4922/4922 4856/4856/4856
f 4891/4891/4891 4849/4849/4849 4912/4912/4912
f 4767/4767/4767 4852/4852/4852 4788/4788/4788
f 4834/4834/4834 4791/4791/4791 4802/4802/4802
f 4926/4926/4926 4867/4867/4867 4900/4900/4900
f 4847/4847/4847 4795/4795/4795 4810/4810/4810
f 4897/4897/4897 4820/4820/4820 4871/4871/4871
f 4793/4793/4793 4893/4893/4893 4899/4899/4899
f 4827/4827/4827 4811/4811/4811 4819/4819/4819
f 4817/4817/4817 4864/4864/4864 4920/4920/4920
f 4854/4854/4854 4839/4839/4839 4853/4853/4853
f 4917/4917/4917 4782/4782/4782 4844/4844/4844
f 4744/4744/4744 4783/4783/4783 4745/4745/4745
f 4857/4857/4857 4811/4811/4811 4855/4855/4855
f 4876/4876/4876 4840/4840/4840 4901/4901/4901
f 4870/4870/4870 4844/4844/4844 4782/4782/4782
f 4863/4863/4863 4913/4913/4913 4858/4858/4858
f 4796/4796/4796 4884/4884/4884 4925/4925/4925
f 4907/4907/4907 4835/4835/4835 4911/4911/4911
f 4921/4921/4921 4744/4744/4744 4743/4743/4743
f 4901/4901/4901 4857/4857/4857 4806/4806/4806
f 4761/4761/4761 4851/4851/4851 4762/4762/4762
f 4864/4864/4864 4895/4895/4895 4802/4802/4802
f 4871/4871/4871 4918/4918/4918 4897/4897/4897
f 4792/4792/4792 4805/4805/4805 4833/4833/4833
f 4880/4880/4880 4823/4823/4823 4830/4830/4830
f 4780/4780/4780 4863/4863/4863 4858/4858/4858
f 4880/4880/4880 4849/4849/4849 4891/4891/4891
f 4879/4879/4879 4835/4835/4835 4907/4907/4907
f 4807/4807/4807 4922/4922/4922 4872/4872/4872
f 4854/4854/4854 4798/4798/4798 4839/4839/4839
f 4804/4804/4804 4867/4867/4867 4831/4831/4831
f 4812/4812/4812 4898/4898/4898 4785/4785/4785
f 4896/4896/4896 4868/4868/4868 4777/4777/4777
f 4740/4740/4740 4739/4739/4739 4868/4868/4868
f 4851/4851/4851 4818/4818/4818 4834/4834/4834
f 4923/4923/4923 4832/4832/4832 4808/4808/4808
f 4782/4782/4782 4863/4863/4863 4870/4870/4870
f 4897/4897/4897 4828/4828/4828 4899/4899/4899
f 4903/4903/4903 4842/4842/4842 4789/4789/4789
f 4755/4755/4755 4754/4754/4754 4878/4878/4878
f 4839/4839/4839 4901/4901/4901 4853/4853/4853
f 4866/4866/4866 4757/4757/4757 4919/4919/4919
f 4844/4844/4844 4870/4870/4870 4814/4814/4814
f 4751/4751/4751 4906/4906/4906 4752/4752/4752
f 4840/4840/4840 4811/4811/4811 4857/4857/4857
f 4918/4918/4918 4871/4871/4871 4780/4780/4780
f 4843/4843/4843 4816/4816/4816 4837/4837/4837
f 4781/4781/4781 4903/4903/4903 4800/4800/4800
f 4881/4881/4881 4923/4923/4923 4890/4890/4890
f 4828/4828/4828 4783/4783/4783 4899/4899/4899
f 4900/4900/4900 4867/4867/4867 4804/4804/4804
f 4804/4804/4804 4788/4788/4788 4902/4902/4902
f 4797/4797/4797 4842/4842/4842 4903/4903/4903
f 4889/4889/4889 4749/4749/4749 4859/4859/4859
f 4869/4869/4869 4808/4808/4808 4848/4848/4848
f 4820/4820/4820 4897/4897/4897 4893/4893/4893
f 4774/4774/4774 4773/4773/4773 4784/4784/4784
f 4879/4879/4879 4915/4915/4915 4904/4904/4904
f 4887/4887/4887 4921/4921/4921 4860/4860/4860
f 4806/4806/4806 4927/4927/4927 4789/4789/4789
f 4753/4753/4753 4906/4906/4906 4885/4885/4885
f 4782/4782/4782 4913/4913/4913 4863/4863/4863
f 4813/4813/4813 4794/4794/4794 4741/4741/4741
f 4780/4780/4780 4871/4871/4871 4863/4863/4863
f 4784/4784/4784 4914/4914/4914 4830/4830/4830
f 4865/4865/4865 4860/4860/4860 4907/4907/4907
f 4799/4799/4799 4910/4910/4910 4787/4787/4787
f 4779/4779/4779 4854/4854/4854 4919/4919/4919
f 4871/4871/4871 4819/4819/4819 4863/4863/4863
f 4912/4912/4912 4894/4894/4894 4832/4832/4832
f 4890/4890/4890 4892/4892/4892 4881/4881/4881
f 4909/4909/4909 4838/4838/4838 4821/4821/4821
f 4761/4761/4761 4760/4760/4760 4836/4836/4836
f 4800/4800/4800 4785/4785/4785 4790/4790/4790
f 4748/4748/4748 4858/4858/4858 4913/4913/4913
f 4798/4798/4798 4910/4910/4910 4905/4905/4905
f 4828/4828/4828 4745/4745/4745 4783/4783/4783
f 4846/4846/4846 4822/4822/4822 4765/4765/4765
f 4801/4801/4801 4909/4909/4909 4821/4821/4821
f 4884/4884/4884 4794/4794/4794 4803/4803/4803
f 4881/4881/4881 4927/4927/4927 4850/4850/4850
f 4912/4912/4912 4849/4849/4849 4809/4809/4809
f 4828/4828/4828 4746/4746/4746 4745/4745/4745
f 4832/4832/4832 4894/4894/4894 4815/4815/4815
f 4824/4824/4824 4898/4898/4898 4812/4812/4812
f 4765/4765/4765 4822/4822/4822 4766/4766/4766
f 4924/4924/4924 4801/4801/4801 4886/4886/4886
f 4759/4759/4759 4758/4758/4758 4856/4856/4856
f 4740/4740/4740 4868/4868/4868 4896/4896/4896
f 4778/4778/4778 4803/4803/4803 4794/4794/4794
f 4750/4750/4750 4874/4874/4874 4841/4841/4841
f 4909/4909/4909 4832/4832/4832 4923/4923/4923
f 4834/4834/4834 4763/4763/4763 4762/4762/4762
f 4785/4785/4785 4869/4869/4869 4812/4812/4812
f 4861/4861/4861 4742/4742/4742 4794/4794/4794
f 4880/4880/4880 4835/4835/4835 4796/4796/4796
f 4918/4918/4918 4746/4746/4746 4828/4828/4828
f 4811/4811/4811 4827/4827/4827 4855/4855/4855
f 4831/4831/4831 4788/4788/4788 4804/4804/4804
f 4773/4773/4773 4772/4772/4772 4914/4914/4914
f 4785/4785/4785 4892/4892/4892 4890/4890/4890
f 4829/4829/4829 4864/4864/4864 4888/4888/4888
f 4858/4858/4858 4748/4748/4748 4747/4747/4747
f 4850/4850/4850 4821/4821/4821 4838/4838/4838
f 4884/4884/4884 4803/4803/4803 4925/4925/4925
f 4899/4899/4899 4893/4893/4893 4897/4897/4897
f 4779/4779/4779 4798/4798/4798 4854/4854/4854
f 4913/4913/4913 4782/4782/4782 4917/4917/4917
f 4799/4799/4799 4826/4826/4826 4873/4873/4873
f 4888/4888/4888 4817/4817/4817 4866/4866/4866
f 4877/4877/4877 4801/4801/4801 4833/4833/4833
f 4825/4825/4825 4843/4843/4843 4900/4900/4900
f 4857/4857/4857 4855/4855/4855 4806/4806/4806
f 4920/4920/4920 4856/4856/4856 4817/4817/4817
f 4912/4912/4912 4877/4877/4877 4891/4891/4891
f 4812/4812/4812 4848/4848/4848 4825/4825/4825
f 4882/4882/4882 4917/4917/4917 4844/4844/4844
f 4878/4878/4878 4795/4795/4795 4755/4755/4755
f 4852/4852/4852 4902/4902/4902 4788/4788/4788
f 4879/4879/4879 4921/4921/4921 4915/4915/4915
f 4914/4914/4914 4809/4809/4809 4849/4849/4849
f 4805/4805/4805 4911/4911/4911 4891/4891/4891
f 4873/4873/4873 4905/4905/4905 4910/4910/4910
f 4826/4826/4826 4751/4751/4751 4841/4841/4841
f 4877/4877/4877 4833/4833/4833 4891/4891/4891
f 4924/4924/4924 4833/4833/4833 4801/4801/4801
f 4884/4884/4884 4796/4796/4796 4904/4904/4904
f 4915/4915/4915 4742/4742/4742 4861/4861/4861
f 4774/4774/4774 4823/4823/4823 4916/4916/4916
f 4883/4883/4883 4837/4837/4837 4816/4816/4816
f 4878/4878/4878 4754/4754/4754 4787/4787/4787
f 4797/4797/4797 4901/4901/4901 4842/4842/4842
f 4909/4909/4909 4877/4877/4877 4832/4832/4832
f 4770/4770/4770 4926/4926/4926 4837/4837/4837
f 4910/4910/4910 4810/4810/4810 4787/4787/4787
f 4919/4919/4919 4854/4854/4854 4866/4866/4866
f 4759/4759/4759 4856/4856/4856 4922/4922/4922
f 4875/4875/4875 4898/4898/4898 4824/4824/4824
f 4823/4823/4823 4796/4796/4796 4925/4925/4925
f 4921/4921/4921 4879/4879/4879 4860/4860/4860
f 4829/4829/4829 4895/4895/4895 4864/4864/4864
f 4757/4757/4757 4817/4817/4817 4758/4758/4758
f 4903/4903/4903 4781/4781/4781 4845/4845/4845
f 4792/4792/4792 4893/4893/4893 4865/4865/4865
f 4870/4870/4870 4863/4863/4863 4819/4819/4819
f 4814/4814/4814 4882/4882/4882 4844/4844/4844
f 4842/4842/4842 4901/4901/4901 4806/4806/4806
f 4883/4883/4883 4772/4772/4772 4771/4771/4771
f 4890/4890/4890 4923/4923/4923 4869/4869/4869
f 4887/4887/4887 4793/4793/4793 4783/4783/4783
f 4840/4840/4840 4870/4870/4870 4811/4811/4811
f 4746/4746/4746 4780/4780/4780 4747/4747/4747
f 4929/4929/4929 4983/4983/4983 4928/4928/4928
f 4964/4964/4964 5052/5052/5052 5111/5111/5111
f 5072/5072/5072 4939/4939/4939 4940/4940/4940
f 5087/5087/5087 4961/4961/4961 4962/4962/4962
f 4931/4931/4931 5043/5043/5043 5051/5051/5051
f 5032/5032/5032 4981/4981/4981 5041/5041/5041
f 5004/5004/5004 4983/4983/4983 4984/4984/4984
f 5084/5084/5084 4996/4996/4996 4977/4977/4977
f 5051/5051/5051 5017/5017/5017 4984/4984/4984
f 5093/5093/5093 5086/5086/5086 5047/5047/5047
f 5061/5061/5061 5116/5116/5116 5091/5091/5091
f 5095/5095/5095 5089/5089/5089 5005/5005/5005
f 5016/5016/5016 4935/4935/4935 4974/4974/4974
f 5099/5099/5099 5081/5081/5081 5065/5065/5065
f 5078/5078/5078 4980/4980/4980 5066/5066/5066
f 5076/5076/5076 4988/4988/4988 5112/5112/5112
f 4968/4968/4968 4967/4967/4967 5028/5028/5028
f 5078/5078/5078 5008/5008/5008 5086/5086/5086
f 5007/5007/5007 5072/5072/5072 5047/5047/5047
f 5021/5021/5021 4999/4999/4999 5077/5077/5077
f 5110/5110/5110 5098/5098/5098 4994/4994/4994
f 4969/4969/4969 4991/4991/4991 5034/5034/5034
f 5014/5014/5014 4980/4980/4980 4945/4945/4945
f 5076/5076/5076 4985/4985/4985 4971/4971/4971
f 5022/5022/5022 5065/5065/5065 4960/4960/4960
f 4971/4971/4971 5073/5073/5073 5080/5080/5080
f 5054/5054/5054 4982/4982/4982 5067/5067/5067
f 5039/5039/5039 5045/5045/5045 5115/5115/5115
f 5045/5045/5045 5097/5097/5097 5002/5002/5002
f 5024/5024/5024 4998/4998/4998 4972/4972/4972
f 5107/5107/5107 5071/5071/5071 5105/5105/5105
f 5078/5078/5078 5066/5066/5066 5008/5008/5008
f 5043/5043/5043 5029/5029/5029 5089/5089/5089
f 5022/5022/5022 4960/4960/4960 4961/4961/4961
f 5100/5100/5100 5068/5068/5068 5035/5035/5035
f 5094/5094/5094 5031/5031/5031 4987/4987/4987
f 5017/5017/5017 5043/5043/5043 5089/5089/5089
f 5112/5112/5112 5096/5096/5096 5014/5014/5014
f 4937/4937/4937 5069/5069/5069 4936/4936/4936
f 5062/5062/5062 5096/5096/5096 5112/5112/5112
f 4941/4941/4941 5102/5102/5102 4940/4940/4940
f 4965/4965/4965 5006/5006/5006 5085/5085/5085
f 5041/5041/5041 5035/5035/5035 5000/5000/5000
f 5003/5003/5003 5107/5107/5107 4996/4996/4996
f 5088/5088/5088 5019/5019/5019 4981/4981/4981
f 5105/5105/5105 4977/4977/4977 4996/4996/4996
f 5078/5078/5078 5086/5086/5086 5093/5093/5093
f 5108/5108/5108 4995/4995/4995 5025/5025/5025
f 5032/5032/5032 5000/5000/5000 5025/5025/5025
f 5021/5021/5021 5049/5049/5049 4976/4976/4976
f 4946/4946/4946 5014/5014/5014 4945/4945/4945
f 5011/5011/5011 5030/5030/5030 4993/4993/4993
f 5061/5061/5061 5008/5008/5008 5023/5023/5023
f 4989/4989/4989 4992/4992/4992 5082/5082/5082
f 5095/5095/5095 5085/5085/5085 5006/5006/5006
f 4949/4949/4949 5073/5073/5073 4948/4948/4948
f 5010/5010/5010 5071/5071/5071 4974/4974/4974
f 5086/5086/5086 5007/5007/5007 5047/5047/5047
f 5116/5116/5116 5034/5034/5034 5091/5091/5091
f 4998/4998/4998 5064/5064/5064 4972/4972/4972
f 5026/5026/5026 5027/5027/5027 5090/5090/5090
f 5009/5009/5009 5040/5040/5040 5058/5058/5058
f 5060/5060/5060 4951/4951/4951 4952/4952/4952
f 5041/5041/5041 5100/5100/5100 5035/5035/5035
f 5003/5003/5003 5012/5012/5012 5100/5100/5100
f 5103/5103/5103 4997/4997/4997 5060/5060/5060
f 5108/5108/5108 5099/5099/5099 5065/5065/5065
f 5006/5006/5006 5050/5050/5050 5095/5095/5095
f 5051/5051/5051 5043/5043/5043 5017/5017/5017
f 5092/5092/5092 5019/5019/5019 5044/5044/5044
f 4966/4966/4966 4983/4983/4983 5004/5004/5004
f 5082/5082/5082 5029/5029/5029 5036/5036/5036
f 5004/5004/5004 4984/4984/4984 5050/5050/5050
f 4988/4988/4988 4971/4971/4971 5103/5103/5103
f 4979/4979/4979 5114/5114/5114 5110/5110/5110
f 4977/4977/4977 4986/4986/4986 5079/5079/5079
f 4969/4969/4969 5109/5109/5109 5105/5105/5105
f 4965/4965/4965 4966/4966/4966 5004/5004/5004
f 4984/4984/4984 4983/4983/4983 4929/4929/4929
f 4973/4973/4973 5077/5077/5077 5075/5075/5075
f 4947/4947/4947 4948/4948/4948 4985/4985/4985
f 5106/5106/5106 5044/5044/5044 5027/5027/5027
f 5095/5095/5095 5005/5005/5005 5052/5052/5052
f 5037/5037/5037 5087/5087/5087 5090/5090/5090
f 5044/5044/5044 5031/5031/5031 4992/4992/4992
f 5101/5101/5101 5046/5046/5046 5054/5054/5054
f 4994/4994/4994 5001/5001/5001 4979/4979/4979
f 5101/5101/5101 5083/5083/5083 5011/5011/5011
f 5101/5101/5101 5015/5015/5015 5046/5046/5046
f 4965/4965/4965 5004/5004/5004 5006/5006/5006
f 5087/5087/5087 5026/5026/5026 5090/5090/5090
f 5039/5039/5039 4955/4955/4955 5045/5045/5045
f 5115/5115/5115 5055/5055/5055 5098/5098/5098
f 5046/5046/5046 5015/5015/5015 5092/5092/5092
f 4981/4981/4981 5019/5019/5019 5030/5030/5030
f 4943/4943/4943 4944/4944/4944 5078/5078/5078
f 5069/5069/5069 4937/4937/4937 4991/4991/4991
f 5114/5114/5114 4952/4952/4952 5110/5110/5110
f 5116/5116/5116 5109/5109/5109 5034/5034/5034
f 5098/5098/5098 5055/5055/5055 4994/4994/4994
f 5033/5033/5033 5068/5068/5068 5100/5100/5100
f 4946/4946/4946 4947/4947/4947 5112/5112/5112
f 5077/5077/5077 5059/5059/5059 5075/5075/5075
f 4978/4978/4978 5097/5097/5097 4956/4956/4956
f 5045/5045/5045 5042/5042/5042 5115/5115/5115
f 4997/4997/4997 5080/5080/5080 4950/4950/4950
f 4985/4985/4985 5076/5076/5076 4947/4947/4947
f 5058/5058/5058 5040/5040/5040 4973/4973/4973
f 5099/5099/5099 5108/5108/5108 5025/5025/5025
f 5069/5069/5069 4969/4969/4969 5010/5010/5010
f 5079/5079/5079 5023/5023/5023 5028/5028/5028
f 4932/4932/4932 4975/4975/4975 5036/5036/5036
f 4930/4930/4930 4984/4984/4984 4929/4929/4929
f 5050/5050/5050 4984/4984/4984 5017/5017/5017
f 5043/5043/5043 4931/4931/4931 5038/5038/5038
f 4930/4930/4930 5051/5051/5051 4984/4984/4984
f 4992/4992/4992 5092/5092/5092 5044/5044/5044
f 4944/4944/4944 4980/4980/4980 5078/5078/5078
f 5066/5066/5066 4968/4968/4968 5028/5028/5028
f 5034/5034/5034 4991/4991/4991 4938/4938/4938
f 5061/5061/5061 5007/5007/5007 5086/5086/5086
f 5104/5104/5104 5075/5075/5075 4988/4988/4988
f 5092/5092/5092 4989/4989/4989 5046/5046/5046
f 4934/4934/4934 4935/4935/4935 5016/5016/5016
f 5107/5107/5107 5105/5105/5105 4996/4996/4996
f 4976/4976/4976 5049/5049/5049 5056/5056/5056
f 4934/4934/4934 5054/5054/5054 5067/5067/5067
f 4999/4999/4999 5021/5021/5021 5033/5033/5033
f 5062/5062/5062 5075/5075/5075 5059/5059/5059
f 4937/4937/4937 4938/4938/4938 4991/4991/4991
f 5066/5066/5066 4980/4980/4980 4968/4968/4968
f 5109/5109/5109 4977/4977/4977 5105/5105/5105
f 5040/5040/5040 4979/4979/4979 5001/5001/5001
f 5056/5056/5056 5040/5040/5040 5001/5001/5001
f 5116/5116/5116 5061/5061/5061 5023/5023/5023
f 4934/4934/4934 5067/5067/5067 4933/4933/4933
f 4944/4944/4944 4945/4945/4945 4980/4980/4980
f 5006/5006/5006 5004/5004/5004 5050/5050/5050
f 5085/5085/5085 5052/5052/5052 4964/4964/4964
f 4967/4967/4967 5084/5084/5084 5079/5079/5079
f 5055/5055/5055 5018/5018/5018 5113/5113/5113
f 5090/5090/5090 5070/5070/5070 5057/5057/5057
f 4939/4939/4939 5072/5072/5072 5091/5091/5091
f 5036/5036/5036 5038/5038/5038 4932/4932/4932
f 4971/4971/4971 4997/4997/4997 5103/5103/5103
f 5114/5114/5114 4979/4979/4979 5009/5009/5009
f 5009/5009/5009 5060/5060/5060 5114/5114/5114
f 5088/5088/5088 5032/5032/5032 4995/4995/4995
f 4943/4943/4943 5093/5093/5093 4942/4942/4942
f 5033/5033/5033 5012/5012/5012 4999/4999/4999
f 5013/5013/5013 5066/5066/5066 5028/5028/5028
f 4995/4995/4995 5070/5070/5070 5088/5088/5088
f 5114/5114/5114 5060/5060/5060 4952/4952/4952
f 4958/4958/4958 4978/4978/4978 4957/4957/4957
f 5057/5057/5057 5022/5022/5022 5037/5037/5037
f 4963/4963/4963 5111/5111/5111 5053/5053/5053
f 4980/4980/4980 5096/5096/5096 4968/4968/4968
f 5094/5094/5094 4970/4970/4970 4992/4992/4992
f 5115/5115/5115 5098/5098/5098 4954/4954/4954
f 5028/5028/5028 4967/4967/4967 5079/5079/5079
f 4936/4936/4936 4974/4974/4974 4935/4935/4935
f 5095/5095/5095 5017/5017/5017 5089/5089/5089
f 4970/4970/4970 5029/5029/5029 5082/5082/5082
f 5049/5049/5049 4973/4973/4973 5040/5040/5040
f 4990/4990/4990 5025/5025/5025 5000/5000/5000
f 5111/5111/5111 5074/5074/5074 5053/5053/5053
f 5065/5065/5065 5057/5057/5057 5108/5108/5108
f 5032/5032/5032 5088/5088/5088 4981/4981/4981
f 5005/5005/5005 5089/5089/5089 4970/4970/4970
f 5048/5048/5048 4978/4978/4978 5081/5081/5081
f 5084/5084/5084 4999/4999/4999 5012/5012/5012
f 5068/5068/5068 5018/5018/5018 5024/5024/5024
f 5083/5083/5083 4974/4974/4974 5071/5071/5071
f 5023/5023/5023 4986/4986/4986 5116/5116/5116
f 5003/5003/5003 5030/5030/5030 5107/5107/5107
f 5011/5011/5011 4993/4993/4993 5101/5101/5101
f 5029/5029/5029 5043/5043/5043 5038/5038/5038
f 5081/5081/5081 4958/4958/4958 4959/4959/4959
f 4932/4932/4932 4933/4933/4933 4975/4975/4975
f 4970/4970/4970 5089/5089/5089 5029/5029/5029
f 4970/4970/4970 5094/5094/5094 5074/5074/5074
f 5048/5048/5048 5020/5020/5020 4972/4972/4972
f 5019/5019/5019 4993/4993/4993 5030/5030/5030
f 5096/5096/5096 5062/5062/5062 5059/5059/5059
f 5059/5059/5059 4968/4968/4968 5096/5096/5096
f 5070/5070/5070 5027/5027/5027 5088/5088/5088
f 5009/5009/5009 5058/5058/5058 5104/5104/5104
f 5108/5108/5108 5057/5057/5057 4995/4995/4995
f 5048/5048/5048 5002/5002/5002 5097/5097/5097
f 5085/5085/5085 5095/5095/5095 5052/5052/5052
f 5037/5037/5037 5022/5022/5022 4961/4961/4961
f 5111/5111/5111 5005/5005/5005 5074/5074/5074
f 4963/4963/4963 4964/4964/4964 5111/5111/5111
f 5039/5039/5039 5115/5115/5115 4954/4954/4954
f 5097/5097/5097 4978/4978/4978 5048/5048/5048
f 4989/4989/4989 4982/4982/4982 5046/5046/5046
f 5095/5095/5095 5050/5050/5050 5017/5017/5017
f 4969/4969/4969 5069/5069/5069 4991/4991/4991
f 5116/5116/5116 4986/4986/4986 5109/5109/5109
f 5045/5045/5045 4955/4955/4955 5097/5097/5097
f 4972/4972/4972 4990/4990/4990 5000/5000/5000
f 4967/4967/4967 4999/4999/4999 5084/5084/5084
f 5093/5093/5093 4943/4943/4943 5078/5078/5078
f 4970/4970/4970 5082/5082/5082 4992/4992/4992
f 5044/5044/5044 5088/5088/5088 5027/5027/5027
f 4983/4983/4983 4966/4966/4966 4928/4928/4928
f 5015/5015/5015 5019/5019/5019 5092/5092/5092
f 5026/5026/5026 4987/4987/4987 5106/5106/5106
f 5036/5036/5036 4975/4975/4975 4989/4989/4989
f 4995/4995/4995 5057/5057/5057 5070/5070/5070
f 5087/5087/5087 5063/5063/5063 5026/5026/5026
f 5020/5020/5020 4990/4990/4990 4972/4972/4972
f 5041/5041/5041 4981/4981/4981 5030/5030/5030
f 4953/4953/4953 4954/4954/4954 5098/5098/5098
f 4967/4967/4967 5077/5077/5077 4999/4999/4999
f 4972/4972/4972 5000/5000/5000 5024/5024/5024
f 5075/5075/5075 5062/5062/5062 4988/4988/4988
f 5018/5018/5018 4976/4976/4976 5056/5056/5056
f 4987/4987/4987 5031/5031/5031 5106/5106/5106
f 5077/5077/5077 4973/4973/4973 5049/5049/5049
f 5084/5084/5084 5012/5012/5012 4996/4996/4996
f 5041/5041/5041 5030/5030/5030 5100/5100/5100
f 5021/5021/5021 4976/4976/4976 5033/5033/5033
f 5055/5055/5055 5042/5042/5042 4998/4998/4998
f 4959/4959/4959 5065/5065/5065 5081/5081/5081
f 5047/5047/5047 5072/5072/5072 5102/5102/5102
f 4939/4939/4939 5091/5091/5091 4938/4938/4938
f 4946/4946/4946 5112/5112/5112 5014/5014/5014
f 5072/5072/5072 5007/5007/5007 5091/5091/5091
f 5044/5044/5044 5019/5019/5019 5088/5088/5088
f 5087/5087/5087 5037/5037/5037 4961/4961/4961
f 5002/5002/5002 5048/5048/5048 5064/5064/5064
f 5020/5020/5020 5081/5081/5081 5099/5099/5099
f 5056/5056/5056 5049/5049/5049 5040/5040/5040
f 5097/5097/5097 4955/4955/4955 4956/4956/4956
f 5013/5013/5013 5008/5008/5008 5066/5066/5066
f 4980/4980/4980 5014/5014/5014 5096/5096/5096
f 5012/5012/5012 5003/5003/5003 4996/4996/4996
f 4977/4977/4977 5109/5109/5109 4986/4986/4986
f 5035/5035/5035 5068/5068/5068 5024/5024/5024
f 5030/5030/5030 5003/5003/5003 5100/5100/5100
f 5016/5016/5016 4974/4974/4974 5083/5083/5083
f 5054/5054/5054 5046/5046/5046 4982/4982/4982
f 5065/5065/5065 5022/5022/5022 5057/5057/5057
f 5000/5000/5000 5032/5032/5032 5041/5041/5041
f 4971/4971/4971 4988/4988/4988 5076/5076/5076
f 5019/5019/5019 5015/5015/5015 4993/4993/4993
f 5105/5105/5105 5071/5071/5071 5010/5010/5010
f 5061/5061/5061 5091/5091/5091 5007/5007/5007
f 4949/4949/4949 4950/4950/4950 5073/5073/5073
f 5076/5076/5076 5112/5112/5112 4947/4947/4947
f 5052/5052/5052 5005/5005/5005 5111/5111/5111
f 5068/5068/5068 4976/4976/4976 5018/5018/5018
f 5103/5103/5103 5060/5060/5060 5009/5009/5009
f 5055/5055/5055 4998/4998/4998 5018/5018/5018
f 5079/5079/5079 5084/5084/5084 4977/4977/4977
f 4988/4988/4988 5062/5062/5062 5112/5112/5112
f 4994/4994/4994 5055/5055/5055 5113/5113/5113
f 5064/5064/5064 5048/5048/5048 4972/4972/4972
f 4942/4942/4942 5047/5047/5047 5102/5102/5102
f 5091/5091/5091 5034/5034/5034 4938/4938/4938
f 5032/5032/5032 5025/5025/5025 4995/4995/4995
f 5059/5059/5059 5077/5077/5077 4967/4967/4967
f 4951/4951/4951 5060/5060/5060 4997/4997/4997
f 5073/5073/5073 4985/4985/4985 4948/4948/4948
f 4978/4978/4978 4958/4958/4958 5081/5081/5081
f 4998/4998/4998 5024/5024/5024 5018/5018/5018
f 5031/5031/5031 5094/5094/5094 4992/4992/4992
f 4982/4982/4982 4975/4975/4975 4933/4933/4933
f 5034/5034/5034 5109/5109/5109 4969/4969/4969
f 5023/5023/5023 5008/5008/5008 5013/5013/5013
f 5080/5080/5080 5073/5073/5073 4950/4950/4950
f 4994/4994/4994 4979/4979/4979 5110/5110/5110
f 4965/4965/4965 5085/5085/5085 4964/4964/4964
f 5026/5026/5026 5106/5106/5106 5027/5027/5027
f 5042/5042/5042 5055/5055/5055 5115/5115/5115
f 4941/4941/4941 4942/4942/4942 5102/5102/5102
f 5035/5035/5035 5024/5024/5024 5000/5000/5000
f 5026/5026/5026 5063/5063/5063 4987/4987/4987
f 5038/5038/5038 4931/4931/4931 4932/4932/4932
f 4978/4978/4978 4956/4956/4956 4957/4957/4957
f 5063/5063/5063 5087/5087/5087 4962/4962/4962
f 4963/4963/4963 5053/5053/5053 4962/4962/4962
f 5063/5063/5063 4962/4962/4962 5053/5053/5053
f 5065/5065/5065 4959/4959/4959 4960/4960/4960
f 5093/5093/5093 5047/5047/5047 4942/4942/4942
f 4993/4993/4993 5015/5015/5015 5101/5101/5101
f 4934/4934/4934 5016/5016/5016 5054/5054/5054
f 5045/5045/5045 5002/5002/5002 5042/5042/5042
f 5042/5042/5042 5002/5002/5002 5064/5064/5064
f 4969/4969/4969 5105/5105/5105 5010/5010/5010
f 4987/4987/4987 5053/5053/5053 5074/5074/5074
f 5063/5063/5063 5053/5053/5053 4987/4987/4987
f 5037/5037/5037 5090/5090/5090 5057/5057/5057
f 5051/5051/5051 4930/4930/4930 4931/4931/4931
f 5110/5110/5110 4952/4952/4952 4953/4953/4953
f 5058/5058/5058 4973/4973/4973 5075/5075/5075
f 4998/4998/4998 5042/5042/5042 5064/5064/5064
f 4994/4994/4994 5113/5113/5113 5001/5001/5001
f 5104/5104/5104 5103/5103/5103 5009/5009/5009
f 5098/5098/5098 5110/5110/5110 4953/4953/4953
f 5020/5020/5020 5048/5048/5048 5081/5081/5081
f 5011/5011/5011 5071/5071/5071 5107/5107/5107
f 4989/4989/4989 4975/4975/4975 4982/4982/4982
f 5100/5100/5100 5012/5012/5012 5033/5033/5033
f 5038/5038/5038 5036/5036/5036 5029/5029/5029
f 5025/5025/5025 4990/4990/4990 5099/5099/5099
f 5101/5101/5101 5054/5054/5054 5016/5016/5016
f 5102/5102/5102 5072/5072/5072 4940/4940/4940
f 5113/5113/5113 5056/5056/5056 5001/5001/5001
f 4997/4997/4997 4971/4971/4971 5080/5080/5080
f 5104/5104/5104 5058/5058/5058 5075/5075/5075
f 5049/5049/5049 5021/5021/5021 5077/5077/5077
f 5031/5031/5031 5044/5044/5044 5106/5106/5106
f 4970/4970/4970 5074/5074/5074 5005/5005/5005
f 5090/5090/5090 5027/5027/5027 5070/5070/5070
f 4989/4989/4989 5082/5082/5082 5036/5036/5036
f 5083/5083/5083 5071/5071/5071 5011/5011/5011
f 5030/5030/5030 5011/5011/5011 5107/5107/5107
f 5083/5083/5083 5101/5101/5101 5016/5016/5016
f 4989/4989/4989 5092/5092/5092 4992/4992/4992
f 4986/4986/4986 5023/5023/5023 5079/5079/5079
f 5067/5067/5067 4982/4982/4982 4933/4933/4933
f 5018/5018/5018 5056/5056/5056 5113/5113/5113
f 5033/5033/5033 4976/4976/4976 5068/5068/5068
f 4987/4987/4987 5074/5074/5074 5094/5094/5094
f 4990/4990/4990 5020/5020/5020 5099/5099/5099
f 4968/4968/4968 5059/5059/5059 4967/4967/4967
f 4971/4971/4971 4985/4985/4985 5073/5073/5073
f 5103/5103/5103 5104/5104/5104 4988/4988/4988
f 5008/5008/5008 5061/5061/5061 5086/5086/5086
f 4950/4950/4950 4951/4951/4951 4997/4997/4997
f 4955/4955/4955 5039/5039/5039 4954/4954/4954
f 5040/5040/5040 5009/5009/5009 4979/4979/4979
f 5069/5069/5069 4974/4974/4974 4936/4936/4936
f 5013/5013/5013 5028/5028/5028 5023/5023/5023
f 5069/5069/5069 5010/5010/5010 4974/4974/4974
f 5151/5151/5151 5143/5143/5143 5125/5125/5125
f 5136/5136/5136 5117/5117/5117 5118/5118/5118
f 5130/5130/5130 5143/5143/5143 5129/5129/5129
f 5119/5119/5119 5145/5145/5145 5149/5149/5149
f 5142/5142/5142 5133/5133/5133 5147/5147/5147
f 5130/5130/5130 5131/5131/5131 5148/5148/5148
f 5143/5143/5143 5148/5148/5148 5124/5124/5124
f 5136/5136/5136 5118/5118/5118 5150/5150/5150
f 5135/5135/5135 5150/5150/5150 5149/5149/5149
f 5132/5132/5132 5142/5142/5142 5144/5144/5144
f 5148/5148/5148 5131/5131/5131 5144/5144/5144
f 5126/5126/5126 5127/5127/5127 5151/5151/5151
f 5148/5148/5148 5123/5123/5123 5124/5124/5124
f 5134/5134/5134 5145/5145/5145 5147/5147/5147
f 5144/5144/5144 5131/5131/5131 5132/5132/5132
f 5123/5123/5123 5144/5144/5144 5122/5122/5122
f 5142/5142/5142 5132/5132/5132 5133/5133/5133
f 5129/5129/5129 5127/5127/5127 5128/5128/5128
f 5136/5136/5136 5137/5137/5137 5117/5117/5117
f 5137/5137/5137 5141/5141/5141 5117/5117/5117
f 5138/5138/5138 5141/5141/5141 5137/5137/5137
f 5146/5146/5146 5138/5138/5138 5139/5139/5139
f 5138/5138/5138 5140/5140/5140 5141/5141/5141
f 5151/5151/5151 5127/5127/5127 5129/5129/5129
f 5122/5122/5122 5142/5142/5142 5121/5121/5121
f 5151/5151/5151 5125/5125/5125 5126/5126/5126
f 5121/5121/5121 5142/5142/5142 5147/5147/5147
f 5150/5150/5150 5135/5135/5135 5136/5136/5136
f 5149/5149/5149 5145/5145/5145 5134/5134/5134
f 5150/5150/5150 5119/5119/5119 5149/5149/5149
f 5147/5147/5147 5133/5133/5133 5134/5134/5134
f 5140/5140/5140 5138/5138/5138 5146/5146/5146
f 5140/5140/5140 5146/5146/5146 5139/5139/5139
f 5121/5121/5121 5147/5147/5147 5120/5120/5120
f 5124/5124/5124 5125/5125/5125 5143/5143/5143
f 5148/5148/5148 5143/5143/5143 5130/5130/5130
f 5143/5143/5143 5151/5151/5151 5129/5129/5129
f 5135/5135/5135 5149/5149/5149 5134/5134/5134
f 5144/5144/5144 5142/5142/5142 5122/5122/5122
f 5150/5150/5150 5118/5118/5118 5119/5119/5119
f 5120/5120/5120 5145/5145/5145 5119/5119/5119
f 5148/5148/5148 5144/5144/5144 5123/5123/5123
f 5147/5147/5147 5145/5145/5145 5120/5120/5120
f 5185/5185/5185 5154/5154/5154 5173/5173/5173
f 5185/5185/5185 5176/5176/5176 5152/5152/5152
f 5154/5154/5154 5155/5155/5155 5172/5172/5172
f 5158/5158/5158 5179/5179/5179 5157/5157/5157
f 5186/5186/5186 5182/5182/5182 5168/5168/5168
f 5169/5169/5169 5186/5186/5186 5168/5168/5168
f 5157/5157/5157 5179/5179/5179 5183/5183/5183
f 5160/5160/5160 5177/5177/5177 5181/5181/5181
f 5162/5162/5162 5163/5163/5163 5184/5184/5184
f 5182/5182/5182 5181/5181/5181 5167/5167/5167
f 5162/5162/5162 5184/5184/5184 5178/5178/5178
f 5163/5163/5163 5164/5164/5164 5165/5165/5165
f 5178/5178/5178 5166/5166/5166 5177/5177/5177
f 5159/5159/5159 5160/5160/5160 5181/5181/5181
f 5171/5171/5171 5172/5172/5172 5183/5183/5183
f 5180/5180/5180 5166/5166/5166 5178/5178/5178
f 5165/5165/5165 5166/5166/5166 5180/5180/5180
f 5171/5171/5171 5183/5183/5183 5170/5170/5170
f 5183/5183/5183 5155/5155/5155 5156/5156/5156
f 5172/5172/5172 5173/5173/5173 5154/5154/5154
f 5185/5185/5185 5174/5174/5174 5176/5176/5176
f 5174/5174/5174 5175/5175/5175 5176/5176/5176
f 5174/5174/5174 5185/5185/5185 5173/5173/5173
f 5179/5179/5179 5158/5158/5158 5186/5186/5186
f 5184/5184/5184 5165/5165/5165 5180/5180/5180
f 5163/5163/5163 5165/5165/5165 5184/5184/5184
f 5162/5162/5162 5178/5178/5178 5161/5161/5161
f 5172/5172/5172 5155/5155/5155 5183/5183/5183
f 5166/5166/5166 5167/5167/5167 5177/5177/5177
f 5178/5178/5178 5177/5177/5177 5161/5161/5161
f 5183/5183/5183 5179/5179/5179 5170/5170/5170
f 5181/5181/5181 5177/5177/5177 5167/5167/5167
f 5184/5184/5184 5180/5180/5180 5178/5178/5178
f 5158/5158/5158 5159/5159/5159 5186/5186/5186
f 5170/5170/5170 5179/5179/5179 5169/5169/5169
f 5159/5159/5159 5182/5182/5182 5186/5186/5186
f 5156/5156/5156 5157/5157/5157 5183/5183/5183
f 5169/5169/5169 5179/5179/5179 5186/5186/5186
f 5161/5161/5161 5177/5177/5177 5160/5160/5160
f 5185/5185/5185 5153/5153/5153 5154/5154/5154
f 5152/5152/5152 5153/5153/5153 5185/5185/5185
f 5167/5167/5167 5168/5168/5168 5182/5182/5182
f 5181/5181/5181 5182/5182/5182 5159/5159/5159
f 5188/5188/5188 5189/5189/5189 5190/5190/5190
f 5187/5187/5187 5188/5188/5188 5190/5190/5190
f 5191/5191/5191 5187/5187/5187 5190/5190/5190
f 5244/5244/5244 5197/5197/5197 5237/5237/5237
f 5229/5229/5229 5217/5217/5217 5234/5234/5234
f 5231/5231/5231 5193/5193/5193 5225/5225/5225
f 5242/5242/5242 5224/5224/5224 5194/5194/5194
f 5230/5230/5230 5236/5236/5236 5235/5235/5235
f 5243/5243/5243 5199/5199/5199 5245/5245/5245
f 5228/5228/5228 5198/5198/5198 5199/5199/5199
f 5229/5229/5229 5202/5202/5202 5227/5227/5227
f 5200/5200/5200 5201/5201/5201 5232/5232/5232
f 5245/5245/5245 5219/5219/5219 5243/5243/5243
f 5238/5238/5238 5212/5212/5212 5206/5206/5206
f 5210/5210/5210 5208/5208/5208 5209/5209/5209
f 5211/5211/5211 5208/5208/5208 5210/5210/5210
f 5207/5207/5207 5208/5208/5208 5211/5211/5211
f 5207/5207/5207 5211/5211/5211 5212/5212/5212
f 5206/5206/5206 5212/5212/5212 5213/5213/5213
f 5206/5206/5206 5213/5213/5213 5205/5205/5205
f 5246/5246/5246 5234/5234/5234 5217/5217/5217
f 5241/5241/5241 5233/5233/5233 5214/5214/5214
f 5217/5217/5217 5229/5229/5229 5216/5216/5216
f 5241/5241/5241 5204/5204/5204 5233/5233/5233
f 5214/5214/5214 5215/5215/5215 5241/5241/5241
f 5234/5234/5234 5202/5202/5202 5229/5229/5229
f 5219/5219/5219 5245/5245/5245 5218/5218/5218
f 5239/5239/5239 5198/5198/5198 5228/5228/5228
f 5235/5235/5235 5222/5222/5222 5223/5223/5223
f 5221/5221/5221 5244/5244/5244 5237/5237/5237
f 5195/5195/5195 5196/5196/5196 5230/5230/5230
f 5235/5235/5235 5242/5242/5242 5195/5195/5195
f 5242/5242/5242 5194/5194/5194 5195/5195/5195
f 5193/5193/5193 5194/5194/5194 5224/5224/5224
f 5193/5193/5193 5224/5224/5224 5225/5225/5225
f 5231/5231/5231 5226/5226/5226 5192/5192/5192
f 5192/5192/5192 5226/5226/5226 5191/5191/5191
f 5226/5226/5226 5187/5187/5187 5191/5191/5191
f 5233/5233/5233 5213/5213/5213 5214/5214/5214
f 5233/5233/5233 5204/5204/5204 5205/5205/5205
f 5199/5199/5199 5243/5243/5243 5228/5228/5228
f 5243/5243/5243 5219/5219/5219 5240/5240/5240
f 5203/5203/5203 5204/5204/5204 5241/5241/5241
f 5203/5203/5203 5241/5241/5241 5227/5227/5227
f 5196/5196/5196 5236/5236/5236 5230/5230/5230
f 5223/5223/5223 5242/5242/5242 5235/5235/5235
f 5226/5226/5226 5231/5231/5231 5225/5225/5225
f 5192/5192/5192 5193/5193/5193 5231/5231/5231
f 5237/5237/5237 5220/5220/5220 5221/5221/5221
f 5234/5234/5234 5232/5232/5232 5201/5201/5201
f 5213/5213/5213 5233/5233/5233 5205/5205/5205
f 5227/5227/5227 5215/5215/5215 5216/5216/5216
f 5227/5227/5227 5202/5202/5202 5203/5203/5203
f 5229/5229/5229 5227/5227/5227 5216/5216/5216
f 5222/5222/5222 5244/5244/5244 5221/5221/5221
f 5235/5235/5235 5195/5195/5195 5230/5230/5230
f 5236/5236/5236 5222/5222/5222 5235/5235/5235
f 5197/5197/5197 5239/5239/5239 5237/5237/5237
f 5223/5223/5223 5224/5224/5224 5242/5242/5242
f 5245/5245/5245 5232/5232/5232 5246/5246/5246
f 5207/5207/5207 5238/5238/5238 5206/5206/5206
f 5207/5207/5207 5212/5212/5212 5238/5238/5238
f 5244/5244/5244 5196/5196/5196 5197/5197/5197
f 5220/5220/5220 5240/5240/5240 5219/5219/5219
f 5239/5239/5239 5240/5240/5240 5220/5220/5220
f 5217/5217/5217 5218/5218/5218 5246/5246/5246
f 5234/5234/5234 5246/5246/5246 5232/5232/5232
f 5227/5227/5227 5241/5241/5241 5215/5215/5215
f 5228/5228/5228 5240/5240/5240 5239/5239/5239
f 5245/5245/5245 5199/5199/5199 5200/5200/5200
f 5239/5239/5239 5220/5220/5220 5237/5237/5237
f 5243/5243/5243 5240/5240/5240 5228/5228/5228
f 5236/5236/5236 5196/5196/5196 5244/5244/5244
f 5244/5244/5244 5222/5222/5222 5236/5236/5236
f 5245/5245/5245 5200/5200/5200 5232/5232/5232
f 5239/5239/5239 5197/5197/5197 5198/5198/5198
f 5202/5202/5202 5234/5234/5234 5201/5201/5201
f 5246/5246/5246 5218/5218/5218 5245/5245/5245

